Name,Team,G,PA,AB,H,1B,2B,3B,HR,R,RBI,BB,IBB,SO,HBP,SF,SH,GDP,SB,CS,AVG,BB%,K%,BB/K,OBP,SLG,wOBA,OPS,ISO,Spd,BABIP,UBR,wSB,wRC,wRAA,wRC+,BsR,Fld,Off,Def,WAR,ADP,InterSD,InterSK,IntraSD,Vol,Skew,Dim,FPTS,FPTS/G,SPTS,SPTS/G,P10,P20,P30,P40,P50,P60,P70,P80,P90,TT10,TT20,TT30,TT40,TT50,TT60,TT70,TT80,TT90,NameASCII,PlayerId,MLBAMID
"Aaron Judge","NYY",149,644,527,160,82,26,1,52,112,126,107,7,157,6,5,0,,11,2,0.30431,0.166018,0.243157,0.682759,0.423652,0.651177,0.446788,1.07483,0.346867,3.92562,0.336378,-1.32049,-0.106314,146.018,69.9247,193.448,-1.42681,4.51945,69.50282752513885,-2.680551052093506,9.10456,1.850000023841858,,,,,,,1293.2,8.67919463,1293.2,8.67919463,,,,,,,,,,,,,,,,,,,"Aaron Judge","15640",592450
"Bobby Witt Jr.","KCR",157,679,615,186,109,38,7,32,110,104,52,4,109,7,5,0,,35,11,0.302308,0.0763275,0.160536,0.475455,0.360557,0.543732,0.382873,0.904289,0.241425,7.00259,0.32129,2.12478,1.65443,118.718,38.4892,145.274,3.77921,9.69313,40.01084589958191,16.968125820159912,8.22071,3.0999999046325684,,,,,,,1090.2,6.943949044,1090.2,6.943949044,,,,,,,,,,,,,,,,,,,"Bobby Witt Jr.","25764",677951
"Juan Soto","NYM",159,686,557,158,91,27,2,39,111,107,121,6,119,4,5,0,,22,8,0.284685,0.176264,0.173872,1.01376,0.41248,0.547678,0.408472,0.960158,0.262993,4.69114,0.296904,-0.72028,-0.125942,134.2,53.1438,168.702,-0.846223,-2.32464,55.01233595609665,-9.874644041061401,6.95327,4.599999904632568,,,,,,,1178.5,7.411949685,1178.5,7.411949685,,,,,,,,,,,,,,,,,,,"Juan Soto","20123",665742
"Shohei Ohtani","LAD",157,679,582,168,84,29,6,50,124,122,88,6,164,5,5,0,,25,7,0.288615,0.129253,0.241945,0.534223,0.383518,0.614842,0.416603,0.99836,0.326227,6.69599,0.317245,0.0862368,0.876483,137.313,57.084,171.48,0.962719,0,58.48699605464935,-16.975000381469727,6.55849,1.2599999904632568,,,,,,,1254,7.987261146,1254,7.987261146,,,,,,,,,,,,,,,,,,,"Shohei Ohtani","19755",660271
"Gunnar Henderson","BAL",156,672,590,166,97,34,6,28,109,98,71,3,143,6,5,0,,24,5,0.281191,0.105481,0.212674,0.495972,0.361501,0.503591,0.369604,0.865092,0.2224,6.73467,0.325266,1.60662,1.5792,110.255,30.8533,140.595,3.18582,-2.32845,35.338160276412964,4.871553897857666,6.48036,12.3100004196167,,,,,,,998.2,6.398717948,998.2,6.398717948,,,,,,,,,,,,,,,,,,,"Gunnar Henderson","26289",683002
"Cal Raleigh","SEA",159,637,554,134,72,25,1,37,85,100,73,3,167,6,4,0,,9,3,0.2425,0.115285,0.262289,0.439534,0.335025,0.488543,0.352001,0.823569,0.246044,3.5778,0.275546,-1.68041,-0.429225,95.4687,20.155,133.556,-2.10964,10.586,23.099125862121582,17.735992908477783,6.4225,17.950000762939453,,,,,,,868.1,5.459748427,868.1,5.459748427,,,,,,,,,,,,,,,,,,,"Cal Raleigh","21534",663728
"Julio Rodríguez","SEA",159,686,621,175,112,32,3,29,95,98,51,4,148,10,5,0,,29,7,0.282528,0.0745203,0.215855,0.345232,0.343995,0.484183,0.354488,0.828178,0.201654,5.83817,0.325751,0.640145,1.83443,104.133,23.0766,135.269,2.47458,2.45065,30.99037790298462,4.700649738311768,6.06734,9.550000190734863,,,,,,,960,6.037735849,960,6.037735849,,,,,,,,,,,,,,,,,,,"Julio Rodriguez","23697",677594
"Fernando Tatis Jr.","SDP",156,672,590,161,98,31,1,31,93,93,71,4,133,6,5,0,,26,6,0.272696,0.105516,0.197797,0.533454,0.354243,0.48599,0.36046,0.840233,0.213294,5.04156,0.301838,0.666263,1.63295,105.266,25.8639,136.25,2.29921,10.7689,31.170999765396118,3.3688998222351074,5.82133,14.149999618530273,,,,,,,962.2,6.167948717,962.2,6.167948717,,,,,,,,,,,,,,,,,,,"Fernando Tatis Jr.","19709",665487
"Ronald Acuña Jr.","ATL",151,651,553,161,99,28,2,32,100,97,85,4,133,8,5,0,,25,6,0.290712,0.130408,0.204615,0.637334,0.390049,0.52122,0.389801,0.911269,0.230508,5.25999,0.3281,1.37275,1.42196,117.485,40.5641,152.141,2.7947,-1.35226,43.02477312088013,-9.127261757850647,5.68412,5.440000057220459,,,,,,,1051.7,6.964900662,1051.7,6.964900662,,,,,,,,,,,,,,,,,,,"Ronald Acuna Jr.","18401",660670
"Alejandro Kirk","TOR",125,495,437,121,83,22,0,16,61,60,50,2,58,4,3,1,,1,0,0.277186,0.100382,0.116419,0.862248,0.353418,0.435352,0.343325,0.78877,0.158165,2.40453,0.287504,-1.82365,-0.774255,70.596,12.1552,121.651,-2.59791,16.3466,10.02334976196289,25.071598052978516,5.33235,157.88999938964844,,,,,,,618.7,4.9496,618.7,4.9496,,,,,,,,,,,,,,,,,,,"Alejandro Kirk","22581",672386
"Elly De La Cruz","CIN",156,672,601,160,93,32,8,27,101,90,62,3,184,4,5,1,,41,11,0.265788,0.0927681,0.273186,0.339579,0.336011,0.480259,0.348961,0.81627,0.214471,7.79547,0.335757,2.16878,2.82335,98.9923,19.5904,119.755,4.99213,0.977361,20.725927352905273,7.927360951900482,5.21905,8.550000190734863,,,,,,,932.3,5.976282051,932.3,5.976282051,,,,,,,,,,,,,,,,,,,"Elly De La Cruz","26668",682829
"Corey Seager","TEX",131,567,498,137,82,26,0,29,77,86,60,3,103,5,4,0,,3,1,0.275877,0.105775,0.18196,0.581308,0.356996,0.505264,0.368478,0.862259,0.229387,2.79098,0.292695,-1.09096,-0.712084,92.5093,25.5139,139.78,-1.80305,2.05366,24.780827164649963,6.378655910491943,5.18466,95.48999786376953,,,,,,,815.1,6.222137404,815.1,6.222137404,,,,,,,,,,,,,,,,,,,"Corey Seager","13624",608369
"Vladimir Guerrero Jr.","TOR",157,679,592,180,111,35,1,33,98,105,75,5,91,6,5,0,,6,3,0.303501,0.111092,0.134213,0.82773,0.385353,0.530698,0.390694,0.916051,0.227197,3.00586,0.310747,-0.507971,-1.19878,123.03,42.8008,154.282,-1.70675,-2.61101,41.733792424201965,-14.936009645462036,5.1328,18.3700008392334,,,,,,,1079.4,6.875159235,1079.4,6.875159235,,,,,,,,,,,,,,,,,,,"Vladimir Guerrero Jr.","19611",665489
"Yordan Alvarez","HOU",130,560,482,145,83,28,1,33,87,95,67,4,95,8,4,0,,5,2,0.301473,0.119508,0.169093,0.706758,0.392271,0.569197,0.406613,0.961468,0.267724,3.42071,0.314254,-0.925118,-0.708654,108.706,42.5377,165.22,-1.63377,1.05226,41.41280913352966,-10.747735738754272,5.10942,33.0099983215332,,,,,,,956,7.353846153,956,7.353846153,,,,,,,,,,,,,,,,,,,"Yordan Alvarez","19556",670541
"Corbin Carroll","ARI",147,637,556,146,82,29,11,24,112,81,67,3,133,10,4,0,,35,7,0.263221,0.104857,0.20865,0.502552,0.349654,0.485615,0.357355,0.835269,0.222394,8.50394,0.303319,2.71167,2.93015,98.1775,22.911,129.4,5.64182,6.24875,27.838430404663086,-0.376248836517334,4.97805,14.649999618530273,,,,,,,911.9,6.20340136,911.9,6.20340136,,,,,,,,,,,,,,,,,,,"Corbin Carroll","25878",682998
"William Contreras","MIL",152,610,532,142,92,29,1,20,77,77,69,2,119,4,4,1,,7,2,0.267265,0.113366,0.195832,0.578891,0.353375,0.43797,0.344228,0.791346,0.170705,3.37117,0.307764,-0.664663,-0.639664,87.5147,15.4385,122.147,-1.30433,5.95157,14.707205772399902,13.501574039459229,4.96253,55.25,,,,,,,767.7,5.050657894,767.7,5.050657894,,,,,,,,,,,,,,,,,,,"William Contreras","20503",661388
"Kyle Tucker","LAD",151,651,561,152,89,31,2,30,95,96,82,4,96,4,5,0,,24,4,0.270976,0.125892,0.148085,0.85013,0.364858,0.494107,0.368326,0.858965,0.223132,5.38881,0.277485,0.0315115,2.04618,106.134,29.2135,138.41,2.0777,1.53386,31.713356494903564,-5.4411362409591675,4.90396,13.210000038146973,,,,,,,965.9,6.396688741,965.9,6.396688741,,,,,,,,,,,,,,,,,,,"Kyle Tucker","18345",663656
"José Ramírez","CLE",157,679,605,160,99,34,3,23,88,86,65,3,82,5,5,0,,38,8,0.263828,0.095447,0.120703,0.790761,0.337438,0.444327,0.337879,0.781765,0.180499,5.84861,0.270615,-0.0928975,3.01434,93.9139,13.6849,118.48,2.92144,4.57248,17.710931301116943,5.197475433349609,4.73487,6,,,,,,,882.7,5.622292993,882.7,5.622292993,,,,,,,,,,,,,,,,,,,"Jose Ramirez","13510",608070
"Junior Caminero","TBR",154,665,612,169,101,30,3,36,90,102,43,3,130,4,5,0,,5,3,0.276261,0.065245,0.194898,0.334764,0.32641,0.509655,0.354628,0.836065,0.233395,3.82822,0.295458,-0.0842107,-1.05969,101.021,22.4459,127.952,-1.1439,-0.150328,20.763935208320618,1.6246722340583801,4.63239,16.700000762939453,,,,,,,919,5.967532467,919,5.967532467,,,,,,,,,,,,,,,,,,,"Junior Caminero","28163",691406
"Francisco Lindor","NYM",151,651,579,147,92,28,1,25,83,84,57,2,123,11,5,0,,25,6,0.253533,0.0879776,0.188418,0.466927,0.32964,0.436637,0.33211,0.766278,0.183105,5.19105,0.279145,-0.562842,1.55035,86.9923,10.0716,116.392,0.987508,3.49224,13.635383486747742,9.96723747253418,4.63082,26.239999771118164,,,,,,,800.8,5.303311258,800.8,5.303311258,,,,,,,,,,,,,,,,,,,"Francisco Lindor","12916",596019
"Pete Crow-Armstrong","CHC",149,644,592,151,90,30,6,25,88,85,37,2,155,9,5,1,,37,10,0.255011,0.0569907,0.240556,0.236913,0.306493,0.451719,0.324739,0.758212,0.196708,7.42953,0.302894,1.1393,2.39132,82.2026,6.10908,109.834,3.53062,10.1753,11.03665018081665,12.475308179855347,4.59772,32.29999923706055,,,,,,,790.1,5.302684563,790.1,5.302684563,,,,,,,,,,,,,,,,,,,"Pete Crow-Armstrong","27769",691718
"Wyatt Langford","TEX",149,644,560,144,87,29,2,26,87,85,74,3,145,5,5,0,,23,6,0.257952,0.115162,0.224992,0.511851,0.347915,0.45698,0.347859,0.804894,0.199028,5.48234,0.301169,0.694551,1.16217,94.2915,18.198,125.576,1.85673,4.75598,21.27000057697296,1.455977439880371,4.59295,40.54999923706055,,,,,,,850.2,5.706040268,850.2,5.706040268,,,,,,,,,,,,,,,,,,,"Wyatt Langford","33333",694671
"Austin Riley","ATL",156,672,606,165,98,32,2,33,92,104,52,3,171,9,5,0,,3,2,0.271965,0.077981,0.253942,0.307082,0.336366,0.495376,0.354975,0.831742,0.223411,3.2986,0.323206,-0.0974533,-1.10335,102.274,22.8716,128.284,-1.20081,-1.53516,21.326000809669495,0.46484267711639404,4.51694,62.310001373291016,,,,,,,915.5,5.868589743,915.5,5.868589743,,,,,,,,,,,,,,,,,,,"Austin Riley","18360",663586
"Ketel Marte","ARI",147,637,559,150,91,31,2,25,87,85,67,3,108,7,4,0,,6,2,0.267782,0.105049,0.169961,0.618077,0.350479,0.466607,0.352137,0.817086,0.198825,3.9628,0.28927,-0.105035,-0.572785,95.479,20.2125,125.826,-0.67782,2.34209,18.820287585258484,2.4170923233032227,4.34117,32.25,,,,,,,845.1,5.748979591,845.1,5.748979591,,,,,,,,,,,,,,,,,,,"Ketel Marte","13613",606466
"Zach Neto","LAA",154,665,594,152,91,32,1,28,84,90,48,2,159,18,5,1,,30,10,0.255858,0.0723349,0.238401,0.303418,0.32764,0.45482,0.337528,0.78246,0.198962,5.3341,0.300818,0.594999,1.05138,91.7885,13.2136,115.876,1.64638,-3.04153,14.089976906776428,4.083467483520508,4.20112,29.889999389648438,,,,,,,845.9,5.492857142,845.9,5.492857142,,,,,,,,,,,,,,,,,,,"Zach Neto","31347",687263
"Adley Rutschman","BAL",141,566,493,127,82,27,1,17,73,70,65,2,89,3,4,1,,1,1,0.257018,0.114732,0.157991,0.726193,0.344991,0.419972,0.334374,0.764963,0.162954,2.68945,0.280497,-0.479385,-1.0688,76.7283,9.80379,116.326,-1.54819,6.09656,9.350499153137207,12.171557903289795,4.19651,150.66000366210938,,,,,,,665.1,4.717021276,665.1,4.717021276,,,,,,,,,,,,,,,,,,,"Adley Rutschman","26288",668939
"Mookie Betts","LAD",151,651,574,150,96,30,2,22,87,83,67,2,85,6,5,0,,11,3,0.261543,0.103233,0.130894,0.788677,0.342248,0.437428,0.338515,0.779676,0.175885,4.54806,0.271469,-0.284728,-0.0559728,90.3777,13.457,117.988,-0.3407,-1.53386,13.538425147533417,5.4411362409591675,4.15783,58.369998931884766,,,,,,,802.7,5.315894039,802.7,5.315894039,,,,,,,,,,,,,,,,,,,"Mookie Betts","13611",605141
"Geraldo Perdomo","ARI",159,686,591,152,105,31,4,13,89,68,80,2,94,8,5,2,,21,6,0.257622,0.117157,0.137743,0.85055,0.351853,0.386816,0.327094,0.738669,0.129194,5.39422,0.285551,0.447014,0.456428,88.8755,7.81931,108.671,0.903441,0.950782,7.953382432460785,8.300781965255737,3.99812,76.66999816894531,,,,,,,782.2,4.919496855,782.2,4.919496855,,,,,,,,,,,,,,,,,,,"Geraldo Perdomo","22799",672695
"Riley Greene","DET",151,651,583,157,94,29,4,30,93,92,59,3,175,5,5,0,,5,2,0.269507,0.0904311,0.269229,0.335889,0.339058,0.486412,0.352827,0.82547,0.216905,4.60683,0.333368,0.00652152,-0.686877,97.9423,21.0216,127.343,-0.680355,3.65488,20.29905277490616,-3.7201225757598877,3.98868,78.01000213623047,,,,,,,881,5.834437086,881,5.834437086,,,,,,,,,,,,,,,,,,,"Riley Greene","25976",682985
"Bryce Harper","PHI",154,665,576,155,90,35,0,31,90,100,79,3,144,5,5,0,,11,4,0.269885,0.119003,0.216631,0.549335,0.360599,0.492447,0.36597,0.853046,0.222562,3.46661,0.306943,0.212808,-0.425502,107.145,28.5698,134.676,-0.212694,1.62884,27.117714554071426,-10.346160650253296,3.97957,47.43000030517578,,,,,,,946.6,6.146753246,946.6,6.146753246,,,,,,,,,,,,,,,,,,,"Bryce Harper","11579",547180
"Jazz Chisholm Jr.","NYY",139,602,534,132,80,22,2,28,78,83,58,2,155,5,4,0,,33,9,0.24637,0.0970526,0.257962,0.376228,0.324264,0.452311,0.334628,0.776575,0.205941,5.9684,0.291733,0.919154,2.00849,81.675,10.544,116.185,2.92764,1.5937,14.41106104850769,3.5436993837356567,3.9569,19.81999969482422,,,,,,,770.1,5.540287769,770.1,5.540287769,,,,,,,,,,,,,,,,,,,"Jazz Chisholm Jr.","20454",665862
"Patrick Bailey","SFG",133,525,473,106,73,22,1,11,54,50,42,0,136,3,4,3,,2,1,0.224805,0.0804693,0.258233,0.311615,0.290399,0.343073,0.280341,0.633472,0.118268,3.14162,0.289727,-0.495961,-0.537675,48.0702,-13.9389,80.0213,-1.03364,24.2909,-13.460299372673035,34.54086494445801,3.9432,746.4199829101562,,,,,,,429.5,3.229323308,429.5,3.229323308,,,,,,,,,,,,,,,,,,,"Patrick Bailey","27478",672275
"Byron Buxton","MIN",130,560,504,129,69,26,4,30,81,84,43,2,151,9,4,0,,18,3,0.255893,0.0775919,0.268983,0.288464,0.323511,0.499348,0.349864,0.822859,0.243455,6.50524,0.303316,0.925362,1.77096,82.904,16.7357,124.794,2.69633,0.593754,19.06096911430359,0.19375383853912354,3.942,71.91000366210938,,,,,,,780.4,6.003076923,780.4,6.003076923,,,,,,,,,,,,,,,,,,,"Byron Buxton","14161",621439
"Trea Turner","PHI",149,644,591,162,111,30,3,18,83,74,41,2,120,5,5,2,,29,5,0.274887,0.0635939,0.186831,0.340383,0.32525,0.426139,0.325131,0.751389,0.151252,6.11752,0.316608,1.72775,2.67539,82.4077,6.3141,106.7,4.40314,0.357028,9.516963481903076,7.2570284605026245,3.90834,26.3799991607666,,,,,,,768.6,5.158389261,768.6,5.158389261,,,,,,,,,,,,,,,,,,,"Trea Turner","16252",607208
"Willy Adames","SFG",157,679,600,143,86,30,1,26,81,87,71,2,168,4,5,0,,13,4,0.23821,0.104166,0.248108,0.419841,0.320061,0.421067,0.322024,0.741128,0.182856,3.82485,0.284777,0.11169,-0.340983,85.1736,4.9445,108.575,-0.229293,1.59984,6.671821236610413,8.874836444854736,3.90191,129.50999450683594,,,,,,,776.4,4.945222929,776.4,4.945222929,,,,,,,,,,,,,,,,,,,"Willy Adames","15986",642715
"Maikel Garcia","KCR",154,665,598,161,111,33,4,13,84,70,57,1,97,1,5,4,,28,7,0.269824,0.0862037,0.145603,0.592048,0.332533,0.402134,0.320883,0.734667,0.13231,6.07151,0.30168,0.737065,1.56334,82.8011,4.22626,102.571,2.30041,8.01373,4.315644264221191,10.488734722137451,3.85642,66.16999816894531,,,,,,,751.9,4.882467532,751.9,4.882467532,,,,,,,,,,,,,,,,,,,"Maikel Garcia","22715",672580
"Manny Machado","SDP",149,644,585,154,98,28,0,28,77,89,52,2,127,2,5,0,,11,3,0.263759,0.0806414,0.19652,0.410347,0.32415,0.455686,0.335185,0.779836,0.191927,3.43783,0.290309,-0.575379,-0.113201,87.6644,11.5709,118.936,-0.68858,2.47262,13.76486849784851,2.1726237535476685,3.82276,37.599998474121094,,,,,,,796.3,5.344295302,796.3,5.344295302,,,,,,,,,,,,,,,,,,,"Manny Machado","11493",592518
"Rafael Devers","SFG",159,686,592,149,88,30,1,29,90,92,82,3,166,7,5,0,,3,1,0.251344,0.119847,0.241606,0.496043,0.346696,0.455619,0.346956,0.802315,0.204275,2.93175,0.297098,-0.766468,-1.01187,99.9377,18.8815,125.654,-1.77834,8.49598,19.079914569854736,-4.8540239334106445,3.7906,59.06999969482422,,,,,,,877.6,5.519496855,877.6,5.519496855,,,,,,,,,,,,,,,,,,,"Rafael Devers","17350",646240
"Jeremy Peña","HOU",141,609,553,150,102,29,2,17,77,72,39,2,108,11,4,2,,18,5,0.27127,0.0638372,0.177933,0.35877,0.329102,0.424058,0.326911,0.75316,0.152788,5.20159,0.30772,0.804537,0.483916,78.809,6.85098,110.316,1.28845,0.675249,8.692891597747803,7.200249433517456,3.77062,114,,,,,,,712.5,5.053191489,712.5,5.053191489,,,,,,,,,,,,,,,,,,,"Jeremy Pena","21636",665161
"Ben Rice","NYY",128,546,476,118,68,22,1,27,73,80,57,2,114,9,4,0,,5,2,0.248243,0.104479,0.208405,0.501328,0.336773,0.468646,0.346629,0.805419,0.220403,3.68295,0.269378,-0.316959,-0.524803,79.3682,14.8777,124.452,-0.841762,10.4821,14.887678027153015,2.9071407318115234,3.74263,53.650001525878906,,,,,,,710,5.546875,710,5.546875,,,,,,,,,,,,,,,,,,,"Ben Rice","29576",700250
"Gabriel Moreno","ARI",112,443,393,108,74,22,1,11,54,51,42,1,75,4,3,2,,4,2,0.275212,0.0942308,0.169198,0.556925,0.34808,0.420882,0.335661,0.768962,0.145671,3.45325,0.313171,0.398672,-0.724853,60.5292,8.13803,114.539,-0.326181,6.70264,7.3145628571510315,14.427644729614258,3.73382,180.11000061035156,,,,,,,524.7,4.684821428,524.7,4.684821428,,,,,,,,,,,,,,,,,,,"Gabriel Moreno","22664",672515
"Steven Kwan","CLE",154,665,592,161,120,29,3,8,83,57,62,1,62,5,5,2,,19,5,0.272094,0.0934155,0.0926173,1.00862,0.343617,0.373946,0.317304,0.717563,0.101852,5.34941,0.290167,0.768716,0.540799,80.8687,2.2938,104.307,1.30952,8.60555,4.68516480922699,8.780547976493835,3.71946,169.27999877929688,,,,,,,709.1,4.604545454,709.1,4.604545454,,,,,,,,,,,,,,,,,,,"Steven Kwan","24610",680757
"Jackson Merrill","SDP",146,630,580,154,96,30,4,24,83,84,41,2,120,3,4,2,,7,3,0.264896,0.0644558,0.190222,0.338845,0.314251,0.453112,0.328647,0.767363,0.188216,4.69295,0.294519,1.33536,-0.756073,82.4146,7.97526,114.458,0.579292,1.65977,11.37446528673172,3.709772229194641,3.6878,70.19999694824219,,,,,,,754.7,5.169178082,754.7,5.169178082,,,,,,,,,,,,,,,,,,,"Jackson Merrill","29490",701538
"Masyn Winn","STL",149,644,585,150,101,31,4,14,76,68,46,1,117,5,5,3,,14,4,0.255506,0.0720129,0.181876,0.395945,0.313182,0.392495,0.307912,0.705676,0.136989,5.11374,0.295413,1.20858,0.0667915,73.4044,-2.68915,98.6628,1.27538,7.31908,0.2546950578689575,14.21908187866211,3.673,325.6000061035156,,,,,,,667.7,4.481208053,667.7,4.481208053,,,,,,,,,,,,,,,,,,,"Masyn Winn","27479",691026
"Matt Chapman","SFG",156,672,586,137,81,30,2,24,83,83,74,2,170,8,5,0,,11,4,0.233884,0.11007,0.252284,0.436294,0.325251,0.414699,0.32288,0.739951,0.180815,4.35831,0.284865,-0.0980759,-0.486857,84.7622,5.36026,109.161,-0.584933,4.37748,6.711763858795166,6.777478218078613,3.66758,165.07000732421875,,,,,,,760.9,4.877564102,760.9,4.877564102,,,,,,,,,,,,,,,,,,,"Matt Chapman","16505",656305
"Bo Bichette","NYM",152,658,601,168,113,33,2,21,84,84,46,2,113,4,5,2,,7,3,0.279543,0.0691525,0.172229,0.401515,0.332088,0.442486,0.334105,0.774574,0.162944,3.76407,0.312451,0.339004,-0.788694,88.9931,11.2454,117.759,-0.44969,-0.112707,13.399657994508743,0.4872933328151703,3.66062,95.11000061035156,,,,,,,799.2,5.257894736,799.2,5.257894736,,,,,,,,,,,,,,,,,,,"Bo Bichette","19612",666182
"Dansby Swanson","CHC",159,686,620,149,96,27,2,24,78,81,56,1,173,4,5,2,,18,4,0.240539,0.082173,0.251532,0.32669,0.305558,0.407052,0.309557,0.712609,0.166513,4.90553,0.291858,1.07305,0.855426,79.1078,-1.94837,99.4339,1.92847,3.89821,1.4681663811206818,11.248206377029419,3.63616,149.36000061035156,,,,,,,732.7,4.6081761,732.7,4.6081761,,,,,,,,,,,,,,,,,,,"Dansby Swanson","18314",621020
"Nick Kurtz","ATH",143,616,538,143,78,28,2,35,88,99,71,3,175,3,4,0,,3,1,0.266587,0.114579,0.284544,0.402674,0.352903,0.523124,0.372196,0.876027,0.256537,3.56359,0.326434,0.132328,-0.816291,102.364,29.5785,138.116,-0.683963,-1.54279,26.989666759967804,-12.79279375076294,3.62172,18.510000228881836,,,,,,,909.3,6.358741258,909.3,6.358741258,,,,,,,,,,,,,,,,,,,"Nick Kurtz","35110",701762
"Drake Baldwin","ATL",139,571,508,136,89,24,1,21,74,74,54,2,109,5,4,1,,1,1,0.266817,0.0937758,0.19033,0.4927,0.339826,0.444872,0.339595,0.784697,0.178055,2.59064,0.299371,-0.293118,-1.09877,79.8278,12.3125,117.748,-1.39188,5.18345,10.627393245697021,5.433454513549805,3.58825,80.5,,,,,,,702.4,5.05323741,702.4,5.05323741,,,,,,,,,,,,,,,,,,,"Drake Baldwin","31539",686948
"Michael Harris II","ATL",134,581,540,151,97,29,3,22,78,79,29,2,112,5,4,2,,19,5,0.280014,0.0506037,0.192379,0.263041,0.321028,0.466413,0.336765,0.787441,0.1864,5.91579,0.315368,0.717761,0.751124,79.8341,11.1844,115.809,1.46888,1.04683,12.355184078216553,3.1218303442001343,3.56119,99.83000183105469,,,,,,,737.7,5.50522388,737.7,5.50522388,,,,,,,,,,,,,,,,,,,"Michael Harris II","25931",671739
"Roman Anthony","BOS",146,630,540,142,87,33,3,19,89,77,81,2,152,4,4,1,,8,4,0.263031,0.12804,0.240778,0.531778,0.360161,0.44019,0.348553,0.800351,0.177159,4.61971,0.329886,0.422954,-1.08996,92.5967,18.1573,120.453,-0.667004,6.81556,14.519924402236938,-1.4344449043273926,3.55731,52.02000045776367,,,,,,,805.6,5.517808219,805.6,5.517808219,,,,,,,,,,,,,,,,,,,"Roman Anthony","31812",701350
"Austin Wells","NYY",117,461,410,96,56,21,1,18,55,59,42,1,109,5,3,1,,5,1,0.233394,0.0918305,0.23564,0.389707,0.310622,0.41807,0.316485,0.728692,0.184677,3.91091,0.271762,-0.185709,-0.192685,55.8027,1.28476,103.686,-0.378394,8.09377,1.6263593435287476,16.793774604797363,3.5094,255.89999389648438,,,,,,,511.1,4.368376068,511.1,4.368376068,,,,,,,,,,,,,,,,,,,"Austin Wells","27562",669224
"Will Smith","LAD",126,500,431,111,69,21,1,20,67,67,56,2,96,9,4,0,,3,2,0.25625,0.112493,0.192659,0.583899,0.351529,0.449612,0.347934,0.801141,0.193362,3.10969,0.284022,-1.08804,-0.99384,73.2966,14.1705,124.44,-2.08188,-4.44673,12.413067102432251,4.703265190124512,3.45456,97.87000274658203,,,,,,,640.3,5.081746031,640.3,5.081746031,,,,,,,,,,,,,,,,,,,"Will Smith","19197",669257
"Jackson Chourio","MIL",151,651,600,161,98,34,3,25,86,89,41,2,134,4,5,2,,25,7,0.268147,0.0630759,0.205953,0.306263,0.316749,0.460556,0.332579,0.777305,0.192408,5.76774,0.305428,1.28448,1.05266,87.2401,10.3194,114.167,2.33714,5.57513,13.268054246902466,-1.399874210357666,3.43024,19.18000030517578,,,,,,,815.2,5.398675496,815.2,5.398675496,,,,,,,,,,,,,,,,,,,"Jackson Chourio","28806",694192
"Matt Olson","ATL",159,686,596,152,87,32,1,33,93,102,80,3,165,6,5,0,,1,1,0.255031,0.11619,0.240111,0.4839,0.346178,0.475785,0.353347,0.821963,0.220754,2.5096,0.295957,-1.08011,-1.14399,103.498,22.4413,127.168,-2.22409,3.0425,19.865227937698364,-9.207497358322144,3.42554,48.77000045776367,,,,,,,921,5.79245283,921,5.79245283,,,,,,,,,,,,,,,,,,,"Matt Olson","14344",621566
"Shea Langeliers","ATH",131,524,476,123,71,25,2,26,68,79,41,2,117,4,4,0,,6,2,0.259456,0.0777808,0.223389,0.348185,0.320311,0.480407,0.34191,0.800718,0.220951,4.10397,0.29046,-0.0660239,-0.222791,74.1621,12.2711,117.253,-0.288815,-2.51472,10.362512707710266,4.910278558731079,3.40712,54.720001220703125,,,,,,,681.9,5.205343511,681.9,5.205343511,,,,,,,,,,,,,,,,,,,"Shea Langeliers","25816",669127
"Nico Hoerner","CHC",154,665,601,163,123,31,2,7,76,59,46,1,67,10,5,3,,29,6,0.270951,0.069281,0.100586,0.688776,0.330727,0.363662,0.306945,0.694389,0.0927103,5.63039,0.293339,1.06049,1.99617,75.2761,-3.29879,97.6448,3.05666,6.99989,1.2003775835037231,9.47489047050476,3.35585,104.11000061035156,,,,,,,685.2,4.449350649,685.2,4.449350649,,,,,,,,,,,,,,,,,,,"Nico Hoerner","21479",663538
"Jacob Wilson","ATH",143,616,565,166,116,37,1,12,75,73,37,2,58,8,4,2,,5,2,0.293909,0.0604397,0.093505,0.646379,0.343592,0.425536,0.334207,0.769128,0.131626,3.30811,0.30879,0.0719155,-0.918965,83.364,10.5788,111.947,-0.847049,-3.0134,7.82688170671463,3.486603260040283,3.32671,191.75,,,,,,,729.3,5.1,729.3,5.1,,,,,,,,,,,,,,,,,,,"Jacob Wilson","33266",805779
"Xander Bogaerts","SDP",141,609,546,141,99,27,0,15,67,66,51,1,110,5,4,2,,17,4,0.257402,0.0831244,0.180821,0.459705,0.324198,0.388129,0.312545,0.712327,0.130727,4.20925,0.295895,0.520635,0.996464,71.706,-0.252061,103.427,1.5171,0.928468,3.9909560680389404,7.453467905521393,3.24392,239.14999389648438,,,,,,,652,4.624113475,652,4.624113475,,,,,,,,,,,,,,,,,,,"Xander Bogaerts","12161",593428
"Pete Alonso","BAL",157,679,601,154,85,30,1,38,91,110,60,3,156,14,5,0,,3,1,0.256882,0.088708,0.229827,0.385977,0.335793,0.500007,0.356595,0.8358,0.243125,2.75807,0.28269,-1.61075,-0.866556,104.232,24.0029,131.633,-2.47731,-2.04634,22.83817982673645,-14.771342039108276,3.21639,24.579999923706055,,,,,,,936.2,5.963057324,936.2,5.963057324,,,,,,,,,,,,,,,,,,,"Pete Alonso","19251",624413
"Kyle Schwarber","PHI",159,686,577,138,71,22,1,43,96,107,97,3,192,7,5,0,,6,4,0.238876,0.141477,0.28007,0.505147,0.352604,0.506074,0.366925,0.858678,0.267198,3.10298,0.272943,-1.72667,-1.48268,111.06,30.0035,135.33,-3.20935,-0.141726,25.515599727630615,-17.091725185513496,3.19699,24.06999969482422,,,,,,,981.7,6.174213836,981.7,6.174213836,,,,,,,,,,,,,,,,,,,"Kyle Schwarber","16478",656941
"Ceddanne Rafaela","BOS",141,609,566,146,93,31,4,18,76,72,29,1,132,8,4,3,,23,7,0.258039,0.0468241,0.216703,0.216075,0.300334,0.424539,0.312079,0.724873,0.1665,6.46988,0.304499,0.875826,0.907186,71.4753,-0.482728,95.3271,1.78301,9.45349,-1.5710759162902832,11.628490447998047,3.17355,129.13999938964844,,,,,,,668.6,4.741843971,668.6,4.741843971,,,,,,,,,,,,,,,,,,,"Ceddanne Rafaela","24262",678882
"Alex Bregman","CHC",156,672,590,146,97,29,1,19,80,75,69,2,93,8,5,0,,3,1,0.247155,0.102693,0.138152,0.743333,0.332056,0.394802,0.319568,0.726858,0.147647,3.05967,0.263224,-0.783938,-1.07857,82.9553,3.55331,106.292,-1.86251,3.07355,3.1484936475753784,5.473548650741577,3.16961,118.13999938964844,,,,,,,729.9,4.678846153,729.9,4.678846153,,,,,,,,,,,,,,,,,,,"Alex Bregman","17678",608324
"Freddie Freeman","LAD",151,651,572,156,98,33,1,24,87,90,66,3,123,8,5,1,,9,2,0.273363,0.101099,0.188428,0.536539,0.354063,0.459171,0.351586,0.813234,0.185808,3.77628,0.308529,-0.923576,-0.241744,97.2861,20.3654,126.942,-1.16532,1.02982,19.622239351272583,-10.645184516906738,3.13444,66.66999816894531,,,,,,,862.1,5.709271523,862.1,5.709271523,,,,,,,,,,,,,,,,,,,"Freddie Freeman","5361",518692
"Yainer Diaz","HOU",128,509,477,131,86,24,1,19,60,68,24,1,86,3,4,2,,2,1,0.27388,0.0480364,0.169829,0.282852,0.310779,0.449031,0.325669,0.75981,0.175151,2.91707,0.297797,0.0156998,-0.606281,65.3806,5.21469,109.46,-0.590582,-0.46379,5.086872398853302,7.611210078001022,3.09229,110.56999969482422,,,,,,,592.5,4.62890625,592.5,4.62890625,,,,,,,,,,,,,,,,,,,"Yainer Diaz","23003",673237
"Carlos Correa","HOU",131,567,505,133,89,26,1,17,68,68,53,2,109,3,4,1,,1,1,0.26317,0.093786,0.192673,0.486762,0.334977,0.421127,0.329107,0.756103,0.157956,2.3666,0.30229,-0.0329021,-1.03857,74.3849,7.38951,111.829,-1.07147,1.41938,6.833322882652283,3.8443819284439087,3.08911,282.5799865722656,,,,,,,647.8,4.945038167,647.8,4.945038167,,,,,,,,,,,,,,,,,,,"Carlos Correa","14162",621043
"Andrés Giménez","TOR",138,595,534,134,93,27,2,12,68,60,38,1,104,16,4,3,,23,5,0.250596,0.0642238,0.174487,0.368072,0.317592,0.374881,0.305246,0.692473,0.124285,5.69224,0.288898,0.00551038,1.65717,66.5315,-3.77237,95.4201,1.66268,4.70055,-1.5490838289260864,11.075549602508545,3.06993,373.4100036621094,,,,,,,610.6,4.424637681,610.6,4.424637681,,,,,,,,,,,,,,,,,,,"Andres Gimenez","19950",665926
"Oneil Cruz","PIT",125,539,476,115,66,23,3,23,72,71,55,2,158,4,4,0,,29,6,0.242357,0.101945,0.292944,0.348003,0.32331,0.450077,0.333184,0.773387,0.20772,6.69915,0.308466,0.466591,2.50492,72.4957,8.80866,111.943,2.97151,-0.693292,10.601171255111694,1.031707763671875,3.02492,94.55000305175781,,,,,,,683.3,5.4664,683.3,5.4664,,,,,,,,,,,,,,,,,,,"Oneil Cruz","21711",665833
"Hunter Goodman","COL",144,583,538,139,77,31,3,28,74,86,35,1,150,6,4,0,,2,2,0.257699,0.0606084,0.257219,0.23563,0.308776,0.484301,0.337707,0.793077,0.226602,3.63957,0.303198,-0.18739,-1.02305,80.6101,11.6769,103.273,-1.21044,4.70817,1.052375316619873,8.9331693649292,3.00752,64.7300033569336,,,,,,,731.8,5.081944444,731.8,5.081944444,,,,,,,,,,,,,,,,,,,"Hunter Goodman","29715",696100
"Gleyber Torres","DET",152,658,576,151,104,28,0,19,80,74,72,2,111,4,5,1,,6,2,0.262927,0.110039,0.169206,0.650327,0.346708,0.410271,0.331872,0.75698,0.147344,3.16494,0.294745,-0.953237,-0.967534,87.8004,10.0526,112.907,-1.92077,-3.7391,8.089179635047913,-1.3890960216522217,3.0026,249.02000427246094,,,,,,,763.2,5.021052631,763.2,5.021052631,,,,,,,,,,,,,,,,,,,"Gleyber Torres","16997",650402
"Francisco Alvarez","NYM",112,446,394,95,56,18,1,20,56,60,43,2,113,6,3,0,,1,0,0.241965,0.0962012,0.25242,0.381116,0.323578,0.446751,0.332622,0.770329,0.204786,2.76219,0.283809,-0.295861,-0.626814,59.757,7.08234,116.743,-0.922675,0.0662538,7.923876106739044,6.591253943741322,3.00257,168.3800048828125,,,,,,,532.8,4.757142857,532.8,4.757142857,,,,,,,,,,,,,,,,,,,"Francisco Alvarez","26121",682626
"Jarren Duran","BOS",139,602,538,143,83,35,8,17,93,74,50,2,138,7,4,2,,24,5,0.264786,0.0828084,0.229119,0.361421,0.332739,0.451366,0.337663,0.784105,0.18658,7.73446,0.324543,2.06541,1.6978,83.1583,12.0274,112.951,3.76321,4.66772,12.952259302139282,-4.3822784423828125,2.99672,66.6500015258789,,,,,,,772.3,5.556115107,772.3,5.556115107,,,,,,,,,,,,,,,,,,,"Jarren Duran","24617",680776
"Andy Pages","LAD",139,602,543,138,83,29,1,25,74,83,43,2,135,10,4,1,,8,7,0.253608,0.0716823,0.224447,0.319373,0.318151,0.448976,0.330507,0.767127,0.195368,3.6482,0.291009,0.45056,-2.09368,79.661,8.5301,112.503,-1.64312,0.221202,7.277350425720215,1.9712023437023163,2.99543,133.72000122070312,,,,,,,709.2,5.102158273,709.2,5.102158273,,,,,,,,,,,,,,,,,,,"Andy Pages","24816",681624
"Mike Trout","LAA",130,560,476,116,67,19,2,28,77,77,73,2,164,7,4,0,,4,1,0.244107,0.13036,0.293191,0.444626,0.349977,0.468133,0.353191,0.81811,0.224025,4.07162,0.306827,-0.637089,-0.307472,84.417,18.2487,126.666,-0.944561,-0.688832,16.655683994293213,-7.0888320207595825,2.95081,179.02000427246094,,,,,,,748.1,5.754615384,748.1,5.754615384,,,,,,,,,,,,,,,,,,,"Mike Trout","10155",545361
"James Wood","WSN",149,644,563,144,85,31,3,26,86,84,73,2,182,4,5,0,,17,5,0.256544,0.113124,0.282783,0.400037,0.343373,0.458474,0.345996,0.801847,0.20193,5.0661,0.329799,0.369918,0.169576,93.3175,17.224,122.624,0.539494,1.0516,17.80774885416031,-10.54840338230133,2.93487,34.7599983215332,,,,,,,844.1,5.665100671,844.1,5.665100671,,,,,,,,,,,,,,,,,,,"James Wood","29518",695578
"Jung Hoo Lee","SFG",141,609,542,147,97,34,5,12,83,66,54,2,79,6,4,2,,10,4,0.271628,0.0890342,0.130145,0.684116,0.342302,0.419416,0.331653,0.761718,0.147788,5.44743,0.296751,1.02355,-0.513293,81.1538,9.19574,115.171,0.510258,1.54694,11.46090292930603,-3.478055715560913,2.88976,349.239990234375,,,,,,,708.9,5.027659574,708.9,5.027659574,,,,,,,,,,,,,,,,,,,"Jung Hoo Lee","33824",808982
"Seiya Suzuki","CHC",139,602,532,137,82,26,3,26,83,82,62,3,151,4,4,0,,8,4,0.257503,0.102514,0.250592,0.409089,0.336512,0.464782,0.344371,0.801294,0.207279,4.6458,0.309066,-0.462093,-0.915441,86.4374,15.3064,123.283,-1.37753,1.24572,15.234734535217285,-7.204281330108643,2.8708,98.55999755859375,,,,,,,774.1,5.569064748,774.1,5.569064748,,,,,,,,,,,,,,,,,,,"Seiya Suzuki","30116",673548
"Brice Turang","MIL",151,651,580,148,106,26,2,15,77,67,61,1,131,2,5,3,,29,7,0.255866,0.0942967,0.201856,0.467149,0.327081,0.383678,0.312412,0.710759,0.127811,5.52836,0.305277,0.575996,2.07778,76.5809,-0.339734,100.352,2.65377,0.937199,2.925556570291519,3.412199378013611,2.86441,50.900001525878906,,,,,,,701.1,4.643046357,701.1,4.643046357,,,,,,,,,,,,,,,,,,,"Brice Turang","22186",668930
"Brent Rooker","ATH",154,665,589,155,88,31,2,34,90,101,63,3,166,8,5,0,,7,2,0.262663,0.0948489,0.250038,0.379338,0.340096,0.492682,0.356088,0.832778,0.230018,4.03155,0.30765,-0.439071,-0.405235,101.809,23.2342,127.02,-0.844307,0.271295,20.333540320396423,-15.253705024719238,2.86148,43.650001525878906,,,,,,,920.6,5.977922077,920.6,5.977922077,,,,,,,,,,,,,,,,,,,"Brent Rooker","19627",667670
"Daulton Varsho","TOR",138,595,539,125,72,26,3,23,74,77,48,1,150,4,4,0,,11,3,0.231719,0.0803671,0.251563,0.319471,0.297467,0.422769,0.310844,0.720236,0.19105,5.32017,0.274199,0.225304,0.242953,69.2359,-1.06792,99.2766,0.468257,5.11288,-0.03905138373374939,7.237878322601318,2.83178,199.39999389648438,,,,,,,638.2,4.624637681,638.2,4.624637681,,,,,,,,,,,,,,,,,,,"Daulton Varsho","19918",662139
"Brendan Donovan","SEA",130,560,495,128,89,25,1,13,67,62,49,2,85,10,4,2,,5,3,0.259429,0.086694,0.151839,0.570961,0.335826,0.39353,0.320702,0.729356,0.134101,3.14225,0.287155,-0.277667,-1.22606,69.6451,3.47679,111.995,-1.50373,0.582111,6.413182497024536,1.9821114540100098,2.83094,269.3500061035156,,,,,,,600.3,4.617692307,600.3,4.617692307,,,,,,,,,,,,,,,,,,,"Brendan Donovan","24679",680977
"Royce Lewis","MIN",131,567,516,131,83,27,1,21,65,73,43,1,120,3,4,1,,14,3,0.254804,0.0763278,0.211121,0.361536,0.313818,0.432508,0.322207,0.746327,0.177704,4.31038,0.291274,-0.264532,0.788437,71.2084,4.21294,105.742,0.523905,2.14132,4.36114239692688,3.766319751739502,2.82819,184.8800048828125,,,,,,,655.2,5.001526717,655.2,5.001526717,,,,,,,,,,,,,,,,,,,"Royce Lewis","20437",668904
"CJ Abrams","WSN",146,630,569,147,94,31,4,18,81,71,41,1,119,13,4,2,,32,7,0.257831,0.0652199,0.188701,0.345625,0.320474,0.421894,0.322149,0.742368,0.164062,6.60534,0.294544,0.845357,2.36976,79.0906,4.65128,106.287,3.21512,-6.99633,7.909738779067993,-1.246333122253418,2.82625,64.80999755859375,,,,,,,739.3,5.06369863,739.3,5.06369863,,,,,,,,,,,,,,,,,,,"CJ Abrams","25768",682928
"Luis Robert Jr.","NYM",131,567,512,124,77,24,1,22,67,75,45,1,152,6,4,0,,34,8,0.242181,0.0788447,0.26751,0.294736,0.308695,0.423498,0.316969,0.732193,0.181317,5.63181,0.297091,-0.754921,2.50017,68.797,1.80154,106.02,1.74525,1.12302,5.790640473365784,2.9480199813842773,2.82412,105.75,,,,,,,659.7,5.035877862,659.7,5.035877862,,,,,,,,,,,,,,,,,,,"Luis Robert Jr.","20043",673357
"Joey Ortiz","MIL",146,630,570,141,95,31,4,13,75,64,47,1,111,5,4,4,,15,5,0.248376,0.074692,0.176739,0.422612,0.309561,0.380866,0.302165,0.690427,0.132491,5.50843,0.286467,0.587737,0.0875485,68.8691,-5.57026,93.3325,0.675286,4.10389,-4.303177833557129,10.853886127471924,2.81472,743.739990234375,,,,,,,625,4.280821917,625,4.280821917,,,,,,,,,,,,,,,,,,,"Joey Ortiz","25493",687401
"Taylor Ward","BAL",152,658,582,142,85,28,1,28,84,90,65,2,160,6,5,0,,6,2,0.244188,0.0994126,0.242913,0.409252,0.325056,0.439088,0.330688,0.764144,0.1949,3.53318,0.287034,-0.838359,-0.784102,87.168,9.42024,113.787,-1.62246,2.82712,9.069743633270264,-4.222878932952881,2.813,149.55999755859375,,,,,,,782.1,5.145394736,782.1,5.145394736,,,,,,,,,,,,,,,,,,,"Taylor Ward","17548",621493
"Wilyer Abreu","BOS",120,518,457,114,68,26,1,20,64,68,55,1,126,2,4,0,,10,3,0.250392,0.106205,0.244144,0.435008,0.331698,0.440238,0.334301,0.771936,0.189846,4.18807,0.30169,-0.0152387,-0.10567,70.1411,8.93543,110.635,-0.120909,8.73618,6.372215308248997,3.086182117462158,2.79181,206.11000061035156,,,,,,,632.1,5.2675,632.1,5.2675,,,,,,,,,,,,,,,,,,,"Wilyer Abreu","23772",677800
"Marcus Semien","NYM",149,644,575,135,91,25,2,18,74,71,59,1,108,4,5,1,,12,3,0.235428,0.0915039,0.168474,0.543132,0.308769,0.376813,0.301393,0.685582,0.141385,4.36159,0.259514,0.344686,0.180708,69.9959,-6.09767,95.3502,0.525394,6.54859,-3.0237054228782654,8.648585557937622,2.76765,260.3500061035156,,,,,,,637.5,4.278523489,637.5,4.278523489,,,,,,,,,,,,,,,,,,,"Marcus Semien","12533",543760
"Luke Keaschall","MIN",131,567,492,125,85,26,1,13,67,61,56,1,106,13,4,2,,26,6,0.254055,0.0983594,0.187122,0.525642,0.343122,0.390976,0.324496,0.734098,0.136922,5.03913,0.296786,0.0390944,1.5755,72.2623,5.26687,107.319,1.61459,-0.589388,6.50575315952301,0.9356120824813843,2.758,122.61000061035156,,,,,,,650.9,4.96870229,650.9,4.96870229,,,,,,,,,,,,,,,,,,,"Luke Keaschall","33321",807712
"Colson Montgomery","CHW",139,602,531,121,75,23,3,21,73,69,54,1,174,11,4,1,,3,2,0.228672,0.0895921,0.289468,0.309507,0.310905,0.401931,0.311579,0.712835,0.173259,3.78147,0.295227,-0.0355541,-1.35194,70.4095,-0.721484,98.9217,-1.38749,1.91903,-2.1525824069976807,8.369027256965637,2.75592,244.66000366210938,,,,,,,622.9,4.481294964,622.9,4.481294964,,,,,,,,,,,,,,,,,,,"Colson Montgomery","29712",695657
"Dillon Dingler","DET",109,429,388,94,61,18,2,14,49,49,28,1,107,8,3,1,,1,1,0.24291,0.0664391,0.249307,0.266495,0.305013,0.402544,0.307989,0.707557,0.159634,3.18046,0.298148,0.0688831,-0.65662,48.9021,-1.7639,96.4548,-0.587736,6.0669,-2.3794496655464172,14.441895008087158,2.74413,267.1700134277344,,,,,,,440.7,4.043119266,440.7,4.043119266,,,,,,,,,,,,,,,,,,,"Dillon Dingler","27464",693307
"Iván Herrera","STL",139,594,516,136,92,25,1,18,73,68,62,2,117,10,4,1,,10,3,0.263768,0.104854,0.196897,0.532533,0.351826,0.423617,0.339258,0.775443,0.15985,4.06272,0.30565,0.368097,-0.250372,82.7669,12.6285,120.136,0.117725,3.34971,14.284129530191422,-7.400286912918091,2.7249,171.13999938964844,,,,,,,719.6,5.176978417,719.6,5.176978417,,,,,,,,,,,,,,,,,,,"Ivan Herrera","20599",671056
"Ezequiel Tovar","COL",151,651,605,157,98,35,3,21,78,82,34,0,158,5,5,3,,9,4,0.260329,0.052595,0.242405,0.216972,0.302922,0.435387,0.317516,0.738308,0.175058,4.82456,0.316409,0.607937,-0.710296,79.2784,2.35773,89.4408,-0.102359,6.22568,-8.249523602426052,13.200681686401367,2.72254,208.11000061035156,,,,,,,713.1,4.722516556,713.1,4.722516556,,,,,,,,,,,,,,,,,,,"Ezequiel Tovar","24064",678662
"JJ Wetherholt","STL",130,560,489,122,83,25,1,14,64,58,56,1,103,10,4,2,,13,3,0.250253,0.0996316,0.183863,0.54188,0.336534,0.391642,0.321099,0.728175,0.141388,4.50215,0.287843,0,0.4992,69.8254,3.65709,107.696,0.4992,-0.0399717,5.60713067650795,2.2100283466279507,2.70601,999,,,,,,,618.3,4.756153846,618.3,4.756153846,,,,,,,,,,,,,,,,,,,"JJ Wetherholt","sa3025154",802139
"Kyle Stowers","MIA",141,609,541,135,77,27,3,28,80,84,56,2,170,8,4,0,,4,3,0.249227,0.0914129,0.278986,0.327662,0.325597,0.464002,0.339155,0.789598,0.214775,3.99963,0.307885,0.289708,-1.13406,84.8633,12.9052,116.576,-0.844356,1.30713,11.120303332805634,-5.117870092391968,2.68714,132.52999877929688,,,,,,,764.8,5.424113475,764.8,5.424113475,,,,,,,,,,,,,,,,,,,"Kyle Stowers","26151",669065
"Bryson Stott","PHI",144,623,557,142,99,27,2,14,73,65,56,1,104,3,4,3,,26,6,0.255224,0.0899006,0.166534,0.539832,0.324652,0.387132,0.312467,0.711784,0.131908,5.47628,0.28857,0.460109,1.87505,73.3148,-0.297478,98.0246,2.33516,2.32068,0.8765418529510498,4.645684480667114,2.68566,186.3300018310547,,,,,,,669.1,4.646527777,669.1,4.646527777,,,,,,,,,,,,,,,,,,,"Bryson Stott","26294",681082
"Tyler Soderstrom","ATH",136,588,529,136,80,29,2,25,75,83,48,2,139,6,4,0,,4,3,0.256736,0.0823919,0.23691,0.347777,0.323581,0.460109,0.336746,0.78369,0.203373,3.35197,0.299942,-0.182712,-1.4994,80.7868,11.3101,113.696,-1.68211,4.57734,7.809712767601013,-2.0726637840270996,2.65757,83.30999755859375,,,,,,,724.3,5.325735294,724.3,5.325735294,,,,,,,,,,,,,,,,,,,"Tyler Soderstrom","27467",691016
"Otto Lopez","MIA",141,609,554,146,104,28,3,12,70,62,42,1,96,5,4,4,,18,6,0.263485,0.0693054,0.158372,0.437612,0.318728,0.386825,0.308626,0.705552,0.12334,5.05229,0.298191,0.585462,0.316658,69.7679,-2.1901,95.6627,0.90212,1.01287,-2.228531539440155,7.537873983383179,2.61623,229.00999450683594,,,,,,,633.1,4.490070921,633.1,4.490070921,,,,,,,,,,,,,,,,,,,"Otto Lopez","19608",672640
"Cody Bellinger","NYY",143,616,555,139,91,26,2,20,78,76,53,1,98,3,4,1,,12,3,0.251149,0.0852553,0.158373,0.538319,0.317421,0.41706,0.318745,0.734481,0.165911,4.72753,0.269522,0.239952,0.169401,75.6311,2.84595,105.244,0.409352,5.15557,4.216539591550827,0.10556745529174805,2.61141,79.9000015258789,,,,,,,680.6,4.759440559,680.6,4.759440559,,,,,,,,,,,,,,,,,,,"Cody Bellinger","15998",641355
"Jo Adell","LAA",141,609,552,138,77,25,3,33,79,91,44,2,163,9,4,0,,11,3,0.250187,0.0727537,0.268141,0.271327,0.313859,0.48544,0.340655,0.799299,0.235253,4.81511,0.291774,-0.20096,0.00534578,85.605,13.6469,118.03,-0.195614,-3.059,12.746180295944214,-8.283995866775513,2.60109,119.18000030517578,,,,,,,792.1,5.617730496,792.1,5.617730496,,,,,,,,,,,,,,,,,,,"Jo Adell","20220",666176
"Ian Happ","CHC",152,658,569,138,84,30,1,22,82,80,79,2,155,5,5,0,,9,3,0.242237,0.119888,0.235859,0.508301,0.337167,0.415123,0.329077,0.75229,0.172886,3.92749,0.292311,-0.326038,-0.424642,86.3074,8.55961,112.806,-0.75068,1.35917,9.236256659030914,-5.790831804275513,2.59232,183.1300048828125,,,,,,,764,5.026315789,764,5.026315789,,,,,,,,,,,,,,,,,,,"Ian Happ","17919",664023
"Colton Cowser","BAL",117,504,442,106,63,22,1,20,63,66,51,1,152,7,4,0,,13,4,0.23969,0.101108,0.300941,0.335974,0.326075,0.428959,0.328385,0.755034,0.189269,4.89591,0.314179,0.289343,0.314392,65.8245,6.27299,112.2,0.603735,-1.88604,7.850994944572449,-0.08604121208190918,2.56925,253.5399932861328,,,,,,,596.6,5.099145299,596.6,5.099145299,,,,,,,,,,,,,,,,,,,"Colton Cowser","29591",681297
"Trent Grisham","NYY",126,546,468,108,63,20,1,23,71,71,68,2,132,5,4,0,,5,2,0.22961,0.125358,0.241419,0.519257,0.332268,0.425173,0.330509,0.75744,0.195563,3.61217,0.265966,-0.164416,-0.637829,72.2516,7.73745,113.348,-0.802245,-3.48103,7.7872119545936584,-1.5310266017913818,2.56279,251.39999389648438,,,,,,,639.6,5.076190476,639.6,5.076190476,,,,,,,,,,,,,,,,,,,"Trent Grisham","18564",663757
"Munetaka Murakami","CHW",136,588,488,108,59,18,1,30,75,77,89,2,200,6,4,0,,12,4,0.220654,0.15148,0.340914,0.444334,0.345737,0.44582,0.344464,0.791557,0.225166,3.81953,0.296276,-0.143064,0.00245127,84.4714,14.9947,121.575,-0.140613,0,14.811477690935135,-10.199999809265137,2.54241,999,,,,,,,753.3,5.538970588,753.3,5.538970588,,,,,,,,,,,,,,,,,,,"Munetaka Murakami","sa3063258",808959
"Kevin McGonigle","DET",123,532,473,119,76,25,1,17,63,63,53,1,90,2,4,1,,11,4,0.251623,0.100326,0.170074,0.589894,0.327248,0.417818,0.32421,0.745066,0.166195,4.08859,0.275867,-0.0883624,-0.502786,67.6781,4.81822,107.629,-0.591148,-3.30274,4.19256979227066,2.1972570419311523,2.52716,999,,,,,,,606.1,4.927642276,606.1,4.927642276,,,,,,,,,,,,,,,,,,,"Kevin McGonigle","sa3022895",805808
"Salvador Perez","KCR",151,618,570,144,90,26,0,29,69,86,33,1,125,10,4,1,,1,0,0.253179,0.0527738,0.202388,0.260755,0.303406,0.449039,0.323221,0.752445,0.195861,1.69494,0.275049,-2.84111,-0.918384,78.1222,5.10075,104.182,-3.7595,3.0753,-0.7135050296783447,4.100301265716553,2.52276,91.5199966430664,,,,,,,715.3,4.737086092,715.3,4.737086092,,,,,,,,,,,,,,,,,,,"Salvador Perez","7304",521692
"Brandon Nimmo","TEX",146,630,556,139,91,26,2,20,78,74,59,2,136,10,4,1,,10,3,0.250771,0.0937516,0.215583,0.434875,0.330734,0.4144,0.32536,0.745134,0.163629,4.38133,0.295156,-0.18412,-0.397576,80.7334,6.29402,110.078,-0.581697,3.6935,6.9012187123298645,-3.956502914428711,2.51978,143.4600067138672,,,,,,,714.8,4.89589041,714.8,4.89589041,,,,,,,,,,,,,,,,,,,"Brandon Nimmo","12927",607043
"Bo Naylor","CLE",115,454,399,89,54,19,1,15,52,52,49,1,111,3,3,0,,6,2,0.223523,0.107448,0.243387,0.441468,0.310825,0.390507,0.307662,0.701331,0.166983,4.00056,0.268383,-0.11106,-0.436131,51.7012,-1.98967,97.6652,-0.547191,1.74504,-1.797624111175537,10.620040774345398,2.50278,646.75,,,,,,,463,4.026086956,463,4.026086956,,,,,,,,,,,,,,,,,,,"Bo Naylor","21865",666310
"Jackson Holliday","BAL",113,490,426,108,71,22,2,14,66,57,56,1,108,3,3,2,,13,5,0.254195,0.114171,0.220468,0.51786,0.342855,0.412361,0.330776,0.755216,0.158166,5.16592,0.307527,-0.0376936,-0.219563,64.9471,7.04981,113.847,-0.257256,-2.1435,7.7397638857364655,-0.29350411891937256,2.48735,198.77999877929688,,,,,,,573.3,5.073451327,573.3,5.073451327,,,,,,,,,,,,,,,,,,,"Jackson Holliday","31781",702616
"Ryan Jeffers","MIN",130,523,459,114,72,25,1,16,63,63,50,1,110,9,4,1,,3,1,0.247342,0.0952298,0.209549,0.454452,0.330528,0.410097,0.32411,0.740625,0.162755,3.14349,0.289041,-0.582135,-0.783988,66.4654,4.69253,107.053,-1.36612,-1.39351,2.979992628097534,3.2064898014068604,2.47396,305.6300048828125,,,,,,,587.9,4.522307692,587.9,4.522307692,,,,,,,,,,,,,,,,,,,"Ryan Jeffers","24618",680777
"Randy Arozarena","SEA",157,679,587,140,87,29,1,23,85,83,68,2,177,18,5,1,,25,9,0.238037,0.0997952,0.26073,0.382753,0.333202,0.407989,0.325246,0.741191,0.169952,5.05524,0.298377,-0.870849,0.271562,86.9498,6.72074,115.125,-0.599288,-3.4045,11.50509774684906,-10.879501581192017,2.45506,89.5199966430664,,,,,,,783.3,4.989171974,783.3,4.989171974,,,,,,,,,,,,,,,,,,,"Randy Arozarena","19290",668227
"Kazuma Okamoto","TOR",130,560,492,115,65,24,1,25,67,75,58,1,139,6,4,0,,3,1,0.23294,0.102791,0.247663,0.415044,0.318594,0.436772,0.327041,0.755365,0.203832,2.81071,0.269821,-0.320625,-0.594313,72.5274,6.35904,110.434,-0.914938,0,5.971736490726471,-1.4000000953674316,2.43975,999,,,,,,,657.2,5.055384615,657.2,5.055384615,,,,,,,,,,,,,,,,,,,"Kazuma Okamoto","sa3063134",672960
"Samuel Basallo","BAL",107,445,403,104,62,21,2,20,58,63,36,1,108,3,3,0,,2,1,0.25785,0.0813967,0.242627,0.335481,0.321488,0.463095,0.33652,0.784584,0.205246,3.10264,0.302883,-0.018524,-0.863664,61.0854,8.48157,117.804,-0.882188,3.02238,8.459990322589874,-0.027617931365966797,2.43048,172.0500030517578,,,,,,,557.7,5.212149532,557.7,5.212149532,,,,,,,,,,,,,,,,,,,"Samuel Basallo","28824",694212
"Matt McLain","CIN",144,623,548,129,81,26,2,20,72,71,61,1,170,8,4,1,,19,4,0.23448,0.098344,0.272763,0.360548,0.317924,0.397502,0.313679,0.715426,0.163022,5.09723,0.299271,0.217852,0.99248,73.9279,0.315621,95.5853,1.21033,2.31001,-2.049408197402954,4.7350122928619385,2.39544,163.60000610351562,,,,,,,681.1,4.729861111,681.1,4.729861111,,,,,,,,,,,,,,,,,,,"Matt McLain","29695",680574
"Evan Carter","TEX",110,476,413,100,65,19,4,12,63,50,51,1,105,7,3,1,,20,7,0.241632,0.107637,0.219712,0.489902,0.333103,0.395202,0.320416,0.728305,0.15357,6.29809,0.292008,0.383837,0.408319,59.088,2.84492,106.672,0.792157,2.40606,4.535355508327484,2.306060403585434,2.37616,279.44000244140625,,,,,,,530.1,4.819090909,530.1,4.819090909,,,,,,,,,,,,,,,,,,,"Evan Carter","27790",694497
"Jose Altuve","HOU",144,623,559,144,100,27,0,17,72,71,53,1,108,6,4,1,,14,4,0.257725,0.0849804,0.173963,0.488497,0.325957,0.399311,0.317381,0.725268,0.141585,3.85458,0.289892,-0.429534,-0.0460789,75.8003,2.18803,103.751,-0.475613,0.264283,2.278598338365555,-0.5107171833515167,2.37473,115.26000213623047,,,,,,,677.9,4.707638888,677.9,4.707638888,,,,,,,,,,,,,,,,,,,"Jose Altuve","5417",514888
"Alec Bohm","PHI",141,609,557,150,103,30,2,16,72,71,40,1,98,5,4,3,,4,1,0.270223,0.0660996,0.161063,0.410396,0.323126,0.414235,0.320208,0.737361,0.144011,3.32861,0.301203,-0.302401,-0.71765,75.4947,3.53661,103.327,-1.02005,-0.0931378,1.3815149068832397,1.4818622171878815,2.36597,245,,,,,,,671.6,4.763120567,671.6,4.763120567,,,,,,,,,,,,,,,,,,,"Alec Bohm","21618",664761
"Anthony Volpe","NYY",109,469,420,100,60,22,3,15,60,57,39,1,107,5,3,2,,19,5,0.238705,0.083609,0.228032,0.366654,0.308917,0.412765,0.313216,0.721682,0.174059,6.29816,0.282899,0.783642,1.07486,55.4771,0.0611539,101.435,1.8585,-0.845032,2.6515097618103027,4.179968297481537,2.3505,633.030029296875,,,,,,,516,4.733944954,516,4.733944954,,,,,,,,,,,,,,,,,,,"Anthony Volpe","27647",683011
"Isaac Paredes","HOU",117,504,432,106,68,21,1,16,64,59,58,2,83,10,4,0,,1,1,0.244734,0.115068,0.164423,0.699828,0.344923,0.407771,0.331205,0.752694,0.163038,2.63008,0.266645,-0.318676,-1.07728,66.9783,7.42686,113.274,-1.39595,3.93195,6.488946318626404,-0.9180526733398438,2.34477,238.4499969482422,,,,,,,581.7,4.971794871,581.7,4.971794871,,,,,,,,,,,,,,,,,,,"Isaac Paredes","20036",670623
"Chase Meidroth","CHW",130,560,479,119,90,21,1,8,63,47,65,1,88,9,4,3,,12,4,0.248673,0.11624,0.156797,0.741346,0.347282,0.342412,0.311185,0.689695,0.093739,4.05399,0.287784,-0.364344,-0.168825,65.3179,-0.850367,98.6502,-0.533169,2.42964,-1.4240992665290833,4.8796398639678955,2.32555,632.969970703125,,,,,,,562.8,4.329230769,562.8,4.329230769,,,,,,,,,,,,,,,,,,,"Chase Meidroth","31580",805367
"J.P. Crawford","SEA",143,616,533,128,92,26,1,10,70,59,70,1,118,6,4,2,,6,2,0.240279,0.114282,0.19128,0.59746,0.332932,0.348712,0.305192,0.681644,0.108434,3.47245,0.287882,-0.125193,-0.523851,68.8527,-3.93242,101.311,-0.649044,-5.37871,0.3026670217514038,1.221290111541748,2.32512,747.3800048828125,,,,,,,592.7,4.144755244,592.7,4.144755244,,,,,,,,,,,,,,,,,,,"J.P. Crawford","15491",641487
"Lawrence Butler","ATH",134,581,524,131,79,28,2,21,73,76,52,1,150,1,4,1,,21,4,0.249388,0.0887706,0.258623,0.343244,0.315459,0.433382,0.323355,0.748841,0.183994,5.66991,0.306906,0.717126,1.53625,73.5081,4.85848,104.471,2.25337,1.13119,5.31520938873291,-2.593809485435486,2.32438,158.0500030517578,,,,,,,687.3,5.129104477,687.3,5.129104477,,,,,,,,,,,,,,,,,,,"Lawrence Butler","22542",671732
"Jordan Westburg","BAL",99,427,389,100,60,21,2,17,56,60,29,1,97,6,3,1,,4,2,0.256268,0.067959,0.228083,0.297957,0.315299,0.450831,0.329206,0.76613,0.194563,4.40587,0.297421,0.132412,-0.460562,56.0526,5.59929,112.766,-0.328149,1.38991,6.0965591967105865,1.7149066925048828,2.30286,549.1699829101562,,,,,,,510.1,5.152525252,510.1,5.152525252,,,,,,,,,,,,,,,,,,,"Jordan Westburg","27815",676059
"Brandon Lowe","PIT",126,546,489,121,72,24,1,24,67,73,48,2,135,5,4,0,,5,1,0.247142,0.0880915,0.247262,0.356267,0.319058,0.44666,0.330067,0.765718,0.199518,3.66237,0.290662,-0.377184,-0.30593,72.0556,7.54151,109.808,-0.683114,-2.93991,5.6640944480896,-1.3899116516113281,2.29587,182.9600067138672,,,,,,,655.2,5.2,655.2,5.2,,,,,,,,,,,,,,,,,,,"Brandon Lowe","18882",664040
"Sean Murphy","ATL",96,390,341,79,47,16,0,16,47,51,38,1,102,8,3,0,,1,1,0.230517,0.0974818,0.261025,0.373458,0.320628,0.417583,0.322235,0.738211,0.187066,2.3899,0.278083,-0.152303,-0.645269,49.0134,2.90826,105.856,-0.797572,6.39446,1.9104580283164978,7.4694554805755615,2.28791,743.7999877929688,,,,,,,435.3,4.534375,435.3,4.534375,,,,,,,,,,,,,,,,,,,"Sean Murphy","19352",669221
"George Springer","TOR",138,595,524,134,85,23,2,24,76,77,60,2,113,6,4,0,,15,3,0.255308,0.100863,0.190261,0.530127,0.336477,0.442328,0.337514,0.778805,0.18702,4.95364,0.280741,0.329757,0.982128,82.1193,11.8155,117.648,1.31188,0.902444,13.688004612922668,-11.872555673122406,2.28099,92.55999755859375,,,,,,,748.2,5.42173913,748.2,5.42173913,,,,,,,,,,,,,,,,,,,"George Springer","12856",543807
"Xavier Edwards","MIA",139,602,540,148,115,25,4,5,73,48,51,1,87,2,4,4,,27,7,0.274472,0.0840913,0.144996,0.579955,0.336921,0.361583,0.309342,0.698504,0.087111,5.83934,0.316913,0.901578,1.36787,69.3162,-1.8147,96.1535,2.26945,0.500616,-0.4749882221221924,2.6506159901618958,2.27178,185.50999450683594,,,,,,,621.8,4.473381294,621.8,4.473381294,,,,,,,,,,,,,,,,,,,"Xavier Edwards","22266",669364
"Colt Keith","DET",115,497,446,118,78,22,3,15,65,59,44,1,102,2,3,1,,3,1,0.263442,0.0875522,0.204836,0.427426,0.329642,0.427964,0.328322,0.757606,0.164522,4.00973,0.30764,0.821716,-0.873733,64.8847,6.16028,110.461,-0.0520165,3.43036,6.076031491160393,-1.0446417331695557,2.26493,453.45001220703125,,,,,,,577.6,5.022608695,577.6,5.022608695,,,,,,,,,,,,,,,,,,,"Colt Keith","27899",690993
"Carlos Narváez","BOS",107,423,373,85,56,18,0,11,45,45,41,0,112,5,3,1,,3,1,0.228516,0.0972231,0.264574,0.36747,0.310515,0.368611,0.300382,0.679126,0.140095,2.77548,0.292737,-0.41724,-0.552003,45.6283,-4.35245,87.2695,-0.969243,6.8451,-7.316084206104279,14.795101165771484,2.25476,413.5299987792969,,,,,,,399.5,3.733644859,399.5,3.733644859,,,,,,,,,,,,,,,,,,,"Carlos Narvaez","19722",665966
"Josh Naylor","SEA",144,623,561,144,95,29,0,20,72,78,52,2,99,6,4,0,,18,4,0.25724,0.0832243,0.158141,0.526267,0.323925,0.417086,0.322053,0.741011,0.159846,4.24724,0.278038,-0.757316,1.02597,78.1635,4.55122,112.925,0.268657,1.77734,9.759513467550278,-9.597663283348083,2.21041,64.94000244140625,,,,,,,714.5,4.961805555,714.5,4.961805555,,,,,,,,,,,,,,,,,,,"Josh Naylor","18839",647304
"Matt Wallner","MIN",110,476,413,101,55,22,3,22,66,67,48,2,146,11,3,0,,5,2,0.244366,0.101823,0.306116,0.332629,0.337319,0.468335,0.346823,0.805654,0.223969,4.82838,0.317917,-0.35118,-0.722016,69.2932,13.0501,122.699,-1.0732,-1.04609,11.66150987148285,-6.446088552474976,2.2098,363.7300109863281,,,,,,,621.2,5.647272727,621.2,5.647272727,,,,,,,,,,,,,,,,,,,"Matt Wallner","26466",670242
"Addison Barger","TOR",120,518,466,116,67,28,1,19,63,71,43,1,127,4,4,1,,5,2,0.248331,0.0831758,0.244712,0.339892,0.315515,0.436027,0.324343,0.751541,0.187696,3.87082,0.298946,0,-0.50486,65.9528,4.74715,108.575,-0.50486,1.83171,4.7303454875946045,-1.01828932762146,2.20389,195.63999938964844,,,,,,,594,4.95,594,4.95,,,,,,,,,,,,,,,,,,,"Addison Barger","24598",680718
"Brandon Marsh","PHI",115,497,440,112,72,22,3,16,65,57,49,1,140,3,3,2,,11,3,0.254023,0.0990139,0.280913,0.352472,0.330607,0.42311,0.327646,0.753717,0.169087,5.74772,0.333853,0.405566,0.448048,64.612,5.88762,108.423,0.853614,2.71846,5.814933717250824,-1.0065393447875977,2.18373,645.5499877929688,,,,,,,587,5.104347826,587,5.104347826,,,,,,,,,,,,,,,,,,,"Brandon Marsh","20202",669016
"Michael Busch","CHC",139,602,530,131,77,26,1,27,76,83,60,2,151,8,4,0,,3,1,0.247313,0.098869,0.251401,0.393273,0.330478,0.453009,0.338118,0.783487,0.205696,3.01506,0.293076,-0.895404,-0.905471,83.381,12.25,118.999,-1.80088,0.295343,11.755006670951843,-10.504657596349716,2.17711,105.94999694824219,,,,,,,745.4,5.362589928,745.4,5.362589928,,,,,,,,,,,,,,,,,,,"Michael Busch","26319",683737
"Miguel Vargas","CHW",139,602,526,127,80,29,1,17,71,69,64,1,112,6,4,1,,10,2,0.241742,0.106655,0.18625,0.572644,0.329235,0.398047,0.319302,0.727282,0.156305,4.23283,0.274754,-0.0761663,0.114173,74.1841,3.05318,104.242,0.0380066,-4.00276,3.0475814640522003,-2.55276095867157,2.17053,298.67999267578125,,,,,,,658.2,4.735251798,658.2,4.735251798,,,,,,,,,,,,,,,,,,,"Miguel Vargas","20178",678246
"Teoscar Hernández","LAD",138,595,545,141,83,28,1,29,74,91,40,2,158,6,4,1,,8,2,0.257858,0.0665786,0.266201,0.250107,0.312501,0.472214,0.335367,0.784715,0.214356,3.90247,0.308142,-0.838608,-0.306157,81.0824,10.7785,115.832,-1.14477,-2.30904,10.019606113433838,-8.684041976928711,2.162,128.9600067138672,,,,,,,751.7,5.447101449,751.7,5.447101449,,,,,,,,,,,,,,,,,,,"Teoscar Hernandez","13066",606192
"Luis Arraez","SFG",144,623,577,172,133,31,3,5,75,57,37,1,33,5,4,0,,8,4,0.298122,0.0588595,0.0531788,1.10682,0.342474,0.388799,0.320288,0.731273,0.0906766,4.15098,0.306901,0.43599,-1.14222,77.2706,3.65831,107.386,-0.706234,-3.24663,4.747319519519806,-4.371634006500244,2.15911,283.1600036621094,,,,,,,670.2,4.654166666,670.2,4.654166666,,,,,,,,,,,,,,,,,,,"Luis Arraez","18568",650333
"Ramón Laureano","SDP",128,553,497,123,75,23,2,22,68,72,40,2,144,11,4,1,,10,4,0.246765,0.072989,0.260303,0.2804,0.314728,0.435867,0.324279,0.750595,0.189103,4.61571,0.2998,-0.65531,-0.193559,70.3804,5.03924,111.465,-0.84887,1.91709,6.665627419948578,-4.007912516593933,2.15431,223.38999938964844,,,,,,,637.5,4.98046875,637.5,4.98046875,,,,,,,,,,,,,,,,,,,"Ramon Laureano","17128",657656
"Max Muncy","LAD",105,455,384,86,49,16,1,20,58,60,62,1,112,6,3,0,,3,1,0.224319,0.136704,0.245499,0.55684,0.338171,0.429686,0.335312,0.767857,0.205367,3.21393,0.257559,-1.00398,-0.569915,61.9839,8.22217,115.794,-1.5739,-2.35755,6.943313717842102,-1.0325512886047363,2.15355,241.02999877929688,,,,,,,544.6,5.186666666,544.6,5.186666666,,,,,,,,,,,,,,,,,,,"Max Muncy","13301",571970
"Konnor Griffin","PIT",113,490,445,114,77,21,2,14,58,52,28,1,128,12,3,2,,28,7,0.25567,0.0570814,0.261127,0.218596,0.314138,0.405094,0.313235,0.719232,0.149424,6.35276,0.326634,-0.119603,2.05832,57.9688,0.0715602,98.2777,1.93872,-1.6564,0.9384692907333374,3.5936018228530884,2.13163,999,,,,,,,550.9,4.875221238,550.9,4.875221238,,,,,,,,,,,,,,,,,,,"Konnor Griffin","sa3065496",804606
"Ernie Clement","TOR",149,644,599,157,111,32,2,11,70,65,33,0,70,4,5,3,,10,5,0.261299,0.0510674,0.108919,0.468855,0.30222,0.375797,0.295867,0.678017,0.114498,4.41164,0.279161,0.776788,-0.72876,67.1066,-8.98694,88.9594,0.0480276,4.54435,-8.332136571407318,6.944350242614746,2.12581,345.8299865722656,,,,,,,603.8,4.052348993,603.8,4.052348993,,,,,,,,,,,,,,,,,,,"Ernie Clement","20352",676391
"Jake Cronenworth","SDP",146,630,545,126,84,26,3,14,75,62,66,1,124,12,4,2,,5,2,0.231634,0.104817,0.196356,0.53381,0.325778,0.366125,0.307622,0.691903,0.134491,4.10292,0.272433,0.116797,-0.918151,71.6605,-2.77885,100.055,-0.801354,-1.14482,-0.7602857127785683,0.30518078804016113,2.09793,743.6900024414062,,,,,,,622.6,4.264383561,622.6,4.264383561,,,,,,,,,,,,,,,,,,,"Jake Cronenworth","18036",630105
"Denzel Clarke","ATH",97,420,375,87,53,19,4,11,55,45,34,0,132,7,3,2,,16,3,0.232085,0.080007,0.313581,0.255139,0.30486,0.392327,0.304675,0.697187,0.160241,7.36749,0.323171,0.0940235,1.38769,46.7685,-2.85778,91.6032,1.48172,6.92713,-2.6748414039611816,8.427126407623291,2.06753,739.97998046875,,,,,,,438.5,4.520618556,438.5,4.520618556,,,,,,,,,,,,,,,,,,,"Denzel Clarke","29858",672016
"Jakob Marsee","MIA",133,574,491,109,73,21,3,13,69,54,68,1,129,9,4,2,,41,9,0.222601,0.118055,0.224229,0.526491,0.325201,0.354925,0.304256,0.680126,0.132324,6.77129,0.273432,0.619386,3.38992,63.7217,-4.10081,92.6691,4.00931,0.325982,-0.9779987335205078,2.075982391834259,2.06621,137.6999969482422,,,,,,,603.3,4.536090225,603.3,4.536090225,,,,,,,,,,,,,,,,,,,"Jakob Marsee","31370",805300
"Luis García Jr.","WSN",115,497,460,125,83,25,2,16,58,61,30,1,77,2,3,2,,13,5,0.272102,0.0598039,0.154877,0.386139,0.316229,0.437217,0.324379,0.753446,0.165115,4.69653,0.294606,-0.0389713,-0.294195,63.2939,4.5695,107.815,-0.333166,2.76528,4.2705241441726685,-0.9097244739532471,2.03562,253.36000061035156,,,,,,,581,5.052173913,581,5.052173913,,,,,,,,,,,,,,,,,,,"Luis Garcia Jr.","20391",671277
"Josh Smith","TEX",117,504,439,107,74,22,1,10,60,50,48,1,95,11,4,2,,10,3,0.245071,0.0954254,0.188102,0.507308,0.332964,0.370695,0.312649,0.70366,0.125624,4.81258,0.288823,-0.0240396,0.0597416,59.3853,-0.166174,101.321,0.035702,0.274494,0.8206475637853146,1.724494308233261,2.0352,480.70001220703125,,,,,,,511.3,4.37008547,511.3,4.37008547,,,,,,,,,,,,,,,,,,,"Josh Smith","26396",669701
"Caleb Durbin","BOS",130,560,497,126,87,28,0,10,61,57,39,1,67,17,4,2,,26,6,0.253039,0.070368,0.120143,0.585701,0.326625,0.37308,0.309818,0.699704,0.120041,4.92039,0.272528,0.41916,1.66636,64.6965,-1.47185,93.7697,2.08552,0.465689,-2.026665687561035,2.465689182281494,2.01692,224.39999389648438,,,,,,,584.4,4.495384615,584.4,4.495384615,,,,,,,,,,,,,,,,,,,"Caleb Durbin","29646",702332
"Vinnie Pasquantino","KCR",147,637,573,153,94,32,2,25,81,87,54,2,88,6,4,0,,2,0,0.267019,0.0841254,0.138078,0.609262,0.333438,0.459038,0.341088,0.792476,0.192019,2.86068,0.2758,-1.30012,-0.75048,89.7648,14.4983,116.49,-2.0506,-0.518911,10.329821586608887,-12.543910384178162,2.01662,76.6500015258789,,,,,,,806.8,5.488435374,806.8,5.488435374,,,,,,,,,,,,,,,,,,,"Vinnie Pasquantino","27676",686469
"Trevor Story","BOS",154,665,607,146,94,30,1,21,72,79,44,1,179,7,5,2,,27,5,0.240783,0.066496,0.269923,0.246352,0.297846,0.397245,0.302414,0.695091,0.156462,5.02589,0.3043,0.310893,2.41064,72.8296,-5.74532,88.6694,2.72153,-4.33188,-6.159179210662842,2.7931203842163086,1.99736,109.04000091552734,,,,,,,691,4.487012987,691,4.487012987,,,,,,,,,,,,,,,,,,,"Trevor Story","12564",596115
"Garrett Mitchell","MIL",92,399,352,86,55,16,3,12,52,43,39,1,113,4,3,1,,15,3,0.24335,0.0975753,0.283781,0.34384,0.322779,0.404781,0.31771,0.72756,0.161431,6.68602,0.321745,0.123864,1.19073,48.653,1.50807,103.982,1.31459,1.83894,3.197465419769287,2.9639413356781006,1.98857,690.780029296875,,,,,,,455,4.945652173,455,4.945652173,,,,,,,,,,,,,,,,,,,"Garrett Mitchell","27555",669003
"J.T. Realmuto","PHI",126,500,453,112,73,22,2,16,59,59,34,1,121,8,3,2,,7,2,0.247914,0.067367,0.242345,0.27798,0.308648,0.408162,0.311586,0.71681,0.160248,4.41147,0.302082,-0.408571,-0.312601,58.459,-0.59622,97.421,-0.721173,-4.49375,-2.248912751674652,4.9562482833862305,1.97829,214.4499969482422,,,,,,,533.5,4.234126984,533.5,4.234126984,,,,,,,,,,,,,,,,,,,"J.T. Realmuto","11739",592663
"Freddy Fermin","SDP",122,480,436,103,74,18,0,11,48,46,35,0,97,3,3,2,,3,1,0.237073,0.0722863,0.202872,0.356314,0.295759,0.35329,0.286263,0.649049,0.116217,2.7726,0.279829,0.137705,-0.712226,46.2745,-10.4412,85.4233,-0.574521,2.71652,-8.867175579071045,12.091520309448242,1.96379,724.2000122070312,,,,,,,413.3,3.387704918,413.3,3.387704918,,,,,,,,,,,,,,,,,,,"Freddy Fermin","21840",666023
"Jorge Polanco","NYM",125,539,479,118,75,23,0,20,64,70,53,2,110,4,4,0,,7,3,0.24608,0.0975625,0.204001,0.478244,0.323293,0.421932,0.323942,0.745225,0.175852,3.20844,0.276684,-0.314225,-0.528913,68.4511,4.76411,110.797,-0.843138,4.91229,6.054019093513489,-5.012710094451904,1.94127,213.47999572753906,,,,,,,612.4,4.8992,612.4,4.8992,,,,,,,,,,,,,,,,,,,"Jorge Polanco","13152",593871
"Sal Frelick","MIL",118,511,457,120,88,21,3,8,62,48,43,1,73,5,4,3,,15,4,0.262759,0.0839945,0.143576,0.585018,0.330455,0.371545,0.309815,0.702,0.108786,5.41935,0.296129,0.591264,0.377038,59.0345,-1.34406,98.5733,0.968303,6.44785,0.10425132513046265,1.7728548049926758,1.93148,217.1199951171875,,,,,,,529.5,4.487288135,529.5,4.487288135,,,,,,,,,,,,,,,,,,,"Sal Frelick","29622",686217
"Ozzie Albies","ATL",146,630,571,145,96,30,2,18,76,75,48,1,97,5,4,1,,12,3,0.253735,0.0759167,0.153654,0.494077,0.315105,0.405163,0.31349,0.720268,0.151428,4.78785,0.276184,0.250986,0.265123,74.662,0.222684,99.8653,0.516109,-4.80242,0.41550295799970627,-2.5524191856384277,1.92586,153.0800018310547,,,,,,,682,4.671232876,682,4.671232876,,,,,,,,,,,,,,,,,,,"Ozzie Albies","16556",645277
"Jake Meyers","HOU",109,469,419,104,72,20,2,10,54,48,38,1,97,6,3,2,,13,4,0.248389,0.0814843,0.20785,0.392034,0.317785,0.377909,0.306126,0.695693,0.129519,5.07318,0.297849,0.25992,0.310712,52.7776,-2.63833,95.9982,0.570632,2.47009,-1.641466498374939,4.145092725753784,1.9077,743.8499755859375,,,,,,,472.3,4.333027522,472.3,4.333027522,,,,,,,,,,,,,,,,,,,"Jake Meyers","20308",676694
"Jonathan India","KCR",115,497,430,109,73,23,1,12,61,53,50,1,89,12,3,2,,5,3,0.253378,0.100477,0.179102,0.561002,0.344943,0.39578,0.327163,0.740723,0.142403,3.5962,0.291739,0.381503,-1.01757,64.417,5.69262,106.897,-0.636069,-0.267853,3.404100179672241,-1.8928531110286713,1.90477,603.8200073242188,,,,,,,552.7,4.806086956,552.7,4.806086956,,,,,,,,,,,,,,,,,,,"Jonathan India","21523",663697
"Lars Nootbaar","STL",115,497,432,105,68,21,1,15,61,55,57,1,100,3,3,1,,6,3,0.244009,0.115572,0.201313,0.574091,0.334745,0.404286,0.324076,0.739031,0.160277,3.93377,0.281687,0.42511,-0.736231,63.1715,4.44711,109.736,-0.311121,1.61493,5.423607587814331,-3.4100719690322876,1.89778,736.0800170898438,,,,,,,546.6,4.753043478,546.6,4.753043478,,,,,,,,,,,,,,,,,,,"Lars Nootbaar","21454",663457
"Jordan Lawlar","ARI",117,504,448,107,67,23,4,12,65,53,43,1,130,7,4,2,,23,5,0.238969,0.0860284,0.258533,0.332755,0.313321,0.392244,0.308759,0.705565,0.153275,7.07029,0.307113,0.264092,1.78478,57.7934,-1.75804,96.1106,2.04887,0.874927,-0.27442193031311035,1.9249271750450134,1.88446,268.9700012207031,,,,,,,533.2,4.557264957,533.2,4.557264957,,,,,,,,,,,,,,,,,,,"Jordan Lawlar","29976",691783
"Carson Kelly","CHC",94,373,330,77,52,14,1,11,41,40,35,1,74,4,3,1,,2,0,0.23366,0.094574,0.199427,0.47423,0.313022,0.375943,0.303754,0.688964,0.142283,2.91398,0.267931,-0.860877,-0.359925,41.2559,-2.81689,95.4584,-1.2208,2.74897,-3.22858202457428,9.098971128463745,1.87029,621.02001953125,,,,,,,371.7,3.954255319,371.7,3.954255319,,,,,,,,,,,,,,,,,,,"Carson Kelly","13620",608348
"Yandy Díaz","TBR",151,651,577,159,109,31,1,19,80,75,62,2,99,6,5,2,,2,1,0.276015,0.0945708,0.152005,0.622156,0.349289,0.428282,0.338641,0.77757,0.152266,2.53747,0.303066,-0.885831,-1.23107,90.4439,13.5233,116.938,-2.1169,0.0141564,10.879634141921997,-15.110843633301556,1.85955,137.4499969482422,,,,,,,792.6,5.249006622,792.6,5.249006622,,,,,,,,,,,,,,,,,,,"Yandy Diaz","16578",650490
"Christian Yelich","MIL",146,630,552,140,94,24,1,20,78,73,68,2,153,5,4,1,,20,4,0.253396,0.108285,0.243308,0.445051,0.338179,0.412828,0.328483,0.751007,0.159432,5.04457,0.312376,1.07227,1.06008,82.3308,7.89143,111.361,2.13235,0.716321,10.615579605102539,-13.533679485321045,1.84594,126.1500015258789,,,,,,,741.1,5.076027397,741.1,5.076027397,,,,,,,,,,,,,,,,,,,"Christian Yelich","11477",592885
"Isaac Collins","KCR",104,448,385,95,63,20,4,8,60,44,52,1,87,6,3,2,,17,5,0.247086,0.115015,0.193873,0.593248,0.342086,0.384171,0.321437,0.726257,0.137084,6.2915,0.296194,0.20908,0.50784,55.9835,3.04882,102.953,0.71692,4.96735,2.276211202144623,0.16735076904296875,1.82761,664.0900268554688,,,,,,,495.3,4.7625,495.3,4.7625,,,,,,,,,,,,,,,,,,,"Isaac Collins","25477",686555
"Jesús Sánchez","TOR",97,420,377,95,57,19,2,16,54,55,36,1,102,3,3,1,,10,3,0.25085,0.0851753,0.242045,0.351899,0.318712,0.439909,0.327202,0.758621,0.189058,5.14426,0.299135,-0.0862038,0.216416,54.4503,4.82402,110.545,0.130212,2.66348,5.349957913160324,-2.0365166664123535,1.81801,584.6199951171875,,,,,,,499.5,5.149484536,499.5,5.149484536,,,,,,,,,,,,,,,,,,,"Jesus Sanchez","19913",660821
"Josh Jung","TEX",128,553,509,126,82,24,1,19,61,67,33,1,139,5,4,2,,5,2,0.247244,0.0598185,0.251458,0.237886,0.297434,0.410121,0.306195,0.707555,0.162877,3.36789,0.300921,-0.97866,-0.77815,62.261,-3.08022,96.8753,-1.75681,0.536513,-3.793440580368042,2.5115127563476562,1.81619,631.2899780273438,,,,,,,568.4,4.440625,568.4,4.440625,,,,,,,,,,,,,,,,,,,"Josh Jung","26299",673962
"Spencer Torkelson","DET",147,637,556,132,77,28,1,26,77,84,69,2,160,7,4,0,,2,1,0.236897,0.108867,0.251182,0.433418,0.326864,0.429273,0.328668,0.756138,0.192376,2.80126,0.28303,0.111947,-0.933624,83.3411,8.0746,110.7,-0.821677,0.0623478,7.211611568927765,-11.562652237713337,1.79799,182.72999572753906,,,,,,,743.5,5.057823129,743.5,5.057823129,,,,,,,,,,,,,,,,,,,"Spencer Torkelson","27465",679529
"Heliot Ramos","SFG",147,637,574,146,95,27,3,21,79,76,48,2,153,9,4,1,,7,3,0.253953,0.0759233,0.240176,0.316115,0.319419,0.420469,0.321069,0.739888,0.166516,4.31718,0.308088,-0.303848,-0.798472,79.4114,4.14491,107.921,-1.10232,-1.00302,4.878173112869263,-8.52802288532257,1.7949,218.39999389648438,,,,,,,712.3,4.845578231,712.3,4.845578231,,,,,,,,,,,,,,,,,,,"Heliot Ramos","22515",671218
"Carter Jensen","KCR",99,401,354,86,52,17,3,12,53,45,43,1,99,1,3,1,,3,1,0.241941,0.106886,0.246829,0.433038,0.32351,0.415341,0.321637,0.738852,0.173401,5.06553,0.298571,0.0242758,-0.374666,50.2004,2.79548,103.091,-0.35039,0.352511,1.111166536808014,2.5775111615657806,1.7902,999,,,,,,,441.7,4.461616161,441.7,4.461616161,,,,,,,,,,,,,,,,,,,"Carter Jensen","29478",695600
"Brett Baty","NYM",100,434,389,97,63,17,1,16,52,53,38,1,107,4,3,0,,3,3,0.249016,0.0875571,0.245687,0.356377,0.319316,0.420796,0.321346,0.740112,0.17178,3.04643,0.299773,-0.139285,-1.13292,54.2018,2.9214,109.018,-1.2722,4.61229,3.3667162656784058,-0.38770580291748047,1.78211,294.57000732421875,,,,,,,482.9,4.829,482.9,4.829,,,,,,,,,,,,,,,,,,,"Brett Baty","26123",683146
"Ryan McMahon","NYY",113,490,431,94,58,19,1,16,52,53,52,0,150,3,3,1,,3,2,0.217822,0.105407,0.306284,0.344147,0.303603,0.376045,0.299452,0.679648,0.158224,3.00186,0.290166,0.118548,-0.883502,52.4853,-5.41196,91.953,-0.764955,4.00687,-5.412292540073395,5.756867408752441,1.76076,728.6500244140625,,,,,,,471.7,4.174336283,471.7,4.174336283,,,,,,,,,,,,,,,,,,,"Ryan McMahon","15112",641857
"Tyler O'Neill","BAL",100,434,384,92,54,16,1,21,55,62,42,1,123,5,3,0,,6,1,0.240758,0.0961259,0.284194,0.338241,0.321216,0.452364,0.333386,0.773579,0.211606,4.11576,0.294033,0.0299643,0.162299,58.4445,7.16409,115.646,0.192263,0.050203,8.19530625641346,-6.399797283113003,1.712,521.22998046875,,,,,,,530.3,5.303,530.3,5.303,,,,,,,,,,,,,,,,,,,"Tyler O'Neill","15711",641933
"Adolis García","PHI",141,609,557,134,80,28,1,26,70,83,41,1,159,6,4,1,,14,4,0.241158,0.0679614,0.260414,0.260974,0.298004,0.432549,0.314519,0.730553,0.191392,4.261,0.287978,0.0355169,0.383641,72.6817,0.723707,99.4301,0.419158,2.95422,0.007820039987564087,-3.570784330368042,1.70848,217.13999938964844,,,,,,,681.1,4.830496453,681.1,4.830496453,,,,,,,,,,,,,,,,,,,"Adolis Garcia","19287",666969
"Agustín Ramírez","MIA",122,500,454,113,68,26,1,18,59,65,37,1,103,4,3,1,,13,3,0.249831,0.0743903,0.205712,0.361624,0.310407,0.429821,0.319497,0.740228,0.17999,4.69443,0.283939,-0.52526,0.470917,61.6692,2.61394,103.11,-0.0543435,-1.26819,1.7876930236816406,-1.793186068534851,1.70074,83.9800033569336,,,,,,,568.4,4.659016393,568.4,4.659016393,,,,,,,,,,,,,,,,,,,"Agustin Ramirez","26546",682663
"Tyler Stephenson","CIN",112,450,397,96,61,19,0,16,51,54,44,1,120,5,3,1,,1,1,0.242787,0.0967363,0.266652,0.362781,0.323011,0.412672,0.321166,0.735683,0.169885,2.01695,0.304918,-0.282092,-1.01185,56.1342,2.96321,100.714,-1.29395,-1.94571,-0.9132628738880157,2.4792855978012085,1.69201,281.25,,,,,,,492.2,4.394642857,492.2,4.394642857,,,,,,,,,,,,,,,,,,,"Tyler Stephenson","17988",663886
"Ke'Bryan Hayes","CIN",123,532,483,117,84,22,2,10,56,50,38,0,106,4,4,3,,11,3,0.242504,0.0709791,0.199755,0.355331,0.300463,0.358128,0.290143,0.658591,0.115624,4.73379,0.288784,0.258839,0.141303,52.9634,-9.89648,79.4624,0.400142,9.36423,-12.549451917409897,11.264233946800232,1.67941,999,,,,,,,479.9,3.901626016,479.9,3.901626016,,,,,,,,,,,,,,,,,,,"Ke'Bryan Hayes","18577",663647
"Willson Contreras","BOS",141,609,531,129,79,27,1,23,74,78,54,2,161,19,4,0,,6,2,0.242764,0.0891987,0.265119,0.336448,0.331905,0.425652,0.330587,0.757557,0.182888,3.40926,0.301826,-0.822344,-0.677096,80.6269,8.66885,108.077,-1.49944,2.61197,4.298048257827759,-8.863026142120361,1.6775,168.3699951171875,,,,,,,716.4,5.080851063,716.4,5.080851063,,,,,,,,,,,,,,,,,,,"Willson Contreras","11609",575929
"Sal Stewart","CIN",117,504,451,114,71,25,0,17,57,64,44,1,105,4,4,1,,7,2,0.252295,0.0866473,0.208426,0.415723,0.321481,0.42473,0.323887,0.746212,0.172436,3.32252,0.289995,0.0344552,-0.140169,63.9841,4.43257,102.578,-0.105714,6.52549,1.4344260841608047,-2.074514865875244,1.65011,176.3800048828125,,,,,,,571.4,4.883760683,571.4,4.883760683,,,,,,,,,,,,,,,,,,,"Sal Stewart","31505",701398
"Jared Triolo","PIT",120,518,455,109,76,22,2,9,57,48,53,0,117,4,4,3,,15,3,0.238944,0.102621,0.225916,0.454243,0.321217,0.353309,0.30024,0.674526,0.114364,5.02921,0.29994,-0.185886,0.723404,55.8162,-5.38949,89.3759,0.537518,2.80185,-5.985029339790344,4.80184531211853,1.6422,731.989990234375,,,,,,,506.3,4.219166666,506.3,4.219166666,,,,,,,,,,,,,,,,,,,"Jared Triolo","25807",669707
"Marcelo Mayer","BOS",99,427,387,98,60,23,2,13,51,52,33,1,104,2,3,1,,5,2,0.252836,0.0781631,0.243818,0.32058,0.312668,0.420416,0.317344,0.733084,0.16758,4.36537,0.311248,0.19105,-0.393878,51.9404,1.48701,98.9544,-0.202828,0.906315,-0.7290685623884201,2.081315338611603,1.642,624.6099853515625,,,,,,,471,4.757575757,471,4.757575757,,,,,,,,,,,,,,,,,,,"Marcelo Mayer","29668",691785
"Kyle Teel","CHW",94,380,330,79,55,14,0,10,42,39,43,1,96,3,3,1,,5,1,0.240958,0.113113,0.253271,0.446609,0.331531,0.373125,0.312694,0.704655,0.132167,3.18529,0.307961,-0.213362,-0.305832,44.7414,-0.111238,99.6899,-0.519194,0.58684,-0.657927542924881,3.6368396878242493,1.64152,230.25,,,,,,,391.7,4.167021276,391.7,4.167021276,,,,,,,,,,,,,,,,,,,"Kyle Teel","33549",691019
"Dylan Crews","WSN",138,595,537,130,84,24,4,18,70,64,41,1,132,11,4,2,,26,9,0.241441,0.068963,0.222266,0.310272,0.305871,0.399807,0.307475,0.705678,0.158366,6.1368,0.28559,0.324037,0.77331,67.6083,-2.69557,96.2356,1.09735,1.13027,-1.5572885274887085,-2.2447335720062256,1.63636,172.89999389648438,,,,,,,632.8,4.585507246,632.8,4.585507246,,,,,,,,,,,,,,,,,,,"Dylan Crews","33541",686611
"Willi Castro","COL",125,539,475,123,81,25,5,13,70,56,45,1,117,12,4,3,,15,6,0.257925,0.0832753,0.216632,0.384409,0.335302,0.408349,0.325757,0.743652,0.150424,6.20579,0.314403,0.439631,-0.119646,69.2458,5.55878,95.0866,0.319986,-0.948842,-2.818837285041809,0.8761582374572754,1.63598,258.7300109863281,,,,,,,619.7,4.9576,619.7,4.9576,,,,,,,,,,,,,,,,,,,"Willi Castro","17338",650489
"Parker Meadows","DET",97,420,375,88,56,16,5,11,58,44,38,0,103,2,3,1,,12,3,0.234793,0.0902184,0.245112,0.368071,0.306943,0.394294,0.305867,0.701237,0.159502,7.12783,0.2913,0.460984,0.564926,47.1752,-2.45106,94.9935,1.02591,1.22243,-1.4523913860321045,2.7224340438842773,1.60894,999,,,,,,,430.5,4.438144329,430.5,4.438144329,,,,,,,,,,,,,,,,,,,"Parker Meadows","23800",678009
"Brenton Doyle","COL",138,595,547,133,85,24,3,20,67,68,38,0,158,3,4,2,,22,5,0.242465,0.0638282,0.264749,0.241089,0.293418,0.407652,0.303576,0.70107,0.165187,5.67013,0.301132,0.381688,1.63814,65.7247,-4.57914,79.8916,2.01983,5.93754,-12.160558223724365,8.062536716461182,1.60608,167.6300048828125,,,,,,,623.3,4.516666666,623.3,4.516666666,,,,,,,,,,,,,,,,,,,"Brenton Doyle","25479",686668
"Kerry Carpenter","DET",113,490,449,115,69,21,3,23,65,69,31,2,114,7,3,0,,3,2,0.256708,0.0629993,0.231753,0.271839,0.312166,0.468925,0.333839,0.781091,0.212217,3.96529,0.292059,-0.204666,-0.972809,66.1657,8.2684,114.262,-1.17747,1.24613,7.059142112731934,-8.303865909576416,1.59815,235.3300018310547,,,,,,,603.3,5.338938053,603.3,5.338938053,,,,,,,,,,,,,,,,,,,"Kerry Carpenter","25961",681481
"Victor Caratini","MIN",97,400,358,89,63,15,0,10,43,42,31,0,75,7,3,1,,2,1,0.248834,0.0771803,0.187309,0.412049,0.319151,0.380422,0.308197,0.699574,0.131589,2.64024,0.285801,-0.902657,-0.617718,45.7082,-1.57852,96.0912,-1.52038,4.95991,-3.3640717267990112,5.1599133014678955,1.59301,691.260009765625,,,,,,,392.9,4.050515463,392.9,4.050515463,,,,,,,,,,,,,,,,,,,"Victor Caratini","14968",605170
"Carson Benge","NYM",84,364,321,78,50,15,2,10,47,40,35,1,83,5,3,1,,6,1,0.241503,0.094967,0.226667,0.418971,0.32148,0.398504,0.31513,0.719984,0.157001,5.34087,0.290923,0,0.10374,43.6225,0.613121,104.76,0.10374,4.40049,2.1573586761951447,1.3004908561706543,1.59282,999,,,,,,,393.3,4.682142857,393.3,4.682142857,,,,,,,,,,,,,,,,,,,"Carson Benge","sa3025452",701807
"Owen Caissie","MIA",97,420,372,92,56,21,2,13,51,50,41,1,125,3,3,1,,3,3,0.246637,0.0982566,0.297067,0.330755,0.324188,0.417429,0.322627,0.741616,0.170791,3.57129,0.331472,0.0659092,-1.21131,52.8902,3.26394,105.254,-1.1454,5.11143,1.4698898792266846,0.11143302917480469,1.59145,591.5599975585938,,,,,,,467,4.814432989,467,4.814432989,,,,,,,,,,,,,,,,,,,"Owen Caissie","27496",683357
"Jake Burger","TEX",138,595,547,137,82,24,2,29,72,84,35,2,147,8,4,0,,2,2,0.249709,0.0588872,0.246744,0.238657,0.302849,0.459177,0.32607,0.762026,0.209468,2.85434,0.286847,-0.173682,-1.12263,76.5909,6.2871,110.566,-1.29631,-0.468942,6.113639950752258,-11.19394251704216,1.57547,237.80999755859375,,,,,,,701,5.079710144,701,5.079710144,,,,,,,,,,,,,,,,,,,"Jake Burger","22275",669394
"Logan O'Hoppe","LAA",113,452,408,97,62,15,1,19,50,55,34,1,121,5,3,1,,3,2,0.237894,0.0760465,0.267011,0.284807,0.30331,0.416558,0.312267,0.719868,0.178664,2.89505,0.287952,-1.12444,-0.881797,53.0711,-0.288951,98.4747,-2.00623,-4.28138,-2.818083941936493,2.66861629486084,1.57499,245.42999267578125,,,,,,,480.1,4.248672566,480.1,4.248672566,,,,,,,,,,,,,,,,,,,"Logan O'Hoppe","24729",681351
"Gabriel Arias","CLE",107,462,420,99,63,21,3,12,53,51,31,0,137,5,3,2,,11,4,0.23554,0.0673106,0.296791,0.226795,0.294147,0.387665,0.296898,0.681812,0.152125,5.46575,0.315861,0.386521,-0.0250076,48.5284,-6.06043,90.2505,0.361513,0.0733123,-4.947311669588089,4.423312202095985,1.57329,747.1400146484375,,,,,,,442.9,4.139252336,442.9,4.139252336,,,,,,,,,,,,,,,,,,,"Gabriel Arias","22563",672356
"Ha-Seong Kim","ATL",96,413,361,87,61,17,1,8,48,41,44,0,77,4,3,1,,16,4,0.240934,0.105796,0.185725,0.569638,0.326426,0.36109,0.3058,0.687517,0.120156,5.15355,0.282162,0.0400331,0.98479,46.3665,-2.43268,94.5972,1.02482,-1.20206,-1.6197881698608398,3.2229400873184204,1.56986,743.3599853515625,,,,,,,419.6,4.370833333,419.6,4.370833333,,,,,,,,,,,,,,,,,,,"Ha-Seong Kim","27506",673490
"Brooks Lee","MIN",138,595,545,136,92,27,1,15,65,66,41,0,105,3,4,3,,4,2,0.249774,0.0686204,0.175885,0.390144,0.303178,0.389372,0.301886,0.69255,0.139598,3.23757,0.281419,-0.722962,-0.845358,64.908,-5.39584,91.7435,-1.56832,-4.27367,-7.358415603637695,2.0013318061828613,1.54715,521.6500244140625,,,,,,,575.6,4.171014492,575.6,4.171014492,,,,,,,,,,,,,,,,,,,"Brooks Lee","31595",686797
"Josh Lowe","LAA",115,497,448,111,69,23,2,16,61,61,43,1,133,2,3,1,,24,3,0.247871,0.0858184,0.26732,0.321033,0.313942,0.41798,0.317197,0.731921,0.170109,6.42236,0.314052,-0.295284,2.61644,60.3958,1.67143,101.871,2.32115,-0.256129,3.417115807533264,-5.481128931045532,1.53898,305.4100036621094,,,,,,,574.3,4.993913043,574.3,4.993913043,,,,,,,,,,,,,,,,,,,"Josh Lowe","19953",666139
"Brayan Rocchio","CLE",117,504,450,107,72,24,2,9,55,48,40,0,93,8,4,3,,13,6,0.238053,0.0798165,0.184874,0.431735,0.309087,0.359775,0.295797,0.668862,0.121722,4.82729,0.279403,-0.175825,-0.525464,52.4893,-7.06219,89.4915,-0.701289,0.929438,-6.9435508251190186,4.579438090324402,1.53292,999,,,,,,,466.7,3.988888888,466.7,3.988888888,,,,,,,,,,,,,,,,,,,"Brayan Rocchio","23690",677587
"Yoán Moncada","LAA",105,455,401,98,61,19,1,16,56,55,44,1,120,5,3,1,,2,1,0.244212,0.0966791,0.263825,0.366451,0.324589,0.41797,0.323399,0.742558,0.173758,3.20162,0.305886,-0.393222,-0.725928,57.583,3.82125,106.143,-1.11915,-3.46528,2.175259590148926,-3.040279746055603,1.51375,747.4099731445312,,,,,,,507,4.828571428,507,4.828571428,,,,,,,,,,,,,,,,,,,"Yoan Moncada","17232",660162
"Harrison Bader","SFG",123,532,483,117,80,22,1,13,58,55,35,0,123,8,4,2,,16,6,0.242188,0.0652531,0.232131,0.281104,0.301358,0.375617,0.296782,0.676975,0.133429,4.99836,0.296716,-0.0155126,0.024041,55.8309,-7.02897,91.2836,0.0085284,0.589873,-5.487429450266063,2.489872932434082,1.50422,504.4599914550781,,,,,,,506.5,4.117886178,506.5,4.117886178,,,,,,,,,,,,,,,,,,,"Harrison Bader","18030",664056
"Bryan Reynolds","PIT",149,644,574,144,92,29,3,21,80,76,56,2,154,8,5,1,,6,2,0.250542,0.0873046,0.238749,0.365675,0.324088,0.417971,0.322839,0.742059,0.167429,4.28839,0.304995,-0.0310057,-0.588157,81.209,5.11548,104.856,-0.619163,-2.91752,3.0876498222351074,-10.317517518997192,1.45245,203.88999938964844,,,,,,,728.8,4.891275167,728.8,4.891275167,,,,,,,,,,,,,,,,,,,"Bryan Reynolds","19326",668804
"Nolan Arenado","ARI",141,609,556,134,92,28,0,14,63,65,42,0,91,5,4,1,,3,2,0.241238,0.0695698,0.150173,0.463266,0.298232,0.369717,0.293138,0.667949,0.12848,2.68828,0.263773,-0.242308,-1.09203,62.1103,-9.84779,85.4102,-1.33434,3.69612,-11.865144968032837,5.671117782592773,1.43929,675.1900024414062,,,,,,,548.3,3.888652482,548.3,3.888652482,,,,,,,,,,,,,,,,,,,"Nolan Arenado","9777",571448
"Justin Crawford","PHI",110,476,436,115,84,21,3,7,56,44,31,0,103,2,3,4,,27,7,0.262679,0.0649944,0.215615,0.301437,0.311788,0.374602,0.30043,0.68639,0.111923,6.5304,0.32545,-0.0374348,1.93143,51.3639,-4.87918,89.7789,1.894,0.269207,-3.872347354888916,1.8692070543766022,1.41534,999,,,,,,,482.5,4.386363636,482.5,4.386363636,,,,,,,,,,,,,,,,,,,"Justin Crawford","sa3020240",702222
"Nolan Schanuel","LAA",143,616,533,139,101,25,1,12,74,61,68,2,86,9,4,2,,7,1,0.260996,0.110996,0.139951,0.793105,0.352361,0.381469,0.325736,0.73383,0.120473,3.58402,0.288744,-1.10821,-0.369831,79.1271,6.34191,107.753,-1.47804,-0.597634,4.150612711906433,-11.597634375095367,1.40728,581.97998046875,,,,,,,677.9,4.74055944,677.9,4.74055944,,,,,,,,,,,,,,,,,,,"Nolan Schanuel","33189",694384
"Dylan Beavers","BAL",89,385,334,81,52,16,2,11,51,43,45,1,91,2,3,1,,12,3,0.241967,0.116636,0.237263,0.491588,0.33299,0.398779,0.32141,0.731769,0.156812,5.78439,0.298592,-0.0379601,0.533492,48.1022,2.6115,107.395,0.495532,0.0795723,3.8512633442878723,-3.5454277396202087,1.38704,430.54998779296875,,,,,,,436.2,4.901123595,436.2,4.901123595,,,,,,,,,,,,,,,,,,,"Dylan Beavers","31695",687637
"Jonathan Aranda","TBR",141,609,534,133,88,25,0,20,70,71,59,2,157,11,4,1,,2,1,0.248906,0.0969504,0.2585,0.37505,0.333272,0.407856,0.324672,0.741128,0.15895,2.1057,0.313449,-1.68666,-1.20581,77.7022,5.74419,107.316,-2.89246,1.96443,2.3589789867401123,-9.810574054718018,1.38216,195.9499969482422,,,,,,,682.3,4.839007092,682.3,4.839007092,,,,,,,,,,,,,,,,,,,"Jonathan Aranda","21837",666018
"Eugenio Suárez","CIN",143,616,549,127,72,24,0,30,71,85,53,1,178,11,4,0,,3,2,0.231714,0.0853798,0.288991,0.295441,0.308808,0.443264,0.324623,0.752071,0.21155,2.61843,0.280778,-1.61108,-0.894255,78.5705,5.78533,103.082,-2.50534,4.28467,-0.25519537925720215,-6.765329360961914,1.37855,100.44999694824219,,,,,,,705.9,4.936363636,705.9,4.936363636,,,,,,,,,,,,,,,,,,,"Eugenio Suarez","12552",553993
"TJ Friedl","CIN",144,623,542,131,92,23,3,13,78,56,61,1,107,13,4,2,,13,3,0.241912,0.0979463,0.171058,0.572592,0.330899,0.367177,0.310435,0.698076,0.125264,5.41432,0.277111,0.357014,0.040653,72.2869,-1.32531,93.363,0.397667,-2.48562,-4.503001511096954,-2.8606162071228027,1.36728,262.80999755859375,,,,,,,635.9,4.415972222,635.9,4.415972222,,,,,,,,,,,,,,,,,,,"TJ Friedl","19522",670770
"Christian Walker","HOU",136,588,528,123,75,23,1,24,67,76,48,1,147,8,4,0,,3,1,0.232276,0.0814267,0.250346,0.325256,0.303481,0.416308,0.312395,0.719789,0.184032,2.75222,0.272599,-0.777384,-0.834458,69.1614,-0.315318,100.316,-1.61184,5.03994,-1.3927859961986542,-5.510056495666504,1.36435,208.6699981689453,,,,,,,629.7,4.630147058,629.7,4.630147058,,,,,,,,,,,,,,,,,,,"Christian Walker","13419",572233
"Zach McKinstry","DET",94,406,362,86,57,16,5,8,54,39,35,0,87,4,3,2,,14,4,0.237931,0.0863247,0.214567,0.40232,0.309903,0.377329,0.301734,0.687232,0.139398,7.00557,0.28898,0.635143,0.487663,44.2401,-3.73196,92.146,1.12281,2.52596,-2.6354880332946777,1.8259621858596802,1.34688,492.55999755859375,,,,,,,402.1,4.277659574,402.1,4.277659574,,,,,,,,,,,,,,,,,,,"Zach McKinstry","19392",656716
"Ryan O'Hearn","PIT",126,546,487,127,85,25,2,15,65,62,49,1,104,5,4,1,,4,1,0.260352,0.0897397,0.191065,0.469681,0.332199,0.412598,0.324999,0.744797,0.152246,3.65259,0.300265,-0.695173,-0.583136,69.8087,5.29462,106.336,-1.27831,0.106223,2.822005867958069,-7.893777094781399,1.33966,280.5400085449219,,,,,,,615.9,4.888095238,615.9,4.888095238,,,,,,,,,,,,,,,,,,,"Ryan O'Hearn","16442",656811
"Cam Smith","HOU",117,504,448,108,70,21,3,13,64,54,44,1,128,6,4,2,,6,2,0.240454,0.0879311,0.254272,0.345815,0.315343,0.390142,0.309104,0.705485,0.149688,5.19654,0.305065,0.318308,-0.427532,57.9348,-1.61667,98.0495,-0.109223,1.7929,-1.2678580731153488,-3.007096529006958,1.33742,380.75,,,,,,,512.8,4.382905982,512.8,4.382905982,,,,,,,,,,,,,,,,,,,"Cam Smith","35108",701358
"Davis Schneider","TOR",75,322,277,61,37,12,1,12,39,38,40,1,87,3,2,0,,4,1,0.221587,0.122795,0.271001,0.453116,0.323758,0.397643,0.317389,0.721402,0.176057,3.86079,0.275868,-0.178413,-0.199382,39.1797,1.13294,103.785,-0.377795,2.55623,1.0585364997386932,0.9062286615371704,1.33492,999,,,,,,,351.7,4.689333333,351.7,4.689333333,,,,,,,,,,,,,,,,,,,"Davis Schneider","23565",676914
"Alec Burleson","STL",139,602,551,149,101,27,1,19,68,73,42,2,86,4,4,1,,6,2,0.269777,0.0696299,0.142511,0.488591,0.32337,0.427071,0.324744,0.75044,0.157294,3.34549,0.287459,-0.842622,-0.448815,76.844,5.71307,110.193,-1.29144,-2.213,5.9812915325164795,-12.96300482749939,1.33487,176.8800048828125,,,,,,,689.8,4.962589928,689.8,4.962589928,,,,,,,,,,,,,,,,,,,"Alec Burleson","27615",676475
"José Caballero","NYY",71,308,266,59,40,12,1,6,34,29,32,0,78,6,2,2,,33,8,0.221599,0.105061,0.252293,0.416425,0.316708,0.339866,0.29492,0.656574,0.118267,6.2942,0.286935,-0.0118514,2.71901,31.8576,-4.53501,88.8313,2.70716,1.51155,-1.3472330570220947,3.561549663543701,1.31115,204.64999389648438,,,,,,,315.6,4.445070422,315.6,4.445070422,,,,,,,,,,,,,,,,,,,"Jose Caballero","23401",676609
"Chase DeLauter","CLE",113,490,438,110,71,24,1,14,56,56,45,1,96,2,3,1,,3,1,0.251119,0.0916232,0.19525,0.469262,0.321268,0.407063,0.31737,0.728331,0.155944,3.05424,0.28918,-0.0379642,-0.733402,59.614,1.7167,104.353,-0.771366,-0.949174,1.7424870133399963,-5.799173533916473,1.31045,999,,,,,,,528.8,4.679646017,528.8,4.679646017,,,,,,,,,,,,,,,,,,,"Chase DeLauter","32127",800050
"Danny Jansen","TEX",89,352,307,68,42,14,0,12,39,40,37,1,80,5,2,0,,1,0,0.222085,0.10602,0.227031,0.466987,0.313845,0.38474,0.307934,0.698585,0.162655,2.06579,0.258468,-0.587233,-0.498325,40.1279,-1.46358,98.0734,-1.08556,-4.33996,-1.8848606944084167,2.5350356101989746,1.30606,999,,,,,,,355.1,3.98988764,355.1,3.98988764,,,,,,,,,,,,,,,,,,,"Danny Jansen","16535",643376
"Pedro Pagés","STL",91,358,325,74,50,14,1,9,37,36,26,0,91,3,3,2,,1,0,0.228394,0.0719467,0.253357,0.283974,0.289237,0.361394,0.285963,0.650632,0.133,2.7293,0.285941,-0.533211,-0.452027,34.4643,-7.88344,83.627,-0.985238,1.59369,-7.940141081809998,8.5936918258667,1.28685,999,,,,,,,309.2,3.397802197,309.2,3.397802197,,,,,,,,,,,,,,,,,,,"Pedro Pages","25782",686780
"Luis Torrens","NYM",55,218,198,46,30,9,0,6,23,25,16,0,50,2,2,1,,1,0,0.232743,0.0715332,0.229228,0.312061,0.292505,0.380029,0.293834,0.672534,0.147287,2.93746,0.276666,-0.085842,-0.271029,22.3154,-3.39576,90.1721,-0.356871,3.95836,-2.8915016651153564,8.208357810974121,1.28468,999,,,,,,,198,3.6,198,3.6,,,,,,,,,,,,,,,,,,,"Luis Torrens","15905",620443
"Spencer Horwitz","PIT",115,497,432,112,74,27,0,11,58,56,55,1,91,5,3,2,,2,2,0.259396,0.110102,0.183178,0.601066,0.346782,0.398595,0.328334,0.745377,0.139198,2.10066,0.302852,-0.483515,-1.2491,64.8895,6.16514,108.621,-1.73261,1.67816,3.345402479171753,-7.396838068962097,1.27726,739.7899780273438,,,,,,,555.1,4.826956521,555.1,4.826956521,,,,,,,,,,,,,,,,,,,"Spencer Horwitz","26477",687462
"Kyle Isbel","KCR",113,490,445,108,74,22,5,8,60,44,34,0,91,5,3,3,,10,4,0.243528,0.069447,0.185415,0.374549,0.301697,0.365255,0.292887,0.666952,0.121727,5.99332,0.287562,0.843324,-0.257015,49.8736,-8.02367,83.2858,0.58631,2.92026,-9.066534698009491,4.670259237289429,1.27571,999,,,,,,,452.1,4.000884955,452.1,4.000884955,,,,,,,,,,,,,,,,,,,"Kyle Isbel","21614",664728
"Tommy Edman","LAD",115,497,452,107,72,21,2,11,55,52,34,0,88,5,3,2,,11,2,0.236263,0.0686852,0.177955,0.385969,0.295106,0.366469,0.290406,0.661575,0.130207,5.02618,0.26824,0.294887,0.566704,49.5852,-9.1392,85.0319,0.861591,2.01799,-7.955329656600952,3.842986583709717,1.27103,726.9099731445312,,,,,,,455.2,3.958260869,455.2,3.958260869,,,,,,,,,,,,,,,,,,,"Tommy Edman","19470",669242
"Nick Gonzales","PIT",97,420,381,97,64,22,3,8,52,44,28,1,89,6,3,2,,2,2,0.255293,0.0662194,0.212767,0.31123,0.313296,0.392067,0.307733,0.705363,0.136774,4.39114,0.311346,0.187442,-1.06838,47.8115,-1.81477,94.5088,-0.880942,-1.0284,-3.6144103407859802,1.7216030359268188,1.23601,999,,,,,,,418.5,4.314432989,418.5,4.314432989,,,,,,,,,,,,,,,,,,,"Nick Gonzales","27490",693304
"Miguel Amaya","CHC",73,291,260,61,41,12,1,8,32,30,23,0,60,6,2,1,,1,0,0.236605,0.077414,0.207171,0.373672,0.30875,0.377401,0.30181,0.686151,0.140796,3.11544,0.27762,-0.367332,-0.455889,31.7271,-2.65677,94.1271,-0.823221,1.01486,-2.8487579822540283,5.1898592710494995,1.23008,736.3400268554688,,,,,,,286.2,3.920547945,286.2,3.920547945,,,,,,,,,,,,,,,,,,,"Miguel Amaya","21693",665804
"Gavin Lux","TBR",105,455,402,100,69,21,2,7,54,44,45,1,104,2,3,2,,3,1,0.247858,0.0995771,0.228909,0.435008,0.324618,0.367126,0.305758,0.691744,0.119268,4.25273,0.313933,0.10184,-0.47565,51.0659,-2.69583,94.2865,-0.37381,-1.94037,-3.437780261039734,-0.26537156105041504,1.22337,747.4400024414062,,,,,,,440,4.19047619,440,4.19047619,,,,,,,,,,,,,,,,,,,"Gavin Lux","19955",666158
"Nolan Gorman","STL",123,532,475,104,63,20,0,21,57,64,51,1,166,2,4,0,,4,1,0.219509,0.0957816,0.311163,0.307818,0.296156,0.398186,0.302555,0.694343,0.178678,3.04012,0.283951,-1.29755,-0.407933,58.3245,-4.53539,94.993,-1.70548,2.60086,-4.862575173377991,-0.8991360664367676,1.22141,678.3200073242188,,,,,,,526.6,4.281300813,526.6,4.281300813,,,,,,,,,,,,,,,,,,,"Nolan Gorman","22263",669357
"Luke Raley","SEA",81,350,308,71,44,13,1,13,42,42,26,1,102,13,2,0,,6,2,0.231577,0.073226,0.29163,0.251092,0.315464,0.405025,0.315394,0.720488,0.173448,4.76984,0.299274,-0.306569,-0.0691027,42.0198,0.664581,108.338,-0.375671,1.46692,3.0639857947826385,-3.5830787420272827,1.17939,999,,,,,,,378,4.666666666,378,4.666666666,,,,,,,,,,,,,,,,,,,"Luke Raley","19354",670042
"Kyle Manzardo","CLE",120,518,457,107,63,24,1,20,60,67,51,1,117,6,4,0,,2,1,0.234495,0.0989478,0.225593,0.438612,0.316903,0.422082,0.321079,0.738986,0.187587,2.40004,0.268592,-0.0449086,-0.879854,64.5801,3.37445,106.907,-0.924762,0.656146,3.292393147945404,-9.643853962421417,1.17427,245.5399932861328,,,,,,,577.5,4.8125,577.5,4.8125,,,,,,,,,,,,,,,,,,,"Kyle Manzardo","29794",700932
"Giancarlo Stanton","NYY",96,413,369,87,48,13,0,25,51,65,39,1,127,2,3,0,,1,0,0.23696,0.0947691,0.307235,0.308458,0.311237,0.479841,0.337689,0.791078,0.242881,1.78241,0.283052,-1.00405,-0.598043,57.0592,8.26011,118.293,-1.6021,0.0206699,7.302483916282654,-10.204329539090395,1.15746,256.7799987792969,,,,,,,515.8,5.372916666,515.8,5.372916666,,,,,,,,,,,,,,,,,,,"Giancarlo Stanton","4949",519317
"Victor Scott II","STL",133,574,514,114,83,20,3,8,59,45,43,0,122,9,4,4,,39,8,0.222175,0.0751498,0.212962,0.35288,0.291494,0.319447,0.273192,0.610941,0.0972724,6.6135,0.273681,0.413526,3.80269,49.245,-18.5775,74.8785,4.21621,3.0231,-12.874164581298828,5.07309889793396,1.15573,367.19000244140625,,,,,,,482.4,3.627067669,482.4,3.627067669,,,,,,,,,,,,,,,,,,,"Victor Scott II","31349",687363
"Mike Yastrzemski","ATL",110,476,419,95,58,20,2,16,59,57,49,1,114,4,3,0,,5,2,0.226238,0.103407,0.238539,0.433502,0.311742,0.394455,0.309389,0.706197,0.168217,4.35514,0.269817,-0.0366173,-0.515984,54.8262,-1.41687,97.0555,-0.552601,2.68936,-2.2137380242347717,-2.410644769668579,1.14715,655.5499877929688,,,,,,,495.7,4.506363636,495.7,4.506363636,,,,,,,,,,,,,,,,,,,"Mike Yastrzemski","14854",573262
"Carson Williams","TBR",97,420,376,81,46,15,4,15,53,47,36,0,147,5,3,0,,14,5,0.214338,0.0856165,0.349798,0.24476,0.288677,0.39792,0.2984,0.686598,0.183582,6.73154,0.300692,-0.13533,-0.0296707,44.6287,-4.99754,89.2179,-0.165001,-2.27023,-5.502364605665207,2.2297654151916504,1.14417,747.280029296875,,,,,,,420.5,4.335051546,420.5,4.335051546,,,,,,,,,,,,,,,,,,,"Carson Williams","30038",700246
"Andrew Vaughn","MIL",130,560,506,128,80,26,1,21,66,74,43,2,111,6,4,1,,1,0,0.253908,0.0760119,0.197677,0.384526,0.317274,0.434616,0.324833,0.751889,0.180708,2.40678,0.283769,-1.07735,-0.720483,71.5232,5.35485,108.861,-1.79784,-1.62991,4.083048224449158,-11.62991213798523,1.13408,279.57000732421875,,,,,,,638.2,4.909230769,638.2,4.909230769,,,,,,,,,,,,,,,,,,,"Andrew Vaughn","26197",683734
"Austin Hays","CHW",112,483,439,108,69,23,2,15,56,57,33,1,116,6,3,2,,6,2,0.245886,0.0679225,0.23976,0.283293,0.304645,0.405713,0.308445,0.710358,0.159827,4.46966,0.299041,-0.0280318,-0.389519,55.2624,-1.80777,96.763,-0.417551,2.53508,-2.260302096605301,-3.339918613433838,1.12788,629.7999877929688,,,,,,,507.7,4.533035714,507.7,4.533035714,,,,,,,,,,,,,,,,,,,"Austin Hays","19363",669720
"Mauricio Dubón","ATL",99,427,393,100,73,21,1,6,45,41,26,0,57,3,3,2,,4,1,0.254645,0.0602276,0.134125,0.449042,0.30262,0.354702,0.289292,0.657323,0.100058,3.5171,0.283263,-0.0123182,-0.369889,42.215,-8.23838,83.2883,-0.382207,4.22904,-8.839703738689423,5.604039669036865,1.12244,747.3300170898438,,,,,,,381.8,3.856565656,381.8,3.856565656,,,,,,,,,,,,,,,,,,,"Mauricio Dubon","16530",643289
"Wenceel Pérez","DET",86,371,334,81,53,15,4,9,50,39,30,0,77,2,3,2,,10,3,0.243814,0.0817792,0.208131,0.392921,0.309295,0.395947,0.307269,0.705242,0.152132,6.74161,0.289198,0.552126,0.309894,42.0935,-1.74296,95.9589,0.86202,2.73057,-0.905005931854248,-0.9444289207458496,1.11723,747.3699951171875,,,,,,,377.1,4.38488372,377.1,4.38488372,,,,,,,,,,,,,,,,,,,"Wenceel Perez","22857",672761
"Matt Shaw","CHC",63,273,243,59,38,11,2,9,35,31,24,1,55,3,2,0,,11,3,0.244523,0.0894044,0.201685,0.443287,0.319053,0.411568,0.318028,0.730621,0.167045,5.97131,0.279788,0.119705,0.385561,33.3594,1.10235,105.237,0.505266,2.76357,2.1998037099838257,-0.5114257335662842,1.10202,331.6300048828125,,,,,,,308.8,4.901587301,308.8,4.901587301,,,,,,,,,,,,,,,,,,,"Matt Shaw","33322",807713
"Mickey Moniak","COL",112,483,448,119,71,22,5,21,67,64,27,1,119,4,3,1,,10,4,0.266053,0.0556291,0.246929,0.225284,0.311466,0.478035,0.336372,0.789501,0.211982,6.24725,0.316528,-0.215433,-0.199276,66.2138,9.14367,102.358,-0.414709,1.9197,0.9350105822086334,-6.255297899246216,1.09978,245.85000610351562,,,,,,,608.9,5.436607142,608.9,5.436607142,,,,,,,,,,,,,,,,,,,"Mickey Moniak","19956",666160
"Jac Caglianone","KCR",105,455,412,106,66,21,2,18,58,58,34,1,96,6,3,1,,2,1,0.257688,0.0738189,0.210419,0.350818,0.320442,0.447232,0.33066,0.767675,0.189544,3.83505,0.293685,0.048069,-0.593229,60.2655,6.50372,109.307,-0.54516,-3.7276,4.445757806301117,-9.402600765228271,1.0951,179.52000427246094,,,,,,,544.1,5.181904761,544.1,5.181904761,,,,,,,,,,,,,,,,,,,"Jac Caglianone","35041",695506
"Brady House","WSN",126,546,510,125,84,23,1,16,56,59,24,0,146,6,4,3,,5,2,0.244561,0.044228,0.268254,0.164873,0.284171,0.387214,0.29129,0.671386,0.142653,3.67675,0.310417,0.0740392,-0.717307,54.8658,-9.64833,85.1485,-0.643268,0.756745,-10.25404179096222,2.706744968891144,1.08638,724.8699951171875,,,,,,,506.7,4.021428571,506.7,4.021428571,,,,,,,,,,,,,,,,,,,"Brady House","29993",691781
"Mark Vientos","NYM",102,441,400,97,59,19,1,19,53,61,34,1,115,4,3,0,,1,1,0.243111,0.0768444,0.259794,0.295789,0.306414,0.437899,0.320568,0.744314,0.194788,2.43831,0.289474,-0.604151,-0.767541,54.7975,2.68995,108.486,-1.37169,2.45817,3.063477039337158,-7.216826677322388,1.07621,589.0800170898438,,,,,,,495.7,4.859803921,495.7,4.859803921,,,,,,,,,,,,,,,,,,,"Mark Vientos","22184",668901
"Jeff McNeil","ATH",134,581,517,132,91,29,2,10,67,58,47,1,78,11,4,2,,5,1,0.254487,0.0800933,0.134829,0.594036,0.326351,0.372951,0.309039,0.699302,0.118465,4.20018,0.281626,-1.33325,-0.224852,66.755,-1.89466,94.6095,-1.5581,-5.60794,-5.249399304389954,-4.232943058013916,1.07579,484.7200012207031,,,,,,,592.4,4.420895522,592.4,4.420895522,,,,,,,,,,,,,,,,,,,"Jeff McNeil","15362",643446
"Edgar Quero","CHW",117,483,424,105,74,20,0,11,52,49,46,1,92,8,3,2,,1,1,0.247539,0.0954679,0.189713,0.503223,0.329851,0.371707,0.311108,0.701559,0.124168,1.6693,0.289819,-0.617387,-1.21207,56.3066,-0.763604,98.5972,-1.82946,-1.46579,-2.6280471086502075,-3.565788984298706,1.06714,509.3399963378906,,,,,,,486.5,4.158119658,486.5,4.158119658,,,,,,,,,,,,,,,,,,,"Edgar Quero","28022",700337
"Henry Davis","PIT",65,256,226,52,33,11,1,7,28,27,22,0,65,6,2,1,,4,1,0.228979,0.0842261,0.252159,0.33402,0.310872,0.376058,0.303118,0.68693,0.147079,4.17792,0.285713,-0.19029,-0.144095,28.183,-2.06537,91.3473,-0.334385,-0.258716,-2.959725499153137,4.741283804178238,1.05369,747.1300048828125,,,,,,,257.4,3.96,257.4,3.96,,,,,,,,,,,,,,,,,,,"Henry Davis","29617",680779
"Noelvi Marte","CIN",113,490,446,113,73,23,1,16,56,59,33,1,110,5,3,2,,14,5,0.252365,0.068197,0.225392,0.30257,0.308803,0.414662,0.313662,0.723465,0.162297,4.9355,0.299418,0.190192,0.226186,58.1388,0.241568,95.5738,0.416378,1.35826,-2.154135912656784,-3.8917399644851685,1.04937,142.47000122070312,,,,,,,536.2,4.745132743,536.2,4.745132743,,,,,,,,,,,,,,,,,,,"Noelvi Marte","26517",682622
"Cole Young","SEA",91,392,343,81,55,16,2,8,47,38,39,1,74,6,3,2,,6,3,0.235421,0.0983931,0.188064,0.52319,0.320337,0.362585,0.302879,0.682922,0.127164,4.58711,0.275998,0.0381352,-0.667913,43.079,-3.23885,99.717,-0.629778,-4.00881,-0.7605421990156174,-2.5088071823120117,1.04591,999,,,,,,,381.6,4.193406593,381.6,4.193406593,,,,,,,,,,,,,,,,,,,"Cole Young","31680",702284
"Graham Pauley","MIA",68,294,263,62,39,13,1,9,32,33,25,0,62,3,2,1,,4,1,0.234324,0.0854936,0.21106,0.405068,0.306005,0.390776,0.304893,0.69678,0.156452,3.88135,0.271696,-0.146146,-0.216737,32.79,-1.94832,93.1055,-0.362883,4.06889,-2.7652604281902313,3.018888235092163,1.02671,999,,,,,,,301,4.426470588,301,4.426470588,,,,,,,,,,,,,,,,,,,"Graham Pauley","31363",688363
"Nick Fortes","TBR",79,314,284,65,45,13,1,6,31,29,20,0,55,6,2,2,,2,1,0.228633,0.0628979,0.175689,0.358008,0.29001,0.344621,0.280815,0.634631,0.115988,3.35497,0.26059,0.130389,-0.43908,28.8454,-8.20888,77.1042,-0.308691,1.64802,-8.77130514383316,7.773022294044495,1.00218,999,,,,,,,258.8,3.275949367,258.8,3.275949367,,,,,,,,,,,,,,,,,,,"Nick Fortes","21538",663743
"Joc Pederson","TEX",97,420,364,87,53,16,1,17,53,52,45,1,94,8,3,0,,3,2,0.238372,0.107254,0.224311,0.478149,0.333061,0.424378,0.330605,0.757439,0.186006,3.52422,0.273866,-0.363293,-0.873627,55.6108,5.98457,113.691,-1.23692,0.141069,5.540245294570923,-10.208931505680084,1.00134,999,,,,,,,494.2,5.09484536,494.2,5.09484536,,,,,,,,,,,,,,,,,,,"Joc Pederson","11899",592626
"Jake McCarthy","COL",81,350,315,86,59,15,5,7,49,33,24,0,61,6,2,2,,15,3,0.273367,0.0686502,0.174555,0.393287,0.334009,0.415155,0.326309,0.749164,0.141787,7.55552,0.318281,0.526812,0.98465,45.1216,3.76645,95.4647,1.51146,1.0672,-0.3698807954788208,-1.6827956438064575,0.981372,608.0399780273438,,,,,,,414.5,5.11728395,414.5,5.11728395,,,,,,,,,,,,,,,,,,,"Jake McCarthy","21622",664983
"Lourdes Gurriel Jr.","ARI",110,476,437,113,76,23,1,13,54,56,29,1,79,5,3,2,,7,3,0.259364,0.0612933,0.166212,0.368766,0.310738,0.409819,0.312731,0.720557,0.150454,4.0825,0.287354,-0.143786,-0.312306,56.1176,-0.125426,98.8314,-0.456092,2.6205,-1.1153696775436401,-5.179498910903931,0.976242,690.739990234375,,,,,,,497.3,4.52090909,497.3,4.52090909,,,,,,,,,,,,,,,,,,,"Lourdes Gurriel Jr.","19238",666971
"Brooks Baldwin","CHW",83,357,326,80,53,15,1,11,38,40,25,0,82,2,2,1,,8,2,0.245276,0.0709133,0.229595,0.308862,0.300531,0.399963,0.304323,0.700494,0.154687,4.29254,0.291221,0.218807,0.0896232,39.6513,-2.531,93.9233,0.30843,0.115452,-2.248427242040634,-0.5095478892326355,0.974975,746.9199829101562,,,,,,,365.2,4.4,365.2,4.4,,,,,,,,,,,,,,,,,,,"Brooks Baldwin","31394",681460
"Jacob Young","WSN",73,315,283,68,52,12,1,3,32,24,22,0,57,5,2,3,,17,4,0.240049,0.0697424,0.180103,0.387236,0.303693,0.323667,0.280377,0.62736,0.0836182,5.84937,0.287804,0.621338,1.12282,28.8623,-8.35736,77.6727,1.74416,4.45315,-6.5915327072143555,5.578152656555176,0.968567,999,,,,,,,268.6,3.679452054,268.6,3.679452054,,,,,,,,,,,,,,,,,,,"Jacob Young","29931",696285
"Lane Thomas","KCR",97,420,378,92,58,19,2,12,50,49,33,0,99,4,3,1,,17,6,0.242416,0.0792396,0.236434,0.335145,0.309011,0.401797,0.309811,0.710809,0.159382,5.67139,0.294258,0.200083,0.287089,48.52,-1.10621,94.9443,0.487172,-0.692614,-2.0154768228530884,-3.0926140546798706,0.956379,716.6099853515625,,,,,,,443,4.567010309,443,4.567010309,,,,,,,,,,,,,,,,,,,"Lane Thomas","16939",657041
"Liam Hicks","MIA",71,297,255,61,45,12,0,4,31,25,31,0,49,7,2,2,,1,0,0.239186,0.105718,0.165476,0.638875,0.335581,0.336235,0.303556,0.671816,0.0970481,2.57427,0.278233,-0.149354,-0.376758,32.7581,-2.28752,92.1897,-0.526111,3.7677,-3.271702289581299,2.7177016735076904,0.952934,747.3699951171875,,,,,,,274.9,3.871830985,274.9,3.871830985,,,,,,,,,,,,,,,,,,,"Liam Hicks","29844",689414
"Joey Bart","PIT",71,282,247,58,40,11,0,7,31,28,27,0,77,5,2,1,,1,1,0.2364,0.0941944,0.274281,0.343424,0.321148,0.368577,0.305845,0.689725,0.132177,2.55924,0.312018,-0.446075,-0.510775,31.6248,-1.64837,93.2156,-0.95685,-2.44746,-3.221185088157654,3.052544593811035,0.941302,999,,,,,,,270.6,3.811267605,270.6,3.811267605,,,,,,,,,,,,,,,,,,,"Joey Bart","21524",663698
"Edouard Julien","COL",92,399,339,81,53,16,1,11,46,41,53,1,111,3,3,1,,5,1,0.239457,0.133529,0.277388,0.481382,0.346128,0.390778,0.326699,0.736906,0.151321,3.56726,0.317589,-0.387589,-0.390315,51.5648,4.41991,95.7315,-0.777905,-1.72562,-2.796478807926178,-1.4506151378154755,0.92365,747.4000244140625,,,,,,,444.8,4.834782608,444.8,4.834782608,,,,,,,,,,,,,,,,,,,"Edouard Julien","27534",666397
"George Valera","CLE",92,399,354,80,51,15,1,12,45,44,40,0,108,2,3,1,,2,2,0.225284,0.0990139,0.271146,0.365169,0.304643,0.380495,0.300869,0.685138,0.155211,3.01027,0.28494,-0.0656281,-0.990897,43.1973,-3.94763,92.9859,-1.05653,5.28923,-4.355041861534119,-0.38576602935791016,0.920007,747.0499877929688,,,,,,,380.2,4.132608695,380.2,4.132608695,,,,,,,,,,,,,,,,,,,"George Valera","22541",671655
"Dominic Canzone","SEA",97,420,383,94,60,18,0,16,48,54,31,1,97,3,3,1,,5,2,0.245798,0.0727037,0.231537,0.314004,0.303624,0.4218,0.313296,0.725424,0.176002,3.37106,0.285731,-0.441117,-0.376049,49.7085,0.0822974,106.893,-0.817166,0.687215,2.5952230095863342,-8.11278522014618,0.914485,478.6099853515625,,,,,,,451.9,4.658762886,451.9,4.658762886,,,,,,,,,,,,,,,,,,,"Dominic Canzone","26438",686527
"Luis Campusano","SDP",45,182,162,39,26,7,0,5,20,20,17,0,37,1,1,0,,0,0,0.240746,0.0915198,0.201241,0.454778,0.314311,0.384584,0.306884,0.698896,0.143838,1.63044,0.277437,0.0722011,-0.345321,20.5475,-0.909921,99.549,-0.273119,0.957667,-0.3701886981725693,3.257667124271393,0.913585,999,,,,,,,177.7,3.948888888,177.7,3.948888888,,,,,,,,,,,,,,,,,,,"Luis Campusano","22217",669134
"Colt Emerson","SEA",78,336,297,67,45,14,1,7,37,32,29,0,81,6,2,2,,5,1,0.225087,0.0855568,0.241736,0.353926,0.303874,0.346294,0.289221,0.650168,0.121207,4.51219,0.284307,-0.081645,-0.146179,33.1991,-6.50188,90.3089,-0.227824,-0.0270793,-4.06563001871109,1.372920647263527,0.907703,999,,,,,,,302,3.871794871,302,3.871794871,,,,,,,,,,,,,,,,,,,"Colt Emerson","sa3022923",806068
"Nathan Lukes","TOR",68,294,266,68,48,14,1,6,33,31,23,0,49,2,2,2,,3,2,0.256806,0.076801,0.166598,0.460996,0.3181,0.381393,0.306815,0.699493,0.124588,3.86868,0.292916,-0.00339161,-0.497549,33.2489,-1.4895,96.5009,-0.50094,2.97847,-1.7134296894073486,0.32847023010253906,0.893602,999,,,,,,,292.6,4.302941176,292.6,4.302941176,,,,,,,,,,,,,,,,,,,"Nathan Lukes","18123",664770
"Jordan Walker","STL",123,532,481,120,77,26,3,15,64,60,40,1,135,5,4,2,,10,3,0.250488,0.0743634,0.254016,0.292751,0.312438,0.409684,0.31369,0.722121,0.159195,5.12065,0.315275,0.155699,-0.272584,63.1342,0.27427,102.621,-0.116885,-4.60226,1.5356851369142532,-10.502259254455566,0.893515,427.1199951171875,,,,,,,570.1,4.634959349,570.1,4.634959349,,,,,,,,,,,,,,,,,,,"Jordan Walker","27475",691023
"Jonny DeLuca","TBR",68,294,266,62,39,12,2,9,36,32,22,0,61,4,2,1,,10,2,0.233727,0.0741708,0.207784,0.356961,0.298346,0.392931,0.301113,0.691278,0.159205,6.48179,0.270437,0.0566866,0.830825,31.8878,-2.85061,91.087,0.887511,1.98368,-2.2009778022766113,0.7336806058883667,0.885178,999,,,,,,,303.4,4.461764705,303.4,4.461764705,,,,,,,,,,,,,,,,,,,"Jonny DeLuca","26365",676356
"Connor Norby","MIA",117,504,458,110,71,23,1,15,54,58,36,1,133,5,4,1,,9,3,0.240832,0.0724126,0.263144,0.275183,0.301344,0.394617,0.303196,0.695961,0.153785,4.09246,0.302988,-0.382102,-0.331444,55.517,-4.03444,91.943,-0.713546,-3.8788,-5.526366829872131,-2.62880277633667,0.881221,724.760009765625,,,,,,,503.1,4.3,503.1,4.3,,,,,,,,,,,,,,,,,,,"Connor Norby","29592",681393
"Jake Rogers","DET",49,192,172,38,24,8,1,6,21,21,16,0,53,2,1,0,,1,0,0.220217,0.0851964,0.274887,0.309932,0.29175,0.380486,0.294257,0.672237,0.160269,3.55788,0.276444,-0.0514769,-0.257342,19.7559,-2.93034,86.9957,-0.308819,1.47468,-3.251610517501831,5.2246822118759155,0.877985,999,,,,,,,182,3.714285714,182,3.714285714,,,,,,,,,,,,,,,,,,,"Jake Rogers","19452",668670
"Ramón Urías","STL",75,322,290,72,49,14,1,9,35,34,25,0,68,4,2,1,,2,1,0.247823,0.0771286,0.210023,0.367239,0.313572,0.389864,0.308043,0.703436,0.142041,3.40793,0.292736,-0.275214,-0.343486,36.7366,-1.31022,98.7528,-0.618701,-2.27606,-1.0946829617023468,-1.1260560750961304,0.868866,999,,,,,,,332.1,4.428,332.1,4.428,,,,,,,,,,,,,,,,,,,"Ramon Urias","18795",602104
"Coby Mayo","BAL",44,189,168,41,23,9,1,8,25,26,17,1,52,2,1,0,,1,0,0.242506,0.0897433,0.277115,0.323849,0.317797,0.441786,0.32767,0.759583,0.19928,4.0629,0.303259,0.0551291,-0.217176,24.5745,2.24268,111.708,-0.162047,-0.83533,2.445984274148941,-0.46032994985580444,0.868708,520.719970703125,,,,,,,227.5,5.170454545,227.5,5.170454545,,,,,,,,,,,,,,,,,,,"Coby Mayo","28312",691723
"Harry Ford","WSN",60,245,208,48,32,9,0,5,27,23,29,0,56,4,2,1,,5,2,0.227927,0.119471,0.229712,0.52009,0.332616,0.353945,0.308074,0.686561,0.126018,3.87027,0.283268,0,-0.211078,27.9121,-0.989278,96.6456,-0.211078,0.779189,-1.1835300922393799,1.5041889548301697,0.865417,699.4600219726562,,,,,,,236.8,3.946666666,236.8,3.946666666,,,,,,,,,,,,,,,,,,,"Harry Ford","29958",695670
"Zach Cole","HOU",81,350,312,68,38,14,3,12,45,41,30,0,132,6,2,0,,11,3,0.216502,0.0843918,0.377708,0.223432,0.294174,0.397772,0.301467,0.691946,0.181269,7.00317,0.325513,-0.0508338,0.551426,38.0622,-3.29295,92.7885,0.500592,0.543397,-2.4742771983146667,-1.206602692604065,0.855901,740.0999755859375,,,,,,,359.8,4.441975308,359.8,4.441975308,,,,,,,,,,,,,,,,,,,"Zach Cole","31583",805904
"Christian Moore","LAA",78,336,299,69,44,12,2,10,40,35,31,0,103,2,2,1,,5,2,0.229274,0.0934917,0.306574,0.304957,0.304803,0.384712,0.302183,0.689514,0.155438,5.16655,0.310544,-0.0261097,-0.297698,36.7352,-2.96578,91.5285,-0.323808,-0.745103,-3.67863392829895,0.45489734411239624,0.853372,747.0900268554688,,,,,,,330.5,4.237179487,330.5,4.237179487,,,,,,,,,,,,,,,,,,,"Christian Moore","34979",695681
"Joey Loperfido","HOU",100,434,393,94,60,19,2,12,50,49,29,0,119,7,3,2,,9,2,0.2386,0.0665152,0.275076,0.241807,0.30074,0.391201,0.30197,0.691941,0.152601,5.21677,0.308003,-0.0637023,0.193063,47.3743,-3.90615,93.1347,0.129361,1.11706,-3.382369875907898,-3.282943606376648,0.846356,999,,,,,,,432.2,4.322,432.2,4.322,,,,,,,,,,,,,,,,,,,"Joey Loperfido","29630",694388
"Luisangel Acuña","CHW",94,406,375,94,69,17,2,6,42,35,24,0,80,1,3,3,,24,6,0.250135,0.0589205,0.197069,0.298984,0.295405,0.351606,0.284199,0.647012,0.101472,6.16529,0.301181,0.386901,1.68664,38.46,-9.51198,80.0605,2.07354,0.0767329,-7.467853784561157,1.726732850074768,0.842312,422.32000732421875,,,,,,,372.3,3.960638297,372.3,3.960638297,,,,,,,,,,,,,,,,,,,"Luisangel Acuna","26548",682668
"Luis Rengifo","MIL",100,434,394,98,70,17,2,10,50,43,31,0,79,4,3,2,,12,5,0.249218,0.0712416,0.182347,0.390692,0.308154,0.377168,0.300306,0.685323,0.127951,5.16197,0.287003,0.561059,-0.405087,46.788,-4.49248,92.0588,0.155973,-3.8497,-3.92882864177227,-2.299697160720825,0.840064,619.7899780273438,,,,,,,423.3,4.233,423.3,4.233,,,,,,,,,,,,,,,,,,,"Luis Rengifo","19858",650859
"Daylen Lile","WSN",133,574,522,136,91,26,8,11,80,56,38,1,106,6,4,4,,16,5,0.260574,0.0659933,0.184343,0.357991,0.316077,0.40559,0.313332,0.721666,0.145016,7.07224,0.305299,0.870505,0.076414,67.9517,0.129176,100.248,0.946919,-4.25736,1.1155812591314316,-12.007364273071289,0.839509,206.1999969482422,,,,,,,612.4,4.604511278,612.4,4.604511278,,,,,,,,,,,,,,,,,,,"Daylen Lile","29995",695734
"Nasim Nuñez","WSN",92,399,351,78,61,12,1,5,38,29,41,0,91,1,3,3,,36,8,0.22302,0.10151,0.228082,0.445058,0.303445,0.302191,0.274183,0.605636,0.0791707,5.94062,0.284722,-0.120119,3.2773,34.5523,-12.5927,73.4293,3.15718,2.14365,-9.40804409980774,4.318651914596558,0.837472,616.030029296875,,,,,,,345.3,3.753260869,345.3,3.753260869,,,,,,,,,,,,,,,,,,,"Nasim Nunez","25979",683083
"Joe Mack","MIA",65,257,232,52,33,11,0,8,26,28,20,0,72,3,2,1,,2,1,0.224429,0.076749,0.280192,0.273916,0.290203,0.375299,0.291594,0.665503,0.150871,3.01595,0.286695,0,-0.27289,25.8482,-4.47104,83.9955,-0.27289,0.0798366,-5.140230566263199,4.779836393892765,0.836584,999,,,,,,,236.3,3.635384615,236.3,3.635384615,,,,,,,,,,,,,,,,,,,"Joe Mack","sa3017374",691788
"Alek Thomas","ARI",94,406,372,91,60,19,3,9,49,42,25,0,89,4,3,2,,7,3,0.245711,0.0620896,0.218953,0.283575,0.297935,0.388784,0.298748,0.686719,0.143073,5.57881,0.296537,1.32615,-0.213664,43.256,-4.71604,89.253,1.11248,0.316893,-4.058899402618408,-1.3331067860126495,0.830339,999,,,,,,,386.3,4.109574468,386.3,4.109574468,,,,,,,,,,,,,,,,,,,"Alek Thomas","23792",677950
"Sung-Mun Song","SDP",66,287,260,63,45,11,1,6,31,29,23,2,50,1,2,1,,6,1,0.241514,0.0816568,0.173965,0.469388,0.303677,0.362924,0.291167,0.666602,0.12141,5.18306,0.275124,-0.0530692,0.500581,28.811,-5.10027,88.7826,0.447512,1.23494,-3.3681334257125854,1.9099446535110474,0.827746,999,,,,,,,267.4,4.051515151,267.4,4.051515151,,,,,,,,,,,,,,,,,,,"Sung-Mun Song","sa3012529",823550
"Dalton Rushing","LAD",42,168,146,33,20,6,0,6,20,20,18,0,46,3,1,0,,0,0,0.225866,0.104619,0.274088,0.381698,0.321056,0.402895,0.317794,0.723951,0.177029,2.45042,0.280904,-0.0513618,-0.273954,20.5213,0.647173,103.794,-0.325316,-0.752217,0.43092629313468933,1.7477826476097107,0.795456,743.3800048828125,,,,,,,175.6,4.18095238,175.6,4.18095238,,,,,,,,,,,,,,,,,,,"Dalton Rushing","31382",687221
"Kyle Higashioka","TEX",70,276,254,58,36,11,0,10,29,32,18,0,68,1,2,1,,2,1,0.226598,0.0650708,0.246265,0.264231,0.279299,0.388892,0.290039,0.668192,0.162294,3.4054,0.268337,-0.825538,-0.255906,27.434,-5.15394,85.7459,-1.08144,-1.1283,-5.714907288551331,3.9466962814331055,0.7903,999,,,,,,,254.7,3.638571428,254.7,3.638571428,,,,,,,,,,,,,,,,,,,"Kyle Higashioka","5517",543309
"Romy Gonzalez","BOS",47,203,186,49,31,9,1,7,26,25,13,0,50,2,1,1,,6,2,0.263094,0.0643577,0.24844,0.259047,0.314493,0.438983,0.324302,0.753476,0.175889,5.57655,0.323049,-0.166109,-0.03562,25.8398,1.85376,103.748,-0.201729,0.0703385,0.6949070692062378,-0.10466155409812927,0.77524,999,,,,,,,236.8,5.038297872,236.8,5.038297872,,,,,,,,,,,,,,,,,,,"Romy Gonzalez","21562",663853
"Oswald Peraza","LAA",63,273,245,57,38,10,1,8,30,29,21,0,68,4,2,1,,11,3,0.232804,0.0757271,0.250658,0.302114,0.301043,0.376395,0.297653,0.677439,0.143591,5.23281,0.287605,0.0558836,0.660122,28.8432,-3.41384,88.4078,0.716006,0.624925,-3.0139387249946594,1.1499247550964355,0.770639,999,,,,,,,271.6,4.311111111,271.6,4.311111111,,,,,,,,,,,,,,,,,,,"Oswald Peraza","22823",672724
"James Outman","MIN",50,217,192,43,25,8,1,8,28,26,20,0,71,3,2,0,,5,1,0.222451,0.0943611,0.328202,0.287509,0.306422,0.409599,0.311852,0.716022,0.187148,6.00931,0.301743,0.0376621,0.251147,25.4283,-0.211889,98.6093,0.288809,1.45478,-0.0668681263923645,0.1297755241394043,0.770587,999,,,,,,,228.6,4.572,228.6,4.572,,,,,,,,,,,,,,,,,,,"James Outman","24770",681546
"Tyler Freeman","COL",73,315,277,76,54,15,1,5,38,30,24,0,41,10,2,2,,12,4,0.273151,0.0759179,0.131091,0.579122,0.350963,0.38947,0.327798,0.740433,0.116319,5.42481,0.30382,0.104412,0.249013,40.9901,3.77038,96.4841,0.353425,1.86284,-0.9592047333717346,-2.012160539627075,0.76824,747.0499877929688,,,,,,,358.4,4.909589041,358.4,4.909589041,,,,,,,,,,,,,,,,,,,"Tyler Freeman","22532",671289
"Cedric Mullins","TBR",110,476,424,95,62,20,2,11,53,48,43,0,110,4,3,1,,23,5,0.22498,0.0897455,0.23127,0.388055,0.300294,0.360893,0.29185,0.661186,0.135913,5.9953,0.275361,-0.439163,1.5339,48.0481,-8.19499,84.7062,1.09473,-2.71264,-7.485392093658447,-1.4126393795013428,0.765821,324,,,,,,,451.5,4.104545454,451.5,4.104545454,,,,,,,,,,,,,,,,,,,"Cedric Mullins","17929",656775
"Marcell Ozuna","PIT",122,525,459,112,71,21,0,20,60,65,59,2,123,3,4,0,,1,0,0.24379,0.112351,0.234316,0.479484,0.331228,0.420321,0.327567,0.751549,0.176531,1.58496,0.287189,-0.959738,-0.952229,68.2183,6.18555,108.095,-1.91197,0,3.125215530395508,-13.125,0.763977,363.9100036621094,,,,,,,605,4.959016393,605,4.959016393,,,,,,,,,,,,,,,,,,,"Marcell Ozuna","10324",542303
"Edmundo Sosa","PHI",55,238,218,54,36,10,2,6,29,26,12,0,54,5,2,1,,3,1,0.247788,0.0511384,0.225872,0.226405,0.30159,0.399104,0.304711,0.700693,0.151315,5.05314,0.298388,0.330907,-0.227628,26.5091,-1.61243,92.7112,0.103279,1.35438,-1.9527365192770958,1.454379290342331,0.759155,999,,,,,,,235.1,4.274545454,235.1,4.274545454,,,,,,,,,,,,,,,,,,,"Edmundo Sosa","17022",624641
"Jose Trevino","CIN",71,282,258,61,43,12,0,6,27,27,18,0,46,2,2,1,,1,0,0.237705,0.065068,0.161681,0.402447,0.290623,0.35437,0.283645,0.644993,0.116664,2.43306,0.265885,-0.251279,-0.308998,26.549,-6.7242,75.0107,-0.560278,1.42294,-8.900568544864655,6.92293918132782,0.75622,999,,,,,,,236.7,3.333802816,236.7,3.333802816,,,,,,,,,,,,,,,,,,,"Jose Trevino","16725",624431
"Jorge Soler","LAA",118,511,449,103,60,21,0,22,59,68,53,1,136,5,4,0,,1,1,0.229772,0.103857,0.266101,0.390292,0.31606,0.4264,0.322492,0.74246,0.196628,1.70576,0.274476,-1.11258,-0.954031,64.2937,3.91509,105.518,-2.06661,-2.23043,1.2568070888519287,-11.505429983139038,0.750889,668.3499755859375,,,,,,,568.6,4.818644067,568.6,4.818644067,,,,,,,,,,,,,,,,,,,"Jorge Soler","14221",624585
"Tyler Heineman","TOR",39,154,135,30,22,6,0,2,16,13,13,0,31,3,1,1,,2,1,0.225653,0.0878259,0.202508,0.433691,0.307338,0.324805,0.28427,0.632143,0.0991514,4.48302,0.274675,-0.223582,-0.0774037,14.5592,-3.58978,80.9703,-0.300986,2.76309,-3.746040791273117,5.763088941574097,0.747261,999,,,,,,,118.2,3.03076923,118.2,3.03076923,,,,,,,,,,,,,,,,,,,"Tyler Heineman","13897",623168
"JJ Bleday","CIN",81,350,308,71,42,16,1,13,41,43,38,1,81,2,2,0,,3,2,0.232069,0.108161,0.231314,0.467595,0.316937,0.412469,0.317909,0.729405,0.180399,3.54719,0.2716,-0.268424,-0.601702,42.7345,1.37935,98.483,-0.870126,0.67517,-1.4994064569473267,-2.8748298287391663,0.743848,747.4400024414062,,,,,,,384,4.74074074,384,4.74074074,,,,,,,,,,,,,,,,,,,"JJ Bleday","26368",668709
"Trevor Larnach","MIN",92,399,352,86,56,17,1,12,47,46,40,1,94,4,3,1,,4,2,0.244837,0.100203,0.23598,0.424625,0.32566,0.402388,0.318816,0.728048,0.15755,3.44761,0.297766,-0.278732,-0.659674,49.0112,1.86625,103.406,-0.938406,-0.778773,0.6634572744369507,-7.253772795200348,0.730779,747.3499755859375,,,,,,,431.4,4.689130434,431.4,4.689130434,,,,,,,,,,,,,,,,,,,"Trevor Larnach","21501",663616
"Ezequiel Duran","TEX",57,245,226,56,36,12,1,6,27,27,14,0,59,2,2,1,,8,3,0.246464,0.0564664,0.240355,0.234929,0.295225,0.389655,0.297724,0.68488,0.143191,5.17247,0.305089,-0.217144,0.0152284,25.8991,-3.04954,91.0404,-0.201915,0.313868,-2.789109945297241,1.438868224620819,0.724604,999,,,,,,,239.3,4.198245614,239.3,4.198245614,,,,,,,,,,,,,,,,,,,"Ezequiel Duran","23733",677649
"Lenyn Sosa","CHW",99,427,400,101,68,18,0,14,44,50,19,0,93,3,3,2,,2,2,0.252211,0.0453298,0.217309,0.208596,0.289134,0.405422,0.299875,0.694556,0.153211,2.45951,0.293092,-0.0372321,-0.918205,45.884,-4.56931,90.8593,-0.955437,4.02468,-5.555674433708191,-2.1503195762634277,0.715231,493.70001220703125,,,,,,,413.6,4.177777777,413.6,4.177777777,,,,,,,,,,,,,,,,,,,"Lenyn Sosa","22896",672820
"Alan Roden","MIN",50,217,190,48,33,10,1,4,26,22,19,0,39,5,2,1,,3,1,0.250765,0.0871884,0.178748,0.487774,0.332063,0.377047,0.313919,0.70911,0.126282,4.69782,0.292163,-0.0166709,0.0595592,25.7925,0.152256,100.033,0.0428883,1.98905,0.0513564134016633,-0.5359501838684082,0.71457,999,,,,,,,226,4.52,226,4.52,,,,,,,,,,,,,,,,,,,"Alan Roden","31564",702176
"Paul Goldschmidt","NYY",89,385,346,85,55,17,0,13,45,49,34,1,91,2,3,1,,5,1,0.245823,0.0872554,0.236325,0.369218,0.314282,0.411448,0.315677,0.72573,0.165625,3.43591,0.293645,-0.725621,0.0398974,46.3102,0.819507,103.13,-0.685723,0.717232,0.7345593571662903,-7.007768034934998,0.713923,747.3300170898438,,,,,,,416.2,4.676404494,416.2,4.676404494,,,,,,,,,,,,,,,,,,,"Paul Goldschmidt","9218",502671
"Max Muncy","ATH",94,406,368,87,54,20,1,11,44,47,27,0,115,6,3,2,,4,2,0.236044,0.0656068,0.283024,0.231806,0.296857,0.388089,0.299161,0.684946,0.152046,3.77524,0.308873,0.0556498,-0.580125,43.3921,-4.5799,87.8053,-0.524475,-2.37275,-6.359858572483063,-0.7727512121200562,0.699946,708.9199829101562,,,,,,,387.3,4.120212765,387.3,4.120212765,,,,,,,,,,,,,,,,,,,"Max Muncy","29779",691777
"Victor Robles","SEA",68,294,263,62,43,13,1,5,33,29,20,0,66,7,2,2,,17,4,0.237425,0.0677428,0.223002,0.303777,0.307255,0.355075,0.29342,0.662331,0.117651,6.13656,0.29391,0.0282671,1.17167,30.0515,-4.68691,93.2013,1.19994,0.776478,-1.155908465385437,-2.1735223531723022,0.694658,705.0499877929688,,,,,,,276.7,4.069117647,276.7,4.069117647,,,,,,,,,,,,,,,,,,,"Victor Robles","18363",645302
"Michael Massey","KCR",58,252,233,58,39,12,0,7,26,29,13,0,45,3,2,1,,2,1,0.249437,0.0521671,0.177686,0.293591,0.294784,0.393922,0.299182,0.688706,0.144485,3.39818,0.279428,0.0267055,-0.131306,26.9374,-2.83835,87.6227,-0.1046,1.19225,-3.7808142378926277,1.6922504901885986,0.673714,999,,,,,,,241.4,4.162068965,241.4,4.162068965,,,,,,,,,,,,,,,,,,,"Michael Massey","27684",686681
"Amed Rosario","NYY",52,224,207,54,38,10,1,4,27,24,12,0,41,2,2,1,,5,1,0.259345,0.0554011,0.185263,0.29904,0.304901,0.385319,0.300567,0.69022,0.125974,5.77315,0.302643,0.605521,0.28008,24.1961,-2.27118,92.7214,0.885601,-0.428822,-1.0360333919525146,-0.17882207036018372,0.664506,999,,,,,,,216.4,4.161538461,216.4,4.161538461,,,,,,,,,,,,,,,,,,,"Amed Rosario","15518",642708
"Hunter Feduccia","TBR",66,262,229,50,34,10,1,5,30,25,29,0,66,1,2,1,,1,0,0.220468,0.112208,0.252534,0.444329,0.309332,0.341745,0.290974,0.651077,0.121277,2.9257,0.283449,-0.187223,-0.464275,26.3004,-4.70422,84.1027,-0.651498,-2.21662,-5.568028807640076,2.9083824157714844,0.651908,999,,,,,,,224.6,3.403030303,224.6,3.403030303,,,,,,,,,,,,,,,,,,,"Hunter Feduccia","23372",676439
"Yohel Pozo","STL",44,179,171,44,30,10,0,5,17,21,5,0,26,1,1,1,,1,0,0.259441,0.028781,0.14264,0.201774,0.282384,0.399921,0.293928,0.682305,0.140479,2.25307,0.278606,-0.205618,-0.260737,18.4116,-2.78592,89.0835,-0.466355,2.62489,-2.7874871492385864,3.149891495704651,0.647749,999,,,,,,,171.3,3.893181818,171.3,3.893181818,,,,,,,,,,,,,,,,,,,"Yohel Pozo","18848",650968
"Javier Báez","DET",97,420,390,90,62,16,2,10,44,42,20,0,102,5,3,2,,7,1,0.230756,0.0468855,0.24392,0.192217,0.275322,0.360073,0.277444,0.635396,0.129317,5.04164,0.284727,0.371845,0.25827,37.4828,-12.1434,75.4138,0.630115,0.912601,-11.540524244308472,3.412600517272949,0.647412,743.3300170898438,,,,,,,351.3,3.621649484,351.3,3.621649484,,,,,,,,,,,,,,,,,,,"Javier Baez","12979",595879
"Josh Bell","MIN",133,574,507,124,80,23,1,20,66,68,58,1,113,4,4,1,,1,2,0.243871,0.100568,0.19664,0.511433,0.32401,0.409238,0.320335,0.733248,0.165367,2.09919,0.27409,-1.2719,-1.4453,71.2151,3.3926,104.453,-2.7172,-2.51463,0.29505372047424316,-13.764626741409302,0.643195,654.1500244140625,,,,,,,630.1,4.737593984,630.1,4.737593984,,,,,,,,,,,,,,,,,,,"Josh Bell","13145",605137
"Jake Bauers","MIL",68,294,256,57,34,10,1,11,35,35,34,1,87,2,2,0,,8,2,0.2228,0.11529,0.297545,0.387469,0.317063,0.40224,0.315068,0.719303,0.17944,4.94672,0.287337,-0.582505,0.426749,35.2189,0.480551,102.172,-0.155756,0.352381,0.6009659618139267,-4.097619295120239,0.643013,999,,,,,,,318.9,4.689705882,318.9,4.689705882,,,,,,,,,,,,,,,,,,,"Jake Bauers","15194",641343
"Matt Vierling","DET",65,280,251,62,42,11,1,7,33,29,23,0,61,3,2,1,,4,1,0.245203,0.0822204,0.219564,0.374472,0.312643,0.383641,0.305255,0.696284,0.138438,4.64793,0.296096,0.261284,-0.164293,31.311,-1.77318,94.5719,0.0969905,-0.412096,-1.6943446919322014,-1.7120960354804993,0.637479,999,,,,,,,282.4,4.344615384,282.4,4.344615384,,,,,,,,,,,,,,,,,,,"Matt Vierling","21558",663837
"Austin Martin","MIN",75,322,276,66,49,14,1,3,36,27,35,0,57,7,2,2,,11,3,0.240285,0.10727,0.177926,0.602888,0.337269,0.33066,0.302452,0.667929,0.0903742,4.99792,0.289387,0.162574,0.377065,35.2747,-2.77205,92.1336,0.539639,-0.669428,-2.445776104927063,-2.4194281697273254,0.636129,747.4099731445312,,,,,,,306.6,4.088,306.6,4.088,,,,,,,,,,,,,,,,,,,"Austin Martin","27462",668885
"Rob Refsnyder","SEA",62,266,233,55,35,11,0,8,31,31,27,1,69,4,2,1,,3,1,0.234708,0.102144,0.260782,0.391685,0.321797,0.387823,0.312299,0.70962,0.153115,3.67362,0.296601,-0.214394,-0.161021,31.2667,-0.163267,106.206,-0.375415,0.626229,1.570376455783844,-4.773770213127136,0.608953,999,,,,,,,278,4.483870967,278,4.483870967,,,,,,,,,,,,,,,,,,,"Rob Refsnyder","13770",608701
"Spencer Steer","CIN",89,385,339,81,50,18,1,12,46,45,38,1,82,5,3,1,,7,2,0.240003,0.0974154,0.213839,0.455556,0.322464,0.408798,0.319544,0.731262,0.168795,4.40833,0.279117,-0.239118,-0.228015,47.5191,2.02835,99.603,-0.467133,-0.508025,-0.648273304104805,-6.233024418354034,0.606483,328.3500061035156,,,,,,,422,4.741573033,422,4.741573033,,,,,,,,,,,,,,,,,,,"Spencer Steer","26323",668715
"Tyrone Taylor","NYM",63,273,249,57,37,13,2,6,32,29,16,0,62,5,2,1,,8,2,0.230087,0.0578828,0.227196,0.254771,0.286779,0.369648,0.287194,0.656426,0.13956,6.14348,0.279058,0.419284,0.481662,26.5248,-5.73222,85.623,0.900946,2.473,-3.7509021162986755,0.5480035543441772,0.601585,999,,,,,,,248.3,3.941269841,248.3,3.941269841,,,,,,,,,,,,,,,,,,,"Tyrone Taylor","13675",621438
"Moisés Ballesteros","CHC",87,375,339,87,59,17,0,11,42,43,29,1,70,2,3,1,,1,1,0.256734,0.0784077,0.185849,0.42189,0.317594,0.402898,0.313887,0.720492,0.146164,2.04772,0.292657,-0.158609,-0.759062,44.5624,0.253288,102.4,-0.917671,1.0059,0.14906173944473267,-6.794099926948547,0.596615,645.780029296875,,,,,,,393,4.517241379,393,4.517241379,,,,,,,,,,,,,,,,,,,"Moises Ballesteros","28820",694208
"Everson Pereira","CHW",50,217,195,45,28,8,1,8,25,25,18,0,67,2,2,0,,4,1,0.231329,0.0822088,0.30714,0.267659,0.301438,0.407624,0.308142,0.709061,0.176295,4.89667,0.302851,-0.103438,0.0727875,24.7747,-0.865568,96.5542,-0.0306503,0.895925,-0.9119370207190514,-0.7290745973587036,0.596254,999,,,,,,,225.9,4.518,225.9,4.518,,,,,,,,,,,,,,,,,,,"Everson Pereira","23695",677592
"Ryan Ritter","COL",57,245,218,53,34,11,2,7,30,25,19,0,65,5,2,1,,4,1,0.242323,0.078093,0.263658,0.29619,0.315871,0.398917,0.312957,0.714788,0.156594,5.41283,0.31065,0.0334329,-0.0483124,28.9291,-0.0195177,86.3178,-0.0148796,0.970186,-3.9878519447520375,1.5451858043670654,0.584055,999,,,,,,,264.7,4.643859649,264.7,4.643859649,,,,,,,,,,,,,,,,,,,"Ryan Ritter","31500",690022
"Chandler Simpson","TBR",105,455,421,113,92,17,3,2,49,33,27,0,58,0,3,4,,46,9,0.2683,0.0586897,0.12845,0.456906,0.310325,0.334659,0.285252,0.644984,0.0663588,6.91576,0.304879,0.681052,4.43929,43.4908,-10.271,80.1609,5.12034,-0.200605,-5.518792629241943,-4.4756046533584595,0.579699,183.83999633789062,,,,,,,440.2,4.192380952,440.2,4.192380952,,,,,,,,,,,,,,,,,,,"Chandler Simpson","31912",802415
"J.C. Escarra","NYY",32,130,114,26,18,5,0,3,15,13,12,0,25,2,1,1,,1,0,0.229088,0.093122,0.193503,0.481243,0.310051,0.356726,0.295931,0.666777,0.127638,3.68451,0.268214,-0.0696406,-0.181554,13.5322,-1.80468,89.5275,-0.251195,1.36473,-1.8533254265785217,3.0147253274917603,0.575907,999,,,,,,,118.2,3.69375,118.2,3.69375,,,,,,,,,,,,,,,,,,,"J.C. Escarra","20084",641555
"Griffin Conine","MIA",86,371,331,76,46,14,1,14,44,44,35,1,119,3,3,0,,1,1,0.229597,0.0931856,0.320936,0.290356,0.306095,0.411336,0.311957,0.71743,0.181738,3.02886,0.308199,-0.260029,-0.735494,43.5056,-0.330882,97.9444,-0.995523,1.25811,-1.899383544921875,-4.816887140274048,0.575711,999,,,,,,,385.6,4.48372093,385.6,4.48372093,,,,,,,,,,,,,,,,,,,"Griffin Conine","21626",665052
"Christopher Morel","MIA",86,371,331,78,46,16,2,14,46,46,34,1,106,4,3,0,,7,3,0.235959,0.0906545,0.285292,0.31776,0.310952,0.423942,0.31821,0.734893,0.187983,5.05113,0.299243,0.533581,-0.38152,45.3894,1.55289,102.229,0.152062,-0.994459,1.1319689601659775,-7.869458734989166,0.57354,999,,,,,,,414.1,4.815116279,414.1,4.815116279,,,,,,,,,,,,,,,,,,,"Christopher Morel","21897",666624
"Abimelec Ortiz","WSN",58,252,228,53,32,10,1,10,29,30,20,0,65,2,2,0,,0,1,0.233919,0.0787256,0.258399,0.304666,0.29956,0.417076,0.310208,0.716636,0.183158,2.76885,0.280489,-0.0198578,-0.610014,29.1932,-0.582578,98.1075,-0.629872,3.21594,-1.1951143741607666,-1.5840604305267334,0.573454,999,,,,,,,260.7,4.494827586,260.7,4.494827586,,,,,,,,,,,,,,,,,,,"Abimelec Ortiz","sa3016926",694673
"Blaze Alexander","BAL",58,252,222,49,32,10,1,7,29,26,21,0,77,6,2,1,,5,2,0.221439,0.0838647,0.305756,0.274286,0.30285,0.362039,0.294517,0.664889,0.1406,4.84015,0.303468,0.0886148,-0.384797,25.9828,-3.79299,88.8696,-0.296182,-0.375462,-3.6020353734493256,0.4745381474494934,0.567418,747.3599853515625,,,,,,,237.8,4.1,237.8,4.1,,,,,,,,,,,,,,,,,,,"Blaze Alexander","23789",677942
"Leo Rivas","SEA",40,175,147,31,23,5,0,3,19,13,24,0,44,2,1,1,,9,2,0.212901,0.139178,0.249677,0.557431,0.328717,0.304369,0.290719,0.633086,0.0914686,5.25457,0.281416,-0.0308644,0.588495,17.504,-3.1736,91.3406,0.55763,-0.186655,-1.2284329533576965,0.7383446991443634,0.566108,999,,,,,,,158.8,3.97,158.8,3.97,,,,,,,,,,,,,,,,,,,"Leo Rivas","21009",660844
"José Fermín","STL",36,154,134,32,22,7,0,3,17,15,16,0,20,3,1,1,,6,2,0.241351,0.101195,0.13299,0.760917,0.331863,0.357335,0.30791,0.689199,0.115984,4.33702,0.264494,-0.0265169,0.0441084,17.553,-0.643333,98.6613,0.0175915,0.516612,-0.22675934061408043,0.6166122928261757,0.564097,999,,,,,,,156.5,4.347222222,156.5,4.347222222,,,,,,,,,,,,,,,,,,,"Jose Fermin","21746",665877
"Vaughn Grissom","LAA",32,140,125,32,22,6,0,3,16,14,11,0,28,2,1,1,,3,1,0.252775,0.0767759,0.197966,0.387823,0.321126,0.383242,0.309705,0.704368,0.130467,4.38131,0.298682,0.0806267,0.0424843,16.1613,-0.380771,96.71,0.123111,0.533602,-0.41976336389780045,1.0836021900177002,0.560919,999,,,,,,,141.7,4.428125,141.7,4.428125,,,,,,,,,,,,,,,,,,,"Vaughn Grissom","26031",687093
"CJ Kayfus","CLE",68,294,260,61,38,13,2,8,37,32,27,1,80,4,2,1,,2,1,0.23515,0.0911208,0.271467,0.335661,0.31447,0.397785,0.311314,0.712255,0.162635,4.84937,0.303652,0.122957,-0.462621,34.3228,-0.415609,100.181,-0.339665,0.043403,-0.2769823595881462,-4.406596761196852,0.556112,999,,,,,,,299.9,4.410294117,299.9,4.410294117,,,,,,,,,,,,,,,,,,,"CJ Kayfus","33704",692216
"Gary Sánchez","MIL",36,143,127,28,17,5,0,6,16,18,12,0,38,3,1,0,,0,0,0.223537,0.0862848,0.267094,0.32305,0.303648,0.407455,0.310076,0.711103,0.183919,2.38208,0.266959,-0.206237,-0.22361,16.5739,-0.34631,98.7521,-0.429847,-0.298807,-0.6416419893503189,1.2511926293373108,0.549812,999,,,,,,,145.7,4.047222222,145.7,4.047222222,,,,,,,,,,,,,,,,,,,"Gary Sanchez","11442",596142
"Kody Clemens","MIN",55,238,218,51,30,9,2,9,30,30,17,0,58,2,2,0,,3,1,0.232344,0.0703011,0.245265,0.286633,0.290445,0.421425,0.306708,0.711869,0.189081,5.27066,0.271442,0.0742533,-0.0634292,26.895,-1.2265,95.0654,0.0108241,0.843885,-1.3733764616772532,-1.5561147928237915,0.538377,702.5700073242188,,,,,,,249.6,4.538181818,249.6,4.538181818,,,,,,,,,,,,,,,,,,,"Kody Clemens","20572",665019
"Jett Williams","MIL",34,147,127,28,18,6,1,4,19,15,16,0,40,2,1,0,,6,2,0.223274,0.111813,0.271099,0.412442,0.319263,0.37617,0.307503,0.695434,0.152896,6.45504,0.291143,-0.0114186,0.31579,16.7065,-0.662686,96.989,0.304371,-0.23788,-0.2202298641204834,0.5871201306581497,0.53792,999,,,,,,,150.3,4.420588235,150.3,4.420588235,,,,,,,,,,,,,,,,,,,"Jett Williams","sa3020134",702518
"Andy Ibáñez","ATH",52,224,203,50,33,11,0,5,24,24,16,0,43,2,2,1,,3,1,0.244704,0.0711967,0.191377,0.372024,0.304881,0.374457,0.298256,0.679337,0.129753,4.11824,0.285919,-0.385899,-0.1657,23.7758,-2.6915,87.1816,-0.551599,1.41065,-3.9357781410217285,1.4606501460075378,0.535564,999,,,,,,,212.8,4.092307692,212.8,4.092307692,,,,,,,,,,,,,,,,,,,"Andy Ibanez","18819",628451
"Jordan Beck","COL",134,581,525,128,81,27,4,17,69,66,47,0,161,2,4,2,,18,5,0.24436,0.0804652,0.277454,0.290013,0.30687,0.406617,0.310189,0.713488,0.162257,5.69022,0.316887,0.197084,0.627768,67.2977,-1.35194,84.4217,0.824852,1.93261,-9.902417957782745,-4.292389869689941,0.525396,230.80999755859375,,,,,,,619.9,4.626119402,619.9,4.626119402,,,,,,,,,,,,,,,,,,,"Jordan Beck","31431",687597
"Colby Thomas","ATH",57,245,225,54,31,13,1,9,30,33,13,0,73,5,2,1,,4,1,0.239441,0.0520019,0.298615,0.174144,0.291469,0.429511,0.310222,0.72098,0.190069,5.30769,0.309617,-0.0068969,-0.0981809,28.3851,-0.563573,95.4246,-0.105078,-0.204657,-1.4262708649039268,-1.9296567738056183,0.519397,747.4500122070312,,,,,,,264.2,4.635087719,264.2,4.635087719,,,,,,,,,,,,,,,,,,,"Colby Thomas","31855",687515
"Travis Bazzana","CLE",55,238,205,43,28,9,1,5,27,22,28,0,65,3,2,1,,4,1,0.212259,0.117114,0.275027,0.425826,0.313335,0.341368,0.293808,0.654703,0.12911,4.75247,0.281776,0,0.0136217,24.4023,-3.7192,88.1216,0.0136217,-0.672591,-3.318395017646253,0.17740905284881592,0.516738,999,,,,,,,212.4,3.861818181,212.4,3.861818181,,,,,,,,,,,,,,,,,,,"Travis Bazzana","sa3025129",683953
"Austin Wynns","ATH",42,166,151,35,24,7,0,4,17,17,12,0,42,2,1,1,,1,0,0.233292,0.0708688,0.252786,0.28035,0.293894,0.36414,0.289329,0.658034,0.130848,2.89631,0.293953,-0.142624,-0.183039,16.4561,-3.20535,81.0326,-0.325663,0.0336331,-4.045579314231873,3.283633105456829,0.508009,999,,,,,,,146.8,3.495238095,146.8,3.495238095,,,,,,,,,,,,,,,,,,,"Austin Wynns","15271",642851
"Connor Wong","BOS",53,211,191,47,32,10,0,5,23,22,15,0,52,2,1,1,,3,1,0.244965,0.0701298,0.244163,0.287225,0.305096,0.377535,0.299336,0.682631,0.13257,4.08123,0.308277,-0.156999,-0.218266,22.6024,-2.3525,86.549,-0.375265,-2.73204,-3.7235466837882996,1.3929567337036133,0.505278,999,,,,,,,202.1,3.813207547,202.1,3.813207547,,,,,,,,,,,,,,,,,,,"Connor Wong","19896",657136
"Jhostynxon Garcia","PIT",63,273,249,58,36,11,2,8,32,30,18,0,75,3,2,1,,3,1,0.23087,0.0654095,0.275884,0.237091,0.28905,0.392065,0.296002,0.681114,0.161195,5.03628,0.293399,0,-0.162042,28.4773,-3.77978,86.4726,-0.162042,2.61253,-4.53897587954998,0.3875260353088379,0.504536,999,,,,,,,260.2,4.13015873,260.2,4.13015873,,,,,,,,,,,,,,,,,,,"Jhostynxon Garcia","28142",691373
"Keibert Ruiz","WSN",81,320,295,75,52,15,0,7,32,34,18,0,37,3,2,1,,2,1,0.253688,0.0574796,0.11478,0.50078,0.302869,0.377463,0.297721,0.680331,0.123774,2.5149,0.267565,-0.571837,-0.581425,33.8266,-3.98386,89.5539,-1.15326,-6.85598,-5.115110278129578,-0.6059794425964355,0.503929,728.530029296875,,,,,,,298.3,3.682716049,298.3,3.682716049,,,,,,,,,,,,,,,,,,,"Keibert Ruiz","19610",660688
"Heriberto Hernández","MIA",76,329,290,66,39,14,1,11,38,38,33,1,97,4,2,0,,3,2,0.226381,0.101476,0.295188,0.343767,0.311807,0.397512,0.310435,0.70932,0.171131,3.82371,0.296156,-0.246103,-0.615219,38.1739,-0.69997,96.9018,-0.861323,2.16133,-2.069405198097229,-3.9636688232421875,0.502645,999,,,,,,,340.4,4.478947368,340.4,4.478947368,,,,,,,,,,,,,,,,,,,"Heriberto Hernandez","24878",681715
"David Hamilton","MIL",44,189,169,37,25,6,1,5,22,18,17,0,48,1,1,1,,18,4,0.218324,0.0882249,0.256605,0.343817,0.289644,0.354107,0.283957,0.643751,0.135783,7.52846,0.274936,0.147031,1.80741,17.8667,-4.46513,80.8593,1.95444,0.108661,-2.3331496715545654,0.8336608186364174,0.489932,739.6900024414062,,,,,,,185.3,4.211363636,185.3,4.211363636,,,,,,,,,,,,,,,,,,,"David Hamilton","27531",666152
"Drew Millas","WSN",36,141,128,31,22,6,1,2,15,13,11,0,25,1,1,1,,3,1,0.243159,0.0759038,0.177013,0.428804,0.302283,0.357391,0.29063,0.659674,0.114232,5.18295,0.282437,0.0481699,0.0928513,14.073,-2.56357,84.696,0.141021,-0.258724,-2.412866920232773,2.491275519132614,0.4873,999,,,,,,,126.4,3.511111111,126.4,3.511111111,,,,,,,,,,,,,,,,,,,"Drew Millas","25643",686452
"Travis d'Arnaud","LAA",58,231,210,47,29,10,0,8,23,27,16,0,62,3,2,1,,1,0,0.222249,0.0674617,0.269283,0.250524,0.284671,0.379333,0.290334,0.664005,0.157084,2.10062,0.275236,-0.462547,-0.32856,23.0331,-4.26129,83.3661,-0.791106,-2.07135,-5.319871008396149,2.128653049468994,0.486949,999,,,,,,,216.3,3.729310344,216.3,3.729310344,,,,,,,,,,,,,,,,,,,"Travis d'Arnaud","7739",518595
"Gavin Sheets","SDP",113,490,441,105,68,22,1,14,54,57,41,1,100,4,3,1,,3,1,0.238795,0.0828192,0.203063,0.40785,0.306201,0.388979,0.303889,0.69518,0.150184,2.86453,0.275388,-0.71408,-0.641635,54.2507,-3.64655,97.4976,-1.35571,0.548848,-2.808993935585022,-8.851151704788208,0.474963,725.239990234375,,,,,,,486,4.300884955,486,4.300884955,,,,,,,,,,,,,,,,,,,"Gavin Sheets","19901",657757
"Endy Rodríguez","PIT",26,105,94,23,15,5,0,3,12,11,8,0,22,1,1,0,,1,0,0.245698,0.080787,0.208198,0.38803,0.310001,0.391416,0.306302,0.701417,0.145717,3.91087,0.292028,-0.0269916,-0.192067,11.8083,-0.574627,93.5282,-0.219059,1.23626,-1.0229221880435944,2.1362593173980713,0.470644,999,,,,,,,106.4,4.092307692,106.4,4.092307692,,,,,,,,,,,,,,,,,,,"Endy Rodriguez","25332",682848
"Blake Perkins","MIL",45,196,172,38,26,7,1,4,22,18,20,0,52,1,1,1,,7,2,0.22082,0.103174,0.266117,0.387701,0.304871,0.3405,0.288001,0.645371,0.11968,5.58848,0.290056,0.0951487,0.348606,19.1719,-3.98698,83.6295,0.443755,0.73346,-3.3591161370277405,1.4334604144096375,0.470158,999,,,,,,,175.1,3.891111111,175.1,3.891111111,,,,,,,,,,,,,,,,,,,"Blake Perkins","19921",663368
"Zack Gelof","ATH",34,147,132,30,18,6,0,5,16,17,13,0,45,1,1,0,,5,1,0.227802,0.0908423,0.307426,0.295493,0.300269,0.396654,0.304088,0.696923,0.168852,5.04643,0.301735,0.10856,0.398154,16.299,-1.0702,91.1993,0.506714,0.518442,-1.0180618166923523,0.5434423983097076,0.469091,999,,,,,,,149.1,4.385294117,149.1,4.385294117,,,,,,,,,,,,,,,,,,,"Zack Gelof","29766",680869
"Ben Williamson","TBR",60,259,234,57,41,12,1,3,28,23,18,0,56,3,2,2,,5,1,0.243065,0.0713658,0.217934,0.327464,0.304117,0.346681,0.2881,0.650798,0.103617,5.01048,0.303934,-0.0701351,0.017709,25.3553,-5.24756,82.1231,-0.0524262,-0.488415,-5.509548477828503,1.0365849435329437,0.45441,999,,,,,,,223.6,3.726666666,223.6,3.726666666,,,,,,,,,,,,,,,,,,,"Ben Williamson","33197",810938
"Andrew Benintendi","CHW",120,518,465,117,80,22,1,14,58,57,45,1,89,3,4,2,,4,1,0.251756,0.0865248,0.171281,0.505164,0.318824,0.396078,0.312557,0.714902,0.144321,3.44306,0.280759,-0.326738,-0.510218,60.9961,-0.209624,99.5952,-0.836956,-5.69258,-1.0841012597084045,-12.342577934265137,0.450384,743.469970703125,,,,,,,540.1,4.500833333,540.1,4.500833333,,,,,,,,,,,,,,,,,,,"Andrew Benintendi","17901",643217
"Will Benson","CIN",52,224,197,45,26,9,2,9,28,26,24,0,68,2,2,0,,6,2,0.226466,0.105595,0.302652,0.348899,0.312873,0.416692,0.317332,0.729565,0.190226,5.8313,0.294952,-0.348028,0.172777,27.2452,0.777905,98.088,-0.175252,-0.485093,-0.6828703284263611,-2.385092854499817,0.448597,999,,,,,,,260.9,5.017307692,260.9,5.017307692,,,,,,,,,,,,,,,,,,,"Will Benson","21853",666181
"Jeremiah Jackson","BAL",49,210,196,47,29,10,0,8,23,28,10,0,52,1,1,1,,4,2,0.239172,0.0483462,0.247438,0.195387,0.278429,0.410454,0.296533,0.688883,0.171282,4.29143,0.284738,-0.0343127,-0.174521,21.9961,-2.81702,90.2587,-0.208833,-0.62577,-2.6199062019586563,-0.27576982975006104,0.443237,999,,,,,,,206.4,4.212244897,206.4,4.212244897,,,,,,,,,,,,,,,,,,,"Jeremiah Jackson","22239",669236
"Casey Schmitt","SFG",47,203,185,44,29,9,0,6,21,22,13,0,47,2,1,1,,1,1,0.236948,0.0664456,0.230778,0.28792,0.294575,0.378181,0.294195,0.672755,0.141232,3.02257,0.285111,-0.0808824,-0.261248,20.8775,-3.10852,89.5113,-0.342131,-0.317251,-2.8656842708587646,0.3577492833137512,0.434411,999,,,,,,,188,4,188,4,,,,,,,,,,,,,,,,,,,"Casey Schmitt","27577",669477
"Starling Marte","KCR",63,273,247,65,46,11,1,6,32,29,17,0,53,5,2,2,,9,2,0.263344,0.063447,0.195949,0.323794,0.322106,0.397038,0.314584,0.719143,0.133693,5.56724,0.309936,-0.185403,0.460168,32.596,0.338983,98.2326,0.274766,0.294538,-0.29393354058265686,-4.9304614663124084,0.42683,999,,,,,,,288.5,4.579365079,288.5,4.579365079,,,,,,,,,,,,,,,,,,,"Starling Marte","9241",516782
"Jake Fraley","TBR",94,406,360,85,59,17,1,8,43,39,37,0,88,4,3,1,,14,4,0.235813,0.0919538,0.216883,0.423979,0.312221,0.355124,0.296093,0.667344,0.11931,4.53251,0.287133,-0.260977,0.443431,42.3807,-5.59131,87.6289,0.182454,0.623261,-5.7373553067445755,-4.126739263534546,0.42048,999,,,,,,,384.6,4.091489361,384.6,4.091489361,,,,,,,,,,,,,,,,,,,"Jake Fraley","19260",641584
"Thomas Saggese","STL",39,168,154,38,25,8,1,4,18,18,10,0,42,2,1,1,,2,1,0.244652,0.0600069,0.247987,0.241976,0.297378,0.380409,0.296072,0.677788,0.135758,4.14764,0.307046,0.0278045,-0.139583,17.534,-2.31649,90.552,-0.111778,0.151349,-1.993012584745884,0.5013489723205566,0.41925,999,,,,,,,162.3,4.161538461,162.3,4.161538461,,,,,,,,,,,,,,,,,,,"Thomas Saggese","27883",695336
"Ryan Waldschmidt","ARI",26,112,96,22,15,4,0,2,13,11,13,0,25,2,1,0,,3,1,0.232386,0.11251,0.225194,0.499613,0.332463,0.362204,0.31025,0.694667,0.129817,5.24317,0.288362,0,-0.0183768,12.9786,-0.255101,97.132,-0.0183768,1.85853,-0.3990902043879032,0.7585288286209106,0.418019,999,,,,,,,105.5,4.057692307,105.5,4.057692307,,,,,,,,,,,,,,,,,,,"Ryan Waldschmidt","sa3025261",814439
"Austin Hedges","CLE",36,141,127,24,18,5,0,2,12,10,11,0,35,2,1,1,,2,1,0.190269,0.0763038,0.251662,0.3032,0.259852,0.27041,0.240306,0.530263,0.0801411,3.44206,0.246309,-0.160273,-0.0389045,8.3202,-8.31641,51.2661,-0.199178,4.6957,-8.286525547504425,7.4456987380981445,0.40979,999,,,,,,,80.7,2.241666666,80.7,2.241666666,,,,,,,,,,,,,,,,,,,"Austin Hedges","12976",595978
"Kyle Karros","COL",50,217,193,48,33,10,1,4,24,21,19,0,51,2,2,1,,1,0,0.249662,0.0862257,0.236684,0.364307,0.321065,0.371234,0.30595,0.692299,0.121572,3.4863,0.317989,-0.0553242,-0.294127,24.3885,-1.25174,81.518,-0.349451,1.1128,-5.102826297283173,1.8878029584884644,0.409723,999,,,,,,,213,4.26,213,4.26,,,,,,,,,,,,,,,,,,,"Kyle Karros","33252",691720
"Otto Kemp","PHI",55,238,210,49,31,10,1,7,30,26,17,0,65,8,2,1,,4,2,0.233249,0.0717995,0.274246,0.261807,0.313776,0.394606,0.310952,0.708383,0.161357,5.45207,0.300649,-0.129747,-0.159159,27.7151,-0.406443,96.9866,-0.288907,-0.17703,-1.1389302611351013,-2.777030274271965,0.409491,999,,,,,,,241.9,4.398181818,241.9,4.398181818,,,,,,,,,,,,,,,,,,,"Otto Kemp","31792",805249
"Rafael Marchán","PHI",32,128,114,27,19,5,0,2,14,12,11,0,22,2,1,1,,1,0,0.233333,0.0821478,0.171583,0.478764,0.306565,0.348984,0.291369,0.655549,0.115651,3.26621,0.26681,-0.112523,-0.144517,12.8704,-2.25374,83.5715,-0.25704,-0.0517432,-2.749343693256378,2.4482567571103573,0.404902,999,,,,,,,111.4,3.48125,111.4,3.48125,,,,,,,,,,,,,,,,,,,"Rafael Marchan","21646",665561
"Triston Casas","BOS",31,133,115,29,17,6,0,5,17,17,16,0,32,1,1,0,,0,0,0.254555,0.119752,0.237352,0.504534,0.34733,0.448249,0.344958,0.795578,0.193694,3.04098,0.305431,-0.176898,-0.2558,19.16,3.44502,117.977,-0.432698,-0.340535,2.3852458000183105,-3.015535145998001,0.403864,743.719970703125,,,,,,,162.8,5.251612903,162.8,5.251612903,,,,,,,,,,,,,,,,,,,"Triston Casas","22514",671213
"Esteury Ruiz","MIA",23,98,87,22,14,4,1,2,12,10,8,0,22,2,1,0,,10,2,0.249717,0.0796548,0.220294,0.361584,0.326465,0.390349,0.315217,0.716814,0.140632,7.24548,0.305533,-0.0197004,0.868455,11.7515,0.17203,100.178,0.848754,-0.250126,0.8694311808794737,-0.2001263052225113,0.402067,743.77001953125,,,,,,,115.7,5.030434782,115.7,5.030434782,,,,,,,,,,,,,,,,,,,"Esteury Ruiz","21780",665923
"Taylor Walls","TBR",65,280,246,53,36,11,1,4,30,24,29,0,67,1,2,1,,13,4,0.213413,0.10355,0.239652,0.432085,0.297242,0.322766,0.277999,0.620008,0.109353,5.92116,0.272792,0.163866,0.703478,25.1148,-7.9694,75.1647,0.867344,-0.861886,-7.328602969646454,1.4881142377853394,0.388445,999,,,,,,,229.5,3.53076923,229.5,3.53076923,,,,,,,,,,,,,,,,,,,"Taylor Walls","22458",670764
"Javier Sanoja","MIA",52,224,208,53,37,11,2,3,26,21,12,0,27,0,2,1,,6,3,0.256481,0.0543908,0.11967,0.454505,0.296856,0.373605,0.292041,0.670461,0.117123,5.44504,0.278879,0.143692,-0.35516,22.6456,-3.82169,84.3019,-0.211468,0.141313,-4.379102751612663,0.6413126289844513,0.380065,999,,,,,,,199.3,3.832692307,199.3,3.832692307,,,,,,,,,,,,,,,,,,,"Javier Sanoja","28253",691594
"Daniel Schneemann","CLE",47,203,180,39,26,8,0,5,21,20,19,0,53,1,1,1,,4,1,0.2155,0.0959428,0.261119,0.36743,0.292903,0.344964,0.2831,0.637867,0.129464,4.33491,0.274817,-0.156264,-0.010056,19.0488,-4.93718,80.745,-0.16632,1.09728,-4.773253962397575,1.4722801446914673,0.377119,999,,,,,,,173.4,3.689361702,173.4,3.689361702,,,,,,,,,,,,,,,,,,,"Daniel Schneemann","25180",682177
"Max Kepler",,29,126,112,27,17,5,0,5,15,15,11,0,25,1,1,0,,1,0,0.238607,0.0902674,0.201052,0.448976,0.313536,0.415001,0.316975,0.728537,0.176395,3.33145,0.265663,-0.195138,-0.110165,15.2889,0.400983,102.453,-0.305303,0.698534,0.060039401054382324,-0.6514662504196167,0.375789,999,,,,,,,138.6,4.779310344,138.6,4.779310344,,,,,,,,,,,,,,,,,,,"Max Kepler","12144",596146
"Braxton Fulford","COL",42,166,148,35,22,7,1,5,19,18,12,0,44,4,1,1,,2,1,0.237386,0.074452,0.263443,0.282612,0.311356,0.394015,0.309299,0.705371,0.156628,4.86211,0.302439,0.0229085,-0.105881,19.1539,-0.5075,83.8117,-0.082972,-1.84444,-3.2755937203764915,1.4055603742599487,0.375091,999,,,,,,,170,4.047619047,170,4.047619047,,,,,,,,,,,,,,,,,,,"Braxton Fulford","29704",690924
"Andrés Chaparro","WSN",62,266,240,58,36,12,0,10,29,33,21,0,61,3,2,0,,1,0,0.239818,0.0803934,0.229539,0.350239,0.306624,0.413028,0.312494,0.719652,0.17321,2.39604,0.279423,-0.162678,-0.353922,31.3087,-0.121234,99.6735,-0.5166,0.258265,-0.6195349544286728,-4.591735303401947,0.372276,999,,,,,,,287.5,4.637096774,287.5,4.637096774,,,,,,,,,,,,,,,,,,,"Andres Chaparro","21797",665953
"Sam Haggerty","TEX",62,266,237,56,39,11,2,4,32,24,22,0,60,3,2,2,,14,3,0.237496,0.0825728,0.226784,0.364103,0.308609,0.353532,0.293312,0.662141,0.116037,6.97737,0.297934,-0.057184,1.31582,27.166,-4.2639,88.0007,1.25863,-0.775624,-2.503287196159363,-3.0256242156028748,0.371024,999,,,,,,,250.7,4.043548387,250.7,4.043548387,,,,,,,,,,,,,,,,,,,"Sam Haggerty","18054",664059
"Ryan Mountcastle","BAL",34,147,135,34,22,7,0,6,18,20,10,0,36,1,1,0,,1,0,0.256136,0.0670203,0.244421,0.274201,0.309795,0.439155,0.322329,0.748949,0.183019,3.53379,0.305832,0.0667255,-0.0923305,18.476,1.10681,108.028,-0.0256049,0.307456,1.3653719741851091,-2.8175435066223145,0.369075,999,,,,,,,167,4.911764705,167,4.911764705,,,,,,,,,,,,,,,,,,,"Ryan Mountcastle","18373",663624
"Oswaldo Cabrera","NYY",29,126,113,27,18,5,0,3,14,13,10,0,26,1,1,0,,2,1,0.238056,0.0832854,0.207317,0.40173,0.305248,0.374464,0.298548,0.679712,0.136408,4.03504,0.280115,-0.0402791,-0.107188,13.4038,-1.48405,91.3307,-0.147467,1.43976,-1.434900388121605,0.6397557258605957,0.362347,999,,,,,,,114.9,3.962068965,114.9,3.962068965,,,,,,,,,,,,,,,,,,,"Oswaldo Cabrera","21707",665828
"Tyler Austin","CHC",32,140,124,30,17,7,0,6,17,20,14,1,37,1,1,0,,0,0,0.244499,0.1,0.263043,0.380165,0.321739,0.447433,0.32948,0.769172,0.202934,2.69033,0.297794,-0.0538258,-0.140051,18.409,1.86697,113.082,-0.193877,0.0457258,1.9767802953720093,-3.1042742878198624,0.361198,999,,,,,,,165.7,5.178125,165.7,5.178125,,,,,,,,,,,,,,,,,,,"Tyler Austin","11850",592122
"Miguel Andujar","SDP",83,357,331,87,62,16,1,8,39,38,20,0,57,2,2,2,,2,1,0.261698,0.0560373,0.159918,0.350413,0.304758,0.388169,0.301488,0.692926,0.126471,3.40417,0.292385,-0.267023,-0.379262,38.8295,-3.35282,95.8525,-0.646285,1.4514,-2.401153266429901,-5.973602294921875,0.358372,735.77001953125,,,,,,,350.5,4.222891566,350.5,4.222891566,,,,,,,,,,,,,,,,,,,"Miguel Andujar","15878",609280
"Rhys Hoskins","CLE",92,399,351,79,48,16,0,14,44,47,41,1,106,4,3,0,,3,1,0.224211,0.10302,0.266569,0.386465,0.311242,0.390335,0.307949,0.701577,0.166124,3.16787,0.278036,-0.857611,-0.29815,45.491,-1.65397,97.8632,-1.15576,0.186761,-2.1606202125549316,-8.138239055871964,0.351349,739.489990234375,,,,,,,407.3,4.427173913,407.3,4.427173913,,,,,,,,,,,,,,,,,,,"Rhys Hoskins","16472",656555
"Ronny Mauricio","NYM",28,119,110,27,17,5,0,4,14,14,7,0,29,1,1,0,,3,1,0.244497,0.0604441,0.247777,0.243945,0.293404,0.407258,0.30292,0.700662,0.162761,5.05305,0.295845,-0.00376054,0.064656,13.0816,-0.979189,96.3964,0.0608954,0.723044,-0.44736167043447495,-0.10195636749267578,0.348869,999,,,,,,,120.2,4.292857142,120.2,4.292857142,,,,,,,,,,,,,,,,,,,"Ronny Mauricio","23698",677595
"Dane Myers","CIN",62,266,240,57,39,10,0,7,28,27,19,0,68,3,2,1,,10,2,0.237926,0.0715506,0.255817,0.279694,0.300963,0.375736,0.297134,0.676699,0.13781,5.03422,0.298223,-0.103281,0.616973,27.9915,-3.43842,84.2514,0.513692,-1.04529,-4.451282501220703,-0.9952894747257233,0.348201,999,,,,,,,253.4,4.087096774,253.4,4.087096774,,,,,,,,,,,,,,,,,,,"Dane Myers","22054",667472
"Kristian Campbell","BOS",21,91,79,20,13,4,0,2,12,10,9,0,23,2,1,0,,1,0,0.253776,0.0999802,0.252487,0.395981,0.341508,0.403501,0.327508,0.745009,0.149725,4.68887,0.326629,0.0189531,-0.108354,11.8202,1.06782,105.956,-0.089401,0.413747,0.549364484846592,-0.3112531304359436,0.344812,740.0999755859375,,,,,,,98.3,4.68095238,98.3,4.68095238,,,,,,,,,,,,,,,,,,,"Kristian Campbell","33644",692225
"Darell Hernaiz","ATH",37,161,146,37,27,8,0,2,17,15,11,0,26,1,1,1,,3,1,0.251752,0.0698714,0.161578,0.432432,0.307819,0.355523,0.292763,0.663341,0.103771,4.28519,0.289963,-0.0639413,-0.0466238,16.3709,-2.65246,83.3981,-0.110565,0.162575,-3.2608887553215027,1.0375754237174988,0.339478,999,,,,,,,142.1,3.84054054,142.1,3.84054054,,,,,,,,,,,,,,,,,,,"Darell Hernaiz","26224",687231
"Nathan Church","STL",41,175,160,40,29,7,1,3,18,15,11,0,27,2,1,1,,4,1,0.2479,0.0601751,0.156304,0.384988,0.300787,0.352552,0.288128,0.653339,0.104652,4.82398,0.281325,-0.00539234,-0.0144747,17.1359,-3.54168,85.1103,-0.019867,1.4629,-3.108153633773327,0.5878984928131104,0.33784,999,,,,,,,162,3.951219512,162,3.951219512,,,,,,,,,,,,,,,,,,,"Nathan Church","31357",701675
"Nick Loftin","KCR",26,112,99,24,17,5,0,2,12,11,11,0,17,1,1,1,,2,1,0.242603,0.0960231,0.152961,0.627763,0.322627,0.363139,0.304475,0.685766,0.120536,3.96288,0.270827,-0.0263068,-0.0290917,12.4535,-0.780175,91.2688,-0.0553985,1.04004,-1.2079561203718185,0.6400391757488251,0.336295,999,,,,,,,105.7,4.065384615,105.7,4.065384615,,,,,,,,,,,,,,,,,,,"Nick Loftin","27630",679845
"Emmanuel Rodriguez","MIN",13,56,46,10,6,2,0,2,8,6,9,0,18,0,0,0,,1,0,0.223508,0.156166,0.328559,0.475304,0.349686,0.396275,0.330434,0.745961,0.172767,5.71043,0.324224,0,-0.0291344,7.40698,0.790151,111.409,-0.0291344,0.820799,0.7239095438271761,0.6207992732524872,0.334781,999,,,,,,,63.5,4.884615384,63.5,4.884615384,,,,,,,,,,,,,,,,,,,"Emmanuel Rodriguez","sa3014693",691181
"Jake Mangum","PIT",86,371,344,91,67,18,2,3,40,32,17,0,67,4,3,4,,15,5,0.263199,0.0447729,0.180404,0.248181,0.302054,0.35483,0.288227,0.656884,0.0916316,5.80114,0.316141,0.101433,0.427784,36.3578,-7.4787,81.1463,0.529217,1.45819,-7.760994553565979,-1.3168108463287354,0.334097,650.22998046875,,,,,,,334.9,3.894186046,334.9,3.894186046,,,,,,,,,,,,,,,,,,,"Jake Mangum","26202",663968
"Jimmy Crooks","STL",24,97,88,21,14,4,0,2,10,10,7,0,25,1,1,0,,0,0,0.236959,0.0705681,0.260015,0.2714,0.297392,0.369695,0.292808,0.667087,0.132736,2.71127,0.303217,-0.010336,-0.143439,9.82608,-1.58796,88.3162,-0.153775,-0.0372531,-1.4914610385894775,1.5377469025552273,0.333558,999,,,,,,,84,3.5,84,3.5,,,,,,,,,,,,,,,,,,,"Jimmy Crooks","31354",699625
"Pavin Smith","ARI",105,455,397,93,60,19,1,13,53,50,53,1,111,2,3,1,,3,1,0.234072,0.115597,0.24391,0.473932,0.324511,0.385575,0.312848,0.710086,0.151503,3.42914,0.289767,-0.685291,-0.735122,53.6851,-0.0766763,98.9115,-1.42041,-0.51584,-2.0073885917663574,-9.890840351581573,0.331465,999,,,,,,,474.7,4.52095238,474.7,4.52095238,,,,,,,,,,,,,,,,,,,"Pavin Smith","19892",656976
"Alex Call","LAD",32,140,121,27,18,6,0,3,16,15,16,0,27,2,1,0,,2,1,0.226893,0.113248,0.193523,0.585193,0.324427,0.359579,0.305291,0.684006,0.132686,4.16553,0.263651,-0.0689596,-0.107855,15.6596,-0.882479,95.2287,-0.176815,-0.0194037,-0.9685112684965134,-0.6194037385284901,0.314091,999,,,,,,,130.8,4.0875,130.8,4.0875,,,,,,,,,,,,,,,,,,,"Alex Call","19296",669743
"José Tena","WSN",50,217,198,49,34,10,1,5,23,21,15,0,55,1,2,1,,7,3,0.24704,0.0679167,0.25213,0.269371,0.300746,0.375383,0.295765,0.676129,0.128343,5.1702,0.316126,-0.0378258,-0.214416,22.5939,-3.04632,88.2134,-0.252242,-1.87149,-3.2836300432682037,-0.9964884519577026,0.30075,999,,,,,,,211,4.22,211,4.22,,,,,,,,,,,,,,,,,,,"Jose Tena","23691",677588
"Will Brennan","SFG",26,112,103,27,20,6,0,2,12,11,6,0,17,1,1,1,,2,1,0.264493,0.0574023,0.149248,0.38461,0.31183,0.375953,0.301135,0.687783,0.11146,4.23096,0.298422,-0.0443577,-0.0670063,12.1497,-1.08392,94.2658,-0.111364,1.27463,-0.8725432083010674,0.07462549209594727,0.299607,999,,,,,,,106.4,4.092307692,106.4,4.092307692,,,,,,,,,,,,,,,,,,,"Will Brennan","25660",686823
"Jesse Winker",,53,231,197,46,30,9,0,6,27,24,29,0,51,3,2,0,,4,1,0.231373,0.123882,0.220502,0.56182,0.335313,0.37067,0.314505,0.705984,0.139297,3.66291,0.27935,-0.786368,-0.289086,27.5664,0.271971,100.757,-1.07545,0.386016,-0.8688237816095352,-4.088983535766602,0.292637,999,,,,,,,243.9,4.601886792,243.9,4.601886792,,,,,,,,,,,,,,,,,,,"Jesse Winker","13590",608385
"Nelson Velázquez","STL",44,189,171,39,24,7,0,7,20,22,15,0,49,1,1,0,,3,1,0.226194,0.0817086,0.258229,0.316419,0.293552,0.397827,0.300808,0.691379,0.171633,4.08236,0.271597,0.242564,-0.0171957,20.4526,-1.87924,93.7966,0.225369,0,-1.1642158925533295,-2.3249998092651367,0.286358,999,,,,,,,184.4,4.19090909,184.4,4.19090909,,,,,,,,,,,,,,,,,,,"Nelson Velazquez","23359",676369
"Jahmai Jones","DET",31,133,116,28,18,6,1,4,18,15,13,0,32,3,1,0,,3,1,0.242662,0.0987944,0.240585,0.410643,0.330464,0.41026,0.323933,0.740724,0.167599,6.2437,0.299841,-0.00302829,0.0312066,16.8896,1.17462,107.438,0.0281783,0.151259,1.1941762864589691,-2.973740890622139,0.286279,999,,,,,,,152.4,4.916129032,152.4,4.916129032,,,,,,,,,,,,,,,,,,,"Jahmai Jones","18872",663330
"Eli White","ATL",31,133,120,28,19,5,1,4,16,14,10,0,36,2,1,1,,5,1,0.234229,0.0718311,0.271289,0.264777,0.297262,0.379342,0.296255,0.676604,0.145113,6.26276,0.299644,-0.083056,0.420329,13.9008,-1.81415,88.0583,0.337273,1.16325,-1.5451246798038483,-0.11174726486206055,0.283208,999,,,,,,,137.3,4.429032258,137.3,4.429032258,,,,,,,,,,,,,,,,,,,"Eli White","19346",642201
"Masataka Yoshida","BOS",40,175,157,42,29,9,0,4,20,20,14,0,26,3,1,1,,2,0,0.266964,0.0780614,0.149663,0.521581,0.334885,0.409489,0.325568,0.744374,0.142526,3.72755,0.294067,-0.217362,-0.00356641,22.4555,1.77786,104.619,-0.220928,0.150069,0.7318236231803894,-4.024930700659752,0.279324,747.0599975585938,,,,,,,196.7,4.9175,196.7,4.9175,,,,,,,,,,,,,,,,,,,"Masataka Yoshida","31837",807799
"James McCann","ARI",53,213,196,45,30,9,0,5,21,22,12,0,54,2,1,1,,1,0,0.229104,0.0580079,0.252096,0.230102,0.280905,0.358945,0.280427,0.63985,0.129841,3.07904,0.286201,-0.471767,-0.15316,19.5251,-5.64254,76.7025,-0.624927,-1.09537,-6.506355166435242,2.1296287775039673,0.27725,999,,,,,,,173,3.264150943,173,3.264150943,,,,,,,,,,,,,,,,,,,"James McCann","12859",543510
"Braden Montgomery","CHW",32,140,126,28,18,6,0,3,15,14,10,0,41,1,1,1,,1,1,0.221903,0.0748499,0.289317,0.258713,0.286804,0.359342,0.2842,0.646146,0.137439,3.8505,0.29483,0,-0.213169,13.2622,-3.27985,80.0614,-0.213169,2.59253,-3.5031637251377106,1.3925305604934692,0.277056,999,,,,,,,108.5,3.390625,108.5,3.390625,,,,,,,,,,,,,,,,,,,"Braden Montgomery","sa3038253",695731
"Dylan Moore","PHI",19,84,73,16,10,3,0,3,10,9,8,0,24,2,1,0,,5,1,0.220578,0.0973988,0.281583,0.345898,0.310541,0.380036,0.304564,0.690577,0.159458,6.62632,0.286126,0.00827393,0.296452,9.34618,-0.579068,92.611,0.304726,0.943021,-0.4309000074863434,0.343020498752594,0.276942,999,,,,,,,90.2,4.747368421,90.2,4.747368421,,,,,,,,,,,,,,,,,,,"Dylan Moore","18042",664238
"Korey Lee","CHW",34,134,124,28,19,5,0,4,13,14,8,0,36,1,1,1,,2,0,0.226905,0.0565831,0.265916,0.212786,0.273473,0.360585,0.276759,0.634058,0.133679,3.83725,0.286303,0.0643459,0.033236,11.9198,-3.96061,74.9356,0.0975819,-0.704122,-3.8727657422423363,1.920877993106842,0.273578,999,,,,,,,115.7,3.402941176,115.7,3.402941176,,,,,,,,,,,,,,,,,,,"Korey Lee","25543",686676
"César Salazar","HOU",24,96,84,18,12,3,0,2,10,9,8,0,20,3,1,1,,1,0,0.212785,0.0846457,0.210333,0.402437,0.30353,0.327435,0.284546,0.630965,0.114649,2.68862,0.25376,-0.0258491,-0.158428,9.12104,-2.2221,81.1321,-0.184277,-0.255741,-2.319128856062889,1.6192590296268463,0.266452,999,,,,,,,79.2,3.3,79.2,3.3,,,,,,,,,,,,,,,,,,,"Cesar Salazar","21587",663967
"Johan Rojas","PHI",21,91,84,21,15,4,1,1,11,8,5,0,19,1,1,1,,5,1,0.246616,0.0555912,0.206681,0.268971,0.293538,0.35791,0.285541,0.651448,0.111295,7.07421,0.300404,0.0965695,0.455397,8.71953,-2.03283,79.5795,0.551967,0.895481,-1.6504631638526917,1.2204814553260803,0.265768,999,,,,,,,85,4.047619047,85,4.047619047,,,,,,,,,,,,,,,,,,,"Johan Rojas","24336",679032
"Cody Freeman","TEX",44,189,175,41,28,8,0,5,18,21,10,0,34,1,1,1,,3,1,0.236357,0.0539921,0.177497,0.304185,0.281331,0.37281,0.285067,0.654141,0.136454,3.32845,0.262757,-0.0369747,-0.087949,18.0371,-4.29473,82.3214,-0.124924,-0.549173,-4.062987260520458,0.12582671642303467,0.26273,999,,,,,,,160.7,3.652272727,160.7,3.652272727,,,,,,,,,,,,,,,,,,,"Cody Freeman","25629",683227
"Nick Allen","HOU",29,126,113,26,20,5,0,1,12,10,10,0,24,1,1,1,,3,1,0.231722,0.0784913,0.192311,0.408147,0.295918,0.312287,0.272384,0.608205,0.0805648,4.17949,0.282062,0.0221231,-0.0774006,10.7272,-4.16067,72.7542,-0.0552775,1.53871,-4.101437706500292,2.238714635372162,0.25312,999,,,,,,,92.4,3.186206896,92.4,3.186206896,,,,,,,,,,,,,,,,,,,"Nick Allen","22277",669397
"Leo Jiménez","TOR",18,77,66,15,11,3,0,2,8,7,7,0,16,3,1,0,,0,0,0.23088,0.0847049,0.211054,0.401343,0.326058,0.349191,0.303372,0.675249,0.118311,3.0039,0.280806,-0.0503395,-0.160587,8.4928,-0.605345,94.1292,-0.210927,-0.0318531,-0.743722528219223,0.5431468486785889,0.250629,999,,,,,,,75.5,4.194444444,75.5,4.194444444,,,,,,,,,,,,,,,,,,,"Leo Jimenez","23782",677870
"Jorge Mateo","ATL",34,147,134,30,20,6,1,3,16,15,10,0,38,1,1,1,,12,3,0.225044,0.0656626,0.256996,0.2555,0.280487,0.352734,0.277889,0.63322,0.12769,6.90639,0.286971,0.25472,0.988262,13.1721,-4.19713,75.4768,1.24298,0.28362,-3.029579758644104,0.5586202144622803,0.247572,999,,,,,,,132.7,3.902941176,132.7,3.902941176,,,,,,,,,,,,,,,,,,,"Jorge Mateo","17273",622761
"Derek Hill","CHW",24,105,96,22,15,4,1,3,12,10,6,0,29,1,1,1,,3,1,0.230859,0.0612157,0.279147,0.219296,0.284344,0.366618,0.284712,0.650962,0.135759,5.93545,0.301033,0.0218708,0.17537,9.99034,-2.41622,80.4143,0.197241,1.0284,-2.2265836149454117,1.0033968389034271,0.244603,999,,,,,,,96.6,4.025,96.6,4.025,,,,,,,,,,,,,,,,,,,"Derek Hill","16947",656537
"Miguel Rojas","LAD",37,161,147,34,25,7,0,2,16,15,11,0,24,1,1,1,,3,1,0.232961,0.0684491,0.146712,0.466553,0.290514,0.326395,0.274098,0.616909,0.0934338,3.74581,0.262442,-0.0700417,0.0124011,13.931,-5.09235,73.8602,-0.0576406,1.49506,-5.045590400695801,2.0700562596321106,0.243604,999,,,,,,,121.4,3.281081081,121.4,3.281081081,,,,,,,,,,,,,,,,,,,"Miguel Rojas","7802",500743
"Brice Matthews","HOU",16,70,62,13,8,2,0,2,8,8,7,0,23,1,0,0,,4,1,0.218422,0.0981069,0.324307,0.302512,0.30537,0.383662,0.303015,0.689032,0.16524,6.4859,0.299782,0.00583718,0.236836,7.70041,-0.570634,93.8546,0.242673,0.281511,-0.2643450200557709,0.23151098936796188,0.243141,999,,,,,,,64.2,4.0125,64.2,4.0125,,,,,,,,,,,,,,,,,,,"Brice Matthews","33280",694728
"Leody Taveras","BAL",18,77,70,17,12,3,0,2,9,8,6,0,17,0,1,0,,3,1,0.245576,0.0730712,0.216184,0.338004,0.301448,0.390303,0.301308,0.691752,0.144727,5.94403,0.292259,0.0164015,0.193065,8.36377,-0.73437,93.5482,0.209467,0.109631,-0.37605585157871246,0.08463099598884583,0.241334,999,,,,,,,73.6,4.088888888,73.6,4.088888888,,,,,,,,,,,,,,,,,,,"Leody Taveras","18900",665750
"Jasson Domínguez","NYY",21,91,80,20,13,4,0,3,11,10,9,0,23,0,1,0,,4,1,0.248203,0.101282,0.249272,0.40631,0.326617,0.406214,0.320149,0.732831,0.15801,5.93105,0.309101,0.0043641,0.333919,11.2765,0.524151,106.211,0.338284,-0.967275,1.004435956478119,-1.8422752618789673,0.234729,322.95001220703125,,,,,,,103.6,4.933333333,103.6,4.933333333,,,,,,,,,,,,,,,,,,,"Jasson Dominguez","28080",691176
"Myles Straw","TOR",42,182,164,38,29,7,1,1,19,14,15,0,33,1,1,2,,7,1,0.233447,0.0811127,0.181389,0.447174,0.297485,0.311001,0.272466,0.608486,0.077554,5.65202,0.282198,0.237226,0.659527,15.5069,-5.99779,72.8388,0.896753,2.00246,-4.929552853107452,0.9524633884429932,0.233994,999,,,,,,,142.7,3.397619047,142.7,3.397619047,,,,,,,,,,,,,,,,,,,"Myles Straw","17620",664702
"Eric Wagaman","MIN",26,112,103,25,16,6,1,3,13,13,8,0,23,0,1,1,,1,0,0.248271,0.0686899,0.208185,0.329947,0.301404,0.398688,0.303992,0.700092,0.150417,4.2612,0.292572,-0.0904009,-0.126511,12.4096,-0.824104,93.1948,-0.216912,1.18338,-1.1152282059192657,-0.4666159152984619,0.232558,999,,,,,,,114.2,4.392307692,114.2,4.392307692,,,,,,,,,,,,,,,,,,,"Eric Wagaman","23395",676572
"Ty France","SDP",26,112,99,25,18,5,0,3,12,12,7,0,20,4,1,1,,0,0,0.254071,0.0661517,0.178112,0.371404,0.327395,0.386446,0.314708,0.713841,0.132375,2.4601,0.290326,-0.0903412,-0.161921,13.384,0.150331,104.909,-0.252262,0.0407478,0.39938750863075256,-1.8592521734535694,0.231881,999,,,,,,,116.7,4.488461538,116.7,4.488461538,,,,,,,,,,,,,,,,,,,"Ty France","17982",664034
"Carlos Cortes","ATH",34,147,132,31,19,7,0,5,16,18,12,0,32,1,1,0,,0,0,0.236445,0.0844424,0.216098,0.39076,0.303247,0.396957,0.305347,0.700204,0.160511,2.38135,0.275255,-0.079842,-0.252838,16.4492,-0.920018,92.0662,-0.332679,0.469415,-1.7072695195674896,-1.1055853366851807,0.22986,999,,,,,,,147.9,4.35,147.9,4.35,,,,,,,,,,,,,,,,,,,"Carlos Cortes","21842",666126
"Jacob Melton","TBR",34,147,134,30,19,6,0,4,15,16,11,0,40,1,1,1,,9,2,0.221355,0.0738696,0.271425,0.272155,0.281099,0.372748,0.285549,0.653846,0.151393,5.92536,0.278245,0.0342935,0.687145,14.0864,-3.2828,80.3659,0.721438,0.638025,-2.6803025603294373,-0.13697510957717896,0.229408,701.0599975585938,,,,,,,136.5,4.014705882,136.5,4.014705882,,,,,,,,,,,,,,,,,,,"Jacob Melton","31661",689200
"Hyeseong Kim","LAD",31,133,122,27,18,5,1,3,14,13,8,0,37,1,1,1,,7,2,0.224832,0.0597728,0.28168,0.212201,0.278325,0.355151,0.277699,0.633476,0.130319,6.3827,0.295108,-0.0563931,0.582782,11.8971,-3.81784,76.3272,0.526389,0.534572,-3.2052128314971924,1.0095723569393158,0.228085,732.280029296875,,,,,,,112.3,3.622580645,112.3,3.622580645,,,,,,,,,,,,,,,,,,,"Hyeseong Kim","35322",808975
"Robert Hassell III","WSN",63,273,247,58,42,10,0,5,26,24,21,0,65,1,2,2,,7,2,0.234631,0.0770934,0.239577,0.321789,0.295456,0.342266,0.282356,0.637721,0.107634,4.19841,0.295725,0.0298306,0.257632,25.4526,-6.80446,79.0282,0.287462,0.847942,-6.498220711946487,-0.3770575523376465,0.225855,999,,,,,,,227.5,3.611111111,227.5,3.611111111,,,,,,,,,,,,,,,,,,,"Robert Hassell III","27482",690987
"Nick Yorke","PIT",26,112,102,25,18,5,0,2,12,11,8,0,26,1,1,1,,3,1,0.250107,0.0713369,0.229887,0.310312,0.307147,0.372961,0.298297,0.680108,0.122854,4.61788,0.312014,0.00866935,-0.114708,11.8916,-1.34202,88.0445,-0.106039,0.0833356,-1.693042941391468,0.13333558291196823,0.221666,999,,,,,,,101.2,3.892307692,101.2,3.892307692,,,,,,,,,,,,,,,,,,,"Nick Yorke","27504",694377
"Johnathan Rodríguez","CLE",19,84,76,19,12,4,0,3,10,10,7,0,23,1,1,0,,0,0,0.254431,0.0815806,0.274932,0.29673,0.318209,0.4302,0.323429,0.748409,0.175769,3.18654,0.323635,-0.031479,-0.195454,10.6328,0.707522,108.527,-0.226933,-0.362278,0.617243692278862,-1.4622783958911896,0.209343,999,,,,,,,94.2,4.957894736,94.2,4.957894736,,,,,,,,,,,,,,,,,,,"Johnathan Rodriguez","22530",671286
"Justyn-Henry Malloy","TBR",23,98,83,19,12,4,0,3,11,10,13,0,27,1,1,0,,1,0,0.227889,0.127592,0.273394,0.466696,0.334336,0.370061,0.313942,0.704397,0.142172,2.65854,0.299187,-0.00279063,-0.124433,11.65,0.0705734,99.9245,-0.127223,0.142495,-0.1359420930966735,-1.3075046986341476,0.197418,999,,,,,,,107.1,4.656521739,107.1,4.656521739,,,,,,,,,,,,,,,,,,,"Justyn-Henry Malloy","29606",669234
"Andrew Knizner","SEA",19,77,68,15,11,3,0,1,8,7,6,0,17,2,1,0,,0,0,0.219322,0.0764442,0.221166,0.345642,0.294837,0.324794,0.277657,0.619631,0.105473,2.76712,0.269443,-0.0295019,-0.125758,6.86729,-2.20722,82.3428,-0.15526,-0.479846,-1.7535531669855118,1.0201538503170013,0.19541,999,,,,,,,58.1,3.057894736,58.1,3.057894736,,,,,,,,,,,,,,,,,,,"Andrew Knizner","19514",668800
"Isiah Kiner-Falefa","BOS",41,175,161,41,31,7,1,1,18,14,9,0,30,2,1,1,,5,1,0.253387,0.0525999,0.171277,0.307105,0.30092,0.333425,0.281009,0.634344,0.0800378,5.22266,0.300591,0.266749,0.227582,16.1244,-4.55319,73.9244,0.494331,0.278401,-4.883967161178589,0.7534011006355286,0.193642,747.4299926757812,,,,,,,143.7,3.504878048,143.7,3.504878048,,,,,,,,,,,,,,,,,,,"Isiah Kiner-Falefa","16512",643396
"John Rave","KCR",21,91,82,19,12,4,1,2,11,9,8,0,22,0,1,0,,3,1,0.237148,0.0879936,0.240971,0.365162,0.305808,0.388772,0.303536,0.694579,0.151623,6.34452,0.293279,-0.0300828,0.0587257,10.0491,-0.703277,90.6219,0.0286429,0.706295,-0.9771950393915176,-0.26870471239089966,0.192979,999,,,,,,,87.4,4.161904761,87.4,4.161904761,,,,,,,,,,,,,,,,,,,"John Rave","26284",670231
"Bryce Teodosio","LAA",58,252,230,49,34,9,2,4,28,21,14,0,78,4,2,2,,12,3,0.211964,0.0547051,0.311108,0.17584,0.266722,0.321833,0.260009,0.588555,0.109869,7.35789,0.300266,0.026498,0.754928,18.9226,-10.8532,62.4764,0.781426,2.86399,-10.363515436649323,3.563988447189331,0.191724,999,,,,,,,187.9,3.239655172,187.9,3.239655172,,,,,,,,,,,,,,,,,,,"Bryce Teodosio","29524",669326
"Andruw Monasterio","BOS",24,105,93,22,16,4,0,2,11,10,9,0,25,1,1,1,,4,1,0.239755,0.0893273,0.238662,0.374284,0.313886,0.352894,0.296283,0.666779,0.113138,4.48265,0.30482,-0.00880731,0.0607535,10.9767,-1.42984,84.4458,0.0519462,0.128896,-1.8729600720107555,0.10389610379934311,0.188753,999,,,,,,,95.4,3.975,95.4,3.975,,,,,,,,,,,,,,,,,,,"Andruw Monasterio","19455",655316
"TJ Rumfield","COL",58,252,225,57,39,12,0,6,26,26,21,0,50,3,2,1,,1,1,0.252384,0.0821928,0.199911,0.411148,0.32229,0.385052,0.311376,0.707342,0.132668,1.80944,0.298295,-0.0607791,-0.617854,29.4321,-0.343624,85.2345,-0.678633,3.28485,-5.088667392730713,-1.5151453018188477,0.182146,999,,,,,,,256.5,4.422413793,256.5,4.422413793,,,,,,,,,,,,,,,,,,,"TJ Rumfield","sa3017330",681198
"Rowdy Tellez",,44,189,171,41,25,8,0,8,21,24,15,0,43,1,1,0,,1,0,0.237854,0.0781876,0.228439,0.342269,0.301465,0.424238,0.313722,0.725703,0.186384,2.24912,0.269321,-0.28615,-0.316886,22.4341,0.102267,100.218,-0.603036,-0.189366,-0.5542290434241295,-4.06436587870121,0.18191,999,,,,,,,206.9,4.702272727,206.9,4.702272727,,,,,,,,,,,,,,,,,,,"Rowdy Tellez","15679",642133
"Jonah Heim","ATL",18,70,64,15,10,3,0,2,7,7,5,0,14,0,0,0,,0,0,0.230862,0.0744686,0.20122,0.370086,0.290677,0.359262,0.28589,0.649938,0.1284,2.80747,0.267388,-0.126488,-0.059212,6.76562,-1.55268,80.9584,-0.1857,-0.184982,-1.7745065540075302,1.1900179237127304,0.179838,999,,,,,,,62.5,3.472222222,62.5,3.472222222,,,,,,,,,,,,,,,,,,,"Jonah Heim","16930",641680
"Richie Palacios","TBR",41,175,153,34,24,7,0,3,19,16,18,0,36,2,1,1,,6,1,0.225113,0.101838,0.204624,0.497682,0.311301,0.337361,0.290427,0.648662,0.112248,4.94819,0.272052,-0.0206795,0.279133,17.4625,-3.21512,83.7257,0.258453,0.369059,-3.0982575118541718,-1.205941379070282,0.175877,999,,,,,,,154.5,3.768292682,154.5,3.768292682,,,,,,,,,,,,,,,,,,,"Richie Palacios","24589",680700
"Zac Veen","COL",28,119,107,26,17,5,1,3,14,12,9,0,29,1,1,1,,5,1,0.244441,0.0774572,0.243012,0.318738,0.306871,0.386356,0.303217,0.693227,0.141915,6.25748,0.307044,-0.0134169,0.190131,13.1102,-0.950562,79.6454,0.176714,1.70181,-2.6940977424383163,0.4268066883087158,0.173099,740.1900024414062,,,,,,,123.7,4.417857142,123.7,4.417857142,,,,,,,,,,,,,,,,,,,"Zac Veen","27770",691728
"Joey Wiemer","WSN",28,119,106,23,15,5,0,3,12,12,11,0,32,1,1,0,,3,1,0.216121,0.0891556,0.271691,0.32815,0.293806,0.354935,0.287315,0.648741,0.138814,4.21528,0.275842,-0.0522851,0.0888371,11.5738,-2.48694,82.4252,0.036552,0.649256,-2.4421970397233963,0.17425602674484253,0.173033,999,,,,,,,104.4,3.728571428,104.4,3.728571428,,,,,,,,,,,,,,,,,,,"Joey Wiemer","27690",686894
"Sam Antonacci","CHW",11,49,42,10,7,2,0,1,6,4,5,0,10,2,0,0,,2,1,0.241242,0.0941382,0.195829,0.480715,0.341418,0.355739,0.313081,0.697157,0.114497,6.01672,0.292557,0,0.114488,5.79077,0.00103744,99.9565,0.114488,-0.294675,0.11197611596435308,-0.11967450380325317,0.171762,999,,,,,,,51.2,4.654545454,51.2,4.654545454,,,,,,,,,,,,,,,,,,,"Sam Antonacci","sa3025363",803011
"Luis Matos","SFG",28,119,110,28,18,6,0,3,13,14,7,0,18,1,1,0,,2,1,0.250498,0.0548902,0.147129,0.373076,0.297924,0.398406,0.3022,0.696329,0.147908,4.14383,0.268653,-0.0230209,0.0646581,13.012,-1.04877,94.9953,0.0416372,-0.546107,-0.6642261780798435,-1.6211068630218506,0.171253,999,,,,,,,117.4,4.192857142,117.4,4.192857142,,,,,,,,,,,,,,,,,,,"Luis Matos","26467",682641
"Tim Tawa","ARI",32,140,127,29,18,6,1,4,15,15,11,0,35,1,1,1,,3,1,0.226028,0.0788853,0.248767,0.317106,0.29066,0.377553,0.292372,0.668214,0.151525,4.39641,0.276774,-0.00365435,-0.188878,14.1911,-2.35097,84.8852,-0.192533,0.113188,-2.7005152702331543,-0.2868116721510887,0.170914,999,,,,,,,135,4.21875,135,4.21875,,,,,,,,,,,,,,,,,,,"Tim Tawa","29571",694374
"Alex Jackson","MIN",8,32,29,7,4,1,0,1,4,4,2,0,10,0,0,0,,0,0,0.224568,0.0704162,0.308489,0.228262,0.289012,0.408757,0.302297,0.697769,0.184189,3.51324,0.29177,-0.00938755,-0.0477613,3.50153,-0.279513,92.0268,-0.0571488,0.270472,-0.3578651323914528,0.8954722583293915,0.16769,999,,,,,,,28.5,3.5625,28.5,3.5625,,,,,,,,,,,,,,,,,,,"Alex Jackson","17276",656577
"Orlando Arcia","MIN",23,98,89,21,14,4,0,2,10,10,7,0,21,0,1,0,,0,0,0.230054,0.0713964,0.209293,0.34113,0.287455,0.356154,0.282945,0.643609,0.1261,2.36185,0.271495,-0.0094773,-0.127771,9.18371,-2.39574,78.6962,-0.137248,0.308519,-2.597926303744316,0.8585190773010254,0.167137,999,,,,,,,80,3.478260869,80,3.478260869,,,,,,,,,,,,,,,,,,,"Orlando Arcia","13185",606115
"Drew Gilbert","SFG",18,77,69,16,10,3,0,2,9,8,6,0,16,1,1,0,,1,0,0.232998,0.0813648,0.204075,0.3987,0.306475,0.375358,0.299928,0.681833,0.142361,4.2996,0.272792,0.00853387,-0.12523,8.27745,-0.82069,93.4385,-0.116696,0.404567,-0.7155019268393517,-0.32043248414993286,0.156116,999,,,,,,,71,3.944444444,71,3.944444444,,,,,,,,,,,,,,,,,,,"Drew Gilbert","31545",687551
"Juan Brito","CLE",23,98,86,19,13,5,0,2,10,10,10,0,20,1,1,0,,1,1,0.22487,0.101344,0.201458,0.503051,0.309656,0.350564,0.293947,0.66022,0.125694,3.03316,0.266295,-0.00774711,-0.291563,10.059,-1.52041,88.2171,-0.29931,-0.589349,-1.660287618637085,-0.2393490970134735,0.150744,999,,,,,,,85.8,3.730434782,85.8,3.730434782,,,,,,,,,,,,,,,,,,,"Juan Brito","sa3009808",682877
"Brett Harris","ATH",18,77,68,16,11,3,0,2,8,8,7,0,16,1,1,0,,1,0,0.231896,0.0854237,0.210533,0.405749,0.309795,0.358952,0.296837,0.668747,0.127056,3.98247,0.276862,-0.0382612,-0.0671441,8.08426,-1.01388,86.2045,-0.105405,0.354559,-1.3573976159095764,0.17955942451953888,0.150643,999,,,,,,,75,4.166666666,75,4.166666666,,,,,,,,,,,,,,,,,,,"Brett Harris","29788",695391
"Zach Dezenzo","HOU",23,98,89,21,13,4,0,3,11,11,8,0,28,1,1,0,,1,0,0.237382,0.0766854,0.283881,0.270132,0.300942,0.395554,0.303535,0.696496,0.158172,4.11336,0.306664,0.00836303,0.00418656,10.822,-0.757446,94.2133,0.0125496,-0.165172,-0.6558340024203062,-1.2651722133159637,0.148557,999,,,,,,,97.3,4.230434782,97.3,4.230434782,,,,,,,,,,,,,,,,,,,"Zach Dezenzo","31562",701305
"Alex Freeland","LAD",11,49,42,9,6,2,0,1,5,5,6,0,13,1,0,0,,1,0,0.217698,0.113122,0.273414,0.413739,0.313412,0.363523,0.30093,0.676935,0.145825,4.48147,0.280747,-0.00159245,0.0651126,5.30735,-0.482374,92.2411,0.0635201,-0.0167537,-0.3870801329612732,0.20824627205729485,0.148497,999,,,,,,,46.5,4.227272727,46.5,4.227272727,,,,,,,,,,,,,,,,,,,"Alex Freeland","31665",690976
"Troy Johnston","COL",62,266,242,61,41,12,2,7,31,28,16,0,56,5,2,2,,11,2,0.253851,0.0607877,0.2099,0.289603,0.310441,0.398985,0.309458,0.709426,0.145134,6.38396,0.302222,-0.219738,1.2045,30.6532,-0.776779,83.9211,0.984764,1.67001,-4.0843364000320435,-3.329988718032837,0.146876,747.1799926757812,,,,,,,289.9,4.675806451,289.9,4.675806451,,,,,,,,,,,,,,,,,,,"Troy Johnston","26143",687859
"Gabriel Gonzalez","MIN",10,42,38,10,6,2,0,1,5,5,2,0,9,1,0,0,,0,0,0.251457,0.0528384,0.202988,0.260304,0.303894,0.389818,0.302754,0.693712,0.138361,3.19519,0.295997,-0.00340055,-0.0654788,4.61137,-0.351251,92.3421,-0.0688794,0.865076,-0.44796043634414673,0.41507580876350403,0.144536,999,,,,,,,42.2,4.22,42.2,4.22,,,,,,,,,,,,,,,,,,,"Gabriel Gonzalez","sa3015723",694224
"Randal Grichuk","NYY",29,126,115,27,17,6,0,5,14,16,8,0,27,1,1,0,,0,0,0.236939,0.0654057,0.216105,0.302658,0.292365,0.407614,0.303077,0.699979,0.170675,2.85058,0.269852,0.0438592,-0.237574,13.8671,-1.02081,94.4501,-0.193715,-0.469139,-1.0179064869880676,-1.9191387295722961,0.143204,999,,,,,,,127.6,4.4,127.6,4.4,,,,,,,,,,,,,,,,,,,"Randal Grichuk","10243",545341
"Curtis Mead","CHW",10,42,38,10,6,2,0,1,5,5,3,0,9,1,0,0,,1,0,0.252772,0.0661858,0.207237,0.319372,0.315107,0.392336,0.309317,0.707443,0.139564,4.72782,0.302531,0.0128021,-0.0381532,4.83514,-0.12748,97.3633,-0.0253511,0.0931378,-0.15587314777076244,0.09313783049583435,0.141481,999,,,,,,,47.1,4.71,47.1,4.71,,,,,,,,,,,,,,,,,,,"Curtis Mead","23986",678554
"Jerar Encarnacion","SFG",24,105,95,23,15,4,0,4,12,12,8,0,33,1,1,0,,1,0,0.238447,0.0787258,0.312912,0.251591,0.30257,0.406901,0.308062,0.709471,0.168454,3.85934,0.318536,-0.103687,-0.0960615,11.9809,-0.425698,99.0106,-0.199748,0.427109,-0.3228773772716522,-1.7978912889957428,0.140435,999,,,,,,,111.9,4.6625,111.9,4.6625,,,,,,,,,,,,,,,,,,,"Jerar Encarnacion","21871",666464
"Michael Conforto","CHC",23,98,86,19,12,4,0,3,11,11,10,0,24,1,1,0,,0,0,0.226584,0.102152,0.246902,0.413733,0.315643,0.381185,0.30747,0.696828,0.154601,2.88023,0.277179,-0.0520551,-0.139002,11.1351,-0.444364,98.0044,-0.191057,-0.448226,-0.4228411018848419,-1.4982257783412933,0.137039,999,,,,,,,93.2,4.052173913,93.2,4.052173913,,,,,,,,,,,,,,,,,,,"Michael Conforto","16376",624424
"Alejandro Osuna","TEX",13,56,50,12,8,2,0,1,6,6,5,0,12,1,0,0,,2,1,0.240603,0.0861587,0.221336,0.389267,0.316996,0.371851,0.304322,0.688847,0.131249,4.9498,0.293657,0.0265211,-0.0386961,6.21978,-0.397049,95.5855,-0.012175,0.302698,-0.3035441804677248,-0.2973020672798157,0.135726,999,,,,,,,51.4,3.953846153,51.4,3.953846153,,,,,,,,,,,,,,,,,,,"Alejandro Osuna","27915",696030
"Mitch Garver","SEA",11,45,39,8,5,2,0,1,5,5,5,0,13,1,0,0,,0,0,0.211026,0.108501,0.279604,0.388053,0.304026,0.35986,0.294758,0.663886,0.148834,2.88494,0.268595,-0.120343,-0.0596357,4.62795,-0.665512,94.1233,-0.179978,-0.615745,-0.49028022587299347,0.25925540924072266,0.134123,999,,,,,,,39,3.545454545,39,3.545454545,,,,,,,,,,,,,,,,,,,"Mitch Garver","15161",641598
"Nathaniel Lowe","CIN",26,112,98,24,16,4,0,3,13,12,12,0,28,1,1,0,,0,0,0.242118,0.1112,0.249398,0.445875,0.329767,0.390957,0.317354,0.720724,0.148839,3.23831,0.303695,-0.190465,-0.136376,13.6246,0.39093,98.1029,-0.326841,0.307428,-0.5786730647087097,-1.8425724804401398,0.13352,999,,,,,,,115.2,4.43076923,115.2,4.43076923,,,,,,,,,,,,,,,,,,,"Nathaniel Lowe","19566",663993
"Michael Helman","TEX",19,84,77,17,11,4,0,2,8,9,5,0,20,1,1,0,,3,1,0.217666,0.0600573,0.235635,0.254874,0.27129,0.357983,0.275275,0.629274,0.140317,5.12394,0.260363,-0.0321448,0.206505,7.34861,-2.57663,75.5755,0.17436,0.300758,-2.2437538355588913,0.6507576107978821,0.132817,999,,,,,,,69.5,3.657894736,69.5,3.657894736,,,,,,,,,,,,,,,,,,,"Michael Helman","24605",680737
"Ryan Kreidler","MIN",24,105,92,19,12,4,0,2,11,10,10,0,33,2,1,0,,4,1,0.204397,0.0984982,0.309895,0.317844,0.29313,0.330207,0.279261,0.623337,0.12581,5.52231,0.285139,0.0185094,0.0893832,9.52558,-2.88098,76.1581,0.107893,-0.340826,-2.842660091817379,0.48417380452156067,0.128448,999,,,,,,,85.6,3.566666666,85.6,3.566666666,,,,,,,,,,,,,,,,,,,"Ryan Kreidler","25867",668952
"Brandon Lockridge","MIL",21,91,81,19,14,4,0,1,10,8,7,0,24,1,1,1,,5,1,0.230176,0.0822361,0.260494,0.315693,0.298833,0.328562,0.27974,0.627395,0.0983852,6.42142,0.307026,-0.0133372,0.546331,8.29093,-2.46142,77.9707,0.532994,0.517109,-1.8429474830627441,0.04210898280143738,0.125512,999,,,,,,,77.1,3.671428571,77.1,3.671428571,,,,,,,,,,,,,,,,,,,"Brandon Lockridge","21496",663604
"Mike Tauchman","NYM",24,105,90,20,14,4,0,2,12,10,12,0,24,1,1,0,,1,0,0.22601,0.117619,0.230145,0.511067,0.323406,0.341182,0.298626,0.664588,0.115172,2.78005,0.28243,-0.184055,-0.217091,11.1764,-1.23011,93.4544,-0.401146,0.269065,-1.215729147195816,-1.0559352040290833,0.124996,999,,,,,,,93.3,3.8875,93.3,3.8875,,,,,,,,,,,,,,,,,,,"Mike Tauchman","15274",643565
"Christian Vázquez","HOU",19,77,70,16,12,3,0,1,7,7,5,0,15,1,1,0,,1,0,0.222996,0.0685664,0.192521,0.356149,0.280897,0.314584,0.265203,0.595481,0.0915887,2.91205,0.264761,-0.204186,-0.101493,6.09073,-2.98378,67.8075,-0.30568,0.294936,-3.2196682393550873,1.79493647813797,0.124678,999,,,,,,,57.6,3.031578947,57.6,3.031578947,,,,,,,,,,,,,,,,,,,"Christian Vazquez","9774",543877
"Adrian Del Castillo","ARI",29,124,111,25,16,6,1,4,14,14,11,0,33,1,1,0,,0,0,0.228259,0.0864087,0.268656,0.321634,0.299477,0.384566,0.299151,0.684044,0.156307,3.19396,0.290611,-0.0724008,-0.210435,13.209,-1.39531,89.5289,-0.282836,0.853078,-1.8167667388916016,-1.096921682357788,0.122623,999,,,,,,,125.7,4.334482758,125.7,4.334482758,,,,,,,,,,,,,,,,,,,"Adrian Del Castillo","29554",680728
"Taylor Trammell","HOU",8,35,30,7,4,2,0,1,4,4,4,0,10,0,0,0,,1,0,0.227852,0.112831,0.284102,0.39715,0.32082,0.40536,0.317975,0.72618,0.177508,4.66141,0.291693,-0.0278924,0.0174718,4.27533,0.139813,104.16,-0.0104205,0.0970186,0.16120088659226894,-0.1779814213514328,0.121533,999,,,,,,,38.3,4.7875,38.3,4.7875,,,,,,,,,,,,,,,,,,,"Taylor Trammell","19960",666211
"Rafael Flores Jr.","PIT",11,47,42,10,6,2,0,1,5,5,4,0,13,0,0,0,,0,0,0.237215,0.0809132,0.285997,0.282917,0.302703,0.390656,0.30282,0.693358,0.153441,2.97918,0.3089,-0.0198096,-0.0461332,5.11892,-0.387232,91.1433,-0.0659428,0.0590131,-0.5551062077283859,0.18401314318180084,0.120657,999,,,,,,,41.2,3.745454545,41.2,3.745454545,,,,,,,,,,,,,,,,,,,"Rafael Flores Jr.","31991",804668
"Dylan Carlson","CHC",16,70,61,14,10,3,0,2,8,7,7,0,16,1,0,0,,1,0,0.235008,0.101195,0.224716,0.450323,0.321508,0.366398,0.30514,0.687907,0.13139,4.62033,0.289126,0.0244776,-0.0480004,7.8212,-0.449844,96.4081,-0.0235228,-0.378372,-0.32152404822409153,-0.8283724188804626,0.120629,999,,,,,,,70.8,4.425,70.8,4.425,,,,,,,,,,,,,,,,,,,"Dylan Carlson","20126",666185
"Aidan Miller","PHI",10,42,37,8,5,2,0,1,5,4,4,0,11,1,0,0,,3,1,0.231673,0.10222,0.265327,0.385262,0.320309,0.374575,0.307329,0.694884,0.142901,6.57181,0.302458,-0.00346461,0.156736,4.76735,-0.195271,94.5047,0.153271,-0.398106,-0.12027812004089355,-0.0981060266494751,0.120623,999,,,,,,,40.9,4.09,40.9,4.09,,,,,,,,,,,,,,,,,,,"Aidan Miller","sa3022609",805795
"Dom Keegan","TBR",16,64,58,13,8,3,0,2,7,7,5,0,18,1,0,0,,0,0,0.228901,0.0793329,0.283112,0.280217,0.296374,0.376954,0.294858,0.673328,0.148053,3.40933,0.300965,-0.0116447,-0.11245,6.61654,-0.945556,86.7782,-0.124095,-1.16801,-1.1214326918125153,0.08199334144592285,0.119024,999,,,,,,,60.3,3.76875,60.3,3.76875,,,,,,,,,,,,,,,,,,,"Dom Keegan","sa3020194",681371
"Tristan Gray","MIN",15,63,58,13,8,3,0,2,7,7,4,0,19,1,0,0,,0,0,0.226214,0.0594777,0.295664,0.201166,0.277787,0.398621,0.292482,0.676408,0.172407,3.66611,0.291177,-0.0304124,-0.113573,6.39162,-1.05232,85.2657,-0.143986,0.104563,-1.2380467802286148,0.22956275939941406,0.11867,999,,,,,,,57.3,3.82,57.3,3.82,,,,,,,,,,,,,,,,,,,"Tristan Gray","19877",656484
"Andrew McCutchen","TEX",45,196,170,38,25,7,0,6,21,21,22,0,47,1,1,0,,1,1,0.220373,0.114163,0.240923,0.473857,0.313921,0.363422,0.301004,0.677343,0.14305,2.49432,0.267168,-0.542529,-0.331251,21.2412,-1.91775,93.2995,-0.873781,0.81953,-2.4216553568840027,-3.1804702281951904,0.117033,999,,,,,,,187.6,4.168888888,187.6,4.168888888,,,,,,,,,,,,,,,,,,,"Andrew McCutchen","9847",457705
"Jace Jung","DET",8,35,30,7,4,1,0,1,4,4,4,0,9,0,0,0,,0,0,0.227608,0.119788,0.265713,0.450817,0.322566,0.388836,0.3133,0.711403,0.161228,2.79144,0.28787,0.00429222,-0.0829384,4.14249,0.00696973,100.114,-0.0786462,0.031434,-0.07394647225737572,0.0064340196549892426,0.116343,999,,,,,,,33.5,4.1875,33.5,4.1875,,,,,,,,,,,,,,,,,,,"Jace Jung","31437",690291
"Ryan Bliss","SEA",11,49,44,9,6,2,0,1,5,5,4,0,13,1,0,0,,3,1,0.21575,0.0830788,0.264484,0.314116,0.288168,0.346839,0.281021,0.635007,0.131089,6.45618,0.276517,-0.00330225,0.160293,4.5153,-1.27443,84.66,0.156991,0.00144519,-0.7289285212755203,0.17644518532324582,0.116024,999,,,,,,,39.5,3.59090909,39.5,3.59090909,,,,,,,,,,,,,,,,,,,"Ryan Bliss","29547",669208
"Gabriel Rincones Jr.","PHI",8,35,31,7,4,2,0,1,4,4,3,0,9,0,0,0,,1,0,0.227798,0.0990073,0.268481,0.368769,0.312732,0.389152,0.308279,0.701884,0.161354,5.51739,0.289222,-0.00613232,0.0537001,3.99979,-0.135733,95.1554,0.0475678,0.497754,-0.15339797362685204,0.12275382876396179,0.116003,999,,,,,,,34.3,4.2875,34.3,4.2875,,,,,,,,,,,,,,,,,,,"Gabriel Rincones Jr.","sa3020758",687282
"Jon Berti",,31,133,120,27,20,5,0,2,13,11,10,0,29,1,1,1,,7,2,0.2285,0.0789428,0.218345,0.361551,0.295151,0.321975,0.275642,0.617126,0.0934754,5.73993,0.283468,0.161225,0.401821,11.675,-4.04,74.06,0.563047,-0.518772,-3.5145777463912964,0.1062278151512146,0.111822,999,,,,,,,105.2,3.393548387,105.2,3.393548387,,,,,,,,,,,,,,,,,,,"Jon Berti","12037",542932
"Bryce Johnson","SDP",32,140,124,28,20,5,1,2,15,11,12,0,37,2,1,1,,6,1,0.22289,0.0828488,0.262262,0.315901,0.297958,0.318223,0.276522,0.616181,0.0953331,5.94792,0.297951,-0.0532817,0.411649,12.3895,-4.15255,78.7505,0.358368,0.295868,-3.1675330102443695,-0.4041321575641632,0.111129,999,,,,,,,122.4,3.825,122.4,3.825,,,,,,,,,,,,,,,,,,,"Bryce Johnson","20002",669369
"Walker Jenkins","MIN",8,35,31,8,5,2,0,1,4,4,3,0,8,0,0,0,,1,0,0.242944,0.0950352,0.226885,0.41887,0.322244,0.384882,0.311116,0.707126,0.141938,5.13294,0.298697,-0.0058536,0.00837675,4.08042,-0.0551018,98.1021,0.00252315,0.0223628,-0.07577023026533425,-0.05263722129166126,0.110112,999,,,,,,,39.9,4.9875,39.9,4.9875,,,,,,,,,,,,,,,,,,,"Walker Jenkins","sa3022894",805805
"Nelson Rada","LAA",15,63,55,12,10,2,0,1,6,4,6,0,15,1,0,1,,4,1,0.224858,0.0952634,0.245673,0.387765,0.310077,0.300373,0.277651,0.61045,0.0755152,5.69964,0.29877,-0.0151015,0.158832,5.63301,-1.81092,74.629,0.14373,0.812521,-1.7401410788297653,0.6375208497047424,0.109038,999,,,,,,,53.2,3.546666666,53.2,3.546666666,,,,,,,,,,,,,,,,,,,"Nelson Rada","sa3018421",703185
"Jose Siri","LAA",8,35,32,7,4,1,0,1,4,4,3,0,12,0,0,0,,1,0,0.219527,0.0718187,0.346626,0.207194,0.282582,0.405378,0.297959,0.68796,0.185851,5.67063,0.299856,0.027126,0.0723425,3.70653,-0.428992,88.6182,0.0994685,0.0713087,-0.3700494319200516,0.1963086500763893,0.105474,999,,,,,,,30.4,3.8,30.4,3.8,,,,,,,,,,,,,,,,,,,"Jose Siri","17452",642350
"Tom Murphy",,13,51,46,11,7,2,0,2,6,6,4,0,15,0,0,0,,0,0,0.235669,0.0862069,0.293103,0.294118,0.304598,0.401274,0.308217,0.705872,0.165605,2.80648,0.306931,-0.0147388,-0.0169093,5.84854,-0.201131,96.437,-0.0316481,-1.33132,-0.24726097658276558,-0.33132243156433105,0.10304,999,,,,,,,52.2,4.015384615,52.2,4.015384615,,,,,,,,,,,,,,,,,,,"Tom Murphy","13499",608596
"Tyler Locklear","ARI",36,154,136,31,20,6,0,5,17,17,13,0,42,4,1,0,,4,1,0.230731,0.0821405,0.275325,0.29834,0.310564,0.382117,0.305051,0.69268,0.151385,4.76736,0.297221,-0.027001,0.179666,17.1955,-1.00076,93.5708,0.152665,0.0296348,-1.020807221531868,-3.1203653309494257,0.100516,999,,,,,,,157.8,4.383333333,157.8,4.383333333,,,,,,,,,,,,,,,,,,,"Tyler Locklear","31396",682988
"Jesus Rodriguez","SFG",8,33,29,7,5,1,0,1,4,3,3,0,6,0,0,0,,1,0,0.254467,0.0784697,0.183427,0.427798,0.317688,0.36482,0.301171,0.682508,0.110353,4.80113,0.30007,-0.00261936,-0.0418404,3.5374,-0.31454,94.2906,-0.0444598,-0.375413,-0.2650592103600502,0.14958661794662476,0.0991549,999,,,,,,,33.4,4.175,33.4,4.175,,,,,,,,,,,,,,,,,,,"Jesus Rodriguez","sa3008916",683679
"Adael Amador","COL",16,70,62,15,10,3,0,2,8,7,7,0,13,1,0,0,,3,1,0.245697,0.0989642,0.178769,0.553585,0.325327,0.379273,0.311272,0.7046,0.133576,4.59978,0.28085,-0.0731335,-0.0608424,8.16967,-0.101366,85.1632,-0.133976,-0.252248,-1.364900454878807,-0.002248317003250122,0.0984009,999,,,,,,,76.4,4.775,76.4,4.775,,,,,,,,,,,,,,,,,,,"Adael Amador","27962",691182
"Anthony Santander","TOR",13,56,50,12,7,2,0,2,7,7,5,0,12,1,0,0,,0,0,0.231813,0.0929468,0.221154,0.420281,0.30969,0.416664,0.315666,0.726354,0.184851,2.65218,0.262262,-0.0816984,-0.0762428,6.73553,0.118697,102.598,-0.157941,0.150621,0.013518914580345154,-0.9993786364793777,0.0963343,739.780029296875,,,,,,,59.8,4.6,59.8,4.6,,,,,,,,,,,,,,,,,,,"Anthony Santander","14551",623993
"Nick Castellanos","SDP",86,371,341,82,55,16,1,11,40,43,23,0,87,3,3,1,,3,1,0.241464,0.0613768,0.234699,0.261513,0.293173,0.391015,0.297488,0.684188,0.149551,3.64341,0.289495,-0.681131,-0.185967,39.1474,-4.68914,93.1125,-0.867099,-0.542718,-3.895618259906769,-7.517718195915222,0.0951428,605.3599853515625,,,,,,,354.6,4.123255813,354.6,4.123255813,,,,,,,,,,,,,,,,,,,"Nick Castellanos","11737",592206
"Ryan Vilade","TBR",39,168,151,36,24,7,1,3,19,16,13,0,41,2,1,1,,3,1,0.236574,0.0758723,0.246587,0.30769,0.301174,0.3662,0.293358,0.667374,0.129626,5.15036,0.30124,-0.0133141,-0.135025,17.1638,-2.68667,85.745,-0.148339,-0.186276,-2.9709359109401703,-1.8862757086753845,0.0946468,999,,,,,,,152.7,3.915384615,152.7,3.915384615,,,,,,,,,,,,,,,,,,,"Ryan Vilade","22165",668723
"Tyler Tolbert","KCR",28,119,108,24,17,5,1,1,14,10,7,0,29,2,1,1,,10,1,0.22343,0.0607155,0.244201,0.248629,0.279651,0.327276,0.268415,0.606926,0.103846,8.27391,0.289342,-0.0834604,1.28874,9.74776,-4.31301,66.4279,1.20528,0.153206,-3.50339138507843,0.3282064348459244,0.0941891,999,,,,,,,99.2,3.542857142,99.2,3.542857142,,,,,,,,,,,,,,,,,,,"Tyler Tolbert","25779",686475
"Nolan Jones","CLE",10,42,37,8,5,2,0,1,5,4,4,0,12,0,0,0,,1,0,0.230572,0.106152,0.278416,0.38127,0.318386,0.378849,0.307624,0.697235,0.148277,4.55348,0.303436,-0.0300886,-0.0141221,4.77744,-0.185185,97.6393,-0.0442108,0.0712231,-0.16106844320893288,-0.3787769675254822,0.0926671,999,,,,,,,36.9,3.69,36.9,3.69,,,,,,,,,,,,,,,,,,,"Nolan Jones","20529",666134
"Orelvis Martinez","WSN",13,56,50,11,6,2,0,2,6,7,4,0,15,1,0,0,,0,0,0.212901,0.0797787,0.272323,0.292956,0.285097,0.396589,0.296803,0.681686,0.183688,2.37629,0.254416,-0.00544073,-0.0664036,5.87788,-0.738947,88.9246,-0.0718443,0.0384776,-0.8069393187761307,-0.16152241826057434,0.0915361,999,,,,,,,51.2,3.938461538,51.2,3.938461538,,,,,,,,,,,,,,,,,,,"Orelvis Martinez","25967",682619
"David Fry","CLE",45,192,172,38,24,8,0,5,21,21,16,0,50,3,1,0,,2,0,0.2233,0.0814754,0.259936,0.313444,0.298352,0.370284,0.294428,0.668636,0.146984,3.81854,0.279777,-0.146658,-0.0610406,19.8238,-2.90971,88.549,-0.207699,0,-2.80440454185009,-2.950000047683716,0.0887756,999,,,,,,,171.8,3.817777777,171.8,3.817777777,,,,,,,,,,,,,,,,,,,"David Fry","24934",681807
"Kameron Misner","KCR",8,35,31,7,4,2,0,1,4,4,4,0,10,0,0,0,,1,0,0.219815,0.107306,0.289928,0.370111,0.307147,0.372595,0.299896,0.679742,0.15278,6.42707,0.293858,-0.0260088,0.101706,3.76158,-0.373937,88.1142,0.0756969,0.237696,-0.41460931301116943,0.06269550323486328,0.0872449,999,,,,,,,37.3,4.6625,37.3,4.6625,,,,,,,,,,,,,,,,,,,"Kameron Misner","26374",670224
"Pedro León","PHI",10,42,38,8,5,2,0,2,5,5,3,0,13,1,0,0,,2,1,0.223408,0.0691617,0.305319,0.226522,0.290888,0.388876,0.297021,0.679765,0.165468,5.0165,0.291676,-0.0365505,0.0291403,4.41587,-0.546758,87.4437,-0.0074102,0.135826,-0.6324468562379479,0.08582600206136703,0.0870403,999,,,,,,,44.4,4.44,44.4,4.44,,,,,,,,,,,,,,,,,,,"Pedro Leon","27781",694175
"Daniel Susac","SFG",19,77,71,16,11,3,0,2,8,8,4,0,22,1,1,0,,1,0,0.227929,0.0512475,0.287825,0.178051,0.275029,0.357888,0.276617,0.632918,0.129959,4.57135,0.30148,-0.013481,-0.0260577,6.80244,-2.27208,77.47,-0.0395387,-1.13384,-2.090306870639324,0.36616337299346924,0.0850229,999,,,,,,,63,3.315789473,63,3.315789473,,,,,,,,,,,,,,,,,,,"Daniel Susac","sa3019997",691740
"Brett Wisely","ATL",10,42,38,9,6,2,0,1,4,4,3,0,10,0,0,0,,1,0,0.231263,0.080161,0.240435,0.3334,0.296488,0.356443,0.288096,0.652931,0.12518,4.33938,0.288492,-0.0349344,-0.0221963,4.11151,-0.851117,82.469,-0.0571307,0.0985709,-0.929800808429718,0.34857087582349777,0.0834993,999,,,,,,,38.5,3.85,38.5,3.85,,,,,,,,,,,,,,,,,,,"Brett Wisely","27735",689172
"Jarred Kelenic","CHW",15,63,57,13,8,3,0,2,7,7,5,0,17,0,0,0,,1,1,0.227825,0.0813103,0.27517,0.295491,0.293285,0.384354,0.295824,0.677639,0.156529,4.56337,0.29029,0.0514346,-0.0512839,6.56256,-0.881379,88.0686,0.000150719,0.301648,-0.8857920384325553,-0.4733520746231079,0.0827927,999,,,,,,,57.4,3.826666666,57.4,3.826666666,,,,,,,,,,,,,,,,,,,"Jarred Kelenic","22558",672284
"Ben Gamel","ATL",16,70,61,14,9,3,0,2,8,7,8,0,20,0,0,0,,1,0,0.226678,0.110108,0.281687,0.39089,0.315691,0.368114,0.302938,0.683805,0.141436,3.85609,0.299908,-0.080529,-0.0887951,7.69604,-0.575003,92.6363,-0.169324,0,-0.78024822473526,-0.75,0.0817138,999,,,,,,,70.8,4.425,70.8,4.425,,,,,,,,,,,,,,,,,,,"Ben Gamel","12160",592325
"Chas McCormick","CHC",11,49,44,10,7,2,0,1,5,5,4,0,13,1,0,0,,2,1,0.227163,0.0833335,0.261256,0.318973,0.30005,0.369372,0.29485,0.669423,0.14221,5.01934,0.284261,-0.104524,0.00809302,5.06549,-0.724243,89.3594,-0.0964313,0.20665,-0.7143840044736862,-0.11835044622421265,0.081595,999,,,,,,,43.2,3.927272727,43.2,3.927272727,,,,,,,,,,,,,,,,,,,"Chas McCormick","19599",676801
"Grant McCray","SFG",11,49,44,10,6,2,0,1,6,5,4,0,16,0,0,0,,2,0,0.222079,0.0768984,0.317547,0.242164,0.285314,0.366739,0.285417,0.652054,0.14466,7.19248,0.310161,-0.00269221,0.134581,4.69019,-1.09954,83.4983,0.131889,0.216901,-0.8264518976211548,-0.008099064230918884,0.0814091,999,,,,,,,43,3.909090909,43,3.909090909,,,,,,,,,,,,,,,,,,,"Grant McCray","25690",687529
"Luis Urías","ARI",6,28,24,6,4,1,0,1,3,3,3,0,5,1,0,0,,0,0,0.239805,0.0979609,0.180925,0.541445,0.329105,0.374428,0.312351,0.703533,0.134623,2.95618,0.273709,-0.00615167,-0.0366136,3.2924,-0.0160171,98.5711,-0.0427653,-0.186276,-0.09018535912036896,-0.08627565950155258,0.0772568,999,,,,,,,33.9,5.65,33.9,5.65,,,,,,,,,,,,,,,,,,,"Luis Urias","16622",649966
"Jorge Barrosa","ARI",23,98,88,20,14,5,0,1,10,9,8,0,22,1,1,1,,2,1,0.226993,0.082482,0.222016,0.371513,0.295283,0.337295,0.280838,0.632578,0.110302,4.80712,0.283216,-0.0173605,-0.102418,9.01604,-2.56341,76.9839,-0.119778,0.923931,-2.793101266026497,0.2739308476448059,0.0758456,999,,,,,,,75.9,3.3,75.9,3.3,,,,,,,,,,,,,,,,,,,"Jorge Barrosa","23968",678489
"Gio Urshela","MIN",10,42,39,10,7,2,0,1,4,4,3,0,8,0,0,0,,0,0,0.251162,0.0652249,0.189963,0.343356,0.301905,0.362615,0.291854,0.66452,0.111453,3.14387,0.297569,-0.0333178,-0.0588131,4.23967,-0.72295,84.8333,-0.0921308,0.0795552,-0.8429104015231133,0.12955523282289505,0.0749149,999,,,,,,,41.2,4.12,41.2,4.12,,,,,,,,,,,,,,,,,,,"Gio Urshela","10681",570482
"Yohandy Morales","WSN",13,56,51,12,8,2,0,1,6,5,4,0,16,0,0,0,,0,0,0.239201,0.0733828,0.277954,0.26401,0.299665,0.372065,0.294481,0.671729,0.132863,3.65889,0.318182,-0.00477951,-0.120397,5.77233,-0.844497,87.3343,-0.125177,0.827452,-0.9658212959766388,-0.17254799604415894,0.0741525,999,,,,,,,43.4,3.338461538,43.4,3.338461538,,,,,,,,,,,,,,,,,,,"Yohandy Morales","sa3022672",691002
"Jeimer Candelario","LAA",23,98,88,19,12,4,0,3,10,11,8,0,27,1,1,0,,1,0,0.214688,0.0771469,0.273632,0.281937,0.284328,0.365579,0.285603,0.649906,0.15089,3.22422,0.271693,-0.0407328,-0.155928,9.39516,-2.18429,80.1067,-0.196661,1.00727,-2.494426801800728,-0.19272732734680176,0.0701707,999,,,,,,,87.1,3.786956521,87.1,3.786956521,,,,,,,,,,,,,,,,,,,"Jeimer Candelario","13621",600869
"Edwin Arroyo","CIN",8,35,32,8,5,2,0,1,4,3,2,0,8,0,0,0,,0,0,0.240602,0.0595031,0.231094,0.257484,0.292065,0.376704,0.291793,0.668769,0.136103,5.22328,0.296327,-0.00236568,-0.0395097,3.53131,-0.604206,80.5925,-0.0418754,0.235804,-0.8469441905617714,0.36080364882946014,0.0694004,999,,,,,,,34,4.25,34,4.25,,,,,,,,,,,,,,,,,,,"Edwin Arroyo","sa3017626",695490
"Spencer Jones","NYY",5,21,19,4,2,1,0,1,3,3,2,0,8,0,0,0,,1,0,0.225685,0.0813125,0.366414,0.221914,0.291968,0.415406,0.305821,0.707374,0.189721,5.98389,0.323475,-0.00332205,0.0409975,2.35797,-0.123343,96.3406,0.0376754,0.231709,-0.052897628396749496,0.006709471344947815,0.0692244,999,,,,,,,23.6,4.72,23.6,4.72,,,,,,,,,,,,,,,,,,,"Spencer Jones","sa3019969",682987
"Nate Eaton","BOS",15,63,58,14,9,3,0,1,7,7,4,0,16,1,0,0,,3,1,0.240128,0.056922,0.246905,0.230542,0.291158,0.375626,0.291149,0.666784,0.135498,6.03441,0.30216,-0.000927563,0.181502,6.32345,-1.12048,80.9095,0.180574,0.31833,-1.236946776509285,-0.25667041540145874,0.0690344,999,,,,,,,56.4,3.76,56.4,3.76,,,,,,,,,,,,,,,,,,,"Nate Eaton","25055",681987
"Enrique Hernández","LAD",42,182,165,36,24,8,0,5,18,20,14,0,40,1,1,1,,1,0,0.220042,0.0769632,0.219993,0.349844,0.283976,0.355488,0.281479,0.639464,0.135446,2.42421,0.259414,0.155447,-0.261384,16.8388,-4.66587,78.9166,-0.105937,-0.585992,-4.6537942960858345,-0.7359922230243683,0.0680785,999,,,,,,,153.7,3.659523809,153.7,3.659523809,,,,,,,,,,,,,,,,,,,"Enrique Hernandez","10472",571771
"Brock Wilken","MIL",10,42,36,7,4,1,0,1,5,4,5,0,13,0,0,0,,0,0,0.199317,0.127184,0.31457,0.404309,0.306775,0.353561,0.295038,0.660336,0.154244,2.52951,0.269038,-0.00301228,-0.0578928,4.34822,-0.614399,88.45,-0.0609051,-0.252578,-0.6358515806496143,-0.10257816314697266,0.0674158,999,,,,,,,30.5,3.05,30.5,3.05,,,,,,,,,,,,,,,,,,,"Brock Wilken","sa3022499",694385
"Tre' Morgan","TBR",6,28,25,6,4,1,0,1,3,3,3,0,6,0,0,0,,0,0,0.239405,0.0987326,0.201282,0.490518,0.321594,0.359482,0.302505,0.681076,0.120078,3.99129,0.286884,0,-0.046023,3.06857,-0.239847,92.0457,-0.046023,0.502983,-0.3085244707763195,0.00298309326171875,0.0673393,999,,,,,,,29.9,4.983333333,29.9,4.983333333,,,,,,,,,,,,,,,,,,,"Tre' Morgan","sa3022919",691003
"Tommy Troy","ARI",11,49,44,10,7,2,0,1,5,5,4,0,11,1,0,0,,1,0,0.225806,0.0806705,0.227256,0.354976,0.295938,0.343904,0.283805,0.639842,0.118098,5.33428,0.279885,-0.00380594,0.0462133,4.62607,-1.16365,79.0167,0.0424074,0.0177253,-1.1762006506323814,0.19272530637681484,0.0661723,999,,,,,,,44.1,4.009090909,44.1,4.009090909,,,,,,,,,,,,,,,,,,,"Tommy Troy","sa3022561",694371
"Bryan Torres","STL",5,21,18,5,4,1,0,0,2,2,2,0,4,0,0,0,,1,0,0.250873,0.108536,0.178299,0.608732,0.332905,0.335603,0.300272,0.668508,0.0847303,4.45203,0.301364,-0.010214,0.0215071,2.26337,-0.217945,93.4294,0.0112931,0.116422,-0.15224496833980083,0.09142229333519936,0.0652603,999,,,,,,,20.8,4.16,20.8,4.16,,,,,,,,,,,,,,,,,,,"Bryan Torres","sa885119",663494
"Leo De Vries","ATH",8,35,31,7,4,2,0,1,4,4,3,0,9,0,0,0,,0,0,0.221996,0.0841465,0.26406,0.318664,0.294618,0.382762,0.296342,0.677381,0.160767,4.53296,0.278195,-0.0117794,-0.0723138,3.66058,-0.474941,85.863,-0.0840932,-0.341457,-0.6672659292817116,0.03354310989379883,0.0584123,999,,,,,,,32.4,4.05,32.4,4.05,,,,,,,,,,,,,,,,,,,"Leo De Vries","sa3023363",815888
"Junior Perez","ATH",6,28,25,5,3,1,0,1,3,3,3,0,9,0,0,0,,1,0,0.212087,0.0989024,0.333011,0.296995,0.290856,0.375654,0.292346,0.666509,0.163567,6.1076,0.297657,-0.00231215,0.069087,2.83762,-0.470796,83.1103,0.0667749,0.194037,-0.4906063973903656,0.09403714537620544,0.0580261,999,,,,,,,26.2,4.366666666,26.2,4.366666666,,,,,,,,,,,,,,,,,,,"Junior Perez","sa3005744",678577
"Santiago Espinal","LAD",24,105,95,23,17,5,0,1,10,9,8,0,15,1,1,1,,1,0,0.239017,0.0730411,0.141487,0.516238,0.298381,0.320609,0.276171,0.61899,0.0815923,3.37776,0.271078,0.0554434,-0.0843431,9.26223,-3.14433,75.2806,-0.0288996,-0.203739,-3.1051439717411995,0.1712609976530075,0.0572431,999,,,,,,,86.6,3.608333333,86.6,3.608333333,,,,,,,,,,,,,,,,,,,"Santiago Espinal","19997",669289
"Christian Koss","SFG",11,49,45,11,7,2,0,1,5,5,2,0,12,1,0,0,,1,0,0.233221,0.0488164,0.237884,0.205211,0.279267,0.35175,0.276446,0.631017,0.118528,5.23901,0.291484,0.013911,0.0194128,4.3333,-1.45643,77.353,0.0333238,0.0620919,-1.281903013586998,0.1870918832719326,0.0547813,999,,,,,,,42.7,3.881818181,42.7,3.881818181,,,,,,,,,,,,,,,,,,,"Christian Koss","27653",683766
"Will Wagner","SDP",5,21,19,5,3,1,0,0,2,2,2,0,4,0,0,0,,0,0,0.246225,0.0943716,0.183421,0.514508,0.322242,0.356068,0.301375,0.678311,0.109843,3.25745,0.291111,-0.0114249,-0.0350148,2.28216,-0.199154,95.775,-0.0464397,0.110601,-0.15159624814987183,-0.014398820698261261,0.0544998,999,,,,,,,17.9,3.58,17.9,3.58,,,,,,,,,,,,,,,,,,,"Will Wagner","29634",695238
"Joshua Báez","STL",5,21,19,4,3,1,0,1,2,2,2,0,6,0,0,0,,1,0,0.218321,0.0777612,0.292571,0.265786,0.290992,0.360016,0.287354,0.651009,0.141695,6.16127,0.289003,0,0.127578,2.0431,-0.43821,84.5796,0.127578,0.298652,-0.25622472167015076,0.07365228235721588,0.0528038,999,,,,,,,23.6,4.72,23.6,4.72,,,,,,,,,,,,,,,,,,,"Joshua Baez","sa3017022",695491
"Ildemaro Vargas","ARI",21,91,84,20,14,4,0,1,10,8,5,0,12,1,1,1,,1,0,0.237124,0.0572948,0.136815,0.418776,0.284828,0.335967,0.27346,0.620795,0.0988425,4.51741,0.264813,0.00603928,-0.105975,7.82696,-2.9254,71.93,-0.0999355,0.387341,-3.127391517162323,0.6123412400484085,0.0524394,999,,,,,,,68.9,3.28095238,68.9,3.28095238,,,,,,,,,,,,,,,,,,,"Ildemaro Vargas","13324",545121
"Cameron Cauley","TEX",5,21,19,4,3,1,0,1,2,2,1,0,6,0,0,0,,1,0,0.21341,0.067321,0.30466,0.220971,0.2669,0.356974,0.272144,0.623874,0.143564,6.73306,0.286025,0,0.0781138,1.78378,-0.69753,73.4192,0.0781138,0.12984,-0.5797858387231827,0.354839950799942,0.0509353,999,,,,,,,20.6,4.12,20.6,4.12,,,,,,,,,,,,,,,,,,,"Cameron Cauley","sa3017167",695508
"Rece Hinds","CIN",5,21,19,5,3,1,0,1,3,3,1,0,7,0,0,0,,1,0,0.23678,0.0559498,0.33157,0.168742,0.284997,0.441905,0.310931,0.726902,0.205125,6.16781,0.314983,0.00458349,0.0254234,2.4451,-0.0362131,93.7029,0.0300069,0.137145,-0.12672404758632183,-0.0878545343875885,0.0495291,747.3599853515625,,,,,,,26.2,5.24,26.2,5.24,,,,,,,,,,,,,,,,,,,"Rece Hinds","27493",677956
"Maximo Acosta","MIA",15,63,57,13,9,3,0,1,6,6,4,0,15,1,0,0,,3,1,0.229065,0.0661245,0.241329,0.274002,0.285724,0.347244,0.278869,0.632968,0.118179,5.49215,0.287008,0.0101149,0.0821604,5.69532,-1.74862,75.2783,0.0922753,-0.286494,-1.7536422908306122,0.13850626349449158,0.049201,999,,,,,,,51.8,3.453333333,51.8,3.453333333,,,,,,,,,,,,,,,,,,,"Maximo Acosta","27963",691185
"Austin Slater","DET",6,28,25,6,4,1,0,1,3,3,3,0,8,0,0,0,,0,0,0.228588,0.0990273,0.274209,0.361138,0.312264,0.369139,0.301468,0.681403,0.140551,3.95614,0.296362,-0.00377394,-0.0121798,3.04501,-0.263403,91.9634,-0.0159537,0.0853764,-0.28117276169359684,-0.21462365984916687,0.0478739,999,,,,,,,29.9,4.983333333,29.9,4.983333333,,,,,,,,,,,,,,,,,,,"Austin Slater","16153",596103
"Thairo Estrada","BAL",3,14,13,3,2,1,0,0,1,2,1,0,3,0,0,0,,0,0,0.241924,0.0505107,0.201863,0.250223,0.290773,0.367724,0.288364,0.658497,0.1258,4.24041,0.28416,0.000960405,-0.0184819,1.37355,-0.280653,84.6315,-0.0175214,0.186276,-0.2711114026606083,0.23627567663788795,0.0457359,999,,,,,,,9.7,3.233333333,9.7,3.233333333,,,,,,,,,,,,,,,,,,,"Thairo Estrada","16426",642731
"Nick Madrigal","LAA",3,14,13,3,3,1,0,0,1,1,1,0,1,0,0,0,,0,0,0.257669,0.0529248,0.100279,0.527778,0.31831,0.322086,0.288035,0.640396,0.0644172,4.84578,0.287197,-0.00115714,0.0141686,1.36981,-0.284393,81.7823,0.0130114,0.201054,-0.28759218007326126,0.2510535754263401,0.0455617,999,,,,,,,9.7,3.233333333,9.7,3.233333333,,,,,,,,,,,,,,,,,,,"Nick Madrigal","20521",663611
"Tyler Fitzgerald","SFG",5,21,19,4,3,1,0,1,2,2,1,0,6,0,0,0,,1,0,0.22716,0.061497,0.293548,0.209496,0.285287,0.373365,0.288029,0.658651,0.146205,5.20095,0.299451,0.0236452,0.0276982,2.05462,-0.426695,85.2876,0.0513434,0.0824658,-0.31483767181634903,0.057465795427560806,0.0451508,999,,,,,,,20.6,4.12,20.6,4.12,,,,,,,,,,,,,,,,,,,"Tyler Fitzgerald","26208",666149
"Stuart Fairchild","CLE",5,21,19,4,3,1,0,1,2,2,2,0,5,0,0,0,,1,0,0.226015,0.0799388,0.259579,0.307955,0.302051,0.36745,0.295327,0.669501,0.141435,5.68571,0.287426,-0.0159689,0.0274004,2.17905,-0.302257,89.1684,0.0114315,0.0992756,-0.2566618863493204,-0.0257243812084198,0.0450584,999,,,,,,,23.6,4.72,23.6,4.72,,,,,,,,,,,,,,,,,,,"Stuart Fairchild","20321",656413
"Christian Franklin","WSN",3,14,12,3,2,1,0,0,2,1,2,0,3,0,0,0,,0,0,0.234286,0.1135,0.235951,0.481031,0.331006,0.358323,0.307822,0.689329,0.124037,5.33129,0.297742,-0.00340481,-0.0136099,1.59473,-0.0594787,96.4735,-0.0170147,0.199102,-0.07553034089505672,0.04910151660442352,0.0449515,999,,,,,,,13.7,4.566666666,13.7,4.566666666,,,,,,,,,,,,,,,,,,,"Christian Franklin","sa3017510",681047
"Akil Baddoo","MIL",3,14,12,3,2,1,0,0,2,1,2,0,4,0,0,0,,1,0,0.225095,0.107617,0.278795,0.386007,0.310031,0.379867,0.303301,0.689898,0.154772,6.33564,0.29388,0.019428,0.0288114,1.54334,-0.110869,94.1108,0.0482394,0.151233,-0.04947870969772339,0.0012325495481491089,0.0427193,999,,,,,,,15.6,5.2,15.6,5.2,,,,,,,,,,,,,,,,,,,"Akil Baddoo","22168",668731
"Jonah Bride","TEX",3,14,12,3,2,1,0,0,2,1,2,0,3,0,0,0,,0,0,0.222241,0.11965,0.220464,0.542718,0.32494,0.343185,0.300605,0.668125,0.120944,2.29711,0.271354,-0.00966616,-0.0307265,1.51269,-0.141516,93.0247,-0.0403927,0.0401114,-0.15548890456557274,0.09011135995388031,0.0426111,999,,,,,,,13.7,4.566666666,13.7,4.566666666,,,,,,,,,,,,,,,,,,,"Jonah Bride","24703",681146
"Shay Whitcomb","HOU",3,14,13,3,2,1,0,1,1,2,1,0,4,0,0,0,,0,0,0.22714,0.0664535,0.291521,0.227955,0.285488,0.410457,0.301158,0.695945,0.183317,4.05088,0.279911,-0.0044702,0.018195,1.51898,-0.135225,92.5759,0.0137248,-0.0188086,-0.10877724178135395,0.03119143657386303,0.041362,999,,,,,,,19.1,6.366666666,19.1,6.366666666,,,,,,,,,,,,,,,,,,,"Shay Whitcomb","27789",694376
"Tommy Pham",,36,154,137,32,22,6,0,3,16,15,14,0,35,1,1,1,,3,1,0.232149,0.0910648,0.230022,0.395897,0.305382,0.353471,0.291888,0.658853,0.121322,4.12391,0.287371,-0.329735,-0.0766055,15.5498,-2.64653,85.2204,-0.406341,-0.0640323,-3.0964348316192627,-1.7140322402119637,0.0410843,999,,,,,,,135.7,3.769444444,135.7,3.769444444,,,,,,,,,,,,,,,,,,,"Tommy Pham","2967",502054
"Jhonkensy Noel","BAL",3,14,13,3,2,1,0,1,2,2,1,0,4,0,0,0,,0,0,0.247624,0.0568226,0.274731,0.20683,0.299593,0.461413,0.325252,0.761006,0.21379,3.24046,0.29764,-0.0026871,-0.0224085,1.79285,0.138642,110.042,-0.0250956,0.0232845,0.1406091097742319,-0.2267155423760414,0.0404903,999,,,,,,,19.1,6.366666666,19.1,6.366666666,,,,,,,,,,,,,,,,,,,"Jhonkensy Noel","24257",678877
"Tyler Black","MIL",3,14,12,3,2,0,0,0,2,1,2,0,3,0,0,0,,1,0,0.226102,0.118739,0.241928,0.490804,0.328643,0.359259,0.307143,0.687901,0.133157,6.47347,0.287451,-0.00114981,0.0315601,1.58701,-0.0671969,96.7428,0.0304103,0.197433,-0.023635637015104294,-0.05256681144237518,0.039859,999,,,,,,,12.7,4.233333333,12.7,4.233333333,,,,,,,,,,,,,,,,,,,"Tyler Black","29949",672012
"Garrett Stubbs","PHI",5,19,17,4,3,1,0,0,2,2,2,0,5,0,0,0,,0,0,0.221473,0.0800116,0.241899,0.330764,0.292916,0.333384,0.279072,0.6263,0.111911,3.63611,0.277877,-0.0171772,-0.00811075,1.73888,-0.529747,75.148,-0.0252879,-0.0605396,-0.590819837525487,0.3144604079425335,0.0370811,999,,,,,,,14.3,2.86,14.3,2.86,,,,,,,,,,,,,,,,,,,"Garrett Stubbs","18067",596117
"Deyvison De Los Santos","MIA",21,91,85,21,14,4,0,3,10,10,4,0,24,1,1,0,,1,1,0.247414,0.0475894,0.260408,0.182749,0.286819,0.406806,0.299263,0.693625,0.159392,3.10823,0.305272,0,-0.44051,9.73333,-1.01903,89.2487,-0.44051,0.699974,-1.6000782549381256,-1.0750258564949036,0.0360639,999,,,,,,,86.5,4.119047619,86.5,4.119047619,,,,,,,,,,,,,,,,,,,"Deyvison De Los Santos","sa3015168",691277
"Kevin Alcántara","CHC",3,14,13,3,2,1,0,0,2,2,1,0,4,0,0,0,,0,0,0.235067,0.0768526,0.296757,0.258974,0.29557,0.384819,0.29678,0.680389,0.149752,4.65252,0.312853,0.000613933,-0.00525915,1.46921,-0.184993,90.6813,-0.00464521,0.0843901,-0.15926957223564386,0.03439009189605713,0.0348787,999,,,,,,,9.7,3.233333333,9.7,3.233333333,,,,,,,,,,,,,,,,,,,"Kevin Alcantara","25971",682634
"Trey Sweeney","DET",3,14,13,3,2,1,0,0,2,1,1,0,4,0,0,0,,0,0,0.22892,0.0848294,0.263268,0.322216,0.299464,0.37308,0.295352,0.672544,0.14416,5.8335,0.291851,-0.00808195,0.0107726,1.45299,-0.201222,87.7502,0.00269062,-0.0970186,-0.19943965203128755,0.0529814288020134,0.0343155,999,,,,,,,9.7,3.233333333,9.7,3.233333333,,,,,,,,,,,,,,,,,,,"Trey Sweeney","29575",700242
"Riley Adams","WSN",6,26,23,5,3,1,0,1,3,3,2,0,8,1,0,0,,0,0,0.217655,0.0739111,0.316609,0.233446,0.290519,0.367715,0.289767,0.658234,0.150059,3.74786,0.298026,-0.00720844,-0.0285263,2.54081,-0.484031,84.1052,-0.0357348,-0.501909,-0.518004547804594,-0.0019094347953796387,0.0339477,999,,,,,,,26.3,4.383333333,26.3,4.383333333,,,,,,,,,,,,,,,,,,,"Riley Adams","19864",656180
"Max Schuemann","NYY",3,14,12,3,2,0,0,0,2,1,1,0,3,0,0,0,,0,0,0.215144,0.102327,0.232577,0.439968,0.311746,0.317247,0.285297,0.628993,0.102103,5.31387,0.272782,-0.00368412,0.0230311,1.33869,-0.315518,82.2024,0.019347,0.0194037,-0.27432491071522236,0.11940371803939342,0.0334496,999,,,,,,,7.8,2.6,7.8,2.6,,,,,,,,,,,,,,,,,,,"Max Schuemann","24488",680474
"Trei Cruz","DET",3,14,12,3,2,1,0,0,2,1,2,0,4,0,0,0,,0,0,0.215975,0.121053,0.262212,0.461659,0.311592,0.3393,0.291611,0.650893,0.123325,4.27022,0.283715,-0.00465553,-0.0302227,1.41046,-0.243745,85.1731,-0.0348783,0.00970186,-0.2795315645635128,0.10970185976475477,0.0319243,999,,,,,,,13.7,4.566666666,13.7,4.566666666,,,,,,,,,,,,,,,,,,,"Trei Cruz","sa3014420",669360
"Ben Rortvedt","NYM",3,13,11,2,2,0,0,0,1,1,1,0,3,0,0,0,,0,0,0.210003,0.0923785,0.257942,0.358136,0.292645,0.318371,0.274703,0.611016,0.108368,2.58305,0.271217,-0.00972398,-0.0167197,1.11385,-0.398571,77.0665,-0.0264437,0.00258716,-0.3743594828993082,0.25258716219104826,0.0311119,999,,,,,,,3.2,1.066666666,3.2,1.066666666,,,,,,,,,,,,,,,,,,,"Ben Rortvedt","20287",666163
"Tyler Callihan","PIT",8,35,32,7,5,2,0,1,4,3,3,0,9,0,0,0,,1,0,0.229473,0.0773359,0.267166,0.289467,0.29219,0.35696,0.285659,0.64915,0.127486,5.98726,0.300157,-0.00855613,0.0778728,3.35702,-0.778498,79.3874,0.0693167,-0.100651,-0.7857396677136421,-0.07565119117498398,0.0310076,999,,,,,,,33.3,4.1625,33.3,4.1625,,,,,,,,,,,,,,,,,,,"Tyler Callihan","27497",682997
"Kyren Paris","LAA",3,14,12,3,2,0,0,0,2,1,1,0,5,0,0,0,,1,0,0.210952,0.101776,0.329024,0.309328,0.30084,0.362603,0.293877,0.663443,0.151651,7.20036,0.298485,0,0.0747327,1.43621,-0.217993,85.8064,0.0747327,-0.0698534,-0.15947069972753525,-0.019853372126817703,0.0309529,999,,,,,,,9.7,3.233333333,9.7,3.233333333,,,,,,,,,,,,,,,,,,,"Kyren Paris","26420",677347
"MJ Melendez","NYM",8,35,32,7,4,1,0,1,4,4,3,0,10,0,0,0,,1,0,0.218466,0.0857353,0.283071,0.302876,0.288351,0.393515,0.296639,0.681867,0.175049,4.77803,0.273427,-0.0274135,-0.0769163,3.66903,-0.466493,92.0934,-0.10433,-0.0598023,-0.432312972843647,-0.43480225279927254,0.0304219,999,,,,,,,30.4,3.8,30.4,3.8,,,,,,,,,,,,,,,,,,,"MJ Melendez","22197",669004
"Tanner Murray","CHW",13,56,52,12,8,3,0,1,6,6,3,0,14,1,0,0,,0,0,0.235809,0.0446831,0.242377,0.184354,0.275651,0.364501,0.278666,0.640152,0.128692,3.29201,0.293956,-0.0136326,-0.0920785,5.05328,-1.56355,76.2493,-0.105711,-0.109747,-1.6733148321509361,0.04025258868932724,0.0301174,999,,,,,,,45.3,3.484615384,45.3,3.484615384,,,,,,,,,,,,,,,,,,,"Tanner Murray","sa3016805",695020
"Willie MacIver","TEX",3,13,11,3,2,0,0,0,1,1,1,0,3,0,0,0,,0,0,0.220338,0.0742335,0.263822,0.281377,0.289564,0.347224,0.281941,0.636787,0.126886,4.81596,0.282788,-0.00253769,0.00305044,1.18907,-0.323347,80.168,0.000512756,-0.100899,-0.2986792550073005,0.1491006836295128,0.0297706,999,,,,,,,8.8,2.933333333,8.8,2.933333333,,,,,,,,,,,,,,,,,,,"Willie MacIver","24641",680862
"Luis Vázquez","BAL",3,14,13,3,2,1,0,0,2,1,1,0,3,0,0,0,,0,0,0.233698,0.0621853,0.244691,0.254139,0.291305,0.368458,0.289447,0.659763,0.13476,3.62761,0.28915,-0.00178896,-0.0391712,1.38587,-0.268342,85.3776,-0.0409602,-0.0118906,-0.28223926946520805,0.0881093991920352,0.0294381,999,,,,,,,9.7,3.233333333,9.7,3.233333333,,,,,,,,,,,,,,,,,,,"Luis Vazquez","23442",676679
"Nick Sogard","BOS",5,21,18,4,3,1,0,0,2,2,2,0,5,0,0,0,,0,0,0.235197,0.101369,0.21668,0.467827,0.316905,0.32814,0.2899,0.645045,0.0929438,4.02456,0.296583,-0.0269231,-0.0126637,2.08652,-0.394792,80.0491,-0.0395868,0.107462,-0.5333908051252365,0.0824616514146328,0.0278143,999,,,,,,,13.3,2.66,13.3,2.66,,,,,,,,,,,,,,,,,,,"Nick Sogard","25483",686765
"Eric Haase","SFG",3,13,12,3,2,0,0,0,1,1,1,0,4,0,0,0,,0,0,0.217191,0.072336,0.305047,0.23713,0.277585,0.350268,0.276191,0.627852,0.133077,3.13883,0.291162,-0.00825041,-0.0137934,1.12931,-0.383106,77.1782,-0.0220438,-0.0406391,-0.3682648781687021,0.20936086028814316,0.0273128,999,,,,,,,7.8,2.6,7.8,2.6,,,,,,,,,,,,,,,,,,,"Eric Haase","14111",606992
"Miles Mastrobuoni","SEA",3,14,12,3,2,1,0,0,1,1,1,0,3,0,0,0,,1,0,0.226601,0.0960585,0.205584,0.467247,0.300665,0.314016,0.276023,0.614681,0.0874159,5.03291,0.280417,-0.0109525,0.0281933,1.23327,-0.420936,81.2169,0.0172407,0.0213441,-0.29269190318882465,0.07134408876299858,0.0266534,999,,,,,,,12.6,4.2,12.6,4.2,,,,,,,,,,,,,,,,,,,"Miles Mastrobuoni","20017",670156
"Drew Waters","KCR",3,14,13,3,2,1,0,0,2,1,1,0,4,0,0,0,,0,0,0.239153,0.0762198,0.267945,0.28446,0.302741,0.384013,0.300244,0.686754,0.14486,6.45814,0.312208,-0.00221977,0.0128447,1.50859,-0.145621,88.3538,0.0106249,-0.0950782,-0.18154412508010864,-0.04507821425795555,0.0261137,999,,,,,,,9.7,3.233333333,9.7,3.233333333,,,,,,,,,,,,,,,,,,,"Drew Waters","20505",671221
"Justin Foscue","TEX",3,14,12,3,2,1,0,0,1,2,1,0,3,0,0,0,,0,0,0.225118,0.0851232,0.197453,0.431107,0.301498,0.377827,0.298784,0.679325,0.152709,2.73856,0.25451,-0.00230703,-0.0273613,1.492,-0.162212,91.7705,-0.0296683,0.188724,-0.16546077653765678,-0.061275824904441833,0.026102,999,,,,,,,10.7,3.566666666,10.7,3.566666666,,,,,,,,,,,,,,,,,,,"Justin Foscue","27501",679822
"Ryan Clifford","NYM",2,7,6,1,1,0,0,0,1,1,1,0,2,0,0,0,,0,0,0.220084,0.120614,0.29887,0.403566,0.322938,0.402047,0.318513,0.724985,0.181963,2.31996,0.283487,-0.000439275,-0.0152269,0.858124,0.0310198,107.078,-0.0156661,0.103432,0.04305560141801834,-0.021568499505519867,0.0260261,999,,,,,,,2.6,1.3,2.6,1.3,,,,,,,,,,,,,,,,,,,"Ryan Clifford","sa3020126",691775
"Matthew Lugo","LAA",8,35,32,7,5,2,0,1,4,4,2,0,11,0,0,0,,1,0,0.228851,0.0501282,0.301391,0.166323,0.274147,0.388261,0.286572,0.662408,0.15941,6.12819,0.303586,-0.00526266,-0.00911686,3.38296,-0.75256,80.7744,-0.0143795,0.230382,-0.8074651565402746,-0.14461757242679596,0.0258401,999,,,,,,,30.3,3.7875,30.3,3.7875,,,,,,,,,,,,,,,,,,,"Matthew Lugo","25980",683090
"Heston Kjerstad","BAL",8,35,32,8,5,1,0,1,4,4,2,0,9,1,0,0,,0,0,0.23811,0.0674569,0.253395,0.266212,0.303048,0.400816,0.306769,0.703864,0.162706,4.33544,0.293479,-0.00916307,-0.0452251,3.95689,-0.178627,97.3099,-0.0543882,-0.412329,-0.16535785049200058,-0.7873289585113525,0.0257783,999,,,,,,,34.1,4.2625,34.1,4.2625,,,,,,,,,,,,,,,,,,,"Heston Kjerstad","31166",677008
"Elias Díaz","KCR",3,13,12,3,2,1,0,0,1,1,1,0,3,0,0,0,,0,0,0.226986,0.0683619,0.216901,0.315176,0.284025,0.348097,0.278449,0.632122,0.121111,2.00977,0.271085,-0.031877,-0.0193894,1.15278,-0.359641,73.3401,-0.0512663,0.00776149,-0.45346519723534584,0.25776148634031415,0.0250514,999,,,,,,,10.7,3.566666666,10.7,3.566666666,,,,,,,,,,,,,,,,,,,"Elias Diaz","11680",553869
"Eduardo Valencia","DET",2,6,6,1,1,0,0,0,1,1,0,0,2,0,0,0,,0,0,0.238577,0.0656335,0.237017,0.276915,0.293724,0.397228,0.300232,0.690952,0.158651,2.46811,0.282606,-0.00163323,-0.00816006,0.689579,-0.06663,91.1118,-0.00979329,-0.0242546,-0.07683837600052357,0.10074535757303238,0.0249831,999,,,,,,,-0.4,-0.2,-0.4,-0.2,,,,,,,,,,,,,,,,,,,"Eduardo Valencia","sa3006622",680664
"Ryan Ward","LAD",2,7,6,1,1,0,0,0,1,1,1,0,2,0,0,0,,0,0,0.22853,0.0729328,0.263478,0.276808,0.2861,0.437264,0.310216,0.723364,0.208735,4.50482,0.263215,-0.00294333,-0.00705839,0.810971,-0.0161329,98.6026,-0.0100017,0.0995508,-0.021595527417957783,0.02455075830221176,0.0241301,999,,,,,,,2.6,1.3,2.6,1.3,,,,,,,,,,,,,,,,,,,"Ryan Ward","sa1169792",669899
"Tristan Peters","CHW",5,21,19,4,3,1,0,0,2,2,2,0,4,0,0,0,,0,0,0.228094,0.0868054,0.213909,0.405805,0.299337,0.344238,0.285481,0.643575,0.116144,4.68811,0.279095,-0.00489397,-0.0433196,2.01117,-0.470142,80.9436,-0.0482136,0.157166,-0.5198767594993114,0.03216621279716492,0.0240511,999,,,,,,,12.3,2.46,12.3,2.46,,,,,,,,,,,,,,,,,,,"Tristan Peters","30063",671976
"Jonathon Long","CHC",2,7,6,2,1,0,0,0,1,1,1,0,2,0,0,0,,0,0,0.24457,0.0995932,0.232576,0.428218,0.327488,0.392086,0.31644,0.719575,0.147517,2.39702,0.297531,-0.00052283,-0.011165,0.846343,0.0192386,104.149,-0.0116878,0.103432,0.022735089994966984,-0.021568499505519867,0.0239471,999,,,,,,,8.2,4.1,8.2,4.1,,,,,,,,,,,,,,,,,,,"Jonathon Long","sa3022864",675085
"Kyle Farmer","ATL",6,28,25,6,4,1,0,1,3,3,2,0,6,1,0,0,,0,0,0.226988,0.0654449,0.22676,0.288608,0.291485,0.342928,0.281281,0.634413,0.115939,3.12706,0.278176,-0.0200809,-0.069619,2.58608,-0.722339,77.8005,-0.0896999,0.0232845,-0.8264069929718971,0.12328445911407471,0.0233727,999,,,,,,,29.9,4.983333333,29.9,4.983333333,,,,,,,,,,,,,,,,,,,"Kyle Farmer","14813",571657
"Jonatan Clase","TOR",3,14,13,3,2,1,0,0,2,1,1,0,4,0,0,0,,1,0,0.227201,0.0855423,0.272201,0.314261,0.297092,0.372215,0.293757,0.669307,0.145015,6.78905,0.295109,0.00390622,0.0752625,1.43485,-0.219359,87.5054,0.0791687,-0.0776149,-0.12699974328279495,-0.12761487066745758,0.0232498,999,,,,,,,11.6,3.866666666,11.6,3.866666666,,,,,,,,,,,,,,,,,,,"Jonatan Clase","26599",682729
"Anthony Seigler","BOS",2,7,6,1,1,0,0,0,1,1,1,0,2,0,0,0,,0,0,0.221627,0.126289,0.217133,0.581619,0.323594,0.343784,0.299842,0.667378,0.122157,4.7386,0.271994,-0.000345555,0.000728971,0.752008,-0.0750958,86.8975,0.000383416,0.068729,-0.10771652878611349,0.09372899867594242,0.0232189,999,,,,,,,2.6,1.3,2.6,1.3,,,,,,,,,,,,,,,,,,,"Anthony Seigler","23802",678011
"Mickey Gasper","BOS",2,6,6,1,1,0,0,0,1,1,1,0,1,0,0,0,,0,0,0.24114,0.0982535,0.192836,0.509519,0.329249,0.371821,0.311365,0.70107,0.130681,2.72945,0.283023,-0.00415054,-0.00994149,0.747425,-0.00878425,94.8351,-0.014092,-0.0676998,-0.05305148754268885,0.057300180196762085,0.0229718,999,,,,,,,2.6,1.3,2.6,1.3,,,,,,,,,,,,,,,,,,,"Mickey Gasper","24759",681508
"Bryan Ramos","BAL",3,14,13,3,2,1,0,0,2,2,1,0,3,0,0,0,,0,0,0.224862,0.0679779,0.238454,0.285078,0.288735,0.375966,0.291247,0.664701,0.151104,3.51531,0.268788,0.0021782,-0.04988,1.40633,-0.247881,86.6176,-0.0477018,-0.0425019,-0.26852020248770714,0.007498100399971008,0.0225942,999,,,,,,,9.7,3.233333333,9.7,3.233333333,,,,,,,,,,,,,,,,,,,"Bryan Ramos","25621",682868
"Paul DeJong","NYY",5,21,19,4,2,1,0,1,2,2,1,0,7,0,0,0,,0,0,0.204804,0.0651651,0.317261,0.205399,0.265676,0.361049,0.27435,0.626725,0.156245,3.08607,0.266387,-0.0276133,-0.0259003,1.82139,-0.659926,74.6613,-0.0535136,0.00194037,-0.680670004338026,0.17694038338959217,0.0224122,999,,,,,,,18.7,3.74,18.7,3.74,,,,,,,,,,,,,,,,,,,"Paul DeJong","18015",657557
"Weston Wilson","BAL",2,7,6,1,1,0,0,0,1,1,1,0,2,0,0,0,,0,0,0.223868,0.0923238,0.281034,0.328514,0.297961,0.396135,0.302672,0.694096,0.172267,5.04555,0.279319,-0.00561494,0.0055695,0.768091,-0.0590133,94.4873,-0.0000454332,-0.00194037,-0.04552716346006491,0.023059628787450492,0.0223513,999,,,,,,,2.6,1.3,2.6,1.3,,,,,,,,,,,,,,,,,,,"Weston Wilson","19358",642215
"RJ Schreck","TOR",2,7,6,1,1,0,0,0,1,1,1,0,2,0,0,0,,0,0,0.218684,0.115533,0.229125,0.504235,0.322737,0.371214,0.308744,0.693951,0.15253,3.22274,0.260678,-0.00104566,-0.00691734,0.802601,-0.024503,97.8295,-0.007963,0.0772365,-0.02587055880576372,0.002236485481262207,0.022232,999,,,,,,,2.6,1.3,2.6,1.3,,,,,,,,,,,,,,,,,,,"RJ Schreck","sa3022602",702302
"Josh Rojas","KCR",3,14,12,3,2,1,0,0,1,1,1,0,3,0,0,0,,0,0,0.235179,0.0930131,0.202912,0.458393,0.308084,0.344032,0.29006,0.652117,0.108853,4.60005,0.284932,-0.0199663,0.0110697,1.39283,-0.261374,81.3388,-0.00889669,-0.00388074,-0.31681860238313675,0.04611925780773163,0.0216041,999,,,,,,,10.7,3.566666666,10.7,3.566666666,,,,,,,,,,,,,,,,,,,"Josh Rojas","19734",668942
"Reese McGuire","MIL",2,6,6,1,1,0,0,0,1,1,0,0,1,0,0,0,,0,0,0.225998,0.0701106,0.232673,0.301327,0.284718,0.350304,0.279702,0.635021,0.124305,3.4417,0.274801,-0.0105517,-0.0022746,0.582902,-0.173307,77.9449,-0.0128263,0.0504497,-0.18012148421257734,0.1754496581852436,0.0213074,999,,,,,,,-0.4,-0.2,-0.4,-0.2,,,,,,,,,,,,,,,,,,,"Reese McGuire","15674",624512
"Hao-Yu  Lee","DET",2,7,6,2,1,0,0,0,1,1,1,0,2,0,0,0,,0,0,0.24284,0.0788759,0.225168,0.350298,0.312097,0.391692,0.307713,0.70379,0.148852,6.36601,0.295672,0,0.00521725,0.796742,-0.0303617,96.2649,0.00521725,-0.0420964,-0.025598469655960798,-0.01709636114537716,0.0202818,999,,,,,,,8.2,4.1,8.2,4.1,,,,,,,,,,,,,,,,,,,"Hao-Yu  Lee","sa3017863",701678
"Nacho Alvarez Jr.","ATL",2,7,6,1,1,0,0,0,1,1,1,0,1,0,0,0,,0,0,0.241543,0.0950664,0.212198,0.448007,0.32714,0.349969,0.302943,0.67711,0.108426,3.60021,0.297097,-0.00489825,-0.00951139,0.769635,-0.0574688,92.6401,-0.0144096,-0.0349267,-0.07547059748321772,0.04007331654429436,0.0202062,999,,,,,,,2.6,1.3,2.6,1.3,,,,,,,,,,,,,,,,,,,"Nacho Alvarez Jr.","31765",805373
"Tyler Wade","TEX",11,49,44,10,7,2,0,0,5,4,4,0,12,0,0,0,,2,1,0.220628,0.0874367,0.236,0.370495,0.294776,0.300533,0.268658,0.595309,0.0799056,5.53075,0.286501,-0.00593565,0.118013,4.02346,-1.76627,71.0176,0.112078,-0.153936,-1.5617182776331902,0.07106387615203857,0.0200375,999,,,,,,,30.8,2.8,30.8,2.8,,,,,,,,,,,,,,,,,,,"Tyler Wade","15730",642180
"Jose Miranda","SDP",3,14,13,3,2,1,0,0,1,1,1,0,3,0,0,0,,0,0,0.238728,0.0583164,0.181428,0.321429,0.291765,0.364461,0.287838,0.656226,0.125733,2.60871,0.272167,0.0106892,-0.0234595,1.36757,-0.286638,86.5018,-0.0127703,0.0652275,-0.23674381524324417,-0.034772470593452454,0.019876,999,,,,,,,9.7,3.233333333,9.7,3.233333333,,,,,,,,,,,,,,,,,,,"Jose Miranda","20538",669304
"Vidal Bruján","NYM",3,14,13,3,2,1,0,0,2,1,1,0,3,0,0,0,,1,0,0.22685,0.0836857,0.206135,0.405976,0.298424,0.337855,0.283067,0.63628,0.111005,5.19855,0.274768,0.0121811,-0.0140584,1.31335,-0.340862,82.7963,-0.00187735,-0.0862715,-0.2873358833603561,0.013728491961956024,0.019662,999,,,,,,,11.6,3.866666666,11.6,3.866666666,,,,,,,,,,,,,,,,,,,"Vidal Brujan","20536",660644
"Jared Young","NYM",2,7,6,1,1,0,0,0,1,1,1,0,2,0,0,0,,0,0,0.235186,0.0919344,0.235718,0.390019,0.315657,0.405695,0.31493,0.721352,0.170509,4.50987,0.279047,-0.00513925,-0.00783242,0.837757,0.010653,104.623,-0.0129717,0,0.025383194908499718,-0.07500000298023224,0.0187513,999,,,,,,,2.6,1.3,2.6,1.3,,,,,,,,,,,,,,,,,,,"Jared Young","20404",676724
"Brett Sullivan","COL",13,51,47,11,7,2,0,1,6,5,3,0,9,0,0,0,,1,0,0.231256,0.0621973,0.181918,0.341898,0.282671,0.349812,0.277367,0.632483,0.118556,5.29794,0.270354,-0.0302155,-0.00170762,4.56613,-1.48354,61.9375,-0.0319232,-0.183792,-2.341656070202589,0.8162080198526382,0.0182104,999,,,,,,,40.7,3.13076923,40.7,3.13076923,,,,,,,,,,,,,,,,,,,"Brett Sullivan","18217",664954
"Jeferson Quero","MIL",2,6,6,1,1,0,0,0,1,1,0,0,1,0,0,0,,0,0,0.237022,0.074672,0.200047,0.373272,0.299696,0.386094,0.299694,0.68579,0.149072,2.41347,0.269989,0,-0.00646741,0.686783,-0.0694258,91.6399,-0.00646741,-0.0944864,-0.06988135306164622,0.030513614416122437,0.0177575,999,,,,,,,-0.4,-0.2,-0.4,-0.2,,,,,,,,,,,,,,,,,,,"Jeferson Quero","sa3015407",691620
"Shane McGuire","ATH",3,13,11,2,2,0,0,0,1,1,1,0,3,0,0,0,,0,0,0.21152,0.106453,0.244034,0.436222,0.302491,0.301494,0.274582,0.603984,0.0899742,2.52336,0.275235,-0.00485954,-0.0277797,1.11259,-0.399832,70.8733,-0.0326393,-0.0485093,-0.4720528610050678,0.20149071142077446,0.0173924,999,,,,,,,3.2,1.066666666,3.2,1.066666666,,,,,,,,,,,,,,,,,,,"Shane McGuire","sa3017284",676063
"Matt Thaiss","BOS",2,6,6,1,1,0,0,0,1,1,1,0,1,0,0,0,,0,0,0.230386,0.117707,0.231916,0.50754,0.327723,0.355556,0.305541,0.683279,0.125171,3.94108,0.290019,-0.0125691,-0.00539469,0.717163,-0.0390464,90.8232,-0.0179638,-0.0996057,-0.08718536235392094,0.0253942608833313,0.0162152,999,,,,,,,2.6,1.3,2.6,1.3,,,,,,,,,,,,,,,,,,,"Matt Thaiss","19318",642136
"Blake Dunn","CIN",3,14,12,3,2,0,0,0,1,1,1,0,4,0,0,0,,1,0,0.22308,0.0886528,0.280729,0.315795,0.312471,0.340075,0.29296,0.652546,0.116994,5.58314,0.300405,-0.000319135,0.0468808,1.42579,-0.228415,81.392,0.0465616,0.00116649,-0.2621982619166374,-0.04883351258467883,0.015833,999,,,,,,,9.7,3.233333333,9.7,3.233333333,,,,,,,,,,,,,,,,,,,"Blake Dunn","29487",694362
"Gustavo Campero","LAA",2,7,6,1,1,0,0,0,1,1,0,0,1,0,0,0,,0,0,0.238855,0.0713315,0.208159,0.342678,0.313447,0.391152,0.309122,0.704599,0.152298,6.44916,0.279346,-0.000222264,0.0210511,0.804749,-0.0223552,96.308,0.0208288,-0.00704122,-0.009631557390093803,-0.08204122306779027,0.0152707,999,,,,,,,-0.4,-0.2,-0.4,-0.2,,,,,,,,,,,,,,,,,,,"Gustavo Campero","22707",672569
"Max Anderson","DET",2,7,7,2,1,0,0,0,1,1,0,0,1,0,0,0,,0,0,0.249444,0.0450318,0.200466,0.224636,0.287246,0.392197,0.294241,0.679443,0.142753,2.86435,0.287944,-0.000552839,-0.011524,0.720175,-0.106929,86.9843,-0.0120769,0.00253219,-0.11946014035493135,0.027532185427844524,0.0152446,999,,,,,,,4.2,2.1,4.2,2.1,,,,,,,,,,,,,,,,,,,"Max Anderson","sa3022567",801194
"Kemp Alderman","MIA",2,7,7,2,1,0,0,0,1,1,0,0,2,0,0,0,,0,0,0.24926,0.0494808,0.273603,0.180849,0.289754,0.419807,0.304944,0.709561,0.170548,5.66635,0.315962,0,-0.0125852,0.781006,-0.0460976,93.1406,-0.0125852,0.0549222,-0.0694937277585268,-0.020077787339687347,0.0146634,999,,,,,,,4.2,2.1,4.2,2.1,,,,,,,,,,,,,,,,,,,"Kemp Alderman","sa3022562",694580
"Enmanuel Valdez","PIT",2,7,6,1,1,0,0,0,1,1,1,0,2,0,0,0,,0,0,0.234674,0.0911473,0.222362,0.409905,0.306776,0.400972,0.308532,0.707749,0.166298,3.55789,0.27351,-0.00184604,-0.00656036,0.8014,-0.0257043,95.0562,-0.0084064,-0.0688832,-0.04942232556641102,-0.0438831876963377,0.0142814,999,,,,,,,2.6,1.3,2.6,1.3,,,,,,,,,,,,,,,,,,,"Enmanuel Valdez","21716",665839
"Kahlil Watson","CLE",2,7,6,1,1,0,0,0,1,1,1,0,2,0,0,0,,0,0,0.215156,0.0826732,0.310369,0.266371,0.287608,0.376008,0.290638,0.663617,0.160853,5.66075,0.286906,0,0.00365539,0.699699,-0.127405,85.9379,0.00365539,-0.0197821,-0.11236140644177794,0.005217911675572395,0.0136879,999,,,,,,,2.6,1.3,2.6,1.3,,,,,,,,,,,,,,,,,,,"Kahlil Watson","sa3017513",696135
"Hayden Senger","NYM",2,6,6,1,1,0,0,0,1,1,0,0,2,0,0,0,,0,0,0.210296,0.0577623,0.290639,0.198742,0.268599,0.317379,0.26005,0.585978,0.107083,3.93898,0.285809,-0.00390978,-0.00867359,0.480785,-0.275425,67.0288,-0.0125834,0.051262,-0.2626804942265153,0.1762620247900486,0.0129437,999,,,,,,,-0.4,-0.2,-0.4,-0.2,,,,,,,,,,,,,,,,,,,"Hayden Senger","21489",663584
"Alika Williams","PIT",3,14,13,3,2,1,0,0,1,1,1,0,3,0,0,0,,0,0,0.231652,0.0610031,0.21168,0.288185,0.284938,0.333331,0.27329,0.61827,0.10168,3.58186,0.283189,-0.0107965,-0.0267287,1.20221,-0.451999,70.9139,-0.0375252,0.0291056,-0.5201473571360111,0.1791055854409933,0.0127626,999,,,,,,,9.7,3.233333333,9.7,3.233333333,,,,,,,,,,,,,,,,,,,"Alika Williams","27604",675961
"Victor Mesa Jr.","TBR",3,14,13,3,2,1,0,0,1,1,1,0,3,0,0,0,,0,0,0.234255,0.0612473,0.224248,0.273123,0.283085,0.370454,0.284945,0.653539,0.136199,4.34831,0.281699,0.00205116,-0.0137516,1.33469,-0.319522,79.9493,-0.0117005,-0.0658679,-0.34254967328161,-0.01586785539984703,0.0126294,999,,,,,,,9.7,3.233333333,9.7,3.233333333,,,,,,,,,,,,,,,,,,,"Victor Mesa Jr.","25999",683748
"Brandon Valenzuela","TOR",3,13,12,2,2,1,0,0,1,1,1,0,3,0,0,0,,0,0,0.211284,0.0844593,0.268771,0.314243,0.280042,0.33954,0.274227,0.619583,0.128256,1.98134,0.269283,-0.00214715,-0.029864,1.1089,-0.403515,74.0523,-0.0320112,-0.144344,-0.42346592992544174,0.10565577447414398,0.0125584,999,,,,,,,5.1,1.7,5.1,1.7,,,,,,,,,,,,,,,,,,,"Brandon Valenzuela","sa3005729",678218
"Brennen Davis","SEA",2,7,6,1,1,0,0,0,1,1,1,0,2,0,0,0,,0,0,0.213623,0.0785694,0.303278,0.259067,0.296736,0.380693,0.297965,0.677428,0.16707,3.09973,0.276645,-0.00159129,-0.0116114,0.741345,-0.0857592,96.3325,-0.0132027,0,-0.04346037749201059,-0.07500000298023224,0.01253,999,,,,,,,2.6,1.3,2.6,1.3,,,,,,,,,,,,,,,,,,,"Brennen Davis","sa3007876",680695
"Sterlin Thompson","COL",3,14,13,3,2,1,0,0,2,1,1,0,3,0,0,0,,0,0,0.251188,0.0677858,0.237452,0.285472,0.31553,0.405032,0.314302,0.720562,0.153844,5.77022,0.31177,-0.00232385,-0.00509324,1.66838,0.0141738,87.2393,-0.00741709,0.0205873,-0.21915494604036212,-0.12941266410052776,0.0119926,999,,,,,,,9.7,3.233333333,9.7,3.233333333,,,,,,,,,,,,,,,,,,,"Sterlin Thompson","sa3019999",694514
"Matt Mervis","WSN",8,35,32,7,4,1,0,1,4,4,3,0,10,0,0,0,,0,0,0.223747,0.0747393,0.277874,0.268968,0.289144,0.407815,0.302066,0.696958,0.184067,3.61644,0.27346,-0.0438802,-0.0337744,3.82325,-0.312267,92.5303,-0.0776546,-0.0349267,-0.38751356303691864,-0.6599266864359379,0.0119724,999,,,,,,,28.5,3.5625,28.5,3.5625,,,,,,,,,,,,,,,,,,,"Matt Mervis","27845",670223
"Maverick Handley","BAL",2,6,6,1,1,0,0,0,1,1,1,0,2,0,0,0,,0,0,0.206185,0.0946276,0.259848,0.364165,0.295412,0.303861,0.271755,0.599273,0.0976766,4.27123,0.273027,-0.00361582,-0.00643644,0.541608,-0.214601,73.1903,-0.0100523,-0.0162939,-0.2122820597141981,0.10870605334639549,0.01194,999,,,,,,,2.6,1.3,2.6,1.3,,,,,,,,,,,,,,,,,,,"Maverick Handley","26106",668974
"Rodolfo Durán","SDP",2,6,6,1,1,0,0,0,1,1,0,0,2,0,0,0,,0,0,0.221756,0.0480177,0.243007,0.197598,0.262857,0.359279,0.270557,0.622136,0.137523,3.20185,0.268098,-0.00285878,-0.00514216,0.53538,-0.220829,74.6639,-0.00800093,-0.0242546,-0.20018326491117477,0.10074535571038723,0.0116116,999,,,,,,,-0.4,-0.2,-0.4,-0.2,,,,,,,,,,,,,,,,,,,"Rodolfo Duran","sa877500",660710
"Héctor Rodríguez","CIN",2,7,7,2,1,0,0,0,1,1,0,0,1,0,0,0,,0,0,0.251178,0.0374826,0.197619,0.189671,0.280579,0.407654,0.295741,0.688232,0.156475,5.11879,0.286697,-0.000545844,-0.00914668,0.728703,-0.0984007,83.2973,-0.00969252,0.0995508,-0.14826579671353102,0.02455075830221176,0.0111701,999,,,,,,,4.2,2.1,4.2,2.1,,,,,,,,,,,,,,,,,,,"Hector Rodriguez","sa3015828",699302
"Petey Halpin","CLE",13,56,51,11,8,2,0,1,6,5,4,0,16,0,0,0,,1,0,0.219997,0.0726462,0.278995,0.260386,0.278673,0.338803,0.272132,0.617476,0.118806,5.11782,0.293696,0,-0.0293126,4.7562,-1.86063,73.19,-0.0293126,0.17986,-1.7988413833081722,-0.02014000713825226,0.0110955,999,,,,,,,39.7,3.053846153,39.7,3.053846153,,,,,,,,,,,,,,,,,,,"Petey Halpin","27931",690984
"Jared Serna","MIA",5,21,19,4,3,1,0,0,2,2,1,0,4,0,0,0,,0,0,0.225246,0.0655637,0.205839,0.318519,0.282893,0.336584,0.273932,0.619477,0.111337,3.52202,0.268646,-0.00152014,-0.0411279,1.81426,-0.667051,71.8963,-0.0426481,0.0260301,-0.7421318404376507,0.15103008411824703,0.0110061,999,,,,,,,9.3,1.86,9.3,1.86,,,,,,,,,,,,,,,,,,,"Jared Serna","sa3015579",691858
"Denzer Guzman","LAA",3,14,13,3,2,1,0,0,1,1,1,0,4,0,0,0,,0,0,0.214853,0.0745277,0.30968,0.240661,0.27685,0.349551,0.275433,0.626401,0.134698,4.22271,0.293456,0.00124899,-0.0182397,1.22657,-0.427641,73.101,-0.0169907,-0.0161796,-0.460841691121459,0.0838204063475132,0.010726,999,,,,,,,9.7,3.233333333,9.7,3.233333333,,,,,,,,,,,,,,,,,,,"Denzer Guzman","28816",694203
"Mark Canha","TEX",15,63,55,12,9,2,0,1,7,5,6,0,13,2,0,0,,1,0,0.223972,0.0926633,0.207107,0.447419,0.317946,0.32353,0.290558,0.641477,0.0995582,3.71645,0.274331,-0.113188,-0.0390353,6.29319,-1.15074,86.1035,-0.152223,0.0429474,-1.1840776205062866,-0.8820526078343391,0.0104591,999,,,,,,,53.3,3.553333333,53.3,3.553333333,,,,,,,,,,,,,,,,,,,"Mark Canha","11445",592192
"Kristian Robinson","ARI",2,7,6,1,1,0,0,0,1,1,1,0,2,0,0,0,,0,0,0.204467,0.106112,0.329463,0.322075,0.294877,0.336279,0.281994,0.631155,0.131812,6.1246,0.29492,-0.00113637,0.00451821,0.650576,-0.176528,77.7762,0.00338184,0.121865,-0.1809970266185701,0.04686503857374191,0.0101044,999,,,,,,,2.6,1.3,2.6,1.3,,,,,,,,,,,,,,,,,,,"Kristian Robinson","sa3006884",677565
"César Prieto","STL",3,14,13,3,2,1,0,0,1,1,1,0,2,0,0,0,,0,0,0.256247,0.0379591,0.157365,0.241216,0.291478,0.363229,0.285855,0.654707,0.106981,3.87902,0.292708,-0.00436527,-0.058985,1.34503,-0.309178,83.5528,-0.0633502,-0.0826986,-0.3362571448087692,-0.032698553055524826,0.00990669,999,,,,,,,9.7,3.233333333,9.7,3.233333333,,,,,,,,,,,,,,,,,,,"Cesar Prieto","30163",693409
"Jose Herrera","TEX",2,6,6,1,1,0,0,0,1,1,1,0,1,0,0,0,,0,0,0.215395,0.0968428,0.220561,0.439075,0.294436,0.305621,0.270606,0.600057,0.0902261,2.84478,0.269319,-0.0116622,-0.0097328,0.535634,-0.220576,72.3593,-0.021395,-0.0219909,-0.229892885312438,0.10300912335515022,0.00955536,999,,,,,,,2.6,1.3,2.6,1.3,,,,,,,,,,,,,,,,,,,"Jose Herrera","17040",645444
"Jorbit Vivas","NYY",2,7,6,1,1,0,0,0,1,1,1,0,1,0,0,0,,0,0,0.222805,0.0972928,0.157781,0.616633,0.317573,0.320638,0.289293,0.638211,0.0978329,3.90527,0.254888,-0.00135394,-0.0239363,0.692055,-0.135049,84.9551,-0.0252902,-0.0252484,-0.14941560290753841,-0.0002484247088432312,0.00933751,999,,,,,,,2.6,1.3,2.6,1.3,,,,,,,,,,,,,,,,,,,"Jorbit Vivas","23917",678391
"Samad Taylor","SDP",2,7,6,1,1,0,0,0,1,1,1,0,2,0,0,0,,0,0,0.223137,0.0843856,0.253868,0.3324,0.293847,0.326221,0.276724,0.620068,0.103084,6.07294,0.289412,-0.00148252,0.0247474,0.620625,-0.206479,78.8889,0.0232648,-0.0166872,-0.1518821157515049,0.008312804624438286,0.0091388,999,,,,,,,2.6,1.3,2.6,1.3,,,,,,,,,,,,,,,,,,,"Samad Taylor","22274",669392
"Angel Martínez","CLE",66,287,261,62,41,14,1,6,31,29,19,0,60,3,2,2,,5,2,0.235899,0.065985,0.209927,0.314324,0.292644,0.363437,0.287855,0.656081,0.127539,4.72663,0.283429,0.317649,-0.294726,28.0393,-5.87194,84.0212,0.0229234,-3.1843,-5.382117385044694,-4.409302830696106,0.00886571,999,,,,,,,258.8,3.921212121,258.8,3.921212121,,,,,,,,,,,,,,,,,,,"Angel Martinez","26540",682657
"Manuel Margot",,5,21,19,5,3,1,0,0,2,2,1,0,4,0,0,0,,0,0,0.244427,0.068791,0.184023,0.373818,0.302339,0.3522,0.289037,0.654539,0.107773,4.15853,0.287781,0.00671978,-0.02514,2.07181,-0.409507,83.2617,-0.0184202,-0.275744,-0.4338670074939728,-0.2007438689470291,0.00778799,999,,,,,,,14.9,2.98,14.9,2.98,,,,,,,,,,,,,,,,,,,"Manuel Margot","14712",622534
"James Triantos","CHC",2,7,6,2,1,0,0,0,1,1,0,0,1,0,0,0,,0,0,0.245707,0.0500558,0.174688,0.286545,0.289114,0.355204,0.282246,0.644317,0.109497,6.44223,0.285238,0,0.019643,0.652007,-0.175097,80.7252,0.019643,-0.0420964,-0.14026937820017338,-0.01709636114537716,0.00772725,999,,,,,,,5.2,2.6,5.2,2.6,,,,,,,,,,,,,,,,,,,"James Triantos","sa3017295",701649
"Sergio Alcántara","WSN",2,7,6,1,1,0,0,0,1,1,1,0,2,0,0,0,,0,0,0.219622,0.105743,0.233204,0.453436,0.30418,0.312961,0.278287,0.617141,0.0933393,3.67607,0.282845,0.00133485,-0.0157183,0.629505,-0.197599,76.2407,-0.0143834,-0.0212975,-0.21150122676044703,0.05370248481631279,0.00768295,999,,,,,,,2.6,1.3,2.6,1.3,,,,,,,,,,,,,,,,,,,"Sergio Alcantara","16417",642727
"Dairon Blanco","TEX",2,7,6,1,1,0,0,0,1,1,0,0,2,0,0,0,,1,0,0.226185,0.0624377,0.248454,0.251305,0.286679,0.342418,0.278237,0.629097,0.116233,6.62648,0.285878,-0.00302509,0.0637717,0.629219,-0.197885,77.6161,0.0607466,0.032249,-0.12392808869481087,-0.04275102913379669,0.00759665,999,,,,,,,1.5,0.75,1.5,0.75,,,,,,,,,,,,,,,,,,,"Dairon Blanco","19779",680118
"Cavan Biggio","HOU",2,7,6,1,1,0,0,0,1,1,1,0,2,0,0,0,,0,0,0.209541,0.108892,0.276578,0.393711,0.309009,0.320885,0.285288,0.629894,0.111345,3.8276,0.281797,-0.0082808,-0.00699315,0.669293,-0.157811,81.6432,-0.015274,-0.0281878,-0.16672321315854788,-0.0031877756118774414,0.00726599,999,,,,,,,2.6,1.3,2.6,1.3,,,,,,,,,,,,,,,,,,,"Cavan Biggio","19252",624415
"Vimael Machín","COL",2,7,6,2,1,0,0,0,1,1,0,0,1,0,0,0,,0,0,0.252513,0.0714058,0.199047,0.358738,0.308289,0.38346,0.302677,0.69175,0.130947,4.50681,0.298674,-0.00681197,-0.00823835,0.768122,-0.0589816,79.2758,-0.0150503,-0.00883257,-0.18698773439973593,0.016167430207133293,0.00635068,999,,,,,,,5.2,2.6,5.2,2.6,,,,,,,,,,,,,,,,,,,"Vimael Machin","17684",605353
"Tomás Nido","DET",3,13,12,3,2,0,0,0,1,1,1,0,3,0,0,0,,0,0,0.221016,0.0450284,0.251663,0.178923,0.260807,0.331049,0.259464,0.591856,0.110033,1.96993,0.276379,-0.0348244,-0.0205935,0.955483,-0.556936,63.0283,-0.0554179,-0.0164544,-0.6131836473941803,0.23354564979672432,0.00623259,999,,,,,,,7.8,2.6,7.8,2.6,,,,,,,,,,,,,,,,,,,"Tomas Nido","13755",621512
"Matt Koperniak","STL",2,7,6,2,1,0,0,0,1,1,0,0,1,0,0,0,,0,0,0.238202,0.0623141,0.206862,0.301234,0.290643,0.351548,0.28264,0.642191,0.113346,3.25799,0.284125,-0.0029313,-0.0158237,0.654245,-0.172859,81.3506,-0.018755,0.0733557,-0.17347884736955166,-0.0016442611813545227,0.00591045,999,,,,,,,5.2,2.6,5.2,2.6,,,,,,,,,,,,,,,,,,,"Matt Koperniak","sa3014834",689288
"Christian Encarnacion-Strand","CIN",2,7,6,2,1,0,0,0,1,1,0,0,2,0,0,0,,0,0,0.250773,0.0535147,0.262022,0.204238,0.298761,0.449929,0.320716,0.74869,0.199155,3.69128,0.301447,0.00230351,-0.00878687,0.870642,0.0435382,100.406,-0.00648336,0,-0.003117759944871068,-0.17499999701976776,0.00560406,999,,,,,,,5.2,2.6,5.2,2.6,,,,,,,,,,,,,,,,,,,"Christian Encarnacion-Strand","30011",687952
"Nicky Lopez","COL",2,7,6,2,1,0,0,0,1,0,1,0,1,0,0,0,,0,0,0.251331,0.0837438,0.152451,0.549315,0.320584,0.331355,0.291639,0.651939,0.0800243,5.12825,0.294846,0.00997492,-0.00752654,0.705388,-0.121716,71.7142,0.00244838,0.0280174,-0.23222298943437636,0.05301741324365139,0.00549276,999,,,,,,,8.2,4.1,8.2,4.1,,,,,,,,,,,,,,,,,,,"Nicky Lopez","19339",670032
"Steward Berroa","MIL",2,7,6,1,1,0,0,0,1,1,1,0,2,0,0,0,,1,0,0.205447,0.10194,0.288209,0.353702,0.290114,0.308633,0.269782,0.598747,0.103186,6.65107,0.283192,-0.00147907,0.0432208,0.581167,-0.245937,71.1489,0.0417418,-0.00854152,-0.1976202093064785,0.016458485275506973,0.00529262,999,,,,,,,4.5,2.25,4.5,2.25,,,,,,,,,,,,,,,,,,,"Steward Berroa","22766",672642
"Billy Cook","PIT",2,7,6,1,1,0,0,0,1,1,0,0,2,0,0,0,,0,0,0.220948,0.0675006,0.280217,0.240887,0.282023,0.357119,0.280833,0.639142,0.136171,5.5682,0.287944,-0.00299086,0.0137243,0.643975,-0.183129,76.0813,0.0107335,-0.0205765,-0.18770684022456408,0.004423484206199646,0.00507555,999,,,,,,,-0.4,-0.2,-0.4,-0.2,,,,,,,,,,,,,,,,,,,"Billy Cook","29573",695257
"Rainiel Rodriguez","STL",0,1,1,0,0,0,0,0,0,0,0,0,0,0,0,0,,0,0,0.237526,0.0840304,0.239584,0.350735,0.310427,0.422085,0.317704,0.732513,0.184559,2.39908,0.277223,,-0.00230739,0.121932,0.00377466,105.371,-0.00230739,0.0104961,0.004058052320033312,0.010496087372303009,0.00489303,999,,,,,,,-1,,-1,,,,,,,,,,,,,,,,,,,,"Rainiel Rodriguez","sa3023987",823787
"Kevin Newman","KCR",2,7,6,2,1,0,0,0,1,1,0,0,1,0,0,0,,0,0,0.243431,0.0571965,0.159994,0.357491,0.28971,0.331096,0.274193,0.620806,0.0876651,4.32674,0.282416,0.00507554,0.00247519,0.606238,-0.220866,70.4084,0.00755074,0.0184335,-0.236589337233454,0.04343353025615215,0.00488776,999,,,,,,,5.2,2.6,5.2,2.6,,,,,,,,,,,,,,,,,,,"Kevin Newman","17696",621028
"Bryan De La Cruz","PHI",3,14,13,3,2,1,0,0,1,2,1,0,4,0,0,0,,0,0,0.240029,0.0601464,0.265655,0.226408,0.288276,0.39679,0.297121,0.685066,0.156761,2.93752,0.296957,-0.0156977,-0.0114852,1.47309,-0.181116,87.5122,-0.0271829,-0.0346085,-0.23439189605414867,-0.18460847064852715,0.00478649,999,,,,,,,9.7,3.233333333,9.7,3.233333333,,,,,,,,,,,,,,,,,,,"Bryan De La Cruz","19600",650559
"Eloy Jiménez","TOR",3,14,13,3,2,1,0,0,1,2,1,0,3,0,0,0,,0,0,0.249836,0.0741997,0.20085,0.369429,0.307868,0.39416,0.306216,0.702028,0.144324,2.35067,0.288569,-0.00497541,-0.0176053,1.57646,-0.077743,96.0879,-0.0225807,0,-0.08713290095329285,-0.3499999940395355,0.00457586,999,,,,,,,9.7,3.233333333,9.7,3.233333333,,,,,,,,,,,,,,,,,,,"Eloy Jimenez","17484",650391
"Austin Barnes","NYM",2,6,6,1,1,0,0,0,1,1,1,0,2,0,0,0,,0,0,0.208492,0.0851509,0.236896,0.359445,0.282486,0.294619,0.26059,0.577105,0.0861273,3.0904,0.264881,-0.0143091,-0.0055942,0.483591,-0.272619,67.3987,-0.0199034,-0.0269375,-0.2671947367489338,0.09806246869266033,0.00448101,999,,,,,,,2.6,1.3,2.6,1.3,,,,,,,,,,,,,,,,,,,"Austin Barnes","12158",605131
"Dom Nuñez","CLE",2,6,6,1,1,0,0,0,1,1,1,0,2,0,0,0,,0,0,0.183732,0.112094,0.310217,0.36134,0.280801,0.29156,0.260535,0.572361,0.107828,2.79543,0.25898,-0.0089179,-0.0100498,0.483306,-0.272903,65.2013,-0.0189677,-0.0202833,-0.28145921789109707,0.10471665114164352,0.00445418,999,,,,,,,2.6,1.3,2.6,1.3,,,,,,,,,,,,,,,,,,,"Dom Nunez","15055",624513
"Dax Kilby","NYY",0,1,1,0,0,0,0,0,0,0,0,0,0,0,0,0,,0,0,0.236474,0.0913245,0.225575,0.404852,0.310716,0.376851,0.302364,0.687567,0.140377,6.25788,0.286306,,0.00431901,0.109478,-0.00867984,93.9595,0.00431901,0.0072165,-0.002800371963530779,0.007216504774987698,0.00397326,999,,,,,,,-1,,-1,,,,,,,,,,,,,,,,,,,,"Dax Kilby","sa3069080",828076
"Max Clark","DET",0,1,1,0,0,0,0,0,0,0,0,0,0,0,0,0,,0,0,0.237162,0.109669,0.232548,0.471596,0.322649,0.381011,0.310106,0.70366,0.14385,5.46923,0.291587,,0.000566754,0.115763,-0.00239433,97.9135,0.000566754,0.00393692,-0.001892435597255826,0.003936924040317535,0.00373061,999,,,,,,,-1,,-1,,,,,,,,,,,,,,,,,,,,"Max Clark","sa3022683",703601
"Kaelen Culpepper","MIN",0,1,1,0,0,0,0,0,0,0,0,0,0,0,0,0,,0,0,0.239506,0.0669463,0.234878,0.285026,0.3011,0.390522,0.302086,0.691622,0.151016,4.84041,0.287315,,0.00082441,0.109252,-0.0089055,91.8819,0.00082441,0.0104961,-0.0087437117472291,0.010496087372303009,0.00370072,999,,,,,,,-1,,-1,,,,,,,,,,,,,,,,,,,,"Kaelen Culpepper","sa3025360",701785
"Josue Briceño","DET",0,1,1,0,0,0,0,0,0,0,0,0,0,0,0,0,,0,0,0.239526,0.0928701,0.237674,0.390745,0.31446,0.410989,0.315747,0.725449,0.171463,2.9714,0.285336,,-0.00200807,0.120344,0.00218585,101.8,-0.00200807,0.000657342,0.00011291773989796638,0.0006573420250788331,0.00360024,999,,,,,,,-1,,-1,,,,,,,,,,,,,,,,,,,,"Josue Briceno","sa3018584",800522
"Luke Adams","MIL",0,1,1,0,0,0,0,0,0,0,0,0,0,0,0,0,,0,0,0.205525,0.127558,0.264928,0.48148,0.346625,0.351406,0.31749,0.698031,0.145881,4.38217,0.265116,,-0.000356466,0.121758,0.00360053,103.83,-0.000356466,-0.00262224,0.004183422512141988,-0.0026222390588372946,0.00356369,999,,,,,,,-1,,-1,,,,,,,,,,,,,,,,,,,,"Luke Adams","sa3020135",702726
"Roc Riggio","COL",0,1,1,0,0,0,0,0,0,0,0,0,0,0,0,0,,0,0,0.218478,0.0991109,0.253791,0.390521,0.303773,0.373458,0.29871,0.677232,0.15498,5.04941,0.269075,,-0.000215783,0.106511,-0.0116469,91.4422,-0.000215783,0.0104961,-0.010302199545549229,0.010496087372303009,0.00354127,999,,,,,,,-1,,-1,,,,,,,,,,,,,,,,,,,,"Roc Riggio","sa3022750",691792
"Ben Cowles","CHC",2,7,6,1,1,0,0,0,1,1,0,0,2,0,0,0,,0,0,0.216765,0.0673236,0.291582,0.230891,0.279036,0.331735,0.270424,0.610771,0.11497,5.68526,0.296741,-0.00165121,0.00264863,0.584818,-0.242286,72.6267,0.0009974251,0.00253218,-0.2261038268916309,0.027532184962183237,0.00351137,999,,,,,,,-0.4,-0.2,-0.4,-0.2,,,,,,,,,,,,,,,,,,,"Ben Cowles","sa3016976",701496
"Austin Machado","ATL",0,1,1,0,0,0,0,0,0,0,0,0,0,0,0,0,,0,0,0.229752,0.0953802,0.227289,0.419642,0.316432,0.352044,0.298325,0.668476,0.122293,3.98108,0.283024,,-0.000864545,0.106198,-0.0119593,89.4765,-0.000864545,0.014259,-0.01333704311400652,0.01425904966890812,0.0034983,999,,,,,,,-1,,-1,,,,,,,,,,,,,,,,,,,,"Austin Machado","sa3025442",827629
"Kane Kepley","CHC",0,1,1,0,0,0,0,0,0,0,0,0,0,0,0,0,,0,0,0.228916,0.100247,0.222132,0.451297,0.322757,0.359616,0.304199,0.682373,0.1307,6.07848,0.28002,,0.00165488,0.110967,-0.00719024,95.7636,0.00165488,0.00393692,-0.0033661723136901855,0.003936924040317535,0.00346236,999,,,,,,,-1,,-1,,,,,,,,,,,,,,,,,,,,"Kane Kepley","sa3035293",823807
"Alfredo Duno","CIN",0,1,1,0,0,0,0,0,0,0,0,0,0,0,0,0,,0,0,0.226849,0.113752,0.270112,0.42113,0.318408,0.386909,0.310645,0.705316,0.160059,2.49211,0.289485,,-0.00235087,0.116201,-0.00195645,93.5071,-0.00235087,0.0104961,-0.010046268114820123,0.010496087372303009,0.00344998,999,,,,,,,-1,,-1,,,,,,,,,,,,,,,,,,,,"Alfredo Duno","sa3021066",806957
"Carlos Pérez","HOU",0,1,1,0,0,0,0,0,0,0,0,0,0,0,0,0,,0,0,0.219146,0.0731943,0.217381,0.33671,0.284533,0.392978,0.294942,0.677511,0.173832,2.01785,0.243992,,-0.00157931,0.103452,-0.0147057,88.294,-0.00157931,0.014259,-0.01537623000331223,0.01425904966890812,0.00340713,999,,,,,,,-1,,-1,,,,,,,,,,,,,,,,,,,,"Carlos Perez","10642",542208
"Isan Díaz",,0,1,1,0,0,0,0,0,0,0,0,0,0,0,0,0,,0,0,0.229395,0.0923521,0.237773,0.388404,0.304663,0.396254,0.306382,0.700917,0.166859,3.38064,0.26865,,-0.0013905,0.11274,-0.00541766,92.5824,-0.0013905,0.00784248,-0.01013299950864166,0.007842478342354298,0.00328708,999,,,,,,,-1,,-1,,,,,,,,,,,,,,,,,,,,"Isan Diaz","17922",656371
"Adrian Pinto","TOR",0,1,1,0,0,0,0,0,0,0,0,0,0,0,0,0,,0,0,0.233077,0.0751763,0.221126,0.33997,0.302922,0.378255,0.299234,0.681176,0.145178,4.99131,0.277058,,0.000559119,0.106936,-0.0112218,91.2783,0.000559119,0.0072165,-0.009720469184685498,0.007216504774987698,0.00326524,999,,,,,,,-1,,-1,,,,,,,,,,,,,,,,,,,,"Adrian Pinto","sa3015542",691437
"Henry Bolte","ATH",0,1,1,0,0,0,0,0,0,0,0,0,0,0,0,0,,0,0,0.228693,0.0867319,0.342831,0.252988,0.306286,0.377092,0.300617,0.683378,0.1484,7.43402,0.339061,,0.0037694,0.108059,-0.0100989,91.2162,0.0037694,0.00393692,-0.006612309254705906,0.003936924040317535,0.00318897,999,,,,,,,-1,,-1,,,,,,,,,,,,,,,,,,,,"Henry Bolte","sa3020006",703607
"Aron Estrada","BAL",0,1,1,0,0,0,0,0,0,0,0,0,0,0,0,0,,0,0,0.247525,0.0628944,0.214797,0.292809,0.301747,0.390075,0.301357,0.691822,0.142549,6.59759,0.296136,,0.00195824,0.10866,-0.00949754,93.5819,0.00195824,0.00213886,-0.005606222897768021,0.002138857962563634,0.00316668,999,,,,,,,-1,,-1,,,,,,,,,,,,,,,,,,,,"Aron Estrada","sa3018552",800406
"Juan Ortuno","MIL",0,1,1,0,0,0,0,0,0,0,0,0,0,0,0,0,,0,0,0.21764,0.107168,0.261442,0.40991,0.315824,0.357971,0.30071,0.673795,0.140331,3.71096,0.27527,,-0.00113201,0.108135,-0.0100229,92.3359,-0.00113201,0.00784248,-0.010215509915724397,0.007842478342354298,0.00316117,999,,,,,,,-1,,-1,,,,,,,,,,,,,,,,,,,,"Juan Ortuno","sa3024330",821187
"Eduardo Quintero","LAD",0,1,1,0,0,0,0,0,0,0,0,0,0,0,0,0,,0,0,0.216193,0.103156,0.286516,0.360036,0.30281,0.359412,0.293546,0.662223,0.14322,6.17559,0.284838,,0.0023023,0.102318,-0.0158393,87.183,0.0023023,0.0104961,-0.012888519326224923,0.010496087372303009,0.00315919,999,,,,,,,-1,,-1,,,,,,,,,,,,,,,,,,,,"Eduardo Quintero","sa3021208",808234
"Francisco Mejía",,0,1,1,0,0,0,0,0,0,0,0,0,0,0,0,0,,0,0,0.241835,0.0564629,0.20888,0.270312,0.289279,0.384436,0.293149,0.673715,0.142601,3.29473,0.281825,,-0.00117141,0.101996,-0.0161615,86.4221,-0.00117141,0.014259,-0.017264089663513005,0.01425904966890812,0.00309651,999,,,,,,,-1,,-1,,,,,,,,,,,,,,,,,,,,"Francisco Mejia","16403",642336
"Max Stassi",,0,1,1,0,0,0,0,0,0,0,0,0,0,0,0,0,,0,0,0.220108,0.0898246,0.262938,0.341619,0.301746,0.347389,0.289004,0.649135,0.127282,3.63111,0.283223,,-0.000713517,0.0986302,-0.0195275,85.9553,-0.000713517,0.014259,-0.017359412100631744,0.01425904966890812,0.00308676,999,,,,,,,-1,,-1,,,,,,,,,,,,,,,,,,,,"Max Stassi","10059",545358
"Cooper Ingle","CLE",0,1,1,0,0,0,0,0,0,0,0,0,0,0,0,0,,0,0,0.232875,0.124141,0.203188,0.610964,0.331106,0.355559,0.306966,0.686665,0.122684,2.02492,0.28104,,-0.00198061,0.113214,-0.00494373,97.1858,-0.00198061,0.000657342,-0.0052974955178797245,0.0006573420250788331,0.00304668,999,,,,,,,-1,,-1,,,,,,,,,,,,,,,,,,,,"Cooper Ingle","sa3023069",694876
"Rhylan Thomas","SEA",2,7,7,2,1,0,0,0,1,1,0,0,1,0,0,0,,0,0,0.246022,0.0512518,0.128406,0.399138,0.287071,0.316332,0.267361,0.603403,0.07031,3.89887,0.275255,-0.0013392,-0.0105582,0.567412,-0.259692,75.2506,-0.0118974,0.0798036,-0.21608815249055624,0.004803597927093506,0.00303296,999,,,,,,,4.2,2.1,4.2,2.1,,,,,,,,,,,,,,,,,,,"Rhylan Thomas","31793",689041
"A.J. Ewing","NYM",0,1,1,0,0,0,0,0,0,0,0,0,0,0,0,0,,0,0,0.231326,0.0915662,0.265436,0.344966,0.304094,0.347071,0.288718,0.651165,0.115745,6.54895,0.307311,,0.00152034,0.098398,-0.0197597,86.6671,0.00152034,0.0104961,-0.014281943324021995,0.010496087372303009,0.00301662,999,,,,,,,-1,,-1,,,,,,,,,,,,,,,,,,,,"A.J. Ewing","sa3022963",805999
"Yasmani Grandal",,0,1,1,0,0,0,0,0,0,0,0,0,0,0,0,0,,0,0,0.225827,0.103733,0.213397,0.486102,0.310828,0.356729,0.2968,0.667558,0.130902,2.31371,0.265979,,-0.00133029,0.10496,-0.0131976,84.8021,-0.00133029,0.014259,-0.01924276608042419,0.01425904966890812,0.00301153,999,,,,,,,-1,,-1,,,,,,,,,,,,,,,,,,,,"Yasmani Grandal","11368",518735
"Payton Henry","NYY",0,1,1,0,0,0,0,0,0,0,0,0,0,0,0,0,,0,0,0.229773,0.0584994,0.270728,0.216082,0.287659,0.372758,0.289335,0.660417,0.142985,2.67475,0.290023,,-0.00156412,0.0988991,-0.0192586,84.984,-0.00156412,0.014259,-0.019262274261564016,0.01425904966890812,0.00300954,999,,,,,,,-1,,-1,,,,,,,,,,,,,,,,,,,,"Payton Henry","22164",668721
"Sam Huff","BAL",0,1,1,0,0,0,0,0,0,0,0,0,0,0,0,0,,0,0,0.219988,0.071839,0.337857,0.212631,0.27928,0.382193,0.288151,0.661474,0.162206,2.5645,0.303235,,-0.00129743,0.0979376,-0.0202201,84.4844,-0.00129743,0.0144089,-0.019584424095228314,0.014408865012228489,0.00299191,999,,,,,,,-1,,-1,,,,,,,,,,,,,,,,,,,,"Sam Huff","22209",669087
"Aaron Antonini","DET",0,1,1,0,0,0,0,0,0,0,0,0,0,0,0,0,,0,0,0.217167,0.0775474,0.244896,0.316655,0.297544,0.347349,0.287262,0.644893,0.130182,3.89844,0.268484,,-0.000707279,0.0972161,-0.0209416,83.8332,-0.000707279,0.014259,-0.019761739997193217,0.01425904966890812,0.00295844,999,,,,,,,-1,,-1,,,,,,,,,,,,,,,,,,,,"Aaron Antonini","sa3010906",689577
"Michael Stefanic","ATH",0,1,1,0,0,0,0,0,0,0,0,0,0,0,0,0,,0,0,0.256076,0.0921737,0.140841,0.654451,0.337993,0.332654,0.302506,0.670648,0.0765785,2.66016,0.293723,,-0.00256911,0.109593,-0.0085651,92.5139,-0.00256911,0.00641999,-0.011417072964832187,0.006419994868338108,0.00295143,999,,,,,,,-1,,-1,,,,,,,,,,,,,,,,,,,,"Michael Stefanic","25353",683021
"Andrew Tess","BAL",0,1,1,0,0,0,0,0,0,0,0,0,0,0,0,0,,0,0,0.207037,0.0925704,0.300593,0.307959,0.306153,0.327201,0.286294,0.633354,0.120163,5.16531,0.287826,,-0.000119988,0.0964299,-0.0217278,83.2051,-0.000119988,0.014259,-0.01991469624772435,0.01425904966890812,0.00294279,999,,,,,,,-1,,-1,,,,,,,,,,,,,,,,,,,,"Andrew Tess","sa3067325",811083
"Enrique Bradfield Jr.","BAL",0,1,1,0,0,0,0,0,0,0,0,0,0,0,0,0,,0,0,0.22481,0.0904657,0.224424,0.403101,0.301302,0.322047,0.279482,0.623349,0.0972369,6.62134,0.283678,,0.00876479,0.0908995,-0.0272582,78.5128,0.00876479,0.0104961,-0.01656034216284752,0.010496087372303009,0.00290098,999,,,,,,,-1,,-1,,,,,,,,,,,,,,,,,,,,"Enrique Bradfield Jr.","sa3022917",690961
"Bryce Rainer","DET",0,1,1,0,0,0,0,0,0,0,0,0,0,0,0,0,,0,0,0.232318,0.0808096,0.270048,0.299241,0.298652,0.378563,0.296661,0.677216,0.146245,5.03868,0.297131,,0.0000944647,0.104847,-0.0133106,88.6516,0.0000944647,0.0072165,-0.013281003819429316,0.007216504774987698,0.00290096,999,,,,,,,-1,,-1,,,,,,,,,,,,,,,,,,,,"Bryce Rainer","sa3066592",800614
"Gage Workman","DET",0,1,1,0,0,0,0,0,0,0,0,0,0,0,0,0,,0,0,0.214454,0.085205,0.350656,0.242988,0.283388,0.374043,0.287392,0.65743,0.159589,6.38469,0.310114,,0.00114506,0.097322,-0.0208357,82.2669,0.00114506,0.0134973,-0.019755530636757612,0.01349729672074318,0.00288113,999,,,,,,,-1,,-1,,,,,,,,,,,,,,,,,,,,"Gage Workman","27573",669398
"Luis Guevara","BAL",0,1,1,0,0,0,0,0,0,0,0,0,0,0,0,0,,0,0,0.230364,0.0870112,0.254652,0.341687,0.307178,0.373389,0.299849,0.680567,0.143025,5.93897,0.29161,,0.000233392,0.107435,-0.0107223,92.5428,0.000233392,0.00213886,-0.008555820502806455,0.002138857962563634,0.00286489,999,,,,,,,-1,,-1,,,,,,,,,,,,,,,,,,,,"Luis Guevara","sa3021232",808287
"Justin Dean","CHC",2,7,6,1,1,0,0,0,1,1,1,0,2,0,0,0,,0,0,0.208026,0.0881217,0.302461,0.291349,0.287014,0.303697,0.266199,0.59071,0.0956704,7.06899,0.295222,-0.00343788,0.0342385,0.560808,-0.266296,69.7326,0.0308006,-0.00961182,-0.22031107917428017,0.01538817584514618,0.00286156,999,,,,,,,2.6,1.3,2.6,1.3,,,,,,,,,,,,,,,,,,,"Justin Dean","25005",681909
"Paul McIntosh","PHI",0,1,1,0,0,0,0,0,0,0,0,0,0,0,0,0,,0,0,0.224047,0.0823586,0.239718,0.343565,0.297908,0.367774,0.293505,0.665682,0.143728,2.67069,0.271653,,-0.00183723,0.102285,-0.0158725,85.0353,-0.00183723,0.014259,-0.019573502708226442,0.01425904966890812,0.00286023,999,,,,,,,-1,,-1,,,,,,,,,,,,,,,,,,,,"Paul McIntosh","sa3017372",682192
"Ernesto Martinez Jr.","NYY",0,1,1,0,0,0,0,0,0,0,0,0,0,0,0,0,,0,0,0.23472,0.0838784,0.255949,0.327715,0.309215,0.3847,0.304433,0.693915,0.14998,4.52588,0.296379,,-0.00173355,0.111158,-0.00700011,95.3847,-0.00173355,0.000657342,-0.007173208054155111,0.0006573420250788331,0.00285478,999,,,,,,,-1,,-1,,,,,,,,,,,,,,,,,,,,"Ernesto Martinez Jr.","sa3003173",667803
"Brendan Jones","MIA",0,1,1,0,0,0,0,0,0,0,0,0,0,0,0,0,,0,0,0.225832,0.113415,0.241915,0.46882,0.316116,0.356061,0.298924,0.672177,0.130228,6.84954,0.286625,,0.0052388,0.106685,-0.0114732,89.0166,0.0052388,0.00213886,-0.007778784725815058,0.002138857962563634,0.00282693,999,,,,,,,-1,,-1,,,,,,,,,,,,,,,,,,,,"Brendan Jones","sa3025253",800957
"Sam Petersen","WSN",0,1,1,0,0,0,0,0,0,0,0,0,0,0,0,0,,0,0,0.235759,0.0735115,0.240595,0.30554,0.305129,0.375345,0.299302,0.680474,0.139586,5.87956,0.291233,,0.00322889,0.106991,-0.0111662,90.6367,0.00322889,0.00213886,-0.007868532789871097,0.002138857962563634,0.00281774,999,,,,,,,-1,,-1,,,,,,,,,,,,,,,,,,,,"Sam Petersen","sa3025609",695763
"Nate George","BAL",0,1,1,0,0,0,0,0,0,0,0,0,0,0,0,0,,0,0,0.24886,0.0620311,0.241683,0.256663,0.298599,0.390897,0.299595,0.689497,0.142038,7.45403,0.311037,,0.00132482,0.107229,-0.0109284,92.3679,0.00132482,0.000657342,-0.007670517545193434,0.0006573420250788331,0.00280389,999,,,,,,,-1,,-1,,,,,,,,,,,,,,,,,,,,"Nate George","sa3067128",825582
"Seby Zavala","LAD",2,6,6,1,1,0,0,0,1,1,1,0,2,0,0,0,,0,0,0.18591,0.0873173,0.356759,0.244751,0.263598,0.322548,0.260892,0.586146,0.136637,2.78403,0.267599,-0.0126835,-0.00685955,0.485159,-0.271051,64.8135,-0.019543,-0.0242546,-0.2864437364041805,0.10074535198509693,0.00278609,999,,,,,,,2.6,1.3,2.6,1.3,,,,,,,,,,,,,,,,,,,"Seby Zavala","18887",664874
"Brewer Hicklen","ATL",0,1,1,0,0,0,0,0,0,0,0,0,0,0,0,0,,0,0,0.21391,0.0819592,0.333585,0.245693,0.293666,0.381242,0.296265,0.674909,0.167333,6.82828,0.294715,,0.0058927,0.104526,-0.0136316,88.0656,0.0058927,0.00214912,-0.008252047002315521,0.0021491239313036203,0.00277956,999,,,,,,,-1,,-1,,,,,,,,,,,,,,,,,,,,"Brewer Hicklen","20450",676551
"Chris Suero","NYM",0,1,1,0,0,0,0,0,0,0,0,0,0,0,0,0,,0,0,0.20586,0.102997,0.30253,0.340452,0.307568,0.342272,0.291962,0.64984,0.136412,4.79006,0.278142,,-0.000211349,0.101032,-0.0171254,88.8897,-0.000211349,0.0072165,-0.01337932122987695,0.007216504774987698,0.00277343,999,,,,,,,-1,,-1,,,,,,,,,,,,,,,,,,,,"Chris Suero","sa3018614",801523
"Devin Fitz-Gerald","WSN",0,1,1,0,0,0,0,0,0,0,0,0,0,0,0,0,,0,0,0.229623,0.0899832,0.227572,0.395405,0.306041,0.365669,0.296941,0.671711,0.136046,3.09599,0.275625,,-0.000633536,0.105074,-0.0130835,89.019,-0.000633536,0.0072165,-0.013648261432535946,0.007216504774987698,0.00274591,999,,,,,,,-1,,-1,,,,,,,,,,,,,,,,,,,,"Devin Fitz-Gerald","sa3067320",803849
"Xavier Isaac","TBR",0,1,1,0,0,0,0,0,0,0,0,0,0,0,0,0,,0,0,0.216311,0.107755,0.319389,0.337378,0.305603,0.38964,0.304931,0.695243,0.173329,3.99587,0.290624,,-0.000939747,0.111562,-0.00659587,93.7172,-0.000939747,0.000657342,-0.008344715577550232,0.0006573420250788331,0.00273492,999,,,,,,,-1,,-1,,,,,,,,,,,,,,,,,,,,"Xavier Isaac","sa3020498",800060
"Rodolfo Castro",,0,1,1,0,0,0,0,0,0,0,0,0,0,0,0,0,,0,0,0.228723,0.0733618,0.262306,0.27968,0.293743,0.396123,0.300436,0.689866,0.1674,4.41204,0.279637,,-0.00233665,0.107912,-0.0102453,89.7832,-0.00233665,0.00784248,-0.01444568857550621,0.007842478342354298,0.00272837,999,,,,,,,-1,,-1,,,,,,,,,,,,,,,,,,,,"Rodolfo Castro","21987",666801
"Mark Kolozsvary","PHI",0,1,1,0,0,0,0,0,0,0,0,0,0,0,0,0,,0,0,0.213961,0.0763128,0.301845,0.252821,0.291092,0.36595,0.28997,0.657042,0.151989,4.08529,0.283354,,-0.000400782,0.0994149,-0.0187428,82.6135,-0.000400782,0.014259,-0.021007372095482424,0.01425904966890812,0.00271352,999,,,,,,,-1,,-1,,,,,,,,,,,,,,,,,,,,"Mark Kolozsvary","21304",656627
"Michael Arroyo","SEA",0,1,1,0,0,0,0,0,0,0,0,0,0,0,0,0,,0,0,0.215321,0.0848992,0.267585,0.317279,0.312155,0.356888,0.298744,0.669043,0.141567,4.14312,0.276118,,-0.00168283,0.106539,-0.0116189,96.8691,-0.00168283,-0.00262224,-0.005372945335693657,-0.0026222390588372946,0.00270342,999,,,,,,,-1,,-1,,,,,,,,,,,,,,,,,,,,"Michael Arroyo","sa3018429",703197
"Noah Cardenas","MIN",0,1,1,0,0,0,0,0,0,0,0,0,0,0,0,0,,0,0,0.209242,0.114643,0.249738,0.459055,0.314543,0.323914,0.28966,0.638457,0.114673,2.25922,0.268779,,-0.00265787,0.0991632,-0.0189945,83.3219,-0.00265787,0.014259,-0.022314966423437,0.01425904966890812,0.00269721,999,,,,,,,-1,,-1,,,,,,,,,,,,,,,,,,,,"Noah Cardenas","sa3017624",681433
"Ramón Rodríguez","MIL",0,1,1,0,0,0,0,0,0,0,0,0,0,0,0,0,,0,0,0.231489,0.0758742,0.174045,0.435945,0.297504,0.352257,0.287439,0.649761,0.120768,2.51111,0.261225,,-0.00142515,0.0973595,-0.0207982,83.2444,-0.00142515,0.014259,-0.021283968235366046,0.01425904966890812,0.00268523,999,,,,,,,-1,,-1,,,,,,,,,,,,,,,,,,,,"Ramon Rodriguez","sa918698",670232
"Parks Harber","SFG",0,1,1,0,0,0,0,0,0,0,0,0,0,0,0,0,,0,0,0.23419,0.0845369,0.284409,0.297237,0.304929,0.382673,0.301229,0.687603,0.148483,4.67376,0.311073,,-0.00104714,0.108556,-0.00960147,93.1776,-0.00104714,0.000712953,-0.009088159771636128,0.0007129529840312898,0.00266454,999,,,,,,,-1,,-1,,,,,,,,,,,,,,,,,,,,"Parks Harber","sa3025308",692238
"Greg Jones","MIL",0,1,1,0,0,0,0,0,0,0,0,0,0,0,0,0,,0,0,0.205876,0.068423,0.386024,0.177251,0.272625,0.345381,0.272525,0.618007,0.139506,7.47565,0.31955,,0.00775795,0.0852509,-0.0329068,73.028,0.00775795,0.0168355,-0.024209465831518173,0.016835534945130348,0.00264952,999,,,,,,,-1,,-1,,,,,,,,,,,,,,,,,,,,"Greg Jones","25448",675659
"Jakson Reetz","SEA",0,1,1,0,0,0,0,0,0,0,0,0,0,0,0,0,,0,0,0.198091,0.0739164,0.297,0.248877,0.277637,0.348058,0.277443,0.625695,0.149967,2.71788,0.254803,,-0.00180781,0.0892437,-0.028914,82.1951,-0.00180781,0.014259,-0.022792996955104172,0.01425904966890812,0.0026483,999,,,,,,,-1,,-1,,,,,,,,,,,,,,,,,,,,"Jakson Reetz","17837",656883
"Fernando Gonzalez","SFG",0,1,1,0,0,0,0,0,0,0,0,0,0,0,0,0,,0,0,0.223095,0.0758,0.244908,0.309504,0.291944,0.351313,0.284604,0.643258,0.128218,2.80338,0.276678,,-0.00151277,0.095058,-0.0230997,82.9413,-0.00151277,0.014259,-0.021730845561251044,0.01425904966890812,0.0026395,999,,,,,,,-1,,-1,,,,,,,,,,,,,,,,,,,,"Fernando Gonzalez","sa3032413",692232
"Nate Furman","SFG",0,1,1,0,0,0,0,0,0,0,0,0,0,0,0,0,,0,0,0.24148,0.0973199,0.197636,0.49242,0.328282,0.349163,0.303118,0.677445,0.107683,4.73067,0.290723,,0.000306873,0.11009,-0.00806813,95.624,0.000306873,-0.00262224,-0.0048796476039569825,-0.0026222390588372946,0.00263643,999,,,,,,,-1,,-1,,,,,,,,,,,,,,,,,,,,"Nate Furman","sa3020763",801501
"Payton Eeles","BAL",0,1,1,0,0,0,0,0,0,0,0,0,0,0,0,0,,0,0,0.230019,0.0914597,0.205298,0.445497,0.32346,0.334565,0.296785,0.658025,0.104546,6.01682,0.281659,,0.00170799,0.104948,-0.0132096,90.4324,0.00170799,0.000657342,-0.009568497072905302,0.0006573420250788331,0.00260971,999,,,,,,,-1,,-1,,,,,,,,,,,,,,,,,,,,"Payton Eeles","sa3023622",823356
"Luke Stevenson","SEA",0,1,1,0,0,0,0,0,0,0,0,0,0,0,0,0,,0,0,0.210879,0.105712,0.270885,0.390246,0.302093,0.333161,0.284816,0.635254,0.122282,3.54935,0.276129,,-0.001138,0.0952304,-0.0229273,87.2745,-0.001138,0.0072165,-0.016136484569869936,0.007216504774987698,0.0026088,999,,,,,,,-1,,-1,,,,,,,,,,,,,,,,,,,,"Luke Stevenson","sa3043081",806233
"Lazaro Montes","SEA",0,1,1,0,0,0,0,0,0,0,0,0,0,0,0,0,,0,0,0.210615,0.100849,0.332889,0.30295,0.293813,0.388719,0.298432,0.682532,0.178104,2.93284,0.282346,,-0.00239539,0.106285,-0.0118727,96.6537,-0.00239539,-0.00262224,-0.00633934186771512,-0.0026222390588372946,0.00260455,999,,,,,,,-1,,-1,,,,,,,,,,,,,,,,,,,,"Lazaro Montes","sa3018409",703155
"Miguel Rodríguez","BAL",0,1,1,0,0,0,0,0,0,0,0,0,0,0,0,0,,0,0,0.23233,0.0771025,0.208219,0.370295,0.303058,0.360602,0.293582,0.66366,0.128271,2.61356,0.274564,,-0.00247427,0.102347,-0.0158105,88.2256,-0.00247427,0.0072165,-0.016351727535948157,0.007216504774987698,0.00258678,999,,,,,,,-1,,-1,,,,,,,,,,,,,,,,,,,,"Miguel Rodriguez","sa3021226",808277
"Jose Rojas","NYM",0,1,1,0,0,0,0,0,0,0,0,0,0,0,0,0,,0,0,0.222859,0.0899826,0.249312,0.360924,0.295077,0.411463,0.306156,0.70654,0.188604,4.42506,0.259342,,0.0000401879,0.112556,-0.00560177,98.6126,0.0000401879,-0.00641657,-0.001604167242476251,-0.006416573189198971,0.00258334,999,,,,,,,-1,,-1,,,,,,,,,,,,,,,,,,,,"Jose Rojas","19331",670351
"Sam Hilliard",,0,1,1,0,0,0,0,0,0,0,0,0,0,0,0,0,,0,0,0.241572,0.0878299,0.296903,0.29582,0.308949,0.443561,0.323409,0.75251,0.201989,7.46246,0.31547,,0.0017948,0.126564,0.00840646,93.4779,0.0017948,-0.00210213,-0.005935283261351287,-0.0021021259017288685,0.00258163,999,,,,,,,-1,,-1,,,,,,,,,,,,,,,,,,,,"Sam Hilliard","17954",656541
"Cristian Pache","NYM",2,7,6,1,1,0,0,0,1,1,1,0,2,0,0,0,,0,0,0.209483,0.086158,0.293488,0.293566,0.28199,0.323198,0.269734,0.605188,0.113715,4.49844,0.28584,0.000908761,-0.00553909,0.580896,-0.246208,73.6626,-0.00463033,-0.00970186,-0.22313682921230793,0.015298142097890377,0.00256324,999,,,,,,,2.6,1.3,2.6,1.3,,,,,,,,,,,,,,,,,,,"Cristian Pache","19948",665506
"Mike Sirota","LAD",0,1,1,0,0,0,0,0,0,0,0,0,0,0,0,0,,0,0,0.225085,0.105257,0.281077,0.374477,0.310471,0.39329,0.308463,0.703762,0.168205,3.61097,0.28677,,-0.002543,0.11443,-0.00372802,97.4017,-0.002543,-0.00262224,-0.0056225687731057405,-0.0026222390588372946,0.00256042,999,,,,,,,-1,,-1,,,,,,,,,,,,,,,,,,,,"Mike Sirota","sa3042374",701527
"Bryan Lavastida","ATH",0,1,1,0,0,0,0,0,0,0,0,0,0,0,0,0,,0,0,0.223962,0.0773703,0.231131,0.334747,0.293897,0.344876,0.283297,0.638774,0.120914,5.4293,0.276441,,0.00118651,0.0939967,-0.024161,79.3184,0.00118651,0.014259,-0.0232573167886585,0.01425904966890812,0.00254206,999,,,,,,,-1,,-1,,,,,,,,,,,,,,,,,,,,"Bryan Lavastida","24765",681526
"Reed Trimble","BAL",0,1,1,0,0,0,0,0,0,0,0,0,0,0,0,0,,0,0,0.225037,0.0795073,0.259735,0.30611,0.292423,0.375561,0.292742,0.667985,0.150524,6.39747,0.280926,,0.00428167,0.101665,-0.0164924,87.6471,0.00428167,0.000657342,-0.010277680587023497,0.0006573420250788331,0.00253715,999,,,,,,,-1,,-1,,,,,,,,,,,,,,,,,,,,"Reed Trimble","sa3017180",701655
"Joseph Sullivan","HOU",0,1,1,0,0,0,0,0,0,0,0,0,0,0,0,0,,0,0,0.198185,0.121673,0.302447,0.402295,0.317374,0.325125,0.292693,0.642499,0.12694,5.26625,0.273541,,0.00206304,0.101626,-0.0165317,86.7447,0.00206304,0.00393692,-0.013559834565967321,0.003936924040317535,0.00253689,999,,,,,,,-1,,-1,,,,,,,,,,,,,,,,,,,,"Joseph Sullivan","sa3025413",813896
"Darrien Miller","MIL",0,1,1,0,0,0,0,0,0,0,0,0,0,0,0,0,,0,0,0.191385,0.119283,0.273151,0.436691,0.319234,0.297375,0.28586,0.616609,0.105989,2.46297,0.258447,,-0.00166864,0.0960781,-0.0220796,82.1632,-0.00166864,0.014259,-0.022808898356743157,0.01425904966890812,0.00252921,999,,,,,,,-1,,-1,,,,,,,,,,,,,,,,,,,,"Darrien Miller","sa3011330",687152
"Jared Thomas",,0,1,1,0,0,0,0,0,0,0,0,0,0,0,0,0,,0,0,0.22316,0.0872809,0.241661,0.36117,0.299597,0.351281,0.28891,0.650878,0.128121,3.59554,0.276443,,-0.00134294,0.098554,-0.0196037,81.8871,-0.00134294,0.014259,-0.022810457041487098,0.01425904966890812,0.00252905,999,,,,,,,-1,,-1,,,,,,,,,,,,,,,,,,,,"Jared Thomas","sa3022589",683228
"Nate Baez","BOS",0,1,1,0,0,0,0,0,0,0,0,0,0,0,0,0,,0,0,0.229416,0.0775318,0.26117,0.296863,0.298478,0.360353,0.29081,0.658831,0.130938,3.29249,0.295287,,-0.00130671,0.100096,-0.0180613,80.6755,-0.00130671,0.014259,-0.024082864983938634,0.01425904966890812,0.00251633,999,,,,,,,-1,,-1,,,,,,,,,,,,,,,,,,,,"Nate Baez","sa3020272",686960
"Yunior Severino",,0,1,1,0,0,0,0,0,0,0,0,0,0,0,0,0,,0,0,0.22802,0.089672,0.316914,0.282953,0.301561,0.391156,0.302784,0.692717,0.163136,3.21243,0.31055,,-0.00163736,0.109818,-0.00833922,92.3624,-0.00163736,0.000712953,-0.0106391916051507,0.0007129529840312898,0.00250585,999,,,,,,,-1,,-1,,,,,,,,,,,,,,,,,,,,"Yunior Severino","sa3003185",670870
"Ji Hwan Bae","NYM",0,1,1,0,0,0,0,0,0,0,0,0,0,0,0,0,,0,0,0.237544,0.0923279,0.239168,0.386037,0.312358,0.346261,0.292718,0.658618,0.108717,6.62852,0.3067,,0.00245637,0.101646,-0.0165116,89.4076,0.00245637,0.00115966,-0.010097844991832972,0.0011596600525081158,0.00248947,999,,,,,,,-1,,-1,,,,,,,,,,,,,,,,,,,,"Ji Hwan Bae","23818",678225
"Demetrio Crisantes","ARI",0,1,1,0,0,0,0,0,0,0,0,0,0,0,0,0,,0,0,0.241782,0.0771693,0.211832,0.364295,0.304309,0.362804,0.293844,0.667113,0.121022,5.19824,0.293883,,0.000404951,0.10256,-0.0155975,85.8936,0.000404951,0.0072165,-0.016314103704644367,0.007216504774987698,0.00247316,999,,,,,,,-1,,-1,,,,,,,,,,,,,,,,,,,,"Demetrio Crisantes","sa3021051",702679
"Andrew Cossetti","MIN",0,1,1,0,0,0,0,0,0,0,0,0,0,0,0,0,,0,0,0.198958,0.101988,0.318689,0.320023,0.296574,0.341386,0.285631,0.63796,0.142428,2.98689,0.276335,,-0.00159572,0.0958923,-0.0222654,80.5466,-0.00159572,0.014259,-0.024523759726434946,0.01425904966890812,0.00247122,999,,,,,,,-1,,-1,,,,,,,,,,,,,,,,,,,,"Andrew Cossetti","sa3020493",681355
"Garrett Hampson","CIN",5,21,19,4,3,1,0,0,2,2,2,0,6,0,0,0,,1,0,0.217944,0.084266,0.264372,0.318741,0.287735,0.318238,0.270698,0.605973,0.100294,5.15731,0.289263,0.0185994,0.0352447,1.75912,-0.722189,66.1419,0.0538441,-0.010672,-0.7888623848557472,0.11432795599102974,0.0024699,999,,,,,,,14.2,2.84,14.2,2.84,,,,,,,,,,,,,,,,,,,"Garrett Hampson","19262",641658
"BJ Murray","CHC",0,1,1,0,0,0,0,0,0,0,0,0,0,0,0,0,,0,0,0.214434,0.110366,0.250735,0.440172,0.304984,0.345467,0.290334,0.650451,0.131033,3.86348,0.268309,,-0.000320434,0.0997103,-0.0184474,86.2655,-0.000320434,0.0072165,-0.016598690068349242,0.007216504774987698,0.00244405,999,,,,,,,-1,,-1,,,,,,,,,,,,,,,,,,,,"BJ Murray","sa3017287",681230
"Josh Kasevich","TOR",2,7,6,2,1,0,0,0,1,1,0,0,1,0,0,0,,0,0,0.238973,0.0687935,0.167188,0.411473,0.295008,0.319806,0.273934,0.614814,0.0808333,3.03401,0.279683,-0.00110433,-0.00694065,0.604765,-0.222339,73.8503,-0.00804498,-0.0682914,-0.22378841880708933,0.0067086294293403625,0.00244003,999,,,,,,,5.2,2.6,5.2,2.6,,,,,,,,,,,,,,,,,,,"Josh Kasevich","sa3020203",688460
"Nelson Quiroz","LAD",0,1,1,0,0,0,0,0,0,0,0,0,0,0,0,0,,0,0,0.240929,0.0663629,0.171001,0.388085,0.294437,0.351794,0.284541,0.646231,0.110865,2.87676,0.276859,,-0.00128726,0.0950071,-0.0231506,81.0142,-0.00128726,0.014259,-0.02378937869798392,0.01425904966890812,0.00242889,999,,,,,,,-1,,-1,,,,,,,,,,,,,,,,,,,,"Nelson Quiroz","sa3009565",685716
"Phil Clarke",,0,1,1,0,0,0,0,0,0,0,0,0,0,0,0,0,,0,0,0.22639,0.0949302,0.164603,0.576723,0.312077,0.312385,0.282928,0.624462,0.085995,2.45802,0.263196,,-0.00144317,0.0936973,-0.0244604,80.0459,-0.00144317,0.014259,-0.024961366201750934,0.01425904966890812,0.00242645,999,,,,,,,-1,,-1,,,,,,,,,,,,,,,,,,,,"Phil Clarke","sa3011379",671287
"Edinson Duran","NYY",0,1,1,0,0,0,0,0,0,0,0,0,0,0,0,0,,0,0,0.222335,0.0621278,0.247517,0.251004,0.2836,0.354356,0.280842,0.637956,0.132021,4.77529,0.276488,,-0.00039784,0.0920039,-0.0261538,79.1337,-0.00039784,0.014259,-0.024991183512611315,0.01425904966890812,0.0024234,999,,,,,,,-1,,-1,,,,,,,,,,,,,,,,,,,,"Edinson Duran","sa3016561",702750
"David Martin","ARI",0,1,1,0,0,0,0,0,0,0,0,0,0,0,0,0,,0,0,0.229903,0.0869899,0.204436,0.425513,0.310902,0.329983,0.287938,0.640885,0.100079,2.33122,0.279844,,-0.00237972,0.0977648,-0.0203929,81.8475,-0.00237972,0.014259,-0.023894174955785275,0.01425904966890812,0.00241817,999,,,,,,,-1,,-1,,,,,,,,,,,,,,,,,,,,"David Martin","sa3019824",688808
"Niko Goodrum",,0,1,1,0,0,0,0,0,0,0,0,0,0,0,0,0,,0,0,0.214074,0.109266,0.285621,0.382557,0.305054,0.334108,0.28657,0.639161,0.120034,5.07688,0.288891,,0.000048319,0.0966539,-0.0215038,85.1955,0.000048319,0.00784248,-0.017498027391411597,0.007842478342354298,0.00241608,999,,,,,,,-1,,-1,,,,,,,,,,,,,,,,,,,,"Niko Goodrum","12092",592348
"Yasmil Bucce","BAL",0,1,1,0,0,0,0,0,0,0,0,0,0,0,0,0,,0,0,0.203034,0.111038,0.313572,0.354106,0.298569,0.32694,0.281392,0.62551,0.123906,2.9585,0.285051,,-0.00142078,0.0924502,-0.0257075,79.8285,-0.00142078,0.014259,-0.02519521478097886,0.01425904966890812,0.00240252,999,,,,,,,-1,,-1,,,,,,,,,,,,,,,,,,,,"Yasmil Bucce","sa3015739",698935
"Stephen Scott",,0,1,1,0,0,0,0,0,0,0,0,0,0,0,0,0,,0,0,0.215886,0.0855986,0.252043,0.339619,0.288527,0.35505,0.284047,0.643578,0.139164,4.41407,0.268644,,-0.00162553,0.0946056,-0.0235521,79.9622,-0.00162553,0.014259,-0.025242458912543952,0.01425904966890812,0.00239769,999,,,,,,,-1,,-1,,,,,,,,,,,,,,,,,,,,"Stephen Scott","sa3011469",679663
"Chris Williams",,0,1,1,0,0,0,0,0,0,0,0,0,0,0,0,0,,0,0,0.195641,0.101766,0.329007,0.309312,0.282759,0.347421,0.279716,0.630181,0.15178,3.29782,0.266004,,-0.00109184,0.0910898,-0.0270679,80.5009,-0.00109184,0.014259,-0.02420233900193125,0.01425904966890812,0.00238664,999,,,,,,,-1,,-1,,,,,,,,,,,,,,,,,,,,"Chris Williams","sa3007028",675910
"Kala'i Rosario","MIN",0,1,1,0,0,0,0,0,0,0,0,0,0,0,0,0,,0,0,0.218093,0.0909107,0.3252,0.279553,0.294146,0.386074,0.297514,0.680219,0.167981,4.7273,0.299055,,-0.0018025,0.10554,-0.0126178,88.7322,-0.0018025,0.00393692,-0.015082944417372346,0.003936924040317535,0.00238105,999,,,,,,,-1,,-1,,,,,,,,,,,,,,,,,,,,"Kala'i Rosario","sa3015199",693850
"Kyle Lodise","CHW",0,1,1,0,0,0,0,0,0,0,0,0,0,0,0,0,,0,0,0.22637,0.0869028,0.234614,0.370408,0.303844,0.370163,0.297324,0.674007,0.143793,4.98288,0.273426,,0.00101636,0.105386,-0.0127719,89.1022,0.00101636,0.000657342,-0.011828012764453888,0.0006573420250788331,0.00237853,999,,,,,,,-1,,-1,,,,,,,,,,,,,,,,,,,,"Kyle Lodise","sa3059833",827517
"Juan Sulbaran","TEX",0,1,1,0,0,0,0,0,0,0,0,0,0,0,0,0,,0,0,0.227417,0.0480863,0.249299,0.192886,0.278554,0.361502,0.280329,0.640056,0.134085,3.23704,0.281868,,-0.00082073,0.0915876,-0.0265701,79.0577,-0.00082073,0.014259,-0.02550366020295769,0.01425904966890812,0.00237097,999,,,,,,,-1,,-1,,,,,,,,,,,,,,,,,,,,"Juan Sulbaran","sa3021851",808368
"Cam Cannarella","MIA",0,1,1,0,0,0,0,0,0,0,0,0,0,0,0,0,,0,0,0.231129,0.0687626,0.246162,0.279339,0.288658,0.354291,0.282748,0.642949,0.123162,4.59965,0.292158,,-0.00118934,0.0935509,-0.0246068,77.9353,-0.00118934,0.0170553,-0.02734057663474232,0.017055250704288483,0.00235164,999,,,,,,,-1,,-1,,,,,,,,,,,,,,,,,,,,"Cam Cannarella","sa3028360",703448
"David Villar",,0,1,1,0,0,0,0,0,0,0,0,0,0,0,0,0,,0,0,0.219861,0.0929386,0.279197,0.332878,0.303252,0.36775,0.296671,0.671002,0.147889,2.01091,0.28226,,-0.0019006,0.104855,-0.0133022,92.1155,-0.0019006,0.000954786,-0.011245413450524211,0.0009547860245220363,0.0023511,999,,,,,,,-1,,-1,,,,,,,,,,,,,,,,,,,,"David Villar","24782",681584
"Luca Tresh","KCR",0,1,1,0,0,0,0,0,0,0,0,0,0,0,0,0,,0,0,0.228424,0.0704194,0.234313,0.300536,0.284755,0.373429,0.287408,0.658184,0.145005,2.98032,0.274701,,-0.00166989,0.097335,-0.0208227,79.512,-0.00166989,0.014259,-0.025817395886406302,0.01425904966890812,0.00233887,999,,,,,,,-1,,-1,,,,,,,,,,,,,,,,,,,,"Luca Tresh","sa3017394",681123
"Carlos Mendoza","TOR",0,1,1,0,0,0,0,0,0,0,0,0,0,0,0,0,,0,0,0.231306,0.11018,0.185061,0.595371,0.330979,0.321634,0.296537,0.652614,0.0903282,4.56521,0.278903,,-0.00126821,0.104747,-0.0134109,89.4209,-0.00126821,0.00213886,-0.013736860593780875,0.002138857962563634,0.00233481,999,,,,,,,-1,,-1,,,,,,,,,,,,,,,,,,,,"Carlos Mendoza","sa3008944",685332
"Jacob Reimer","NYM",0,1,1,0,0,0,0,0,0,0,0,0,0,0,0,0,,0,0,0.228437,0.0877491,0.251145,0.349397,0.310676,0.370854,0.301248,0.68153,0.142417,3.41577,0.286014,,-0.00221989,0.108572,-0.0095861,95.2509,-0.00221989,-0.00262224,-0.007848579436540604,-0.0026222390588372946,0.00233267,999,,,,,,,-1,,-1,,,,,,,,,,,,,,,,,,,,"Jacob Reimer","sa3020416",702544
"Carlos Gutierrez","SFG",0,1,1,0,0,0,0,0,0,0,0,0,0,0,0,0,,0,0,0.240579,0.0743295,0.221132,0.336131,0.303336,0.350671,0.289254,0.654007,0.110092,5.94843,0.298801,,0.00198692,0.0988333,-0.0193245,86.1266,0.00198692,0.00393692,-0.014455925906077027,0.003936924040317535,0.00232774,999,,,,,,,-1,,-1,,,,,,,,,,,,,,,,,,,,"Carlos Gutierrez","sa3022336",806872
"Jackson Appel","CHW",0,1,1,0,0,0,0,0,0,0,0,0,0,0,0,0,,0,0,0.218582,0.101083,0.219842,0.459798,0.310534,0.312358,0.282582,0.622892,0.0937761,2.85694,0.274455,,-0.00114118,0.0934168,-0.0247409,78.9471,-0.00114118,0.014259,-0.025954500306397676,0.01425904966890812,0.00232484,999,,,,,,,-1,,-1,,,,,,,,,,,,,,,,,,,,"Jackson Appel","sa3025367",815096
"Franklin Arias","BOS",0,1,1,0,0,0,0,0,0,0,0,0,0,0,0,0,,0,0,0.255332,0.0556209,0.181881,0.305809,0.299721,0.384661,0.298217,0.684382,0.129329,3.37534,0.294774,,-0.00223672,0.10611,-0.0120474,85.778,-0.00223672,0.0072165,-0.018998999381437898,0.007216504774987698,0.00231593,999,,,,,,,-1,,-1,,,,,,,,,,,,,,,,,,,,"Franklin Arias","sa3021845",808265
"Cooper Pratt","MIL",0,1,1,0,0,0,0,0,0,0,0,0,0,0,0,0,,0,0,0.225231,0.0851448,0.224293,0.379614,0.299764,0.344939,0.286547,0.644703,0.119708,5.35419,0.275827,,0.00263508,0.0966356,-0.0215221,82.6336,0.00263508,0.0072165,-0.017947657266631722,0.007216504774987698,0.00230603,999,,,,,,,-1,,-1,,,,,,,,,,,,,,,,,,,,"Cooper Pratt","sa3022867",806198
"Josh Breaux","CHW",0,1,1,0,0,0,0,0,0,0,0,0,0,0,0,0,,0,0,0.222149,0.0613002,0.292406,0.209641,0.273897,0.383808,0.285454,0.657705,0.161659,3.65035,0.283729,,-0.00083792,0.0957484,-0.0224093,79.52,-0.00083792,0.014259,-0.025111013848800212,0.01425904966890812,0.00229367,999,,,,,,,-1,,-1,,,,,,,,,,,,,,,,,,,,"Josh Breaux","sa3008051",677007
"Jud Fabian","BAL",0,1,1,0,0,0,0,0,0,0,0,0,0,0,0,0,,0,0,0.197713,0.107945,0.33436,0.32284,0.288671,0.348533,0.283287,0.637204,0.150819,4.06982,0.273937,,-0.000334374,0.0939892,-0.0241685,81.1343,-0.000334374,0.0104961,-0.022569845983525738,0.010496087372303009,0.00228613,999,,,,,,,-1,,-1,,,,,,,,,,,,,,,,,,,,"Jud Fabian","sa3019942",682983
"Bo Davidson","SFG",0,1,1,0,0,0,0,0,0,0,0,0,0,0,0,0,,0,0,0.231325,0.0869038,0.279382,0.311058,0.299616,0.376343,0.296009,0.675959,0.145018,6.03972,0.303933,,-0.000705078,0.104318,-0.01384,90.7541,-0.000705078,0.000657342,-0.011663435259833932,0.0006573420250788331,0.0022779,999,,,,,,,-1,,-1,,,,,,,,,,,,,,,,,,,,"Bo Davidson","sa3022706",815589
"Francisco Espinoza","LAD",0,1,1,0,0,0,0,0,0,0,0,0,0,0,0,0,,0,0,0.224656,0.081701,0.23661,0.345299,0.291931,0.346918,0.282548,0.638849,0.122262,3.72131,0.278823,,-0.00115391,0.093389,-0.0247687,79.6489,-0.00115391,0.014259,-0.025274204672314227,0.01425904966890812,0.00227697,999,,,,,,,-1,,-1,,,,,,,,,,,,,,,,,,,,"Francisco Espinoza","sa3024357",821689
"Caleb Bonemer","CHW",0,1,1,0,0,0,0,0,0,0,0,0,0,0,0,0,,0,0,0.22292,0.0972678,0.270894,0.359062,0.304547,0.367214,0.296674,0.671761,0.144294,4.69295,0.287502,,0.000185685,0.104858,-0.0133001,88.654,0.000185685,0.000657342,-0.013186867916374467,0.0006573420250788331,0.0022395,999,,,,,,,-1,,-1,,,,,,,,,,,,,,,,,,,,"Caleb Bonemer","sa3067043",815352
"David Leon","CLE",0,1,1,0,0,0,0,0,0,0,0,0,0,0,0,0,,0,0,0.208557,0.105943,0.280132,0.378191,0.297017,0.326229,0.2799,0.623246,0.117672,2.52658,0.275718,,-0.00150902,0.0912391,-0.0269186,78.5412,-0.00150902,0.014259,-0.026800761464983225,0.01425904966890812,0.00223826,999,,,,,,,-1,,-1,,,,,,,,,,,,,,,,,,,,"David Leon","sa3016336",699235
"Michael Chavis","CIN",0,1,1,0,0,0,0,0,0,0,0,0,0,0,0,0,,0,0,0.239893,0.0567274,0.272435,0.208223,0.289807,0.41626,0.304645,0.706067,0.176367,4.21019,0.297955,,-0.00101745,0.111329,-0.00682839,89.3965,-0.00101745,0.00213886,-0.013584785861894488,0.002138857962563634,0.0022329,999,,,,,,,-1,,-1,,,,,,,,,,,,,,,,,,,,"Michael Chavis","17321",656308
"Corey Joyce","PIT",0,1,1,0,0,0,0,0,0,0,0,0,0,0,0,0,,0,0,0.214355,0.107225,0.264547,0.405313,0.314139,0.316784,0.286559,0.630923,0.102429,4.5073,0.287469,,-0.000201932,0.0966457,-0.021512,83.6798,-0.000201932,0.00784248,-0.019544742215657607,0.007842478342354298,0.00220667,999,,,,,,,-1,,-1,,,,,,,,,,,,,,,,,,,,"Corey Joyce","sa3010596",687144
"Harold Castro",,0,1,1,0,0,0,0,0,0,0,0,0,0,0,0,0,,0,0,0.251449,0.0471779,0.207177,0.227717,0.289688,0.384054,0.292749,0.673741,0.132605,3.61924,0.29546,,-0.000895533,0.101671,-0.0164869,83.1907,-0.000895533,0.00784248,-0.020707228395622224,0.007842478342354298,0.00220521,999,,,,,,,-1,,-1,,,,,,,,,,,,,,,,,,,,"Harold Castro","14691",605612
"Ryan Ignoffo","MIA",0,1,1,0,0,0,0,0,0,0,0,0,0,0,0,0,,0,0,0.245623,0.0520017,0.198847,0.261517,0.284046,0.376485,0.286867,0.660531,0.130862,4.55942,0.288478,,0.000542933,0.0968954,-0.0212623,80.7572,0.000542933,0.0104961,-0.02226376556791365,0.010496087372303009,0.00219998,999,,,,,,,-1,,-1,,,,,,,,,,,,,,,,,,,,"Ryan Ignoffo","sa3022573",813883
"Buddy Kennedy","SFG",0,1,1,0,0,0,0,0,0,0,0,0,0,0,0,0,,0,0,0.235253,0.0936253,0.200774,0.466321,0.317002,0.346979,0.296244,0.66398,0.111726,3.32322,0.284636,,-0.00193634,0.104509,-0.0136488,90.9154,-0.00193634,0.000929975,-0.012703496380709112,0.0009299750090576708,0.00219938,999,,,,,,,-1,,-1,,,,,,,,,,,,,,,,,,,,"Buddy Kennedy","22505",671083
"Austin Shenton",,0,1,1,0,0,0,0,0,0,0,0,0,0,0,0,0,,0,0,0.207273,0.0985955,0.317093,0.310936,0.290772,0.362587,0.288422,0.653359,0.155313,1.73609,0.279121,,-0.00164579,0.0981577,-0.02,89.7581,-0.00164579,0.000712953,-0.013717021443881094,0.0007129529840312898,0.00219095,999,,,,,,,-1,,-1,,,,,,,,,,,,,,,,,,,,"Austin Shenton","25425",668853
"Deniel Ortiz","STL",0,1,1,0,0,0,0,0,0,0,0,0,0,0,0,0,,0,0,0.2245,0.0889544,0.300961,0.295568,0.300977,0.359367,0.292227,0.660344,0.134868,4.91093,0.304464,,0.00168719,0.101247,-0.0169107,87.9178,0.00168719,0.000712953,-0.012632681173272431,0.0007129529840312898,0.00218442,999,,,,,,,-1,,-1,,,,,,,,,,,,,,,,,,,,"Deniel Ortiz","sa3066597",811765
"Drew Cavanaugh","SFG",0,1,1,0,0,0,0,0,0,0,0,0,0,0,0,0,,0,0,0.207688,0.0945495,0.314815,0.300334,0.296448,0.323083,0.278836,0.619531,0.115396,3.29574,0.293989,,-0.00128231,0.0903753,-0.0277824,78.9903,-0.00128231,0.014259,-0.02618315175641328,0.01425904966890812,0.00218398,999,,,,,,,-1,,-1,,,,,,,,,,,,,,,,,,,,"Drew Cavanaugh","sa3022682",701852
"Ethan Salas","SDP",0,1,1,0,0,0,0,0,0,0,0,0,0,0,0,0,,0,0,0.213745,0.0792212,0.250089,0.316771,0.279732,0.337306,0.272985,0.617038,0.123561,3.83688,0.268502,,-0.000931351,0.0856244,-0.0325333,76.3271,-0.000931351,0.0170553,-0.028988635807763785,0.017055250704288483,0.00218303,999,,,,,,,-1,,-1,,,,,,,,,,,,,,,,,,,,"Ethan Salas","sa3020881",806956
"Kyler Fedko","MIN",0,1,1,0,0,0,0,0,0,0,0,0,0,0,0,0,,0,0,0.219194,0.103362,0.25221,0.409827,0.304443,0.358758,0.294254,0.663201,0.139564,4.47423,0.272862,,0.000684821,0.102893,-0.0152643,86.4868,0.000684821,0.00213886,-0.015242104884237051,0.002138857962563634,0.0021808,999,,,,,,,-1,,-1,,,,,,,,,,,,,,,,,,,,"Kyler Fedko","sa3017561",693459
"José Mejía","ARI",0,1,1,0,0,0,0,0,0,0,0,0,0,0,0,0,,0,0,0.233882,0.0864022,0.218434,0.395552,0.310792,0.364641,0.298828,0.675433,0.130759,4.28734,0.284252,,-0.00146273,0.106606,-0.0115513,89.3075,-0.00146273,0.00213886,-0.014135527424514294,0.002138857962563634,0.00217655,999,,,,,,,-1,,-1,,,,,,,,,,,,,,,,,,,,"Jose Mejia","sa3021169",808090
"Ben Hartl","TEX",0,1,1,0,0,0,0,0,0,0,0,0,0,0,0,0,,0,0,0.212004,0.0660038,0.281717,0.234291,0.299866,0.317078,0.279329,0.616944,0.105075,2.7712,0.288166,,-0.00194163,0.0907751,-0.0273826,78.3683,-0.00194163,0.014259,-0.027437103912234306,0.01425904966890812,0.00217315,999,,,,,,,-1,,-1,,,,,,,,,,,,,,,,,,,,"Ben Hartl","sa3025364",803015
"Rudy Martin","KCR",0,1,1,0,0,0,0,0,0,0,0,0,0,0,0,0,,0,0,0.2318,0.085168,0.2406,0.353982,0.301075,0.357034,0.290672,0.658109,0.125234,6.88292,0.291327,,0.00614707,0.0999845,-0.0181732,81.7599,0.00614707,0.00213886,-0.015350979287177324,0.002138857962563634,0.00216967,999,,,,,,,-1,,-1,,,,,,,,,,,,,,,,,,,,"Rudy Martin","sa829374",657675
"Ryan Noda","BAL",0,1,1,0,0,0,0,0,0,0,0,0,0,0,0,0,,0,0,0.194927,0.146555,0.33637,0.435697,0.327962,0.352378,0.307242,0.68034,0.157451,3.47221,0.277089,,-0.000674561,0.113438,-0.00471954,97.6358,-0.000674561,-0.00975319,-0.0034610236762091517,-0.009753189980983734,0.00216945,999,,,,,,,-1,,-1,,,,,,,,,,,,,,,,,,,,"Ryan Noda","23312",676116
"Luis Lara","MIL",0,1,1,0,0,0,0,0,0,0,0,0,0,0,0,0,,0,0,0.226212,0.088611,0.215208,0.411746,0.304837,0.319608,0.280745,0.624446,0.0933968,5.66509,0.283919,,0.00270438,0.0919251,-0.0262326,78.6592,0.00270438,0.0104961,-0.022588882595300674,0.010496087372303009,0.00216672,999,,,,,,,-1,,-1,,,,,,,,,,,,,,,,,,,,"Luis Lara","sa3018514",800325
"Connor Charping","SEA",0,1,1,0,0,0,0,0,0,0,0,0,0,0,0,0,,0,0,0.208051,0.0912717,0.242149,0.376924,0.300204,0.286893,0.269077,0.587098,0.0788422,4.58917,0.272744,,0.000260772,0.0824516,-0.0357061,76.4323,0.000260772,0.014259,-0.02751650265417993,0.01425904966890812,0.00216503,999,,,,,,,-1,,-1,,,,,,,,,,,,,,,,,,,,"Connor Charping","sa3020014",806464
"Juan Ortega","BAL",0,1,1,0,0,0,0,0,0,0,0,0,0,0,0,0,,0,0,0.210595,0.0815383,0.294183,0.277168,0.283031,0.340276,0.276331,0.623308,0.129682,5.28073,0.28119,,0.000266121,0.0883408,-0.0298169,76.3419,0.000266121,0.014259,-0.027617671759799123,0.01425904966890812,0.00215468,999,,,,,,,-1,,-1,,,,,,,,,,,,,,,,,,,,"Juan Ortega","sa3021239",808302
"J.D. Davis",,0,1,1,0,0,0,0,0,0,0,0,0,0,0,0,0,,0,0,0.226289,0.0809781,0.311797,0.259714,0.297088,0.382964,0.297963,0.680052,0.156675,3.62187,0.303814,,-0.000960501,0.105904,-0.0122537,88.6209,-0.000960501,0.000918283,-0.014372060599271208,0.0009182830108329654,0.00214494,999,,,,,,,-1,,-1,,,,,,,,,,,,,,,,,,,,"J.D. Davis","16219",605204
"Emmanuel Rivera",,0,1,1,0,0,0,0,0,0,0,0,0,0,0,0,0,,0,0,0.241402,0.0687428,0.219869,0.312654,0.29991,0.362957,0.291695,0.662867,0.121555,3.63964,0.293874,,-0.000916645,0.100816,-0.017342,86.9263,-0.000916645,0.00285181,-0.016325562202837318,0.00285181007348001,0.0021429,999,,,,,,,-1,,-1,,,,,,,,,,,,,,,,,,,,"Emmanuel Rivera","19890",656896
"Andrew Pinckney","WSN",0,1,1,0,0,0,0,0,0,0,0,0,0,0,0,0,,0,0,0.238601,0.0603614,0.2925,0.206363,0.297398,0.36921,0.292823,0.666609,0.13061,5.97348,0.32099,,0.00177439,0.101731,-0.0164266,86.1983,0.00177439,0.00213886,-0.014583431766368449,0.002138857962563634,0.00213073,999,,,,,,,-1,,-1,,,,,,,,,,,,,,,,,,,,"Andrew Pinckney","sa3022670",687605
"Cooper Hummel",,0,1,1,0,0,0,0,0,0,0,0,0,0,0,0,0,,0,0,0.220882,0.126886,0.264687,0.479383,0.329738,0.366466,0.310495,0.696204,0.145584,5.25375,0.287183,,-0.00108651,0.116079,-0.00207889,97.5497,-0.00108651,-0.00962144,-0.003974510356783867,-0.009621436707675457,0.0021304,999,,,,,,,-1,,-1,,,,,,,,,,,,,,,,,,,,"Cooper Hummel","19458",669450
"Dauri Fernandez","CLE",0,1,1,0,0,0,0,0,0,0,0,0,0,0,0,0,,0,0,0.235371,0.05779,0.227797,0.253691,0.283048,0.375346,0.286663,0.658394,0.139975,5.78754,0.282623,,0.00215302,0.09673,-0.0214277,83.1999,0.00215302,0.00393692,-0.017647833563387394,0.003936924040317535,0.00211863,999,,,,,,,-1,,-1,,,,,,,,,,,,,,,,,,,,"Dauri Fernandez","sa3024327",821171
"Johanfran Garcia","BOS",0,1,1,0,0,0,0,0,0,0,0,0,0,0,0,0,,0,0,0.226235,0.0559798,0.303879,0.184217,0.279956,0.374199,0.285617,0.654155,0.147965,2.92456,0.299856,,-0.00100025,0.0958809,-0.0222768,77.0988,-0.00100025,0.014259,-0.027991974377073348,0.01425904966890812,0.00211638,999,,,,,,,-1,,-1,,,,,,,,,,,,,,,,,,,,"Johanfran Garcia","sa3018424",703190
"Victor Leal","MIN",0,1,1,0,0,0,0,0,0,0,0,0,0,0,0,0,,0,0,0.216157,0.0946106,0.250216,0.378115,0.297451,0.330969,0.281147,0.62842,0.114812,3.51042,0.275672,,-0.00150332,0.0922516,-0.0259061,77.4577,-0.00150332,0.014259,-0.028072063578292727,0.01425904966890812,0.00210819,999,,,,,,,-1,,-1,,,,,,,,,,,,,,,,,,,,"Victor Leal","sa3023948",821523
"Blake Sabol","TBR",0,1,1,0,0,0,0,0,0,0,0,0,0,0,0,0,,0,0,0.21225,0.0836505,0.305797,0.273549,0.285089,0.345683,0.279289,0.630772,0.133433,4.51878,0.28757,,0.000104498,0.0907428,-0.0274149,76.0533,0.000104498,0.0142305,-0.028119463619077578,0.014230531640350819,0.00210042,999,,,,,,,-1,,-1,,,,,,,,,,,,,,,,,,,,"Blake Sabol","25805",666165
"Jared Oliva","SFG",0,1,1,0,0,0,0,0,0,0,0,0,0,0,0,0,,0,0,0.228937,0.0614244,0.239999,0.255936,0.286949,0.351945,0.281166,0.638894,0.123008,7.66057,0.287101,,0.00807745,0.0922668,-0.0258909,80.5863,0.00807745,0.00213886,-0.014931848272681236,0.002138857962563634,0.00209508,999,,,,,,,-1,,-1,,,,,,,,,,,,,,,,,,,,"Jared Oliva","19968",666931
"Chris Arroyo","MIA",0,1,1,0,0,0,0,0,0,0,0,0,0,0,0,0,,0,0,0.231904,0.0736303,0.255987,0.287633,0.296289,0.370569,0.292625,0.666857,0.138665,6.11557,0.295444,,0.00124703,0.101571,-0.0165871,84.7018,0.00124703,0.00393692,-0.01688445603940636,0.003936924040317535,0.00207927,999,,,,,,,-1,,-1,,,,,,,,,,,,,,,,,,,,"Chris Arroyo","sa3026239",701360
"Zach Ehrhard","LAD",0,1,1,0,0,0,0,0,0,0,0,0,0,0,0,0,,0,0,0.226943,0.0889969,0.234182,0.380033,0.305333,0.356151,0.293427,0.661484,0.129208,5.13297,0.280567,,0.00256943,0.102221,-0.0159363,82.4785,0.00256943,0.00393692,-0.018081759568303823,0.003936924040317535,0.00207424,999,,,,,,,-1,,-1,,,,,,,,,,,,,,,,,,,,"Zach Ehrhard","sa3025247",701394
"Nolan Sailors","KCR",0,1,1,0,0,0,0,0,0,0,0,0,0,0,0,0,,0,0,0.228868,0.0898622,0.240212,0.374096,0.307987,0.351321,0.29309,0.659308,0.122454,6.47498,0.29021,,0.00318194,0.101948,-0.0162095,83.426,0.00318194,0.00213886,-0.0163524248637259,0.002138857962563634,0.0020672,999,,,,,,,-1,,-1,,,,,,,,,,,,,,,,,,,,"Nolan Sailors","sa3041417",823073
"Daz Cameron","MIL",0,1,1,0,0,0,0,0,0,0,0,0,0,0,0,0,,0,0,0.23174,0.0800963,0.272402,0.294037,0.301054,0.403538,0.306423,0.704592,0.171798,5.83982,0.290583,,0.00232506,0.112773,-0.00538456,96.2494,0.00232506,-0.0110061,-0.0021201432682573795,-0.011006103828549385,0.00206098,999,,,,,,,-1,,-1,,,,,,,,,,,,,,,,,,,,"Daz Cameron","18353",663662
"Braiden Ward","BOS",0,1,1,0,0,0,0,0,0,0,0,0,0,0,0,0,,0,0,0.227666,0.061688,0.23628,0.26108,0.315395,0.315302,0.28644,0.630698,0.0876361,8.01416,0.299588,,0.00990727,0.096549,-0.0216087,77.6657,0.00990727,0.00213886,-0.016416273079812527,0.002138857962563634,0.00206067,999,,,,,,,-1,,-1,,,,,,,,,,,,,,,,,,,,"Braiden Ward","sa3017332",685274
"Ricardo Olivar","MIN",0,1,1,0,0,0,0,0,0,0,0,0,0,0,0,0,,0,0,0.232588,0.09062,0.250557,0.361674,0.308371,0.369855,0.299285,0.678226,0.137267,3.95143,0.292635,,-0.000124559,0.106977,-0.0111804,89.9518,-0.000124559,-0.00262224,-0.011967543949140236,-0.0026222390588372946,0.00202871,999,,,,,,,-1,,-1,,,,,,,,,,,,,,,,,,,,"Ricardo Olivar","sa3015234",691627
"Jesús Made","MIL",0,1,1,0,0,0,0,0,0,0,0,0,0,0,0,0,,0,0,0.223002,0.0807739,0.279034,0.289477,0.287319,0.34762,0.280025,0.634939,0.124617,6.09932,0.296548,,0.00192891,0.0913403,-0.0268174,78.1658,0.00192891,0.0104961,-0.023949151509441435,0.010496087372303009,0.00202755,999,,,,,,,-1,,-1,,,,,,,,,,,,,,,,,,,,"Jesus Made","sa3024108",815908
"Nick Maton",,0,1,1,0,0,0,0,0,0,0,0,0,0,0,0,0,,0,0,0.21644,0.108977,0.255509,0.42651,0.309785,0.353284,0.295583,0.663069,0.136844,2.92772,0.272963,,-0.00232394,0.103972,-0.0141858,87.9026,-0.00232394,0.0018514,-0.016582176322117448,0.0018513950053602457,0.00201429,999,,,,,,,-1,,-1,,,,,,,,,,,,,,,,,,,,"Nick Maton","21635",665155
"Pedro Ramirez","CHC",0,1,1,0,0,0,0,0,0,0,0,0,0,0,0,0,,0,0,0.242832,0.0607404,0.212508,0.285827,0.293732,0.358384,0.286134,0.652116,0.115552,5.58857,0.295991,,-0.00112911,0.0963004,-0.0218573,83.3885,-0.00112911,0.0072165,-0.02081718819681555,0.007216504774987698,0.00201244,999,,,,,,,-1,,-1,,,,,,,,,,,,,,,,,,,,"Pedro Ramirez","sa3015834",699393
"Austin Overn","TBR",0,1,1,0,0,0,0,0,0,0,0,0,0,0,0,0,,0,0,0.210238,0.0901933,0.314223,0.287036,0.287234,0.340571,0.278666,0.627806,0.130333,7.22295,0.292617,,0.00674877,0.0902372,-0.0279205,75.6243,0.00674877,0.0072165,-0.021980807650834322,0.007216504774987698,0.00201086,999,,,,,,,-1,,-1,,,,,,,,,,,,,,,,,,,,"Austin Overn","sa3025408",702556
"Yohendrick Pinango","TOR",0,1,1,0,0,0,0,0,0,0,0,0,0,0,0,0,,0,0,0.238546,0.0826344,0.220058,0.375512,0.303411,0.375797,0.297781,0.679208,0.137251,4.18772,0.289128,,-0.000737371,0.105757,-0.0124011,90.2776,-0.000737371,-0.00262224,-0.01219630753621459,-0.0026222390588372946,0.00200531,999,,,,,,,-1,,-1,,,,,,,,,,,,,,,,,,,,"Yohendrick Pinango","sa3009539",682818
"Josh Springer","TEX",0,1,1,0,0,0,0,0,0,0,0,0,0,0,0,0,,0,0,0.230333,0.0572364,0.188141,0.30422,0.281372,0.347229,0.276464,0.628601,0.116896,2.57148,0.266072,,-0.00160721,0.0884491,-0.0297086,76.3948,-0.00160721,0.014259,-0.0294286540010944,0.01425904966890812,0.00196939,999,,,,,,,-1,,-1,,,,,,,,,,,,,,,,,,,,"Josh Springer","sa3067323",807256
"Nick Hollifield","WSN",0,1,1,0,0,0,0,0,0,0,0,0,0,0,0,0,,0,0,0.220014,0.0896062,0.239187,0.374628,0.294744,0.331302,0.27931,0.626045,0.111288,3.27973,0.276208,,-0.00100547,0.0907598,-0.0273979,76.9415,-0.00100547,0.014259,-0.028334613074548542,0.01425904966890812,0.00196386,999,,,,,,,-1,,-1,,,,,,,,,,,,,,,,,,,,"Nick Hollifield","sa3033990",824753
"Josue De Paula","LAD",0,1,1,0,0,0,0,0,0,0,0,0,0,0,0,0,,0,0,0.217662,0.120607,0.257363,0.468626,0.315851,0.343037,0.295534,0.658887,0.125374,4.61058,0.27904,,0.00189898,0.103932,-0.0142255,88.5446,0.00189898,-0.00262224,-0.011678092065267265,-0.0026222390588372946,0.00194086,999,,,,,,,-1,,-1,,,,,,,,,,,,,,,,,,,,"Josue De Paula","sa3018591",800543
"Bobby Dalbec",,0,1,1,0,0,0,0,0,0,0,0,0,0,0,0,0,,0,0,0.214025,0.0778754,0.364757,0.2135,0.282347,0.388551,0.292321,0.670898,0.174526,4.60321,0.305783,,0.000336027,0.101324,-0.0168342,86.589,0.000336027,0.00118008,-0.015558821469312534,0.0011800789507105947,0.00193284,999,,,,,,,-1,,-1,,,,,,,,,,,,,,,,,,,,"Bobby Dalbec","19966",666915
"Sabin Ceballos","SFG",0,1,1,0,0,0,0,0,0,0,0,0,0,0,0,0,,0,0,0.228114,0.0777337,0.226657,0.342957,0.298328,0.334512,0.282114,0.63284,0.106398,1.95257,0.284294,,-0.00280102,0.0930367,-0.025121,81.2359,-0.00280102,0.0104961,-0.025040413485839963,0.010496087372303009,0.0019159,999,,,,,,,-1,,-1,,,,,,,,,,,,,,,,,,,,"Sabin Ceballos","sa3022500",694754
"Jack Blomgren","HOU",0,1,1,0,0,0,0,0,0,0,0,0,0,0,0,0,,0,0,0.21077,0.095273,0.26267,0.36271,0.303152,0.317581,0.280716,0.620733,0.106811,5.4025,0.27801,,0.00174055,0.0919011,-0.0262566,78.4936,0.00174055,0.00784248,-0.023607264505699277,0.007842478342354298,0.0019085,999,,,,,,,-1,,-1,,,,,,,,,,,,,,,,,,,,"Jack Blomgren","sa3014825",685076
"Samuel Zavala","CHW",0,1,1,0,0,0,0,0,0,0,0,0,0,0,0,0,,0,0,0.21172,0.11337,0.262388,0.43207,0.304982,0.335881,0.287463,0.640863,0.124161,3.10606,0.272011,,-0.0021795,0.0973792,-0.0207786,82.3089,-0.0021795,0.0072165,-0.023030492244288325,0.007216504774987698,0.00190346,999,,,,,,,-1,,-1,,,,,,,,,,,,,,,,,,,,"Samuel Zavala","sa3015718",694214
"Andy Yerzy","STL",0,1,1,0,0,0,0,0,0,0,0,0,0,0,0,0,,0,0,0.207336,0.0847409,0.282802,0.299647,0.282229,0.339318,0.275911,0.621547,0.131982,2.90474,0.268505,,-0.00139849,0.088,-0.0301577,76.7409,-0.00139849,0.014259,-0.02896537957713008,0.01425904966890812,0.00189932,999,,,,,,,-1,,-1,,,,,,,,,,,,,,,,,,,,"Andy Yerzy","sa917939",647378
"Tomas Frick","NYY",0,1,1,0,0,0,0,0,0,0,0,0,0,0,0,0,,0,0,0.209704,0.0795011,0.257741,0.308453,0.287215,0.329498,0.275519,0.616713,0.119794,2.42121,0.266811,,-0.00123177,0.0876822,-0.0304755,75.467,-0.00123177,0.014259,-0.0301468251273036,0.01425904966890812,0.00189591,999,,,,,,,-1,,-1,,,,,,,,,,,,,,,,,,,,"Tomas Frick","sa3023485",694281
"Homer Bush Jr.","TBR",0,1,1,0,0,0,0,0,0,0,0,0,0,0,0,0,,0,0,0.233387,0.0621765,0.236413,0.262999,0.294367,0.322029,0.274878,0.616396,0.0886421,6.8389,0.301271,,0.00528199,0.0871616,-0.0309961,73.0148,0.00528199,0.0104961,-0.026523228734731674,0.010496087372303009,0.00188165,999,,,,,,,-1,,-1,,,,,,,,,,,,,,,,,,,,"Homer Bush Jr.","sa3022480",683344
"Marco Dinges","MIL",0,1,1,0,0,0,0,0,0,0,0,0,0,0,0,0,,0,0,0.223059,0.0955226,0.272701,0.350283,0.304756,0.372907,0.298846,0.677664,0.149848,2.43516,0.283465,,-0.0018396,0.106621,-0.0115363,91.059,-0.0018396,-0.00262224,-0.012436552322469652,-0.0026222390588372946,0.00186326,999,,,,,,,-1,,-1,,,,,,,,,,,,,,,,,,,,"Marco Dinges","sa3025495",701392
"Diomedes Hernandez","NYY",0,1,1,0,0,0,0,0,0,0,0,0,0,0,0,0,,0,0,0.216955,0.0698007,0.278924,0.25025,0.277021,0.348249,0.275194,0.625269,0.131293,3.61956,0.280079,,-0.00130204,0.0874178,-0.0307399,75.2426,-0.00130204,0.014259,-0.03048150590620935,0.01425904966890812,0.00186167,999,,,,,,,-1,,-1,,,,,,,,,,,,,,,,,,,,"Diomedes Hernandez","sa3018504",800299
"Pablo Reyes","SDP",0,1,1,0,0,0,0,0,0,0,0,0,0,0,0,0,,0,0,0.228851,0.0813963,0.203211,0.400551,0.295866,0.342966,0.283298,0.638832,0.114114,4.40947,0.271638,,-0.000278004,0.0939975,-0.0241602,83.3918,-0.000278004,0.0048823,-0.019962185062468052,0.0048822988756000996,0.0018611,999,,,,,,,-1,,-1,,,,,,,,,,,,,,,,,,,,"Pablo Reyes","16357",622569
"Kevin Parada","NYM",0,1,1,0,0,0,0,0,0,0,0,0,0,0,0,0,,0,0,0.208526,0.0734053,0.316354,0.232036,0.275607,0.345204,0.274018,0.620811,0.136678,2.8206,0.284809,,-0.00161066,0.086463,-0.0316947,76.5971,-0.00161066,0.014259,-0.029347989126108587,0.01425904966890812,0.00186017,999,,,,,,,-1,,-1,,,,,,,,,,,,,,,,,,,,"Kevin Parada","sa3020575",691006
"Rafael Escalante",,0,1,1,0,0,0,0,0,0,0,0,0,0,0,0,0,,0,0,0.210877,0.100018,0.264211,0.378553,0.295593,0.323708,0.277917,0.619301,0.112831,3.34932,0.276002,,-0.00148001,0.0896286,-0.0285291,75.2322,-0.00148001,0.014259,-0.030671750893816352,0.01425904966890812,0.00184221,999,,,,,,,-1,,-1,,,,,,,,,,,,,,,,,,,,"Rafael Escalante","sa3009322",683884
"Andrew Pintar","MIA",0,1,1,0,0,0,0,0,0,0,0,0,0,0,0,0,,0,0,0.228081,0.0714463,0.277415,0.257542,0.289615,0.34624,0.280637,0.635855,0.118159,6.06211,0.306122,,0.00204943,0.0918376,-0.0263201,76.4898,0.00204943,0.0104961,-0.025815054075792432,0.010496087372303009,0.00183664,999,,,,,,,-1,,-1,,,,,,,,,,,,,,,,,,,,"Andrew Pintar","sa3020715",801464
"José Barrero","BAL",0,1,1,0,0,0,0,0,0,0,0,0,0,0,0,0,,0,0,0.213809,0.0598229,0.319991,0.186952,0.274274,0.362742,0.279086,0.637017,0.148933,5.87403,0.290576,,0.00192282,0.0905784,-0.0275793,78.2404,0.00192282,0.00725386,-0.023723396356217563,0.007253863848745823,0.00183639,999,,,,,,,-1,,-1,,,,,,,,,,,,,,,,,,,,"Jose Barrero","23378",676480
"Alexander Albertus","CHW",0,1,1,0,0,0,0,0,0,0,0,0,0,0,0,0,,0,0,0.222295,0.101639,0.229722,0.442443,0.3069,0.332347,0.286707,0.639247,0.110052,2.80158,0.276358,,-0.00224056,0.0967656,-0.0213921,81.7884,-0.00224056,0.0072165,-0.02370509272441268,0.007216504774987698,0.00183444,999,,,,,,,-1,,-1,,,,,,,,,,,,,,,,,,,,"Alexander Albertus","sa3018950",800316
"Brandon Butterworth","BAL",0,1,1,0,0,0,0,0,0,0,0,0,0,0,0,0,,0,0,0.222062,0.0544687,0.25085,0.217136,0.273366,0.354434,0.274701,0.6278,0.132373,5.78098,0.278345,,0.000805152,0.087018,-0.0311397,77.503,0.000805152,0.0104961,-0.025858490669634193,0.010496087372303009,0.0018322,999,,,,,,,-1,,-1,,,,,,,,,,,,,,,,,,,,"Brandon Butterworth","sa3025264",822578
"Fenwick Trimble","MIA",0,1,1,0,0,0,0,0,0,0,0,0,0,0,0,0,,0,0,0.229557,0.0799209,0.236726,0.337609,0.299529,0.354379,0.289225,0.653908,0.124822,6.07268,0.28757,,0.00333861,0.0988102,-0.0193476,82.3727,0.00333861,0.00213886,-0.0175533639267087,0.002138857962563634,0.00182687,999,,,,,,,-1,,-1,,,,,,,,,,,,,,,,,,,,"Fenwick Trimble","sa3025202",814458
"Brian O'Keefe","SEA",0,1,1,0,0,0,0,0,0,0,0,0,0,0,0,0,,0,0,0.20213,0.0737126,0.287524,0.25637,0.26293,0.346392,0.267512,0.609322,0.144262,2.26923,0.254138,,-0.00178212,0.0811812,-0.0369765,75.3544,-0.00178212,0.014259,-0.03082980669569224,0.01425904966890812,0.00182603,999,,,,,,,-1,,-1,,,,,,,,,,,,,,,,,,,,"Brian O'Keefe","16680",657247
"Starlyn Caba","MIA",0,1,1,0,0,0,0,0,0,0,0,0,0,0,0,0,,0,0,0.210119,0.0994686,0.225706,0.4407,0.2893,0.297514,0.265222,0.586814,0.0873952,4.68868,0.263964,,0.00131135,0.0793216,-0.0388361,65.9295,0.00131135,0.0236144,-0.03906919504515827,0.023614412173628807,0.00182274,999,,,,,,,-1,,-1,,,,,,,,,,,,,,,,,,,,"Starlyn Caba","sa3021070",806965
"Abraham Toro","KCR",0,1,1,0,0,0,0,0,0,0,0,0,0,0,0,0,,0,0,0.243967,0.0747124,0.180942,0.412909,0.307728,0.376427,0.300465,0.684155,0.13246,4.04302,0.280578,,-0.000822191,0.107936,-0.0102222,88.506,-0.000822191,-0.00228145,-0.014369216631166637,-0.0022814481053501368,0.00181786,999,,,,,,,-1,,-1,,,,,,,,,,,,,,,,,,,,"Abraham Toro","19844",647351
"Khadim Diaw","MIN",0,1,1,0,0,0,0,0,0,0,0,0,0,0,0,0,,0,0,0.22531,0.0775468,0.240776,0.32207,0.311685,0.346473,0.294728,0.658159,0.121164,2.75356,0.282424,,-0.00182597,0.103278,-0.0148799,86.8129,-0.00182597,0.000657342,-0.01736846088897437,0.0006573420250788331,0.00181167,999,,,,,,,-1,,-1,,,,,,,,,,,,,,,,,,,,"Khadim Diaw","sa3025259",813715
"Cody Miller","ATL",0,1,1,0,0,0,0,0,0,0,0,0,0,0,0,0,,0,0,0.228542,0.0652189,0.290725,0.224332,0.285785,0.359906,0.283483,0.645691,0.131364,5.28864,0.304241,,0.00110861,0.094148,-0.0240097,79.3092,0.00110861,0.00784248,-0.02341424801852554,0.007842478342354298,0.00181078,999,,,,,,,-1,,-1,,,,,,,,,,,,,,,,,,,,"Cody Miller","sa3038041",811764
"Angel Genao","CLE",0,1,1,0,0,0,0,0,0,0,0,0,0,0,0,0,,0,0,0.245738,0.0619363,0.207843,0.297996,0.293404,0.364063,0.287686,0.657467,0.118325,3.77496,0.297481,,-0.00170424,0.0975605,-0.0205972,83.9045,-0.00170424,0.00393692,-0.020674644270911813,0.003936924040317535,0.00180895,999,,,,,,,-1,,-1,,,,,,,,,,,,,,,,,,,,"Angel Genao","sa3015706",694197
"Carlos Avila","LAD",0,1,1,0,0,0,0,0,0,0,0,0,0,0,0,0,,0,0,0.213945,0.0822544,0.269541,0.305165,0.285893,0.338023,0.277024,0.623916,0.124078,3.24708,0.2763,,-0.00126788,0.088904,-0.0292537,75.8647,-0.00126788,0.014259,-0.029873164021410048,0.01425904966890812,0.00180644,999,,,,,,,-1,,-1,,,,,,,,,,,,,,,,,,,,"Carlos Avila","sa3016161",699066
"Diego Castillo",,0,1,1,0,0,0,0,0,0,0,0,0,0,0,0,0,,0,0,0.234726,0.0942267,0.184591,0.51046,0.309497,0.34032,0.289829,0.649817,0.105595,2.86309,0.276215,,-0.00243694,0.0993,-0.0188577,81.1792,-0.00243694,0.00784248,-0.02461948711425066,0.007842478342354298,0.00180493,999,,,,,,,-1,,-1,,,,,,,,,,,,,,,,,,,,"Diego Castillo","19906",660636
"Juneiker Caceres","CLE",0,1,1,0,0,0,0,0,0,0,0,0,0,0,0,0,,0,0,0.229481,0.0753477,0.214329,0.351552,0.296487,0.355379,0.287952,0.651866,0.125897,3.18222,0.2758,,-0.00209169,0.0977763,-0.0203814,84.0876,-0.00209169,0.00393692,-0.02084627584554255,0.003936924040317535,0.00179139,999,,,,,,,-1,,-1,,,,,,,,,,,,,,,,,,,,"Juneiker Caceres","sa3024329",821181
"Zyhir Hope","LAD",0,1,1,0,0,0,0,0,0,0,0,0,0,0,0,0,,0,0,0.214176,0.096165,0.311974,0.308246,0.293538,0.356748,0.287732,0.650286,0.142572,4.09278,0.292111,,0.000204763,0.0975976,-0.0205601,83.1998,0.000204763,0.00393692,-0.01970692872419022,0.003936924040317535,0.00179049,999,,,,,,,-1,,-1,,,,,,,,,,,,,,,,,,,,"Zyhir Hope","sa3022703",814307
"LuJames Groover","ARI",0,1,1,0,0,0,0,0,0,0,0,0,0,0,0,0,,0,0,0.239315,0.0808312,0.193172,0.418441,0.30883,0.35068,0.292788,0.65951,0.111365,1.99589,0.283634,,-0.00213253,0.101703,-0.016455,85.1701,-0.00213253,0.00393692,-0.01970902644097805,0.003936924040317535,0.00179028,999,,,,,,,-1,,-1,,,,,,,,,,,,,,,,,,,,"LuJames Groover","sa3022887",694410
"Onil Perez","SFG",0,1,1,0,0,0,0,0,0,0,0,0,0,0,0,0,,0,0,0.227657,0.0825126,0.189677,0.435017,0.297417,0.310941,0.27307,0.608358,0.0832843,4.85866,0.277108,,-0.000494417,0.085694,-0.0324637,75.0406,-0.000494417,0.014259,-0.030076533497776836,0.01425904966890812,0.00178564,999,,,,,,,-1,,-1,,,,,,,,,,,,,,,,,,,,"Onil Perez","sa3015610",692366
"Tavian Josenberger","BAL",0,1,1,0,0,0,0,0,0,0,0,0,0,0,0,0,,0,0,0.209438,0.109473,0.254095,0.430835,0.29894,0.335813,0.283827,0.634753,0.126375,6.57747,0.265973,,0.0041019,0.0944269,-0.0237308,81.5057,0.0041019,0.000657342,-0.017695804592221975,0.0006573420250788331,0.00177818,999,,,,,,,-1,,-1,,,,,,,,,,,,,,,,,,,,"Tavian Josenberger","sa3022808",694444
"Kendall George","LAD",0,1,1,0,0,0,0,0,0,0,0,0,0,0,0,0,,0,0,0.227166,0.10182,0.236538,0.430458,0.305233,0.309222,0.277009,0.614455,0.0820565,6.62131,0.294625,,0.00550038,0.0888915,-0.0292662,75.8542,0.00550038,0.0072165,-0.023117422591894865,0.007216504774987698,0.0017771,999,,,,,,,-1,,-1,,,,,,,,,,,,,,,,,,,,"Kendall George","sa3022660",806077
"Luke Davis","PHI",0,1,1,0,0,0,0,0,0,0,0,0,0,0,0,0,,0,0,0.194607,0.135428,0.266278,0.508595,0.308384,0.302559,0.279884,0.610943,0.107952,2.1433,0.255061,,-0.00145945,0.0912256,-0.0269321,75.7039,-0.00145945,0.014259,-0.03025534120388329,0.01425904966890812,0.00176734,999,,,,,,,-1,,-1,,,,,,,,,,,,,,,,,,,,"Luke Davis","sa3067039",701592
"Yeremy Cabrera","WSN",0,1,1,0,0,0,0,0,0,0,0,0,0,0,0,0,,0,0,0.218221,0.0741699,0.257702,0.287813,0.287978,0.343925,0.280091,0.631903,0.125703,5.55729,0.276295,,0.00346809,0.0913943,-0.0267634,77.4768,0.00346809,0.0072165,-0.02322655892930925,0.007216504774987698,0.00176593,999,,,,,,,-1,,-1,,,,,,,,,,,,,,,,,,,,"Yeremy Cabrera","sa3018549",800393
"Christian Cerda","ARI",0,1,1,0,0,0,0,0,0,0,0,0,0,0,0,0,,0,0,0.21257,0.118878,0.229014,0.519085,0.308277,0.331933,0.287944,0.64021,0.119363,1.86654,0.26108,,-0.00172005,0.0977696,-0.0203881,81.8516,-0.00172005,0.0072165,-0.02322969725355506,0.007216504774987698,0.00176561,999,,,,,,,-1,,-1,,,,,,,,,,,,,,,,,,,,"Christian Cerda","sa3015623",692416
"Javi Vaz","KCR",0,1,1,0,0,0,0,0,0,0,0,0,0,0,0,0,,0,0,0.236327,0.0933067,0.145829,0.639834,0.314677,0.330433,0.289305,0.64511,0.0941062,5.10476,0.268663,,0.0014838,0.0988747,-0.019283,80.8184,0.0014838,0.00393692,-0.021124004502780735,0.003936924040317535,0.00176298,999,,,,,,,-1,,-1,,,,,,,,,,,,,,,,,,,,"Javi Vaz","sa3019906",805834
"Trevor Cohen","SFG",0,1,1,0,0,0,0,0,0,0,0,0,0,0,0,0,,0,0,0.230811,0.0861167,0.220071,0.391313,0.303688,0.341017,0.287012,0.644704,0.110206,4.6954,0.284601,,0.0000406398,0.0970129,-0.0211448,84.5907,0.0000406398,0.00213886,-0.018222580965812085,0.002138857962563634,0.0017584,999,,,,,,,-1,,-1,,,,,,,,,,,,,,,,,,,,"Trevor Cohen","sa3029111",701906
"Jose Colmenares",,0,1,1,0,0,0,0,0,0,0,0,0,0,0,0,0,,0,0,0.216787,0.082621,0.221134,0.373625,0.294253,0.323955,0.277192,0.618209,0.107168,2.40273,0.264031,,-0.00133488,0.0890401,-0.0291176,75.4905,-0.00133488,0.014259,-0.030383732169866562,0.01425904966890812,0.00175421,999,,,,,,,-1,,-1,,,,,,,,,,,,,,,,,,,,"Jose Colmenares","sa3009817",683511
"Aaron Parker","TOR",0,1,1,0,0,0,0,0,0,0,0,0,0,0,0,0,,0,0,0.216646,0.0643506,0.257735,0.249677,0.273118,0.349438,0.273373,0.622556,0.132792,3.7477,0.270554,,-0.000317958,0.0859396,-0.0322181,73.4639,-0.000317958,0.014259,-0.031593864026945084,0.01425904966890812,0.00174786,999,,,,,,,-1,,-1,,,,,,,,,,,,,,,,,,,,"Aaron Parker","sa3025152",801590
"Eguy Rosario",,0,1,1,0,0,0,0,0,0,0,0,0,0,0,0,0,,0,0,0.213237,0.0762434,0.2807,0.271619,0.277797,0.355031,0.278126,0.632829,0.141794,4.94689,0.274526,,-0.000158283,0.089799,-0.0283588,79.8493,-0.000158283,0.00784248,-0.02404097754333634,0.007842478342354298,0.00174665,999,,,,,,,-1,,-1,,,,,,,,,,,,,,,,,,,,"Eguy Rosario","19964",666703
"Logan Porter","SFG",0,1,1,0,0,0,0,0,0,0,0,0,0,0,0,0,,0,0,0.204135,0.105958,0.281852,0.375935,0.295746,0.307973,0.273483,0.603719,0.103837,1.97533,0.27469,,-0.00190939,0.0860287,-0.032129,75.323,-0.00190939,0.0149214,-0.031156801851466298,0.014921354129910469,0.00174287,999,,,,,,,-1,,-1,,,,,,,,,,,,,,,,,,,,"Logan Porter","20626",682515
"Trey Mancini","LAA",2,7,6,2,1,0,0,0,1,1,0,0,2,0,0,0,,0,0,0.237014,0.0675921,0.262207,0.257781,0.297921,0.392439,0.301116,0.69036,0.155425,2.56208,0.294533,-0.0117727,-0.0111641,0.759249,-0.0678547,90.7931,-0.0229368,0,-0.09889669343829155,-0.125,0.00174258,999,,,,,,,5.2,2.6,5.2,2.6,,,,,,,,,,,,,,,,,,,"Trey Mancini","15149",641820
"Jesús Bastidas","MIA",0,1,1,0,0,0,0,0,0,0,0,0,0,0,0,0,,0,0,0.220173,0.0623717,0.268343,0.232433,0.287575,0.359668,0.285538,0.647243,0.139495,3.94783,0.279528,,-0.000262715,0.0958165,-0.0223412,79.8469,-0.000262715,0.00784248,-0.024148319236701354,0.007842478342354298,0.00173567,999,,,,,,,-1,,-1,,,,,,,,,,,,,,,,,,,,"Jesus Bastidas","sa916969",665846
"Druw Jones","ARI",0,1,1,0,0,0,0,0,0,0,0,0,0,0,0,0,,0,0,0.214652,0.0852212,0.292897,0.29096,0.281117,0.3108,0.263914,0.591917,0.0961481,6.43224,0.302699,,0.00104989,0.0782596,-0.0398981,65.3903,0.00104989,0.0236144,-0.03996976849157363,0.023614412173628807,0.0017306,999,,,,,,,-1,,-1,,,,,,,,,,,,,,,,,,,,"Druw Jones","sa3020676",702258
"Armando Alvarez",,0,1,1,0,0,0,0,0,0,0,0,0,0,0,0,0,,0,0,0.232158,0.0719691,0.252667,0.284838,0.289585,0.380224,0.292413,0.669809,0.148066,3.17788,0.286306,,-0.000828834,0.101399,-0.0167591,85.2185,-0.000828834,0.000712953,-0.018250569759402424,0.0007129529840312898,0.00172711,999,,,,,,,-1,,-1,,,,,,,,,,,,,,,,,,,,"Armando Alvarez","19292",669137
"Dillon Lewis","MIA",0,1,1,0,0,0,0,0,0,0,0,0,0,0,0,0,,0,0,0.228677,0.0620246,0.281658,0.220213,0.27908,0.391027,0.290203,0.670107,0.162349,5.94533,0.292066,,0.00149752,0.0996041,-0.0185536,83.0426,0.00149752,0.00213886,-0.018600462353788316,0.002138857962563634,0.00171973,999,,,,,,,-1,,-1,,,,,,,,,,,,,,,,,,,,"Dillon Lewis","sa3025515",827665
"Seth Brown","NYY",0,1,1,0,0,0,0,0,0,0,0,0,0,0,0,0,,0,0,0.230639,0.0770904,0.267858,0.287803,0.293367,0.412543,0.305603,0.70591,0.181905,3.59444,0.277303,,-0.000848532,0.112107,-0.0060503,96.1906,-0.000848532,-0.012289,-0.005338375165592879,-0.012289020232856274,0.00171793,999,,,,,,,-1,,-1,,,,,,,,,,,,,,,,,,,,"Seth Brown","18171",664913
"Kenny Piper","TBR",0,1,1,0,0,0,0,0,0,0,0,0,0,0,0,0,,0,0,0.196221,0.0801483,0.31142,0.257364,0.275869,0.341455,0.274007,0.617324,0.145233,4.57647,0.260337,,0.000495143,0.0864541,-0.0317036,72.4145,0.000495143,0.014259,-0.03201756300404668,0.01425904966890812,0.00170451,999,,,,,,,-1,,-1,,,,,,,,,,,,,,,,,,,,"Kenny Piper","sa3017664",700652
"Cal Stevenson","DET",0,1,1,0,0,0,0,0,0,0,0,0,0,0,0,0,,0,0,0.21699,0.124382,0.237406,0.52392,0.31567,0.323803,0.289034,0.639473,0.106813,5.38861,0.276662,,0.00266729,0.0986547,-0.019503,81.9721,0.00266729,0.00207406,-0.018699540989473462,0.002074063988402486,0.00170297,999,,,,,,,-1,,-1,,,,,,,,,,,,,,,,,,,,"Cal Stevenson","22411",670276
"Justin Riemer","ATH",0,1,1,0,0,0,0,0,0,0,0,0,0,0,0,0,,0,0,0.212255,0.138386,0.239648,0.577454,0.333021,0.300279,0.292507,0.6333,0.088024,2.57564,0.280006,,-0.0023755,0.101474,-0.0166832,85.6452,-0.0023755,0.00213886,-0.019341586157679558,0.002138857962563634,0.00170264,999,,,,,,,-1,,-1,,,,,,,,,,,,,,,,,,,,"Justin Riemer","sa3025086",811312
"Jace Avina","NYY",0,1,1,0,0,0,0,0,0,0,0,0,0,0,0,0,,0,0,0.211222,0.0789857,0.303886,0.259918,0.291832,0.361133,0.289013,0.652966,0.149912,2.03243,0.281027,,-0.00195688,0.098638,-0.0195197,84.7625,-0.00195688,0.00213886,-0.0199160841293633,0.002138857962563634,0.0017026,999,,,,,,,-1,,-1,,,,,,,,,,,,,,,,,,,,"Jace Avina","sa3018398",701778
"Ali Sánchez","NYY",0,1,1,0,0,0,0,0,0,0,0,0,0,0,0,0,,0,0,0.221945,0.06906,0.246578,0.280074,0.278118,0.336912,0.271443,0.61503,0.114967,2.13414,0.277306,,-0.00195643,0.084373,-0.0337847,72.6592,-0.00195643,0.0163708,-0.03418070822954178,0.016370834782719612,0.00169926,999,,,,,,,-1,,-1,,,,,,,,,,,,,,,,,,,,"Ali Sanchez","18551",645305
"David McCabe","ATL",0,1,1,0,0,0,0,0,0,0,0,0,0,0,0,0,,0,0,0.228746,0.099944,0.274353,0.364289,0.305397,0.370467,0.297898,0.675864,0.141721,2.32468,0.29493,,-0.00127293,0.105851,-0.0123064,89.1837,-0.00127293,-0.00262224,-0.01409249275457114,-0.0026222390588372946,0.00169384,999,,,,,,,-1,,-1,,,,,,,,,,,,,,,,,,,,"David McCabe","sa3019964",678173
"Theo Hardy","TEX",0,1,1,0,0,0,0,0,0,0,0,0,0,0,0,0,,0,0,0.211617,0.0951703,0.270045,0.352424,0.296013,0.327761,0.279532,0.623774,0.116144,4.86425,0.279113,,-0.000395516,0.09094,-0.0272177,78.5082,-0.000395516,0.00784248,-0.02572611384675838,0.007842478342354298,0.00169171,999,,,,,,,-1,,-1,,,,,,,,,,,,,,,,,,,,"Theo Hardy","sa3025187",815152
"José Rodríguez","PHI",0,1,1,0,0,0,0,0,0,0,0,0,0,0,0,0,,0,0,0.245517,0.0417666,0.199378,0.209485,0.277847,0.377901,0.284029,0.655748,0.132384,5.26615,0.284838,,0.000798201,0.0945912,-0.0235665,78.5436,0.000798201,0.00784248,-0.024632096872664988,0.007842478342354298,0.00168617,999,,,,,,,-1,,-1,,,,,,,,,,,,,,,,,,,,"Jose Rodriguez","24388",679563
"Jay Thomason","MIN",0,1,1,0,0,0,0,0,0,0,0,0,0,0,0,0,,0,0,0.209724,0.0999717,0.314005,0.318376,0.295817,0.35482,0.288694,0.650636,0.145095,5.41684,0.287185,,0.00177498,0.0983789,-0.0197788,82.6564,0.00177498,0.000712953,-0.01866646099369973,0.0007129529840312898,0.00168456,999,,,,,,,-1,,-1,,,,,,,,,,,,,,,,,,,,"Jay Thomason","sa3025265",823295
"Ryan Campos","STL",0,1,1,0,0,0,0,0,0,0,0,0,0,0,0,0,,0,0,0.218235,0.093804,0.229588,0.408576,0.294012,0.314011,0.272824,0.608023,0.095776,3.6911,0.277756,,-0.0010433,0.0854935,-0.0326642,74.6261,-0.0010433,0.014259,-0.031116683734580874,0.01425904966890812,0.00167922,999,,,,,,,-1,,-1,,,,,,,,,,,,,,,,,,,,"Ryan Campos","sa3025151",701481
"Trey Lipscomb","WSN",3,14,13,3,2,1,0,0,1,1,1,0,3,0,0,0,,0,0,0.239295,0.0497573,0.208122,0.239077,0.279511,0.34826,0.274786,0.627772,0.108966,4.16655,0.288161,-0.00970289,-0.0173108,1.21922,-0.43499,73.8426,-0.0270137,-0.0384659,-0.46104017458856106,0.011534076184034348,0.00166537,999,,,,,,,9.7,3.233333333,9.7,3.233333333,,,,,,,,,,,,,,,,,,,"Trey Lipscomb","31567",702358
"Carlos Cauro","HOU",0,1,1,0,0,0,0,0,0,0,0,0,0,0,0,0,,0,0,0.209319,0.076291,0.306955,0.248541,0.275206,0.345748,0.273893,0.620954,0.136429,3.23083,0.279254,,-0.00156963,0.0863621,-0.0317956,73.794,-0.00156963,0.014259,-0.03245643188711256,0.01425904966890812,0.00165961,999,,,,,,,-1,,-1,,,,,,,,,,,,,,,,,,,,"Carlos Cauro","sa3019763",803426
"Will Robertson","BAL",0,1,1,0,0,0,0,0,0,0,0,0,0,0,0,0,,0,0,0.226328,0.0775378,0.301226,0.257407,0.293233,0.407542,0.303968,0.700775,0.181214,3.4142,0.293484,,-0.00245814,0.110779,-0.00737826,95.38,-0.00245814,-0.0102969,-0.007903320016339421,-0.010296858847141266,0.00165932,999,,,,,,,-1,,-1,,,,,,,,,,,,,,,,,,,,"Will Robertson","25467",683770
"Franchy Cordero",,0,1,1,0,0,0,0,0,0,0,0,0,0,0,0,0,,0,0,0.234179,0.082855,0.271674,0.304979,0.301848,0.384878,0.300489,0.686726,0.150699,3.93415,0.299747,,-0.000522308,0.107955,-0.0102028,91.4496,-0.000522308,-0.00641657,-0.010656272934284061,-0.006416573189198971,0.0016572,999,,,,,,,-1,,-1,,,,,,,,,,,,,,,,,,,,"Franchy Cordero","14567",614173
"Luis Parababire","ATL",0,1,1,0,0,0,0,0,0,0,0,0,0,0,0,0,,0,0,0.205389,0.093939,0.312426,0.300676,0.293219,0.319918,0.27598,0.613137,0.114529,3.71203,0.290681,,-0.000726616,0.0880563,-0.0301014,74.1694,-0.000726616,0.014259,-0.03134119889000431,0.01425904966890812,0.00165624,999,,,,,,,-1,,-1,,,,,,,,,,,,,,,,,,,,"Luis Parababire","sa3021634",808538
"Sean Keys","TOR",0,1,1,0,0,0,0,0,0,0,0,0,0,0,0,0,,0,0,0.205669,0.104556,0.270695,0.38625,0.298961,0.339698,0.285845,0.638659,0.134029,3.33065,0.26437,,-0.00102586,0.0960658,-0.0220919,82.0555,-0.00102586,0.00393692,-0.022175578284077346,0.003936924040317535,0.00165539,999,,,,,,,-1,,-1,,,,,,,,,,,,,,,,,,,,"Sean Keys","sa3025317",815873
"Liover Peguero","PHI",0,1,1,0,0,0,0,0,0,0,0,0,0,0,0,0,,0,0,0.235651,0.0615953,0.247539,0.24883,0.284993,0.375995,0.287957,0.660989,0.140344,5.34511,0.292017,,0.00106697,0.0977806,-0.0203771,81.2346,0.00106697,0.00396014,-0.021173880086280406,0.003960136789828539,0.00164278,999,,,,,,,-1,,-1,,,,,,,,,,,,,,,,,,,,"Liover Peguero","24273",678894
"Tommy Hawke","CLE",0,1,1,0,0,0,0,0,0,0,0,0,0,0,0,0,,0,0,0.218915,0.107597,0.248546,0.432905,0.306626,0.30581,0.277473,0.612436,0.0868942,6.51621,0.291221,,0.00666751,0.0892681,-0.0288897,76.8688,0.00666751,0.00213886,-0.0205953074619174,0.002138857962563634,0.0016331,999,,,,,,,-1,,-1,,,,,,,,,,,,,,,,,,,,"Tommy Hawke","sa3023055",803142
"Duce Gourson","PIT",0,1,1,0,0,0,0,0,0,0,0,0,0,0,0,0,,0,0,0.225523,0.07832,0.258626,0.302832,0.302182,0.345503,0.28841,0.647685,0.11998,5.30365,0.293216,,0.00267106,0.0981484,-0.0200093,81.2719,0.00267106,0.00213886,-0.01952560362406075,0.002138857962563634,0.00162508,999,,,,,,,-1,,-1,,,,,,,,,,,,,,,,,,,,"Duce Gourson","sa3025248",701546
"Seth Stephenson","DET",0,1,1,0,0,0,0,0,0,0,0,0,0,0,0,0,,0,0,0.233245,0.0433131,0.229661,0.188595,0.291049,0.340706,0.279869,0.631755,0.10746,7.56473,0.292694,,0.00629595,0.0912135,-0.0269442,77.0841,0.00629595,0.00213886,-0.020713068544864655,0.002138857962563634,0.00162106,999,,,,,,,-1,,-1,,,,,,,,,,,,,,,,,,,,"Seth Stephenson","sa3020495",700931
"Matt Rudick","NYM",0,1,1,0,0,0,0,0,0,0,0,0,0,0,0,0,,0,0,0.214276,0.105079,0.23788,0.441731,0.309554,0.328282,0.287484,0.637837,0.114007,4.53274,0.271502,,-0.000667028,0.0973967,-0.020761,85.8222,-0.000667028,0,-0.01747062220238149,0,0.0016165,999,,,,,,,-1,,-1,,,,,,,,,,,,,,,,,,,,"Matt Rudick","sa3017334",689822
"Chad Wallach","ATH",0,1,1,0,0,0,0,0,0,0,0,0,0,0,0,0,,0,0,0.21088,0.0705605,0.297275,0.237358,0.273636,0.350963,0.274704,0.6246,0.140083,2.89751,0.276198,,-0.00161749,0.0870203,-0.0311374,73.4158,-0.00161749,0.0149659,-0.03303771873470396,0.014965918846428394,0.00161373,999,,,,,,,-1,,-1,,,,,,,,,,,,,,,,,,,,"Chad Wallach","17161",595453
"Caleb Ricketts","PHI",0,1,1,0,0,0,0,0,0,0,0,0,0,0,0,0,,0,0,0.230355,0.0551925,0.235255,0.234607,0.281964,0.351462,0.278195,0.633426,0.121108,3.4834,0.284969,,-0.00162755,0.0898546,-0.0283031,74.5472,-0.00162755,0.014259,-0.03179440030362457,0.01425904966890812,0.00160988,999,,,,,,,-1,,-1,,,,,,,,,,,,,,,,,,,,"Caleb Ricketts","sa3019917",681080
"Dustin Harris","CHW",0,1,1,0,0,0,0,0,0,0,0,0,0,0,0,0,,0,0,0.22867,0.08172,0.234535,0.348435,0.298851,0.346925,0.286496,0.645776,0.118255,5.47637,0.283868,,0.00431052,0.0965941,-0.0215636,81.6428,0.00431052,-0.00139967,-0.01732554705813527,-0.0013996680499985814,0.00160561,999,,,,,,,-1,,-1,,,,,,,,,,,,,,,,,,,,"Dustin Harris","25705",687957
"Rikuu Nishida","CHW",0,1,1,0,0,0,0,0,0,0,0,0,0,0,0,0,,0,0,0.233375,0.10317,0.182139,0.566434,0.323791,0.302477,0.28579,0.626268,0.0691016,5.55516,0.284442,,0.00132223,0.0960211,-0.0221366,81.1567,0.00132223,0.00213886,-0.020886826911009848,0.002138857962563634,0.00160328,999,,,,,,,-1,,-1,,,,,,,,,,,,,,,,,,,,"Rikuu Nishida","sa3023234",807747
"Alexander Canario",,0,1,1,0,0,0,0,0,0,0,0,0,0,0,0,0,,0,0,0.227391,0.0787834,0.304502,0.258729,0.291274,0.397433,0.298986,0.688707,0.170043,5.01935,0.299034,,0.000105739,0.106735,-0.0114229,88.5165,0.000105739,-0.00413512,-0.01350456003274303,-0.00413512485101819,0.0015992,999,,,,,,,-1,,-1,,,,,,,,,,,,,,,,,,,,"Alexander Canario","22842",672744
"Nick Mitchell","CLE",0,1,1,0,0,0,0,0,0,0,0,0,0,0,0,0,,0,0,0.225526,0.08371,0.226587,0.369439,0.296622,0.333341,0.280446,0.629963,0.107816,5.93952,0.28206,,0.00207885,0.0916821,-0.0264756,78.917,0.00207885,0.00393692,-0.022769883275032043,0.003936924040317535,0.00159458,999,,,,,,,-1,,-1,,,,,,,,,,,,,,,,,,,,"Nick Mitchell","sa3025315",814455
"Yeiner Fernandez","LAD",0,1,1,0,0,0,0,0,0,0,0,0,0,0,0,0,,0,0,0.231129,0.0691009,0.174684,0.395577,0.295672,0.321755,0.275939,0.617428,0.0906259,1.91652,0.270908,,-0.00249084,0.0880228,-0.0301349,75.1212,-0.00249084,0.014259,-0.031977327074855566,0.01425904966890812,0.00159116,999,,,,,,,-1,,-1,,,,,,,,,,,,,,,,,,,,"Yeiner Fernandez","sa3015182",691558
"Matthew Ellis","SEA",0,1,1,0,0,0,0,0,0,0,0,0,0,0,0,0,,0,0,0.191415,0.0953106,0.316679,0.300969,0.275932,0.313393,0.264592,0.589325,0.121978,2.23564,0.263918,,-0.00175653,0.0788107,-0.039347,73.3431,-0.00175653,0.014259,-0.03317475679796189,0.01425904966890812,0.00158612,999,,,,,,,-1,,-1,,,,,,,,,,,,,,,,,,,,"Matthew Ellis","sa3067076",700815
"Esmerlyn Valdez","PIT",0,1,1,0,0,0,0,0,0,0,0,0,0,0,0,0,,0,0,0.220968,0.0751327,0.29733,0.252691,0.290064,0.373365,0.29117,0.663429,0.152398,2.13225,0.289641,,-0.00177241,0.100389,-0.0177687,83.1623,-0.00177241,0.00393692,-0.021728530060499907,0.003936924040317535,0.00158366,999,,,,,,,-1,,-1,,,,,,,,,,,,,,,,,,,,"Esmerlyn Valdez","sa3015768",699013
"LaMonte Wade Jr.","CHW",0,1,1,0,0,0,0,0,0,0,0,0,0,0,0,0,,0,0,0.227926,0.125606,0.216538,0.580064,0.332603,0.364436,0.311259,0.697039,0.13651,3.0051,0.272624,,-0.0015847,0.116699,-0.00145831,98.7012,-0.0015847,-0.0158275,-0.003115442697890103,-0.015827545896172523,0.00158333,999,,,,,,,-1,,-1,,,,,,,,,,,,,,,,,,,,"LaMonte Wade Jr.","18126",664774
"Edward Florentino","PIT",0,1,1,0,0,0,0,0,0,0,0,0,0,0,0,0,,0,0,0.224671,0.0797904,0.283788,0.281162,0.292827,0.376344,0.293196,0.66917,0.151673,5.61005,0.291371,,0.00313427,0.102034,-0.016124,84.5501,0.00313427,-0.00262224,-0.015177109744399786,-0.0026222390588372946,0.00158287,999,,,,,,,-1,,-1,,,,,,,,,,,,,,,,,,,,"Edward Florentino","sa3023944",821273
"Jorge Rodriguez","BOS",0,1,1,0,0,0,0,0,0,0,0,0,0,0,0,0,,0,0,0.225311,0.0656091,0.264241,0.248293,0.281067,0.349105,0.27719,0.630172,0.123793,4.86921,0.288419,,0.000616709,0.0890387,-0.029119,71.2936,0.000616709,0.014259,-0.03321717050857842,0.01425904966890812,0.00158178,999,,,,,,,-1,,-1,,,,,,,,,,,,,,,,,,,,"Jorge Rodriguez","sa3023974",821772
"Diego Cartaya","SFG",0,1,1,0,0,0,0,0,0,0,0,0,0,0,0,0,,0,0,0.196956,0.0853438,0.330443,0.258271,0.277678,0.339305,0.274297,0.616982,0.142349,2.21005,0.270129,,-0.0010887,0.0866899,-0.0314678,72.7389,-0.0010887,0.014259,-0.033219105447642505,0.01425904966890812,0.00158158,999,,,,,,,-1,,-1,,,,,,,,,,,,,,,,,,,,"Diego Cartaya","sa3008742",682616
"Omar Narváez",,0,1,1,0,0,0,0,0,0,0,0,0,0,0,0,0,,0,0,0.216218,0.0960533,0.209958,0.457488,0.298824,0.306627,0.273798,0.605451,0.090409,1.87282,0.264877,,-0.00194246,0.086285,-0.0318727,73.7286,-0.00194246,0.0139241,-0.03290632925927639,0.01392405666410923,0.00157931,999,,,,,,,-1,,-1,,,,,,,,,,,,,,,,,,,,"Omar Narvaez","13338",553882
"Keaton Anthony","PHI",0,1,1,0,0,0,0,0,0,0,0,0,0,0,0,0,,0,0,0.247819,0.0632223,0.231482,0.27312,0.303848,0.366344,0.294685,0.670192,0.118525,2.47741,0.309643,,-0.00171952,0.103243,-0.0149151,85.8431,-0.00171952,0.000657342,-0.018498386722058058,0.0006573420250788331,0.0015786,999,,,,,,,-1,,-1,,,,,,,,,,,,,,,,,,,,"Keaton Anthony","sa3022608",805704
"Ethan Anderson","BAL",0,1,1,0,0,0,0,0,0,0,0,0,0,0,0,0,,0,0,0.231805,0.0800922,0.226433,0.353712,0.295861,0.3527,0.286252,0.648561,0.120895,4.72392,0.28512,,0.000177191,0.0963957,-0.021762,83.1761,0.000177191,0.000657342,-0.01965169895265717,0.0006573420250788331,0.00157807,999,,,,,,,-1,,-1,,,,,,,,,,,,,,,,,,,,"Ethan Anderson","sa3025410",803175
"Gavin Collins",,0,1,1,0,0,0,0,0,0,0,0,0,0,0,0,0,,0,0,0.224589,0.0666833,0.17169,0.388394,0.285818,0.325264,0.271804,0.611082,0.100675,2.92156,0.258017,,-0.00137466,0.0846656,-0.0334921,73.9275,-0.00137466,0.014259,-0.03227601293474436,0.01425904966890812,0.0015606,999,,,,,,,-1,,-1,,,,,,,,,,,,,,,,,,,,"Gavin Collins","sa857219",641468
"Rowdey Jordan",,0,1,1,0,0,0,0,0,0,0,0,0,0,0,0,0,,0,0,0.224527,0.0751255,0.298195,0.251934,0.289509,0.360007,0.285658,0.649516,0.13548,5.61428,0.30596,,0.0000129563,0.0959137,-0.022244,81.8981,0.0000129563,0.00213886,-0.021322243218492076,0.002138857962563634,0.00155873,999,,,,,,,-1,,-1,,,,,,,,,,,,,,,,,,,,"Rowdey Jordan","sa3017214",679821
"Osleivis Basabe","SFG",0,1,1,0,0,0,0,0,0,0,0,0,0,0,0,0,,0,0,0.242569,0.0475222,0.200577,0.236927,0.28349,0.353807,0.278625,0.637297,0.111238,5.03655,0.292082,,-0.000821497,0.0902038,-0.0279539,78.8457,-0.000821497,0.00784248,-0.025893764686770737,0.007842478342354298,0.00155709,999,,,,,,,-1,,-1,,,,,,,,,,,,,,,,,,,,"Osleivis Basabe","23985",678545
"George Lombard Jr.","NYY",0,1,1,0,0,0,0,0,0,0,0,0,0,0,0,0,,0,0,0.206569,0.105437,0.282718,0.372939,0.301458,0.319892,0.2805,0.62135,0.113322,5.48132,0.281855,,0.00172643,0.091726,-0.0264317,78.8979,0.00172643,0.00393692,-0.02314485516399145,0.003936924040317535,0.00155622,999,,,,,,,-1,,-1,,,,,,,,,,,,,,,,,,,,"George Lombard Jr.","sa3023233",806146
"Sergio Tapia","DET",0,1,1,0,0,0,0,0,0,0,0,0,0,0,0,0,,0,0,0.221788,0.056339,0.222626,0.253065,0.271116,0.353955,0.273497,0.625071,0.132167,2.62893,0.261901,,-0.00133565,0.0860405,-0.0321172,72.695,-0.00133565,0.014259,-0.033517737057991326,0.01425904966890812,0.00155103,999,,,,,,,-1,,-1,,,,,,,,,,,,,,,,,,,,"Sergio Tapia","sa3009763",685337
"Leonardo Bernal","STL",0,1,1,0,0,0,0,0,0,0,0,0,0,0,0,0,,0,0,0.229305,0.076795,0.221267,0.347069,0.290381,0.350051,0.282496,0.640431,0.120745,2.73766,0.277313,,-0.00311948,0.0933462,-0.0248115,81.2517,-0.00311948,0.0072165,-0.02534015104174614,0.007216504774987698,0.00154969,999,,,,,,,-1,,-1,,,,,,,,,,,,,,,,,,,,"Leonardo Bernal","sa3015773",699024
"Brayden Taylor","TBR",0,1,1,0,0,0,0,0,0,0,0,0,0,0,0,0,,0,0,0.196782,0.102599,0.31992,0.320701,0.28054,0.340981,0.275625,0.62152,0.144198,5.95229,0.271664,,0.00127838,0.0877682,-0.0303895,73.5295,0.00127838,0.0104961,-0.0299202041933313,0.010496087372303009,0.0015341,999,,,,,,,-1,,-1,,,,,,,,,,,,,,,,,,,,"Brayden Taylor","sa3022921",694966
"Joshua Kuroda-Grauer","ATH",0,1,1,0,0,0,0,0,0,0,0,0,0,0,0,0,,0,0,0.251853,0.0502476,0.162231,0.309729,0.299172,0.346503,0.284909,0.645675,0.0946504,4.34127,0.291346,,0.000333696,0.0953059,-0.0228519,80.426,0.000333696,0.00393692,-0.022801017708843574,0.003936924040317535,0.00153266,999,,,,,,,-1,,-1,,,,,,,,,,,,,,,,,,,,"Joshua Kuroda-Grauer","sa3025386",811965
"Colin Tuft","BAL",0,1,1,0,0,0,0,0,0,0,0,0,0,0,0,0,,0,0,0.194851,0.100085,0.314846,0.317886,0.288749,0.300344,0.267526,0.589093,0.105493,5.81471,0.279452,,0.00128578,0.0811922,-0.0369655,70.2767,0.00128578,0.014259,-0.033746613771654665,0.01425904966890812,0.00152761,999,,,,,,,-1,,-1,,,,,,,,,,,,,,,,,,,,"Colin Tuft","sa3025406",702239
"Félix Amparo","BAL",0,1,1,0,0,0,0,0,0,0,0,0,0,0,0,0,,0,0,0.228109,0.0757983,0.235653,0.321652,0.288766,0.355264,0.283376,0.64403,0.127155,4.92066,0.280511,,0.000458529,0.0940613,-0.0240964,81.1954,0.000458529,0.00213886,-0.021704839688027278,0.002138857962563634,0.00151959,999,,,,,,,-1,,-1,,,,,,,,,,,,,,,,,,,,"Felix Amparo","sa3021180",808118
"Ely Brown","CHW",0,1,1,0,0,0,0,0,0,0,0,0,0,0,0,0,,0,0,0.227718,0.0844104,0.23494,0.359285,0.298099,0.339223,0.283449,0.637322,0.111505,4.71649,0.28441,,0.00237001,0.0941203,-0.0240374,79.544,0.00237001,0.00213886,-0.02173982374370098,0.002138857962563634,0.00151601,999,,,,,,,-1,,-1,,,,,,,,,,,,,,,,,,,,"Ely Brown","sa3027822",836058
"Rob Brantly",,0,1,1,0,0,0,0,0,0,0,0,0,0,0,0,0,,0,0,0.229517,0.0545998,0.211877,0.257695,0.289577,0.329253,0.275301,0.61883,0.099736,3.18199,0.281108,,-0.00128324,0.0875047,-0.030653,72.8339,-0.00128324,0.0149979,-0.03348068590275943,0.014997858554124832,0.00151294,999,,,,,,,-1,,-1,,,,,,,,,,,,,,,,,,,,"Rob Brantly","10655",542963
"Cole Carrigg","COL",0,1,1,0,0,0,0,0,0,0,0,0,0,0,0,0,,0,0,0.238911,0.0634373,0.2663,0.238217,0.295276,0.394934,0.299807,0.69021,0.156023,8.48899,0.307642,,0.00443415,0.107401,-0.0107563,77.3096,0.00443415,0.00393692,-0.022458693478256464,0.003936924040317535,0.00150895,999,,,,,,,-1,,-1,,,,,,,,,,,,,,,,,,,,"Cole Carrigg","sa3022596",694249
"Allan Castro","BOS",0,1,1,0,0,0,0,0,0,0,0,0,0,0,0,0,,0,0,0.229017,0.0918288,0.24288,0.378084,0.303263,0.358351,0.292497,0.661614,0.129335,4.81606,0.290129,,-0.000414221,0.101467,-0.0166909,81.8382,-0.000414221,0.00213886,-0.021819960820721462,0.002138857962563634,0.00150781,999,,,,,,,-1,,-1,,,,,,,,,,,,,,,,,,,,"Allan Castro","sa3016084",691369
"Tatem Levins","TBR",0,1,1,0,0,0,0,0,0,0,0,0,0,0,0,0,,0,0,0.19878,0.107648,0.29568,0.364069,0.292895,0.313155,0.273938,0.60605,0.114375,1.89693,0.27115,,-0.00142244,0.086398,-0.0317597,72.3669,-0.00142244,0.014259,-0.03399127663578838,0.01425904966890812,0.00150258,999,,,,,,,-1,,-1,,,,,,,,,,,,,,,,,,,,"Tatem Levins","sa3020278",694420
"Ralphy Velazquez","CLE",0,1,1,0,0,0,0,0,0,0,0,0,0,0,0,0,,0,0,0.223181,0.0744177,0.251461,0.295942,0.28458,0.374462,0.287817,0.659043,0.151281,3.17814,0.274894,,-0.00159342,0.0976665,-0.0204912,83.9945,-0.00159342,0.000657342,-0.020457775448448956,0.0006573420250788331,0.0014956,999,,,,,,,-1,,-1,,,,,,,,,,,,,,,,,,,,"Ralphy Velazquez","sa3023013",806252
"Gio Cueto","LAD",0,1,1,0,0,0,0,0,0,0,0,0,0,0,0,0,,0,0,0.206007,0.086305,0.29418,0.293375,0.285912,0.324199,0.273083,0.610111,0.118192,3.1752,0.278225,,-0.00111998,0.0857044,-0.0324533,73.1652,-0.00111998,0.014259,-0.032924794824793935,0.01425904966890812,0.00149422,999,,,,,,,-1,,-1,,,,,,,,,,,,,,,,,,,,"Gio Cueto","sa3067075",695530
"Termarr Johnson","PIT",0,1,1,0,0,0,0,0,0,0,0,0,0,0,0,0,,0,0,0.226109,0.110517,0.236685,0.466936,0.317483,0.340742,0.295183,0.658225,0.114633,3.49858,0.284342,,-0.00262709,0.103647,-0.0145104,85.9116,-0.00262709,0.000657342,-0.019324820255860686,0.0006573420250788331,0.00149405,999,,,,,,,-1,,-1,,,,,,,,,,,,,,,,,,,,"Termarr Johnson","sa3020214",702261
"Omar Martinez","LAA",0,1,1,0,0,0,0,0,0,0,0,0,0,0,0,0,,0,0,0.200888,0.0982489,0.320729,0.30633,0.282647,0.332753,0.274333,0.615399,0.131865,1.80778,0.274857,,-0.00153341,0.0867194,-0.0314383,72.3437,-0.00153341,0.014259,-0.034129612147808075,0.01425904966890812,0.00148842,999,,,,,,,-1,,-1,,,,,,,,,,,,,,,,,,,,"Omar Martinez","sa3008573",683079
"Riley Tirotta","TOR",0,1,1,0,0,0,0,0,0,0,0,0,0,0,0,0,,0,0,0.215165,0.0976063,0.30433,0.320725,0.299125,0.34638,0.287337,0.645505,0.131215,4.69152,0.29632,,-0.00065019,0.0972774,-0.0208803,83.0835,-0.00065019,0.000712953,-0.02058825094718486,0.0007129529840312898,0.00148794,999,,,,,,,-1,,-1,,,,,,,,,,,,,,,,,,,,"Riley Tirotta","sa3017078",694661
"Gerardo Rodriguez","BOS",0,1,1,0,0,0,0,0,0,0,0,0,0,0,0,0,,0,0,0.235928,0.0539626,0.230685,0.233924,0.280187,0.355691,0.278088,0.635877,0.119763,2.98493,0.291187,,-0.00107188,0.0897675,-0.0283902,71.9119,-0.00107188,0.014259,-0.03417697874829173,0.01425904966890812,0.00148358,999,,,,,,,-1,,-1,,,,,,,,,,,,,,,,,,,,"Gerardo Rodriguez","sa3021614",808269
"Josnaider Orellana","ATL",0,1,1,0,0,0,0,0,0,0,0,0,0,0,0,0,,0,0,0.216725,0.0742111,0.271864,0.272971,0.282262,0.335772,0.273957,0.618034,0.119047,3.62769,0.281649,,-0.00077351,0.086414,-0.0317437,72.7838,-0.00077351,0.014259,-0.03303034446435049,0.01425904966890812,0.00148342,999,,,,,,,-1,,-1,,,,,,,,,,,,,,,,,,,,"Josnaider Orellana","sa3019404",800428
"Jacob Nottingham","SEA",0,1,1,0,0,0,0,0,0,0,0,0,0,0,0,0,,0,0,0.195361,0.0639406,0.329585,0.194003,0.264694,0.325857,0.262416,0.590551,0.130496,3.25131,0.26986,,-0.000998717,0.0770438,-0.0411139,71.844,-0.000998717,0.014259,-0.03418383398093283,0.01425904966890812,0.00148288,999,,,,,,,-1,,-1,,,,,,,,,,,,,,,,,,,,"Jacob Nottingham","16448",641924
"Aaron McKeithan","SEA",0,1,1,0,0,0,0,0,0,0,0,0,0,0,0,0,,0,0,0.221176,0.0808354,0.205964,0.392473,0.302054,0.313267,0.27795,0.61532,0.0920907,2.09143,0.269475,,-0.0024049,0.0896559,-0.0285018,74.1065,-0.0024049,0.014259,-0.03309404966421425,0.01425904966890812,0.00147691,999,,,,,,,-1,,-1,,,,,,,,,,,,,,,,,,,,"Aaron McKeithan","sa3016977",702463
"Yosweld Vasquez","HOU",0,1,1,0,0,0,0,0,0,0,0,0,0,0,0,0,,0,0,0.210673,0.0664641,0.287042,0.231548,0.274801,0.334204,0.269737,0.609004,0.12353,3.8149,0.277143,,-0.0000188916,0.0829872,-0.0351705,70.9306,-0.0000188916,0.014259,-0.03428060253645526,0.01425904966890812,0.00147297,999,,,,,,,-1,,-1,,,,,,,,,,,,,,,,,,,,"Yosweld Vasquez","sa3022361",811633
"Victor Rodrigues","LAD",0,1,1,0,0,0,0,0,0,0,0,0,0,0,0,0,,0,0,0.212152,0.102552,0.222152,0.461629,0.299703,0.303932,0.27376,0.603634,0.0917794,2.24762,0.263858,,-0.00188938,0.0862537,-0.031904,73.6286,-0.00188938,0.014259,-0.03314495028462261,0.01425904966890812,0.0014717,999,,,,,,,-1,,-1,,,,,,,,,,,,,,,,,,,,"Victor Rodrigues","sa3018520",800332
"Jose Perez","BAL",0,1,1,0,0,0,0,0,0,0,0,0,0,0,0,0,,0,0,0.20486,0.0971693,0.322369,0.301423,0.28956,0.33138,0.277529,0.620941,0.126521,3.93746,0.289984,,-0.00102863,0.0893139,-0.0288438,77.1675,-0.00102863,0.00784248,-0.02793935884255916,0.007842478342354298,0.00146527,999,,,,,,,-1,,-1,,,,,,,,,,,,,,,,,,,,"Jose Perez","sa3022198",814545
"Mario Gomez",,0,1,1,0,0,0,0,0,0,0,0,0,0,0,0,0,,0,0,0.213757,0.0757411,0.261601,0.289529,0.279961,0.337158,0.273292,0.617119,0.123402,3.26919,0.271579,,-0.00127886,0.0858741,-0.0322836,72.446,-0.00127886,0.014259,-0.03384528460446745,0.01425904966890812,0.00145878,999,,,,,,,-1,,-1,,,,,,,,,,,,,,,,,,,,"Mario Gomez","sa3017696",694034
"René Pinto","PHI",0,1,1,0,0,0,0,0,0,0,0,0,0,0,0,0,,0,0,0.21413,0.0492904,0.336859,0.146324,0.256544,0.380276,0.275135,0.63682,0.166146,2.80534,0.287457,,-0.000668391,0.0873702,-0.0307875,72.451,-0.000668391,0.014259,-0.03331966302357614,0.01425904966890812,0.00145382,999,,,,,,,-1,,-1,,,,,,,,,,,,,,,,,,,,"Rene Pinto","19859",650907
"Drew Ellis",,0,1,1,0,0,0,0,0,0,0,0,0,0,0,0,0,,0,0,0.205539,0.100731,0.273148,0.368778,0.294408,0.350898,0.286922,0.645307,0.145359,2.68456,0.259334,,-0.00144718,0.0969398,-0.0212179,84.5291,-0.00144718,0.000712953,-0.019783457275480032,0.0007129529840312898,0.00145281,999,,,,,,,-1,,-1,,,,,,,,,,,,,,,,,,,,"Drew Ellis","19873",656403
"Graysen Tarlow","STL",0,1,1,0,0,0,0,0,0,0,0,0,0,0,0,0,,0,0,0.215303,0.0845135,0.256599,0.32936,0.29428,0.306727,0.271369,0.601007,0.0914245,2.79327,0.283257,,-0.00215461,0.0843127,-0.033845,73.6297,-0.00215461,0.014259,-0.03340885974466801,0.01425904966890812,0.0014447,999,,,,,,,-1,,-1,,,,,,,,,,,,,,,,,,,,"Graysen Tarlow","sa3022443",815104
"Charles Leblanc",,0,1,1,0,0,0,0,0,0,0,0,0,0,0,0,0,,0,0,0.21897,0.104793,0.289324,0.362199,0.306138,0.347017,0.291359,0.653156,0.128048,3.24547,0.293582,,-0.00174542,0.100543,-0.0176148,84.7048,-0.00174542,0.000712953,-0.019873378332704306,0.0007129529840312898,0.00144361,999,,,,,,,-1,,-1,,,,,,,,,,,,,,,,,,,,"Charles Leblanc","19813",641779
"Ramiro Dominguez","MIN",0,1,1,0,0,0,0,0,0,0,0,0,0,0,0,0,,0,0,0.22563,0.0684133,0.228797,0.299013,0.289135,0.353386,0.283462,0.642522,0.127756,4.8653,0.275547,,0.00219407,0.0941311,-0.0240266,79.0524,0.00219407,0.00213886,-0.022495125187560916,0.002138857962563634,0.00143873,999,,,,,,,-1,,-1,,,,,,,,,,,,,,,,,,,,"Ramiro Dominguez","sa3023985",823719
"Brian Navarreto","MIA",0,1,1,0,0,0,0,0,0,0,0,0,0,0,0,0,,0,0,0.226467,0.0577805,0.241122,0.239632,0.274716,0.352639,0.274444,0.627355,0.126172,3.87868,0.280299,,-0.00114928,0.0868089,-0.0313488,72.2468,-0.00114928,0.0148077,-0.034042531973682344,0.014807738363742828,0.001436,999,,,,,,,-1,,-1,,,,,,,,,,,,,,,,,,,,"Brian Navarreto","16398",640459
"C.J. Stubbs","TOR",0,1,1,0,0,0,0,0,0,0,0,0,0,0,0,0,,0,0,0.187819,0.082407,0.371183,0.222012,0.273142,0.330216,0.269264,0.603358,0.142396,4.26286,0.279819,,-0.000658957,0.0826038,-0.0355539,70.6336,-0.000658957,0.0148488,-0.03527069592382759,0.014848804101347923,0.00143202,999,,,,,,,-1,,-1,,,,,,,,,,,,,,,,,,,,"C.J. Stubbs","25814",667690
"CJ Alexander","HOU",0,1,1,0,0,0,0,0,0,0,0,0,0,0,0,0,,0,0,0.221928,0.0597871,0.295508,0.20232,0.269584,0.394409,0.286535,0.663993,0.172481,4.85423,0.283253,,-0.00135621,0.0966258,-0.0215319,82.3799,-0.00135621,0.00293219,-0.02223965839948505,0.0029321908950805664,0.00142857,999,,,,,,,-1,,-1,,,,,,,,,,,,,,,,,,,,"CJ Alexander","20557",680769
"Jair Camargo","ATL",0,1,1,0,0,0,0,0,0,0,0,0,0,0,0,0,,0,0,0.224943,0.0533648,0.336671,0.158507,0.272398,0.385535,0.28516,0.657933,0.160592,3.80725,0.311061,,-0.00114737,0.0955096,-0.0226481,80.222,-0.00114737,0.00393692,-0.024458082974888384,0.003936924040317535,0.00142186,999,,,,,,,-1,,-1,,,,,,,,,,,,,,,,,,,,"Jair Camargo","21730",665856
"Anderson Fermin","BOS",0,1,1,0,0,0,0,0,0,0,0,0,0,0,0,0,,0,0,0.215304,0.114995,0.280383,0.410134,0.311066,0.327823,0.287799,0.638889,0.112519,6.09568,0.295211,,0.00243528,0.0976521,-0.0205056,78.6016,0.00243528,0.00213886,-0.022785183042287827,0.002138857962563634,0.00140905,999,,,,,,,-1,,-1,,,,,,,,,,,,,,,,,,,,"Anderson Fermin","sa3023759",821112
"Aroon Escobar","PHI",0,1,1,0,0,0,0,0,0,0,0,0,0,0,0,0,,0,0,0.23426,0.0678915,0.243617,0.278681,0.297237,0.373919,0.294621,0.671156,0.139659,4.70456,0.287163,,-0.0000616158,0.103191,-0.0149663,85.7998,-0.0000616158,-0.00262224,-0.0168917434712057,-0.0026222390588372946,0.00140744,999,,,,,,,-1,,-1,,,,,,,,,,,,,,,,,,,,"Aroon Escobar","sa3018463",800169
"Keston Hiura","LAD",0,1,1,0,0,0,0,0,0,0,0,0,0,0,0,0,,0,0,0.228532,0.0695414,0.315146,0.220664,0.298709,0.423019,0.312701,0.721727,0.194487,2.50574,0.293715,,-0.00221166,0.11787,-0.00028774,100.304,-0.00221166,-0.017667,-0.0018509584770072252,-0.01766696386039257,0.00140703,999,,,,,,,-1,,-1,,,,,,,,,,,,,,,,,,,,"Keston Hiura","20003",669374
"Christian Bethancourt","CHC",0,1,1,0,0,0,0,0,0,0,0,0,0,0,0,0,,0,0,0.219709,0.0469331,0.271064,0.173144,0.258882,0.360349,0.268816,0.619231,0.14064,3.95893,0.274624,,-0.0000326263,0.0822398,-0.0359179,71.5251,-0.0000326263,0.014259,-0.033781312602513935,0.01425904966890812,0.00140659,999,,,,,,,-1,,-1,,,,,,,,,,,,,,,,,,,,"Christian Bethancourt","10028",542194
"Anthony Prato",,0,1,1,0,0,0,0,0,0,0,0,0,0,0,0,0,,0,0,0.213244,0.10852,0.236605,0.458655,0.317593,0.303848,0.284393,0.621441,0.0906043,5.54282,0.280351,,0.00112004,0.0948869,-0.0232708,79.6936,0.00112004,0.00213886,-0.0228134177159518,0.002138857962563634,0.00140616,999,,,,,,,-1,,-1,,,,,,,,,,,,,,,,,,,,"Anthony Prato","sa1052903",668791
"Wyatt Sanford","PIT",0,1,1,0,0,0,0,0,0,0,0,0,0,0,0,0,,0,0,0.212363,0.0728125,0.265275,0.274479,0.289022,0.324312,0.274594,0.613334,0.111948,6.06244,0.278281,,0.00338171,0.0869311,-0.0312266,71.8074,0.00338171,0.0104961,-0.0300322980619967,0.010496087372303009,0.00140516,999,,,,,,,-1,,-1,,,,,,,,,,,,,,,,,,,,"Wyatt Sanford","sa3066665",815608
"Jonny Farmelo","SEA",0,1,1,0,0,0,0,0,0,0,0,0,0,0,0,0,,0,0,0.203638,0.0852877,0.314613,0.271088,0.277506,0.335659,0.271985,0.613165,0.132021,5.28504,0.279199,,0.000763232,0.0848129,-0.0333448,78.4357,0.000763232,0.00393692,-0.02465276565635577,0.003936924040317535,0.00140194,999,,,,,,,-1,,-1,,,,,,,,,,,,,,,,,,,,"Jonny Farmelo","sa3023362",806071
"Ty Southisene","CHC",0,1,1,0,0,0,0,0,0,0,0,0,0,0,0,0,,0,0,0.217193,0.0965719,0.23082,0.418385,0.303556,0.311369,0.278152,0.614925,0.0941754,5.21499,0.275053,,0.00264266,0.0898197,-0.028338,77.9205,0.00264266,0.00393692,-0.02352613816037774,0.003936924040317535,0.00139974,999,,,,,,,-1,,-1,,,,,,,,,,,,,,,,,,,,"Ty Southisene","sa3066842",807257
"Damiano Palmegiani",,0,1,1,0,0,0,0,0,0,0,0,0,0,0,0,0,,0,0,0.208099,0.0850141,0.286994,0.296223,0.291863,0.356425,0.287535,0.648289,0.148326,2.60102,0.26908,,-0.00171451,0.0974382,-0.0207195,83.2199,-0.00171451,0.000712953,-0.021491829422302544,0.0007129529840312898,0.00139549,999,,,,,,,-1,,-1,,,,,,,,,,,,,,,,,,,,"Damiano Palmegiani","sa3017326",671913
"Edwin Díaz","HOU",0,1,1,0,0,0,0,0,0,0,0,0,0,0,0,0,,0,0,0.204375,0.0775698,0.305502,0.253909,0.272965,0.358016,0.277296,0.630981,0.153641,3.08084,0.263943,,-0.000746211,0.0891244,-0.0290333,76.1377,-0.000746211,0.00784248,-0.02887067577103153,0.007842478342354298,0.00136998,999,,,,,,,-1,,-1,,,,,,,,,,,,,,,,,,,,"Edwin Diaz","sa738152",641521
"Carson McCusker",,0,1,1,0,0,0,0,0,0,0,0,0,0,0,0,0,,0,0,0.224152,0.0593887,0.355275,0.167163,0.275587,0.391949,0.289217,0.667536,0.167797,3.73699,0.319105,,-0.00189694,0.0988038,-0.0193539,83.0169,-0.00189694,0.000817677,-0.021913455449976027,0.0008176770061254501,0.00136307,999,,,,,,,-1,,-1,,,,,,,,,,,,,,,,,,,,"Carson McCusker","33098",676812
"James Tibbs III","LAD",0,1,1,0,0,0,0,0,0,0,0,0,0,0,0,0,,0,0,0.211587,0.104051,0.27191,0.382665,0.299054,0.352606,0.289673,0.65166,0.141019,3.49823,0.269526,,-0.00124953,0.0991739,-0.0189838,86.414,-0.00124953,-0.00262224,-0.01735169510357082,-0.0026222390588372946,0.00136038,999,,,,,,,-1,,-1,,,,,,,,,,,,,,,,,,,,"James Tibbs III","sa3025333",696486
"Dominic Fletcher","PIT",2,7,6,1,1,0,0,0,1,1,0,0,2,0,0,0,,0,0,0.233384,0.0571135,0.215946,0.26448,0.284936,0.349348,0.278673,0.634284,0.115964,4.29073,0.285709,-0.00408577,-0.0177817,0.6317,-0.195403,74.6018,-0.0218675,-0.0120163,-0.23258255422115326,0.01298366766422987,0.00136002,999,,,,,,,-0.4,-0.2,-0.4,-0.2,,,,,,,,,,,,,,,,,,,"Dominic Fletcher","26149",666150
"Jorge Alfaro","KCR",0,1,1,0,0,0,0,0,0,0,0,0,0,0,0,0,,0,0,0.229503,0.0318381,0.314583,0.101207,0.264425,0.374048,0.276403,0.638473,0.144545,5.47551,0.310231,,0.00161307,0.0883998,-0.0297579,71.9309,0.00161307,0.0102558,-0.031469674315303564,0.010255793109536171,0.00135099,999,,,,,,,-1,,-1,,,,,,,,,,,,,,,,,,,,"Jorge Alfaro","12180",595751
"Donovan Solano",,0,1,1,0,0,0,0,0,0,0,0,0,0,0,0,0,,0,0,0.237764,0.0709457,0.223509,0.317417,0.303761,0.337728,0.28572,0.641489,0.0999644,2.53439,0.296928,,-0.0017845,0.095964,-0.0221937,82.7708,-0.0017845,0.000855543,-0.02209109184332192,0.0008555430104024708,0.00134877,999,,,,,,,-1,,-1,,,,,,,,,,,,,,,,,,,,"Donovan Solano","8623",456781
"Luken Baker","ARI",0,1,1,0,0,0,0,0,0,0,0,0,0,0,0,0,,0,0,0.225469,0.10187,0.26488,0.384588,0.306521,0.415296,0.313514,0.721817,0.189827,2.32407,0.270719,,-0.00156253,0.11853,0.000372731,99.3682,-0.00156253,-0.0178238,-0.0023113323841243982,-0.01782381348311901,0.00134388,999,,,,,,,-1,,-1,,,,,,,,,,,,,,,,,,,,"Luken Baker","21497",663609
"Jose D. Hernandez","LAD",0,1,1,0,0,0,0,0,0,0,0,0,0,0,0,0,,0,0,0.215577,0.0690099,0.271062,0.25459,0.280162,0.350474,0.278131,0.630637,0.134898,4.04671,0.273594,,-0.000366562,0.0898029,-0.0283548,76.6232,-0.000366562,0.00784248,-0.02807290363125503,0.007842478342354298,0.00133414,999,,,,,,,-1,,-1,,,,,,,,,,,,,,,,,,,,"Jose D. Hernandez","sa3015557",691559
"Jon Jon Gazdar","STL",0,1,1,0,0,0,0,0,0,0,0,0,0,0,0,0,,0,0,0.238412,0.0523633,0.176167,0.297238,0.29676,0.320868,0.275915,0.617629,0.0824564,3.92375,0.282604,,-0.000582975,0.0880034,-0.0301543,76.7437,-0.000582975,0.00784248,-0.028146498720161617,0.007842478342354298,0.00132661,999,,,,,,,-1,,-1,,,,,,,,,,,,,,,,,,,,"Jon Jon Gazdar","sa3025160",822501
"Ben Malgeri","DET",0,1,1,0,0,0,0,0,0,0,0,0,0,0,0,0,,0,0,0.222929,0.0708397,0.283523,0.249855,0.289198,0.360062,0.285594,0.64926,0.137133,5.66681,0.297281,,-0.00134702,0.0958618,-0.0222959,81.028,-0.00134702,0.00213886,-0.023707765736617148,0.002138857962563634,0.00131466,999,,,,,,,-1,,-1,,,,,,,,,,,,,,,,,,,,"Ben Malgeri","sa3016975",701162
"Mikey Romero","BOS",0,1,1,0,0,0,0,0,0,0,0,0,0,0,0,0,,0,0,0.240901,0.0474622,0.273643,0.173446,0.279933,0.411703,0.297298,0.691636,0.170801,4.44625,0.306133,,-0.00144124,0.105364,-0.0127934,85.1451,-0.00144124,-0.00262224,-0.018949496443383396,-0.0026222390588372946,0.00131437,999,,,,,,,-1,,-1,,,,,,,,,,,,,,,,,,,,"Mikey Romero","sa3020216",702540
"Spencer Packard","SEA",0,1,1,0,0,0,0,0,0,0,0,0,0,0,0,0,,0,0,0.221272,0.0909204,0.205907,0.44156,0.304362,0.322295,0.28212,0.626657,0.101023,1.81388,0.267541,,-0.0017781,0.0930411,-0.0251166,85.4169,-0.0017781,-0.00262224,-0.018965936615131795,-0.0026222390588372946,0.00131269,999,,,,,,,-1,,-1,,,,,,,,,,,,,,,,,,,,"Spencer Packard","sa3016803",689070
"Adrián Sugastey","SFG",0,1,1,0,0,0,0,0,0,0,0,0,0,0,0,0,,0,0,0.235391,0.046198,0.181086,0.255116,0.274388,0.338299,0.268579,0.612687,0.102909,3.0427,0.273595,,-0.00148716,0.0820477,-0.03611,71.9641,-0.00148716,0.014259,-0.03471552871633321,0.01425904966890812,0.00131101,999,,,,,,,-1,,-1,,,,,,,,,,,,,,,,,,,,"Adrian Sugastey","sa3015190",692368
"Dante Nori","PHI",0,1,1,0,0,0,0,0,0,0,0,0,0,0,0,0,,0,0,0.22295,0.0813079,0.228433,0.355938,0.288038,0.330931,0.274374,0.61897,0.107981,6.94116,0.280949,,0.00225777,0.0867521,-0.0314056,71.9295,0.00225777,0.0104961,-0.03101159818470478,0.010496087372303009,0.00130497,999,,,,,,,-1,,-1,,,,,,,,,,,,,,,,,,,,"Dante Nori","sa3025411",807276
"David Bañuelos","MIN",0,1,1,0,0,0,0,0,0,0,0,0,0,0,0,0,,0,0,0.204649,0.0796667,0.328208,0.242733,0.275143,0.337305,0.271209,0.612448,0.132656,3.41488,0.286476,,-0.00128497,0.0841824,-0.0339753,70.6114,-0.00128497,0.014259,-0.03592286317143589,0.01425904966890812,0.00130495,999,,,,,,,-1,,-1,,,,,,,,,,,,,,,,,,,,"David Banuelos","23250",675915
"Austin Gauthier","LAD",0,1,1,0,0,0,0,0,0,0,0,0,0,0,0,0,,0,0,0.213972,0.132332,0.232827,0.568372,0.322839,0.300843,0.286043,0.623681,0.086871,3.81461,0.279331,,-0.00138447,0.0962268,-0.0219309,82.0432,-0.00138447,0.00213886,-0.02266695350408554,0.002138857962563634,0.00130368,999,,,,,,,-1,,-1,,,,,,,,,,,,,,,,,,,,"Austin Gauthier","sa3017121",702789
"Creed Willems","BAL",0,1,1,0,0,0,0,0,0,0,0,0,0,0,0,0,,0,0,0.220805,0.0642686,0.24743,0.259745,0.28326,0.377513,0.289032,0.660773,0.156708,2.4342,0.26415,,-0.0014906,0.0986536,-0.0195041,85.0918,-0.0014906,-0.00262224,-0.019061611383222044,-0.0026222390588372946,0.0013029,999,,,,,,,-1,,-1,,,,,,,,,,,,,,,,,,,,"Creed Willems","sa3017562",695735
"Ronaldo Hernández",,0,1,1,0,0,0,0,0,0,0,0,0,0,0,0,0,,0,0,0.220498,0.0543151,0.229191,0.236986,0.271129,0.361523,0.276487,0.632652,0.141024,2.20928,0.259119,,-0.00160681,0.0884679,-0.0296898,70.8092,-0.00160681,0.014259,-0.036011522519402206,0.01425904966890812,0.00129588,999,,,,,,,-1,,-1,,,,,,,,,,,,,,,,,,,,"Ronaldo Hernandez","sa881850",660613
"Justin Gonzales","BOS",0,1,1,0,0,0,0,0,0,0,0,0,0,0,0,0,,0,0,0.244003,0.0587249,0.223622,0.262608,0.296248,0.373439,0.293136,0.669687,0.129436,3.36665,0.298199,,-0.00301391,0.101985,-0.0161725,82.2781,-0.00301391,0.00213886,-0.023901251144707203,0.002138857962563634,0.00129487,999,,,,,,,-1,,-1,,,,,,,,,,,,,,,,,,,,"Justin Gonzales","sa3023757",821100
"Thayron Liranzo","DET",0,1,1,0,0,0,0,0,0,0,0,0,0,0,0,0,,0,0,0.204846,0.107832,0.312663,0.344882,0.292585,0.355408,0.287327,0.647992,0.150562,1.71411,0.274379,,-0.00150571,0.0972685,-0.0208892,82.2215,-0.00150571,0.000657342,-0.02245973772369325,0.0006573420250788331,0.00129077,999,,,,,,,-1,,-1,,,,,,,,,,,,,,,,,,,,"Thayron Liranzo","sa3015790",699073
"Yonathan Perlaza",,0,1,1,0,0,0,0,0,0,0,0,0,0,0,0,0,,0,0,0.230161,0.0880756,0.248673,0.354183,0.300384,0.377479,0.2971,0.677864,0.147319,3.96015,0.287065,,-0.00153447,0.105204,-0.0129541,92.8468,-0.00153447,-0.0106943,-0.010012471000663936,-0.010694287717342377,0.0012854,999,,,,,,,-1,,-1,,,,,,,,,,,,,,,,,,,,"Yonathan Perlaza","sa917302",666632
"Asbel Gonzalez","KCR",0,1,1,0,0,0,0,0,0,0,0,0,0,0,0,0,,0,0,0.219847,0.0611157,0.226109,0.270293,0.291828,0.311453,0.271393,0.603281,0.0916064,6.55224,0.27826,,0.0047715,0.0843322,-0.0338255,68.4797,0.0047715,0.0104961,-0.03237889287993312,0.010496087372303009,0.00128255,999,,,,,,,-1,,-1,,,,,,,,,,,,,,,,,,,,"Asbel Gonzalez","sa3021639",808706
"Eli Wilson",,0,1,1,0,0,0,0,0,0,0,0,0,0,0,0,0,,0,0,0.216846,0.0717237,0.257897,0.27811,0.281622,0.338225,0.274446,0.619847,0.121379,3.48055,0.27525,,-0.00155305,0.0868109,-0.0313468,71.706,-0.00155305,0.014259,-0.035087243653833866,0.01425904966890812,0.00127298,999,,,,,,,-1,,-1,,,,,,,,,,,,,,,,,,,,"Eli Wilson","sa918961",670250
"Noah Mendlinger","STL",0,1,1,0,0,0,0,0,0,0,0,0,0,0,0,0,,0,0,0.238152,0.0847412,0.15057,0.562804,0.324021,0.304117,0.286472,0.628138,0.0659648,2.75328,0.280248,,-0.00402286,0.0965744,-0.0215833,83.9754,-0.00402286,0.00213886,-0.023015348706394434,0.002138857962563634,0.00126804,999,,,,,,,-1,,-1,,,,,,,,,,,,,,,,,,,,"Noah Mendlinger","sa3017001",702331
"Marshall Toole","TBR",0,1,1,0,0,0,0,0,0,0,0,0,0,0,0,0,,0,0,0.216463,0.0855426,0.285884,0.299221,0.288026,0.335273,0.276264,0.623299,0.118809,8.09571,0.29787,,0.00413814,0.088287,-0.0298707,75.9801,0.00413814,0.00213886,-0.02417209418490529,0.002138857962563634,0.00126715,999,,,,,,,-1,,-1,,,,,,,,,,,,,,,,,,,,"Marshall Toole","sa3025270",828319
"Michael Turner","CHW",0,1,1,0,0,0,0,0,0,0,0,0,0,0,0,0,,0,0,0.212623,0.102738,0.249383,0.411968,0.297623,0.297893,0.270148,0.595516,0.0852699,2.43549,0.281527,,-0.00140121,0.0833215,-0.0348362,70.3817,-0.00140121,0.014259,-0.03630988148506731,0.01425904966890812,0.00126535,999,,,,,,,-1,,-1,,,,,,,,,,,,,,,,,,,,"Michael Turner","sa3020658",694478
"Ethan Hedges","COL",0,1,1,0,0,0,0,0,0,0,0,0,0,0,0,0,,0,0,0.236761,0.0798352,0.230678,0.34609,0.30534,0.361232,0.294502,0.666571,0.12447,4.30685,0.293954,,-0.00020959,0.103095,-0.015063,73.6759,-0.00020959,0.0104961,-0.0314091030304553,0.010496087372303009,0.0012643,999,,,,,,,-1,,-1,,,,,,,,,,,,,,,,,,,,"Ethan Hedges","sa3033512",805260
"Devonte Brown",,0,1,1,0,0,0,0,0,0,0,0,0,0,0,0,0,,0,0,0.200761,0.104683,0.328519,0.318652,0.291644,0.333988,0.280013,0.625631,0.133226,4.58404,0.283025,,0.00157463,0.0913309,-0.0268268,78.0381,0.00157463,0.00213886,-0.024309984524734318,0.002138857962563634,0.00125305,999,,,,,,,-1,,-1,,,,,,,,,,,,,,,,,,,,"Devonte Brown","sa3020189",675994
"Jose Cordova","COL",0,1,1,0,0,0,0,0,0,0,0,0,0,0,0,0,,0,0,0.236499,0.0832091,0.233044,0.357053,0.306621,0.347746,0.29051,0.654366,0.111247,3.95777,0.299798,,-0.000954425,0.0998535,-0.0183042,70.9411,-0.000954425,0.014259,-0.035395214275922626,0.01425904966890812,0.00124147,999,,,,,,,-1,,-1,,,,,,,,,,,,,,,,,,,,"Jose Cordova","sa3006548",682276
"Reiner Herrera","CLE",0,1,1,0,0,0,0,0,0,0,0,0,0,0,0,0,,0,0,0.204022,0.0795227,0.278288,0.285757,0.277521,0.321904,0.267342,0.599425,0.117881,3.69824,0.26795,,-0.00110071,0.0810429,-0.0371148,69.8902,-0.00110071,0.014259,-0.036588668008334935,0.01425904966890812,0.00123683,999,,,,,,,-1,,-1,,,,,,,,,,,,,,,,,,,,"Reiner Herrera","sa3021172",808096
"Jake Fox","CLE",0,1,1,0,0,0,0,0,0,0,0,0,0,0,0,0,,0,0,0.209371,0.0981637,0.255738,0.383845,0.289919,0.312374,0.270453,0.602293,0.103003,5.10805,0.276004,,0.000052471,0.0835688,-0.0345889,72.0333,0.000052471,0.0104961,-0.03290954952171887,0.010496087372303009,0.00122825,999,,,,,,,-1,,-1,,,,,,,,,,,,,,,,,,,,"Jake Fox","sa3017734",695780
"Alberth Palma","TBR",0,1,1,0,0,0,0,0,0,0,0,0,0,0,0,0,,0,0,0.224795,0.0822919,0.225288,0.365275,0.294433,0.331685,0.278683,0.626117,0.106889,5.05756,0.279951,,-0.00158587,0.090251,-0.0279067,75.636,-0.00158587,0.00784248,-0.030301696970127523,0.007842478342354298,0.00122357,999,,,,,,,-1,,-1,,,,,,,,,,,,,,,,,,,,"Alberth Palma","sa3022924",808285
"Eliezer Alfonzo","LAD",0,1,1,0,0,0,0,0,0,0,0,0,0,0,0,0,,0,0,0.232782,0.0502452,0.153381,0.327583,0.274568,0.341526,0.270247,0.616094,0.108743,1.97927,0.256735,,-0.00158318,0.0834015,-0.0347562,71.2221,-0.00158318,0.014259,-0.035690981545485556,0.01425904966890812,0.00121121,999,,,,,,,-1,,-1,,,,,,,,,,,,,,,,,,,,"Eliezer Alfonzo","sa3003262",672613
"Edward Lantigua","NYM",0,1,1,0,0,0,0,0,0,0,0,0,0,0,0,0,,0,0,0.214419,0.0911487,0.255489,0.356761,0.295968,0.327712,0.279446,0.62368,0.113294,4.2064,0.274991,,-0.00204724,0.0908706,-0.0272871,80.3159,-0.00204724,0.00393692,-0.025376919424161315,0.003936924040317535,0.00121038,999,,,,,,,-1,,-1,,,,,,,,,,,,,,,,,,,,"Edward Lantigua","sa3024476",815928
"Oliver Dunn","CHW",0,1,1,0,0,0,0,0,0,0,0,0,0,0,0,0,,0,0,0.211712,0.0940068,0.316544,0.296979,0.293549,0.34017,0.282028,0.633718,0.128458,6.23567,0.300921,,0.0015851,0.0929666,-0.0251911,78.5651,0.0015851,0.00108506,-0.023678453406319022,0.001085057039745152,0.00120984,999,,,,,,,-1,,-1,,,,,,,,,,,,,,,,,,,,"Oliver Dunn","26295",686554
"Connor Caskenette","MIA",0,1,1,0,0,0,0,0,0,0,0,0,0,0,0,0,,0,0,0.214018,0.0901439,0.260907,0.345503,0.292205,0.310831,0.271274,0.603036,0.0968124,4.36499,0.284277,,-0.000241143,0.0842358,-0.033922,70.0758,-0.000241143,0.014259,-0.03570751231745817,0.01425904966890812,0.00120952,999,,,,,,,-1,,-1,,,,,,,,,,,,,,,,,,,,"Connor Caskenette","sa3025240",683353
"Skylar King","BOS",0,1,1,0,0,0,0,0,0,0,0,0,0,0,0,0,,0,0,0.230029,0.0639221,0.245968,0.25988,0.294065,0.358605,0.287716,0.65267,0.128575,5.72381,0.290758,,0.000463362,0.0975846,-0.0205731,78.5443,0.000463362,0.00213886,-0.024824646534398198,0.002138857962563634,0.00120039,999,,,,,,,-1,,-1,,,,,,,,,,,,,,,,,,,,"Skylar King","sa3035415",703455
"Robert Arias","CLE",0,1,1,0,0,0,0,0,0,0,0,0,0,0,0,0,,0,0,0.217817,0.0850092,0.22722,0.374127,0.286835,0.323445,0.272054,0.61028,0.105628,5.12642,0.269886,,0.00499519,0.0848685,-0.0332892,73.136,0.00499519,0.00393692,-0.026667185127735138,0.003936924040317535,0.00119584,999,,,,,,,-1,,-1,,,,,,,,,,,,,,,,,,,,"Robert Arias","sa3024304",815897
"Roldy Brito","COL",0,1,1,0,0,0,0,0,0,0,0,0,0,0,0,0,,0,0,0.255322,0.0599255,0.255351,0.234679,0.305771,0.388376,0.302649,0.694148,0.133055,6.742,0.330784,,0.000862567,0.109709,-0.00844841,79.2568,0.000862567,0.00213886,-0.02372239518444985,0.002138857962563634,0.0011957,999,,,,,,,-1,,-1,,,,,,,,,,,,,,,,,,,,"Roldy Brito","sa3023917",821041
"Turner Hill","SFG",0,1,1,0,0,0,0,0,0,0,0,0,0,0,0,0,,0,0,0.231133,0.081725,0.167451,0.488054,0.303583,0.317116,0.278547,0.620699,0.0859831,6.07662,0.274278,,0.00131039,0.0901403,-0.0280174,78.792,0.00131039,0.00213886,-0.023825446609407663,0.002138857962563634,0.00118515,999,,,,,,,-1,,-1,,,,,,,,,,,,,,,,,,,,"Turner Hill","sa3020943",806367
"William Bergolla Jr.","CHW",0,1,1,0,0,0,0,0,0,0,0,0,0,0,0,0,,0,0,0.255127,0.0538481,0.118075,0.456051,0.297822,0.340056,0.281196,0.637878,0.0849288,5.06952,0.280621,,-0.000958207,0.092291,-0.0258667,77.9919,-0.000958207,0.00393692,-0.026897363946773112,0.003936924040317535,0.00117229,999,,,,,,,-1,,-1,,,,,,,,,,,,,,,,,,,,"William Bergolla Jr.","sa3019777",703151
"Josh Kross","STL",0,1,1,0,0,0,0,0,0,0,0,0,0,0,0,0,,0,0,0.209185,0.0514668,0.292482,0.175966,0.261379,0.349584,0.267228,0.610964,0.140399,3.55661,0.272747,,-0.00145699,0.0809508,-0.0372069,70.7932,-0.00145699,0.014259,-0.036073110764846206,0.01425904966890812,0.00117211,999,,,,,,,-1,,-1,,,,,,,,,,,,,,,,,,,,"Josh Kross","sa3025158",811339
"Colton Becker","KCR",0,1,1,0,0,0,0,0,0,0,0,0,0,0,0,0,,0,0,0.222083,0.0812626,0.214969,0.37802,0.28938,0.316105,0.270704,0.605485,0.0940211,5.77416,0.273837,,0.00686387,0.0837724,-0.0343853,68.0047,0.00686387,0.00784248,-0.03084631636738777,0.007842478342354298,0.00116785,999,,,,,,,-1,,-1,,,,,,,,,,,,,,,,,,,,"Colton Becker","sa3025438",813851
"Griff O'Ferrall","BAL",0,1,1,0,0,0,0,0,0,0,0,0,0,0,0,0,,0,0,0.223777,0.0763266,0.205723,0.371016,0.286964,0.324035,0.271796,0.610999,0.100257,5.46329,0.270966,,0.00133901,0.0846593,-0.0334985,73.2183,0.00133901,0.0072165,-0.03022636449895799,0.007216504774987698,0.00116723,999,,,,,,,-1,,-1,,,,,,,,,,,,,,,,,,,,"Griff O'Ferrall","sa3025409",803172
"Hendry Mendez","MIN",0,1,1,0,0,0,0,0,0,0,0,0,0,0,0,0,,0,0,0.244862,0.0973849,0.184829,0.526891,0.322028,0.351792,0.29989,0.673819,0.10693,3.05147,0.29066,,-0.00248994,0.107469,-0.0106885,90.3691,-0.00248994,-0.0091814,-0.013841067906469107,-0.009181401692330837,0.00116594,999,,,,,,,-1,,-1,,,,,,,,,,,,,,,,,,,,"Hendry Mendez","sa3015727",694230
"Chris Newell","LAD",0,1,1,0,0,0,0,0,0,0,0,0,0,0,0,0,,0,0,0.193886,0.100199,0.35584,0.281586,0.277459,0.358902,0.28065,0.636361,0.165016,4.69545,0.269853,,0.00157366,0.0918479,-0.0263098,78.3487,0.00157366,0.00213886,-0.02408765791915357,0.002138857962563634,0.00115833,999,,,,,,,-1,,-1,,,,,,,,,,,,,,,,,,,,"Chris Newell","sa3019971",683006
"Jeremiah Boyd","ARI",0,1,1,0,0,0,0,0,0,0,0,0,0,0,0,0,,0,0,0.209933,0.0804481,0.293038,0.274532,0.280455,0.330739,0.271613,0.611194,0.120806,3.25993,0.282452,,-0.00146793,0.0845106,-0.0336471,70.6645,-0.00146793,0.014259,-0.036236573942005634,0.01425904966890812,0.00115539,999,,,,,,,-1,,-1,,,,,,,,,,,,,,,,,,,,"Jeremiah Boyd","sa3022402",681317
"Lyle Lin",,0,1,1,0,0,0,0,0,0,0,0,0,0,0,0,0,,0,0,0.219318,0.0716199,0.221018,0.324046,0.288913,0.314778,0.27059,0.603691,0.0954605,2.76563,0.272719,,-0.00206688,0.0836798,-0.0344779,70.5894,-0.00206688,0.014259,-0.03682766458950937,0.01425904966890812,0.00115364,999,,,,,,,-1,,-1,,,,,,,,,,,,,,,,,,,,"Lyle Lin","sa918343",670076
"Max Williams","MIA",0,1,1,0,0,0,0,0,0,0,0,0,0,0,0,0,,0,0,0.228428,0.0767559,0.231854,0.331053,0.293996,0.344432,0.282801,0.638429,0.116004,4.32614,0.283122,,0.000148042,0.0935941,-0.0245636,77.9718,0.000148042,0.00393692,-0.02595998250762932,0.003936924040317535,0.00115073,999,,,,,,,-1,,-1,,,,,,,,,,,,,,,,,,,,"Max Williams","sa3045333",703637
"Patrick Clohisy","ATL",0,1,1,0,0,0,0,0,0,0,0,0,0,0,0,0,,0,0,0.229123,0.066331,0.245521,0.270165,0.285318,0.339261,0.275838,0.624579,0.110138,6.39312,0.290636,,0.00656398,0.0879413,-0.0302164,74.0724,0.00656398,0.00213886,-0.0241655926220119,0.002138857962563634,0.00115035,999,,,,,,,-1,,-1,,,,,,,,,,,,,,,,,,,,"Patrick Clohisy","sa3025223",802117
"Tommy White","ATH",0,1,1,0,0,0,0,0,0,0,0,0,0,0,0,0,,0,0,0.235475,0.0507616,0.21192,0.239532,0.279403,0.369178,0.282744,0.648581,0.133703,1.97402,0.276254,,-0.00165063,0.0935483,-0.0246094,78.939,-0.00165063,0.00393692,-0.02654286567121744,0.003936924040317535,0.00114983,999,,,,,,,-1,,-1,,,,,,,,,,,,,,,,,,,,"Tommy White","sa3025383",695720
"Mike Boeve","MIL",0,1,1,0,0,0,0,0,0,0,0,0,0,0,0,0,,0,0,0.230721,0.0873833,0.253411,0.344828,0.303262,0.3513,0.290087,0.654562,0.12058,3.63949,0.296158,,-0.00171053,0.09951,-0.0186477,85.0589,-0.00171053,-0.00262224,-0.019418842741288245,-0.0026222390588372946,0.00114888,999,,,,,,,-1,,-1,,,,,,,,,,,,,,,,,,,,"Mike Boeve","sa3022658",801670
"Vinny Capra","BOS",0,1,1,0,0,0,0,0,0,0,0,0,0,0,0,0,,0,0,0.235939,0.0784776,0.219326,0.357812,0.302745,0.341239,0.286098,0.643984,0.1053,4.47251,0.293895,,-0.000162539,0.0962708,-0.0218869,77.4297,-0.000162539,0.00356476,-0.02676428334962111,0.0035647631157189608,0.00114783,999,,,,,,,-1,,-1,,,,,,,,,,,,,,,,,,,,"Vinny Capra","25040",681962
"Theo Gillen","TBR",0,1,1,0,0,0,0,0,0,0,0,0,0,0,0,0,,0,0,0.203531,0.116175,0.303778,0.382434,0.307045,0.321065,0.284565,0.62811,0.117534,5.13791,0.284037,,0.00330191,0.0950266,-0.0231311,79.6879,0.00330191,-0.00262224,-0.02063827309757471,-0.0026222390588372946,0.00114159,999,,,,,,,-1,,-1,,,,,,,,,,,,,,,,,,,,"Theo Gillen","sa3025565",815394
"Irvin Nunez","MIN",0,1,1,0,0,0,0,0,0,0,0,0,0,0,0,0,,0,0,0.202103,0.09576,0.297086,0.322331,0.289165,0.306302,0.269124,0.595466,0.104199,3.10049,0.28102,,-0.00119778,0.0824898,-0.0356679,69.1753,-0.00119778,0.014259,-0.037528289132751524,0.01425904966890812,0.0011407,999,,,,,,,-1,,-1,,,,,,,,,,,,,,,,,,,,"Irvin Nunez","sa3023899",815966
"Marco Luciano","NYY",0,1,1,0,0,0,0,0,0,0,0,0,0,0,0,0,,0,0,0.210656,0.113666,0.3213,0.35377,0.302456,0.372115,0.297942,0.674571,0.161459,3.36128,0.285013,,-0.00189869,0.105887,-0.0122704,90.9131,-0.00189869,-0.0106943,-0.01260867016389966,-0.010694287717342377,0.00113725,999,,,,,,,-1,,-1,,,,,,,,,,,,,,,,,,,,"Marco Luciano","25616",682617
"Cooper Bowman","ATH",0,1,1,0,0,0,0,0,0,0,0,0,0,0,0,0,,0,0,0.20665,0.0815247,0.267231,0.305072,0.280077,0.324418,0.269392,0.604495,0.117768,6.4152,0.268728,,0.00578255,0.0827071,-0.0354507,69.7663,0.00578255,0.0072165,-0.029950957745313644,0.007216504774987698,0.00113668,999,,,,,,,-1,,-1,,,,,,,,,,,,,,,,,,,,"Cooper Bowman","sa3016966",688682
"Freuddy Batista","HOU",0,1,1,0,0,0,0,0,0,0,0,0,0,0,0,0,,0,0,0.203533,0.0489395,0.301549,0.162294,0.255443,0.332901,0.258503,0.588344,0.129368,2.82371,0.270701,,-0.00120675,0.0738663,-0.0442914,69.1481,-0.00120675,0.014259,-0.037569357198663056,0.01425904966890812,0.00113649,999,,,,,,,-1,,-1,,,,,,,,,,,,,,,,,,,,"Freuddy Batista","sa3002866",673945
"Paxton Kling","TEX",0,1,1,0,0,0,0,0,0,0,0,0,0,0,0,0,,0,0,0.224637,0.0700832,0.254583,0.275286,0.285132,0.353174,0.280919,0.638306,0.128537,3.87932,0.284165,,-0.00125324,0.0920665,-0.0260912,79.464,-0.00125324,0.00213886,-0.025457297102548182,0.002138857962563634,0.00113566,999,,,,,,,-1,,-1,,,,,,,,,,,,,,,,,,,,"Paxton Kling","sa3035512",702265
"Francisco Acuna","SDP",0,1,1,0,0,0,0,0,0,0,0,0,0,0,0,0,,0,0,0.209482,0.0791332,0.255338,0.309916,0.287824,0.312539,0.270116,0.600362,0.103056,4.10605,0.271446,,0.000369312,0.0832955,-0.0348622,74.3622,0.000369312,0.00784248,-0.03001680225133896,0.007842478342354298,0.00113525,999,,,,,,,-1,,-1,,,,,,,,,,,,,,,,,,,,"Francisco Acuna","sa3003291",672696
"Josh Adamczewski","MIL",0,1,1,0,0,0,0,0,0,0,0,0,0,0,0,0,,0,0,0.223415,0.0921153,0.263762,0.349236,0.30113,0.351049,0.289269,0.652179,0.127634,4.03711,0.290718,,-0.00120033,0.098846,-0.0193117,84.4987,-0.00120033,-0.00262224,-0.019572633784264326,-0.0026222390588372946,0.00113315,999,,,,,,,-1,,-1,,,,,,,,,,,,,,,,,,,,"Josh Adamczewski","sa3023168",815304
"Charles McAdoo","TOR",0,1,1,0,0,0,0,0,0,0,0,0,0,0,0,0,,0,0,0.222261,0.0731254,0.290579,0.251654,0.284027,0.363188,0.283944,0.647215,0.140926,5.38538,0.292636,,0.00196192,0.0945226,-0.0236351,80.7461,0.00196192,-0.00262224,-0.02073100651614368,-0.0026222390588372946,0.0011321,999,,,,,,,-1,,-1,,,,,,,,,,,,,,,,,,,,"Charles McAdoo","sa3022823",807727
"Mitch Voit","NYM",0,1,1,0,0,0,0,0,0,0,0,0,0,0,0,0,,0,0,0.208903,0.0828061,0.282457,0.293163,0.280486,0.322517,0.268879,0.603003,0.113614,5.97293,0.277172,,0.00575974,0.0822909,-0.0358668,73.0769,0.00575974,0.00393692,-0.026149666402488947,0.003936924040317535,0.00113132,999,,,,,,,-1,,-1,,,,,,,,,,,,,,,,,,,,"Mitch Voit","sa3044552",702491
"Nick Raposo","SEA",0,1,1,0,0,0,0,0,0,0,0,0,0,0,0,0,,0,0,0.208051,0.0726461,0.253957,0.286057,0.269995,0.31183,0.258901,0.581825,0.103779,2.56501,0.266825,,-0.00159056,0.0741894,-0.0439683,69.4221,-0.00159056,0.014259,-0.037630119593814015,0.01425904966890812,0.00113028,999,,,,,,,-1,,-1,,,,,,,,,,,,,,,,,,,,"Nick Raposo","sa3015018",695596
"Bennett Thompson","CLE",0,1,1,0,0,0,0,0,0,0,0,0,0,0,0,0,,0,0,0.217166,0.0732961,0.232781,0.314871,0.281853,0.318245,0.267512,0.600098,0.101079,2.47021,0.273005,,-0.0022855,0.0811812,-0.0369765,70.0075,-0.0022855,0.014259,-0.03763516922481358,0.01425904966890812,0.00112976,999,,,,,,,-1,,-1,,,,,,,,,,,,,,,,,,,,"Bennett Thompson","sa3025451",701750
"Owen Miller","CHC",0,1,1,0,0,0,0,0,0,0,0,0,0,0,0,0,,0,0,0.253576,0.055394,0.198884,0.278524,0.302246,0.37201,0.295391,0.674256,0.118434,4.54224,0.303527,,0.000541661,0.103816,-0.0143418,74.2843,0.000541661,0.00768677,-0.029936731210909784,0.007686769124120474,0.00112751,999,,,,,,,-1,,-1,,,,,,,,,,,,,,,,,,,,"Owen Miller","24655",680911
"Kody Huff","CLE",0,1,1,0,0,0,0,0,0,0,0,0,0,0,0,0,,0,0,0.214339,0.0750507,0.268864,0.279139,0.280907,0.317991,0.267049,0.598898,0.103652,2.8248,0.284445,,-0.00195006,0.080805,-0.0373527,69.6883,-0.00195006,0.014259,-0.037675922620110214,0.01425904966890812,0.00112559,999,,,,,,,-1,,-1,,,,,,,,,,,,,,,,,,,,"Kody Huff","sa3019982",687627
"Marek Houston","MIN",0,1,1,0,0,0,0,0,0,0,0,0,0,0,0,0,,0,0,0.223853,0.0660705,0.25646,0.257625,0.280827,0.343403,0.275175,0.62423,0.11955,4.4482,0.284762,,0.000711729,0.0874026,-0.0307551,73.3436,0.000711729,0.0072165,-0.030705946090165526,0.007216504774987698,0.00111817,999,,,,,,,-1,,-1,,,,,,,,,,,,,,,,,,,,"Marek Houston","sa3034152",701339
"Alfonsin Rosario","CLE",0,1,1,0,0,0,0,0,0,0,0,0,0,0,0,0,,0,0,0.206164,0.072627,0.332499,0.218428,0.275793,0.35399,0.277446,0.629783,0.147826,4.18531,0.284924,,-0.000248964,0.0892467,-0.0289111,76.8506,-0.000248964,0.00393692,-0.027533172426046804,0.003936924040317535,0.00110724,999,,,,,,,-1,,-1,,,,,,,,,,,,,,,,,,,,"Alfonsin Rosario","sa3022868",806210
"Braylon Payne","MIL",0,1,1,0,0,0,0,0,0,0,0,0,0,0,0,0,,0,0,0.200273,0.0937937,0.349313,0.268509,0.275533,0.331045,0.269211,0.606578,0.130772,6.02041,0.292657,,0.00170813,0.0825602,-0.0355975,70.7578,0.00170813,0.0104961,-0.03294997487682849,0.010496087372303009,0.00110665,999,,,,,,,-1,,-1,,,,,,,,,,,,,,,,,,,,"Braylon Payne","sa3025647",815520
"Zach Morgan","SFG",0,1,1,0,0,0,0,0,0,0,0,0,0,0,0,0,,0,0,0.212045,0.0838865,0.223177,0.375875,0.282035,0.309404,0.264953,0.591439,0.0973582,2.90291,0.261986,,-0.000556989,0.0791036,-0.0390542,69.48,-0.000556989,0.014259,-0.036729535553604364,0.01425904966890812,0.00110495,999,,,,,,,-1,,-1,,,,,,,,,,,,,,,,,,,,"Zach Morgan","sa3019968",681439
"Rio Foster","LAA",0,1,1,0,0,0,0,0,0,0,0,0,0,0,0,0,,0,0,0.207972,0.0910321,0.31927,0.285126,0.293266,0.335201,0.280937,0.628467,0.127229,4.25956,0.293472,,-0.000356085,0.092081,-0.0260767,76.8928,-0.000356085,0.00393692,-0.027590646845055744,0.003936924040317535,0.00110136,999,,,,,,,-1,,-1,,,,,,,,,,,,,,,,,,,,"Rio Foster","sa3022491",815306
"Caleb Knight",,0,1,1,0,0,0,0,0,0,0,0,0,0,0,0,0,,0,0,0.205824,0.0674519,0.271969,0.248014,0.278338,0.317686,0.266741,0.596024,0.111862,3.72429,0.26804,,-0.00134213,0.0805553,-0.0376025,70.1037,-0.00134213,0.014259,-0.036775398650206625,0.01425904966890812,0.00110026,999,,,,,,,-1,,-1,,,,,,,,,,,,,,,,,,,,"Caleb Knight","sa3008279",676332
"Wes Clarke",,0,1,1,0,0,0,0,0,0,0,0,0,0,0,0,0,,0,0,0.207687,0.131232,0.302544,0.43376,0.316683,0.373817,0.306654,0.6905,0.16613,1.85295,0.271017,,-0.00158354,0.112961,-0.00519697,96.3617,-0.00158354,-0.0178238,-0.005871714209206402,-0.01782381348311901,0.00109708,999,,,,,,,-1,,-1,,,,,,,,,,,,,,,,,,,,"Wes Clarke","sa3017045",682265
"Eric Martinez","MIL",0,1,1,0,0,0,0,0,0,0,0,0,0,0,0,0,,0,0,0.208011,0.0594886,0.308172,0.193037,0.266757,0.340619,0.267469,0.607376,0.132608,3.71003,0.278975,,-0.000807699,0.0811459,-0.0370118,69.5645,-0.000807699,0.014259,-0.036880121275316924,0.01425904966890812,0.00108954,999,,,,,,,-1,,-1,,,,,,,,,,,,,,,,,,,,"Eric Martinez","sa3017023",702444
"Cole Conn","ATH",0,1,1,0,0,0,0,0,0,0,0,0,0,0,0,0,,0,0,0.206023,0.0877623,0.278527,0.315094,0.286411,0.310988,0.268739,0.597399,0.104965,3.79087,0.277458,,-0.00119633,0.0821775,-0.0359802,69.3183,-0.00119633,0.014259,-0.037459421437233686,0.01425904966890812,0.00108901,999,,,,,,,-1,,-1,,,,,,,,,,,,,,,,,,,,"Cole Conn","sa3029251",813833
"Alex Stone","TOR",0,1,1,0,0,0,0,0,0,0,0,0,0,0,0,0,,0,0,0.21762,0.0562502,0.242508,0.231952,0.271647,0.331347,0.266216,0.602994,0.113727,3.27617,0.271347,,-0.000958924,0.0801287,-0.038029,68.5336,-0.000958924,0.014259,-0.03804571967339143,0.01425904966890812,0.00108776,999,,,,,,,-1,,-1,,,,,,,,,,,,,,,,,,,,"Alex Stone","sa3025480",694565
"Hayden Alvarez","LAA",0,1,1,0,0,0,0,0,0,0,0,0,0,0,0,0,,0,0,0.224228,0.0826113,0.26076,0.31681,0.291515,0.333103,0.277614,0.624618,0.108875,5.48509,0.29166,,0.00217682,0.0893829,-0.0287748,74.6036,0.00217682,0.00393692,-0.02775584114715457,0.003936924040317535,0.00108446,999,,,,,,,-1,,-1,,,,,,,,,,,,,,,,,,,,"Hayden Alvarez","sa3023906",820986
"Jesús  Baéz","STL",0,1,1,0,0,0,0,0,0,0,0,0,0,0,0,0,,0,0,0.229132,0.0614543,0.221144,0.277892,0.279247,0.366201,0.281935,0.645448,0.137069,2.34578,0.269694,,-0.00202866,0.0928908,-0.0252669,82.0205,-0.00202866,0.000657342,-0.02333813882432878,0.0006573420250788331,0.00108343,999,,,,,,,-1,,-1,,,,,,,,,,,,,,,,,,,,"Jesus  Baez","sa3018507",800305
"Jeral Perez","CHW",0,1,1,0,0,0,0,0,0,0,0,0,0,0,0,0,,0,0,0.219863,0.0669228,0.262633,0.254815,0.278235,0.37547,0.285306,0.653705,0.155607,2.38678,0.268605,,-0.00191308,0.0956278,-0.0225299,80.823,-0.00191308,0.000657342,-0.024515459197573364,0.0006573420250788331,0.00108045,999,,,,,,,-1,,-1,,,,,,,,,,,,,,,,,,,,"Jeral Perez","sa3018557",800419
"Peyton Wilson","KCR",0,1,1,0,0,0,0,0,0,0,0,0,0,0,0,0,,0,0,0.223768,0.0849217,0.239726,0.354244,0.297941,0.339527,0.28345,0.637468,0.115759,5.87339,0.285618,,0.00136332,0.0941214,-0.0240363,76.7854,0.00136332,0.00213886,-0.025997809134423733,0.002138857962563634,0.00108036,999,,,,,,,-1,,-1,,,,,,,,,,,,,,,,,,,,"Peyton Wilson","sa3017110",686523
"Milan Tolentino","CLE",0,1,1,0,0,0,0,0,0,0,0,0,0,0,0,0,,0,0,0.209097,0.0845525,0.319889,0.264319,0.278991,0.331099,0.270738,0.61009,0.122002,4.77158,0.295007,,0.00102713,0.0838003,-0.0343574,72.2297,0.00102713,0.00784248,-0.03170339670032263,0.007842478342354298,0.00108016,999,,,,,,,-1,,-1,,,,,,,,,,,,,,,,,,,,"Milan Tolentino","sa3014544",675455
"Griffin Lockwood-Powell","LAD",0,1,1,0,0,0,0,0,0,0,0,0,0,0,0,0,,0,0,0.199393,0.0969122,0.269591,0.359479,0.282199,0.316269,0.268554,0.598469,0.116876,1.87296,0.256784,,-0.00149753,0.0820273,-0.0361304,70.0627,-0.00149753,0.014259,-0.03697946458123624,0.01425904966890812,0.00107938,999,,,,,,,-1,,-1,,,,,,,,,,,,,,,,,,,,"Griffin Lockwood-Powell","sa3019303",674976
"Ryan Fitzgerald","LAD",0,1,1,0,0,0,0,0,0,0,0,0,0,0,0,0,,0,0,0.211701,0.0757117,0.264308,0.286453,0.28008,0.356608,0.28007,0.636688,0.144907,4.5228,0.266513,,-0.00263033,0.0913773,-0.0267804,77.9515,-0.00263033,0.00597169,-0.028762320056557655,0.00597169017419219,0.0010722,999,,,,,,,-1,,-1,,,,,,,,,,,,,,,,,,,,"Ryan Fitzgerald","24622",680837
"Luis Peña","MIL",0,1,1,0,0,0,0,0,0,0,0,0,0,0,0,0,,0,0,0.229944,0.0523955,0.242987,0.215631,0.274576,0.374366,0.281875,0.648942,0.144422,6.64314,0.280156,,0.00416845,0.0928428,-0.0253149,79.4335,0.00416845,-0.00262224,-0.0202071494422853,-0.0026222390588372946,0.00106823,999,,,,,,,-1,,-1,,,,,,,,,,,,,,,,,,,,"Luis Pena","sa3024134",821270
"Andrew Fischer","MIL",0,1,1,0,0,0,0,0,0,0,0,0,0,0,0,0,,0,0,0.216144,0.0848223,0.287445,0.29509,0.289324,0.344642,0.281015,0.633966,0.128498,5.35447,0.287757,,0.00155685,0.0921439,-0.0260138,78.8438,0.00155685,0.000657342,-0.023517640423960984,0.0006573420250788331,0.00106507,999,,,,,,,-1,,-1,,,,,,,,,,,,,,,,,,,,"Andrew Fischer","sa3031366",702652
"Michael Pérez",,0,1,1,0,0,0,0,0,0,0,0,0,0,0,0,0,,0,0,0.209042,0.0757937,0.263206,0.287964,0.276829,0.33329,0.27058,0.610119,0.124248,2.44654,0.264428,,-0.00155627,0.083672,-0.0344857,69.957,-0.00155627,0.014259,-0.03716349299065769,0.01425904966890812,0.00106055,999,,,,,,,-1,,-1,,,,,,,,,,,,,,,,,,,,"Michael Perez","12977",605421
"Abrahan Gutierrez","NYY",0,1,1,0,0,0,0,0,0,0,0,0,0,0,0,0,,0,0,0.215866,0.0732111,0.228622,0.320227,0.281912,0.315757,0.266918,0.59767,0.0998916,2.17224,0.268595,,-0.00242137,0.0806988,-0.037459,69.5418,-0.00242137,0.014259,-0.03831986500881612,0.01425904966890812,0.00105971,999,,,,,,,-1,,-1,,,,,,,,,,,,,,,,,,,,"Abrahan Gutierrez","sa3004263",670868
"Ching-Hsien Ko","LAD",0,1,1,0,0,0,0,0,0,0,0,0,0,0,0,0,,0,0,0.213513,0.10068,0.278987,0.360877,0.298225,0.331292,0.281758,0.629518,0.11778,2.87673,0.285624,,-0.00212631,0.0927475,-0.0254102,79.1076,-0.00212631,0.00393692,-0.026888076681643724,0.003936924040317535,0.00105577,999,,,,,,,-1,,-1,,,,,,,,,,,,,,,,,,,,"Ching-Hsien Ko","sa3025230",828667
"Hayden Gilliland","TOR",0,1,1,0,0,0,0,0,0,0,0,0,0,0,0,0,,0,0,0.198095,0.0909814,0.313497,0.290214,0.276642,0.317677,0.265814,0.594319,0.119581,2.98214,0.274357,,-0.000952096,0.0798024,-0.0383553,68.2568,-0.000952096,0.014259,-0.03836520534241572,0.01425904966890812,0.00105507,999,,,,,,,-1,,-1,,,,,,,,,,,,,,,,,,,,"Hayden Gilliland","sa3067285",828600
"Jackson Cluff","NYM",0,1,1,0,0,0,0,0,0,0,0,0,0,0,0,0,,0,0,0.195122,0.09634,0.312623,0.308167,0.282478,0.31155,0.267383,0.594029,0.116428,5.89013,0.273855,,0.00230098,0.0810761,-0.0370816,72.052,0.00230098,0.00784248,-0.030823182547464967,0.007842478342354298,0.00105275,999,,,,,,,-1,,-1,,,,,,,,,,,,,,,,,,,,"Jackson Cluff","sa3010342",687714
"Ryan Jackson","SDP",0,1,1,0,0,0,0,0,0,0,0,0,0,0,0,0,,0,0,0.208065,0.101421,0.249376,0.406698,0.296519,0.297061,0.269829,0.59358,0.0889961,4.10557,0.272025,,-0.000222449,0.0830619,-0.0350958,74.165,-0.000222449,0.00784248,-0.03084223627229221,0.007842478342354298,0.0010508,999,,,,,,,-1,,-1,,,,,,,,,,,,,,,,,,,,"Ryan Jackson","sa3025514",810838
"Jefferson Rojas","CHC",0,1,1,0,0,0,0,0,0,0,0,0,0,0,0,0,,0,0,0.22382,0.070865,0.226973,0.312217,0.287234,0.349504,0.280982,0.636738,0.125684,5.09147,0.271491,,0.000184939,0.0921178,-0.0260399,79.8594,0.000184939,0.000657342,-0.023685804786509834,0.0006573420250788331,0.00104786,999,,,,,,,-1,,-1,,,,,,,,,,,,,,,,,,,,"Jefferson Rojas","sa3018571",800473
"Matt Gorski","LAD",0,1,1,0,0,0,0,0,0,0,0,0,0,0,0,0,,0,0,0.228144,0.059561,0.290373,0.205119,0.276258,0.40367,0.293043,0.679929,0.175526,5.83792,0.289138,,0.00140311,0.10191,-0.0162477,84.4457,0.00140311,-0.00602302,-0.017031941562891006,-0.006023022811859846,0.00104515,999,,,,,,,-1,,-1,,,,,,,,,,,,,,,,,,,,"Matt Gorski","25855",685301
"Miguel Palma","NYY",0,1,1,0,0,0,0,0,0,0,0,0,0,0,0,0,,0,0,0.207084,0.0753383,0.250604,0.300627,0.275658,0.320638,0.265732,0.596296,0.113554,2.26736,0.259681,,-0.00162263,0.0797355,-0.0384222,68.7246,-0.00162263,0.014259,-0.038484346587210894,0.01425904966890812,0.00104288,999,,,,,,,-1,,-1,,,,,,,,,,,,,,,,,,,,"Miguel Palma","sa3009279",682692
"Chad Stevens","COL",0,1,1,0,0,0,0,0,0,0,0,0,0,0,0,0,,0,0,0.236459,0.0668208,0.287118,0.23273,0.29539,0.385666,0.297224,0.681056,0.149207,5.49232,0.313498,,-0.000748502,0.105304,-0.0128535,75.5401,-0.000748502,0.00666069,-0.029738554207142442,0.006660686805844307,0.00104281,999,,,,,,,-1,,-1,,,,,,,,,,,,,,,,,,,,"Chad Stevens","29614",677060
"Rafael Lantigua","TOR",0,1,1,0,0,0,0,0,0,0,0,0,0,0,0,0,,0,0,0.224181,0.107579,0.201663,0.533458,0.311278,0.307636,0.280609,0.618913,0.0834553,3.71944,0.277669,,-0.00102346,0.0918144,-0.0263434,78.4483,-0.00102346,0.00213886,-0.026424619019962847,0.002138857962563634,0.00103669,999,,,,,,,-1,,-1,,,,,,,,,,,,,,,,,,,,"Rafael Lantigua","sa3003219",672463
"Duke Ellis","NYY",0,1,1,0,0,0,0,0,0,0,0,0,0,0,0,0,,0,0,0.213337,0.0712636,0.283681,0.251211,0.275624,0.320763,0.264964,0.596387,0.107426,6.70003,0.286281,,0.0109839,0.0791125,-0.0390453,68.1959,0.0109839,0.00213886,-0.026500935666263103,0.002138857962563634,0.00102889,999,,,,,,,-1,,-1,,,,,,,,,,,,,,,,,,,,"Duke Ellis","27543",668752
"Victor Arias","TOR",0,1,1,0,0,0,0,0,0,0,0,0,0,0,0,0,,0,0,0.225506,0.0745281,0.262389,0.284037,0.291056,0.345067,0.281343,0.636124,0.119561,5.50729,0.294301,,-0.000253824,0.0924103,-0.0257474,78.954,-0.000253824,0.000657342,-0.025058997562155128,0.0006573420250788331,0.00102484,999,,,,,,,-1,,-1,,,,,,,,,,,,,,,,,,,,"Victor Arias","sa3015636",692478
"Grae Kessinger","NYM",0,1,1,0,0,0,0,0,0,0,0,0,0,0,0,0,,0,0,0.206055,0.09805,0.261177,0.375416,0.289216,0.314459,0.271539,0.603675,0.108403,3.65518,0.265723,,-0.00134937,0.0844504,-0.0337073,74.899,-0.00134937,0.00784248,-0.031099239946343005,0.007842478342354298,0.0010245,999,,,,,,,-1,,-1,,,,,,,,,,,,,,,,,,,,"Grae Kessinger","25813",666197
"Aneudis Mordán",,0,1,1,0,0,0,0,0,0,0,0,0,0,0,0,0,,0,0,0.206418,0.0682243,0.301085,0.226595,0.263773,0.341152,0.265837,0.604925,0.134735,2.25569,0.270965,,-0.0022875,0.0798213,-0.0383364,69.1135,-0.0022875,0.014259,-0.03869080892764032,0.01425904966890812,0.00102176,999,,,,,,,-1,,-1,,,,,,,,,,,,,,,,,,,,"Aneudis Mordan","sa3015741",698937
"Marcos Castañon","SDP",0,1,1,0,0,0,0,0,0,0,0,0,0,0,0,0,,0,0,0.216603,0.0650515,0.274063,0.237359,0.275103,0.360104,0.278444,0.635208,0.143501,1.93699,0.272679,,-0.00181074,0.0900571,-0.0281006,80.0671,-0.00181074,0.00213886,-0.025435309507884085,0.002138857962563634,0.00102044,999,,,,,,,-1,,-1,,,,,,,,,,,,,,,,,,,,"Marcos Castanon","sa3016818",676203
"Yonny Hernández","NYM",0,1,1,0,0,0,0,0,0,0,0,0,0,0,0,0,,0,0,0.226904,0.0896078,0.178489,0.502035,0.305958,0.291308,0.271692,0.597266,0.0644038,4.99888,0.276664,,-0.00152029,0.0845747,-0.033583,75.0039,-0.00152029,0.00784248,-0.031145856366492808,0.007842478342354298,0.00101974,999,,,,,,,-1,,-1,,,,,,,,,,,,,,,,,,,,"Yonny Hernandez","19432",660634
"Tres Barrera","WSN",0,1,1,0,0,0,0,0,0,0,0,0,0,0,0,0,,0,0,0.212472,0.0720647,0.250123,0.288117,0.277696,0.326212,0.268418,0.603908,0.11374,2.4422,0.265629,,-0.00147796,0.0819165,-0.0362412,69.4801,-0.00147796,0.014259,-0.03765039425343275,0.01425904966890812,0.00101074,999,,,,,,,-1,,-1,,,,,,,,,,,,,,,,,,,,"Tres Barrera","19977",668663
"Nick Schnell","SDP",0,1,1,0,0,0,0,0,0,0,0,0,0,0,0,0,,0,0,0.214381,0.0617928,0.334148,0.184926,0.26673,0.370252,0.276935,0.636982,0.155871,5.3868,0.295425,,-0.000683776,0.0888315,-0.0293262,79.0331,-0.000683776,0.00213886,-0.025533926964271814,0.002138857962563634,0.00101035,999,,,,,,,-1,,-1,,,,,,,,,,,,,,,,,,,,"Nick Schnell","sa3007639",678010
"Santiago Camacho","SFG",0,1,1,0,0,0,0,0,0,0,0,0,0,0,0,0,,0,0,0.214957,0.0545135,0.255258,0.213562,0.264049,0.337845,0.264163,0.601894,0.122887,3.02455,0.269268,,-0.00085093,0.0784622,-0.0396955,68.9388,-0.00085093,0.014259,-0.03766484867082909,0.01425904966890812,0.00100926,999,,,,,,,-1,,-1,,,,,,,,,,,,,,,,,,,,"Santiago Camacho","sa3023775",821666
"Poncho Ruiz","MIN",0,1,1,0,0,0,0,0,0,0,0,0,0,0,0,0,,0,0,0.212871,0.0909278,0.264868,0.343294,0.287881,0.308952,0.268014,0.596833,0.0960802,1.90708,0.285824,,-0.00163107,0.0815886,-0.0365691,68.4107,-0.00163107,0.014259,-0.03886275936383754,0.01425904966890812,0.00100416,999,,,,,,,-1,,-1,,,,,,,,,,,,,,,,,,,,"Poncho Ruiz","sa3022752",695000
"Wehiwa Aloy","BAL",0,1,1,0,0,0,0,0,0,0,0,0,0,0,0,0,,0,0,0.214498,0.0704952,0.296282,0.237933,0.276076,0.346789,0.274187,0.622865,0.13229,5.3038,0.287169,,0.00107278,0.0866009,-0.0315568,74.8657,0.00107278,0.00393692,-0.028550944407470524,0.003936924040317535,0.00100311,999,,,,,,,-1,,-1,,,,,,,,,,,,,,,,,,,,"Wehiwa Aloy","sa3025961",814450
"Brock Rodden","SEA",0,1,1,0,0,0,0,0,0,0,0,0,0,0,0,0,,0,0,0.207533,0.0680397,0.307127,0.221536,0.268852,0.325961,0.263326,0.594813,0.118428,5.27538,0.284884,,0.000613803,0.077782,-0.0403757,72.4704,0.000613803,0.0072165,-0.03183309530140832,0.007216504774987698,0.00100285,999,,,,,,,-1,,-1,,,,,,,,,,,,,,,,,,,,"Brock Rodden","sa3022432",801126
"Weston Eberly",,0,1,1,0,0,0,0,0,0,0,0,0,0,0,0,0,,0,0,0.200576,0.0836447,0.282603,0.295979,0.279643,0.313244,0.266178,0.592887,0.112668,3.17018,0.26494,,-0.000785785,0.0800981,-0.0380596,67.6468,-0.000785785,0.014259,-0.03891785262385383,0.01425904966890812,0.000998526,999,,,,,,,-1,,-1,,,,,,,,,,,,,,,,,,,,"Weston Eberly","sa3022928",814440
"Jeremy Almonte","MIA",0,1,1,0,0,0,0,0,0,0,0,0,0,0,0,0,,0,0,0.2232,0.0532722,0.249653,0.213386,0.274112,0.338761,0.269851,0.612873,0.115561,3.81874,0.280698,,-0.00119681,0.0830799,-0.0350778,69.1006,-0.00119681,0.014259,-0.03781901823822409,0.01425904966890812,0.000993483,999,,,,,,,-1,,-1,,,,,,,,,,,,,,,,,,,,"Jeremy Almonte","sa3021632",808503
"Ismael Munguia","TOR",0,1,1,0,0,0,0,0,0,0,0,0,0,0,0,0,,0,0,0.232148,0.0585579,0.145518,0.402408,0.292912,0.328252,0.276686,0.621163,0.0961038,5.00141,0.259385,,0.00111081,0.0886295,-0.0295282,76.2707,0.00111081,0.00213886,-0.02685689297504723,0.002138857962563634,0.000992466,999,,,,,,,-1,,-1,,,,,,,,,,,,,,,,,,,,"Ismael Munguia","sa917132",665998
"Ramon Mendoza","STL",0,1,1,0,0,0,0,0,0,0,0,0,0,0,0,0,,0,0,0.220002,0.0962344,0.239423,0.401943,0.302134,0.331097,0.28358,0.633231,0.111095,2.43105,0.278352,,-0.00294623,0.0942266,-0.0239311,81.9944,-0.00294623,0.000712953,-0.02428658795543015,0.0007129529840312898,0.000992084,999,,,,,,,-1,,-1,,,,,,,,,,,,,,,,,,,,"Ramon Mendoza","sa3007513",680636
"Colton Ledbetter","STL",0,1,1,0,0,0,0,0,0,0,0,0,0,0,0,0,,0,0,0.226987,0.0633855,0.273682,0.231603,0.281691,0.351529,0.278034,0.63322,0.124542,6.10193,0.298603,,0.00158511,0.0897239,-0.0284338,78.1954,0.00158511,0.000657342,-0.024257890530861914,0.0006573420250788331,0.000989331,999,,,,,,,-1,,-1,,,,,,,,,,,,,,,,,,,,"Colton Ledbetter","sa3022897",807742
"Hayden Cantrelle","CHC",0,1,1,0,0,0,0,0,0,0,0,0,0,0,0,0,,0,0,0.189952,0.116804,0.318861,0.366318,0.298164,0.283914,0.267987,0.582078,0.0939622,6.54014,0.282835,,0.00297281,0.0815665,-0.0365913,70.9569,0.00297281,0.00784248,-0.031449253438040614,0.007842478342354298,0.000988694,999,,,,,,,-1,,-1,,,,,,,,,,,,,,,,,,,,"Hayden Cantrelle","sa3014426",676463
"Jordan Sanchez","BAL",0,1,1,0,0,0,0,0,0,0,0,0,0,0,0,0,,0,0,0.207381,0.0789952,0.343723,0.229822,0.276816,0.352901,0.27721,0.629717,0.14552,3.7501,0.296867,,-0.00156786,0.0890546,-0.0291031,76.9475,-0.00156786,0.00393692,-0.028737922431901097,0.003936924040317535,0.000983978,999,,,,,,,-1,,-1,,,,,,,,,,,,,,,,,,,,"Jordan Sanchez","sa3024112",820847
"Zack Short","NYY",0,1,1,0,0,0,0,0,0,0,0,0,0,0,0,0,,0,0,0.188566,0.121929,0.292918,0.416257,0.293973,0.314009,0.275668,0.607981,0.125443,2.96278,0.250038,,-0.00132194,0.0878031,-0.0303546,75.5695,-0.00132194,0.00529296,-0.030116124311462045,0.0052929590456187725,0.00098171,999,,,,,,,-1,,-1,,,,,,,,,,,,,,,,,,,,"Zack Short","19562",670097
"Caleb Lomavita","WSN",0,1,1,0,0,0,0,0,0,0,0,0,0,0,0,0,,0,0,0.232373,0.0381461,0.239927,0.15899,0.280415,0.33942,0.273361,0.619835,0.107047,2.72685,0.292499,,-0.00207628,0.08593,-0.0322277,72.8664,-0.00207628,0.0104961,-0.03423517430201173,0.010496087372303009,0.000975157,999,,,,,,,-1,,-1,,,,,,,,,,,,,,,,,,,,"Caleb Lomavita","sa3025404",701616
"Austin Smith","TOR",0,1,1,0,0,0,0,0,0,0,0,0,0,0,0,0,,0,0,0.216639,0.0778208,0.22897,0.339873,0.291415,0.331404,0.278048,0.622819,0.114765,4.23811,0.266266,,0.000444304,0.0897351,-0.0284227,76.6841,0.000444304,0.00213886,-0.02703615083009936,0.002138857962563634,0.000974126,999,,,,,,,-1,,-1,,,,,,,,,,,,,,,,,,,,"Austin Smith","sa3042481",801563
"Allan Cerda",,0,1,1,0,0,0,0,0,0,0,0,0,0,0,0,0,,0,0,0.193201,0.102573,0.341649,0.30023,0.28793,0.350057,0.283869,0.637988,0.156856,3.46442,0.270175,,-0.00268984,0.0944614,-0.0236963,79.3326,-0.00268984,0.00213886,-0.02704879571683705,0.002138857962563634,0.000972832,999,,,,,,,-1,,-1,,,,,,,,,,,,,,,,,,,,"Allan Cerda","sa3005504",678323
"Ronny Hernandez","BOS",0,1,1,0,0,0,0,0,0,0,0,0,0,0,0,0,,0,0,0.225742,0.0835606,0.245835,0.339905,0.290306,0.320392,0.272312,0.610698,0.0946509,1.88859,0.291676,,-0.0014055,0.085078,-0.0330797,67.9331,-0.0014055,0.014259,-0.0392000520369038,0.01425904966890812,0.000969654,999,,,,,,,-1,,-1,,,,,,,,,,,,,,,,,,,,"Ronny Hernandez","sa3018643",805082
"Lucas Spence","HOU",0,1,1,0,0,0,0,0,0,0,0,0,0,0,0,0,,0,0,0.206923,0.0971353,0.287285,0.338115,0.294432,0.326208,0.278421,0.62064,0.119285,5.12646,0.281228,,0.000127161,0.0900377,-0.02812,76.9126,0.000127161,0.00213886,-0.027084028624813072,0.002138857962563634,0.000969227,999,,,,,,,-1,,-1,,,,,,,,,,,,,,,,,,,,"Lucas Spence","sa3025371",828599
"Euribiel Angeles","ATH",0,1,1,0,0,0,0,0,0,0,0,0,0,0,0,0,,0,0,0.246353,0.0438147,0.167342,0.261827,0.282557,0.342972,0.274048,0.625529,0.0966189,4.40032,0.285802,,-0.000345168,0.0864875,-0.0316702,72.965,-0.000345168,0.00784248,-0.03229820870910771,0.007842478342354298,0.000960569,999,,,,,,,-1,,-1,,,,,,,,,,,,,,,,,,,,"Euribiel Angeles","sa3008877",683494
"Ryan Sprock","MIN",0,1,1,0,0,0,0,0,0,0,0,0,0,0,0,0,,0,0,0.216777,0.0889359,0.27111,0.328044,0.294314,0.342771,0.283329,0.637085,0.125994,3.36281,0.28155,,-0.000998094,0.0940233,-0.0241344,78.9609,-0.000998094,0.000712953,-0.025795105611905456,0.0007129529840312898,0.000955212,999,,,,,,,-1,,-1,,,,,,,,,,,,,,,,,,,,"Ryan Sprock","sa3042879",823779
"Luke Shliger","SFG",0,1,1,0,0,0,0,0,0,0,0,0,0,0,0,0,,0,0,0.204171,0.0967939,0.270385,0.357985,0.291445,0.286711,0.263718,0.578155,0.0825402,3.97879,0.278327,,-0.00101781,0.0781004,-0.0400573,68.6336,-0.00101781,0.014259,-0.03819347720127553,0.01425904966890812,0.000955171,999,,,,,,,-1,,-1,,,,,,,,,,,,,,,,,,,,"Luke Shliger","sa3022694",807740
"Brett Bateman","CHC",0,1,1,0,0,0,0,0,0,0,0,0,0,0,0,0,,0,0,0.220726,0.110882,0.242326,0.457572,0.309488,0.294218,0.275299,0.603706,0.0734922,4.53202,0.291616,,0.000565764,0.0875033,-0.0306544,75.966,0.000565764,0.00393692,-0.027919499028939754,0.003936924040317535,0.000950245,999,,,,,,,-1,,-1,,,,,,,,,,,,,,,,,,,,"Brett Bateman","sa3022603",703520
"Eduardo Ponce","SEA",0,1,1,0,0,0,0,0,0,0,0,0,0,0,0,0,,0,0,0.198593,0.0810549,0.2676,0.302896,0.269087,0.302483,0.256139,0.57157,0.10389,2.68608,0.256807,,-0.00111297,0.0719475,-0.0462102,67.52,-0.00111297,0.014259,-0.03939442301634699,0.01425904966890812,0.000949767,999,,,,,,,-1,,-1,,,,,,,,,,,,,,,,,,,,"Eduardo Ponce","sa3023792",823866
"Nick Gordon",,0,1,1,0,0,0,0,0,0,0,0,0,0,0,0,0,,0,0,0.23285,0.0567008,0.243019,0.233318,0.28433,0.367372,0.284951,0.651702,0.134521,5.07999,0.288015,,-0.00113817,0.0953399,-0.0228178,77.8192,-0.00113817,0.00213886,-0.027280790614895523,0.002138857962563634,0.000949096,999,,,,,,,-1,,-1,,,,,,,,,,,,,,,,,,,,"Nick Gordon","16337",624503
"Adriander Mejía","BAL",0,1,1,0,0,0,0,0,0,0,0,0,0,0,0,0,,0,0,0.218287,0.0796751,0.278599,0.285984,0.288845,0.345145,0.280912,0.633991,0.126858,3.23142,0.286016,,-0.00107847,0.0920608,-0.0260969,79.4981,-0.00107847,0,-0.025242300238460302,0,0.000938827,999,,,,,,,-1,,-1,,,,,,,,,,,,,,,,,,,,"Adriander Mejia","sa3021253",808337
"Émilien Pitre","TBR",0,1,1,0,0,0,0,0,0,0,0,0,0,0,0,0,,0,0,0.220807,0.07771,0.25469,0.305116,0.285825,0.329099,0.27308,0.614924,0.108293,3.16681,0.286399,,-0.00247439,0.085702,-0.0324557,71.7764,-0.00247439,0.0104961,-0.0357391822617501,0.010496087372303009,0.000938746,999,,,,,,,-1,,-1,,,,,,,,,,,,,,,,,,,,"Emilien Pitre","sa3025391",692150
"Silas Ardoin","BAL",0,1,1,0,0,0,0,0,0,0,0,0,0,0,0,0,,0,0,0.194323,0.108893,0.311103,0.350022,0.287783,0.292529,0.264251,0.580312,0.0982067,2.07991,0.277255,,-0.00181388,0.078533,-0.0396247,68.0205,-0.00181388,0.014259,-0.03950547659769654,0.01425904966890812,0.000938405,999,,,,,,,-1,,-1,,,,,,,,,,,,,,,,,,,,"Silas Ardoin","sa3019976",686976
"Jesus Freitez","COL",0,1,1,0,0,0,0,0,0,0,0,0,0,0,0,0,,0,0,0.237116,0.0645404,0.228933,0.281918,0.29244,0.362353,0.287289,0.654793,0.125237,4.47611,0.293294,,-0.00130822,0.0972384,-0.0209193,68.7347,-0.00130822,0.014259,-0.03836403368040919,0.01425904966890812,0.000937721,999,,,,,,,-1,,-1,,,,,,,,,,,,,,,,,,,,"Jesus Freitez","sa3022392",815438
"Slade Caldwell","ARI",0,1,1,0,0,0,0,0,0,0,0,0,0,0,0,0,,0,0,0.205065,0.112458,0.305492,0.368122,0.305347,0.301167,0.276568,0.606514,0.0961016,5.14702,0.299966,,-0.000595701,0.0885337,-0.029624,74.0589,-0.000595701,0.0072165,-0.031341266934759915,0.007216504774987698,0.000935697,999,,,,,,,-1,,-1,,,,,,,,,,,,,,,,,,,,"Slade Caldwell","sa3066460",815154
"Garret Guillemette","HOU",0,1,1,0,0,0,0,0,0,0,0,0,0,0,0,0,,0,0,0.207053,0.0648447,0.273026,0.237504,0.268217,0.331415,0.265186,0.599632,0.124361,2.34508,0.264261,,-0.00158075,0.0792926,-0.0388651,67.7959,-0.00158075,0.014259,-0.039537089760415256,0.01425904966890812,0.000935171,999,,,,,,,-1,,-1,,,,,,,,,,,,,,,,,,,,"Garret Guillemette","sa3022677",695048
"Elih Marrero","KCR",0,1,1,0,0,0,0,0,0,0,0,0,0,0,0,0,,0,0,0.215548,0.0820885,0.251288,0.32667,0.284077,0.316056,0.268081,0.600133,0.100508,4.49279,0.279203,,0.000282457,0.0816427,-0.036515,66.1978,0.000282457,0.014259,-0.03955741066602059,0.01425904966890812,0.000933092,999,,,,,,,-1,,-1,,,,,,,,,,,,,,,,,,,,"Elih Marrero","sa3007822",663503
"Brandon Winokur","MIN",0,1,1,0,0,0,0,0,0,0,0,0,0,0,0,0,,0,0,0.212354,0.0476185,0.317439,0.150009,0.258263,0.359054,0.268688,0.617317,0.1467,5.01406,0.283361,,0.000888135,0.0821355,-0.0360222,68.8746,0.000888135,0.0104961,-0.03579672425985336,0.010496087372303009,0.000932859,999,,,,,,,-1,,-1,,,,,,,,,,,,,,,,,,,,"Brandon Winokur","sa3022613",806263
"Guy Lipscomb","CLE",0,1,1,0,0,0,0,0,0,0,0,0,0,0,0,0,,0,0,0.224908,0.0804082,0.214901,0.374163,0.291062,0.320985,0.273016,0.612047,0.0960769,5.66058,0.278723,,0.00341787,0.08565,-0.0325077,73.7991,0.00341787,0.00213886,-0.02746296627447009,0.002138857962563634,0.000930457,999,,,,,,,-1,,-1,,,,,,,,,,,,,,,,,,,,"Guy Lipscomb","sa3020764",805865
"Johnny Olmstead","MIA",0,1,1,0,0,0,0,0,0,0,0,0,0,0,0,0,,0,0,0.222628,0.0561551,0.230676,0.243438,0.274085,0.355252,0.275419,0.629337,0.132623,5.37361,0.269704,,0.0000761021,0.0876009,-0.0305569,72.9151,0.0000761021,0.00784248,-0.03202516772580566,0.007842478342354298,0.000929771,999,,,,,,,-1,,-1,,,,,,,,,,,,,,,,,,,,"Johnny Olmstead","sa3022494",675394
"Terrin Vavra",,0,1,1,0,0,0,0,0,0,0,0,0,0,0,0,0,,0,0,0.225746,0.0853919,0.238779,0.357618,0.299295,0.322069,0.27827,0.621364,0.0963238,4.44277,0.291198,,-0.00117572,0.0899151,-0.0282426,77.6777,-0.00117572,0.00213886,-0.027485209167934954,0.002138857962563634,0.000928182,999,,,,,,,-1,,-1,,,,,,,,,,,,,,,,,,,,"Terrin Vavra","24400",679631
"Michael A. Taylor",,0,1,1,0,0,0,0,0,0,0,0,0,0,0,0,0,,0,0,0.210799,0.0742858,0.313913,0.236644,0.272927,0.348062,0.273173,0.620989,0.137263,4.70485,0.284033,,0.00109572,0.0857775,-0.0323802,72.4655,0.00109572,0.0059888,-0.0313569187419489,0.005988800898194313,0.000925955,999,,,,,,,-1,,-1,,,,,,,,,,,,,,,,,,,,"Michael A. Taylor","11489",572191
"Maximus Martin","BOS",0,1,1,0,0,0,0,0,0,0,0,0,0,0,0,0,,0,0,0.215878,0.0833288,0.302864,0.275136,0.288749,0.336437,0.277929,0.625185,0.120559,4.39774,0.2983,,-0.000068222,0.0896386,-0.0285191,71.8025,-0.000068222,0.00784248,-0.033302218485914636,0.007842478342354298,0.00091658,999,,,,,,,-1,,-1,,,,,,,,,,,,,,,,,,,,"Maximus Martin","sa3037194",703611
"Bob Seymour",,0,1,1,0,0,0,0,0,0,0,0,0,0,0,0,0,,0,0,0.234096,0.065392,0.313384,0.208664,0.287434,0.418469,0.30401,0.705903,0.184373,3.80936,0.305469,,-0.000795746,0.110814,-0.00734355,93.0829,-0.000795746,-0.0165165,-0.008948396949563175,-0.016516543924808502,0.000916048,999,,,,,,,-1,,-1,,,,,,,,,,,,,,,,,,,,"Bob Seymour","30028",676044
"Jeron Williams","HOU",0,1,1,0,0,0,0,0,0,0,0,0,0,0,0,0,,0,0,0.219091,0.0584379,0.242551,0.24093,0.271558,0.330587,0.265439,0.602145,0.111496,6.35428,0.276272,,0.00440992,0.0794982,-0.0386595,67.9703,0.00440992,0.00784248,-0.03334077587351203,0.007842478342354298,0.000912635,999,,,,,,,-1,,-1,,,,,,,,,,,,,,,,,,,,"Jeron Williams","sa3022566",700784
"Carson DeMartini","PHI",0,1,1,0,0,0,0,0,0,0,0,0,0,0,0,0,,0,0,0.215206,0.0762248,0.292925,0.26022,0.285874,0.337881,0.27681,0.623755,0.122675,6.4613,0.291646,,0.00295255,0.0887304,-0.0294273,73.5986,0.00295255,0.00393692,-0.028338539646938443,0.003936924040317535,0.000907372,999,,,,,,,-1,,-1,,,,,,,,,,,,,,,,,,,,"Carson DeMartini","sa3025198",701831
"Dayson Croes","SFG",0,1,1,0,0,0,0,0,0,0,0,0,0,0,0,0,,0,0,0.234842,0.0652418,0.215674,0.302501,0.293626,0.336414,0.279205,0.63004,0.101572,3.25479,0.291716,,-0.00194487,0.0906747,-0.027483,79.243,-0.00194487,0.00213886,-0.02654626523144543,0.002138857962563634,0.000906779,999,,,,,,,-1,,-1,,,,,,,,,,,,,,,,,,,,"Dayson Croes","sa3067396",806401
"Luke Napleton",,0,1,1,0,0,0,0,0,0,0,0,0,0,0,0,0,,0,0,0.202821,0.0816363,0.319146,0.255796,0.276013,0.319906,0.265895,0.595919,0.117086,3.40037,0.284783,,-0.000886845,0.0798682,-0.0382895,66.951,-0.000886845,0.014259,-0.03983893117401749,0.01425904966890812,0.000904289,999,,,,,,,-1,,-1,,,,,,,,,,,,,,,,,,,,"Luke Napleton","sa3067478",813847
"Sean Bouchard",,0,1,1,0,0,0,0,0,0,0,0,0,0,0,0,0,,0,0,0.226584,0.106285,0.292758,0.363048,0.316399,0.384818,0.308935,0.701217,0.158234,6.28655,0.305767,,0.000313045,0.114813,-0.00334473,83.563,0.000313045,-0.00526843,-0.019168237515259534,-0.005268434062600136,0.000903785,999,,,,,,,-1,,-1,,,,,,,,,,,,,,,,,,,,"Sean Bouchard","21270",656248
"Chase Jaworsky","MIA",0,1,1,0,0,0,0,0,0,0,0,0,0,0,0,0,,0,0,0.211076,0.0716852,0.260565,0.275115,0.286645,0.316745,0.270763,0.60339,0.105669,5.70922,0.276037,,0.00381325,0.0838203,-0.0343374,71.6374,0.00381325,0.00393692,-0.029615384759381413,0.003936924040317535,0.000894203,999,,,,,,,-1,,-1,,,,,,,,,,,,,,,,,,,,"Chase Jaworsky","sa3022700",814172
"Phillip Glasser","WSN",0,1,1,0,0,0,0,0,0,0,0,0,0,0,0,0,,0,0,0.250307,0.0799888,0.169149,0.472891,0.318192,0.346551,0.295941,0.664743,0.0962448,4.29428,0.291124,,-0.0000594931,0.104262,-0.0138953,88.3341,-0.0000594931,-0.0106943,-0.01388597047116491,-0.010694287717342377,0.000889094,999,,,,,,,-1,,-1,,,,,,,,,,,,,,,,,,,,"Phillip Glasser","sa3022680",701298
"Andre Lipcius",,0,1,1,0,0,0,0,0,0,0,0,0,0,0,0,0,,0,0,0.221913,0.0798093,0.226625,0.352165,0.287897,0.348495,0.281208,0.636393,0.126583,2.56523,0.266265,,-0.0019452,0.0923007,-0.025857,78.0001,-0.0019452,0.00213886,-0.027874641120433807,0.002138857962563634,0.000888338,999,,,,,,,-1,,-1,,,,,,,,,,,,,,,,,,,,"Andre Lipcius","25822",686531
"Jack Brannigan","PIT",0,1,1,0,0,0,0,0,0,0,0,0,0,0,0,0,,0,0,0.209407,0.0839104,0.292484,0.286889,0.28793,0.341183,0.279758,0.629113,0.131776,4.7864,0.278714,,0.000680912,0.0911235,-0.0270342,75.3447,0.000680912,0.00393692,-0.02854066394502297,0.003936924040317535,0.000886692,999,,,,,,,-1,,-1,,,,,,,,,,,,,,,,,,,,"Jack Brannigan","sa3019922",687394
"Matthew Miura","STL",0,1,1,0,0,0,0,0,0,0,0,0,0,0,0,0,,0,0,0.217592,0.0879439,0.22719,0.387095,0.290947,0.327018,0.275845,0.617965,0.109427,4.47858,0.267576,,0.000861371,0.0879468,-0.0302109,76.696,0.000861371,0.00213886,-0.026758733962196857,0.002138857962563634,0.000885041,999,,,,,,,-1,,-1,,,,,,,,,,,,,,,,,,,,"Matthew Miura","sa3038183",834681
"Carlos Rodríguez","SDP",0,1,1,0,0,0,0,0,0,0,0,0,0,0,0,0,,0,0,0.240363,0.0743257,0.161029,0.461568,0.297151,0.3183,0.274246,0.615451,0.0779372,4.46831,0.280544,,-0.00157639,0.086648,-0.0315097,77.1908,-0.00157639,0.00393692,-0.028610039968043566,0.003936924040317535,0.000879594,999,,,,,,,-1,,-1,,,,,,,,,,,,,,,,,,,,"Carlos Rodriguez","sa3005478",677578
"Eric Snow","TOR",0,1,1,0,0,0,0,0,0,0,0,0,0,0,0,0,,0,0,0.223463,0.0605675,0.208329,0.29073,0.280807,0.333925,0.272017,0.614732,0.110462,3.20898,0.267883,,-0.00132057,0.0848385,-0.0333192,72.5297,-0.00132057,0.00784248,-0.03369756310712546,0.007842478342354298,0.000876132,999,,,,,,,-1,,-1,,,,,,,,,,,,,,,,,,,,"Eric Snow","sa3042680",702526
"Christian Cairo","PHI",0,1,1,0,0,0,0,0,0,0,0,0,0,0,0,0,,0,0,0.207401,0.0977307,0.260978,0.374478,0.296464,0.2925,0.268206,0.588963,0.0850988,6.12916,0.28098,,0.00305182,0.0817443,-0.0364134,67.7042,0.00305182,0.0104961,-0.035225360887125134,0.010496087372303009,0.000873848,999,,,,,,,-1,,-1,,,,,,,,,,,,,,,,,,,,"Christian Cairo","sa3010028",686551
"Nomar Diaz",,0,1,1,0,0,0,0,0,0,0,0,0,0,0,0,0,,0,0,0.200876,0.079876,0.292474,0.273105,0.274908,0.311493,0.262598,0.586401,0.110617,3.5505,0.27096,,-0.000919961,0.0771911,-0.0409666,67.8664,-0.000919961,0.014259,-0.03900496358983219,0.01425904966890812,0.000872145,999,,,,,,,-1,,-1,,,,,,,,,,,,,,,,,,,,"Nomar Diaz","sa3020007",703632
"Nick Kahle",,0,1,1,0,0,0,0,0,0,0,0,0,0,0,0,0,,0,0,0.20503,0.0754735,0.268082,0.281531,0.273865,0.321174,0.26502,0.595039,0.116144,2.58337,0.263013,,-0.00101569,0.0791577,-0.039,67.8869,-0.00101569,0.014259,-0.03907631465699524,0.01425904966890812,0.000864845,999,,,,,,,-1,,-1,,,,,,,,,,,,,,,,,,,,"Nick Kahle","sa1115979",685277
"Nick Rodriguez","LAA",0,1,1,0,0,0,0,0,0,0,0,0,0,0,0,0,,0,0,0.217495,0.088856,0.245512,0.361921,0.29142,0.334032,0.27843,0.625452,0.116537,4.93735,0.273947,,0.00111977,0.0900451,-0.0281126,75.1654,0.00111977,0.00213886,-0.02815067651681602,0.002138857962563634,0.000860096,999,,,,,,,-1,,-1,,,,,,,,,,,,,,,,,,,,"Nick Rodriguez","sa3041005",823795
"Kenedy Corona","NYY",0,1,1,0,0,0,0,0,0,0,0,0,0,0,0,0,,0,0,0.205692,0.0759444,0.277988,0.273194,0.273245,0.323227,0.265074,0.596471,0.117535,5.42833,0.269499,,0.0012875,0.0792017,-0.0389561,68.2716,0.0012875,0.0100881,-0.03610809228848666,0.01008809544146061,0.000859259,999,,,,,,,-1,,-1,,,,,,,,,,,,,,,,,,,,"Kenedy Corona","26244",685744
"Davis Diaz","ATH",0,1,1,0,0,0,0,0,0,0,0,0,0,0,0,0,,0,0,0.211701,0.0822496,0.228089,0.360603,0.287566,0.304033,0.266488,0.591599,0.0923318,3.34398,0.268609,,-0.00161519,0.0803498,-0.0378079,67.7719,-0.00161519,0.014259,-0.0397059943061322,0.01425904966890812,0.000859156,999,,,,,,,-1,,-1,,,,,,,,,,,,,,,,,,,,"Davis Diaz","sa3025494",696286
"Tanner Schobel","MIN",0,1,1,0,0,0,0,0,0,0,0,0,0,0,0,0,,0,0,0.217067,0.0856532,0.254115,0.337065,0.287934,0.337601,0.277575,0.625535,0.120533,4.22143,0.276366,,-0.000509687,0.0893512,-0.0288066,74.9968,-0.000509687,0.00393692,-0.029978854581713676,0.003936924040317535,0.000857015,999,,,,,,,-1,,-1,,,,,,,,,,,,,,,,,,,,"Tanner Schobel","sa3020009",802355
"Kyle DeBarge","MIN",0,1,1,0,0,0,0,0,0,0,0,0,0,0,0,0,,0,0,0.210088,0.0815733,0.290318,0.280979,0.281139,0.321893,0.268691,0.603032,0.111805,6.96866,0.287204,,0.00669586,0.0821381,-0.0360196,68.8769,0.00669586,0.00393692,-0.029986383859068155,0.003936924040317535,0.000856245,999,,,,,,,-1,,-1,,,,,,,,,,,,,,,,,,,,"Kyle DeBarge","sa3025260",814414
"Josiah Ragsdale","MIL",0,1,1,0,0,0,0,0,0,0,0,0,0,0,0,0,,0,0,0.214282,0.0940877,0.256537,0.36676,0.294471,0.325592,0.277716,0.620062,0.11131,4.69434,0.275884,,0.000699654,0.0894656,-0.0286921,76.5841,0.000699654,0.00213886,-0.027053079043980688,0.002138857962563634,0.000854926,999,,,,,,,-1,,-1,,,,,,,,,,,,,,,,,,,,"Josiah Ragsdale","sa3040392",828824
"Cooper Johnson","TEX",0,1,1,0,0,0,0,0,0,0,0,0,0,0,0,0,,0,0,0.189671,0.0989958,0.319549,0.309799,0.275994,0.306227,0.262298,0.582221,0.116556,2.5166,0.265324,,-0.00103275,0.0769474,-0.0412103,66.6362,-0.00103275,0.014259,-0.04035592940635979,0.01425904966890812,0.000851393,999,,,,,,,-1,,-1,,,,,,,,,,,,,,,,,,,,"Cooper Johnson","sa3010584",666194
"Roberto Campos","DET",0,1,1,0,0,0,0,0,0,0,0,0,0,0,0,0,,0,0,0.224902,0.0623582,0.273484,0.228014,0.275268,0.349965,0.273649,0.625233,0.125063,4.28484,0.296301,,-0.00127136,0.0861638,-0.0319939,72.7997,-0.00127136,0.0072165,-0.03333009732887149,0.007216504774987698,0.000849683,999,,,,,,,-1,,-1,,,,,,,,,,,,,,,,,,,,"Roberto Campos","sa3014683",691449
"John Gil","ATL",0,1,1,0,0,0,0,0,0,0,0,0,0,0,0,0,,0,0,0.221206,0.0737581,0.238693,0.309008,0.28082,0.325958,0.269139,0.606779,0.104753,5.03743,0.27816,,0.00396578,0.0825017,-0.035656,69.4829,0.00396578,0.0072165,-0.03220334555953741,0.007216504774987698,0.000847496,999,,,,,,,-1,,-1,,,,,,,,,,,,,,,,,,,,"John Gil","sa3021284",808535
"Brooks Brannon","BOS",0,1,1,0,0,0,0,0,0,0,0,0,0,0,0,0,,0,0,0.221094,0.0536358,0.324385,0.165346,0.263451,0.358713,0.270485,0.622164,0.137619,3.22075,0.305278,,-0.00111855,0.0835949,-0.0345628,66.6748,-0.00111855,0.014259,-0.04039618500974029,0.01425904966890812,0.000847274,999,,,,,,,-1,,-1,,,,,,,,,,,,,,,,,,,,"Brooks Brannon","sa3020417",703477
"Zach Levenson","STL",0,1,1,0,0,0,0,0,0,0,0,0,0,0,0,0,,0,0,0.213834,0.0880648,0.249841,0.352483,0.290027,0.338966,0.279738,0.628993,0.125133,2.95223,0.267691,,-0.00269374,0.091107,-0.0270507,79.3623,-0.00269374,0.00213886,-0.02715365937910974,0.002138857962563634,0.000844635,999,,,,,,,-1,,-1,,,,,,,,,,,,,,,,,,,,"Zach Levenson","sa3022435",804241
"Efren Teran","BOS",0,1,1,0,0,0,0,0,0,0,0,0,0,0,0,0,,0,0,0.225576,0.0770967,0.238529,0.323218,0.29012,0.338811,0.278739,0.628932,0.113235,3.72016,0.283067,,-0.00145455,0.0902961,-0.0278616,72.3604,-0.00145455,0.00784248,-0.0340309877647087,0.007842478342354298,0.000842018,999,,,,,,,-1,,-1,,,,,,,,,,,,,,,,,,,,"Efren Teran","sa3023769",821236
"Mike Ford",,0,1,1,0,0,0,0,0,0,0,0,0,0,0,0,0,,0,0,0.226135,0.0959476,0.257267,0.37295,0.307141,0.387168,0.304833,0.694309,0.161032,3.27889,0.276558,,-0.00102953,0.111482,-0.00667586,93.7737,-0.00102953,-0.0178238,-0.00836800504475832,-0.01782381348311901,0.00084168,999,,,,,,,-1,,-1,,,,,,,,,,,,,,,,,,,,"Mike Ford","15585",645801
"Blake Rambusch","SEA",0,1,1,0,0,0,0,0,0,0,0,0,0,0,0,0,,0,0,0.213168,0.0886309,0.236764,0.374343,0.29506,0.28339,0.263838,0.57845,0.0702223,6.18614,0.280702,,0.00367936,0.0781984,-0.0399593,72.8236,0.00367936,0.00213886,-0.02835118747316301,0.002138857962563634,0.000839581,999,,,,,,,-1,,-1,,,,,,,,,,,,,,,,,,,,"Blake Rambusch","sa3020008",800683
"Kevin Pillar",,0,1,1,0,0,0,0,0,0,0,0,0,0,0,0,0,,0,0,0.22379,0.0560018,0.222494,0.251701,0.278083,0.353476,0.277282,0.631559,0.129687,5.24576,0.267234,,0.000689704,0.0891132,-0.0290445,76.9583,0.000689704,0.000223639,-0.026467662246432155,0.00022363899915944785,0.000836338,999,,,,,,,-1,,-1,,,,,,,,,,,,,,,,,,,,"Kevin Pillar","12434",607680
"Eddinson Paulino","NYM",0,1,1,0,0,0,0,0,0,0,0,0,0,0,0,0,,0,0,0.216208,0.0664924,0.265671,0.250281,0.274961,0.353676,0.275678,0.628637,0.137468,5.22871,0.276255,,-0.000777939,0.0878111,-0.0303466,75.0518,-0.000777939,0.00393692,-0.03018231492023915,0.003936924040317535,0.000836199,999,,,,,,,-1,,-1,,,,,,,,,,,,,,,,,,,,"Eddinson Paulino","sa3009538",682796
"Daniel Pena","MIN",0,1,1,0,0,0,0,0,0,0,0,0,0,0,0,0,,0,0,0.212125,0.0691518,0.237146,0.2916,0.27376,0.32431,0.265436,0.598069,0.112185,2.18528,0.260855,,-0.00118285,0.0794953,-0.0386624,66.6346,-0.00118285,0.014259,-0.040507909609004855,0.01425904966890812,0.000835844,999,,,,,,,-1,,-1,,,,,,,,,,,,,,,,,,,,"Daniel Pena","sa3018634",805015
"Diego Viloria",,0,1,1,0,0,0,0,0,0,0,0,0,0,0,0,0,,0,0,0.221961,0.0621724,0.234646,0.264963,0.279822,0.328635,0.269642,0.608457,0.106674,3.58062,0.277816,,-0.000570407,0.0829106,-0.0352471,66.0942,-0.000570407,0.014259,-0.04053238965570927,0.01425904966890812,0.000833339,999,,,,,,,-1,,-1,,,,,,,,,,,,,,,,,,,,"Diego Viloria","sa3016299",691387
"Forrest Wall",,0,1,1,0,0,0,0,0,0,0,0,0,0,0,0,0,,0,0,0.218886,0.0814999,0.272276,0.299328,0.290525,0.305762,0.268102,0.596287,0.0868759,6.33065,0.298252,,0.00475304,0.0816602,-0.0364975,72.9824,0.00475304,0.00213886,-0.02726840879768133,0.002138857962563634,0.000832895,999,,,,,,,-1,,-1,,,,,,,,,,,,,,,,,,,,"Forrest Wall","16496",657088
"Engelth Urena","NYY",0,1,1,0,0,0,0,0,0,0,0,0,0,0,0,0,,0,0,0.197903,0.0823414,0.257795,0.319407,0.272297,0.318156,0.263634,0.590452,0.120253,1.85172,0.247213,,-0.00197767,0.0780326,-0.0401251,67.2797,-0.00197767,0.014259,-0.04054232151247561,0.01425904966890812,0.000832323,999,,,,,,,-1,,-1,,,,,,,,,,,,,,,,,,,,"Engelth Urena","sa3018484",800246
"Dub Gleed","MIA",0,1,1,0,0,0,0,0,0,0,0,0,0,0,0,0,,0,0,0.222015,0.0922167,0.237937,0.387567,0.30434,0.334178,0.285964,0.638518,0.112163,2.36218,0.280417,,-0.00239016,0.0961625,-0.0219952,80.1388,-0.00239016,0.000712953,-0.025929800933226943,0.0007129529840312898,0.000823963,999,,,,,,,-1,,-1,,,,,,,,,,,,,,,,,,,,"Dub Gleed","sa3032302",801957
"Jacob Sharp","TOR",0,1,1,0,0,0,0,0,0,0,0,0,0,0,0,0,,0,0,0.205312,0.0610748,0.24667,0.247597,0.271367,0.319855,0.263414,0.591221,0.114542,2.66227,0.255052,,-0.00126451,0.0778535,-0.0403042,66.6032,-0.00126451,0.014259,-0.04062653798609972,0.01425904966890812,0.000823707,999,,,,,,,-1,,-1,,,,,,,,,,,,,,,,,,,,"Jacob Sharp","sa3022489",814435
"Woody Hadeen","DET",0,1,1,0,0,0,0,0,0,0,0,0,0,0,0,0,,0,0,0.208202,0.0718405,0.242022,0.296834,0.286026,0.308623,0.267953,0.594649,0.100421,5.3485,0.264361,,0.00246869,0.0815395,-0.0366182,68.8762,0.00246869,0.00784248,-0.03421439160592854,0.007842478342354298,0.000823254,999,,,,,,,-1,,-1,,,,,,,,,,,,,,,,,,,,"Woody Hadeen","sa3025602",802219
"Dillon Head","MIA",0,1,1,0,0,0,0,0,0,0,0,0,0,0,0,0,,0,0,0.217253,0.0743465,0.262227,0.283519,0.277775,0.336087,0.27058,0.613862,0.118834,7.24946,0.283664,,0.000269462,0.0836718,-0.0344859,69.6,0.000269462,0.0104961,-0.035760878963628784,0.010496087372303009,0.000819058,999,,,,,,,-1,,-1,,,,,,,,,,,,,,,,,,,,"Dillon Head","sa3022753",702977
"Chase Strumpf",,0,1,1,0,0,0,0,0,0,0,0,0,0,0,0,0,,0,0,0.191646,0.113682,0.339929,0.334428,0.294304,0.325202,0.279435,0.619506,0.133556,3.07826,0.275778,,-0.00227689,0.0908617,-0.0272961,78.7996,-0.00227689,0.00213886,-0.027403760235756636,0.002138857962563634,0.000819047,999,,,,,,,-1,,-1,,,,,,,,,,,,,,,,,,,,"Chase Strumpf","sa3010845",668664
"Kellon Lindsey","LAD",0,1,1,0,0,0,0,0,0,0,0,0,0,0,0,0,,0,0,0.201119,0.0852148,0.33076,0.257634,0.273943,0.326253,0.266927,0.600196,0.125134,4.48438,0.284312,,0.00102417,0.0807062,-0.0374515,68.948,0.00102417,0.0104961,-0.03577890677843243,0.010496087372303009,0.000817213,999,,,,,,,-1,,-1,,,,,,,,,,,,,,,,,,,,"Kellon Lindsey","sa3067042",813916
"Jack Penney","DET",0,1,1,0,0,0,0,0,0,0,0,0,0,0,0,0,,0,0,0.208018,0.0943543,0.282112,0.334458,0.291241,0.316963,0.273394,0.608203,0.108944,2.89773,0.280019,,-0.00207183,0.0859564,-0.0322013,72.6237,-0.00207183,0.00784248,-0.034337972989305854,0.007842478342354298,0.00081061,999,,,,,,,-1,,-1,,,,,,,,,,,,,,,,,,,,"Jack Penney","sa3025481",802599
"Ricardo Pena","MIN",0,1,1,0,0,0,0,0,0,0,0,0,0,0,0,0,,0,0,0.201947,0.0874006,0.321044,0.272239,0.279548,0.310681,0.264903,0.590229,0.108734,2.90359,0.288515,,-0.00102976,0.079063,-0.0390947,66.2678,-0.00102976,0.014259,-0.04078710894100368,0.01425904966890812,0.000807278,999,,,,,,,-1,,-1,,,,,,,,,,,,,,,,,,,,"Ricardo Pena","sa3018593",800547
"Wilder Dalis","COL",0,1,1,0,0,0,0,0,0,0,0,0,0,0,0,0,,0,0,0.23635,0.0756013,0.261386,0.289233,0.297291,0.37082,0.292912,0.668111,0.13447,5.00909,0.305344,,-0.000731911,0.101803,-0.0163545,72.5862,-0.000731911,0.00784248,-0.03322295052930713,0.007842478342354298,0.000807222,999,,,,,,,-1,,-1,,,,,,,,,,,,,,,,,,,,"Wilder Dalis","sa3022347",815195
"Brian Serven","ATH",0,1,1,0,0,0,0,0,0,0,0,0,0,0,0,0,,0,0,0.205031,0.0805112,0.289773,0.277842,0.277748,0.315962,0.265457,0.593709,0.110931,2.40159,0.275718,,-0.00131213,0.0795123,-0.0386455,67.0633,-0.00131213,0.014259,-0.040240446222014725,0.01425904966890812,0.000804474,999,,,,,,,-1,,-1,,,,,,,,,,,,,,,,,,,,"Brian Serven","19422",661531
"Enmanuel Tejeda","NYY",0,1,1,0,0,0,0,0,0,0,0,0,0,0,0,0,,0,0,0.216867,0.0849075,0.249932,0.339722,0.289746,0.321832,0.273552,0.611578,0.104965,4.55093,0.276192,,0.00178445,0.0860847,-0.032073,74.1116,0.00178445,0.00213886,-0.02872804563958198,0.002138857962563634,0.000801024,999,,,,,,,-1,,-1,,,,,,,,,,,,,,,,,,,,"Enmanuel Tejeda","sa3018497",800285
"José Devers",,0,1,1,0,0,0,0,0,0,0,0,0,0,0,0,0,,0,0,0.23688,0.062715,0.200104,0.313411,0.291712,0.348128,0.281811,0.639839,0.111247,4.33999,0.285799,,-0.00174638,0.0927901,-0.0253676,78.1635,-0.00174638,0.00213886,-0.027627171715721488,0.002138857962563634,0.000796189,999,,,,,,,-1,,-1,,,,,,,,,,,,,,,,,,,,"Jose Devers","20540",672701
"Ronny Simon","PIT",0,1,1,0,0,0,0,0,0,0,0,0,0,0,0,0,,0,0,0.239406,0.0771934,0.207858,0.371376,0.30084,0.364119,0.292327,0.664959,0.124713,5.77128,0.288169,,0.0015764,0.101329,-0.016829,83.9552,0.0015764,-0.00806241,-0.01743999810423702,-0.008062409237027168,0.000794747,999,,,,,,,-1,,-1,,,,,,,,,,,,,,,,,,,,"Ronny Simon","25346",682927
"Nick Podkul",,0,1,1,0,0,0,0,0,0,0,0,0,0,0,0,0,,0,0,0.202401,0.104054,0.303339,0.343027,0.297509,0.329525,0.281975,0.627034,0.127123,2.90706,0.275526,,-0.00206279,0.0929234,-0.0252343,78.5284,-0.00206279,0.000712953,-0.027369541116058826,0.0007129529840312898,0.000794128,999,,,,,,,-1,,-1,,,,,,,,,,,,,,,,,,,,"Nick Podkul","sa3006720",674951
"Javier Mogollon","CHW",0,1,1,0,0,0,0,0,0,0,0,0,0,0,0,0,,0,0,0.199546,0.0886615,0.32951,0.269071,0.27867,0.336646,0.273421,0.615316,0.1371,5.23721,0.279113,,0.00164952,0.0859785,-0.0321792,72.636,0.00164952,0.00393692,-0.030602090060710907,0.003936924040317535,0.00079325,999,,,,,,,-1,,-1,,,,,,,,,,,,,,,,,,,,"Javier Mogollon","sa3021855",808684
"Antonis Macias","TEX",0,1,1,0,0,0,0,0,0,0,0,0,0,0,0,0,,0,0,0.217057,0.105442,0.24795,0.425254,0.304366,0.311594,0.278451,0.61596,0.0945362,2.38264,0.284137,,-0.002623,0.0900622,-0.0280955,77.7634,-0.002623,0.00213886,-0.028831387171521783,0.002138857962563634,0.000790451,999,,,,,,,-1,,-1,,,,,,,,,,,,,,,,,,,,"Antonis Macias","sa3021057",805950
"Owen Ayers","CHC",0,1,1,0,0,0,0,0,0,0,0,0,0,0,0,0,,0,0,0.20228,0.067993,0.295799,0.229862,0.265684,0.328635,0.262687,0.594319,0.126355,3.95246,0.271174,,-0.00108364,0.0772638,-0.0408939,67.3266,-0.00108364,0.014259,-0.03980837867129594,0.01425904966890812,0.000789946,999,,,,,,,-1,,-1,,,,,,,,,,,,,,,,,,,,"Owen Ayers","sa3025449",689196
"Trayce Thompson",,0,1,1,0,0,0,0,0,0,0,0,0,0,0,0,0,,0,0,0.209278,0.0806876,0.333962,0.241607,0.276948,0.368854,0.282773,0.645803,0.159577,4.21708,0.28657,,0.000460522,0.0935713,-0.0245864,75.1393,0.000460522,0.00213886,-0.028840747254434973,0.002138857962563634,0.000789493,999,,,,,,,-1,,-1,,,,,,,,,,,,,,,,,,,,"Trayce Thompson","9952",572204
"Connor Joe","SEA",0,1,1,0,0,0,0,0,0,0,0,0,0,0,0,0,,0,0,0.213765,0.0993399,0.241438,0.411451,0.301132,0.333614,0.284162,0.634746,0.11985,4.09545,0.269792,,-0.00226962,0.0946995,-0.0234582,86.824,-0.00226962,-0.00895537,-0.017799028661102057,-0.008955367840826511,0.000784121,999,,,,,,,-1,,-1,,,,,,,,,,,,,,,,,,,,"Connor Joe","16572",656582
"Oscar Gonzalez",,0,1,1,0,0,0,0,0,0,0,0,0,0,0,0,0,,0,0,0.249067,0.0417335,0.233505,0.178726,0.283361,0.406607,0.296962,0.689968,0.15754,4.41118,0.297416,,-0.000790103,0.105092,-0.013066,92.7524,-0.000790103,-0.0162382,-0.009380045055877417,-0.016238205134868622,0.000782895,999,,,,,,,-1,,-1,,,,,,,,,,,,,,,,,,,,"Oscar Gonzalez","20970",660757
"Elis Cuevas","BAL",0,1,1,0,0,0,0,0,0,0,0,0,0,0,0,0,,0,0,0.211141,0.0708145,0.266319,0.265901,0.280104,0.328953,0.271055,0.609057,0.117812,5.52971,0.27039,,0.0047307,0.0840573,-0.0341004,72.7076,0.0047307,0.000657342,-0.02743660658597946,0.0006573420250788331,0.000781576,999,,,,,,,-1,,-1,,,,,,,,,,,,,,,,,,,,"Elis Cuevas","sa3019509",800433
"Eddie Micheletti Jr.","TOR",0,1,1,0,0,0,0,0,0,0,0,0,0,0,0,0,,0,0,0.215463,0.107314,0.216688,0.495245,0.311257,0.344727,0.293852,0.655984,0.129264,2.4048,0.258982,,-0.00145524,0.102567,-0.015591,87.5712,-0.00145524,-0.0106943,-0.01610401412472129,-0.010694287717342377,0.000779629,999,,,,,,,-1,,-1,,,,,,,,,,,,,,,,,,,,"Eddie Micheletti Jr.","sa3025311",804446
"Julio Zayas","NYM",0,1,1,0,0,0,0,0,0,0,0,0,0,0,0,0,,0,0,0.207651,0.0731703,0.255303,0.286601,0.274044,0.308246,0.260351,0.58229,0.100595,2.65393,0.266908,,-0.00118625,0.0753667,-0.042791,67.2348,-0.00118625,0.014259,-0.0400198451243341,0.01425904966890812,0.00076831,999,,,,,,,-1,,-1,,,,,,,,,,,,,,,,,,,,"Julio Zayas","sa3021234",808289
"Mason Lytle","HOU",0,1,1,0,0,0,0,0,0,0,0,0,0,0,0,0,,0,0,0.224423,0.0726202,0.222387,0.32655,0.286032,0.335397,0.275305,0.621429,0.110974,4.65925,0.274221,,0.000690068,0.0875081,-0.0306496,74.7664,0.000690068,0.00213886,-0.029050694196484983,0.002138857962563634,0.000768013,999,,,,,,,-1,,-1,,,,,,,,,,,,,,,,,,,,"Mason Lytle","sa3069053",809860
"Patrick Winkel","MIN",0,1,1,0,0,0,0,0,0,0,0,0,0,0,0,0,,0,0,0.212924,0.0664465,0.31117,0.213538,0.267629,0.333935,0.264899,0.601564,0.121011,2.27058,0.292624,,-0.00141444,0.0790595,-0.0390982,66.2648,-0.00141444,0.014259,-0.04117527126800269,0.01425904966890812,0.000767564,999,,,,,,,-1,,-1,,,,,,,,,,,,,,,,,,,,"Patrick Winkel","sa3017556",680868
"Carson Roccaforte","KCR",0,1,1,0,0,0,0,0,0,0,0,0,0,0,0,0,,0,0,0.209569,0.0908739,0.302744,0.300168,0.283207,0.348921,0.278857,0.632128,0.139352,6.91942,0.286238,,0.00203348,0.0903922,-0.0277655,73.6213,0.00203348,0.00213886,-0.029056863859295845,0.002138857962563634,0.000767382,999,,,,,,,-1,,-1,,,,,,,,,,,,,,,,,,,,"Carson Roccaforte","sa3022825",811287
"Francisco Urbaez","CIN",0,1,1,0,0,0,0,0,0,0,0,0,0,0,0,0,,0,0,0.242294,0.0754129,0.172028,0.438374,0.305998,0.34828,0.289855,0.654278,0.105986,3.19897,0.283506,,-0.00334881,0.0993211,-0.0188366,79.2648,-0.00334881,0.00213886,-0.027924350230023265,0.002138857962563634,0.000765784,999,,,,,,,-1,,-1,,,,,,,,,,,,,,,,,,,,"Francisco Urbaez","sa3014944",688005
"Dasan Brown","MIL",0,1,1,0,0,0,0,0,0,0,0,0,0,0,0,0,,0,0,0.201232,0.0760851,0.294898,0.258005,0.276525,0.303016,0.260714,0.579541,0.101784,5.86979,0.277116,,0.00409051,0.0756621,-0.0424956,64.7439,0.00409051,0.0104961,-0.03746292553842068,0.010496087372303009,0.000762385,999,,,,,,,-1,,-1,,,,,,,,,,,,,,,,,,,,"Dasan Brown","sa3011717",672018
"Donovan Walton","LAA",0,1,1,0,0,0,0,0,0,0,0,0,0,0,0,0,,0,0,0.225628,0.0734324,0.185135,0.396643,0.291275,0.325339,0.274985,0.616615,0.0997112,2.62574,0.263868,,-0.00211209,0.0872487,-0.030909,72.7928,-0.00211209,0.00717515,-0.03417893196456134,0.00717515405267477,0.000758606,999,,,,,,,-1,,-1,,,,,,,,,,,,,,,,,,,,"Donovan Walton","19314",622268
"Peter Burns","LAA",0,1,1,0,0,0,0,0,0,0,0,0,0,0,0,0,,0,0,0.203765,0.0936316,0.252825,0.370342,0.290575,0.295503,0.26628,0.586077,0.0917373,3.37312,0.266301,,-0.00216219,0.0801808,-0.0379769,66.796,-0.00216219,0.014259,-0.041296935407444835,0.01425904966890812,0.000755116,999,,,,,,,-1,,-1,,,,,,,,,,,,,,,,,,,,"Peter Burns","sa3022424",686196
"Jake Marisnick",,0,1,1,0,0,0,0,0,0,0,0,0,0,0,0,0,,0,0,0.215465,0.0677263,0.297007,0.228029,0.280069,0.351653,0.278323,0.631723,0.136189,5.46382,0.287643,,0.000623919,0.0899586,-0.0281991,75.7745,0.000623919,0.00213886,-0.028088319988455623,0.002138857962563634,0.000749008,999,,,,,,,-1,,-1,,,,,,,,,,,,,,,,,,,,"Jake Marisnick","11339",545350
"Brett Callahan","DET",0,1,1,0,0,0,0,0,0,0,0,0,0,0,0,0,,0,0,0.222436,0.0510887,0.277635,0.184014,0.273035,0.360746,0.276941,0.633781,0.13831,5.5242,0.285956,,0.000139119,0.0888365,-0.0293213,75.0673,0.000139119,0.00213886,-0.029246989302919246,0.002138857962563634,0.000747929,999,,,,,,,-1,,-1,,,,,,,,,,,,,,,,,,,,"Brett Callahan","sa3022927",814430
"Carlos Jorge","CIN",0,1,1,0,0,0,0,0,0,0,0,0,0,0,0,0,,0,0,0.2132,0.0691979,0.285543,0.242337,0.273917,0.341266,0.271005,0.615183,0.128066,6.39234,0.281436,,0.00342223,0.0840171,-0.0341406,66.3523,0.00342223,0.0104961,-0.036457298789173365,0.010496087372303009,0.000747805,999,,,,,,,-1,,-1,,,,,,,,,,,,,,,,,,,,"Carlos Jorge","sa3016722",699115
"Arjun Nimmala","TOR",0,1,1,0,0,0,0,0,0,0,0,0,0,0,0,0,,0,0,0.209759,0.0664385,0.282731,0.234988,0.269514,0.352655,0.272706,0.622169,0.142896,5.46225,0.271333,,0.000749293,0.0853983,-0.0327594,73.0046,0.000749293,0.00393692,-0.031067893316503614,0.003936924040317535,0.000745593,999,,,,,,,-1,,-1,,,,,,,,,,,,,,,,,,,,"Arjun Nimmala","sa3022892",805796
"Cutter Coffey","TOR",0,1,1,0,0,0,0,0,0,0,0,0,0,0,0,0,,0,0,0.211105,0.0764823,0.27184,0.281351,0.276684,0.334524,0.270664,0.611208,0.123419,3.18003,0.272105,,-0.000950276,0.08374,-0.0344177,71.5977,-0.000950276,0.0072165,-0.034425741992890835,0.007216504774987698,0.000737585,999,,,,,,,-1,,-1,,,,,,,,,,,,,,,,,,,,"Cutter Coffey","sa3020280",702690
"Onix Vega","NYM",0,1,1,0,0,0,0,0,0,0,0,0,0,0,0,0,,0,0,0.206784,0.0878825,0.229024,0.383727,0.284875,0.290552,0.260773,0.575427,0.0837684,2.99297,0.261914,,-0.00185992,0.0757097,-0.042448,67.5241,-0.00185992,0.014259,-0.04035054170526564,0.01425904966890812,0.000734476,999,,,,,,,-1,,-1,,,,,,,,,,,,,,,,,,,,"Onix Vega","sa3008007",681974
"Hunter Renfroe",,0,1,1,0,0,0,0,0,0,0,0,0,0,0,0,0,,0,0,0.23891,0.0787681,0.198906,0.396006,0.301441,0.394362,0.303435,0.695803,0.155451,2.23095,0.271345,,-0.00173172,0.110347,-0.00781023,90.5524,-0.00173172,-0.0144016,-0.012866792269051075,-0.014401640743017197,0.000731529,999,,,,,,,-1,,-1,,,,,,,,,,,,,,,,,,,,"Hunter Renfroe","15464",592669
"Carlos Virahonda","ARI",0,1,1,0,0,0,0,0,0,0,0,0,0,0,0,0,,0,0,0.22065,0.0565015,0.248743,0.227148,0.290395,0.326252,0.275814,0.616647,0.105602,2.49674,0.282816,,-0.00198217,0.0879219,-0.0302358,73.5427,-0.00198217,0.0072165,-0.03333955234847963,0.007216504774987698,0.000731248,999,,,,,,,-1,,-1,,,,,,,,,,,,,,,,,,,,"Carlos Virahonda","sa3021144",808024
"Gavin Conticello","ARI",0,1,1,0,0,0,0,0,0,0,0,0,0,0,0,0,,0,0,0.222656,0.0725285,0.25823,0.280868,0.285938,0.350345,0.280195,0.636283,0.127689,4.47853,0.288351,,-0.00233466,0.0914788,-0.026679,76.5438,-0.00233466,0.00393692,-0.030135152861475945,0.003936924040317535,0.000723556,999,,,,,,,-1,,-1,,,,,,,,,,,,,,,,,,,,"Gavin Conticello","sa3017770",695521
"Victor Torres",,0,1,1,0,0,0,0,0,0,0,0,0,0,0,0,0,,0,0,0.210506,0.0573747,0.254953,0.22504,0.264117,0.330056,0.261915,0.594173,0.11955,3.93547,0.26318,,0.000116961,0.0766368,-0.0415209,65.76,0.000116961,0.014259,-0.04046457086224109,0.01425904966890812,0.000722809,999,,,,,,,-1,,-1,,,,,,,,,,,,,,,,,,,,"Victor Torres","sa3010597",687436
"Jay Allen II","CIN",0,1,1,0,0,0,0,0,0,0,0,0,0,0,0,0,,0,0,0.203861,0.0810622,0.282221,0.28723,0.288625,0.320031,0.273664,0.608656,0.11617,5.46086,0.271934,,0.00101542,0.0861758,-0.0319819,68.1736,0.00101542,0.0104961,-0.03670541266910732,0.010496087372303009,0.00072242,999,,,,,,,-1,,-1,,,,,,,,,,,,,,,,,,,,"Jay Allen II","sa3017403",695481
"Yairo Padilla","STL",0,1,1,0,0,0,0,0,0,0,0,0,0,0,0,0,,0,0,0.224338,0.0704875,0.235251,0.299627,0.287867,0.333498,0.27565,0.621365,0.10916,6.33986,0.282548,,0.00411185,0.0877882,-0.0303695,76.5621,0.00411185,-0.00262224,-0.023666860070079565,-0.0026222390588372946,0.000714258,999,,,,,,,-1,,-1,,,,,,,,,,,,,,,,,,,,"Yairo Padilla","sa3023925",821107
"Jhonny Level","SFG",0,1,1,0,0,0,0,0,0,0,0,0,0,0,0,0,,0,0,0.217104,0.0712893,0.257317,0.277048,0.275362,0.343504,0.272338,0.618867,0.1264,4.98412,0.272714,,-0.0000837673,0.0850995,-0.0330582,74.5389,-0.0000837673,0.00393692,-0.03026040686381748,0.003936924040317535,0.000710741,999,,,,,,,-1,,-1,,,,,,,,,,,,,,,,,,,,"Jhonny Level","sa3023898",815929
"Blake Mitchell","KCR",0,1,1,0,0,0,0,0,0,0,0,0,0,0,0,0,,0,0,0.19436,0.123779,0.31943,0.387499,0.299227,0.317476,0.279268,0.616703,0.123116,4.34704,0.2749,,-0.000682099,0.0907259,-0.0274318,73.9044,-0.000682099,0.00393692,-0.03143878682749346,0.003936924040317535,0.000707646,999,,,,,,,-1,,-1,,,,,,,,,,,,,,,,,,,,"Blake Mitchell","sa3022756",805810
"Konner Piotto",,0,1,1,0,0,0,0,0,0,0,0,0,0,0,0,0,,0,0,0.204074,0.0799951,0.280903,0.284778,0.280119,0.296585,0.260344,0.576704,0.092511,4.01746,0.277234,,-0.000861168,0.0753613,-0.0427964,65.2904,-0.000861168,0.014259,-0.04177043994423002,0.01425904966890812,0.000706671,999,,,,,,,-1,,-1,,,,,,,,,,,,,,,,,,,,"Konner Piotto","sa3016810",702920
"Seaver King","WSN",0,1,1,0,0,0,0,0,0,0,0,0,0,0,0,0,,0,0,0.229497,0.0449784,0.23814,0.188874,0.269608,0.334214,0.26465,0.603821,0.104717,6.07545,0.289386,,0.00234119,0.0788576,-0.0393001,66.8992,0.00234119,0.0104961,-0.0368901239708066,0.010496087372303009,0.000703522,999,,,,,,,-1,,-1,,,,,,,,,,,,,,,,,,,,"Seaver King","sa3025414",814409
"Arturo Flores","HOU",0,1,1,0,0,0,0,0,0,0,0,0,0,0,0,0,,0,0,0.19964,0.0819174,0.341154,0.240118,0.268939,0.318741,0.261279,0.58768,0.119101,4.09323,0.291123,,-0.000705142,0.0761201,-0.0420376,65.1042,-0.000705142,0.014259,-0.04183394165011123,0.01425904966890812,0.000700174,999,,,,,,,-1,,-1,,,,,,,,,,,,,,,,,,,,"Arturo Flores","sa3067342",829251
"Rafhlmil Torres","CIN",0,1,1,0,0,0,0,0,0,0,0,0,0,0,0,0,,0,0,0.216901,0.0698593,0.228092,0.306277,0.283629,0.346677,0.278556,0.630306,0.129776,4.94874,0.262147,,-0.000523135,0.090148,-0.0280097,71.5251,-0.000523135,0.00784248,-0.03427173983072862,0.007842478342354298,0.000699918,999,,,,,,,-1,,-1,,,,,,,,,,,,,,,,,,,,"Rafhlmil Torres","sa3021118",807951
"Keiner Delgado","PIT",0,1,1,0,0,0,0,0,0,0,0,0,0,0,0,0,,0,0,0.21365,0.0809287,0.255084,0.317263,0.287697,0.320335,0.272173,0.608032,0.106685,4.45853,0.274895,,0.00169727,0.0849654,-0.0331923,70.149,0.00169727,0.0072165,-0.03368240408599377,0.007216504774987698,0.00069617,999,,,,,,,-1,,-1,,,,,,,,,,,,,,,,,,,,"Keiner Delgado","sa3018397",700731
"Alejo Lopez","SEA",0,1,1,0,0,0,0,0,0,0,0,0,0,0,0,0,,0,0,0.237044,0.0754196,0.177649,0.424542,0.306949,0.306635,0.276869,0.613585,0.0695912,4.38149,0.286904,,0.000473044,0.0887781,-0.0293796,74.9029,0.000473044,0.00213886,-0.029189459251938388,0.002138857962563634,0.000695081,999,,,,,,,-1,,-1,,,,,,,,,,,,,,,,,,,,"Alejo Lopez","21127",664670
"Corey Julks","DET",0,1,1,0,0,0,0,0,0,0,0,0,0,0,0,0,,0,0,0.234202,0.0762829,0.236441,0.32263,0.295837,0.364081,0.290083,0.659918,0.129879,4.6799,0.289226,,0.00115841,0.0995065,-0.0186512,84.1203,0.00115841,-0.010092,-0.017557652667164803,-0.010091984644532204,0.000692527,999,,,,,,,-1,,-1,,,,,,,,,,,,,,,,,,,,"Corey Julks","20311",667452
"Robert Calaz","COL",0,1,1,0,0,0,0,0,0,0,0,0,0,0,0,0,,0,0,0.230954,0.0568832,0.297774,0.191028,0.283149,0.382365,0.28954,0.665515,0.151411,4.59362,0.307147,,-0.00177282,0.0990655,-0.0190922,70.2763,-0.00177282,0.0104961,-0.03700153832323849,0.010496087372303009,0.000692123,999,,,,,,,-1,,-1,,,,,,,,,,,,,,,,,,,,"Robert Calaz","sa3021078",806978
"Luke Ritter","LAA",0,1,1,0,0,0,0,0,0,0,0,0,0,0,0,0,,0,0,0.196216,0.0927038,0.336384,0.275589,0.283678,0.331418,0.275104,0.615097,0.135202,2.69321,0.276174,,-0.00179633,0.0873453,-0.0308124,77.3415,-0.00179633,0.00213886,-0.028651292086578906,0.002138857962563634,0.000691409,999,,,,,,,-1,,-1,,,,,,,,,,,,,,,,,,,,"Luke Ritter","sa3009878",682239
"Geovanny Planchart","TOR",0,1,1,0,0,0,0,0,0,0,0,0,0,0,0,0,,0,0,0.204348,0.0958388,0.253982,0.377345,0.284103,0.297154,0.262549,0.581256,0.0928052,2.34143,0.267456,,-0.00186998,0.0771515,-0.0410062,66.0076,-0.00186998,0.014259,-0.04193396121263504,0.01425904966890812,0.000689941,999,,,,,,,-1,,-1,,,,,,,,,,,,,,,,,,,,"Geovanny Planchart","sa3009334",685712
"Jacob Lojewski",,0,1,1,0,0,0,0,0,0,0,0,0,0,0,0,0,,0,0,0.212734,0.0596582,0.242776,0.245733,0.266969,0.324929,0.26149,0.591898,0.112195,3.4109,0.265418,,-0.00102893,0.0762917,-0.041866,65.2781,-0.00102893,0.014259,-0.04195270768832415,0.01425904966890812,0.000688023,999,,,,,,,-1,,-1,,,,,,,,,,,,,,,,,,,,"Jacob Lojewski","sa3067294",827622
"Blake Burke","MIL",0,1,1,0,0,0,0,0,0,0,0,0,0,0,0,0,,0,0,0.21937,0.0777283,0.305002,0.254845,0.285424,0.348848,0.280064,0.634271,0.129478,3.19299,0.298252,,-0.00137161,0.0913723,-0.0267854,78.1928,-0.00137161,0.000657342,-0.027217668830417097,0.0006573420250788331,0.000686508,999,,,,,,,-1,,-1,,,,,,,,,,,,,,,,,,,,"Blake Burke","sa3025381",695501
"Addison Kopack",,0,1,1,0,0,0,0,0,0,0,0,0,0,0,0,0,,0,0,0.199185,0.0797077,0.329986,0.241549,0.267685,0.314618,0.259163,0.582304,0.115434,4.52101,0.286149,,-0.00157633,0.0744024,-0.0437553,66.8587,-0.00157633,0.014259,-0.04085557081270963,0.01425904966890812,0.000682805,999,,,,,,,-1,,-1,,,,,,,,,,,,,,,,,,,,"Addison Kopack","sa3023052",688551
"Core Jackson","NYY",0,1,1,0,0,0,0,0,0,0,0,0,0,0,0,0,,0,0,0.204926,0.0804786,0.288216,0.27923,0.278426,0.324843,0.2688,0.60327,0.119918,3.93783,0.274136,,-0.0012327,0.0822266,-0.0359311,70.8381,-0.0012327,0.00784248,-0.03560337901581079,0.007842478342354298,0.000681143,999,,,,,,,-1,,-1,,,,,,,,,,,,,,,,,,,,"Core Jackson","sa3034485",692110
"Michael Snyder","MIA",0,1,1,0,0,0,0,0,0,0,0,0,0,0,0,0,,0,0,0.211686,0.10574,0.262713,0.402492,0.303136,0.312749,0.278766,0.615885,0.101063,4.21867,0.280609,,0.00204323,0.0903182,-0.0278395,75.2078,0.00204323,0.000712953,-0.027340679662302136,0.0007129529840312898,0.000679613,999,,,,,,,-1,,-1,,,,,,,,,,,,,,,,,,,,"Michael Snyder","sa3025194",688617
"Cam Clayton","MIA",0,1,1,0,0,0,0,0,0,0,0,0,0,0,0,0,,0,0,0.217442,0.0740772,0.252944,0.29286,0.281407,0.341373,0.275001,0.62278,0.123932,3.71665,0.276869,,-0.0020489,0.0872616,-0.0308961,72.6288,-0.0020489,0.00784248,-0.034489391604438424,0.007842478342354298,0.00067765,999,,,,,,,-1,,-1,,,,,,,,,,,,,,,,,,,,"Cam Clayton","sa3025610",701784
"Shane Sasaki","CIN",0,1,1,0,0,0,0,0,0,0,0,0,0,0,0,0,,0,0,0.224105,0.0816317,0.273606,0.298355,0.291208,0.322349,0.273576,0.613557,0.0982438,5.87224,0.304347,,0.0048057,0.0861046,-0.0320531,71.6526,0.0048057,0.00213886,-0.028791781049221754,0.002138857962563634,0.000677035,999,,,,,,,-1,,-1,,,,,,,,,,,,,,,,,,,,"Shane Sasaki","sa3011754",687071
"Andrick Nava","MIL",0,1,1,0,0,0,0,0,0,0,0,0,0,0,0,0,,0,0,0.215348,0.0831602,0.230035,0.361511,0.283105,0.313661,0.266651,0.596766,0.0983126,2.72205,0.269631,,-0.00137618,0.0804824,-0.0376753,66.6395,-0.00137618,0.014259,-0.04091530526056886,0.01425904966890812,0.000676694,999,,,,,,,-1,,-1,,,,,,,,,,,,,,,,,,,,"Andrick Nava","sa3010693",682774
"Mason White","BOS",0,1,1,0,0,0,0,0,0,0,0,0,0,0,0,0,,0,0,0.226761,0.0766283,0.257769,0.297276,0.290213,0.344356,0.280558,0.634569,0.117594,3.86955,0.292858,,-0.000660305,0.091773,-0.0263847,73.6135,-0.000660305,0.00393692,-0.03175985685084015,0.003936924040317535,0.000674796,999,,,,,,,-1,,-1,,,,,,,,,,,,,,,,,,,,"Mason White","sa3045125",702517
"Garret Forrester","MIA",0,1,1,0,0,0,0,0,0,0,0,0,0,0,0,0,,0,0,0.198459,0.100036,0.301839,0.331423,0.295452,0.28152,0.265191,0.576972,0.0830614,3.48296,0.286323,,-0.000551027,0.0792965,-0.0388612,65.9083,-0.000551027,0.014259,-0.04095669183880091,0.01425904966890812,0.000672459,999,,,,,,,-1,,-1,,,,,,,,,,,,,,,,,,,,"Garret Forrester","sa3022822",807720
"Jack Dunn",,0,1,1,0,0,0,0,0,0,0,0,0,0,0,0,0,,0,0,0.209778,0.105436,0.222282,0.474332,0.303024,0.283341,0.26907,0.586365,0.0735627,4.58167,0.267728,,0.000084416,0.0824462,-0.0357115,69.6454,0.000084416,0.00784248,-0.03569196447642753,0.007842478342354298,0.000672079,999,,,,,,,-1,,-1,,,,,,,,,,,,,,,,,,,,"Jack Dunn","sa3010029",686639
"Mac Guscette","ATL",0,1,1,0,0,0,0,0,0,0,0,0,0,0,0,0,,0,0,0.216475,0.0659087,0.229603,0.287055,0.276736,0.320417,0.265288,0.597153,0.103941,3.23727,0.269524,,-0.00167893,0.0793751,-0.0387826,66.8448,-0.00167893,0.014259,-0.040974657400511205,0.01425904966890812,0.000670621,999,,,,,,,-1,,-1,,,,,,,,,,,,,,,,,,,,"Mac Guscette","sa3025221",691944
"Brandon Compton","MIA",0,1,1,0,0,0,0,0,0,0,0,0,0,0,0,0,,0,0,0.2068,0.0936865,0.313485,0.298855,0.287292,0.330873,0.275683,0.618164,0.124073,5.67297,0.289839,,0.00121603,0.0878148,-0.0303429,73.0956,0.00121603,0.00393692,-0.030671282671391964,0.003936924040317535,0.000668703,999,,,,,,,-1,,-1,,,,,,,,,,,,,,,,,,,,"Brandon Compton","sa3029229",703680
"Jim Jarvis","ATL",0,1,1,0,0,0,0,0,0,0,0,0,0,0,0,0,,0,0,0.22457,0.0650556,0.191421,0.339856,0.283761,0.32255,0.26946,0.606311,0.0979798,4.83629,0.268234,,-0.000272365,0.0827628,-0.0353949,69.9141,-0.000272365,0.00784248,-0.03573212571791373,0.007842478342354298,0.00066797,999,,,,,,,-1,,-1,,,,,,,,,,,,,,,,,,,,"Jim Jarvis","sa3022891",805347
"Tavano Baker","BOS",0,1,1,0,0,0,0,0,0,0,0,0,0,0,0,0,,0,0,0.213534,0.0895221,0.285444,0.313624,0.291315,0.33405,0.278604,0.625365,0.120516,5.87805,0.288869,,0.00261738,0.0901863,-0.0279714,72.2673,0.00261738,0.00213886,-0.030068875290453434,0.002138857962563634,0.00066384,999,,,,,,,-1,,-1,,,,,,,,,,,,,,,,,,,,"Tavano Baker","sa3023762",821138
"Alan Trejo",,0,1,1,0,0,0,0,0,0,0,0,0,0,0,0,0,,0,0,0.217979,0.0558355,0.25952,0.215149,0.266281,0.346904,0.268333,0.613185,0.128925,3.23226,0.274653,,-0.00170174,0.0818472,-0.0363105,70.7934,-0.00170174,0.00816758,-0.03612506145145744,0.008167584426701069,0.000661031,999,,,,,,,-1,,-1,,,,,,,,,,,,,,,,,,,,"Alan Trejo","20056",676701
"Yandel Ricardo","KCR",0,1,1,0,0,0,0,0,0,0,0,0,0,0,0,0,,0,0,0.223062,0.0557588,0.263933,0.211262,0.274292,0.343487,0.271035,0.617779,0.120425,7.097,0.291235,,0.0022229,0.0840413,-0.0341164,68.2329,0.0022229,0.0072165,-0.03521836968138814,0.007216504774987698,0.000656489,999,,,,,,,-1,,-1,,,,,,,,,,,,,,,,,,,,"Yandel Ricardo","sa3024305",815902
"Dariel Ramon","TOR",0,1,1,0,0,0,0,0,0,0,0,0,0,0,0,0,,0,0,0.208369,0.0838703,0.257413,0.325821,0.285687,0.308431,0.267214,0.594118,0.100062,4.49433,0.273002,,0.000428471,0.0809394,-0.0372183,69.2215,0.000428471,0.00784248,-0.03584764231345616,0.007842478342354298,0.000656152,999,,,,,,,-1,,-1,,,,,,,,,,,,,,,,,,,,"Dariel Ramon","sa3022236",814748
"Carter Trice","CHC",0,1,1,0,0,0,0,0,0,0,0,0,0,0,0,0,,0,0,0.189465,0.103012,0.342493,0.300771,0.278407,0.333248,0.2728,0.611655,0.143783,5.04472,0.266168,,0.00148199,0.0854742,-0.0326835,74.254,0.00148199,0.00213886,-0.02903231990057975,0.002138857962563634,0.000652425,999,,,,,,,-1,,-1,,,,,,,,,,,,,,,,,,,,"Carter Trice","sa3022661",807714
"Trenton Brooks",,0,1,1,0,0,0,0,0,0,0,0,0,0,0,0,0,,0,0,0.217269,0.106876,0.21095,0.506642,0.304641,0.340476,0.288319,0.645117,0.123207,2.88861,0.258207,,-0.000566834,0.0980742,-0.0200835,86.8315,-0.000566834,-0.01072,-0.016174269723705947,-0.010719954036176205,0.000652347,999,,,,,,,-1,,-1,,,,,,,,,,,,,,,,,,,,"Trenton Brooks","19384",670092
"Callan Moss","PIT",0,1,1,0,0,0,0,0,0,0,0,0,0,0,0,0,,0,0,0.225268,0.0876357,0.27454,0.31921,0.298826,0.350914,0.28799,0.64974,0.125646,3.71387,0.296828,,-0.00174746,0.0978072,-0.0203505,79.9126,-0.00174746,-0.00262224,-0.02542282664217055,-0.0026222390588372946,0.000652069,999,,,,,,,-1,,-1,,,,,,,,,,,,,,,,,,,,"Callan Moss","sa3025392",801978
"Jackson Castillo","NYY",0,1,1,0,0,0,0,0,0,0,0,0,0,0,0,0,,0,0,0.212119,0.0926906,0.254949,0.363565,0.288282,0.322907,0.273179,0.611189,0.110789,4.37057,0.272257,,0.000595014,0.0857819,-0.0323758,73.8546,0.000595014,0.00213886,-0.030220373475458473,0.002138857962563634,0.00064834,999,,,,,,,-1,,-1,,,,,,,,,,,,,,,,,,,,"Jackson Castillo","sa3023111",814431
"Adam Zebrowski","ATL",0,1,1,0,0,0,0,0,0,0,0,0,0,0,0,0,,0,0,0.204373,0.0639189,0.327845,0.194967,0.26199,0.338628,0.264223,0.600619,0.134255,2.47545,0.27943,,-0.0010458,0.0785104,-0.0396474,66.1152,-0.0010458,0.014259,-0.041206311085261405,0.01425904966890812,0.00064692,999,,,,,,,-1,,-1,,,,,,,,,,,,,,,,,,,,"Adam Zebrowski","sa3017221",700845
"Diego Velasquez","SFG",0,1,1,0,0,0,0,0,0,0,0,0,0,0,0,0,,0,0,0.232262,0.0812818,0.19675,0.413122,0.303243,0.31223,0.276869,0.615472,0.0799683,3.82936,0.285194,,-0.00114656,0.0887779,-0.0293798,77.6425,-0.00114656,0.000657342,-0.027644796180538833,0.0006573420250788331,0.000642808,999,,,,,,,-1,,-1,,,,,,,,,,,,,,,,,,,,"Diego Velasquez","sa3016144",694196
"Joshua Palacios",,0,1,1,0,0,0,0,0,0,0,0,0,0,0,0,0,,0,0,0.235936,0.0795192,0.223755,0.355385,0.306717,0.37326,0.299421,0.679977,0.137324,4.14208,0.283515,,-0.00116877,0.107088,-0.0110695,90.5466,-0.00116877,-0.0158275,-0.012310734018683434,-0.015827545896172523,0.000642532,999,,,,,,,-1,,-1,,,,,,,,,,,,,,,,,,,,"Joshua Palacios","19818",641943
"Jacob Berry","MIA",0,1,1,0,0,0,0,0,0,0,0,0,0,0,0,0,,0,0,0.228234,0.0621109,0.222605,0.279018,0.285386,0.345649,0.27813,0.631036,0.117415,5.48486,0.2812,,0.000747495,0.0898022,-0.0283555,74.7724,0.000747495,0.00213886,-0.02915243891766295,0.002138857962563634,0.000640135,999,,,,,,,-1,,-1,,,,,,,,,,,,,,,,,,,,"Jacob Berry","sa3019825",694351
"Braden Shewmake","NYY",0,1,1,0,0,0,0,0,0,0,0,0,0,0,0,0,,0,0,0.214188,0.0591484,0.211419,0.279768,0.264786,0.334554,0.263259,0.59934,0.120366,5.62326,0.253235,,0.00286336,0.0777278,-0.0404299,67.0211,0.00286336,0.00784248,-0.03600605786778033,0.007842478342354298,0.000639944,999,,,,,,,-1,,-1,,,,,,,,,,,,,,,,,,,,"Braden Shewmake","25817",669699
"Griffin Burkholder","PHI",0,1,1,0,0,0,0,0,0,0,0,0,0,0,0,0,,0,0,0.212384,0.059752,0.318847,0.1874,0.269256,0.357398,0.274189,0.626654,0.145014,4.39375,0.29041,,-0.000813292,0.0866022,-0.0315555,71.803,-0.000813292,0.0072165,-0.03423260629642755,0.007216504774987698,0.000639877,999,,,,,,,-1,,-1,,,,,,,,,,,,,,,,,,,,"Griffin Burkholder","sa3025418",816120
"J.R. Freethy","TOR",0,1,1,0,0,0,0,0,0,0,0,0,0,0,0,0,,0,0,0.203042,0.106324,0.27587,0.385411,0.301019,0.308103,0.27677,0.609122,0.105061,3.43744,0.27402,,-0.00179239,0.088698,-0.0294597,75.8042,-0.00179239,0.00213886,-0.030309931258670986,0.002138857962563634,0.000639177,999,,,,,,,-1,,-1,,,,,,,,,,,,,,,,,,,,"J.R. Freethy","sa3025310",701540
"Michael Trautwein","CIN",0,1,1,0,0,0,0,0,0,0,0,0,0,0,0,0,,0,0,0.19918,0.0912474,0.324872,0.280872,0.282087,0.32457,0.271336,0.606657,0.12539,3.54092,0.28177,,-0.00167151,0.0842854,-0.0338723,66.5786,-0.00167151,0.014259,-0.041282727499492466,0.01425904966890812,0.000639102,999,,,,,,,-1,,-1,,,,,,,,,,,,,,,,,,,,"Michael Trautwein","sa3017043",681114
"Julio E. Rodriguez",,0,1,1,0,0,0,0,0,0,0,0,0,0,0,0,0,,0,0,0.210391,0.0691903,0.246466,0.28073,0.272605,0.327134,0.265913,0.599739,0.116743,2.54489,0.260174,,-0.000832737,0.0798828,-0.0382749,64.7046,-0.000832737,0.014259,-0.042432494868990034,0.01425904966890812,0.000638934,999,,,,,,,-1,,-1,,,,,,,,,,,,,,,,,,,,"Julio E. Rodriguez","sa917669",667372
"Leo Balcazar","CIN",0,1,1,0,0,0,0,0,0,0,0,0,0,0,0,0,,0,0,0.234511,0.0519559,0.232052,0.223897,0.27942,0.352491,0.276823,0.631911,0.11798,2.7839,0.287082,,-0.00237314,0.088741,-0.0294167,70.338,-0.00237314,0.0104961,-0.037528754910454154,0.010496087372303009,0.000638182,999,,,,,,,-1,,-1,,,,,,,,,,,,,,,,,,,,"Leo Balcazar","sa3015798",699114
"Luke Pelzer","KCR",0,1,1,0,0,0,0,0,0,0,0,0,0,0,0,0,,0,0,0.235513,0.0922161,0.213463,0.432,0.313768,0.352304,0.296359,0.666072,0.116791,4.23742,0.288284,,-0.000607022,0.104602,-0.0135554,85.6779,-0.000607022,-0.0106943,-0.017487271456047893,-0.010694287717342377,0.000638104,999,,,,,,,-1,,-1,,,,,,,,,,,,,,,,,,,,"Luke Pelzer","sa3038960",804114
"Elijah Hainline","LAD",0,1,1,0,0,0,0,0,0,0,0,0,0,0,0,0,,0,0,0.206376,0.105807,0.292396,0.361862,0.29964,0.324489,0.281122,0.62413,0.118113,4.51188,0.280405,,0.000861633,0.0922307,-0.025927,78.6716,0.000861633,-0.00262224,-0.02441691840067506,-0.0026222390588372946,0.000637518,999,,,,,,,-1,,-1,,,,,,,,,,,,,,,,,,,,"Elijah Hainline","sa3025157",809944
"Colby Shade","MIA",0,1,1,0,0,0,0,0,0,0,0,0,0,0,0,0,,0,0,0.207523,0.0790177,0.309149,0.255598,0.291181,0.309285,0.271121,0.600466,0.101762,6.76061,0.298474,,0.00640776,0.0841114,-0.0340463,69.9709,0.00640776,0.00213886,-0.029182997532188892,0.002138857962563634,0.000637008,999,,,,,,,-1,,-1,,,,,,,,,,,,,,,,,,,,"Colby Shade","sa3023374",694974
"Tucker Barnhart",,0,1,1,0,0,0,0,0,0,0,0,0,0,0,0,0,,0,0,0.206058,0.0866892,0.257352,0.336851,0.282482,0.291081,0.259565,0.573562,0.0850224,2.81153,0.272584,,-0.00109214,0.0747291,-0.0434286,64.7541,-0.00109214,0.0144231,-0.04263358318712562,0.014423086307942867,0.000635144,999,,,,,,,-1,,-1,,,,,,,,,,,,,,,,,,,,"Tucker Barnhart","10200",571466
"Cobb Hightower","BAL",0,1,1,0,0,0,0,0,0,0,0,0,0,0,0,0,,0,0,0.213918,0.0802641,0.254249,0.315691,0.282917,0.320444,0.269134,0.603361,0.106526,4.27795,0.275084,,0.000168919,0.0824983,-0.0356594,73.6896,0.000168919,0.00393692,-0.031014386637252755,0.003936924040317535,0.000633599,999,,,,,,,-1,,-1,,,,,,,,,,,,,,,,,,,,"Cobb Hightower","sa3066025",826932
"Axiel Plaz","PIT",0,1,1,0,0,0,0,0,0,0,0,0,0,0,0,0,,0,0,0.214574,0.0652111,0.282238,0.23105,0.27815,0.356565,0.279126,0.634715,0.141991,2.67027,0.276465,,-0.00129756,0.0906107,-0.027547,74.9121,-0.00129756,0.00393692,-0.031031915452331305,0.003936924040317535,0.000631806,999,,,,,,,-1,,-1,,,,,,,,,,,,,,,,,,,,"Axiel Plaz","sa3018480",800208
"Devin Mann","SFG",0,1,1,0,0,0,0,0,0,0,0,0,0,0,0,0,,0,0,0.210476,0.0900444,0.259911,0.346443,0.293451,0.325883,0.277719,0.619334,0.115408,2.13544,0.272624,,-0.00203958,0.0894684,-0.0286893,78.2252,-0.00203958,0.000712953,-0.027847245568409562,0.0007129529840312898,0.000627785,999,,,,,,,-1,,-1,,,,,,,,,,,,,,,,,,,,"Devin Mann","sa3006869",669471
"Aidan Smith","TBR",0,1,1,0,0,0,0,0,0,0,0,0,0,0,0,0,,0,0,0.206936,0.0817191,0.331555,0.246472,0.276672,0.341578,0.273299,0.61825,0.134642,5.7342,0.291665,,0.00414634,0.0858793,-0.0322784,71.9268,0.00414634,0.000657342,-0.02894114563241601,0.0006573420250788331,0.000627643,999,,,,,,,-1,,-1,,,,,,,,,,,,,,,,,,,,"Aidan Smith","sa3022611",806223
"Ariel Armas","CHC",0,1,1,0,0,0,0,0,0,0,0,0,0,0,0,0,,0,0,0.209173,0.0678432,0.255946,0.265069,0.271918,0.312978,0.260541,0.584896,0.103805,3.79082,0.269734,,-0.000934553,0.0755213,-0.0426364,65.8564,-0.000934553,0.014259,-0.04140178952366114,0.01425904966890812,0.00062692,999,,,,,,,-1,,-1,,,,,,,,,,,,,,,,,,,,"Ariel Armas","sa3025454",813666
"Aiva Arquette","MIA",0,1,1,0,0,0,0,0,0,0,0,0,0,0,0,0,,0,0,0.21948,0.0873161,0.267596,0.326298,0.292027,0.337873,0.279957,0.6299,0.118393,4.59117,0.286641,,0.000583254,0.0912856,-0.0268721,76.024,0.000583254,0.000657342,-0.027833294006995857,0.0006573420250788331,0.000623522,999,,,,,,,-1,,-1,,,,,,,,,,,,,,,,,,,,"Aiva Arquette","sa3026235",804109
"Starlyn Nunez","BOS",0,1,1,0,0,0,0,0,0,0,0,0,0,0,0,0,,0,0,0.224558,0.0364279,0.266303,0.136791,0.258642,0.367458,0.27052,0.626101,0.142901,5.9845,0.285501,,0.00041348,0.0836236,-0.0345341,66.6991,0.00041348,0.0104961,-0.03883550385944545,0.010496087372303009,0.000621953,999,,,,,,,-1,,-1,,,,,,,,,,,,,,,,,,,,"Starlyn Nunez","sa3021216",808245
"Livan Soto",,0,1,1,0,0,0,0,0,0,0,0,0,0,0,0,0,,0,0,0.217347,0.0908087,0.23388,0.388271,0.293718,0.302744,0.269137,0.596463,0.085397,2.69724,0.278183,,-0.00252379,0.0825003,-0.0356574,71.3865,-0.00252379,0.00784248,-0.03624809626489878,0.007842478342354298,0.00061518,999,,,,,,,-1,,-1,,,,,,,,,,,,,,,,,,,,"Livan Soto","22471",670869
"Sammy Hernandez","STL",0,1,1,0,0,0,0,0,0,0,0,0,0,0,0,0,,0,0,0.207518,0.0679925,0.240784,0.28238,0.279063,0.301352,0.261284,0.580415,0.0938338,2.45779,0.264172,,-0.00208435,0.0761245,-0.0420332,66.7211,-0.00208435,0.014259,-0.041526750195771456,0.01425904966890812,0.000614135,999,,,,,,,-1,,-1,,,,,,,,,,,,,,,,,,,,"Sammy Hernandez","sa3020141",803679
"Ivan Luciano","ARI",0,1,1,0,0,0,0,0,0,0,0,0,0,0,0,0,,0,0,0.216573,0.0891053,0.266772,0.334012,0.290783,0.332129,0.277464,0.622912,0.115555,3.00032,0.283148,,-0.00119284,0.0892609,-0.0288968,74.6725,-0.00119284,0.00393692,-0.03121116803959012,0.003936924040317535,0.000613466,999,,,,,,,-1,,-1,,,,,,,,,,,,,,,,,,,,"Ivan Luciano","sa3067397",813930
"TT Bowens","BAL",0,1,1,0,0,0,0,0,0,0,0,0,0,0,0,0,,0,0,0.218134,0.0655593,0.321917,0.203653,0.275812,0.378544,0.284957,0.654356,0.160409,3.61724,0.294659,,-0.00114651,0.0953448,-0.0228129,82.2845,-0.00114651,-0.00641657,-0.022026308928616345,-0.006416573189198971,0.000611368,999,,,,,,,-1,,-1,,,,,,,,,,,,,,,,,,,,"TT Bowens","sa3015107",688449
"Ricardo Genovés",,0,1,1,0,0,0,0,0,0,0,0,0,0,0,0,0,,0,0,0.203328,0.0725074,0.309479,0.234288,0.269781,0.324156,0.26378,0.593938,0.120828,1.91674,0.277864,,-0.00189012,0.0781511,-0.0400066,65.3698,-0.00189012,0.014259,-0.04270586383063346,0.01425904966890812,0.000610965,999,,,,,,,-1,,-1,,,,,,,,,,,,,,,,,,,,"Ricardo Genoves","sa916844",665648
"Ryan Wrobleski",,0,1,1,0,0,0,0,0,0,0,0,0,0,0,0,0,,0,0,0.203778,0.0580772,0.299098,0.194174,0.264883,0.314492,0.257644,0.579375,0.110714,4.9035,0.276722,,0.00133706,0.0731692,-0.0449885,62.6004,0.00133706,0.014259,-0.042742686928249896,0.01425904966890812,0.000607198,999,,,,,,,-1,,-1,,,,,,,,,,,,,,,,,,,,"Ryan Wrobleski","sa3020239",696141
"Gabriel Rodriguez","CLE",0,1,1,0,0,0,0,0,0,0,0,0,0,0,0,0,,0,0,0.213053,0.0774418,0.26915,0.287728,0.281648,0.322988,0.269336,0.604636,0.109935,5.22233,0.28003,,0.00144022,0.082662,-0.0354957,71.2639,0.00144022,0.00393692,-0.03242862783372402,0.003936924040317535,0.000606373,999,,,,,,,-1,,-1,,,,,,,,,,,,,,,,,,,,"Gabriel Rodriguez","sa3024645",821657
"Luis Guillorme",,0,1,1,0,0,0,0,0,0,0,0,0,0,0,0,0,,0,0,0.219721,0.112137,0.218395,0.513457,0.31009,0.299836,0.277651,0.609926,0.0801152,3.01157,0.278705,,-0.00193583,0.0894128,-0.0287449,76.3824,-0.00193583,0.00127533,-0.02977196278516203,0.001275329035706818,0.000605868,999,,,,,,,-1,,-1,,,,,,,,,,,,,,,,,,,,"Luis Guillorme","16451",641645
"Kyle Walker","HOU",0,1,1,0,0,0,0,0,0,0,0,0,0,0,0,0,,0,0,0.212821,0.0798832,0.24893,0.320907,0.289809,0.319716,0.27336,0.609525,0.106895,4.70783,0.27242,,0.00066388,0.0859288,-0.0322289,73.4264,0.00066388,0.00213886,-0.030656245013233274,0.002138857962563634,0.000603745,999,,,,,,,-1,,-1,,,,,,,,,,,,,,,,,,,,"Kyle Walker","sa3044681",809143
"Cole Messina","COL",0,1,1,0,0,0,0,0,0,0,0,0,0,0,0,0,,0,0,0.234013,0.0748893,0.215746,0.347118,0.297466,0.338742,0.282296,0.636208,0.104729,4.25966,0.289292,,-0.000534171,0.0931843,-0.0249734,65.3141,-0.000534171,0.014259,-0.04164415056584403,0.01425904966890812,0.000602124,999,,,,,,,-1,,-1,,,,,,,,,,,,,,,,,,,,"Cole Messina","sa3025359",701783
"Jonathan Linares","LAA",0,1,1,0,0,0,0,0,0,0,0,0,0,0,0,0,,0,0,0.195913,0.0840522,0.318833,0.263624,0.274084,0.31447,0.263474,0.588555,0.118557,3.76192,0.273604,,-0.00138061,0.0779028,-0.0402549,64.8633,-0.00138061,0.014259,-0.042793362867087126,0.01425904966890812,0.000602013,999,,,,,,,-1,,-1,,,,,,,,,,,,,,,,,,,,"Jonathan Linares","sa3018475",800200
"Colby Smelley",,0,1,1,0,0,0,0,0,0,0,0,0,0,0,0,0,,0,0,0.214535,0.0696203,0.261649,0.266083,0.281032,0.301893,0.261788,0.582925,0.0873579,2.72368,0.284867,,-0.00110816,0.0765339,-0.0416238,64.6228,-0.00110816,0.014259,-0.04280437564011663,0.01425904966890812,0.000600887,999,,,,,,,-1,,-1,,,,,,,,,,,,,,,,,,,,"Colby Smelley","sa3017797",702457
"Yeremi Villahermosa","LAA",0,1,1,0,0,0,0,0,0,0,0,0,0,0,0,0,,0,0,0.20305,0.0865733,0.296957,0.291534,0.278884,0.308926,0.263831,0.587809,0.105876,3.45674,0.277026,,-0.00174587,0.078192,-0.0399657,65.1086,-0.00174587,0.014259,-0.04286941245663911,0.01425904966890812,0.000594232,999,,,,,,,-1,,-1,,,,,,,,,,,,,,,,,,,,"Yeremi Villahermosa","sa3016096",691584
"Enrique Jimenez","MIN",0,1,1,0,0,0,0,0,0,0,0,0,0,0,0,0,,0,0,0.207921,0.0859352,0.310545,0.276724,0.275841,0.347816,0.274715,0.623657,0.139895,2.83888,0.280033,,-0.00138183,0.0870289,-0.0311288,73.5337,-0.00138183,0.00393692,-0.032575448974967,0.003936924040317535,0.000591351,999,,,,,,,-1,,-1,,,,,,,,,,,,,,,,,,,,"Enrique Jimenez","sa3021091",806992
"Warming Bernabel","WSN",0,1,1,0,0,0,0,0,0,0,0,0,0,0,0,0,,0,0,0.242996,0.0402107,0.175689,0.228874,0.27872,0.357745,0.277762,0.636465,0.114749,3.11167,0.276548,,-0.000781736,0.0895032,-0.0286545,75.8812,-0.000781736,0.00185368,-0.029367473733145744,0.0018536769784986973,0.000588957,999,,,,,,,-1,,-1,,,,,,,,,,,,,,,,,,,,"Warming Bernabel","26536",682653
"Mitch Jebb","PIT",0,1,1,0,0,0,0,0,0,0,0,0,0,0,0,0,,0,0,0.236503,0.0817289,0.179734,0.454721,0.301061,0.314495,0.275426,0.615556,0.0779916,6.18968,0.285574,,0.00308373,0.0876064,-0.0305513,72.3772,0.00308373,0.00213886,-0.029654980869963765,0.002138857962563634,0.000588718,999,,,,,,,-1,,-1,,,,,,,,,,,,,,,,,,,,"Mitch Jebb","sa3022565",694991
"Boston Baro","NYM",0,1,1,0,0,0,0,0,0,0,0,0,0,0,0,0,,0,0,0.219434,0.0575145,0.243897,0.235814,0.265168,0.323607,0.258889,0.588776,0.104173,5.87979,0.278999,,0.00199612,0.0741802,-0.0439775,66.2337,0.00199612,0.0104961,-0.03802397125400603,0.010496087372303009,0.000587515,999,,,,,,,-1,,-1,,,,,,,,,,,,,,,,,,,,"Boston Baro","sa3022962",805951
"Cristian Hernandez","MIA",0,1,1,0,0,0,0,0,0,0,0,0,0,0,0,0,,0,0,0.216817,0.0725183,0.276175,0.262581,0.274523,0.319076,0.263126,0.593599,0.10226,5.83076,0.291026,,0.00402541,0.0776198,-0.0405379,64.4937,0.00402541,0.0104961,-0.03805688954889774,0.010496087372303009,0.000584147,999,,,,,,,-1,,-1,,,,,,,,,,,,,,,,,,,,"Cristian Hernandez","sa3015696",694183
"Manuel Dos Passos","ATL",0,1,1,0,0,0,0,0,0,0,0,0,0,0,0,0,,0,0,0.204828,0.0779697,0.300399,0.259554,0.27724,0.312935,0.264135,0.590174,0.108107,2.88986,0.282563,,-0.0016149,0.0784395,-0.0397182,66.0554,-0.0016149,0.014259,-0.04184628929942846,0.01425904966890812,0.000581442,999,,,,,,,-1,,-1,,,,,,,,,,,,,,,,,,,,"Manuel Dos Passos","sa3024344",821604
"Jansel Luis","ARI",0,1,1,0,0,0,0,0,0,0,0,0,0,0,0,0,,0,0,0.238963,0.0342832,0.232858,0.147228,0.268529,0.357966,0.271301,0.626496,0.119003,7.34679,0.301001,,0.000188843,0.0842574,-0.0339003,70.4509,0.000188843,0.0072165,-0.03483299128129147,0.007216504774987698,0.00057845,999,,,,,,,-1,,-1,,,,,,,,,,,,,,,,,,,,"Jansel Luis","sa3018508",800306
"Carlos Linarez","STL",0,1,1,0,0,0,0,0,0,0,0,0,0,0,0,0,,0,0,0.211261,0.0594235,0.333847,0.177996,0.261576,0.329364,0.259754,0.590941,0.118104,3.93417,0.302589,,-0.00120852,0.0748826,-0.0432752,65.6732,-0.00120852,0.014259,-0.041892878245562315,0.01425904966890812,0.000576676,999,,,,,,,-1,,-1,,,,,,,,,,,,,,,,,,,,"Carlos Linarez","sa3016346",701800
"Cristofer Torin","ARI",0,1,1,0,0,0,0,0,0,0,0,0,0,0,0,0,,0,0,0.231092,0.0867416,0.203627,0.425982,0.300178,0.317883,0.276758,0.618061,0.0867913,4.32577,0.284877,,-0.00109223,0.0886879,-0.0294698,74.1891,-0.00109223,0.00393692,-0.03168353601358831,0.003936924040317535,0.000565137,999,,,,,,,-1,,-1,,,,,,,,,,,,,,,,,,,,"Cristofer Torin","sa3018938",800198
"Luis Ariza",,0,1,1,0,0,0,0,0,0,0,0,0,0,0,0,0,,0,0,0.205066,0.0670874,0.297555,0.225462,0.268785,0.321292,0.261972,0.590077,0.116227,3.6036,0.27767,,-0.000913137,0.0766834,-0.0414743,64.1245,-0.000913137,0.014259,-0.043196538113988936,0.01425904966890812,0.000560763,999,,,,,,,-1,,-1,,,,,,,,,,,,,,,,,,,,"Luis Ariza","sa3015791",699078
"Joe Hudson",,0,1,1,0,0,0,0,0,0,0,0,0,0,0,0,0,,0,0,0.183719,0.0940435,0.351197,0.26778,0.269475,0.305698,0.258959,0.575173,0.121978,3.299,0.265556,,-0.000199956,0.0742366,-0.0439211,63.5061,-0.000199956,0.014259,-0.043212232063524425,0.01425904966890812,0.000559158,999,,,,,,,-1,,-1,,,,,,,,,,,,,,,,,,,,"Joe Hudson","14412",621529
"Ripken Reyes",,0,1,1,0,0,0,0,0,0,0,0,0,0,0,0,0,,0,0,0.198525,0.0773697,0.181544,0.426175,0.300213,0.269631,0.264785,0.569844,0.0711062,4.95485,0.241323,,-0.000955558,0.0789671,-0.0391906,70.7101,-0.000955558,0.00784248,-0.03567013418069109,0.007842478342354298,0.000556845,999,,,,,,,-1,,-1,,,,,,,,,,,,,,,,,,,,"Ripken Reyes","sa3010159",685341
"Ronald Rosario","BOS",0,1,1,0,0,0,0,0,0,0,0,0,0,0,0,0,,0,0,0.219367,0.0621623,0.258178,0.240773,0.273815,0.331515,0.267265,0.60533,0.112148,2.65382,0.280853,,-0.0013991,0.0809804,-0.0371773,64.4565,-0.0013991,0.014259,-0.04329124861396849,0.01425904966890812,0.000551073,999,,,,,,,-1,,-1,,,,,,,,,,,,,,,,,,,,"Ronald Rosario","sa3015525",691385
"Eduardo Beltre","MIN",0,1,1,0,0,0,0,0,0,0,0,0,0,0,0,0,,0,0,0.206483,0.0652338,0.314479,0.207434,0.265383,0.339749,0.266206,0.605133,0.133266,5.59149,0.281525,,0.00239963,0.0801207,-0.038037,67.1653,0.00239963,0.0072165,-0.03629994601942599,0.007216504774987698,0.00054583,999,,,,,,,-1,,-1,,,,,,,,,,,,,,,,,,,,"Eduardo Beltre","sa3024928",815924
"Jace Bohrofen","TOR",0,1,1,0,0,0,0,0,0,0,0,0,0,0,0,0,,0,0,0.199096,0.0949029,0.319656,0.29689,0.283116,0.337274,0.276292,0.62039,0.138178,3.50218,0.273548,,-0.000847785,0.0883098,-0.0298479,75.4749,-0.000847785,0.000657342,-0.029753467184491456,0.0006573420250788331,0.000544533,999,,,,,,,-1,,-1,,,,,,,,,,,,,,,,,,,,"Jace Bohrofen","sa3022653",690957
"Travis Swaggerty",,0,1,1,0,0,0,0,0,0,0,0,0,0,0,0,0,,0,0,0.220146,0.0923818,0.284094,0.32518,0.297191,0.350173,0.286755,0.647364,0.130027,5.79487,0.295637,,0.000134778,0.0968046,-0.0213531,85.3226,0.000134778,-0.0106943,-0.017260956927202642,-0.010694287717342377,0.000543791,999,,,,,,,-1,,-1,,,,,,,,,,,,,,,,,,,,"Travis Swaggerty","24491",680552
"Bennett Hostetler","MIA",0,1,1,0,0,0,0,0,0,0,0,0,0,0,0,0,,0,0,0.20672,0.0633172,0.30387,0.208369,0.272971,0.313599,0.26188,0.58657,0.106879,4.4286,0.287141,,0.000839606,0.0766088,-0.0415489,63.6407,0.000839606,0.014259,-0.04225372156361118,0.01425904966890812,0.000539757,999,,,,,,,-1,,-1,,,,,,,,,,,,,,,,,,,,"Bennett Hostetler","sa3017120",702315
"Jeferson Morales",,0,1,1,0,0,0,0,0,0,0,0,0,0,0,0,0,,0,0,0.229576,0.0736929,0.223771,0.329322,0.301886,0.359798,0.292721,0.661684,0.130222,3.8805,0.280688,,-0.00131031,0.101648,-0.0165095,85.4302,-0.00131031,-0.0106943,-0.01848247100133449,-0.010694287717342377,0.000536283,999,,,,,,,-1,,-1,,,,,,,,,,,,,,,,,,,,"Jeferson Morales","sa3005472",672373
"Cade Marlowe","ATH",0,1,1,0,0,0,0,0,0,0,0,0,0,0,0,0,,0,0,0.218917,0.0882633,0.3038,0.290531,0.293253,0.357172,0.287244,0.650425,0.138256,6.39616,0.297915,,0.00332801,0.0972017,-0.020956,82.0301,0.00332801,-0.0106943,-0.017910836962983012,-0.010694287717342377,0.000536034,999,,,,,,,-1,,-1,,,,,,,,,,,,,,,,,,,,"Cade Marlowe","25505",687799
"Eduardo Tait","MIN",0,1,1,0,0,0,0,0,0,0,0,0,0,0,0,0,,0,0,0.231855,0.0351585,0.268299,0.131042,0.262844,0.379787,0.277285,0.642631,0.147932,2.58599,0.290343,,-0.00107799,0.0891158,-0.0290419,73.9238,-0.00107799,0.00393692,-0.03198365634307265,0.003936924040317535,0.00053443,999,,,,,,,-1,,-1,,,,,,,,,,,,,,,,,,,,"Eduardo Tait","sa3022162",806953
"Travis Honeyman","STL",0,1,1,0,0,0,0,0,0,0,0,0,0,0,0,0,,0,0,0.222051,0.0774456,0.234894,0.329705,0.299163,0.312633,0.275807,0.611796,0.0905824,3.10415,0.284747,,-0.00105676,0.0879155,-0.0302422,76.6696,-0.00105676,0.000657342,-0.028708168189041317,0.0006573420250788331,0.000534012,999,,,,,,,-1,,-1,,,,,,,,,,,,,,,,,,,,"Travis Honeyman","sa3023679",802469
"Richie Martin Jr.","TEX",0,1,1,0,0,0,0,0,0,0,0,0,0,0,0,0,,0,0,0.209966,0.0651621,0.256093,0.254447,0.279161,0.302089,0.260903,0.58125,0.0921238,7.4071,0.279747,,0.00335992,0.075815,-0.0423427,65.6754,0.00335992,0.00784248,-0.03709565126337111,0.007842478342354298,0.000528465,999,,,,,,,-1,,-1,,,,,,,,,,,,,,,,,,,,"Richie Martin Jr.","17736",621006
"Luke Williams","ATL",0,1,1,0,0,0,0,0,0,0,0,0,0,0,0,0,,0,0,0.217393,0.0696884,0.284317,0.245108,0.27656,0.3297,0.268249,0.606259,0.112306,5.86517,0.291141,,0.00334919,0.0817792,-0.0363785,68.8733,0.00334919,0.00539985,-0.033542441902682185,0.005399845074862242,0.000524622,999,,,,,,,-1,,-1,,,,,,,,,,,,,,,,,,,,"Luke Williams","19931",663897
"Nick Senzel","LAD",0,1,1,0,0,0,0,0,0,0,0,0,0,0,0,0,,0,0,0.215627,0.0823659,0.226251,0.364047,0.28605,0.341534,0.278279,0.627585,0.125907,3.13956,0.257476,,-0.00130062,0.0899232,-0.0282345,76.7247,-0.00130062,0.000712953,-0.028886676649563015,0.0007129529840312898,0.000521438,999,,,,,,,-1,,-1,,,,,,,,,,,,,,,,,,,,"Nick Senzel","19293",669222
"Wyatt Young","NYM",0,1,1,0,0,0,0,0,0,0,0,0,0,0,0,0,,0,0,0.219865,0.105586,0.239658,0.44057,0.30568,0.29208,0.272397,0.597759,0.0722147,3.91642,0.289327,,-0.00127854,0.0851471,-0.0330106,75.4869,-0.00127854,0.00213886,-0.030331688467413187,0.002138857962563634,0.000519483,999,,,,,,,-1,,-1,,,,,,,,,,,,,,,,,,,,"Wyatt Young","sa3017081",696281
"Will Holland",,0,1,1,0,0,0,0,0,0,0,0,0,0,0,0,0,,0,0,0.198504,0.0801748,0.30533,0.262584,0.277237,0.313863,0.265048,0.5911,0.115359,5.64352,0.274138,,0.00243882,0.0791809,-0.0389768,66.3678,0.00243882,0.00784248,-0.037200604332610965,0.007842478342354298,0.000517727,999,,,,,,,-1,,-1,,,,,,,,,,,,,,,,,,,,"Will Holland","sa3011204",683735
"Jaison Chourio","CLE",0,1,1,0,0,0,0,0,0,0,0,0,0,0,0,0,,0,0,0.21048,0.126825,0.262976,0.482268,0.310679,0.29572,0.277335,0.606399,0.0852399,3.40894,0.285937,,-0.00267418,0.0891567,-0.0290011,76.7743,-0.00267418,0.000657342,-0.030048385728150606,0.0006573420250788331,0.000514359,999,,,,,,,-1,,-1,,,,,,,,,,,,,,,,,,,,"Jaison Chourio","sa3018399",702693
"Shawn Ross","PIT",0,1,1,0,0,0,0,0,0,0,0,0,0,0,0,0,,0,0,0.184173,0.0982891,0.38536,0.255058,0.272217,0.32019,0.265263,0.592406,0.136016,3.24798,0.283066,,-0.00157142,0.0793552,-0.0388025,65.4155,-0.00157142,0.014259,-0.04256126459222287,0.01425904966890812,0.000508291,999,,,,,,,-1,,-1,,,,,,,,,,,,,,,,,,,,"Shawn Ross","sa3020951",676566
"Jacob Cozart","CLE",0,1,1,0,0,0,0,0,0,0,0,0,0,0,0,0,,0,0,0.206921,0.0823614,0.281934,0.29213,0.280737,0.317245,0.267405,0.597982,0.110323,2.69781,0.276522,,-0.00128433,0.0810945,-0.0370632,69.934,-0.00128433,0.0072165,-0.03672067425213754,0.007216504774987698,0.000502785,999,,,,,,,-1,,-1,,,,,,,,,,,,,,,,,,,,"Jacob Cozart","sa3025434",695524
"Yasser Mercedes","MIN",0,1,1,0,0,0,0,0,0,0,0,0,0,0,0,0,,0,0,0.202459,0.0683046,0.318456,0.214487,0.260115,0.332872,0.260932,0.592988,0.130414,5.233,0.277292,,0.00297742,0.0758383,-0.0423194,63.5318,0.00297742,0.0104961,-0.040004553738981485,0.010496087372303009,0.000502345,999,,,,,,,-1,,-1,,,,,,,,,,,,,,,,,,,,"Yasser Mercedes","sa3019557",703160
"Cam Devanney",,0,1,1,0,0,0,0,0,0,0,0,0,0,0,0,0,,0,0,0.218528,0.0696893,0.27206,0.256154,0.282436,0.354548,0.280388,0.636983,0.136019,3.54383,0.281681,,-0.00216171,0.0916355,-0.0265222,75.7768,-0.00216171,0.00251025,-0.03087126975879073,0.0025102540384978056,0.000502275,999,,,,,,,-1,,-1,,,,,,,,,,,,,,,,,,,,"Cam Devanney","25688",687478
"Mark Coley II","MIA",0,1,1,0,0,0,0,0,0,0,0,0,0,0,0,0,,0,0,0.207249,0.0671882,0.331502,0.202678,0.278707,0.339368,0.27385,0.618075,0.132119,7.07925,0.297659,,0.00284789,0.0863268,-0.0318309,71.8401,0.00284789,0.00213886,-0.03052741102874279,0.002138857962563634,0.000499458,999,,,,,,,-1,,-1,,,,,,,,,,,,,,,,,,,,"Mark Coley II","sa3022534",696501
"Kaeden Kent","NYY",0,1,1,0,0,0,0,0,0,0,0,0,0,0,0,0,,0,0,0.221638,0.0596143,0.236514,0.252054,0.274043,0.354037,0.275222,0.62808,0.132399,3.66876,0.26739,,-0.0010505,0.0874411,-0.0307166,75.2624,-0.0010505,0.000657342,-0.030206664581783116,0.0006573420250788331,0.000498165,999,,,,,,,-1,,-1,,,,,,,,,,,,,,,,,,,,"Kaeden Kent","sa3035283",809763
"Jonah Advincula","CLE",0,1,1,0,0,0,0,0,0,0,0,0,0,0,0,0,,0,0,0.212353,0.110311,0.229099,0.481502,0.309169,0.308139,0.280566,0.617308,0.0957853,6.43316,0.271113,,0.005885,0.0917799,-0.0263778,79,0.005885,-0.0106943,-0.018865954596549273,-0.010694287717342377,0.000497048,999,,,,,,,-1,,-1,,,,,,,,,,,,,,,,,,,,"Jonah Advincula","sa3023056",809945
"Dalton Shuffield",,0,1,1,0,0,0,0,0,0,0,0,0,0,0,0,0,,0,0,0.214748,0.0776865,0.301016,0.258081,0.278337,0.340663,0.273203,0.619,0.125915,5.33888,0.291486,,0.00131538,0.0858016,-0.0323561,71.9852,0.00131538,0.00213886,-0.03170332149602473,0.002138857962563634,0.000496616,999,,,,,,,-1,,-1,,,,,,,,,,,,,,,,,,,,"Dalton Shuffield","sa3020270",684922
"Malcom Nuñez","PIT",0,1,1,0,0,0,0,0,0,0,0,0,0,0,0,0,,0,0,0.234657,0.066311,0.213456,0.310654,0.291423,0.347808,0.282077,0.639232,0.113151,2.10398,0.284054,,-0.00180265,0.0930065,-0.0251512,76.9335,-0.00180265,0.000712953,-0.029141244711354375,0.0007129529840312898,0.000495392,999,,,,,,,-1,,-1,,,,,,,,,,,,,,,,,,,,"Malcom Nunez","sa3008113",682650
"Drake Osborn",,0,1,1,0,0,0,0,0,0,0,0,0,0,0,0,0,,0,0,0.211238,0.0606248,0.264215,0.229452,0.269021,0.328387,0.264157,0.597407,0.117148,2.39558,0.270622,,-0.00188246,0.0784569,-0.0397008,65.5568,-0.00188246,0.014259,-0.042704801773652434,0.01425904966890812,0.000493606,999,,,,,,,-1,,-1,,,,,,,,,,,,,,,,,,,,"Drake Osborn","sa3017077",688311
"Will Bush","HOU",0,1,1,0,0,0,0,0,0,0,0,0,0,0,0,0,,0,0,0.202817,0.0949976,0.306472,0.309971,0.290596,0.335364,0.279954,0.62596,0.132546,2.51742,0.274305,,-0.00101231,0.091283,-0.0268747,77.9691,-0.00101231,-0.00262224,-0.026978253154084086,-0.0026222390588372946,0.00049293,999,,,,,,,-1,,-1,,,,,,,,,,,,,,,,,,,,"Will Bush","sa3022698",813844
"Ian Moller","TEX",0,1,1,0,0,0,0,0,0,0,0,0,0,0,0,0,,0,0,0.18884,0.106701,0.311633,0.342392,0.278257,0.286308,0.256807,0.564565,0.0974685,3.68792,0.268165,,-0.000109287,0.0724899,-0.0456678,62.8542,-0.000109287,0.014259,-0.043889919252251275,0.01425904966890812,0.000489822,999,,,,,,,-1,,-1,,,,,,,,,,,,,,,,,,,,"Ian Moller","sa3017171",695744
"Wilfred Veras","CHW",0,1,1,0,0,0,0,0,0,0,0,0,0,0,0,0,,0,0,0.224046,0.0521507,0.301841,0.172775,0.269282,0.36505,0.276161,0.634332,0.141003,4.39669,0.297163,,-0.000261998,0.0882033,-0.0299544,74.5237,-0.000261998,0.000657342,-0.030288813723018393,0.0006573420250788331,0.00048976,999,,,,,,,-1,,-1,,,,,,,,,,,,,,,,,,,,"Wilfred Veras","sa3015178",691442
"Aramis Garcia","ARI",0,1,1,0,0,0,0,0,0,0,0,0,0,0,0,0,,0,0,0.200953,0.0648103,0.316167,0.204988,0.263175,0.331432,0.262773,0.594608,0.13048,2.65201,0.270841,,-0.00159936,0.0773338,-0.0408239,64.6092,-0.00159936,0.0149872,-0.04354480153415352,0.014987211674451828,0.000482163,999,,,,,,,-1,,-1,,,,,,,,,,,,,,,,,,,,"Aramis Garcia","16925",605244
"Nate Nankil","ATH",0,1,1,0,0,0,0,0,0,0,0,0,0,0,0,0,,0,0,0.229934,0.0616141,0.230928,0.26681,0.290271,0.328987,0.275336,0.619258,0.0990531,2.41533,0.291178,,-0.00217188,0.0875333,-0.0306244,73.8498,-0.00217188,0.00393692,-0.033079161774367094,0.003936924040317535,0.000481081,999,,,,,,,-1,,-1,,,,,,,,,,,,,,,,,,,,"Nate Nankil","sa3022532",694977
"Will Turner","BOS",0,1,1,0,0,0,0,0,0,0,0,0,0,0,0,0,,0,0,0.201653,0.1288,0.254213,0.506661,0.309207,0.310355,0.282191,0.619562,0.108703,2.93306,0.262043,,-0.00210551,0.0930988,-0.0250589,74.7384,-0.00210551,0.00213886,-0.03187928325496614,0.002138857962563634,0.000478613,999,,,,,,,-1,,-1,,,,,,,,,,,,,,,,,,,,"Will Turner","sa3025313",814444
"Randy Guzman","NYM",0,1,1,0,0,0,0,0,0,0,0,0,0,0,0,0,,0,0,0.228843,0.0454507,0.279656,0.162523,0.273368,0.379233,0.283272,0.652601,0.15039,4.03333,0.292995,,-0.00204752,0.0939769,-0.0241808,82.9368,-0.00204752,-0.00641657,-0.022270892281085253,-0.006416573189198971,0.000468875,999,,,,,,,-1,,-1,,,,,,,,,,,,,,,,,,,,"Randy Guzman","sa3021106",807383
"Brian Sanchez","PIT",0,1,1,0,0,0,0,0,0,0,0,0,0,0,0,0,,0,0,0.216028,0.0698392,0.29621,0.235776,0.272972,0.33873,0.268969,0.611702,0.122702,6.56803,0.295997,,0.00224674,0.0823639,-0.0357938,70.9547,0.00224674,0.00213886,-0.031986585119739175,0.002138857962563634,0.000467634,999,,,,,,,-1,,-1,,,,,,,,,,,,,,,,,,,,"Brian Sanchez","sa3021860",809331
"Jorge Corona","CHW",0,1,1,0,0,0,0,0,0,0,0,0,0,0,0,0,,0,0,0.194197,0.0710419,0.328447,0.216297,0.271371,0.307014,0.259935,0.578385,0.112817,3.36059,0.276695,,-0.000945646,0.0750288,-0.0431289,63.3458,-0.000945646,0.014259,-0.04414694377919659,0.01425904966890812,0.000463525,999,,,,,,,-1,,-1,,,,,,,,,,,,,,,,,,,,"Jorge Corona","sa3067209",687262
"Beycker Barroso","TEX",0,1,1,0,0,0,0,0,0,0,0,0,0,0,0,0,,0,0,0.196954,0.0632518,0.267018,0.236882,0.274344,0.296343,0.258061,0.570687,0.0993891,3.36831,0.258709,,-0.00143723,0.0735074,-0.0446503,63.7175,-0.00143723,0.014259,-0.04420036682859063,0.01425904966890812,0.000458059,999,,,,,,,-1,,-1,,,,,,,,,,,,,,,,,,,,"Beycker Barroso","sa3015672",692852
"John Peck","DET",0,1,1,0,0,0,0,0,0,0,0,0,0,0,0,0,,0,0,0.230849,0.0543133,0.294196,0.184616,0.277076,0.351029,0.275048,0.628106,0.120181,5.15029,0.311623,,0.000275745,0.0872992,-0.0308585,73.763,0.000275745,0.000657342,-0.030647612205939367,0.0006573420250788331,0.00045305,999,,,,,,,-1,,-1,,,,,,,,,,,,,,,,,,,,"John Peck","sa3022896",807726
"Cade Fergus","PHI",0,1,1,0,0,0,0,0,0,0,0,0,0,0,0,0,,0,0,0.192042,0.0782294,0.427098,0.183165,0.272008,0.35116,0.275284,0.623168,0.159118,6.63072,0.315341,,0.00153148,0.0874912,-0.0306665,72.5531,0.00153148,0.00213886,-0.0309987849323079,0.002138857962563634,0.00045123,999,,,,,,,-1,,-1,,,,,,,,,,,,,,,,,,,,"Cade Fergus","sa3019919",681495
"Jose Ramos","SFG",0,1,1,0,0,0,0,0,0,0,0,0,0,0,0,0,,0,0,0.200581,0.0880554,0.284436,0.309578,0.279808,0.296906,0.260301,0.576714,0.0963246,5.98366,0.275094,,0.00323815,0.0753263,-0.0428314,66.2929,0.00323815,0.00784248,-0.0367116816341877,0.007842478342354298,0.000450281,999,,,,,,,-1,,-1,,,,,,,,,,,,,,,,,,,,"Jose Ramos","sa3016541",692374
"Adam Retzbach","BAL",0,1,1,0,0,0,0,0,0,0,0,0,0,0,0,0,,0,0,0.186839,0.0833812,0.361619,0.230577,0.268899,0.305781,0.258293,0.57468,0.118942,3.15098,0.282256,,-0.00176696,0.073696,-0.0444617,63.9165,-0.00176696,0.014259,-0.044295563362538815,0.01425904966890812,0.000448319,999,,,,,,,-1,,-1,,,,,,,,,,,,,,,,,,,,"Adam Retzbach","sa3019946",806273
"Miguel Bleis","BOS",0,1,1,0,0,0,0,0,0,0,0,0,0,0,0,0,,0,0,0.220221,0.0583582,0.26701,0.218562,0.27026,0.357212,0.274073,0.627472,0.136991,5.60821,0.278976,,0.00238209,0.0865078,-0.0316499,69.1462,0.00238209,0.00393692,-0.033982683438807726,0.003936924040317535,0.000447373,999,,,,,,,-1,,-1,,,,,,,,,,,,,,,,,,,,"Miguel Bleis","sa3016834",694194
"Henniel Alcala","CHC",0,1,1,0,0,0,0,0,0,0,0,0,0,0,0,0,,0,0,0.194992,0.0782739,0.294787,0.265527,0.276684,0.292693,0.258077,0.569377,0.097701,3.85578,0.268372,,-0.000716773,0.0735207,-0.044637,64.1684,-0.000716773,0.014259,-0.043184623937122524,0.01425904966890812,0.000444514,999,,,,,,,-1,,-1,,,,,,,,,,,,,,,,,,,,"Henniel Alcala","sa3022284",815011
"Kevin Garcia","MIL",0,1,1,0,0,0,0,0,0,0,0,0,0,0,0,0,,0,0,0.200929,0.0543973,0.349777,0.15552,0.260779,0.328472,0.260565,0.589251,0.127543,2.54395,0.288211,,-0.00151221,0.0755408,-0.0426169,64.8352,-0.00151221,0.014259,-0.043189743999391794,0.01425904966890812,0.00044399,999,,,,,,,-1,,-1,,,,,,,,,,,,,,,,,,,,"Kevin Garcia","sa3024130",821237
"Matt O'Neill","ARI",0,1,1,0,0,0,0,0,0,0,0,0,0,0,0,0,,0,0,0.197091,0.100225,0.312732,0.320481,0.280866,0.304564,0.263687,0.585431,0.107473,3.11749,0.279562,,-0.00200356,0.0780755,-0.0400823,65.2349,-0.00200356,0.014259,-0.04320735577493906,0.01425904966890812,0.000442188,999,,,,,,,-1,,-1,,,,,,,,,,,,,,,,,,,,"Matt O'Neill","sa1170279",690841
"Jamie Westbrook",,0,1,1,0,0,0,0,0,0,0,0,0,0,0,0,0,,0,0,0.220122,0.076545,0.211306,0.362247,0.29096,0.329284,0.276697,0.620243,0.109162,2.01325,0.265268,,-0.00191376,0.0886386,-0.0295191,74.268,-0.00191376,0.00213886,-0.032241945154964924,0.002138857962563634,0.000441508,999,,,,,,,-1,,-1,,,,,,,,,,,,,,,,,,,,"Jamie Westbrook","15504",642197
"Jesus Lopez","TEX",0,1,1,0,0,0,0,0,0,0,0,0,0,0,0,0,,0,0,0.199724,0.0744748,0.299527,0.248642,0.264942,0.316623,0.258362,0.581565,0.116899,3.05397,0.269868,,-0.00192496,0.0737519,-0.0444058,63.9249,-0.00192496,0.014259,-0.044443637947551906,0.01425904966890812,0.000433169,999,,,,,,,-1,,-1,,,,,,,,,,,,,,,,,,,,"Jesus Lopez","sa3018638",805052
"Leandro Arias","BAL",0,1,1,0,0,0,0,0,0,0,0,0,0,0,0,0,,0,0,0.21723,0.0716765,0.225665,0.317624,0.281098,0.322314,0.268556,0.603411,0.105084,2.72953,0.267382,,-0.00321791,0.0820287,-0.036129,70.9864,-0.00321791,0.0072165,-0.037413824116811156,0.007216504774987698,0.000431867,999,,,,,,,-1,,-1,,,,,,,,,,,,,,,,,,,,"Leandro Arias","sa3018433",703202
"Zach DeLoach",,0,1,1,0,0,0,0,0,0,0,0,0,0,0,0,0,,0,0,0.228339,0.0924676,0.281938,0.327972,0.304222,0.35266,0.291273,0.656882,0.124321,4.12966,0.307099,,-0.00177197,0.100472,-0.0176853,84.9334,-0.00177197,-0.0106943,-0.01952967408578843,-0.010694287717342377,0.000429141,999,,,,,,,-1,,-1,,,,,,,,,,,,,,,,,,,,"Zach DeLoach","27471",676113
"Matthew Etzel","MIA",0,1,1,0,0,0,0,0,0,0,0,0,0,0,0,0,,0,0,0.22234,0.0964494,0.269437,0.357967,0.300478,0.344707,0.286754,0.645184,0.122367,6.24162,0.292728,,0.00257847,0.0968033,-0.0213544,81.1953,0.00257847,-0.0106943,-0.019585033180192113,-0.010694287717342377,0.000423477,999,,,,,,,-1,,-1,,,,,,,,,,,,,,,,,,,,"Matthew Etzel","sa3022815",803033
"Nick Solak","SDP",0,1,1,0,0,0,0,0,0,0,0,0,0,0,0,0,,0,0,0.240038,0.0764188,0.198679,0.384634,0.31165,0.351638,0.294818,0.663288,0.1116,3.13267,0.284484,,-0.00123847,0.103351,-0.0148066,91.2838,-0.00123847,-0.017631,-0.011568988440558314,-0.017631029710173607,0.000416435,999,,,,,,,-1,,-1,,,,,,,,,,,,,,,,,,,,"Nick Solak","19294",669256
"Bryant Betancourt","COL",0,1,1,0,0,0,0,0,0,0,0,0,0,0,0,0,,0,0,0.230355,0.0724971,0.222846,0.325323,0.289768,0.348317,0.281593,0.638085,0.117961,2.60586,0.278781,,-0.00178377,0.0926138,-0.0255439,64.8328,-0.00178377,0.014259,-0.043464184273034334,0.01425904966890812,0.000415911,999,,,,,,,-1,,-1,,,,,,,,,,,,,,,,,,,,"Bryant Betancourt","sa3015846",700164
"Emil Morales","LAD",0,1,1,0,0,0,0,0,0,0,0,0,0,0,0,0,,0,0,0.211154,0.0694036,0.333225,0.208278,0.26732,0.356399,0.272763,0.623719,0.145245,3.12748,0.291364,,-0.00114991,0.085444,-0.0327138,72.9454,-0.00114991,0.00393692,-0.033215211471542716,0.003936924040317535,0.000408427,999,,,,,,,-1,,-1,,,,,,,,,,,,,,,,,,,,"Emil Morales","sa3023887",815896
"Marco Vargas","NYM",0,1,1,0,0,0,0,0,0,0,0,0,0,0,0,0,,0,0,0.215426,0.1003,0.248951,0.402892,0.294484,0.301822,0.26916,0.596307,0.0863965,5.32852,0.283398,,0.00173484,0.0825193,-0.0356384,73.2697,0.00173484,0.000657342,-0.029946155613288283,0.0006573420250788331,0.00040735,999,,,,,,,-1,,-1,,,,,,,,,,,,,,,,,,,,"Marco Vargas","sa3018632",804614
"Jake Gatewood",,0,1,1,0,0,0,0,0,0,0,0,0,0,0,0,0,,0,0,0.196155,0.0660815,0.343179,0.192557,0.25683,0.349051,0.265379,0.605881,0.152896,4.20824,0.26955,,-0.00113856,0.0794495,-0.0387082,68.4819,-0.00113856,0.00784248,-0.03828626242466271,0.007842478342354298,0.00040665,999,,,,,,,-1,,-1,,,,,,,,,,,,,,,,,,,,"Jake Gatewood","sa828685",656449
"Yirer Garcia","TBR",0,1,1,0,0,0,0,0,0,0,0,0,0,0,0,0,,0,0,0.209856,0.0800992,0.252547,0.317165,0.281907,0.297347,0.261153,0.579254,0.0874905,2.02165,0.272871,,-0.00175459,0.0760181,-0.0421396,63.5601,-0.00175459,0.014259,-0.04470332257915288,0.01425904966890812,0.000406601,999,,,,,,,-1,,-1,,,,,,,,,,,,,,,,,,,,"Yirer Garcia","sa3021211",808237
"Greg Allen",,0,1,1,0,0,0,0,0,0,0,0,0,0,0,0,0,,0,0,0.220373,0.0638903,0.254716,0.250829,0.297679,0.332597,0.28208,0.630276,0.112224,6.39064,0.287441,,0.0035055,0.093009,-0.0251487,80.6114,0.0035055,-0.00982905,-0.019474027678370476,-0.009829048067331314,0.000405891,999,,,,,,,-1,,-1,,,,,,,,,,,,,,,,,,,,"Greg Allen","16623",656185
"Jason Heyward",,0,1,1,0,0,0,0,0,0,0,0,0,0,0,0,0,,0,0,0.216204,0.0782814,0.215261,0.363658,0.284446,0.339578,0.276497,0.624024,0.123375,3.80992,0.257467,,-0.000974868,0.0884762,-0.0296815,78.7333,-0.000974868,-0.00313699,-0.026180275075603276,-0.0031369910575449467,0.000404439,999,,,,,,,-1,,-1,,,,,,,,,,,,,,,,,,,,"Jason Heyward","4940",518792
"Camden Troyer","NYY",0,1,1,0,0,0,0,0,0,0,0,0,0,0,0,0,,0,0,0.22428,0.0901489,0.227687,0.395932,0.299127,0.351936,0.288591,0.651063,0.127656,3.38309,0.27208,,-0.00147779,0.0982955,-0.0198622,84.4719,-0.00147779,-0.0106943,-0.019779502763412893,-0.010694287717342377,0.00040358,999,,,,,,,-1,,-1,,,,,,,,,,,,,,,,,,,,"Camden Troyer","sa3044088",803131
"Luis Caicuto","PHI",0,1,1,0,0,0,0,0,0,0,0,0,0,0,0,0,,0,0,0.21838,0.058479,0.233045,0.250935,0.279863,0.31045,0.263939,0.590313,0.0920696,2.29794,0.275402,,-0.00185205,0.0782801,-0.0398777,64.7813,-0.00185205,0.014259,-0.043593489681370556,0.01425904966890812,0.000402682,999,,,,,,,-1,,-1,,,,,,,,,,,,,,,,,,,,"Luis Caicuto","sa3016923",691276
"Jose Caguana",,0,1,1,0,0,0,0,0,0,0,0,0,0,0,0,0,,0,0,0.187166,0.0675743,0.352141,0.191896,0.245031,0.31921,0.248727,0.564241,0.132044,2.85207,0.262188,,-0.00045565,0.0659294,-0.0522283,62.4139,-0.00045565,0.014259,-0.04475519616971724,0.01425904966890812,0.000401293,999,,,,,,,-1,,-1,,,,,,,,,,,,,,,,,,,,"Jose Caguana","sa3009310",683588
"J.T. Arruda","SEA",0,1,1,0,0,0,0,0,0,0,0,0,0,0,0,0,,0,0,0.212957,0.0847011,0.249994,0.338813,0.282671,0.309275,0.264905,0.591946,0.0963174,5.47922,0.276955,,0.00182795,0.0790644,-0.0390933,67.0736,0.00182795,0.00784248,-0.03719659929629415,0.007842478342354298,0.000400668,999,,,,,,,-1,,-1,,,,,,,,,,,,,,,,,,,,"J.T. Arruda","sa3010036",686793
"Damon Dues",,0,1,1,0,0,0,0,0,0,0,0,0,0,0,0,0,,0,0,0.20208,0.119411,0.266477,0.44811,0.301555,0.279501,0.267289,0.581057,0.0774219,5.1386,0.277699,,0.00118216,0.081,-0.0371577,72.4253,0.00118216,0.00213886,-0.03149952762760222,0.002138857962563634,0.000399998,999,,,,,,,-1,,-1,,,,,,,,,,,,,,,,,,,,"Damon Dues","sa3017285",680815
"Raudi Rodriguez","LAA",0,1,1,0,0,0,0,0,0,0,0,0,0,0,0,0,,0,0,0.210534,0.063444,0.311503,0.20367,0.267639,0.350415,0.270588,0.618054,0.139881,6.93527,0.286429,,0.00116077,0.0836787,-0.034479,69.7638,0.00116077,0.00393692,-0.034476120374165475,0.003936924040317535,0.000396889,999,,,,,,,-1,,-1,,,,,,,,,,,,,,,,,,,,"Raudi Rodriguez","sa3022506",804558
"Jose Cerice","KCR",0,1,1,0,0,0,0,0,0,0,0,0,0,0,0,0,,0,0,0.241847,0.0308308,0.20057,0.153715,0.280317,0.359561,0.279681,0.639878,0.117714,2.92297,0.285691,,-0.00093633,0.0910608,-0.0270969,74.1886,-0.00093633,0.000712953,-0.031358116189949214,0.0007129529840312898,0.000386047,999,,,,,,,-1,,-1,,,,,,,,,,,,,,,,,,,,"Jose Cerice","sa3024375",822177
"Dylan Grego","SDP",0,1,1,0,0,0,0,0,0,0,0,0,0,0,0,0,,0,0,0.20686,0.071344,0.286379,0.249124,0.268738,0.325584,0.263184,0.594322,0.118724,3.20358,0.27234,,-0.00145883,0.077667,-0.0404907,69.6132,-0.00145883,0.00784248,-0.03747349150944501,0.007842478342354298,0.000372339,999,,,,,,,-1,,-1,,,,,,,,,,,,,,,,,,,,"Dylan Grego","sa3032686",834966
"Douglas Hodo III","BAL",0,1,1,0,0,0,0,0,0,0,0,0,0,0,0,0,,0,0,0.192652,0.103405,0.322237,0.320899,0.286764,0.298759,0.266007,0.585523,0.106107,5.28767,0.278685,,0.00334566,0.0799591,-0.0381986,69.2304,0.00334566,0.00213886,-0.03291987464763224,0.002138857962563634,0.000372147,999,,,,,,,-1,,-1,,,,,,,,,,,,,,,,,,,,"Douglas Hodo III","sa3020614",683233
"Jared Thomas","COL",0,1,1,0,0,0,0,0,0,0,0,0,0,0,0,0,,0,0,0.23774,0.0880421,0.290019,0.303574,0.30914,0.363749,0.297403,0.672889,0.126009,5.14711,0.323531,,0.00182788,0.10545,-0.0127079,75.663,0.00182788,-0.00262224,-0.02701654320117086,-0.0026222390588372946,0.000371544,999,,,,,,,-1,,-1,,,,,,,,,,,,,,,,,,,,"Jared Thomas","sa3025252",703606
"Andrew Miller",,0,1,1,0,0,0,0,0,0,0,0,0,0,0,0,0,,0,0,0.190752,0.0725711,0.345583,0.209996,0.25346,0.304961,0.248355,0.558422,0.11421,3.13108,0.274516,,-0.000527481,0.0656277,-0.05253,62.158,-0.000527481,0.014259,-0.04512873844942078,0.01425904966890812,0.000363075,999,,,,,,,-1,,-1,,,,,,,,,,,,,,,,,,,,"Andrew Miller","sa3018912",685460
"Luke Waddell","ATL",0,1,1,0,0,0,0,0,0,0,0,0,0,0,0,0,,0,0,0.226692,0.0848954,0.173484,0.489355,0.298542,0.297966,0.269482,0.596508,0.0712742,3.75766,0.271779,,-0.00168118,0.0827804,-0.0353773,69.718,-0.00168118,0.00784248,-0.037571610999293625,0.007842478342354298,0.0003623,999,,,,,,,-1,,-1,,,,,,,,,,,,,,,,,,,,"Luke Waddell","sa3017075",680672
"Andrés Nolaya","BAL",0,1,1,0,0,0,0,0,0,0,0,0,0,0,0,0,,0,0,0.200169,0.0636533,0.301385,0.211202,0.26319,0.303967,0.253036,0.567157,0.103798,5.76593,0.276278,,0.00163335,0.0694283,-0.0487295,60.2955,0.00163335,0.014259,-0.04516302701085806,0.01425904966890812,0.000359567,999,,,,,,,-1,,-1,,,,,,,,,,,,,,,,,,,,"Andres Nolaya","sa3018563",800438
"Clark Elliott","ATH",0,1,1,0,0,0,0,0,0,0,0,0,0,0,0,0,,0,0,0.210335,0.109512,0.259177,0.422538,0.313058,0.327119,0.289614,0.640176,0.116784,4.69562,0.275508,,-0.000321496,0.0991256,-0.0190321,83.6578,-0.000321496,-0.0106943,-0.01963648956734687,-0.010694287717342377,0.000359478,999,,,,,,,-1,,-1,,,,,,,,,,,,,,,,,,,,"Clark Elliott","sa3019972",686499
"Trevor Hauver","TEX",0,1,1,0,0,0,0,0,0,0,0,0,0,0,0,0,,0,0,0.209464,0.115237,0.299207,0.385143,0.3051,0.339782,0.288887,0.644882,0.130318,2.31264,0.287249,,-0.00249142,0.0985359,-0.0196218,84.953,-0.00249142,-0.0106943,-0.02022609324194491,-0.010694287717342377,0.000357889,999,,,,,,,-1,,-1,,,,,,,,,,,,,,,,,,,,"Trevor Hauver","sa3014448",669386
"Cam Collier","CIN",0,1,1,0,0,0,0,0,0,0,0,0,0,0,0,0,,0,0,0.218165,0.0982326,0.296328,0.331499,0.300302,0.348117,0.288455,0.648419,0.129953,2.11856,0.295829,,-0.00144461,0.0981851,-0.0199726,78.3063,-0.00144461,-0.00262224,-0.02715617069043219,-0.0026222390588372946,0.000357258,999,,,,,,,-1,,-1,,,,,,,,,,,,,,,,,,,,"Cam Collier","sa3020131",702253
"Canyon Brown","KCR",0,1,1,0,0,0,0,0,0,0,0,0,0,0,0,0,,0,0,0.212777,0.0636949,0.263566,0.241666,0.272185,0.318375,0.262322,0.59056,0.105598,3.9347,0.276536,,-0.000731465,0.0769671,-0.0411906,62.2307,-0.000731465,0.014259,-0.04524695553118363,0.01425904966890812,0.00035098,999,,,,,,,-1,,-1,,,,,,,,,,,,,,,,,,,,"Canyon Brown","sa3025630",701401
"Izaac Pacheco","DET",0,1,1,0,0,0,0,0,0,0,0,0,0,0,0,0,,0,0,0.204106,0.0906787,0.340632,0.266207,0.275441,0.350998,0.275798,0.626439,0.146892,2.90995,0.287587,,-0.00139525,0.0879086,-0.0302491,74.28,-0.00139525,0.000712953,-0.03170921478886157,0.0007129529840312898,0.000350125,999,,,,,,,-1,,-1,,,,,,,,,,,,,,,,,,,,"Izaac Pacheco","sa3016969",691789
"Kole Myers","LAD",0,1,1,0,0,0,0,0,0,0,0,0,0,0,0,0,,0,0,0.212258,0.11284,0.269008,0.419467,0.312543,0.320266,0.286753,0.632809,0.108008,5.76902,0.284492,,0.0015462,0.0968026,-0.0213551,82.5291,0.0015462,-0.0106943,-0.019160434138029814,-0.010694287717342377,0.000349451,999,,,,,,,-1,,-1,,,,,,,,,,,,,,,,,,,,"Kole Myers","sa3038641",801887
"Cole Mathis","CHC",0,1,1,0,0,0,0,0,0,0,0,0,0,0,0,0,,0,0,0.208641,0.0817411,0.281145,0.290744,0.281583,0.336766,0.274432,0.618348,0.128125,3.84651,0.273334,,-0.00139437,0.0867993,-0.0313584,75.372,-0.00139437,0.000657342,-0.030583583167754114,0.0006573420250788331,0.000342133,999,,,,,,,-1,,-1,,,,,,,,,,,,,,,,,,,,"Cole Mathis","sa3037300",695573
"Robert Brooks","TOR",0,1,1,0,0,0,0,0,0,0,0,0,0,0,0,0,,0,0,0.196046,0.074255,0.321986,0.230616,0.262616,0.316742,0.25746,0.579358,0.120697,3.26345,0.271809,,-0.00114722,0.0730195,-0.0451382,62.5018,-0.00114722,0.014259,-0.04534323373809457,0.01425904966890812,0.000341129,999,,,,,,,-1,,-1,,,,,,,,,,,,,,,,,,,,"Robert Brooks","sa3022160",806394
"Juan Yepez","TOR",0,1,1,0,0,0,0,0,0,0,0,0,0,0,0,0,,0,0,0.239692,0.0723453,0.179557,0.40291,0.298548,0.38954,0.30015,0.688088,0.149848,2.1534,0.265341,,-0.00172465,0.10768,-0.010478,91.2174,-0.00172465,-0.0178238,-0.012133829644881189,-0.01782381348311901,0.00033892,999,,,,,,,-1,,-1,,,,,,,,,,,,,,,,,,,,"Juan Yepez","18400",660766
"Edgardo Ordonez","MIL",0,1,1,0,0,0,0,0,0,0,0,0,0,0,0,0,,0,0,0.186997,0.102078,0.343942,0.296789,0.272212,0.304151,0.259493,0.576363,0.117154,2.25011,0.270552,,-0.00167092,0.0746707,-0.043487,64.1011,-0.00167092,0.014259,-0.0442185994470492,0.01425904966890812,0.000338725,999,,,,,,,-1,,-1,,,,,,,,,,,,,,,,,,,,"Edgardo Ordonez","sa3016553",699166
"Travis Jankowski","NYM",0,1,1,0,0,0,0,0,0,0,0,0,0,0,0,0,,0,0,0.218356,0.096271,0.208606,0.461498,0.299734,0.290521,0.268479,0.590255,0.0721653,5.33776,0.274265,,0.00345888,0.0819661,-0.0361916,72.8029,0.00345888,-0.00118692,-0.028775335056707263,-0.0011869230074808002,0.000338448,999,,,,,,,-1,,-1,,,,,,,,,,,,,,,,,,,,"Travis Jankowski","13768",608671
"John Taylor","TEX",0,1,1,0,0,0,0,0,0,0,0,0,0,0,0,0,,0,0,0.214601,0.0682328,0.257818,0.264655,0.275892,0.318389,0.264228,0.59428,0.103788,3.68348,0.278602,,-0.00121581,0.0785151,-0.0396426,67.9663,-0.00121581,0.00784248,-0.03897128929384053,0.007842478342354298,0.000336564,999,,,,,,,-1,,-1,,,,,,,,,,,,,,,,,,,,"John Taylor","sa3068818",822966
"Connor Pavolony","BAL",0,1,1,0,0,0,0,0,0,0,0,0,0,0,0,0,,0,0,0.191668,0.0880725,0.308729,0.285274,0.272065,0.296237,0.256413,0.568303,0.104569,3.14516,0.267644,,-0.00134398,0.0721698,-0.045988,62.6215,-0.00134398,0.014259,-0.04539886163547635,0.01425904966890812,0.000335438,999,,,,,,,-1,,-1,,,,,,,,,,,,,,,,,,,,"Connor Pavolony","sa3017156",680935
"Romeo Sanabria","SDP",0,1,1,0,0,0,0,0,0,0,0,0,0,0,0,0,,0,0,0.221688,0.0777691,0.271004,0.286967,0.28097,0.345344,0.275933,0.626314,0.123656,1.67688,0.285555,,-0.0017081,0.0880178,-0.0301399,78.3465,-0.0017081,-0.00262224,-0.02737193542998284,-0.0026222390588372946,0.000335183,999,,,,,,,-1,,-1,,,,,,,,,,,,,,,,,,,,"Romeo Sanabria","sa3019865",703804
"Tsung-Che Cheng","BOS",0,1,1,0,0,0,0,0,0,0,0,0,0,0,0,0,,0,0,0.219542,0.0895264,0.247823,0.361251,0.292598,0.324299,0.275276,0.616896,0.104757,5.71054,0.285772,,0.0000433505,0.0874843,-0.0306734,69.9748,0.0000433505,0.00419278,-0.035344903142686235,0.0041927769780159,0.000334178,999,,,,,,,-1,,-1,,,,,,,,,,,,,,,,,,,,"Tsung-Che Cheng","28344",691907
"Óscar Mercado","ARI",0,1,1,0,0,0,0,0,0,0,0,0,0,0,0,0,,0,0,0.224658,0.0836765,0.193926,0.431487,0.298896,0.34773,0.286922,0.646627,0.123072,6.42178,0.263616,,0.00302298,0.0969402,-0.0212175,81.1517,0.00302298,-0.0106943,-0.019316104939207435,-0.010694287717342377,0.000333523,999,,,,,,,-1,,-1,,,,,,,,,,,,,,,,,,,,"Oscar Mercado","16375",640458
"Andrew Stevenson",,0,1,1,0,0,0,0,0,0,0,0,0,0,0,0,0,,0,0,0.231768,0.0621332,0.258111,0.240723,0.288176,0.355746,0.282988,0.643921,0.123978,6.78209,0.298744,,0.00474573,0.0937457,-0.024412,78.6011,0.00474573,-0.0106943,-0.02047539921477437,-0.010694287717342377,0.000332381,999,,,,,,,-1,,-1,,,,,,,,,,,,,,,,,,,,"Andrew Stevenson","17932",664057
"Sam Praytor","MIA",0,1,1,0,0,0,0,0,0,0,0,0,0,0,0,0,,0,0,0.204535,0.076527,0.262732,0.291273,0.273874,0.31334,0.262272,0.587214,0.108805,3.15854,0.263957,,-0.00152438,0.0769268,-0.0412309,63.909,-0.00152438,0.014259,-0.04429970064666122,0.01425904966890812,0.000330428,999,,,,,,,-1,,-1,,,,,,,,,,,,,,,,,,,,"Sam Praytor","sa3017151",671217
"Mac Horvath","TBR",0,1,1,0,0,0,0,0,0,0,0,0,0,0,0,0,,0,0,0.206851,0.0850449,0.279094,0.304718,0.276757,0.340257,0.272914,0.617013,0.133405,5.1511,0.265067,,0.00477907,0.0855673,-0.0325904,71.6621,0.00477907,-0.00262224,-0.028620480559766293,-0.0026222390588372946,0.000324909,999,,,,,,,-1,,-1,,,,,,,,,,,,,,,,,,,,"Mac Horvath","sa3022885",690991
"Tyler Herron",,0,1,1,0,0,0,0,0,0,0,0,0,0,0,0,0,,0,0,0.200113,0.0710996,0.287875,0.246981,0.272797,0.306545,0.259816,0.579343,0.106432,4.10632,0.270307,,-0.0014709,0.0749326,-0.0432251,62.639,-0.0014709,0.014259,-0.04550514277070761,0.01425904966890812,0.000324564,999,,,,,,,-1,,-1,,,,,,,,,,,,,,,,,,,,"Tyler Herron","sa3025662",813894
"Ramon Landaeta","ATH",0,1,1,0,0,0,0,0,0,0,0,0,0,0,0,0,,0,0,0.199481,0.0864271,0.325557,0.265474,0.271036,0.310867,0.259937,0.581903,0.111386,2.24885,0.284598,,-0.00153433,0.0750309,-0.0431268,63.2717,-0.00153433,0.014259,-0.04494395246729255,0.01425904966890812,0.000323247,999,,,,,,,-1,,-1,,,,,,,,,,,,,,,,,,,,"Ramon Landaeta","sa3021131",807983
"Nick Ahmed",,0,1,1,0,0,0,0,0,0,0,0,0,0,0,0,0,,0,0,0.209453,0.0677552,0.239777,0.282576,0.266278,0.300994,0.252697,0.567272,0.0915406,4.18791,0.266656,,-0.000418393,0.0691523,-0.0490054,60.0224,-0.000418393,0.0162553,-0.047536627971567214,0.016255317255854607,0.000320961,999,,,,,,,-1,,-1,,,,,,,,,,,,,,,,,,,,"Nick Ahmed","12147",605113
"Junior Aybar","BAL",0,1,1,0,0,0,0,0,0,0,0,0,0,0,0,0,,0,0,0.214413,0.080381,0.287422,0.279662,0.280867,0.330695,0.271267,0.611562,0.116283,4.5396,0.288251,,-0.00142796,0.08423,-0.0339277,72.8541,-0.00142796,0.00213886,-0.03342261747457087,0.002138857962563634,0.00032071,999,,,,,,,-1,,-1,,,,,,,,,,,,,,,,,,,,"Junior Aybar","sa3021607",808166
"John Garcia","HOU",0,1,1,0,0,0,0,0,0,0,0,0,0,0,0,0,,0,0,0.193694,0.0757926,0.308945,0.245327,0.278034,0.290236,0.258298,0.56827,0.0965419,3.30043,0.275356,,-0.00199864,0.0736999,-0.0444578,63.0508,-0.00199864,0.014259,-0.045547622023150325,0.01425904966890812,0.000320218,999,,,,,,,-1,,-1,,,,,,,,,,,,,,,,,,,,"John Garcia","sa3020419",801039
"Bryan Rincon","PHI",0,1,1,0,0,0,0,0,0,0,0,0,0,0,0,0,,0,0,0.191449,0.0980862,0.301178,0.325676,0.276844,0.302783,0.26138,0.579626,0.111333,5.23988,0.262786,,0.00316932,0.0762023,-0.0419554,63.0282,0.00316932,0.0104961,-0.040649902541190386,0.010496087372303009,0.00031885,999,,,,,,,-1,,-1,,,,,,,,,,,,,,,,,,,,"Bryan Rincon","sa3020221",804858
"Michael Brooks","ATH",0,1,1,0,0,0,0,0,0,0,0,0,0,0,0,0,,0,0,0.209546,0.107098,0.254597,0.420659,0.298935,0.314119,0.27672,0.613054,0.104572,3.23653,0.273174,,-0.00171365,0.0886574,-0.0295003,74.8009,-0.00171365,0.000712953,-0.03149680874776095,0.0007129529840312898,0.000313123,999,,,,,,,-1,,-1,,,,,,,,,,,,,,,,,,,,"Michael Brooks","sa3069011",690962
"Kevyn Castillo","LAA",0,1,1,0,0,0,0,0,0,0,0,0,0,0,0,0,,0,0,0.216071,0.0794676,0.291039,0.273049,0.282956,0.33834,0.275019,0.621296,0.122269,4.74174,0.289972,,-0.00145778,0.087276,-0.0308817,72.8159,-0.00145778,0.00213886,-0.03349739871919155,0.002138857962563634,0.000313059,999,,,,,,,-1,,-1,,,,,,,,,,,,,,,,,,,,"Kevyn Castillo","sa3019771",800203
"Elio Campos",,0,1,1,0,0,0,0,0,0,0,0,0,0,0,0,0,,0,0,0.225426,0.0593321,0.232915,0.254737,0.276764,0.341569,0.271988,0.618333,0.116143,5.25077,0.277216,,0.00149169,0.0848154,-0.0333423,71.4349,0.00149169,0.00213886,-0.03236381197348237,0.002138857962563634,0.000311571,999,,,,,,,-1,,-1,,,,,,,,,,,,,,,,,,,,"Elio Campos","sa3016645",699069
"Bryce Martin-Grudzielanek","NYY",0,1,1,0,0,0,0,0,0,0,0,0,0,0,0,0,,0,0,0.21263,0.0690668,0.26569,0.259952,0.271802,0.336659,0.268072,0.608461,0.124029,6.07117,0.27383,,0.00137626,0.0816359,-0.0365218,70.3369,0.00137626,0.00213886,-0.033585114288143814,0.002138857962563634,0.000304085,999,,,,,,,-1,,-1,,,,,,,,,,,,,,,,,,,,"Bryce Martin-Grudzielanek","sa3037136",701727
"Dakota Jordan","SFG",0,1,1,0,0,0,0,0,0,0,0,0,0,0,0,0,,0,0,0.218664,0.0511516,0.296664,0.172422,0.263157,0.344412,0.265442,0.607569,0.125749,5.87595,0.292374,,0.00151543,0.0795005,-0.0386572,69.8149,0.00151543,0.00393692,-0.03426013491116464,0.003936924040317535,0.000301518,999,,,,,,,-1,,-1,,,,,,,,,,,,,,,,,,,,"Dakota Jordan","sa3025601",702607
"Anthony Vilar","SDP",0,1,1,0,0,0,0,0,0,0,0,0,0,0,0,0,,0,0,0.184941,0.106075,0.319005,0.33252,0.276065,0.283223,0.254793,0.559288,0.0982823,3.91416,0.265518,,-0.00176627,0.0708542,-0.0473035,63.865,-0.00176627,0.014259,-0.04459369427058846,0.01425904966890812,0.000300349,999,,,,,,,-1,,-1,,,,,,,,,,,,,,,,,,,,"Anthony Vilar","sa3017660",681036
"Juan Flores","LAA",0,1,1,0,0,0,0,0,0,0,0,0,0,0,0,0,,0,0,0.208348,0.03622,0.306003,0.118365,0.251747,0.334589,0.256804,0.586335,0.126241,2.46712,0.27748,,-0.00171245,0.072487,-0.0456707,60.2682,-0.00171245,0.0170553,-0.04854102246463299,0.017055250704288483,0.000300042,999,,,,,,,-1,,-1,,,,,,,,,,,,,,,,,,,,"Juan Flores","sa3021185",808129
"Sam Kulasingam","KCR",0,1,1,0,0,0,0,0,0,0,0,0,0,0,0,0,,0,0,0.234753,0.0700828,0.215661,0.324968,0.291668,0.335109,0.277062,0.626777,0.100356,5.76956,0.294273,,-0.00108026,0.0889348,-0.0292229,72.3848,-0.00108026,0.00213886,-0.033628012402914464,0.002138857962563634,0.000299696,999,,,,,,,-1,,-1,,,,,,,,,,,,,,,,,,,,"Sam Kulasingam","sa3025316",814528
"Sam Brown","WSN",0,1,1,0,0,0,0,0,0,0,0,0,0,0,0,0,,0,0,0.22325,0.0809438,0.229108,0.353299,0.296539,0.333158,0.280635,0.629697,0.109908,3.55812,0.281248,,-0.00142195,0.0918359,-0.0263218,76.6848,-0.00142195,-0.00262224,-0.028901591547764838,-0.0026222390588372946,0.000296148,999,,,,,,,-1,,-1,,,,,,,,,,,,,,,,,,,,"Sam Brown","sa3023367",694848
"Hector Osorio","TEX",0,1,1,0,0,0,0,0,0,0,0,0,0,0,0,0,,0,0,0.219787,0.0963722,0.214747,0.448771,0.309986,0.329931,0.288098,0.639917,0.110144,3.23294,0.267755,,-0.00245497,0.0978946,-0.0202631,84.4089,-0.00245497,-0.0106943,-0.020830947905778885,-0.010694287717342377,0.000296004,999,,,,,,,-1,,-1,,,,,,,,,,,,,,,,,,,,"Hector Osorio","sa3020461",800540
"Dashyll Tejeda","WSN",0,1,1,0,0,0,0,0,0,0,0,0,0,0,0,0,,0,0,0.215181,0.0682674,0.255389,0.267308,0.27615,0.317837,0.264194,0.593987,0.102656,5.85019,0.276951,,0.00528234,0.078487,-0.0396708,66.5865,0.00528234,0.00393692,-0.03431962663307786,0.003936924040317535,0.000295432,999,,,,,,,-1,,-1,,,,,,,,,,,,,,,,,,,,"Dashyll Tejeda","sa3021315",812158
"Paulo Asprilla","STL",0,1,1,0,0,0,0,0,0,0,0,0,0,0,0,0,,0,0,0.209471,0.069387,0.256337,0.270687,0.268491,0.306444,0.256057,0.574935,0.0969728,2.9266,0.270734,,-0.00095698,0.0718806,-0.0462771,63.1403,-0.00095698,0.014259,-0.044643329398240894,0.01425904966890812,0.00029527,999,,,,,,,-1,,-1,,,,,,,,,,,,,,,,,,,,"Paulo Asprilla","sa3021859",809329
"Jacob Friend","CIN",0,1,1,0,0,0,0,0,0,0,0,0,0,0,0,0,,0,0,0.176402,0.130183,0.334038,0.389724,0.297661,0.280984,0.268321,0.578646,0.104582,2.80198,0.26091,,-0.00259829,0.081838,-0.0363197,64.5137,-0.00259829,0.014259,-0.04465694562532008,0.01425904966890812,0.000293877,999,,,,,,,-1,,-1,,,,,,,,,,,,,,,,,,,,"Jacob Friend","sa3031730",701820
"Wilfredo Lara","MIA",0,1,1,0,0,0,0,0,0,0,0,0,0,0,0,0,,0,0,0.213705,0.0708279,0.264002,0.268285,0.274592,0.333234,0.26838,0.607826,0.119529,5.90364,0.277087,,-0.000433814,0.0818855,-0.0362722,68.0928,-0.000433814,0.00784248,-0.03825045799021609,0.007842478342354298,0.000292845,999,,,,,,,-1,,-1,,,,,,,,,,,,,,,,,,,,"Wilfredo Lara","sa3017123",702906
"Peyton Graham","DET",0,1,1,0,0,0,0,0,0,0,0,0,0,0,0,0,,0,0,0.214433,0.0717749,0.273621,0.262315,0.282274,0.324348,0.270219,0.606622,0.109915,4.9659,0.284263,,0.00113865,0.0833792,-0.0347785,70.4371,0.00113865,0.00213886,-0.033704728819429874,0.002138857962563634,0.000291847,999,,,,,,,-1,,-1,,,,,,,,,,,,,,,,,,,,"Peyton Graham","sa3019990",689931
"Billy Amick","MIN",0,1,1,0,0,0,0,0,0,0,0,0,0,0,0,0,,0,0,0.214714,0.0828021,0.307435,0.269332,0.293611,0.334636,0.280503,0.628247,0.119922,2.78697,0.300088,,-0.00185611,0.0917281,-0.0264296,77.0136,-0.00185611,-0.00262224,-0.028948307735845447,-0.0026222390588372946,0.000291368,999,,,,,,,-1,,-1,,,,,,,,,,,,,,,,,,,,"Billy Amick","sa3025249",701771
"Jadher Areinamo","TBR",0,1,1,0,0,0,0,0,0,0,0,0,0,0,0,0,,0,0,0.243613,0.0434249,0.185108,0.234592,0.27824,0.365837,0.280116,0.644077,0.122225,3.82162,0.280611,,-0.00141391,0.0914141,-0.0267436,76.6228,-0.00141391,-0.00262224,-0.0289666170720011,-0.0026222390588372946,0.000289495,999,,,,,,,-1,,-1,,,,,,,,,,,,,,,,,,,,"Jadher Areinamo","sa3015802",699130
"Coco Montes",,0,1,1,0,0,0,0,0,0,0,0,0,0,0,0,0,,0,0,0.219869,0.0674252,0.298856,0.225611,0.278531,0.348023,0.27547,0.626554,0.128154,4.74498,0.299913,,-0.00095498,0.0876418,-0.0305159,73.4222,-0.00095498,0.000668464,-0.03227999614318833,0.000668463995680213,0.000287175,999,,,,,,,-1,,-1,,,,,,,,,,,,,,,,,,,,"Coco Montes","21547",663796
"Jason Delay","BOS",0,1,1,0,0,0,0,0,0,0,0,0,0,0,0,0,,0,0,0.226791,0.0578284,0.223112,0.25919,0.278746,0.316447,0.264118,0.595194,0.0896567,2.96077,0.286045,,-0.00145839,0.0784257,-0.039732,62.289,-0.00145839,0.014259,-0.04590522684156895,0.01425904966890812,0.00028363,999,,,,,,,-1,,-1,,,,,,,,,,,,,,,,,,,,"Jason Delay","19806",641511
"Drew Jemison",,0,1,1,0,0,0,0,0,0,0,0,0,0,0,0,0,,0,0,0.208125,0.0835826,0.270064,0.309492,0.285652,0.322995,0.272264,0.608647,0.11487,3.12427,0.272637,,-0.0016245,0.085039,-0.0331187,72.6998,-0.0016245,0.00213886,-0.033801000099629164,0.002138857962563634,0.000281997,999,,,,,,,-1,,-1,,,,,,,,,,,,,,,,,,,,"Drew Jemison","sa3025044",815054
"Mat Nelson",,0,1,1,0,0,0,0,0,0,0,0,0,0,0,0,0,,0,0,0.190201,0.0857774,0.30457,0.281635,0.2801,0.309244,0.266291,0.589343,0.119043,2.48999,0.257338,,-0.00107868,0.08019,-0.0379678,63.1232,-0.00107868,0.014259,-0.04478537931572646,0.01425904966890812,0.000280737,999,,,,,,,-1,,-1,,,,,,,,,,,,,,,,,,,,"Mat Nelson","sa3017328",680756
"Yamal Encarnacion","HOU",0,1,1,0,0,0,0,0,0,0,0,0,0,0,0,0,,0,0,0.221022,0.0788456,0.234567,0.336132,0.284834,0.319521,0.269215,0.604355,0.0984993,5.16256,0.278552,,0.000871582,0.0825638,-0.0355939,70.5714,0.000871582,0.00213886,-0.0338134856428951,0.002138857962563634,0.00028072,999,,,,,,,-1,,-1,,,,,,,,,,,,,,,,,,,,"Yamal Encarnacion","sa3015781",699043
"Austin Murr","PHI",0,1,1,0,0,0,0,0,0,0,0,0,0,0,0,0,,0,0,0.224173,0.0814281,0.243616,0.334247,0.295969,0.355416,0.287783,0.651384,0.131242,5.44213,0.282254,,-0.000404724,0.0976391,-0.0205186,82.5359,-0.000404724,-0.0106943,-0.020988175238016993,-0.010694287717342377,0.000279918,999,,,,,,,-1,,-1,,,,,,,,,,,,,,,,,,,,"Austin Murr","sa3016967",689456
"JD Dix","ARI",0,1,1,0,0,0,0,0,0,0,0,0,0,0,0,0,,0,0,0.216456,0.0846659,0.277335,0.305284,0.28791,0.319903,0.271263,0.607813,0.103447,6.04888,0.295637,,0.00056535,0.0842264,-0.0339313,70.4247,0.00056535,0.00393692,-0.034487464057747275,0.003936924040317535,0.00027826,999,,,,,,,-1,,-1,,,,,,,,,,,,,,,,,,,,"JD Dix","sa3066859",807267
"Victor Izturis","CLE",0,1,1,0,0,0,0,0,0,0,0,0,0,0,0,0,,0,0,0.19225,0.100888,0.291498,0.346101,0.279006,0.282398,0.255776,0.561404,0.0901474,2.54793,0.26506,,-0.00108439,0.0716523,-0.0465055,61.9226,-0.00108439,0.014259,-0.045962996780872345,0.01425904966890812,0.00027772,999,,,,,,,-1,,-1,,,,,,,,,,,,,,,,,,,,"Victor Izturis","sa3018428",703196
"Kobe Kato",,0,1,1,0,0,0,0,0,0,0,0,0,0,0,0,0,,0,0,0.204802,0.102516,0.294809,0.347735,0.293029,0.310842,0.272629,0.60387,0.10604,4.77097,0.283555,,0.000622963,0.0853355,-0.0328222,71.8738,0.000622963,0.00213886,-0.032712369167711586,0.002138857962563634,0.00027591,999,,,,,,,-1,,-1,,,,,,,,,,,,,,,,,,,,"Kobe Kato","sa3017052",701158
"Kervin Pichardo","WSN",0,1,1,0,0,0,0,0,0,0,0,0,0,0,0,0,,0,0,0.211595,0.0702039,0.294554,0.23834,0.276949,0.33303,0.270364,0.609979,0.121435,3.60871,0.283754,,-0.0015683,0.0834964,-0.0346613,68.9095,-0.0015683,0.00784248,-0.038416940602473915,0.007842478342354298,0.000275812,999,,,,,,,-1,,-1,,,,,,,,,,,,,,,,,,,,"Kervin Pichardo","sa3011260",682775
"Jonathan Ornelas","NYY",0,1,1,0,0,0,0,0,0,0,0,0,0,0,0,0,,0,0,0.213388,0.0759454,0.272323,0.27888,0.2802,0.309782,0.263883,0.589982,0.0963937,4.71655,0.284424,,-0.000667069,0.0782347,-0.039923,67.4512,-0.000667069,0.00727896,-0.03902962454594672,0.007278960198163986,0.00027294,999,,,,,,,-1,,-1,,,,,,,,,,,,,,,,,,,,"Jonathan Ornelas","24597",680716
"Jared Sprague-Lott","ATH",0,1,1,0,0,0,0,0,0,0,0,0,0,0,0,0,,0,0,0.199645,0.115208,0.25301,0.45535,0.299578,0.300785,0.273671,0.600363,0.10114,2.89228,0.259214,,-0.00106536,0.0861812,-0.0319765,72.7058,-0.00106536,0.00213886,-0.03332472871989012,0.002138857962563634,0.000271992,999,,,,,,,-1,,-1,,,,,,,,,,,,,,,,,,,,"Jared Sprague-Lott","sa3042867",814445
"Logan Braunschweig","ATL",0,1,1,0,0,0,0,0,0,0,0,0,0,0,0,0,,0,0,0.230351,0.0872404,0.244176,0.357284,0.305133,0.349183,0.290692,0.654316,0.118832,4.11341,0.292253,,-0.00126004,0.100001,-0.018157,84.2473,-0.00126004,-0.0106943,-0.01993023813702166,-0.010694287717342377,0.00027069,999,,,,,,,-1,,-1,,,,,,,,,,,,,,,,,,,,"Logan Braunschweig","sa3027614",824742
"Nicolas Deschamps",,0,1,1,0,0,0,0,0,0,0,0,0,0,0,0,0,,0,0,0.185279,0.0899429,0.348468,0.258109,0.274463,0.29239,0.257241,0.566853,0.107111,3.89293,0.27909,,-0.00167908,0.0728421,-0.0453156,62.3513,-0.00167908,0.014259,-0.04605250433087349,0.01425904966890812,0.000268562,999,,,,,,,-1,,-1,,,,,,,,,,,,,,,,,,,,"Nicolas Deschamps","sa3017732",683324
"Colby Halter","ATH",0,1,1,0,0,0,0,0,0,0,0,0,0,0,0,0,,0,0,0.210134,0.0873731,0.32081,0.272351,0.285904,0.322918,0.271763,0.608823,0.112784,5.76336,0.305419,,0.000432764,0.0846321,-0.0335256,71.3951,0.000432764,0.00213886,-0.033375713537679985,0.002138857962563634,0.000266775,999,,,,,,,-1,,-1,,,,,,,,,,,,,,,,,,,,"Colby Halter","sa3022531",690985
"Derek Berg","PIT",0,1,1,0,0,0,0,0,0,0,0,0,0,0,0,0,,0,0,0.19745,0.0855893,0.360455,0.237448,0.274741,0.310854,0.262204,0.585595,0.113404,4.80337,0.304322,,-0.00146603,0.0768719,-0.0412858,63.3201,-0.00146603,0.014259,-0.04493923985864967,0.01425904966890812,0.000264995,999,,,,,,,-1,,-1,,,,,,,,,,,,,,,,,,,,"Derek Berg","sa3025263",815074
"Edward Duran","TOR",0,1,1,0,0,0,0,0,0,0,0,0,0,0,0,0,,0,0,0.218582,0.0638458,0.246773,0.258723,0.276244,0.314805,0.262798,0.591049,0.0962226,3.27347,0.281608,,-0.00247105,0.077354,-0.0408037,66.1794,-0.00247105,0.0104961,-0.042332558892667294,0.010496087372303009,0.000264161,999,,,,,,,-1,,-1,,,,,,,,,,,,,,,,,,,,"Edward Duran","sa3016719",698927
"Wade Stauss",,0,1,1,0,0,0,0,0,0,0,0,0,0,0,0,0,,0,0,0.184931,0.0873859,0.333654,0.261906,0.278847,0.280475,0.256325,0.559322,0.0955444,3.02069,0.273788,,-0.00149802,0.0720983,-0.0460594,63.3241,-0.00149802,0.014259,-0.04496659932192415,0.01425904966890812,0.000262196,999,,,,,,,-1,,-1,,,,,,,,,,,,,,,,,,,,"Wade Stauss","sa3017000",702328
"Garrett Pennington","DET",0,1,1,0,0,0,0,0,0,0,0,0,0,0,0,0,,0,0,0.233921,0.0413245,0.263799,0.156651,0.275022,0.378319,0.283595,0.653341,0.144399,3.78989,0.29503,,-0.00146301,0.0942387,-0.023919,79.6509,-0.00146301,-0.00641657,-0.025446837185882032,-0.006416573189198971,0.000261405,999,,,,,,,-1,,-1,,,,,,,,,,,,,,,,,,,,"Garrett Pennington","sa3025600",693243
"Christopher Familia",,0,1,1,0,0,0,0,0,0,0,0,0,0,0,0,0,,0,0,0.215013,0.0695916,0.278479,0.249899,0.278562,0.377764,0.28673,0.656325,0.16275,3.0976,0.265112,,-0.0013608,0.0967843,-0.0213734,83.1896,-0.0013608,-0.0106943,-0.021173778804950416,-0.010694287717342377,0.000260928,999,,,,,,,-1,,-1,,,,,,,,,,,,,,,,,,,,"Christopher Familia","sa3011776",683532
"Chris Okey",,0,1,1,0,0,0,0,0,0,0,0,0,0,0,0,0,,0,0,0.215014,0.0491934,0.264117,0.186256,0.260328,0.328772,0.258643,0.5891,0.113758,3.96749,0.275601,,-0.00145307,0.0739805,-0.0441772,63.2733,-0.00145307,0.014259,-0.04498182644601911,0.01425904966890812,0.000260638,999,,,,,,,-1,,-1,,,,,,,,,,,,,,,,,,,,"Chris Okey","19245",608360
"Adrian Santana","TBR",0,1,1,0,0,0,0,0,0,0,0,0,0,0,0,0,,0,0,0.228639,0.0526382,0.196159,0.268345,0.269524,0.318989,0.259119,0.588513,0.0903499,6.12022,0.275392,,0.00548883,0.0743667,-0.043791,62.1589,0.00548883,0.0072165,-0.03911129245534539,0.007216504774987698,0.000258194,999,,,,,,,-1,,-1,,,,,,,,,,,,,,,,,,,,"Adrian Santana","sa3022890",803745
"Jon Singleton",,0,1,1,0,0,0,0,0,0,0,0,0,0,0,0,0,,0,0,0.209271,0.120549,0.287658,0.419068,0.304688,0.365344,0.297029,0.670032,0.156073,1.99658,0.266847,,-0.00197632,0.105146,-0.0130113,89.7316,-0.00197632,-0.0178238,-0.014078851323574781,-0.01782381348311901,0.000257389,999,,,,,,,-1,,-1,,,,,,,,,,,,,,,,,,,,"Jon Singleton","10441",572138
"Matthew Wood","MIL",0,1,1,0,0,0,0,0,0,0,0,0,0,0,0,0,,0,0,0.212345,0.0997155,0.212361,0.469556,0.300606,0.30737,0.275461,0.607976,0.0950251,2.67329,0.260968,,-0.00186068,0.0876345,-0.0305232,75.0391,-0.00186068,0.000657342,-0.03144452872220427,0.0006573420250788331,0.000254048,999,,,,,,,-1,,-1,,,,,,,,,,,,,,,,,,,,"Matthew Wood","sa3019924",687783
"Oswaldo Linares","SDP",0,1,1,0,0,0,0,0,0,0,0,0,0,0,0,0,,0,0,0.192203,0.0908851,0.294955,0.308132,0.272689,0.288843,0.254192,0.561531,0.0966398,2.46988,0.264103,,-0.00173974,0.0703666,-0.0477911,63.4536,-0.00173974,0.014259,-0.04505477624479681,0.01425904966890812,0.000253174,999,,,,,,,-1,,-1,,,,,,,,,,,,,,,,,,,,"Oswaldo Linares","sa3015593",692021
"Nico Perez","LAD",0,1,1,0,0,0,0,0,0,0,0,0,0,0,0,0,,0,0,0.204992,0.0816083,0.296205,0.275513,0.274748,0.319799,0.264811,0.594547,0.114807,5.88841,0.277494,,0.00557105,0.0789878,-0.0391699,67.4981,0.00557105,0.00213886,-0.03295040037482977,0.002138857962563634,0.000251556,999,,,,,,,-1,,-1,,,,,,,,,,,,,,,,,,,,"Nico Perez","sa3023603",703639
"Jorel Ortega","MIN",0,1,1,0,0,0,0,0,0,0,0,0,0,0,0,0,,0,0,0.206838,0.0836889,0.294746,0.283936,0.278767,0.334245,0.271953,0.613013,0.127408,4.6111,0.277032,,-0.000119124,0.084787,-0.0333708,71.1243,-0.000119124,0.00213886,-0.03415249288082123,0.002138857962563634,0.000246035,999,,,,,,,-1,,-1,,,,,,,,,,,,,,,,,,,,"Jorel Ortega","sa3020090",687567
"Eddy Alvarez",,0,1,1,0,0,0,0,0,0,0,0,0,0,0,0,0,,0,0,0.210004,0.0858435,0.276595,0.310358,0.296717,0.336915,0.283685,0.633632,0.126911,4.92596,0.274299,,-0.000119166,0.0943122,-0.0238455,79.4478,-0.000119166,-0.00641657,-0.024477830076648388,-0.006416573189198971,0.000243078,999,,,,,,,-1,,-1,,,,,,,,,,,,,,,,,,,,"Eddy Alvarez","16959",657193
"Garrett Martin","NYY",0,1,1,0,0,0,0,0,0,0,0,0,0,0,0,0,,0,0,0.200068,0.0599313,0.29449,0.203509,0.264969,0.339499,0.266825,0.604468,0.139431,5.1952,0.258764,,0.00179036,0.0806234,-0.0375343,69.4779,0.00179036,0.00213886,-0.03418352419976145,0.002138857962563634,0.00024286,999,,,,,,,-1,,-1,,,,,,,,,,,,,,,,,,,,"Garrett Martin","sa3022806",682003
"Juan Gonzalez","CHW",0,1,1,0,0,0,0,0,0,0,0,0,0,0,0,0,,0,0,0.199853,0.0655346,0.286221,0.228965,0.273825,0.296994,0.257543,0.570819,0.0971406,3.23363,0.27055,,-0.00118464,0.0730875,-0.0450702,61.6986,-0.00118464,0.014259,-0.046327296644449234,0.01425904966890812,0.000240447,999,,,,,,,-1,,-1,,,,,,,,,,,,,,,,,,,,"Juan Gonzalez","sa3017166",694943
"Dionmy Salon",,0,1,1,0,0,0,0,0,0,0,0,0,0,0,0,0,,0,0,0.217436,0.0594414,0.226813,0.262072,0.276944,0.309742,0.261956,0.586686,0.0923056,2.25502,0.270925,,-0.00155555,0.0766699,-0.0414878,61.9786,-0.00155555,0.014259,-0.046368169016204774,0.01425904966890812,0.000236266,999,,,,,,,-1,,-1,,,,,,,,,,,,,,,,,,,,"Dionmy Salon","sa3008839",682934
"Jacob Amaya","ARI",0,1,1,0,0,0,0,0,0,0,0,0,0,0,0,0,,0,0,0.21145,0.0868934,0.252649,0.343929,0.282342,0.316827,0.267572,0.59917,0.105377,4.38004,0.271438,,-0.000155985,0.0812295,-0.0369283,67.8961,-0.000155985,0.00724046,-0.03820577262376901,0.00724045978859067,0.000235823,999,,,,,,,-1,,-1,,,,,,,,,,,,,,,,,,,,"Jacob Amaya","23296",676070
"Gage Miller","MIA",0,1,1,0,0,0,0,0,0,0,0,0,0,0,0,0,,0,0,0.218874,0.0775899,0.221852,0.349738,0.289017,0.32851,0.27515,0.617526,0.109635,4.64484,0.269041,,-0.00082068,0.087382,-0.0307757,72.7304,-0.00082068,0.00213886,-0.033140821498818696,0.002138857962563634,0.000232074,999,,,,,,,-1,,-1,,,,,,,,,,,,,,,,,,,,"Gage Miller","sa3025205",824028
"Chuckie Robinson","LAD",0,1,1,0,0,0,0,0,0,0,0,0,0,0,0,0,,0,0,0.214262,0.0517065,0.270786,0.19095,0.262451,0.322567,0.257917,0.585018,0.108305,3.11775,0.277545,,-0.00187066,0.0733906,-0.0447671,62.7755,-0.00187066,0.0149667,-0.04598934412933886,0.01496667880564928,0.000229955,999,,,,,,,-1,,-1,,,,,,,,,,,,,,,,,,,,"Chuckie Robinson","19824",642020
"Adrian Placencia","LAA",0,1,1,0,0,0,0,0,0,0,0,0,0,0,0,0,,0,0,0.191333,0.109429,0.351829,0.31103,0.285523,0.329144,0.275401,0.614667,0.137812,3.71731,0.277466,,-0.00261696,0.0875865,-0.0305712,73.0794,-0.00261696,0.00213886,-0.03434606012888253,0.002138857962563634,0.000226231,999,,,,,,,-1,,-1,,,,,,,,,,,,,,,,,,,,"Adrian Placencia","sa3014688",691269
"Eli Serrano III","NYM",0,1,1,0,0,0,0,0,0,0,0,0,0,0,0,0,,0,0,0.210539,0.0867619,0.254774,0.340545,0.285431,0.333815,0.275431,0.619246,0.123276,3.06746,0.2669,,-0.00185008,0.0876108,-0.0305469,77.5655,-0.00185008,-0.00262224,-0.02843958605080843,-0.0026222390588372946,0.000225949,999,,,,,,,-1,,-1,,,,,,,,,,,,,,,,,,,,"Eli Serrano III","sa3025407",702501
"Jose Perez","TBR",0,1,1,0,0,0,0,0,0,0,0,0,0,0,0,0,,0,0,0.205252,0.106277,0.244619,0.434458,0.299435,0.310736,0.276337,0.610171,0.105485,2.88132,0.263112,,-0.00231941,0.088346,-0.0298117,74.0197,-0.00231941,0.000712953,-0.032940213568508625,0.0007129529840312898,0.000224178,999,,,,,,,-1,,-1,,,,,,,,,,,,,,,,,,,,"Jose Perez","sa3016162",699077
"Jalin Flores","STL",0,1,1,0,0,0,0,0,0,0,0,0,0,0,0,0,,0,0,0.206438,0.069769,0.306843,0.227377,0.266112,0.320124,0.259689,0.586236,0.113686,3.32721,0.283464,,-0.000843055,0.0748297,-0.043328,65.6286,-0.000843055,0.0104961,-0.041580277669709176,0.010496087372303009,0.000223661,999,,,,,,,-1,,-1,,,,,,,,,,,,,,,,,,,,"Jalin Flores","sa3031465",703602
"Luis Castro",,0,1,1,0,0,0,0,0,0,0,0,0,0,0,0,0,,0,0,0.222213,0.0685519,0.296744,0.231014,0.286159,0.367121,0.286754,0.653281,0.144909,4.23578,0.294727,,-0.00111506,0.0968037,-0.021354,82.6532,-0.00111506,-0.0106943,-0.02156030130572617,-0.010694287717342377,0.000221382,999,,,,,,,-1,,-1,,,,,,,,,,,,,,,,,,,,"Luis Castro","sa736954",620449
"Jean Carlos Sio","SFG",0,1,1,0,0,0,0,0,0,0,0,0,0,0,0,0,,0,0,0.222949,0.069965,0.224881,0.31112,0.287348,0.3184,0.270413,0.605749,0.0954516,3.89397,0.278667,,-0.00151916,0.0835362,-0.0346215,73.2199,-0.00151916,0.00213886,-0.03325907210819423,0.002138857962563634,0.000219975,999,,,,,,,-1,,-1,,,,,,,,,,,,,,,,,,,,"Jean Carlos Sio","sa3018648",805117
"Colin Burgess","ATL",0,1,1,0,0,0,0,0,0,0,0,0,0,0,0,0,,0,0,0.211182,0.0583142,0.286803,0.203325,0.264749,0.320922,0.258954,0.585671,0.10974,2.98702,0.281467,,-0.00094998,0.0742324,-0.0439253,62.5057,-0.00094998,0.014259,-0.04538848774973303,0.01425904966890812,0.000219031,999,,,,,,,-1,,-1,,,,,,,,,,,,,,,,,,,,"Colin Burgess","sa3020535",689878
"Drew Avans","COL",0,1,1,0,0,0,0,0,0,0,0,0,0,0,0,0,,0,0,0.241027,0.085693,0.247464,0.346285,0.309305,0.342943,0.289684,0.652249,0.101917,6.68841,0.317478,,0.00385645,0.0991826,-0.0189752,70.375,0.00385645,0.000103236,-0.0312552594114095,0.00010323600145056844,0.00021672,999,,,,,,,-1,,-1,,,,,,,,,,,,,,,,,,,,"Drew Avans","25183",682183
"Victor Bericoto","SFG",0,1,1,0,0,0,0,0,0,0,0,0,0,0,0,0,,0,0,0.236586,0.0617099,0.262886,0.23474,0.283895,0.375747,0.287189,0.659642,0.139161,2.63103,0.298626,,-0.00236641,0.097157,-0.0210007,84.7123,-0.00236641,-0.0106943,-0.02048550546169281,-0.010694287717342377,0.000213879,999,,,,,,,-1,,-1,,,,,,,,,,,,,,,,,,,,"Victor Bericoto","sa3008767",682674
"Caleb McNeely",,0,1,1,0,0,0,0,0,0,0,0,0,0,0,0,0,,0,0,0.20132,0.0848285,0.305118,0.278019,0.273254,0.313587,0.262085,0.586841,0.112267,4.86367,0.276681,,0.0018584,0.0767744,-0.0413833,64.3261,0.0018584,0.00784248,-0.040187495993450284,0.007842478342354298,0.00021213,999,,,,,,,-1,,-1,,,,,,,,,,,,,,,,,,,,"Caleb McNeely","sa3067548",803001
"Levi Jordan","WSN",0,1,1,0,0,0,0,0,0,0,0,0,0,0,0,0,,0,0,0.223944,0.0607611,0.209017,0.290699,0.283268,0.329032,0.27173,0.6123,0.105087,4.52071,0.270739,,0.000232727,0.0846056,-0.0335521,66.8488,0.000232727,0.00784248,-0.03905832323653158,0.007842478342354298,0.000210191,999,,,,,,,-1,,-1,,,,,,,,,,,,,,,,,,,,"Levi Jordan","25138",682119
"Jason Schiavone","HOU",0,1,1,0,0,0,0,0,0,0,0,0,0,0,0,0,,0,0,0.164867,0.119116,0.398,0.299287,0.281414,0.268838,0.255657,0.550252,0.103971,3.23393,0.275674,,-0.000938475,0.0715556,-0.0466021,61.2314,-0.000938475,0.014259,-0.046631772187538445,0.01425904966890812,0.000209296,999,,,,,,,-1,,-1,,,,,,,,,,,,,,,,,,,,"Jason Schiavone","sa3025370",828395
"Franyer Noria",,0,1,1,0,0,0,0,0,0,0,0,0,0,0,0,0,,0,0,0.215655,0.0857067,0.243704,0.351683,0.297416,0.314464,0.275778,0.61188,0.0988088,4.68222,0.278474,,0.000467524,0.0878922,-0.0302655,70.3208,0.000467524,0.00213886,-0.03451282120659016,0.002138857962563634,0.000209169,999,,,,,,,-1,,-1,,,,,,,,,,,,,,,,,,,,"Franyer Noria","sa3018528",800356
"Michael Siani","LAD",2,7,6,1,1,0,0,0,1,1,1,0,2,0,0,0,,0,0,0.204446,0.0907594,0.260691,0.348149,0.281047,0.307904,0.26427,0.588951,0.103459,6.30538,0.26694,-0.00624079,0.0201904,0.54984,-0.277264,67.1275,0.0139496,0.0029125,-0.2587754735723138,0.02791249821893871,0.000207565,999,,,,,,,2.6,1.3,2.6,1.3,,,,,,,,,,,,,,,,,,,"Michael Siani","22557",672279
"Enderso Lira",,0,1,1,0,0,0,0,0,0,0,0,0,0,0,0,0,,0,0,0.219193,0.0587348,0.258035,0.227624,0.267462,0.330648,0.263163,0.59811,0.111455,2.81111,0.279162,,-0.0014392,0.0776503,-0.0405074,61.6311,-0.0014392,0.014259,-0.04666145669762045,0.01425904966890812,0.000206259,999,,,,,,,-1,,-1,,,,,,,,,,,,,,,,,,,,"Enderso Lira","sa3016145",694229
"Carlos Jimenez","SEA",0,1,1,0,0,0,0,0,0,0,0,0,0,0,0,0,,0,0,0.19983,0.0738128,0.332196,0.222196,0.262688,0.326977,0.260543,0.589665,0.127147,5.39093,0.280567,,0.000158409,0.0755229,-0.0426348,70.5536,0.000158409,0.00213886,-0.0345475944923237,0.002138857962563634,0.000205611,999,,,,,,,-1,,-1,,,,,,,,,,,,,,,,,,,,"Carlos Jimenez","sa3015599",692039
"Scott Kingery","CHC",0,1,1,0,0,0,0,0,0,0,0,0,0,0,0,0,,0,0,0.209861,0.0579215,0.309861,0.186928,0.257317,0.343739,0.262266,0.601056,0.133878,6.39917,0.283251,,0.00158532,0.0769216,-0.0412361,67.0379,0.00158532,0.00619983,-0.03748160309623927,0.006199834868311882,0.000203446,999,,,,,,,-1,,-1,,,,,,,,,,,,,,,,,,,,"Scott Kingery","17975",664068
"Gavin Logan","ARI",0,1,1,0,0,0,0,0,0,0,0,0,0,0,0,0,,0,0,0.188717,0.0950734,0.331519,0.286781,0.274839,0.304204,0.26087,0.579043,0.115487,3.33824,0.27341,,-0.00205079,0.0757886,-0.0423691,63.3054,-0.00205079,0.014259,-0.045541450614109635,0.01425904966890812,0.000203381,999,,,,,,,-1,,-1,,,,,,,,,,,,,,,,,,,,"Gavin Logan","sa3020191",678099
"Avinson Pinto","BOS",0,1,1,0,0,0,0,0,0,0,0,0,0,0,0,0,,0,0,0.216493,0.0675339,0.281181,0.240179,0.271751,0.33143,0.26575,0.60318,0.114936,6.79789,0.290094,,0.00283889,0.0797505,-0.0384072,63.413,0.00283889,0.00784248,-0.04028320522047579,0.007842478342354298,0.000202338,999,,,,,,,-1,,-1,,,,,,,,,,,,,,,,,,,,"Avinson Pinto","sa3023761",821130
"Clay Dungan","SDP",0,1,1,0,0,0,0,0,0,0,0,0,0,0,0,0,,0,0,0.200153,0.085977,0.267279,0.321675,0.277578,0.291669,0.257049,0.569247,0.0915159,6.08978,0.270152,,0.0018531,0.0726858,-0.0454719,65.4104,0.0018531,0.00784248,-0.0391427103895694,0.007842478342354298,0.000201557,999,,,,,,,-1,,-1,,,,,,,,,,,,,,,,,,,,"Clay Dungan","sa1169803",687867
"Trent Farquhar","PHI",0,1,1,0,0,0,0,0,0,0,0,0,0,0,0,0,,0,0,0.21053,0.106809,0.216822,0.492612,0.305584,0.288788,0.272363,0.594372,0.0782582,4.68622,0.267074,,0.00140614,0.0851193,-0.0330384,70.5518,0.00140614,0.00213886,-0.033496065298095345,0.002138857962563634,0.000195727,999,,,,,,,-1,,-1,,,,,,,,,,,,,,,,,,,,"Trent Farquhar","sa3022606",802531
"Jordan Groshans","ATL",0,1,1,0,0,0,0,0,0,0,0,0,0,0,0,0,,0,0,0.237787,0.0806196,0.183149,0.440187,0.301253,0.323313,0.278844,0.624566,0.085526,2.11049,0.283827,,-0.00213574,0.0903813,-0.0277764,73.6121,-0.00213574,0.000712953,-0.03323698230087757,0.0007129529840312898,0.000193815,999,,,,,,,-1,,-1,,,,,,,,,,,,,,,,,,,,"Jordan Groshans","23794",677954
"Kasen Wells","SDP",0,1,1,0,0,0,0,0,0,0,0,0,0,0,0,0,,0,0,0.21454,0.0722257,0.254556,0.283732,0.27683,0.314194,0.263249,0.591024,0.0996532,5.53568,0.277655,,0.00243722,0.07772,-0.0404377,69.6579,0.00243722,0.00213886,-0.033524441067129374,0.002138857962563634,0.000192824,999,,,,,,,-1,,-1,,,,,,,,,,,,,,,,,,,,"Kasen Wells","sa3044992",703673
"DJ Layton","BAL",0,1,1,0,0,0,0,0,0,0,0,0,0,0,0,0,,0,0,0.193917,0.0916321,0.3189,0.287338,0.277885,0.298111,0.260364,0.575996,0.104195,4.43829,0.277227,,0.000449453,0.0753779,-0.0427798,65.3435,0.000449453,0.00784248,-0.04039729293435812,0.007842478342354298,0.000190666,999,,,,,,,-1,,-1,,,,,,,,,,,,,,,,,,,,"DJ Layton","sa3067333",816152
"Yophery Rodriguez","BOS",0,1,1,0,0,0,0,0,0,0,0,0,0,0,0,0,,0,0,0.226607,0.0802,0.245814,0.326263,0.289226,0.350312,0.281492,0.639538,0.123705,4.19883,0.29013,,-0.00287513,0.0925317,-0.0256261,74.2572,-0.00287513,0.000657342,-0.033216051990166306,0.0006573420250788331,0.000190267,999,,,,,,,-1,,-1,,,,,,,,,,,,,,,,,,,,"Yophery Rodriguez","sa3021083",806983
"Josh Crouch","LAA",0,1,1,0,0,0,0,0,0,0,0,0,0,0,0,0,,0,0,0.203099,0.0634402,0.310408,0.204377,0.263288,0.319339,0.258384,0.582627,0.11624,2.28108,0.27724,,-0.0012735,0.0737701,-0.0443876,61.3568,-0.0012735,0.014259,-0.046819006907753646,0.01425904966890812,0.000190139,999,,,,,,,-1,,-1,,,,,,,,,,,,,,,,,,,,"Josh Crouch","sa3017370",676509
"Gavin Turley","ATH",0,1,1,0,0,0,0,0,0,0,0,0,0,0,0,0,,0,0,0.208738,0.0760123,0.298602,0.254561,0.275991,0.334038,0.270254,0.610029,0.125301,3.05628,0.28149,,-0.000905466,0.0834071,-0.0347506,70.3586,-0.000905466,0.00393692,-0.03593893378274515,0.003936924040317535,0.00018849,999,,,,,,,-1,,-1,,,,,,,,,,,,,,,,,,,,"Gavin Turley","sa3044148",702504
"Mario Camilletti","CHW",0,1,1,0,0,0,0,0,0,0,0,0,0,0,0,0,,0,0,0.209437,0.119834,0.246131,0.486872,0.308115,0.292131,0.274888,0.600246,0.0826939,2.12278,0.275782,,-0.00224318,0.0871693,-0.0309884,73.6464,-0.00224318,0.000712953,-0.03330402565188706,0.0007129529840312898,0.000186956,999,,,,,,,-1,,-1,,,,,,,,,,,,,,,,,,,,"Mario Camilletti","sa3020192",680519
"DaShawn Keirsey Jr.","ATL",0,1,1,0,0,0,0,0,0,0,0,0,0,0,0,0,,0,0,0.225014,0.0616023,0.276268,0.22298,0.279311,0.341837,0.273327,0.621148,0.116823,7.11348,0.299046,,0.00459779,0.0859027,-0.032255,72.3523,0.00459779,-0.00327958,-0.02817040728405118,-0.0032795818988233805,0.000186235,999,,,,,,,-1,,-1,,,,,,,,,,,,,,,,,,,,"DaShawn Keirsey Jr.","24496",680577
"Kyle Hayes","KCR",0,1,1,0,0,0,0,0,0,0,0,0,0,0,0,0,,0,0,0.188545,0.0920374,0.298166,0.308678,0.284812,0.285242,0.261078,0.570054,0.0966972,3.15836,0.263618,,-0.00136066,0.0759576,-0.0422001,61.3742,-0.00136066,0.014259,-0.0468856425723061,0.01425904966890812,0.000183322,999,,,,,,,-1,,-1,,,,,,,,,,,,,,,,,,,,"Kyle Hayes","sa3018212",690469
"Jose Colmenares","PHI",0,1,1,0,0,0,0,0,0,0,0,0,0,0,0,0,,0,0,0.202523,0.0766393,0.295609,0.259259,0.271184,0.338665,0.269455,0.609849,0.136142,5.09377,0.267083,,-0.000926687,0.0827582,-0.0353995,71.2892,-0.000926687,0.00213886,-0.034765737247653306,0.002138857962563634,0.000183293,999,,,,,,,-1,,-1,,,,,,,,,,,,,,,,,,,,"Jose Colmenares","sa3009309",683569
"Tony Blanco Jr.","PIT",0,1,1,0,0,0,0,0,0,0,0,0,0,0,0,0,,0,0,0.224634,0.0757691,0.343283,0.220719,0.285707,0.377948,0.289552,0.663656,0.153314,3.94106,0.321925,,-0.00104843,0.0990756,-0.0190821,82.0542,-0.00104843,-0.0091814,-0.022317868191748857,-0.009181401692330837,0.000181193,999,,,,,,,-1,,-1,,,,,,,,,,,,,,,,,,,,"Tony Blanco Jr.","sa3019722",703156
"Brady Lindsly",,0,1,1,0,0,0,0,0,0,0,0,0,0,0,0,0,,0,0,0.20665,0.0747709,0.284035,0.263246,0.270011,0.30732,0.25751,0.577331,0.10067,3.2081,0.277603,,-0.000742428,0.0730603,-0.0450974,62.0078,-0.000742428,0.014259,-0.045771021803375334,0.01425904966890812,0.000179893,999,,,,,,,-1,,-1,,,,,,,,,,,,,,,,,,,,"Brady Lindsly","sa3014942",686251
"Devin Saltiban","PHI",0,1,1,0,0,0,0,0,0,0,0,0,0,0,0,0,,0,0,0.208056,0.0550533,0.317738,0.173267,0.262666,0.3516,0.268868,0.614267,0.143544,5.80032,0.279827,,0.00227018,0.0822821,-0.0358756,68.158,0.00227018,0.00393692,-0.03546916926279664,0.003936924040317535,0.000177819,999,,,,,,,-1,,-1,,,,,,,,,,,,,,,,,,,,"Devin Saltiban","sa3022827",813880
"Ramon Ramirez","KCR",0,1,1,0,0,0,0,0,0,0,0,0,0,0,0,0,,0,0,0.21644,0.0652796,0.253725,0.257284,0.274206,0.358735,0.277286,0.632941,0.142295,3.16344,0.265179,,-0.000988365,0.0891167,-0.029041,72.5391,-0.000988365,0.000657342,-0.033354189596138895,0.0006573420250788331,0.000176134,999,,,,,,,-1,,-1,,,,,,,,,,,,,,,,,,,,"Ramon Ramirez","sa3021637",808675
"Zander Darby","SFG",0,1,1,0,0,0,0,0,0,0,0,0,0,0,0,0,,0,0,0.203854,0.0876194,0.297119,0.294897,0.280322,0.319595,0.268114,0.599917,0.115741,4.26136,0.278007,,-0.000108015,0.0816697,-0.036488,71.6452,-0.000108015,0.00213886,-0.03371437650639564,0.002138857962563634,0.000173392,999,,,,,,,-1,,-1,,,,,,,,,,,,,,,,,,,,"Zander Darby","sa3025549",801592
"Ethan O'Donnell","MIA",0,1,1,0,0,0,0,0,0,0,0,0,0,0,0,0,,0,0,0.215764,0.0721178,0.293893,0.245388,0.282353,0.328227,0.271323,0.61058,0.112463,5.77215,0.295185,,0.00169789,0.0842755,-0.0338822,70.1094,0.00169789,0.00213886,-0.03372871794272214,0.002138857962563634,0.000171924,999,,,,,,,-1,,-1,,,,,,,,,,,,,,,,,,,,"Ethan O'Donnell","sa3022616",807751
"Brett Auerbach",,0,1,1,0,0,0,0,0,0,0,0,0,0,0,0,0,,0,0,0.212216,0.0798563,0.288918,0.276398,0.280341,0.328221,0.270326,0.608562,0.116005,4.64233,0.28621,,-0.000452402,0.0834659,-0.0346918,73.1607,-0.000452402,0.000657342,-0.032262558524962515,0.0006573420250788331,0.000170353,999,,,,,,,-1,,-1,,,,,,,,,,,,,,,,,,,,"Brett Auerbach","sa3014941",682266
"Daniel Johnson","MIA",0,1,1,0,0,0,0,0,0,0,0,0,0,0,0,0,,0,0,0.230678,0.0525807,0.253603,0.207335,0.275781,0.381337,0.285103,0.657118,0.150659,5.31555,0.283147,,0.0000981022,0.0954633,-0.0226944,79.5489,0.0000981022,-0.00747653,-0.024140677924151532,-0.007476532831788063,0.000169126,999,,,,,,,-1,,-1,,,,,,,,,,,,,,,,,,,,"Daniel Johnson","19643",669288
"Calvin Harris","CHW",0,1,1,0,0,0,0,0,0,0,0,0,0,0,0,0,,0,0,0.213901,0.0656178,0.271389,0.241785,0.26866,0.309137,0.256555,0.577797,0.0952357,3.21568,0.284722,,-0.0010953,0.0722849,-0.0458728,61.0176,-0.0010953,0.014259,-0.047040579142048955,0.01425904966890812,0.00016747,999,,,,,,,-1,,-1,,,,,,,,,,,,,,,,,,,,"Calvin Harris","sa3022496",691941
"Avery Owusu-Asiedu","ARI",0,1,1,0,0,0,0,0,0,0,0,0,0,0,0,0,,0,0,0.211606,0.0766319,0.316188,0.242361,0.27675,0.334676,0.270219,0.611426,0.12307,6.61765,0.299378,,0.00210989,0.0833786,-0.0347791,69.7094,0.00210989,0.00213886,-0.03379075927659869,0.002138857962563634,0.000165577,999,,,,,,,-1,,-1,,,,,,,,,,,,,,,,,,,,"Avery Owusu-Asiedu","sa3022604",801938
"Dru Baker","CHW",0,1,1,0,0,0,0,0,0,0,0,0,0,0,0,0,,0,0,0.227215,0.0621091,0.268086,0.231676,0.283158,0.316163,0.266678,0.599321,0.0889487,5.92467,0.303985,,0.00274388,0.0805036,-0.0376541,67.9909,0.00274388,0.00213886,-0.03498262632638216,0.002138857962563634,0.000161102,999,,,,,,,-1,,-1,,,,,,,,,,,,,,,,,,,,"Dru Baker","sa3017331",681333
"Billy McKinney",,0,1,1,0,0,0,0,0,0,0,0,0,0,0,0,0,,0,0,0.216809,0.0896452,0.268801,0.3335,0.293206,0.35236,0.285865,0.645565,0.135551,4.23555,0.276948,,-0.00124885,0.0960818,-0.0220759,82.8708,-0.00124885,-0.0114244,-0.02143760398030281,-0.011424350552260876,0.000159241,999,,,,,,,-1,,-1,,,,,,,,,,,,,,,,,,,,"Billy McKinney","15654",641856
"Ethan Frey","HOU",0,1,1,0,0,0,0,0,0,0,0,0,0,0,0,0,,0,0,0.219405,0.0916065,0.269258,0.340218,0.294682,0.342122,0.283026,0.636804,0.122717,4.22574,0.284903,,-0.000208716,0.0937766,-0.0243811,80.0849,-0.000208716,-0.0091814,-0.023681030550505966,-0.009181401692330837,0.000159192,999,,,,,,,-1,,-1,,,,,,,,,,,,,,,,,,,,"Ethan Frey","sa3031717",703676
"Sam Shaw","TOR",0,1,1,0,0,0,0,0,0,0,0,0,0,0,0,0,,0,0,0.204883,0.0930225,0.252152,0.368914,0.282662,0.316036,0.268102,0.598698,0.111153,3.38071,0.260705,,-0.00125949,0.0816602,-0.0364975,69.833,-0.00125949,0.00393692,-0.036814779276028275,0.003936924040317535,0.000157614,999,,,,,,,-1,,-1,,,,,,,,,,,,,,,,,,,,"Sam Shaw","sa3022889",802511
"Tyler McDonough","BOS",0,1,1,0,0,0,0,0,0,0,0,0,0,0,0,0,,0,0,0.22343,0.0670167,0.287085,0.233438,0.279078,0.331441,0.269452,0.610519,0.108011,5.72669,0.307544,,-0.000613338,0.0827563,-0.0354014,65.9633,-0.000613338,0.00784248,-0.040729584521614015,0.007842478342354298,0.000156668,999,,,,,,,-1,,-1,,,,,,,,,,,,,,,,,,,,"Tyler McDonough","sa3016869",694812
"Angel Diaz","LAD",0,1,1,0,0,0,0,0,0,0,0,0,0,0,0,0,,0,0,0.197224,0.0658758,0.310893,0.211892,0.266245,0.309,0.257266,0.575244,0.111775,2.30031,0.271006,,-0.0013522,0.0728619,-0.0452958,62.3295,-0.0013522,0.014259,-0.045999581343494356,0.01425904966890812,0.000156509,999,,,,,,,-1,,-1,,,,,,,,,,,,,,,,,,,,"Angel Diaz","sa3019214",801225
"Murphy Stehly","WSN",0,1,1,0,0,0,0,0,0,0,0,0,0,0,0,0,,0,0,0.220663,0.0641903,0.251676,0.255051,0.291398,0.324026,0.2754,0.615424,0.103363,3.11211,0.285482,,-0.00195721,0.0875854,-0.0305723,74.2632,-0.00195721,0.000712953,-0.032460688380524516,0.0007129529840312898,0.000155772,999,,,,,,,-1,,-1,,,,,,,,,,,,,,,,,,,,"Murphy Stehly","sa3020276",693822
"Victor Figueroa","BAL",0,1,1,0,0,0,0,0,0,0,0,0,0,0,0,0,,0,0,0.219302,0.0959412,0.28275,0.339314,0.296299,0.368717,0.292684,0.665017,0.149415,3.46851,0.285231,,-0.00187184,0.101619,-0.0165391,89.822,-0.00187184,-0.0178238,-0.013934903428889811,-0.01782381348311901,0.000154648,999,,,,,,,-1,,-1,,,,,,,,,,,,,,,,,,,,"Victor Figueroa","sa3031322",809372
"Kodey Shojinaga","PHI",0,1,1,0,0,0,0,0,0,0,0,0,0,0,0,0,,0,0,0.206186,0.0909514,0.233402,0.389677,0.283336,0.292341,0.26036,0.575677,0.0861553,2.56998,0.262657,,-0.0013768,0.0753746,-0.0427831,62.3298,-0.0013768,0.014259,-0.0460237308871001,0.01425904966890812,0.000154038,999,,,,,,,-1,,-1,,,,,,,,,,,,,,,,,,,,"Kodey Shojinaga","sa3025412",809975
"Andrews Sosa",,0,1,1,0,0,0,0,0,0,0,0,0,0,0,0,0,,0,0,0.197635,0.0729726,0.325798,0.223981,0.263153,0.309118,0.254891,0.572271,0.111483,3.67343,0.281012,,-0.000868095,0.0709344,-0.0472233,60.7043,-0.000868095,0.014259,-0.0471826137509197,0.01425904966890812,0.000152938,999,,,,,,,-1,,-1,,,,,,,,,,,,,,,,,,,,"Andrews Sosa","sa3019765",806237
"Cesar Mujica","PHI",0,1,1,0,0,0,0,0,0,0,0,0,0,0,0,0,,0,0,0.204681,0.0676892,0.30755,0.220091,0.264859,0.322461,0.260025,0.587321,0.11778,3.6353,0.279376,,-0.00117727,0.0751022,-0.0430555,62.1,-0.00117727,0.014259,-0.046096603269688785,0.01425904966890812,0.000146582,999,,,,,,,-1,,-1,,,,,,,,,,,,,,,,,,,,"Cesar Mujica","sa3023880",815009
"Enderson Delgado","DET",0,1,1,0,0,0,0,0,0,0,0,0,0,0,0,0,,0,0,0.195346,0.070203,0.290174,0.241934,0.268316,0.303313,0.25658,0.571628,0.107967,2.8899,0.262204,,-0.0013288,0.0723052,-0.0458525,61.0413,-0.0013288,0.014259,-0.047246138798072934,0.01425904966890812,0.000146438,999,,,,,,,-1,,-1,,,,,,,,,,,,,,,,,,,,"Enderson Delgado","sa3018576",800503
"Kien Vu","CIN",0,1,1,0,0,0,0,0,0,0,0,0,0,0,0,0,,0,0,0.210552,0.0739521,0.29928,0.2471,0.278345,0.347432,0.276276,0.625777,0.13688,4.65955,0.27964,,0.00152003,0.0882969,-0.0298608,69.9633,0.00152003,0.00213886,-0.034079692675732076,0.002138857962563634,0.000136015,999,,,,,,,-1,,-1,,,,,,,,,,,,,,,,,,,,"Kien Vu","sa3044590",809844
"Connor Kaiser","KCR",0,1,1,0,0,0,0,0,0,0,0,0,0,0,0,0,,0,0,0.202452,0.0927359,0.287528,0.322528,0.281866,0.318486,0.268488,0.600353,0.116034,4.73131,0.274567,,-0.000695948,0.0819733,-0.0361844,66.4783,-0.000695948,0.00709028,-0.04020520008634776,0.007090284023433924,0.00013336,999,,,,,,,-1,,-1,,,,,,,,,,,,,,,,,,,,"Connor Kaiser","21535",663731
"Fernando Peguero","BAL",0,1,1,0,0,0,0,0,0,0,0,0,0,0,0,0,,0,0,0.206491,0.0643158,0.281053,0.228839,0.261556,0.303437,0.251108,0.564994,0.096946,5.7151,0.276067,,0.00470244,0.0678629,-0.0502948,58.9674,0.00470244,0.0104961,-0.04365927493199706,0.010496087372303009,0.000128421,999,,,,,,,-1,,-1,,,,,,,,,,,,,,,,,,,,"Fernando Peguero","sa3018546",800387
"Ricson Gonzalez","KCR",0,1,1,0,0,0,0,0,0,0,0,0,0,0,0,0,,0,0,0.204527,0.0795239,0.271074,0.293366,0.275181,0.306227,0.260398,0.581408,0.1017,3.70413,0.271421,,-0.00135388,0.0754055,-0.0427522,60.9058,-0.00135388,0.014259,-0.04743093124125153,0.01425904966890812,0.000127532,999,,,,,,,-1,,-1,,,,,,,,,,,,,,,,,,,,"Ricson Gonzalez","sa3019629",805692
"Frederick Bencosme","BAL",0,1,1,0,0,0,0,0,0,0,0,0,0,0,0,0,,0,0,0.223839,0.0741381,0.198088,0.374269,0.284288,0.323365,0.26994,0.607653,0.0995269,4.68404,0.26795,,-0.000757957,0.0831522,-0.0350055,71.9396,-0.000757957,0.000657342,-0.0338304175529629,0.0006573420250788331,0.00012741,999,,,,,,,-1,,-1,,,,,,,,,,,,,,,,,,,,"Frederick Bencosme","sa3016779",695930
"Joey Meneses","ATH",0,1,1,0,0,0,0,0,0,0,0,0,0,0,0,0,,0,0,0.247801,0.0558144,0.205198,0.272003,0.29409,0.388573,0.296964,0.682662,0.140771,2.29867,0.291395,,-0.00144985,0.105093,-0.0130647,88.7068,-0.00144985,-0.0178238,-0.01479736971668899,-0.01782381348311901,0.000125141,999,,,,,,,-1,,-1,,,,,,,,,,,,,,,,,,,,"Joey Meneses","14366",608841
"Kleyver Salazar","BOS",0,1,1,0,0,0,0,0,0,0,0,0,0,0,0,0,,0,0,0.208615,0.0807003,0.271031,0.297753,0.273006,0.31577,0.261961,0.588776,0.107155,2.2289,0.272786,,-0.0012691,0.0766738,-0.041484,60.8025,-0.0012691,0.014259,-0.04746792931109667,0.01425904966890812,0.000123747,999,,,,,,,-1,,-1,,,,,,,,,,,,,,,,,,,,"Kleyver Salazar","sa3021241",808307
"Esteban Mejia","TEX",0,1,1,0,0,0,0,0,0,0,0,0,0,0,0,0,,0,0,0.210674,0.06774,0.285067,0.237628,0.267466,0.323791,0.261352,0.591256,0.113117,4.2339,0.280185,,-0.000974751,0.0761797,-0.041978,65.9848,-0.000974751,0.00784248,-0.041065572353545576,0.007842478342354298,0.000122292,999,,,,,,,-1,,-1,,,,,,,,,,,,,,,,,,,,"Esteban Mejia","sa3018527",800354
"Brock Tibbitts","TOR",0,1,1,0,0,0,0,0,0,0,0,0,0,0,0,0,,0,0,0.194083,0.0830196,0.300436,0.27633,0.271674,0.291842,0.254424,0.563516,0.0977594,3.36656,0.271272,,-0.000861866,0.0705545,-0.0476032,60.4103,-0.000861866,0.014259,-0.047522907436359674,0.01425904966890812,0.000118122,999,,,,,,,-1,,-1,,,,,,,,,,,,,,,,,,,,"Brock Tibbitts","sa3025171",801903
"Ben Gobbel","LAA",0,1,1,0,0,0,0,0,0,0,0,0,0,0,0,0,,0,0,0.220071,0.0461862,0.271043,0.170402,0.267558,0.357373,0.273151,0.624931,0.137302,3.35242,0.275931,,-0.000447462,0.0857597,-0.032398,71.5295,-0.000447462,0.000712953,-0.034003308217506856,0.0007129529840312898,0.000115411,999,,,,,,,-1,,-1,,,,,,,,,,,,,,,,,,,,"Ben Gobbel","sa3019870",806534
"Cayden Wallace","WSN",0,1,1,0,0,0,0,0,0,0,0,0,0,0,0,0,,0,0,0.223611,0.0623925,0.247317,0.252277,0.279053,0.340724,0.273063,0.619777,0.117113,4.78596,0.283069,,-0.000471791,0.0856876,-0.0324701,72.6619,-0.000471791,0.000712953,-0.03287306969286874,0.0007129529840312898,0.00011358,999,,,,,,,-1,,-1,,,,,,,,,,,,,,,,,,,,"Cayden Wallace","sa3019996",691024
"Dylan Fien","ATH",0,1,1,0,0,0,0,0,0,0,0,0,0,0,0,0,,0,0,0.21134,0.0557878,0.272573,0.204671,0.265951,0.313607,0.257066,0.579558,0.102267,3.13568,0.279723,,-0.00127011,0.0727001,-0.0454576,61.2996,-0.00127011,0.014259,-0.04701056226622313,0.01425904966890812,0.000111807,999,,,,,,,-1,,-1,,,,,,,,,,,,,,,,,,,,"Dylan Fien","sa3067509",814504
"Wyatt Hendrie","PIT",0,1,1,0,0,0,0,0,0,0,0,0,0,0,0,0,,0,0,0.198041,0.0857883,0.280974,0.305325,0.279457,0.291867,0.258873,0.571325,0.0938264,4.03068,0.269106,,-0.000282208,0.074167,-0.0439907,61.038,-0.000282208,0.014259,-0.04646028851857409,0.01425904966890812,0.000109373,999,,,,,,,-1,,-1,,,,,,,,,,,,,,,,,,,,"Wyatt Hendrie","sa3017163",689134
"Connor Dykstra","SEA",0,1,1,0,0,0,0,0,0,0,0,0,0,0,0,0,,0,0,0.179097,0.0615789,0.345972,0.177988,0.262227,0.277172,0.245971,0.539399,0.0980751,3.60704,0.268423,,-0.00111876,0.063692,-0.0544657,60.5156,-0.00111876,0.014259,-0.04765569162555039,0.01425904966890812,0.000104536,999,,,,,,,-1,,-1,,,,,,,,,,,,,,,,,,,,"Connor Dykstra","sa3067036",683270
"Ben Ross","MIN",0,1,1,0,0,0,0,0,0,0,0,0,0,0,0,0,,0,0,0.202102,0.0762332,0.296455,0.257149,0.266153,0.330385,0.263664,0.596538,0.128283,4.14919,0.267123,,0.000145565,0.0780568,-0.0401009,65.4141,0.000145565,0.0072165,-0.04061792476568371,0.007216504774987698,0.000104047,999,,,,,,,-1,,-1,,,,,,,,,,,,,,,,,,,,"Ben Ross","sa3020353",805346
"Brailer Guerrero","TBR",0,1,1,0,0,0,0,0,0,0,0,0,0,0,0,0,,0,0,0.206931,0.0755701,0.337209,0.224105,0.270136,0.337164,0.267844,0.6073,0.130233,4.96153,0.294717,,0.000175857,0.0814502,-0.0367075,68.169,0.000175857,0.00393692,-0.03734071127837524,0.003936924040317535,0.000103805,999,,,,,,,-1,,-1,,,,,,,,,,,,,,,,,,,,"Brailer Guerrero","sa3021072",806967
"Andy Weber","CHW",0,1,1,0,0,0,0,0,0,0,0,0,0,0,0,0,,0,0,0.232866,0.0596188,0.224007,0.266147,0.281563,0.326444,0.268375,0.608008,0.0935785,3.77595,0.295029,,-0.00270491,0.0818817,-0.036276,68.4464,-0.00270491,0.00784248,-0.04010241245850921,0.007842478342354298,0.000103367,999,,,,,,,-1,,-1,,,,,,,,,,,,,,,,,,,,"Andy Weber","sa3008282",681581
"Jaime Ferrer","MIN",0,1,1,0,0,0,0,0,0,0,0,0,0,0,0,0,,0,0,0.207471,0.0424953,0.277808,0.152966,0.262395,0.315108,0.256194,0.577502,0.107637,3.5597,0.276059,,-0.000848587,0.0719922,-0.0461655,60.2686,-0.000848587,0.014259,-0.04767669702414423,0.01425904966890812,0.000102387,999,,,,,,,-1,,-1,,,,,,,,,,,,,,,,,,,,"Jaime Ferrer","sa3025246",695634
"Carlos Renzullo","COL",0,1,1,0,0,0,0,0,0,0,0,0,0,0,0,0,,0,0,0.235798,0.0864279,0.212849,0.406053,0.306898,0.348395,0.290995,0.655292,0.112597,4.18402,0.287892,,-0.000363498,0.100247,-0.0179111,71.2728,-0.000363498,0.00213886,-0.03441112721338868,0.002138857962563634,0.000102105,999,,,,,,,-1,,-1,,,,,,,,,,,,,,,,,,,,"Carlos Renzullo","sa3024879",827281
"Dylan Dreiling","TEX",0,1,1,0,0,0,0,0,0,0,0,0,0,0,0,0,,0,0,0.209933,0.086693,0.253844,0.341521,0.278855,0.330389,0.270193,0.609244,0.120457,3.99792,0.265942,,-0.00120135,0.0833578,-0.0347999,72.0751,-0.00120135,0.000657342,-0.03411415126174688,0.0006573420250788331,0.0000983801,999,,,,,,,-1,,-1,,,,,,,,,,,,,,,,,,,,"Dylan Dreiling","sa3025251",702662
"Jordyn Adams","MIL",0,1,1,0,0,0,0,0,0,0,0,0,0,0,0,0,,0,0,0.212349,0.0662814,0.307541,0.215521,0.268897,0.331204,0.264539,0.600101,0.118855,6.3611,0.292579,,0.00253033,0.0787669,-0.0393908,68.2189,0.00253033,0.00145671,-0.03492742800153792,0.0014567050384357572,0.0000969565,999,,,,,,,-1,,-1,,,,,,,,,,,,,,,,,,,,"Jordyn Adams","23788",677941
"Angel Arredondo","TEX",0,1,1,0,0,0,0,0,0,0,0,0,0,0,0,0,,0,0,0.203494,0.0940988,0.274845,0.342371,0.291601,0.303495,0.269716,0.595096,0.100001,2.54519,0.272563,,-0.00234225,0.0829707,-0.035187,71.7467,-0.00234225,0.00213886,-0.03564212401397526,0.002138857962563634,0.0000936272,999,,,,,,,-1,,-1,,,,,,,,,,,,,,,,,,,,"Angel Arredondo","sa3023647",802397
"Braedon Karpathios","SDP",0,1,1,0,0,0,0,0,0,0,0,0,0,0,0,0,,0,0,0.195518,0.111381,0.33481,0.33267,0.284703,0.311755,0.268471,0.596458,0.116237,2.5779,0.284967,,-0.00279487,0.0819597,-0.036198,73.2351,-0.00279487,0.00213886,-0.03451679856516421,0.002138857962563634,0.0000912937,999,,,,,,,-1,,-1,,,,,,,,,,,,,,,,,,,,"Braedon Karpathios","sa3019863",701682
"Jairo Diaz","CHC",0,1,1,0,0,0,0,0,0,0,0,0,0,0,0,0,,0,0,0.204255,0.0772562,0.289463,0.266895,0.270341,0.293838,0.253306,0.564179,0.0895829,3.63764,0.280313,,-0.000297106,0.0696472,-0.0485105,60.9002,-0.000297106,0.014259,-0.04663840649300255,0.01425904966890812,0.000091149,999,,,,,,,-1,,-1,,,,,,,,,,,,,,,,,,,,"Jairo Diaz","sa3018606",801260
"Gregory Barrios","TBR",0,1,1,0,0,0,0,0,0,0,0,0,0,0,0,0,,0,0,0.228181,0.0406104,0.185778,0.218596,0.266552,0.310005,0.254461,0.576556,0.0818241,5.77534,0.27291,,0.00432259,0.070585,-0.0475727,58.9503,0.00432259,0.0104961,-0.04405925655737519,0.010496087372303009,0.0000874983,999,,,,,,,-1,,-1,,,,,,,,,,,,,,,,,,,,"Gregory Barrios","sa3015800",699126
"Victor Labrada","SEA",0,1,1,0,0,0,0,0,0,0,0,0,0,0,0,0,,0,0,0.211962,0.0909873,0.263388,0.34545,0.292846,0.311097,0.271922,0.603943,0.0991347,6.15791,0.282154,,0.00259105,0.0847617,-0.033396,78.3923,0.00259105,-0.0106943,-0.022876119939610362,-0.010694287717342377,0.0000867577,999,,,,,,,-1,,-1,,,,,,,,,,,,,,,,,,,,"Victor Labrada","sa3015062",700032
"Andy Lugo","MIN",0,1,1,0,0,0,0,0,0,0,0,0,0,0,0,0,,0,0,0.227819,0.053675,0.262371,0.204576,0.276698,0.351998,0.275403,0.628696,0.124178,4.91314,0.294408,,0.000966645,0.0875877,-0.03057,70.0625,0.000966645,0.000712953,-0.03431824309518561,0.0007129529840312898,0.0000831886,999,,,,,,,-1,,-1,,,,,,,,,,,,,,,,,,,,"Andy Lugo","sa3018400",702889
"Andrew Navigato",,0,1,1,0,0,0,0,0,0,0,0,0,0,0,0,0,,0,0,0.213157,0.0604554,0.282841,0.213744,0.272284,0.358277,0.276308,0.630562,0.145121,5.22978,0.273904,,-0.00109725,0.0883228,-0.0298349,74.6315,-0.00109725,-0.00262224,-0.030997035675682127,-0.0026222390588372946,0.000081758,999,,,,,,,-1,,-1,,,,,,,,,,,,,,,,,,,,"Andrew Navigato","sa3010703",685382
"Tyler Tolve","ATL",0,1,1,0,0,0,0,0,0,0,0,0,0,0,0,0,,0,0,0.198397,0.0569156,0.381989,0.148998,0.250894,0.335647,0.257028,0.586541,0.13725,3.50776,0.298176,,-0.00073229,0.072669,-0.0454887,61.1866,-0.00073229,0.014259,-0.0467341419425793,0.01425904966890812,0.0000813538,999,,,,,,,-1,,-1,,,,,,,,,,,,,,,,,,,,"Tyler Tolve","sa3016960",681172
"Antonio Jimenez","NYM",0,1,1,0,0,0,0,0,0,0,0,0,0,0,0,0,,0,0,0.215755,0.0759402,0.237402,0.31988,0.280994,0.317424,0.266858,0.598418,0.101669,4.41854,0.270435,,0.000415645,0.0806501,-0.0375076,71.6925,0.000415645,0.000657342,-0.03313456539763138,0.0006573420250788331,0.0000811358,999,,,,,,,-1,,-1,,,,,,,,,,,,,,,,,,,,"Antonio Jimenez","sa3034692",806128
"Thomas Gavello","SFG",0,1,1,0,0,0,0,0,0,0,0,0,0,0,0,0,,0,0,0.199295,0.0644664,0.344525,0.187117,0.27774,0.324184,0.269415,0.601924,0.124889,4.05736,0.289796,,-0.000658867,0.082726,-0.0354317,72.5363,-0.000658867,0.000712953,-0.03320897795492783,0.0007129529840312898,0.0000792124,999,,,,,,,-1,,-1,,,,,,,,,,,,,,,,,,,,"Thomas Gavello","sa3020122",687284
"Jesus Alexander","SFG",0,1,1,0,0,0,0,0,0,0,0,0,0,0,0,0,,0,0,0.205361,0.0749288,0.277796,0.269727,0.26806,0.297804,0.253121,0.565864,0.0924428,2.87951,0.276006,,-0.0009859391,0.0694971,-0.0486606,61.3747,-0.0009859391,0.014259,-0.04676490614656359,0.01425904966890812,0.0000782065,999,,,,,,,-1,,-1,,,,,,,,,,,,,,,,,,,,"Jesus Alexander","sa3021628",808377
"Max Ferguson","BOS",0,1,1,0,0,0,0,0,0,0,0,0,0,0,0,0,,0,0,0.201192,0.108919,0.268853,0.405123,0.290832,0.302614,0.268572,0.593446,0.101422,5.85253,0.268368,,0.00503554,0.0820413,-0.0361164,65.3566,0.00503554,0.00213886,-0.03579569794237614,0.002138857962563634,0.0000779145,999,,,,,,,-1,,-1,,,,,,,,,,,,,,,,,,,,"Max Ferguson","sa3016819",681132
"Andrew Velazquez","TEX",0,1,1,0,0,0,0,0,0,0,0,0,0,0,0,0,,0,0,0.207568,0.058456,0.312054,0.187327,0.255822,0.319445,0.253247,0.575267,0.111877,5.62777,0.285945,,0.00517041,0.0695993,-0.0485584,60.4017,0.00517041,0.00784248,-0.04150085058063269,0.007842478342354298,0.0000777577,999,,,,,,,-1,,-1,,,,,,,,,,,,,,,,,,,,"Andrew Velazquez","14196",623205
"Sir Jamison Jones","WSN",0,1,1,0,0,0,0,0,0,0,0,0,0,0,0,0,,0,0,0.20093,0.0864348,0.29757,0.290468,0.277594,0.315081,0.265367,0.592674,0.114151,2.71165,0.271946,,-0.00108779,0.0794398,-0.038718,67.3904,-0.00108779,0.0072165,-0.03973694960586727,0.007216504774987698,0.0000767138,999,,,,,,,-1,,-1,,,,,,,,,,,,,,,,,,,,"Sir Jamison Jones","sa3067322",806550
"Dylan Jasso","MIA",0,1,1,0,0,0,0,0,0,0,0,0,0,0,0,0,,0,0,0.224304,0.0584297,0.274921,0.212533,0.27868,0.349629,0.275953,0.628309,0.125325,3.47017,0.294571,,-0.0015685,0.0880343,-0.0301234,73.2807,-0.0015685,0.000712953,-0.03323635819833726,0.0007129529840312898,0.0000764111,999,,,,,,,-1,,-1,,,,,,,,,,,,,,,,,,,,"Dylan Jasso","sa3022830",815734
"Dixon Williams","ATL",0,1,1,0,0,0,0,0,0,0,0,0,0,0,0,0,,0,0,0.205087,0.0836743,0.325286,0.257233,0.282005,0.325109,0.2709,0.607114,0.120022,5.21394,0.294269,,0.0000267044,0.0839317,-0.034226,70.6894,0.0000267044,0.00213886,-0.034712480679445434,0.002138857962563634,0.000071273,999,,,,,,,-1,,-1,,,,,,,,,,,,,,,,,,,,"Dixon Williams","sa3045282",703483
"Slate Alford","LAA",0,1,1,0,0,0,0,0,0,0,0,0,0,0,0,0,,0,0,0.203343,0.0926709,0.301372,0.307497,0.289007,0.319461,0.273449,0.608468,0.116119,3.46464,0.280002,,-0.00112321,0.0860016,-0.0321561,71.7347,-0.00112321,0.000712953,-0.03443715849425644,0.0007129529840312898,0.0000710222,999,,,,,,,-1,,-1,,,,,,,,,,,,,,,,,,,,"Slate Alford","sa3025895",695477
"Matt Suggs","WSN",0,1,1,0,0,0,0,0,0,0,0,0,0,0,0,0,,0,0,0.196499,0.0753662,0.314659,0.239517,0.266877,0.306455,0.256393,0.573333,0.109957,3.44299,0.275127,,-0.000910031,0.0721537,-0.046004,61.2429,-0.000910031,0.014259,-0.04684525524498895,0.01425904966890812,0.0000699856,999,,,,,,,-1,,-1,,,,,,,,,,,,,,,,,,,,"Matt Suggs","sa3020351",702110
"Ricardo Paez","MIN",0,1,1,0,0,0,0,0,0,0,0,0,0,0,0,0,,0,0,0.20537,0.082872,0.302151,0.274273,0.284603,0.312326,0.268274,0.596929,0.106956,5.20969,0.28663,,0.00112401,0.0817997,-0.036358,68.5898,0.00112401,0.00213886,-0.03589661559090018,0.002138857962563634,0.0000675893,999,,,,,,,-1,,-1,,,,,,,,,,,,,,,,,,,,"Ricardo Paez","sa3023961",821671
"DJ Stewart",,0,1,1,0,0,0,0,0,0,0,0,0,0,0,0,0,,0,0,0.204496,0.107379,0.276699,0.38807,0.302891,0.345268,0.290231,0.648158,0.140772,2.78768,0.260147,,-0.00121755,0.0996265,-0.0185312,82.5191,-0.00121755,-0.0106943,-0.021936091245152056,-0.010694287717342377,0.0000654662,999,,,,,,,-1,,-1,,,,,,,,,,,,,,,,,,,,"DJ Stewart","17766",621466
"Gilberto Celestino","TEX",0,1,1,0,0,0,0,0,0,0,0,0,0,0,0,0,,0,0,0.227009,0.091581,0.236487,0.387256,0.302387,0.324802,0.28098,0.62719,0.0977933,4.27101,0.289527,,0.000138815,0.0921162,-0.0260415,81.3669,0.000138815,-0.0106943,-0.021945307758869603,-0.010694287717342377,0.0000645232,999,,,,,,,-1,,-1,,,,,,,,,,,,,,,,,,,,"Gilberto Celestino","20233",665482
"Nick Lorusso","NYM",0,1,1,0,0,0,0,0,0,0,0,0,0,0,0,0,,0,0,0.209996,0.0777623,0.27336,0.284468,0.276047,0.330745,0.26893,0.606792,0.120749,3.3685,0.273346,,-0.00153525,0.0823322,-0.0358255,73.1118,-0.00153525,0.000712953,-0.033403355279006064,0.0007129529840312898,0.000059325,999,,,,,,,-1,,-1,,,,,,,,,,,,,,,,,,,,"Nick Lorusso","sa3022810",700681
"Sebastián Rivero","LAA",2,6,6,1,1,0,0,0,1,1,0,0,2,0,0,0,,0,0,0.214009,0.0439804,0.241474,0.182133,0.255705,0.32772,0.255768,0.583425,0.113711,3.24906,0.264501,-0.0039534,-0.00877653,0.458535,-0.297675,59.5546,-0.0127299,-0.0268894,-0.317815194837749,0.09811059013009071,0.0000586258,999,,,,,,,-0.4,-0.2,-0.4,-0.2,,,,,,,,,,,,,,,,,,,"Sebastian Rivero","21735",665861
"Jacob Gonzalez","CHW",0,1,1,0,0,0,0,0,0,0,0,0,0,0,0,0,,0,0,0.219143,0.0660708,0.190715,0.346437,0.277064,0.325359,0.267013,0.602423,0.106216,3.79152,0.256452,,-0.000330795,0.0807756,-0.0373822,68.2216,-0.000330795,0.00393692,-0.0377853891113773,0.003936924040317535,0.000058309,999,,,,,,,-1,,-1,,,,,,,,,,,,,,,,,,,,"Jacob Gonzalez","sa3022498",694378
"John Bay","NYM",0,1,1,0,0,0,0,0,0,0,0,0,0,0,0,0,,0,0,0.205578,0.0887819,0.316884,0.280172,0.293044,0.33594,0.281355,0.628983,0.130361,5.0294,0.287344,,-0.000259094,0.0924202,-0.0257375,81.6234,-0.000259094,-0.0106943,-0.02203919706516899,-0.010694287717342377,0.0000549171,999,,,,,,,-1,,-1,,,,,,,,,,,,,,,,,,,,"John Bay","sa3069004",700083
"Eddie Rosario",,0,1,1,0,0,0,0,0,0,0,0,0,0,0,0,0,,0,0,0.226515,0.0676743,0.247284,0.273671,0.279576,0.374523,0.285007,0.654099,0.148008,4.76588,0.275064,,-0.000178931,0.0953851,-0.0227726,81.5786,-0.000178931,-0.0107217,-0.022012160945450887,-0.010721664875745773,0.0000548823,999,,,,,,,-1,,-1,,,,,,,,,,,,,,,,,,,,"Eddie Rosario","12155",592696
"Carson Taylor","SEA",0,1,1,0,0,0,0,0,0,0,0,0,0,0,0,0,,0,0,0.218883,0.0982379,0.258643,0.37982,0.300072,0.339637,0.285168,0.639709,0.120754,2.81172,0.280143,,-0.00134964,0.0955164,-0.0226414,87.5171,-0.00134964,-0.0178238,-0.016062206705100834,-0.01782381348311901,0.0000544665,999,,,,,,,-1,,-1,,,,,,,,,,,,,,,,,,,,"Carson Taylor","sa3014468",694930
"Frank Rodriguez","LAD",0,1,1,0,0,0,0,0,0,0,0,0,0,0,0,0,,0,0,0.202375,0.0649915,0.267705,0.242773,0.261819,0.315364,0.256018,0.577182,0.112988,2.50966,0.259443,,-0.00135784,0.0718486,-0.0463091,61.4746,-0.00135784,0.014259,-0.04701845988165587,0.01425904966890812,0.0000522647,999,,,,,,,-1,,-1,,,,,,,,,,,,,,,,,,,,"Frank Rodriguez","sa3009330",684491
"Emaarion Boyd","MIA",0,1,1,0,0,0,0,0,0,0,0,0,0,0,0,0,,0,0,0.22409,0.0528904,0.232226,0.227754,0.285903,0.315382,0.268645,0.601285,0.0912925,6.98251,0.286176,,0.00267033,0.082101,-0.0360567,68.2746,0.00267033,0.00213886,-0.03493078937754035,0.002138857962563634,0.0000489374,999,,,,,,,-1,,-1,,,,,,,,,,,,,,,,,,,,"Emaarion Boyd","sa3020281",702708
"David Mershon","LAA",0,1,1,0,0,0,0,0,0,0,0,0,0,0,0,0,,0,0,0.197916,0.102078,0.291804,0.349819,0.283145,0.291114,0.260434,0.574259,0.0931988,5.43961,0.27563,,0.00266922,0.0754344,-0.0427233,62.7689,0.00266922,0.0072165,-0.041211916133761406,0.007216504774987698,0.0000432746,999,,,,,,,-1,,-1,,,,,,,,,,,,,,,,,,,,"David Mershon","sa3025335",702574
"Pascanel Ferreras","HOU",0,1,1,0,0,0,0,0,0,0,0,0,0,0,0,0,,0,0,0.20772,0.0702716,0.296578,0.236942,0.27259,0.318946,0.262937,0.591536,0.111227,4.85123,0.285665,,-0.00210642,0.0774662,-0.0406915,66.2463,-0.00210642,0.00784248,-0.04188911337405443,0.007842478342354298,0.0000380335,999,,,,,,,-1,,-1,,,,,,,,,,,,,,,,,,,,"Pascanel Ferreras","sa3022702",814299
"Alex Mooney","CLE",0,1,1,0,0,0,0,0,0,0,0,0,0,0,0,0,,0,0,0.196336,0.077031,0.294665,0.261419,0.270233,0.296257,0.254919,0.56649,0.0999212,5.5117,0.27116,,0.0036705,0.0709571,-0.0472006,61.3328,0.0036705,0.00784248,-0.041903284611180425,0.007842478342354298,0.0000365839,999,,,,,,,-1,,-1,,,,,,,,,,,,,,,,,,,,"Alex Mooney","sa3023070",695612
"David García","MIL",0,1,1,0,0,0,0,0,0,0,0,0,0,0,0,0,,0,0,0.193073,0.0946278,0.288701,0.327771,0.283783,0.272417,0.255492,0.5562,0.0793446,2.41876,0.271069,,-0.0014189,0.071422,-0.0467357,61.3601,-0.0014189,0.014259,-0.047215236467309296,0.01425904966890812,0.000032132,999,,,,,,,-1,,-1,,,,,,,,,,,,,,,,,,,,"David Garcia","sa3003197",671272
"Eduardo Guerrero","LAD",0,1,1,0,0,0,0,0,0,0,0,0,0,0,0,0,,0,0,0.19838,0.105671,0.247961,0.426158,0.289229,0.293442,0.264916,0.582671,0.0950619,3.6933,0.256357,,-0.00240041,0.0790737,-0.039084,67.5706,-0.00240041,0.00784248,-0.040835976134985685,0.007842478342354298,0.0000283145,999,,,,,,,-1,,-1,,,,,,,,,,,,,,,,,,,,"Eduardo Guerrero","sa3018536",800370
"Nick Dunn",,0,1,1,0,0,0,0,0,0,0,0,0,0,0,0,0,,0,0,0.231421,0.0792492,0.148912,0.532188,0.296686,0.318722,0.275124,0.615407,0.0873008,2.55476,0.262908,,-0.00248837,0.0873614,-0.0307963,72.4436,-0.00248837,0.00213886,-0.03514843573793769,0.002138857962563634,0.0000266695,999,,,,,,,-1,,-1,,,,,,,,,,,,,,,,,,,,"Nick Dunn","sa915613",680709
"Justin Wishkoski",,0,1,1,0,0,0,0,0,0,0,0,0,0,0,0,0,,0,0,0.215476,0.0627808,0.238889,0.262803,0.283603,0.310641,0.266547,0.594244,0.0951648,4.58744,0.274235,,0.00115135,0.0803978,-0.0377599,70.572,0.00115135,0.000712953,-0.033726898953318596,0.0007129529840312898,0.0000262223,999,,,,,,,-1,,-1,,,,,,,,,,,,,,,,,,,,"Justin Wishkoski","sa3022686",801076
"Jesus Fernandez","ATH",0,1,1,0,0,0,0,0,0,0,0,0,0,0,0,0,,0,0,0.224958,0.0506155,0.196394,0.257724,0.267084,0.330705,0.262526,0.597789,0.105748,3.60905,0.264205,,-0.000124565,0.0771327,-0.041025,65.0499,-0.000124565,0.00784248,-0.041432449797866866,0.007842478342354298,0.0000260218,999,,,,,,,-1,,-1,,,,,,,,,,,,,,,,,,,,"Jesus Fernandez","sa3021123",807967
"Vincent Perozo","NYM",0,1,1,0,0,0,0,0,0,0,0,0,0,0,0,0,,0,0,0.197465,0.0585406,0.307853,0.190158,0.263804,0.3025,0.253392,0.566304,0.105035,3.34693,0.275839,,-0.00280691,0.0697171,-0.0484407,62.468,-0.00280691,0.014259,-0.04729015054181218,0.01425904966890812,0.0000244672,999,,,,,,,-1,,-1,,,,,,,,,,,,,,,,,,,,"Vincent Perozo","sa3015188",691710
"William Lugo","PIT",0,1,1,0,0,0,0,0,0,0,0,0,0,0,0,0,,0,0,0.197456,0.0820874,0.289889,0.283168,0.269892,0.310792,0.25958,0.580683,0.113335,2.3235,0.262834,,-0.00144026,0.0747408,-0.0434169,66.7067,-0.00144026,0.00784248,-0.04089975415263325,0.007842478342354298,0.0000217892,999,,,,,,,-1,,-1,,,,,,,,,,,,,,,,,,,,"William Lugo","sa3010876",683493
"Nick Martini",,0,1,1,0,0,0,0,0,0,0,0,0,0,0,0,0,,0,0,0.21815,0.0895603,0.232486,0.385228,0.302185,0.344009,0.288416,0.646194,0.125858,2.76504,0.267729,,-0.0023024,0.098153,-0.0200048,82.8349,-0.0023024,-0.0110707,-0.022590012289583683,-0.011070726439356804,0.0000187816,999,,,,,,,-1,,-1,,,,,,,,,,,,,,,,,,,,"Nick Martini","12005",605361
"Spencer Bramwell","MIA",0,1,1,0,0,0,0,0,0,0,0,0,0,0,0,0,,0,0,0.202172,0.0631251,0.357659,0.176495,0.256303,0.329889,0.257584,0.586192,0.127716,4.70449,0.298117,,-0.000770822,0.0731206,-0.0450371,60.6975,-0.000770822,0.014259,-0.04735238495049998,0.01425904966890812,0.0000181001,999,,,,,,,-1,,-1,,,,,,,,,,,,,,,,,,,,"Spencer Bramwell","sa3020000",695426
"Alex Lodise","ATL",0,1,1,0,0,0,0,0,0,0,0,0,0,0,0,0,,0,0,0.207752,0.0616998,0.342523,0.180133,0.262833,0.32949,0.26094,0.592324,0.121738,4.38379,0.301664,,-0.000859555,0.0758452,-0.0423125,63.8665,-0.000859555,0.0104961,-0.043685197830200195,0.010496087372303009,0.0000083011,999,,,,,,,-1,,-1,,,,,,,,,,,,,,,,,,,,"Alex Lodise","sa3036445",822676
"Delino DeShields",,0,1,1,0,0,0,0,0,0,0,0,0,0,0,0,0,,0,0,0.210275,0.103307,0.267473,0.386234,0.298079,0.29362,0.2693,0.591699,0.0833455,4.36036,0.285759,,0.0000193689,0.0826327,-0.035525,70.0844,0.0000193689,0.00213886,-0.03543686013108527,0.002138857962563634,-0.00000284022,999,,,,,,,-1,,-1,,,,,,,,,,,,,,,,,,,,"Delino DeShields","11379",592261
"Max Burt","DET",0,1,1,0,0,0,0,0,0,0,0,0,0,0,0,0,,0,0,0.201631,0.0582212,0.311225,0.187071,0.25885,0.318143,0.255287,0.576993,0.116512,5.75051,0.27788,,0.00302925,0.0712556,-0.0469021,61.5297,0.00302925,0.00784248,-0.042312429286539555,0.007842478342354298,-0.0000052769,999,,,,,,,-1,,-1,,,,,,,,,,,,,,,,,,,,"Max Burt","sa3007631",661733
"Raynel Delgado","TBR",0,1,1,0,0,0,0,0,0,0,0,0,0,0,0,0,,0,0,0.220292,0.0764174,0.249911,0.305779,0.286975,0.312135,0.268041,0.59911,0.0918423,5.74441,0.287778,,0.000733499,0.0816109,-0.0365468,68.3053,0.000733499,0.00213886,-0.03662243043072522,0.002138857962563634,-0.00000667045,999,,,,,,,-1,,-1,,,,,,,,,,,,,,,,,,,,"Raynel Delgado","sa3007288",669384
"Nelly Taylor","BOS",0,1,1,0,0,0,0,0,0,0,0,0,0,0,0,0,,0,0,0.202248,0.105396,0.304667,0.345938,0.288287,0.316816,0.271608,0.605103,0.114568,5.3277,0.285309,,-0.000078457,0.084507,-0.0336508,67.4486,-0.000078457,0.00393692,-0.038444085548690055,0.003936924040317535,-0.0000090839,999,,,,,,,-1,,-1,,,,,,,,,,,,,,,,,,,,"Nelly Taylor","sa3023426",807511
"Caden Kendle","MIN",0,1,1,0,0,0,0,0,0,0,0,0,0,0,0,0,,0,0,0.217003,0.0600967,0.254012,0.23659,0.275442,0.334205,0.269463,0.609647,0.117202,4.25371,0.276281,,-0.00059707,0.0827654,-0.0353923,69.4091,-0.00059707,0.00213886,-0.036651979375164956,0.002138857962563634,-0.00000969392,999,,,,,,,-1,,-1,,,,,,,,,,,,,,,,,,,,"Caden Kendle","sa3025262",814522
"Jesus Pinto","DET",0,1,1,0,0,0,0,0,0,0,0,0,0,0,0,0,,0,0,0.217333,0.0560462,0.269565,0.207914,0.266413,0.342858,0.26716,0.609271,0.125525,4.76927,0.276381,,0.000652573,0.0808956,-0.0372621,68.3299,0.000652573,0.00213886,-0.03667435148963705,0.002138857962563634,-0.0000119827,999,,,,,,,-1,,-1,,,,,,,,,,,,,,,,,,,,"Jesus Pinto","sa3023973",821765
"Joendry Vargas","LAD",0,1,1,0,0,0,0,0,0,0,0,0,0,0,0,0,,0,0,0.205251,0.0601904,0.317378,0.189649,0.259396,0.342494,0.26383,0.60189,0.137244,5.77225,0.276676,,0.00198654,0.0781915,-0.0399662,66.8263,0.00198654,0.00393692,-0.03733118693344295,0.003936924040317535,-0.0000126889,999,,,,,,,-1,,-1,,,,,,,,,,,,,,,,,,,,"Joendry Vargas","sa3021067",806959
"Ricardo Hurtado","DET",0,1,1,0,0,0,0,0,0,0,0,0,0,0,0,0,,0,0,0.197477,0.0622492,0.326424,0.1907,0.259781,0.312613,0.254447,0.572394,0.115136,2.41083,0.277918,,-0.00115368,0.0705733,-0.0475844,59.5719,-0.00115368,0.014259,-0.04880293214228004,0.01425904966890812,-0.000012841,999,,,,,,,-1,,-1,,,,,,,,,,,,,,,,,,,,"Ricardo Hurtado","sa3019200",691452
"Everett Cooper III","WSN",0,1,1,0,0,0,0,0,0,0,0,0,0,0,0,0,,0,0,0.217218,0.0814082,0.219382,0.37108,0.287396,0.312775,0.268848,0.600171,0.0955565,4.3557,0.269129,,0.000265671,0.082266,-0.0358917,69.775,0.000265671,0.00213886,-0.035557208611862734,0.002138857962563634,-0.0000151534,999,,,,,,,-1,,-1,,,,,,,,,,,,,,,,,,,,"Everett Cooper III","sa3020218",702686
"Will Banfield","CIN",2,6,6,1,1,0,0,0,1,1,0,0,2,0,0,0,,0,0,0.216489,0.0427555,0.284192,0.150446,0.254507,0.343956,0.260582,0.598463,0.127468,2.86473,0.281523,-0.00166244,-0.00735928,0.483549,-0.27266,59.2121,-0.00902172,-0.0196728,-0.31841134559363127,0.10532722063362598,-0.0000158141,999,,,,,,,-0.4,-0.2,-0.4,-0.2,,,,,,,,,,,,,,,,,,,"Will Banfield","23790",677943
"Nathan Flewelling","TBR",0,1,1,0,0,0,0,0,0,0,0,0,0,0,0,0,,0,0,0.194875,0.12311,0.332477,0.370282,0.298936,0.312183,0.27728,0.611119,0.117308,2.59643,0.285642,,-0.00209628,0.0891115,-0.0290462,74.6692,-0.00209628,-0.00262224,-0.03195154736749828,-0.0026222390588372946,-0.0000159006,999,,,,,,,-1,,-1,,,,,,,,,,,,,,,,,,,,"Nathan Flewelling","sa3067041",807083
"Nick Monistere","HOU",0,1,1,0,0,0,0,0,0,0,0,0,0,0,0,0,,0,0,0.204168,0.0665212,0.28879,0.230344,0.265935,0.318632,0.25948,0.584567,0.114464,4.32257,0.270911,,0.000170825,0.0746598,-0.0434979,63.8652,0.000170825,0.00784248,-0.0424182475253474,0.007842478342354298,-0.0000161036,999,,,,,,,-1,,-1,,,,,,,,,,,,,,,,,,,,"Nick Monistere","sa3038233",823809
"Thomas Sosa","BAL",0,1,1,0,0,0,0,0,0,0,0,0,0,0,0,0,,0,0,0.21553,0.0653067,0.300848,0.217075,0.272247,0.354072,0.274426,0.626319,0.138542,4.58965,0.287623,,-0.0025637,0.0867947,-0.031363,75.0301,-0.0025637,-0.00262224,-0.031993632670491934,-0.0026222390588372946,-0.0000202065,999,,,,,,,-1,,-1,,,,,,,,,,,,,,,,,,,,"Thomas Sosa","sa3018566",800449
"Jake Rucker","MIN",0,1,1,0,0,0,0,0,0,0,0,0,0,0,0,0,,0,0,0.224544,0.0636075,0.218904,0.290573,0.28187,0.33528,0.272779,0.617151,0.110736,3.60178,0.274661,,-0.00339417,0.0854572,-0.0327005,71.693,-0.00339417,0.00213886,-0.03675728873349726,0.002138857962563634,-0.0000204681,999,,,,,,,-1,,-1,,,,,,,,,,,,,,,,,,,,"Jake Rucker","sa3017757",696160
"Lizandro Rodriguez",,0,1,1,0,0,0,0,0,0,0,0,0,0,0,0,0,,0,0,0.208224,0.0712054,0.25357,0.280811,0.271291,0.31781,0.261691,0.589101,0.109587,5.14596,0.266726,,-0.00171253,0.0764553,-0.0417024,65.4169,-0.00171253,0.00784248,-0.042472770204767585,0.007842478342354298,-0.0000216819,999,,,,,,,-1,,-1,,,,,,,,,,,,,,,,,,,,"Lizandro Rodriguez","sa3016094",691497
"Kevin Bazzell","WSN",0,1,1,0,0,0,0,0,0,0,0,0,0,0,0,0,,0,0,0.219714,0.0660484,0.189141,0.349201,0.285661,0.302816,0.264548,0.588477,0.083102,2.29527,0.263129,,-0.00139805,0.0787742,-0.0393835,66.8288,-0.00139805,0.0072165,-0.040712777990847826,0.007216504774987698,-0.0000231256,999,,,,,,,-1,,-1,,,,,,,,,,,,,,,,,,,,"Kevin Bazzell","sa3025511",695494
"Daiverson Gutierrez","NYM",0,1,1,0,0,0,0,0,0,0,0,0,0,0,0,0,,0,0,0.208898,0.0788125,0.23257,0.338877,0.282714,0.305388,0.264599,0.588102,0.0964898,2.06721,0.260596,,-0.00207513,0.0788156,-0.0393421,70.1447,-0.00207513,0.00393692,-0.03745979047380388,0.003936924040317535,-0.0000258464,999,,,,,,,-1,,-1,,,,,,,,,,,,,,,,,,,,"Daiverson Gutierrez","sa3021086",806987
"Will Simpson","TBR",0,1,1,0,0,0,0,0,0,0,0,0,0,0,0,0,,0,0,0.213188,0.0747418,0.287594,0.259887,0.27254,0.34929,0.272977,0.62183,0.136101,2.63363,0.278554,,-0.0019808,0.0856179,-0.0325398,71.7051,-0.0019808,0.000657342,-0.03532969579100609,0.0006573420250788331,-0.0000259851,999,,,,,,,-1,,-1,,,,,,,,,,,,,,,,,,,,"Will Simpson","sa3022530",687310
"Tucker Mitchell","TEX",0,1,1,0,0,0,0,0,0,0,0,0,0,0,0,0,,0,0,0.201618,0.0526748,0.293314,0.179585,0.256535,0.31244,0.252216,0.568975,0.110821,2.79991,0.267221,,-0.0014285,0.068762,-0.0493957,59.6913,-0.0014285,0.014259,-0.04893703164998442,0.01425904966890812,-0.0000265612,999,,,,,,,-1,,-1,,,,,,,,,,,,,,,,,,,,"Tucker Mitchell","sa3017511",688367
"Jude Warwick","DET",0,1,1,0,0,0,0,0,0,0,0,0,0,0,0,0,,0,0,0.205076,0.0593339,0.287389,0.206459,0.270689,0.306372,0.258358,0.577061,0.101296,4.67463,0.276327,,0.00194496,0.0737485,-0.0444092,62.2659,0.00194496,0.00784248,-0.042529109166935086,0.007842478342354298,-0.0000274459,999,,,,,,,-1,,-1,,,,,,,,,,,,,,,,,,,,"Jude Warwick","sa3067338",827672
"Jacob Hurtubise","MIL",0,1,1,0,0,0,0,0,0,0,0,0,0,0,0,0,,0,0,0.218163,0.103888,0.21561,0.481833,0.327086,0.295173,0.287151,0.62226,0.0770106,6.46561,0.280687,,0.00360762,0.0971262,-0.0210315,77.4129,0.00360762,-0.0103794,-0.02316279779188335,-0.010379447601735592,-0.0000278293,999,,,,,,,-1,,-1,,,,,,,,,,,,,,,,,,,,"Jacob Hurtubise","27599",674441
"Casey Saucke","CHW",0,1,1,0,0,0,0,0,0,0,0,0,0,0,0,0,,0,0,0.216638,0.0715153,0.283293,0.252443,0.27745,0.337595,0.271713,0.615045,0.120957,3.87064,0.285123,,-0.00108902,0.0845915,-0.0335662,71.4592,-0.00108902,0,-0.03472768096253276,0,-0.000031646,999,,,,,,,-1,,-1,,,,,,,,,,,,,,,,,,,,"Casey Saucke","sa3025382",695565
"Esmil Valencia","MIA",0,1,1,0,0,0,0,0,0,0,0,0,0,0,0,0,,0,0,0.225224,0.0301234,0.284149,0.106013,0.255191,0.34115,0.259316,0.596341,0.115927,6.72083,0.296589,,0.00400037,0.0745264,-0.0436313,63.752,0.00400037,0.00393692,-0.03872211882844567,0.003936924040317535,-0.0000375303,999,,,,,,,-1,,-1,,,,,,,,,,,,,,,,,,,,"Esmil Valencia","sa3021082",806982
"Ryan Stafford","BAL",0,1,1,0,0,0,0,0,0,0,0,0,0,0,0,0,,0,0,0.196641,0.0819387,0.285609,0.286892,0.277115,0.287938,0.256204,0.565053,0.0912971,5.63019,0.272423,,0.00221417,0.072,-0.0461577,62.4775,0.00221417,0.0072165,-0.0420104234945029,0.007216504774987698,-0.0000384227,999,,,,,,,-1,,-1,,,,,,,,,,,,,,,,,,,,"Ryan Stafford","sa3025405",701696
"Maykel Minoso","TOR",0,1,1,0,0,0,0,0,0,0,0,0,0,0,0,0,,0,0,0.203376,0.072268,0.234077,0.308736,0.263197,0.303899,0.252473,0.567096,0.100523,3.17401,0.252436,,-0.000810785,0.0689705,-0.0491872,59.0664,-0.000810785,0.014259,-0.049055779294576496,0.01425904966890812,-0.0000387105,999,,,,,,,-1,,-1,,,,,,,,,,,,,,,,,,,,"Maykel Minoso","sa3018612",801460
"Maddux Houghton","MIN",0,1,1,0,0,0,0,0,0,0,0,0,0,0,0,0,,0,0,0.209039,0.062921,0.34201,0.183974,0.266582,0.334007,0.26464,0.600589,0.124968,6.14629,0.302802,,0.00301402,0.0788493,-0.0393084,66.0865,0.00301402,0.00213886,-0.03695698734372854,0.002138857962563634,-0.0000408998,999,,,,,,,-1,,-1,,,,,,,,,,,,,,,,,,,,"Maddux Houghton","sa3020716",806368
"Dervy Ventura","SEA",0,1,1,0,0,0,0,0,0,0,0,0,0,0,0,0,,0,0,0.195514,0.0956426,0.305833,0.312729,0.27157,0.291745,0.253905,0.563316,0.0962311,4.86725,0.27354,,0.00313084,0.0701334,-0.0480243,65.9808,0.00313084,0.00213886,-0.036964722676202655,0.002138857962563634,-0.0000416911,999,,,,,,,-1,,-1,,,,,,,,,,,,,,,,,,,,"Dervy Ventura","sa3019218",805319
"Dixon Machado",,0,1,1,0,0,0,0,0,0,0,0,0,0,0,0,0,,0,0,0.205691,0.0995333,0.213898,0.46533,0.291692,0.278008,0.26078,0.5697,0.0723167,2.59576,0.25707,,-0.00126695,0.0757154,-0.0424423,66.0202,-0.00126695,0.00784248,-0.04154004412703216,0.007842478342354298,-0.0000437205,999,,,,,,,-1,,-1,,,,,,,,,,,,,,,,,,,,"Dixon Machado","11472",553988
"E.J. Exposito","ATL",0,1,1,0,0,0,0,0,0,0,0,0,0,0,0,0,,0,0,0.211585,0.0603694,0.304157,0.198481,0.265197,0.350765,0.269648,0.615962,0.13918,4.44753,0.280325,,-0.0000820725,0.0829151,-0.0352426,69.8316,-0.0000820725,0.00213886,-0.035837814888509456,0.002138857962563634,-0.0000438627,999,,,,,,,-1,,-1,,,,,,,,,,,,,,,,,,,,"E.J. Exposito","sa3019900",802991
"Braden Barry","TOR",0,1,1,0,0,0,0,0,0,0,0,0,0,0,0,0,,0,0,0.205607,0.0753238,0.323062,0.233156,0.275898,0.316002,0.264269,0.5919,0.110395,5.36029,0.29483,,0.00166372,0.0785484,-0.0396093,67.1928,0.00166372,0.00213886,-0.037003381992690265,0.002138857962563634,-0.0000456466,999,,,,,,,-1,,-1,,,,,,,,,,,,,,,,,,,,"Braden Barry","sa3022659",802135
"Rainer Nunez",,0,1,1,0,0,0,0,0,0,0,0,0,0,0,0,0,,0,0,0.242878,0.0617211,0.246939,0.249945,0.29187,0.379396,0.292677,0.671266,0.136519,2.56667,0.301414,,-0.00144152,0.101613,-0.0165447,86.762,-0.00144152,-0.0178238,-0.01704400614835322,-0.01782381348311901,-0.0000459838,999,,,,,,,-1,,-1,,,,,,,,,,,,,,,,,,,,"Rainer Nunez","sa3005551",678742
"Tyler Dearden",,0,1,1,0,0,0,0,0,0,0,0,0,0,0,0,0,,0,0,0.228654,0.0783404,0.26392,0.296834,0.296473,0.350504,0.28634,0.646977,0.12185,2.70672,0.297324,,-0.0018691,0.0964676,-0.0216901,81.0348,-0.0018691,-0.0106943,-0.024221824016422033,-0.010694287717342377,-0.0000509246,999,,,,,,,-1,,-1,,,,,,,,,,,,,,,,,,,,"Tyler Dearden","sa3005103",676280
"Eric Hartman","ATL",0,1,1,0,0,0,0,0,0,0,0,0,0,0,0,0,,0,0,0.209398,0.0635175,0.301502,0.210671,0.271156,0.321707,0.263103,0.592863,0.112309,6.58338,0.288561,,0.00514204,0.077601,-0.0405567,65.3479,0.00514204,0.00213886,-0.03592785354703665,0.002138857962563634,-0.0000530748,999,,,,,,,-1,,-1,,,,,,,,,,,,,,,,,,,,"Eric Hartman","sa3067040",807080
"Eric Yang","CHC",0,1,1,0,0,0,0,0,0,0,0,0,0,0,0,0,,0,0,0.202667,0.084333,0.283285,0.297697,0.284018,0.296654,0.262941,0.580672,0.0939872,2.65823,0.276969,,-0.00162114,0.0774695,-0.0406882,60.8278,-0.00162114,0.014259,-0.0480482978746295,0.01425904966890812,-0.0000531007,999,,,,,,,-1,,-1,,,,,,,,,,,,,,,,,,,,"Eric Yang","27698",687066
"Ethan Petry","WSN",0,1,1,0,0,0,0,0,0,0,0,0,0,0,0,0,,0,0,0.216751,0.0794363,0.272004,0.292041,0.28484,0.337088,0.275772,0.621927,0.120337,3.51817,0.282524,,-0.000992197,0.0878876,-0.0302701,74.5181,-0.000992197,-0.00262224,-0.03119351516943425,-0.0026222390588372946,-0.0000558125,999,,,,,,,-1,,-1,,,,,,,,,,,,,,,,,,,,"Ethan Petry","sa3039828",701337
"Cooper Kinney","TBR",0,1,1,0,0,0,0,0,0,0,0,0,0,0,0,0,,0,0,0.223899,0.052325,0.281372,0.185964,0.267041,0.35767,0.272071,0.624711,0.133771,2.71964,0.29123,,-0.00156281,0.0848828,-0.0332749,71.0813,-0.00156281,0.000657342,-0.03564683813601732,0.0006573420250788331,-0.0000584328,999,,,,,,,-1,,-1,,,,,,,,,,,,,,,,,,,,"Cooper Kinney","sa3017793",695692
"Nathan Martorella","MIA",0,1,1,0,0,0,0,0,0,0,0,0,0,0,0,0,,0,0,0.213001,0.0859113,0.228198,0.376477,0.284374,0.344604,0.278435,0.628978,0.131603,2.39944,0.254087,,-0.00157225,0.0900499,-0.0281078,74.9814,-0.00157225,-0.00262224,-0.03122451831586659,-0.0026222390588372946,-0.0000589846,999,,,,,,,-1,,-1,,,,,,,,,,,,,,,,,,,,"Nathan Martorella","sa3019978",687210
"Trevor Austin","HOU",0,1,1,0,0,0,0,0,0,0,0,0,0,0,0,0,,0,0,0.206834,0.0777244,0.271135,0.286663,0.284424,0.30907,0.266993,0.593494,0.102237,4.29858,0.276547,,-0.000648112,0.0807594,-0.0373983,69.0404,-0.000648112,0.00213886,-0.037137642910238355,0.002138857962563634,-0.0000593831,999,,,,,,,-1,,-1,,,,,,,,,,,,,,,,,,,,"Trevor Austin","sa3025365",809338
"Raimundo De Los Santos","TOR",0,1,1,0,0,0,0,0,0,0,0,0,0,0,0,0,,0,0,0.207747,0.08517,0.292864,0.290818,0.275127,0.304561,0.259309,0.579688,0.0968133,4.61388,0.286224,,-0.000158148,0.0745213,-0.0436364,63.776,-0.000158148,0.00784248,-0.04285237440490164,0.007842478342354298,-0.0000605202,999,,,,,,,-1,,-1,,,,,,,,,,,,,,,,,,,,"Raimundo De Los Santos","sa3021202",808220
"Alex Binelas","PHI",0,1,1,0,0,0,0,0,0,0,0,0,0,0,0,0,,0,0,0.219009,0.0934529,0.314387,0.297255,0.294764,0.383023,0.2967,0.677787,0.164014,4.54334,0.294824,,-0.000905708,0.104879,-0.0132785,87.224,-0.000905708,-0.0178238,-0.01604795438470319,-0.01782381348311901,-0.0000615434,999,,,,,,,-1,,-1,,,,,,,,,,,,,,,,,,,,"Alex Binelas","sa3017044",681323
"Grant Magill","CHW",0,1,1,0,0,0,0,0,0,0,0,0,0,0,0,0,,0,0,0.20498,0.072841,0.289177,0.25189,0.267472,0.302495,0.254536,0.569967,0.0975148,2.91336,0.277775,,-0.00171721,0.0706457,-0.047512,59.6269,-0.00171721,0.014259,-0.04930164979305118,0.01425904966890812,-0.000063866,999,,,,,,,-1,,-1,,,,,,,,,,,,,,,,,,,,"Grant Magill","sa3067319",686944
"Tony Bullard","MIA",0,1,1,0,0,0,0,0,0,0,0,0,0,0,0,0,,0,0,0.21963,0.0590528,0.261906,0.225473,0.275122,0.343432,0.272309,0.618554,0.123801,4.26943,0.279713,,6.76425e-7,0.0850755,-0.0330822,70.7843,6.76425e-7,0.000712953,-0.03462594532811636,0.0007129529840312898,-0.0000657612,999,,,,,,,-1,,-1,,,,,,,,,,,,,,,,,,,,"Tony Bullard","sa3022556",669233
"Drew Romo","CHW",0,1,1,0,0,0,0,0,0,0,0,0,0,0,0,0,,0,0,0.225688,0.0476993,0.238534,0.199969,0.268235,0.340598,0.266699,0.608833,0.11491,3.49398,0.27922,,-0.00139963,0.0805214,-0.0376364,68.0059,-0.00139963,0.00404041,-0.03910841292236,0.004040414001792669,-0.0000664646,999,,,,,,,-1,,-1,,,,,,,,,,,,,,,,,,,,"Drew Romo","27763",691011
"Roiner Quintana","HOU",0,1,1,0,0,0,0,0,0,0,0,0,0,0,0,0,,0,0,0.210168,0.0798627,0.272205,0.293392,0.28073,0.31864,0.267513,0.59937,0.108472,4.44291,0.278118,,-0.00121589,0.0811821,-0.0369756,69.3991,-0.00121589,0.00213886,-0.037282652920112014,0.002138857962563634,-0.0000742196,999,,,,,,,-1,,-1,,,,,,,,,,,,,,,,,,,,"Roiner Quintana","sa3019510",805452
"Logan Wagner","LAD",0,1,1,0,0,0,0,0,0,0,0,0,0,0,0,0,,0,0,0.192764,0.0976283,0.318168,0.306845,0.282986,0.327915,0.273642,0.610901,0.13515,4.00597,0.263932,,-0.000116171,0.0861581,-0.0319996,73.5479,-0.000116171,-0.00262224,-0.03146733484027209,-0.0026222390588372946,-0.0000838279,999,,,,,,,-1,,-1,,,,,,,,,,,,,,,,,,,,"Logan Wagner","sa3019932",702488
"Braylen Wimmer","COL",0,1,1,0,0,0,0,0,0,0,0,0,0,0,0,0,,0,0,0.238631,0.0473972,0.260399,0.182018,0.284345,0.359028,0.281773,0.643373,0.120397,5.29814,0.306913,,0.00350388,0.09276,-0.0253977,64.9561,0.00350388,0.00393692,-0.03803037013858557,0.003936924040317535,-0.0000842239,999,,,,,,,-1,,-1,,,,,,,,,,,,,,,,,,,,"Braylen Wimmer","sa3022671",687918
"Walker Janek","HOU",0,1,1,0,0,0,0,0,0,0,0,0,0,0,0,0,,0,0,0.207768,0.0505616,0.305552,0.165476,0.25678,0.326513,0.256466,0.583292,0.118745,5.5556,0.282957,,0.00255442,0.0722124,-0.0459453,61.7886,0.00255442,0.0072165,-0.042482124641537666,0.007216504774987698,-0.000086684,999,,,,,,,-1,,-1,,,,,,,,,,,,,,,,,,,,"Walker Janek","sa3025254",801075
"Edgleen Perez","PIT",0,1,1,0,0,0,0,0,0,0,0,0,0,0,0,0,,0,0,0.195554,0.114779,0.258537,0.443957,0.296273,0.266366,0.260666,0.562639,0.0708116,2.00451,0.264671,,-0.00154235,0.0756231,-0.0425346,65.2354,-0.00154235,0.0072165,-0.04251650080550462,0.007216504774987698,-0.0000902009,999,,,,,,,-1,,-1,,,,,,,,,,,,,,,,,,,,"Edgleen Perez","sa3021330",814297
"Jose Ortiz","SFG",0,1,1,0,0,0,0,0,0,0,0,0,0,0,0,0,,0,0,0.209006,0.0616386,0.280451,0.219784,0.282252,0.304335,0.264346,0.586587,0.095329,4.29061,0.28358,,0.00034884,0.0786103,-0.0395474,69.0638,0.00034884,0.00213886,-0.036316957499366254,0.002138857962563634,-0.0000928851,999,,,,,,,-1,,-1,,,,,,,,,,,,,,,,,,,,"Jose Ortiz","sa3022693",806176
"Mikey Kane",,0,1,1,0,0,0,0,0,0,0,0,0,0,0,0,0,,0,0,0.216865,0.0797714,0.229027,0.348306,0.288283,0.315067,0.270396,0.60335,0.0982015,2.45407,0.269954,,-0.00133882,0.0835229,-0.0346348,70.5526,-0.00133882,0.000712953,-0.036046048044227064,0.0007129529840312898,-0.0000935873,999,,,,,,,-1,,-1,,,,,,,,,,,,,,,,,,,,"Mikey Kane","sa3022930",815097
"Bobby Blandford","ATH",0,1,1,0,0,0,0,0,0,0,0,0,0,0,0,0,,0,0,0.201456,0.0865333,0.313936,0.27564,0.280691,0.323222,0.26993,0.603914,0.121767,3.74256,0.280215,,-0.001614,0.0831444,-0.0350133,70.1364,-0.001614,0.00213886,-0.036910121445544064,0.002138857962563634,-0.0000948391,999,,,,,,,-1,,-1,,,,,,,,,,,,,,,,,,,,"Bobby Blandford","sa3069067",701520
"Jonathan Martinez","CLE",0,1,1,0,0,0,0,0,0,0,0,0,0,0,0,0,,0,0,0.207046,0.0768296,0.280723,0.273685,0.274409,0.310828,0.261251,0.585237,0.103783,5.78086,0.278902,,0.00293296,0.0760979,-0.0420598,65.6945,0.00293296,0.00213886,-0.03750002128072083,0.002138857962563634,-0.000096459,999,,,,,,,-1,,-1,,,,,,,,,,,,,,,,,,,,"Jonathan Martinez","sa3021197",808159
"Hyungchan Um","KCR",0,1,1,0,0,0,0,0,0,0,0,0,0,0,0,0,,0,0,0.205248,0.0674152,0.263321,0.256019,0.268297,0.309044,0.257487,0.57734,0.103796,2.06512,0.265651,,-0.00122071,0.0730414,-0.0451163,58.9,-0.00122071,0.014259,-0.04966189886908978,0.01425904966890812,-0.000100724,999,,,,,,,-1,,-1,,,,,,,,,,,,,,,,,,,,"Hyungchan Um","sa3021585",805870
"Travis Blankenhorn",,0,1,1,0,0,0,0,0,0,0,0,0,0,0,0,0,,0,0,0.210007,0.0736901,0.294041,0.250612,0.277828,0.377103,0.28636,0.65493,0.167095,2.71382,0.264455,,-0.00188799,0.0964841,-0.0216736,80.6286,-0.00188799,-0.0106943,-0.024719441775232553,-0.010694287717342377,-0.000101837,999,,,,,,,-1,,-1,,,,,,,,,,,,,,,,,,,,"Travis Blankenhorn","18395",663905
"Jay Harry","TOR",0,1,1,0,0,0,0,0,0,0,0,0,0,0,0,0,,0,0,0.209114,0.0634062,0.246803,0.25691,0.268167,0.320446,0.260953,0.588613,0.111332,3.39328,0.262947,,-0.00189696,0.0758558,-0.0423019,64.9083,-0.00189696,0.00784248,-0.043256665114313364,0.007842478342354298,-0.000101884,999,,,,,,,-1,,-1,,,,,,,,,,,,,,,,,,,,"Jay Harry","sa3022607",803385
"Hudson White","BOS",0,1,1,0,0,0,0,0,0,0,0,0,0,0,0,0,,0,0,0.206974,0.068251,0.283045,0.241131,0.269899,0.311803,0.259024,0.581703,0.104829,3.30453,0.278494,,-0.00113047,0.0742897,-0.043868,58.7797,-0.00113047,0.014259,-0.04971338401082903,0.01425904966890812,-0.000105992,999,,,,,,,-1,,-1,,,,,,,,,,,,,,,,,,,,"Hudson White","sa3025357",695742
"Luis Baez","HOU",0,1,1,0,0,0,0,0,0,0,0,0,0,0,0,0,,0,0,0.216936,0.0577476,0.294943,0.195792,0.263764,0.351393,0.268489,0.615157,0.134457,3.57782,0.285726,,-0.000847962,0.0819746,-0.0361832,70.0714,-0.000847962,0.000657342,-0.03612231457373127,0.0006573420250788331,-0.00010708,999,,,,,,,-1,,-1,,,,,,,,,,,,,,,,,,,,"Luis Baez","sa3018482",800232
"Fernando Caldera","HOU",0,1,1,0,0,0,0,0,0,0,0,0,0,0,0,0,,0,0,0.190111,0.0777679,0.359845,0.216115,0.261052,0.303596,0.252468,0.564649,0.113485,3.39391,0.28503,,-0.00144985,0.0689669,-0.0491908,59.0351,-0.00144985,0.014259,-0.04973180894739926,0.01425904966890812,-0.000107877,999,,,,,,,-1,,-1,,,,,,,,,,,,,,,,,,,,"Fernando Caldera","sa3015547",691464
"Franyerber Montilla","DET",0,1,1,0,0,0,0,0,0,0,0,0,0,0,0,0,,0,0,0.203738,0.0828039,0.302604,0.273638,0.274395,0.312252,0.262025,0.586647,0.108514,5.24423,0.282133,,0.00205708,0.0767264,-0.0414313,64.7925,0.00205708,0.00393692,-0.03943906840868294,0.003936924040317535,-0.000110883,999,,,,,,,-1,,-1,,,,,,,,,,,,,,,,,,,,"Franyerber Montilla","sa3018580",800508
"Kevin Kilpatrick Jr.","ATL",0,1,1,0,0,0,0,0,0,0,0,0,0,0,0,0,,0,0,0.209477,0.0678644,0.2926,0.231935,0.271235,0.297684,0.254545,0.568919,0.0882067,6.44691,0.292684,,0.00311833,0.0706532,-0.0475045,59.4858,0.00311833,0.0104961,-0.044899331871420145,0.010496087372303009,-0.00011592,999,,,,,,,-1,,-1,,,,,,,,,,,,,,,,,,,,"Kevin Kilpatrick Jr.","sa3019891",687201
"Bobby Boser","ATH",0,1,1,0,0,0,0,0,0,0,0,0,0,0,0,0,,0,0,0.193769,0.0889495,0.316575,0.280975,0.281412,0.298347,0.262733,0.579758,0.104578,3.18334,0.277144,,-0.0016921,0.0773008,-0.0408569,65.1922,-0.0016921,0.00784248,-0.04283183382358402,0.007842478342354298,-0.000117152,999,,,,,,,-1,,-1,,,,,,,,,,,,,,,,,,,,"Bobby Boser","sa3027420",804119
"Casey Opitz","CHC",0,1,1,0,0,0,0,0,0,0,0,0,0,0,0,0,,0,0,0.188358,0.0877326,0.329909,0.265929,0.26468,0.294931,0.251707,0.559611,0.106573,3.19374,0.269296,,-0.00109411,0.0683491,-0.0498086,59.805,-0.00109411,0.014259,-0.04873354744631797,0.01425904966890812,-0.00012321,999,,,,,,,-1,,-1,,,,,,,,,,,,,,,,,,,,"Casey Opitz","sa3017509",676053
"Keith Jones II","TEX",0,1,1,0,0,0,0,0,0,0,0,0,0,0,0,0,,0,0,0.209522,0.0996341,0.303787,0.327973,0.293068,0.335096,0.280348,0.628164,0.125575,4.54523,0.288038,,-0.000275588,0.0916025,-0.0265552,79.0703,-0.000275588,-0.0106943,-0.024943628231994808,-0.010694287717342377,-0.000124774,999,,,,,,,-1,,-1,,,,,,,,,,,,,,,,,,,,"Keith Jones II","sa3025629",695069
"Ike Irish","BAL",0,1,1,0,0,0,0,0,0,0,0,0,0,0,0,0,,0,0,0.215258,0.0681549,0.276014,0.246925,0.275222,0.337095,0.27038,0.612317,0.121837,3.93797,0.279982,,-0.000340581,0.08351,-0.0346477,72.2432,-0.000340581,-0.00262224,-0.03305523088783957,-0.0026222390588372946,-0.000128821,999,,,,,,,-1,,-1,,,,,,,,,,,,,,,,,,,,"Ike Irish","sa3034445",702610
"Jonah Cox","SFG",0,1,1,0,0,0,0,0,0,0,0,0,0,0,0,0,,0,0,0.212959,0.0604137,0.292343,0.206653,0.267787,0.304537,0.254195,0.572324,0.0915782,8.16299,0.298728,,0.00643267,0.0703691,-0.0477886,62.1104,0.00643267,0.00393692,-0.03847437258809805,0.003936924040317535,-0.000129651,999,,,,,,,-1,,-1,,,,,,,,,,,,,,,,,,,,"Jonah Cox","sa3022541",813841
"Luis Marquez","TEX",0,1,1,0,0,0,0,0,0,0,0,0,0,0,0,0,,0,0,0.213602,0.0562389,0.268344,0.209578,0.263636,0.326519,0.260055,0.590155,0.112918,2.31413,0.275088,,-0.00242028,0.0751263,-0.0430314,65.0911,-0.00242028,0.00784248,-0.043564505176618695,0.007842478342354298,-0.00013338,999,,,,,,,-1,,-1,,,,,,,,,,,,,,,,,,,,"Luis Marquez","sa3019498",805058
"Will Taylor","PIT",0,1,1,0,0,0,0,0,0,0,0,0,0,0,0,0,,0,0,0.207926,0.078888,0.301953,0.261259,0.282524,0.326595,0.271712,0.609119,0.118669,4.63801,0.285804,,-0.000985286,0.0845909,-0.0335668,69.833,-0.000985286,0.00213886,-0.03673944086767733,0.002138857962563634,-0.00013611,999,,,,,,,-1,,-1,,,,,,,,,,,,,,,,,,,,"Will Taylor","sa3025403",696142
"Freddy Zamora","MIL",0,1,1,0,0,0,0,0,0,0,0,0,0,0,0,0,,0,0,0.209033,0.0895295,0.231946,0.385993,0.287711,0.286642,0.260947,0.574353,0.0776093,3.60479,0.268368,,-0.00111081,0.0758509,-0.0423068,65.0968,-0.00111081,0.00784248,-0.04247828188817948,0.007842478342354298,-0.000139714,999,,,,,,,-1,,-1,,,,,,,,,,,,,,,,,,,,"Freddy Zamora","sa3014500",668965
"Javier Pariguan",,0,1,1,0,0,0,0,0,0,0,0,0,0,0,0,0,,0,0,0.187654,0.0915726,0.32765,0.279483,0.269793,0.291606,0.25381,0.561398,0.103952,3.24941,0.270591,,-0.00108556,0.070056,-0.0481017,59.0625,-0.00108556,0.014259,-0.04947010078467429,0.01425904966890812,-0.000139835,999,,,,,,,-1,,-1,,,,,,,,,,,,,,,,,,,,"Javier Pariguan","sa3016324",698994
"Luis Escudero","NYY",0,1,1,0,0,0,0,0,0,0,0,0,0,0,0,0,,0,0,0.20425,0.0871154,0.257761,0.33797,0.274441,0.318747,0.26415,0.593188,0.114497,4.81041,0.259143,,0.0000628057,0.0784516,-0.0397061,67.6352,0.0000628057,0.00213886,-0.03808285565901315,0.002138857962563634,-0.00015609,999,,,,,,,-1,,-1,,,,,,,,,,,,,,,,,,,,"Luis Escudero","sa3021063",806884
"PJ Morlando","MIA",0,1,1,0,0,0,0,0,0,0,0,0,0,0,0,0,,0,0,0.197314,0.0982336,0.317839,0.309067,0.284707,0.311067,0.268473,0.595774,0.113753,3.03213,0.278858,,-0.00100943,0.0819616,-0.0361962,68.157,-0.00100943,0.00393692,-0.0387500012293458,0.003936924040317535,-0.000157851,999,,,,,,,-1,,-1,,,,,,,,,,,,,,,,,,,,"PJ Morlando","sa3025199",703563
"Caden Connor","CHW",0,1,1,0,0,0,0,0,0,0,0,0,0,0,0,0,,0,0,0.234814,0.0787254,0.213127,0.369383,0.297547,0.342235,0.283487,0.639782,0.107421,2.90106,0.286323,,-0.00119004,0.0941509,-0.0240068,79.5699,-0.00119004,-0.0106943,-0.025269245612435043,-0.010694287717342377,-0.000158089,999,,,,,,,-1,,-1,,,,,,,,,,,,,,,,,,,,"Caden Connor","sa3022755",804645
"P.J. Higgins","CIN",0,1,1,0,0,0,0,0,0,0,0,0,0,0,0,0,,0,0,0.221574,0.0572135,0.251524,0.227468,0.270805,0.321422,0.261687,0.592227,0.0998477,2.13137,0.284811,,-0.00163032,0.0764519,-0.0417058,59.9692,-0.00163032,0.014259,-0.04907508089672774,0.01425904966890812,-0.000158153,999,,,,,,,-1,,-1,,,,,,,,,,,,,,,,,,,,"P.J. Higgins","18433",664731
"Christian Knapczyk","CLE",0,1,1,0,0,0,0,0,0,0,0,0,0,0,0,0,,0,0,0.214292,0.0772182,0.244843,0.315379,0.288574,0.303431,0.266743,0.592005,0.0891392,3.79557,0.27937,,-0.00216068,0.0805565,-0.0376012,69.4775,-0.00216068,0.00213886,-0.03813502145931125,0.002138857962563634,-0.000161428,999,,,,,,,-1,,-1,,,,,,,,,,,,,,,,,,,,"Christian Knapczyk","sa3023425",694387
"Ilan Fernandez","BOS",0,1,1,0,0,0,0,0,0,0,0,0,0,0,0,0,,0,0,0.217655,0.0698362,0.27613,0.252911,0.277562,0.331943,0.269576,0.609504,0.114288,5.36022,0.288091,,0.00184777,0.0828571,-0.0353007,66.0487,0.00184777,0.00213886,-0.03816776827443391,0.002138857962563634,-0.000164778,999,,,,,,,-1,,-1,,,,,,,,,,,,,,,,,,,,"Ilan Fernandez","sa3023766",821180
"Felnin Celesten","SEA",0,1,1,0,0,0,0,0,0,0,0,0,0,0,0,0,,0,0,0.211042,0.0574026,0.311104,0.184513,0.256179,0.326544,0.255522,0.582722,0.115502,4.7286,0.289965,,-0.00119576,0.0714466,-0.0467111,67.0951,-0.00119576,0.00393692,-0.039978041080757976,0.003936924040317535,-0.000166027,999,,,,,,,-1,,-1,,,,,,,,,,,,,,,,,,,,"Felnin Celesten","sa3023381",806958
"Daniel Cope",,0,1,1,0,0,0,0,0,0,0,0,0,0,0,0,0,,0,0,0.217549,0.0792758,0.287689,0.275561,0.287697,0.328013,0.274371,0.615709,0.110463,2.72038,0.294783,,-0.00162054,0.08675,-0.0314077,59.8853,-0.00162054,0.014259,-0.04916475841309875,0.01425904966890812,-0.000167329,999,,,,,,,-1,,-1,,,,,,,,,,,,,,,,,,,,"Daniel Cope","sa3010157",684543
"Carter Howell",,0,1,1,0,0,0,0,0,0,0,0,0,0,0,0,0,,0,0,0.221194,0.0647245,0.25052,0.258361,0.279277,0.318793,0.265466,0.598069,0.0975988,5.07209,0.290308,,-0.00131831,0.0795198,-0.0386379,69.8312,-0.00131831,0.00213886,-0.03707456914708018,0.002138857962563634,-0.000170398,999,,,,,,,-1,,-1,,,,,,,,,,,,,,,,,,,,"Carter Howell","sa3020139",800765
"Luis Almeyda","BAL",0,1,1,0,0,0,0,0,0,0,0,0,0,0,0,0,,0,0,0.203197,0.0649023,0.311173,0.208573,0.259928,0.321913,0.25695,0.581841,0.118716,5.17996,0.278406,,-0.000312343,0.0726053,-0.0455524,62.9911,-0.000312343,0.00784248,-0.04393165491637774,0.007842478342354298,-0.000170944,999,,,,,,,-1,,-1,,,,,,,,,,,,,,,,,,,,"Luis Almeyda","sa3021081",806981
"Ian Petrutz","STL",0,1,1,0,0,0,0,0,0,0,0,0,0,0,0,0,,0,0,0.230051,0.073067,0.196567,0.371715,0.302883,0.331491,0.283776,0.634374,0.10144,3.12409,0.27637,,-0.0030729,0.0943859,-0.0237718,82.1288,-0.0030729,-0.0106943,-0.02425393578596413,-0.010694287717342377,-0.000171678,999,,,,,,,-1,,-1,,,,,,,,,,,,,,,,,,,,"Ian Petrutz","sa3025159",814413
"Mike Antico","STL",0,1,1,0,0,0,0,0,0,0,0,0,0,0,0,0,,0,0,0.223192,0.0698318,0.25137,0.277805,0.284504,0.337032,0.274991,0.621536,0.11384,6.06634,0.285721,,0.00405621,0.0872532,-0.0309045,76.1107,0.00405621,-0.0106943,-0.02425749972462654,-0.010694287717342377,-0.000172043,999,,,,,,,-1,,-1,,,,,,,,,,,,,,,,,,,,"Mike Antico","sa3016922",690443
"Jake Gelof","LAD",0,1,1,0,0,0,0,0,0,0,0,0,0,0,0,0,,0,0,0.193638,0.0888517,0.311289,0.285432,0.26462,0.341711,0.267154,0.606331,0.148073,4.05103,0.255388,,-0.00047532,0.0808902,-0.0372675,69.1032,-0.00047532,0.00213886,-0.03709440544480458,0.002138857962563634,-0.000172428,999,,,,,,,-1,,-1,,,,,,,,,,,,,,,,,,,,"Jake Gelof","sa3022600",695372
"Nixon Chirinos","MIA",0,1,1,0,0,0,0,0,0,0,0,0,0,0,0,0,,0,0,0.196083,0.0786932,0.337667,0.23305,0.265882,0.304392,0.255063,0.570274,0.108308,3.80171,0.285576,,-0.000591398,0.0710733,-0.0470844,58.9702,-0.000591398,0.014259,-0.049220204644370824,0.01425904966890812,-0.000173001,999,,,,,,,-1,,-1,,,,,,,,,,,,,,,,,,,,"Nixon Chirinos","sa3022164",808694
"Rafael Ortega",,0,1,1,0,0,0,0,0,0,0,0,0,0,0,0,0,,0,0,0.211397,0.105573,0.237582,0.444364,0.296564,0.324483,0.278669,0.621047,0.113086,4.40524,0.26314,,-0.000329755,0.0902396,-0.0279181,79.7835,-0.000329755,-0.0106943,-0.024290436500450596,-0.010694287717342377,-0.000175413,999,,,,,,,-1,,-1,,,,,,,,,,,,,,,,,,,,"Rafael Ortega","10323",542364
"Andres Valor","MIA",0,1,1,0,0,0,0,0,0,0,0,0,0,0,0,0,,0,0,0.203415,0.0557302,0.339861,0.163979,0.260903,0.322346,0.25775,0.583249,0.118931,6.82081,0.296328,,0.00424462,0.0732555,-0.0449022,60.8114,0.00424462,0.0072165,-0.04220200516283512,0.007216504774987698,-0.000175492,999,,,,,,,-1,,-1,,,,,,,,,,,,,,,,,,,,"Andres Valor","sa3021278",808516
"Jefferson Valladares",,0,1,1,0,0,0,0,0,0,0,0,0,0,0,0,0,,0,0,0.198819,0.0473742,0.305582,0.155029,0.255813,0.314311,0.25285,0.570124,0.115492,2.81965,0.269554,,-0.00087551,0.0692768,-0.0488809,57.9647,-0.00087551,0.014259,-0.05041902814991772,0.01425904966890812,-0.000178188,999,,,,,,,-1,,-1,,,,,,,,,,,,,,,,,,,,"Jefferson Valladares","sa3016918",686338
"Brando Mayea","NYY",0,1,1,0,0,0,0,0,0,0,0,0,0,0,0,0,,0,0,0.202298,0.0596434,0.316093,0.18869,0.258126,0.313313,0.253066,0.571439,0.111015,5.12897,0.281106,,0.000468175,0.069452,-0.0487057,59.9995,0.000468175,0.0104961,-0.046677113918121904,0.010496087372303009,-0.000180341,999,,,,,,,-1,,-1,,,,,,,,,,,,,,,,,,,,"Brando Mayea","sa3020679",806963
"Brady Cerkownyk","DET",0,1,1,0,0,0,0,0,0,0,0,0,0,0,0,0,,0,0,0.199398,0.0628535,0.304857,0.206174,0.259684,0.306453,0.251962,0.566137,0.107056,3.47421,0.272725,,-0.000785348,0.0685558,-0.0496019,57.8601,-0.000785348,0.014259,-0.050452114548534155,0.01425904966890812,-0.000181573,999,,,,,,,-1,,-1,,,,,,,,,,,,,,,,,,,,"Brady Cerkownyk","sa3022929",814499
"Enddy Azocar","BOS",0,1,1,0,0,0,0,0,0,0,0,0,0,0,0,0,,0,0,0.221858,0.0485172,0.280694,0.172847,0.26451,0.353095,0.26921,0.617605,0.131237,4.48312,0.288348,,0.000152116,0.0825593,-0.0355984,65.7961,0.000152116,0.00393692,-0.040161120356060565,0.003936924040317535,-0.000184758,999,,,,,,,-1,,-1,,,,,,,,,,,,,,,,,,,,"Enddy Azocar","sa3023764",821150
"Luis De Los Santos",,0,1,1,0,0,0,0,0,0,0,0,0,0,0,0,0,,0,0,0.219772,0.0543942,0.268855,0.202318,0.269965,0.335163,0.266272,0.605127,0.115391,3.33272,0.285022,,-0.00178775,0.0801739,-0.0379838,71.2908,-0.00178775,0.000712953,-0.035814091796055436,0.0007129529840312898,-0.000187324,999,,,,,,,-1,,-1,,,,,,,,,,,,,,,,,,,,"Luis De Los Santos","21682",665782
"Ryan Cesarini","CLE",0,1,1,0,0,0,0,0,0,0,0,0,0,0,0,0,,0,0,0.219723,0.0787445,0.224173,0.351267,0.290523,0.329903,0.276205,0.620426,0.110179,6.31429,0.273664,,0.00273148,0.0882389,-0.0299188,75.9956,0.00273148,-0.0106943,-0.025560505921021104,-0.010694287717342377,-0.000187889,999,,,,,,,-1,,-1,,,,,,,,,,,,,,,,,,,,"Ryan Cesarini","sa3025440",825761
"Zach Humphreys","LAA",0,1,1,0,0,0,0,0,0,0,0,0,0,0,0,0,,0,0,0.200601,0.0856822,0.25583,0.334918,0.273649,0.2844,0.252329,0.558049,0.0837993,3.78663,0.263957,,-0.0000597966,0.0688541,-0.0493037,57.1858,-0.0000597966,0.014259,-0.050521330969786504,0.01425904966890812,-0.000188655,999,,,,,,,-1,,-1,,,,,,,,,,,,,,,,,,,,"Zach Humphreys","sa3016853",668876
"Dylan Campbell","PHI",0,1,1,0,0,0,0,0,0,0,0,0,0,0,0,0,,0,0,0.212917,0.0688379,0.26478,0.259981,0.270991,0.336802,0.267869,0.607794,0.123885,5.39215,0.271005,,0.00273384,0.0814712,-0.0366865,67.4738,0.00273384,0.000657342,-0.03581641893833876,0.0006573420250788331,-0.000193251,999,,,,,,,-1,,-1,,,,,,,,,,,,,,,,,,,,"Dylan Campbell","sa3022751",694749
"Sandy León","ATL",0,1,1,0,0,0,0,0,0,0,0,0,0,0,0,0,,0,0,0.18934,0.0869789,0.322216,0.269939,0.265476,0.29818,0.253348,0.563657,0.10884,2.81879,0.264691,,-0.00102309,0.0696809,-0.0484768,58.6655,-0.00102309,0.0148397,-0.05001306056510657,0.01483967900276184,-0.000194715,999,,,,,,,-1,,-1,,,,,,,,,,,,,,,,,,,,"Sandy Leon","5273",506702
"Luis Chevalier",,0,1,1,0,0,0,0,0,0,0,0,0,0,0,0,0,,0,0,0.211642,0.0859827,0.250002,0.343928,0.284378,0.330621,0.27357,0.614999,0.118979,3.60962,0.267398,,-0.00169918,0.0860997,-0.032058,69.9793,-0.00169918,0.000712953,-0.037082052789628506,0.0007129529840312898,-0.000199583,999,,,,,,,-1,,-1,,,,,,,,,,,,,,,,,,,,"Luis Chevalier","sa3009641",682728
"Carlos Rodriguez","SDP",0,1,1,0,0,0,0,0,0,0,0,0,0,0,0,0,,0,0,0.193441,0.084492,0.292901,0.288466,0.264505,0.288343,0.24867,0.552848,0.0949021,2.94035,0.265559,,-0.00168544,0.0658831,-0.0522746,59.6707,-0.00168544,0.014259,-0.04948399274144322,0.01425904966890812,-0.00019999,999,,,,,,,-1,,-1,,,,,,,,,,,,,,,,,,,,"Carlos Rodriguez","sa3015594",692025
"Juan Matheus","MIA",0,1,1,0,0,0,0,0,0,0,0,0,0,0,0,0,,0,0,0.22203,0.0750459,0.252674,0.297007,0.282483,0.319222,0.267509,0.601705,0.0971916,4.61419,0.290756,,-0.000647524,0.0811785,-0.0369792,67.4963,-0.000647524,0.00393692,-0.03917114587966353,0.003936924040317535,-0.000200939,999,,,,,,,-1,,-1,,,,,,,,,,,,,,,,,,,,"Juan Matheus","sa3018611",801276
"DJ Gladney","NYY",0,1,1,0,0,0,0,0,0,0,0,0,0,0,0,0,,0,0,0.211068,0.0443238,0.327797,0.135217,0.250939,0.363007,0.265857,0.613946,0.151939,4.45609,0.282924,,-0.000131675,0.0798376,-0.0383201,67.4258,-0.000131675,0.00213886,-0.03852420736802742,0.002138857962563634,-0.000201246,999,,,,,,,-1,,-1,,,,,,,,,,,,,,,,,,,,"DJ Gladney","sa3010043",687554
"Tyler Gentry","KCR",0,1,1,0,0,0,0,0,0,0,0,0,0,0,0,0,,0,0,0.221902,0.0796278,0.26344,0.302262,0.29325,0.354446,0.286368,0.647696,0.132544,4.05324,0.284214,,-0.000724416,0.0964906,-0.0216671,78.7955,-0.000724416,-0.0106943,-0.025716358271893114,-0.010694287717342377,-0.000203834,999,,,,,,,-1,,-1,,,,,,,,,,,,,,,,,,,,"Tyler Gentry","27784",694355
"Angel Del Rosario",,0,1,1,0,0,0,0,0,0,0,0,0,0,0,0,0,,0,0,0.207631,0.0552671,0.302498,0.182702,0.260417,0.303908,0.250568,0.564325,0.0962771,6.87652,0.288743,,0.00713139,0.0674242,-0.0507335,56.3929,0.00713139,0.00784248,-0.04426471563056111,0.007842478342354298,-0.00020502,999,,,,,,,-1,,-1,,,,,,,,,,,,,,,,,,,,"Angel Del Rosario","sa3015195",692489
"Austin Charles","KCR",0,1,1,0,0,0,0,0,0,0,0,0,0,0,0,0,,0,0,0.211243,0.0547801,0.279457,0.196023,0.261054,0.324936,0.257835,0.58599,0.113693,5.9527,0.280228,,0.0012324,0.0733241,-0.0448336,59.1398,0.0012324,0.0104961,-0.04692606383468956,0.010496087372303009,-0.000205812,999,,,,,,,-1,,-1,,,,,,,,,,,,,,,,,,,,"Austin Charles","sa3020497",800051
"Francisco Toledo","NYM",0,1,1,0,0,0,0,0,0,0,0,0,0,0,0,0,,0,0,0.19787,0.0810724,0.277229,0.292438,0.266256,0.286212,0.248735,0.552468,0.0883418,2.87107,0.265715,,-0.0012777,0.065936,-0.0522217,59.2778,-0.0012777,0.014259,-0.049541977350600064,0.01425904966890812,-0.000205923,999,,,,,,,-1,,-1,,,,,,,,,,,,,,,,,,,,"Francisco Toledo","sa3018519",800331
"Yimy Tovar","SDP",0,1,1,0,0,0,0,0,0,0,0,0,0,0,0,0,,0,0,0.213485,0.0573464,0.280052,0.204771,0.261527,0.319925,0.256416,0.581452,0.10644,2.84691,0.280821,,-0.00162283,0.0721722,-0.0459855,64.9771,-0.00162283,0.00784248,-0.04313223506323993,0.007842478342354298,-0.000206622,999,,,,,,,-1,,-1,,,,,,,,,,,,,,,,,,,,"Yimy Tovar","sa3022486",811602
"Anthony Gutierrez","TEX",0,1,1,0,0,0,0,0,0,0,0,0,0,0,0,0,,0,0,0.221416,0.0509648,0.251742,0.202449,0.270142,0.30905,0.256937,0.579192,0.0876349,6.33762,0.28952,,0.00506898,0.0725949,-0.0455629,62.9432,0.00506898,0.00213886,-0.03860673401504755,0.002138857962563634,-0.00020969,999,,,,,,,-1,,-1,,,,,,,,,,,,,,,,,,,,"Anthony Gutierrez","sa3018406",703152
"Chase Davis","STL",0,1,1,0,0,0,0,0,0,0,0,0,0,0,0,0,,0,0,0.203731,0.0911588,0.301655,0.302196,0.284308,0.307949,0.266676,0.592257,0.104218,2.62936,0.283454,,-0.000934377,0.080502,-0.0376557,70.4145,-0.000934377,0.000657342,-0.03599928301991895,0.0006573420250788331,-0.000211961,999,,,,,,,-1,,-1,,,,,,,,,,,,,,,,,,,,"Chase Davis","sa3022426",690971
"Brendan Durfee","SDP",0,1,1,0,0,0,0,0,0,0,0,0,0,0,0,0,,0,0,0.193522,0.0648158,0.313303,0.206879,0.257551,0.296668,0.247865,0.554219,0.103146,2.46922,0.26977,,-0.0011504,0.0652299,-0.0529278,59.1196,-0.0011504,0.014259,-0.049602151149883866,0.01425904966890812,-0.000212079,999,,,,,,,-1,,-1,,,,,,,,,,,,,,,,,,,,"Brendan Durfee","sa3025268",826545
"Bryan Broecker","TBR",0,1,1,0,0,0,0,0,0,0,0,0,0,0,0,0,,0,0,0.182863,0.111529,0.316509,0.352371,0.281031,0.266684,0.252655,0.547715,0.0838214,2.76785,0.266726,,-0.000906701,0.0691184,-0.0490393,57.706,-0.000906701,0.014259,-0.050755123724229634,0.01425904966890812,-0.000212574,999,,,,,,,-1,,-1,,,,,,,,,,,,,,,,,,,,"Bryan Broecker","sa3022814",802541
"Darren Baker","CHW",0,1,1,0,0,0,0,0,0,0,0,0,0,0,0,0,,0,0,0.238318,0.0675139,0.201023,0.335852,0.290017,0.294739,0.261837,0.584756,0.0564205,5.42036,0.299985,,0.00222876,0.0765733,-0.0415844,64.9719,0.00222876,0.00393692,-0.039286816492676735,0.003936924040317535,-0.000212774,999,,,,,,,-1,,-1,,,,,,,,,,,,,,,,,,,,"Darren Baker","29912",671117
"Malcolm Moore","TEX",0,1,1,0,0,0,0,0,0,0,0,0,0,0,0,0,,0,0,0.207805,0.0682019,0.253956,0.268557,0.277151,0.318495,0.265986,0.595646,0.110691,3.08827,0.264402,,-0.000831604,0.079942,-0.0382157,69.1769,-0.000831604,0.000657342,-0.03716017317492515,0.0006573420250788331,-0.000213266,999,,,,,,,-1,,-1,,,,,,,,,,,,,,,,,,,,"Malcolm Moore","sa3025250",702270
"Jack Lines","TBR",0,1,1,0,0,0,0,0,0,0,0,0,0,0,0,0,,0,0,0.195271,0.0831931,0.324471,0.256396,0.28223,0.309452,0.267058,0.591682,0.114182,4.0647,0.27928,,-0.000487719,0.0808125,-0.0373452,67.6279,-0.000487719,0.00213886,-0.03864204557612538,0.002138857962563634,-0.000213303,999,,,,,,,-1,,-1,,,,,,,,,,,,,,,,,,,,"Jack Lines","sa3066763",813922
"Aaron Bracho",,0,1,1,0,0,0,0,0,0,0,0,0,0,0,0,0,,0,0,0.206555,0.0734317,0.260992,0.281356,0.270158,0.343298,0.270267,0.613456,0.136743,3.05277,0.254894,,-0.00202804,0.0834174,-0.0347403,71.2355,-0.00202804,0.000712953,-0.03611987177282572,0.0007129529840312898,-0.000218609,999,,,,,,,-1,,-1,,,,,,,,,,,,,,,,,,,,"Aaron Bracho","sa3010018",677570
"Manuel Palencia","NYY",0,1,1,0,0,0,0,0,0,0,0,0,0,0,0,0,,0,0,0.221333,0.0414231,0.232727,0.17799,0.25562,0.315354,0.250449,0.570975,0.0940217,2.56134,0.27638,,-0.00155714,0.0673278,-0.0508299,58.1973,-0.00155714,0.014259,-0.05082655977457762,0.01425904966890812,-0.000219883,999,,,,,,,-1,,-1,,,,,,,,,,,,,,,,,,,,"Manuel Palencia","sa3015659",692633
"Drew Faurot","MIA",0,1,1,0,0,0,0,0,0,0,0,0,0,0,0,0,,0,0,0.225105,0.0671548,0.259372,0.258913,0.281431,0.342066,0.274559,0.623496,0.11696,5.24021,0.292477,,-1.28933e-7,0.0869023,-0.0312554,72.3256,-1.28933e-7,-0.00262224,-0.03279998008238749,-0.0026222390588372946,-0.000220174,999,,,,,,,-1,,-1,,,,,,,,,,,,,,,,,,,,"Drew Faurot","sa3031193",702656
"Danny De Andrade","MIN",0,1,1,0,0,0,0,0,0,0,0,0,0,0,0,0,,0,0,0.210694,0.0573875,0.283699,0.202283,0.270386,0.336405,0.267712,0.606791,0.125711,5.03819,0.279264,,-0.0012506,0.0813435,-0.0368142,68.2027,-0.0012506,0.00213886,-0.03872738592326641,0.002138857962563634,-0.000222034,999,,,,,,,-1,,-1,,,,,,,,,,,,,,,,,,,,"Danny De Andrade","sa3015698",694185
"Nick Goodwin","TOR",0,1,1,0,0,0,0,0,0,0,0,0,0,0,0,0,,0,0,0.20434,0.0732255,0.259598,0.282073,0.277216,0.319577,0.266611,0.596793,0.115236,3.5325,0.260264,,-0.00204233,0.0804495,-0.0377082,68.8058,-0.00204233,0.00213886,-0.03880836791358888,0.002138857962563634,-0.000230319,999,,,,,,,-1,,-1,,,,,,,,,,,,,,,,,,,,"Nick Goodwin","sa3022685",800959
"Connor Scott","KCR",0,1,1,0,0,0,0,0,0,0,0,0,0,0,0,0,,0,0,0.225632,0.0626466,0.228523,0.274136,0.276336,0.342114,0.271385,0.61845,0.116482,4.85823,0.281619,,-0.00167826,0.0843254,-0.0338323,68.4739,-0.00167826,0.00213886,-0.038835427490994334,0.002138857962563634,-0.000233088,999,,,,,,,-1,,-1,,,,,,,,,,,,,,,,,,,,"Connor Scott","sa3008080",669002
"Alejandro Nunez","HOU",0,1,1,0,0,0,0,0,0,0,0,0,0,0,0,0,,0,0,0.214667,0.0551229,0.290312,0.189875,0.261649,0.319216,0.25593,0.580864,0.104549,5.11284,0.291365,,0.000917684,0.0717775,-0.0463802,61.4197,0.000917684,0.00784248,-0.04455372708616778,0.007842478342354298,-0.00023459,999,,,,,,,-1,,-1,,,,,,,,,,,,,,,,,,,,"Alejandro Nunez","sa3018977",805168
"Ronaiker Palma",,0,1,1,0,0,0,0,0,0,0,0,0,0,0,0,0,,0,0,0.241194,0.0611607,0.176317,0.34688,0.291674,0.324201,0.273296,0.615875,0.0830068,2.98449,0.28487,,-0.00140528,0.085877,-0.0322807,59.1487,-0.00140528,0.014259,-0.04982253385242075,0.01425904966890812,-0.000234627,999,,,,,,,-1,,-1,,,,,,,,,,,,,,,,,,,,"Ronaiker Palma","sa3005624",681623
"Cody Milligan",,0,1,1,0,0,0,0,0,0,0,0,0,0,0,0,0,,0,0,0.211284,0.0900165,0.289174,0.311288,0.287408,0.297398,0.263771,0.584806,0.0861145,6.31979,0.298375,,0.00282345,0.0781435,-0.0400142,65.8057,0.00282345,0.00213886,-0.03770387079566717,0.002138857962563634,-0.000234784,999,,,,,,,-1,,-1,,,,,,,,,,,,,,,,,,,,"Cody Milligan","sa1169818",687862
"Micah Pries",,0,1,1,0,0,0,0,0,0,0,0,0,0,0,0,0,,0,0,0.215436,0.0641735,0.255416,0.251251,0.277449,0.347198,0.275168,0.624647,0.131763,4.8102,0.271091,,-0.00116596,0.0873971,-0.0307606,75.2814,-0.00116596,-0.00641657,-0.030299691949039698,-0.006416573189198971,-0.000235103,999,,,,,,,-1,,-1,,,,,,,,,,,,,,,,,,,,"Micah Pries","sa3014830",687588
"Chandler Pollard","TEX",0,1,1,0,0,0,0,0,0,0,0,0,0,0,0,0,,0,0,0.201687,0.0493737,0.327646,0.150692,0.259936,0.301338,0.250279,0.561275,0.0996513,6.57801,0.292009,,0.00448162,0.0671898,-0.0509679,58.3573,0.00448162,0.00784248,-0.0445991326123476,0.007842478342354298,-0.000239235,999,,,,,,,-1,,-1,,,,,,,,,,,,,,,,,,,,"Chandler Pollard","sa3020615",702550
"Julio Carreras",,0,1,1,0,0,0,0,0,0,0,0,0,0,0,0,0,,0,0,0.229761,0.0591741,0.270616,0.218665,0.281442,0.339172,0.273045,0.620614,0.109411,6.89931,0.309475,,0.00251303,0.0856736,-0.0324841,58.9771,0.00251303,0.0104961,-0.04610757785849273,0.010496087372303009,-0.000239539,999,,,,,,,-1,,-1,,,,,,,,,,,,,,,,,,,,"Julio Carreras","sa3005598",679734
"Brennan Orf","TOR",0,1,1,0,0,0,0,0,0,0,0,0,0,0,0,0,,0,0,0.200616,0.116236,0.280262,0.414739,0.300414,0.30911,0.276519,0.609524,0.108494,3.83068,0.274359,,-0.00165459,0.0884939,-0.0296638,75.6311,-0.00165459,-0.00641657,-0.03037618030793965,-0.006416573189198971,-0.000242929,999,,,,,,,-1,,-1,,,,,,,,,,,,,,,,,,,,"Brennan Orf","sa3022570",804710
"Cameron Barstad","CLE",0,1,1,0,0,0,0,0,0,0,0,0,0,0,0,0,,0,0,0.191989,0.0679298,0.356083,0.19077,0.258004,0.300757,0.249656,0.558761,0.108768,2.09184,0.287896,,-0.00126343,0.0666839,-0.0514738,57.7072,-0.00126343,0.014259,-0.05111038044560701,0.01425904966890812,-0.000248922,999,,,,,,,-1,,-1,,,,,,,,,,,,,,,,,,,,"Cameron Barstad","sa3011350",677319
"Cody Roberts",,0,1,1,0,0,0,0,0,0,0,0,0,0,0,0,0,,0,0,0.19769,0.071856,0.321076,0.223797,0.261301,0.289521,0.246987,0.550823,0.0918309,3.16566,0.284619,,-0.000830784,0.0645167,-0.053641,58.5178,-0.000830784,0.014259,-0.049995772598776966,0.01425904966890812,-0.000252352,999,,,,,,,-1,,-1,,,,,,,,,,,,,,,,,,,,"Cody Roberts","sa3007869",663944
"Nolan Beltran","PHI",0,1,1,0,0,0,0,0,0,0,0,0,0,0,0,0,,0,0,0.21057,0.0693176,0.247906,0.279612,0.269949,0.324754,0.263278,0.594703,0.114184,3.06981,0.263189,,-0.00131256,0.0777438,-0.040414,64.3288,-0.00131256,0.00784248,-0.04359029431361705,0.007842478342354298,-0.000253487,999,,,,,,,-1,,-1,,,,,,,,,,,,,,,,,,,,"Nolan Beltran","sa3018466",800179
"Maddox Latta","TOR",0,1,1,0,0,0,0,0,0,0,0,0,0,0,0,0,,0,0,0.204738,0.0695551,0.286507,0.24277,0.266206,0.305871,0.254908,0.572078,0.101134,5.08683,0.277095,,0.00150574,0.0709476,-0.0472101,60.7439,0.00150574,0.00784248,-0.044762124540284276,0.007842478342354298,-0.000255911,999,,,,,,,-1,,-1,,,,,,,,,,,,,,,,,,,,"Maddox Latta","sa3069010",823944
"Justin Barry","BOS",0,1,1,0,0,0,0,0,0,0,0,0,0,0,0,0,,0,0,0.207117,0.0634771,0.326151,0.194625,0.262683,0.332016,0.261835,0.5947,0.124899,4.94701,0.290215,,0.00153416,0.0765716,-0.0415861,60.7158,0.00153416,0.00784248,-0.044766810489818454,0.007842478342354298,-0.000256391,999,,,,,,,-1,,-1,,,,,,,,,,,,,,,,,,,,"Justin Barry","sa3023716",815204
"Brendan Tunink","LAD",0,1,1,0,0,0,0,0,0,0,0,0,0,0,0,0,,0,0,0.194591,0.0906046,0.346223,0.261695,0.271055,0.325768,0.265271,0.596823,0.131177,5.34757,0.282975,,0.000227397,0.0793619,-0.0387958,67.8138,0.000227397,0.00213886,-0.03791992175683845,0.002138857962563634,-0.000256888,999,,,,,,,-1,,-1,,,,,,,,,,,,,,,,,,,,"Brendan Tunink","sa3067275",815665
"Keshawn Ogans","ATL",0,1,1,0,0,0,0,0,0,0,0,0,0,0,0,0,,0,0,0.224583,0.0692165,0.21963,0.31515,0.290926,0.319508,0.272926,0.610433,0.0949244,3.60721,0.2791,,-0.0034345,0.0855766,-0.0325811,72.0773,-0.0034345,0.000712953,-0.036528716795146465,0.0007129529840312898,-0.000260439,999,,,,,,,-1,,-1,,,,,,,,,,,,,,,,,,,,"Keshawn Ogans","sa3019893",687248
"Richard Ramirez","PIT",0,1,1,0,0,0,0,0,0,0,0,0,0,0,0,0,,0,0,0.20721,0.059802,0.344128,0.173778,0.258089,0.321736,0.255397,0.579824,0.114526,2.69106,0.303218,,-0.00109662,0.0713451,-0.0468126,58.6571,-0.00109662,0.014259,-0.050096574355848134,0.01425904966890812,-0.000262665,999,,,,,,,-1,,-1,,,,,,,,,,,,,,,,,,,,"Richard Ramirez","sa3018474",800197
"Anderson De Los Santos","BAL",0,1,1,0,0,0,0,0,0,0,0,0,0,0,0,0,,0,0,0.203511,0.0838852,0.290522,0.288739,0.276881,0.324708,0.267774,0.601589,0.121197,4.35443,0.273178,,-0.0028894,0.0813937,-0.036764,70.4476,-0.0028894,0.000712953,-0.03772037266753614,0.0007129529840312898,-0.000264892,999,,,,,,,-1,,-1,,,,,,,,,,,,,,,,,,,,"Anderson De Los Santos","sa3015747",698945
"Anyelo Encarnación","STL",0,1,1,0,0,0,0,0,0,0,0,0,0,0,0,0,,0,0,0.198609,0.079655,0.336818,0.236493,0.266335,0.310297,0.256889,0.576633,0.111689,4.70015,0.289497,,-0.000710277,0.0725559,-0.0456018,63.7101,-0.000710277,0.00784248,-0.04372129403054714,0.007842478342354298,-0.00026689,999,,,,,,,-1,,-1,,,,,,,,,,,,,,,,,,,,"Anyelo Encarnacion","sa3016157",699031
"Felix Morrobel","LAA",0,1,1,0,0,0,0,0,0,0,0,0,0,0,0,0,,0,0,0.203874,0.0847485,0.275338,0.307798,0.277864,0.309259,0.263244,0.587123,0.105385,4.37505,0.268432,,0.00063149,0.077716,-0.0404417,64.7047,0.00063149,0.00393692,-0.0409681266755797,0.003936924040317535,-0.000267325,999,,,,,,,-1,,-1,,,,,,,,,,,,,,,,,,,,"Felix Morrobel","sa3021103",807011
"Geraldo Quintero","ATL",0,1,1,0,0,0,0,0,0,0,0,0,0,0,0,0,,0,0,0.219365,0.0856231,0.247857,0.345454,0.295652,0.338971,0.282438,0.634624,0.119606,6.31295,0.278747,,0.000157965,0.0932997,-0.0248581,78.5934,0.000157965,-0.0106943,-0.025213247034116648,-0.010694287717342377,-0.000269828,999,,,,,,,-1,,-1,,,,,,,,,,,,,,,,,,,,"Geraldo Quintero","sa3008942",684852
"Ronald Hernandez","NYM",0,1,1,0,0,0,0,0,0,0,0,0,0,0,0,0,,0,0,0.208005,0.080651,0.279976,0.288063,0.278205,0.307839,0.2625,0.586044,0.099834,3.8866,0.279418,,-0.00277237,0.0771116,-0.0410461,68.707,-0.00277237,0.00393692,-0.03986108326353133,0.003936924040317535,-0.000271529,999,,,,,,,-1,,-1,,,,,,,,,,,,,,,,,,,,"Ronald Hernandez","sa3015738",698933
"Miguel Santos",,0,1,1,0,0,0,0,0,0,0,0,0,0,0,0,0,,0,0,0.21892,0.0571775,0.246157,0.232281,0.273526,0.327845,0.265943,0.60137,0.108925,3.95606,0.275872,,-0.000904984,0.0799073,-0.0382505,67.4849,-0.000904984,0.00213886,-0.03922787634655833,0.002138857962563634,-0.00027324,999,,,,,,,-1,,-1,,,,,,,,,,,,,,,,,,,,"Miguel Santos","sa3025631",801533
"Jack Pineda","KCR",0,1,1,0,0,0,0,0,0,0,0,0,0,0,0,0,,0,0,0.212275,0.0720511,0.247861,0.290691,0.278719,0.306086,0.261898,0.584805,0.0938113,4.00238,0.275219,,-0.0000837362,0.0766228,-0.0415349,61.9387,-0.0000837362,0.00784248,-0.04494345099374186,0.007842478342354298,-0.000274463,999,,,,,,,-1,,-1,,,,,,,,,,,,,,,,,,,,"Jack Pineda","sa3020762",801442
"Matt Lloyd","BOS",0,1,1,0,0,0,0,0,0,0,0,0,0,0,0,0,,0,0,0.224583,0.0904259,0.251042,0.360202,0.298437,0.352185,0.288216,0.650622,0.127602,3.85984,0.283803,,-0.000578055,0.0979907,-0.020167,85.1704,-0.000578055,-0.0178238,-0.018154250574298203,-0.01782381348311901,-0.000277044,999,,,,,,,-1,,-1,,,,,,,,,,,,,,,,,,,,"Matt Lloyd","sa1169978",651016
"Luis Corobo","MIL",0,1,1,0,0,0,0,0,0,0,0,0,0,0,0,0,,0,0,0.19254,0.0836757,0.321874,0.259964,0.267357,0.289811,0.25129,0.557168,0.0972715,2.54447,0.276236,,-0.00104899,0.0680105,-0.0501472,58.4817,-0.00104899,0.014259,-0.05025679699610919,0.01425904966890812,-0.000279058,999,,,,,,,-1,,-1,,,,,,,,,,,,,,,,,,,,"Luis Corobo","sa3024153",821818
"Mike Brosseau",,0,1,1,0,0,0,0,0,0,0,0,0,0,0,0,0,,0,0,0.206137,0.0676888,0.251992,0.268615,0.273185,0.32027,0.264521,0.593455,0.114133,2.63431,0.255477,,-0.0017934,0.0787528,-0.0394049,70.5293,-0.0017934,0.000712953,-0.03672222828026861,0.0007129529840312898,-0.000280237,999,,,,,,,-1,,-1,,,,,,,,,,,,,,,,,,,,"Mike Brosseau","19683",670712
"Nick Schwartz","ATH",0,1,1,0,0,0,0,0,0,0,0,0,0,0,0,0,,0,0,0.203565,0.0696782,0.316325,0.220274,0.261616,0.304882,0.251907,0.566498,0.101317,2.74706,0.286651,,-0.000921332,0.0685116,-0.0496462,57.7557,-0.000921332,0.014259,-0.05085034330841154,0.01425904966890812,-0.000281051,999,,,,,,,-1,,-1,,,,,,,,,,,,,,,,,,,,"Nick Schwartz","sa3022542",813859
"Edwin Amparo","BAL",0,1,1,0,0,0,0,0,0,0,0,0,0,0,0,0,,0,0,0.195368,0.0912261,0.321587,0.283675,0.272204,0.309636,0.260487,0.581841,0.114269,5.84152,0.276402,,0.00143045,0.0754772,-0.0426805,65.4277,0.00143045,0.00213886,-0.03931701392866671,0.002138857962563634,-0.00028236,999,,,,,,,-1,,-1,,,,,,,,,,,,,,,,,,,,"Edwin Amparo","sa3018526",800348
"Shotaro Morii","ATH",0,1,1,0,0,0,0,0,0,0,0,0,0,0,0,0,,0,0,0.20122,0.104781,0.309325,0.33874,0.286537,0.313878,0.269919,0.600415,0.112658,2.72965,0.281736,,-0.00197866,0.0831351,-0.0350226,70.1285,-0.00197866,0.000657342,-0.03728415467776358,0.0006573420250788331,-0.000284685,999,,,,,,,-1,,-1,,,,,,,,,,,,,,,,,,,,"Shotaro Morii","sa3067343",829679
"Justin Connell",,0,1,1,0,0,0,0,0,0,0,0,0,0,0,0,0,,0,0,0.220746,0.0868889,0.251328,0.345719,0.298318,0.33464,0.282549,0.632957,0.113894,4.51146,0.284367,,-0.00114586,0.0933893,-0.0247684,78.423,-0.00114586,-0.0106943,-0.026576897013001144,-0.010694287717342377,-0.000291878,999,,,,,,,-1,,-1,,,,,,,,,,,,,,,,,,,,"Justin Connell","sa3004884",676667
"Brady Allen",,0,1,1,0,0,0,0,0,0,0,0,0,0,0,0,0,,0,0,0.201524,0.0812043,0.313106,0.259351,0.273078,0.329281,0.267334,0.602359,0.127757,3.64701,0.277694,,-0.00222877,0.0810367,-0.037121,68.4496,-0.00222877,0.00213886,-0.03941463306546211,0.002138857962563634,-0.000292348,999,,,,,,,-1,,-1,,,,,,,,,,,,,,,,,,,,"Brady Allen","sa3018098",680918
"Brandon Drury","KCR",0,1,1,0,0,0,0,0,0,0,0,0,0,0,0,0,,0,0,0.227943,0.0761574,0.237779,0.320286,0.294851,0.371233,0.292565,0.666083,0.14329,2.94059,0.276282,,-0.00166128,0.101521,-0.0166364,84.9024,-0.00166128,-0.0178238,-0.019455577130429447,-0.01782381348311901,-0.000292718,999,,,,,,,-1,,-1,,,,,,,,,,,,,,,,,,,,"Brandon Drury","11615",592273
"Nathan Hickey","BOS",0,1,1,0,0,0,0,0,0,0,0,0,0,0,0,0,,0,0,0.218407,0.10262,0.294207,0.348803,0.302849,0.369038,0.296708,0.671888,0.150632,2.86511,0.291234,,-0.00147275,0.104886,-0.0132721,84.7389,-0.00147275,-0.0178238,-0.019459706149064004,-0.01782381348311901,-0.00029314,999,,,,,,,-1,,-1,,,,,,,,,,,,,,,,,,,,"Nathan Hickey","sa3017398",687208
"Nate Mondou","SDP",0,1,1,0,0,0,0,0,0,0,0,0,0,0,0,0,,0,0,0.213948,0.086307,0.217684,0.396479,0.29133,0.289802,0.263592,0.581132,0.0758535,3.77321,0.2723,,-0.00263403,0.0779983,-0.0401594,69.8927,-0.00263403,0.00213886,-0.03831740445457399,0.002138857962563634,-0.000297556,999,,,,,,,-1,,-1,,,,,,,,,,,,,,,,,,,,"Nate Mondou","19563",670148
"Carlos Rojas",,0,1,1,0,0,0,0,0,0,0,0,0,0,0,0,0,,0,0,0.21123,0.0622917,0.220881,0.282015,0.266047,0.298074,0.251625,0.564121,0.086844,2.15566,0.260996,,-0.00122782,0.0682825,-0.0498752,58.4657,-0.00122782,0.014259,-0.05045459931716323,0.01425904966890812,-0.000299295,999,,,,,,,-1,,-1,,,,,,,,,,,,,,,,,,,,"Carlos Rojas","sa3015607",692334
"Payton Green","MIA",0,1,1,0,0,0,0,0,0,0,0,0,0,0,0,0,,0,0,0.221794,0.068115,0.275935,0.246852,0.281672,0.344237,0.276052,0.625909,0.122444,3.87545,0.291112,,-0.00201389,0.0881151,-0.0300426,73.3489,-0.00201389,-0.00262224,-0.03360092593356967,-0.0026222390588372946,-0.000302121,999,,,,,,,-1,,-1,,,,,,,,,,,,,,,,,,,,"Payton Green","sa3025195",700243
"Jackson Strong","DET",0,1,1,0,0,0,0,0,0,0,0,0,0,0,0,0,,0,0,0.203673,0.0731152,0.334816,0.218374,0.269766,0.327264,0.26443,0.59703,0.12359,5.64568,0.293896,,0.0000248463,0.0786784,-0.0394793,66.4487,0.0000248463,0.00213886,-0.03951929647882935,0.002138857962563634,-0.000303056,999,,,,,,,-1,,-1,,,,,,,,,,,,,,,,,,,,"Jackson Strong","sa3025551",825924
"Yoiber Ocopio","SDP",0,1,1,0,0,0,0,0,0,0,0,0,0,0,0,0,,0,0,0.187137,0.0762549,0.324753,0.234809,0.260586,0.288366,0.247468,0.548952,0.10123,2.28223,0.265197,,-0.00172014,0.0649071,-0.0532506,58.8473,-0.00172014,0.014259,-0.05049465806223452,0.01425904966890812,-0.000303394,999,,,,,,,-1,,-1,,,,,,,,,,,,,,,,,,,,"Yoiber Ocopio","sa3021159",808060
"Dakota Harris","STL",0,1,1,0,0,0,0,0,0,0,0,0,0,0,0,0,,0,0,0.228296,0.0374201,0.224206,0.166901,0.268297,0.330815,0.263349,0.599112,0.102519,3.8468,0.279748,,-0.000623306,0.0778011,-0.0403566,68.1357,-0.000623306,0.00213886,-0.038389143999665976,0.002138857962563634,-0.000304896,999,,,,,,,-1,,-1,,,,,,,,,,,,,,,,,,,,"Dakota Harris","sa3022431",703766
"Jose Fernandez","ARI",0,1,1,0,0,0,0,0,0,0,0,0,0,0,0,0,,0,0,0.226075,0.0420379,0.251038,0.167456,0.260059,0.341648,0.261885,0.601708,0.115573,4.85828,0.286534,,-0.000818387,0.0766122,-0.0415455,64.0004,-0.000818387,0.0072165,-0.04348541813669726,0.007216504774987698,-0.000306802,999,,,,,,,-1,,-1,,,,,,,,,,,,,,,,,,,,"Jose Fernandez","sa3015204",699912
"Sammy Stafura","PIT",0,1,1,0,0,0,0,0,0,0,0,0,0,0,0,0,,0,0,0.203447,0.0883886,0.299803,0.294822,0.280969,0.30978,0.264788,0.590749,0.106333,6.45997,0.286871,,0.00142681,0.078969,-0.0391887,62.093,0.00142681,0.0072165,-0.04350080678705126,0.007216504774987698,-0.000308376,999,,,,,,,-1,,-1,,,,,,,,,,,,,,,,,,,,"Sammy Stafura","sa3022612",806230
"Riley Unroe","HOU",0,1,1,0,0,0,0,0,0,0,0,0,0,0,0,0,,0,0,0.212812,0.105795,0.260067,0.406799,0.299217,0.316208,0.277258,0.615424,0.103396,4.83159,0.279745,,0.00138594,0.0890939,-0.0290639,76.1118,0.00138594,-0.0106943,-0.026769113610498607,-0.010694287717342377,-0.000311544,999,,,,,,,-1,,-1,,,,,,,,,,,,,,,,,,,,"Riley Unroe","sa737614",624523
"Archer Brookman","ATL",0,1,1,0,0,0,0,0,0,0,0,0,0,0,0,0,,0,0,0.202644,0.0654234,0.255556,0.256004,0.263897,0.296988,0.250861,0.560885,0.0943437,2.25248,0.26101,,-0.00116768,0.0676618,-0.0504959,57.1016,-0.00116768,0.014259,-0.051728458143770695,0.01425904966890812,-0.000312159,999,,,,,,,-1,,-1,,,,,,,,,,,,,,,,,,,,"Archer Brookman","sa3020950",666386
"Rubel Cespedes","LAA",0,1,1,0,0,0,0,0,0,0,0,0,0,0,0,0,,0,0,0.222611,0.0580079,0.247571,0.234308,0.268314,0.347045,0.269028,0.615358,0.124434,2.30647,0.277671,,-0.00178404,0.0824116,-0.0357461,69.1089,-0.00178404,0.000712953,-0.038192749256268144,0.0007129529840312898,-0.000313222,999,,,,,,,-1,,-1,,,,,,,,,,,,,,,,,,,,"Rubel Cespedes","sa3008953",686438
"Jadyn Fielder","MIL",0,1,1,0,0,0,0,0,0,0,0,0,0,0,0,0,,0,0,0.192468,0.0938176,0.316846,0.296098,0.283997,0.303144,0.265829,0.587141,0.110676,4.97774,0.27514,,-0.00112589,0.0798147,-0.038343,68.4412,-0.00112589,0.00213886,-0.03852955368347466,0.002138857962563634,-0.000319261,999,,,,,,,-1,,-1,,,,,,,,,,,,,,,,,,,,"Jadyn Fielder","sa3067400",815723
"Yilber Herrera","MIN",0,1,1,0,0,0,0,0,0,0,0,0,0,0,0,0,,0,0,0.185635,0.125724,0.322484,0.38986,0.294056,0.291617,0.268508,0.585673,0.105982,3.36034,0.267993,,-0.00286838,0.0819897,-0.0361681,68.7509,-0.00286838,0.00213886,-0.03969904617406428,0.002138857962563634,-0.000321447,999,,,,,,,-1,,-1,,,,,,,,,,,,,,,,,,,,"Yilber Herrera","sa3018425",703191
"Eduardo Garcia","MIL",0,1,1,0,0,0,0,0,0,0,0,0,0,0,0,0,,0,0,0.203405,0.0500614,0.347757,0.143955,0.254872,0.32907,0.256626,0.583942,0.125665,5.82913,0.29574,,0.00123727,0.0723424,-0.0458153,62.1366,0.00123727,0.0072165,-0.04363867896609008,0.007216504774987698,-0.000322482,999,,,,,,,-1,,-1,,,,,,,,,,,,,,,,,,,,"Eduardo Garcia","sa3008751",682633
"Johnny Tincher","CLE",0,1,1,0,0,0,0,0,0,0,0,0,0,0,0,0,,0,0,0.192906,0.0857464,0.27774,0.308729,0.272193,0.276104,0.249541,0.548297,0.083198,1.97474,0.263045,,-0.00188999,0.0665903,-0.0515674,57.6278,-0.00188999,0.014259,-0.05183055507950485,0.01425904966890812,-0.000322605,999,,,,,,,-1,,-1,,,,,,,,,,,,,,,,,,,,"Johnny Tincher","sa3023072",814816
"Angel Feliz","WSN",0,1,1,0,0,0,0,0,0,0,0,0,0,0,0,0,,0,0,0.21695,0.0667152,0.272133,0.245156,0.269865,0.33321,0.265313,0.603075,0.11626,4.46159,0.283424,,-0.00168462,0.0793954,-0.0387623,67.3529,-0.00168462,0.00393692,-0.04037815739866346,0.003936924040317535,-0.000324432,999,,,,,,,-1,,-1,,,,,,,,,,,,,,,,,,,,"Angel Feliz","sa3023892",815906
"Brennan Milone","ATH",0,1,1,0,0,0,0,0,0,0,0,0,0,0,0,0,,0,0,0.221491,0.0963877,0.256255,0.37614,0.30167,0.358394,0.292534,0.660064,0.136903,1.90273,0.278608,,-0.00227662,0.101497,-0.0166611,85.6639,-0.00227662,-0.0178238,-0.01922057941555977,-0.01782381348311901,-0.000327409,999,,,,,,,-1,,-1,,,,,,,,,,,,,,,,,,,,"Brennan Milone","sa3019974",686810
"Jordan Dissin","PHI",0,1,1,0,0,0,0,0,0,0,0,0,0,0,0,0,,0,0,0.192872,0.089451,0.328551,0.272259,0.274268,0.28875,0.255191,0.563018,0.0958785,2.14689,0.280391,,-0.0018867,0.0711779,-0.0469798,58.789,-0.0018867,0.014259,-0.05073026323225349,0.01425904966890812,-0.000327499,999,,,,,,,-1,,-1,,,,,,,,,,,,,,,,,,,,"Jordan Dissin","sa3020100",805301
"Raudelis Martinez","BOS",0,1,1,0,0,0,0,0,0,0,0,0,0,0,0,0,,0,0,0.203884,0.0751964,0.209442,0.359032,0.26748,0.294385,0.25174,0.561865,0.0905012,2.4567,0.246687,,-0.00130409,0.0683761,-0.0497817,57.0762,-0.00130409,0.014259,-0.05189484206493944,0.01425904966890812,-0.000329182,999,,,,,,,-1,,-1,,,,,,,,,,,,,,,,,,,,"Raudelis Martinez","sa3016835",696020
"Ivan Johnson","CIN",0,1,1,0,0,0,0,0,0,0,0,0,0,0,0,0,,0,0,0.21323,0.0866752,0.312394,0.277454,0.289619,0.363446,0.287819,0.653066,0.150216,5.2309,0.290398,,0.000415563,0.0976682,-0.0204895,77.8702,0.000415563,-0.0106943,-0.02581285164342262,-0.010694287717342377,-0.000331175,999,,,,,,,-1,,-1,,,,,,,,,,,,,,,,,,,,"Ivan Johnson","sa1169627",671155
"Axel Sanchez","SEA",0,1,1,0,0,0,0,0,0,0,0,0,0,0,0,0,,0,0,0.188673,0.0710287,0.326566,0.217502,0.255025,0.301801,0.248375,0.556827,0.113128,4.7615,0.265695,,-0.000925803,0.0656439,-0.0525138,62.1717,-0.000925803,0.00784248,-0.04551083326805383,0.007842478342354298,-0.000332514,999,,,,,,,-1,,-1,,,,,,,,,,,,,,,,,,,,"Axel Sanchez","sa3015601",692046
"Dalton Davis","SEA",0,1,1,0,0,0,0,0,0,0,0,0,0,0,0,0,,0,0,0.216713,0.0607758,0.246142,0.246913,0.273697,0.324414,0.264974,0.598111,0.107701,4.27824,0.274433,,-0.000166388,0.0791208,-0.0390369,73.6062,-0.000166388,-0.00641657,-0.031274521446903236,-0.006416573189198971,-0.00033484,999,,,,,,,-1,,-1,,,,,,,,,,,,,,,,,,,,"Dalton Davis","sa3068170",802990
"Duncan Pastore","NYY",0,1,1,0,0,0,0,0,0,0,0,0,0,0,0,0,,0,0,0.208415,0.0749878,0.25668,0.292144,0.277428,0.31144,0.263435,0.588868,0.103025,3.71565,0.26859,,-0.00111629,0.0778705,-0.0402872,67.1422,-0.00111629,0.00213886,-0.039842990576289594,0.002138857962563634,-0.000336174,999,,,,,,,-1,,-1,,,,,,,,,,,,,,,,,,,,"Duncan Pastore","sa3025482",804603
"Michael Turconi",,0,1,1,0,0,0,0,0,0,0,0,0,0,0,0,0,,0,0,0.19688,0.107339,0.29427,0.364764,0.289154,0.287477,0.263014,0.576631,0.0905972,3.54633,0.277783,,-0.000847221,0.0775287,-0.040629,66.9085,-0.000847221,0.00213886,-0.03984939365182072,0.002138857962563634,-0.000336829,999,,,,,,,-1,,-1,,,,,,,,,,,,,,,,,,,,"Michael Turconi","sa3020195",681580
"Albert Almora Jr.",,0,1,1,0,0,0,0,0,0,0,0,0,0,0,0,0,,0,0,0.233407,0.0521865,0.202296,0.257971,0.276981,0.332508,0.267981,0.609489,0.0991012,4.7232,0.283641,,-0.0009967251,0.081562,-0.0365957,68.1766,-0.0009967251,0.00213886,-0.03871399653144181,0.002138857962563634,-0.000338132,999,,,,,,,-1,,-1,,,,,,,,,,,,,,,,,,,,"Albert Almora Jr.","14109",546991
"Jancel Villarroel","SFG",0,1,1,0,0,0,0,0,0,0,0,0,0,0,0,0,,0,0,0.21854,0.0594232,0.255496,0.232579,0.280233,0.32848,0.270199,0.608713,0.10994,4.39458,0.28224,,-0.00204292,0.0833625,-0.0347952,73.0734,-0.00204292,-0.00262224,-0.03395656053908169,-0.0026222390588372946,-0.000338507,999,,,,,,,-1,,-1,,,,,,,,,,,,,,,,,,,,"Jancel Villarroel","sa3020102",806611
"Maui Ahuna","SFG",0,1,1,0,0,0,0,0,0,0,0,0,0,0,0,0,,0,0,0.200197,0.0680429,0.326408,0.20846,0.263554,0.308499,0.254693,0.572053,0.108302,4.94156,0.28801,,0.000706233,0.0707734,-0.0473844,62.4515,0.000706233,0.0072165,-0.04379650909686461,0.007216504774987698,-0.00033863,999,,,,,,,-1,,-1,,,,,,,,,,,,,,,,,,,,"Maui Ahuna","sa3023373",694757
"Ricky Cabrera","CIN",0,1,1,0,0,0,0,0,0,0,0,0,0,0,0,0,,0,0,0.218075,0.0527469,0.27933,0.188834,0.277525,0.345508,0.274846,0.623033,0.127433,4.82369,0.284576,,-0.000534266,0.0871353,-0.0310224,68.9832,-0.000534266,0.000712953,-0.03729563590604812,0.0007129529840312898,-0.000338904,999,,,,,,,-1,,-1,,,,,,,,,,,,,,,,,,,,"Ricky Cabrera","sa3018405",703150
"Harry Owen",,0,1,1,0,0,0,0,0,0,0,0,0,0,0,0,0,,0,0,0.206547,0.0576303,0.259034,0.222482,0.262415,0.304676,0.252352,0.567091,0.0981288,2.82598,0.266128,,-0.0010598,0.0688723,-0.0492854,57.9833,-0.0010598,0.014259,-0.05085832241456956,0.01425904966890812,-0.000340601,999,,,,,,,-1,,-1,,,,,,,,,,,,,,,,,,,,"Harry Owen","sa3020213",702214
"Alex De Jesus",,0,1,1,0,0,0,0,0,0,0,0,0,0,0,0,0,,0,0,0.207871,0.0857765,0.30718,0.279238,0.278464,0.322601,0.267483,0.601064,0.114729,3.33695,0.290153,,-0.0024186,0.0811578,-0.0369999,69.4068,-0.0024186,0.000712953,-0.03847625805065036,0.0007129529840312898,-0.000342228,999,,,,,,,-1,,-1,,,,,,,,,,,,,,,,,,,,"Alex De Jesus","sa3008842",682942
"Taylor Young","LAD",0,1,1,0,0,0,0,0,0,0,0,0,0,0,0,0,,0,0,0.200799,0.0992588,0.248174,0.399956,0.28992,0.272916,0.258347,0.562836,0.0721176,5.7153,0.268668,,0.00501166,0.0737398,-0.0444179,63.0702,0.00501166,0.00213886,-0.03875779826194048,0.002138857962563634,-0.000342614,999,,,,,,,-1,,-1,,,,,,,,,,,,,,,,,,,,"Taylor Young","sa3019907",805891
"Omar Alfonzo","PIT",0,1,1,0,0,0,0,0,0,0,0,0,0,0,0,0,,0,0,0.209287,0.0941018,0.302995,0.310572,0.286997,0.320419,0.271889,0.607417,0.111133,1.96573,0.289555,,-0.00169677,0.0847347,-0.033423,69.9543,-0.00169677,0.000657342,-0.037307166028767824,0.0006573420250788331,-0.000345773,999,,,,,,,-1,,-1,,,,,,,,,,,,,,,,,,,,"Omar Alfonzo","sa3015665",692657
"Garrett Cooper",,0,1,1,0,0,0,0,0,0,0,0,0,0,0,0,0,,0,0,0.231955,0.0748112,0.280728,0.26649,0.297242,0.367448,0.292458,0.66469,0.135494,2.79969,0.303805,,-0.0016118,0.101435,-0.0167232,85.4571,-0.0016118,-0.0178238,-0.018848152132704854,-0.01782381348311901,-0.000348039,999,,,,,,,-1,,-1,,,,,,,,,,,,,,,,,,,,"Garrett Cooper","15279",643265
"Hector Salas","HOU",0,1,1,0,0,0,0,0,0,0,0,0,0,0,0,0,,0,0,0.206751,0.091075,0.283455,0.321304,0.282794,0.304262,0.263985,0.587056,0.0975114,4.0855,0.282007,,-0.00104234,0.0783175,-0.0398402,66.9686,-0.00104234,0.00213886,-0.039973735460080206,0.002138857962563634,-0.000349551,999,,,,,,,-1,,-1,,,,,,,,,,,,,,,,,,,,"Hector Salas","sa3024156",827504
"Josh Hood","SEA",0,1,1,0,0,0,0,0,0,0,0,0,0,0,0,0,,0,0,0.193149,0.06333,0.33072,0.191491,0.244196,0.313975,0.24569,0.558171,0.120826,4.40495,0.266587,,0.00108506,0.0634639,-0.0546938,60.3221,0.00108506,0.00784248,-0.04567998391576111,0.007842478342354298,-0.00034982,999,,,,,,,-1,,-1,,,,,,,,,,,,,,,,,,,,"Josh Hood","sa3020268",681377
"Caleb Cali","SEA",0,1,1,0,0,0,0,0,0,0,0,0,0,0,0,0,,0,0,0.190851,0.0816771,0.359282,0.227334,0.260338,0.323402,0.258675,0.58374,0.132551,3.78438,0.278039,,-0.00240585,0.0740064,-0.0441514,69.2669,-0.00240585,0.000712953,-0.03862841031514108,0.0007129529840312898,-0.000357795,999,,,,,,,-1,,-1,,,,,,,,,,,,,,,,,,,,"Caleb Cali","sa3022651",687730
"Jared Dickey","ATH",0,1,1,0,0,0,0,0,0,0,0,0,0,0,0,0,,0,0,0.228628,0.0833201,0.214588,0.388279,0.299899,0.337242,0.283559,0.637141,0.108614,3.31497,0.281239,,-0.00241996,0.09421,-0.0239477,79.4989,-0.00241996,-0.0106943,-0.0266505004838109,-0.010694287717342377,-0.000358143,999,,,,,,,-1,,-1,,,,,,,,,,,,,,,,,,,,"Jared Dickey","sa3022688",801406
"Javier Osorio","DET",0,1,1,0,0,0,0,0,0,0,0,0,0,0,0,0,,0,0,0.207127,0.0550437,0.302104,0.182201,0.262827,0.325169,0.259865,0.587996,0.118041,5.31403,0.279074,,0.00317923,0.0749726,-0.0431851,63.3045,0.00317923,0.00213886,-0.040070749120786786,0.002138857962563634,-0.000359477,999,,,,,,,-1,,-1,,,,,,,,,,,,,,,,,,,,"Javier Osorio","sa3018410",703157
"Aaron Schunk","ATL",0,1,1,0,0,0,0,0,0,0,0,0,0,0,0,0,,0,0,0.226972,0.0492339,0.255313,0.192837,0.268903,0.341806,0.267124,0.610709,0.114834,4.74637,0.290901,,-0.00155736,0.0808661,-0.0372916,68.1028,-0.00155736,0.00256298,-0.039362145704217255,0.0025629790034145117,-0.000361053,999,,,,,,,-1,,-1,,,,,,,,,,,,,,,,,,,,"Aaron Schunk","25524",668845
"Derek Datil","TBR",0,1,1,0,0,0,0,0,0,0,0,0,0,0,0,0,,0,0,0.210268,0.0847811,0.268193,0.316119,0.280873,0.312977,0.265547,0.59385,0.102709,3.38984,0.277202,,-0.000705478,0.0795855,-0.0385722,66.5868,-0.000705478,0.00213886,-0.04008680279366672,0.002138857962563634,-0.000361119,999,,,,,,,-1,,-1,,,,,,,,,,,,,,,,,,,,"Derek Datil","sa3067337",827613
"Jake Holton","SFG",0,1,1,0,0,0,0,0,0,0,0,0,0,0,0,0,,0,0,0.216919,0.0897266,0.263569,0.340429,0.300492,0.347636,0.288656,0.648128,0.130717,2.41732,0.277844,,-0.00206902,0.0983483,-0.0198094,85.7174,-0.00206902,-0.0178238,-0.018996800761669874,-0.01782381348311901,-0.000363247,999,,,,,,,-1,,-1,,,,,,,,,,,,,,,,,,,,"Jake Holton","sa3010599",687724
"Chris Meyers","DET",0,1,1,0,0,0,0,0,0,0,0,0,0,0,0,0,,0,0,0.217275,0.0709341,0.26271,0.270009,0.284406,0.353825,0.281626,0.638231,0.13655,2.43667,0.272238,,-0.00170392,0.0926399,-0.0255178,78.2943,-0.00170392,-0.0106943,-0.027286568889394403,-0.010694287717342377,-0.000364487,999,,,,,,,-1,,-1,,,,,,,,,,,,,,,,,,,,"Chris Meyers","sa3016956",680273
"Chase Harlan","LAD",0,1,1,0,0,0,0,0,0,0,0,0,0,0,0,0,,0,0,0.21058,0.0732569,0.294194,0.249009,0.26959,0.350789,0.272165,0.620378,0.140209,2.34292,0.273316,,-0.00168139,0.0849592,-0.0331985,72.5364,-0.00168139,-0.00262224,-0.03423147217836231,-0.0026222390588372946,-0.000366634,999,,,,,,,-1,,-1,,,,,,,,,,,,,,,,,,,,"Chase Harlan","sa3067256",815792
"Ryan Lasko","ATH",0,1,1,0,0,0,0,0,0,0,0,0,0,0,0,0,,0,0,0.200369,0.0847114,0.28852,0.293607,0.27867,0.292308,0.258316,0.570978,0.091939,4.18525,0.276096,,0.0000182756,0.0737151,-0.0444426,62.1584,0.0000182756,0.0072165,-0.04470719462733541,0.007216504774987698,-0.00037307,999,,,,,,,-1,,-1,,,,,,,,,,,,,,,,,,,,"Ryan Lasko","sa3022539",805782
"Ian Lewis Jr.","MIA",0,1,1,0,0,0,0,0,0,0,0,0,0,0,0,0,,0,0,0.231258,0.0567975,0.24151,0.235177,0.278065,0.359459,0.278211,0.637524,0.128201,6.97215,0.289416,,0.00358982,0.0898674,-0.0282903,74.8274,0.00358982,-0.0106943,-0.026244881097227335,-0.010694287717342377,-0.000375377,999,,,,,,,-1,,-1,,,,,,,,,,,,,,,,,,,,"Ian Lewis Jr.","sa3014691",691588
"Kendall Simmons",,0,1,1,0,0,0,0,0,0,0,0,0,0,0,0,0,,0,0,0.200977,0.0609902,0.305301,0.199771,0.263288,0.339538,0.265577,0.602826,0.13856,3.96986,0.266524,,-0.00119242,0.0796097,-0.038548,68.0228,-0.00119242,0.00213886,-0.03909199417103082,0.002138857962563634,-0.000376806,999,,,,,,,-1,,-1,,,,,,,,,,,,,,,,,,,,"Kendall Simmons","sa3006867",669227
"Christian Martin","STL",0,1,1,0,0,0,0,0,0,0,0,0,0,0,0,0,,0,0,0.211292,0.0792167,0.235504,0.33637,0.283246,0.296502,0.261472,0.579748,0.0852102,3.90047,0.270206,,0.000188388,0.0762771,-0.0418806,66.8498,0.000188388,0.00213886,-0.039101463204133324,0.002138857962563634,-0.000377775,999,,,,,,,-1,,-1,,,,,,,,,,,,,,,,,,,,"Christian Martin","sa3025155",802353
"Felix Stevens",,0,1,1,0,0,0,0,0,0,0,0,0,0,0,0,0,,0,0,0.20153,0.0799104,0.356383,0.224226,0.273732,0.362975,0.279649,0.636707,0.161445,2.72716,0.282993,,-0.00132689,0.0910354,-0.0271224,78.9461,-0.00132689,-0.0106943,-0.026280065183527768,-0.010694287717342377,-0.000378977,999,,,,,,,-1,,-1,,,,,,,,,,,,,,,,,,,,"Felix Stevens","sa3008946",685474
"Willy Vasquez","BAL",0,1,1,0,0,0,0,0,0,0,0,0,0,0,0,0,,0,0,0.213102,0.0518014,0.287171,0.180385,0.25616,0.334389,0.258038,0.590549,0.121287,5.68214,0.282312,,-0.000503054,0.0734888,-0.0446689,61.4141,-0.000503054,0.00784248,-0.04598106682533398,0.007842478342354298,-0.000380624,999,,,,,,,-1,,-1,,,,,,,,,,,,,,,,,,,,"Willy Vasquez","sa3011821",691938
"Gunner Gouldsmith","ATH",0,1,1,0,0,0,0,0,0,0,0,0,0,0,0,0,,0,0,0.199367,0.0913415,0.266617,0.342595,0.279705,0.293739,0.2593,0.573444,0.0943721,3.95467,0.265753,,-0.00159593,0.0745133,-0.0436444,62.8337,-0.00159593,0.00784248,-0.045523184817284346,0.007842478342354298,-0.000392512,999,,,,,,,-1,,-1,,,,,,,,,,,,,,,,,,,,"Gunner Gouldsmith","sa3032524",802005
"Luis Guanipa","ATL",0,1,1,0,0,0,0,0,0,0,0,0,0,0,0,0,,0,0,0.222253,0.0595566,0.249917,0.238306,0.27211,0.329692,0.265286,0.601802,0.107439,3.35811,0.281721,,-0.00176629,0.0793734,-0.0387843,66.8433,-0.00176629,0.00393692,-0.0410637971945107,0.003936924040317535,-0.000394582,999,,,,,,,-1,,-1,,,,,,,,,,,,,,,,,,,,"Luis Guanipa","sa3020884",806994
"Rafe Perich","TEX",0,1,1,0,0,0,0,0,0,0,0,0,0,0,0,0,,0,0,0.203147,0.092505,0.270985,0.341366,0.280722,0.307648,0.264313,0.588369,0.104501,2.32729,0.267329,,-0.00131053,0.0785835,-0.0395742,68.0243,-0.00131053,0.000712953,-0.03899760637432337,0.0007129529840312898,-0.000395569,999,,,,,,,-1,,-1,,,,,,,,,,,,,,,,,,,,"Rafe Perich","sa3025368",825927
"Josh Tate","PIT",0,1,1,0,0,0,0,0,0,0,0,0,0,0,0,0,,0,0,0.218155,0.0665094,0.250846,0.26514,0.276943,0.328574,0.267973,0.605517,0.110418,4.70248,0.279447,,-0.000508588,0.081555,-0.0366027,67.2715,-0.000508588,0.00213886,-0.03929861623328179,0.002138857962563634,-0.000397946,999,,,,,,,-1,,-1,,,,,,,,,,,,,,,,,,,,"Josh Tate","sa3043523",702495
"Aiden Taurek","SEA",0,1,1,0,0,0,0,0,0,0,0,0,0,0,0,0,,0,0,0.219631,0.0692489,0.243699,0.284158,0.277649,0.329634,0.268728,0.607283,0.110002,4.19691,0.276481,,0.000435458,0.0821686,-0.0359891,76.1922,0.000435458,-0.0106943,-0.02762485371204093,-0.010694287717342377,-0.000399097,999,,,,,,,-1,,-1,,,,,,,,,,,,,,,,,,,,"Aiden Taurek","sa3069071",702522
"Dameury Pena","MIN",0,1,1,0,0,0,0,0,0,0,0,0,0,0,0,0,,0,0,0.227016,0.0511314,0.183312,0.278931,0.27268,0.332985,0.266665,0.605665,0.105969,3.72522,0.260605,,-0.000657158,0.0804935,-0.0376642,67.4815,-0.000657158,0.000657342,-0.03898399154422805,0.0006573420250788331,-0.000399866,999,,,,,,,-1,,-1,,,,,,,,,,,,,,,,,,,,"Dameury Pena","sa3021624",808365
"Blaze O'Saben",,0,1,1,0,0,0,0,0,0,0,0,0,0,0,0,0,,0,0,0.211632,0.0621001,0.246338,0.252093,0.273379,0.311155,0.26076,0.584535,0.0995233,4.80186,0.269987,,0.00261123,0.0756992,-0.0424585,63.4138,0.00261123,0.00213886,-0.04050990589894354,0.002138857962563634,-0.000404408,999,,,,,,,-1,,-1,,,,,,,,,,,,,,,,,,,,"Blaze O'Saben","sa3067549",835031
"Stone Garrett",,0,1,1,0,0,0,0,0,0,0,0,0,0,0,0,0,,0,0,0.221084,0.0718278,0.289133,0.248424,0.282042,0.359239,0.281559,0.641281,0.138155,3.65679,0.290409,,-0.00103146,0.0925856,-0.0255721,78.482,-0.00103146,-0.0106943,-0.02653476526029408,-0.010694287717342377,-0.000405036,999,,,,,,,-1,,-1,,,,,,,,,,,,,,,,,,,,"Stone Garrett","19273",656448
"Ediel Rivera","NYY",0,1,1,0,0,0,0,0,0,0,0,0,0,0,0,0,,0,0,0.187591,0.0544346,0.335149,0.162419,0.254537,0.292134,0.245394,0.546671,0.104543,5.05902,0.271017,,0.000725081,0.0632235,-0.0549343,54.7149,0.000725081,0.014259,-0.0526487214374356,0.01425904966890812,-0.000406313,999,,,,,,,-1,,-1,,,,,,,,,,,,,,,,,,,,"Ediel Rivera","sa3067330",815528
"Dustin Dickerson","KCR",0,1,1,0,0,0,0,0,0,0,0,0,0,0,0,0,,0,0,0.203894,0.106196,0.249462,0.425698,0.294758,0.279328,0.26323,0.574086,0.0754338,3.26824,0.268738,,-0.002472,0.0777047,-0.0404531,62.8565,-0.002472,0.00784248,-0.04624989558942616,0.007842478342354298,-0.000408129,999,,,,,,,-1,,-1,,,,,,,,,,,,,,,,,,,,"Dustin Dickerson","sa3022828",815039
"Will Wilson","SEA",0,1,1,0,0,0,0,0,0,0,0,0,0,0,0,0,,0,0,0.204425,0.0698552,0.282785,0.247026,0.265101,0.322146,0.260077,0.587247,0.117721,3.11392,0.266923,,-0.00158677,0.0751442,-0.0430135,70.2323,-0.00158677,-0.00173618,-0.036671478766947985,-0.0017361820209771395,-0.000408154,999,,,,,,,-1,,-1,,,,,,,,,,,,,,,,,,,,"Will Wilson","25434",669717
"Tyler Rodriguez","MIL",0,1,1,0,0,0,0,0,0,0,0,0,0,0,0,0,,0,0,0.203425,0.102324,0.24054,0.425394,0.309007,0.299923,0.279383,0.60893,0.0964978,3.8812,0.260186,,-0.000269241,0.0908189,-0.0273389,77.7258,-0.000269241,-0.0106943,-0.02666874331771396,-0.010694287717342377,-0.000418743,999,,,,,,,-1,,-1,,,,,,,,,,,,,,,,,,,,"Tyler Rodriguez","sa3021615",808291
"Caleb Farmer","WSN",0,1,1,0,0,0,0,0,0,0,0,0,0,0,0,0,,0,0,0.19394,0.0642978,0.290844,0.221073,0.2581,0.303953,0.250578,0.562053,0.110013,3.71685,0.259104,,-0.000988091,0.0674326,-0.0507252,57.2595,-0.000988091,0.014259,-0.051644458319060504,0.01425904966890812,-0.000421033,999,,,,,,,-1,,-1,,,,,,,,,,,,,,,,,,,,"Caleb Farmer","sa3020354",805957
"Ethan Workinger","ATL",0,1,1,0,0,0,0,0,0,0,0,0,0,0,0,0,,0,0,0.22691,0.0633363,0.244728,0.258803,0.278099,0.377302,0.285175,0.655401,0.150392,3.35072,0.273391,,-0.00354581,0.0955219,-0.0226358,80.4684,-0.00354581,-0.0106943,-0.026694747153669596,-0.010694287717342377,-0.000421404,999,,,,,,,-1,,-1,,,,,,,,,,,,,,,,,,,,"Ethan Workinger","sa3015166",689688
"Cade Hunter","CIN",0,1,1,0,0,0,0,0,0,0,0,0,0,0,0,0,,0,0,0.192515,0.0846905,0.332578,0.254649,0.270859,0.304855,0.258728,0.575713,0.112339,2.38798,0.275055,,-0.00180592,0.0740492,-0.0441086,57.9419,-0.00180592,0.014259,-0.05165341007523239,0.01425904966890812,-0.000421949,999,,,,,,,-1,,-1,,,,,,,,,,,,,,,,,,,,"Cade Hunter","sa3020199",687192
"Josh Moylan","NYY",0,1,1,0,0,0,0,0,0,0,0,0,0,0,0,0,,0,0,0.194901,0.100047,0.317661,0.314948,0.282861,0.302986,0.264751,0.585847,0.108085,2.59456,0.278136,,-0.00160879,0.0789391,-0.0392186,68.0488,-0.00160879,0.000712953,-0.03926698083523661,0.0007129529840312898,-0.000423129,999,,,,,,,-1,,-1,,,,,,,,,,,,,,,,,,,,"Josh Moylan","sa3022865",694742
"Justice Bigbie","DET",0,1,1,0,0,0,0,0,0,0,0,0,0,0,0,0,,0,0,0.23609,0.0709401,0.209641,0.338389,0.295699,0.340288,0.281843,0.635987,0.104197,2.32296,0.285525,,-0.00247243,0.0928168,-0.0253409,78.4444,-0.00247243,-0.0106943,-0.027878219494596124,-0.010694287717342377,-0.00042502,999,,,,,,,-1,,-1,,,,,,,,,,,,,,,,,,,,"Justice Bigbie","sa3016971",694425
"Kevin Made","WSN",0,1,1,0,0,0,0,0,0,0,0,0,0,0,0,0,,0,0,0.219078,0.0676709,0.220152,0.307383,0.27919,0.311443,0.263415,0.590632,0.0923641,3.27784,0.272005,,-0.00115634,0.0778549,-0.0403028,66.0532,-0.00115634,0.00393692,-0.041390324593521655,0.003936924040317535,-0.000427989,999,,,,,,,-1,,-1,,,,,,,,,,,,,,,,,,,,"Kevin Made","sa3014679",691183
"Matt Kroon",,0,1,1,0,0,0,0,0,0,0,0,0,0,0,0,0,,0,0,0.222743,0.0702603,0.266447,0.263693,0.285825,0.348733,0.28,0.634558,0.12599,5.59347,0.287786,,0.00191903,0.09132,-0.0268377,75.7836,0.00191903,-0.0106943,-0.026782467728480697,-0.010694287717342377,-0.000430379,999,,,,,,,-1,,-1,,,,,,,,,,,,,,,,,,,,"Matt Kroon","sa3007502",663714
"Roderick Flores","MIL",0,1,1,0,0,0,0,0,0,0,0,0,0,0,0,0,,0,0,0.19466,0.100632,0.300246,0.335165,0.28348,0.300773,0.264543,0.584253,0.106113,2.42478,0.268225,,-0.00117427,0.0787707,-0.039387,67.5604,-0.00117427,0.00213886,-0.0396218819078058,0.002138857962563634,-0.00043102,999,,,,,,,-1,,-1,,,,,,,,,,,,,,,,,,,,"Roderick Flores","sa3021205",808228
"Elijah Nunez","WSN",0,1,1,0,0,0,0,0,0,0,0,0,0,0,0,0,,0,0,0.200774,0.106814,0.272107,0.392544,0.290811,0.281008,0.261477,0.57182,0.0802344,4.98936,0.275276,,0.00217971,0.0762815,-0.0418762,64.7256,0.00217971,0.00213886,-0.03962773713283241,0.002138857962563634,-0.000431619,999,,,,,,,-1,,-1,,,,,,,,,,,,,,,,,,,,"Elijah Nunez","sa3022674",694399
"Quincy Hamilton",,0,1,1,0,0,0,0,0,0,0,0,0,0,0,0,0,,0,0,0.205723,0.0912679,0.270912,0.336892,0.285569,0.340674,0.278331,0.626243,0.134951,4.23459,0.261806,,-0.000681657,0.0899653,-0.0281924,76.8512,-0.000681657,-0.0106943,-0.0279652324388735,-0.010694287717342377,-0.000433922,999,,,,,,,-1,,-1,,,,,,,,,,,,,,,,,,,,"Quincy Hamilton","sa3017215",680810
"Brock Jones","TBR",0,1,1,0,0,0,0,0,0,0,0,0,0,0,0,0,,0,0,0.189425,0.0994546,0.397636,0.250115,0.277555,0.350688,0.278116,0.628243,0.161264,6.32306,0.292853,,0.00120717,0.0897904,-0.0283673,75.2452,0.00120717,-0.0106943,-0.027969221118837595,-0.010694287717342377,-0.00043433,999,,,,,,,-1,,-1,,,,,,,,,,,,,,,,,,,,"Brock Jones","sa3020190",677342
"Cade Doughty","TOR",0,1,1,0,0,0,0,0,0,0,0,0,0,0,0,0,,0,0,0.212528,0.0521061,0.272751,0.191039,0.260698,0.323059,0.257267,0.583756,0.110531,2.44751,0.275454,,-0.00216815,0.0728634,-0.0452944,62.3693,-0.00216815,0.00784248,-0.04652029788121581,0.007842478342354298,-0.000435794,999,,,,,,,-1,,-1,,,,,,,,,,,,,,,,,,,,"Cade Doughty","sa3020196",683103
"Gabriel Terrero",,0,1,1,0,0,0,0,0,0,0,0,0,0,0,0,0,,0,0,0.203459,0.0719544,0.291144,0.247144,0.264469,0.319486,0.258751,0.583956,0.116027,4.86346,0.270284,,0.00169851,0.0740679,-0.0440899,63.9158,0.00169851,0.00213886,-0.04083088238257915,0.002138857962563634,-0.000437248,999,,,,,,,-1,,-1,,,,,,,,,,,,,,,,,,,,"Gabriel Terrero","sa3021213",808239
"Corey Rosier","BOS",0,1,1,0,0,0,0,0,0,0,0,0,0,0,0,0,,0,0,0.227029,0.085792,0.232257,0.369383,0.29859,0.33121,0.280681,0.6298,0.104181,6.04212,0.289384,,0.00299451,0.0918729,-0.0262848,73.6982,0.00299451,-0.0106943,-0.028005197644233704,-0.010694287717342377,-0.000438011,999,,,,,,,-1,,-1,,,,,,,,,,,,,,,,,,,,"Corey Rosier","sa3016961",681468
"Jacob Burke","CHW",0,1,1,0,0,0,0,0,0,0,0,0,0,0,0,0,,0,0,0.209678,0.0650202,0.264044,0.246247,0.279832,0.303365,0.262237,0.583197,0.0936875,5.00181,0.277929,,0.000475743,0.0768978,-0.0412599,64.9315,0.000475743,0.00213886,-0.040856553794583306,0.002138857962563634,-0.000439874,999,,,,,,,-1,,-1,,,,,,,,,,,,,,,,,,,,"Jacob Burke","sa3019934",804240
"Nikau Pouaka-Grego","PHI",0,1,1,0,0,0,0,0,0,0,0,0,0,0,0,0,,0,0,0.207244,0.0807152,0.260495,0.309853,0.281463,0.318929,0.268504,0.600393,0.111685,2.5292,0.266662,,-0.00173438,0.0819863,-0.0361714,67.9084,-0.00173438,0.00213886,-0.039769603637978435,0.002138857962563634,-0.000446134,999,,,,,,,-1,,-1,,,,,,,,,,,,,,,,,,,,"Nikau Pouaka-Grego","sa3018959",800444
"Welbyn Francisca","CLE",0,1,1,0,0,0,0,0,0,0,0,0,0,0,0,0,,0,0,0.219393,0.0686973,0.23781,0.288875,0.272743,0.320775,0.262586,0.593519,0.101382,4.97606,0.275566,,0.00316289,0.0771813,-0.0409764,66.6138,0.00316289,-0.00262224,-0.036186679266393185,-0.0026222390588372946,-0.000449207,999,,,,,,,-1,,-1,,,,,,,,,,,,,,,,,,,,"Welbyn Francisca","sa3021087",806988
"Ronny Cruz","WSN",0,1,1,0,0,0,0,0,0,0,0,0,0,0,0,0,,0,0,0.21658,0.046967,0.26205,0.179229,0.25735,0.334554,0.258518,0.591905,0.117974,6.40606,0.278366,,0.000472538,0.0738787,-0.044279,64.4705,0.000472538,0.00393692,-0.04163729416904971,0.003936924040317535,-0.000453257,999,,,,,,,-1,,-1,,,,,,,,,,,,,,,,,,,,"Ronny Cruz","sa3067336",826723
"Carlos Pacheco","ATH",0,1,1,0,0,0,0,0,0,0,0,0,0,0,0,0,,0,0,0.189154,0.0868083,0.30746,0.28234,0.281896,0.285778,0.259501,0.567674,0.0966245,4.77581,0.268199,,0.00144533,0.0746768,-0.0434809,62.9721,0.00144533,0.00393692,-0.042318435152992606,0.003936924040317535,-0.000464212,999,,,,,,,-1,,-1,,,,,,,,,,,,,,,,,,,,"Carlos Pacheco","sa3018455",800149
"Darlyn De Leon","CHC",0,1,1,0,0,0,0,0,0,0,0,0,0,0,0,0,,0,0,0.2033,0.0716708,0.295064,0.242899,0.267919,0.319786,0.261016,0.587704,0.116485,4.7846,0.272574,,0.000120504,0.0759071,-0.0422507,66.1819,0.000120504,0.00213886,-0.03996097111667041,0.002138857962563634,-0.000465713,999,,,,,,,-1,,-1,,,,,,,,,,,,,,,,,,,,"Darlyn De Leon","sa3018548",800391
"Daniel Vellojin","TBR",0,1,1,0,0,0,0,0,0,0,0,0,0,0,0,0,,0,0,0.185562,0.0955458,0.292041,0.327166,0.267566,0.285051,0.250228,0.552617,0.0994889,2.62643,0.252753,,-0.0014395,0.0671478,-0.0510099,56.034,-0.0014395,0.014259,-0.053258538828231394,0.01425904966890812,-0.000468705,999,,,,,,,-1,,-1,,,,,,,,,,,,,,,,,,,,"Daniel Vellojin","sa3005587",678962
"Josh Rivera","TOR",0,1,1,0,0,0,0,0,0,0,0,0,0,0,0,0,,0,0,0.196886,0.0887691,0.326324,0.272028,0.27024,0.302238,0.256539,0.572477,0.105351,3.38027,0.284574,,-0.00129583,0.0722717,-0.045886,61.8673,-0.00129583,0.0072165,-0.046239669201895595,0.007216504774987698,-0.000471128,999,,,,,,,-1,,-1,,,,,,,,,,,,,,,,,,,,"Josh Rivera","sa3022590",687069
"Bill Knight","SEA",0,1,1,0,0,0,0,0,0,0,0,0,0,0,0,0,,0,0,0.196316,0.0588077,0.290418,0.202493,0.265359,0.284233,0.248204,0.549592,0.0879178,6.14595,0.271211,,0.00355748,0.0655052,-0.0526525,62.054,0.00355748,0.00213886,-0.0411662592086941,0.002138857962563634,-0.000471561,999,,,,,,,-1,,-1,,,,,,,,,,,,,,,,,,,,"Bill Knight","sa3019965",681098
"Dalton McIntyre","ATL",0,1,1,0,0,0,0,0,0,0,0,0,0,0,0,0,,0,0,0.209966,0.0829207,0.294082,0.281964,0.276848,0.309585,0.261935,0.586433,0.0996191,5.23326,0.28866,,0.00198311,0.0766534,-0.0415043,64.5484,0.00198311,0.00213886,-0.04003433859907091,0.002138857962563634,-0.00047322,999,,,,,,,-1,,-1,,,,,,,,,,,,,,,,,,,,"Dalton McIntyre","sa3037634",827637
"Ryan McCarty","TOR",0,1,1,0,0,0,0,0,0,0,0,0,0,0,0,0,,0,0,0.206228,0.0704583,0.278181,0.253282,0.273864,0.31875,0.264049,0.592614,0.112522,3.63083,0.272652,,-0.00234702,0.0783691,-0.0397886,67.0407,-0.00234702,0.00213886,-0.04119343077763915,0.002138857962563634,-0.000474341,999,,,,,,,-1,,-1,,,,,,,,,,,,,,,,,,,,"Ryan McCarty","sa3020244",806005
"John Spikerman","PHI",0,1,1,0,0,0,0,0,0,0,0,0,0,0,0,0,,0,0,0.191076,0.0854755,0.335296,0.254926,0.271504,0.291327,0.254428,0.56283,0.100251,6.19747,0.282364,,0.00428904,0.0705581,-0.0475996,58.266,0.00428904,0.0072165,-0.045174330938607454,0.007216504774987698,-0.000479599,999,,,,,,,-1,,-1,,,,,,,,,,,,,,,,,,,,"John Spikerman","sa3025197",701811
"Joshua Liranzo","BAL",0,1,1,0,0,0,0,0,0,0,0,0,0,0,0,0,,0,0,0.196589,0.0851028,0.32914,0.258561,0.272193,0.303925,0.258439,0.576118,0.107336,4.96039,0.286066,,-0.000675127,0.0738145,-0.0443432,64.017,-0.000675127,0.00393692,-0.043085285113193095,0.003936924040317535,-0.000483937,999,,,,,,,-1,,-1,,,,,,,,,,,,,,,,,,,,"Joshua Liranzo","sa3021198",808162
"Austin Nola",,0,1,1,0,0,0,0,0,0,0,0,0,0,0,0,0,,0,0,0.230419,0.0724185,0.195715,0.37002,0.293306,0.319149,0.27346,0.612456,0.0887304,2.5222,0.279427,,-0.00172133,0.0860101,-0.0321476,59.261,-0.00172133,0.0120016,-0.0500054465373978,0.012001557275652885,-0.000484311,999,,,,,,,-1,,-1,,,,,,,,,,,,,,,,,,,,"Austin Nola","15941",543592
"Ryan McCrystal","CIN",0,1,1,0,0,0,0,0,0,0,0,0,0,0,0,0,,0,0,0.219078,0.0437593,0.269104,0.162611,0.258305,0.328747,0.257045,0.587052,0.109669,3.0892,0.286049,,-0.00108142,0.0726832,-0.0454745,56.7895,-0.00108142,0.014259,-0.05229484639130533,0.01425904966890812,-0.000487576,999,,,,,,,-1,,-1,,,,,,,,,,,,,,,,,,,,"Ryan McCrystal","sa3025334",701734
"Nolan Clifford",,0,1,1,0,0,0,0,0,0,0,0,0,0,0,0,0,,0,0,0.220901,0.0839228,0.26057,0.322074,0.294751,0.32982,0.278787,0.624571,0.108919,3.76153,0.288999,,-0.00192788,0.0903351,-0.0278226,62.9102,-0.00192788,0.00784248,-0.04588701773900539,0.007842478342354298,-0.00048847,999,,,,,,,-1,,-1,,,,,,,,,,,,,,,,,,,,"Nolan Clifford","sa3025670",823089
"Adam Hackenberg","CHW",0,1,1,0,0,0,0,0,0,0,0,0,0,0,0,0,,0,0,0.201326,0.0694552,0.30342,0.228908,0.26616,0.286536,0.248732,0.552695,0.0852095,2.79627,0.283119,,-0.00116076,0.0659332,-0.0522245,55.6286,-0.00116076,0.014259,-0.05345764686353505,0.01425904966890812,-0.000489077,999,,,,,,,-1,,-1,,,,,,,,,,,,,,,,,,,,"Adam Hackenberg","sa3017041",680753
"Marvin Alcantara","BOS",0,1,1,0,0,0,0,0,0,0,0,0,0,0,0,0,,0,0,0.229458,0.0524543,0.226706,0.231375,0.271841,0.319781,0.260905,0.591622,0.0903229,2.57501,0.287001,,-0.00265035,0.0758165,-0.0423412,60.0752,-0.00265035,0.0104961,-0.04970640386454761,0.010496087372303009,-0.000490276,999,,,,,,,-1,,-1,,,,,,,,,,,,,,,,,,,,"Marvin Alcantara","sa3018558",800421
"Wuilfredo Antunez","CLE",0,1,1,0,0,0,0,0,0,0,0,0,0,0,0,0,,0,0,0.223985,0.0537906,0.265782,0.202386,0.268683,0.370234,0.277115,0.638917,0.146249,5.864,0.284462,,-0.00101044,0.0889774,-0.0291803,76.6222,-0.00101044,-0.0106943,-0.02856389549560845,-0.010694287717342377,-0.000495173,999,,,,,,,-1,,-1,,,,,,,,,,,,,,,,,,,,"Wuilfredo Antunez","sa3011578",686404
"Angel Cepeda","CHC",0,1,1,0,0,0,0,0,0,0,0,0,0,0,0,0,,0,0,0.202614,0.0538184,0.355026,0.15159,0.254109,0.319911,0.252826,0.57402,0.117297,6.09841,0.300164,,0.000752681,0.0692571,-0.0489006,60.5711,0.000752681,0.00784248,-0.04597871279111132,0.007842478342354298,-0.000497852,999,,,,,,,-1,,-1,,,,,,,,,,,,,,,,,,,,"Angel Cepeda","sa3021080",806980
"Rafael Ramirez Jr.","WSN",0,1,1,0,0,0,0,0,0,0,0,0,0,0,0,0,,0,0,0.193705,0.108781,0.318819,0.341201,0.284574,0.310204,0.268021,0.594778,0.116498,3.90756,0.275527,,-0.00379401,0.081594,-0.0365637,69.208,-0.00379401,0.00213886,-0.04028893285430968,0.002138857962563634,-0.000499268,999,,,,,,,-1,,-1,,,,,,,,,,,,,,,,,,,,"Rafael Ramirez Jr.","sa3018476",800201
"Charles Mack",,0,1,1,0,0,0,0,0,0,0,0,0,0,0,0,0,,0,0,0.207195,0.0824568,0.279526,0.294988,0.275785,0.325645,0.267187,0.60143,0.11845,3.73484,0.271791,,-0.00103683,0.0809171,-0.0372406,68.6369,-0.00103683,0,-0.038208637735806406,0,-0.00050526,999,,,,,,,-1,,-1,,,,,,,,,,,,,,,,,,,,"Charles Mack","sa3008250",680698
"Felix Cotes","TBR",0,1,1,0,0,0,0,0,0,0,0,0,0,0,0,0,,0,0,0.210241,0.0850568,0.254366,0.334387,0.283131,0.305926,0.264547,0.589056,0.0956849,4.0713,0.273486,,-0.00130651,0.0787741,-0.0393836,65.8984,-0.00130651,0.00213886,-0.0414992356672883,0.002138857962563634,-0.000505629,999,,,,,,,-1,,-1,,,,,,,,,,,,,,,,,,,,"Felix Cotes","sa3022053",800432
"Austin St. Laurent","SEA",0,1,1,0,0,0,0,0,0,0,0,0,0,0,0,0,,0,0,0.196433,0.0789046,0.282693,0.279117,0.262618,0.286024,0.246607,0.548642,0.0895908,3.36839,0.264664,,-0.00135419,0.0642081,-0.0539496,60.9535,-0.00135419,0.00784248,-0.047375022200867534,0.007842478342354298,-0.000523244,999,,,,,,,-1,,-1,,,,,,,,,,,,,,,,,,,,"Austin St. Laurent","sa3025241",694318
"Luis Meza",,0,1,1,0,0,0,0,0,0,0,0,0,0,0,0,0,,0,0,0.199302,0.0618067,0.289238,0.213688,0.259213,0.292144,0.246686,0.551357,0.092842,3.14301,0.270896,,-0.000850157,0.064272,-0.0538857,55.08,-0.000850157,0.014259,-0.05379366624401882,0.01425904966890812,-0.000523455,999,,,,,,,-1,,-1,,,,,,,,,,,,,,,,,,,,"Luis Meza","sa3018423",703189
"Jaden Rudd",,0,1,1,0,0,0,0,0,0,0,0,0,0,0,0,0,,0,0,0.189604,0.0988612,0.286371,0.345221,0.287067,0.279545,0.260239,0.566612,0.0899407,4.60877,0.263109,,0.000261399,0.0752759,-0.0428818,64.4162,0.000261399,0.00213886,-0.0416782361571677,0.002138857962563634,-0.000523943,999,,,,,,,-1,,-1,,,,,,,,,,,,,,,,,,,,"Jaden Rudd","sa3017178",701437
"Noah Miller","LAD",0,1,1,0,0,0,0,0,0,0,0,0,0,0,0,0,,0,0,0.213061,0.0659316,0.228686,0.288307,0.26587,0.306137,0.253897,0.572007,0.093076,2.977,0.265386,,-0.00151735,0.0701273,-0.0480304,60.0222,-0.00151735,0.0104961,-0.048899262212216854,0.010496087372303009,-0.000525163,999,,,,,,,-1,,-1,,,,,,,,,,,,,,,,,,,,"Noah Miller","sa3017512",695653
"David Hensley",,0,1,1,0,0,0,0,0,0,0,0,0,0,0,0,0,,0,0,0.215449,0.110523,0.294736,0.374989,0.304335,0.333107,0.285499,0.637442,0.117658,5.44383,0.299933,,0.000693773,0.0957849,-0.0223728,80.9627,0.000693773,-0.0178238,-0.021743860677815974,-0.01782381348311901,-0.000526838,999,,,,,,,-1,,-1,,,,,,,,,,,,,,,,,,,,"David Hensley","25111",682073
"Newremberg Rondon","DET",0,1,1,0,0,0,0,0,0,0,0,0,0,0,0,0,,0,0,0.201828,0.0668458,0.278677,0.239868,0.258812,0.298927,0.248289,0.557739,0.0970985,3.3581,0.268662,,-0.00118951,0.0655736,-0.0525841,55.3299,-0.00118951,0.014259,-0.053838423220440745,0.01425904966890812,-0.000528035,999,,,,,,,-1,,-1,,,,,,,,,,,,,,,,,,,,"Newremberg Rondon","sa3015653",692598
"Tai Peete","STL",0,1,1,0,0,0,0,0,0,0,0,0,0,0,0,0,,0,0,0.204678,0.0557594,0.32992,0.169009,0.247874,0.325101,0.250446,0.572974,0.120423,6.29458,0.289246,,0.00254635,0.067325,-0.0508327,59.2967,0.00254635,0.0072165,-0.045695530250668526,0.007216504774987698,-0.000532924,999,,,,,,,-1,,-1,,,,,,,,,,,,,,,,,,,,"Tai Peete","sa3022966",806191
"Spencer Nivens","KCR",0,1,1,0,0,0,0,0,0,0,0,0,0,0,0,0,,0,0,0.218485,0.09466,0.251194,0.37684,0.292311,0.346828,0.283034,0.63914,0.128344,3.86878,0.275138,,-0.00127072,0.0937836,-0.0243741,76.4987,-0.00127072,-0.0106943,-0.0289697126718238,-0.010694287717342377,-0.000536693,999,,,,,,,-1,,-1,,,,,,,,,,,,,,,,,,,,"Spencer Nivens","sa3022697",811289
"Andruw Musett","BOS",0,1,1,0,0,0,0,0,0,0,0,0,0,0,0,0,,0,0,0.215972,0.0715715,0.283255,0.252675,0.275048,0.327046,0.266655,0.602093,0.111074,1.92711,0.28694,,-0.0012692,0.080485,-0.0376727,64.0362,-0.0012692,0.00393692,-0.04365672904532403,0.003936924040317535,-0.000542403,999,,,,,,,-1,,-1,,,,,,,,,,,,,,,,,,,,"Andruw Musett","sa3021175",808104
"Tristin English","ATL",0,1,1,0,0,0,0,0,0,0,0,0,0,0,0,0,,0,0,0.235918,0.0450042,0.238349,0.188817,0.28095,0.370048,0.284187,0.650998,0.13413,1.81881,0.286372,,-0.00233973,0.0947196,-0.0234381,79.7915,-0.00233973,-0.0122822,-0.026291017420589924,-0.01228217501193285,-0.000542558,999,,,,,,,-1,,-1,,,,,,,,,,,,,,,,,,,,"Tristin English","26148",663536
"Yolmer Sánchez","LAA",0,1,1,0,0,0,0,0,0,0,0,0,0,0,0,0,,0,0,0.194325,0.102805,0.275035,0.373791,0.284967,0.27757,0.257452,0.562537,0.0832449,4.00456,0.266093,,-0.00127539,0.0730133,-0.0451444,60.7148,-0.00127539,0.00784248,-0.04757763398811221,0.007842478342354298,-0.000543973,999,,,,,,,-1,,-1,,,,,,,,,,,,,,,,,,,,"Yolmer Sanchez","11602",570560
"Cal Stark","TEX",0,1,1,0,0,0,0,0,0,0,0,0,0,0,0,0,,0,0,0.187678,0.0661072,0.356015,0.185686,0.254033,0.295427,0.245902,0.54946,0.107749,3.69778,0.278734,,-0.00137611,0.0636359,-0.0545218,55.342,-0.00137611,0.014259,-0.05401080858428031,0.01425904966890812,-0.000545672,999,,,,,,,-1,,-1,,,,,,,,,,,,,,,,,,,,"Cal Stark","sa3025560",808744
"Caleb Bartolero","LAA",0,1,1,0,0,0,0,0,0,0,0,0,0,0,0,0,,0,0,0.208608,0.049005,0.28833,0.169961,0.261258,0.34752,0.266574,0.608778,0.138912,4.14407,0.269965,,-0.00159413,0.0804194,-0.0377383,66.9985,-0.00159413,0.000712953,-0.04049029969610274,0.0007129529840312898,-0.00054829,999,,,,,,,-1,,-1,,,,,,,,,,,,,,,,,,,,"Caleb Bartolero","sa3022423",680960
"Tim Locastro",,0,1,1,0,0,0,0,0,0,0,0,0,0,0,0,0,,0,0,0.210108,0.0564111,0.223414,0.252496,0.285132,0.312278,0.268843,0.597409,0.10217,5.9156,0.259785,,0.003423,0.082262,-0.0358957,73.4901,0.003423,-0.0106943,-0.027996661374345422,-0.010694287717342377,-0.000554606,999,,,,,,,-1,,-1,,,,,,,,,,,,,,,,,,,,"Tim Locastro","15124",641796
"Matt Fraizer","BOS",0,1,1,0,0,0,0,0,0,0,0,0,0,0,0,0,,0,0,0.234046,0.0658595,0.247068,0.266564,0.287975,0.345741,0.278915,0.633716,0.111696,6.00935,0.301798,,0.00189012,0.0904393,-0.0277184,74.7674,0.00189012,-0.0106943,-0.028015693766064942,-0.010694287717342377,-0.000556553,999,,,,,,,-1,,-1,,,,,,,,,,,,,,,,,,,,"Matt Fraizer","sa918983",670208
"Damian Bravo","SFG",0,1,1,0,0,0,0,0,0,0,0,0,0,0,0,0,,0,0,0.228383,0.0623841,0.23923,0.260771,0.28713,0.337783,0.276616,0.624913,0.1094,3.89268,0.288243,,-0.00131335,0.0885723,-0.0295854,77.4691,-0.00131335,-0.0106943,-0.02801718737464398,-0.010694287717342377,-0.000556706,999,,,,,,,-1,,-1,,,,,,,,,,,,,,,,,,,,"Damian Bravo","sa3027616",809720
"Nick Cimillo","PIT",0,1,1,0,0,0,0,0,0,0,0,0,0,0,0,0,,0,0,0.218401,0.0849422,0.25549,0.332468,0.291049,0.374609,0.292012,0.665658,0.156208,2.59972,0.267199,,-0.00165646,0.101073,-0.0170851,83.7391,-0.00165646,-0.0178238,-0.02092894189991057,-0.01782381348311901,-0.00056093,999,,,,,,,-1,,-1,,,,,,,,,,,,,,,,,,,,"Nick Cimillo","sa3020129",701177
"Jose Tovar","TBR",0,1,1,0,0,0,0,0,0,0,0,0,0,0,0,0,,0,0,0.191253,0.0845044,0.310356,0.272282,0.26183,0.292248,0.248499,0.554078,0.100995,3.82601,0.269697,,-0.00094001,0.0657443,-0.0524134,54.8433,-0.00094001,0.014259,-0.054162505839485675,0.01425904966890812,-0.000561193,999,,,,,,,-1,,-1,,,,,,,,,,,,,,,,,,,,"Jose Tovar","sa3021223",808270
"Andrew Salas","MIA",0,1,1,0,0,0,0,0,0,0,0,0,0,0,0,0,,0,0,0.196681,0.0933839,0.296781,0.314656,0.272976,0.295126,0.255792,0.568102,0.0984454,5.38442,0.27138,,0.0020559,0.0716652,-0.0464926,59.4696,0.0020559,0.0072165,-0.045981066999956965,0.007216504774987698,-0.000562138,999,,,,,,,-1,,-1,,,,,,,,,,,,,,,,,,,,"Andrew Salas","sa3067045",829035
"Yoeilin Cespedes","BOS",0,1,1,0,0,0,0,0,0,0,0,0,0,0,0,0,,0,0,0.22133,0.0496879,0.271627,0.182927,0.259467,0.367613,0.271239,0.62708,0.146283,3.50448,0.279953,,-0.00190671,0.0842068,-0.0339509,67.1939,-0.00190671,0.000657342,-0.04057252313941717,0.0006573420250788331,-0.000562392,999,,,,,,,-1,,-1,,,,,,,,,,,,,,,,,,,,"Yoeilin Cespedes","sa3021085",806985
"Josh Caron","SEA",0,1,1,0,0,0,0,0,0,0,0,0,0,0,0,0,,0,0,0.188896,0.0536899,0.335084,0.160228,0.238859,0.292776,0.235495,0.531635,0.103879,4.9597,0.269002,,0.000861491,0.0551865,-0.0629712,53.2991,0.000861491,0.014259,-0.05418094393098727,0.01425904966890812,-0.000563079,999,,,,,,,-1,,-1,,,,,,,,,,,,,,,,,,,,"Josh Caron","sa3025435",701805
"Luis Rodriguez","LAA",0,1,1,0,0,0,0,0,0,0,0,0,0,0,0,0,,0,0,0.202346,0.0723978,0.28247,0.256303,0.269463,0.304481,0.25679,0.573945,0.102135,3.43829,0.27049,,-0.000955061,0.0724754,-0.0456823,60.2583,-0.000955061,0.00784248,-0.047795255552046,0.007842478342354298,-0.000566238,999,,,,,,,-1,,-1,,,,,,,,,,,,,,,,,,,,"Luis Rodriguez","sa3021055",800170
"Colby Shelton","CHW",0,1,1,0,0,0,0,0,0,0,0,0,0,0,0,0,,0,0,0.201177,0.0712116,0.273141,0.260714,0.266963,0.303132,0.254958,0.570096,0.101956,3.73632,0.263814,,-0.000566703,0.0709885,-0.0471692,59.9177,-0.000566703,0.00784248,-0.047808334755245596,0.007842478342354298,-0.000567577,999,,,,,,,-1,,-1,,,,,,,,,,,,,,,,,,,,"Colby Shelton","sa3042129",701333
"Sammy Siani","SEA",0,1,1,0,0,0,0,0,0,0,0,0,0,0,0,0,,0,0,0.212272,0.0869915,0.25507,0.34105,0.283114,0.315106,0.267262,0.59822,0.102833,5.13295,0.275743,,-0.000110808,0.0809783,-0.0371794,66.7849,-0.000110808,0.000657342,-0.039477582307881676,0.0006573420250788331,-0.000567834,999,,,,,,,-1,,-1,,,,,,,,,,,,,,,,,,,,"Sammy Siani","sa3010704",686445
"Grant Richardson",,0,1,1,0,0,0,0,0,0,0,0,0,0,0,0,0,,0,0,0.213668,0.0658888,0.348268,0.18919,0.272566,0.366333,0.279144,0.638899,0.152665,5.28433,0.303633,,0.000903847,0.0906254,-0.0275323,75.467,0.000903847,-0.0106943,-0.02817288157530129,-0.010694287717342377,-0.000572636,999,,,,,,,-1,,-1,,,,,,,,,,,,,,,,,,,,"Grant Richardson","sa3016964",685300
"Bryce Madron",,0,1,1,0,0,0,0,0,0,0,0,0,0,0,0,0,,0,0,0.193099,0.11605,0.277824,0.417712,0.292937,0.28166,0.263874,0.574597,0.0885606,2.75097,0.26352,,-0.00368026,0.0782271,-0.0399306,68.4951,-0.00368026,0.00213886,-0.04102011118084192,0.002138857962563634,-0.000574077,999,,,,,,,-1,,-1,,,,,,,,,,,,,,,,,,,,"Bryce Madron","sa3025156",809244
"Capri Ortiz","LAA",0,1,1,0,0,0,0,0,0,0,0,0,0,0,0,0,,0,0,0.209027,0.0572495,0.296726,0.192938,0.260488,0.304109,0.250352,0.564597,0.0950817,6.19571,0.289084,,0.00153639,0.0672486,-0.0509091,55.8237,0.00153639,0.0104961,-0.05053056473843753,0.010496087372303009,-0.000574598,999,,,,,,,-1,,-1,,,,,,,,,,,,,,,,,,,,"Capri Ortiz","sa3018473",800194
"Ethan Hearn","CHC",0,1,1,0,0,0,0,0,0,0,0,0,0,0,0,0,,0,0,0.187788,0.0565897,0.346581,0.16328,0.243803,0.312165,0.245449,0.555969,0.124377,4.28882,0.26735,,-0.000524665,0.0632684,-0.0548893,55.5182,-0.000524665,0.014259,-0.053244794835336506,0.01425904966890812,-0.000584767,999,,,,,,,-1,,-1,,,,,,,,,,,,,,,,,,,,"Ethan Hearn","sa3011502",683001
"Luis Lameda","MIL",0,1,1,0,0,0,0,0,0,0,0,0,0,0,0,0,,0,0,0.193604,0.121131,0.268679,0.450841,0.293347,0.282656,0.264236,0.576002,0.089052,1.92917,0.259967,,-0.00242922,0.078521,-0.0396368,67.3497,-0.00242922,0.00213886,-0.04112662002444267,0.002138857962563634,-0.000584974,999,,,,,,,-1,,-1,,,,,,,,,,,,,,,,,,,,"Luis Lameda","sa3021233",808288
"Heribert Silva","CLE",0,1,1,0,0,0,0,0,0,0,0,0,0,0,0,0,,0,0,0.205143,0.0627097,0.285102,0.219955,0.264682,0.312038,0.256238,0.57672,0.106894,5.21289,0.275661,,0.0021472,0.0720278,-0.0461299,62.2413,0.0021472,0.00213886,-0.04235586430877447,0.002138857962563634,-0.000593273,999,,,,,,,-1,,-1,,,,,,,,,,,,,,,,,,,,"Heribert Silva","sa3021189",808137
"Tommy Hopfe","COL",0,1,1,0,0,0,0,0,0,0,0,0,0,0,0,0,,0,0,0.229032,0.0587649,0.222191,0.26448,0.293151,0.343682,0.282537,0.636832,0.11465,4.23628,0.280172,,-0.000348658,0.0933799,-0.0247778,65.4792,-0.000348658,0.00213886,-0.041262985148932785,0.002138857962563634,-0.000598926,999,,,,,,,-1,,-1,,,,,,,,,,,,,,,,,,,,"Tommy Hopfe","sa3025593",809101
"Yonatan Henriquez","NYM",0,1,1,0,0,0,0,0,0,0,0,0,0,0,0,0,,0,0,0.206766,0.0828403,0.265159,0.312418,0.272468,0.305072,0.257943,0.57754,0.0983062,4.71193,0.271867,,-0.000531329,0.0734116,-0.0447461,65.5852,-0.000531329,0.00213886,-0.04131998331286013,0.002138857962563634,-0.000604757,999,,,,,,,-1,,-1,,,,,,,,,,,,,,,,,,,,"Yonatan Henriquez","sa3018487",800257
"Kade Snell","CHC",0,1,1,0,0,0,0,0,0,0,0,0,0,0,0,0,,0,0,0.214043,0.0825523,0.246505,0.334891,0.28354,0.326793,0.271534,0.610334,0.112751,5.79564,0.270924,,0.0030511,0.0844462,-0.0337115,73.3866,0.0030511,-0.0106943,-0.0284912446513772,-0.010694287717342377,-0.000605208,999,,,,,,,-1,,-1,,,,,,,,,,,,,,,,,,,,"Kade Snell","sa3042672",820835
"Kody Hoese",,0,1,1,0,0,0,0,0,0,0,0,0,0,0,0,0,,0,0,0.213853,0.068941,0.241736,0.285191,0.271164,0.329233,0.265233,0.600398,0.115381,2.0403,0.265368,,-0.00174194,0.0793308,-0.038827,67.7875,-0.00174194,0.000712953,-0.03992044762708247,0.0007129529840312898,-0.000607455,999,,,,,,,-1,,-1,,,,,,,,,,,,,,,,,,,,"Kody Hoese","sa3010021",682210
"Devin Taylor","ATH",0,1,1,0,0,0,0,0,0,0,0,0,0,0,0,0,,0,0,0.207747,0.0920334,0.307009,0.299774,0.286129,0.338226,0.27765,0.624355,0.130479,2.85387,0.28287,,-0.00157907,0.0894125,-0.0287452,75.4397,-0.00157907,-0.0091814,-0.030607170425355434,-0.009181401692330837,-0.000608173,999,,,,,,,-1,,-1,,,,,,,,,,,,,,,,,,,,"Devin Taylor","sa3043560",805127
"Carlos Sanchez","MIA",0,1,1,0,0,0,0,0,0,0,0,0,0,0,0,0,,0,0,0.202556,0.0725129,0.294899,0.245891,0.263063,0.29885,0.250647,0.561913,0.0962942,2.68725,0.278742,,-0.00131126,0.0674885,-0.0506692,55.9456,-0.00131126,0.014259,-0.053524844348430634,0.01425904966890812,-0.00061342,999,,,,,,,-1,,-1,,,,,,,,,,,,,,,,,,,,"Carlos Sanchez","sa3018613",801522
"Brenden Dixon",,0,1,1,0,0,0,0,0,0,0,0,0,0,0,0,0,,0,0,0.19636,0.0954886,0.309608,0.308418,0.278523,0.317534,0.266962,0.596057,0.121174,4.4224,0.269542,,-0.000392322,0.0807346,-0.0374231,66.5793,-0.000392322,0.000712953,-0.04000279735191725,0.0007129529840312898,-0.00061588,999,,,,,,,-1,,-1,,,,,,,,,,,,,,,,,,,,"Brenden Dixon","sa3017397",686981
"Cameron Sisneros","CHC",0,1,1,0,0,0,0,0,0,0,0,0,0,0,0,0,,0,0,0.216677,0.09174,0.242997,0.377535,0.29965,0.336727,0.284619,0.636376,0.12005,3.3445,0.269832,,-0.000548214,0.0950704,-0.0230873,82.3507,-0.000548214,-0.0178238,-0.021466316771693528,-0.01782381348311901,-0.00061591,999,,,,,,,-1,,-1,,,,,,,,,,,,,,,,,,,,"Cameron Sisneros","sa3025564",815133
"Je'Von Ward","TOR",0,1,1,0,0,0,0,0,0,0,0,0,0,0,0,0,,0,0,0.202686,0.115568,0.296604,0.389637,0.295447,0.320231,0.277086,0.615677,0.117544,3.39368,0.278447,,-0.00149993,0.0889541,-0.0292036,76.0215,-0.00149993,-0.0106943,-0.02976134675554931,-0.010694287717342377,-0.000617687,999,,,,,,,-1,,-1,,,,,,,,,,,,,,,,,,,,"Je'Von Ward","sa3004969",669219
"Phillip Sikes","BOS",0,1,1,0,0,0,0,0,0,0,0,0,0,0,0,0,,0,0,0.214746,0.0717621,0.321768,0.223024,0.283795,0.350861,0.280142,0.634657,0.136116,6.03044,0.303172,,0.00162678,0.0914356,-0.0267221,73.3272,0.00162678,-0.0106943,-0.029810177045874298,-0.010694287717342377,-0.000622683,999,,,,,,,-1,,-1,,,,,,,,,,,,,,,,,,,,"Phillip Sikes","sa3017113",689651
"Noah Myers","TBR",0,1,1,0,0,0,0,0,0,0,0,0,0,0,0,0,,0,0,0.197533,0.123077,0.312059,0.394402,0.299977,0.297366,0.272741,0.597342,0.0998326,5.14909,0.284952,,0.00372547,0.0854265,-0.0327312,71.5427,0.00372547,-0.0106943,-0.029814831912517548,-0.010694287717342377,-0.000623159,999,,,,,,,-1,,-1,,,,,,,,,,,,,,,,,,,,"Noah Myers","sa3023377",671956
"Cole Urman",,0,1,1,0,0,0,0,0,0,0,0,0,0,0,0,0,,0,0,0.191657,0.0711685,0.361426,0.196911,0.252122,0.297571,0.244685,0.549693,0.105913,3.4033,0.290028,,-0.00119817,0.0626478,-0.0555099,54.5426,-0.00119817,0.014259,-0.05477497074753046,0.01425904966890812,-0.000623855,999,,,,,,,-1,,-1,,,,,,,,,,,,,,,,,,,,"Cole Urman","sa3023270",805366
"Julian Brock","TEX",0,1,1,0,0,0,0,0,0,0,0,0,0,0,0,0,,0,0,0.204249,0.053039,0.312541,0.169702,0.252827,0.306036,0.247051,0.558864,0.101787,3.95589,0.286237,,-0.00312604,0.064569,-0.0535887,56.1337,-0.00312604,0.014259,-0.05482762842439115,0.01425904966890812,-0.000629243,999,,,,,,,-1,,-1,,,,,,,,,,,,,,,,,,,,"Julian Brock","sa3023424",683149
"Roynier Hernandez","COL",0,1,1,0,0,0,0,0,0,0,0,0,0,0,0,0,,0,0,0.239634,0.0632822,0.223146,0.283591,0.288039,0.332666,0.273765,0.620705,0.0930317,4.06996,0.302793,,-0.00198119,0.0862582,-0.0318995,59.4704,-0.00198119,0.0104961,-0.05001720995642245,0.010496087372303009,-0.000639543,999,,,,,,,-1,,-1,,,,,,,,,,,,,,,,,,,,"Roynier Hernandez","sa3018495",800281
"Maxwell Romero Jr.","WSN",0,1,1,0,0,0,0,0,0,0,0,0,0,0,0,0,,0,0,0.189433,0.0680149,0.341867,0.198951,0.254203,0.302838,0.248363,0.55704,0.113405,2.38539,0.272176,,-0.00135694,0.0656338,-0.052524,55.7418,-0.00135694,0.014259,-0.05381211207713932,0.01425904966890812,-0.000642811,999,,,,,,,-1,,-1,,,,,,,,,,,,,,,,,,,,"Maxwell Romero Jr.","sa3020271",686912
"Jack Winkler","HOU",0,1,1,0,0,0,0,0,0,0,0,0,0,0,0,0,,0,0,0.212268,0.0663097,0.266101,0.249189,0.273298,0.316147,0.262108,0.589445,0.103879,5.32867,0.279782,,0.00245219,0.0767934,-0.0413643,63.7964,0.00245219,0.000889023,-0.0404565108474344,0.0008890230092220008,-0.000644287,999,,,,,,,-1,,-1,,,,,,,,,,,,,,,,,,,,"Jack Winkler","29830",676466
"Antonio Gomez","NYY",0,1,1,0,0,0,0,0,0,0,0,0,0,0,0,0,,0,0,0.198024,0.0678013,0.318302,0.213009,0.256978,0.304338,0.249496,0.561316,0.106315,2.8574,0.278088,,-0.00118789,0.0665539,-0.0516038,57.5406,-0.00118789,0.0104961,-0.0512312245555222,0.010496087372303009,-0.000646284,999,,,,,,,-1,,-1,,,,,,,,,,,,,,,,,,,,"Antonio Gomez","sa3008746",682625
"Vladi Gomez","NYM",0,1,1,0,0,0,0,0,0,0,0,0,0,0,0,0,,0,0,0.192195,0.0905392,0.296432,0.30543,0.270319,0.290259,0.253113,0.560578,0.0980633,5.39271,0.263882,,0.00294083,0.0694907,-0.048667,62.277,0.00294083,0.00213886,-0.0417687373701483,0.002138857962563634,-0.00065067,999,,,,,,,-1,,-1,,,,,,,,,,,,,,,,,,,,"Vladi Gomez","sa3021165",808082
"Marlon Quintero","LAA",0,1,1,0,0,0,0,0,0,0,0,0,0,0,0,0,,0,0,0.220152,0.0351286,0.259845,0.135191,0.251738,0.324714,0.251879,0.576453,0.104562,2.90474,0.280324,,-0.000451352,0.0684886,-0.0496691,56.8757,-0.000451352,0.0104961,-0.0512783600424882,0.010496087372303009,-0.000651107,999,,,,,,,-1,,-1,,,,,,,,,,,,,,,,,,,,"Marlon Quintero","sa3023936",821238
"Echedry Vargas","MIA",0,1,1,0,0,0,0,0,0,0,0,0,0,0,0,0,,0,0,0.221189,0.0311218,0.283502,0.109777,0.250693,0.361833,0.26466,0.612526,0.140645,4.51966,0.281558,,0.000473513,0.0788656,-0.0392921,65.5448,0.000473513,0.000712953,-0.040363033302128315,0.0007129529840312898,-0.000652737,999,,,,,,,-1,,-1,,,,,,,,,,,,,,,,,,,,"Echedry Vargas","sa3018565",800448
"Johan Rodriguez","CLE",0,1,1,0,0,0,0,0,0,0,0,0,0,0,0,0,,0,0,0.201258,0.0651874,0.283646,0.229819,0.268594,0.308149,0.257881,0.576743,0.106891,2.63356,0.268917,,-0.00160135,0.0733618,-0.0447959,63.3731,-0.00160135,0.00393692,-0.04477042763028294,0.003936924040317535,-0.000656348,999,,,,,,,-1,,-1,,,,,,,,,,,,,,,,,,,,"Johan Rodriguez","sa3024364",821759
"Jose Astudillo","SFG",0,1,1,0,0,0,0,0,0,0,0,0,0,0,0,0,,0,0,0.233056,0.0593294,0.215137,0.275775,0.284143,0.336624,0.273883,0.620767,0.103568,4.47231,0.285992,,-0.0000696954,0.0863538,-0.0318039,75.5973,-0.0000696954,-0.0106943,-0.02899196820362704,-0.010694287717342377,-0.000656438,999,,,,,,,-1,,-1,,,,,,,,,,,,,,,,,,,,"Jose Astudillo","sa3016548",698973
"Rayne Doncon","MIN",0,1,1,0,0,0,0,0,0,0,0,0,0,0,0,0,,0,0,0.206873,0.0676906,0.281476,0.240484,0.261448,0.343204,0.264939,0.604651,0.136331,2.59461,0.264876,,-0.0018376,0.0790922,-0.0390655,66.2926,-0.0018376,0.000712953,-0.0415656870463863,0.0007129529840312898,-0.000658315,999,,,,,,,-1,,-1,,,,,,,,,,,,,,,,,,,,"Rayne Doncon","sa3016720",699061
"Jose Dickson","DET",0,1,1,0,0,0,0,0,0,0,0,0,0,0,0,0,,0,0,0.201146,0.06821,0.306317,0.222678,0.258341,0.313545,0.253157,0.571886,0.112399,4.41854,0.274533,,-0.0000262421,0.0695265,-0.0486312,58.6837,-0.0000262421,0.00784248,-0.04872233908645285,0.007842478342354298,-0.000661091,999,,,,,,,-1,,-1,,,,,,,,,,,,,,,,,,,,"Jose Dickson","sa3023907",820988
"Ryan Wideman","SDP",0,1,1,0,0,0,0,0,0,0,0,0,0,0,0,0,,0,0,0.197082,0.0746834,0.309328,0.241437,0.266398,0.298181,0.253195,0.564578,0.101099,5.49522,0.275563,,0.00220423,0.0695569,-0.0486008,62.7705,0.00220423,0.00213886,-0.041920486371964216,0.002138857962563634,-0.000666196,999,,,,,,,-1,,-1,,,,,,,,,,,,,,,,,,,,"Ryan Wideman","sa3060916",834240
"Brody Moore","STL",0,1,1,0,0,0,0,0,0,0,0,0,0,0,0,0,,0,0,0.219909,0.0532618,0.236173,0.225521,0.264997,0.297011,0.249574,0.562008,0.077102,4.74056,0.282096,,0.001258,0.0666173,-0.0515404,58.6995,0.001258,0.00784248,-0.0476916148327291,0.007842478342354298,-0.000673103,999,,,,,,,-1,,-1,,,,,,,,,,,,,,,,,,,,"Brody Moore","sa3019839",690914
"Sebastian De Andrade","SEA",0,1,1,0,0,0,0,0,0,0,0,0,0,0,0,0,,0,0,0.184407,0.0793475,0.323292,0.245436,0.254085,0.268214,0.23654,0.522299,0.0838068,2.28281,0.266301,,-0.00111868,0.0560348,-0.0621229,54.0189,-0.00111868,0.014259,-0.05531279812566936,0.01425904966890812,-0.000678882,999,,,,,,,-1,,-1,,,,,,,,,,,,,,,,,,,,"Sebastian De Andrade","sa3021842",808143
"Max Holy","HOU",0,1,1,0,0,0,0,0,0,0,0,0,0,0,0,0,,0,0,0.17902,0.111719,0.355374,0.314371,0.275552,0.262069,0.247918,0.53762,0.083049,5.74221,0.281749,,0.0030313,0.0652722,-0.0528855,55.9003,0.0030313,0.00784248,-0.04894537990912795,0.007842478342354298,-0.000683911,999,,,,,,,-1,,-1,,,,,,,,,,,,,,,,,,,,"Max Holy","sa3025362",802959
"Juan Benjamin","CLE",0,1,1,0,0,0,0,0,0,0,0,0,0,0,0,0,,0,0,0.218863,0.0683206,0.254798,0.268136,0.275502,0.305893,0.259036,0.581395,0.08703,4.50824,0.288819,,0.000391475,0.074299,-0.0438587,64.1683,0.000391475,0.000712953,-0.0418403978983406,0.0007129529840312898,-0.000686422,999,,,,,,,-1,,-1,,,,,,,,,,,,,,,,,,,,"Juan Benjamin","sa3017217",691405
"Eyeksson Rojas","WSN",0,1,1,0,0,0,0,0,0,0,0,0,0,0,0,0,,0,0,0.216462,0.0575157,0.252958,0.227372,0.268907,0.324858,0.262309,0.593764,0.108396,3.09661,0.274605,,-0.00102298,0.0769569,-0.0412008,65.2955,-0.00102298,0.00213886,-0.04215499060228467,0.002138857962563634,-0.000690189,999,,,,,,,-1,,-1,,,,,,,,,,,,,,,,,,,,"Eyeksson Rojas","sa3023872",811325
"Luke Mann","ATH",0,1,1,0,0,0,0,0,0,0,0,0,0,0,0,0,,0,0,0.196458,0.0744186,0.324208,0.22954,0.265661,0.328691,0.263359,0.594352,0.132233,3.69381,0.271403,,-0.000681991,0.0778089,-0.0403488,65.6221,-0.000681991,0.000712953,-0.041313654102850705,0.0007129529840312898,-0.000691263,999,,,,,,,-1,,-1,,,,,,,,,,,,,,,,,,,,"Luke Mann","sa3022529",680996
"Adrian Gil","CHW",0,1,1,0,0,0,0,0,0,0,0,0,0,0,0,0,,0,0,0.175809,0.0751278,0.375915,0.199853,0.255848,0.28578,0.244813,0.541628,0.109971,5.44128,0.272351,,-0.00000464221,0.0627513,-0.0554064,52.9289,-0.00000464221,0.014259,-0.0554834683766785,0.01425904966890812,-0.000696343,999,,,,,,,-1,,-1,,,,,,,,,,,,,,,,,,,,"Adrian Gil","sa3021856",808691
"Won-Bin Cho","STL",0,1,1,0,0,0,0,0,0,0,0,0,0,0,0,0,,0,0,0.207146,0.078872,0.296254,0.266231,0.274902,0.300778,0.258076,0.57568,0.0936316,4.83037,0.288158,,-0.000324328,0.0735197,-0.044638,64.5233,-0.000324328,0.00213886,-0.042371563729830086,0.002138857962563634,-0.000712347,999,,,,,,,-1,,-1,,,,,,,,,,,,,,,,,,,,"Won-Bin Cho","sa3019526",800231
"Jalen Vasquez",,0,1,1,0,0,0,0,0,0,0,0,0,0,0,0,0,,0,0,0.198086,0.0934144,0.30347,0.307821,0.276464,0.302377,0.260053,0.578841,0.104291,5.67185,0.27926,,-0.00101303,0.0751252,-0.0430325,65.1291,-0.00101303,0.000712953,-0.042112451628781855,0.0007129529840312898,-0.000714256,999,,,,,,,-1,,-1,,,,,,,,,,,,,,,,,,,,"Jalen Vasquez","sa3022920",694884
"Tucker Flint","LAA",0,1,1,0,0,0,0,0,0,0,0,0,0,0,0,0,,0,0,0.198303,0.0988973,0.355531,0.278168,0.289046,0.337509,0.279888,0.626554,0.139205,4.30194,0.293626,,-0.00268087,0.0912294,-0.0269283,76.1702,-0.00268087,-0.0106943,-0.030767013784497976,-0.010694287717342377,-0.00072058,999,,,,,,,-1,,-1,,,,,,,,,,,,,,,,,,,,"Tucker Flint","sa3019856",687272
"Conner Capel","COL",0,1,1,0,0,0,0,0,0,0,0,0,0,0,0,0,,0,0,0.216826,0.0870158,0.243095,0.35795,0.288239,0.334802,0.276831,0.623041,0.117976,5.37339,0.270604,,0.000302921,0.0887472,-0.0294105,74.7524,0.000302921,-0.0106943,-0.02962071361253038,-0.010694287717342377,-0.000720767,999,,,,,,,-1,,-1,,,,,,,,,,,,,,,,,,,,"Conner Capel","19983",668843
"Javier Roman",,0,1,1,0,0,0,0,0,0,0,0,0,0,0,0,0,,0,0,0.192178,0.0735752,0.341451,0.215478,0.256993,0.2936,0.246279,0.550593,0.101423,3.31266,0.282803,,-0.000850724,0.0639417,-0.054216,53.4381,-0.000850724,0.014259,-0.05572933913208544,0.01425904966890812,-0.000721499,999,,,,,,,-1,,-1,,,,,,,,,,,,,,,,,,,,"Javier Roman","sa3018446",800069
"D'Andre Smith","NYM",0,1,1,0,0,0,0,0,0,0,0,0,0,0,0,0,,0,0,0.223717,0.047702,0.248033,0.192321,0.272773,0.335727,0.267934,0.608501,0.112011,5.77951,0.283117,,0.00303381,0.0815234,-0.0366343,72.4294,0.00303381,-0.0106943,-0.029643041780218482,-0.010694287717342377,-0.000723051,999,,,,,,,-1,,-1,,,,,,,,,,,,,,,,,,,,"D'Andre Smith","sa3020536",694266
"Kyle Nevin","LAD",0,1,1,0,0,0,0,0,0,0,0,0,0,0,0,0,,0,0,0.209215,0.0709687,0.30804,0.230388,0.269172,0.325285,0.262929,0.594457,0.11607,4.60045,0.289169,,-0.00102604,0.0774599,-0.0406978,66.209,-0.00102604,0.000712953,-0.04107537283562124,0.0007129529840312898,-0.000725618,999,,,,,,,-1,,-1,,,,,,,,,,,,,,,,,,,,"Kyle Nevin","sa3019894",693819
"Bligh Madris","STL",0,1,1,0,0,0,0,0,0,0,0,0,0,0,0,0,,0,0,0.21729,0.0881074,0.269061,0.327463,0.287905,0.362649,0.286048,0.650554,0.145359,4.88317,0.27546,,-0.00169572,0.0962307,-0.021927,81.341,-0.00169572,-0.0178238,-0.023687551612965763,-0.01782381348311901,-0.000725702,999,,,,,,,-1,,-1,,,,,,,,,,,,,,,,,,,,"Bligh Madris","20054",676632
"Charlie Pagliarini","SEA",0,1,1,0,0,0,0,0,0,0,0,0,0,0,0,0,,0,0,0.177738,0.0963751,0.378579,0.254571,0.263828,0.310476,0.257428,0.574303,0.132737,2.99956,0.269955,,-0.00167158,0.0729941,-0.0451636,68.4081,-0.00167158,-0.00262224,-0.03890636737924069,-0.0026222390588372946,-0.000727466,999,,,,,,,-1,,-1,,,,,,,,,,,,,,,,,,,,"Charlie Pagliarini","sa3022487",813860
"Lisbel Diaz","SFG",0,1,1,0,0,0,0,0,0,0,0,0,0,0,0,0,,0,0,0.222596,0.0254155,0.255616,0.0994285,0.248399,0.339194,0.25484,0.587593,0.116598,4.8782,0.280919,,0.000057646,0.0708923,-0.0472654,62.5518,0.000057646,0.00393692,-0.044326166695100255,0.003936924040317535,-0.000728363,999,,,,,,,-1,,-1,,,,,,,,,,,,,,,,,,,,"Lisbel Diaz","sa3022399",815464
"Darison Garcia","KCR",0,1,1,0,0,0,0,0,0,0,0,0,0,0,0,0,,0,0,0.200635,0.101708,0.271378,0.374785,0.284393,0.292723,0.261514,0.577117,0.0920879,4.57363,0.270044,,0.00145205,0.0763113,-0.0418464,61.6744,0.00145205,0.00213886,-0.043719165376387537,0.002138857962563634,-0.000732755,999,,,,,,,-1,,-1,,,,,,,,,,,,,,,,,,,,"Darison Garcia","sa3024359",821691
"Jhosmmel Zue","KCR",0,1,1,0,0,0,0,0,0,0,0,0,0,0,0,0,,0,0,0.19184,0.0807153,0.319274,0.252809,0.261789,0.29581,0.249891,0.557599,0.10397,3.27877,0.271286,,-0.00124133,0.0668746,-0.0512831,53.6678,-0.00124133,0.014259,-0.0558492693817243,0.01425904966890812,-0.00073377,999,,,,,,,-1,,-1,,,,,,,,,,,,,,,,,,,,"Jhosmmel Zue","sa3021049",702435
"Max Durrington","ATH",0,1,1,0,0,0,0,0,0,0,0,0,0,0,0,0,,0,0,0.215008,0.0703615,0.248629,0.282998,0.272326,0.314716,0.260691,0.587042,0.0997079,3.47281,0.274403,,-0.000374827,0.075643,-0.0425147,63.7896,-0.000374827,0.00213886,-0.043172362667974085,0.002138857962563634,-0.000735545,999,,,,,,,-1,,-1,,,,,,,,,,,,,,,,,,,,"Max Durrington","sa3067341",828589
"Cal Mitchell",,0,1,1,0,0,0,0,0,0,0,0,0,0,0,0,0,,0,0,0.218457,0.0708,0.26738,0.264792,0.277098,0.346156,0.27437,0.623254,0.127699,3.49183,0.278004,,-0.00125964,0.0867488,-0.0314089,75.9306,-0.00125964,-0.0106943,-0.029786918545141816,-0.010694287717342377,-0.000737772,999,,,,,,,-1,,-1,,,,,,,,,,,,,,,,,,,,"Cal Mitchell","22169",668751
"Owen Carey","ATL",0,1,1,0,0,0,0,0,0,0,0,0,0,0,0,0,,0,0,0.227201,0.0406953,0.237168,0.171588,0.268888,0.331657,0.263922,0.600545,0.104456,3.33918,0.28486,,-0.00224511,0.0782661,-0.0398916,65.9091,-0.00224511,0.00213886,-0.04264986841008067,0.002138857962563634,-0.000740821,999,,,,,,,-1,,-1,,,,,,,,,,,,,,,,,,,,"Owen Carey","sa3067044",826928
"José Azocar","ATL",2,7,6,2,1,0,0,0,1,1,0,0,2,0,0,0,,0,0,0.234478,0.04734,0.229592,0.206192,0.276609,0.33603,0.269014,0.612638,0.101552,6.48765,0.294252,0.00328858,0.0114427,0.576805,-0.250299,69.3977,0.0147313,0.073998,-0.2391594499349594,-0.001001991331577301,-0.000743784,999,,,,,,,5.2,2.6,5.2,2.6,,,,,,,,,,,,,,,,,,,"Jose Azocar","18821",640492
"David Calabrese","LAA",0,1,1,0,0,0,0,0,0,0,0,0,0,0,0,0,,0,0,0.201558,0.0779778,0.290843,0.26811,0.265586,0.323777,0.260891,0.589362,0.122218,4.9318,0.266614,,-0.000343725,0.0758052,-0.0423525,63.0835,-0.000343725,0.00213886,-0.04385414705029689,0.002138857962563634,-0.000746566,999,,,,,,,-1,,-1,,,,,,,,,,,,,,,,,,,,"David Calabrese","sa3014507",683341
"Angel Guzman","SFG",0,1,1,0,0,0,0,0,0,0,0,0,0,0,0,0,,0,0,0.19309,0.0930815,0.318711,0.292056,0.273276,0.296302,0.25663,0.569577,0.103211,3.81099,0.277992,,-0.0015978,0.0723463,-0.0458114,63.7786,-0.0015978,0.00393692,-0.04452762415166944,0.003936924040317535,-0.000748974,999,,,,,,,-1,,-1,,,,,,,,,,,,,,,,,,,,"Angel Guzman","sa3021268",808401
"Albert Fabian","SDP",0,1,1,0,0,0,0,0,0,0,0,0,0,0,0,0,,0,0,0.213942,0.0636803,0.26179,0.24325,0.270796,0.355737,0.274626,0.626534,0.141795,2.04813,0.263171,,-0.00319411,0.0869568,-0.0312009,77.4513,-0.00319411,-0.0106943,-0.029918972169980407,-0.010694287717342377,-0.000751282,999,,,,,,,-1,,-1,,,,,,,,,,,,,,,,,,,,"Albert Fabian","sa3008888",683546
"Trevor Boone",,0,1,1,0,0,0,0,0,0,0,0,0,0,0,0,0,,0,0,0.212563,0.055127,0.377571,0.146004,0.261831,0.385747,0.27961,0.647578,0.173184,6.69301,0.312661,,0.000527717,0.0910031,-0.0271546,63.4738,0.000527717,0.00213886,-0.04276344913523644,0.002138857962563634,-0.000752442,999,,,,,,,-1,,-1,,,,,,,,,,,,,,,,,,,,"Trevor Boone","sa3010336",685392
"Jose Ramos","NYM",0,1,1,0,0,0,0,0,0,0,0,0,0,0,0,0,,0,0,0.204738,0.0778106,0.346715,0.224423,0.271044,0.353364,0.274379,0.624408,0.148626,3.40942,0.287206,,-0.00254966,0.0867566,-0.0314011,76.8448,-0.00254966,-0.0106943,-0.02999338274821639,-0.010694287717342377,-0.000758896,999,,,,,,,-1,,-1,,,,,,,,,,,,,,,,,,,,"Jose Ramos","sa3008845",682947
"Ben McLaughlin","ARI",0,1,1,0,0,0,0,0,0,0,0,0,0,0,0,0,,0,0,0.222331,0.106281,0.242967,0.437431,0.308044,0.337786,0.288985,0.64583,0.115455,1.86026,0.283431,,-0.00220265,0.098615,-0.0195427,82.5649,-0.00220265,-0.0178238,-0.022866884246468544,-0.01782381348311901,-0.000759205,999,,,,,,,-1,,-1,,,,,,,,,,,,,,,,,,,,"Ben McLaughlin","sa3025256",808768
"Alberto Hernandez","HOU",0,1,1,0,0,0,0,0,0,0,0,0,0,0,0,0,,0,0,0.205218,0.0639721,0.256803,0.249109,0.259324,0.302472,0.249501,0.561796,0.0972537,3.93154,0.265086,,-0.00165934,0.0665579,-0.0515998,56.9911,-0.00165934,0.0104961,-0.05235039454419166,0.010496087372303009,-0.000760789,999,,,,,,,-1,,-1,,,,,,,,,,,,,,,,,,,,"Alberto Hernandez","sa3018582",800516
"Matt Hogan",,0,1,1,0,0,0,0,0,0,0,0,0,0,0,0,0,,0,0,0.184006,0.0977693,0.352483,0.277373,0.27665,0.291604,0.258267,0.568254,0.107598,5.55477,0.279422,,0.000530973,0.0736748,-0.0444829,62.1969,0.000530973,0.00213886,-0.04402434441726655,0.002138857962563634,-0.000763979,999,,,,,,,-1,,-1,,,,,,,,,,,,,,,,,,,,"Matt Hogan","sa3023375",681375
"Aaron Sabato","MIN",0,1,1,0,0,0,0,0,0,0,0,0,0,0,0,0,,0,0,0.209658,0.0826006,0.333006,0.248045,0.280747,0.371152,0.285793,0.651899,0.161494,2.79875,0.286404,,-0.00126893,0.0960233,-0.0221345,80.6578,-0.00126893,-0.0178238,-0.024066003039479256,-0.01782381348311901,-0.000764422,999,,,,,,,-1,,-1,,,,,,,,,,,,,,,,,,,,"Aaron Sabato","sa3014494",693306
"Josh Zamora",,0,1,1,0,0,0,0,0,0,0,0,0,0,0,0,0,,0,0,0.213058,0.0624337,0.231933,0.269189,0.269065,0.331965,0.265314,0.60103,0.118908,1.95034,0.257026,,-0.00118494,0.0793962,-0.0387615,65.9925,-0.00118494,0.000712953,-0.04149090533610433,0.0007129529840312898,-0.000768132,999,,,,,,,-1,,-1,,,,,,,,,,,,,,,,,,,,"Josh Zamora","sa3020092",695031
"Tyson Lewis","CIN",0,1,1,0,0,0,0,0,0,0,0,0,0,0,0,0,,0,0,0.216023,0.0512631,0.352996,0.145223,0.260543,0.354186,0.267605,0.614729,0.138163,6.20555,0.313547,,0.00115643,0.0812565,-0.0369012,64.023,0.00115643,0.000657342,-0.041483700973913074,0.0006573420250788331,-0.000773085,999,,,,,,,-1,,-1,,,,,,,,,,,,,,,,,,,,"Tyson Lewis","sa3066822",815653
"Alec Makarewicz","CHW",0,1,1,0,0,0,0,0,0,0,0,0,0,0,0,0,,0,0,0.210174,0.0600343,0.304413,0.197213,0.260286,0.3371,0.261728,0.597385,0.126926,3.95848,0.284514,,-0.000952695,0.0764846,-0.0416731,64.5809,-0.000952695,0.000712953,-0.04269822029164061,0.0007129529840312898,-0.000774188,999,,,,,,,-1,,-1,,,,,,,,,,,,,,,,,,,,"Alec Makarewicz","sa3025309",701062
"Edgardo De Leon","MIA",0,1,1,0,0,0,0,0,0,0,0,0,0,0,0,0,,0,0,0.206536,0.0672556,0.32495,0.206972,0.265028,0.336471,0.264524,0.601499,0.129936,5.22808,0.289771,,-0.000606258,0.078755,-0.0394027,65.4515,-0.000606258,0.000712953,-0.0415533747873269,0.0007129529840312898,-0.000774524,999,,,,,,,-1,,-1,,,,,,,,,,,,,,,,,,,,"Edgardo De Leon","sa3024339",821279
"Stiven Flores","CHW",0,1,1,0,0,0,0,0,0,0,0,0,0,0,0,0,,0,0,0.215732,0.0483451,0.23011,0.210095,0.253424,0.303718,0.245482,0.557142,0.0879865,2.35905,0.267721,,-0.00132514,0.0632952,-0.0548626,53.3903,-0.00132514,0.014259,-0.056260126759298146,0.01425904966890812,-0.000775805,999,,,,,,,-1,,-1,,,,,,,,,,,,,,,,,,,,"Stiven Flores","sa3021638",808696
"Marcus Lee Sang","TEX",0,1,1,0,0,0,0,0,0,0,0,0,0,0,0,0,,0,0,0.221455,0.0721103,0.286308,0.251863,0.282325,0.353361,0.279408,0.635686,0.131906,5.28923,0.293541,,-0.000976489,0.0908392,-0.0273185,75.3779,-0.000976489,-0.0106943,-0.0301587741705589,-0.010694287717342377,-0.000775817,999,,,,,,,-1,,-1,,,,,,,,,,,,,,,,,,,,"Marcus Lee Sang","sa3011445",686984
"Quinn McDaniel","SFG",0,1,1,0,0,0,0,0,0,0,0,0,0,0,0,0,,0,0,0.193126,0.0889703,0.339568,0.26201,0.27044,0.296266,0.255042,0.566706,0.10314,5.43192,0.286391,,0.00122234,0.0710566,-0.0471011,62.6905,0.00122234,0.00213886,-0.04299716209061444,0.002138857962563634,-0.000776354,999,,,,,,,-1,,-1,,,,,,,,,,,,,,,,,,,,"Quinn McDaniel","sa3022701",814194
"Kendrick Herrera","PIT",0,1,1,0,0,0,0,0,0,0,0,0,0,0,0,0,,0,0,0.207319,0.0740235,0.280088,0.264286,0.271655,0.303616,0.25714,0.575271,0.0962964,2.93603,0.279672,,-0.00114776,0.0727603,-0.0453974,59.8511,-0.00114776,0.00784248,-0.04873254697304219,0.007842478342354298,-0.000779604,999,,,,,,,-1,,-1,,,,,,,,,,,,,,,,,,,,"Kendrick Herrera","sa3023776",821696
"Ryan Galanie","CHW",0,1,1,0,0,0,0,0,0,0,0,0,0,0,0,0,,0,0,0.231398,0.0566223,0.225297,0.251323,0.284516,0.368063,0.285501,0.652579,0.136665,3.73697,0.276785,,-0.00181088,0.0957866,-0.0223711,80.9577,-0.00181088,-0.0178238,-0.024254412157461047,-0.01782381348311901,-0.000783699,999,,,,,,,-1,,-1,,,,,,,,,,,,,,,,,,,,"Ryan Galanie","sa3022759",814436
"Felix Reyes","PHI",0,1,1,0,0,0,0,0,0,0,0,0,0,0,0,0,,0,0,0.240165,0.0310399,0.209789,0.147958,0.266583,0.380523,0.279086,0.647106,0.140358,3.83525,0.279379,,-0.000827901,0.0905784,-0.0275793,75.1578,-0.000827901,-0.0106943,-0.0302710275282152,-0.010694287717342377,-0.000787302,999,,,,,,,-1,,-1,,,,,,,,,,,,,,,,,,,,"Felix Reyes","sa3015688",694025
"Marcus Smith",,0,1,1,0,0,0,0,0,0,0,0,0,0,0,0,0,,0,0,0.179843,0.0973911,0.405405,0.240231,0.265468,0.300082,0.254528,0.56555,0.120239,5.98931,0.295237,,0.0013636,0.0706393,-0.0475184,61.2841,0.0013636,0.00213886,-0.04426763532683253,0.002138857962563634,-0.000788871,999,,,,,,,-1,,-1,,,,,,,,,,,,,,,,,,,,"Marcus Smith","sa1169620",687526
"Juan Montero","BOS",0,1,1,0,0,0,0,0,0,0,0,0,0,0,0,0,,0,0,0.206837,0.08476,0.291791,0.290482,0.287112,0.311203,0.269158,0.598315,0.104366,3.28754,0.287121,,-0.00177663,0.0825176,-0.0356401,65.7607,-0.00177663,0,-0.04213158425409347,0,-0.000789158,999,,,,,,,-1,,-1,,,,,,,,,,,,,,,,,,,,"Juan Montero","sa3015314",695467
"Chase Call","HOU",0,1,1,0,0,0,0,0,0,0,0,0,0,0,0,0,,0,0,0.204763,0.0936461,0.277254,0.337763,0.287641,0.315821,0.271196,0.603462,0.111058,4.78142,0.272419,,0.00163895,0.0841721,-0.0339856,71.9359,0.00163895,-0.0106943,-0.03143782715778798,-0.010694287717342377,-0.000789212,999,,,,,,,-1,,-1,,,,,,,,,,,,,,,,,,,,"Chase Call","sa3028273",813842
"Stone Russell","KCR",0,1,1,0,0,0,0,0,0,0,0,0,0,0,0,0,,0,0,0.21522,0.0724744,0.23602,0.307069,0.276715,0.325422,0.266753,0.602138,0.110202,3.81068,0.270519,,-0.0019473,0.0805651,-0.0375926,65.2835,-0.0019473,0.000712953,-0.04286476387642324,0.0007129529840312898,-0.000791227,999,,,,,,,-1,,-1,,,,,,,,,,,,,,,,,,,,"Stone Russell","sa3022819",806212
"Derik Alcantara","CHC",0,1,1,0,0,0,0,0,0,0,0,0,0,0,0,0,,0,0,0.219109,0.0794172,0.233577,0.340004,0.285023,0.334191,0.274316,0.619214,0.115082,5.30302,0.273665,,-0.00104302,0.0867051,-0.0314526,75.2925,-0.00104302,-0.0106943,-0.030326469452120364,-0.010694287717342377,-0.000792974,999,,,,,,,-1,,-1,,,,,,,,,,,,,,,,,,,,"Derik Alcantara","sa3021322",814131
"Alexander Vargas","CIN",0,1,1,0,0,0,0,0,0,0,0,0,0,0,0,0,,0,0,0.207413,0.0483006,0.253941,0.190204,0.248106,0.321208,0.24909,0.569315,0.113795,6.1442,0.261452,,0.000340541,0.0662242,-0.0519335,57.2608,0.000340541,0.00784248,-0.05003254028270021,0.007842478342354298,-0.000795141,999,,,,,,,-1,,-1,,,,,,,,,,,,,,,,,,,,"Alexander Vargas","sa3008851",683061
"Jesus Hernandez","MIA",0,1,1,0,0,0,0,0,0,0,0,0,0,0,0,0,,0,0,0.2064,0.0796251,0.289745,0.274811,0.272952,0.31538,0.261808,0.588332,0.10898,5.48295,0.28142,,0.00139392,0.0765496,-0.0416081,63.5907,0.00139392,0.000712953,-0.04175857629161328,0.0007129529840312898,-0.000795519,999,,,,,,,-1,,-1,,,,,,,,,,,,,,,,,,,,"Jesus Hernandez","sa3015736",698929
"Daniel McElveny",,0,1,1,0,0,0,0,0,0,0,0,0,0,0,0,0,,0,0,0.196755,0.0987927,0.306407,0.322423,0.289991,0.298268,0.267446,0.588259,0.101512,3.38709,0.280098,,-0.00214934,0.0811278,-0.0370299,55.1417,-0.00214934,0.014259,-0.05531576368957758,0.01425904966890812,-0.000796654,999,,,,,,,-1,,-1,,,,,,,,,,,,,,,,,,,,"Daniel McElveny","sa3017340",695772
"Nick Biddison","PHI",0,1,1,0,0,0,0,0,0,0,0,0,0,0,0,0,,0,0,0.196983,0.0753048,0.32331,0.232919,0.275174,0.313181,0.263946,0.588355,0.116198,5.0444,0.277594,,-0.0000534652,0.0782859,-0.0398718,64.7862,-0.0000534652,0.000712953,-0.04178905096705421,0.0007129529840312898,-0.000798637,999,,,,,,,-1,,-1,,,,,,,,,,,,,,,,,,,,"Nick Biddison","sa3019888",680994
"Brayan Buelvas","ATH",0,1,1,0,0,0,0,0,0,0,0,0,0,0,0,0,,0,0,0.200893,0.0679651,0.2965,0.229224,0.261498,0.323301,0.258393,0.584799,0.122408,5.41842,0.271209,,0.000872689,0.0737772,-0.0443805,62.2109,0.000872689,0.00213886,-0.043790692230686545,0.002138857962563634,-0.000798808,999,,,,,,,-1,,-1,,,,,,,,,,,,,,,,,,,,"Brayan Buelvas","sa3008868",683454
"Miguel Villarroel","STL",0,1,1,0,0,0,0,0,0,0,0,0,0,0,0,0,,0,0,0.225364,0.0319308,0.267045,0.119571,0.252599,0.309677,0.246122,0.562276,0.0843125,5.63964,0.299363,,0.00281784,0.0638141,-0.0543436,56.3344,0.00281784,0.00784248,-0.04893497843295336,0.007842478342354298,-0.000800315,999,,,,,,,-1,,-1,,,,,,,,,,,,,,,,,,,,"Miguel Villarroel","sa3015631",692446
"Anthony Huezo","HOU",0,1,1,0,0,0,0,0,0,0,0,0,0,0,0,0,,0,0,0.191721,0.0631471,0.372061,0.169722,0.255204,0.325891,0.256765,0.581095,0.134169,5.37928,0.284767,,0.000405646,0.0724558,-0.0457019,61.9952,0.000405646,0.00213886,-0.044387423258740455,0.002138857962563634,-0.000801127,999,,,,,,,-1,,-1,,,,,,,,,,,,,,,,,,,,"Anthony Huezo","sa3022691",805953
"Justin Johnson","KCR",0,1,1,0,0,0,0,0,0,0,0,0,0,0,0,0,,0,0,0.209803,0.0750248,0.243394,0.308244,0.277325,0.310605,0.262828,0.58793,0.100802,3.82448,0.267611,,-0.000295185,0.0773781,-0.0407796,62.5795,-0.000295185,0.00213886,-0.04439965696656145,0.002138857962563634,-0.000802378,999,,,,,,,-1,,-1,,,,,,,,,,,,,,,,,,,,"Justin Johnson","sa3022758",813386
"Edwin Rios",,0,1,1,0,0,0,0,0,0,0,0,0,0,0,0,0,,0,0,0.212778,0.0858969,0.342521,0.250778,0.286728,0.383698,0.293401,0.670426,0.17092,1.90046,0.292712,,-0.00159405,0.102201,-0.015957,81.6944,-0.00159405,-0.0178238,-0.023290014127269387,-0.01782381348311901,-0.000802497,999,,,,,,,-1,,-1,,,,,,,,,,,,,,,,,,,,"Edwin Rios","18316",621458
"Bryan Andrade","ATH",0,1,1,0,0,0,0,0,0,0,0,0,0,0,0,0,,0,0,0.215269,0.0692086,0.257484,0.268788,0.272636,0.320163,0.262626,0.592799,0.104894,3.57154,0.278654,,-0.00118292,0.0772141,-0.0409436,65.1188,-0.00118292,0.000712953,-0.04240939381998032,0.0007129529840312898,-0.000803371,999,,,,,,,-1,,-1,,,,,,,,,,,,,,,,,,,,"Bryan Andrade","sa3018467",800182
"Ivan Brethowr","PIT",0,1,1,0,0,0,0,0,0,0,0,0,0,0,0,0,,0,0,0.191236,0.100979,0.308454,0.327371,0.301191,0.284804,0.270849,0.585996,0.0935682,4.98801,0.276009,,0.00161747,0.08389,-0.0342677,72.9173,0.00161747,-0.0106943,-0.03048108343500644,-0.010694287717342377,-0.000808793,999,,,,,,,-1,,-1,,,,,,,,,,,,,,,,,,,,"Ivan Brethowr","sa3025415",814442
"Ethan Wagner","HOU",0,1,1,0,0,0,0,0,0,0,0,0,0,0,0,0,,0,0,0.20171,0.0721681,0.310713,0.232266,0.263988,0.320405,0.258961,0.584392,0.118694,3.39346,0.275931,,-0.00153191,0.0742383,-0.0439194,63.5075,-0.00153191,0.00213886,-0.04454253357835114,0.002138857962563634,-0.000816996,999,,,,,,,-1,,-1,,,,,,,,,,,,,,,,,,,,"Ethan Wagner","sa3066860",825334
"Tyler Pettorini","PHI",0,1,1,0,0,0,0,0,0,0,0,0,0,0,0,0,,0,0,0.210683,0.0710448,0.259754,0.273508,0.274652,0.316236,0.263098,0.590887,0.105552,4.42055,0.272723,,-0.0009834151,0.077597,-0.0405607,64.205,-0.0009834151,0.00213886,-0.04340792272705585,0.002138857962563634,-0.000818379,999,,,,,,,-1,,-1,,,,,,,,,,,,,,,,,,,,"Tyler Pettorini","sa3069009",808805
"Jose Salas","MIN",0,1,1,0,0,0,0,0,0,0,0,0,0,0,0,0,,0,0,0.208843,0.0534004,0.300332,0.177805,0.261321,0.322795,0.257773,0.584116,0.113952,5.61617,0.284713,,0.00242813,0.0732736,-0.0448841,61.3558,0.00242813,0.000657342,-0.04311860725283623,0.0006573420250788331,-0.000822888,999,,,,,,,-1,,-1,,,,,,,,,,,,,,,,,,,,"Jose Salas","sa3014690",691191
"Gavin Cross","KCR",0,1,1,0,0,0,0,0,0,0,0,0,0,0,0,0,,0,0,0.216568,0.0621382,0.276152,0.225015,0.268679,0.361979,0.275062,0.630657,0.14541,5.69633,0.274411,,0.00240313,0.0873112,-0.0308465,71.0072,0.00240313,-0.0106943,-0.031768216751515865,-0.010694287717342377,-0.000823015,999,,,,,,,-1,,-1,,,,,,,,,,,,,,,,,,,,"Gavin Cross","sa3019985",688457
"Jake Thompson",,0,1,1,0,0,0,0,0,0,0,0,0,0,0,0,0,,0,0,0.215479,0.0851958,0.270278,0.315215,0.293595,0.332731,0.279548,0.626326,0.117252,3.24537,0.285166,,-0.00191218,0.0909533,-0.0272044,75.7436,-0.00191218,-0.0106943,-0.030661047319881618,-0.010694287717342377,-0.000827206,999,,,,,,,-1,,-1,,,,,,,,,,,,,,,,,,,,"Jake Thompson","sa3019945",700081
"Jairo Pomares",,0,1,1,0,0,0,0,0,0,0,0,0,0,0,0,0,,0,0,0.219046,0.0504064,0.292998,0.172037,0.26345,0.359388,0.271147,0.622837,0.140341,4.46559,0.285638,,0.000473869,0.0841321,-0.0340256,73.7228,0.000473869,-0.0106943,-0.030670094798551872,-0.010694287717342377,-0.000828132,999,,,,,,,-1,,-1,,,,,,,,,,,,,,,,,,,,"Jairo Pomares","sa3010023",682646
"Caden Powell","HOU",0,1,1,0,0,0,0,0,0,0,0,0,0,0,0,0,,0,0,0.190931,0.0719515,0.358553,0.200672,0.256913,0.308124,0.251496,0.565036,0.117192,5.57295,0.283489,,0.00258897,0.0681777,-0.04998,58.3654,0.00258897,0.00393692,-0.0464822119101882,0.003936924040317535,-0.000831485,999,,,,,,,-1,,-1,,,,,,,,,,,,,,,,,,,,"Caden Powell","sa3025361",702547
"Tyler Robertson",,0,1,1,0,0,0,0,0,0,0,0,0,0,0,0,0,,0,0,0.198174,0.0633745,0.314058,0.201792,0.259808,0.303914,0.251256,0.563723,0.105741,5.51883,0.275959,,0.00216268,0.0679826,-0.0501751,61.4421,0.00216268,0.00213886,-0.04353636992163956,0.002138857962563634,-0.000831521,999,,,,,,,-1,,-1,,,,,,,,,,,,,,,,,,,,"Tyler Robertson","sa3020010",805234
"Alfredo Velásquez","BAL",0,1,1,0,0,0,0,0,0,0,0,0,0,0,0,0,,0,0,0.232079,0.0235593,0.199207,0.118265,0.250781,0.335908,0.254025,0.586689,0.103829,5.6786,0.274262,,0.00130483,0.0702313,-0.0479264,60.9768,0.00130483,0.00213886,-0.04468853818252683,0.002138857962563634,-0.000831934,999,,,,,,,-1,,-1,,,,,,,,,,,,,,,,,,,,"Alfredo Velasquez","sa3018556",800414
"Chase Adkison","STL",0,1,1,0,0,0,0,0,0,0,0,0,0,0,0,0,,0,0,0.225667,0.0861214,0.219489,0.392373,0.303879,0.326809,0.282944,0.630688,0.101142,2.42293,0.27991,,-0.00173783,0.09371,-0.0244477,81.5585,-0.00173783,-0.0178238,-0.023594788508489728,-0.01782381348311901,-0.000833679,999,,,,,,,-1,,-1,,,,,,,,,,,,,,,,,,,,"Chase Adkison","sa3022433",801187
"Junior Franco","ARI",0,1,1,0,0,0,0,0,0,0,0,0,0,0,0,0,,0,0,0.232485,0.059438,0.221359,0.268514,0.278825,0.351439,0.275821,0.630264,0.118954,5.50511,0.282738,,0.000562327,0.0879274,-0.0302303,73.5474,0.000562327,-0.0106943,-0.030789492826443166,-0.010694287717342377,-0.000840348,999,,,,,,,-1,,-1,,,,,,,,,,,,,,,,,,,,"Junior Franco","sa3015170",691285
"Miguel Ugueto","STL",0,1,1,0,0,0,0,0,0,0,0,0,0,0,0,0,,0,0,0.231303,0.0282312,0.207474,0.136071,0.256299,0.332504,0.256087,0.588803,0.101201,5.15308,0.279919,,0.0000313782,0.071905,-0.0462528,63.1609,0.0000313782,0.00213886,-0.04363058503440698,0.002138857962563634,-0.000841161,999,,,,,,,-1,,-1,,,,,,,,,,,,,,,,,,,,"Miguel Ugueto","sa3015293",692568
"Tim Elko","CHW",2,7,7,2,1,0,0,0,1,1,0,0,2,0,0,0,,0,0,0.236925,0.0522161,0.324141,0.161091,0.280527,0.402895,0.295088,0.683422,0.165969,2.68036,0.317902,-0.00193418,-0.00986349,0.724991,-0.102113,87.5617,-0.0117977,-0.00974843,-0.11441781558096409,-0.13474842626601458,-0.000842812,999,,,,,,,4.2,2.1,4.2,2.1,,,,,,,,,,,,,,,,,,,"Tim Elko","31522",671284
"Michael Toglia","CIN",0,1,1,0,0,0,0,0,0,0,0,0,0,0,0,0,,0,0,0.210402,0.0944747,0.332743,0.283927,0.286853,0.397264,0.297897,0.684118,0.186863,3.94748,0.277709,,-0.00109707,0.105851,-0.0123067,84.7742,-0.00109707,-0.0223867,-0.01914275693707168,-0.022386709228157997,-0.000845022,999,,,,,,,-1,,-1,,,,,,,,,,,,,,,,,,,,"Michael Toglia","25845",669911
"Max Wagner","BAL",0,1,1,0,0,0,0,0,0,0,0,0,0,0,0,0,,0,0,0.200625,0.0799844,0.318462,0.251158,0.271155,0.317077,0.261975,0.588232,0.116453,5.06531,0.283645,,-0.000532493,0.0766857,-0.041472,66.4531,-0.000532493,-0.00262224,-0.040071390103548765,-0.0026222390588372946,-0.000846662,999,,,,,,,-1,,-1,,,,,,,,,,,,,,,,,,,,"Max Wagner","sa3020415",694484
"Orlando Martinez","TEX",0,1,1,0,0,0,0,0,0,0,0,0,0,0,0,0,,0,0,0.227411,0.0737237,0.226733,0.325156,0.285164,0.335373,0.274155,0.620537,0.107962,3.94813,0.283748,,-0.00134431,0.0865747,-0.031583,73.9744,-0.00134431,-0.0106943,-0.032018523779697716,-0.010694287717342377,-0.000848625,999,,,,,,,-1,,-1,,,,,,,,,,,,,,,,,,,,"Orlando Martinez","sa3006664",678636
"Maick Collado","CLE",0,1,1,0,0,0,0,0,0,0,0,0,0,0,0,0,,0,0,0.215495,0.0778907,0.215798,0.360943,0.279211,0.298869,0.259228,0.57808,0.083374,2.04474,0.267704,,-0.00135653,0.0744554,-0.0437023,64.301,-0.00135653,0.000712953,-0.04343200463335961,0.0007129529840312898,-0.000849263,999,,,,,,,-1,,-1,,,,,,,,,,,,,,,,,,,,"Maick Collado","sa3015534",691408
"Handelfry Encarnacion","MIL",0,1,1,0,0,0,0,0,0,0,0,0,0,0,0,0,,0,0,0.208195,0.0567091,0.265631,0.213488,0.2591,0.326951,0.257971,0.586051,0.118755,2.89913,0.264992,,-0.00174188,0.0734351,-0.0447226,63.0585,-0.00174188,0.00393692,-0.04552517319098115,0.003936924040317535,-0.000851036,999,,,,,,,-1,,-1,,,,,,,,,,,,,,,,,,,,"Handelfry Encarnacion","sa3024124",821136
"Donta' Williams",,0,1,1,0,0,0,0,0,0,0,0,0,0,0,0,0,,0,0,0.198583,0.0940714,0.27385,0.343514,0.28309,0.290241,0.26017,0.573331,0.0916572,4.88407,0.270402,,-0.000872259,0.0752197,-0.042938,63.8298,-0.000872259,0.00213886,-0.04374148393981159,0.002138857962563634,-0.000852507,999,,,,,,,-1,,-1,,,,,,,,,,,,,,,,,,,,"Donta' Williams","sa3017152",676024
"Danny Serretti","ARI",0,1,1,0,0,0,0,0,0,0,0,0,0,0,0,0,,0,0,0.203103,0.090434,0.265604,0.340484,0.281625,0.301615,0.262814,0.583241,0.0985127,2.94268,0.268405,,-0.00261338,0.0773666,-0.0407912,65.3356,-0.00261338,0.000712953,-0.04346938733942807,0.0007129529840312898,-0.000853088,999,,,,,,,-1,,-1,,,,,,,,,,,,,,,,,,,,"Danny Serretti","sa3019967",681400
"Javier Francisco",,0,1,1,0,0,0,0,0,0,0,0,0,0,0,0,0,,0,0,0.202674,0.0699931,0.295478,0.236881,0.266245,0.317703,0.259308,0.583948,0.115029,3.29731,0.273946,,-0.0015759,0.0745203,-0.0436374,65.6129,-0.0015759,0.000712953,-0.04233172698877752,0.0007129529840312898,-0.000854159,999,,,,,,,-1,,-1,,,,,,,,,,,,,,,,,,,,"Javier Francisco","sa3015729",695223
"Owen Cobb","NYY",0,1,1,0,0,0,0,0,0,0,0,0,0,0,0,0,,0,0,0.20372,0.0613436,0.285671,0.214735,0.259111,0.31133,0.25268,0.570441,0.10761,5.74802,0.272238,,0.00254855,0.0691385,-0.0490192,59.7335,0.00254855,0.00213886,-0.04491022112779319,0.002138857962563634,-0.000854615,999,,,,,,,-1,,-1,,,,,,,,,,,,,,,,,,,,"Owen Cobb","sa3025193",686540
"Edrei Campos","BAL",0,1,1,0,0,0,0,0,0,0,0,0,0,0,0,0,,0,0,0.200195,0.0559939,0.315519,0.177466,0.251153,0.316269,0.250113,0.567421,0.116073,4.4377,0.274816,,-0.0014601,0.067055,-0.0511027,58.282,-0.0014601,0.00784248,-0.05062968528363854,0.007842478342354298,-0.000856236,999,,,,,,,-1,,-1,,,,,,,,,,,,,,,,,,,,"Edrei Campos","sa3018550",800402
"Freili Encarnacion","BOS",0,1,1,0,0,0,0,0,0,0,0,0,0,0,0,0,,0,0,0.220739,0.0261206,0.291541,0.0895949,0.256535,0.358553,0.267153,0.615088,0.137814,3.92904,0.287492,,-0.00152962,0.0808895,-0.0372682,64.3794,-0.00152962,0.000712953,-0.04351267754100263,0.0007129529840312898,-0.000857517,999,,,,,,,-1,,-1,,,,,,,,,,,,,,,,,,,,"Freili Encarnacion","sa3018414",703175
"Adrian Garcia",,0,1,1,0,0,0,0,0,0,0,0,0,0,0,0,0,,0,0,0.21666,0.0531972,0.279926,0.19004,0.264589,0.33535,0.26311,0.599939,0.11869,4.66743,0.287065,,-0.00139666,0.0776072,-0.0405505,64.2136,-0.00139666,0.00213886,-0.043810928356833756,0.002138857962563634,-0.000859612,999,,,,,,,-1,,-1,,,,,,,,,,,,,,,,,,,,"Adrian Garcia","sa3023986",823785
"Jordan Sprinkle","CHW",0,1,1,0,0,0,0,0,0,0,0,0,0,0,0,0,,0,0,0.201704,0.079626,0.253213,0.314463,0.271429,0.273248,0.247098,0.544677,0.0715442,5.8516,0.266984,,0.00865545,0.0646067,-0.053551,54.503,0.00865545,0.00213886,-0.0449680145829916,0.002138857962563634,-0.000860528,999,,,,,,,-1,,-1,,,,,,,,,,,,,,,,,,,,"Jordan Sprinkle","sa3019925",688394
"Jaylen Palmer","CHC",0,1,1,0,0,0,0,0,0,0,0,0,0,0,0,0,,0,0,0.184762,0.0904624,0.389475,0.232267,0.267029,0.298408,0.254781,0.565437,0.113646,4.9167,0.293797,,0.00131625,0.0708446,-0.0473131,61.9105,0.00131625,0.00213886,-0.04382770659867674,0.002138857962563634,-0.000861329,999,,,,,,,-1,,-1,,,,,,,,,,,,,,,,,,,,"Jaylen Palmer","sa3008297",681941
"Myles Emmerson",,0,1,1,0,0,0,0,0,0,0,0,0,0,0,0,0,,0,0,0.196684,0.0741134,0.299185,0.247718,0.260135,0.289446,0.246233,0.549581,0.0927627,2.74121,0.272719,,-0.0017008,0.0639044,-0.0542533,52.9862,-0.0017008,0.014259,-0.057112001930363476,0.01425904966890812,-0.000862963,999,,,,,,,-1,,-1,,,,,,,,,,,,,,,,,,,,"Myles Emmerson","sa3016862",689880
"Eric Bitonti","MIL",0,1,1,0,0,0,0,0,0,0,0,0,0,0,0,0,,0,0,0.190783,0.0875196,0.386601,0.226382,0.261752,0.342289,0.266101,0.604042,0.151506,2.52612,0.283198,,-0.00190412,0.0800358,-0.0381219,68.6278,-0.00190412,-0.00262224,-0.0390866887755692,-0.0026222390588372946,-0.000863383,999,,,,,,,-1,,-1,,,,,,,,,,,,,,,,,,,,"Eric Bitonti","sa3022866",800724
"Luis Suisbel","SEA",0,1,1,0,0,0,0,0,0,0,0,0,0,0,0,0,,0,0,0.192342,0.0570642,0.344508,0.16564,0.252061,0.325712,0.255073,0.577773,0.13337,3.10907,0.267498,,-0.00116828,0.071082,-0.0470757,66.7857,-0.00116828,-0.00262224,-0.040315168211236596,-0.0026222390588372946,-0.000871604,999,,,,,,,-1,,-1,,,,,,,,,,,,,,,,,,,,"Luis Suisbel","sa3016717",692044
"Yoyner Fajardo",,0,1,1,0,0,0,0,0,0,0,0,0,0,0,0,0,,0,0,0.222092,0.0708195,0.238026,0.297529,0.281929,0.308265,0.2634,0.590194,0.0861726,5.75025,0.286223,,0.0000603653,0.0778424,-0.0403153,72.5216,0.0000603653,-0.0106943,-0.032326153665053425,-0.010694287717342377,-0.000880099,999,,,,,,,-1,,-1,,,,,,,,,,,,,,,,,,,,"Yoyner Fajardo","sa3005938",679938
"Abrahan Ramirez","MIA",0,1,1,0,0,0,0,0,0,0,0,0,0,0,0,0,,0,0,0.208832,0.0954143,0.275612,0.34619,0.285926,0.296188,0.262701,0.582114,0.087356,3.09612,0.287404,,-0.00162136,0.0772752,-0.0408825,64.2029,-0.00162136,0.00213886,-0.04404831526335329,0.002138857962563634,-0.0008839,999,,,,,,,-1,,-1,,,,,,,,,,,,,,,,,,,,"Abrahan Ramirez","sa3018943",800254
"Karniel Pratt","HOU",0,1,1,0,0,0,0,0,0,0,0,0,0,0,0,0,,0,0,0.203768,0.0926206,0.291878,0.317327,0.28697,0.309104,0.268604,0.596074,0.105336,5.57697,0.279557,,0.00281284,0.0820677,-0.03609,70.1504,0.00281284,-0.0106943,-0.0323683952447027,-0.010694287717342377,-0.000884421,999,,,,,,,-1,,-1,,,,,,,,,,,,,,,,,,,,"Karniel Pratt","sa3018636",805043
"CJ Rodriguez","ATH",0,1,1,0,0,0,0,0,0,0,0,0,0,0,0,0,,0,0,0.194307,0.0872009,0.248452,0.350977,0.269412,0.269874,0.245343,0.539286,0.0755668,2.09286,0.255277,,-0.00148986,0.0631816,-0.0549761,53.2461,-0.00148986,0.014259,-0.05674879055004567,0.01425904966890812,-0.000884536,999,,,,,,,-1,,-1,,,,,,,,,,,,,,,,,,,,"CJ Rodriguez","sa3017283",675430
"Jake Anchia",,0,1,1,0,0,0,0,0,0,0,0,0,0,0,0,0,,0,0,0.195909,0.0457046,0.313959,0.145575,0.240475,0.308611,0.241545,0.549086,0.112702,2.85026,0.267499,,-0.000892254,0.0600985,-0.0580592,52.1198,-0.000892254,0.014259,-0.05732461251318455,0.01425904966890812,-0.000884716,999,,,,,,,-1,,-1,,,,,,,,,,,,,,,,,,,,"Jake Anchia","sa3006674",680971
"Leandro Pineda","WSN",0,1,1,0,0,0,0,0,0,0,0,0,0,0,0,0,,0,0,0.207473,0.0758722,0.261674,0.28995,0.27903,0.326044,0.26937,0.605075,0.118571,3.15329,0.267662,,-0.00198322,0.0826894,-0.0354683,68.5017,-0.00198322,-0.00262224,-0.03931526653468609,-0.0026222390588372946,-0.000886769,999,,,,,,,-1,,-1,,,,,,,,,,,,,,,,,,,,"Leandro Pineda","sa3008905",683610
"Derek Bernard","COL",0,1,1,0,0,0,0,0,0,0,0,0,0,0,0,0,,0,0,0.231484,0.0570253,0.301739,0.188989,0.277382,0.357889,0.277298,0.635272,0.126405,5.22927,0.318367,,-0.000804792,0.0891267,-0.029031,61.8906,-0.000804792,0.00393692,-0.04597234638640657,0.003936924040317535,-0.000896788,999,,,,,,,-1,,-1,,,,,,,,,,,,,,,,,,,,"Derek Bernard","sa3018477",800204
"Will Verdung","ATL",0,1,1,0,0,0,0,0,0,0,0,0,0,0,0,0,,0,0,0.216066,0.0885412,0.248946,0.355665,0.291134,0.291636,0.263938,0.58277,0.0755694,2.48871,0.285973,,-0.00241486,0.0782795,-0.0398782,65.9204,-0.00241486,0.000712953,-0.042806210462003946,0.0007129529840312898,-0.000902705,999,,,,,,,-1,,-1,,,,,,,,,,,,,,,,,,,,"Will Verdung","sa3022512",815299
"Drew Swift","ATH",0,1,1,0,0,0,0,0,0,0,0,0,0,0,0,0,,0,0,0.205672,0.0793104,0.28598,0.277329,0.272852,0.280764,0.249882,0.553616,0.0750924,5.04133,0.289342,,0.00103404,0.0668669,-0.0512908,56.3642,0.00103404,0.00784248,-0.0505396289518103,0.007842478342354298,-0.000905756,999,,,,,,,-1,,-1,,,,,,,,,,,,,,,,,,,,"Drew Swift","sa3017281",669439
"Teo Banks","WSN",0,1,1,0,0,0,0,0,0,0,0,0,0,0,0,0,,0,0,0.209098,0.0612758,0.258344,0.237187,0.266085,0.318468,0.25899,0.584553,0.10937,4.2651,0.26725,,-0.00044861,0.0742621,-0.0438956,63.0218,-0.00044861,0.00213886,-0.04427543233032338,0.002138857962563634,-0.000907137,999,,,,,,,-1,,-1,,,,,,,,,,,,,,,,,,,,"Teo Banks","sa3026520",695493
"Carter Kieboom","CLE",0,1,1,0,0,0,0,0,0,0,0,0,0,0,0,0,,0,0,0.233541,0.0710543,0.233855,0.303839,0.292913,0.343366,0.281454,0.63628,0.109825,3.32789,0.290861,,-0.00132226,0.0925006,-0.0256571,79.6115,-0.00132226,-0.0179573,-0.02535251050721854,-0.017957277595996857,-0.000909703,999,,,,,,,-1,,-1,,,,,,,,,,,,,,,,,,,,"Carter Kieboom","19958",666198
"Roinny Aguiar",,0,1,1,0,0,0,0,0,0,0,0,0,0,0,0,0,,0,0,0.205509,0.0889957,0.275719,0.322776,0.27899,0.303073,0.261396,0.582063,0.0975642,4.22048,0.275566,,-0.000190826,0.0762151,-0.0419426,62.7661,-0.000190826,0.00213886,-0.04432075651129708,0.002138857962563634,-0.000911774,999,,,,,,,-1,,-1,,,,,,,,,,,,,,,,,,,,"Roinny Aguiar","sa3019439",800192
"Jesus Castro","SDP",0,1,1,0,0,0,0,0,0,0,0,0,0,0,0,0,,0,0,0.185457,0.0750682,0.319234,0.235151,0.254549,0.274437,0.238946,0.528987,0.08898,2.82152,0.265039,,-0.000843285,0.0579879,-0.0601698,53.0092,-0.000843285,0.014259,-0.05653706006705761,0.01425904966890812,-0.000921607,999,,,,,,,-1,,-1,,,,,,,,,,,,,,,,,,,,"Jesus Castro","sa3019090",703305
"Carlos Sanchez","CIN",0,1,1,0,0,0,0,0,0,0,0,0,0,0,0,0,,0,0,0.201973,0.100202,0.325513,0.307828,0.281087,0.303041,0.262672,0.584128,0.101068,4.06992,0.295994,,-0.00351177,0.0772513,-0.0409064,60.6437,-0.00351177,0.00784248,-0.05015713023021817,0.007842478342354298,-0.000925356,999,,,,,,,-1,,-1,,,,,,,,,,,,,,,,,,,,"Carlos Sanchez","sa3018465",800176
"Victor Duarte","SDP",0,1,1,0,0,0,0,0,0,0,0,0,0,0,0,0,,0,0,0.192872,0.0621091,0.281404,0.220711,0.25009,0.281814,0.238025,0.531904,0.0889418,3.61985,0.258857,,-0.000143942,0.0572403,-0.0609174,52.3785,-0.000143942,0.014259,-0.056585260201245546,0.01425904966890812,-0.000926539,999,,,,,,,-1,,-1,,,,,,,,,,,,,,,,,,,,"Victor Duarte","sa3008904",683609
"Colby Jones","ATL",0,1,1,0,0,0,0,0,0,0,0,0,0,0,0,0,,0,0,0.207539,0.0791866,0.279359,0.283458,0.27685,0.288694,0.255119,0.565544,0.0811548,5.97611,0.28405,,0.00306649,0.0711195,-0.0470382,59.8793,0.00306649,0.00213886,-0.044484894489869475,0.002138857962563634,-0.000928567,999,,,,,,,-1,,-1,,,,,,,,,,,,,,,,,,,,"Colby Jones","sa3025224",803475
"Randy Flores",,0,1,1,0,0,0,0,0,0,0,0,0,0,0,0,0,,0,0,0.208013,0.0783829,0.26456,0.296276,0.276262,0.327005,0.267947,0.603267,0.118992,4.88445,0.267165,,0.00064886,0.0815345,-0.0366232,67.9445,0.00064886,-0.00641657,-0.03713226644322276,-0.006416573189198971,-0.000934161,999,,,,,,,-1,,-1,,,,,,,,,,,,,,,,,,,,"Randy Flores","sa3025366",809389
"Eric Brown Jr.","MIL",0,1,1,0,0,0,0,0,0,0,0,0,0,0,0,0,,0,0,0.199992,0.0769935,0.248714,0.309567,0.270303,0.298533,0.255391,0.568836,0.0985415,4.80305,0.255125,,0.00129469,0.0713397,-0.046818,61.2906,0.00129469,0.00213886,-0.0445839207386598,0.002138857962563634,-0.000938699,999,,,,,,,-1,,-1,,,,,,,,,,,,,,,,,,,,"Eric Brown Jr.","sa3019923",687521
"Christian Arroyo","NYM",0,1,1,0,0,0,0,0,0,0,0,0,0,0,0,0,,0,0,0.229915,0.0572543,0.234989,0.243647,0.283976,0.350726,0.279236,0.634701,0.120811,3.40314,0.284719,,-0.00114503,0.0907,-0.0274577,80.172,-0.00114503,-0.0178238,-0.02464527520351112,-0.01782381348311901,-0.000941157,999,,,,,,,-1,,-1,,,,,,,,,,,,,,,,,,,,"Christian Arroyo","16434",624414
"Jonathan Rivero","PIT",0,1,1,0,0,0,0,0,0,0,0,0,0,0,0,0,,0,0,0.191314,0.0799759,0.319793,0.250086,0.262291,0.286661,0.247109,0.548952,0.0953473,3.40757,0.274796,,-0.00100379,0.0646157,-0.0535421,52.9792,-0.00100379,0.014259,-0.05673321569338441,0.01425904966890812,-0.000941676,999,,,,,,,-1,,-1,,,,,,,,,,,,,,,,,,,,"Jonathan Rivero","sa3021150",808033
"Jay Beshears","MIA",0,1,1,0,0,0,0,0,0,0,0,0,0,0,0,0,,0,0,0.208571,0.0756495,0.271337,0.278803,0.277274,0.315377,0.264468,0.59265,0.106805,3.18522,0.277163,,-0.00223904,0.0787093,-0.0394484,65.4129,-0.00223904,0.000712953,-0.04323187819682062,0.0007129529840312898,-0.000946256,999,,,,,,,-1,,-1,,,,,,,,,,,,,,,,,,,,"Jay Beshears","sa3022485",810891
"Elvin Garcia","BAL",0,1,1,0,0,0,0,0,0,0,0,0,0,0,0,0,,0,0,0.191598,0.0799503,0.358195,0.223203,0.264079,0.302787,0.2538,0.566866,0.11119,3.68337,0.288924,,-0.00144014,0.0700484,-0.0481093,60.8217,-0.00144014,0.00393692,-0.047616385272704065,0.003936924040317535,-0.000947525,999,,,,,,,-1,,-1,,,,,,,,,,,,,,,,,,,,"Elvin Garcia","sa3024147",821751
"Casey Yamauchi","ATH",0,1,1,0,0,0,0,0,0,0,0,0,0,0,0,0,,0,0,0.236064,0.0289452,0.161273,0.17948,0.273061,0.314448,0.259502,0.587509,0.0783846,4.42107,0.275256,,-0.00153914,0.0746775,-0.0434802,62.9727,-0.00153914,0.00213886,-0.04530217160936445,0.002138857962563634,-0.000953451,999,,,,,,,-1,,-1,,,,,,,,,,,,,,,,,,,,"Casey Yamauchi","sa3022528",671748
"Walker Martin","SFG",0,1,1,0,0,0,0,0,0,0,0,0,0,0,0,0,,0,0,0.180307,0.0935426,0.372123,0.251376,0.26325,0.285719,0.248451,0.548969,0.105412,3.70623,0.279678,,-0.000871276,0.0657053,-0.0524524,58.1754,-0.000871276,0.00784248,-0.05044208641629666,0.007842478342354298,-0.000954511,999,,,,,,,-1,,-1,,,,,,,,,,,,,,,,,,,,"Walker Martin","sa3023545",806152
"Harold Coll","LAA",0,1,1,0,0,0,0,0,0,0,0,0,0,0,0,0,,0,0,0.201509,0.0745611,0.321249,0.232097,0.26319,0.319523,0.258015,0.582713,0.118014,5.04769,0.282202,,0.0013757,0.0734708,-0.0446869,61.1029,0.0013757,0.000712953,-0.04446911031845957,0.0007129529840312898,-0.000955372,999,,,,,,,-1,,-1,,,,,,,,,,,,,,,,,,,,"Harold Coll","sa3025185",694563
"Nick Roselli","NYM",0,1,1,0,0,0,0,0,0,0,0,0,0,0,0,0,,0,0,0.197831,0.0650682,0.32429,0.200648,0.257677,0.317022,0.254428,0.574699,0.119191,3.78933,0.276617,,-0.00110864,0.0705577,-0.0476,63.1772,-0.00110864,0.00213886,-0.044751248438842595,0.002138857962563634,-0.000955819,999,,,,,,,-1,,-1,,,,,,,,,,,,,,,,,,,,"Nick Roselli","sa3025417",815874
"Adan Sanchez",,0,1,1,0,0,0,0,0,0,0,0,0,0,0,0,0,,0,0,0.195697,0.0638541,0.279473,0.228481,0.257006,0.286206,0.243624,0.543212,0.090509,3.02463,0.262251,,-0.00270255,0.0617863,-0.0563714,54.2677,-0.00270255,0.014259,-0.056904774624854326,0.01425904966890812,-0.000959229,999,,,,,,,-1,,-1,,,,,,,,,,,,,,,,,,,,"Adan Sanchez","sa3018431",703199
"Jack López",,0,1,1,0,0,0,0,0,0,0,0,0,0,0,0,0,,0,0,0.203557,0.0354638,0.319542,0.110983,0.237627,0.308601,0.239051,0.546228,0.105044,4.97696,0.282599,,0.000422425,0.0580731,-0.0600846,55.7483,0.000422425,0.00784248,-0.051733390282606706,0.007842478342354298,-0.000969159,999,,,,,,,-1,,-1,,,,,,,,,,,,,,,,,,,,"Jack Lopez","13663",605346
"Samuel Gil","DET",0,1,1,0,0,0,0,0,0,0,0,0,0,0,0,0,,0,0,0.211664,0.0845839,0.232331,0.364067,0.281517,0.292145,0.258468,0.573662,0.0804809,3.31216,0.271606,,-0.00166483,0.0738385,-0.0443192,62.3423,-0.00166483,0.00213886,-0.046048843185417354,0.002138857962563634,-0.00097111,999,,,,,,,-1,,-1,,,,,,,,,,,,,,,,,,,,"Samuel Gil","sa3018963",800510
"Bryce Willits",,0,1,1,0,0,0,0,0,0,0,0,0,0,0,0,0,,0,0,0.21139,0.0812253,0.255223,0.318253,0.277888,0.305999,0.261167,0.583887,0.0946091,3.08377,0.275617,,-0.00342011,0.0760296,-0.0421281,65.0274,-0.00342011,0.000712953,-0.04463940113782883,0.0007129529840312898,-0.000972795,999,,,,,,,-1,,-1,,,,,,,,,,,,,,,,,,,,"Bryce Willits","sa3020352",801600
"Thomas Takayoshi","ATH",0,1,1,0,0,0,0,0,0,0,0,0,0,0,0,0,,0,0,0.19564,0.0595318,0.345701,0.172206,0.250306,0.297771,0.243516,0.548077,0.102131,3.16769,0.287563,,-0.00091017,0.0616983,-0.0564594,51.9911,-0.00091017,0.014259,-0.05765242862980813,0.01425904966890812,-0.000976989,999,,,,,,,-1,,-1,,,,,,,,,,,,,,,,,,,,"Thomas Takayoshi","sa3067091",689108
"Jax Biggers","HOU",0,1,1,0,0,0,0,0,0,0,0,0,0,0,0,0,,0,0,0.196818,0.107079,0.259544,0.412567,0.285822,0.269809,0.2549,0.555631,0.0729904,4.41646,0.267015,,-0.000828334,0.070941,-0.0472167,61.54,-0.000828334,0.00213886,-0.046157923876307905,0.002138857962563634,-0.000982271,999,,,,,,,-1,,-1,,,,,,,,,,,,,,,,,,,,"Jax Biggers","sa3008251",680890
"Kale Emshoff",,0,1,1,0,0,0,0,0,0,0,0,0,0,0,0,0,,0,0,0.197837,0.0658258,0.341612,0.192692,0.258601,0.326685,0.25856,0.585286,0.128848,2.08904,0.279488,,-0.00166565,0.0739128,-0.0442449,64.0614,-0.00166565,0,-0.04402344743721187,0,-0.000982719,999,,,,,,,-1,,-1,,,,,,,,,,,,,,,,,,,,"Kale Emshoff","sa3014934",668860
"Joe Redfield","LAA",0,1,1,0,0,0,0,0,0,0,0,0,0,0,0,0,,0,0,0.211622,0.0605309,0.267346,0.226414,0.265075,0.316326,0.257157,0.5814,0.104704,5.70833,0.27725,,0.000339412,0.0727739,-0.0453838,60.5116,0.000339412,0.00213886,-0.046202282363083214,0.002138857962563634,-0.000986809,999,,,,,,,-1,,-1,,,,,,,,,,,,,,,,,,,,"Joe Redfield","sa3022439",812470
"Luis Pineda","CHW",0,1,1,0,0,0,0,0,0,0,0,0,0,0,0,0,,0,0,0.200659,0.0498566,0.327524,0.152223,0.241985,0.310473,0.24258,0.552459,0.109814,2.26562,0.279247,,-0.00109004,0.0609385,-0.0572192,51.3908,-0.00109004,0.014259,-0.05838171055074781,0.01425904966890812,-0.00099287,999,,,,,,,-1,,-1,,,,,,,,,,,,,,,,,,,,"Luis Pineda","sa3008826",682867
"Viandel Pena","WSN",0,1,1,0,0,0,0,0,0,0,0,0,0,0,0,0,,0,0,0.211302,0.0777257,0.259729,0.299257,0.272034,0.303941,0.256674,0.575975,0.0926395,5.51169,0.279133,,0.000576111,0.0723816,-0.0457761,61.4352,0.000576111,0.00213886,-0.04513116297312081,0.002138857962563634,-0.0009946889,999,,,,,,,-1,,-1,,,,,,,,,,,,,,,,,,,,"Viandel Pena","sa3005775",678854
"Darling Fernandez","ATH",0,1,1,0,0,0,0,0,0,0,0,0,0,0,0,0,,0,0,0.205579,0.107699,0.293965,0.366367,0.296444,0.313439,0.275247,0.609884,0.10786,3.53584,0.285678,,-0.0019232,0.0874614,-0.0306963,73.789,-0.0019232,-0.0106943,-0.03290232038125396,-0.010694287717342377,-0.000997782,999,,,,,,,-1,,-1,,,,,,,,,,,,,,,,,,,,"Darling Fernandez","sa3022969",807000
"Lamar King Jr.","SDP",0,1,1,0,0,0,0,0,0,0,0,0,0,0,0,0,,0,0,0.208192,0.0566661,0.281676,0.201174,0.263509,0.307279,0.253567,0.570788,0.0990869,4.68384,0.281365,,0.00010215,0.0698594,-0.0482983,63.0257,0.00010215,0.000657342,-0.043720078880141955,0.0006573420250788331,-0.00100189,999,,,,,,,-1,,-1,,,,,,,,,,,,,,,,,,,,"Lamar King Jr.","sa3020279",702601
"Kai Roberts","SDP",0,1,1,0,0,0,0,0,0,0,0,0,0,0,0,0,,0,0,0.188643,0.0883894,0.33267,0.265697,0.267706,0.276482,0.247286,0.544188,0.0878396,5.4478,0.278254,,0.0036844,0.0647594,-0.0533983,58.7226,0.0036844,0.00213886,-0.045237836660817266,0.002138857962563634,-0.0010056,999,,,,,,,-1,,-1,,,,,,,,,,,,,,,,,,,,"Kai Roberts","sa3025255",805956
"Robert Hipwell","SFG",0,1,1,0,0,0,0,0,0,0,0,0,0,0,0,0,,0,0,0.182288,0.0921508,0.361264,0.255079,0.269265,0.302653,0.25755,0.571918,0.120365,3.61619,0.278068,,-0.00169524,0.0730932,-0.0450646,64.4088,-0.00169524,0.000712953,-0.043878184631466866,0.0007129529840312898,-0.00101238,999,,,,,,,-1,,-1,,,,,,,,,,,,,,,,,,,,"Robert Hipwell","sa3025186",813771
"Elvis Rijo",,0,1,1,0,0,0,0,0,0,0,0,0,0,0,0,0,,0,0,0.199776,0.0556498,0.270131,0.206011,0.26607,0.293895,0.251798,0.559965,0.0941185,3.32543,0.264735,,-0.00158184,0.0684225,-0.0497352,57.6804,-0.00158184,0.00784248,-0.051599908620119095,0.007842478342354298,-0.00101424,999,,,,,,,-1,,-1,,,,,,,,,,,,,,,,,,,,"Elvis Rijo","sa3018975",804879
"Dayan Frias","CLE",0,1,1,0,0,0,0,0,0,0,0,0,0,0,0,0,,0,0,0.203081,0.0918004,0.276794,0.331656,0.280941,0.300156,0.261844,0.581097,0.097075,3.11536,0.273867,,-0.0051009,0.0765788,-0.0415789,66.1026,-0.0051009,0.000712953,-0.04505292372778058,0.0007129529840312898,-0.0010151,999,,,,,,,-1,,-1,,,,,,,,,,,,,,,,,,,,"Dayan Frias","sa3008768",682679
"Kale Fountain","SDP",0,1,1,0,0,0,0,0,0,0,0,0,0,0,0,0,,0,0,0.195157,0.076294,0.30137,0.253158,0.269295,0.297343,0.255042,0.566638,0.102186,4.72954,0.267834,,0.00203351,0.0710562,-0.0471015,64.0355,0.00203351,-0.00262224,-0.04059190582484007,-0.0026222390588372946,-0.00101739,999,,,,,,,-1,,-1,,,,,,,,,,,,,,,,,,,,"Kale Fountain","sa3067321",806495
"AJ Salgado","NYM",0,1,1,0,0,0,0,0,0,0,0,0,0,0,0,0,,0,0,0.209056,0.0794127,0.281807,0.281799,0.27838,0.321142,0.267089,0.599522,0.112086,4.77905,0.278869,,0.000822596,0.0808376,-0.0373201,71.8507,0.000822596,-0.0106943,-0.03254011698300019,-0.010694287717342377,-0.00101946,999,,,,,,,-1,,-1,,,,,,,,,,,,,,,,,,,,"AJ Salgado","sa3069033",814514
"Werner Blakely",,0,1,1,0,0,0,0,0,0,0,0,0,0,0,0,0,,0,0,0.187173,0.10003,0.351321,0.284724,0.27299,0.290446,0.255046,0.563436,0.103273,5.38045,0.285821,,0.00172667,0.0710595,-0.0470982,59.057,0.00172667,0.00213886,-0.04652944498229772,0.002138857962563634,-0.00102028,999,,,,,,,-1,,-1,,,,,,,,,,,,,,,,,,,,"Werner Blakely","sa3014502",690956
"Ryan Nicholson","LAA",0,1,1,0,0,0,0,0,0,0,0,0,0,0,0,0,,0,0,0.210047,0.0910631,0.299152,0.304404,0.287841,0.353665,0.283886,0.641506,0.143619,1.6834,0.2757,,-0.00174831,0.0944749,-0.0236829,78.9238,-0.00174831,-0.0178238,-0.026589044951833785,-0.01782381348311901,-0.00102256,999,,,,,,,-1,,-1,,,,,,,,,,,,,,,,,,,,"Ryan Nicholson","sa3025167",690804
"Hudson Haskin",,0,1,1,0,0,0,0,0,0,0,0,0,0,0,0,0,,0,0,0.202452,0.0802429,0.292907,0.273954,0.292185,0.302164,0.270066,0.594349,0.0997124,5.10576,0.281771,,-0.000787588,0.0832542,-0.0349035,72.0262,-0.000787588,-0.0106943,-0.03375796799082309,-0.010694287717342377,-0.00102659,999,,,,,,,-1,,-1,,,,,,,,,,,,,,,,,,,,"Hudson Haskin","sa3014449",681370
"Ludwing Espinoza","CHC",0,1,1,0,0,0,0,0,0,0,0,0,0,0,0,0,,0,0,0.194561,0.0691243,0.306913,0.225224,0.255093,0.290531,0.24377,0.545624,0.0959698,5.91157,0.2713,,0.00293245,0.0619045,-0.0562532,54.3675,0.00293245,0.00784248,-0.05115153919905424,0.007842478342354298,-0.0010271,999,,,,,,,-1,,-1,,,,,,,,,,,,,,,,,,,,"Ludwing Espinoza","sa3021073",806968
"Jose Alpuria","ARI",0,1,1,0,0,0,0,0,0,0,0,0,0,0,0,0,,0,0,0.189452,0.061567,0.316936,0.194257,0.267277,0.282137,0.249549,0.549413,0.0926847,5.86721,0.272879,,0.00213655,0.066597,-0.0515607,55.5502,0.00213655,0.0072165,-0.05054566636681557,0.007216504774987698,-0.00102915,999,,,,,,,-1,,-1,,,,,,,,,,,,,,,,,,,,"Jose Alpuria","sa3018562",800434
"Reivaj Garcia",,0,1,1,0,0,0,0,0,0,0,0,0,0,0,0,0,,0,0,0.234542,0.0410371,0.214866,0.19099,0.265801,0.319286,0.256484,0.585087,0.0847433,3.91375,0.290817,,-0.00170781,0.0722274,-0.0459303,63.0773,-0.00170781,0.00213886,-0.04546888510230929,0.002138857962563634,-0.00102924,999,,,,,,,-1,,-1,,,,,,,,,,,,,,,,,,,,"Reivaj Garcia","sa3006900",678706
"Jack Gurevitch","STL",0,1,1,0,0,0,0,0,0,0,0,0,0,0,0,0,,0,0,0.200266,0.0796293,0.308759,0.257901,0.27178,0.308407,0.259542,0.580186,0.10814,4.63417,0.279296,,0.00013751,0.0747105,-0.0434472,65.528,0.00013751,-0.00262224,-0.04071892258070875,-0.0026222390588372946,-0.00103038,999,,,,,,,-1,,-1,,,,,,,,,,,,,,,,,,,,"Jack Gurevitch","sa3032859",813668
"Ali Camarillo","ATH",0,1,1,0,0,0,0,0,0,0,0,0,0,0,0,0,,0,0,0.213228,0.0564632,0.249252,0.226531,0.262504,0.299958,0.24982,0.562462,0.0867292,4.05964,0.276534,,-0.000134587,0.0668172,-0.0513405,56.3221,-0.000134587,0.00784248,-0.051757990950136445,0.007842478342354298,-0.00103041,999,,,,,,,-1,,-1,,,,,,,,,,,,,,,,,,,,"Ali Camarillo","sa3028297",701548
"Ahbram Liendo","BOS",0,1,1,0,0,0,0,0,0,0,0,0,0,0,0,0,,0,0,0.207504,0.0850101,0.308235,0.275796,0.279618,0.294706,0.258656,0.574324,0.0872016,6.09324,0.298972,,0.00358574,0.0739904,-0.0441673,58.5258,0.00358574,0.000712953,-0.04529640497639775,0.0007129529840312898,-0.00104001,999,,,,,,,-1,,-1,,,,,,,,,,,,,,,,,,,,"Ahbram Liendo","sa3016173",699157
"Trey Snyder","NYM",0,1,1,0,0,0,0,0,0,0,0,0,0,0,0,0,,0,0,0.197863,0.0852608,0.264946,0.321804,0.2693,0.284225,0.249921,0.553525,0.0863622,4.41633,0.26048,,0.00171698,0.0668991,-0.0512586,60.0904,0.00171698,0.00213886,-0.045584200182929635,0.002138857962563634,-0.00104104,999,,,,,,,-1,,-1,,,,,,,,,,,,,,,,,,,,"Trey Snyder","sa3025611",815551
"Yoerny Junco","STL",0,1,1,0,0,0,0,0,0,0,0,0,0,0,0,0,,0,0,0.200539,0.08093,0.287176,0.281813,0.269767,0.296535,0.25407,0.566301,0.0959955,4.67301,0.274268,,-0.000311456,0.0702672,-0.0478905,61.7791,-0.000311456,0.00213886,-0.04561112806550227,0.002138857962563634,-0.00104379,999,,,,,,,-1,,-1,,,,,,,,,,,,,,,,,,,,"Yoerny Junco","sa3021065",806922
"Maxton Martin","TEX",0,1,1,0,0,0,0,0,0,0,0,0,0,0,0,0,,0,0,0.211972,0.0587856,0.295438,0.198977,0.264213,0.353317,0.26974,0.61753,0.141344,4.18784,0.278796,,-0.000649126,0.0829896,-0.0351681,71.7627,-0.000649126,-0.0106943,-0.03393005032557994,-0.010694287717342377,-0.0010442,999,,,,,,,-1,,-1,,,,,,,,,,,,,,,,,,,,"Maxton Martin","sa3023014",807722
"Jonathan Hogart","PHI",0,1,1,0,0,0,0,0,0,0,0,0,0,0,0,0,,0,0,0.20665,0.086198,0.302984,0.284497,0.290325,0.328036,0.276978,0.618361,0.121387,3.4787,0.284135,,-0.00164098,0.0888666,-0.0292911,73.7135,-0.00164098,-0.0106943,-0.032795892213471234,-0.010694287717342377,-0.00104563,999,,,,,,,-1,,-1,,,,,,,,,,,,,,,,,,,,"Jonathan Hogart","sa3069054",814781
"Jeremy Rivas","STL",0,1,1,0,0,0,0,0,0,0,0,0,0,0,0,0,,0,0,0.206776,0.0699555,0.262799,0.266194,0.269989,0.282776,0.249105,0.552765,0.0759997,4.05129,0.275948,,-0.00203207,0.0662366,-0.0519211,58.3783,-0.00203207,0.00784248,-0.051362353609874845,0.007842478342354298,-0.00104867,999,,,,,,,-1,,-1,,,,,,,,,,,,,,,,,,,,"Jeremy Rivas","sa3015193",692405
"Leonel Espinoza","CHC",0,1,1,0,0,0,0,0,0,0,0,0,0,0,0,0,,0,0,0.215161,0.046839,0.281627,0.166316,0.259612,0.320021,0.255105,0.579634,0.10486,5.00545,0.286485,,-0.000792412,0.0711078,-0.0470499,62.1326,-0.000792412,0.00213886,-0.04567311180289835,0.002138857962563634,-0.00105014,999,,,,,,,-1,,-1,,,,,,,,,,,,,,,,,,,,"Leonel Espinoza","sa3015735",696083
"Alirio Ferrebus","PHI",0,1,1,0,0,0,0,0,0,0,0,0,0,0,0,0,,0,0,0.220815,0.0344868,0.249805,0.138054,0.260828,0.340145,0.262948,0.600973,0.11933,2.86889,0.275054,,-0.0016539,0.0774756,-0.0406821,64.1025,-0.0016539,0.000657342,-0.04419983318075538,0.0006573420250788331,-0.00105098,999,,,,,,,-1,,-1,,,,,,,,,,,,,,,,,,,,"Alirio Ferrebus","sa3022306",808232
"Chris Brito","KCR",0,1,1,0,0,0,0,0,0,0,0,0,0,0,0,0,,0,0,0.221494,0.103646,0.238534,0.43451,0.307166,0.330812,0.286337,0.637978,0.109318,2.1003,0.280088,,-0.00185257,0.0964653,-0.0216925,78.774,-0.00185257,-0.0178238,-0.026869874563999474,-0.01782381348311901,-0.00105129,999,,,,,,,-1,,-1,,,,,,,,,,,,,,,,,,,,"Chris Brito","sa3023486",701594
"Joswa Lugo","LAA",0,1,1,0,0,0,0,0,0,0,0,0,0,0,0,0,,0,0,0.198614,0.0780855,0.322511,0.242118,0.268047,0.306048,0.256798,0.574095,0.107434,2.88894,0.280922,,-0.00182065,0.0724822,-0.0456755,60.2641,-0.00182065,0.00393692,-0.04865400248672813,0.003936924040317535,-0.00105369,999,,,,,,,-1,,-1,,,,,,,,,,,,,,,,,,,,"Joswa Lugo","sa3023894",815915
"Cristhian Vaquero","WSN",0,1,1,0,0,0,0,0,0,0,0,0,0,0,0,0,,0,0,0.199987,0.062325,0.311807,0.199883,0.258717,0.311989,0.252878,0.570706,0.112002,6.16674,0.27929,,0.00127168,0.0693,-0.0488577,58.8351,0.00127168,0.00393692,-0.04751727217808366,0.003936924040317535,-0.00105485,999,,,,,,,-1,,-1,,,,,,,,,,,,,,,,,,,,"Cristhian Vaquero","sa3018403",703143
"Ronald Ramirez","DET",0,1,1,0,0,0,0,0,0,0,0,0,0,0,0,0,,0,0,0.206979,0.0698447,0.284551,0.245456,0.268784,0.307873,0.257022,0.576658,0.100895,3.94342,0.278594,,-0.00132725,0.0726643,-0.0454934,61.346,-0.00132725,0.00213886,-0.046885550720617175,0.002138857962563634,-0.00105672,999,,,,,,,-1,,-1,,,,,,,,,,,,,,,,,,,,"Ronald Ramirez","sa3024368",821790
"Jared Sundstrom","SEA",0,1,1,0,0,0,0,0,0,0,0,0,0,0,0,0,,0,0,0.193658,0.0732829,0.334783,0.218897,0.263215,0.318582,0.258625,0.581797,0.124924,5.92396,0.275802,,0.0021525,0.0739659,-0.0441918,69.2326,0.0021525,-0.0106943,-0.03411047300323844,-0.010694287717342377,-0.00106266,999,,,,,,,-1,,-1,,,,,,,,,,,,,,,,,,,,"Jared Sundstrom","sa3022442",814791
"Ben Newton","ATH",0,1,1,0,0,0,0,0,0,0,0,0,0,0,0,0,,0,0,0.209356,0.0617022,0.313407,0.196876,0.26551,0.322846,0.260065,0.588356,0.11349,3.40003,0.292848,,-0.00163776,0.0751346,-0.0430231,63.3594,-0.00163776,0.000712953,-0.04494373209308833,0.0007129529840312898,-0.00106267,999,,,,,,,-1,,-1,,,,,,,,,,,,,,,,,,,,"Ben Newton","sa3067265",809091
"Bryce Arnold","CLE",0,1,1,0,0,0,0,0,0,0,0,0,0,0,0,0,,0,0,0.200199,0.0805851,0.299496,0.269069,0.280187,0.324986,0.270628,0.605173,0.124787,3.39904,0.269231,,-0.000614378,0.0837106,-0.0344471,71.5727,-0.000614378,-0.0106943,-0.03411926614353433,-0.010694287717342377,-0.00106356,999,,,,,,,-1,,-1,,,,,,,,,,,,,,,,,,,,"Bryce Arnold","sa3022557",683301
"Tommy Sacco Jr.","HOU",0,1,1,0,0,0,0,0,0,0,0,0,0,0,0,0,,0,0,0.195662,0.0814282,0.276538,0.294456,0.264214,0.28549,0.247364,0.549704,0.0898282,4.37505,0.262386,,-0.000259295,0.0648226,-0.0533351,55.5188,-0.000259295,0.00784248,-0.0526855738426093,0.007842478342354298,-0.00106658,999,,,,,,,-1,,-1,,,,,,,,,,,,,,,,,,,,"Tommy Sacco Jr.","sa3020125",690474
"Jaron Elkins","LAD",0,1,1,0,0,0,0,0,0,0,0,0,0,0,0,0,,0,0,0.193611,0.0540332,0.367144,0.147172,0.25243,0.311691,0.250003,0.564121,0.11808,6.76379,0.293719,,0.00469301,0.0669651,-0.0511926,57.3542,0.00469301,0.00213886,-0.04585111886262894,0.002138857962563634,-0.00106835,999,,,,,,,-1,,-1,,,,,,,,,,,,,,,,,,,,"Jaron Elkins","sa3023288",814696
"Joe Lampe","CLE",0,1,1,0,0,0,0,0,0,0,0,0,0,0,0,0,,0,0,0.212159,0.074743,0.257646,0.2901,0.278552,0.320269,0.266443,0.598821,0.10811,5.89771,0.276556,,0.00204323,0.080313,-0.0378447,69.2709,0.00204323,-0.0106943,-0.034174635307863355,-0.010694287717342377,-0.00106922,999,,,,,,,-1,,-1,,,,,,,,,,,,,,,,,,,,"Joe Lampe","sa3020642",802407
"Robert Moore","PHI",0,1,1,0,0,0,0,0,0,0,0,0,0,0,0,0,,0,0,0.207723,0.0720234,0.241356,0.298412,0.274253,0.315278,0.262855,0.589531,0.107555,3.86472,0.26171,,-0.00178989,0.0773997,-0.040758,64.0385,-0.00178989,0.000657342,-0.04441165889147669,0.0006573420250788331,-0.00107265,999,,,,,,,-1,,-1,,,,,,,,,,,,,,,,,,,,"Robert Moore","sa3019928",691001
"Kai Murphy","SDP",0,1,1,0,0,0,0,0,0,0,0,0,0,0,0,0,,0,0,0.20233,0.0803438,0.26311,0.305362,0.274236,0.289263,0.254257,0.563499,0.0869333,3.47574,0.268941,,-0.00265622,0.0704194,-0.0477383,63.4982,-0.00265622,0.00213886,-0.04591846279799938,0.002138857962563634,-0.00107524,999,,,,,,,-1,,-1,,,,,,,,,,,,,,,,,,,,"Kai Murphy","sa3019857",687625
"Luke Dickerson","WSN",0,1,1,0,0,0,0,0,0,0,0,0,0,0,0,0,,0,0,0.204211,0.0742047,0.288366,0.257328,0.26745,0.321945,0.261269,0.589394,0.117733,4.90478,0.270934,,0.000801897,0.076112,-0.0420457,64.5827,0.000801897,-0.00262224,-0.041174982907250524,-0.0026222390588372946,-0.00107704,999,,,,,,,-1,,-1,,,,,,,,,,,,,,,,,,,,"Luke Dickerson","sa3067329",815380
"Hunter Bishop",,0,1,1,0,0,0,0,0,0,0,0,0,0,0,0,0,,0,0,0.218394,0.0555344,0.320474,0.173288,0.270786,0.339754,0.268175,0.610539,0.121359,6.33636,0.310514,,0.000447668,0.0817193,-0.0364384,71.687,0.000447668,-0.0106943,-0.033109080482972786,-0.010694287717342377,-0.00107767,999,,,,,,,-1,,-1,,,,,,,,,,,,,,,,,,,,"Hunter Bishop","sa3011413",666183
"Gleider Figuereo","TEX",0,1,1,0,0,0,0,0,0,0,0,0,0,0,0,0,,0,0,0.198919,0.0621377,0.315422,0.196998,0.253778,0.340433,0.260461,0.594211,0.141514,2.32754,0.26044,,-0.00157645,0.0754563,-0.0427014,65.3711,-0.00157645,-0.00262224,-0.042390670045278966,-0.0026222390588372946,-0.00108395,999,,,,,,,-1,,-1,,,,,,,,,,,,,,,,,,,,"Gleider Figuereo","sa3015813",699213
"Yeiferth Castillo","CLE",0,1,1,0,0,0,0,0,0,0,0,0,0,0,0,0,,0,0,0.221034,0.0628354,0.23804,0.26397,0.275266,0.33721,0.270082,0.612476,0.116176,2.32038,0.271754,,-0.0010972,0.0832675,-0.0348902,71.7776,-0.0010972,-0.0106943,-0.0343605998205021,-0.010694287717342377,-0.00108825,999,,,,,,,-1,,-1,,,,,,,,,,,,,,,,,,,,"Yeiferth Castillo","sa3023931",821151
"Andru Arthur","STL",0,1,1,0,0,0,0,0,0,0,0,0,0,0,0,0,,0,0,0.183506,0.0948541,0.327902,0.289275,0.276273,0.274472,0.252586,0.550745,0.0909662,4.2418,0.27013,,0.000434579,0.0690622,-0.0490955,60.7624,0.000434579,0.00213886,-0.04607013502391055,0.002138857962563634,-0.00109076,999,,,,,,,-1,,-1,,,,,,,,,,,,,,,,,,,,"Andru Arthur","sa3021277",808504
"Drake Logan","CHW",0,1,1,0,0,0,0,0,0,0,0,0,0,0,0,0,,0,0,0.199692,0.0581502,0.394536,0.147389,0.255841,0.310465,0.250911,0.566306,0.110772,6.21458,0.320804,,0.00329603,0.0677029,-0.0504548,57.1301,0.00329603,0.00213886,-0.047231171047315,0.002138857962563634,-0.00109208,999,,,,,,,-1,,-1,,,,,,,,,,,,,,,,,,,,"Drake Logan","sa3019936",805763
"Oscar Colás",,0,1,1,0,0,0,0,0,0,0,0,0,0,0,0,0,,0,0,0.220405,0.066756,0.267711,0.249358,0.27591,0.349495,0.274592,0.625406,0.12909,3.73503,0.280833,,-0.00202502,0.0869293,-0.0312284,72.5218,-0.00202502,-0.0106943,-0.03441130695864558,-0.010694287717342377,-0.00109344,999,,,,,,,-1,,-1,,,,,,,,,,,,,,,,,,,,"Oscar Colas","30162",693049
"Yassel Soler","ARI",0,1,1,0,0,0,0,0,0,0,0,0,0,0,0,0,,0,0,0.210181,0.0515556,0.272034,0.189519,0.261037,0.331935,0.260829,0.592972,0.121754,2.69991,0.269371,,-0.00109967,0.0757554,-0.0424023,63.2775,-0.00109967,0.000657342,-0.04462348984088749,0.0006573420250788331,-0.00109432,999,,,,,,,-1,,-1,,,,,,,,,,,,,,,,,,,,"Yassel Soler","sa3022281",807957
"Feldi Tavarez","WSN",0,1,1,0,0,0,0,0,0,0,0,0,0,0,0,0,,0,0,0.193937,0.0573346,0.322613,0.177719,0.24761,0.297696,0.242066,0.545306,0.103759,4.04633,0.272441,,-0.000666802,0.0605216,-0.0576361,51.4285,-0.000666802,0.014259,-0.05823407060233876,0.01425904966890812,-0.00109523,999,,,,,,,-1,,-1,,,,,,,,,,,,,,,,,,,,"Feldi Tavarez","sa3023918",821049
"Junior Tilien","DET",0,1,1,0,0,0,0,0,0,0,0,0,0,0,0,0,,0,0,0.214655,0.057303,0.246718,0.232261,0.259892,0.323893,0.256507,0.583785,0.109238,2.28201,0.269935,,-0.00129408,0.0722457,-0.045912,60.9908,-0.00129408,0.00213886,-0.04727094934787601,0.002138857962563634,-0.00109615,999,,,,,,,-1,,-1,,,,,,,,,,,,,,,,,,,,"Junior Tilien","sa3015187",691708
"Jaxx Groshans",,0,1,1,0,0,0,0,0,0,0,0,0,0,0,0,0,,0,0,0.199333,0.0841681,0.304321,0.276576,0.270445,0.315287,0.261043,0.585733,0.115954,3.89413,0.272699,,-0.0017475,0.0759291,-0.0422286,63.1886,-0.0017475,0,-0.04513399302959442,0,-0.00109634,999,,,,,,,-1,,-1,,,,,,,,,,,,,,,,,,,,"Jaxx Groshans","sa3010160",686755
"Alberto Mendez",,0,1,1,0,0,0,0,0,0,0,0,0,0,0,0,0,,0,0,0.197775,0.0759682,0.288368,0.263442,0.264703,0.307729,0.255383,0.572432,0.109954,2.45619,0.263191,,-0.0021008,0.0713338,-0.0468239,61.6524,-0.0021008,0.00213886,-0.04729788703843951,0.002138857962563634,-0.0010989,999,,,,,,,-1,,-1,,,,,,,,,,,,,,,,,,,,"Alberto Mendez","sa3018458",800160
"Austin Deming",,0,1,1,0,0,0,0,0,0,0,0,0,0,0,0,0,,0,0,0.19338,0.0713591,0.345916,0.20629,0.259692,0.317326,0.256262,0.577019,0.123947,3.5765,0.277914,,-0.000697349,0.0720472,-0.0461105,61.6485,-0.000697349,0.000712953,-0.045899038144852966,0.0007129529840312898,-0.00110167,999,,,,,,,-1,,-1,,,,,,,,,,,,,,,,,,,,"Austin Deming","sa3022813",801471
"Angel Mata","PHI",0,1,1,0,0,0,0,0,0,0,0,0,0,0,0,0,,0,0,0.198648,0.0584943,0.293299,0.199436,0.251417,0.299942,0.24461,0.551359,0.101294,2.9454,0.268849,,-0.000881409,0.0625872,-0.0555706,51.5407,-0.000881409,0.014259,-0.058315744274295866,0.01425904966890812,-0.00110359,999,,,,,,,-1,,-1,,,,,,,,,,,,,,,,,,,,"Angel Mata","sa3018464",800171
"Derniche Valdez","CHC",0,1,1,0,0,0,0,0,0,0,0,0,0,0,0,0,,0,0,0.196286,0.0661939,0.325283,0.203496,0.253716,0.30902,0.249233,0.562737,0.112734,5.98396,0.276756,,0.00164343,0.0663405,-0.0518172,58.1102,0.00164343,0.00393692,-0.048004619195126,0.003936924040317535,-0.00110471,999,,,,,,,-1,,-1,,,,,,,,,,,,,,,,,,,,"Derniche Valdez","sa3021068",806961
"Johnny Ascanio","CIN",0,1,1,0,0,0,0,0,0,0,0,0,0,0,0,0,,0,0,0.211721,0.0788485,0.238182,0.331044,0.280597,0.315059,0.266133,0.595656,0.103337,2.87107,0.265797,,-0.00238069,0.0800615,-0.0380962,63.0148,-0.00238069,0.00213886,-0.04621583060361445,0.002138857962563634,-0.00110566,999,,,,,,,-1,,-1,,,,,,,,,,,,,,,,,,,,"Johnny Ascanio","sa3015526",691392
"Scott Bandura","SFG",0,1,1,0,0,0,0,0,0,0,0,0,0,0,0,0,,0,0,0.209949,0.081807,0.304932,0.26828,0.281978,0.30751,0.26432,0.589489,0.0975607,5.95289,0.298578,,0.00329028,0.0785892,-0.0395685,69.046,0.00329028,-0.0106943,-0.03339665615931153,-0.010694287717342377,-0.00110709,999,,,,,,,-1,,-1,,,,,,,,,,,,,,,,,,,,"Scott Bandura","sa3022699",814154
"Seth Beer",,0,1,1,0,0,0,0,0,0,0,0,0,0,0,0,0,,0,0,0.218391,0.0667712,0.250345,0.266717,0.294127,0.3455,0.284757,0.639626,0.127109,2.29184,0.27329,,-0.00143038,0.095182,-0.0229758,79.042,-0.00143038,-0.0178238,-0.026269910507835448,-0.01782381348311901,-0.00110738,999,,,,,,,-1,,-1,,,,,,,,,,,,,,,,,,,,"Seth Beer","20493",666179
"Juan Cruz",,0,1,1,0,0,0,0,0,0,0,0,0,0,0,0,0,,0,0,0.187195,0.0733884,0.328678,0.223283,0.254411,0.290676,0.244407,0.545086,0.103481,3.83669,0.264951,,0.000413368,0.0624217,-0.055736,59.4378,0.000413368,0.00213886,-0.04739386370056309,0.002138857962563634,-0.00110872,999,,,,,,,-1,,-1,,,,,,,,,,,,,,,,,,,,"Juan Cruz","sa3016194",700319
"Nate Rombach","WSN",0,1,1,0,0,0,0,0,0,0,0,0,0,0,0,0,,0,0,0.201796,0.0532445,0.292026,0.182328,0.244949,0.305759,0.242354,0.550707,0.103963,2.36211,0.270267,,-0.00103833,0.0607554,-0.0574023,51.6257,-0.00103833,0.014259,-0.058371853083372116,0.01425904966890812,-0.00110933,999,,,,,,,-1,,-1,,,,,,,,,,,,,,,,,,,,"Nate Rombach","sa3023620",683176
"Caleb Roberts","ARI",0,1,1,0,0,0,0,0,0,0,0,0,0,0,0,0,,0,0,0.207833,0.0848234,0.278162,0.304943,0.284641,0.332049,0.274297,0.61669,0.124215,5.40746,0.278293,,-0.000865483,0.0866898,-0.0314679,72.5032,-0.000865483,-0.0106943,-0.03345489612547681,-0.010694287717342377,-0.00111305,999,,,,,,,-1,,-1,,,,,,,,,,,,,,,,,,,,"Caleb Roberts","sa3016959",681134
"P.J. Hilson","PIT",0,1,1,0,0,0,0,0,0,0,0,0,0,0,0,0,,0,0,0.213829,0.0402457,0.276658,0.145471,0.254986,0.334935,0.258047,0.589921,0.121106,4.84174,0.275497,,0.000542667,0.0734963,-0.0446614,60.4721,0.000542667,0.00213886,-0.04630606260616332,0.002138857962563634,-0.0011149,999,,,,,,,-1,,-1,,,,,,,,,,,,,,,,,,,,"P.J. Hilson","sa3007048",680713
"Zach Daudet","HOU",0,1,1,0,0,0,0,0,0,0,0,0,0,0,0,0,,0,0,0.215503,0.100407,0.246171,0.407876,0.299515,0.318537,0.278118,0.618052,0.103034,4.19953,0.277342,,-0.0000417361,0.0897917,-0.028366,76.7039,-0.0000417361,-0.0178238,-0.02749889696497121,-0.01782381348311901,-0.00111565,999,,,,,,,-1,,-1,,,,,,,,,,,,,,,,,,,,"Zach Daudet","sa3029854",836055
"Nathan Rose",,0,1,1,0,0,0,0,0,0,0,0,0,0,0,0,0,,0,0,0.184313,0.0699828,0.341418,0.204977,0.256033,0.292632,0.246574,0.548665,0.108318,2.51333,0.266021,,-0.00141681,0.0641813,-0.0539765,60.9308,-0.00141681,0.00213886,-0.0474644775968045,0.002138857962563634,-0.00111595,999,,,,,,,-1,,-1,,,,,,,,,,,,,,,,,,,,"Nathan Rose","sa3067335",824649
"Peyton Stovall","CIN",0,1,1,0,0,0,0,0,0,0,0,0,0,0,0,0,,0,0,0.206247,0.0929036,0.246002,0.377654,0.285306,0.312254,0.268302,0.59756,0.106007,4.22622,0.262632,,0.000449741,0.0818222,-0.0363355,64.5003,0.000449741,-0.00262224,-0.04162474925396964,-0.0026222390588372946,-0.00112306,999,,,,,,,-1,,-1,,,,,,,,,,,,,,,,,,,,"Peyton Stovall","sa3025512",696510
"Hunter Stovall","PIT",0,1,1,0,0,0,0,0,0,0,0,0,0,0,0,0,,0,0,0.216667,0.0533503,0.213435,0.24996,0.260228,0.302121,0.248781,0.562349,0.0854544,4.25452,0.265797,,-0.000272516,0.0659735,-0.0521842,55.0377,-0.000272516,0.00784248,-0.053265791124431416,0.007842478342354298,-0.00112594,999,,,,,,,-1,,-1,,,,,,,,,,,,,,,,,,,,"Hunter Stovall","sa3008181",667663
"Kevin Verde","NYY",0,1,1,0,0,0,0,0,0,0,0,0,0,0,0,0,,0,0,0.203031,0.0476794,0.270086,0.176535,0.244408,0.3146,0.245274,0.559009,0.111569,3.92286,0.259071,,0.000184314,0.063126,-0.0550317,54.6322,0.000184314,0.00784248,-0.053286945389118046,0.007842478342354298,-0.00112811,999,,,,,,,-1,,-1,,,,,,,,,,,,,,,,,,,,"Kevin Verde","sa3021326",814269
"Jose Torres","COL",0,1,1,0,0,0,0,0,0,0,0,0,0,0,0,0,,0,0,0.216408,0.0560524,0.310591,0.18047,0.265752,0.347572,0.268366,0.613324,0.131164,4.79945,0.294187,,0.000269217,0.0818741,-0.0362836,55.7713,0.000269217,0.00784248,-0.0521509145910386,0.007842478342354298,-0.00112935,999,,,,,,,-1,,-1,,,,,,,,,,,,,,,,,,,,"Jose Torres","sa3017396",686958
"Anthony Scull","LAA",0,1,1,0,0,0,0,0,0,0,0,0,0,0,0,0,,0,0,0.215749,0.0337084,0.282018,0.119526,0.25669,0.33201,0.25806,0.5887,0.116261,4.21101,0.281335,,-0.00179905,0.073507,-0.0446508,61.1336,-0.00179905,0.00213886,-0.04760767880361527,0.002138857962563634,-0.0011306,999,,,,,,,-1,,-1,,,,,,,,,,,,,,,,,,,,"Anthony Scull","sa3017988",703430
"Ruben Ibarra","CIN",0,1,1,0,0,0,0,0,0,0,0,0,0,0,0,0,,0,0,0.206228,0.0826511,0.300263,0.275262,0.286243,0.370283,0.289294,0.656526,0.164054,1.7359,0.262006,,-0.0014713,0.0988657,-0.019292,78.8805,-0.0014713,-0.0178238,-0.026502283522859216,-0.01782381348311901,-0.00113115,999,,,,,,,-1,,-1,,,,,,,,,,,,,,,,,,,,"Ruben Ibarra","sa3017053",702140
"Logun Clark","CLE",0,1,1,0,0,0,0,0,0,0,0,0,0,0,0,0,,0,0,0.180839,0.0724254,0.355477,0.203742,0.256925,0.270152,0.239706,0.527077,0.0893129,2.35652,0.275903,,-0.00186313,0.0586055,-0.0595522,50.8531,-0.00186313,0.014259,-0.05978844698984176,0.01425904966890812,-0.0011368,999,,,,,,,-1,,-1,,,,,,,,,,,,,,,,,,,,"Logun Clark","sa3021584",800621
"Jeffrey Mercedes","CLE",0,1,1,0,0,0,0,0,0,0,0,0,0,0,0,0,,0,0,0.212846,0.0517465,0.255368,0.202635,0.256396,0.321489,0.253812,0.577884,0.108642,2.73504,0.270874,,-0.00122317,0.0700579,-0.0480998,60.5699,-0.00122317,0.00213886,-0.04769613943062723,0.002138857962563634,-0.00113965,999,,,,,,,-1,,-1,,,,,,,,,,,,,,,,,,,,"Jeffrey Mercedes","sa3018942",800253
"Andruw Salcedo",,0,1,1,0,0,0,0,0,0,0,0,0,0,0,0,0,,0,0,0.174411,0.0848543,0.347381,0.244269,0.250333,0.255033,0.230717,0.505366,0.080623,2.68406,0.263957,,-0.000924098,0.0513071,-0.0668506,50.0076,-0.000924098,0.014259,-0.059845960582606494,0.01425904966890812,-0.00114268,999,,,,,,,-1,,-1,,,,,,,,,,,,,,,,,,,,"Andruw Salcedo","sa3015231",691402
"Ashly Andujar","COL",0,1,1,0,0,0,0,0,0,0,0,0,0,0,0,0,,0,0,0.236801,0.0519442,0.23146,0.22442,0.279505,0.335904,0.270725,0.615409,0.0991027,2.51935,0.295773,,-0.00117366,0.08379,-0.0343677,57.3878,-0.00117366,0.0072165,-0.05167791643179953,0.007216504774987698,-0.001145,999,,,,,,,-1,,-1,,,,,,,,,,,,,,,,,,,,"Ashly Andujar","sa3023890",815903
"Matthew Batten",,0,1,1,0,0,0,0,0,0,0,0,0,0,0,0,0,,0,0,0.208007,0.0717105,0.275809,0.260001,0.268597,0.304241,0.255442,0.572838,0.096234,4.99742,0.277243,,0.00208714,0.0713811,-0.0467766,60.1,0.00208714,0.000712953,-0.04520262498408556,0.0007129529840312898,-0.00114789,999,,,,,,,-1,,-1,,,,,,,,,,,,,,,,,,,,"Matthew Batten","20157",676946
"Casey Cook","TEX",0,1,1,0,0,0,0,0,0,0,0,0,0,0,0,0,,0,0,0.20065,0.068479,0.261065,0.262306,0.266001,0.294558,0.251404,0.560559,0.0939079,4.89271,0.262401,,0.000364824,0.0681029,-0.0500548,59.132,0.000364824,0.00213886,-0.047802870569285005,0.002138857962563634,-0.00115057,999,,,,,,,-1,,-1,,,,,,,,,,,,,,,,,,,,"Casey Cook","sa3025356",695517
"Mario Baez","ATL",0,1,1,0,0,0,0,0,0,0,0,0,0,0,0,0,,0,0,0.206622,0.0643494,0.254131,0.253213,0.267233,0.295631,0.252003,0.562864,0.0890091,4.80354,0.268005,,0.00162302,0.0685891,-0.0495686,57.7443,0.00162302,0.00393692,-0.048458790057338774,0.003936924040317535,-0.00115118,999,,,,,,,-1,,-1,,,,,,,,,,,,,,,,,,,,"Mario Baez","sa3021286",808545
"Jacob Wetzel",,0,1,1,0,0,0,0,0,0,0,0,0,0,0,0,0,,0,0,0.199595,0.0950592,0.276239,0.344119,0.281521,0.321006,0.269359,0.602526,0.121411,5.38557,0.263258,,-0.000450892,0.0826807,-0.035477,70.6989,-0.000450892,-0.0106943,-0.03498568857321516,-0.010694287717342377,-0.0011522,999,,,,,,,-1,,-1,,,,,,,,,,,,,,,,,,,,"Jacob Wetzel","sa3015057",689047
"Colin Barber",,0,1,1,0,0,0,0,0,0,0,0,0,0,0,0,0,,0,0,0.209684,0.0743521,0.304467,0.244204,0.277176,0.334663,0.271014,0.611838,0.124978,3.91847,0.286868,,-0.00176505,0.0840246,-0.0341331,71.8108,-0.00176505,-0.0106943,-0.03498932998627424,-0.010694287717342377,-0.00115258,999,,,,,,,-1,,-1,,,,,,,,,,,,,,,,,,,,"Colin Barber","sa3010696",683145
"Jake Snider","TEX",0,1,1,0,0,0,0,0,0,0,0,0,0,0,0,0,,0,0,0.194713,0.103938,0.274192,0.379069,0.292937,0.280475,0.263324,0.573412,0.0857626,6.01093,0.268595,,0.00205047,0.0777806,-0.0403771,69.709,0.00205047,-0.0106943,-0.03385059558786452,-0.010694287717342377,-0.00115354,999,,,,,,,-1,,-1,,,,,,,,,,,,,,,,,,,,"Jake Snider","sa3011559",686744
"Rayner Arias","SFG",0,1,1,0,0,0,0,0,0,0,0,0,0,0,0,0,,0,0,0.19415,0.0553694,0.320572,0.172721,0.252649,0.293037,0.243549,0.545686,0.0988868,3.79474,0.276407,,-0.00149632,0.0617254,-0.0564323,54.8174,-0.00149632,0.0104961,-0.055047020548954606,0.010496087372303009,-0.00115416,999,,,,,,,-1,,-1,,,,,,,,,,,,,,,,,,,,"Rayner Arias","sa3021076",806976
"Tre Richardson III","STL",0,1,1,0,0,0,0,0,0,0,0,0,0,0,0,0,,0,0,0.207526,0.0660922,0.252416,0.261839,0.271106,0.293074,0.253202,0.56418,0.0855481,4.97856,0.273381,,-0.00068944,0.069563,-0.0485947,61.1849,-0.00068944,0.00213886,-0.04669338499661535,0.002138857962563634,-0.00115452,999,,,,,,,-1,,-1,,,,,,,,,,,,,,,,,,,,"Tre Richardson III","sa3022428",693832
"Eriandys Ramon","CHC",0,1,1,0,0,0,0,0,0,0,0,0,0,0,0,0,,0,0,0.205409,0.0348541,0.310753,0.11216,0.236713,0.326339,0.244312,0.563052,0.120931,5.23586,0.281037,,-0.00142427,0.062345,-0.0558127,54.7391,-0.00142427,0.0104961,-0.055067751673050225,0.010496087372303009,-0.00115628,999,,,,,,,-1,,-1,,,,,,,,,,,,,,,,,,,,"Eriandys Ramon","sa3022256",814546
"John Cristino","NYY",0,1,1,0,0,0,0,0,0,0,0,0,0,0,0,0,,0,0,0.185857,0.0501797,0.3697,0.135731,0.238716,0.297386,0.237573,0.536102,0.111529,3.8677,0.27839,,-0.000288825,0.0568738,-0.0612839,49.3275,-0.000288825,0.014259,-0.06001231801928952,0.01425904966890812,-0.0011597,999,,,,,,,-1,,-1,,,,,,,,,,,,,,,,,,,,"John Cristino","sa3067467",701816
"Pablo Aliendo",,0,1,1,0,0,0,0,0,0,0,0,0,0,0,0,0,,0,0,0.195579,0.0586604,0.348952,0.168104,0.257206,0.322868,0.256811,0.580074,0.127289,2.41294,0.280246,,-0.00178556,0.0724932,-0.0456645,63.3015,-0.00178556,0.000657342,-0.04528084967751056,0.0006573420250788331,-0.00116158,999,,,,,,,-1,,-1,,,,,,,,,,,,,,,,,,,,"Pablo Aliendo","sa3006220",680846
"Adrian De Leon","ARI",0,1,1,0,0,0,0,0,0,0,0,0,0,0,0,0,,0,0,0.178512,0.0873125,0.334399,0.261103,0.2674,0.263251,0.243978,0.530651,0.0847389,2.20037,0.26642,,-0.00168127,0.0620738,-0.0560839,51.7338,-0.00168127,0.014259,-0.05888668086845428,0.01425904966890812,-0.001162,999,,,,,,,-1,,-1,,,,,,,,,,,,,,,,,,,,"Adrian De Leon","sa3015864",700369
"Rosman Verdugo","SDP",0,1,1,0,0,0,0,0,0,0,0,0,0,0,0,0,,0,0,0.184025,0.0881063,0.35287,0.249685,0.261833,0.301847,0.252731,0.563679,0.117822,3.00622,0.271492,,-0.00231306,0.0691805,-0.0489772,62.4529,-0.00231306,0.00213886,-0.04681416577659547,0.002138857962563634,-0.00116688,999,,,,,,,-1,,-1,,,,,,,,,,,,,,,,,,,,"Rosman Verdugo","sa3018393",698916
"Victor Ortega","MIA",0,1,1,0,0,0,0,0,0,0,0,0,0,0,0,0,,0,0,0.206416,0.0926062,0.256029,0.361702,0.285222,0.290271,0.260772,0.575493,0.0838554,2.13104,0.274065,,-0.00134378,0.075709,-0.0424487,62.8815,-0.00134378,0.000657342,-0.04533693753182888,0.0006573420250788331,-0.00116732,999,,,,,,,-1,,-1,,,,,,,,,,,,,,,,,,,,"Victor Ortega","sa3018439",703861
"Charlie Szykowny","SFG",0,1,1,0,0,0,0,0,0,0,0,0,0,0,0,0,,0,0,0.21913,0.0322047,0.254645,0.126469,0.261148,0.331295,0.259946,0.592443,0.112165,4.18514,0.280778,,-0.0018217,0.0750386,-0.0431192,66.0502,-0.0018217,-0.00262224,-0.04205924121197313,-0.0026222390588372946,-0.00116751,999,,,,,,,-1,,-1,,,,,,,,,,,,,,,,,,,,"Charlie Szykowny","sa3022689",805126
"Manuel Beltre","TOR",0,1,1,0,0,0,0,0,0,0,0,0,0,0,0,0,,0,0,0.203502,0.0560058,0.245599,0.228037,0.258344,0.290222,0.245074,0.548566,0.0867196,4.12369,0.261151,,0.000562645,0.0629635,-0.0551942,53.9697,0.000562645,0.00784248,-0.05368940200423822,0.007842478342354298,-0.00116928,999,,,,,,,-1,,-1,,,,,,,,,,,,,,,,,,,,"Manuel Beltre","sa3015710",694202
"Daniel Vazquez","KCR",0,1,1,0,0,0,0,0,0,0,0,0,0,0,0,0,,0,0,0.216071,0.071061,0.249238,0.285113,0.270933,0.296761,0.253157,0.567693,0.0806896,4.40582,0.283846,,-0.00176636,0.0695259,-0.0486318,55.9172,-0.00176636,0.00784248,-0.053723033401183784,0.007842478342354298,-0.00117272,999,,,,,,,-1,,-1,,,,,,,,,,,,,,,,,,,,"Daniel Vazquez","sa3016143",694187
"Alex McCoy","SDP",0,1,1,0,0,0,0,0,0,0,0,0,0,0,0,0,,0,0,0.207593,0.0557682,0.30888,0.18055,0.265801,0.334212,0.264641,0.600013,0.126618,5.46969,0.282648,,0.000787377,0.0788498,-0.0393079,70.6112,0.000787377,-0.0106943,-0.03404444467741996,-0.010694287717342377,-0.00117337,999,,,,,,,-1,,-1,,,,,,,,,,,,,,,,,,,,"Alex McCoy","sa3067170",801932
"Diego Gonzalez",,0,1,1,0,0,0,0,0,0,0,0,0,0,0,0,0,,0,0,0.205077,0.066085,0.281872,0.23445,0.263171,0.305719,0.25319,0.56889,0.100642,2.23399,0.271963,,-0.00211545,0.0695531,-0.0486046,57.4181,-0.00211545,0.00784248,-0.05258386908099055,0.007842478342354298,-0.00117364,999,,,,,,,-1,,-1,,,,,,,,,,,,,,,,,,,,"Diego Gonzalez","sa3015583",691897
"Kehden Hettiger","PHI",0,1,1,0,0,0,0,0,0,0,0,0,0,0,0,0,,0,0,0.195285,0.099254,0.314434,0.315659,0.27701,0.31401,0.264814,0.59102,0.118725,2.79731,0.271715,,-0.00112049,0.0789903,-0.0391674,65.3806,-0.00112049,-0.00262224,-0.042151631554588675,-0.0026222390588372946,-0.00117697,999,,,,,,,-1,,-1,,,,,,,,,,,,,,,,,,,,"Kehden Hettiger","sa3022812",800607
"Dylan Shockley",,0,1,1,0,0,0,0,0,0,0,0,0,0,0,0,0,,0,0,0.185713,0.0771038,0.348823,0.22104,0.262605,0.269908,0.24246,0.532513,0.0841954,2.74832,0.283611,,-0.00125028,0.0608413,-0.0573164,51.2072,-0.00125028,0.014259,-0.05907982448115945,0.01425904966890812,-0.00118176,999,,,,,,,-1,,-1,,,,,,,,,,,,,,,,,,,,"Dylan Shockley","sa1170874",686758
"Nerwilian Cedeño",,0,1,1,0,0,0,0,0,0,0,0,0,0,0,0,0,,0,0,0.200405,0.0648698,0.296526,0.218766,0.256744,0.311575,0.251515,0.568319,0.11117,4.65054,0.271473,,-0.00152766,0.0681929,-0.0499648,61.6195,-0.00152766,0.00213886,-0.0470164492726326,0.002138857962563634,-0.00118758,999,,,,,,,-1,,-1,,,,,,,,,,,,,,,,,,,,"Nerwilian Cedeno","sa3010026",683481
"Vance Honeycutt","BAL",0,1,1,0,0,0,0,0,0,0,0,0,0,0,0,0,,0,0,0.169333,0.0824671,0.418134,0.197226,0.241959,0.268548,0.230407,0.510508,0.0992151,6.59675,0.288921,,0.00208799,0.0510553,-0.0671024,44.7069,0.00208799,0.0170553,-0.06308133015409112,0.017055250704288483,-0.00118761,999,,,,,,,-1,,-1,,,,,,,,,,,,,,,,,,,,"Vance Honeycutt","sa3025526",701689
"Alen Pineda","ATL",0,1,1,0,0,0,0,0,0,0,0,0,0,0,0,0,,0,0,0.184617,0.0596231,0.3807,0.156614,0.247177,0.295098,0.241942,0.542275,0.110482,3.91302,0.285247,,-0.00090193,0.0604204,-0.0577373,50.8521,-0.00090193,0.014259,-0.05915234942222014,0.01425904966890812,-0.00118918,999,,,,,,,-1,,-1,,,,,,,,,,,,,,,,,,,,"Alen Pineda","sa3018965",800572
"Frainyer Chavez","TEX",0,1,1,0,0,0,0,0,0,0,0,0,0,0,0,0,,0,0,0.208617,0.0839301,0.257853,0.325496,0.279066,0.285224,0.25511,0.564289,0.0766065,3.26155,0.277236,,-0.00305819,0.0711116,-0.0470461,61.6847,-0.00305819,0.00213886,-0.04821719718165696,0.002138857962563634,-0.00119296,999,,,,,,,-1,,-1,,,,,,,,,,,,,,,,,,,,"Frainyer Chavez","sa3007019",669413
"Ryan Cermak","TBR",0,1,1,0,0,0,0,0,0,0,0,0,0,0,0,0,,0,0,0.202552,0.0692592,0.315558,0.219482,0.270115,0.335878,0.268049,0.605993,0.133325,5.68514,0.277335,,0.00190056,0.0816174,-0.0365403,68.3108,0.00190056,-0.0106943,-0.0354488433804363,-0.010694287717342377,-0.00119959,999,,,,,,,-1,,-1,,,,,,,,,,,,,,,,,,,,"Ryan Cermak","sa3020204",688714
"Karson Simas","CHC",0,1,1,0,0,0,0,0,0,0,0,0,0,0,0,0,,0,0,0.213779,0.0598715,0.296028,0.202249,0.269659,0.309704,0.257477,0.579363,0.0959256,5.65982,0.297777,,0.00155363,0.0730334,-0.0451243,57.7138,0.00155363,0.00213886,-0.048285561497323215,0.002138857962563634,-0.00119995,999,,,,,,,-1,,-1,,,,,,,,,,,,,,,,,,,,"Karson Simas","sa3011739",689302
"Jimmy Herron",,0,1,1,0,0,0,0,0,0,0,0,0,0,0,0,0,,0,0,0.211342,0.0741452,0.234127,0.316688,0.279424,0.317785,0.266555,0.59721,0.106443,5.14792,0.261312,,0.00246393,0.0804037,-0.037754,68.9382,0.00246393,-0.0106943,-0.034350749803707004,-0.010694287717342377,-0.00120471,999,,,,,,,-1,,-1,,,,,,,,,,,,,,,,,,,,"Jimmy Herron","sa3008183",676939
"Isaiah Drake","ATL",0,1,1,0,0,0,0,0,0,0,0,0,0,0,0,0,,0,0,0.21148,0.0628879,0.313608,0.200531,0.260977,0.311245,0.252704,0.572223,0.0997652,6.57963,0.298705,,0.00227981,0.069158,-0.0489997,58.2243,0.00227981,0.00213886,-0.04723308770917356,0.002138857962563634,-0.00120974,999,,,,,,,-1,,-1,,,,,,,,,,,,,,,,,,,,"Isaiah Drake","sa3022507",806061
"Ryan Spikes","TBR",0,1,1,0,0,0,0,0,0,0,0,0,0,0,0,0,,0,0,0.206093,0.043586,0.323747,0.13463,0.248136,0.338932,0.255952,0.587068,0.132839,5.61838,0.280812,,0.000212699,0.0717955,-0.0463622,59.9774,0.000212699,0.000712953,-0.04695862905646209,0.0007129529840312898,-0.00121008,999,,,,,,,-1,,-1,,,,,,,,,,,,,,,,,,,,"Ryan Spikes","sa3017792",691797
"Carlos Colmenarez","TBR",0,1,1,0,0,0,0,0,0,0,0,0,0,0,0,0,,0,0,0.183624,0.0891467,0.366328,0.243352,0.270955,0.280007,0.251121,0.550962,0.0963826,3.21161,0.287723,,-0.00300611,0.0678729,-0.0502848,56.6493,-0.00300611,0.00784248,-0.054099971894174814,0.007842478342354298,-0.00121129,999,,,,,,,-1,,-1,,,,,,,,,,,,,,,,,,,,"Carlos Colmenarez","sa3017480",694181
"Alexis Hernandez","CHC",0,1,1,0,0,0,0,0,0,0,0,0,0,0,0,0,,0,0,0.193217,0.0714155,0.325842,0.219172,0.253624,0.293062,0.243803,0.546686,0.0998453,5.36791,0.276731,,0.00106539,0.0619316,-0.0562261,54.3903,0.00106539,0.00784248,-0.0529915418010205,0.007842478342354298,-0.00121535,999,,,,,,,-1,,-1,,,,,,,,,,,,,,,,,,,,"Alexis Hernandez","sa3018413",703161
"Cade McGee","STL",0,1,1,0,0,0,0,0,0,0,0,0,0,0,0,0,,0,0,0.197315,0.0782849,0.282216,0.277394,0.266888,0.30938,0.257403,0.576269,0.112065,3.91565,0.258296,,0.000027942,0.0729734,-0.0451843,64.0624,0.000027942,-0.00262224,-0.04256553714185429,-0.0026222390588372946,-0.00121931,999,,,,,,,-1,,-1,,,,,,,,,,,,,,,,,,,,"Cade McGee","sa3025153",801629
"Jonathan Mejía","STL",0,1,1,0,0,0,0,0,0,0,0,0,0,0,0,0,,0,0,0.185941,0.0788586,0.344613,0.228832,0.253027,0.290816,0.243198,0.543843,0.104874,5.92445,0.274064,,0.00109059,0.0614401,-0.0567176,54.3313,0.00109059,0.00784248,-0.05303624819498509,0.007842478342354298,-0.00121993,999,,,,,,,-1,,-1,,,,,,,,,,,,,,,,,,,,"Jonathan Mejia","sa3018411",703158
"Santiago Gomez","NYY",0,1,1,0,0,0,0,0,0,0,0,0,0,0,0,0,,0,0,0.193125,0.0512185,0.313915,0.163161,0.260356,0.292545,0.248814,0.552901,0.0994205,5.16414,0.268613,,0.00209022,0.0660001,-0.0521576,57.0707,0.00209022,0.00213886,-0.0485069255810231,0.002138857962563634,-0.0012226,999,,,,,,,-1,,-1,,,,,,,,,,,,,,,,,,,,"Santiago Gomez","sa3018616",801726
"Alexis Hernandez","TOR",0,1,1,0,0,0,0,0,0,0,0,0,0,0,0,0,,0,0,0.210293,0.0715573,0.268846,0.266165,0.274347,0.324127,0.26582,0.598474,0.113834,4.317,0.272383,,0.00167966,0.0798075,-0.0383502,68.2611,0.00167966,-0.0106943,-0.035728328744880855,-0.010694287717342377,-0.00122818,999,,,,,,,-1,,-1,,,,,,,,,,,,,,,,,,,,"Alexis Hernandez","sa3015642",692562
"Bryson Brigman",,0,1,1,0,0,0,0,0,0,0,0,0,0,0,0,0,,0,0,0.227922,0.0580004,0.217171,0.267073,0.279566,0.311641,0.262862,0.591207,0.0837194,4.37787,0.283859,,-0.000925942,0.0774056,-0.0407521,60.7739,-0.000925942,0.00213886,-0.04741701722377911,0.002138857962563634,-0.00122856,999,,,,,,,-1,,-1,,,,,,,,,,,,,,,,,,,,"Bryson Brigman","sa829857",624417
"Maikol Escotto",,0,1,1,0,0,0,0,0,0,0,0,0,0,0,0,0,,0,0,0.208348,0.0487906,0.281318,0.173436,0.253238,0.313974,0.249842,0.567211,0.105626,4.91339,0.275301,,0.000381282,0.0668351,-0.0513227,54.8517,0.000381282,0.00784248,-0.05312874718219973,0.007842478342354298,-0.00122939,999,,,,,,,-1,,-1,,,,,,,,,,,,,,,,,,,,"Maikol Escotto","sa3008878",683500
"Brenny Escanio",,0,1,1,0,0,0,0,0,0,0,0,0,0,0,0,0,,0,0,0.189921,0.0932108,0.304962,0.305647,0.265838,0.275684,0.245333,0.541521,0.0857625,4.63537,0.269879,,-0.000860529,0.0631741,-0.0549836,54.673,-0.000860529,0.00784248,-0.054283717763610184,0.007842478342354298,-0.00123009,999,,,,,,,-1,,-1,,,,,,,,,,,,,,,,,,,,"Brenny Escanio","sa3015565",691601
"Luis Sanchez","ATL",0,1,1,0,0,0,0,0,0,0,0,0,0,0,0,0,,0,0,0.215032,0.0735523,0.22768,0.323052,0.277805,0.299304,0.258629,0.577108,0.0842717,3.16688,0.270781,,-0.00274355,0.0739691,-0.0441886,62.2836,-0.00274355,0.00213886,-0.04744534497149289,0.002138857962563634,-0.00123146,999,,,,,,,-1,,-1,,,,,,,,,,,,,,,,,,,,"Luis Sanchez","sa3018578",800506
"Sam Ruta","KCR",0,1,1,0,0,0,0,0,0,0,0,0,0,0,0,0,,0,0,0.194707,0.0853953,0.339383,0.251619,0.270184,0.314491,0.261014,0.584674,0.119784,3.6526,0.283917,,-0.00165342,0.0759051,-0.0422526,61.3297,-0.00165342,0.000712953,-0.04723084531724453,0.0007129529840312898,-0.00123793,999,,,,,,,-1,,-1,,,,,,,,,,,,,,,,,,,,"Sam Ruta","sa3067092",695586
"Alberto Rios","LAA",0,1,1,0,0,0,0,0,0,0,0,0,0,0,0,0,,0,0,0.189303,0.0680409,0.30714,0.221531,0.250227,0.289515,0.241036,0.539742,0.100212,3.5814,0.260943,,-0.00117264,0.0596851,-0.0584726,49.4064,-0.00117264,0.014259,-0.06080312910489738,0.01425904966890812,-0.00124061,999,,,,,,,-1,,-1,,,,,,,,,,,,,,,,,,,,"Alberto Rios","sa3022441",814362
"Jack Payton","SFG",0,1,1,0,0,0,0,0,0,0,0,0,0,0,0,0,,0,0,0.204227,0.0773209,0.287091,0.269326,0.278113,0.306373,0.262433,0.584486,0.102146,3.49159,0.278779,,-0.000770981,0.0770574,-0.0411004,67.7535,-0.000770981,-0.00641657,-0.03898972534807399,-0.006416573189198971,-0.00124167,999,,,,,,,-1,,-1,,,,,,,,,,,,,,,,,,,,"Jack Payton","sa3022675",694552
"Bryan Gonzalez Garcia","LAD",0,1,1,0,0,0,0,0,0,0,0,0,0,0,0,0,,0,0,0.191454,0.0608063,0.287027,0.211849,0.249086,0.288778,0.240169,0.537865,0.0973241,2.86047,0.254649,,-0.00115692,0.0589808,-0.0591769,50.6175,-0.00115692,0.014259,-0.05968535668216646,0.01425904966890812,-0.00124372,999,,,,,,,-1,,-1,,,,,,,,,,,,,,,,,,,,"Bryan Gonzalez Garcia","sa3022617",811314
"Peyton Carr",,0,1,1,0,0,0,0,0,0,0,0,0,0,0,0,0,,0,0,0.204774,0.0672358,0.281662,0.238711,0.26788,0.308668,0.257039,0.576548,0.103894,2.87037,0.273798,,-0.00116864,0.0726783,-0.0454794,60.8507,-0.00116864,0.000712953,-0.04731069633271545,0.0007129529840312898,-0.0012461,999,,,,,,,-1,,-1,,,,,,,,,,,,,,,,,,,,"Peyton Carr","sa3028487",804726
"Carter Cunningham","TOR",0,1,1,0,0,0,0,0,0,0,0,0,0,0,0,0,,0,0,0.185564,0.104608,0.34526,0.302984,0.276063,0.308597,0.263423,0.58466,0.123033,3.90769,0.268816,,-0.000829625,0.0778615,-0.0402962,66.61,-0.000829625,-0.00641657,-0.04018364375224337,-0.006416573189198971,-0.00124635,999,,,,,,,-1,,-1,,,,,,,,,,,,,,,,,,,,"Carter Cunningham","sa3025170",701860
"Gabriel Martinez",,0,1,1,0,0,0,0,0,0,0,0,0,0,0,0,0,,0,0,0.22565,0.0597746,0.212769,0.280937,0.275421,0.337156,0.269568,0.612577,0.111506,2.51499,0.271825,,-0.00159934,0.0828504,-0.0353073,70.8428,-0.00159934,-0.0106943,-0.03596448339521885,-0.010694287717342377,-0.00125235,999,,,,,,,-1,,-1,,,,,,,,,,,,,,,,,,,,"Gabriel Martinez","sa3008865",683447
"JT Schwartz","NYM",0,1,1,0,0,0,0,0,0,0,0,0,0,0,0,0,,0,0,0.21777,0.0844255,0.214741,0.393151,0.294486,0.321799,0.276233,0.616285,0.104029,2.90469,0.267257,,-0.00177506,0.0882614,-0.0298963,78.1144,-0.00177506,-0.0178238,-0.0277139765676111,-0.01782381348311901,-0.00125512,999,,,,,,,-1,,-1,,,,,,,,,,,,,,,,,,,,"JT Schwartz","sa3017371",681286
"Zane Zielinski","SFG",0,1,1,0,0,0,0,0,0,0,0,0,0,0,0,0,,0,0,0.199602,0.0648981,0.301823,0.215021,0.263918,0.269794,0.241654,0.533712,0.0701919,5.55274,0.286136,,0.00170272,0.0601866,-0.0579711,53.5191,0.00170272,0.00784248,-0.053386741084977984,0.007842478342354298,-0.00125579,999,,,,,,,-1,,-1,,,,,,,,,,,,,,,,,,,,"Zane Zielinski","sa3045857",823185
"Jose Monserrate","MIA",0,1,1,0,0,0,0,0,0,0,0,0,0,0,0,0,,0,0,0.199869,0.0862559,0.300717,0.286834,0.273949,0.282441,0.251798,0.55639,0.0825713,5.68598,0.284896,,0.00355729,0.0684228,-0.0497349,56.7339,0.00355729,0.00213886,-0.04772201180458069,0.002138857962563634,-0.00125976,999,,,,,,,-1,,-1,,,,,,,,,,,,,,,,,,,,"Jose Monserrate","sa3018646",805104
"Samuel Munoz","LAD",0,1,1,0,0,0,0,0,0,0,0,0,0,0,0,0,,0,0,0.197978,0.0724401,0.278843,0.259788,0.255779,0.315431,0.252273,0.57121,0.117453,5.00546,0.258155,,-0.000876175,0.0688082,-0.0493495,58.9092,-0.000876175,0.00393692,-0.04957727465080097,0.003936924040317535,-0.00126562,999,,,,,,,-1,,-1,,,,,,,,,,,,,,,,,,,,"Samuel Munoz","sa3018407",703153
"Paulino Santana","TEX",0,1,1,0,0,0,0,0,0,0,0,0,0,0,0,0,,0,0,0.195261,0.0530095,0.357948,0.148093,0.245592,0.312535,0.245813,0.558127,0.117274,5.07333,0.288768,,-0.00131916,0.0635635,-0.0545942,55.2806,-0.00131916,0.0072165,-0.05402617424260825,0.007216504774987698,-0.00126778,999,,,,,,,-1,,-1,,,,,,,,,,,,,,,,,,,,"Paulino Santana","sa3023718",815889
"Keyber Rodriguez","TEX",0,1,1,0,0,0,0,0,0,0,0,0,0,0,0,0,,0,0,0.219702,0.0528378,0.240381,0.219809,0.264994,0.309118,0.253857,0.574112,0.0894157,4.32947,0.281233,,-0.00137585,0.0700942,-0.0480635,60.8215,-0.00137585,0.000712953,-0.04755223309621215,0.0007129529840312898,-0.00127081,999,,,,,,,-1,,-1,,,,,,,,,,,,,,,,,,,,"Keyber Rodriguez","sa3005488",677601
"Diego Hernandez",,0,1,1,0,0,0,0,0,0,0,0,0,0,0,0,0,,0,0,0.226505,0.0410661,0.255875,0.160492,0.261244,0.330072,0.258403,0.591317,0.103568,5.46407,0.292295,,-0.00129247,0.0737858,-0.044372,59.5315,-0.00129247,0.00213886,-0.04898926708847284,0.002138857962563634,-0.00127195,999,,,,,,,-1,,-1,,,,,,,,,,,,,,,,,,,,"Diego Hernandez","sa3005759",678746
"Alfredo Alcantara","CIN",0,1,1,0,0,0,0,0,0,0,0,0,0,0,0,0,,0,0,0.194214,0.093258,0.332043,0.280861,0.284196,0.312601,0.26932,0.596797,0.118386,2.17792,0.277913,,-0.00185477,0.0826492,-0.0355085,65.1981,-0.00185477,-0.00262224,-0.043102261843159795,-0.0026222390588372946,-0.00127423,999,,,,,,,-1,,-1,,,,,,,,,,,,,,,,,,,,"Alfredo Alcantara","sa3022184",807643
"Carlos Franco","ATH",0,1,1,0,0,0,0,0,0,0,0,0,0,0,0,0,,0,0,0.211633,0.0387382,0.2409,0.160806,0.244381,0.302721,0.2401,0.547102,0.0910885,2.47934,0.266261,,-0.00104362,0.058925,-0.0592328,49.6446,-0.00104362,0.014259,-0.0605592307401821,0.01425904966890812,-0.00127439,999,,,,,,,-1,,-1,,,,,,,,,,,,,,,,,,,,"Carlos Franco","sa3015580",691863
"Pedro Ibarguen","MIL",0,1,1,0,0,0,0,0,0,0,0,0,0,0,0,0,,0,0,0.202546,0.0953111,0.293456,0.324789,0.281834,0.313125,0.266829,0.594959,0.110579,5.2407,0.274485,,0.00154962,0.0806266,-0.0375311,69.1263,0.00154962,-0.0106943,-0.035042143310420215,-0.010694287717342377,-0.00127545,999,,,,,,,-1,,-1,,,,,,,,,,,,,,,,,,,,"Pedro Ibarguen","sa3021254",808338
"Cody Morissette","MIA",0,1,1,0,0,0,0,0,0,0,0,0,0,0,0,0,,0,0,0.2039,0.0665103,0.270969,0.245453,0.260544,0.325022,0.258301,0.585566,0.121122,4.23625,0.261468,,-0.00190231,0.0737025,-0.0444552,61.1885,-0.00190231,0.00213886,-0.04790191596839577,0.002138857962563634,-0.00127817,999,,,,,,,-1,,-1,,,,,,,,,,,,,,,,,,,,"Cody Morissette","sa3017158",681357
"Isaac Pena",,0,1,1,0,0,0,0,0,0,0,0,0,0,0,0,0,,0,0,0.196385,0.0971547,0.286192,0.339474,0.278533,0.283749,0.255358,0.562282,0.0873646,4.2423,0.271438,,-0.000117402,0.0713133,-0.0468444,59.6925,-0.000117402,0.000712953,-0.04762444563675672,0.0007129529840312898,-0.0012782,999,,,,,,,-1,,-1,,,,,,,,,,,,,,,,,,,,"Isaac Pena","sa3018926",800068
"Lizandro Espinoza","ATL",0,1,1,0,0,0,0,0,0,0,0,0,0,0,0,0,,0,0,0.196975,0.0517702,0.30285,0.170943,0.24326,0.321804,0.247587,0.565064,0.124829,5.58631,0.261135,,-6.18356e-7,0.0650035,-0.0531542,54.719,-6.18356e-7,0.00784248,-0.053667943882828695,0.007842478342354298,-0.00128456,999,,,,,,,-1,,-1,,,,,,,,,,,,,,,,,,,,"Lizandro Espinoza","sa3015611",692371
"D'Angelo Ortiz","BOS",0,1,1,0,0,0,0,0,0,0,0,0,0,0,0,0,,0,0,0.217033,0.0739279,0.27446,0.269358,0.276784,0.307839,0.260676,0.584623,0.0908061,3.60967,0.292455,,-0.000448205,0.0756306,-0.0425271,59.9175,-0.000448205,0.000712953,-0.04769013851182535,0.0007129529840312898,-0.00128492,999,,,,,,,-1,,-1,,,,,,,,,,,,,,,,,,,,"D'Angelo Ortiz","sa3067324",808571
"Bohan Adderley","NYM",0,1,1,0,0,0,0,0,0,0,0,0,0,0,0,0,,0,0,0.181535,0.0754328,0.356261,0.211735,0.248533,0.283953,0.238868,0.532486,0.102418,5.50777,0.270251,,0.00259664,0.0579246,-0.0602331,52.5182,0.00259664,0.00784248,-0.05367905925959349,0.007842478342354298,-0.00128569,999,,,,,,,-1,,-1,,,,,,,,,,,,,,,,,,,,"Bohan Adderley","sa3023728",816339
"José Anderson","MIL",0,1,1,0,0,0,0,0,0,0,0,0,0,0,0,0,,0,0,0.195715,0.0571139,0.34612,0.165012,0.24849,0.336369,0.255951,0.584859,0.140654,4.40885,0.274987,,-0.0010994,0.0717949,-0.0463628,61.6747,-0.0010994,0.000657342,-0.04652287857607007,0.0006573420250788331,-0.00128866,999,,,,,,,-1,,-1,,,,,,,,,,,,,,,,,,,,"Jose Anderson","sa3024133",821262
"Dario Reynoso","SFG",0,1,1,0,0,0,0,0,0,0,0,0,0,0,0,0,,0,0,0.174225,0.104583,0.391876,0.266878,0.268461,0.281325,0.250762,0.549787,0.107101,4.3834,0.281869,,-0.000310412,0.0675816,-0.0505761,59.7585,-0.000310412,0.00213886,-0.04800490464549512,0.002138857962563634,-0.00128871,999,,,,,,,-1,,-1,,,,,,,,,,,,,,,,,,,,"Dario Reynoso","sa3021329",814294
"Ambioris Tavarez","ATL",0,1,1,0,0,0,0,0,0,0,0,0,0,0,0,0,,0,0,0.189994,0.0730328,0.401229,0.182023,0.262391,0.290515,0.248917,0.552906,0.100522,4.87724,0.315078,,-0.00114792,0.0660833,-0.0520744,55.63,-0.00114792,0.00784248,-0.05373550113290548,0.007842478342354298,-0.00129147,999,,,,,,,-1,,-1,,,,,,,,,,,,,,,,,,,,"Ambioris Tavarez","sa3019895",694222
"Jessada Brown","MIA",0,1,1,0,0,0,0,0,0,0,0,0,0,0,0,0,,0,0,0.186302,0.0685083,0.342236,0.200178,0.251657,0.283929,0.240462,0.535586,0.0976276,4.30593,0.27349,,0.000315678,0.0592187,-0.058939,48.9681,0.000315678,0.014259,-0.06016771387658082,0.01425904966890812,-0.00129307,999,,,,,,,-1,,-1,,,,,,,,,,,,,,,,,,,,"Jessada Brown","sa3067394",701747
"Gabriel Silva","KCR",0,1,1,0,0,0,0,0,0,0,0,0,0,0,0,0,,0,0,0.186351,0.0614053,0.349239,0.175826,0.245226,0.303637,0.243506,0.548863,0.117286,2.94733,0.268627,,-0.00153045,0.0616904,-0.0564673,49.2692,-0.00153045,0.014259,-0.06132259324658662,0.01425904966890812,-0.00129376,999,,,,,,,-1,,-1,,,,,,,,,,,,,,,,,,,,"Gabriel Silva","sa3015865",700385
"GJ Hill","COL",0,1,1,0,0,0,0,0,0,0,0,0,0,0,0,0,,0,0,0.204297,0.0669798,0.330497,0.202663,0.268502,0.344151,0.269772,0.612652,0.139854,6.18437,0.284953,,0.00319876,0.083016,-0.0351417,56.7348,0.00319876,0.00213886,-0.04807946854270995,0.002138857962563634,-0.00129634,999,,,,,,,-1,,-1,,,,,,,,,,,,,,,,,,,,"GJ Hill","sa3010335",677338
"Derlin Figueroa","KCR",0,1,1,0,0,0,0,0,0,0,0,0,0,0,0,0,,0,0,0.211856,0.064901,0.251723,0.257827,0.263566,0.326071,0.259666,0.589637,0.114215,4.0714,0.266494,,-0.0011363,0.0748106,-0.0433471,60.4011,-0.0011363,0.000712953,-0.047808267176151276,0.0007129529840312898,-0.00129701,999,,,,,,,-1,,-1,,,,,,,,,,,,,,,,,,,,"Derlin Figueroa","sa3015851",700283
"Jan Luis Reyes","CHC",0,1,1,0,0,0,0,0,0,0,0,0,0,0,0,0,,0,0,0.198099,0.0729673,0.288381,0.253024,0.25859,0.293,0.246193,0.55159,0.0949013,6.25169,0.270149,,0.00400135,0.0638724,-0.0542853,56.0278,0.00400135,0.00213886,-0.04811478732153773,0.002138857962563634,-0.00129995,999,,,,,,,-1,,-1,,,,,,,,,,,,,,,,,,,,"Jan Luis Reyes","sa3067399",813939
"Tyresse Turner","CLE",0,1,1,0,0,0,0,0,0,0,0,0,0,0,0,0,,0,0,0.189715,0.0875635,0.335095,0.26131,0.269919,0.270651,0.246503,0.54057,0.0809364,5.86737,0.286001,,0.00456914,0.0641239,-0.0540338,55.5352,0.00456914,0.000712953,-0.04783785296604037,0.0007129529840312898,-0.00130004,999,,,,,,,-1,,-1,,,,,,,,,,,,,,,,,,,,"Tyresse Turner","sa3020759",687930
"Raylin Heredia","PHI",0,1,1,0,0,0,0,0,0,0,0,0,0,0,0,0,,0,0,0.223193,0.0420622,0.321027,0.131024,0.261225,0.368289,0.272576,0.629514,0.145095,5.15724,0.304702,,-0.000556765,0.0852927,-0.032865,70.6981,-0.000556765,-0.0106943,-0.03528557490790263,-0.010694287717342377,-0.00130035,999,,,,,,,-1,,-1,,,,,,,,,,,,,,,,,,,,"Raylin Heredia","sa3016826",699712
"Narciso Polanco","TBR",0,1,1,0,0,0,0,0,0,0,0,0,0,0,0,0,,0,0,0.201005,0.0778942,0.256262,0.303964,0.267335,0.304364,0.255156,0.571698,0.103358,5.06087,0.259675,,-0.00147045,0.0711494,-0.0470083,59.4292,-0.00147045,0.00213886,-0.04928788193501532,0.002138857962563634,-0.0013025,999,,,,,,,-1,,-1,,,,,,,,,,,,,,,,,,,,"Narciso Polanco","sa3018564",800440
"Cole Roberts",,0,1,1,0,0,0,0,0,0,0,0,0,0,0,0,0,,0,0,0.207138,0.0758941,0.24974,0.303893,0.269385,0.303918,0.25581,0.573303,0.0967802,4.26795,0.264818,,0.000187933,0.07168,-0.0464777,59.2126,0.000187933,0.00213886,-0.048153564712265506,0.002138857962563634,-0.00130392,999,,,,,,,-1,,-1,,,,,,,,,,,,,,,,,,,,"Cole Roberts","sa3022403",689731
"Terrell Tatum",,0,1,1,0,0,0,0,0,0,0,0,0,0,0,0,0,,0,0,0.197054,0.109454,0.307603,0.35583,0.289981,0.287299,0.26337,0.57728,0.0902451,5.73658,0.285222,,0.00392183,0.0778181,-0.0403396,65.7123,0.00392183,-0.0106943,-0.03649024153128266,-0.010694287717342377,-0.00130614,999,,,,,,,-1,,-1,,,,,,,,,,,,,,,,,,,,"Terrell Tatum","sa3017338",695299
"Dilan Granadillo","CHC",0,1,1,0,0,0,0,0,0,0,0,0,0,0,0,0,,0,0,0.181604,0.0781104,0.340366,0.229489,0.251877,0.273655,0.237382,0.525532,0.0920508,2.69731,0.267225,,-0.00108393,0.0567182,-0.0614395,49.9916,-0.00108393,0.014259,-0.0603542571188882,0.01425904966890812,-0.00131215,999,,,,,,,-1,,-1,,,,,,,,,,,,,,,,,,,,"Dilan Granadillo","sa3015686",693809
"Cameron Leary","ATH",0,1,1,0,0,0,0,0,0,0,0,0,0,0,0,0,,0,0,0.203008,0.0883,0.297072,0.297234,0.27797,0.310541,0.26357,0.58851,0.107533,5.57955,0.280866,,0.00440821,0.0779805,-0.0401772,65.7673,0.00440821,-0.0106943,-0.03605182142928243,-0.010694287717342377,-0.00132002,999,,,,,,,-1,,-1,,,,,,,,,,,,,,,,,,,,"Cameron Leary","sa3025469",802474
"Darick Hall",,0,1,1,0,0,0,0,0,0,0,0,0,0,0,0,0,,0,0,0.220409,0.0773787,0.261225,0.296214,0.285957,0.357741,0.283451,0.643698,0.137332,2.00223,0.275508,,-0.00220083,0.094122,-0.0240357,77.8747,-0.00220083,-0.0178238,-0.02842389652505517,-0.01782381348311901,-0.00132776,999,,,,,,,-1,,-1,,,,,,,,,,,,,,,,,,,,"Darick Hall","19717",669742
"Luis Verdugo","SDP",0,1,1,0,0,0,0,0,0,0,0,0,0,0,0,0,,0,0,0.215959,0.064107,0.258976,0.247541,0.268178,0.322504,0.260772,0.590683,0.106546,2.5787,0.280168,,-0.00270866,0.0757087,-0.042449,62.6117,-0.00270866,0.000712953,-0.04702148353680968,0.0007129529840312898,-0.00133398,999,,,,,,,-1,,-1,,,,,,,,,,,,,,,,,,,,"Luis Verdugo","sa3006888",677605
"Brett Squires","KCR",0,1,1,0,0,0,0,0,0,0,0,0,0,0,0,0,,0,0,0.218984,0.0744609,0.29068,0.256161,0.284085,0.350268,0.279504,0.634353,0.131284,5.96919,0.294753,,0.00088703,0.0909171,-0.0272406,74.0667,0.00088703,-0.0178238,-0.029678381339181215,-0.01782381348311901,-0.00133864,999,,,,,,,-1,,-1,,,,,,,,,,,,,,,,,,,,"Brett Squires","sa3020714",689531
"Garrett Howe","CLE",0,1,1,0,0,0,0,0,0,0,0,0,0,0,0,0,,0,0,0.19287,0.0752544,0.314803,0.239052,0.25839,0.276225,0.241006,0.534614,0.0833542,4.90231,0.276686,,0.00149908,0.0596608,-0.0584969,51.7485,0.00149908,0.00784248,-0.055370945017784834,0.007842478342354298,-0.00134133,999,,,,,,,-1,,-1,,,,,,,,,,,,,,,,,,,,"Garrett Howe","sa3025441",827628
"Yolfran Castillo","TEX",0,1,1,0,0,0,0,0,0,0,0,0,0,0,0,0,,0,0,0.213075,0.0405777,0.262116,0.154808,0.247834,0.311321,0.244888,0.559155,0.0982462,6.07688,0.277156,,0.00197111,0.0628128,-0.0553449,54.6437,0.00197111,0.00393692,-0.051486616022884846,0.003936924040317535,-0.0013435,999,,,,,,,-1,,-1,,,,,,,,,,,,,,,,,,,,"Yolfran Castillo","sa3023726",815931
"Deward Tovar","TEX",0,1,1,0,0,0,0,0,0,0,0,0,0,0,0,0,,0,0,0.202331,0.0833611,0.345525,0.241259,0.272408,0.330707,0.26737,0.603115,0.128376,3.23319,0.292559,,-0.00165426,0.0810657,-0.037092,70.1304,-0.00165426,-0.0106943,-0.03685910161584616,-0.010694287717342377,-0.00134388,999,,,,,,,-1,,-1,,,,,,,,,,,,,,,,,,,,"Deward Tovar","sa3021237",808297
"Aaron Zavala","TEX",0,1,1,0,0,0,0,0,0,0,0,0,0,0,0,0,,0,0,0.193108,0.108892,0.328154,0.331833,0.29037,0.297993,0.267814,0.588363,0.104885,3.416,0.282764,,-0.00204617,0.081426,-0.0367317,70.4361,-0.00204617,-0.0106943,-0.03689071303233504,-0.010694287717342377,-0.00134711,999,,,,,,,-1,,-1,,,,,,,,,,,,,,,,,,,,"Aaron Zavala","sa3017665",701648
"Jose De Jesus",,0,1,1,0,0,0,0,0,0,0,0,0,0,0,0,0,,0,0,0.209586,0.0572995,0.265849,0.215534,0.25982,0.304117,0.249926,0.563936,0.0945308,5.48433,0.276228,,-0.000366095,0.0669026,-0.0512551,58.1136,-0.000366095,0.00213886,-0.049734088650438935,0.002138857962563634,-0.00134816,999,,,,,,,-1,,-1,,,,,,,,,,,,,,,,,,,,"Jose De Jesus","sa3018420",703183
"Yoffry Solano","MIA",0,1,1,0,0,0,0,0,0,0,0,0,0,0,0,0,,0,0,0.217459,0.0539604,0.248112,0.217484,0.266451,0.316528,0.257433,0.58298,0.0990699,5.10104,0.281311,,-0.000402802,0.0729979,-0.0451599,60.594,-0.000402802,0.000657342,-0.047107068297918886,0.0006573420250788331,-0.00134843,999,,,,,,,-1,,-1,,,,,,,,,,,,,,,,,,,,"Yoffry Solano","sa3019638",703200
"Sean McLain","LAD",0,1,1,0,0,0,0,0,0,0,0,0,0,0,0,0,,0,0,0.187822,0.0727228,0.291268,0.249677,0.263076,0.283354,0.247116,0.54643,0.0955314,4.25855,0.256706,,-0.00143876,0.0646216,-0.0535361,55.3769,-0.00143876,0.00784248,-0.054326429148204625,0.007842478342354298,-0.00135193,999,,,,,,,-1,,-1,,,,,,,,,,,,,,,,,,,,"Sean McLain","sa3019890",683169
"Cole Turney",,0,1,1,0,0,0,0,0,0,0,0,0,0,0,0,0,,0,0,0.204367,0.0783747,0.326132,0.240316,0.27716,0.325843,0.268451,0.603003,0.121477,3.96523,0.291827,,-0.000671953,0.0819437,-0.036214,69.2191,-0.000671953,-0.0106943,-0.036950860114302486,-0.010694287717342377,-0.00135326,999,,,,,,,-1,,-1,,,,,,,,,,,,,,,,,,,,"Cole Turney","sa3022916",669318
"Jorge Quintana","SDP",0,1,1,0,0,0,0,0,0,0,0,0,0,0,0,0,,0,0,0.194059,0.0717697,0.323248,0.222027,0.256025,0.300139,0.247758,0.556164,0.10608,5.43351,0.274436,,0.00162174,0.0651426,-0.0530151,56.0619,0.00162174,0.00393692,-0.05045401013921946,0.003936924040317535,-0.00135532,999,,,,,,,-1,,-1,,,,,,,,,,,,,,,,,,,,"Jorge Quintana","sa3024107",815894
"Juan Sierra","HOU",0,1,1,0,0,0,0,0,0,0,0,0,0,0,0,0,,0,0,0.208333,0.0834939,0.290222,0.28769,0.280153,0.32146,0.268363,0.601614,0.113128,2.85068,0.280351,,-0.00161126,0.0818722,-0.0362855,69.9846,-0.00161126,-0.0106943,-0.03698795672971755,-0.010694287717342377,-0.00135706,999,,,,,,,-1,,-1,,,,,,,,,,,,,,,,,,,,"Juan Sierra","sa3021146",808027
"Yordany De Los Santos","PIT",0,1,1,0,0,0,0,0,0,0,0,0,0,0,0,0,,0,0,0.213529,0.042088,0.316061,0.133164,0.249255,0.319444,0.248718,0.568699,0.105915,6.07174,0.299885,,0.00394317,0.0659224,-0.0522353,54.0817,0.00394317,0.00393692,-0.0504795303568244,0.003936924040317535,-0.00135793,999,,,,,,,-1,,-1,,,,,,,,,,,,,,,,,,,,"Yordany De Los Santos","sa3018408",703154
"Stiven Martinez","BAL",0,1,1,0,0,0,0,0,0,0,0,0,0,0,0,0,,0,0,0.184397,0.087932,0.381808,0.230304,0.263014,0.30217,0.253397,0.565184,0.117773,4.40924,0.290078,,-0.00184538,0.069721,-0.0484367,60.5439,-0.00184538,0.000657342,-0.048349019954912364,0.0006573420250788331,-0.00135802,999,,,,,,,-1,,-1,,,,,,,,,,,,,,,,,,,,"Stiven Martinez","sa3024627",815913
"Kiko Romero",,0,1,1,0,0,0,0,0,0,0,0,0,0,0,0,0,,0,0,0.19714,0.0994698,0.310814,0.32003,0.287286,0.325056,0.274826,0.612341,0.127915,3.72561,0.27018,,-0.000494843,0.087119,-0.0310387,74.9891,-0.000494843,-0.0178238,-0.0299730968545191,-0.01782381348311901,-0.00136879,999,,,,,,,-1,,-1,,,,,,,,,,,,,,,,,,,,"Kiko Romero","sa3022669",687340
"Francisco Loreto","PIT",0,1,1,0,0,0,0,0,0,0,0,0,0,0,0,0,,0,0,0.20694,0.0596696,0.300962,0.198263,0.261607,0.324462,0.25862,0.586069,0.117522,3.07416,0.280184,,-0.000978174,0.0739615,-0.0441962,60.8646,-0.000978174,0.000712953,-0.047361745149828494,0.0007129529840312898,-0.00136879,999,,,,,,,-1,,-1,,,,,,,,,,,,,,,,,,,,"Francisco Loreto","sa3023937",821244
"Harrison Spohn",,0,1,1,0,0,0,0,0,0,0,0,0,0,0,0,0,,0,0,0.194949,0.077545,0.354847,0.218531,0.258441,0.306174,0.250991,0.564616,0.111225,4.02748,0.291847,,-0.00255987,0.0677678,-0.0503899,56.1812,-0.00255987,0.00784248,-0.05449420912191272,0.007842478342354298,-0.00136909,999,,,,,,,-1,,-1,,,,,,,,,,,,,,,,,,,,"Harrison Spohn","sa3020093",695461
"Logan Tanner","CIN",0,1,1,0,0,0,0,0,0,0,0,0,0,0,0,0,,0,0,0.181917,0.0956413,0.336638,0.284107,0.2611,0.28558,0.246748,0.54668,0.103663,2.54666,0.265568,,-0.00137143,0.0643223,-0.0538354,49.7351,-0.00137143,0.014259,-0.060945765348151326,0.01425904966890812,-0.00137267,999,,,,,,,-1,,-1,,,,,,,,,,,,,,,,,,,,"Logan Tanner","sa3020117",683091
"Micah McDowell","MIA",0,1,1,0,0,0,0,0,0,0,0,0,0,0,0,0,,0,0,0.208263,0.0902989,0.291219,0.310072,0.287552,0.321467,0.272425,0.609019,0.113204,4.82971,0.286579,,-0.00146678,0.0851701,-0.0329876,70.8641,-0.00146678,-0.0106943,-0.03599881229456514,-0.010694287717342377,-0.00137333,999,,,,,,,-1,,-1,,,,,,,,,,,,,,,,,,,,"Micah McDowell","sa3025192",678093
"Jake Lamb",,0,1,1,0,0,0,0,0,0,0,0,0,0,0,0,0,,0,0,0.21651,0.0841535,0.263694,0.319133,0.293074,0.323152,0.276098,0.616226,0.106642,2.04299,0.283724,,-0.00184462,0.0881521,-0.0300057,77.1145,-0.00184462,-0.0178238,-0.028968665632419288,-0.01782381348311901,-0.00138349,999,,,,,,,-1,,-1,,,,,,,,,,,,,,,,,,,,"Jake Lamb","13329",571875
"Juan Villavicencio","PHI",0,1,1,0,0,0,0,0,0,0,0,0,0,0,0,0,,0,0,0.197021,0.0722547,0.322754,0.22387,0.26272,0.305059,0.253248,0.567778,0.108038,5.14312,0.280254,,-0.000319328,0.0696004,-0.0485573,57.458,-0.000319328,0.00393692,-0.050740461447276175,0.003936924040317535,-0.00138463,999,,,,,,,-1,,-1,,,,,,,,,,,,,,,,,,,,"Juan Villavicencio","sa3018494",800276
"Aeverson Arteaga","SFG",0,1,1,0,0,0,0,0,0,0,0,0,0,0,0,0,,0,0,0.20686,0.0516753,0.291135,0.177496,0.25031,0.314642,0.24826,0.564952,0.107782,3.10524,0.277654,,-0.00102318,0.0655505,-0.0526072,58.0448,-0.00102318,0.00393692,-0.050748792360536754,0.003936924040317535,-0.00138548,999,,,,,,,-1,,-1,,,,,,,,,,,,,,,,,,,,"Aeverson Arteaga","sa3014707",692348
"Juanfel Peguero","TBR",0,1,1,0,0,0,0,0,0,0,0,0,0,0,0,0,,0,0,0.196411,0.0813732,0.289403,0.281176,0.268057,0.281017,0.248272,0.549074,0.0846061,2.6855,0.270829,,-0.00242227,0.0655596,-0.0525981,54.6866,-0.00242227,0.00784248,-0.055829456308856606,0.007842478342354298,-0.00138824,999,,,,,,,-1,,-1,,,,,,,,,,,,,,,,,,,,"Juanfel Peguero","sa3020282",800346
"Meylin De Leon",,0,1,1,0,0,0,0,0,0,0,0,0,0,0,0,0,,0,0,0.199084,0.0587867,0.296574,0.198219,0.251878,0.311187,0.24885,0.563065,0.112103,3.45324,0.266178,,-0.000722036,0.0660296,-0.0521282,54.4451,-0.000722036,0.00784248,-0.05471397185465321,0.007842478342354298,-0.00139158,999,,,,,,,-1,,-1,,,,,,,,,,,,,,,,,,,,"Meylin De Leon","sa3023878",815006
"Fraymi De Leon","BOS",0,1,1,0,0,0,0,0,0,0,0,0,0,0,0,0,,0,0,0.204794,0.0566818,0.302549,0.187347,0.259172,0.300633,0.249003,0.559804,0.0958382,5.08687,0.285132,,0.000827463,0.0661536,-0.0520041,51.8767,0.000827463,0.00784248,-0.05589150812011212,0.007842478342354298,-0.00139459,999,,,,,,,-1,,-1,,,,,,,,,,,,,,,,,,,,"Fraymi De Leon","sa3018436",703205
"Nick Pratto","TEX",0,1,1,0,0,0,0,0,0,0,0,0,0,0,0,0,,0,0,0.199065,0.0902013,0.323111,0.279165,0.277758,0.339581,0.273859,0.61734,0.140516,4.22698,0.273493,,-0.000296908,0.0863342,-0.0318235,74.6004,-0.000296908,-0.0178238,-0.030233255005441606,-0.01782381348311901,-0.00139541,999,,,,,,,-1,,-1,,,,,,,,,,,,,,,,,,,,"Nick Pratto","22117",668472
"Alex Ramírez",,0,1,1,0,0,0,0,0,0,0,0,0,0,0,0,0,,0,0,0.212278,0.0758831,0.263331,0.288166,0.275231,0.313595,0.26214,0.588826,0.101317,5.68072,0.278915,,0.00109951,0.0768194,-0.0413383,68.4604,0.00109951,-0.0106943,-0.036281405366025865,-0.010694287717342377,-0.00140224,999,,,,,,,-1,,-1,,,,,,,,,,,,,,,,,,,,"Alex Ramirez","sa3014695",691267
"Ivan Melendez","ARI",0,1,1,0,0,0,0,0,0,0,0,0,0,0,0,0,,0,0,0.213416,0.0605653,0.303542,0.199529,0.274418,0.366214,0.28059,0.640632,0.152798,2.62601,0.277302,,-0.00172329,0.0917994,-0.0263583,76.8143,-0.00172329,-0.0178238,-0.029203119687736034,-0.01782381348311901,-0.00140748,999,,,,,,,-1,,-1,,,,,,,,,,,,,,,,,,,,"Ivan Melendez","sa3019859",699471
"Jose Devers","CLE",0,1,1,0,0,0,0,0,0,0,0,0,0,0,0,0,,0,0,0.198209,0.0462338,0.309579,0.149344,0.240509,0.303707,0.23935,0.544215,0.105498,4.47216,0.273966,,-0.000492483,0.0583162,-0.0598415,50.6076,-0.000492483,0.0104961,-0.05870715097989887,0.010496087372303009,-0.00141116,999,,,,,,,-1,,-1,,,,,,,,,,,,,,,,,,,,"Jose Devers","sa3015292",691410
"Jonny Butler",,0,1,1,0,0,0,0,0,0,0,0,0,0,0,0,0,,0,0,0.203755,0.0871662,0.269519,0.323414,0.278406,0.32004,0.266758,0.598446,0.116286,5.57517,0.269746,,0.000879128,0.0805692,-0.0375886,67.9575,0.000879128,-0.0106943,-0.03699228150071576,-0.010694287717342377,-0.00141624,999,,,,,,,-1,,-1,,,,,,,,,,,,,,,,,,,,"Jonny Butler","sa3017292",695358
"Logan Davidson","TBR",0,1,1,0,0,0,0,0,0,0,0,0,0,0,0,0,,0,0,0.204878,0.0891094,0.329764,0.270222,0.280152,0.322414,0.268784,0.602566,0.117537,3.76174,0.295972,,-0.00130718,0.0822139,-0.0359438,68.8169,-0.00130718,-0.0102594,-0.038060113904066384,-0.010259386152029037,-0.00142226,999,,,,,,,-1,,-1,,,,,,,,,,,,,,,,,,,,"Logan Davidson","25844",669722
"Ryan Johnson","HOU",0,1,1,0,0,0,0,0,0,0,0,0,0,0,0,0,,0,0,0.185078,0.0617586,0.393543,0.15693,0.247637,0.301264,0.244386,0.548901,0.116185,3.22578,0.290115,,-0.00133287,0.062405,-0.0557528,53.4675,-0.00133287,0.00784248,-0.056176824728026986,0.007842478342354298,-0.00142378,999,,,,,,,-1,,-1,,,,,,,,,,,,,,,,,,,,"Ryan Johnson","sa3022569",802459
"Javier Sanchez","TEX",0,1,1,0,0,0,0,0,0,0,0,0,0,0,0,0,,0,0,0.214287,0.0742777,0.254658,0.291677,0.284193,0.332771,0.274466,0.616963,0.118483,2.59778,0.270205,,-0.00107699,0.0868273,-0.0313305,75.0188,-0.00107699,-0.0178238,-0.03052029514219612,-0.01782381348311901,-0.00142478,999,,,,,,,-1,,-1,,,,,,,,,,,,,,,,,,,,"Javier Sanchez","sa3023975",821795
"Omar De Los Santos",,0,1,1,0,0,0,0,0,0,0,0,0,0,0,0,0,,0,0,0.202374,0.0457119,0.360845,0.12668,0.246549,0.337423,0.254726,0.583973,0.135049,7.49745,0.293322,,0.00689646,0.0707999,-0.0473578,63.3816,0.00689646,-0.0106943,-0.036503972951322794,-0.010694287717342377,-0.00142501,999,,,,,,,-1,,-1,,,,,,,,,,,,,,,,,,,,"Omar De Los Santos","sa3008938",684519
"Aldo Gaxiola","TOR",0,1,1,0,0,0,0,0,0,0,0,0,0,0,0,0,,0,0,0.209642,0.0628673,0.269881,0.232944,0.26055,0.310973,0.252791,0.571522,0.101331,2.8764,0.274439,,-0.00107812,0.0692289,-0.0489288,59.2857,-0.00107812,0.000712953,-0.04906471015419811,0.0007129529840312898,-0.00142556,999,,,,,,,-1,,-1,,,,,,,,,,,,,,,,,,,,"Aldo Gaxiola","sa3022373",815220
"Christian Olivo","CHC",0,1,1,0,0,0,0,0,0,0,0,0,0,0,0,0,,0,0,0.19897,0.070645,0.272388,0.259355,0.266015,0.290709,0.250312,0.556725,0.0917392,4.6127,0.263982,,0.000830565,0.067216,-0.0509417,58.849,0.000830565,0.000712953,-0.04794193059206009,0.0007129529840312898,-0.00142815,999,,,,,,,-1,,-1,,,,,,,,,,,,,,,,,,,,"Christian Olivo","sa3017877",700840
"Logan Cerny",,0,1,1,0,0,0,0,0,0,0,0,0,0,0,0,0,,0,0,0.186777,0.0691897,0.349051,0.198223,0.250179,0.303134,0.246164,0.553313,0.116357,5.27105,0.26992,,0.00288153,0.0638483,-0.0543094,54.6921,0.00288153,0.00213886,-0.050519091775640845,0.002138857962563634,-0.00142847,999,,,,,,,-1,,-1,,,,,,,,,,,,,,,,,,,,"Logan Cerny","sa3017661",681488
"Elio Prado",,0,1,1,0,0,0,0,0,0,0,0,0,0,0,0,0,,0,0,0.203513,0.0716773,0.275996,0.259704,0.271386,0.307799,0.258986,0.579185,0.104286,3.83048,0.26923,,-0.00363117,0.0742586,-0.0438991,61.3883,-0.00363117,0.00213886,-0.04939404618926346,0.002138857962563634,-0.00143083,999,,,,,,,-1,,-1,,,,,,,,,,,,,,,,,,,,"Elio Prado","sa3008807",682799
"Roderick Arias","NYY",0,1,1,0,0,0,0,0,0,0,0,0,0,0,0,0,,0,0,0.186373,0.0853159,0.351869,0.242465,0.257859,0.300841,0.249616,0.5587,0.114468,5.66739,0.275248,,0.000851036,0.0666514,-0.0515063,57.6233,0.000851036,0.000657342,-0.04909483983647078,0.0006573420250788331,-0.00143433,999,,,,,,,-1,,-1,,,,,,,,,,,,,,,,,,,,"Roderick Arias","sa3019674",703149
"Andres Arias","TOR",0,1,1,0,0,0,0,0,0,0,0,0,0,0,0,0,,0,0,0.187547,0.0668877,0.344441,0.194192,0.251367,0.304676,0.247415,0.556043,0.117129,4.17618,0.268764,,-0.0000253729,0.0648644,-0.0532933,55.5826,-0.0000253729,0.00393692,-0.05237646398200013,0.003936924040317535,-0.00143454,999,,,,,,,-1,,-1,,,,,,,,,,,,,,,,,,,,"Andres Arias","sa3025145",815914
"Joshua Mears","SDP",0,1,1,0,0,0,0,0,0,0,0,0,0,0,0,0,,0,0,0.184167,0.0636509,0.392965,0.161976,0.249487,0.350568,0.262922,0.600054,0.1664,4.58534,0.264392,,-0.0004456,0.0774542,-0.0407035,69.4336,-0.0004456,-0.0106943,-0.036673083261121064,-0.010694287717342377,-0.00144231,999,,,,,,,-1,,-1,,,,,,,,,,,,,,,,,,,,"Joshua Mears","sa3010162",687084
"Williams Wong",,0,1,1,0,0,0,0,0,0,0,0,0,0,0,0,0,,0,0,0.193364,0.0788715,0.317518,0.2484,0.260394,0.298561,0.249974,0.558955,0.105196,2.7865,0.269934,,-0.00137798,0.0669415,-0.0512162,58.1466,-0.00137798,0.00213886,-0.05070704477839172,0.002138857962563634,-0.0014477,999,,,,,,,-1,,-1,,,,,,,,,,,,,,,,,,,,"Williams Wong","sa3021830",806773
"Pedro Catuy","ARI",0,1,1,0,0,0,0,0,0,0,0,0,0,0,0,0,,0,0,0.196002,0.0595725,0.311651,0.191151,0.250559,0.297379,0.243408,0.547938,0.101377,3.98746,0.273525,,-0.000249096,0.0616112,-0.0565465,51.3435,-0.000249096,0.0104961,-0.05791713029611856,0.010496087372303009,-0.0014478,999,,,,,,,-1,,-1,,,,,,,,,,,,,,,,,,,,"Pedro Catuy","sa3021061",806869
"Vaun Brown",,0,1,1,0,0,0,0,0,0,0,0,0,0,0,0,0,,0,0,0.201337,0.0582338,0.346007,0.168302,0.264491,0.314738,0.257532,0.579229,0.113402,6.99179,0.298618,,0.00543953,0.0730779,-0.0450798,64.3959,0.00543953,-0.0106943,-0.03675868175923824,-0.010694287717342377,-0.00145107,999,,,,,,,-1,,-1,,,,,,,,,,,,,,,,,,,,"Vaun Brown","sa3017282",673901
"Nathan Humphreys","PHI",0,1,1,0,0,0,0,0,0,0,0,0,0,0,0,0,,0,0,0.195178,0.0805094,0.329475,0.244357,0.264582,0.305291,0.254603,0.569873,0.110113,4.00882,0.279068,,-0.000300612,0.0707001,-0.0474576,58.3859,-0.000300612,0.00213886,-0.04962197667919099,0.002138857962563634,-0.00145415,999,,,,,,,-1,,-1,,,,,,,,,,,,,,,,,,,,"Nathan Humphreys","sa3069051",801537
"Shawn Goosenberg",,0,1,1,0,0,0,0,0,0,0,0,0,0,0,0,0,,0,0,0.210782,0.06559,0.291297,0.225165,0.271665,0.326909,0.2651,0.598574,0.116127,5.14222,0.283748,,0.00105029,0.0792229,-0.0389348,66.9042,0.00105029,-0.0106943,-0.037956937216222286,-0.010694287717342377,-0.0014562,999,,,,,,,-1,,-1,,,,,,,,,,,,,,,,,,,,"Shawn Goosenberg","sa3017116",700361
"Ezequiel Pagan",,0,1,1,0,0,0,0,0,0,0,0,0,0,0,0,0,,0,0,0.223079,0.0445779,0.220431,0.202231,0.268628,0.346189,0.269206,0.614816,0.12311,4.66834,0.267367,,-0.00187425,0.0825561,-0.0356016,70.5088,-0.00187425,-0.0106943,-0.03682742710225284,-0.010694287717342377,-0.0014581,999,,,,,,,-1,,-1,,,,,,,,,,,,,,,,,,,,"Ezequiel Pagan","sa3007975",681868
"Danyer Cueva","TEX",0,1,1,0,0,0,0,0,0,0,0,0,0,0,0,0,,0,0,0.209707,0.0374502,0.300602,0.124584,0.242661,0.312872,0.242943,0.555532,0.103165,3.59187,0.285069,,-0.00149566,0.061233,-0.0569247,53.3032,-0.00149566,0.00784248,-0.05653325072489679,0.007842478342354298,-0.00146024,999,,,,,,,-1,,-1,,,,,,,,,,,,,,,,,,,,"Danyer Cueva","sa3015725",694227
"Jhorvic Abreus","CLE",0,1,1,0,0,0,0,0,0,0,0,0,0,0,0,0,,0,0,0.194326,0.0783463,0.301096,0.260203,0.263223,0.290388,0.248749,0.553612,0.0960627,3.53557,0.269245,,-0.000330357,0.0659476,-0.0522101,57.0825,-0.000330357,0.00213886,-0.050913607905386016,0.002138857962563634,-0.00146884,999,,,,,,,-1,,-1,,,,,,,,,,,,,,,,,,,,"Jhorvic Abreus","sa3021838",808094
"Jesus Ordonez",,0,1,1,0,0,0,0,0,0,0,0,0,0,0,0,0,,0,0,0.215223,0.0573016,0.233674,0.24522,0.271112,0.310848,0.25891,0.58196,0.0956249,3.05254,0.27117,,-0.00180039,0.0741971,-0.0439606,49.294,-0.00180039,0.014259,-0.061897546984255314,0.01425904966890812,-0.00147005,999,,,,,,,-1,,-1,,,,,,,,,,,,,,,,,,,,"Jesus Ordonez","sa3010603",691116
"Yoander Rivero",,0,1,1,0,0,0,0,0,0,0,0,0,0,0,0,0,,0,0,0.18837,0.0919947,0.283902,0.324036,0.266813,0.27495,0.246056,0.541763,0.0865801,2.83357,0.257364,,-0.00116936,0.063761,-0.0543967,54.1617,-0.00116936,0.00784248,-0.05549724982120097,0.007842478342354298,-0.00147172,999,,,,,,,-1,,-1,,,,,,,,,,,,,,,,,,,,"Yoander Rivero","sa3008782",682714
"Trace Willhoite","NYM",0,1,1,0,0,0,0,0,0,0,0,0,0,0,0,0,,0,0,0.20246,0.0739935,0.317939,0.232728,0.275644,0.338134,0.272262,0.613779,0.135674,4.12343,0.275777,,-0.000676354,0.0850372,-0.0331205,75.3941,-0.000676354,-0.0178238,-0.029839469061698765,-0.01782381348311901,-0.00147259,999,,,,,,,-1,,-1,,,,,,,,,,,,,,,,,,,,"Trace Willhoite","sa3066861",688875
"Kavares Tears","SDP",0,1,1,0,0,0,0,0,0,0,0,0,0,0,0,0,,0,0,0.184075,0.0726064,0.353157,0.205593,0.243912,0.303226,0.242492,0.547138,0.119151,2.70039,0.264878,,-0.0020667,0.0608672,-0.0572906,55.4386,-0.0020667,0.0072165,-0.054881198331713676,0.007216504774987698,-0.00147273,999,,,,,,,-1,,-1,,,,,,,,,,,,,,,,,,,,"Kavares Tears","sa3043596",701837
"Anthuan Valencia","CIN",0,1,1,0,0,0,0,0,0,0,0,0,0,0,0,0,,0,0,0.205,0.0690538,0.303715,0.227363,0.269043,0.318403,0.26118,0.587446,0.113403,3.03564,0.280694,,-0.000530946,0.0760404,-0.0421173,59.6221,-0.000530946,0.000712953,-0.048387154238298535,0.0007129529840312898,-0.00147371,999,,,,,,,-1,,-1,,,,,,,,,,,,,,,,,,,,"Anthuan Valencia","sa3018422",703188
"Dustin Crenshaw","SEA",0,1,1,0,0,0,0,0,0,0,0,0,0,0,0,0,,0,0,0.196686,0.0750008,0.279234,0.268595,0.257494,0.288778,0.244352,0.546272,0.0920917,2.92816,0.262052,,-0.00170448,0.0623776,-0.0557801,59.4005,-0.00170448,0.000712953,-0.04955574811901897,0.0007129529840312898,-0.0014758,999,,,,,,,-1,,-1,,,,,,,,,,,,,,,,,,,,"Dustin Crenshaw","sa3025119",695289
"Luis Marinez",,0,1,1,0,0,0,0,0,0,0,0,0,0,0,0,0,,0,0,0.167898,0.0884256,0.377785,0.234063,0.25217,0.271534,0.238364,0.523704,0.103635,2.5171,0.260023,,-0.00160656,0.0575158,-0.0606419,48.4523,-0.00160656,0.014259,-0.06253135378938168,0.01425904966890812,-0.00147616,999,,,,,,,-1,,-1,,,,,,,,,,,,,,,,,,,,"Luis Marinez","sa3016821",692074
"George Wolkow","CHW",0,1,1,0,0,0,0,0,0,0,0,0,0,0,0,0,,0,0,0.193707,0.0683485,0.371154,0.184152,0.255595,0.322753,0.255652,0.578348,0.129047,4.64864,0.287653,,0.000435194,0.071552,-0.0466057,60.3958,0.000435194,-0.00262224,-0.046242942684330046,-0.0026222390588372946,-0.00147809,999,,,,,,,-1,,-1,,,,,,,,,,,,,,,,,,,,"George Wolkow","sa3022817",805804
"Evan Edwards",,0,1,1,0,0,0,0,0,0,0,0,0,0,0,0,0,,0,0,0.200501,0.0884253,0.337417,0.262065,0.279554,0.343933,0.276378,0.623487,0.143432,4.51014,0.280304,,-0.000107376,0.0883791,-0.0297786,73.7519,-0.000107376,-0.0178238,-0.0310438576125307,-0.01782381348311901,-0.00147834,999,,,,,,,-1,,-1,,,,,,,,,,,,,,,,,,,,"Evan Edwards","sa3009866",657212
"Yohairo Cuevas","NYM",0,1,1,0,0,0,0,0,0,0,0,0,0,0,0,0,,0,0,0.200317,0.0970403,0.29347,0.330665,0.285225,0.292224,0.261959,0.57745,0.0919076,4.49633,0.281926,,0.000495357,0.0766724,-0.0414853,68.3364,0.000495357,-0.0106943,-0.03703255392611027,-0.010694287717342377,-0.00147909,999,,,,,,,-1,,-1,,,,,,,,,,,,,,,,,,,,"Yohairo Cuevas","sa3015826",699293
"Jalen Battles",,0,1,1,0,0,0,0,0,0,0,0,0,0,0,0,0,,0,0,0.207371,0.0574003,0.29871,0.192161,0.261002,0.308171,0.252386,0.569174,0.1008,4.62225,0.286094,,-0.000953555,0.0689001,-0.0492576,57.5208,-0.000953555,0.00213886,-0.051020290702581406,0.002138857962563634,-0.00147975,999,,,,,,,-1,,-1,,,,,,,,,,,,,,,,,,,,"Jalen Battles","sa3020205",689216
"Erick Torres","KCR",0,1,1,0,0,0,0,0,0,0,0,0,0,0,0,0,,0,0,0.222817,0.052365,0.19798,0.264497,0.270469,0.309452,0.257093,0.579921,0.0866357,4.18996,0.269004,,-0.00228632,0.0727217,-0.045436,58.6287,-0.00228632,0.00213886,-0.05104719172231853,0.002138857962563634,-0.0014825,999,,,,,,,-1,,-1,,,,,,,,,,,,,,,,,,,,"Erick Torres","sa3018641",805075
"Cal Conley","ATL",0,1,1,0,0,0,0,0,0,0,0,0,0,0,0,0,,0,0,0.209888,0.052643,0.246941,0.21318,0.254841,0.295013,0.243656,0.549854,0.0851253,5.40732,0.270269,,0.00125418,0.0618125,-0.0563452,52.0266,0.00125418,0.00784248,-0.055604175897315145,0.007842478342354298,-0.00148266,999,,,,,,,-1,,-1,,,,,,,,,,,,,,,,,,,,"Cal Conley","sa3017080",695462
"Gian Zapata","ARI",0,1,1,0,0,0,0,0,0,0,0,0,0,0,0,0,,0,0,0.19477,0.0797554,0.327682,0.243393,0.264356,0.305821,0.254542,0.570178,0.111052,5.08102,0.279276,,0.000197841,0.0706509,-0.0475068,58.9706,0.000197841,0.000657342,-0.04843045964662451,0.0006573420250788331,-0.00148383,999,,,,,,,-1,,-1,,,,,,,,,,,,,,,,,,,,"Gian Zapata","sa3021079",806979
"Michell Ojeda","PIT",0,1,1,0,0,0,0,0,0,0,0,0,0,0,0,0,,0,0,0.202308,0.0658284,0.309495,0.212696,0.260556,0.316481,0.255505,0.577038,0.114173,4.15608,0.277998,,-0.00102541,0.0714327,-0.046725,58.7309,-0.00102541,0.00213886,-0.04993780504446477,0.002138857962563634,-0.00148647,999,,,,,,,-1,,-1,,,,,,,,,,,,,,,,,,,,"Michell Ojeda","sa3023737",820962
"Yannic Walther","MIL",0,1,1,0,0,0,0,0,0,0,0,0,0,0,0,0,,0,0,0.181131,0.0833663,0.343657,0.242586,0.253186,0.271854,0.237462,0.52504,0.0907226,2.17726,0.27035,,-0.00165773,0.0567833,-0.0613744,49.0089,-0.00165773,0.014259,-0.06209278467576951,0.01425904966890812,-0.00149003,999,,,,,,,-1,,-1,,,,,,,,,,,,,,,,,,,,"Yannic Walther","sa3021064",806921
"Yordalin Peña","STL",0,1,1,0,0,0,0,0,0,0,0,0,0,0,0,0,,0,0,0.206005,0.0509454,0.304342,0.167395,0.249655,0.319225,0.249404,0.56888,0.11322,5.48388,0.282945,,-0.000917378,0.066479,-0.0516787,58.5829,-0.000917378,0.00213886,-0.050005263765342534,0.002138857962563634,-0.00149337,999,,,,,,,-1,,-1,,,,,,,,,,,,,,,,,,,,"Yordalin Pena","sa3018489",800266
"Randal Diaz","WSN",0,1,1,0,0,0,0,0,0,0,0,0,0,0,0,0,,0,0,0.209907,0.0628985,0.228011,0.275858,0.264828,0.29606,0.250123,0.560889,0.0861536,5.00934,0.263633,,0.00101674,0.0670632,-0.0510945,56.9478,0.00101674,0.00213886,-0.050009000580757856,0.002138857962563634,-0.00149375,999,,,,,,,-1,,-1,,,,,,,,,,,,,,,,,,,,"Randal Diaz","sa3030270",695538
"Patrick Lee","DET",0,1,1,0,0,0,0,0,0,0,0,0,0,0,0,0,,0,0,0.190778,0.0913169,0.379928,0.240353,0.275134,0.300554,0.259736,0.575688,0.109777,6.4294,0.304455,,0.00502663,0.0748673,-0.0432904,63.2151,0.00502663,-0.0106943,-0.038328664377331734,-0.010694287717342377,-0.00149423,999,,,,,,,-1,,-1,,,,,,,,,,,,,,,,,,,,"Patrick Lee","sa3023666",815268
"Erick Brito","PHI",0,1,1,0,0,0,0,0,0,0,0,0,0,0,0,0,,0,0,0.217997,0.0604675,0.21684,0.278858,0.27374,0.298029,0.2554,0.571769,0.0800321,5.44798,0.274156,,0.000114369,0.0713469,-0.0468108,58.9316,0.000114369,0.000657342,-0.0485601811305969,0.0006573420250788331,-0.0014971,999,,,,,,,-1,,-1,,,,,,,,,,,,,,,,,,,,"Erick Brito","sa3011753",684081
"Kenni Gomez","HOU",0,1,1,0,0,0,0,0,0,0,0,0,0,0,0,0,,0,0,0.21165,0.0434486,0.302378,0.14369,0.248532,0.322556,0.249554,0.571088,0.110905,5.40214,0.289194,,-0.000555648,0.066601,-0.0515567,57.0277,-0.000555648,0.00213886,-0.05120354029349983,0.002138857962563634,-0.0014985,999,,,,,,,-1,,-1,,,,,,,,,,,,,,,,,,,,"Kenni Gomez","sa3018430",703198
"J.J. D'Orazio","LAA",0,1,1,0,0,0,0,0,0,0,0,0,0,0,0,0,,0,0,0.214675,0.058771,0.255905,0.229659,0.262429,0.309423,0.252751,0.571853,0.0947479,2.93156,0.280213,,-0.00178849,0.0691969,-0.0489608,57.7438,-0.00178849,0.00393692,-0.051870831404812634,0.003936924040317535,-0.00150028,999,,,,,,,-1,,-1,,,,,,,,,,,,,,,,,,,,"J.J. D'Orazio","sa3008876",683490
"Michael Curialle",,0,1,1,0,0,0,0,0,0,0,0,0,0,0,0,0,,0,0,0.202424,0.053365,0.303954,0.175569,0.264836,0.298227,0.252077,0.563063,0.0958031,3.28943,0.284787,,-0.0017493,0.0686495,-0.0495082,60.4142,-0.0017493,0.000712953,-0.04866667895112187,0.0007129529840312898,-0.0015023,999,,,,,,,-1,,-1,,,,,,,,,,,,,,,,,,,,"Michael Curialle","sa3019837",683152
"Bryan Acuna","MIN",0,1,1,0,0,0,0,0,0,0,0,0,0,0,0,0,,0,0,0.192733,0.090114,0.331939,0.271478,0.271242,0.270978,0.247136,0.54222,0.0782451,2.51667,0.288446,,-0.0028039,0.0646379,-0.0535198,54.0288,-0.0028039,0.00784248,-0.056986286072060466,0.007842478342354298,-0.0015066,999,,,,,,,-1,,-1,,,,,,,,,,,,,,,,,,,,"Bryan Acuna","sa3018427",703195
"Carlos Arroyo",,0,1,1,0,0,0,0,0,0,0,0,0,0,0,0,0,,0,0,0.199284,0.0656098,0.309946,0.211681,0.263844,0.299795,0.252199,0.563639,0.10051,4.16077,0.278533,,-0.000245701,0.0687484,-0.0494093,57.8787,-0.000245701,0.00213886,-0.05016820866148919,0.002138857962563634,-0.00151004,999,,,,,,,-1,,-1,,,,,,,,,,,,,,,,,,,,"Carlos Arroyo","sa3005576",678863
"Filippo Di Turi","MIL",0,1,1,0,0,0,0,0,0,0,0,0,0,0,0,0,,0,0,0.187821,0.094024,0.319033,0.294716,0.26459,0.291274,0.250242,0.555864,0.103453,2.76599,0.265442,,-0.0019982,0.0671596,-0.0509981,57.7637,-0.0019982,0.00393692,-0.05205695633776486,0.003936924040317535,-0.00151932,999,,,,,,,-1,,-1,,,,,,,,,,,,,,,,,,,,"Filippo Di Turi","sa3021093",806995
"Blayberg Diaz","MIL",0,1,1,0,0,0,0,0,0,0,0,0,0,0,0,0,,0,0,0.203088,0.0426158,0.269325,0.158232,0.247135,0.284958,0.236534,0.532092,0.0818699,2.47516,0.268889,,-0.00127588,0.0560297,-0.062128,48.373,-0.00127588,0.014259,-0.06246456608641893,0.01425904966890812,-0.00152807,999,,,,,,,-1,,-1,,,,,,,,,,,,,,,,,,,,"Blayberg Diaz","sa3015352",691600
"Ichiro Cano","CIN",0,1,1,0,0,0,0,0,0,0,0,0,0,0,0,0,,0,0,0.194,0.1008,0.329954,0.305498,0.282531,0.295786,0.262229,0.578317,0.101786,2.64194,0.284449,,-0.00192984,0.0768918,-0.041266,60.3403,-0.00192984,0.000712953,-0.04893474653363228,0.0007129529840312898,-0.00152973,999,,,,,,,-1,,-1,,,,,,,,,,,,,,,,,,,,"Ichiro Cano","sa3023708",802560
"Moisés Gómez",,0,1,1,0,0,0,0,0,0,0,0,0,0,0,0,0,,0,0,0.200203,0.0608901,0.342191,0.177942,0.254928,0.343011,0.261862,0.597939,0.142808,3.6026,0.277728,,-0.000452777,0.076594,-0.0415637,68.7079,-0.000452777,-0.0106943,-0.03754041827050969,-0.010694287717342377,-0.00153105,999,,,,,,,-1,,-1,,,,,,,,,,,,,,,,,,,,"Moises Gomez","sa875163",664332
"Jose Cordoba","STL",0,1,1,0,0,0,0,0,0,0,0,0,0,0,0,0,,0,0,0.224201,0.0471058,0.232991,0.202179,0.266406,0.336652,0.264112,0.603058,0.112451,5.11423,0.279152,,-0.000468966,0.0784209,-0.0397368,68.6586,-0.000468966,-0.0106943,-0.0376149641815573,-0.010694287717342377,-0.00153868,999,,,,,,,-1,,-1,,,,,,,,,,,,,,,,,,,,"Jose Cordoba","sa3015614",692390
"Anthony Stephan","CIN",0,1,1,0,0,0,0,0,0,0,0,0,0,0,0,0,,0,0,0.211416,0.0780684,0.276214,0.282638,0.284338,0.333518,0.274851,0.617856,0.122103,3.49408,0.277593,,-0.000862426,0.0871399,-0.0310178,68.987,-0.000862426,-0.0106943,-0.037619206006638706,-0.010694287717342377,-0.00153911,999,,,,,,,-1,,-1,,,,,,,,,,,,,,,,,,,,"Anthony Stephan","sa3043041",803174
"Braylin Morel","TEX",0,1,1,0,0,0,0,0,0,0,0,0,0,0,0,0,,0,0,0.206921,0.0390374,0.321698,0.121348,0.244135,0.339634,0.253749,0.583769,0.132713,4.37776,0.281894,,-0.000646634,0.0700072,-0.0481505,60.7477,-0.000646634,-0.00262224,-0.04691000853199512,-0.0026222390588372946,-0.00154634,999,,,,,,,-1,,-1,,,,,,,,,,,,,,,,,,,,"Braylin Morel","sa3021229",808281
"Rodney Green Jr.","ATH",0,1,1,0,0,0,0,0,0,0,0,0,0,0,0,0,,0,0,0.188094,0.0788478,0.340417,0.231621,0.256642,0.306162,0.250688,0.562804,0.118068,4.58972,0.271541,,-0.000195432,0.0675215,-0.0506362,56.918,-0.000195432,0.00213886,-0.051114529342157766,0.002138857962563634,-0.00154813,999,,,,,,,-1,,-1,,,,,,,,,,,,,,,,,,,,"Rodney Green Jr.","sa3025384",701587
"Lonnie White Jr.","PIT",0,1,1,0,0,0,0,0,0,0,0,0,0,0,0,0,,0,0,0.185916,0.0740649,0.357949,0.206915,0.260917,0.300903,0.252102,0.56182,0.114987,4.94997,0.276992,,0.00112153,0.0686694,-0.0494883,56.3995,0.00112153,0.00213886,-0.05055413127411157,0.002138857962563634,-0.00154953,999,,,,,,,-1,,-1,,,,,,,,,,,,,,,,,,,,"Lonnie White Jr.","sa3017628",696145
"Edrick Felix",,0,1,1,0,0,0,0,0,0,0,0,0,0,0,0,0,,0,0,0.191879,0.0636296,0.315339,0.201781,0.257788,0.300047,0.24936,0.557836,0.108169,4.4478,0.267282,,-0.000940192,0.0664436,-0.0517141,56.9225,-0.000940192,0.00213886,-0.051712072803638875,0.002138857962563634,-0.00155053,999,,,,,,,-1,,-1,,,,,,,,,,,,,,,,,,,,"Edrick Felix","sa3022754",703742
"Lucas Ramirez","LAA",0,1,1,0,0,0,0,0,0,0,0,0,0,0,0,0,,0,0,0.209542,0.0729761,0.305833,0.238614,0.271927,0.335141,0.267831,0.607069,0.1256,4.77207,0.287198,,-0.00103554,0.0814403,-0.0367174,67.8646,-0.00103554,-0.0106943,-0.0389108513481915,-0.010694287717342377,-0.0015538,999,,,,,,,-1,,-1,,,,,,,,,,,,,,,,,,,,"Lucas Ramirez","sa3067326",813429
"Stephen Paolini",,0,1,1,0,0,0,0,0,0,0,0,0,0,0,0,0,,0,0,0.19091,0.0827891,0.361076,0.229284,0.263681,0.293521,0.250391,0.557202,0.10261,5.2693,0.291771,,0.000794599,0.0672802,-0.0508775,56.6399,0.000794599,0.00213886,-0.05059608200099319,0.002138857962563634,-0.00155382,999,,,,,,,-1,,-1,,,,,,,,,,,,,,,,,,,,"Stephen Paolini","sa3010720",688500
"Parker Chavers","CHC",0,1,1,0,0,0,0,0,0,0,0,0,0,0,0,0,,0,0,0.205338,0.0897148,0.268133,0.334591,0.279622,0.30593,0.262627,0.585551,0.100592,5.48014,0.272402,,0.000989101,0.0772147,-0.040943,67.2852,0.000989101,-0.0106943,-0.03778473031707108,-0.010694287717342377,-0.00155605,999,,,,,,,-1,,-1,,,,,,,,,,,,,,,,,,,,"Parker Chavers","sa3017939",685091
"Yohander Martinez",,0,1,1,0,0,0,0,0,0,0,0,0,0,0,0,0,,0,0,0.191262,0.0916283,0.274372,0.333957,0.282727,0.267418,0.253541,0.550145,0.0761558,2.22994,0.261095,,-0.00281675,0.0698375,-0.0483202,58.4404,-0.00281675,0.00213886,-0.051799544831737876,0.002138857962563634,-0.00155948,999,,,,,,,-1,,-1,,,,,,,,,,,,,,,,,,,,"Yohander Martinez","sa3008775",682695
"Jesus Valdez","ARI",0,1,1,0,0,0,0,0,0,0,0,0,0,0,0,0,,0,0,0.21124,0.0501055,0.284678,0.176008,0.255,0.330882,0.256562,0.585882,0.119642,3.40408,0.276402,,-0.00224632,0.0722906,-0.0458671,60.3541,-0.00224632,0.000712953,-0.04923494043760002,0.0007129529840312898,-0.00156044,999,,,,,,,-1,,-1,,,,,,,,,,,,,,,,,,,,"Jesus Valdez","sa3005492",678232
"Jean Joseph","TOR",0,1,1,0,0,0,0,0,0,0,0,0,0,0,0,0,,0,0,0.207335,0.0383914,0.269662,0.142369,0.254487,0.314791,0.251374,0.569278,0.107455,2.53374,0.269785,,-0.00269292,0.0680783,-0.0500795,58.3094,-0.00269292,0.00213886,-0.05183017370291054,0.002138857962563634,-0.00156261,999,,,,,,,-1,,-1,,,,,,,,,,,,,,,,,,,,"Jean Joseph","sa3018568",800463
"Colton Vincent","SDP",0,1,1,0,0,0,0,0,0,0,0,0,0,0,0,0,,0,0,0.192734,0.0504776,0.27791,0.181633,0.245315,0.270985,0.231419,0.5163,0.0782508,3.03756,0.261372,,-0.00103472,0.0518771,-0.0662806,47.8534,-0.00103472,0.014259,-0.0628392375074327,0.01425904966890812,-0.0015664,999,,,,,,,-1,,-1,,,,,,,,,,,,,,,,,,,,"Colton Vincent","sa3023089",694294
"Zach MacDonald","DET",0,1,1,0,0,0,0,0,0,0,0,0,0,0,0,0,,0,0,0.180586,0.0776961,0.380658,0.20411,0.258943,0.287133,0.246421,0.546076,0.106546,6.54747,0.28674,,0.00224064,0.0640575,-0.0541002,54.0435,0.00224064,0.00213886,-0.05192444706335664,0.002138857962563634,-0.00157226,999,,,,,,,-1,,-1,,,,,,,,,,,,,,,,,,,,"Zach MacDonald","sa3025604",822487
"Yanuel Casiano","CIN",0,1,1,0,0,0,0,0,0,0,0,0,0,0,0,0,,0,0,0.184965,0.0715563,0.361038,0.198196,0.251462,0.293303,0.243642,0.544765,0.108338,3.33334,0.277628,,-0.000810945,0.0618009,-0.0563568,47.6077,-0.000810945,0.014259,-0.06290667242137715,0.01425904966890812,-0.0015733,999,,,,,,,-1,,-1,,,,,,,,,,,,,,,,,,,,"Yanuel Casiano","sa3067398",813933
"Miguel Pabon",,0,1,1,0,0,0,0,0,0,0,0,0,0,0,0,0,,0,0,0.185163,0.0767133,0.3176,0.241541,0.253559,0.26202,0.23397,0.51558,0.0768573,2.8907,0.267552,,-0.000899568,0.0539483,-0.0642094,47.6545,-0.000899568,0.014259,-0.06293979589827359,0.01425904966890812,-0.00157669,999,,,,,,,-1,,-1,,,,,,,,,,,,,,,,,,,,"Miguel Pabon","sa3007977",682196
"Angel Acosta","KCR",0,1,1,0,0,0,0,0,0,0,0,0,0,0,0,0,,0,0,0.222842,0.0486916,0.202454,0.240506,0.263396,0.313472,0.254323,0.576867,0.0906299,3.36255,0.267978,,-0.00097075,0.0704727,-0.047685,56.7206,-0.00097075,0.00213886,-0.05198062147246674,0.002138857962563634,-0.00157801,999,,,,,,,-1,,-1,,,,,,,,,,,,,,,,,,,,"Angel Acosta","sa3021290",808665
"Colin Houck","NYM",0,1,1,0,0,0,0,0,0,0,0,0,0,0,0,0,,0,0,0.190596,0.0665442,0.378967,0.175593,0.249045,0.305421,0.245472,0.554465,0.114825,4.80358,0.297253,,-0.00172647,0.0632869,-0.0548708,57.0426,-0.00172647,0.00393692,-0.05263988336082548,0.003936924040317535,-0.00157896,999,,,,,,,-1,,-1,,,,,,,,,,,,,,,,,,,,"Colin Houck","sa3022964",806124
"Jason Matthews","CHW",0,1,1,0,0,0,0,0,0,0,0,0,0,0,0,0,,0,0,0.191773,0.0860623,0.304358,0.282767,0.273542,0.280563,0.251988,0.554105,0.0887901,4.02195,0.271583,,-0.000913447,0.0685769,-0.0495808,57.8716,-0.000913447,0.000712953,-0.05056670098565519,0.0007129529840312898,-0.00157923,999,,,,,,,-1,,-1,,,,,,,,,,,,,,,,,,,,"Jason Matthews","sa3018152",667240
"Wilson Rodriguez","NYY",0,1,1,0,0,0,0,0,0,0,0,0,0,0,0,0,,0,0,0.204961,0.075615,0.28045,0.269621,0.270705,0.32516,0.26431,0.595865,0.120199,4.39218,0.267724,,-0.00114522,0.0785815,-0.0395762,67.7454,-0.00114522,-0.0106943,-0.03916097211185843,-0.010694287717342377,-0.00157939,999,,,,,,,-1,,-1,,,,,,,,,,,,,,,,,,,,"Wilson Rodriguez","sa3022760",815147
"Victor Acosta","CIN",0,1,1,0,0,0,0,0,0,0,0,0,0,0,0,0,,0,0,0.197219,0.0675023,0.272238,0.247953,0.272905,0.284015,0.252472,0.55692,0.0867961,4.72585,0.268067,,-0.00103657,0.0689697,-0.049188,53.6563,-0.00103657,0.0072165,-0.05596350028645247,0.007216504774987698,-0.00158347,999,,,,,,,-1,,-1,,,,,,,,,,,,,,,,,,,,"Victor Acosta","sa3015705",694193
"Anibal Salas","DET",0,1,1,0,0,0,0,0,0,0,0,0,0,0,0,0,,0,0,0.189178,0.0717095,0.341148,0.2102,0.256946,0.303358,0.249945,0.560304,0.11418,4.40394,0.274147,,-0.000792459,0.0669186,-0.0512391,56.4711,-0.000792459,0.00213886,-0.05209640460088849,0.002138857962563634,-0.00158985,999,,,,,,,-1,,-1,,,,,,,,,,,,,,,,,,,,"Anibal Salas","sa3021102",807010
"Nik McClaughry",,0,1,1,0,0,0,0,0,0,0,0,0,0,0,0,0,,0,0,0.184294,0.0593197,0.301332,0.196858,0.249177,0.268713,0.23403,0.51789,0.0844187,3.24509,0.257462,,-0.00163159,0.0539964,-0.0641613,52.2894,-0.00163159,0.00784248,-0.05786406935658306,0.007842478342354298,-0.0015964,999,,,,,,,-1,,-1,,,,,,,,,,,,,,,,,,,,"Nik McClaughry","sa3022484",800597
"Cruzmel Arias","COL",0,1,1,0,0,0,0,0,0,0,0,0,0,0,0,0,,0,0,0.207035,0.0629993,0.292942,0.215057,0.264832,0.311844,0.256074,0.576676,0.104809,3.8302,0.282064,,-0.00075912,0.0718943,-0.0462634,47.351,-0.00075912,0.014259,-0.06315905501833186,0.01425904966890812,-0.00159912,999,,,,,,,-1,,-1,,,,,,,,,,,,,,,,,,,,"Cruzmel Arias","sa3019527",805466
"Carter Dorighi","SEA",0,1,1,0,0,0,0,0,0,0,0,0,0,0,0,0,,0,0,0.205605,0.0497669,0.294579,0.168942,0.251339,0.289024,0.239907,0.540363,0.083419,4.91998,0.286506,,0.00067054,0.0587681,-0.0593896,56.338,0.00067054,0.000712953,-0.05079026980092749,0.0007129529840312898,-0.00160211,999,,,,,,,-1,,-1,,,,,,,,,,,,,,,,,,,,"Carter Dorighi","sa3025120",826163
"Damon Keith","LAD",0,1,1,0,0,0,0,0,0,0,0,0,0,0,0,0,,0,0,0.202197,0.0784121,0.338259,0.231811,0.269021,0.344975,0.270343,0.613996,0.142778,3.86124,0.28351,,-0.00427972,0.0834799,-0.0346778,71.2882,-0.00427972,-0.0106943,-0.03830911871045828,-0.010694287717342377,-0.0016097,999,,,,,,,-1,,-1,,,,,,,,,,,,,,,,,,,,"Damon Keith","sa3017179",701618
"Raylin Ramos","BAL",0,1,1,0,0,0,0,0,0,0,0,0,0,0,0,0,,0,0,0.211315,0.0411674,0.309913,0.132835,0.248056,0.318767,0.248022,0.566823,0.107452,4.34131,0.29228,,-0.00144984,0.065357,-0.0528007,56.8412,-0.00144984,0.00213886,-0.0523175090784207,0.002138857962563634,-0.00161247,999,,,,,,,-1,,-1,,,,,,,,,,,,,,,,,,,,"Raylin Ramos","sa3018561",800426
"Ryan Reckley","SFG",0,1,1,0,0,0,0,0,0,0,0,0,0,0,0,0,,0,0,0.186403,0.0918251,0.344075,0.266875,0.264841,0.284635,0.248305,0.549476,0.0982325,3.78752,0.277839,,-0.00149163,0.0655864,-0.0525713,58.0751,-0.00149163,0.00213886,-0.05118127935566008,0.002138857962563634,-0.00161369,999,,,,,,,-1,,-1,,,,,,,,,,,,,,,,,,,,"Ryan Reckley","sa3018404",703144
"David Fletcher",,0,1,1,0,0,0,0,0,0,0,0,0,0,0,0,0,,0,0,0.229092,0.0469379,0.165487,0.283635,0.268134,0.296935,0.250572,0.565069,0.0678429,4.23422,0.268403,,0.000040707,0.0674273,-0.0507304,56.764,0.000040707,0.00213886,-0.05120289252590737,0.002138857962563634,-0.0016159,999,,,,,,,-1,,-1,,,,,,,,,,,,,,,,,,,,"David Fletcher","17992",664058
"Jordan Thompson","LAD",0,1,1,0,0,0,0,0,0,0,0,0,0,0,0,0,,0,0,0.191883,0.0552008,0.326791,0.168918,0.246603,0.303659,0.243942,0.550262,0.111776,3.51752,0.268062,,-0.00151655,0.0620443,-0.0561134,53.2023,-0.00151655,0.00784248,-0.056981484522111714,0.007842478342354298,-0.00162357,999,,,,,,,-1,,-1,,,,,,,,,,,,,,,,,,,,"Jordan Thompson","sa3022497",691948
"Ryan Burrowes","CHW",0,1,1,0,0,0,0,0,0,0,0,0,0,0,0,0,,0,0,0.20211,0.0532337,0.323509,0.164551,0.255075,0.294197,0.24465,0.549272,0.0920866,5.42336,0.289812,,0.00316083,0.0626193,-0.0555384,52.8169,0.00316083,0.00213886,-0.05245000938884914,0.002138857962563634,-0.00162603,999,,,,,,,-1,,-1,,,,,,,,,,,,,,,,,,,,"Ryan Burrowes","sa3018619",802018
"Luis Durango","NYY",0,1,1,0,0,0,0,0,0,0,0,0,0,0,0,0,,0,0,0.208501,0.062626,0.244225,0.256428,0.276457,0.292671,0.256684,0.569128,0.0841701,5.79445,0.268672,,0.00452205,0.0723898,-0.0457679,62.4921,0.00452205,-0.0106943,-0.039685399271547794,-0.010694287717342377,-0.00163304,999,,,,,,,-1,,-1,,,,,,,,,,,,,,,,,,,,"Luis Durango","sa3015232",691411
"Omar Hernandez","KCR",0,1,1,0,0,0,0,0,0,0,0,0,0,0,0,0,,0,0,0.208853,0.0414937,0.226675,0.183054,0.245161,0.290256,0.236279,0.535417,0.0814032,4.80273,0.261554,,0.00101577,0.0558227,-0.062335,44.2907,0.00101577,0.014259,-0.06464411423075944,0.01425904966890812,-0.00163359,999,,,,,,,-1,,-1,,,,,,,,,,,,,,,,,,,,"Omar Hernandez","sa3010155",683427
"Luis Ravelo",,0,1,1,0,0,0,0,0,0,0,0,0,0,0,0,0,,0,0,0.207694,0.070933,0.28904,0.245409,0.268017,0.307127,0.256129,0.575144,0.0994326,2.76679,0.282598,,-0.00162241,0.0719391,-0.0462186,56.7854,-0.00162241,0.00213886,-0.052555879461579025,0.002138857962563634,-0.00163686,999,,,,,,,-1,,-1,,,,,,,,,,,,,,,,,,,,"Luis Ravelo","sa3016171",699144
"Luiyin Alastre","MIL",0,1,1,0,0,0,0,0,0,0,0,0,0,0,0,0,,0,0,0.210192,0.0519106,0.250698,0.207065,0.256149,0.303799,0.247621,0.559949,0.0936071,4.56361,0.269354,,-0.00105969,0.0650314,-0.0531263,55.968,-0.00105969,0.00393692,-0.053246681578457355,0.003936924040317535,-0.00164104,999,,,,,,,-1,,-1,,,,,,,,,,,,,,,,,,,,"Luiyin Alastre","sa3021210",808236
"Ryan Wilson",,0,1,1,0,0,0,0,0,0,0,0,0,0,0,0,0,,0,0,0.187711,0.082402,0.237524,0.346921,0.273972,0.264129,0.247428,0.538101,0.0764175,2.55863,0.241274,,-0.00267001,0.0648747,-0.053283,58.8199,-0.00267001,0.00213886,-0.05147695308551192,0.002138857962563634,-0.00164394,999,,,,,,,-1,,-1,,,,,,,,,,,,,,,,,,,,"Ryan Wilson","sa3023141",801698
"Dominic Pitelli","CIN",0,1,1,0,0,0,0,0,0,0,0,0,0,0,0,0,,0,0,0.194997,0.0767854,0.331413,0.231691,0.260224,0.290934,0.246725,0.551158,0.095937,6.17759,0.287164,,0.00240878,0.0643042,-0.0538535,49.7198,0.00240878,0.00784248,-0.05718362261541188,0.007842478342354298,-0.00164425,999,,,,,,,-1,,-1,,,,,,,,,,,,,,,,,,,,"Dominic Pitelli","sa3022809",694689
"Curtis Washington Jr.","SEA",0,1,1,0,0,0,0,0,0,0,0,0,0,0,0,0,,0,0,0.190351,0.0554771,0.318758,0.174042,0.242928,0.283654,0.234456,0.526583,0.0933035,6.29474,0.270532,,0.00325128,0.054343,-0.0638147,52.5835,0.00325128,0.00213886,-0.05263462197035551,0.002138857962563634,-0.00164492,999,,,,,,,-1,,-1,,,,,,,,,,,,,,,,,,,,"Curtis Washington Jr.","sa3019803",690944
"Brady Marget","TBR",0,1,1,0,0,0,0,0,0,0,0,0,0,0,0,0,,0,0,0.21053,0.0892918,0.260495,0.342778,0.289515,0.324473,0.274782,0.613987,0.113942,3.57981,0.271651,,-0.000803866,0.0870838,-0.0310739,72.9488,-0.000803866,-0.0178238,-0.0326869158889167,-0.01782381348311901,-0.00164645,999,,,,,,,-1,,-1,,,,,,,,,,,,,,,,,,,,"Brady Marget","sa3025513",803067
"Daniel Lopez","KCR",0,1,1,0,0,0,0,0,0,0,0,0,0,0,0,0,,0,0,0.212496,0.0523363,0.254135,0.205939,0.254557,0.331003,0.255914,0.58556,0.118507,5.9301,0.268224,,0.00181249,0.0717644,-0.0463934,57.8165,0.00181249,-0.00262224,-0.04790570726618171,-0.0026222390588372946,-0.00164821,999,,,,,,,-1,,-1,,,,,,,,,,,,,,,,,,,,"Daniel Lopez","sa3021298",808693
"Raynerd Ortega","LAD",0,1,1,0,0,0,0,0,0,0,0,0,0,0,0,0,,0,0,0.190928,0.0476113,0.361931,0.131548,0.243394,0.324728,0.249679,0.568122,0.1338,3.81657,0.274776,,-0.000798099,0.0667019,-0.0514558,57.1321,-0.000798099,0.00213886,-0.051605422399006784,0.002138857962563634,-0.00165709,999,,,,,,,-1,,-1,,,,,,,,,,,,,,,,,,,,"Raynerd Ortega","sa3018542",800380
"Leonardo Pineda","TBR",0,1,1,0,0,0,0,0,0,0,0,0,0,0,0,0,,0,0,0.18477,0.0748903,0.34412,0.217629,0.254984,0.278464,0.240662,0.533448,0.0936938,3.25497,0.275186,,-0.00158876,0.059381,-0.0587767,49.4443,-0.00158876,0.0104961,-0.061174557195045054,0.010496087372303009,-0.00166361,999,,,,,,,-1,,-1,,,,,,,,,,,,,,,,,,,,"Leonardo Pineda","sa3023721",815904
"Eliesbert Alejos","ARI",0,1,1,0,0,0,0,0,0,0,0,0,0,0,0,0,,0,0,0.206388,0.037741,0.251399,0.150124,0.253562,0.294971,0.243909,0.548533,0.0885835,3.62479,0.265618,,-0.000154605,0.0620175,-0.0561402,51.6863,-0.000154605,0.00784248,-0.057416336800088175,0.007842478342354298,-0.00166806,999,,,,,,,-1,,-1,,,,,,,,,,,,,,,,,,,,"Eliesbert Alejos","sa3021195",808148
"Bracewell Taveras","STL",0,1,1,0,0,0,0,0,0,0,0,0,0,0,0,0,,0,0,0.207928,0.0477061,0.294134,0.162192,0.250095,0.306393,0.245261,0.556489,0.0984648,4.09686,0.281744,,0.000684938,0.0631153,-0.0550424,55.7448,0.000684938,0.00213886,-0.05176668049534783,0.002138857962563634,-0.00167359,999,,,,,,,-1,,-1,,,,,,,,,,,,,,,,,,,,"Bracewell Taveras","sa3021193",808145
"Dyan Jorge","COL",0,1,1,0,0,0,0,0,0,0,0,0,0,0,0,0,,0,0,0.228798,0.0643221,0.235572,0.273046,0.280407,0.306413,0.261218,0.58682,0.0776151,5.03664,0.295339,,0.000731664,0.0760712,-0.0420865,50.8752,0.000731664,0.00784248,-0.05749137472594157,0.007842478342354298,-0.00167574,999,,,,,,,-1,,-1,,,,,,,,,,,,,,,,,,,,"Dyan Jorge","sa3018387",694170
"Alex De Goti",,0,1,1,0,0,0,0,0,0,0,0,0,0,0,0,0,,0,0,0.196399,0.0884344,0.261614,0.338034,0.2748,0.265763,0.247087,0.540563,0.069364,3.56973,0.266089,,-0.00127036,0.0645978,-0.0535599,56.1581,-0.00127036,0.00213886,-0.052943103364668787,0.002138857962563634,-0.00167648,999,,,,,,,-1,,-1,,,,,,,,,,,,,,,,,,,,"Alex De Goti","19477",621008
"Andrew Sojka","STL",0,1,1,0,0,0,0,0,0,0,0,0,0,0,0,0,,0,0,0.209581,0.0728491,0.262944,0.277051,0.272488,0.318397,0.262607,0.590885,0.108817,4.13553,0.271191,,-0.000599552,0.0771989,-0.0409588,67.6276,-0.000599552,-0.0106943,-0.03896757203619927,-0.010694287717342377,-0.00167707,999,,,,,,,-1,,-1,,,,,,,,,,,,,,,,,,,,"Andrew Sojka","sa3069107",675382
"Jackson Ross","WSN",0,1,1,0,0,0,0,0,0,0,0,0,0,0,0,0,,0,0,0.196488,0.0744686,0.304642,0.244447,0.259686,0.308693,0.25263,0.568379,0.112205,2.98905,0.268973,,-0.00139456,0.0690981,-0.0490596,58.6647,-0.00139456,0.000712953,-0.050385410781018436,0.0007129529840312898,-0.00167815,999,,,,,,,-1,,-1,,,,,,,,,,,,,,,,,,,,"Jackson Ross","sa3041172",824605
"Gavin Dugas","WSN",0,1,1,0,0,0,0,0,0,0,0,0,0,0,0,0,,0,0,0.19094,0.0665551,0.299046,0.222558,0.273693,0.281382,0.253204,0.555076,0.0904427,2.67104,0.266995,,-0.0018687,0.0695646,-0.0485931,59.0584,-0.0018687,0.000712953,-0.05039297661278397,0.0007129529840312898,-0.00167893,999,,,,,,,-1,,-1,,,,,,,,,,,,,,,,,,,,"Gavin Dugas","sa3022667",681171
"Bubba Alleyne",,0,1,1,0,0,0,0,0,0,0,0,0,0,0,0,0,,0,0,0.195814,0.0660295,0.299549,0.220429,0.255654,0.301,0.247671,0.556653,0.105185,5.68506,0.267811,,0.000607845,0.0650721,-0.0530856,55.757,0.000607845,0.00213886,-0.05182929307920858,0.002138857962563634,-0.00167999,999,,,,,,,-1,,-1,,,,,,,,,,,,,,,,,,,,"Bubba Alleyne","sa3019902",804588
"Eli Lovich","CHC",0,1,1,0,0,0,0,0,0,0,0,0,0,0,0,0,,0,0,0.196826,0.0580412,0.342945,0.169243,0.246164,0.305438,0.243416,0.551601,0.108612,5.24984,0.284826,,0.000737737,0.0616173,-0.0565404,54.1251,0.000737737,0.00393692,-0.053633475152309984,0.003936924040317535,-0.00168062,999,,,,,,,-1,,-1,,,,,,,,,,,,,,,,,,,,"Eli Lovich","sa3067332",815654
"Engel Paulino","MIL",0,1,1,0,0,0,0,0,0,0,0,0,0,0,0,0,,0,0,0.178738,0.0937237,0.387167,0.242076,0.259297,0.281162,0.24436,0.540459,0.102424,6.26266,0.289458,,0.00297687,0.0623835,-0.0557742,53.7339,0.00297687,0.00213886,-0.05185801675543189,0.002138857962563634,-0.00168293,999,,,,,,,-1,,-1,,,,,,,,,,,,,,,,,,,,"Engel Paulino","sa3024127",821162
"Wady Mendez","TEX",0,1,1,0,0,0,0,0,0,0,0,0,0,0,0,0,,0,0,0.20221,0.0832739,0.333039,0.250042,0.272737,0.312656,0.261284,0.585393,0.110446,4.79753,0.293757,,-0.0000472234,0.0761242,-0.0420335,65.9377,-0.0000472234,-0.0106943,-0.04019357054858119,-0.010694287717342377,-0.00168503,999,,,,,,,-1,,-1,,,,,,,,,,,,,,,,,,,,"Wady Mendez","sa3018615",801525
"Jorge Burgos","TOR",0,1,1,0,0,0,0,0,0,0,0,0,0,0,0,0,,0,0,0.212158,0.0755736,0.276953,0.272875,0.275988,0.342164,0.272726,0.618152,0.130006,2.36835,0.273849,,-0.0019565,0.0854147,-0.032743,73.5994,-0.0019565,-0.0178238,-0.03307267581112683,-0.01782381348311901,-0.00168592,999,,,,,,,-1,,-1,,,,,,,,,,,,,,,,,,,,"Jorge Burgos","sa3008929",684222
"Paul Witt",,0,1,1,0,0,0,0,0,0,0,0,0,0,0,0,0,,0,0,0.217912,0.0601069,0.231101,0.260089,0.272648,0.355561,0.275207,0.628209,0.137648,2.89863,0.260322,,-0.00127241,0.087429,-0.0307287,74.1312,-0.00127241,-0.0178238,-0.03193232137709856,-0.01782381348311901,-0.00168671,999,,,,,,,-1,,-1,,,,,,,,,,,,,,,,,,,,"Paul Witt","sa3014949",700685
"Trent Youngblood","ARI",0,1,1,0,0,0,0,0,0,0,0,0,0,0,0,0,,0,0,0.2066,0.102564,0.240357,0.426714,0.289838,0.292014,0.264102,0.581852,0.085414,4.13375,0.265356,,0.00178929,0.0784124,-0.0397453,65.5192,0.00178929,-0.0106943,-0.03907757450360805,-0.010694287717342377,-0.00168832,999,,,,,,,-1,,-1,,,,,,,,,,,,,,,,,,,,"Trent Youngblood","sa3067290",827636
"Imanol Vargas",,0,1,1,0,0,0,0,0,0,0,0,0,0,0,0,0,,0,0,0.201538,0.0966088,0.326305,0.296069,0.278354,0.326854,0.269507,0.605209,0.125316,1.79734,0.28391,,-0.00158246,0.0828012,-0.0353565,68.3229,-0.00158246,-0.0106943,-0.03912634402513504,-0.010694287717342377,-0.00169331,999,,,,,,,-1,,-1,,,,,,,,,,,,,,,,,,,,"Imanol Vargas","sa3004972",677673
"Cam Eden",,0,1,1,0,0,0,0,0,0,0,0,0,0,0,0,0,,0,0,0.199419,0.0714164,0.293159,0.24361,0.267959,0.297001,0.253542,0.564961,0.0975828,6.41835,0.273707,,0.00642781,0.0698384,-0.0483193,60.3274,0.00642781,-0.0106943,-0.040331012569367886,-0.010694287717342377,-0.0016991,999,,,,,,,-1,,-1,,,,,,,,,,,,,,,,,,,,"Cam Eden","25476",686490
"Austin Green","NYY",0,1,1,0,0,0,0,0,0,0,0,0,0,0,0,0,,0,0,0.189922,0.067225,0.292255,0.230022,0.254535,0.29367,0.245289,0.548205,0.103748,4.29976,0.25375,,0.000284704,0.0631379,-0.0550198,54.6423,0.000284704,0.00213886,-0.053174679953372106,0.002138857962563634,-0.00170017,999,,,,,,,-1,,-1,,,,,,,,,,,,,,,,,,,,"Austin Green","sa3025258",809719
"Jorge Hernandez","KCR",0,1,1,0,0,0,0,0,0,0,0,0,0,0,0,0,,0,0,0.210847,0.0409613,0.268932,0.152311,0.264879,0.306361,0.254532,0.57124,0.0955137,2.38404,0.276698,,-0.00235939,0.0706427,-0.047515,56.8649,-0.00235939,0.00213886,-0.05319919181056321,0.002138857962563634,-0.00170268,999,,,,,,,-1,,-1,,,,,,,,,,,,,,,,,,,,"Jorge Hernandez","sa3021301",808702
"Luis De Leon","SDP",0,1,1,0,0,0,0,0,0,0,0,0,0,0,0,0,,0,0,0.184829,0.0900563,0.331527,0.271641,0.265155,0.265555,0.242397,0.53071,0.0807259,4.26987,0.273427,,0.000821324,0.0607904,-0.0573674,55.3738,0.000821324,0.00213886,-0.05206997488858178,0.002138857962563634,-0.00170462,999,,,,,,,-1,,-1,,,,,,,,,,,,,,,,,,,,"Luis De Leon","sa3021148",808029
"Jacob Buchberger",,0,1,1,0,0,0,0,0,0,0,0,0,0,0,0,0,,0,0,0.213528,0.078318,0.25341,0.309056,0.277554,0.310912,0.262458,0.588466,0.097384,4.67983,0.276499,,-0.000780669,0.0770776,-0.0410801,67.5252,-0.000780669,-0.0106943,-0.039270021952688694,-0.010694287717342377,-0.00170801,999,,,,,,,-1,,-1,,,,,,,,,,,,,,,,,,,,"Jacob Buchberger","sa3014987",689750
"Oliver Carrillo",,0,1,1,0,0,0,0,0,0,0,0,0,0,0,0,0,,0,0,0.189809,0.0846614,0.340904,0.248344,0.268896,0.307881,0.258827,0.576777,0.118072,2.0453,0.273296,,-0.0015898,0.0741297,-0.044028,63.4154,-0.0015898,-0.00641657,-0.0447090317029506,-0.006416573189198971,-0.00170936,999,,,,,,,-1,,-1,,,,,,,,,,,,,,,,,,,,"Oliver Carrillo","sa3019662",701324
"Adam Hall",,0,1,1,0,0,0,0,0,0,0,0,0,0,0,0,0,,0,0,0.205328,0.0672423,0.317037,0.212096,0.281738,0.287339,0.258269,0.569077,0.082011,6.35779,0.303623,,0.00424446,0.0736763,-0.0444815,63.262,0.00424446,-0.0106943,-0.03929764498025179,-0.010694287717342377,-0.00171084,999,,,,,,,-1,,-1,,,,,,,,,,,,,,,,,,,,"Adam Hall","sa3005077",647228
"Kenny Castillo","ARI",0,1,1,0,0,0,0,0,0,0,0,0,0,0,0,0,,0,0,0.214066,0.0342806,0.264698,0.129509,0.243189,0.308326,0.241127,0.551515,0.0942609,2.48882,0.279808,,-0.0009856879,0.0597587,-0.0583991,49.7804,-0.0009856879,0.0104961,-0.06050627492368221,0.010496087372303009,-0.00171271,999,,,,,,,-1,,-1,,,,,,,,,,,,,,,,,,,,"Kenny Castillo","sa3015863",700341
"Cristian Santana","DET",0,1,1,0,0,0,0,0,0,0,0,0,0,0,0,0,,0,0,0.171048,0.131601,0.319556,0.411824,0.297079,0.299129,0.274494,0.596207,0.128081,1.94162,0.233523,,-0.00202887,0.0868494,-0.0313083,73.3814,-0.00202887,-0.0178238,-0.03340200940147042,-0.01782381348311901,-0.00171961,999,,,,,,,-1,,-1,,,,,,,,,,,,,,,,,,,,"Cristian Santana","sa3015697",694184
"Kyle Datres",,0,1,1,0,0,0,0,0,0,0,0,0,0,0,0,0,,0,0,0.199261,0.0953022,0.285955,0.333277,0.286455,0.310888,0.269439,0.597342,0.111626,4.1914,0.266174,,0.000374893,0.082746,-0.0354117,71.3351,0.000374893,-0.0178238,-0.03341001467197202,-0.01782381348311901,-0.00172043,999,,,,,,,-1,,-1,,,,,,,,,,,,,,,,,,,,"Kyle Datres","sa3008029",663979
"Esteban González","CLE",0,1,1,0,0,0,0,0,0,0,0,0,0,0,0,0,,0,0,0.217063,0.0438394,0.283226,0.154786,0.262701,0.330457,0.260486,0.593158,0.113394,6.11016,0.290973,,0.000511362,0.0754766,-0.0426811,65.1674,0.000511362,-0.0106943,-0.04054286039900035,-0.010694287717342377,-0.00172077,999,,,,,,,-1,,-1,,,,,,,,,,,,,,,,,,,,"Esteban Gonzalez","sa3015535",691416
"Wooyeoul Shin",,0,1,1,0,0,0,0,0,0,0,0,0,0,0,0,0,,0,0,0.198777,0.0838874,0.275851,0.304104,0.275898,0.309775,0.262664,0.585673,0.110998,4.95739,0.261901,,0.00117066,0.0772451,-0.0409126,64.6012,0.00117066,-0.0106943,-0.0405510060954839,-0.010694287717342377,-0.0017216,999,,,,,,,-1,,-1,,,,,,,,,,,,,,,,,,,,"Wooyeoul Shin","sa3022888",703813
"Iverson Espinoza",,0,1,1,0,0,0,0,0,0,0,0,0,0,0,0,0,,0,0,0.199694,0.0768927,0.29018,0.264982,0.27004,0.302146,0.256457,0.572186,0.102452,3.95553,0.27125,,-0.000609364,0.0722053,-0.0459524,56.3862,-0.000609364,0.00213886,-0.05230073269922286,0.002138857962563634,-0.00172823,999,,,,,,,-1,,-1,,,,,,,,,,,,,,,,,,,,"Iverson Espinoza","sa3015528",691396
"Jackson Hornung","TOR",0,1,1,0,0,0,0,0,0,0,0,0,0,0,0,0,,0,0,0.209888,0.0721214,0.318819,0.226214,0.272495,0.31927,0.262732,0.591765,0.109381,4.08578,0.300094,,-0.000716158,0.0773004,-0.0408573,66.1339,-0.000716158,-0.0106943,-0.04063126485561952,-0.010694287717342377,-0.00172982,999,,,,,,,-1,,-1,,,,,,,,,,,,,,,,,,,,"Jackson Hornung","sa3022704",814408
"Alberto Barriga","ARI",0,1,1,0,0,0,0,0,0,0,0,0,0,0,0,0,,0,0,0.186694,0.0698701,0.32142,0.217379,0.25306,0.281167,0.24017,0.534227,0.0944734,4.34932,0.268717,,-0.000414186,0.0589821,-0.0591756,49.1252,-0.000414186,0.0104961,-0.06071131749195047,0.010496087372303009,-0.00173368,999,,,,,,,-1,,-1,,,,,,,,,,,,,,,,,,,,"Alberto Barriga","sa3018595",800569
"Heriberto Caraballo","STL",0,1,1,0,0,0,0,0,0,0,0,0,0,0,0,0,,0,0,0.194832,0.0676189,0.279264,0.242132,0.261229,0.291975,0.248359,0.553204,0.0971426,2.80535,0.258458,,-0.000945641,0.0656303,-0.0525274,57.8667,-0.000945641,0.000657342,-0.05088226753287017,0.0006573420250788331,-0.00173468,999,,,,,,,-1,,-1,,,,,,,,,,,,,,,,,,,,"Heriberto Caraballo","sa3021317",812430
"Hedbert Perez","TOR",0,1,1,0,0,0,0,0,0,0,0,0,0,0,0,0,,0,0,0.1971,0.0760614,0.328968,0.231212,0.260335,0.343062,0.265038,0.603397,0.145962,3.43897,0.266905,,-0.00150629,0.0791728,-0.038985,67.8996,-0.00150629,-0.0106943,-0.03955188812687993,-0.010694287717342377,-0.00173685,999,,,,,,,-1,,-1,,,,,,,,,,,,,,,,,,,,"Hedbert Perez","sa3014692",691616
"Jose Escobar","CHC",0,1,1,0,0,0,0,0,0,0,0,0,0,0,0,0,,0,0,0.213474,0.0646432,0.26941,0.239944,0.27484,0.322021,0.265173,0.596861,0.108548,3.29364,0.2781,,-0.00285956,0.0792819,-0.0388758,69.0294,-0.00285956,-0.0106943,-0.03956613223999739,-0.010694287717342377,-0.00173831,999,,,,,,,-1,,-1,,,,,,,,,,,,,,,,,,,,"Jose Escobar","sa3018629",803241
"Cortland Lawson","WSN",0,1,1,0,0,0,0,0,0,0,0,0,0,0,0,0,,0,0,0.207262,0.0624857,0.277426,0.225234,0.262574,0.280536,0.243546,0.54311,0.073274,3.55661,0.284815,,-0.0017784,0.0617232,-0.0564346,52.4423,-0.0017784,0.00784248,-0.05814415751956403,0.007842478342354298,-0.00174253,999,,,,,,,-1,,-1,,,,,,,,,,,,,,,,,,,,"Cortland Lawson","sa3020202",687751
"Tres Gonzalez","PIT",0,1,1,0,0,0,0,0,0,0,0,0,0,0,0,0,,0,0,0.224053,0.0852899,0.226239,0.376991,0.29989,0.293882,0.269413,0.593773,0.0698297,3.11066,0.289212,,-0.00199573,0.0827242,-0.0354335,68.2579,-0.00199573,-0.0106943,-0.03961664694361389,-0.010694287717342377,-0.00174348,999,,,,,,,-1,,-1,,,,,,,,,,,,,,,,,,,,"Tres Gonzalez","sa3020121",687206
"Yancel Guerrero","STL",0,1,1,0,0,0,0,0,0,0,0,0,0,0,0,0,,0,0,0.184617,0.0440514,0.351346,0.125379,0.241888,0.280625,0.233908,0.522513,0.0960082,6.14131,0.275394,,0.00349607,0.0538975,-0.0642602,47.9674,0.00349607,0.00784248,-0.05817338032647967,0.007842478342354298,-0.00174552,999,,,,,,,-1,,-1,,,,,,,,,,,,,,,,,,,,"Yancel Guerrero","sa3015774",699026
"Drew Compton","ATL",0,1,1,0,0,0,0,0,0,0,0,0,0,0,0,0,,0,0,0.223287,0.0773204,0.280487,0.275665,0.287969,0.33189,0.275301,0.619859,0.108603,2.25086,0.300208,,-0.0013735,0.0875049,-0.0306528,73.7042,-0.0013735,-0.0178238,-0.03253948350902647,-0.01782381348311901,-0.00174883,999,,,,,,,-1,,-1,,,,,,,,,,,,,,,,,,,,"Drew Compton","sa3022495",686541
"Devin Ortiz","CHC",0,1,1,0,0,0,0,0,0,0,0,0,0,0,0,0,,0,0,0.203041,0.0763043,0.249514,0.305811,0.270551,0.277655,0.248085,0.548206,0.0746148,2.80719,0.264196,,-0.00284593,0.0654084,-0.0527493,59.2702,-0.00284593,0.000712953,-0.05111917294561863,0.0007129529840312898,-0.00175322,999,,,,,,,-1,,-1,,,,,,,,,,,,,,,,,,,,"Devin Ortiz","sa3020345",668776
"Javier Rivas","PIT",0,1,1,0,0,0,0,0,0,0,0,0,0,0,0,0,,0,0,0.210175,0.0197304,0.305998,0.0644789,0.238741,0.324545,0.245319,0.563286,0.11437,2.60988,0.282692,,-0.00118456,0.0631621,-0.0549956,51.7528,-0.00118456,0.00784248,-0.05836753931362182,0.007842478342354298,-0.00176538,999,,,,,,,-1,,-1,,,,,,,,,,,,,,,,,,,,"Javier Rivas","sa3015589",691922
"Kalae Harrison",,0,1,1,0,0,0,0,0,0,0,0,0,0,0,0,0,,0,0,0.202879,0.066898,0.277001,0.241508,0.260665,0.2993,0.249496,0.559966,0.0964217,4.39211,0.269873,,0.00111105,0.0665538,-0.051604,54.6144,0.00111105,0.00213886,-0.05268027272541076,0.002138857962563634,-0.00176706,999,,,,,,,-1,,-1,,,,,,,,,,,,,,,,,,,,"Kalae Harrison","sa3023054",695013
"Joe Delossantos",,0,1,1,0,0,0,0,0,0,0,0,0,0,0,0,0,,0,0,0.193826,0.0889173,0.310544,0.286328,0.274349,0.29905,0.258474,0.573399,0.105224,5.46893,0.27258,,0.00170361,0.0738428,-0.0443149,63.7249,0.00170361,-0.0106943,-0.04105085274204612,-0.010694287717342377,-0.00177274,999,,,,,,,-1,,-1,,,,,,,,,,,,,,,,,,,,"Joe Delossantos","sa3025184",688671
"Albertson Asigen",,0,1,1,0,0,0,0,0,0,0,0,0,0,0,0,0,,0,0,0.197534,0.090307,0.319494,0.282657,0.281102,0.294725,0.260781,0.575827,0.0971909,5.34484,0.286126,,0.00143532,0.0757157,-0.042442,63.9285,0.00143532,-0.0106943,-0.0410790981259197,-0.010694287717342377,-0.00177563,999,,,,,,,-1,,-1,,,,,,,,,,,,,,,,,,,,"Albertson Asigen","sa3016639",692694
"Yael Romero","CIN",0,1,1,0,0,0,0,0,0,0,0,0,0,0,0,0,,0,0,0.204906,0.098504,0.290665,0.338892,0.295166,0.330781,0.28071,0.625947,0.125875,3.77065,0.275548,,-0.000832804,0.0918962,-0.0262615,73.0001,-0.000832804,-0.0178238,-0.032833230681717396,-0.01782381348311901,-0.00177889,999,,,,,,,-1,,-1,,,,,,,,,,,,,,,,,,,,"Yael Romero","sa3021062",806873
"Abraham Nunez","CHW",0,1,1,0,0,0,0,0,0,0,0,0,0,0,0,0,,0,0,0.206718,0.0527766,0.278174,0.189725,0.254741,0.302958,0.246818,0.557699,0.0962405,5.53603,0.275576,,-0.000102946,0.0643798,-0.0537779,54.3106,-0.000102946,0.00213886,-0.05395327229052782,0.002138857962563634,-0.00177983,999,,,,,,,-1,,-1,,,,,,,,,,,,,,,,,,,,"Abraham Nunez","sa3021156",808041
"Arxy Hernandez","CHW",0,1,1,0,0,0,0,0,0,0,0,0,0,0,0,0,,0,0,0.200876,0.0492029,0.297348,0.165473,0.248949,0.2961,0.241535,0.545049,0.0952243,3.32866,0.275593,,-0.00158292,0.0600898,-0.0580679,50.6707,-0.00158292,0.00784248,-0.05972325103357434,0.007842478342354298,-0.00178662,999,,,,,,,-1,,-1,,,,,,,,,,,,,,,,,,,,"Arxy Hernandez","sa3015693",694065
"Braylin Tavera","BAL",0,1,1,0,0,0,0,0,0,0,0,0,0,0,0,0,,0,0,0.187279,0.0820736,0.337441,0.243224,0.260235,0.286954,0.246417,0.547189,0.0996751,4.39271,0.273695,,-0.0018769,0.064054,-0.0541037,55.7357,-0.0018769,0.00213886,-0.05404754902701825,0.002138857962563634,-0.00178948,999,,,,,,,-1,,-1,,,,,,,,,,,,,,,,,,,,"Braylin Tavera","sa3018416",703178
"Jayson Bass","MIN",0,1,1,0,0,0,0,0,0,0,0,0,0,0,0,0,,0,0,0.211996,0.0623983,0.303019,0.205922,0.263319,0.323915,0.258737,0.587234,0.111919,4.5886,0.291166,,-0.000740925,0.0740568,-0.0441009,62.0203,-0.000740925,-0.00641657,-0.04550448642112315,-0.006416573189198971,-0.00179074,999,,,,,,,-1,,-1,,,,,,,,,,,,,,,,,,,,"Jayson Bass","sa3021323",814188
"Juan Baez","MIL",0,1,1,0,0,0,0,0,0,0,0,0,0,0,0,0,,0,0,0.216898,0.0532022,0.18509,0.287441,0.262164,0.302019,0.249884,0.564183,0.0851213,3.15468,0.257071,,-0.00261531,0.0668685,-0.0512893,57.5181,-0.00261531,0.00213886,-0.05296520865522325,0.002138857962563634,-0.00179621,999,,,,,,,-1,,-1,,,,,,,,,,,,,,,,,,,,"Juan Baez","sa3018525",800345
"Cristian Jauregui","PIT",0,1,1,0,0,0,0,0,0,0,0,0,0,0,0,0,,0,0,0.206833,0.0809632,0.277398,0.291866,0.281494,0.309684,0.26518,0.591178,0.102851,5.26027,0.279209,,0.000873807,0.0792875,-0.0388702,65.3583,0.000873807,-0.0106943,-0.04018379078479484,-0.010694287717342377,-0.0018015,999,,,,,,,-1,,-1,,,,,,,,,,,,,,,,,,,,"Cristian Jauregui","sa3021231",808286
"Marcelo Alcala","CHW",0,1,1,0,0,0,0,0,0,0,0,0,0,0,0,0,,0,0,0.182671,0.0619111,0.382799,0.161733,0.244037,0.304367,0.243323,0.548404,0.121696,5.94611,0.278585,,0.00250819,0.061542,-0.0566157,51.9028,0.00250819,0.00213886,-0.05417996784672141,0.002138857962563634,-0.00180303,999,,,,,,,-1,,-1,,,,,,,,,,,,,,,,,,,,"Marcelo Alcala","sa3021304",808708
"Juan Hernandez","DET",0,1,1,0,0,0,0,0,0,0,0,0,0,0,0,0,,0,0,0.204932,0.0551134,0.296825,0.185676,0.259767,0.299607,0.249169,0.559374,0.0946742,3.36246,0.280763,,-0.000846806,0.0662883,-0.0518694,55.9362,-0.000846806,0.000712953,-0.052781104284804314,0.0007129529840312898,-0.00180579,999,,,,,,,-1,,-1,,,,,,,,,,,,,,,,,,,,"Juan Hernandez","sa3021152",808037
"Junior Garcia","ATL",0,1,1,0,0,0,0,0,0,0,0,0,0,0,0,0,,0,0,0.198809,0.0685045,0.341572,0.200557,0.259422,0.301448,0.249903,0.56087,0.102639,3.7402,0.291665,,-0.0013503,0.0668838,-0.0512739,56.3055,-0.0013503,0.00213886,-0.0531373331323266,0.002138857962563634,-0.00181382,999,,,,,,,-1,,-1,,,,,,,,,,,,,,,,,,,,"Junior Garcia","sa3022283",815010
"Zach Evans","SDP",0,1,1,0,0,0,0,0,0,0,0,0,0,0,0,0,,0,0,0.210955,0.0509279,0.267476,0.190401,0.254611,0.298432,0.244823,0.553043,0.0874765,3.18823,0.27768,,-0.000808212,0.0627598,-0.0553979,57.0355,-0.000808212,0.000712953,-0.05173003254458308,0.0007129529840312898,-0.00181572,999,,,,,,,-1,,-1,,,,,,,,,,,,,,,,,,,,"Zach Evans","sa3066361",828473
"Guillermo Rosario","PHI",0,1,1,0,0,0,0,0,0,0,0,0,0,0,0,0,,0,0,0.184931,0.0611137,0.349477,0.174872,0.240747,0.290298,0.236128,0.531046,0.105368,2.92828,0.269473,,-0.00097481,0.0556999,-0.0624578,45.7296,-0.00097481,0.014259,-0.06529642449459061,0.01425904966890812,-0.0018178,999,,,,,,,-1,,-1,,,,,,,,,,,,,,,,,,,,"Guillermo Rosario","sa3021586",806518
"Donte Grant","SDP",0,1,1,0,0,0,0,0,0,0,0,0,0,0,0,0,,0,0,0.179449,0.0710469,0.328884,0.216024,0.262659,0.261366,0.240439,0.524026,0.081917,5.77779,0.26734,,0.00127823,0.0592004,-0.0589573,54.0323,0.00127823,0.00213886,-0.05320300115272403,0.002138857962563634,-0.00182054,999,,,,,,,-1,,-1,,,,,,,,,,,,,,,,,,,,"Donte Grant","sa3023057",815579
"Andy Polanco","SFG",0,1,1,0,0,0,0,0,0,0,0,0,0,0,0,0,,0,0,0.193512,0.0677706,0.32155,0.210762,0.253332,0.280032,0.239197,0.533364,0.0865202,5.61889,0.279146,,0.00387658,0.0581918,-0.0599659,51.836,0.00387658,0.00213886,-0.05320769269019365,0.002138857962563634,-0.00182102,999,,,,,,,-1,,-1,,,,,,,,,,,,,,,,,,,,"Andy Polanco","sa3067339",828489
"Sean Barnett","SDP",0,1,1,0,0,0,0,0,0,0,0,0,0,0,0,0,,0,0,0.184211,0.0705626,0.365158,0.193239,0.256892,0.29126,0.246543,0.548152,0.107049,3.08731,0.279447,,-0.00155222,0.0641565,-0.0540012,58.2139,-0.00155222,0,-0.05107734678313136,0,-0.00182189,999,,,,,,,-1,,-1,,,,,,,,,,,,,,,,,,,,"Sean Barnett","sa3025496",826141
"Demetrio Nadal","MIL",0,1,1,0,0,0,0,0,0,0,0,0,0,0,0,0,,0,0,0.197667,0.0852985,0.288178,0.295992,0.277315,0.306137,0.262497,0.583452,0.10847,4.48556,0.265356,,-0.000301393,0.0771093,-0.0410484,66.1586,-0.000301393,-0.0106943,-0.04041045418125577,-0.010694287717342377,-0.00182469,999,,,,,,,-1,,-1,,,,,,,,,,,,,,,,,,,,"Demetrio Nadal","sa3018919",702391
"Dexters Peralta","NYY",0,1,1,0,0,0,0,0,0,0,0,0,0,0,0,0,,0,0,0.186051,0.069421,0.344037,0.201783,0.24574,0.296241,0.241046,0.541981,0.11019,4.40595,0.267199,,0.000676041,0.0596932,-0.0584645,51.7196,0.000676041,0.00393692,-0.05622802936704829,0.003936924040317535,-0.0018286,999,,,,,,,-1,,-1,,,,,,,,,,,,,,,,,,,,"Dexters Peralta","sa3023745",820996
"Justin Janas",,0,1,1,0,0,0,0,0,0,0,0,0,0,0,0,0,,0,0,0.225038,0.0468682,0.227935,0.20562,0.284082,0.312461,0.266763,0.596543,0.0874224,2.8671,0.284351,,-0.00235408,0.0805726,-0.0375851,67.8551,-0.00235408,-0.0106943,-0.04045237833634019,-0.010694287717342377,-0.00182898,999,,,,,,,-1,,-1,,,,,,,,,,,,,,,,,,,,"Justin Janas","sa3019903",805332
"Johnathon Thomas","WSN",0,1,1,0,0,0,0,0,0,0,0,0,0,0,0,0,,0,0,0.20275,0.0430104,0.262944,0.163572,0.25638,0.281619,0.241067,0.537999,0.0788693,6.79624,0.270745,,0.00508999,0.05971,-0.0584477,50.7437,0.00508999,0.00213886,-0.053288896568119526,0.002138857962563634,-0.00182933,999,,,,,,,-1,,-1,,,,,,,,,,,,,,,,,,,,"Johnathon Thomas","sa3020349",684976
"Juan Corniel",,0,1,1,0,0,0,0,0,0,0,0,0,0,0,0,0,,0,0,0.206144,0.0497719,0.254745,0.19538,0.247678,0.283983,0.235577,0.53166,0.0778388,4.36616,0.271847,,-0.0042009,0.0552532,-0.0629046,45.979,-0.0042009,0.0170553,-0.06822699354961514,0.017055250704288483,-0.00183155,999,,,,,,,-1,,-1,,,,,,,,,,,,,,,,,,,,"Juan Corniel","sa3015169",691284
"Estarling Mercado","NYM",0,1,1,0,0,0,0,0,0,0,0,0,0,0,0,0,,0,0,0.200901,0.0827911,0.303741,0.272572,0.276616,0.327891,0.269192,0.604507,0.12699,3.2095,0.270682,,-0.00171587,0.0825447,-0.035613,73.2911,-0.00171587,-0.0178238,-0.03337141580414027,-0.01782381348311901,-0.00183395,999,,,,,,,-1,,-1,,,,,,,,,,,,,,,,,,,,"Estarling Mercado","sa3022191",807759
"Wilton Lara","HOU",0,1,1,0,0,0,0,0,0,0,0,0,0,0,0,0,,0,0,0.18865,0.0559261,0.379394,0.147409,0.242137,0.319188,0.247014,0.561325,0.130539,3.63858,0.279745,,-0.000377124,0.0645385,-0.0536192,55.2777,-0.000377124,0.000712953,-0.053087544947629794,0.0007129529840312898,-0.00183715,999,,,,,,,-1,,-1,,,,,,,,,,,,,,,,,,,,"Wilton Lara","sa3018604",801258
"Yeuni Munoz","TOR",0,1,1,0,0,0,0,0,0,0,0,0,0,0,0,0,,0,0,0.202392,0.0620666,0.351,0.176828,0.260745,0.334525,0.262008,0.595271,0.132133,4.048,0.294299,,-0.00119596,0.0767127,-0.041445,65.6353,-0.00119596,-0.0106943,-0.04169880202971399,-0.010694287717342377,-0.00183904,999,,,,,,,-1,,-1,,,,,,,,,,,,,,,,,,,,"Yeuni Munoz","sa3015795",699097
"Ramon Peralta",,0,1,1,0,0,0,0,0,0,0,0,0,0,0,0,0,,0,0,0.186304,0.0768024,0.353418,0.217313,0.257529,0.289156,0.24561,0.546685,0.102852,3.66555,0.28134,,-0.00150702,0.0633989,-0.0547588,56.2294,-0.00150702,0.00213886,-0.05338425165973604,0.002138857962563634,-0.00183908,999,,,,,,,-1,,-1,,,,,,,,,,,,,,,,,,,,"Ramon Peralta","sa3015752",698956
"Joseph Tailor","MIA",0,1,1,0,0,0,0,0,0,0,0,0,0,0,0,0,,0,0,0.196038,0.0671746,0.301474,0.22282,0.260967,0.292982,0.248295,0.553949,0.0969437,4.92724,0.271585,,0.000729127,0.0655786,-0.0525791,54.3341,0.000729127,0.00213886,-0.05339440889656544,0.002138857962563634,-0.00184012,999,,,,,,,-1,,-1,,,,,,,,,,,,,,,,,,,,"Joseph Tailor","sa3021285",808544
"German Ramirez","HOU",0,1,1,0,0,0,0,0,0,0,0,0,0,0,0,0,,0,0,0.195574,0.0506975,0.332173,0.152624,0.241733,0.301798,0.239593,0.54353,0.106224,4.27139,0.279909,,-0.00151696,0.0585138,-0.0596439,50.1661,-0.00151696,0.00784248,-0.06025206693448126,0.007842478342354298,-0.00184073,999,,,,,,,-1,,-1,,,,,,,,,,,,,,,,,,,,"German Ramirez","sa3021092",806993
"Johan Macias","LAA",0,1,1,0,0,0,0,0,0,0,0,0,0,0,0,0,,0,0,0.207395,0.0422487,0.244544,0.172765,0.249382,0.29973,0.242336,0.549112,0.0923347,4.5716,0.264741,,-0.00168181,0.0607402,-0.0574175,50.3016,-0.00168181,0.00784248,-0.060257171746343374,0.007842478342354298,-0.00184125,999,,,,,,,-1,,-1,,,,,,,,,,,,,,,,,,,,"Johan Macias","sa3016095",691571
"Edgar Alfonso","LAA",0,1,1,0,0,0,0,0,0,0,0,0,0,0,0,0,,0,0,0.199588,0.0616204,0.295287,0.208679,0.252923,0.291268,0.24217,0.544191,0.0916801,3.81961,0.274982,,-0.00155972,0.0606056,-0.0575521,50.1874,-0.00155972,0.00784248,-0.06026970827952027,0.007842478342354298,-0.00184253,999,,,,,,,-1,,-1,,,,,,,,,,,,,,,,,,,,"Edgar Alfonso","sa3015870",701660
"Jhonayker Ugarte","KCR",0,1,1,0,0,0,0,0,0,0,0,0,0,0,0,0,,0,0,0.187478,0.0842712,0.324667,0.259562,0.261161,0.281771,0.245155,0.542931,0.0942926,2.9711,0.269757,,-0.00183506,0.0630294,-0.0551283,50.4053,-0.00183506,0.00784248,-0.0602882452076301,0.007842478342354298,-0.00184443,999,,,,,,,-1,,-1,,,,,,,,,,,,,,,,,,,,"Jhonayker Ugarte","sa3024361",821716
"Blake Wright","COL",0,1,1,0,0,0,0,0,0,0,0,0,0,0,0,0,,0,0,0.235035,0.045892,0.215608,0.212849,0.274424,0.344465,0.270857,0.618889,0.10943,3.53537,0.285588,,-0.00162896,0.0838967,-0.034261,57.4779,-0.00162896,0.000712953,-0.05202646413818002,0.0007129529840312898,-0.00184605,999,,,,,,,-1,,-1,,,,,,,,,,,,,,,,,,,,"Blake Wright","sa3025525",694543
"Garrett Spain","MIN",0,1,1,0,0,0,0,0,0,0,0,0,0,0,0,0,,0,0,0.202647,0.065081,0.303993,0.214087,0.261252,0.339857,0.263974,0.60111,0.137211,4.66286,0.270402,,-0.00175416,0.0783086,-0.0398491,67.1705,-0.00175416,-0.0106943,-0.040663886233232915,-0.010694287717342377,-0.00185062,999,,,,,,,-1,,-1,,,,,,,,,,,,,,,,,,,,"Garrett Spain","sa3017174",696521
"Troy Schreffler Jr.",,0,1,1,0,0,0,0,0,0,0,0,0,0,0,0,0,,0,0,0.200607,0.0620675,0.328009,0.189225,0.257311,0.321871,0.255512,0.579182,0.121264,6.44844,0.282536,,0.00207812,0.0714382,-0.0467195,63.9202,0.00207812,-0.0106943,-0.04068394098430872,-0.010694287717342377,-0.00185267,999,,,,,,,-1,,-1,,,,,,,,,,,,,,,,,,,,"Troy Schreffler Jr.","sa3019921",687285
"Alexander Martinez",,0,1,1,0,0,0,0,0,0,0,0,0,0,0,0,0,,0,0,0.193839,0.0574586,0.293885,0.195514,0.243424,0.282001,0.233863,0.525425,0.0881618,2.95364,0.263994,,-0.000851576,0.0538612,-0.0642965,45.3179,-0.000851576,0.014259,-0.0656612113234587,0.01425904966890812,-0.00185512,999,,,,,,,-1,,-1,,,,,,,,,,,,,,,,,,,,"Alexander Martinez","sa3018517",800329
"Bennett Lee","DET",0,1,1,0,0,0,0,0,0,0,0,0,0,0,0,0,,0,0,0.166445,0.087706,0.362326,0.242064,0.250033,0.256863,0.232166,0.506896,0.0904179,2.29735,0.254974,,-0.00109341,0.0524833,-0.0656744,44.2234,-0.00109341,0.014259,-0.06683266744948924,0.01425904966890812,-0.00185751,999,,,,,,,-1,,-1,,,,,,,,,,,,,,,,,,,,"Bennett Lee","sa3022679",700939
"Kade Kern",,0,1,1,0,0,0,0,0,0,0,0,0,0,0,0,0,,0,0,0.196771,0.0663134,0.320456,0.206935,0.25573,0.302905,0.248391,0.558635,0.106134,4.8842,0.276437,,-0.000570897,0.0656562,-0.0525015,55.2697,-0.000570897,0.00213886,-0.05358551803510636,0.002138857962563634,-0.00185967,999,,,,,,,-1,,-1,,,,,,,,,,,,,,,,,,,,"Kade Kern","sa3022508",807746
"Angel Ortiz","ARI",0,1,1,0,0,0,0,0,0,0,0,0,0,0,0,0,,0,0,0.223423,0.0584125,0.244367,0.239036,0.27005,0.340531,0.2674,0.610582,0.117108,3.63403,0.282549,,-0.00262863,0.0810899,-0.0370678,67.7783,-0.00262863,-0.0106943,-0.04081798950210214,-0.010694287717342377,-0.00186639,999,,,,,,,-1,,-1,,,,,,,,,,,,,,,,,,,,"Angel Ortiz","sa3015171",691292
"Giullianno Allende",,0,1,1,0,0,0,0,0,0,0,0,0,0,0,0,0,,0,0,0.196303,0.0712662,0.302638,0.235483,0.260874,0.291026,0.247306,0.5519,0.0947234,5.42678,0.274189,,0.00190203,0.0647758,-0.0533819,51.887,0.00190203,0.00213886,-0.05480473174247891,0.002138857962563634,-0.00186695,999,,,,,,,-1,,-1,,,,,,,,,,,,,,,,,,,,"Giullianno Allende","sa3020576",805125
"Cristian Gonzalez",,0,1,1,0,0,0,0,0,0,0,0,0,0,0,0,0,,0,0,0.203891,0.0446221,0.295856,0.150824,0.240787,0.304041,0.239142,0.544828,0.10015,2.50393,0.274801,,-0.00142586,0.0581473,-0.0600104,49.8551,-0.00142586,0.00784248,-0.0605274218833074,0.007842478342354298,-0.0018689,999,,,,,,,-1,,-1,,,,,,,,,,,,,,,,,,,,"Cristian Gonzalez","sa3008771",682685
"Diego Omana","CIN",0,1,1,0,0,0,0,0,0,0,0,0,0,0,0,0,,0,0,0.194995,0.064859,0.313701,0.206754,0.250947,0.289181,0.240861,0.540128,0.0941857,2.18474,0.273619,,-0.00145634,0.0595427,-0.058615,45.7023,-0.00145634,0.014259,-0.06581032881513238,0.01425904966890812,-0.00187038,999,,,,,,,-1,,-1,,,,,,,,,,,,,,,,,,,,"Diego Omana","sa3016824",699111
"Carson Rucker","DET",0,1,1,0,0,0,0,0,0,0,0,0,0,0,0,0,,0,0,0.209742,0.038814,0.305435,0.127078,0.25106,0.305369,0.245238,0.556429,0.0956264,4.085,0.294272,,-0.00152322,0.0630966,-0.0550611,53.2283,-0.00152322,0.00393692,-0.05664916301611811,0.003936924040317535,-0.00187169,999,,,,,,,-1,,-1,,,,,,,,,,,,,,,,,,,,"Carson Rucker","sa3022926",813620
"Branny De Oleo","NYM",0,1,1,0,0,0,0,0,0,0,0,0,0,0,0,0,,0,0,0.19169,0.0570314,0.292854,0.194743,0.242853,0.287633,0.235615,0.530486,0.0959426,5.53844,0.259679,,-0.000518226,0.0552834,-0.0628743,50.2898,-0.000518226,0.00784248,-0.059435119095724076,0.007842478342354298,-0.00187461,999,,,,,,,-1,,-1,,,,,,,,,,,,,,,,,,,,"Branny De Oleo","sa3021160",808067
"Jakob Christian","SFG",0,1,1,0,0,0,0,0,0,0,0,0,0,0,0,0,,0,0,0.202564,0.0593552,0.340606,0.174264,0.259811,0.326639,0.258824,0.586451,0.124076,3.99229,0.290726,,0.000236588,0.0741276,-0.0440301,65.2816,0.000236588,-0.0106943,-0.04091193339263555,-0.010694287717342377,-0.001876,999,,,,,,,-1,,-1,,,,,,,,,,,,,,,,,,,,"Jakob Christian","sa3025603",814451
"Trevor Werner","KCR",0,1,1,0,0,0,0,0,0,0,0,0,0,0,0,0,,0,0,0.191223,0.0704201,0.344303,0.20453,0.250548,0.31737,0.250409,0.567918,0.126146,6.38012,0.276252,,0.000711078,0.0672946,-0.0508631,54.0242,0.000711078,0.000712953,-0.05347681912826374,0.0007129529840312898,-0.00187697,999,,,,,,,-1,,-1,,,,,,,,,,,,,,,,,,,,"Trevor Werner","sa3022592",687731
"Wilber Sanchez","CHW",0,1,1,0,0,0,0,0,0,0,0,0,0,0,0,0,,0,0,0.189834,0.0703211,0.293829,0.239327,0.250561,0.276974,0.236808,0.527534,0.0871395,4.628,0.259713,,0.00135415,0.056252,-0.0619057,47.4145,0.00135415,0.00784248,-0.06062399223446846,0.007842478342354298,-0.00187878,999,,,,,,,-1,,-1,,,,,,,,,,,,,,,,,,,,"Wilber Sanchez","sa3008941",684712
"Yordys Valdes",,0,1,1,0,0,0,0,0,0,0,0,0,0,0,0,0,,0,0,0.200157,0.0501469,0.308987,0.162294,0.243594,0.289259,0.235772,0.532853,0.0891026,4.93561,0.281365,,0.000442491,0.0554113,-0.0627464,48.1429,0.000442491,0.00784248,-0.06067709863418713,0.007842478342354298,-0.00188421,999,,,,,,,-1,,-1,,,,,,,,,,,,,,,,,,,,"Yordys Valdes","sa3010037",686798
"Yahil Melendez","CHC",0,1,1,0,0,0,0,0,0,0,0,0,0,0,0,0,,0,0,0.185082,0.0790149,0.374114,0.211205,0.263077,0.287477,0.248682,0.550554,0.102394,4.04196,0.291443,,-0.00229375,0.0658931,-0.0522646,57.7328,-0.00229375,0.000657342,-0.05238912720233202,0.0006573420250788331,-0.00188885,999,,,,,,,-1,,-1,,,,,,,,,,,,,,,,,,,,"Yahil Melendez","sa3022692",806161
"Carter Young","BAL",0,1,1,0,0,0,0,0,0,0,0,0,0,0,0,0,,0,0,0.196697,0.0590631,0.325335,0.181545,0.246667,0.28847,0.237613,0.535136,0.0917727,4.2421,0.28407,,-0.00143149,0.0569062,-0.0612515,49.6712,-0.00143149,0.00784248,-0.060749882366508245,0.007842478342354298,-0.00189166,999,,,,,,,-1,,-1,,,,,,,,,,,,,,,,,,,,"Carter Young","sa3020534",677356
"Emil Turbi",,0,1,1,0,0,0,0,0,0,0,0,0,0,0,0,0,,0,0,0.185478,0.0624857,0.373346,0.167367,0.244066,0.284221,0.235988,0.528286,0.0987427,3.53533,0.285842,,-0.00151302,0.0555862,-0.0625715,50.9829,-0.00151302,0.00784248,-0.05960844224318862,0.007842478342354298,-0.00189234,999,,,,,,,-1,,-1,,,,,,,,,,,,,,,,,,,,"Emil Turbi","sa3021836",807972
"Jeremiah Jenkins","SFG",0,1,1,0,0,0,0,0,0,0,0,0,0,0,0,0,,0,0,0.21304,0.0691864,0.26226,0.263808,0.275242,0.333527,0.269118,0.608769,0.120487,3.81895,0.274248,,-0.00116503,0.0824847,-0.035673,72.3328,-0.00116503,-0.0178238,-0.03395641187671572,-0.01782381348311901,-0.0018938,999,,,,,,,-1,,-1,,,,,,,,,,,,,,,,,,,,"Jeremiah Jenkins","sa3025550",815877
"Yosander Asencio",,0,1,1,0,0,0,0,0,0,0,0,0,0,0,0,0,,0,0,0.181368,0.102063,0.396852,0.257183,0.26512,0.296319,0.252739,0.561439,0.114951,3.54359,0.294823,,-0.00142873,0.0691868,-0.0489709,54.4502,-0.00142873,0.00213886,-0.05511448299512267,0.002138857962563634,-0.00189864,999,,,,,,,-1,,-1,,,,,,,,,,,,,,,,,,,,"Yosander Asencio","sa3018456",800155
"Yandro Hernandez","MIN",0,1,1,0,0,0,0,0,0,0,0,0,0,0,0,0,,0,0,0.197122,0.0903328,0.311283,0.290195,0.277331,0.30536,0.262138,0.582691,0.108238,3.99083,0.27684,,-0.000319575,0.0768178,-0.0413399,64.3629,-0.000319575,-0.0106943,-0.042322092718677595,-0.010694287717342377,-0.00190281,999,,,,,,,-1,,-1,,,,,,,,,,,,,,,,,,,,"Yandro Hernandez","sa3023989",824771
"Colin Davis","SEA",0,1,1,0,0,0,0,0,0,0,0,0,0,0,0,0,,0,0,0.193755,0.0660443,0.30225,0.218509,0.255438,0.310576,0.251341,0.566014,0.116821,3.99451,0.259782,,-0.000174957,0.068052,-0.0501057,64.2149,-0.000174957,-0.0106943,-0.0423518327443162,-0.010694287717342377,-0.00190585,999,,,,,,,-1,,-1,,,,,,,,,,,,,,,,,,,,"Colin Davis","sa3016806",695342
"Eduardo Lopez",,0,1,1,0,0,0,0,0,0,0,0,0,0,0,0,0,,0,0,0.205613,0.0813228,0.285146,0.285198,0.273093,0.326164,0.265819,0.599257,0.120551,3.8197,0.272318,,-0.00101307,0.0798065,-0.0383512,66.0692,-0.00101307,-0.0106943,-0.04122807888779789,-0.010694287717342377,-0.00190835,999,,,,,,,-1,,-1,,,,,,,,,,,,,,,,,,,,"Eduardo Lopez","sa3009275",682637
"Jorgelys Mota","WSN",0,1,1,0,0,0,0,0,0,0,0,0,0,0,0,0,,0,0,0.200907,0.0380307,0.353434,0.107603,0.241056,0.306596,0.240621,0.547652,0.105689,5.61271,0.297965,,-0.000414378,0.0593482,-0.0588096,50.4384,-0.000414378,0.0072165,-0.059155139519134536,0.007216504774987698,-0.00191001,999,,,,,,,-1,,-1,,,,,,,,,,,,,,,,,,,,"Jorgelys Mota","sa3019465",800195
"Luis Arias","WSN",0,1,1,0,0,0,0,0,0,0,0,0,0,0,0,0,,0,0,0.206244,0.0607746,0.284906,0.213315,0.25759,0.304529,0.249182,0.562119,0.0982844,3.04595,0.276287,,-0.000901602,0.0662988,-0.0518589,56.3029,-0.000901602,0.000712953,-0.05269172030966729,0.0007129529840312898,-0.00191412,999,,,,,,,-1,,-1,,,,,,,,,,,,,,,,,,,,"Luis Arias","sa3023259",811323
"Matt Coutney","LAA",0,1,1,0,0,0,0,0,0,0,0,0,0,0,0,0,,0,0,0.206938,0.0744426,0.327646,0.227204,0.273336,0.345545,0.272916,0.618881,0.138607,2.46192,0.285965,,-0.00156361,0.0855686,-0.0325891,71.3673,-0.00156361,-0.0178238,-0.03531058377120644,-0.01782381348311901,-0.00191488,999,,,,,,,-1,,-1,,,,,,,,,,,,,,,,,,,,"Matt Coutney","sa3020413",671925
"Coby Morales","NYY",0,1,1,0,0,0,0,0,0,0,0,0,0,0,0,0,,0,0,0.203999,0.0718809,0.313715,0.229128,0.26637,0.300461,0.253194,0.566831,0.096462,4.44191,0.289445,,0.000232451,0.0695559,-0.0486018,60.0877,0.000232451,-0.00641657,-0.046808864310150966,-0.006416573189198971,-0.0019242,999,,,,,,,-1,,-1,,,,,,,,,,,,,,,,,,,,"Coby Morales","sa3022829",815089
"Cesar Quintas","SEA",0,1,1,0,0,0,0,0,0,0,0,0,0,0,0,0,,0,0,0.197828,0.0465055,0.291132,0.15974,0.263633,0.304959,0.254582,0.568592,0.107132,3.33111,0.2666,,-0.0029929,0.0706828,-0.0474749,66.447,-0.0029929,-0.0106943,-0.04253897303715348,-0.010694287717342377,-0.001925,999,,,,,,,-1,,-1,,,,,,,,,,,,,,,,,,,,"Cesar Quintas","sa3016109",692364
"Jean Walters","ARI",0,1,1,0,0,0,0,0,0,0,0,0,0,0,0,0,,0,0,0.217826,0.0534404,0.241349,0.221423,0.259574,0.310444,0.250865,0.570018,0.0926179,3.89079,0.279995,,-0.00261864,0.0676654,-0.0504923,56.4517,-0.00261864,0.00213886,-0.05423244019038975,0.002138857962563634,-0.00192586,999,,,,,,,-1,,-1,,,,,,,,,,,,,,,,,,,,"Jean Walters","sa3015236",695078
"Drew Ehrhard","BOS",0,1,1,0,0,0,0,0,0,0,0,0,0,0,0,0,,0,0,0.225607,0.0639909,0.246397,0.259706,0.284015,0.343866,0.277035,0.627881,0.118259,3.8465,0.285256,,-0.0015261,0.0889124,-0.0292453,71.1864,-0.0015261,-0.0178238,-0.03548624215181917,-0.01782381348311901,-0.00193286,999,,,,,,,-1,,-1,,,,,,,,,,,,,,,,,,,,"Drew Ehrhard","sa3022748",679602
"Waner Luciano","HOU",0,1,1,0,0,0,0,0,0,0,0,0,0,0,0,0,,0,0,0.194373,0.0591424,0.270434,0.218694,0.251333,0.304759,0.246902,0.556092,0.110386,3.02362,0.248271,,-0.00124364,0.064448,-0.0537097,55.201,-0.00124364,0.000712953,-0.05404454004019499,0.0007129529840312898,-0.00193506,999,,,,,,,-1,,-1,,,,,,,,,,,,,,,,,,,,"Waner Luciano","sa3018501",800294
"JP Smith II","MIN",0,1,1,0,0,0,0,0,0,0,0,0,0,0,0,0,,0,0,0.217143,0.0646185,0.285857,0.226051,0.273533,0.342634,0.271112,0.616167,0.12549,3.70327,0.286335,,-0.000839424,0.0841041,-0.0340536,70.5449,-0.000839424,-0.0178238,-0.035555646813008934,-0.01782381348311901,-0.00193996,999,,,,,,,-1,,-1,,,,,,,,,,,,,,,,,,,,"JP Smith II","sa3042582",823770
"Javier Herrera","LAD",0,1,1,0,0,0,0,0,0,0,0,0,0,0,0,0,,0,0,0.207841,0.0783195,0.271727,0.288229,0.276242,0.31023,0.262178,0.586473,0.10239,4.18248,0.275168,,-0.000895561,0.0768507,-0.041307,65.6949,-0.000895561,-0.0106943,-0.04155416146386415,-0.010694287717342377,-0.00194171,999,,,,,,,-1,,-1,,,,,,,,,,,,,,,,,,,,"Javier Herrera","sa3021203",808223
"Anthony DePino","CHW",0,1,1,0,0,0,0,0,0,0,0,0,0,0,0,0,,0,0,0.204097,0.0893567,0.278905,0.320385,0.283651,0.311707,0.267547,0.595358,0.10761,4.46178,0.271341,,0.00143949,0.0812098,-0.0369479,68.59,0.00143949,-0.0178238,-0.035580822732299566,-0.01782381348311901,-0.00194253,999,,,,,,,-1,,-1,,,,,,,,,,,,,,,,,,,,"Anthony DePino","sa3030172",834962
"Tyler Baca",,0,1,1,0,0,0,0,0,0,0,0,0,0,0,0,0,,0,0,0.207755,0.0809542,0.268792,0.301178,0.280122,0.305255,0.262828,0.585377,0.0974997,3.46959,0.275624,,-0.000880818,0.0773781,-0.0407796,65.6509,-0.000880818,-0.0106943,-0.04159158747643232,-0.010694287717342377,-0.00194554,999,,,,,,,-1,,-1,,,,,,,,,,,,,,,,,,,,"Tyler Baca","sa3020347",681427
"Cherif Neymour",,0,1,1,0,0,0,0,0,0,0,0,0,0,0,0,0,,0,0,0.191046,0.0662617,0.336349,0.197003,0.249201,0.281574,0.237283,0.530775,0.0905283,6.16825,0.282777,,0.00290723,0.0566378,-0.0615199,46.7905,0.00290723,0.00784248,-0.060157082276418805,0.007842478342354298,-0.00194848,999,,,,,,,-1,,-1,,,,,,,,,,,,,,,,,,,,"Cherif Neymour","sa3018596",800578
"Enyervert Perez","ARI",0,1,1,0,0,0,0,0,0,0,0,0,0,0,0,0,,0,0,0.201423,0.0577239,0.317863,0.1816,0.258104,0.307245,0.251176,0.565349,0.105822,2.06254,0.282861,,-0.00166688,0.0679177,-0.05024,56.6645,-0.00166688,0.000712953,-0.053028441267088056,0.0007129529840312898,-0.00194857,999,,,,,,,-1,,-1,,,,,,,,,,,,,,,,,,,,"Enyervert Perez","sa3022379",808381
"Jose Sanabria",,0,1,1,0,0,0,0,0,0,0,0,0,0,0,0,0,,0,0,0.19392,0.0697311,0.306051,0.227841,0.250859,0.274134,0.235384,0.524994,0.0802146,3.63903,0.27411,,-0.00164672,0.0550965,-0.0630612,50.5697,-0.00164672,0.00784248,-0.06023184536024928,0.007842478342354298,-0.00195613,999,,,,,,,-1,,-1,,,,,,,,,,,,,,,,,,,,"Jose Sanabria","sa3015595",692027
"Jack Costello","SDP",0,1,1,0,0,0,0,0,0,0,0,0,0,0,0,0,,0,0,0.206809,0.0423486,0.240647,0.175978,0.257604,0.324587,0.256926,0.582191,0.117778,2.90386,0.25075,,-0.00063675,0.072586,-0.0455717,65.3262,-0.00063675,-0.0106943,-0.041732386918738484,-0.010694287717342377,-0.00195994,999,,,,,,,-1,,-1,,,,,,,,,,,,,,,,,,,,"Jack Costello","sa3025242",694320
"Nazzan Zanetello","BOS",0,1,1,0,0,0,0,0,0,0,0,0,0,0,0,0,,0,0,0.172142,0.0918513,0.397892,0.230845,0.257812,0.277,0.243088,0.534813,0.104858,4.14884,0.281196,,0.0000475224,0.0613512,-0.0568065,47.802,0.0000475224,0.00784248,-0.06147385505028069,0.007842478342354298,-0.00196573,999,,,,,,,-1,,-1,,,,,,,,,,,,,,,,,,,,"Nazzan Zanetello","sa3022893",805801
"Angel Tejada",,0,1,1,0,0,0,0,0,0,0,0,0,0,0,0,0,,0,0,0.216841,0.0342208,0.259787,0.131727,0.252736,0.332005,0.2554,0.584741,0.115164,5.24027,0.275288,,-0.00233797,0.0713476,-0.0468101,61.924,-0.00233797,-0.00641657,-0.047215023543685675,-0.006416573189198971,-0.00196575,999,,,,,,,-1,,-1,,,,,,,,,,,,,,,,,,,,"Angel Tejada","sa3015744",698941
"J.D. Gonzalez","TBR",0,1,1,0,0,0,0,0,0,0,0,0,0,0,0,0,,0,0,0.185462,0.0638086,0.334886,0.190538,0.241397,0.276668,0.231612,0.518065,0.0912058,2.63894,0.26849,,-0.000961833,0.0520336,-0.0661241,43.2103,-0.000961833,0.014259,-0.06789507705252618,0.01425904966890812,-0.00196621,999,,,,,,,-1,,-1,,,,,,,,,,,,,,,,,,,,"J.D. Gonzalez","sa3023546",806083
"Simon Juan","NYM",0,1,1,0,0,0,0,0,0,0,0,0,0,0,0,0,,0,0,0.200606,0.0399684,0.345407,0.115714,0.235154,0.319639,0.241683,0.554794,0.119033,4.65217,0.286238,,-0.000662146,0.0602106,-0.0579471,54.447,-0.000662146,0.00213886,-0.05465186556102708,0.002138857962563634,-0.00196878,999,,,,,,,-1,,-1,,,,,,,,,,,,,,,,,,,,"Simon Juan","sa3018412",703159
"Yhoswar Garcia",,0,1,1,0,0,0,0,0,0,0,0,0,0,0,0,0,,0,0,0.205198,0.0471202,0.248373,0.189715,0.245701,0.284313,0.234709,0.530014,0.0791146,6.82622,0.266121,,0.00792635,0.0545483,-0.0636094,47.1231,0.00792635,0.00213886,-0.054743687622249126,0.002138857962563634,-0.00197817,999,,,,,,,-1,,-1,,,,,,,,,,,,,,,,,,,,"Yhoswar Garcia","sa3015117",694070
"Jheremy Vargas","MIL",0,1,1,0,0,0,0,0,0,0,0,0,0,0,0,0,,0,0,0.200411,0.0764833,0.250685,0.305097,0.266618,0.280054,0.246638,0.546672,0.0796426,3.94291,0.260724,,-0.00180145,0.0642333,-0.0539244,55.2947,-0.00180145,0.00213886,-0.05478651390876621,0.002138857962563634,-0.00198255,999,,,,,,,-1,,-1,,,,,,,,,,,,,,,,,,,,"Jheremy Vargas","sa3015353",691621
"Yiddi Cappe","MIA",0,1,1,0,0,0,0,0,0,0,0,0,0,0,0,0,,0,0,0.222633,0.0421593,0.25455,0.165623,0.25577,0.326016,0.254281,0.581786,0.103383,4.53981,0.283118,,-0.00076463,0.0704389,-0.0477188,58.4349,-0.00076463,-0.00262224,-0.05002788355341181,-0.0026222390588372946,-0.0019828,999,,,,,,,-1,,-1,,,,,,,,,,,,,,,,,,,,"Yiddi Cappe","sa3015515",691268
"Willy Montero","NYY",0,1,1,0,0,0,0,0,0,0,0,0,0,0,0,0,,0,0,0.213614,0.0419024,0.276534,0.151527,0.247138,0.310044,0.244095,0.557182,0.0964303,3.2774,0.282373,,-0.00152737,0.0621688,-0.0559889,53.8201,-0.00152737,0.00213886,-0.055955797084607184,0.002138857962563634,-0.00198472,999,,,,,,,-1,,-1,,,,,,,,,,,,,,,,,,,,"Willy Montero","sa3015869",701206
"Brady Day","PHI",0,1,1,0,0,0,0,0,0,0,0,0,0,0,0,0,,0,0,0.210612,0.0671482,0.234177,0.286741,0.265832,0.299598,0.251813,0.56543,0.0889865,3.35691,0.26612,,-0.00179708,0.0684346,-0.0497231,56.4744,-0.00179708,0.000712953,-0.053383960272185504,0.0007129529840312898,-0.00198494,999,,,,,,,-1,,-1,,,,,,,,,,,,,,,,,,,,"Brady Day","sa3025200",800953
"Juan Mateo","ATL",0,1,1,0,0,0,0,0,0,0,0,0,0,0,0,0,,0,0,0.217481,0.053668,0.280138,0.191577,0.259224,0.308562,0.250453,0.567786,0.0910811,3.03825,0.291716,,-0.00200068,0.0673309,-0.0508268,56.6827,-0.00200068,0.000657342,-0.05334063759073615,0.0006573420250788331,-0.0019862,999,,,,,,,-1,,-1,,,,,,,,,,,,,,,,,,,,"Juan Mateo","sa3024340",821379
"Jack Rogers","WSN",0,1,1,0,0,0,0,0,0,0,0,0,0,0,0,0,,0,0,0.213138,0.0694607,0.341621,0.203327,0.272074,0.34443,0.270885,0.616504,0.131292,4.24071,0.310191,,-0.00201714,0.0839195,-0.0342382,66.2699,-0.00201714,-0.0106943,-0.041994330706074834,-0.010694287717342377,-0.00198674,999,,,,,,,-1,,-1,,,,,,,,,,,,,,,,,,,,"Jack Rogers","sa3017017",679788
"Wes Kath","CHW",0,1,1,0,0,0,0,0,0,0,0,0,0,0,0,0,,0,0,0.189552,0.064546,0.375596,0.17185,0.250473,0.30744,0.247685,0.557913,0.117888,2.70303,0.28731,,-0.00144942,0.0650837,-0.053074,54.9078,-0.00144942,0.000712953,-0.05459582817275077,0.0007129529840312898,-0.00199146,999,,,,,,,-1,,-1,,,,,,,,,,,,,,,,,,,,"Wes Kath","sa3017172",695770
"Zach Kokoska","COL",0,1,1,0,0,0,0,0,0,0,0,0,0,0,0,0,,0,0,0.205135,0.0700494,0.318692,0.219803,0.27495,0.360023,0.279196,0.634972,0.154887,5.17459,0.274415,,0.00141468,0.0906671,-0.0274906,63.1902,0.00141468,-0.0106943,-0.04221250128466636,-0.010694287717342377,-0.00200906,999,,,,,,,-1,,-1,,,,,,,,,,,,,,,,,,,,"Zach Kokoska","sa3017165",694808
"Kevin Bruggeman","LAA",0,1,1,0,0,0,0,0,0,0,0,0,0,0,0,0,,0,0,0.200926,0.0942082,0.274329,0.343413,0.287923,0.313097,0.270585,0.60102,0.112172,5.31949,0.26792,,-0.000594907,0.0836762,-0.0344815,69.7617,-0.000594907,-0.0178238,-0.03623426769627258,-0.01782381348311901,-0.00200939,999,,,,,,,-1,,-1,,,,,,,,,,,,,,,,,,,,"Kevin Bruggeman","sa3023073",815755
"Eric Rataczak","MIA",0,1,1,0,0,0,0,0,0,0,0,0,0,0,0,0,,0,0,0.201634,0.0879792,0.320037,0.274903,0.278513,0.310055,0.263959,0.588568,0.108421,4.28122,0.287908,,-0.00093296,0.0782963,-0.0398614,65.0645,-0.00093296,-0.0106943,-0.0423388016060926,-0.010694287717342377,-0.00202199,999,,,,,,,-1,,-1,,,,,,,,,,,,,,,,,,,,"Eric Rataczak","sa3025336",827388
"Anthony Sherwin","HOU",0,1,1,0,0,0,0,0,0,0,0,0,0,0,0,0,,0,0,0.177444,0.0968105,0.386718,0.250339,0.262971,0.276125,0.245371,0.539096,0.0986807,3.0057,0.284757,,-0.00228891,0.063205,-0.0549527,54.1463,-0.00228891,0.00213886,-0.0563328533899039,0.002138857962563634,-0.00202329,999,,,,,,,-1,,-1,,,,,,,,,,,,,,,,,,,,"Anthony Sherwin","sa3022575",815448
"Peyton Williams","TOR",0,1,1,0,0,0,0,0,0,0,0,0,0,0,0,0,,0,0,0.209782,0.0717037,0.302795,0.236806,0.270516,0.339093,0.268746,0.60961,0.129311,2.20669,0.280455,,-0.00137358,0.0821832,-0.0359745,70.2768,-0.00137358,-0.0178238,-0.03640585555694997,-0.01782381348311901,-0.00202694,999,,,,,,,-1,,-1,,,,,,,,,,,,,,,,,,,,"Peyton Williams","sa3020099",805268
"Jordan Nwogu","CHC",0,1,1,0,0,0,0,0,0,0,0,0,0,0,0,0,,0,0,0.20617,0.0573382,0.306803,0.186889,0.264299,0.315627,0.257302,0.579926,0.109457,5.63413,0.284332,,0.000664646,0.0728912,-0.0452665,63.6373,0.000664646,-0.0106943,-0.0424326864304021,-0.010694287717342377,-0.00203159,999,,,,,,,-1,,-1,,,,,,,,,,,,,,,,,,,,"Jordan Nwogu","sa3014530",685087
"Luke Gold",,0,1,1,0,0,0,0,0,0,0,0,0,0,0,0,0,,0,0,0.204475,0.0469209,0.292086,0.160641,0.258251,0.334609,0.260817,0.59286,0.130134,3.46576,0.267198,,-0.00113133,0.0757451,-0.0424127,63.9599,-0.00113133,-0.0106943,-0.04360884125344455,-0.010694287717342377,-0.00203446,999,,,,,,,-1,,-1,,,,,,,,,,,,,,,,,,,,"Luke Gold","sa3019986",688780
"Abdias De La Cruz","ARI",0,1,1,0,0,0,0,0,0,0,0,0,0,0,0,0,,0,0,0.195453,0.0695489,0.304,0.228779,0.254164,0.28506,0.240911,0.539224,0.0896067,4.48356,0.276993,,-0.000699524,0.0595832,-0.0585745,49.6324,-0.000699524,0.0072165,-0.06039558001793921,0.007216504774987698,-0.00203692,999,,,,,,,-1,,-1,,,,,,,,,,,,,,,,,,,,"Abdias De La Cruz","sa3019401",703192
"Jeremy Rodriguez","NYM",0,1,1,0,0,0,0,0,0,0,0,0,0,0,0,0,,0,0,0.198977,0.0661933,0.265573,0.249247,0.253167,0.279265,0.238139,0.532432,0.0802883,4.79856,0.263091,,-0.000286257,0.0573332,-0.0608245,52.0193,-0.000286257,0.00393692,-0.0571533385082148,0.003936924040317535,-0.00204074,999,,,,,,,-1,,-1,,,,,,,,,,,,,,,,,,,,"Jeremy Rodriguez","sa3021101",807007
"Rashawn Pinder","TEX",0,1,1,0,0,0,0,0,0,0,0,0,0,0,0,0,,0,0,0.194072,0.0560296,0.337255,0.166134,0.247047,0.30017,0.242385,0.547217,0.106098,5.04474,0.281215,,-0.00104433,0.0607799,-0.0573778,52.9188,-0.00104433,0.00213886,-0.05653497076127678,0.002138857962563634,-0.00204397,999,,,,,,,-1,,-1,,,,,,,,,,,,,,,,,,,,"Rashawn Pinder","sa3023729",816344
"Arnaldo Lantigua","CIN",0,1,1,0,0,0,0,0,0,0,0,0,0,0,0,0,,0,0,0.211282,0.0508435,0.309054,0.164513,0.256013,0.360757,0.267893,0.616769,0.149474,3.02271,0.278095,,-0.0017069,0.0814901,-0.0366676,64.2201,-0.0017069,-0.0091814,-0.044113438692875206,-0.009181401692330837,-0.00204877,999,,,,,,,-1,,-1,,,,,,,,,,,,,,,,,,,,"Arnaldo Lantigua","sa3021084",806984
"Frederi Montero","MIL",0,1,1,0,0,0,0,0,0,0,0,0,0,0,0,0,,0,0,0.195508,0.0835291,0.30034,0.278115,0.266112,0.282759,0.247704,0.54887,0.0872505,2.24905,0.273193,,-0.00190092,0.0650986,-0.0530591,56.0248,-0.00190092,0.000712953,-0.054020680603571236,0.0007129529840312898,-0.00205009,999,,,,,,,-1,,-1,,,,,,,,,,,,,,,,,,,,"Frederi Montero","sa3024125",821149
"Kelvin Diaz",,0,1,1,0,0,0,0,0,0,0,0,0,0,0,0,0,,0,0,0.194358,0.0603363,0.343755,0.175521,0.248437,0.304937,0.244922,0.553374,0.110579,5.61001,0.28326,,0.00342558,0.0628402,-0.0553175,49.0654,0.00342558,0.00213886,-0.05660681030713022,0.002138857962563634,-0.00205132,999,,,,,,,-1,,-1,,,,,,,,,,,,,,,,,,,,"Kelvin Diaz","sa3016122",692556
"Byron Chourio","MIN",0,1,1,0,0,0,0,0,0,0,0,0,0,0,0,0,,0,0,0.19691,0.0769734,0.295495,0.26049,0.261221,0.280926,0.243754,0.542147,0.0840161,4.4919,0.274659,,-0.0014847,0.0618915,-0.0562662,51.6986,-0.0014847,0.00393692,-0.05841348005924374,0.003936924040317535,-0.0020522,999,,,,,,,-1,,-1,,,,,,,,,,,,,,,,,,,,"Byron Chourio","sa3018644",805102
"Kay-Lan Nicasia","MIL",0,1,1,0,0,0,0,0,0,0,0,0,0,0,0,0,,0,0,0.169291,0.0959727,0.394725,0.243138,0.253973,0.28634,0.243944,0.540313,0.11705,5.07592,0.269027,,-0.000305337,0.0620461,-0.0561116,53.4493,-0.000305337,0.00213886,-0.05547756428131834,0.002138857962563634,-0.00205325,999,,,,,,,-1,,-1,,,,,,,,,,,,,,,,,,,,"Kay-Lan Nicasia","sa3017629",702461
"Haydn McGeary","CHC",0,1,1,0,0,0,0,0,0,0,0,0,0,0,0,0,,0,0,0.201821,0.0922424,0.310421,0.297153,0.282292,0.315308,0.268123,0.5976,0.113487,2.6962,0.280148,,-0.00129555,0.0816774,-0.0364803,71.0505,-0.00129555,-0.0178238,-0.03560670930892229,-0.01782381348311901,-0.00206265,999,,,,,,,-1,,-1,,,,,,,,,,,,,,,,,,,,"Haydn McGeary","sa3020133",702333
"Tucker Toman","TOR",0,1,1,0,0,0,0,0,0,0,0,0,0,0,0,0,,0,0,0.201108,0.0570949,0.3163,0.180509,0.2554,0.295932,0.245386,0.551332,0.0948236,2.60397,0.286741,,-0.00130671,0.0632171,-0.0549406,54.185,-0.00130671,0.000712953,-0.05530509341042489,0.0007129529840312898,-0.00206403,999,,,,,,,-1,,-1,,,,,,,,,,,,,,,,,,,,"Tucker Toman","sa3020132",702283
"David Avitia",,0,1,1,0,0,0,0,0,0,0,0,0,0,0,0,0,,0,0,0.171226,0.0721277,0.382992,0.188327,0.243976,0.257766,0.228293,0.501742,0.0865404,3.41875,0.274426,,-0.00106309,0.049339,-0.0688187,43.7655,-0.00106309,0.014259,-0.06771258474327624,0.01425904966890812,-0.002065,999,,,,,,,-1,,-1,,,,,,,,,,,,,,,,,,,,"David Avitia","sa3020939",669347
"Luis Fragoza","MIN",0,1,1,0,0,0,0,0,0,0,0,0,0,0,0,0,,0,0,0.201839,0.0626471,0.307364,0.203821,0.270164,0.307221,0.258519,0.577385,0.105382,4.64305,0.281623,,0.00100472,0.0738798,-0.044278,61.8701,0.00100472,-0.0106943,-0.043935845606029034,-0.010694287717342377,-0.00206792,999,,,,,,,-1,,-1,,,,,,,,,,,,,,,,,,,,"Luis Fragoza","sa3023955",821613
"Camden Janik","PIT",0,1,1,0,0,0,0,0,0,0,0,0,0,0,0,0,,0,0,0.212907,0.0824108,0.247586,0.332857,0.28543,0.304216,0.265113,0.589646,0.0913096,2.88736,0.27719,,-0.00170738,0.0792332,-0.0389245,65.3125,-0.00170738,-0.0106943,-0.04281927633564919,-0.010694287717342377,-0.00207114,999,,,,,,,-1,,-1,,,,,,,,,,,,,,,,,,,,"Camden Janik","sa3034572",812518
"Anderson Machado",,0,1,1,0,0,0,0,0,0,0,0,0,0,0,0,0,,0,0,0.196572,0.0663055,0.303671,0.218347,0.256616,0.295918,0.246542,0.552534,0.0993461,3.47411,0.27163,,-0.000537842,0.0641555,-0.0540022,54.0701,-0.000537842,0.000712953,-0.05482290266081691,0.0007129529840312898,-0.00207343,999,,,,,,,-1,,-1,,,,,,,,,,,,,,,,,,,,"Anderson Machado","sa3015765",698999
"Cole Gabrielson","NYY",0,1,1,0,0,0,0,0,0,0,0,0,0,0,0,0,,0,0,0.183295,0.0935535,0.337809,0.276942,0.276452,0.28536,0.25632,0.561812,0.102065,5.20297,0.272471,,0.000487731,0.072094,-0.0460637,62.2411,0.000487731,-0.0106943,-0.04401549629983492,-0.010694287717342377,-0.00207607,999,,,,,,,-1,,-1,,,,,,,,,,,,,,,,,,,,"Cole Gabrielson","sa3022811",702068
"Caleb Ketchup","LAA",0,1,1,0,0,0,0,0,0,0,0,0,0,0,0,0,,0,0,0.191683,0.0885066,0.342265,0.258591,0.267102,0.300885,0.254741,0.567986,0.109201,6.21222,0.281877,,0.00445529,0.0708118,-0.0473459,58.8468,0.00445529,-0.0106943,-0.04404850583523512,-0.010694287717342377,-0.00207944,999,,,,,,,-1,,-1,,,,,,,,,,,,,,,,,,,,"Caleb Ketchup","sa3022436",810053
"Kyle Dernedde","CLE",0,1,1,0,0,0,0,0,0,0,0,0,0,0,0,0,,0,0,0.189226,0.0618086,0.342329,0.180553,0.252599,0.287062,0.24197,0.539661,0.0978361,2.95854,0.278576,,-0.000805607,0.0604433,-0.0577144,52.4124,-0.000805607,0.00213886,-0.05689314962364733,0.002138857962563634,-0.00208062,999,,,,,,,-1,,-1,,,,,,,,,,,,,,,,,,,,"Kyle Dernedde","sa3066528",686952
"Tyler Wilson","NYY",0,1,1,0,0,0,0,0,0,0,0,0,0,0,0,0,,0,0,0.209869,0.0787715,0.274414,0.287054,0.27228,0.309657,0.259315,0.581937,0.0997883,3.14585,0.277626,,-0.00200228,0.0745258,-0.0436319,64.3044,-0.00200228,-0.0106943,-0.044073710683733225,-0.010694287717342377,-0.00208202,999,,,,,,,-1,,-1,,,,,,,,,,,,,,,,,,,,"Tyler Wilson","sa3025244",694834
"T.J. White","WSN",0,1,1,0,0,0,0,0,0,0,0,0,0,0,0,0,,0,0,0.205493,0.070622,0.303023,0.233058,0.264413,0.328248,0.261602,0.592661,0.122755,2.68294,0.275889,,-0.00125938,0.0763825,-0.0417752,64.8109,-0.00125938,-0.0106943,-0.04296577873174101,-0.010694287717342377,-0.00208613,999,,,,,,,-1,,-1,,,,,,,,,,,,,,,,,,,,"T.J. White","sa3017697",695604
"Jorge Julio",,0,1,1,0,0,0,0,0,0,0,0,0,0,0,0,0,,0,0,0.216015,0.0602251,0.273851,0.219919,0.266792,0.331657,0.263357,0.598448,0.115642,3.436,0.281196,,-0.000795462,0.0778075,-0.0403502,64.3826,-0.000795462,-0.0106943,-0.04300944571150467,-0.010694287717342377,-0.0020906,999,,,,,,,-1,,-1,,,,,,,,,,,,,,,,,,,,"Jorge Julio","sa3021252",808336
"Connor Burns","CIN",0,1,1,0,0,0,0,0,0,0,0,0,0,0,0,0,,0,0,0.171524,0.0754768,0.411914,0.183234,0.237231,0.298132,0.237944,0.535363,0.126608,2.49369,0.270545,,-0.00124978,0.0571743,-0.0609834,43.7041,-0.00124978,0.014259,-0.06797210383228958,0.01425904966890812,-0.00209156,999,,,,,,,-1,,-1,,,,,,,,,,,,,,,,,,,,"Connor Burns","sa3022599",694829
"Yuli Gurriel","SDP",0,1,1,0,0,0,0,0,0,0,0,0,0,0,0,0,,0,0,0.220667,0.0780435,0.191437,0.407672,0.285282,0.304773,0.264409,0.590054,0.0841056,4.01856,0.266143,,0.00038308,0.0786617,-0.039496,70.4525,0.00038308,-0.0191071,-0.03463685419410467,-0.01910712756216526,-0.00209472,999,,,,,,,-1,,-1,,,,,,,,,,,,,,,,,,,,"Yuli Gurriel","19198",493329
"Antonio Anderson","BOS",0,1,1,0,0,0,0,0,0,0,0,0,0,0,0,0,,0,0,0.200444,0.0753115,0.31667,0.237823,0.265136,0.300957,0.252912,0.566093,0.100513,2.11738,0.285323,,-0.00209119,0.0693273,-0.0488304,54.5694,-0.00209119,0.000712953,-0.055636468110606074,0.0007129529840312898,-0.00209793,999,,,,,,,-1,,-1,,,,,,,,,,,,,,,,,,,,"Antonio Anderson","sa3023167",702995
"Estuar Suero","PIT",0,1,1,0,0,0,0,0,0,0,0,0,0,0,0,0,,0,0,0.186451,0.0844586,0.373208,0.226304,0.256106,0.294439,0.246205,0.550545,0.107988,4.85769,0.290898,,-0.00126794,0.0638817,-0.054276,52.3599,-0.00126794,0.00393692,-0.057731349021196365,0.003936924040317535,-0.00209988,999,,,,,,,-1,,-1,,,,,,,,,,,,,,,,,,,,"Estuar Suero","sa3018481",800209
"Yerald Nin","ARI",0,1,1,0,0,0,0,0,0,0,0,0,0,0,0,0,,0,0,0.201259,0.062781,0.291082,0.215682,0.253429,0.280324,0.238159,0.533753,0.0790646,6.22681,0.281338,,0.00029336,0.0573488,-0.0608089,47.7472,0.00029336,0.00784248,-0.061637076491024345,0.007842478342354298,-0.0020999,999,,,,,,,-1,,-1,,,,,,,,,,,,,,,,,,,,"Yerald Nin","sa3018479",800206
"Benny Montgomery","COL",0,1,1,0,0,0,0,0,0,0,0,0,0,0,0,0,,0,0,0.215281,0.067149,0.32825,0.204567,0.272962,0.32002,0.262904,0.592983,0.10474,4.17309,0.312627,,-0.000882378,0.0774397,-0.040718,52.0298,-0.000882378,0.00393692,-0.0577369385282509,0.003936924040317535,-0.00210045,999,,,,,,,-1,,-1,,,,,,,,,,,,,,,,,,,,"Benny Montgomery","sa3017169",695603
"Tyler Hardman","NYY",0,1,1,0,0,0,0,0,0,0,0,0,0,0,0,0,,0,0,0.19313,0.070026,0.368051,0.190262,0.251883,0.356293,0.265179,0.608175,0.163162,4.56125,0.26966,,0.000128893,0.0792872,-0.0388706,68.3442,0.000128893,-0.0178238,-0.037181200823397376,-0.01782381348311901,-0.00210627,999,,,,,,,-1,,-1,,,,,,,,,,,,,,,,,,,,"Tyler Hardman","sa3016955",676205
"Marcus Brown","WSN",0,1,1,0,0,0,0,0,0,0,0,0,0,0,0,0,,0,0,0.208466,0.0470762,0.229815,0.204844,0.256393,0.298233,0.246114,0.554626,0.0897668,3.75467,0.261784,,-0.00181271,0.063808,-0.0543497,54.2013,-0.00181271,0.00213886,-0.0560936447000131,0.002138857962563634,-0.00211629,999,,,,,,,-1,,-1,,,,,,,,,,,,,,,,,,,,"Marcus Brown","sa3022676",694939
"Rodolfo Nolasco",,0,1,1,0,0,0,0,0,0,0,0,0,0,0,0,0,,0,0,0.187889,0.0868779,0.365612,0.237623,0.26385,0.312839,0.257492,0.576689,0.12495,3.07546,0.280359,,-0.00103727,0.0730459,-0.0451118,64.3689,-0.00103727,-0.0106943,-0.04326751152984798,-0.010694287717342377,-0.002117,999,,,,,,,-1,,-1,,,,,,,,,,,,,,,,,,,,"Rodolfo Nolasco","sa3008907",683616
"Stephen Hrustich","DET",0,1,1,0,0,0,0,0,0,0,0,0,0,0,0,0,,0,0,0.201744,0.0757099,0.275114,0.275195,0.277067,0.302693,0.260875,0.579759,0.100949,3.28196,0.26898,,-0.00199418,0.0757927,-0.042365,64.0003,-0.00199418,-0.0106943,-0.044424014864489436,-0.010694287717342377,-0.00211786,999,,,,,,,-1,,-1,,,,,,,,,,,,,,,,,,,,"Stephen Hrustich","sa3067530",812442
"Luis Mieses",,0,1,1,0,0,0,0,0,0,0,0,0,0,0,0,0,,0,0,0.219346,0.0363313,0.23995,0.151412,0.249013,0.34621,0.257896,0.595223,0.126864,2.48833,0.266798,,-0.00153474,0.0733739,-0.0447838,63.6043,-0.00153474,-0.0106943,-0.04443136299960315,-0.010694287717342377,-0.00211861,999,,,,,,,-1,,-1,,,,,,,,,,,,,,,,,,,,"Luis Mieses","sa3003274",672635
"Jesus Superlano","ATH",0,1,1,0,0,0,0,0,0,0,0,0,0,0,0,0,,0,0,0.202655,0.055438,0.328283,0.168873,0.253234,0.299192,0.245093,0.552426,0.0965374,3.83527,0.29244,,0.000186875,0.062979,-0.0551787,53.0747,0.000186875,0.000712953,-0.05527465502382256,0.0007129529840312898,-0.00211965,999,,,,,,,-1,,-1,,,,,,,,,,,,,,,,,,,,"Jesus Superlano","sa3021128",807978
"Cesar Lugo","CHC",0,1,1,0,0,0,0,0,0,0,0,0,0,0,0,0,,0,0,0.200439,0.0770779,0.304502,0.253128,0.269889,0.30455,0.257018,0.574439,0.104112,5.27386,0.279214,,0.0000326436,0.0726609,-0.0454968,63.443,0.0000326436,-0.0106943,-0.04329500832318445,-0.010694287717342377,-0.00211982,999,,,,,,,-1,,-1,,,,,,,,,,,,,,,,,,,,"Cesar Lugo","sa3024319",821113
"Ricardo Gonzalez","TBR",0,1,1,0,0,0,0,0,0,0,0,0,0,0,0,0,,0,0,0.195508,0.0723153,0.268041,0.269792,0.256391,0.270453,0.237471,0.526844,0.0749448,3.35371,0.261572,,-0.000939408,0.0567905,-0.0613672,47.2463,-0.000939408,0.00784248,-0.06311573961284012,0.007842478342354298,-0.00213372,999,,,,,,,-1,,-1,,,,,,,,,,,,,,,,,,,,"Ricardo Gonzalez","sa3018529",800357
"Kyle Hess","MIN",0,1,1,0,0,0,0,0,0,0,0,0,0,0,0,0,,0,0,0.199337,0.0806308,0.308371,0.261473,0.274323,0.31041,0.261679,0.584733,0.111074,4.48394,0.281374,,-0.00222333,0.0764452,-0.0417125,64.0468,-0.00222333,-0.0106943,-0.04459842387586832,-0.010694287717342377,-0.00213571,999,,,,,,,-1,,-1,,,,,,,,,,,,,,,,,,,,"Kyle Hess","sa3023651",680740
"Tanner Thach","COL",0,1,1,0,0,0,0,0,0,0,0,0,0,0,0,0,,0,0,0.229511,0.0746481,0.26187,0.285058,0.296677,0.358752,0.289353,0.65543,0.129241,3.63232,0.294519,,-0.000941125,0.098914,-0.0192437,70.1485,-0.000941125,-0.0178238,-0.03632134688086808,-0.01782381348311901,-0.00213577,999,,,,,,,-1,,-1,,,,,,,,,,,,,,,,,,,,"Tanner Thach","sa3043649",805880
"Nick Montgomery","ATL",0,1,1,0,0,0,0,0,0,0,0,0,0,0,0,0,,0,0,0.181509,0.0717653,0.376787,0.190467,0.243945,0.282035,0.235344,0.52598,0.100526,3.11078,0.28105,,-0.00106073,0.0550639,-0.0630938,46.3326,-0.00106073,0.0104961,-0.06466771534178406,0.010496087372303009,-0.00213847,999,,,,,,,-1,,-1,,,,,,,,,,,,,,,,,,,,"Nick Montgomery","sa3066457",807277
"Drew Brutcher","HOU",0,1,1,0,0,0,0,0,0,0,0,0,0,0,0,0,,0,0,0.206462,0.0811443,0.300174,0.270324,0.272951,0.305793,0.258501,0.578744,0.0993308,3.02467,0.288953,,-0.00124923,0.0738646,-0.0442931,63.1905,-0.00124923,-0.0106943,-0.044633565004915,-0.010694287717342377,-0.0021393,999,,,,,,,-1,,-1,,,,,,,,,,,,,,,,,,,,"Drew Brutcher","sa3067038",695046
"Erick Lara","TBR",0,1,1,0,0,0,0,0,0,0,0,0,0,0,0,0,,0,0,0.179017,0.0909994,0.346251,0.262814,0.255045,0.270702,0.238096,0.525747,0.0916855,3.9308,0.270781,,-0.00155175,0.0572978,-0.0608599,47.6768,-0.00155175,0.00784248,-0.06322077382355928,0.007842478342354298,-0.00214446,999,,,,,,,-1,,-1,,,,,,,,,,,,,,,,,,,,"Erick Lara","sa3022307",808717
"Anyelo Marquez","LAA",0,1,1,0,0,0,0,0,0,0,0,0,0,0,0,0,,0,0,0.189629,0.0643956,0.342037,0.188271,0.247529,0.298301,0.242542,0.54583,0.108672,3.31422,0.273351,,-0.000942068,0.0609077,-0.05725,50.4437,-0.000942068,0.00393692,-0.059349996387027204,0.003936924040317535,-0.00214802,999,,,,,,,-1,,-1,,,,,,,,,,,,,,,,,,,,"Anyelo Marquez","sa3021178",808113
"Jeral Toledo",,0,1,1,0,0,0,0,0,0,0,0,0,0,0,0,0,,0,0,0.200758,0.0756037,0.271129,0.278848,0.264205,0.286773,0.247128,0.550978,0.0860158,4.14191,0.271576,,-0.00249826,0.0646311,-0.0535267,52.9922,-0.00249826,0.00393692,-0.058212286327034235,0.003936924040317535,-0.00214909,999,,,,,,,-1,,-1,,,,,,,,,,,,,,,,,,,,"Jeral Toledo","sa3015590",691926
"Carlos De La Cruz",,0,1,1,0,0,0,0,0,0,0,0,0,0,0,0,0,,0,0,0.206164,0.0553712,0.326907,0.169379,0.260147,0.329529,0.259663,0.589676,0.123365,4.50674,0.289228,,-0.000344459,0.0748081,-0.0433496,63.4825,-0.000344459,-0.0106943,-0.043625247140880674,-0.010694287717342377,-0.00215361,999,,,,,,,-1,,-1,,,,,,,,,,,,,,,,,,,,"Carlos De La Cruz","sa3006903",678926
"Ethan Lege",,0,1,1,0,0,0,0,0,0,0,0,0,0,0,0,0,,0,0,0.203746,0.0618239,0.276322,0.223739,0.265345,0.288086,0.248552,0.553431,0.0843398,3.55998,0.27602,,-0.000488767,0.0657877,-0.05237,53.968,-0.000488767,0.000712953,-0.05504618777194992,0.0007129529840312898,-0.00215501,999,,,,,,,-1,,-1,,,,,,,,,,,,,,,,,,,,"Ethan Lege","sa3025470",805356
"Pedro Pineda","ATH",0,1,1,0,0,0,0,0,0,0,0,0,0,0,0,0,,0,0,0.191306,0.0655115,0.358734,0.182619,0.249874,0.301439,0.244654,0.551314,0.110134,4.82414,0.287524,,-0.00129461,0.0626226,-0.0555351,52.7732,-0.00129461,0.00213886,-0.05711254174821079,0.002138857962563634,-0.0021618,999,,,,,,,-1,,-1,,,,,,,,,,,,,,,,,,,,"Pedro Pineda","sa3015703",694191
"Elijah Green","WSN",0,1,1,0,0,0,0,0,0,0,0,0,0,0,0,0,,0,0,0.181804,0.0704307,0.418643,0.168236,0.241837,0.299714,0.240193,0.541551,0.11791,5.49702,0.298028,,0.0025132,0.0590007,-0.059157,50.1452,0.0025132,0.00213886,-0.05657505616545677,0.002138857962563634,-0.00216554,999,,,,,,,-1,,-1,,,,,,,,,,,,,,,,,,,,"Elijah Green","sa3020210",701327
"Cesar Hernandez","HOU",0,1,1,0,0,0,0,0,0,0,0,0,0,0,0,0,,0,0,0.200734,0.0658979,0.278748,0.236407,0.265162,0.304249,0.254398,0.569411,0.103515,5.09996,0.265326,,0.00179419,0.0705335,-0.0476242,60.3642,0.00179419,-0.0106943,-0.04492118663620204,-0.010694287717342377,-0.00216873,999,,,,,,,-1,,-1,,,,,,,,,,,,,,,,,,,,"Cesar Hernandez","sa3023547",821009
"Misael Urbina",,0,1,1,0,0,0,0,0,0,0,0,0,0,0,0,0,,0,0,0.199363,0.0913426,0.272188,0.335587,0.276959,0.304754,0.261119,0.581713,0.105392,3.98149,0.26709,,-0.00210262,0.0759906,-0.0421671,63.661,-0.00210262,-0.0106943,-0.044932368444278836,-0.010694287717342377,-0.00216987,999,,,,,,,-1,,-1,,,,,,,,,,,,,,,,,,,,"Misael Urbina","sa3008743",682618
"Jack Hurley","ARI",0,1,1,0,0,0,0,0,0,0,0,0,0,0,0,0,,0,0,0.194856,0.052539,0.363535,0.144522,0.243924,0.311976,0.24456,0.555901,0.11712,4.76196,0.293045,,-0.00171535,0.062546,-0.0556117,52.1322,-0.00171535,0.00393692,-0.058448596741072834,0.003936924040317535,-0.00217326,999,,,,,,,-1,,-1,,,,,,,,,,,,,,,,,,,,"Jack Hurley","sa3022564",694815
"Oliver Tejada","SFG",0,1,1,0,0,0,0,0,0,0,0,0,0,0,0,0,,0,0,0.202717,0.0593917,0.289125,0.205419,0.269874,0.301924,0.256301,0.571798,0.0992065,4.05609,0.278956,,-0.000626746,0.072079,-0.0460787,63.5531,-0.000626746,-0.0106943,-0.043823826883453876,-0.010694287717342377,-0.00217392,999,,,,,,,-1,,-1,,,,,,,,,,,,,,,,,,,,"Oliver Tejada","sa3023972",821762
"Joan Delgado","CHC",0,1,1,0,0,0,0,0,0,0,0,0,0,0,0,0,,0,0,0.181021,0.0611395,0.39156,0.156143,0.237704,0.295423,0.235984,0.533126,0.114401,8.05618,0.287714,,0.00373069,0.055583,-0.0625748,49.0337,0.00373069,0.00213886,-0.056674873223528266,0.002138857962563634,-0.00217575,999,,,,,,,-1,,-1,,,,,,,,,,,,,,,,,,,,"Joan Delgado","sa3019676",805062
"Kyle Henley","CIN",0,1,1,0,0,0,0,0,0,0,0,0,0,0,0,0,,0,0,0.193886,0.0361535,0.381147,0.0948543,0.231467,0.276176,0.224516,0.507643,0.0822903,6.77469,0.308925,,0.00602497,0.046272,-0.0718857,34.5054,0.00602497,0.0170553,-0.07159965392202139,0.017055250704288483,-0.00217661,999,,,,,,,-1,,-1,,,,,,,,,,,,,,,,,,,,"Kyle Henley","sa3023012",806120
"Luis Pino","STL",0,1,1,0,0,0,0,0,0,0,0,0,0,0,0,0,,0,0,0.193917,0.0701425,0.349656,0.200605,0.263841,0.31506,0.257922,0.578901,0.121144,2.81273,0.284605,,-0.00167947,0.0733949,-0.0447628,64.418,-0.00167947,-0.0106943,-0.043851473252289,-0.010694287717342377,-0.00217675,999,,,,,,,-1,,-1,,,,,,,,,,,,,,,,,,,,"Luis Pino","sa3015866",700720
"Jeremy Ciriaco","COL",0,1,1,0,0,0,0,0,0,0,0,0,0,0,0,0,,0,0,0.221958,0.0619686,0.265951,0.233008,0.273628,0.326348,0.265016,0.599976,0.10439,3.03326,0.290803,,-0.00158914,0.0791548,-0.0390029,53.4769,-0.00158914,0.00213886,-0.05672860296908766,0.002138857962563634,-0.00218125,999,,,,,,,-1,,-1,,,,,,,,,,,,,,,,,,,,"Jeremy Ciriaco","sa3021133",807994
"Angel Mateo","TBR",0,1,1,0,0,0,0,0,0,0,0,0,0,0,0,0,,0,0,0.214891,0.0439357,0.271635,0.161746,0.261666,0.327427,0.259369,0.589092,0.112535,3.46057,0.278599,,-0.000682782,0.0745695,-0.0435882,62.331,-0.000682782,-0.0106943,-0.04508012445876375,-0.010694287717342377,-0.00218499,999,,,,,,,-1,,-1,,,,,,,,,,,,,,,,,,,,"Angel Mateo","sa3018540",800377
"Enmanuel Ramirez","WSN",0,1,1,0,0,0,0,0,0,0,0,0,0,0,0,0,,0,0,0.215764,0.0635667,0.247866,0.256456,0.268935,0.319214,0.259997,0.588149,0.10345,4.62058,0.275949,,-0.000940629,0.0750792,-0.0430785,63.7113,-0.000940629,-0.0106943,-0.04395031213061884,-0.010694287717342377,-0.00218686,999,,,,,,,-1,,-1,,,,,,,,,,,,,,,,,,,,"Enmanuel Ramirez","sa3015763",698990
"Marcos Torres","TEX",0,1,1,0,0,0,0,0,0,0,0,0,0,0,0,0,,0,0,0.193376,0.0722304,0.329402,0.219278,0.257764,0.318271,0.25508,0.576034,0.124895,5.86103,0.271225,,0.0000310995,0.0710873,-0.0470704,61.6642,0.0000310995,-0.0106943,-0.045152171711379196,-0.010694287717342377,-0.00219236,999,,,,,,,-1,,-1,,,,,,,,,,,,,,,,,,,,"Marcos Torres","sa3018449",800106
"Breyias Dean","MIA",0,1,1,0,0,0,0,0,0,0,0,0,0,0,0,0,,0,0,0.198107,0.0550301,0.335063,0.164238,0.248955,0.313961,0.248151,0.562916,0.115854,3.76636,0.281771,,-0.00118397,0.0654617,-0.052696,54.2355,-0.00118397,0.000712953,-0.055424404330551624,0.0007129529840312898,-0.0021937,999,,,,,,,-1,,-1,,,,,,,,,,,,,,,,,,,,"Breyias Dean","sa3021294",808686
"Martín Maldonado",,0,1,1,0,0,0,0,0,0,0,0,0,0,0,0,0,,0,0,0.182756,0.0698813,0.327434,0.213421,0.246413,0.298539,0.242809,0.544951,0.115782,2.33867,0.249939,,-0.00102155,0.0611247,-0.057033,55.6559,-0.00102155,-0.00118825,-0.053578504361212254,-0.0011882539838552475,-0.00219936,999,,,,,,,-1,,-1,,,,,,,,,,,,,,,,,,,,"Martin Maldonado","6887",455117
"Andy Acevedo","WSN",0,1,1,0,0,0,0,0,0,0,0,0,0,0,0,0,,0,0,0.183929,0.0801581,0.323897,0.24748,0.262807,0.268193,0.242175,0.531,0.0842638,4.54331,0.267892,,0.000505393,0.0606095,-0.0575482,51.5027,0.000505393,0.00213886,-0.056973999831825495,0.002138857962563634,-0.00220636,999,,,,,,,-1,,-1,,,,,,,,,,,,,,,,,,,,"Andy Acevedo","sa3021099",807005
"Guillermo Williamson",,0,1,1,0,0,0,0,0,0,0,0,0,0,0,0,0,,0,0,0.201016,0.0856242,0.325454,0.263091,0.272892,0.324643,0.265811,0.597536,0.123627,2.03531,0.280229,,-0.00155282,0.0797997,-0.038358,70.0673,-0.00155282,-0.0178238,-0.037029230617918074,-0.01782381348311901,-0.00220819,999,,,,,,,-1,,-1,,,,,,,,,,,,,,,,,,,,"Guillermo Williamson","sa3018401",702908
"Sheng-En Lin","CIN",0,1,1,0,0,0,0,0,0,0,0,0,0,0,0,0,,0,0,0.187158,0.10446,0.349629,0.298775,0.272477,0.288981,0.254078,0.561458,0.101823,4.51443,0.284226,,-0.00123152,0.070274,-0.0478837,54.7567,-0.00123152,0,-0.05485414154827595,0,-0.0022083,999,,,,,,,-1,,-1,,,,,,,,,,,,,,,,,,,,"Sheng-En Lin","sa3022820",806823
"Angel Nieblas",,0,1,1,0,0,0,0,0,0,0,0,0,0,0,0,0,,0,0,0.197197,0.0631314,0.307888,0.205047,0.253083,0.290512,0.242414,0.543595,0.0933147,4.61198,0.275416,,0.000871883,0.0608042,-0.0573535,51.1759,0.000871883,0.00213886,-0.056994809361640364,0.002138857962563634,-0.00220849,999,,,,,,,-1,,-1,,,,,,,,,,,,,,,,,,,,"Angel Nieblas","sa3021289",808635
"Solomon Maguire",,0,1,1,0,0,0,0,0,0,0,0,0,0,0,0,0,,0,0,0.188582,0.085091,0.310142,0.274362,0.259281,0.289002,0.246161,0.548283,0.10042,4.29841,0.263816,,-0.00054912,0.0638465,-0.0543113,52.3302,-0.00054912,0.00213886,-0.057047748123295605,0.002138857962563634,-0.0022139,999,,,,,,,-1,,-1,,,,,,,,,,,,,,,,,,,,"Solomon Maguire","sa3015198",693418
"Bryson Ware","PHI",0,1,1,0,0,0,0,0,0,0,0,0,0,0,0,0,,0,0,0.200682,0.0589642,0.322788,0.182672,0.256626,0.326297,0.256935,0.582924,0.125616,3.83303,0.276859,,-0.00106713,0.0725936,-0.0455641,59.9835,-0.00106713,-0.00641657,-0.04849498032126576,-0.006416573189198971,-0.00221418,999,,,,,,,-1,,-1,,,,,,,,,,,,,,,,,,,,"Bryson Ware","sa3022597",694310
"Titus Dumitru","PIT",0,1,1,0,0,0,0,0,0,0,0,0,0,0,0,0,,0,0,0.21118,0.0663269,0.28689,0.231193,0.270275,0.317226,0.260691,0.587501,0.106046,4.405,0.286073,,-0.0012669,0.0756428,-0.0425149,63.6958,-0.0012669,-0.0106943,-0.044294945197179914,-0.010694287717342377,-0.00222212,999,,,,,,,-1,,-1,,,,,,,,,,,,,,,,,,,,"Titus Dumitru","sa3025225",828335
"Arol Vera","LAA",0,1,1,0,0,0,0,0,0,0,0,0,0,0,0,0,,0,0,0.197808,0.0572897,0.294136,0.194773,0.24817,0.284863,0.237278,0.533033,0.087055,3.53444,0.272065,,-0.00134797,0.0566336,-0.0615241,46.8173,-0.00134797,0.00784248,-0.0640299420338124,0.007842478342354298,-0.00222725,999,,,,,,,-1,,-1,,,,,,,,,,,,,,,,,,,,"Arol Vera","sa3014687",691186
"Yohander Linarez","BOS",0,1,1,0,0,0,0,0,0,0,0,0,0,0,0,0,,0,0,0.212317,0.0454126,0.298964,0.1519,0.250494,0.319756,0.249725,0.57025,0.107438,4.14667,0.288396,,-0.000812021,0.0667395,-0.0514182,52.3738,-0.000812021,0.000712953,-0.05694507551379502,0.0007129529840312898,-0.00223182,999,,,,,,,-1,,-1,,,,,,,,,,,,,,,,,,,,"Yohander Linarez","sa3019212",800496
"Darlin Moquete",,0,1,1,0,0,0,0,0,0,0,0,0,0,0,0,0,,0,0,0.209378,0.0553356,0.26295,0.210441,0.25885,0.324033,0.256686,0.582883,0.114655,4.64922,0.264873,,-0.00121415,0.0723913,-0.0457665,63.5712,-0.00121415,-0.0106943,-0.04438981262501329,-0.010694287717342377,-0.00223183,999,,,,,,,-1,,-1,,,,,,,,,,,,,,,,,,,,"Darlin Moquete","sa3005617",680642
"Drew Davies","CIN",0,1,1,0,0,0,0,0,0,0,0,0,0,0,0,0,,0,0,0.192059,0.109344,0.316764,0.34519,0.282855,0.295529,0.262399,0.578384,0.103469,2.46633,0.273315,,-0.00186091,0.0770299,-0.0411279,60.4569,-0.00186091,-0.00641657,-0.04872770933434367,-0.006416573189198971,-0.00223799,999,,,,,,,-1,,-1,,,,,,,,,,,,,,,,,,,,"Drew Davies","sa3023580",806730
"Francesco Barbieri",,0,1,1,0,0,0,0,0,0,0,0,0,0,0,0,0,,0,0,0.190817,0.0980298,0.320727,0.305649,0.275776,0.288821,0.255844,0.564597,0.0980039,6.03738,0.277552,,0.00192949,0.0717077,-0.04645,60.8666,0.00192949,-0.0106943,-0.04445167654193938,-0.010694287717342377,-0.00223816,999,,,,,,,-1,,-1,,,,,,,,,,,,,,,,,,,,"Francesco Barbieri","sa3066825",828601
"Joe Olsavsky","ATL",0,1,1,0,0,0,0,0,0,0,0,0,0,0,0,0,,0,0,0.202813,0.088222,0.285103,0.309439,0.296289,0.297145,0.270752,0.593435,0.0943326,2.70247,0.28015,,-0.00246898,0.0838115,-0.0343462,70.5879,-0.00246898,-0.0178238,-0.03732838295400143,-0.01782381348311901,-0.0022388,999,,,,,,,-1,,-1,,,,,,,,,,,,,,,,,,,,"Joe Olsavsky","sa3023289",815586
"Juan Perez","SFG",0,1,1,0,0,0,0,0,0,0,0,0,0,0,0,0,,0,0,0.183426,0.0612399,0.349282,0.175331,0.242535,0.255617,0.225307,0.498151,0.0721905,2.20686,0.279644,,-0.00110419,0.0469147,-0.071243,42.3211,-0.00110419,0.014259,-0.06946558109484613,0.01425904966890812,-0.00224436,999,,,,,,,-1,,-1,,,,,,,,,,,,,,,,,,,,"Juan Perez","sa3018516",800327
"Luis Castillo","MIL",0,1,1,0,0,0,0,0,0,0,0,0,0,0,0,0,,0,0,0.190514,0.0861975,0.318286,0.270818,0.26229,0.319289,0.258498,0.581579,0.128775,2.38473,0.257307,,-0.00116799,0.0738622,-0.0442955,63.419,-0.00116799,-0.0106943,-0.044524105032905936,-0.010694287717342377,-0.00224557,999,,,,,,,-1,,-1,,,,,,,,,,,,,,,,,,,,"Luis Castillo","sa3015801",699127
"Maikol Orozco","DET",0,1,1,0,0,0,0,0,0,0,0,0,0,0,0,0,,0,0,0.196742,0.0741776,0.320983,0.231095,0.267927,0.309647,0.258041,0.577574,0.112905,4.22199,0.27903,,-0.000962744,0.0734917,-0.0446661,62.048,-0.000962744,-0.0106943,-0.045693652937188745,-0.010694287717342377,-0.00224776,999,,,,,,,-1,,-1,,,,,,,,,,,,,,,,,,,,"Maikol Orozco","sa3021098",807004
"Alexey Lumpuy","CHC",0,1,1,0,0,0,0,0,0,0,0,0,0,0,0,0,,0,0,0.18266,0.0472858,0.400903,0.117948,0.232646,0.308134,0.237819,0.54078,0.125474,6.58332,0.285332,,0.00145165,0.0570728,-0.0610849,50.2908,0.00145165,0.00213886,-0.057464036042802036,0.002138857962563634,-0.0022565,999,,,,,,,-1,,-1,,,,,,,,,,,,,,,,,,,,"Alexey Lumpuy","sa3022296",815121
"Ed Howard","CHC",0,1,1,0,0,0,0,0,0,0,0,0,0,0,0,0,,0,0,0.194705,0.0533184,0.33694,0.158243,0.241747,0.281912,0.232619,0.523659,0.0872071,4.33777,0.286262,,-0.0000427675,0.0528513,-0.0653064,46.729,-0.0000427675,0.00784248,-0.06317997845326317,0.007842478342354298,-0.00225776,999,,,,,,,-1,,-1,,,,,,,,,,,,,,,,,,,,"Ed Howard","sa3014540",690992
"Carter Graham","CIN",0,1,1,0,0,0,0,0,0,0,0,0,0,0,0,0,,0,0,0.203362,0.0437514,0.30217,0.144791,0.250204,0.32187,0.251545,0.572073,0.118508,3.74505,0.272654,,-0.000456048,0.0682177,-0.04994,53.0218,-0.000456048,0.000712953,-0.056134966464014724,0.0007129529840312898,-0.0022664,999,,,,,,,-1,,-1,,,,,,,,,,,,,,,,,,,,"Carter Graham","sa3022824",807728
"Jase Bowen","SDP",2,7,6,1,1,0,0,0,1,1,0,0,2,0,0,0,,0,0,0.214858,0.0593394,0.292371,0.202959,0.270385,0.345001,0.270376,0.615386,0.130143,5.86088,0.284118,-0.00113637,0.017724,0.584544,-0.24256,74.54,0.0165876,0.0145528,-0.19464004784822464,-0.06044721323996782,-0.00227088,999,,,,,,,-0.4,-0.2,-0.4,-0.2,,,,,,,,,,,,,,,,,,,"Jase Bowen","sa3011267",687749
"Maikol Hernández","BAL",0,1,1,0,0,0,0,0,0,0,0,0,0,0,0,0,,0,0,0.178,0.0723475,0.325226,0.222453,0.246801,0.267153,0.232445,0.513954,0.0891533,3.23933,0.256346,,-0.000974935,0.05271,-0.0654477,46.1109,-0.000974935,0.00784248,-0.06448958441615105,0.007842478342354298,-0.00227428,999,,,,,,,-1,,-1,,,,,,,,,,,,,,,,,,,,"Maikol Hernandez","sa3015712",694204
"Eddie Rynders","PIT",0,1,1,0,0,0,0,0,0,0,0,0,0,0,0,0,,0,0,0.199096,0.0771069,0.307452,0.250793,0.265276,0.297556,0.251855,0.562832,0.0984597,3.25873,0.279685,,-0.00110082,0.0684693,-0.0496884,56.2306,-0.00110082,-0.00262224,-0.052976594190113246,-0.0026222390588372946,-0.00228449,999,,,,,,,-1,,-1,,,,,,,,,,,,,,,,,,,,"Eddie Rynders","sa3066663",815535
"Leandro Alsinois","CHW",0,1,1,0,0,0,0,0,0,0,0,0,0,0,0,0,,0,0,0.193562,0.0556237,0.323413,0.17199,0.240866,0.302966,0.239848,0.543832,0.109404,4.12351,0.267916,,0.000606685,0.0587202,-0.0594375,49.5087,0.000606685,0.00213886,-0.05890323658240959,0.002138857962563634,-0.00228628,999,,,,,,,-1,,-1,,,,,,,,,,,,,,,,,,,,"Leandro Alsinois","sa3018624",802098
"R.J. Yeager",,0,1,1,0,0,0,0,0,0,0,0,0,0,0,0,0,,0,0,0.219748,0.0537061,0.20027,0.268168,0.271771,0.325778,0.264214,0.597549,0.106029,3.3687,0.259122,,-0.000758474,0.078503,-0.0396547,68.7279,-0.000758474,-0.0178238,-0.037822400394361466,-0.01782381348311901,-0.00228934,999,,,,,,,-1,,-1,,,,,,,,,,,,,,,,,,,,"R.J. Yeager","sa3019840",694271
"Peyton Holt",,0,1,1,0,0,0,0,0,0,0,0,0,0,0,0,0,,0,0,0.188078,0.0781889,0.326887,0.239193,0.26275,0.296381,0.251352,0.559131,0.108303,3.29197,0.266809,,-0.000561672,0.0680608,-0.0500969,52.8894,-0.000561672,0.000712953,-0.05639749247347936,0.0007129529840312898,-0.00229326,999,,,,,,,-1,,-1,,,,,,,,,,,,,,,,,,,,"Peyton Holt","sa3067540",687428
"Bryan Gonzalez",,0,1,1,0,0,0,0,0,0,0,0,0,0,0,0,0,,0,0,0.214865,0.0484134,0.316169,0.153125,0.255419,0.346242,0.261755,0.601661,0.131377,5.6931,0.294474,,-0.0012212,0.076507,-0.0416507,61.8404,-0.0012212,-0.0106943,-0.04619670147076249,-0.010694287717342377,-0.00229923,999,,,,,,,-1,,-1,,,,,,,,,,,,,,,,,,,,"Bryan Gonzalez","sa3008805",682793
"Andrew Jenkins","DET",0,1,1,0,0,0,0,0,0,0,0,0,0,0,0,0,,0,0,0.221418,0.0501796,0.29955,0.167517,0.270255,0.335815,0.266666,0.60607,0.114397,2.88451,0.300898,,-0.0013821,0.0804941,-0.0376637,67.9892,-0.0013821,-0.0178238,-0.03911061235703528,-0.01782381348311901,-0.00230367,999,,,,,,,-1,,-1,,,,,,,,,,,,,,,,,,,,"Andrew Jenkins","sa3019979",687543
"Raimel Medina","KCR",0,1,1,0,0,0,0,0,0,0,0,0,0,0,0,0,,0,0,0.209725,0.0699551,0.252486,0.277066,0.274651,0.310371,0.261172,0.585022,0.100647,4.35384,0.270756,,-0.000831932,0.0760338,-0.0421239,61.4389,-0.000831932,-0.0106943,-0.04628065199358389,-0.010694287717342377,-0.00230782,999,,,,,,,-1,,-1,,,,,,,,,,,,,,,,,,,,"Raimel Medina","sa3018617",801736
"Kaden Hollow","SDP",0,1,1,0,0,0,0,0,0,0,0,0,0,0,0,0,,0,0,0.194573,0.0983271,0.274585,0.358093,0.277448,0.281804,0.254267,0.559252,0.0872312,1.96538,0.263366,,-0.0018827,0.0704273,-0.0477304,63.5048,-0.0018827,-0.0106943,-0.045137039734981954,-0.010694287717342377,-0.00230828,999,,,,,,,-1,,-1,,,,,,,,,,,,,,,,,,,,"Kaden Hollow","sa3020274",687701
"Rafael Morel",,0,1,1,0,0,0,0,0,0,0,0,0,0,0,0,0,,0,0,0.184665,0.0793247,0.342639,0.231511,0.258404,0.273566,0.241182,0.53197,0.0889003,3.46165,0.273936,,-0.0018099,0.059804,-0.0583537,52.5952,-0.0018099,0.00213886,-0.057994451839476824,0.002138857962563634,-0.00231076,999,,,,,,,-1,,-1,,,,,,,,,,,,,,,,,,,,"Rafael Morel","sa3009534",682662
"Cole Fontenelle","LAA",0,1,1,0,0,0,0,0,0,0,0,0,0,0,0,0,,0,0,0.179968,0.0652316,0.400882,0.16272,0.251444,0.290451,0.243441,0.541896,0.110484,5.48269,0.290144,,-0.0000590994,0.061638,-0.0565197,51.0633,-0.0000590994,0.000712953,-0.05773667011453654,0.0007129529840312898,-0.00231281,999,,,,,,,-1,,-1,,,,,,,,,,,,,,,,,,,,"Cole Fontenelle","sa3022429",694304
"Darius Hill",,0,1,1,0,0,0,0,0,0,0,0,0,0,0,0,0,,0,0,0.224524,0.0582774,0.221056,0.263631,0.273118,0.305577,0.256862,0.578695,0.0810527,3.61241,0.284402,,-0.0017343,0.0725339,-0.0456238,63.3359,-0.0017343,-0.0106943,-0.04518890008330345,-0.010694287717342377,-0.00231359,999,,,,,,,-1,,-1,,,,,,,,,,,,,,,,,,,,"Darius Hill","sa3010395",675628
"Cesar Franco","ATH",0,1,1,0,0,0,0,0,0,0,0,0,0,0,0,0,,0,0,0.178668,0.0971942,0.344745,0.28193,0.26402,0.269526,0.243452,0.533547,0.0908582,3.21219,0.27077,,-0.00180828,0.0616463,-0.0565114,51.9471,-0.00180828,0.00213886,-0.05860255716834217,0.002138857962563634,-0.00231425,999,,,,,,,-1,,-1,,,,,,,,,,,,,,,,,,,,"Cesar Franco","sa3067037",694481
"Dario Laverde","LAA",0,1,1,0,0,0,0,0,0,0,0,0,0,0,0,0,,0,0,0.204858,0.0498307,0.28733,0.173426,0.249841,0.306162,0.245134,0.556003,0.101304,3.29573,0.275386,,-0.00142488,0.0630126,-0.0551451,52.2296,-0.00142488,0.000657342,-0.0577278999844566,0.0006573420250788331,-0.0023176,999,,,,,,,-1,,-1,,,,,,,,,,,,,,,,,,,,"Dario Laverde","sa3018470",800188
"Luis Rives","HOU",0,1,1,0,0,0,0,0,0,0,0,0,0,0,0,0,,0,0,0.191886,0.083791,0.323183,0.259268,0.264285,0.301538,0.253321,0.565823,0.109652,5.33302,0.271788,,0.00117587,0.0696594,-0.0484983,59.6226,0.00117587,-0.0106943,-0.04641362279653549,-0.010694287717342377,-0.00232142,999,,,,,,,-1,,-1,,,,,,,,,,,,,,,,,,,,"Luis Rives","sa3023624",823878
"Cameron Decker","LAD",0,1,1,0,0,0,0,0,0,0,0,0,0,0,0,0,,0,0,0.184472,0.0789748,0.353622,0.223331,0.257496,0.326383,0.25871,0.583879,0.141911,3.22052,0.262051,,-0.00195721,0.0740349,-0.0441228,63.3192,-0.00195721,-0.0106943,-0.04543154942803085,-0.010694287717342377,-0.00233841,999,,,,,,,-1,,-1,,,,,,,,,,,,,,,,,,,,"Cameron Decker","sa3020223",806306
"Jeremy De La Rosa",,0,1,1,0,0,0,0,0,0,0,0,0,0,0,0,0,,0,0,0.207044,0.0643649,0.303062,0.212382,0.258898,0.331441,0.259138,0.590339,0.124397,4.87693,0.279649,,-0.00180942,0.0743823,-0.0437754,63.1232,-0.00180942,-0.0106943,-0.04551605135202408,-0.010694287717342377,-0.00234706,999,,,,,,,-1,,-1,,,,,,,,,,,,,,,,,,,,"Jeremy De La Rosa","sa3011329",682707
"Nicandro Aybar","TBR",0,1,1,0,0,0,0,0,0,0,0,0,0,0,0,0,,0,0,0.218055,0.0613456,0.238841,0.256847,0.267488,0.314014,0.257083,0.581502,0.0959592,4.40049,0.276813,,-0.000541613,0.0727135,-0.0454442,60.7563,-0.000541613,-0.0106943,-0.04679492540890351,-0.010694287717342377,-0.00236044,999,,,,,,,-1,,-1,,,,,,,,,,,,,,,,,,,,"Nicandro Aybar","sa3018544",800384
"Sonny DiChiara",,0,1,1,0,0,0,0,0,0,0,0,0,0,0,0,0,,0,0,0.192479,0.0929017,0.347966,0.266985,0.27796,0.316886,0.267077,0.594846,0.124407,2.2206,0.27982,,-0.00121935,0.0808278,-0.0373299,67.345,-0.00121935,-0.0178238,-0.03970713051967323,-0.01782381348311901,-0.0023647,999,,,,,,,-1,,-1,,,,,,,,,,,,,,,,,,,,"Sonny DiChiara","sa3019866",800685
"Mac McCroskey","LAA",0,1,1,0,0,0,0,0,0,0,0,0,0,0,0,0,,0,0,0.186686,0.0717182,0.338469,0.21189,0.248108,0.270212,0.233072,0.51832,0.0835256,5.1556,0.278471,,0.000692628,0.0532192,-0.0649385,43.9203,0.000692628,0.00784248,-0.06540379661601037,0.007842478342354298,-0.00236781,999,,,,,,,-1,,-1,,,,,,,,,,,,,,,,,,,,"Mac McCroskey","sa3022444",815151
"Victor Cardoza","PHI",0,1,1,0,0,0,0,0,0,0,0,0,0,0,0,0,,0,0,0.196387,0.0498181,0.354724,0.140442,0.24171,0.314133,0.244069,0.555843,0.117746,3.93626,0.286115,,-0.000720303,0.0621478,-0.0560099,51.1699,-0.000720303,0.00213886,-0.05859402130590752,0.002138857962563634,-0.00237211,999,,,,,,,-1,,-1,,,,,,,,,,,,,,,,,,,,"Victor Cardoza","sa3021230",808282
"Joseph Rodriguez",,0,1,1,0,0,0,0,0,0,0,0,0,0,0,0,0,,0,0,0.180965,0.082569,0.374887,0.22025,0.254793,0.281449,0.241678,0.536242,0.100484,4.28455,0.285573,,-0.000951454,0.0602062,-0.0579515,50.7287,-0.000951454,0.00213886,-0.05918579938588664,0.002138857962563634,-0.00237392,999,,,,,,,-1,,-1,,,,,,,,,,,,,,,,,,,,"Joseph Rodriguez","sa3018381",691867
"Isael Arias","NYY",0,1,1,0,0,0,0,0,0,0,0,0,0,0,0,0,,0,0,0.190429,0.05491,0.296675,0.185085,0.237813,0.286299,0.232271,0.524111,0.0958697,5.74459,0.257599,,0.0042341,0.0525688,-0.0655889,45.6749,0.0042341,0.00213886,-0.059794348664581776,0.002138857962563634,-0.00237745,999,,,,,,,-1,,-1,,,,,,,,,,,,,,,,,,,,"Isael Arias","sa3023713",811551
"Tayden Hall","MIL",0,1,1,0,0,0,0,0,0,0,0,0,0,0,0,0,,0,0,0.19205,0.123581,0.274563,0.4501,0.298826,0.278826,0.266405,0.577653,0.0867766,3.05253,0.264966,,-0.00182314,0.0802824,-0.0378753,68.8359,-0.00182314,-0.0178238,-0.03875910281203687,-0.01782381348311901,-0.00238518,999,,,,,,,-1,,-1,,,,,,,,,,,,,,,,,,,,"Tayden Hall","sa3019929",695554
"Kevin Ereu","MIL",0,1,1,0,0,0,0,0,0,0,0,0,0,0,0,0,,0,0,0.165232,0.0858551,0.387825,0.221376,0.255037,0.253955,0.234547,0.508992,0.0887232,3.97325,0.269339,,-0.00166852,0.0544167,-0.063741,47.0121,-0.00166852,0.00784248,-0.06447013560682535,0.007842478342354298,-0.00238976,999,,,,,,,-1,,-1,,,,,,,,,,,,,,,,,,,,"Kevin Ereu","sa3021104",807148
"Bernard Moon","CIN",0,1,1,0,0,0,0,0,0,0,0,0,0,0,0,0,,0,0,0.203962,0.0455653,0.288554,0.157909,0.25767,0.307953,0.251078,0.565623,0.103991,3.84867,0.275013,,-0.00278732,0.0678383,-0.0503194,52.7016,-0.00278732,0.00213886,-0.05884570861235261,0.002138857962563634,-0.00239786,999,,,,,,,-1,,-1,,,,,,,,,,,,,,,,,,,,"Bernard Moon","sa3022821",807239
"Pierce Bennett",,0,1,1,0,0,0,0,0,0,0,0,0,0,0,0,0,,0,0,0.211951,0.0763259,0.212074,0.359902,0.280239,0.302022,0.26126,0.582261,0.0900709,3.81161,0.261322,,-0.00210156,0.0761047,-0.042053,62.9459,-0.00210156,-0.0106943,-0.04601839231327176,-0.010694287717342377,-0.00239845,999,,,,,,,-1,,-1,,,,,,,,,,,,,,,,,,,,"Pierce Bennett","sa3022816",803139
"Yeiker Reyes","COL",0,1,1,0,0,0,0,0,0,0,0,0,0,0,0,0,,0,0,0.207692,0.071937,0.296231,0.242841,0.268894,0.294605,0.252256,0.563499,0.0869123,5.18337,0.29015,,0.00143977,0.0687947,-0.049363,44.7358,0.00143977,0.0072165,-0.06405979162082076,0.007216504774987698,-0.00241182,999,,,,,,,-1,,-1,,,,,,,,,,,,,,,,,,,,"Yeiker Reyes","sa3021126",807975
"Julio Henriquez","MIA",0,1,1,0,0,0,0,0,0,0,0,0,0,0,0,0,,0,0,0.211288,0.0641644,0.27401,0.234168,0.279919,0.313587,0.265641,0.593506,0.1023,5.18943,0.282505,,0.0010191,0.0796622,-0.0384955,66.2169,0.0010191,-0.0178238,-0.039020853815600276,-0.01782381348311901,-0.00241196,999,,,,,,,-1,,-1,,,,,,,,,,,,,,,,,,,,"Julio Henriquez","sa3018622",802082
"Chandler Seagle",,0,1,1,0,0,0,0,0,0,0,0,0,0,0,0,0,,0,0,0.19093,0.0418317,0.345147,0.1212,0.235038,0.279827,0.228399,0.514865,0.0888969,3.34048,0.284763,,-0.00193162,0.0494253,-0.0687324,41.5751,-0.00193162,0.014259,-0.07117720367386937,0.01425904966890812,-0.00241948,999,,,,,,,-1,,-1,,,,,,,,,,,,,,,,,,,,"Chandler Seagle","23552",676882
"Kevin Hacen",,0,1,1,0,0,0,0,0,0,0,0,0,0,0,0,0,,0,0,0.187936,0.0661989,0.304583,0.217343,0.25143,0.276935,0.237709,0.528365,0.0889989,2.94176,0.261786,,-0.000947303,0.0569839,-0.0611738,52.1622,-0.000947303,0.000712953,-0.057645006745588034,0.0007129529840312898,-0.0024209,999,,,,,,,-1,,-1,,,,,,,,,,,,,,,,,,,,"Kevin Hacen","sa3021149",808032
"Edgar Alvarez","CHC",0,1,1,0,0,0,0,0,0,0,0,0,0,0,0,0,,0,0,0.20303,0.078932,0.296839,0.265909,0.270043,0.299164,0.255112,0.569206,0.0961335,1.97104,0.279128,,-0.0013642,0.0711133,-0.0470444,62.1372,-0.0013642,-0.0106943,-0.04623940191231668,-0.010694287717342377,-0.00242107,999,,,,,,,-1,,-1,,,,,,,,,,,,,,,,,,,,"Edgar Alvarez","sa3025269",827294
"Zach Arnold","PHI",0,1,1,0,0,0,0,0,0,0,0,0,0,0,0,0,,0,0,0.20262,0.0476906,0.302246,0.157788,0.249991,0.305567,0.245545,0.555558,0.102947,3.47154,0.275787,,-0.0009946181,0.0633457,-0.054812,52.1807,-0.0009946181,0.000712953,-0.05767042492516339,0.0007129529840312898,-0.0024235,999,,,,,,,-1,,-1,,,,,,,,,,,,,,,,,,,,"Zach Arnold","sa3022593",689984
"Dangelo Sarmiento",,0,1,1,0,0,0,0,0,0,0,0,0,0,0,0,0,,0,0,0.176108,0.0860488,0.357825,0.240477,0.251992,0.269912,0.236534,0.521904,0.0938032,3.98084,0.267851,,-0.000945336,0.0560302,-0.0621275,50.9199,-0.000945336,0.00213886,-0.05911544605623931,0.002138857962563634,-0.00242546,999,,,,,,,-1,,-1,,,,,,,,,,,,,,,,,,,,"Dangelo Sarmiento","sa3018499",800289
"Carlos Tavares","WSN",0,1,1,0,0,0,0,0,0,0,0,0,0,0,0,0,,0,0,0.194305,0.0722952,0.316668,0.2283,0.25489,0.300885,0.247203,0.555775,0.106579,2.98935,0.272878,,-0.000965352,0.0646924,-0.0534653,54.9475,-0.000965352,-0.00262224,-0.05436187097802758,-0.0026222390588372946,-0.00242623,999,,,,,,,-1,,-1,,,,,,,,,,,,,,,,,,,,"Carlos Tavares","sa3021209",808235
"Ruben Santana","ARI",0,1,1,0,0,0,0,0,0,0,0,0,0,0,0,0,,0,0,0.193737,0.0650434,0.316322,0.205624,0.252929,0.291367,0.242785,0.544296,0.0976303,4.95646,0.275448,,0.000440629,0.0611047,-0.057053,50.9161,0.000440629,0.000712953,-0.05773394065909088,0.0007129529840312898,-0.00243,999,,,,,,,-1,,-1,,,,,,,,,,,,,,,,,,,,"Ruben Santana","sa3018468",800185
"Yerlin Confidan","CIN",0,1,1,0,0,0,0,0,0,0,0,0,0,0,0,0,,0,0,0.196624,0.0680579,0.32529,0.209222,0.252317,0.308178,0.247855,0.560495,0.111555,3.99316,0.280123,,-0.00230805,0.0652212,-0.0529366,50.4935,-0.00230805,0.00393692,-0.060983545146882534,0.003936924040317535,-0.00243262,999,,,,,,,-1,,-1,,,,,,,,,,,,,,,,,,,,"Yerlin Confidan","sa3015176",691398
"Luis De La Cruz","CLE",0,1,1,0,0,0,0,0,0,0,0,0,0,0,0,0,,0,0,0.207374,0.0722582,0.264415,0.273275,0.272613,0.305067,0.258309,0.577679,0.0976929,5.26877,0.27249,,0.00242836,0.0737088,-0.0444489,63.6675,0.00242836,-0.0178238,-0.040393731789663434,-0.01782381348311901,-0.00243495,999,,,,,,,-1,,-1,,,,,,,,,,,,,,,,,,,,"Luis De La Cruz","sa3023928",821139
"Hogan Windish","SEA",0,1,1,0,0,0,0,0,0,0,0,0,0,0,0,0,,0,0,0.18399,0.0818697,0.367614,0.222706,0.262848,0.300367,0.253118,0.563214,0.116377,4.20724,0.279403,,0.000296425,0.0694943,-0.0486634,65.4386,0.000296425,-0.0178238,-0.04043819347862154,-0.01782381348311901,-0.0024395,999,,,,,,,-1,,-1,,,,,,,,,,,,,,,,,,,,"Hogan Windish","sa3019805",702112
"Adrian Rodriguez","ARI",0,1,1,0,0,0,0,0,0,0,0,0,0,0,0,0,,0,0,0.191298,0.0689021,0.308516,0.223334,0.255629,0.271731,0.237876,0.52736,0.0804332,3.47051,0.273642,,-0.00281105,0.0571194,-0.0610383,47.5536,-0.00281105,0.00784248,-0.06497087515890598,0.007842478342354298,-0.00244099,999,,,,,,,-1,,-1,,,,,,,,,,,,,,,,,,,,"Adrian Rodriguez","sa3019899",703641
"Gabriel Lara","NYY",0,1,1,0,0,0,0,0,0,0,0,0,0,0,0,0,,0,0,0.205322,0.0542075,0.300245,0.180544,0.253015,0.323767,0.253399,0.576782,0.118444,4.68352,0.274725,,-0.000729451,0.069723,-0.0484347,60.2294,-0.000729451,-0.0106943,-0.04760370554868132,-0.010694287717342377,-0.00244318,999,,,,,,,-1,,-1,,,,,,,,,,,,,,,,,,,,"Gabriel Lara","sa3021177",808106
"Abel Bastidas",,0,1,1,0,0,0,0,0,0,0,0,0,0,0,0,0,,0,0,0.202281,0.0502442,0.311581,0.161256,0.244777,0.301038,0.240521,0.545815,0.0987568,3.04335,0.28188,,-0.00153165,0.0592669,-0.0588908,49.9789,-0.00153165,0.00213886,-0.06048731610644609,0.002138857962563634,-0.00244835,999,,,,,,,-1,,-1,,,,,,,,,,,,,,,,,,,,"Abel Bastidas","sa3015709",694201
"Colton Bender",,0,1,1,0,0,0,0,0,0,0,0,0,0,0,0,0,,0,0,0.189522,0.084528,0.29002,0.291455,0.263662,0.28045,0.246059,0.544112,0.0909277,3.05558,0.258466,,-0.000954533,0.0637636,-0.0543941,52.5333,-0.000954533,0,-0.05721238412661478,0,-0.00244958,999,,,,,,,-1,,-1,,,,,,,,,,,,,,,,,,,,"Colton Bender","sa3016828",701209
"Jake Steels","ATL",0,1,1,0,0,0,0,0,0,0,0,0,0,0,0,0,,0,0,0.206177,0.0713977,0.261327,0.273212,0.275841,0.299308,0.25864,0.575149,0.0931313,2.66306,0.270001,,-0.00184925,0.073978,-0.0441797,62.2911,-0.00184925,-0.0106943,-0.0465421003755182,-0.010694287717342377,-0.00245204,999,,,,,,,-1,,-1,,,,,,,,,,,,,,,,,,,,"Jake Steels","sa3025538",809921
"Korey Holland",,0,1,1,0,0,0,0,0,0,0,0,0,0,0,0,0,,0,0,0.204067,0.0585778,0.362795,0.161463,0.252421,0.330876,0.255395,0.583297,0.12681,5.38195,0.303479,,0.000279201,0.0713435,-0.0468142,59.298,0.000279201,-0.0106943,-0.04769285939983092,-0.010694287717342377,-0.00245231,999,,,,,,,-1,,-1,,,,,,,,,,,,,,,,,,,,"Korey Holland","sa3008249",680690
"Ariel Castro","MIN",0,1,1,0,0,0,0,0,0,0,0,0,0,0,0,0,,0,0,0.178048,0.0667377,0.377471,0.176802,0.247199,0.291424,0.241275,0.538624,0.113376,3.8833,0.27246,,-0.00159109,0.0598791,-0.0582786,49.9912,-0.00159109,0.00213886,-0.06053228722885251,0.002138857962563634,-0.00245295,999,,,,,,,-1,,-1,,,,,,,,,,,,,,,,,,,,"Ariel Castro","sa3021071",806966
"Nic Kent","COL",0,1,1,0,0,0,0,0,0,0,0,0,0,0,0,0,,0,0,0.222016,0.0592181,0.232895,0.254269,0.27859,0.305892,0.26094,0.584482,0.0838757,3.44378,0.283531,,-0.000979346,0.075845,-0.0423127,50.6844,-0.000979346,0.00213886,-0.05942856229376048,0.002138857962563634,-0.00245749,999,,,,,,,-1,,-1,,,,,,,,,,,,,,,,,,,,"Nic Kent","sa3017160",684715
"Yhoangel Aponte","TOR",0,1,1,0,0,0,0,0,0,0,0,0,0,0,0,0,,0,0,0.186288,0.0494144,0.351175,0.140712,0.236912,0.306814,0.239673,0.543725,0.120526,3.82267,0.267878,,-0.00197104,0.0585782,-0.0595795,50.249,-0.00197104,0.00213886,-0.06060838047415018,0.002138857962563634,-0.00246073,999,,,,,,,-1,,-1,,,,,,,,,,,,,,,,,,,,"Yhoangel Aponte","sa3015792",699082
"Myles Smith","CIN",0,1,1,0,0,0,0,0,0,0,0,0,0,0,0,0,,0,0,0.196058,0.0928529,0.288521,0.321824,0.280101,0.300714,0.262364,0.580814,0.104655,4.58309,0.265791,,0.00022828,0.0770013,-0.0411564,60.4328,0.00022828,-0.0106943,-0.046667034475831315,-0.010694287717342377,-0.00246482,999,,,,,,,-1,,-1,,,,,,,,,,,,,,,,,,,,"Myles Smith","sa3042608",701737
"Josh Hatcher",,0,1,1,0,0,0,0,0,0,0,0,0,0,0,0,0,,0,0,0.21611,0.0362101,0.314111,0.115278,0.2463,0.333539,0.252029,0.579839,0.117429,4.67751,0.294582,,-0.000169373,0.0686107,-0.0495471,59.5628,-0.000169373,-0.0106943,-0.04782928418717347,-0.010694287717342377,-0.00246626,999,,,,,,,-1,,-1,,,,,,,,,,,,,,,,,,,,"Josh Hatcher","sa3020115",677049
"Xavier Guillen",,0,1,1,0,0,0,0,0,0,0,0,0,0,0,0,0,,0,0,0.196395,0.0779357,0.334908,0.232708,0.265934,0.304127,0.254811,0.57006,0.107732,5.33115,0.286471,,0.000263109,0.0708687,-0.047289,59.1911,0.000263109,-0.0106943,-0.0478349594050087,-0.010694287717342377,-0.00246684,999,,,,,,,-1,,-1,,,,,,,,,,,,,,,,,,,,"Xavier Guillen","sa3021060",806707
"Raider Tello","PHI",0,1,1,0,0,0,0,0,0,0,0,0,0,0,0,0,,0,0,0.206931,0.0455093,0.307765,0.14787,0.249473,0.306452,0.24514,0.555925,0.0995209,2.12915,0.285601,,-0.00114684,0.0630174,-0.0551403,51.9037,-0.00114684,0.000712953,-0.05815088585950434,0.0007129529840312898,-0.00247266,999,,,,,,,-1,,-1,,,,,,,,,,,,,,,,,,,,"Raider Tello","sa3025453",808864
"Kendry Chirinos","TOR",0,1,1,0,0,0,0,0,0,0,0,0,0,0,0,0,,0,0,0.20471,0.0791953,0.320866,0.246817,0.276988,0.311722,0.263375,0.58871,0.107012,3.27401,0.294273,,-0.00141511,0.0778219,-0.0403358,66.5764,-0.00141511,-0.0178238,-0.040808697463944554,-0.01782381348311901,-0.00247741,999,,,,,,,-1,,-1,,,,,,,,,,,,,,,,,,,,"Kendry Chirinos","sa3018453",800140
"Edwardo Espinal","LAA",0,1,1,0,0,0,0,0,0,0,0,0,0,0,0,0,,0,0,0.186171,0.0770286,0.340133,0.226466,0.254912,0.278764,0.240491,0.533676,0.0925926,3.247,0.275599,,-0.000720359,0.0592427,-0.058915,49.031,-0.000720359,0.00213886,-0.06079325044993311,0.002138857962563634,-0.00247965,999,,,,,,,-1,,-1,,,,,,,,,,,,,,,,,,,,"Edwardo Espinal","sa3022414",808103
"Matt Higgins",,0,1,1,0,0,0,0,0,0,0,0,0,0,0,0,0,,0,0,0.214342,0.0807511,0.265063,0.304649,0.285808,0.311913,0.268,0.59772,0.0975708,2.66529,0.283389,,-0.00125535,0.081577,-0.0365807,67.5631,-0.00125535,-0.0178238,-0.03969981300178915,-0.01782381348311901,-0.00248142,999,,,,,,,-1,,-1,,,,,,,,,,,,,,,,,,,,"Matt Higgins","sa3020128",696487
"Oswaldo Osorio","LAD",0,1,1,0,0,0,0,0,0,0,0,0,0,0,0,0,,0,0,0.173424,0.0846868,0.360871,0.234674,0.257179,0.275115,0.242188,0.532295,0.101691,3.01372,0.2617,,-0.00277889,0.0606204,-0.0575373,52.0009,-0.00277889,0.00213886,-0.059667795430868864,0.002138857962563634,-0.00248197,999,,,,,,,-1,,-1,,,,,,,,,,,,,,,,,,,,"Oswaldo Osorio","sa3018560",800424
"Hunter Fitz-Gerald","SEA",0,1,1,0,0,0,0,0,0,0,0,0,0,0,0,0,,0,0,0.202028,0.0668615,0.334675,0.19978,0.259431,0.314915,0.254269,0.574346,0.112887,3.52194,0.29111,,-0.00119381,0.0704292,-0.0477285,66.2319,-0.00119381,-0.0178238,-0.040993486414663494,-0.01782381348311901,-0.00249632,999,,,,,,,-1,,-1,,,,,,,,,,,,,,,,,,,,"Hunter Fitz-Gerald","sa3022482",686638
"Drew Bowser","CHC",0,1,1,0,0,0,0,0,0,0,0,0,0,0,0,0,,0,0,0.177785,0.0854117,0.365742,0.23353,0.254365,0.270805,0.238181,0.52517,0.0930199,4.6436,0.275929,,0.000226998,0.0573674,-0.0607903,50.5393,0.000226998,0.000712953,-0.05839412531349808,0.0007129529840312898,-0.00249754,999,,,,,,,-1,,-1,,,,,,,,,,,,,,,,,,,,"Drew Bowser","sa3022594",690958
"Christopher Espinola",,0,1,1,0,0,0,0,0,0,0,0,0,0,0,0,0,,0,0,0.193789,0.0881678,0.279003,0.31601,0.268869,0.291561,0.25246,0.560431,0.0977727,3.9562,0.25966,,-0.000585747,0.0689606,-0.0491971,59.6389,-0.000585747,-0.0106943,-0.0481559977051802,-0.010694287717342377,-0.00249969,999,,,,,,,-1,,-1,,,,,,,,,,,,,,,,,,,,"Christopher Espinola","sa3015786",699053
"Arturo Disla","TEX",0,1,1,0,0,0,0,0,0,0,0,0,0,0,0,0,,0,0,0.21265,0.052813,0.270318,0.195374,0.25982,0.337935,0.262004,0.597755,0.125285,1.85953,0.269738,,-0.0014677,0.0767094,-0.0414483,66.4342,-0.0014677,-0.0178238,-0.04102888307534158,-0.01782381348311901,-0.00249994,999,,,,,,,-1,,-1,,,,,,,,,,,,,,,,,,,,"Arturo Disla","sa3022618",815697
"Matt Halbach","CHC",0,1,1,0,0,0,0,0,0,0,0,0,0,0,0,0,,0,0,0.204371,0.0641738,0.282527,0.227142,0.269072,0.321921,0.262707,0.590993,0.117549,2.10871,0.267586,,-0.00120413,0.0772802,-0.0408775,67.3404,-0.00120413,-0.0178238,-0.039912468288093805,-0.01782381348311901,-0.00250318,999,,,,,,,-1,,-1,,,,,,,,,,,,,,,,,,,,"Matt Halbach","sa3032989",801561
"Yaikel Mijares","CLE",0,1,1,0,0,0,0,0,0,0,0,0,0,0,0,0,,0,0,0.176311,0.0888016,0.366836,0.242074,0.254292,0.261385,0.23507,0.515676,0.0850737,3.88626,0.276542,,0.000657868,0.0548409,-0.0633169,47.659,0.000657868,0.00213886,-0.061032142606563866,0.002138857962563634,-0.00250409,999,,,,,,,-1,,-1,,,,,,,,,,,,,,,,,,,,"Yaikel Mijares","sa3021181",808119
"Ricardo Cova","SEA",0,1,1,0,0,0,0,0,0,0,0,0,0,0,0,0,,0,0,0.20477,0.0359055,0.285719,0.125667,0.240418,0.312034,0.241925,0.552452,0.107264,5.16161,0.269743,,0.00160542,0.0604065,-0.0577512,57.7281,0.00160542,-0.0106943,-0.04821700451429933,-0.010694287717342377,-0.00250593,999,,,,,,,-1,,-1,,,,,,,,,,,,,,,,,,,,"Ricardo Cova","sa3016186",699698
"Jhonny Severino","PIT",0,1,1,0,0,0,0,0,0,0,0,0,0,0,0,0,,0,0,0.203598,0.035256,0.301436,0.11696,0.233622,0.333817,0.245571,0.567439,0.130219,4.34208,0.2686,,-0.0014479,0.0633667,-0.054791,51.9254,-0.0014479,0.000657342,-0.058426261763088405,0.0006573420250788331,-0.00250652,999,,,,,,,-1,,-1,,,,,,,,,,,,,,,,,,,,"Jhonny Severino","sa3018415",703177
"Manolfi Jimenez","PHI",0,1,1,0,0,0,0,0,0,0,0,0,0,0,0,0,,0,0,0.221206,0.0297023,0.274214,0.108318,0.251883,0.347805,0.260035,0.599688,0.126599,4.42093,0.285255,,-0.00229764,0.0751107,-0.043047,62.1072,-0.00229764,-0.0106943,-0.04720840509980917,-0.010694287717342377,-0.00252021,999,,,,,,,-1,,-1,,,,,,,,,,,,,,,,,,,,"Manolfi Jimenez","sa3018492",800272
"Jose Monzon","TBR",0,1,1,0,0,0,0,0,0,0,0,0,0,0,0,0,,0,0,0.19787,0.0752173,0.287971,0.261198,0.257303,0.287326,0.243517,0.544629,0.0894562,2.60423,0.269499,,-0.00256962,0.0616994,-0.0564583,51.4114,-0.00256962,0.000712953,-0.05983699136413634,0.0007129529840312898,-0.0025277,999,,,,,,,-1,,-1,,,,,,,,,,,,,,,,,,,,"Jose Monzon","sa3021222",808267
"Manuel Cabrera","WSN",0,1,1,0,0,0,0,0,0,0,0,0,0,0,0,0,,0,0,0.190421,0.0644333,0.340972,0.18897,0.252013,0.288135,0.241754,0.540148,0.0977141,3.1817,0.27877,,-0.000896235,0.060268,-0.0578897,51.2145,-0.000896235,0.000712953,-0.058717158215586096,0.0007129529840312898,-0.00253059,999,,,,,,,-1,,-1,,,,,,,,,,,,,,,,,,,,"Manuel Cabrera","sa3021096",806999
"Juan Guerrero",,0,1,1,0,0,0,0,0,0,0,0,0,0,0,0,0,,0,0,0.248547,0.0472356,0.184402,0.256156,0.286374,0.341974,0.275703,0.628349,0.0934271,4.48514,0.29591,,-0.000858284,0.0878317,-0.030326,60.7979,-0.000858284,-0.0106943,-0.04732083872659132,-0.010694287717342377,-0.00253171,999,,,,,,,-1,,-1,,,,,,,,,,,,,,,,,,,,"Juan Guerrero","sa3008759",682648
"Johnfrank Salazar","STL",0,1,1,0,0,0,0,0,0,0,0,0,0,0,0,0,,0,0,0.226594,0.0517406,0.20281,0.255119,0.272478,0.3261,0.264008,0.598579,0.0995062,2.99205,0.271349,,-0.00298902,0.0783361,-0.0398216,68.5871,-0.00298902,-0.0178238,-0.04021981963887811,-0.01782381348311901,-0.00253463,999,,,,,,,-1,,-1,,,,,,,,,,,,,,,,,,,,"Johnfrank Salazar","sa3015643",692564
"Jefrey De Los Santos",,0,1,1,0,0,0,0,0,0,0,0,0,0,0,0,0,,0,0,0.194139,0.0722328,0.317937,0.227192,0.25745,0.310852,0.25215,0.568301,0.116713,4.55549,0.271547,,-0.00190608,0.0687086,-0.0494491,61.6171,-0.00190608,-0.0106943,-0.047397786169312894,-0.010694287717342377,-0.00253958,999,,,,,,,-1,,-1,,,,,,,,,,,,,,,,,,,,"Jefrey De Los Santos","sa3015574",691645
"Quincy Scott","TEX",0,1,1,0,0,0,0,0,0,0,0,0,0,0,0,0,,0,0,0.202482,0.0786583,0.296637,0.265167,0.274827,0.283722,0.25282,0.558549,0.0812392,3.52764,0.285279,,-0.00157295,0.0692527,-0.048905,60.1076,-0.00157295,-0.0106943,-0.04859084892086685,-0.010694287717342377,-0.00254418,999,,,,,,,-1,,-1,,,,,,,,,,,,,,,,,,,,"Quincy Scott","sa3022656",701701
"Elian Rayo",,0,1,1,0,0,0,0,0,0,0,0,0,0,0,0,0,,0,0,0.188205,0.0662315,0.342187,0.193554,0.247638,0.2866,0.238676,0.534238,0.0983951,2.13424,0.275662,,-0.00141674,0.0577693,-0.0603884,51.4795,-0.00141674,0.000712953,-0.05892356357071549,0.0007129529840312898,-0.00255171,999,,,,,,,-1,,-1,,,,,,,,,,,,,,,,,,,,"Elian Rayo","sa3015612",692378
"Aldrin Lucas",,0,1,1,0,0,0,0,0,0,0,0,0,0,0,0,0,,0,0,0.207803,0.0893182,0.251422,0.355252,0.289912,0.302342,0.26781,0.592255,0.094539,3.18665,0.270112,,-0.00152461,0.0814234,-0.0367344,66.0117,-0.00152461,-0.0178238,-0.041583806509152055,-0.01782381348311901,-0.00255671,999,,,,,,,-1,,-1,,,,,,,,,,,,,,,,,,,,"Aldrin Lucas","sa3015554",691492
"José Suárez","STL",0,1,1,0,0,0,0,0,0,0,0,0,0,0,0,0,,0,0,0.215508,0.0383739,0.31893,0.120321,0.25218,0.327852,0.253457,0.580032,0.112344,4.41229,0.301731,,-0.00180382,0.0697694,-0.0483883,61.3591,-0.00180382,-0.0106943,-0.04760131670627743,-0.010694287717342377,-0.00256041,999,,,,,,,-1,,-1,,,,,,,,,,,,,,,,,,,,"Jose Suarez","sa3016156",699027
"Yeison Morrobel","TEX",0,1,1,0,0,0,0,0,0,0,0,0,0,0,0,0,,0,0,0.206622,0.0616114,0.24818,0.248253,0.260944,0.309117,0.252888,0.570062,0.102496,2.31499,0.260327,,-0.00179713,0.0693074,-0.0488503,60.154,-0.00179713,-0.0106943,-0.04876031738240272,-0.010694287717342377,-0.00256152,999,,,,,,,-1,,-1,,,,,,,,,,,,,,,,,,,,"Yeison Morrobel","sa3015720",694218
"Nehomar Ochoa Jr.","HOU",0,1,1,0,0,0,0,0,0,0,0,0,0,0,0,0,,0,0,0.196611,0.0600991,0.329899,0.182174,0.255317,0.3159,0.253021,0.571217,0.119289,3.57632,0.274533,,-0.000928912,0.0694161,-0.0487417,59.4161,-0.000928912,-0.0106943,-0.04876176989637315,-0.010694287717342377,-0.00256167,999,,,,,,,-1,,-1,,,,,,,,,,,,,,,,,,,,"Nehomar Ochoa Jr.","sa3022572",806441
"Noelberth Romero","BAL",0,1,1,0,0,0,0,0,0,0,0,0,0,0,0,0,,0,0,0.198433,0.0417819,0.279651,0.149407,0.237,0.304618,0.237789,0.541619,0.106186,3.94168,0.256807,,-0.00101115,0.0570491,-0.0611087,49.7923,-0.00101115,0.000712953,-0.06018673535436392,0.0007129529840312898,-0.00256348,999,,,,,,,-1,,-1,,,,,,,,,,,,,,,,,,,,"Noelberth Romero","sa3008808",682801
"Easton Shelton","LAD",0,1,1,0,0,0,0,0,0,0,0,0,0,0,0,0,,0,0,0.190526,0.0551264,0.389305,0.141602,0.241032,0.329102,0.249577,0.570134,0.138577,3.46527,0.28583,,-0.00107023,0.0666197,-0.051538,57.0627,-0.00107023,-0.00641657,-0.05195977014955133,-0.006416573189198971,-0.00256867,999,,,,,,,-1,,-1,,,,,,,,,,,,,,,,,,,,"Easton Shelton","sa3023287",806221
"Jalen Hairston","CIN",0,1,1,0,0,0,0,0,0,0,0,0,0,0,0,0,,0,0,0.195568,0.0653443,0.309541,0.211101,0.252915,0.301036,0.246231,0.553951,0.105468,3.94482,0.268484,,0.000866175,0.0639027,-0.054255,49.3811,0.000866175,0.000712953,-0.05912774382159114,0.0007129529840312898,-0.0025726,999,,,,,,,-1,,-1,,,,,,,,,,,,,,,,,,,,"Jalen Hairston","sa3067395",803630
"Yeycol Soriano","CIN",0,1,1,0,0,0,0,0,0,0,0,0,0,0,0,0,,0,0,0.186782,0.0818354,0.355642,0.230106,0.257129,0.291053,0.245907,0.548182,0.10427,3.96571,0.280314,,-0.000360049,0.0636402,-0.0545175,49.1595,-0.000360049,0.00213886,-0.06061654179939069,0.002138857962563634,-0.00257904,999,,,,,,,-1,,-1,,,,,,,,,,,,,,,,,,,,"Yeycol Soriano","sa3021109",807649
"Jake Cunningham","SDP",0,1,1,0,0,0,0,0,0,0,0,0,0,0,0,0,,0,0,0.19331,0.073761,0.344128,0.214342,0.257366,0.294405,0.246614,0.551771,0.101096,5.77431,0.286349,,0.00306482,0.0642139,-0.0539438,55.8713,0.00306482,-0.0106943,-0.048945952439680696,-0.010694287717342377,-0.00258051,999,,,,,,,-1,,-1,,,,,,,,,,,,,,,,,,,,"Jake Cunningham","sa3023269",801507
"Jose Perdomo","ATL",0,1,1,0,0,0,0,0,0,0,0,0,0,0,0,0,,0,0,0.207671,0.0393654,0.290932,0.135308,0.241078,0.302513,0.238463,0.543591,0.0948417,2.52661,0.279071,,-0.00140431,0.057596,-0.0605618,48.469,-0.00140431,0.00393692,-0.06247922102920711,0.003936924040317535,-0.00258565,999,,,,,,,-1,,-1,,,,,,,,,,,,,,,,,,,,"Jose Perdomo","sa3025104",815899
"Manuel Pena","ARI",0,1,1,0,0,0,0,0,0,0,0,0,0,0,0,0,,0,0,0.232617,0.0448728,0.259943,0.172626,0.267734,0.347486,0.267759,0.61522,0.11487,4.10341,0.302735,,-0.00284905,0.0813818,-0.0367759,68.0246,-0.00284905,-0.0178238,-0.04074646788649261,-0.01782381348311901,-0.00258851,999,,,,,,,-1,,-1,,,,,,,,,,,,,,,,,,,,"Manuel Pena","sa3015715",694211
"Victor Rodriguez","LAA",0,1,1,0,0,0,0,0,0,0,0,0,0,0,0,0,,0,0,0.1885,0.0628589,0.343298,0.183103,0.247643,0.296874,0.242089,0.544517,0.108375,4.39981,0.275236,,-0.00175166,0.0605401,-0.0576176,50.1318,-0.00175166,0.000712953,-0.060527153429575264,0.0007129529840312898,-0.00259831,999,,,,,,,-1,,-1,,,,,,,,,,,,,,,,,,,,"Victor Rodriguez","sa3021183",808123
"Bryan Martinez","LAA",0,1,1,0,0,0,0,0,0,0,0,0,0,0,0,0,,0,0,0.188623,0.0507223,0.374281,0.135519,0.238293,0.299311,0.237478,0.537605,0.110688,4.56598,0.286884,,-0.0012777,0.0567959,-0.0613618,46.9551,-0.0012777,0.00393692,-0.06379733758512884,0.003936924040317535,-0.00260304,999,,,,,,,-1,,-1,,,,,,,,,,,,,,,,,,,,"Bryan Martinez","sa3021600",808115
"Myles Naylor","ATH",0,1,1,0,0,0,0,0,0,0,0,0,0,0,0,0,,0,0,0.165345,0.0957013,0.409829,0.233515,0.245618,0.264746,0.231877,0.510364,0.0994017,3.25021,0.274267,,-0.000317319,0.0522485,-0.0659093,43.9957,-0.000317319,0.0072165,-0.06650943178101443,0.007216504774987698,-0.00260371,999,,,,,,,-1,,-1,,,,,,,,,,,,,,,,,,,,"Myles Naylor","sa3022605",802504
"Bairon Ledesma","COL",0,1,1,0,0,0,0,0,0,0,0,0,0,0,0,0,,0,0,0.215558,0.073606,0.264257,0.27854,0.275984,0.308289,0.260495,0.584273,0.0927312,3.06096,0.285575,,-0.00206087,0.0754837,-0.042674,50.3795,-0.00206087,0.00213886,-0.06087138270959258,0.002138857962563634,-0.00260511,999,,,,,,,-1,,-1,,,,,,,,,,,,,,,,,,,,"Bairon Ledesma","sa3021320",813982
"Andy Garriola","CHC",0,1,1,0,0,0,0,0,0,0,0,0,0,0,0,0,,0,0,0.196252,0.0432542,0.303064,0.142723,0.239522,0.338831,0.251946,0.578353,0.142579,2.57907,0.251272,,-0.000614934,0.0685429,-0.0496148,59.9685,-0.000614934,-0.0106943,-0.04806053277570754,-0.010694287717342377,-0.00260739,999,,,,,,,-1,,-1,,,,,,,,,,,,,,,,,,,,"Andy Garriola","sa3020458",696513
"Jakey Josepha","ARI",0,1,1,0,0,0,0,0,0,0,0,0,0,0,0,0,,0,0,0.192193,0.064367,0.330516,0.194747,0.247715,0.287361,0.23836,0.535076,0.0951682,5.34524,0.278269,,0.000853805,0.0575121,-0.0606456,47.885,0.000853805,0.00213886,-0.060913311142940074,0.002138857962563634,-0.0026094,999,,,,,,,-1,,-1,,,,,,,,,,,,,,,,,,,,"Jakey Josepha","sa3017481",699228
"Tevin Tucker","COL",0,1,1,0,0,0,0,0,0,0,0,0,0,0,0,0,,0,0,0.189646,0.0972636,0.304935,0.318965,0.279196,0.27122,0.252406,0.550416,0.0815741,5.54753,0.273788,,0.00434828,0.0689167,-0.049241,44.8387,0.00434828,0.00213886,-0.061029276344925165,0.002138857962563634,-0.00262126,999,,,,,,,-1,,-1,,,,,,,,,,,,,,,,,,,,"Tevin Tucker","sa3022558",686683
"David Smith",,0,1,1,0,0,0,0,0,0,0,0,0,0,0,0,0,,0,0,0.185177,0.103484,0.271496,0.381163,0.280492,0.262221,0.250717,0.542713,0.0770442,4.55233,0.251765,,0.0013044,0.0675455,-0.0506122,57.0029,0.0013044,-0.0106943,-0.049372692476026714,-0.010694287717342377,-0.00262417,999,,,,,,,-1,,-1,,,,,,,,,,,,,,,,,,,,"David Smith","sa3022925",808818
"Jared Wegner",,0,1,1,0,0,0,0,0,0,0,0,0,0,0,0,0,,0,0,0.186024,0.0826624,0.338643,0.244099,0.264283,0.295534,0.252104,0.559817,0.10951,3.94197,0.27018,,-0.00147823,0.0686709,-0.0494868,59.3367,-0.00147823,-0.0106943,-0.049404622870497406,-0.010694287717342377,-0.00262744,999,,,,,,,-1,,-1,,,,,,,,,,,,,,,,,,,,"Jared Wegner","sa3022695",808767
"Kelvin Alcantara","SEA",0,1,1,0,0,0,0,0,0,0,0,0,0,0,0,0,,0,0,0.191693,0.0679012,0.308545,0.220069,0.253682,0.291552,0.243757,0.545235,0.0998593,2.50792,0.265005,,-0.00112079,0.0618945,-0.0562632,58.9905,-0.00112079,-0.0106943,-0.04945523734204471,-0.010694287717342377,-0.00263262,999,,,,,,,-1,,-1,,,,,,,,,,,,,,,,,,,,"Kelvin Alcantara","sa3021837",808083
"Brayden Jobert",,0,1,1,0,0,0,0,0,0,0,0,0,0,0,0,0,,0,0,0.188999,0.0777244,0.298932,0.260007,0.267005,0.291799,0.252326,0.558804,0.1028,3.75233,0.258288,,-0.00162649,0.0688512,-0.0493066,60.5843,-0.00162649,-0.0106943,-0.048342256573960185,-0.010694287717342377,-0.00263621,999,,,,,,,-1,,-1,,,,,,,,,,,,,,,,,,,,"Brayden Jobert","sa3022434",801430
"Athanael Duarte","LAA",0,1,1,0,0,0,0,0,0,0,0,0,0,0,0,0,,0,0,0.185547,0.0758297,0.321295,0.236013,0.257231,0.280965,0.242656,0.538196,0.0954173,3.65399,0.267513,,-0.00258484,0.0610006,-0.0571571,50.5225,-0.00258484,0.000712953,-0.060899804113432765,0.0007129529840312898,-0.00263644,999,,,,,,,-1,,-1,,,,,,,,,,,,,,,,,,,,"Athanael Duarte","sa3019630",805744
"Cole Foster","SFG",0,1,1,0,0,0,0,0,0,0,0,0,0,0,0,0,,0,0,0.182565,0.0514563,0.334587,0.15379,0.237496,0.27561,0.229501,0.513106,0.0930448,3.13971,0.263271,,-0.00132927,0.0503197,-0.067838,45.1941,-0.00132927,0.0072165,-0.06628561893012375,0.007216504774987698,-0.00263955,999,,,,,,,-1,,-1,,,,,,,,,,,,,,,,,,,,"Cole Foster","sa3022673",694369
"B.Y. Choi",,0,1,1,0,0,0,0,0,0,0,0,0,0,0,0,0,,0,0,0.182015,0.0774132,0.333279,0.232277,0.250412,0.264496,0.23312,0.514908,0.0824811,3.62527,0.26953,,-0.000803959,0.0532579,-0.0648998,49.0184,-0.000803959,0.00213886,-0.061227683268953115,0.002138857962563634,-0.00264156,999,,,,,,,-1,,-1,,,,,,,,,,,,,,,,,,,,"B.Y. Choi","sa3022898",815325
"Anderdson Rojas","ARI",0,1,1,0,0,0,0,0,0,0,0,0,0,0,0,0,,0,0,0.212627,0.0474276,0.217892,0.217665,0.251092,0.293991,0.240348,0.545084,0.0813647,6.00738,0.267647,,0.000315386,0.0591265,-0.0590312,49.2471,0.000315386,0.000712953,-0.05983730830485001,0.0007129529840312898,-0.0026452,999,,,,,,,-1,,-1,,,,,,,,,,,,,,,,,,,,"Anderdson Rojas","sa3015818",699232
"Corey Collins","NYM",0,1,1,0,0,0,0,0,0,0,0,0,0,0,0,0,,0,0,0.179225,0.110473,0.322117,0.342959,0.285179,0.27821,0.259614,0.563388,0.0989849,3.01047,0.258967,,-0.00188028,0.0747686,-0.0433892,66.7301,-0.00188028,-0.0178238,-0.041312024695798755,-0.01782381348311901,-0.00264637,999,,,,,,,-1,,-1,,,,,,,,,,,,,,,,,,,,"Corey Collins","sa3025450",690970
"Diego Benitez",,0,1,1,0,0,0,0,0,0,0,0,0,0,0,0,0,,0,0,0.193361,0.0579666,0.31614,0.183358,0.249649,0.29207,0.241423,0.54172,0.0987096,2.93324,0.270641,,-0.00125347,0.0599994,-0.0581583,50.4969,-0.00125347,0.000712953,-0.05992492183577269,0.0007129529840312898,-0.00265416,999,,,,,,,-1,,-1,,,,,,,,,,,,,,,,,,,,"Diego Benitez","sa3018391",698902
"Roni Cabrera","KCR",0,1,1,0,0,0,0,0,0,0,0,0,0,0,0,0,,0,0,0.197148,0.0603763,0.322855,0.187008,0.254334,0.322875,0.254717,0.577209,0.125727,4.99566,0.270546,,0.000938251,0.0707929,-0.0473648,56.9922,0.000938251,-0.0106943,-0.04975144285708666,-0.010694287717342377,-0.00266292,999,,,,,,,-1,,-1,,,,,,,,,,,,,,,,,,,,"Roni Cabrera","sa3018575",800492
"Samil Dishmey","LAA",0,1,1,0,0,0,0,0,0,0,0,0,0,0,0,0,,0,0,0.198643,0.0701055,0.313514,0.223612,0.263245,0.307247,0.254438,0.570493,0.108604,3.06588,0.274544,,-0.00106383,0.0705665,-0.0475912,58.6388,-0.00106383,-0.0106943,-0.049812869052402675,-0.010694287717342377,-0.00266921,999,,,,,,,-1,,-1,,,,,,,,,,,,,,,,,,,,"Samil Dishmey","sa3021841",808120
"Leiker Figueroa",,0,1,1,0,0,0,0,0,0,0,0,0,0,0,0,0,,0,0,0.200184,0.0494896,0.305265,0.16212,0.249272,0.294816,0.241438,0.544088,0.094632,4.42189,0.278011,,-0.00142975,0.0600111,-0.0581466,50.5067,-0.00142975,0.000712953,-0.06008950830437243,0.0007129529840312898,-0.002671,999,,,,,,,-1,,-1,,,,,,,,,,,,,,,,,,,,"Leiker Figueroa","sa3018506",800303
"Jurdrick Profar","CHW",0,1,1,0,0,0,0,0,0,0,0,0,0,0,0,0,,0,0,0.182782,0.0686176,0.361572,0.189776,0.244172,0.285974,0.236858,0.530146,0.103191,4.35245,0.273573,,-0.000733893,0.0562929,-0.0618648,47.4492,-0.000733893,0.00213886,-0.06267113581998274,0.002138857962563634,-0.00267178,999,,,,,,,-1,,-1,,,,,,,,,,,,,,,,,,,,"Jurdrick Profar","sa3023962",821673
"Jared McKenzie","WSN",0,1,1,0,0,0,0,0,0,0,0,0,0,0,0,0,,0,0,0.204855,0.0342536,0.304417,0.112522,0.240025,0.306152,0.239407,0.546177,0.101296,4.44754,0.28161,,-0.001833,0.0583628,-0.0597949,49.607,-0.001833,0.00213886,-0.06155913707334548,0.002138857962563634,-0.00267548,999,,,,,,,-1,,-1,,,,,,,,,,,,,,,,,,,,"Jared McKenzie","sa3020273",686982
"Daniel Montesino",,0,1,1,0,0,0,0,0,0,0,0,0,0,0,0,0,,0,0,0.195372,0.0707041,0.302053,0.234078,0.259539,0.294447,0.247892,0.553985,0.0990751,3.79543,0.269733,,-0.000401993,0.0652515,-0.0529062,59.1378,-0.000401993,-0.0106943,-0.04883218600298278,-0.010694287717342377,-0.00268634,999,,,,,,,-1,,-1,,,,,,,,,,,,,,,,,,,,"Daniel Montesino","sa3015721",694220
"Andy Perez","COL",0,1,1,0,0,0,0,0,0,0,0,0,0,0,0,0,,0,0,0.237185,0.0170956,0.211241,0.0809294,0.250965,0.33805,0.25424,0.589014,0.100864,5.72751,0.289182,,0.000310488,0.0704058,-0.0477519,46.0951,0.000310488,0.00393692,-0.0635779945878312,0.003936924040317535,-0.00269807,999,,,,,,,-1,,-1,,,,,,,,,,,,,,,,,,,,"Andy Perez","sa3015857",700321
"John Estevez","ATL",0,1,1,0,0,0,0,0,0,0,0,0,0,0,0,0,,0,0,0.194245,0.0939997,0.307121,0.306068,0.273667,0.294643,0.256256,0.56831,0.100398,3.53855,0.273824,,-0.00234154,0.072042,-0.0461157,60.6576,-0.00234154,-0.0106943,-0.048970389645546675,-0.010694287717342377,-0.00270048,999,,,,,,,-1,,-1,,,,,,,,,,,,,,,,,,,,"John Estevez","sa3021287",808553
"Mitchell Daly",,0,1,1,0,0,0,0,0,0,0,0,0,0,0,0,0,,0,0,0.184868,0.0733374,0.341012,0.215058,0.249076,0.286477,0.239741,0.535553,0.101609,3.32407,0.268321,,-0.000871748,0.0586339,-0.0595238,48.5145,-0.000871748,0.000712953,-0.061553422594442964,0.0007129529840312898,-0.00270331,999,,,,,,,-1,,-1,,,,,,,,,,,,,,,,,,,,"Mitchell Daly","sa3025169",699475
"Ben Ramirez",,0,1,1,0,0,0,0,0,0,0,0,0,0,0,0,0,,0,0,0.192539,0.050404,0.321141,0.156953,0.23613,0.285122,0.230636,0.521252,0.0925826,2.58754,0.272527,,-0.00257134,0.0512413,-0.0669165,49.9518,-0.00257134,0.000712953,-0.06155899562872946,0.0007129529840312898,-0.00270388,999,,,,,,,-1,,-1,,,,,,,,,,,,,,,,,,,,"Ben Ramirez","sa3016950",668756
"Austin Callahan","CIN",0,1,1,0,0,0,0,0,0,0,0,0,0,0,0,0,,0,0,0.197069,0.0622023,0.325209,0.191269,0.249851,0.307436,0.246212,0.557287,0.110367,3.55765,0.280416,,-0.00185014,0.0638873,-0.0542704,49.368,-0.00185014,0.00213886,-0.06185948429629207,0.002138857962563634,-0.00270621,999,,,,,,,-1,,-1,,,,,,,,,,,,,,,,,,,,"Austin Callahan","sa3017407",702472
"Natanael Yuten","BOS",0,1,1,0,0,0,0,0,0,0,0,0,0,0,0,0,,0,0,0.22215,0.0375551,0.302799,0.124026,0.256513,0.342599,0.26044,0.599112,0.120449,4.48352,0.305654,,-0.0028219,0.0754395,-0.0427182,59.7553,-0.0028219,-0.0106943,-0.05025499779731035,-0.010694287717342377,-0.00271444,999,,,,,,,-1,,-1,,,,,,,,,,,,,,,,,,,,"Natanael Yuten","sa3018486",800256
"Luis Merejo","CLE",0,1,1,0,0,0,0,0,0,0,0,0,0,0,0,0,,0,0,0.182101,0.0737357,0.350156,0.21058,0.258839,0.299059,0.250625,0.557897,0.116957,2.85496,0.266167,,-0.00121232,0.0674701,-0.0506876,58.3743,-0.00121232,-0.0106943,-0.05027305008843541,-0.010694287717342377,-0.00271629,999,,,,,,,-1,,-1,,,,,,,,,,,,,,,,,,,,"Luis Merejo","sa3021196",808153
"Cody Schrier","MIA",0,1,1,0,0,0,0,0,0,0,0,0,0,0,0,0,,0,0,0.210162,0.0581158,0.288443,0.201481,0.261631,0.32863,0.259728,0.590261,0.118469,5.90605,0.278122,,0.00279718,0.0748609,-0.0432968,62.1659,0.00279718,-0.0178238,-0.04204405494965613,-0.01782381348311901,-0.00272127,999,,,,,,,-1,,-1,,,,,,,,,,,,,,,,,,,,"Cody Schrier","sa3041782",691794
"Brian Kalmer","CHC",0,1,1,0,0,0,0,0,0,0,0,0,0,0,0,0,,0,0,0.190966,0.0834412,0.345756,0.24133,0.261146,0.326194,0.260007,0.58734,0.135229,3.19997,0.271139,,-0.00115063,0.0750875,-0.0430702,65.4904,-0.00115063,-0.0178238,-0.042051675147376955,-0.01782381348311901,-0.00272205,999,,,,,,,-1,,-1,,,,,,,,,,,,,,,,,,,,"Brian Kalmer","sa3022591",687260
"Cam Fisher",,0,1,1,0,0,0,0,0,0,0,0,0,0,0,0,0,,0,0,0.159272,0.106692,0.431367,0.247335,0.25897,0.282766,0.247068,0.541736,0.123494,5.02551,0.266742,,0.00223276,0.0645826,-0.0535751,55.3152,0.00223276,-0.0106943,-0.05043352930806577,-0.010694287717342377,-0.00273271,999,,,,,,,-1,,-1,,,,,,,,,,,,,,,,,,,,"Cam Fisher","sa3022687",801176
"Wilman Diaz",,0,1,1,0,0,0,0,0,0,0,0,0,0,0,0,0,,0,0,0.192481,0.0508064,0.34833,0.145857,0.236729,0.303378,0.237374,0.540107,0.110896,5.19239,0.280397,,-0.00133279,0.0567122,-0.0614455,48.7034,-0.00133279,0.00213886,-0.06212985538877547,0.002138857962563634,-0.00273387,999,,,,,,,-1,,-1,,,,,,,,,,,,,,,,,,,,"Wilman Diaz","sa3015694",694180
"Juan Castillo","COL",0,1,1,0,0,0,0,0,0,0,0,0,0,0,0,0,,0,0,0.209373,0.0464476,0.282393,0.164479,0.250366,0.300283,0.243077,0.550649,0.0909105,2.39438,0.281477,,-0.00137116,0.0613422,-0.0568155,38.4478,-0.00137116,0.014259,-0.07432325545232743,0.01425904966890812,-0.00274136,999,,,,,,,-1,,-1,,,,,,,,,,,,,,,,,,,,"Juan Castillo","sa3015541",691435
"Maikel Hernandez",,0,1,1,0,0,0,0,0,0,0,0,0,0,0,0,0,,0,0,0.207834,0.0713398,0.258046,0.276461,0.269169,0.312238,0.258691,0.581407,0.104404,3.18077,0.266658,,-0.000752828,0.0740191,-0.0441387,64.9446,-0.000752828,-0.0178238,-0.04230069665936753,-0.01782381348311901,-0.00274753,999,,,,,,,-1,,-1,,,,,,,,,,,,,,,,,,,,"Maikel Hernandez","sa3016113",692397
"Alfonzo Martinez","TBR",0,1,1,0,0,0,0,0,0,0,0,0,0,0,0,0,,0,0,0.20295,0.0406816,0.292923,0.138881,0.240215,0.300338,0.237593,0.540553,0.0973882,4.19627,0.273769,,-0.00136952,0.0568897,-0.061268,47.3305,-0.00136952,0.00213886,-0.06344661163166165,0.002138857962563634,-0.00275112,999,,,,,,,-1,,-1,,,,,,,,,,,,,,,,,,,,"Alfonzo Martinez","sa3021225",808273
"Isaias Dipre",,0,1,1,0,0,0,0,0,0,0,0,0,0,0,0,0,,0,0,0.207285,0.0601067,0.279736,0.214869,0.263041,0.312745,0.255311,0.575786,0.10546,3.08547,0.276631,,-0.000872638,0.0712746,-0.0468831,58.8706,-0.000872638,-0.0106943,-0.04961951443692669,-0.010694287717342377,-0.00276689,999,,,,,,,-1,,-1,,,,,,,,,,,,,,,,,,,,"Isaias Dipre","sa3016314",692658
"Kevin Sim",,0,1,1,0,0,0,0,0,0,0,0,0,0,0,0,0,,0,0,0.199108,0.0518583,0.293281,0.176821,0.248611,0.29695,0.241938,0.545561,0.0978419,2.99617,0.269489,,-0.00218318,0.0604173,-0.0577404,50.3362,-0.00218318,0.000712953,-0.061045106034725904,0.0007129529840312898,-0.00276877,999,,,,,,,-1,,-1,,,,,,,,,,,,,,,,,,,,"Kevin Sim","sa3022560",691726
"Carlos Caro","PIT",0,1,1,0,0,0,0,0,0,0,0,0,0,0,0,0,,0,0,0.193851,0.0704511,0.304647,0.231254,0.258494,0.276653,0.241113,0.535147,0.0828017,4.41553,0.275728,,-0.000461399,0.0597476,-0.0584102,48.8718,-0.000461399,0.000657342,-0.06105892645427957,0.0006573420250788331,-0.00277588,999,,,,,,,-1,,-1,,,,,,,,,,,,,,,,,,,,"Carlos Caro","sa3021325",814261
"Brenner Cox","WSN",0,1,1,0,0,0,0,0,0,0,0,0,0,0,0,0,,0,0,0.171173,0.0813868,0.383317,0.212322,0.246199,0.273317,0.234748,0.519517,0.102144,5.21088,0.269626,,0.000954638,0.0545798,-0.0635779,46.4152,0.000954638,0.00213886,-0.06255449081072584,0.002138857962563634,-0.00277731,999,,,,,,,-1,,-1,,,,,,,,,,,,,,,,,,,,"Brenner Cox","sa3020217",702685
"Yendry Rojas",,0,1,1,0,0,0,0,0,0,0,0,0,0,0,0,0,,0,0,0.187609,0.0669694,0.280894,0.238415,0.245316,0.264737,0.22948,0.510053,0.0771282,4.33764,0.254727,,0.000702074,0.0503023,-0.0678554,46.5247,0.000702074,0.00213886,-0.06267725100042298,0.002138857962563634,-0.00278987,999,,,,,,,-1,,-1,,,,,,,,,,,,,,,,,,,,"Yendry Rojas","sa3018418",703180
"Kevin Villavicencio","NYM",0,1,1,0,0,0,0,0,0,0,0,0,0,0,0,0,,0,0,0.205073,0.0394731,0.241971,0.163131,0.240388,0.289522,0.233488,0.52991,0.0844496,5.18261,0.260761,,-0.000644376,0.0535567,-0.064601,48.8329,-0.000644376,0.000712953,-0.061287940479815006,0.0007129529840312898,-0.00279362,999,,,,,,,-1,,-1,,,,,,,,,,,,,,,,,,,,"Kevin Villavicencio","sa3015673",692944
"Bryant Mendez","SEA",0,1,1,0,0,0,0,0,0,0,0,0,0,0,0,0,,0,0,0.172507,0.0684462,0.358151,0.19111,0.238988,0.251636,0.222764,0.490624,0.0791291,5.27722,0.266874,,0.00146095,0.0448496,-0.0733081,44.5287,0.00146095,0.00213886,-0.06391839648131281,0.002138857962563634,-0.00279939,999,,,,,,,-1,,-1,,,,,,,,,,,,,,,,,,,,"Bryant Mendez","sa3016148",698915
"Carlos Gutierrez",,0,1,1,0,0,0,0,0,0,0,0,0,0,0,0,0,,0,0,0.199752,0.0700045,0.285372,0.24531,0.261185,0.292807,0.247878,0.553992,0.0930547,4.02258,0.27036,,0.000168893,0.0652403,-0.0529174,56.4824,0.000168893,-0.0106943,-0.05112162981822621,-0.010694287717342377,-0.00280311,999,,,,,,,-1,,-1,,,,,,,,,,,,,,,,,,,,"Carlos Gutierrez","sa3015783",699049
"Braylon Bishop",,0,1,1,0,0,0,0,0,0,0,0,0,0,0,0,0,,0,0,0.182038,0.0726637,0.350637,0.207233,0.250676,0.269105,0.234871,0.519782,0.0870669,6.01584,0.278805,,0.00285376,0.0546794,-0.0634783,44.5956,0.00285376,0.00213886,-0.06281188200227916,0.002138857962563634,-0.00280365,999,,,,,,,-1,,-1,,,,,,,,,,,,,,,,,,,,"Braylon Bishop","sa3017559",691770
"T.J. McCants","CHW",0,1,1,0,0,0,0,0,0,0,0,0,0,0,0,0,,0,0,0.20092,0.067698,0.334232,0.202548,0.258683,0.303862,0.249867,0.562545,0.102942,5.73341,0.29316,,0.000176474,0.0668549,-0.0513028,56.4106,0.000176474,-0.0106943,-0.05119872890645638,-0.010694287717342377,-0.002811,999,,,,,,,-1,,-1,,,,,,,,,,,,,,,,,,,,"T.J. McCants","sa3025355",690996
"Joe Naranjo",,0,1,1,0,0,0,0,0,0,0,0,0,0,0,0,0,,0,0,0.20358,0.101297,0.268916,0.376686,0.289159,0.285221,0.26172,0.57438,0.0816415,2.01239,0.276101,,-0.00132656,0.0764787,-0.041679,64.892,-0.00132656,-0.0178238,-0.042936818790622056,-0.01782381348311901,-0.00281261,999,,,,,,,-1,,-1,,,,,,,,,,,,,,,,,,,,"Joe Naranjo","sa3010025",683172
"Facundo Velasquez","STL",0,1,1,0,0,0,0,0,0,0,0,0,0,0,0,0,,0,0,0.169932,0.0970419,0.379318,0.255832,0.254606,0.253449,0.233019,0.508055,0.0835169,4.60467,0.276171,,-0.000574504,0.0531757,-0.064982,47.3584,-0.000574504,0.00213886,-0.06296568439574912,0.002138857962563634,-0.00281938,999,,,,,,,-1,,-1,,,,,,,,,,,,,,,,,,,,"Facundo Velasquez","sa3021227",808278
"Gery Holguin","MIL",0,1,1,0,0,0,0,0,0,0,0,0,0,0,0,0,,0,0,0.179112,0.0771368,0.375859,0.205228,0.244037,0.28948,0.238108,0.533517,0.110368,2.87056,0.27439,,-0.00167475,0.0573081,-0.0608497,49.4516,-0.00167475,0.000712953,-0.06158504891209304,0.0007129529840312898,-0.00282401,999,,,,,,,-1,,-1,,,,,,,,,,,,,,,,,,,,"Gery Holguin","sa3018534",800368
"Daniel Rojas","STL",0,1,1,0,0,0,0,0,0,0,0,0,0,0,0,0,,0,0,0.204028,0.0544981,0.291083,0.187225,0.251023,0.304818,0.245604,0.555841,0.10079,4.95687,0.273427,,0.00199276,0.0633939,-0.0547638,55.9798,0.00199276,-0.0106943,-0.05018025543540716,-0.010694287717342377,-0.00282427,999,,,,,,,-1,,-1,,,,,,,,,,,,,,,,,,,,"Daniel Rojas","sa3021613",808263
"Ismael Javier",,0,1,1,0,0,0,0,0,0,0,0,0,0,0,0,0,,0,0,0.185088,0.0713555,0.30036,0.237567,0.250795,0.266084,0.233777,0.516879,0.0809961,2.85679,0.258344,,-0.00175376,0.0537916,-0.0643661,49.4687,-0.00175376,0.000712953,-0.061643780558370054,0.0007129529840312898,-0.00283002,999,,,,,,,-1,,-1,,,,,,,,,,,,,,,,,,,,"Ismael Javier","sa3021075",806973
"Lyle Miller-Green",,0,1,1,0,0,0,0,0,0,0,0,0,0,0,0,0,,0,0,0.190071,0.101014,0.34093,0.29629,0.279577,0.296474,0.260984,0.576052,0.106403,3.0716,0.282624,,-0.0019384,0.0758813,-0.0422764,64.069,-0.0019384,-0.0178238,-0.044287228025496006,-0.01782381348311901,-0.00283331,999,,,,,,,-1,,-1,,,,,,,,,,,,,,,,,,,,"Lyle Miller-Green","sa3025307",688509
"Mike Jarvis","PIT",0,1,1,0,0,0,0,0,0,0,0,0,0,0,0,0,,0,0,0.196031,0.053557,0.274663,0.194992,0.249244,0.294951,0.241772,0.544195,0.0989193,6.66262,0.258927,,0.00550953,0.0602822,-0.0578755,49.3229,0.00550953,-0.00641657,-0.05455333739519119,-0.006416573189198971,-0.00283402,999,,,,,,,-1,,-1,,,,,,,,,,,,,,,,,,,,"Mike Jarvis","sa3017401",690448
"Luis Freitez","ATH",0,1,1,0,0,0,0,0,0,0,0,0,0,0,0,0,,0,0,0.183948,0.0767287,0.322922,0.237608,0.254396,0.269426,0.236933,0.523821,0.0854774,3.80175,0.270173,,-0.00172444,0.0563537,-0.0618041,47.4691,-0.00172444,0.00213886,-0.06381134688854218,0.002138857962563634,-0.00284717,999,,,,,,,-1,,-1,,,,,,,,,,,,,,,,,,,,"Luis Freitez","sa3017479",693782
"Caden Rose","BOS",0,1,1,0,0,0,0,0,0,0,0,0,0,0,0,0,,0,0,0.184654,0.0739366,0.376311,0.196478,0.26648,0.300112,0.255344,0.566592,0.115458,5.58411,0.288424,,-0.0000376802,0.0713014,-0.0468563,56.2443,-0.0000376802,-0.0106943,-0.05160882214840967,-0.010694287717342377,-0.00285296,999,,,,,,,-1,,-1,,,,,,,,,,,,,,,,,,,,"Caden Rose","sa3023458",694896
"Brandon Eike","SEA",0,1,1,0,0,0,0,0,0,0,0,0,0,0,0,0,,0,0,0.18253,0.0460192,0.354211,0.12992,0.228332,0.284131,0.226793,0.512462,0.101601,2.27923,0.268347,,-0.000940189,0.0481212,-0.0700366,47.3045,-0.000940189,0.000712953,-0.06304795271717012,0.0007129529840312898,-0.00285622,999,,,,,,,-1,,-1,,,,,,,,,,,,,,,,,,,,"Brandon Eike","sa3025243",694806
"Cade Bunnell",,0,1,1,0,0,0,0,0,0,0,0,0,0,0,0,0,,0,0,0.180446,0.110292,0.40566,0.271884,0.27269,0.310863,0.262439,0.583553,0.130417,3.20507,0.292343,,-0.00176068,0.0770622,-0.0410955,64.8933,-0.00176068,-0.0178238,-0.04336936876643449,-0.01782381348311901,-0.00285687,999,,,,,,,-1,,-1,,,,,,,,,,,,,,,,,,,,"Cade Bunnell","sa3010702",685298
"Jose Pirela","CLE",0,1,1,0,0,0,0,0,0,0,0,0,0,0,0,0,,0,0,0.182697,0.0410401,0.368273,0.11144,0.233852,0.295087,0.234029,0.528939,0.11239,5.36151,0.276367,,-0.00199399,0.0539963,-0.0641614,46.9424,-0.00199399,0.00213886,-0.0645285111386329,0.002138857962563634,-0.00286181,999,,,,,,,-1,,-1,,,,,,,,,,,,,,,,,,,,"Jose Pirela","sa3021191",808141
"Erick Alvarez",,0,1,1,0,0,0,0,0,0,0,0,0,0,0,0,0,,0,0,0.20557,0.0614227,0.273361,0.224694,0.256893,0.304149,0.248487,0.561042,0.0985791,3.20669,0.272948,,-0.00119808,0.0657347,-0.052423,57.1227,-0.00119808,-0.0106943,-0.05173394887242466,-0.010694287717342377,-0.00286576,999,,,,,,,-1,,-1,,,,,,,,,,,,,,,,,,,,"Erick Alvarez","sa3018601",801248
"Aldalay Kolokie","COL",0,1,1,0,0,0,0,0,0,0,0,0,0,0,0,0,,0,0,0.217963,0.0730454,0.257951,0.283175,0.283681,0.327801,0.271824,0.611482,0.109838,3.235,0.283158,,-0.0010081,0.0846817,-0.0334761,58.1401,-0.0010081,-0.0106943,-0.05062070244457573,-0.010694287717342377,-0.00286933,999,,,,,,,-1,,-1,,,,,,,,,,,,,,,,,,,,"Aldalay Kolokie","sa3021321",813985
"Mason Guerra","ATL",0,1,1,0,0,0,0,0,0,0,0,0,0,0,0,0,,0,0,0.197929,0.0839941,0.311265,0.269848,0.27043,0.315886,0.261612,0.586316,0.117957,2.3831,0.270467,,-0.00122653,0.0763907,-0.041767,64.3268,-0.00122653,-0.0178238,-0.04350665642414242,-0.01782381348311901,-0.00287091,999,,,,,,,-1,,-1,,,,,,,,,,,,,,,,,,,,"Mason Guerra","sa3025222",701653
"D'Angelo Tejada","CHW",0,1,1,0,0,0,0,0,0,0,0,0,0,0,0,0,,0,0,0.18023,0.0620028,0.378441,0.163837,0.234609,0.275902,0.227658,0.510511,0.0956711,4.81658,0.279911,,-0.000943406,0.048823,-0.0693347,41.1114,-0.000943406,0.00784248,-0.07035053422441706,0.007842478342354298,-0.00287393,999,,,,,,,-1,,-1,,,,,,,,,,,,,,,,,,,,"D'Angelo Tejada","sa3021263",808382
"Anielson Buten","CIN",0,1,1,0,0,0,0,0,0,0,0,0,0,0,0,0,,0,0,0.197661,0.0477578,0.342187,0.139566,0.242423,0.306074,0.241321,0.548498,0.108413,5.57603,0.287952,,0.000250898,0.0599167,-0.058241,46.0179,0.000250898,0.00213886,-0.06372902600560337,0.002138857962563634,-0.00289748,999,,,,,,,-1,,-1,,,,,,,,,,,,,,,,,,,,"Anielson Buten","sa3021137",808004
"Nelson Beltran",,0,1,1,0,0,0,0,0,0,0,0,0,0,0,0,0,,0,0,0.172387,0.0886578,0.352548,0.251478,0.263432,0.246047,0.236335,0.509479,0.0736601,3.32342,0.269922,,-0.00174859,0.0558679,-0.0622898,47.0581,-0.00174859,0.00213886,-0.06432120117824525,0.002138857962563634,-0.00289934,999,,,,,,,-1,,-1,,,,,,,,,,,,,,,,,,,,"Nelson Beltran","sa3008874",683485
"Branden Boissiere","WSN",0,1,1,0,0,0,0,0,0,0,0,0,0,0,0,0,,0,0,0.212663,0.0662196,0.274156,0.24154,0.270728,0.31638,0.260596,0.587108,0.103717,2.49193,0.282027,,-0.00127674,0.075566,-0.0425917,64.1219,-0.00127674,-0.0178238,-0.04379966773558408,-0.01782381348311901,-0.00290089,999,,,,,,,-1,,-1,,,,,,,,,,,,,,,,,,,,"Branden Boissiere","sa3017558",680998
"Justin Boyd",,0,1,1,0,0,0,0,0,0,0,0,0,0,0,0,0,,0,0,0.188152,0.0847006,0.334419,0.253277,0.263944,0.283114,0.247276,0.547058,0.0949623,3.47627,0.277153,,-0.000344979,0.0647513,-0.0534064,56.0675,-0.000344979,-0.0106943,-0.052124521491350606,-0.010694287717342377,-0.00290572,999,,,,,,,-1,,-1,,,,,,,,,,,,,,,,,,,,"Justin Boyd","sa3020123",687628
"Jose Meza","LAD",0,1,1,0,0,0,0,0,0,0,0,0,0,0,0,0,,0,0,0.184367,0.0925736,0.309767,0.298849,0.272267,0.288473,0.254646,0.560741,0.104107,3.94164,0.257415,,-0.0042464,0.0707349,-0.0474228,60.5349,-0.0042464,-0.0106943,-0.05102072190493345,-0.010694287717342377,-0.00291026,999,,,,,,,-1,,-1,,,,,,,,,,,,,,,,,,,,"Jose Meza","sa3015558",691561
"George Feliz","SEA",0,1,1,0,0,0,0,0,0,0,0,0,0,0,0,0,,0,0,0.174894,0.0514979,0.383791,0.134182,0.22241,0.283392,0.223548,0.505802,0.108497,4.23884,0.265325,,-0.000299782,0.0454868,-0.0726709,45.0694,-0.000299782,0.00213886,-0.06504187744576484,0.002138857962563634,-0.00291434,999,,,,,,,-1,,-1,,,,,,,,,,,,,,,,,,,,"George Feliz","sa3015596",692031
"Arfeni Batista",,0,1,1,0,0,0,0,0,0,0,0,0,0,0,0,0,,0,0,0.185857,0.0540768,0.354649,0.15248,0.237353,0.287342,0.233033,0.524695,0.101485,3.77566,0.274179,,-0.000119607,0.0531877,-0.06497,47.3685,-0.000119607,0.000712953,-0.06249884791759541,0.0007129529840312898,-0.00291751,999,,,,,,,-1,,-1,,,,,,,,,,,,,,,,,,,,"Arfeni Batista","sa3018485",800248
"Anthony Servideo",,0,1,1,0,0,0,0,0,0,0,0,0,0,0,0,0,,0,0,0.172622,0.0945607,0.349453,0.270596,0.254654,0.254189,0.232998,0.508843,0.0815672,4.58198,0.265785,,-0.000587802,0.0531587,-0.064999,46.4916,-0.000587802,0.000712953,-0.06365368887782097,0.0007129529840312898,-0.00291819,999,,,,,,,-1,,-1,,,,,,,,,,,,,,,,,,,,"Anthony Servideo","sa3014472",676545
"Miguel Briceno","MIN",0,1,1,0,0,0,0,0,0,0,0,0,0,0,0,0,,0,0,0.219944,0.0472354,0.228465,0.206752,0.256908,0.313204,0.250526,0.570111,0.0932592,3.56614,0.273123,,-0.000850277,0.0673901,-0.0507676,56.3639,-0.000850277,-0.0106943,-0.05228053580503911,-0.010694287717342377,-0.00292168,999,,,,,,,-1,,-1,,,,,,,,,,,,,,,,,,,,"Miguel Briceno","sa3015566",691605
"Cole McConnell","CHW",0,1,1,0,0,0,0,0,0,0,0,0,0,0,0,0,,0,0,0.192648,0.079717,0.324304,0.24581,0.268995,0.287731,0.251754,0.556726,0.0950829,2.41429,0.278051,,-0.0024501,0.0683868,-0.0497709,57.7103,-0.0024501,-0.0106943,-0.0522934440523386,-0.010694287717342377,-0.002923,999,,,,,,,-1,,-1,,,,,,,,,,,,,,,,,,,,"Cole McConnell","sa3037490",823277
"Enmanuel Terrero",,0,1,1,0,0,0,0,0,0,0,0,0,0,0,0,0,,0,0,0.204122,0.070554,0.313028,0.225392,0.262042,0.307951,0.252979,0.569994,0.103829,5.43792,0.286327,,-0.000240907,0.0693813,-0.0487764,57.0001,-0.000240907,-0.0106943,-0.05120466627704445,-0.010694287717342377,-0.00292908,999,,,,,,,-1,,-1,,,,,,,,,,,,,,,,,,,,"Enmanuel Terrero","sa3015591",691927
"Chase Valentine",,0,1,1,0,0,0,0,0,0,0,0,0,0,0,0,0,,0,0,0.183253,0.0648278,0.35038,0.185022,0.242123,0.274334,0.231494,0.516457,0.091081,3.87724,0.273546,,-0.00255529,0.0519378,-0.0662199,47.9046,-0.00255529,0.00213886,-0.06429914990440011,0.002138857962563634,-0.00295581,999,,,,,,,-1,,-1,,,,,,,,,,,,,,,,,,,,"Chase Valentine","sa3020002",701106
"Carter Aldrete",,0,1,1,0,0,0,0,0,0,0,0,0,0,0,0,0,,0,0,0.210229,0.0588646,0.283414,0.207698,0.257434,0.338982,0.260921,0.596416,0.128753,2.13324,0.271764,,-0.00237993,0.07583,-0.0423277,63.9478,-0.00237993,-0.0178238,-0.044990460155531764,-0.01782381348311901,-0.00296399,999,,,,,,,-1,,-1,,,,,,,,,,,,,,,,,,,,"Carter Aldrete","sa3010008",666177
"Tytus Cissell","ARI",0,1,1,0,0,0,0,0,0,0,0,0,0,0,0,0,,0,0,0.176292,0.0581576,0.382775,0.151937,0.231057,0.270876,0.224147,0.501933,0.0945837,4.98371,0.277277,,0.000478053,0.0459724,-0.0721853,38.1485,0.000478053,0.0104961,-0.07282876811223105,0.010496087372303009,-0.00297345,999,,,,,,,-1,,-1,,,,,,,,,,,,,,,,,,,,"Tytus Cissell","sa3067331",815632
"Spence Coffman",,0,1,1,0,0,0,0,0,0,0,0,0,0,0,0,0,,0,0,0.203675,0.0615895,0.260412,0.236508,0.255154,0.287074,0.241799,0.542228,0.0833993,4.23037,0.265908,,0.00172669,0.0603045,-0.0578532,54.9638,0.00172669,-0.0106943,-0.05165048781782389,-0.010694287717342377,-0.00297469,999,,,,,,,-1,,-1,,,,,,,,,,,,,,,,,,,,"Spence Coffman","sa3020285",806310
"Sahid Valenzuela",,0,1,1,0,0,0,0,0,0,0,0,0,0,0,0,0,,0,0,0.207081,0.0480449,0.228025,0.2107,0.250604,0.278743,0.235725,0.529347,0.0716614,3.04075,0.262149,,-0.00200156,0.0553727,-0.062785,46.6391,-0.00200156,0.00213886,-0.065069445874542,0.002138857962563634,-0.00297589,999,,,,,,,-1,,-1,,,,,,,,,,,,,,,,,,,,"Sahid Valenzuela","sa3014882",684541
"Randy De Jesus","LAA",0,1,1,0,0,0,0,0,0,0,0,0,0,0,0,0,,0,0,0.193565,0.0539032,0.368751,0.146178,0.243609,0.332264,0.252163,0.575873,0.138699,2.01681,0.277106,,-0.00224766,0.0687188,-0.0494389,57.071,-0.00224766,-0.0106943,-0.052844485733658075,-0.010694287717342377,-0.00297938,999,,,,,,,-1,,-1,,,,,,,,,,,,,,,,,,,,"Randy De Jesus","sa3018426",703194
"Mairoshendrick Martinus","LAD",0,1,1,0,0,0,0,0,0,0,0,0,0,0,0,0,,0,0,0.190613,0.0457753,0.350412,0.130633,0.230311,0.302589,0.233638,0.5329,0.111976,4.64653,0.27399,,0.000719918,0.0536783,-0.0644794,46.1436,0.000719918,0.000712953,-0.0631110169342719,0.0007129529840312898,-0.00298014,999,,,,,,,-1,,-1,,,,,,,,,,,,,,,,,,,,"Mairoshendrick Martinus","sa3018505",800302
"Jose Contreras",,0,1,1,0,0,0,0,0,0,0,0,0,0,0,0,0,,0,0,0.202131,0.0532516,0.313035,0.170114,0.254986,0.312472,0.250907,0.567458,0.110342,4.09647,0.281297,,-0.00165477,0.0676992,-0.0504585,56.5019,-0.00165477,-0.0106943,-0.05292239866685122,-0.010694287717342377,-0.00298735,999,,,,,,,-1,,-1,,,,,,,,,,,,,,,,,,,,"Jose Contreras","sa3018567",800451
"Ivan Sosa","KCR",0,1,1,0,0,0,0,0,0,0,0,0,0,0,0,0,,0,0,0.195041,0.0482324,0.329978,0.146168,0.23834,0.304578,0.238568,0.542917,0.109537,5.00011,0.276329,,-0.000692282,0.0576813,-0.0604764,45.8677,-0.000692282,0.000712953,-0.0644934888696298,0.0007129529840312898,-0.00300412,999,,,,,,,-1,,-1,,,,,,,,,,,,,,,,,,,,"Ivan Sosa","sa3018588",800526
"Carlos Monteverde","ATL",0,1,1,0,0,0,0,0,0,0,0,0,0,0,0,0,,0,0,0.196756,0.0952946,0.317466,0.300172,0.279196,0.295452,0.259883,0.574648,0.0986961,2.66144,0.281829,,-0.00121392,0.074987,-0.0431707,63.1425,-0.00121392,-0.0178238,-0.04489774163812399,-0.01782381348311901,-0.00301324,999,,,,,,,-1,,-1,,,,,,,,,,,,,,,,,,,,"Carlos Monteverde","sa3021224",808272
"Nomar Fana",,0,1,1,0,0,0,0,0,0,0,0,0,0,0,0,0,,0,0,0.184767,0.0875379,0.355826,0.246013,0.256764,0.297926,0.248152,0.55469,0.113159,4.0983,0.273073,,-0.000489692,0.065463,-0.0526947,55.236,-0.000489692,-0.0106943,-0.0532492944621481,-0.010694287717342377,-0.0030208,999,,,,,,,-1,,-1,,,,,,,,,,,,,,,,,,,,"Nomar Fana","sa3015691",694049
"Juan Chacon","BOS",0,1,1,0,0,0,0,0,0,0,0,0,0,0,0,0,,0,0,0.207013,0.0692931,0.308355,0.224719,0.267565,0.303674,0.254412,0.57124,0.0966619,5.30365,0.297037,,-0.000953392,0.0705451,-0.0476126,55.6026,-0.000953392,-0.0106943,-0.05328085320070386,-0.010694287717342377,-0.00302403,999,,,,,,,-1,,-1,,,,,,,,,,,,,,,,,,,,"Juan Chacon","sa3014676",691370
"Rickardo Perez",,0,1,1,0,0,0,0,0,0,0,0,0,0,0,0,0,,0,0,0.217919,0.0523813,0.261453,0.200347,0.261501,0.334299,0.26112,0.5958,0.11638,3.29224,0.275612,,-0.0009856879,0.0759911,-0.0421666,62.8501,-0.0009856879,-0.0178238,-0.045016038115136325,-0.01782381348311901,-0.00302534,999,,,,,,,-1,,-1,,,,,,,,,,,,,,,,,,,,"Rickardo Perez","sa3015701",694189
"Ben McCabe","COL",0,1,1,0,0,0,0,0,0,0,0,0,0,0,0,0,,0,0,0.185231,0.0516134,0.34218,0.150837,0.256056,0.273258,0.240139,0.529314,0.0880264,3.64114,0.278987,,-0.00183705,0.0589567,-0.059201,36.4351,-0.00183705,0.014259,-0.07717459043487906,0.01425904966890812,-0.00303308,999,,,,,,,-1,,-1,,,,,,,,,,,,,,,,,,,,"Ben McCabe","sa3022601",701100
"Milo Rushford","KCR",0,1,1,0,0,0,0,0,0,0,0,0,0,0,0,0,,0,0,0.189149,0.0903537,0.308481,0.292899,0.270299,0.291581,0.253522,0.56188,0.102432,4.99874,0.269352,,-0.00172316,0.0698228,-0.0483349,56.1692,-0.00172316,-0.0106943,-0.05338289344217628,-0.010694287717342377,-0.00303447,999,,,,,,,-1,,-1,,,,,,,,,,,,,,,,,,,,"Milo Rushford","sa3020499",806299
"Drew Vogel",,0,1,1,0,0,0,0,0,0,0,0,0,0,0,0,0,,0,0,0.169561,0.0681349,0.379663,0.179462,0.238914,0.26588,0.228228,0.504794,0.0963196,5.14562,0.263613,,0.00169625,0.0492864,-0.0688713,42.3371,0.00169625,0.00213886,-0.06626625813078135,0.002138857962563634,-0.00303961,999,,,,,,,-1,,-1,,,,,,,,,,,,,,,,,,,,"Drew Vogel","sa3025369",826164
"A.J. Vukovich","ARI",3,14,13,3,2,1,0,0,2,1,1,0,4,0,0,0,,0,0,0.230921,0.0621275,0.295912,0.209953,0.280559,0.379718,0.287006,0.660277,0.148797,3.91953,0.305477,-0.0011293,-0.0327992,1.35811,-0.296094,81.2091,-0.0339285,0,-0.3457243964076042,-0.15000000596046448,-0.00306334,999,,,,,,,9.7,3.233333333,9.7,3.233333333,,,,,,,,,,,,,,,,,,,"A.J. Vukovich","sa3014525",691021
"Jordan Viars",,0,1,1,0,0,0,0,0,0,0,0,0,0,0,0,0,,0,0,0.194042,0.0578462,0.343215,0.168542,0.253678,0.316658,0.25257,0.570336,0.122617,3.0252,0.276432,,-0.00162631,0.0690499,-0.0491078,56.9935,-0.00162631,-0.0106943,-0.052597856731154025,-0.010694287717342377,-0.00307162,999,,,,,,,-1,,-1,,,,,,,,,,,,,,,,,,,,"Jordan Viars","sa3017429",701833
"Jhon Diaz","TBR",0,1,1,0,0,0,0,0,0,0,0,0,0,0,0,0,,0,0,0.196892,0.0543984,0.300968,0.180745,0.242585,0.325666,0.24833,0.568251,0.128774,5.70567,0.259768,,-0.000394908,0.0656072,-0.0525505,54.7269,-0.000394908,-0.0106943,-0.05375454301247373,-0.010694287717342377,-0.00307249,999,,,,,,,-1,,-1,,,,,,,,,,,,,,,,,,,,"Jhon Diaz","sa3014710",691252
"John Cruz","MIA",0,1,1,0,0,0,0,0,0,0,0,0,0,0,0,0,,0,0,0.201918,0.0666574,0.28269,0.235797,0.257399,0.308386,0.250765,0.565785,0.106469,4.22425,0.266558,,-0.000526219,0.0675838,-0.0505739,56.026,-0.000526219,-0.0106943,-0.05264449771493673,-0.010694287717342377,-0.00307639,999,,,,,,,-1,,-1,,,,,,,,,,,,,,,,,,,,"John Cruz","sa3018573",800476
"Zavier Warren","CIN",0,1,1,0,0,0,0,0,0,0,0,0,0,0,0,0,,0,0,0.19558,0.0814639,0.285254,0.285584,0.265996,0.310953,0.257255,0.576949,0.115373,3.875,0.258431,,-0.00119042,0.0728535,-0.0453043,62.5678,-0.00119042,-0.0178238,-0.045555320801213384,-0.01782381348311901,-0.00308052,999,,,,,,,-1,,-1,,,,,,,,,,,,,,,,,,,,"Zavier Warren","sa3014549",680518
"Kelvin Hidalgo","COL",0,1,1,0,0,0,0,0,0,0,0,0,0,0,0,0,,0,0,0.216779,0.0347927,0.295178,0.11787,0.247641,0.314898,0.245742,0.56254,0.0981194,6.42761,0.297575,,0.00332616,0.0635055,-0.0546522,40.2731,0.00332616,0.00393692,-0.06746262777596712,0.003936924040317535,-0.00309551,999,,,,,,,-1,,-1,,,,,,,,,,,,,,,,,,,,"Kelvin Hidalgo","sa3018472",800193
"Ismael Mena",,0,1,1,0,0,0,0,0,0,0,0,0,0,0,0,0,,0,0,0.202184,0.064704,0.268706,0.240798,0.255444,0.299229,0.246229,0.554673,0.0970452,4.53233,0.264557,,-0.000845701,0.0639013,-0.0542564,56.0522,-0.000845701,-0.0106943,-0.05293289659311995,-0.010694287717342377,-0.0031059,999,,,,,,,-1,,-1,,,,,,,,,,,,,,,,,,,,"Ismael Mena","sa3014703",691190
"Tyler Miller","BOS",0,1,1,0,0,0,0,0,0,0,0,0,0,0,0,0,,0,0,0.218365,0.0512861,0.259957,0.197287,0.262379,0.339744,0.263337,0.602123,0.12138,3.79867,0.278191,,-0.00190848,0.0777912,-0.0403665,61.7506,-0.00190848,-0.0178238,-0.046989894239231944,-0.01782381348311901,-0.00310982,999,,,,,,,-1,,-1,,,,,,,,,,,,,,,,,,,,"Tyler Miller","sa3017109",682011
"Pablo Guerrero","TEX",0,1,1,0,0,0,0,0,0,0,0,0,0,0,0,0,,0,0,0.203686,0.0577235,0.313633,0.184048,0.251841,0.328244,0.254426,0.580085,0.124558,2.11598,0.275723,,-0.00128067,0.0705565,-0.0476012,61.2138,-0.00128067,-0.0178238,-0.046994750504381955,-0.01782381348311901,-0.00311032,999,,,,,,,-1,,-1,,,,,,,,,,,,,,,,,,,,"Pablo Guerrero","sa3021249",808326
"Jacob Campbell","SDP",0,1,1,0,0,0,0,0,0,0,0,0,0,0,0,0,,0,0,0.194217,0.0504682,0.317886,0.158762,0.248124,0.299941,0.243378,0.548065,0.105724,3.82974,0.269366,,-0.000928437,0.0615865,-0.0565712,56.0455,-0.000928437,-0.0106943,-0.05302357813343406,-0.010694287717342377,-0.00311517,999,,,,,,,-1,,-1,,,,,,,,,,,,,,,,,,,,"Jacob Campbell","sa3019836",680775
"Aidan Longwell","COL",0,1,1,0,0,0,0,0,0,0,0,0,0,0,0,0,,0,0,0.23761,0.0589674,0.229092,0.257396,0.286547,0.348118,0.278838,0.634665,0.110508,3.06979,0.297595,,-0.00202038,0.0903767,-0.027781,62.9453,-0.00202038,-0.0178238,-0.04593790112994611,-0.01782381348311901,-0.00311966,999,,,,,,,-1,,-1,,,,,,,,,,,,,,,,,,,,"Aidan Longwell","sa3022574",815067
"Caeden Trenkle",,0,1,1,0,0,0,0,0,0,0,0,0,0,0,0,0,,0,0,0.198321,0.0687613,0.324848,0.211672,0.258847,0.298939,0.248565,0.557786,0.100617,4.34886,0.285233,,-0.00101556,0.0657983,-0.0523594,55.4601,-0.00101556,-0.0106943,-0.05365785292815417,-0.010694287717342377,-0.00312133,999,,,,,,,-1,,-1,,,,,,,,,,,,,,,,,,,,"Caeden Trenkle","sa3019991",689959
"Kevin Graham",,0,1,1,0,0,0,0,0,0,0,0,0,0,0,0,0,,0,0,0.200401,0.0703474,0.305236,0.230469,0.260013,0.302155,0.249991,0.562168,0.101754,4.5339,0.281079,,-0.000791211,0.0669558,-0.0512019,55.8529,-0.000791211,-0.0106943,-0.05311464914120734,-0.010694287717342377,-0.00312449,999,,,,,,,-1,,-1,,,,,,,,,,,,,,,,,,,,"Kevin Graham","sa3020087",681184
"Carter Johnson","MIA",0,1,1,0,0,0,0,0,0,0,0,0,0,0,0,0,,0,0,0.189173,0.0528061,0.341263,0.154737,0.238727,0.287125,0.233143,0.525852,0.0979524,3.98251,0.278561,,-0.00132191,0.0532771,-0.0648806,43.9549,-0.00132191,0.00393692,-0.06774696498177946,0.003936924040317535,-0.0031246,999,,,,,,,-1,,-1,,,,,,,,,,,,,,,,,,,,"Carter Johnson","sa3025203",815793
"Daniel Guilarte","MIL",0,1,1,0,0,0,0,0,0,0,0,0,0,0,0,0,,0,0,0.183656,0.0797869,0.351379,0.227068,0.251516,0.255897,0.23056,0.507413,0.0722412,4.87451,0.283994,,0.0000551405,0.0511798,-0.0669779,44.281,0.0000551405,0.00213886,-0.06598336370007019,0.002138857962563634,-0.00312813,999,,,,,,,-1,,-1,,,,,,,,,,,,,,,,,,,,"Daniel Guilarte","sa3018388",694206
"Yorman Licourt","TOR",0,1,1,0,0,0,0,0,0,0,0,0,0,0,0,0,,0,0,0.185716,0.0779733,0.372991,0.209049,0.251157,0.304828,0.247086,0.555985,0.119112,3.36462,0.282664,,-0.00171969,0.0645969,-0.0535608,55.3556,-0.00171969,-0.0106943,-0.05433829722460359,-0.010694287717342377,-0.00313222,999,,,,,,,-1,,-1,,,,,,,,,,,,,,,,,,,,"Yorman Licourt","sa3023990",827326
"Hudson Head",,0,1,1,0,0,0,0,0,0,0,0,0,0,0,0,0,,0,0,0.194301,0.0736638,0.324941,0.226699,0.264543,0.303416,0.254008,0.567959,0.109115,4.08628,0.278812,,-0.00307498,0.0702172,-0.0479405,57.7054,-0.00307498,-0.0106943,-0.05320284515619278,-0.010694287717342377,-0.00313351,999,,,,,,,-1,,-1,,,,,,,,,,,,,,,,,,,,"Hudson Head","sa3010889",687431
"Reginald Preciado","CHC",0,1,1,0,0,0,0,0,0,0,0,0,0,0,0,0,,0,0,0.197176,0.0393123,0.317808,0.123698,0.235968,0.290481,0.232079,0.526448,0.0933045,4.17325,0.277982,,-0.00110093,0.0524131,-0.0657446,46.3592,-0.00110093,0.000712953,-0.06467636220622808,0.0007129529840312898,-0.00314029,999,,,,,,,-1,,-1,,,,,,,,,,,,,,,,,,,,"Reginald Preciado","sa3014702",691262
"Joel Mendez",,0,1,1,0,0,0,0,0,0,0,0,0,0,0,0,0,,0,0,0.196971,0.0677842,0.377499,0.179561,0.253949,0.316021,0.251333,0.569971,0.119051,4.80365,0.308505,,-0.00102969,0.0680452,-0.0501125,55.8728,-0.00102969,-0.0106943,-0.053329539485275745,-0.010694287717342377,-0.00314648,999,,,,,,,-1,,-1,,,,,,,,,,,,,,,,,,,,"Joel Mendez","sa3015682",693795
"Henry Ramos","KCR",0,1,1,0,0,0,0,0,0,0,0,0,0,0,0,0,,0,0,0.205479,0.0678962,0.271452,0.250122,0.261786,0.299207,0.249603,0.560993,0.0937277,5.42951,0.274046,,0.000214622,0.0666408,-0.0515169,53.4694,0.000214622,-0.0106943,-0.05462715707835741,-0.010694287717342377,-0.00316177,999,,,,,,,-1,,-1,,,,,,,,,,,,,,,,,,,,"Henry Ramos","sa3018432",703201
"Jace Grady",,0,1,1,0,0,0,0,0,0,0,0,0,0,0,0,0,,0,0,0.198716,0.0793808,0.281341,0.282151,0.265037,0.293664,0.250451,0.558701,0.0949476,3.18041,0.267373,,-0.0022074,0.0673291,-0.0508286,56.6812,-0.0022074,-0.0106943,-0.05354915978386998,-0.010694287717342377,-0.00316895,999,,,,,,,-1,,-1,,,,,,,,,,,,,,,,,,,,"Jace Grady","sa3022505",800056
"Anthony Donofrio","SEA",0,1,1,0,0,0,0,0,0,0,0,0,0,0,0,0,,0,0,0.18013,0.080031,0.346807,0.230765,0.251187,0.266933,0.234581,0.51812,0.0868022,4.56132,0.273783,,0.000937836,0.0544445,-0.0637132,52.6696,0.000937836,-0.0106943,-0.054846568033099174,-0.010694287717342377,-0.00318422,999,,,,,,,-1,,-1,,,,,,,,,,,,,,,,,,,,"Anthony Donofrio","sa3025266",823703
"Pedro Blanco","ARI",0,1,1,0,0,0,0,0,0,0,0,0,0,0,0,0,,0,0,0.192629,0.0712732,0.346818,0.205506,0.255739,0.300957,0.247762,0.556696,0.108328,4.43472,0.287788,,-0.00132823,0.065146,-0.0530117,54.3259,-0.00132823,-0.0091814,-0.05546148808207363,-0.009181401692330837,-0.00320981,999,,,,,,,-1,,-1,,,,,,,,,,,,,,,,,,,,"Pedro Blanco","sa3023945",821380
"Carter Frederick","KCR",0,1,1,0,0,0,0,0,0,0,0,0,0,0,0,0,,0,0,0.195941,0.0713654,0.331993,0.21496,0.259429,0.297814,0.248577,0.557242,0.101872,5.46079,0.288946,,0.000568806,0.0658075,-0.0523502,52.7624,0.000568806,-0.0106943,-0.05510622769361362,-0.010694287717342377,-0.00321079,999,,,,,,,-1,,-1,,,,,,,,,,,,,,,,,,,,"Carter Frederick","sa3025416",815150
"Blake Robertson",,0,1,1,0,0,0,0,0,0,0,0,0,0,0,0,0,,0,0,0.19417,0.0930397,0.314756,0.295593,0.276481,0.289297,0.25638,0.565778,0.0951273,2.88556,0.278578,,-0.00118507,0.0721433,-0.0460145,60.2724,-0.00118507,-0.0178238,-0.04800862667616457,-0.01782381348311901,-0.00321405,999,,,,,,,-1,,-1,,,,,,,,,,,,,,,,,,,,"Blake Robertson","sa3020200",687545
"Anthony Hall",,0,1,1,0,0,0,0,0,0,0,0,0,0,0,0,0,,0,0,0.19048,0.0809232,0.324233,0.249583,0.257127,0.289455,0.244876,0.546582,0.0989755,3.75753,0.272878,,-0.00137171,0.0628028,-0.0553549,54.358,-0.00137171,-0.0106943,-0.05516612285282463,-0.010694287717342377,-0.00321691,999,,,,,,,-1,,-1,,,,,,,,,,,,,,,,,,,,"Anthony Hall","sa3019987",689141
"Moises Bolivar","LAD",0,1,1,0,0,0,0,0,0,0,0,0,0,0,0,0,,0,0,0.187142,0.0579037,0.340628,0.169991,0.238356,0.285283,0.232721,0.523639,0.0981406,2.42297,0.269877,,-0.000930042,0.0529338,-0.0652239,45.5154,-0.000930042,0.000712953,-0.06550552794942632,0.0007129529840312898,-0.00322513,999,,,,,,,-1,,-1,,,,,,,,,,,,,,,,,,,,"Moises Bolivar","sa3023770",821240
"Kelvin Diaz",,0,1,1,0,0,0,0,0,0,0,0,0,0,0,0,0,,0,0,0.177134,0.0750587,0.356617,0.210474,0.243545,0.267811,0.230523,0.511356,0.0906771,5.21123,0.269533,,0.00129931,0.0511497,-0.067008,43.5211,0.00129931,0.000712953,-0.0656399184372276,0.0007129529840312898,-0.00323888,999,,,,,,,-1,,-1,,,,,,,,,,,,,,,,,,,,"Kelvin Diaz","sa3015670",692840
"Diego Guzman","KCR",0,1,1,0,0,0,0,0,0,0,0,0,0,0,0,0,,0,0,0.195088,0.0467721,0.323324,0.14466,0.235072,0.305104,0.23663,0.540176,0.110016,5.35283,0.274306,,-0.00146346,0.0561076,-0.0620501,44.5324,-0.00146346,0.000712953,-0.06683845678344369,0.0007129529840312898,-0.00324404,999,,,,,,,-1,,-1,,,,,,,,,,,,,,,,,,,,"Diego Guzman","sa3015365",699321
"Diego Mosquera","NYM",0,1,1,0,0,0,0,0,0,0,0,0,0,0,0,0,,0,0,0.20612,0.0632189,0.240121,0.263279,0.266301,0.278148,0.245355,0.54445,0.0720281,2.80981,0.266406,,-0.00335804,0.0631915,-0.0549662,56.9621,-0.00335804,-0.0106943,-0.05436687101610005,-0.010694287717342377,-0.00325261,999,,,,,,,-1,,-1,,,,,,,,,,,,,,,,,,,,"Diego Mosquera","sa3016825",699305
"Trey Paige","STL",0,1,1,0,0,0,0,0,0,0,0,0,0,0,0,0,,0,0,0.204886,0.0764126,0.296973,0.257305,0.267854,0.302225,0.254232,0.570079,0.0973393,3.96195,0.285643,,-0.00207493,0.0703986,-0.0477591,61.89,-0.00207493,-0.0178238,-0.04724321491084993,-0.01782381348311901,-0.00325321,999,,,,,,,-1,,-1,,,,,,,,,,,,,,,,,,,,"Trey Paige","sa3022440",813852
"Darius Perry",,0,1,1,0,0,0,0,0,0,0,0,0,0,0,0,0,,0,0,0.183199,0.0643338,0.359993,0.178709,0.242807,0.286037,0.236038,0.528844,0.102838,3.47435,0.274506,,-0.000698121,0.0556269,-0.0625308,33.6257,-0.000698121,0.014259,-0.07936545653501526,0.01425904966890812,-0.00325724,999,,,,,,,-1,,-1,,,,,,,,,,,,,,,,,,,,"Darius Perry","sa3022668",683007
"Alan Espinal","COL",0,1,1,0,0,0,0,0,0,0,0,0,0,0,0,0,,0,0,0.191796,0.047871,0.339552,0.140983,0.239854,0.292083,0.235699,0.531937,0.100287,3.81474,0.277679,,-0.00043495,0.0553519,-0.0628058,33.3936,-0.00043495,0.014259,-0.07937729355762713,0.01425904966890812,-0.00325845,999,,,,,,,-1,,-1,,,,,,,,,,,,,,,,,,,,"Alan Espinal","sa3031022",694541
"John Rhodes","LAD",0,1,1,0,0,0,0,0,0,0,0,0,0,0,0,0,,0,0,0.192299,0.0827266,0.284927,0.290343,0.26748,0.298959,0.254482,0.566439,0.10666,3.8154,0.256923,,-0.000427122,0.070602,-0.0475558,60.4227,-0.000427122,-0.0178238,-0.047334431612398475,-0.01782381348311901,-0.00326254,999,,,,,,,-1,,-1,,,,,,,,,,,,,,,,,,,,"John Rhodes","sa3017162",687981
"John Wimmer","LAA",0,1,1,0,0,0,0,0,0,0,0,0,0,0,0,0,,0,0,0.174039,0.0588439,0.410709,0.143274,0.230413,0.271391,0.22407,0.501804,0.0973517,4.43303,0.289769,,-0.000796905,0.0459105,-0.0722472,37.7193,-0.000796905,0.00784248,-0.07420199172338471,0.007842478342354298,-0.00326798,999,,,,,,,-1,,-1,,,,,,,,,,,,,,,,,,,,"John Wimmer","sa3022509",814091
"Cesar Gonzalez","ATH",0,1,1,0,0,0,0,0,0,0,0,0,0,0,0,0,,0,0,0.200004,0.0785516,0.309999,0.253393,0.267448,0.306218,0.256034,0.573667,0.106214,3.46795,0.282109,,-0.00139206,0.071862,-0.0462957,60.5905,-0.00139206,-0.0178238,-0.0479706188198179,-0.01782381348311901,-0.0032689,999,,,,,,,-1,,-1,,,,,,,,,,,,,,,,,,,,"Cesar Gonzalez","sa3019308",800177
"Bladimir Restituyo",,0,1,1,0,0,0,0,0,0,0,0,0,0,0,0,0,,0,0,0.218515,0.0257581,0.238666,0.107925,0.242269,0.317562,0.243634,0.55983,0.099047,5.4697,0.271543,,0.000851311,0.0617943,-0.0563634,53.2369,0.000851311,-0.0106943,-0.05457270139595494,-0.010694287717342377,-0.00327367,999,,,,,,,-1,,-1,,,,,,,,,,,,,,,,,,,,"Bladimir Restituyo","sa3006621",678837
"Austin Hendrick","CIN",0,1,1,0,0,0,0,0,0,0,0,0,0,0,0,0,,0,0,0.19182,0.0596618,0.376918,0.158288,0.248734,0.330358,0.254683,0.579092,0.138538,2.94159,0.280756,,-0.00146975,0.070765,-0.0473927,55.171,-0.00146975,-0.0106943,-0.0546014339197427,-0.010694287717342377,-0.00327661,999,,,,,,,-1,,-1,,,,,,,,,,,,,,,,,,,,"Austin Hendrick","sa3014521",690988
"Esmith Pineda","CIN",0,1,1,0,0,0,0,0,0,0,0,0,0,0,0,0,,0,0,0.205013,0.0591291,0.296163,0.19965,0.258604,0.317803,0.25466,0.576407,0.11279,2.18096,0.276877,,-0.00147881,0.0707463,-0.0474114,55.1552,-0.00147881,-0.0106943,-0.054629192454740405,-0.010694287717342377,-0.00327945,999,,,,,,,-1,,-1,,,,,,,,,,,,,,,,,,,,"Esmith Pineda","sa3018435",703204
"Reylin Perez","HOU",0,1,1,0,0,0,0,0,0,0,0,0,0,0,0,0,,0,0,0.177398,0.0629757,0.392527,0.160437,0.231555,0.277715,0.226653,0.50927,0.100317,5.00291,0.281298,,0.000570324,0.0480076,-0.0701501,41.252,0.000570324,0.00213886,-0.06867100606905296,0.002138857962563634,-0.00328564,999,,,,,,,-1,,-1,,,,,,,,,,,,,,,,,,,,"Reylin Perez","sa3019204",800139
"Luis Encarnacion",,0,1,1,0,0,0,0,0,0,0,0,0,0,0,0,0,,0,0,0.211363,0.044282,0.270556,0.16367,0.249293,0.330861,0.2534,0.580154,0.119499,2.21652,0.267018,,-0.00128265,0.069723,-0.0484347,59.6766,-0.00128265,-0.0178238,-0.04880851763300598,-0.01782381348311901,-0.00329589,999,,,,,,,-1,,-1,,,,,,,,,,,,,,,,,,,,"Luis Encarnacion","sa3015548",691476
"Kevin Dume","ATH",0,1,1,0,0,0,0,0,0,0,0,0,0,0,0,0,,0,0,0.194397,0.0763776,0.331306,0.230535,0.261819,0.310397,0.254879,0.572216,0.116,3.19895,0.276237,,-0.000724386,0.0709241,-0.0472336,59.797,-0.000724386,-0.0178238,-0.0482408213429153,-0.01782381348311901,-0.00329654,999,,,,,,,-1,,-1,,,,,,,,,,,,,,,,,,,,"Kevin Dume","sa3021054",800134
"Justin Trimble","HOU",0,1,1,0,0,0,0,0,0,0,0,0,0,0,0,0,,0,0,0.171118,0.06551,0.421648,0.155366,0.234416,0.273799,0.227901,0.508215,0.102681,4.89654,0.286905,,0.000874737,0.0490209,-0.0691369,42.1118,0.000874737,0.000712953,-0.06735331425443292,0.0007129529840312898,-0.00329671,999,,,,,,,-1,,-1,,,,,,,,,,,,,,,,,,,,"Justin Trimble","sa3025619",702293
"Anderson Suriel",,0,1,1,0,0,0,0,0,0,0,0,0,0,0,0,0,,0,0,0.195082,0.049637,0.313151,0.158508,0.246474,0.30817,0.2451,0.554644,0.113088,3.94354,0.267398,,-0.00186158,0.0629848,-0.0551729,55.279,-0.00186158,-0.0106943,-0.05486526386812329,-0.010694287717342377,-0.0033036,999,,,,,,,-1,,-1,,,,,,,,,,,,,,,,,,,,"Anderson Suriel","sa3015683",693798
"Jose Familia","PHI",0,1,1,0,0,0,0,0,0,0,0,0,0,0,0,0,,0,0,0.181573,0.0530146,0.385613,0.137481,0.229719,0.279442,0.225888,0.509161,0.0978694,3.20486,0.283811,,-0.000790841,0.047386,-0.0707717,38.7149,-0.000790841,0.00784248,-0.07342632807558402,0.007842478342354298,-0.00330609,999,,,,,,,-1,,-1,,,,,,,,,,,,,,,,,,,,"Jose Familia","sa3023879",815007
"Caleb Hobson","COL",0,1,1,0,0,0,0,0,0,0,0,0,0,0,0,0,,0,0,0.178725,0.101461,0.366483,0.276851,0.268483,0.260736,0.243059,0.529218,0.0820107,6.59236,0.28843,,0.00501437,0.0613272,-0.0568305,38.4351,0.00501437,0.00213886,-0.0679527297616005,0.002138857962563634,-0.00332962,999,,,,,,,-1,,-1,,,,,,,,,,,,,,,,,,,,"Caleb Hobson","sa3022610",805931
"Milkar Perez",,0,1,1,0,0,0,0,0,0,0,0,0,0,0,0,0,,0,0,0.191901,0.0909996,0.293406,0.31015,0.268192,0.268954,0.244434,0.537147,0.0770535,1.97655,0.27117,,-0.00139692,0.0624439,-0.0557138,59.4567,-0.00139692,-0.0178238,-0.049181906040757895,-0.01782381348311901,-0.00333409,999,,,,,,,-1,,-1,,,,,,,,,,,,,,,,,,,,"Milkar Perez","sa3008883",683529
"Josue Gonzalez","NYY",0,1,1,0,0,0,0,0,0,0,0,0,0,0,0,0,,0,0,0.186596,0.0763412,0.288041,0.265036,0.263911,0.297624,0.252763,0.561535,0.111028,3.59364,0.246344,,-0.00183967,0.069206,-0.0489517,59.7908,-0.00183967,-0.0178238,-0.04923093516845256,-0.01782381348311901,-0.00333911,999,,,,,,,-1,,-1,,,,,,,,,,,,,,,,,,,,"Josue Gonzalez","sa3017175",700648
"Peyton Powell",,0,1,1,0,0,0,0,0,0,0,0,0,0,0,0,0,,0,0,0.190461,0.0935624,0.30972,0.302087,0.268797,0.270243,0.245401,0.53904,0.0797823,2.95219,0.274344,,-0.00238807,0.063229,-0.0549287,54.1951,-0.00238807,-0.0106943,-0.05637453286908567,-0.010694287717342377,-0.00334055,999,,,,,,,-1,,-1,,,,,,,,,,,,,,,,,,,,"Peyton Powell","sa3067090",687334
"Jose Serrano",,0,1,1,0,0,0,0,0,0,0,0,0,0,0,0,0,,0,0,0.183189,0.072171,0.385147,0.187385,0.246842,0.289423,0.239532,0.536265,0.106234,3.55385,0.287332,,-0.00130663,0.0584637,-0.059694,44.7919,-0.00130663,0.000712953,-0.06673961551859975,0.0007129529840312898,-0.00335139,999,,,,,,,-1,,-1,,,,,,,,,,,,,,,,,,,,"Jose Serrano","sa3016165",699112
"Grant Smith",,0,1,1,0,0,0,0,0,0,0,0,0,0,0,0,0,,0,0,0.188096,0.041304,0.33659,0.122713,0.232172,0.283295,0.22841,0.515467,0.0951991,2.88757,0.270071,,-0.000522767,0.049434,-0.0687237,41.6297,-0.000522767,0.00213886,-0.06931894726585597,0.002138857962563634,-0.00335193,999,,,,,,,-1,,-1,,,,,,,,,,,,,,,,,,,,"Grant Smith","sa3067334",823112
"Connor Hujsak","TBR",0,1,1,0,0,0,0,0,0,0,0,0,0,0,0,0,,0,0,0.195781,0.0431732,0.350795,0.123072,0.233003,0.322447,0.241651,0.555449,0.126666,6.33255,0.281325,,0.00227,0.0601847,-0.057973,50.1262,0.00227,-0.0106943,-0.05651211924850941,-0.010694287717342377,-0.00335463,999,,,,,,,-1,,-1,,,,,,,,,,,,,,,,,,,,"Connor Hujsak","sa3025393",824615
"Jacob Jenkins-Cowart","MIA",0,1,1,0,0,0,0,0,0,0,0,0,0,0,0,0,,0,0,0.19783,0.0622526,0.304491,0.204448,0.252632,0.300417,0.245413,0.553049,0.102587,5.62617,0.274316,,0.000887559,0.0632391,-0.0549186,52.3602,0.000887559,-0.0106943,-0.05557550024241209,-0.010694287717342377,-0.00337627,999,,,,,,,-1,,-1,,,,,,,,,,,,,,,,,,,,"Jacob Jenkins-Cowart","sa3025201",801881
"Kamren James","TBR",0,1,1,0,0,0,0,0,0,0,0,0,0,0,0,0,,0,0,0.193947,0.0564553,0.322714,0.174939,0.253767,0.300212,0.246891,0.553979,0.106265,2.92113,0.272218,,-0.00224065,0.0644388,-0.0537189,53.7356,-0.00224065,-0.0106943,-0.05676869978196919,-0.010694287717342377,-0.00338088,999,,,,,,,-1,,-1,,,,,,,,,,,,,,,,,,,,"Kamren James","sa3020201",687553
"Luis Valdez",,0,1,1,0,0,0,0,0,0,0,0,0,0,0,0,0,,0,0,0.197764,0.0505213,0.317154,0.159296,0.241833,0.278188,0.230805,0.520021,0.0804239,7.35657,0.286002,,0.00791695,0.0513782,-0.0667795,44.9809,0.00791695,-0.0106943,-0.05692946445196867,-0.010694287717342377,-0.00339733,999,,,,,,,-1,,-1,,,,,,,,,,,,,,,,,,,,"Luis Valdez","sa3016076",687667
"TJayy Walton","PHI",0,1,1,0,0,0,0,0,0,0,0,0,0,0,0,0,,0,0,0.192055,0.0681726,0.366128,0.186199,0.255799,0.297566,0.246863,0.553365,0.105511,5.92566,0.296615,,-0.00018226,0.0644164,-0.0537413,53.0841,-0.00018226,-0.0106943,-0.055787358127417974,-0.010694287717342377,-0.00339794,999,,,,,,,-1,,-1,,,,,,,,,,,,,,,,,,,,"TJayy Walton","sa3023090",807737
"Jancory De La Cruz","MIA",0,1,1,0,0,0,0,0,0,0,0,0,0,0,0,0,,0,0,0.19029,0.0811312,0.344586,0.235445,0.259302,0.294841,0.248163,0.554143,0.104551,3.50363,0.280617,,-0.00158844,0.0654711,-0.0526866,54.2434,-0.00158844,-0.0106943,-0.05581947369500995,-0.010694287717342377,-0.00340123,999,,,,,,,-1,,-1,,,,,,,,,,,,,,,,,,,,"Jancory De La Cruz","sa3021280",808519
"Dalvy Rosario",,0,1,1,0,0,0,0,0,0,0,0,0,0,0,0,0,,0,0,0.205037,0.0515757,0.304069,0.169619,0.249272,0.305902,0.244674,0.555173,0.100864,5.46237,0.28233,,0.00117805,0.0626389,-0.0555188,51.8538,0.00117805,-0.0106943,-0.05588519026059657,-0.010694287717342377,-0.00340795,999,,,,,,,-1,,-1,,,,,,,,,,,,,,,,,,,,"Dalvy Rosario","sa3005712",672537
"Jacob Walsh","WSN",0,1,1,0,0,0,0,0,0,0,0,0,0,0,0,0,,0,0,0.194042,0.0821468,0.301671,0.272306,0.266796,0.297217,0.253311,0.564013,0.103175,3.78538,0.266744,,-0.00034156,0.0696509,-0.0485068,59.1311,-0.00034156,-0.0178238,-0.048779613949591294,-0.01782381348311901,-0.0034104,999,,,,,,,-1,,-1,,,,,,,,,,,,,,,,,,,,"Jacob Walsh","sa3044728",701862
"Shalin Polanco","PIT",0,1,1,0,0,0,0,0,0,0,0,0,0,0,0,0,,0,0,0.198069,0.0613285,0.308351,0.198892,0.249269,0.318721,0.249815,0.56799,0.120652,4.06847,0.268177,,-0.00241939,0.0668131,-0.0513446,54.8333,-0.00241939,-0.0106943,-0.05595132173039019,-0.010694287717342377,-0.00341472,999,,,,,,,-1,,-1,,,,,,,,,,,,,,,,,,,,"Shalin Polanco","sa3015699",694186
"Angelo Hernandez","CHW",0,1,1,0,0,0,0,0,0,0,0,0,0,0,0,0,,0,0,0.193248,0.0770617,0.326139,0.236285,0.266564,0.297687,0.253665,0.564251,0.104439,2.68728,0.275205,,-0.00181765,0.0699385,-0.0482192,59.0268,-0.00181765,-0.0178238,-0.05010932113509625,-0.01782381348311901,-0.00342898,999,,,,,,,-1,,-1,,,,,,,,,,,,,,,,,,,,"Angelo Hernandez","sa3021295",808687
"Robert Lopez",,0,1,1,0,0,0,0,0,0,0,0,0,0,0,0,0,,0,0,0.199991,0.0780688,0.28382,0.275065,0.264985,0.295103,0.250832,0.560088,0.0951112,2.07579,0.269911,,-0.00125087,0.0676388,-0.0505189,58.5174,-0.00125087,-0.0178238,-0.05014289892278612,-0.01782381348311901,-0.00343241,999,,,,,,,-1,,-1,,,,,,,,,,,,,,,,,,,,"Robert Lopez","sa3016641",694209
"Justin Miknis",,0,1,1,0,0,0,0,0,0,0,0,0,0,0,0,0,,0,0,0.196267,0.0961364,0.297176,0.3235,0.276544,0.29085,0.256625,0.567395,0.0945828,3.10491,0.272765,,-0.00108713,0.0723417,-0.045816,59.4979,-0.00108713,-0.0178238,-0.04909049125853926,-0.01782381348311901,-0.00344221,999,,,,,,,-1,,-1,,,,,,,,,,,,,,,,,,,,"Justin Miknis","sa3022884",687242
"Jake Zitella",,0,1,1,0,0,0,0,0,0,0,0,0,0,0,0,0,,0,0,0.194898,0.0680648,0.30373,0.224097,0.260299,0.294628,0.24858,0.554927,0.0997301,3.5303,0.269521,,-0.00081601,0.06581,-0.0523477,59.1715,-0.00081601,-0.0178238,-0.04920628998661414,-0.01782381348311901,-0.00345406,999,,,,,,,-1,,-1,,,,,,,,,,,,,,,,,,,,"Jake Zitella","sa3022968",806267
"Hunter Haas",,0,1,1,0,0,0,0,0,0,0,0,0,0,0,0,0,,0,0,0.17831,0.069199,0.325922,0.212318,0.24558,0.266725,0.231542,0.512305,0.0884148,2.86847,0.257719,,-0.00190791,0.0519768,-0.0661809,43.1621,-0.00190791,0.000712953,-0.06889795209281147,0.0007129529840312898,-0.00345475,999,,,,,,,-1,,-1,,,,,,,,,,,,,,,,,,,,"Hunter Haas","sa3022918",690983
"Keduar Trujillo","HOU",0,1,1,0,0,0,0,0,0,0,0,0,0,0,0,0,,0,0,0.193772,0.0781838,0.328703,0.237855,0.261878,0.300479,0.251538,0.562356,0.106706,2.66259,0.276138,,-0.00162118,0.0682113,-0.0499464,58.3939,-0.00162118,-0.0178238,-0.05065882904455066,-0.01782381348311901,-0.0034852,999,,,,,,,-1,,-1,,,,,,,,,,,,,,,,,,,,"Keduar Trujillo","sa3019764",806014
"C.J. Pittaro","ATH",0,1,1,0,0,0,0,0,0,0,0,0,0,0,0,0,,0,0,0.2,0.0681609,0.283935,0.240058,0.263132,0.28281,0.245377,0.545942,0.0828102,3.28641,0.276925,,-0.0019965,0.0632099,-0.0549478,53.2701,-0.0019965,-0.0106943,-0.057227143086493015,-0.010694287717342377,-0.00348652,999,,,,,,,-1,,-1,,,,,,,,,,,,,,,,,,,,"C.J. Pittaro","sa3066821",694953
"David Beckles","TOR",0,1,1,0,0,0,0,0,0,0,0,0,0,0,0,0,,0,0,0.200679,0.0579501,0.334579,0.173203,0.25143,0.317752,0.250788,0.569182,0.117072,2.42284,0.283547,,-0.00106148,0.0676027,-0.050555,57.9059,-0.00106148,-0.0178238,-0.05067431298084557,-0.01782381348311901,-0.00348679,999,,,,,,,-1,,-1,,,,,,,,,,,,,,,,,,,,"David Beckles","sa3018441",703924
"Carson Jones",,0,1,1,0,0,0,0,0,0,0,0,0,0,0,0,0,,0,0,0.172396,0.0607156,0.395355,0.153572,0.228732,0.281334,0.226943,0.510066,0.108938,5.65255,0.268646,,0.0041083,0.0482429,-0.0699148,47.4078,0.0041083,-0.0106943,-0.05787770263850689,-0.010694287717342377,-0.00349434,999,,,,,,,-1,,-1,,,,,,,,,,,,,,,,,,,,"Carson Jones","sa3022652",687982
"Romtres Cabrera","STL",0,1,1,0,0,0,0,0,0,0,0,0,0,0,0,0,,0,0,0.178751,0.0827947,0.342496,0.241739,0.255298,0.264026,0.23646,0.519324,0.0852753,4.98352,0.268475,,0.00283869,0.0559701,-0.0621876,49.7161,0.00283869,-0.0106943,-0.056758112041279674,-0.010694287717342377,-0.00349726,999,,,,,,,-1,,-1,,,,,,,,,,,,,,,,,,,,"Romtres Cabrera","sa3015775",699028
"Hans Montero","NYY",0,1,1,0,0,0,0,0,0,0,0,0,0,0,0,0,,0,0,0.188567,0.0717772,0.361294,0.198667,0.252416,0.303564,0.247327,0.55598,0.114997,5.48525,0.280412,,0.00101226,0.0647925,-0.0533652,56.0461,0.00101226,-0.0178238,-0.05079250258859247,-0.01782381348311901,-0.00349888,999,,,,,,,-1,,-1,,,,,,,,,,,,,,,,,,,,"Hans Montero","sa3016321",694215
"Christopher Paciolla","CHC",0,1,1,0,0,0,0,0,0,0,0,0,0,0,0,0,,0,0,0.18925,0.0378693,0.319185,0.118644,0.230651,0.282519,0.227103,0.51317,0.0932692,3.44446,0.264613,,-0.000636385,0.0483728,-0.069785,42.9502,-0.000636385,0.000712953,-0.0682521543931216,0.0007129529840312898,-0.00350614,999,,,,,,,-1,,-1,,,,,,,,,,,,,,,,,,,,"Christopher Paciolla","sa3020138",800627
"Jean Perez",,0,1,1,0,0,0,0,0,0,0,0,0,0,0,0,0,,0,0,0.217765,0.0251778,0.273804,0.0919554,0.245492,0.319343,0.246368,0.564835,0.101578,4.99201,0.285663,,0.000555574,0.064014,-0.0541437,40.7021,0.000555574,0.00213886,-0.0697246725903824,0.002138857962563634,-0.00351091,999,,,,,,,-1,,-1,,,,,,,,,,,,,,,,,,,,"Jean Perez","sa3011632",691685
"Fabian Lopez","MIA",0,1,1,0,0,0,0,0,0,0,0,0,0,0,0,0,,0,0,0.184357,0.0433532,0.368714,0.11758,0.223099,0.277748,0.220736,0.500847,0.0933914,5.33471,0.282809,,0.00105075,0.0432031,-0.0749546,35.4552,0.00105075,0.00784248,-0.07544824166689068,0.007842478342354298,-0.00351295,999,,,,,,,-1,,-1,,,,,,,,,,,,,,,,,,,,"Fabian Lopez","sa3021276",808500
"Jesus Castillo","PIT",0,1,1,0,0,0,0,0,0,0,0,0,0,0,0,0,,0,0,0.209945,0.0878025,0.248098,0.353903,0.289115,0.274323,0.257615,0.563438,0.064378,3.45592,0.279695,,-0.00259156,0.0731459,-0.0450118,60.1765,-0.00259156,-0.0178238,-0.04979068599641323,-0.01782381348311901,-0.00351385,999,,,,,,,-1,,-1,,,,,,,,,,,,,,,,,,,,"Jesus Castillo","sa3015587",691913
"Alejandro Loaiza","STL",0,1,1,0,0,0,0,0,0,0,0,0,0,0,0,0,,0,0,0.19512,0.0642881,0.320961,0.200299,0.253672,0.308422,0.249307,0.562094,0.113302,3.52586,0.271208,,-0.000664868,0.0664007,-0.051757,58.5167,-0.000664868,-0.0178238,-0.049831107433419675,-0.01782381348311901,-0.00351798,999,,,,,,,-1,,-1,,,,,,,,,,,,,,,,,,,,"Alejandro Loaiza","sa3016195",700335
"Jose De La Cruz",,0,1,1,0,0,0,0,0,0,0,0,0,0,0,0,0,,0,0,0.192835,0.0499754,0.38752,0.128962,0.241476,0.313154,0.244012,0.55463,0.120319,3.00025,0.296851,,-0.00204995,0.0621013,-0.0560564,52.3838,-0.00204995,-0.0106943,-0.058171209413558245,-0.010694287717342377,-0.00352437,999,,,,,,,-1,,-1,,,,,,,,,,,,,,,,,,,,"Jose De La Cruz","sa3008747",682627
"Edwin Brito","BOS",0,1,1,0,0,0,0,0,0,0,0,0,0,0,0,0,,0,0,0.195493,0.062707,0.332984,0.188319,0.256852,0.300175,0.24834,0.557027,0.104682,3.89145,0.283921,,-0.00095203,0.0656155,-0.0525422,51.4201,-0.00095203,-0.0106943,-0.05820910108741373,-0.010694287717342377,-0.00352825,999,,,,,,,-1,,-1,,,,,,,,,,,,,,,,,,,,"Edwin Brito","sa3023760",821115
"Jorge Ruiz","LAA",0,1,1,0,0,0,0,0,0,0,0,0,0,0,0,0,,0,0,0.212621,0.042707,0.242188,0.176338,0.252677,0.299321,0.243665,0.551997,0.0866993,4.96411,0.272275,,-0.000779237,0.0618197,-0.056338,51.2175,-0.000779237,-0.0106943,-0.05827512557152659,-0.010694287717342377,-0.003535,999,,,,,,,-1,,-1,,,,,,,,,,,,,,,,,,,,"Jorge Ruiz","sa3015873",702409
"Roismar Quintana",,0,1,1,0,0,0,0,0,0,0,0,0,0,0,0,0,,0,0,0.214317,0.052377,0.267924,0.195492,0.260672,0.311318,0.252739,0.57199,0.0970013,2.68674,0.281046,,-0.0012824,0.0691865,-0.0489712,58.7394,-0.0012824,-0.0178238,-0.05018478084821254,-0.01782381348311901,-0.00355417,999,,,,,,,-1,,-1,,,,,,,,,,,,,,,,,,,,"Roismar Quintana","sa3014718",692453
"Robert Gonzalez",,0,1,1,0,0,0,0,0,0,0,0,0,0,0,0,0,,0,0,0.189471,0.0804256,0.347189,0.231648,0.256573,0.280625,0.241558,0.537198,0.0911537,5.24371,0.28551,,0.00114947,0.0601093,-0.0580485,50.5896,0.00114947,-0.0106943,-0.05741214321460575,-0.010694287717342377,-0.00356418,999,,,,,,,-1,,-1,,,,,,,,,,,,,,,,,,,,"Robert Gonzalez","sa3018545",800385
"Carlos Gonzalez","SEA",0,1,1,0,0,0,0,0,0,0,0,0,0,0,0,0,,0,0,0.175448,0.0972489,0.343191,0.283366,0.258272,0.274497,0.242024,0.532769,0.0990489,2.5313,0.257255,,-0.00169256,0.0604868,-0.0576709,57.7962,-0.00169256,-0.0178238,-0.051434659282676876,-0.01782381348311901,-0.00356458,999,,,,,,,-1,,-1,,,,,,,,,,,,,,,,,,,,"Carlos Gonzalez","sa3018607",801262
"Tyler Whitaker","HOU",0,1,1,0,0,0,0,0,0,0,0,0,0,0,0,0,,0,0,0.17888,0.0766753,0.365032,0.210051,0.253628,0.276324,0.239648,0.529953,0.0974447,4.68347,0.277455,,0.0000360529,0.0585583,-0.0595994,50.2038,0.0000360529,-0.0106943,-0.05865457330583013,-0.010694287717342377,-0.00357383,999,,,,,,,-1,,-1,,,,,,,,,,,,,,,,,,,,"Tyler Whitaker","sa3017376",696264
"Brock Vradenburg","PHI",0,1,1,0,0,0,0,0,0,0,0,0,0,0,0,0,,0,0,0.188783,0.102689,0.312568,0.328535,0.271254,0.28992,0.253544,0.561174,0.101137,4.37471,0.267753,,-0.00061833,0.0698405,-0.0483172,57.93,-0.00061833,-0.0178238,-0.050479939905926585,-0.01782381348311901,-0.00358437,999,,,,,,,-1,,-1,,,,,,,,,,,,,,,,,,,,"Brock Vradenburg","sa3022537",802544
"Douglas Glod","ATL",0,1,1,0,0,0,0,0,0,0,0,0,0,0,0,0,,0,0,0.174572,0.0965595,0.405545,0.238098,0.260584,0.276963,0.244421,0.537547,0.102392,2.66867,0.290767,,-0.00155825,0.0624335,-0.0557242,52.5506,-0.00155825,-0.0106943,-0.05779562832321972,-0.010694287717342377,-0.00360341,999,,,,,,,-1,,-1,,,,,,,,,,,,,,,,,,,,"Douglas Glod","sa3019685",800180
"Skyler Messinger","COL",0,1,1,0,0,0,0,0,0,0,0,0,0,0,0,0,,0,0,0.207447,0.0437831,0.28634,0.152906,0.252049,0.309868,0.24786,0.561917,0.102421,4.27796,0.277854,,-0.000197256,0.0652258,-0.0529319,41.7246,-0.000197256,0.000712953,-0.06926570300129242,0.0007129529840312898,-0.00360984,999,,,,,,,-1,,-1,,,,,,,,,,,,,,,,,,,,"Skyler Messinger","sa3019963",676038
"Martin Gonzalez","SEA",0,1,1,0,0,0,0,0,0,0,0,0,0,0,0,0,,0,0,0.165115,0.0735071,0.381837,0.192509,0.23422,0.24498,0.218272,0.479201,0.079865,2.96571,0.265114,,-0.00142017,0.0412027,-0.0769551,41.4345,-0.00142017,0.000712953,-0.07044643478002399,0.0007129529840312898,-0.00361318,999,,,,,,,-1,,-1,,,,,,,,,,,,,,,,,,,,"Martin Gonzalez","sa3018434",703203
"Bo Walker","ARI",0,1,1,0,0,0,0,0,0,0,0,0,0,0,0,0,,0,0,0.180581,0.0836769,0.356607,0.234647,0.261031,0.279141,0.244925,0.540172,0.0985594,3.64023,0.275981,,-0.00150606,0.0628425,-0.0553153,52.3823,-0.00150606,-0.0106943,-0.05794285342562944,-0.010694287717342377,-0.00361848,999,,,,,,,-1,,-1,,,,,,,,,,,,,,,,,,,,"Bo Walker","sa3067468",815563
"Alexander Benua","ARI",0,1,1,0,0,0,0,0,0,0,0,0,0,0,0,0,,0,0,0.19595,0.0598887,0.312662,0.191544,0.252065,0.295594,0.243555,0.547659,0.0996433,4.968,0.276729,,-0.000468252,0.0617305,-0.0564272,51.4441,-0.000468252,-0.0106943,-0.05801700268057175,-0.010694287717342377,-0.00362606,999,,,,,,,-1,,-1,,,,,,,,,,,,,,,,,,,,"Alexander Benua","sa3015817",699229
"Eduardo Oviedo",,0,1,1,0,0,0,0,0,0,0,0,0,0,0,0,0,,0,0,0.182282,0.0657941,0.366858,0.179345,0.240711,0.267959,0.228337,0.50867,0.0856763,4.47624,0.283665,,0.0000469295,0.0493744,-0.0687833,40.1196,0.0000469295,0.00213886,-0.07092378462766646,0.002138857962563634,-0.0036336,999,,,,,,,-1,,-1,,,,,,,,,,,,,,,,,,,,"Eduardo Oviedo","sa3018451",800130
"Luke Scherrer","PIT",0,1,1,0,0,0,0,0,0,0,0,0,0,0,0,0,,0,0,0.200277,0.0707178,0.273019,0.259022,0.275866,0.286897,0.255147,0.562763,0.0866199,3.12756,0.269769,,-0.00182226,0.0711421,-0.0470156,58.4858,-0.00182226,-0.0178238,-0.051025206106714904,-0.01782381348311901,-0.00364015,999,,,,,,,-1,,-1,,,,,,,,,,,,,,,,,,,,"Luke Scherrer","sa3023140",800615
"Larry Martinez","TBR",0,1,1,0,0,0,0,0,0,0,0,0,0,0,0,0,,0,0,0.221343,0.0321211,0.22002,0.145992,0.258384,0.311699,0.251173,0.570083,0.0903554,2.47945,0.272417,,-0.00116818,0.0679155,-0.0502422,56.6854,-0.00116818,-0.0178238,-0.05221952509600669,-0.01782381348311901,-0.00364488,999,,,,,,,-1,,-1,,,,,,,,,,,,,,,,,,,,"Larry Martinez","sa3019551",800371
"Brennon McNair","KCR",0,1,1,0,0,0,0,0,0,0,0,0,0,0,0,0,,0,0,0.18466,0.0661568,0.328514,0.201382,0.247264,0.305287,0.245068,0.552551,0.120627,5.19835,0.260017,,-0.000833245,0.062959,-0.0551987,50.3456,-0.000833245,-0.0106943,-0.05935676209628582,-0.010694287717342377,-0.00364567,999,,,,,,,-1,,-1,,,,,,,,,,,,,,,,,,,,"Brennon McNair","sa3017405",695707
"Joel Dragoo","PHI",0,1,1,0,0,0,0,0,0,0,0,0,0,0,0,0,,0,0,0.189372,0.0859097,0.310949,0.276282,0.264737,0.277542,0.245578,0.54228,0.0881703,3.08827,0.272003,,-0.00167177,0.0633727,-0.054785,52.2035,-0.00167177,-0.0106943,-0.05832057585939765,-0.010694287717342377,-0.00365712,999,,,,,,,-1,,-1,,,,,,,,,,,,,,,,,,,,"Joel Dragoo","sa3025437",811780
"Frederik Jimenez","BOS",0,1,1,0,0,0,0,0,0,0,0,0,0,0,0,0,,0,0,0.197857,0.0707817,0.328252,0.215632,0.262956,0.312441,0.256055,0.575397,0.114584,3.42256,0.280118,,-0.00143494,0.0718789,-0.0462788,56.7343,-0.00143494,-0.0178238,-0.05242859188001603,-0.01782381348311901,-0.00366627,999,,,,,,,-1,,-1,,,,,,,,,,,,,,,,,,,,"Frederik Jimenez","sa3021288",808631
"Jack Moss","CIN",0,1,1,0,0,0,0,0,0,0,0,0,0,0,0,0,,0,0,0.21657,0.077536,0.253893,0.305389,0.278681,0.298241,0.258532,0.576922,0.0816709,2.16814,0.285301,,-0.00127802,0.0738901,-0.0442676,57.8078,-0.00127802,-0.0178238,-0.05128452181816101,-0.01782381348311901,-0.00366669,999,,,,,,,-1,,-1,,,,,,,,,,,,,,,,,,,,"Jack Moss","sa3022598",694380
"Jose Rodriguez",,0,1,1,0,0,0,0,0,0,0,0,0,0,0,0,0,,0,0,0.186245,0.0604926,0.359303,0.168361,0.236378,0.314356,0.241775,0.550734,0.128111,2.64421,0.267154,,-0.00112246,0.0602847,-0.057873,50.3353,-0.00112246,-0.0106943,-0.05965810164343566,-0.010694287717342377,-0.0036765,999,,,,,,,-1,,-1,,,,,,,,,,,,,,,,,,,,"Jose Rodriguez","sa3018555",800412
"Daiber De Los Santos","MIN",0,1,1,0,0,0,0,0,0,0,0,0,0,0,0,0,,0,0,0.162098,0.0662859,0.459064,0.144393,0.230397,0.267424,0.224185,0.497821,0.105326,6.07371,0.29406,,0.00156388,0.0460039,-0.0721538,38.2188,0.00156388,0.000657342,-0.07125250832177699,0.0006573420250788331,-0.00370134,999,,,,,,,-1,,-1,,,,,,,,,,,,,,,,,,,,"Daiber De Los Santos","sa3023885",815893
"Starlin Aguilar","LAA",0,1,1,0,0,0,0,0,0,0,0,0,0,0,0,0,,0,0,0.181383,0.0431424,0.355229,0.12145,0.221313,0.266917,0.216292,0.48823,0.0855345,2.83785,0.271686,,-0.000987972,0.039595,-0.0785627,40.0705,-0.000987972,0.000712953,-0.0716219050809741,0.0007129529840312898,-0.00373344,999,,,,,,,-1,,-1,,,,,,,,,,,,,,,,,,,,"Starlin Aguilar","sa3015722",694223
"Alexander Ramirez","CHC",0,1,1,0,0,0,0,0,0,0,0,0,0,0,0,0,,0,0,0.188864,0.051818,0.416716,0.124348,0.236892,0.313989,0.241735,0.550881,0.125125,5.42697,0.305464,,-0.00116613,0.0602525,-0.0579052,49.8878,-0.00116613,-0.0106943,-0.060229209484532475,-0.010694287717342377,-0.00373493,999,,,,,,,-1,,-1,,,,,,,,,,,,,,,,,,,,"Alexander Ramirez","sa3008757",682643
"Jose Gerardo","MIA",0,1,1,0,0,0,0,0,0,0,0,0,0,0,0,0,,0,0,0.166341,0.0738622,0.418825,0.176356,0.237625,0.259075,0.225218,0.496699,0.0927339,5.57444,0.283227,,0.00289813,0.0468422,-0.0713155,38.5256,0.00289813,0,-0.06996179465204477,0,-0.003754,999,,,,,,,-1,,-1,,,,,,,,,,,,,,,,,,,,"Jose Gerardo","sa3018645",805103
"Roiber Niazoa",,0,1,1,0,0,0,0,0,0,0,0,0,0,0,0,0,,0,0,0.185473,0.0700819,0.369597,0.189617,0.255312,0.28114,0.241857,0.536452,0.0956672,3.22953,0.288746,,-0.00100367,0.0603513,-0.0578064,50.7938,-0.00100367,-0.0106943,-0.05932324007153511,-0.010694287717342377,-0.00375971,999,,,,,,,-1,,-1,,,,,,,,,,,,,,,,,,,,"Roiber Niazoa","sa3021269",808488
"Modeifi Marte","ARI",0,1,1,0,0,0,0,0,0,0,0,0,0,0,0,0,,0,0,0.217421,0.0520791,0.234284,0.222291,0.262716,0.307638,0.252272,0.570354,0.090216,3.12029,0.275121,,-0.00178843,0.068808,-0.0493497,57.4157,-0.00178843,-0.0178238,-0.052259672549553216,-0.01782381348311901,-0.00376646,999,,,,,,,-1,,-1,,,,,,,,,,,,,,,,,,,,"Modeifi Marte","sa3018445",800029
"Ian Farrow",,0,1,1,0,0,0,0,0,0,0,0,0,0,0,0,0,,0,0,0.190457,0.0676065,0.355789,0.190019,0.249615,0.300487,0.24434,0.550102,0.110031,3.17675,0.283744,,-0.00141261,0.0623675,-0.0557902,51.0823,-0.00141261,-0.0106943,-0.05939022230450064,-0.010694287717342377,-0.00376656,999,,,,,,,-1,,-1,,,,,,,,,,,,,,,,,,,,"Ian Farrow","sa3031177",694786
"Carter Mathison","PHI",0,1,1,0,0,0,0,0,0,0,0,0,0,0,0,0,,0,0,0.176097,0.077431,0.38074,0.20337,0.254619,0.279188,0.24176,0.533808,0.103091,4.2394,0.276377,,0.00029213,0.0602727,-0.057885,49.5879,0.00029213,-0.0106943,-0.059456668357597664,-0.010694287717342377,-0.00377336,999,,,,,,,-1,,-1,,,,,,,,,,,,,,,,,,,,"Carter Mathison","sa3025196",701296
"Yaisel Ramos",,0,1,1,0,0,0,0,0,0,0,0,0,0,0,0,0,,0,0,0.170666,0.0689076,0.364984,0.188796,0.23534,0.253922,0.221491,0.489262,0.0832562,3.83757,0.263429,,-0.00061804,0.0438161,-0.0743416,39.4614,-0.00061804,0.00213886,-0.0723688377183862,0.002138857962563634,-0.00378144,999,,,,,,,-1,,-1,,,,,,,,,,,,,,,,,,,,"Yaisel Ramos","sa3018620",802066
"Danny Gonzalez",,0,1,1,0,0,0,0,0,0,0,0,0,0,0,0,0,,0,0,0.196409,0.0542552,0.324455,0.167219,0.248476,0.298385,0.242709,0.546861,0.101976,3.30317,0.277041,,-0.000976299,0.0610437,-0.057114,50.5079,-0.000976299,-0.0106943,-0.05963472410803661,-0.010694287717342377,-0.00379158,999,,,,,,,-1,,-1,,,,,,,,,,,,,,,,,,,,"Danny Gonzalez","sa3018603",801256
"Jackson Feltner",,0,1,1,0,0,0,0,0,0,0,0,0,0,0,0,0,,0,0,0.182748,0.0828986,0.356839,0.232313,0.262953,0.296875,0.252158,0.559829,0.114127,2.59181,0.27121,,-0.00194885,0.0687154,-0.0494423,57.3375,-0.00194885,-0.0178238,-0.05251271999441087,-0.01782381348311901,-0.00379235,999,,,,,,,-1,,-1,,,,,,,,,,,,,,,,,,,,"Jackson Feltner","sa3022568",801822
"Jimmy Obertop","COL",0,1,1,0,0,0,0,0,0,0,0,0,0,0,0,0,,0,0,0.210608,0.0728744,0.322714,0.225817,0.275709,0.332014,0.269084,0.607723,0.121406,4.67009,0.298697,,-0.000695771,0.0824573,-0.0357004,56.2634,-0.000695771,-0.0178238,-0.052532686793711036,-0.01782381348311901,-0.00379439,999,,,,,,,-1,,-1,,,,,,,,,,,,,,,,,,,,"Jimmy Obertop","sa3067392",687616
"Reynaldo De La Paz","ATH",0,1,1,0,0,0,0,0,0,0,0,0,0,0,0,0,,0,0,0.177603,0.0824667,0.355745,0.231814,0.255248,0.275433,0.24045,0.530682,0.0978309,3.39413,0.269005,,-0.00101499,0.0592096,-0.0589481,49.8855,-0.00101499,-0.0106943,-0.06024593871552497,-0.010694287717342377,-0.00379538,999,,,,,,,-1,,-1,,,,,,,,,,,,,,,,,,,,"Reynaldo De La Paz","sa3021119",807956
"Trey Faltine","CIN",0,1,1,0,0,0,0,0,0,0,0,0,0,0,0,0,,0,0,0.175369,0.0717909,0.416581,0.172333,0.245877,0.28238,0.237428,0.528257,0.107011,5.68799,0.294301,,0.00311286,0.0567561,-0.0614016,43.3512,0.00311286,-0.00641657,-0.0640277115162462,-0.006416573189198971,-0.00380337,999,,,,,,,-1,,-1,,,,,,,,,,,,,,,,,,,,"Trey Faltine","sa3020118",683104
"Luis Puello","NYY",0,1,1,0,0,0,0,0,0,0,0,0,0,0,0,0,,0,0,0.185817,0.0522306,0.364395,0.143335,0.237071,0.298052,0.236735,0.535123,0.112236,3.27754,0.274874,,-0.00053634,0.0561928,-0.0619649,48.7497,-0.00053634,-0.0106943,-0.06094079738250002,-0.010694287717342377,-0.00380774,999,,,,,,,-1,,-1,,,,,,,,,,,,,,,,,,,,"Luis Puello","sa3021309",809772
"Eddy Rodriguez",,0,1,1,0,0,0,0,0,0,0,0,0,0,0,0,0,,0,0,0.187523,0.0747111,0.332298,0.224832,0.255911,0.285432,0.243291,0.541344,0.0979089,3.59139,0.272916,,-0.000972307,0.0615158,-0.0566419,50.3637,-0.000972307,-0.0106943,-0.05980154371354729,-0.010694287717342377,-0.00380864,999,,,,,,,-1,,-1,,,,,,,,,,,,,,,,,,,,"Eddy Rodriguez","sa3016154",699014
"Armando Cruz","WSN",0,1,1,0,0,0,0,0,0,0,0,0,0,0,0,0,,0,0,0.205029,0.0324813,0.225779,0.143863,0.231805,0.285438,0.226769,0.517243,0.0804084,3.12642,0.25413,,-0.00275616,0.0481012,-0.0700565,40.949,-0.00275616,0.00213886,-0.07274386123754084,0.002138857962563634,-0.00381981,999,,,,,,,-1,,-1,,,,,,,,,,,,,,,,,,,,"Armando Cruz","sa3015695",694182
"Jeffry Rosa",,0,1,1,0,0,0,0,0,0,0,0,0,0,0,0,0,,0,0,0.176723,0.0574141,0.361534,0.158807,0.243377,0.282163,0.236229,0.525541,0.10544,2.31427,0.261943,,-0.0016312,0.055782,-0.0623757,50.7105,-0.0016312,-0.0106943,-0.06004944001324475,-0.010694287717342377,-0.00383401,999,,,,,,,-1,,-1,,,,,,,,,,,,,,,,,,,,"Jeffry Rosa","sa3018941",800251
"Malvin Valdez","CIN",0,1,1,0,0,0,0,0,0,0,0,0,0,0,0,0,,0,0,0.179902,0.0715075,0.339471,0.210644,0.246542,0.263048,0.230644,0.50959,0.0831454,4.13733,0.266963,,-0.000279369,0.0512478,-0.0669099,38.7036,-0.000279369,0.00213886,-0.07292825944023207,0.002138857962563634,-0.00383868,999,,,,,,,-1,,-1,,,,,,,,,,,,,,,,,,,,"Malvin Valdez","sa3015719",694216
"Reece Walling",,0,1,1,0,0,0,0,0,0,0,0,0,0,0,0,0,,0,0,0.161844,0.118842,0.387205,0.306923,0.265123,0.250532,0.239427,0.515655,0.0886873,2.59405,0.266249,,-0.00128528,0.0583784,-0.0597793,50.3547,-0.00128528,-0.0106943,-0.06012527400162071,-0.010694287717342377,-0.00384176,999,,,,,,,-1,,-1,,,,,,,,,,,,,,,,,,,,"Reece Walling","sa3019933",800617
"Karim Ayubi",,0,1,1,0,0,0,0,0,0,0,0,0,0,0,0,0,,0,0,0.18493,0.0834,0.366069,0.227826,0.264509,0.277185,0.245927,0.541694,0.0922551,3.17393,0.292417,,-0.00243467,0.0636558,-0.0545019,49.7574,-0.00243467,-0.0106943,-0.0616514403373003,-0.010694287717342377,-0.00388044,999,,,,,,,-1,,-1,,,,,,,,,,,,,,,,,,,,"Karim Ayubi","sa3016170",699142
"Gustavo Marquez",,0,1,1,0,0,0,0,0,0,0,0,0,0,0,0,0,,0,0,0.181526,0.0696048,0.328412,0.211944,0.252315,0.261425,0.233716,0.51374,0.0798986,3.15865,0.266027,,-0.000824027,0.0537416,-0.0644161,49.4265,-0.000824027,-0.0106943,-0.06076409365050495,-0.010694287717342377,-0.00390712,999,,,,,,,-1,,-1,,,,,,,,,,,,,,,,,,,,"Gustavo Marquez","sa3021138",808009
"Brandon Pimentel","WSN",0,1,1,0,0,0,0,0,0,0,0,0,0,0,0,0,,0,0,0.213151,0.0281117,0.264938,0.106107,0.251805,0.310701,0.247749,0.562506,0.0975498,3.5237,0.277828,,-0.000754582,0.0651357,-0.053022,55.3216,-0.000754582,-0.0178238,-0.05370777298230678,-0.01782381348311901,-0.00391461,999,,,,,,,-1,,-1,,,,,,,,,,,,,,,,,,,,"Brandon Pimentel","sa3022678",699615
"Josi Novas","KCR",0,1,1,0,0,0,0,0,0,0,0,0,0,0,0,0,,0,0,0.173306,0.0399525,0.392646,0.101752,0.213108,0.284703,0.218775,0.497811,0.111397,3.01511,0.263089,,-0.000790218,0.0416113,-0.0765464,32.2331,-0.000790218,0.00784248,-0.08066142542520538,0.007842478342354298,-0.00392886,999,,,,,,,-1,,-1,,,,,,,,,,,,,,,,,,,,"Josi Novas","sa3018594",800548
"Alessander De La Cruz","COL",0,1,1,0,0,0,0,0,0,0,0,0,0,0,0,0,,0,0,0.202721,0.0680497,0.342507,0.198681,0.268106,0.316404,0.259885,0.58451,0.113683,4.81727,0.300016,,-0.00172824,0.0749882,-0.0431695,49.9615,-0.00172824,-0.0106943,-0.06103425135370344,-0.010694287717342377,-0.00393476,999,,,,,,,-1,,-1,,,,,,,,,,,,,,,,,,,,"Alessander De La Cruz","sa3021132",807987
"Ethan Long","SDP",0,1,1,0,0,0,0,0,0,0,0,0,0,0,0,0,,0,0,0.184654,0.0810876,0.350564,0.231306,0.253968,0.285159,0.2423,0.539127,0.100505,2.27829,0.272732,,-0.0009722,0.0607113,-0.0574464,55.3071,-0.0009722,-0.0178238,-0.05394250527024269,-0.01782381348311901,-0.00393863,999,,,,,,,-1,,-1,,,,,,,,,,,,,,,,,,,,"Ethan Long","sa3022961",690994
"Joe Vetrano","LAD",0,1,1,0,0,0,0,0,0,0,0,0,0,0,0,0,,0,0,0.193202,0.0758996,0.328839,0.230811,0.256919,0.300506,0.248366,0.557425,0.107304,4.6112,0.276237,,-0.0021196,0.0656367,-0.052521,56.2333,-0.0021196,-0.0178238,-0.05399219272658229,-0.01782381348311901,-0.00394371,999,,,,,,,-1,,-1,,,,,,,,,,,,,,,,,,,,"Joe Vetrano","sa3022501",694838
"Kevin Guerrero",,0,1,1,0,0,0,0,0,0,0,0,0,0,0,0,0,,0,0,0.195428,0.0573619,0.34985,0.163962,0.241104,0.297662,0.237611,0.538766,0.102234,3.92652,0.288559,,-0.00303683,0.0569043,-0.0612534,49.6695,-0.00303683,-0.0106943,-0.06235714931972325,-0.010694287717342377,-0.00395265,999,,,,,,,-1,,-1,,,,,,,,,,,,,,,,,,,,"Kevin Guerrero","sa3015737",698931
"Yerlin Luis","CLE",0,1,1,0,0,0,0,0,0,0,0,0,0,0,0,0,,0,0,0.169136,0.0944884,0.393214,0.240298,0.252131,0.263424,0.235042,0.515555,0.0942882,4.76326,0.276616,,-0.000734166,0.0548188,-0.0633389,47.6403,-0.000734166,-0.0106943,-0.06244619603967294,-0.010694287717342377,-0.00396176,999,,,,,,,-1,,-1,,,,,,,,,,,,,,,,,,,,"Yerlin Luis","sa3021094",806997
"Colin Summerhill","LAA",0,1,1,0,0,0,0,0,0,0,0,0,0,0,0,0,,0,0,0.190882,0.0784971,0.312438,0.251241,0.258328,0.297317,0.248509,0.555645,0.106436,1.95474,0.264777,,-0.00176706,0.0657524,-0.0524053,54.5542,-0.00176706,-0.0178238,-0.05533020116854459,-0.01782381348311901,-0.00396314,999,,,,,,,-1,,-1,,,,,,,,,,,,,,,,,,,,"Colin Summerhill","sa3067171",814394
"Diosfran Cabeza","ARI",0,1,1,0,0,0,0,0,0,0,0,0,0,0,0,0,,0,0,0.205796,0.0690505,0.255636,0.270113,0.267623,0.288902,0.249851,0.556525,0.0831067,2.68378,0.270216,,-0.00189636,0.0668422,-0.0513155,55.7571,-0.00189636,-0.0178238,-0.054333411855623126,-0.01782381348311901,-0.00397862,999,,,,,,,-1,,-1,,,,,,,,,,,,,,,,,,,,"Diosfran Cabeza","sa3015517",691281
"T.J. Schofield-Sam",,0,1,1,0,0,0,0,0,0,0,0,0,0,0,0,0,,0,0,0.213181,0.0253101,0.258019,0.098094,0.256098,0.301988,0.247269,0.558086,0.0888066,3.48363,0.28079,,-0.0015355,0.0647454,-0.0534123,54.5692,-0.0015355,-0.0178238,-0.055230709025636315,-0.01782381348311901,-0.0040117,999,,,,,,,-1,,-1,,,,,,,,,,,,,,,,,,,,"T.J. Schofield-Sam","sa3011501",672013
"Moises Gallardo",,0,1,1,0,0,0,0,0,0,0,0,0,0,0,0,0,,0,0,0.191383,0.0579868,0.332922,0.174175,0.242038,0.290767,0.236362,0.532805,0.0993841,3.92334,0.274152,,-0.000119406,0.0558903,-0.0622674,47.5209,-0.000119406,-0.0106943,-0.062318010910530575,-0.010694287717342377,-0.00406611,999,,,,,,,-1,,-1,,,,,,,,,,,,,,,,,,,,"Moises Gallardo","sa3017695",691865
"Clayton Campbell","DET",0,1,1,0,0,0,0,0,0,0,0,0,0,0,0,0,,0,0,0.189316,0.0716108,0.287034,0.249486,0.258185,0.286358,0.24501,0.544542,0.0970422,2.27394,0.254984,,-0.00111415,0.0629116,-0.0552461,53.0713,-0.00111415,-0.0178238,-0.05642507947050035,-0.01782381348311901,-0.00407516,999,,,,,,,-1,,-1,,,,,,,,,,,,,,,,,,,,"Clayton Campbell","sa3018386",693073
"Kevin Fitzer","COL",0,1,1,0,0,0,0,0,0,0,0,0,0,0,0,0,,0,0,0.214638,0.048887,0.276199,0.177,0.264387,0.320345,0.25803,0.584732,0.105707,3.78,0.287,,-0.00208663,0.0734822,-0.0446755,48.6908,-0.00208663,-0.0106943,-0.06289867241866887,-0.010694287717342377,-0.00412552,999,,,,,,,-1,,-1,,,,,,,,,,,,,,,,,,,,"Kevin Fitzer","sa3031395",822624
"Jesmaylin Arias","SDP",0,1,1,0,0,0,0,0,0,0,0,0,0,0,0,0,,0,0,0.177003,0.0696095,0.359273,0.193751,0.240096,0.276394,0.231614,0.51649,0.099391,2.65068,0.264387,,-0.0013377,0.0520349,-0.0661228,47.9865,-0.0013377,-0.0106943,-0.06298448529560119,-0.010694287717342377,-0.0041343,999,,,,,,,-1,,-1,,,,,,,,,,,,,,,,,,,,"Jesmaylin Arias","sa3024311",820942
"Gabriel Moncada",,0,1,1,0,0,0,0,0,0,0,0,0,0,0,0,0,,0,0,0.181096,0.0716155,0.346003,0.206979,0.243339,0.281747,0.234942,0.525086,0.100651,2.0201,0.265847,,-0.00162275,0.0547371,-0.0634206,52.9178,-0.00162275,-0.0178238,-0.05711459938902408,-0.01782381348311901,-0.00414571,999,,,,,,,-1,,-1,,,,,,,,,,,,,,,,,,,,"Gabriel Moncada","sa3008789",682732
"Luis Leones",,0,1,1,0,0,0,0,0,0,0,0,0,0,0,0,0,,0,0,0.170278,0.0665537,0.408762,0.162818,0.235419,0.256821,0.222667,0.49224,0.086543,5.69473,0.284841,,0.00307972,0.0447712,-0.0733865,33.2391,0.00307972,0.00213886,-0.07604573317803442,0.002138857962563634,-0.00415764,999,,,,,,,-1,,-1,,,,,,,,,,,,,,,,,,,,"Luis Leones","sa3017336",692817
"Roosbert Tapia",,0,1,1,0,0,0,0,0,0,0,0,0,0,0,0,0,,0,0,0.208402,0.0450608,0.278983,0.161518,0.248223,0.308,0.244544,0.556223,0.0995982,3.60949,0.276672,,-0.000815687,0.062533,-0.0556247,52.1186,-0.000815687,-0.0178238,-0.057249509554822,-0.01782381348311901,-0.00415951,999,,,,,,,-1,,-1,,,,,,,,,,,,,,,,,,,,"Roosbert Tapia","sa3018547",800389
"German Ortiz","ATH",0,1,1,0,0,0,0,0,0,0,0,0,0,0,0,0,,0,0,0.2011,0.0753294,0.288077,0.26149,0.26251,0.28258,0.244788,0.54509,0.0814802,2.20491,0.277888,,-0.00110677,0.0627314,-0.0554263,52.8652,-0.00110677,-0.0178238,-0.05681590538006276,-0.01782381348311901,-0.00417388,999,,,,,,,-1,,-1,,,,,,,,,,,,,,,,,,,,"German Ortiz","sa3018011",699000
"Abel Lorenzo","LAD",0,1,1,0,0,0,0,0,0,0,0,0,0,0,0,0,,0,0,0.182039,0.0603244,0.357263,0.168851,0.235852,0.291412,0.23388,0.527265,0.109373,3.96357,0.265601,,0.00019183,0.0538748,-0.0642829,46.3094,0.00019183,-0.0106943,-0.0634426329343114,-0.010694287717342377,-0.00418117,999,,,,,,,-1,,-1,,,,,,,,,,,,,,,,,,,,"Abel Lorenzo","sa3021831",806867
"Enmanuel Bonilla","TOR",0,1,1,0,0,0,0,0,0,0,0,0,0,0,0,0,,0,0,0.179098,0.0365069,0.359592,0.101523,0.21622,0.27999,0.218267,0.49621,0.100892,3.94702,0.262576,,-0.00141512,0.0411985,-0.0769592,35.5032,-0.00141512,0.00213886,-0.07743215013761073,0.002138857962563634,-0.00418202,999,,,,,,,-1,,-1,,,,,,,,,,,,,,,,,,,,"Enmanuel Bonilla","sa3020684",806962
"Carlos Tirado",,0,1,1,0,0,0,0,0,0,0,0,0,0,0,0,0,,0,0,0.197796,0.0641481,0.296064,0.216669,0.255399,0.300689,0.247294,0.556088,0.102893,3.14179,0.270161,,-0.000750954,0.0647658,-0.0533919,53.1058,-0.000750954,-0.0178238,-0.05633024056442082,-0.01782381348311901,-0.00418293,999,,,,,,,-1,,-1,,,,,,,,,,,,,,,,,,,,"Carlos Tirado","sa3018577",800504
"Caleb Pendleton","LAA",0,1,1,0,0,0,0,0,0,0,0,0,0,0,0,0,,0,0,0.194766,0.0563237,0.35131,0.160325,0.243799,0.309581,0.243799,0.55338,0.114815,4.13264,0.282585,,-0.00019247,0.0619283,-0.0562294,51.3096,-0.00019247,-0.0178238,-0.05757974399602972,-0.01782381348311901,-0.0041933,999,,,,,,,-1,,-1,,,,,,,,,,,,,,,,,,,,"Caleb Pendleton","sa3022483",692228
"Bryson Horne",,0,1,1,0,0,0,0,0,0,0,0,0,0,0,0,0,,0,0,0.202836,0.0507172,0.331353,0.153061,0.244296,0.317121,0.246067,0.561417,0.114285,2.20689,0.284186,,-0.00172699,0.0637697,-0.0543881,53.678,-0.00172699,-0.0178238,-0.05662820546422154,-0.01782381348311901,-0.00421341,999,,,,,,,-1,,-1,,,,,,,,,,,,,,,,,,,,"Bryson Horne","sa3014891",695587
"Yeral Martinez",,0,1,1,0,0,0,0,0,0,0,0,0,0,0,0,0,,0,0,0.192886,0.0508322,0.385403,0.131894,0.240117,0.320225,0.245444,0.560341,0.127339,5.37422,0.295678,,-0.000202579,0.0632638,-0.0548939,52.3811,-0.000202579,-0.0178238,-0.056640850234543905,-0.01782381348311901,-0.0042147,999,,,,,,,-1,,-1,,,,,,,,,,,,,,,,,,,,"Yeral Martinez","sa3015186",691701
"Luis Reyes",,0,1,1,0,0,0,0,0,0,0,0,0,0,0,0,0,,0,0,0.208714,0.0516435,0.262574,0.196682,0.256121,0.31439,0.251752,0.570511,0.105676,2.13908,0.267898,,-0.00134336,0.0683855,-0.0497722,53.1633,-0.00134336,-0.0178238,-0.05685449775774032,-0.01782381348311901,-0.00423656,999,,,,,,,-1,,-1,,,,,,,,,,,,,,,,,,,,"Luis Reyes","sa3017980",699105
"Manuel German","KCR",0,1,1,0,0,0,0,0,0,0,0,0,0,0,0,0,,0,0,0.200628,0.0457439,0.311026,0.147074,0.244824,0.318242,0.246963,0.563066,0.117614,4.37717,0.273537,,-0.00126452,0.0644975,-0.0536602,51.6509,-0.00126452,-0.0178238,-0.05824956076685339,-0.01782381348311901,-0.00426183,999,,,,,,,-1,,-1,,,,,,,,,,,,,,,,,,,,"Manuel German","sa3018623",802091
"Eliezer Rivero","LAA",0,1,1,0,0,0,0,0,0,0,0,0,0,0,0,0,,0,0,0.196042,0.0568042,0.328291,0.17303,0.259308,0.284213,0.244622,0.543522,0.0881716,2.70892,0.285263,,-0.00159787,0.0625965,-0.0555612,51.8765,-0.00159787,-0.0178238,-0.05831699771806598,-0.01782381348311901,-0.00426873,999,,,,,,,-1,,-1,,,,,,,,,,,,,,,,,,,,"Eliezer Rivero","sa3018937",800191
"Kevin Maitan",,0,1,1,0,0,0,0,0,0,0,0,0,0,0,0,0,,0,0,0.198296,0.0590536,0.352048,0.167743,0.252414,0.294737,0.243365,0.547151,0.096441,2.91074,0.299303,,-0.00168786,0.0615756,-0.0565821,51.4306,-0.00168786,-0.0178238,-0.05893254734110087,-0.01782381348311901,-0.00433171,999,,,,,,,-1,,-1,,,,,,,,,,,,,,,,,,,,"Kevin Maitan","sa969045",670867
"Willy Fanas",,0,1,1,0,0,0,0,0,0,0,0,0,0,0,0,0,,0,0,0.186765,0.0530183,0.349117,0.151864,0.236228,0.281824,0.230027,0.518052,0.0950595,4.7697,0.278048,,-0.00183389,0.050747,-0.0674107,46.4622,-0.00183389,-0.0106943,-0.06528721761424094,-0.010694287717342377,-0.0043699,999,,,,,,,-1,,-1,,,,,,,,,,,,,,,,,,,,"Willy Fanas","sa3018389",694217
"Ariel Almonte","CIN",0,1,1,0,0,0,0,0,0,0,0,0,0,0,0,0,,0,0,0.183026,0.0674463,0.376847,0.178975,0.238176,0.308401,0.240985,0.546576,0.125375,2.03513,0.272321,,-0.00115405,0.059644,-0.0585137,45.7878,-0.00115405,-0.0106943,-0.06540670560207218,-0.010694287717342377,-0.00438212,999,,,,,,,-1,,-1,,,,,,,,,,,,,,,,,,,,"Ariel Almonte","sa3015708",694200
"Chris Taylor","LAA",23,98,87,19,12,4,0,2,10,10,9,0,31,1,1,0,,2,1,0.216505,0.0894927,0.314855,0.284235,0.296104,0.351568,0.287403,0.647672,0.135064,4.86715,0.301196,-0.133627,0.0749773,9.53836,-2.04109,81.3465,-0.0586495,-0.952722,-2.2132127210497856,-1.2027224153280258,-0.00439272,999,,,,,,,80.8,3.513043478,80.8,3.513043478,,,,,,,,,,,,,,,,,,,"Chris Taylor","13757",621035
"Haniel German",,0,1,1,0,0,0,0,0,0,0,0,0,0,0,0,0,,0,0,0.177123,0.0691525,0.370185,0.186805,0.240975,0.266002,0.228497,0.506976,0.0888782,3.24158,0.275331,,-0.000873225,0.0495048,-0.0686529,45.4142,-0.000873225,-0.0106943,-0.06556868011830375,-0.010694287717342377,-0.00439869,999,,,,,,,-1,,-1,,,,,,,,,,,,,,,,,,,,"Haniel German","sa3024299",815182
"John Michael Faile","CIN",0,1,1,0,0,0,0,0,0,0,0,0,0,0,0,0,,0,0,0.197468,0.0463233,0.34879,0.132812,0.240812,0.329621,0.249203,0.570434,0.132154,2.035,0.277286,,-0.000974033,0.0663158,-0.0518419,51.4171,-0.000974033,-0.0178238,-0.05855486518703401,-0.01782381348311901,-0.00441053,999,,,,,,,-1,,-1,,,,,,,,,,,,,,,,,,,,"John Michael Faile","sa3023579",702114
"EJ Andrews Jr.",,0,1,1,0,0,0,0,0,0,0,0,0,0,0,0,0,,0,0,0.190743,0.0779334,0.322451,0.241691,0.257156,0.305573,0.250353,0.562729,0.11483,5.29072,0.269508,,0.000272817,0.0672496,-0.0509081,43.4321,0.000272817,-0.0106943,-0.06677185086300597,-0.010694287717342377,-0.00452179,999,,,,,,,-1,,-1,,,,,,,,,,,,,,,,,,,,"EJ Andrews Jr.","sa3017157",681044
"Kevin Rivas","CLE",0,1,1,0,0,0,0,0,0,0,0,0,0,0,0,0,,0,0,0.170195,0.0910187,0.403608,0.225513,0.254314,0.2654,0.237109,0.519714,0.0952045,3.80859,0.284586,,-0.000980075,0.0564968,-0.061661,49.0639,-0.000980075,-0.0178238,-0.06101418600883335,-0.01782381348311901,-0.00454468,999,,,,,,,-1,,-1,,,,,,,,,,,,,,,,,,,,"Kevin Rivas","sa3015539",691422
"Andrew Patrick",,0,1,1,0,0,0,0,0,0,0,0,0,0,0,0,0,,0,0,0.176402,0.0838711,0.359199,0.233495,0.251835,0.258851,0.23267,0.510686,0.0824485,4.11097,0.274483,,0.000441435,0.0528923,-0.0652654,43.0877,0.000441435,-0.0106943,-0.06701136115589179,-0.010694287717342377,-0.0045463,999,,,,,,,-1,,-1,,,,,,,,,,,,,,,,,,,,"Andrew Patrick","sa3025439",814429
"Roger Lasso",,0,1,1,0,0,0,0,0,0,0,0,0,0,0,0,0,,0,0,0.195503,0.0508033,0.301028,0.168766,0.247095,0.291653,0.23958,0.538748,0.0961494,2.7666,0.268564,,-0.00100066,0.0585031,-0.0596546,50.2144,-0.00100066,-0.0178238,-0.060006852028891444,-0.01782381348311901,-0.00455909,999,,,,,,,-1,,-1,,,,,,,,,,,,,,,,,,,,"Roger Lasso","sa3015789",699068
"Nathan Archer","CHW",0,1,1,0,0,0,0,0,0,0,0,0,0,0,0,0,,0,0,0.182297,0.0643949,0.363397,0.177203,0.236979,0.274639,0.228309,0.511618,0.0923425,4.82992,0.278388,,0.0000404626,0.0493518,-0.0688059,41.56,0.0000404626,-0.0106943,-0.06883786765683908,-0.010694287717342377,-0.0046157,999,,,,,,,-1,,-1,,,,,,,,,,,,,,,,,,,,"Nathan Archer","sa3025314",814453
"Jefferson Pena",,0,1,1,0,0,0,0,0,0,0,0,0,0,0,0,0,,0,0,0.186576,0.0636511,0.33128,0.192137,0.245276,0.261756,0.22866,0.507032,0.0751802,4.55178,0.276282,,0.00120283,0.049637,-0.0685207,41.2404,0.00120283,-0.0106943,-0.06843944045249373,-0.010694287717342377,-0.00469241,999,,,,,,,-1,,-1,,,,,,,,,,,,,,,,,,,,"Jefferson Pena","sa3015714",694210
"Yan Cruz","BOS",0,1,1,0,0,0,0,0,0,0,0,0,0,0,0,0,,0,0,0.162134,0.10135,0.435798,0.232562,0.250521,0.255677,0.232113,0.506198,0.093543,4.68349,0.290398,,0.0000426693,0.0524405,-0.0657172,40.2417,0.0000426693,-0.0106943,-0.07038941997598158,-0.010694287717342377,-0.00477445,999,,,,,,,-1,,-1,,,,,,,,,,,,,,,,,,,,"Yan Cruz","sa3067328",813944
"Nick Peoples","WSN",0,1,1,0,0,0,0,0,0,0,0,0,0,0,0,0,,0,0,0.169612,0.0626158,0.41489,0.150922,0.233354,0.278349,0.229105,0.511704,0.108737,3.62886,0.277723,,-0.00135829,0.0499984,-0.0681593,42.5497,-0.00135829,-0.0106943,-0.06944878352805972,-0.010694287717342377,-0.00479568,999,,,,,,,-1,,-1,,,,,,,,,,,,,,,,,,,,"Nick Peoples","sa3021582",703612
"Kleimir Lemos",,0,1,1,0,0,0,0,0,0,0,0,0,0,0,0,0,,0,0,0.197151,0.0278092,0.333756,0.0833221,0.224295,0.315081,0.234018,0.539376,0.11793,3.57911,0.274837,,-0.00143243,0.0539874,-0.0641703,47.1557,-0.00143243,-0.0178238,-0.06371559377294034,-0.01782381348311901,-0.00482107,999,,,,,,,-1,,-1,,,,,,,,,,,,,,,,,,,,"Kleimir Lemos","sa3019096",800478
"Jackson Nicklaus",,0,1,1,0,0,0,0,0,0,0,0,0,0,0,0,0,,0,0,0.164468,0.0972097,0.411943,0.235979,0.250103,0.26923,0.236302,0.519333,0.104762,3.14759,0.273566,,-0.00108157,0.0558411,-0.0623166,47.9685,-0.00108157,-0.0178238,-0.06274968781508505,-0.01782381348311901,-0.00483972,999,,,,,,,-1,,-1,,,,,,,,,,,,,,,,,,,,"Jackson Nicklaus","sa3038855",800715
"Noah Barber","KCR",0,1,1,0,0,0,0,0,0,0,0,0,0,0,0,0,,0,0,0.164233,0.0572041,0.405688,0.141005,0.218853,0.25377,0.211779,0.472623,0.0895373,5.83395,0.27082,,0.000923423,0.0359313,-0.0822264,27.4138,0.000923423,0.00213886,-0.08462783112190664,0.002138857962563634,-0.00491822,999,,,,,,,-1,,-1,,,,,,,,,,,,,,,,,,,,"Noah Barber","sa3023621",815585
"Hancel Almonte",,0,1,1,0,0,0,0,0,0,0,0,0,0,0,0,0,,0,0,0.168836,0.0619958,0.391122,0.158507,0.228953,0.252086,0.217164,0.481039,0.0832497,3.97368,0.272775,,-0.0000677072,0.0403035,-0.0778542,36.4977,-0.0000677072,-0.00641657,-0.07533111798693426,-0.006416573189198971,-0.00495985,999,,,,,,,-1,,-1,,,,,,,,,,,,,,,,,,,,"Hancel Almonte","sa3021179",808114
"Luis Mendez","COL",0,1,1,0,0,0,0,0,0,0,0,0,0,0,0,0,,0,0,0.209873,0.0665326,0.259635,0.256255,0.262589,0.314293,0.254634,0.576883,0.10442,5.92048,0.274643,,-0.000800297,0.070725,-0.0474328,46.3644,-0.000800297,-0.0178238,-0.0643695971230045,-0.01782381348311901,-0.00500545,999,,,,,,,-1,,-1,,,,,,,,,,,,,,,,,,,,"Luis Mendez","sa3015650",692591
"Ryan Picollo","SEA",0,1,1,0,0,0,0,0,0,0,0,0,0,0,0,0,,0,0,0.166463,0.0472675,0.452186,0.104531,0.209702,0.279409,0.21521,0.48911,0.112946,3.4655,0.284274,,-0.00119121,0.0387166,-0.0794411,39.3252,-0.00119121,-0.0106943,-0.07270349783357233,-0.010694287717342377,-0.00501121,999,,,,,,,-1,,-1,,,,,,,,,,,,,,,,,,,,"Ryan Picollo","sa3039893",827264
"Elian Soto","WSN",0,1,1,0,0,0,0,0,0,0,0,0,0,0,0,0,,0,0,0.168515,0.0907184,0.365339,0.248313,0.25334,0.260497,0.235139,0.513837,0.0919814,2.58161,0.260245,,-0.00140785,0.054897,-0.0632607,46.6828,-0.00140785,-0.0178238,-0.06459972937591374,-0.01782381348311901,-0.005029,999,,,,,,,-1,,-1,,,,,,,,,,,,,,,,,,,,"Elian Soto","sa3021228",808279
"Mason Dinesen",,0,1,1,0,0,0,0,0,0,0,0,0,0,0,0,0,,0,0,0.175027,0.0367764,0.398388,0.0923129,0.20789,0.259121,0.205935,0.467012,0.0840939,4.57812,0.279984,,0.00216679,0.0311861,-0.0869716,26.1473,0.00216679,0.000712953,-0.08487727050669491,0.0007129529840312898,-0.00508963,999,,,,,,,-1,,-1,,,,,,,,,,,,,,,,,,,,"Mason Dinesen","sa3025052",828375
"Nathaniel Ochoa Leyva","WSN",0,1,1,0,0,0,0,0,0,0,0,0,0,0,0,0,,0,0,0.181788,0.0569524,0.369986,0.153931,0.23293,0.268539,0.223868,0.501469,0.0867504,3.94964,0.281504,,-0.00038666,0.0457467,-0.0724111,38.9623,-0.00038666,-0.0106943,-0.07272892215405591,-0.010694287717342377,-0.00513128,999,,,,,,,-1,,-1,,,,,,,,,,,,,,,,,,,,"Nathaniel Ochoa Leyva","sa3020207",692118
"Felix Tena",,0,1,1,0,0,0,0,0,0,0,0,0,0,0,0,0,,0,0,0.214614,0.0293229,0.258741,0.113329,0.245479,0.312902,0.244086,0.55838,0.0982881,5.23643,0.278723,,-0.000806477,0.0621618,-0.055996,39.1393,-0.000806477,-0.0106943,-0.07293898245552555,-0.010694287717342377,-0.00515277,999,,,,,,,-1,,-1,,,,,,,,,,,,,,,,,,,,"Felix Tena","sa3015847",700170
"Carlos Batista","WSN",0,1,1,0,0,0,0,0,0,0,0,0,0,0,0,0,,0,0,0.169258,0.0693565,0.381117,0.181982,0.236341,0.258185,0.223909,0.494526,0.0889269,3.66879,0.265616,,-0.000813012,0.0457798,-0.0723779,38.9903,-0.000813012,-0.0106943,-0.07312215585261583,-0.010694287717342377,-0.00517151,999,,,,,,,-1,,-1,,,,,,,,,,,,,,,,,,,,"Carlos Batista","sa3021217",808251
"Jesus Bugarin",,0,1,1,0,0,0,0,0,0,0,0,0,0,0,0,0,,0,0,0.221355,0.023132,0.296532,0.0780082,0.240286,0.321059,0.24331,0.561345,0.0997039,4.64735,0.300305,,-0.000552405,0.0615313,-0.0566264,38.6074,-0.000552405,-0.0106943,-0.07331536366837099,-0.010694287717342377,-0.00519128,999,,,,,,,-1,,-1,,,,,,,,,,,,,,,,,,,,"Jesus Bugarin","sa3011857",684109
"Darlyn Montero",,0,1,1,0,0,0,0,0,0,0,0,0,0,0,0,0,,0,0,0.196138,0.0357772,0.327721,0.10917,0.233661,0.288816,0.230297,0.522477,0.0926774,4.46432,0.280513,,0.000355246,0.0509663,-0.0671915,42.9109,0.000355246,-0.0178238,-0.06711905915290117,-0.01782381348311901,-0.00522802,999,,,,,,,-1,,-1,,,,,,,,,,,,,,,,,,,,"Darlyn Montero","sa3009324",683887
"Wyatt Hoffman","SDP",0,1,1,0,0,0,0,0,0,0,0,0,0,0,0,0,,0,0,0.161111,0.0731613,0.371798,0.196777,0.238213,0.227357,0.215457,0.46557,0.0662469,4.45002,0.259208,,0.00106573,0.0389169,-0.0792408,36.9184,0.00106573,-0.0106943,-0.07369898830074817,-0.010694287717342377,-0.00523053,999,,,,,,,-1,,-1,,,,,,,,,,,,,,,,,,,,"Wyatt Hoffman","sa3018219",703715
"Albert Feliz",,0,1,1,0,0,0,0,0,0,0,0,0,0,0,0,0,,0,0,0.180562,0.0574494,0.404837,0.141907,0.230553,0.305438,0.235812,0.535991,0.124876,2.32811,0.279739,,-0.000953397,0.055444,-0.0627137,42.7901,-0.000953397,-0.0178238,-0.06838197051547468,-0.01782381348311901,-0.0052985,999,,,,,,,-1,,-1,,,,,,,,,,,,,,,,,,,,"Albert Feliz","sa3008799",682765
"Arnold Prado",,0,1,1,0,0,0,0,0,0,0,0,0,0,0,0,0,,0,0,0.177222,0.0549439,0.37269,0.147425,0.229794,0.259916,0.21951,0.489709,0.0826938,4.83993,0.275779,,0.0000852646,0.0422076,-0.0759501,35.4985,0.0000852646,-0.0106943,-0.07593725602055201,-0.010694287717342377,-0.00534206,999,,,,,,,-1,,-1,,,,,,,,,,,,,,,,,,,,"Arnold Prado","sa3019704",802102
"Albert Gutierrez","CHC",0,1,1,0,0,0,0,0,0,0,0,0,0,0,0,0,,0,0,0.187586,0.0524108,0.327174,0.160192,0.231155,0.284206,0.227751,0.515361,0.0966206,2.92695,0.264487,,-0.000894128,0.0488986,-0.0692591,43.3939,-0.000894128,-0.0178238,-0.06798408075701445,-0.01782381348311901,-0.00537526,999,,,,,,,-1,,-1,,,,,,,,,,,,,,,,,,,,"Albert Gutierrez","sa3021200",808212
"Tayler Aguilar",,0,1,1,0,0,0,0,0,0,0,0,0,0,0,0,0,,0,0,0.180901,0.0841786,0.348711,0.2414,0.258788,0.28977,0.247143,0.548558,0.108869,4.39404,0.268087,,-0.0000509934,0.0646437,-0.0535141,41.2334,-0.0000509934,-0.0178238,-0.06970159873526427,-0.01782381348311901,-0.00555098,999,,,,,,,-1,,-1,,,,,,,,,,,,,,,,,,,,"Tayler Aguilar","sa3019977",687012
"Jose Iglesias",,36,154,141,34,25,6,0,2,14,13,8,0,27,2,1,1,,2,1,0.238678,0.0540917,0.175852,0.307598,0.289382,0.320509,0.271056,0.609891,0.0818306,3.50449,0.282546,-0.12964,-0.18476,12.945,-5.25126,70.9099,-0.3144,-0.611864,-5.609216213226318,0.3381362557411194,-0.00604219,999,,,,,,,116.6,3.238888888,116.6,3.238888888,,,,,,,,,,,,,,,,,,,"Jose Iglesias","10231",578428
"Francisco Garcia",,0,1,1,0,0,0,0,0,0,0,0,0,0,0,0,0,,0,0,0.194713,0.0428299,0.316598,0.135282,0.239762,0.295265,0.236542,0.535027,0.100552,3.40791,0.271887,,-0.000852805,0.0560362,-0.0621215,33.971,-0.000852805,-0.0178238,-0.07911085768137127,-0.01782381348311901,-0.00651367,999,,,,,,,-1,,-1,,,,,,,,,,,,,,,,,,,,"Francisco Garcia","sa3015677",693745
"Jacob Hinderleider","COL",0,1,1,0,0,0,0,0,0,0,0,0,0,0,0,0,,0,0,0.190552,0.0478517,0.372284,0.128535,0.236235,0.28386,0.230504,0.520096,0.0933084,4.66074,0.295843,,-0.000423204,0.0511337,-0.067024,29.8345,-0.000423204,-0.0178238,-0.08358379048877396,-0.01782381348311901,-0.0069713,999,,,,,,,-1,,-1,,,,,,,,,,,,,,,,,,,,"Jacob Hinderleider","sa3067230",688871
"Ethan Murray","MIL",3,14,12,2,2,1,0,0,1,1,1,0,4,0,0,0,,0,0,0.201131,0.0909258,0.283436,0.320798,0.281003,0.302625,0.262912,0.583628,0.101495,4.42178,0.273653,-0.00353814,-0.00864002,1.08425,-0.569956,66.4432,-0.0121782,-0.0194037,-0.5689832400530577,0.030596286058425903,-0.00742825,999,,,,,,,5.1,1.7,5.1,1.7,,,,,,,,,,,,,,,,,,,"Ethan Murray","sa3017051",696140
"Mason McCoy","SDP",6,28,25,5,3,1,0,0,3,2,2,0,8,0,0,0,,1,0,0.19939,0.0727597,0.302808,0.240283,0.260607,0.302396,0.250618,0.563003,0.103005,5.78905,0.276741,-0.00361923,0.0624216,1.88902,-1.4194,61.0053,0.0588023,-0.0815887,-1.2352683804929256,0.21841127425432205,-0.00872626,999,,,,,,,13.8,2.3,13.8,2.3,,,,,,,,,,,,,,,,,,,"Mason McCoy","22232",669200
"Patrick Wisdom","SEA",2,7,6,1,0,0,0,0,1,1,1,0,3,0,0,0,,0,0,0.174603,0.0898345,0.390071,0.230303,0.255924,0.373016,0.273806,0.62894,0.198413,3.83883,0.239796,-0.000488793,-0.00460439,0.604036,-0.223067,79.6898,-0.00509318,-0.0288528,-0.17265915498137474,-0.15385275706648827,-0.00875624,999,,,,,,,2.6,1.3,2.6,1.3,,,,,,,,,,,,,,,,,,,"Patrick Wisdom","13602",621550
"Bryce Eldridge","SFG",97,420,383,86,53,17,0,15,43,51,33,0,129,2,3,0,,1,0,0.223588,0.0774965,0.307503,0.252019,0.285623,0.387486,0.293076,0.673109,0.163898,1.89522,0.291493,-0.0405529,-0.585288,42.8135,-6.81272,88.7453,-0.62584,1.53807,-6.228286504745483,-8.361932516098022,-0.0630978,999,,,,,,,395.8,4.080412371,395.8,4.080412371,,,,,,,,,,,,,,,,,,,"Bryce Eldridge","33390",805811
"Wilmer Flores",,42,182,163,37,26,7,0,4,18,18,15,0,32,2,1,0,,0,0,0.228784,0.0809425,0.178518,0.453414,0.299381,0.349693,0.287873,0.649074,0.120909,2.12378,0.258939,-0.629322,-0.286995,17.7836,-3.7211,82.4619,-0.916318,1.79096,-4.688896715641022,-2.109037160873413,-0.065303,999,,,,,,,153.1,3.645238095,153.1,3.645238095,,,,,,,,,,,,,,,,,,,"Wilmer Flores","5827",527038
"Charlie Condon","COL",29,126,112,25,17,5,1,3,14,12,10,0,36,3,1,1,,1,0,0.226977,0.07664,0.286074,0.267902,0.300711,0.362673,0.293221,0.663385,0.135696,3.78114,0.302886,0,-0.249067,12.8588,-2.02904,72.798,-0.249067,1.46139,-4.311313211917877,-0.9886088371276855,-0.113349,999,,,,,,,117.3,4.044827586,117.3,4.044827586,,,,,,,,,,,,,,,,,,,"Charlie Condon","sa3025257",809707
"Kris Bryant","COL",13,56,50,12,8,2,0,1,6,6,5,0,13,1,0,0,,0,0,0.236383,0.0812392,0.24055,0.337722,0.309192,0.370307,0.300132,0.679499,0.133924,2.63686,0.293692,-0.0445531,-0.108615,6.02925,-0.58758,77.5322,-0.153168,0,-1.6443943530321121,-1.399999976158142,-0.120858,999,,,,,,,50.4,3.876923076,50.4,3.876923076,,,,,,,,,,,,,,,,,,,"Kris Bryant","15429",592178
"Justin Turner",,42,182,161,37,26,7,0,3,18,17,16,0,36,3,1,1,,1,1,0.227331,0.0901552,0.195646,0.460807,0.307019,0.332572,0.286617,0.639591,0.105241,2.65476,0.269637,-0.783565,-0.285377,17.5981,-3.90661,81.5995,-1.06894,1.15228,-5.027030825614929,-2.8977179527282715,-0.18059,999,,,,,,,150.8,3.59047619,150.8,3.59047619,,,,,,,,,,,,,,,,,,,"Justin Turner","5235",457759
"Blaine Crim","COL",34,147,133,31,20,6,0,5,16,17,11,0,34,2,1,0,,1,0,0.233043,0.0761699,0.233933,0.325605,0.299267,0.385692,0.299676,0.684959,0.152649,2.73491,0.277859,-0.0886075,-0.213393,15.7724,-1.59676,77.2201,-0.302,0.0632639,-4.270829886198044,-2.661736026406288,-0.208906,999,,,,,,,145.9,4.29117647,145.9,4.29117647,,,,,,,,,,,,,,,,,,,"Blaine Crim","25714",688760
"Adam Frazier","LAA",58,252,228,52,39,9,1,3,24,20,18,0,46,3,2,2,,5,2,0.226225,0.0695099,0.184455,0.376838,0.28919,0.307378,0.267325,0.596568,0.0811531,4.33524,0.271245,-0.044344,-0.162131,20.4193,-9.35641,67.5157,-0.206475,-0.813454,-9.85467566549778,-1.11345374584198,-0.234776,999,,,,,,,190.1,3.277586206,190.1,3.277586206,,,,,,,,,,,,,,,,,,,"Adam Frazier","15223",624428
"Carlos Santana","ARI",83,357,314,67,47,13,0,8,35,33,38,0,66,2,2,1,,4,0,0.213424,0.106073,0.185534,0.571718,0.299949,0.326576,0.281312,0.626526,0.113152,3.25867,0.24495,-0.884448,-0.0086563,32.9815,-9.20085,77.3084,-0.893104,2.7554,-10.494342505931854,-3.7195961475372314,-0.239049,999,,,,,,,301.7,3.634939759,301.7,3.634939759,,,,,,,,,,,,,,,,,,,"Carlos Santana","2396",467793
"Dominic Smith","ATL",55,238,214,51,35,9,0,6,25,25,18,0,52,3,2,1,,2,1,0.236539,0.0760018,0.217458,0.349501,0.302714,0.360474,0.292916,0.663188,0.123936,2.78429,0.284257,-0.548323,-0.340054,24.23,-3.8915,85.7713,-0.888377,0.0942792,-4.9020039439201355,-5.705720484256744,-0.27516,999,,,,,,,218.1,3.965454545,218.1,3.965454545,,,,,,,,,,,,,,,,,,,"Dominic Smith","15653",642086