Name,Team,G,PA,AB,H,1B,2B,3B,HR,R,RBI,BB,IBB,SO,HBP,SF,SH,GDP,SB,CS,AVG,BB%,K%,BB/K,OBP,SLG,wOBA,OPS,ISO,Spd,BABIP,UBR,wSB,wRC,wRAA,wRC+,BsR,Fld,Off,Def,WAR,ADP,InterSD,InterSK,IntraSD,Vol,Skew,Dim,FPTS,FPTS/G,SPTS,SPTS/G,P10,P20,P30,P40,P50,P60,P70,P80,P90,TT10,TT20,TT30,TT40,TT50,TT60,TT70,TT80,TT90,NameASCII,PlayerId,MLBAMID
"Aaron Judge","NYY",144.946,637.138,517.487,148.737,75.2361,24.1276,0.75659,48.6171,104.844,117.672,108.272,18.1647,159.095,5.97928,4.28101,0.517782,9.01819,8.05584,2.88253,0.287423,0.169935,0.249702,0.680551,0.413492,0.618817,0.426432,1.03231,0.331394,3.49277,0.318797,,-0.700295,133.932,58.6495,179.425,-0.700295,-2.34,58.94339329004288,-9.342221975326538,7.31846,1.850000023841858,,,,,,,1202.1,8.290344827,1202.1,8.290344827,,,,,,,,,,,,,,,,,,,"Aaron Judge","15640",592450
"Cal Raleigh","SEA",150.13,624.588,539.571,126.553,59.2639,23.0617,0.48481,43.7427,87.6273,111.168,73.6122,6.8959,170.888,6.20119,4.40606,0.509529,6.44287,7.78006,2.29755,0.234544,0.117857,0.273601,0.430763,0.330827,0.52229,0.359329,0.853117,0.287746,3.50146,0.251439,,-0.257491,97.2659,23.466,138.604,-0.257491,14.95,28.160743236541748,21.711334705352783,7.30198,17.950000762939453,,,,,,,901.1,6.007333333,901.1,6.007333333,,,,,,,,,,,,,,,,,,,"Cal Raleigh","21534",663728
"Shohei Ohtani","LAD",148.386,659.827,559.689,159.132,80.2983,26.4457,5.59408,46.7939,121.998,115.836,89.6192,13.4613,155.798,4.76864,3.63287,0.743889,8.50116,23.2334,10.6258,0.284322,0.135822,0.236119,0.575229,0.385459,0.602384,0.410202,0.987842,0.318062,6.23891,0.311418,,-0.769108,130.007,52.0431,167.096,-0.769108,0,51.701842963695526,-14.0076322555542,6.10262,1.2599999904632568,,,,,,,1179.7,7.970945945,1179.7,7.970945945,,,,,,,,,,,,,,,,,,,"Shohei Ohtani","19755",660271
"Juan Soto","NYM",154.598,677.695,546.786,145.85,83.0294,24.8281,0.639909,37.3525,106.852,97.0783,121.808,8.88586,120.831,4.14924,3.86225,1.08884,13.7972,17.3882,5.71331,0.26674,0.179739,0.178297,1.00809,0.401722,0.519426,0.393198,0.921148,0.252686,4.06066,0.276451,,-0.183069,124.171,44.0964,158.239,-0.183069,-2.99,46.595266580581665,-10.342071771621704,6.016,4.599999904632568,,,,,,,1090.1,7.032903225,1090.1,7.032903225,,,,,,,,,,,,,,,,,,,"Juan Soto","20123",665742
"Bobby Witt Jr.","KCR",151.433,660.363,599.618,170.816,101.341,36.2658,6.09284,27.1161,100.415,90.974,47.7318,5.00576,113.924,6.40484,5.74426,0.864281,6.88737,34.9842,9.94776,0.284874,0.0722812,0.172517,0.418979,0.341096,0.501345,0.35737,0.842441,0.216471,7.11572,0.309482,,1.92969,101.787,23.7596,127.706,1.92969,3.65,23.49372947216034,10.660787105560303,5.81986,3.0999999046325684,,,,,,,950.5,6.294701986,950.5,6.294701986,,,,,,,,,,,,,,,,,,,"Bobby Witt Jr.","25764",677951
"Julio Rodríguez","SEA",151.614,659.957,598.464,165.639,103.853,28.2183,3.86412,29.7035,96.1927,90.6873,47.8535,3.64245,148.038,9.22317,3.85929,0.55705,11.2094,25.2651,7.14229,0.276773,0.0725101,0.224314,0.323253,0.337755,0.485736,0.352022,0.823491,0.208963,6.09783,0.320162,,1.08978,98.8582,20.8792,133.57,1.08978,0.52,27.201632142066956,2.668724298477173,5.3801,9.550000190734863,,,,,,,916.5,6.029605263,916.5,6.029605263,,,,,,,,,,,,,,,,,,,"Julio Rodriguez","23697",677594
"Gunnar Henderson","BAL",152.559,659.356,582.779,156.842,92.6811,33.1793,3.85591,27.1258,96.7398,82.8728,64.985,3.18263,141.976,5.70074,5.35605,0.534769,11.9736,20.3543,5.23328,0.269128,0.0985583,0.215325,0.457719,0.345356,0.47893,0.353166,0.824286,0.209802,5.85173,0.309561,,0.870249,99.3805,21.4725,129.271,0.870249,-1.33,23.61738234758377,5.732916712760925,5.32478,12.3100004196167,,,,,,,905.5,5.918300653,905.5,5.918300653,,,,,,,,,,,,,,,,,,,"Gunnar Henderson","26289",683002
"José Ramírez","CLE",150.578,648.708,576.232,159.646,93.7581,33.4522,3.14599,29.2892,94.2068,89.7058,61.204,14.9241,74.0847,4.47771,5.89428,0.713058,7.04622,32.7645,10.4712,0.277051,0.0943475,0.114203,0.826135,0.34783,0.49851,0.354736,0.84634,0.221459,5.92335,0.272283,,1.31072,98.6027,21.9529,130.093,1.31072,0.6,24.318922519683838,1.198900580406189,4.89517,6,,,,,,,935.1,6.192715231,935.1,6.192715231,,,,,,,,,,,,,,,,,,,"Jose Ramirez","13510",608070
"Corey Seager","TEX",124.044,531.925,459.108,126.734,74.7937,23.7812,0.7827,27.3763,70.8037,83.4471,59.4056,8.5175,98.2908,4.65741,4.32853,0.49272,10.4012,1.8424,0.720288,0.276044,0.11168,0.184783,0.604386,0.361701,0.510141,0.368683,0.871842,0.234097,2.64529,0.294159,,-0.786948,86.8753,24.0243,139.921,-0.786948,-0.09,24.241152703762054,3.998479515314102,4.7624,95.48999786376953,,,,,,,774.3,6.244354838,774.3,6.244354838,,,,,,,,,,,,,,,,,,,"Corey Seager","13624",608369
"Francisco Lindor","NYM",141.995,626.227,552.183,143.25,87.4655,27.0685,1.60858,27.1071,87.8276,80.0358,53.3256,1.07521,116.977,9.60352,4.54887,0.694381,9.35886,22.2526,6.23657,0.259424,0.0851538,0.186797,0.455862,0.332728,0.461543,0.342573,0.794271,0.202119,5.51662,0.281457,,0.91078,89.0018,15.0082,123.56,0.91078,1.02,18.397258520126343,7.122599124908447,4.74265,26.239999771118164,,,,,,,806.3,5.678169014,806.3,5.678169014,,,,,,,,,,,,,,,,,,,"Francisco Lindor","12916",596019
"Kyle Tucker","LAD",142.693,620.06,527.624,143.933,83.2891,29.0044,2.0614,29.5782,96.4246,88.185,81.5334,5.83307,87.4524,3.54919,5.09998,0.828722,8.89523,18.5939,5.50616,0.272795,0.131493,0.141039,0.932317,0.370692,0.503758,0.372965,0.87445,0.230963,5.08521,0.275095,,0.390883,103.425,30.1602,141.587,0.390883,0.35,30.95320388674736,-6.256156831979752,4.63748,13.210000038146973,,,,,,,933.2,6.525874125,933.2,6.525874125,,,,,,,,,,,,,,,,,,,"Kyle Tucker","18345",663656
"William Contreras","MIL",143.873,599.615,522.849,138.534,92.7144,25.9173,0.990009,18.9127,71.7488,76.2177,67.0403,2.71897,117.399,4.63375,4.12501,0.966983,14.9871,5.95134,1.76304,0.264961,0.111806,0.19579,0.571048,0.351139,0.426835,0.339275,0.777973,0.161874,3.47089,0.306202,,-0.599017,83.614,12.7648,118.754,-0.599017,5.49,12.729073584079742,12.623182773590088,4.63492,55.25,,,,,,,736.9,5.117361111,736.9,5.117361111,,,,,,,,,,,,,,,,,,,"William Contreras","20503",661388
"Ketel Marte","ARI",139.98,611.993,533.737,146.112,85.5802,29.4662,2.65458,28.4114,85.1122,93.1719,66.402,4.38969,101.358,6.29003,4.24733,0.635565,12.6154,4.82057,1.8007,0.273754,0.108501,0.165619,0.655124,0.358299,0.498602,0.366034,0.8569,0.224848,3.90867,0.288331,,-0.789185,98.6358,26.3241,135.346,-0.789185,-0.25,24.84851825237274,-0.17878518253564835,4.60722,32.25,,,,,,,867.9,6.199285714,867.9,6.199285714,,,,,,,,,,,,,,,,,,,"Ketel Marte","13613",606466
"Corbin Carroll","ARI",138.111,602.771,524.235,136.273,74.4892,27.8196,9.3888,24.5751,97.5703,75.2307,63.2166,2.59484,128.31,7.93312,3.9199,3.46617,7.29739,33.536,7.14507,0.259946,0.104877,0.212868,0.492685,0.346105,0.489466,0.357213,0.835571,0.22952,8.25456,0.297646,,2.83684,92.8325,21.6104,129.303,2.83684,7.11,23.77125334739685,0.903343677520752,4.57633,14.649999618530273,,,,,,,863.1,6.254347826,863.1,6.254347826,,,,,,,,,,,,,,,,,,,"Corbin Carroll","25878",682998
"Yordan Alvarez","HOU",129.363,552.796,470.581,139.413,79.5663,28.7552,1.03428,30.0569,82.1128,87.7836,68.7758,8.90015,90.2946,7.68941,5.22123,0.52892,9.2988,3.64897,1.2008,0.296257,0.124414,0.163342,0.761681,0.390894,0.553374,0.397601,0.944268,0.257117,3.18504,0.307654,,-0.733267,103.263,37.9455,159.011,-0.733267,-0.44,37.71460920572281,-12.218421399593353,4.55521,33.0099983215332,,,,,,,915,7.093023255,915,7.093023255,,,,,,,,,,,,,,,,,,,"Yordan Alvarez","19556",670541
"Fernando Tatis Jr.","SDP",148.434,645.925,564.412,150.401,92.7569,26.926,3.33011,27.3882,95.8242,82.4076,70.1503,3.08475,129.162,6.20737,4.19972,0.955992,12.5219,23.8058,6.58861,0.266474,0.108604,0.199965,0.543118,0.351581,0.471556,0.354416,0.823137,0.205082,5.94581,0.298531,,0.966944,98.012,21.691,132.11,0.966944,4.32,25.549096941947937,-2.7428317070007324,4.53207,14.149999618530273,,,,,,,879.2,5.94054054,879.2,5.94054054,,,,,,,,,,,,,,,,,,,"Fernando Tatis Jr.","19709",665487
"Ronald Acuña Jr.","ATL",143.703,629.083,532.946,146.722,91.5752,24.9786,2.03517,28.1325,99.7599,81.6431,83.2931,3.413,135.875,8.46817,3.82402,0.551712,12.2483,28.1004,7.70962,0.275303,0.132404,0.215989,0.613011,0.379429,0.488169,0.374285,0.867598,0.212867,5.57933,0.318136,,1.27506,105.604,31.2735,141.511,1.27506,-2.8,32.2257182598114,-10.215975046157837,4.39325,5.440000057220459,,,,,,,941.1,6.535416666,941.1,6.535416666,,,,,,,,,,,,,,,,,,,"Ronald Acuna Jr.","18401",660670
"Mookie Betts","LAD",142.534,621.721,544.668,145.989,91.1809,30.0879,2.32394,22.3962,85.5557,79.6268,63.6144,1.26436,71.1658,5.81087,5.93133,0.712678,8.97538,8.83492,2.73289,0.268033,0.10232,0.114466,0.89389,0.347429,0.455164,0.347065,0.802593,0.187131,4.38281,0.270422,,-0.404103,90.6286,17.1674,123.845,-0.404103,-1.65,17.1664879322052,4.948795914649963,4.37898,58.369998931884766,,,,,,,796.5,5.569930069,796.5,5.569930069,,,,,,,,,,,,,,,,,,,"Mookie Betts","13611",605141
"Junior Caminero","TBR",149.053,636.062,584.351,158.633,95.2991,25.445,1.30944,36.579,83.3099,106.024,41.3095,2.19745,121.869,4.63898,5.17622,0.586758,13.3004,5.41997,1.41989,0.271468,0.0649457,0.191599,0.338967,0.321934,0.507287,0.352048,0.829221,0.235819,3.4774,0.283135,,-0.415439,95.2926,20.137,126.175,-0.415439,-0.39,19.206917375326157,1.3290971517562866,4.34094,16.700000762939453,,,,,,,877.1,5.886577181,877.1,5.886577181,,,,,,,,,,,,,,,,,,,"Junior Caminero","28163",691406
"Willy Adames","SFG",151.815,649.422,568.221,134.827,75.7239,26.6141,1.27972,31.209,86.6852,87.5212,68.9058,1.63501,169.452,3.79851,5.06221,0.504044,7.80687,11.3088,3.07772,0.237279,0.106103,0.260927,0.40664,0.321262,0.453393,0.333686,0.774655,0.216114,4.32484,0.278077,,0.0322937,87.6125,10.8783,116.564,0.0322937,0.76,12.781928487122059,7.788472414016724,4.31522,129.50999450683594,,,,,,,794.9,5.229605263,794.9,5.229605263,,,,,,,,,,,,,,,,,,,"Willy Adames","15986",642715
"Vladimir Guerrero Jr.","TOR",152.874,662.506,577.584,168.689,109.33,31.7555,0.547632,27.056,92.1276,91.88,72.8553,6.98738,88.6936,7.13053,4.30971,0.626582,16.5548,5.95824,2.25403,0.292061,0.109969,0.133876,0.821427,0.375711,0.489467,0.370928,0.865178,0.197406,3.18713,0.303841,,-0.935094,109.41,31.1295,140.666,-0.935094,-0.37,30.818583488464355,-12.360403180122375,4.22147,18.3700008392334,,,,,,,966.5,6.316993464,966.5,6.316993464,,,,,,,,,,,,,,,,,,,"Vladimir Guerrero Jr.","19611",665489
"Trea Turner","PHI",143.304,627.251,572.015,162.723,110.89,28.9485,4.13176,18.7523,85.4793,75.542,38.9435,0.323693,114.12,5.30861,4.17304,0.779159,11.6273,24.5314,6.18803,0.284473,0.062086,0.181937,0.341249,0.333594,0.447876,0.337652,0.78147,0.163403,6.15903,0.324759,,1.3501,86.6409,12.5264,115.277,1.3501,-0.43,12.707439064979553,6.204444229602814,4.07006,26.3799991607666,,,,,,,789,5.517482517,789,5.517482517,,,,,,,,,,,,,,,,,,,"Trea Turner","16252",607208
"Wyatt Langford","TEX",142.457,613.154,532.403,133.164,79.2994,28.2028,2.30148,23.3606,84.5671,72.6074,70.1978,2.63711,144.111,6.28508,3.71821,0.550099,8.05618,19.9085,5.47042,0.25012,0.114486,0.235032,0.487111,0.342223,0.443371,0.340643,0.785595,0.193252,5.5027,0.297854,,0.730459,86.1826,13.7337,120.605,0.730459,5.45,15.621301531791687,2.2957587242126465,3.99232,40.54999923706055,,,,,,,773.6,5.447887323,773.6,5.447887323,,,,,,,,,,,,,,,,,,,"Wyatt Langford","33333",694671
"Will Smith","LAD",123.452,497.18,423.725,110.341,67.4184,20.9461,1.57469,20.4017,68.4104,66.8863,56.8469,2.28583,93.0149,9.14421,5.86095,0.470518,7.7015,3.04396,0.961895,0.260407,0.114339,0.187085,0.611159,0.355812,0.461718,0.352952,0.81753,0.201311,3.62994,0.284465,,-0.650756,74.8504,16.1048,127.878,-0.650756,-2.55,15.776419162750244,6.38942551612854,3.96023,97.87000274658203,,,,,,,653.2,5.310569105,653.2,5.310569105,,,,,,,,,,,,,,,,,,,"Will Smith","19197",669257
"Matt Chapman","SFG",145.544,613.655,532.782,127.038,70.9246,26.7784,2.88208,26.4524,83.8408,76.5893,69.0357,1.06117,153.289,6.65052,4.6539,0.532589,8.62405,8.94215,2.17417,0.238442,0.112499,0.249797,0.450362,0.330642,0.448471,0.337183,0.779113,0.210029,5.03201,0.281204,,-0.0628013,84.5294,12.0213,118.96,-0.0628013,1.2,13.726834334433079,3.446049451828003,3.84586,165.07000732421875,,,,,,,757.5,5.188356164,757.5,5.188356164,,,,,,,,,,,,,,,,,,,"Matt Chapman","16505",656305
"Elly De La Cruz","CIN",148.465,639.675,573.748,147.953,90.4421,29.778,4.87054,22.8621,93.6389,71.664,57.158,4.9626,178.712,3.2938,3.93802,1.5374,8.9241,39.478,10.497,0.257871,0.0893548,0.27938,0.319833,0.326582,0.44629,0.331432,0.772873,0.18842,7.34535,0.332589,,2.63351,85.1265,9.54398,107.746,2.63351,0.56,8.506429195404053,7.1947203278541565,3.78385,8.550000190734863,,,,,,,812.6,5.49054054,812.6,5.49054054,,,,,,,,,,,,,,,,,,,"Elly De La Cruz","26668",682829
"Adley Rutschman","BAL",137.588,559.402,488.983,122.56,79.4083,25.5174,0.939325,16.6946,65.3823,63.4799,60.9755,1.8375,89.0875,3.82222,4.99355,0.627347,10.9277,1.05643,0.39423,0.250642,0.109001,0.159255,0.684445,0.3353,0.409092,0.325301,0.744393,0.158451,2.47728,0.272711,,-0.890028,71.6593,5.56168,110.076,-0.890028,5.56,5.753016412258148,11.490517139434814,3.73412,150.66000366210938,,,,,,,637.6,4.620289855,637.6,4.620289855,,,,,,,,,,,,,,,,,,,"Adley Rutschman","26288",668939
"Alejandro Kirk","TOR",122.179,483.739,427.991,112.555,79.1584,20.0894,0.295969,13.011,55.2128,55.1221,46.0063,1.61849,58.4291,4.54113,4.63258,0.567908,12.1714,0.435639,0.11853,0.262984,0.0951057,0.120786,0.787388,0.337566,0.402506,0.323851,0.740072,0.139522,1.72751,0.275604,,-0.807004,61.3977,4.24021,108.237,-0.807004,7.31,3.888987898826599,15.855869770050049,3.7236,157.88999938964844,,,,,,,538,4.409836065,538,4.409836065,,,,,,,,,,,,,,,,,,,"Alejandro Kirk","22581",672386
"Zach Neto","LAA",148.022,633.986,567.991,141.335,83.6515,29.0161,1.19628,27.471,84.9937,76.5302,42.814,2.82753,158.597,16.082,3.86871,3.22998,8.55701,27.0162,7.96659,0.248833,0.0675314,0.250159,0.269954,0.317446,0.449226,0.330087,0.766672,0.200393,5.60943,0.295143,,1.2184,83.6774,8.76708,110.75,1.2184,-1.66,9.251393437385559,5.192870497703552,3.71037,29.889999389648438,,,,,,,771.1,5.210135135,771.1,5.210135135,,,,,,,,,,,,,,,,,,,"Zach Neto","31347",687263
"Geraldo Perdomo","ARI",150.211,647.509,550,142.771,99.0124,26.5455,3.63595,13.5769,83.3822,59.5834,72.627,1.23354,88.562,6.91506,5.41317,12.5538,12.6048,18.4005,5.30891,0.259583,0.112164,0.136773,0.820069,0.350123,0.395125,0.32883,0.745248,0.135542,5.57469,0.285023,,0.335394,84.8015,8.29336,109.86,0.335394,-0.26,7.902549117803574,6.6942126750946045,3.69753,76.66999816894531,,,,,,,743.7,4.958,743.7,4.958,,,,,,,,,,,,,,,,,,,"Geraldo Perdomo","22799",672695
"Jazz Chisholm Jr.","NYY",139.695,584.205,519.255,124.095,72.9237,18.1191,3.21368,29.8387,88.1224,72.1263,54.9002,1.96764,157.212,4.82519,3.97352,1.25133,7.8638,31.6914,7.91563,0.238987,0.0939741,0.269104,0.349211,0.315326,0.458653,0.332202,0.773979,0.219666,6.7832,0.280377,,2.23398,78.1101,9.08175,114.514,2.23398,1.82,12.227356910705566,3.7752487659454346,3.6945,19.81999969482422,,,,,,,745.1,5.322142857,745.1,5.322142857,,,,,,,,,,,,,,,,,,,"Jazz Chisholm Jr.","20454",665862
"Shea Langeliers","ATH",128.383,526.058,478.394,123.722,66.9552,24.6037,1.69042,30.4727,73.3029,79.0669,38.8647,1.11501,120.761,4.10495,3.95335,0.741181,7.32487,6.08167,1.65382,0.258619,0.0738791,0.229558,0.321832,0.317316,0.50821,0.350467,0.825527,0.249591,4.25674,0.281623,,-0.179261,78.1366,15.9788,123.148,-0.179261,-3.75,14.172794431447983,3.514469623565674,3.66211,54.720001220703125,,,,,,,717.1,5.60234375,717.1,5.60234375,,,,,,,,,,,,,,,,,,,"Shea Langeliers","25816",669127
"Nick Kurtz","ATH",141.904,576.605,496.688,127.869,64.2217,24.8553,2.0708,36.7211,87.6464,93.1674,71.1898,3.62296,177.487,4.36001,3.72338,0.577023,8.2496,3.10899,1.04675,0.257443,0.123464,0.307813,0.401099,0.353181,0.537619,0.37697,0.890801,0.280176,3.71426,0.318472,,-0.705675,98.0518,29.9215,141.405,-0.705675,-0.7,27.432726323604584,-11.898232638835907,3.61985,18.510000228881836,,,,,,,879.4,6.192957746,879.4,6.192957746,,,,,,,,,,,,,,,,,,,"Nick Kurtz","35110",701762
"Jackson Merrill","SDP",142.781,606.787,554.96,149.072,92.0033,32.1776,2.38061,22.5103,76.17,78.8185,40.5083,1.95538,119.239,3.16626,5.16805,2.98438,9.54848,8.89735,2.60201,0.268617,0.0667586,0.196509,0.339723,0.319221,0.456865,0.33239,0.776086,0.188247,4.39551,0.302505,,-0.168889,81.2221,9.52556,117.022,-0.168889,0.13,12.072682082653046,2.1375516653060913,3.51936,70.19999694824219,,,,,,,740.5,5.178321678,740.5,5.178321678,,,,,,,,,,,,,,,,,,,"Jackson Merrill","29490",701538
"Pete Crow-Armstrong","CHC",146.802,617.687,562.426,139.308,82.9287,27.7968,5.2105,23.3717,87.4873,69.884,34.7641,2.34989,152.313,8.07778,5.00077,7.41866,5.55891,33.9191,7.60432,0.247691,0.056281,0.246587,0.22824,0.298475,0.440308,0.315993,0.738783,0.192617,7.70265,0.29595,,2.85493,74.4577,1.47321,103.843,2.85493,5.81,5.668015956878662,8.075462818145752,3.50871,32.29999923706055,,,,,,,713.5,4.853741496,713.5,4.853741496,,,,,,,,,,,,,,,,,,,"Pete Crow-Armstrong","27769",691718
"Rafael Devers","SFG",149.931,649.657,557.923,142.846,80.6359,28.1148,0.915912,33.179,88.0427,95.7004,80.9484,9.27919,157.879,6.43478,3.80445,0.546786,11.6275,2.10612,0.921249,0.256031,0.124602,0.243019,0.512724,0.354684,0.488113,0.358856,0.842797,0.232082,2.68682,0.295861,,-1.00399,100.92,24.1583,133.807,-1.00399,0.02,25.026379346847534,-12.587576370686293,3.48405,59.06999969482422,,,,,,,901.9,6.012666666,901.9,6.012666666,,,,,,,,,,,,,,,,,,,"Rafael Devers","17350",646240
"Bryce Harper","PHI",140.064,606.447,522.098,143.347,84.6735,31.2563,0.887197,26.5296,84.0651,86.9915,74.4702,7.58932,127.506,4.74084,4.15741,0.980202,11.5247,9.7618,4.41937,0.274559,0.122798,0.210251,0.584053,0.36758,0.490264,0.366255,0.857844,0.215705,3.83045,0.313838,,-0.889258,97.8507,26.1943,134.871,-0.889258,0.39,24.174768090248108,-10.508416533470154,3.46256,47.43000030517578,,,,,,,873,6.235714285,873,6.235714285,,,,,,,,,,,,,,,,,,,"Bryce Harper","11579",547180
"Jacob Wilson","ATH",138.087,578.163,534.538,162.546,121.602,28.355,1.43367,11.1554,70.6937,63.2741,30.4029,0.760776,47.479,6.35073,3.98981,2.88137,17.0448,5.46402,1.82268,0.304086,0.0525853,0.0821205,0.640343,0.346438,0.425104,0.33573,0.771542,0.121018,3.68094,0.315466,,-0.694003,78.9583,10.6439,112.996,-0.694003,-0.53,8.162014663219452,5.766054391860962,3.46098,191.75,,,,,,,680,4.927536231,680,4.927536231,,,,,,,,,,,,,,,,,,,"Jacob Wilson","33266",805779
"Jeremy Peña","HOU",137.316,591.689,539.727,148.205,103.416,25.9306,1.62897,17.2291,76.5444,66.1657,34.0525,0.752054,106.993,10.0524,3.92053,2.20955,13.108,16.2011,4.55804,0.274592,0.0575513,0.180827,0.318268,0.327195,0.424438,0.326557,0.751633,0.149846,5.22239,0.312274,,0.404712,76.3989,6.48632,110.072,0.404712,-0.37,7.428761750459671,5.987222075462341,3.45621,114,,,,,,,683.8,4.991240875,683.8,4.991240875,,,,,,,,,,,,,,,,,,,"Jeremy Pena","21636",665161
"Austin Riley","ATL",147.393,632.367,569.971,147.267,89.25,28.0168,2.52295,27.4771,80.8244,87.4826,48.3239,0.907554,162.866,8.51355,5.03173,0.526559,10.1365,2.4929,0.880934,0.258376,0.0764174,0.257549,0.29671,0.323031,0.461007,0.337192,0.784038,0.202631,3.54735,0.311417,,-0.820608,87.1117,12.3926,116.102,-0.820608,-0.75,11.247519731521606,1.1454861164093018,3.42051,62.310001373291016,,,,,,,777.3,5.287755102,777.3,5.287755102,,,,,,,,,,,,,,,,,,,"Austin Riley","18360",663586
"Kyle Schwarber","PHI",149.975,656.579,548.945,127.134,62.5779,20.1513,1.05538,43.3497,96.2764,109.698,96.7953,3.82526,183.136,7.11968,3.16757,0.551595,9.40103,6.00223,2.00993,0.231598,0.147424,0.278924,0.528543,0.352195,0.50906,0.367785,0.861254,0.277462,3.46989,0.257303,,-0.696535,106.755,29.1756,135.919,-0.696535,0,27.255331337451935,-16.01207160949707,3.3853,24.06999969482422,,,,,,,947.9,6.319333333,947.9,6.319333333,,,,,,,,,,,,,,,,,,,"Kyle Schwarber","16478",656941
"Alex Bregman","CHC",148.673,641.229,563.334,141.636,90.8722,27.5286,1.43624,21.7986,75.9811,79.1964,63.6703,1.41959,89.919,7.87007,5.42477,0.930326,11.9902,2.5345,0.728903,0.251424,0.0992941,0.140229,0.708085,0.332932,0.421478,0.328807,0.75441,0.170054,2.91082,0.262202,,-0.854421,83.9669,8.2008,112.621,-0.854421,0.48,8.737318396568298,2.7743363082408905,3.36051,118.13999938964844,,,,,,,744.8,4.998657718,744.8,4.998657718,,,,,,,,,,,,,,,,,,,"Alex Bregman","17678",608324
"Byron Buxton","MIN",121.741,524.672,471.551,117.896,60.7429,25.8071,2.70253,28.6432,76.1294,76.5949,40.6929,1.94695,143.904,8.53991,3.34875,0.539735,5.32847,14.5495,3.17098,0.250017,0.0775587,0.274275,0.282777,0.318867,0.498435,0.347594,0.817302,0.248418,6.00313,0.295195,,0.898166,76.7071,14.7131,123.23,0.898166,-0.26,15.263565361499786,-0.6357438862323761,3.34421,71.91000366210938,,,,,,,724,5.934426229,724,5.934426229,,,,,,,,,,,,,,,,,,,"Byron Buxton","14161",621439
"Jackson Chourio","MIL",144.95,629.313,579.047,157.899,97.9042,33.3664,3.20688,23.4217,82.7265,85.3689,40.1763,2.55178,128.015,4.29707,4.58901,1.20311,9.23612,24.3881,6.42451,0.272688,0.0638416,0.20342,0.313841,0.322193,0.462733,0.335835,0.784925,0.190045,5.79263,0.311146,,1.32358,85.9972,11.6391,116.397,1.32358,4.71,13.553787350654602,-2.000648021697998,3.32419,19.18000030517578,,,,,,,795.6,5.486896551,795.6,5.486896551,,,,,,,,,,,,,,,,,,,"Jackson Chourio","28806",694192
"Manny Machado","SDP",146.608,628.873,568.524,147.985,94.5541,26.1659,1.47259,25.7922,78.6736,82.7932,51.1468,3.65612,122.601,2.29921,5.71331,0.625887,10.9442,9.51537,2.5158,0.260296,0.081331,0.194953,0.417182,0.320912,0.447602,0.329433,0.768514,0.187306,4.0762,0.286942,,-0.0801006,82.6683,8.36211,114.996,-0.0801006,-0.27,11.096881344914436,-0.565104752779007,3.21819,37.599998474121094,,,,,,,754.9,5.135374149,754.9,5.135374149,,,,,,,,,,,,,,,,,,,"Manny Machado","11493",592518
"Patrick Bailey","SFG",126.729,473.542,428.921,92.1466,62.616,19.0143,1.1626,9.3537,45.1672,43.165,34.9008,0.419014,129.445,3.4225,3.47194,2.82585,7.37887,1.85445,0.590719,0.214834,0.0737016,0.273355,0.269619,0.277173,0.330008,0.268495,0.607181,0.115174,3.24121,0.281998,,-0.534622,38.8204,-17.1322,71.9059,-0.534622,21.91,-16.302295684814453,31.688471794128418,3.18612,746.4199829101562,,,,,,,346.6,2.729133858,346.6,2.729133858,,,,,,,,,,,,,,,,,,,"Patrick Bailey","27478",672275
"Xander Bogaerts","SDP",136.36,569.787,506.796,134.549,95.5994,24.1469,1.33398,13.4689,70.3947,59.8678,44.9479,1.41905,102.051,4.93381,5.41355,0.904259,11.7951,17.9274,4.18201,0.26549,0.0788855,0.179103,0.440448,0.328116,0.39813,0.31713,0.726246,0.13264,5.04684,0.305227,,0.921816,69.2099,1.88515,106.568,0.921816,0.12,5.357368230819702,6.432963006198406,3.14583,239.14999389648438,,,,,,,619.5,4.555147058,619.5,4.555147058,,,,,,,,,,,,,,,,,,,"Xander Bogaerts","12161",593428
"Bo Bichette","NYM",139.215,607.859,563.176,161.863,114.515,29.0666,2.07513,16.2062,74.1776,71.8107,35.7344,1.16683,97.8961,3.66778,4.15701,0.684445,14.1103,6.48307,1.99987,0.28741,0.0587874,0.161051,0.365024,0.331718,0.432721,0.330757,0.764438,0.14531,4.02809,0.321374,,-0.530773,80.5596,8.73633,115.465,-0.530773,-0.81,10.611106276512146,-0.26147764921188354,3.12803,95.11000061035156,,,,,,,715.9,5.150359712,715.9,5.150359712,,,,,,,,,,,,,,,,,,,"Bo Bichette","19612",666182
"Riley Greene","DET",148.143,629.286,562.307,144.165,85.7072,25.3959,3.76051,29.3013,83.8789,86.1711,57.3654,1.88279,179.722,4.90093,4.22976,0.483231,10.8675,3.92696,1.04237,0.256381,0.0911595,0.285597,0.319189,0.328293,0.471248,0.342922,0.79954,0.214866,4.39395,0.321285,,-0.605921,89.6145,15.2595,120.519,-0.605921,1.45,14.612752556800842,-5.801789999008179,3.11746,78.01000213623047,,,,,,,803.1,5.426351351,803.1,5.426351351,,,,,,,,,,,,,,,,,,,"Riley Greene","25976",682985
"Maikel Garcia","KCR",150.099,640.537,576.535,153.827,106.478,30.3601,3.91007,13.0788,82.2944,65.7989,53.0574,0.818472,93.1669,1.62959,5.96129,3.35374,12.6213,26.3499,5.96767,0.266814,0.0828327,0.145451,0.569488,0.327244,0.401093,0.317597,0.728337,0.134279,6.17807,0.295535,,1.76756,78.0462,2.36185,100.308,1.76756,3.97,1.999726578593254,6.383872747421265,3.11335,66.16999816894531,,,,,,,715,4.766666666,715,4.766666666,,,,,,,,,,,,,,,,,,,"Maikel Garcia","22715",672580
"Gabriel Moreno","ARI",109.134,425.397,379.709,104.408,72.986,20.205,1.31153,9.90561,50.8609,50.1326,37.734,1.79101,72.4157,3.78789,3.52013,0.645724,9.76173,3.99037,1.34266,0.274968,0.0887031,0.170231,0.521076,0.343566,0.41335,0.329932,0.756916,0.138382,3.81527,0.314058,,-0.495889,56.0929,5.82897,110.615,-0.495889,3.21,4.855978339910507,10.752137660980225,3.04494,180.11000061035156,,,,,,,490.9,4.503669724,490.9,4.503669724,,,,,,,,,,,,,,,,,,,"Gabriel Moreno","22664",672515
"Hunter Goodman","COL",137.277,554.378,510.2,130.799,70.859,29.0318,2.05642,28.8517,70.853,87.7806,33.5373,0.407645,145.234,5.62588,4.54646,0.468692,8.19261,2.52538,0.731467,0.256368,0.0604954,0.261976,0.230919,0.306841,0.490981,0.339447,0.797822,0.234613,3.66701,0.299263,,-0.518112,77.3832,11.8792,104.465,-0.518112,4.68,2.415330171585083,8.70271635055542,3.0246,64.7300033569336,,,,,,,714.6,5.216058394,714.6,5.216058394,,,,,,,,,,,,,,,,,,,"Hunter Goodman","29715",696100
"Austin Wells","NYY",116.575,440.56,394.657,85.1036,48.9133,18.2028,1.14405,16.8435,48.7133,51.4184,36.8265,0.764464,111.102,4.75387,3.47569,0.825863,5.7814,3.50097,0.970344,0.215639,0.0835903,0.252184,0.331465,0.288106,0.395597,0.297186,0.683702,0.179957,3.80329,0.25264,,-0.289543,46.3794,-5.67615,90.3926,-0.289543,10.95,-5.278219252824783,19.645151138305664,3.02132,255.89999389648438,,,,,,,429.5,3.67094017,429.5,3.67094017,,,,,,,,,,,,,,,,,,,"Austin Wells","27562",669224
"Pete Alonso","BAL",152.66,654.824,574.724,142.929,80.9404,24.3461,1.76696,35.8751,87.2553,95.9866,61.8945,4.08464,150.437,12.5252,5.07926,0.60149,11.1589,2.96693,0.826551,0.248691,0.0945208,0.229736,0.411432,0.332224,0.484466,0.348872,0.81669,0.235775,3.33715,0.272061,,-0.743772,96.4148,19.0423,126.313,-0.743772,-0.43,19.564333200454712,-12.792215049266815,2.99879,24.579999923706055,,,,,,,873.1,5.706535947,873.1,5.706535947,,,,,,,,,,,,,,,,,,,"Pete Alonso","19251",624413
"Taylor Ward","BAL",147.665,630.075,551.717,134.819,81.1047,24.6058,1.92877,27.1798,81.0538,80.7547,65.8944,0.577672,155.674,6.60232,5.26865,0.593027,9.4727,4.98337,1.43063,0.244363,0.104582,0.247071,0.423286,0.329344,0.443746,0.335088,0.773089,0.199383,3.76588,0.287704,,-0.599407,85.7196,11.2714,116.818,-0.599407,2.07,11.889980792999268,-4.766342401504517,2.9476,149.55999755859375,,,,,,,767.4,5.185135135,767.4,5.185135135,,,,,,,,,,,,,,,,,,,"Taylor Ward","17548",621493
"Brendan Donovan","SEA",131.519,565.197,500.299,132.645,93.009,26.819,0.666797,12.15,64.3791,61.467,49.2069,1.98793,78.0092,9.68667,4.423,1.58096,12.8547,5.07398,1.77658,0.265131,0.0870615,0.138021,0.630784,0.339838,0.394258,0.322466,0.734097,0.129128,3.2704,0.290655,,-0.702433,71.1007,4.31831,113.21,-0.702433,-0.21,8.097206056118011,1.2107298821210861,2.94262,269.3500061035156,,,,,,,622.5,4.71590909,622.5,4.71590909,,,,,,,,,,,,,,,,,,,"Brendan Donovan","24679",680977
"Carlos Correa","HOU",129.191,545.354,484.856,129.609,88.5295,23.5508,0.348811,17.1803,65.3066,65.3266,48.7636,1.55781,108.263,3.28194,3.69782,0.523524,12.4035,0.498852,0.153973,0.267315,0.0894164,0.198518,0.45042,0.336025,0.423629,0.330534,0.759654,0.156313,1.78629,0.309628,,-0.881031,72.1768,7.73906,112.811,-0.881031,0.18,7.3536456823349,2.5675031542778015,2.93548,282.5799865722656,,,,,,,628.4,4.871317829,628.4,4.871317829,,,,,,,,,,,,,,,,,,,"Carlos Correa","14162",621043
"Brent Rooker","ATH",149.8,640.55,567.762,150.243,84.8064,30.4659,1.40657,33.5645,89.6938,92.9315,59.5624,2.45299,161.574,8.30992,4.33464,0.580943,9.1725,6.99455,2.02992,0.264624,0.0929863,0.252243,0.368638,0.340822,0.50059,0.359332,0.841412,0.235966,3.84898,0.309527,,-0.42412,99.7531,24.0672,129.255,-0.42412,-0.04,21.66231518983841,-15.151403464376926,2.9218,43.650001525878906,,,,,,,896,5.973333333,896,5.973333333,,,,,,,,,,,,,,,,,,,"Brent Rooker","19627",667670
"Gleyber Torres","DET",147.07,633.411,551.245,141.638,97.692,26.0148,0.612544,17.3191,75.8812,68.7973,71.1683,0.0371939,109.261,3.98,5.71535,1.28389,11.7853,7.94662,2.56662,0.256942,0.112357,0.172496,0.651359,0.342958,0.400612,0.327637,0.743569,0.143669,3.4923,0.288859,,-0.602539,82.3413,7.4989,109.99,-0.602539,-2.44,6.85528427362442,-0.17040133476257324,2.91446,249.02000427246094,,,,,,,716.9,4.876870748,716.9,4.876870748,,,,,,,,,,,,,,,,,,,"Gleyber Torres","16997",650402
"Dansby Swanson","CHC",153.098,629.206,564.376,134.867,87.9312,23.8919,2.08841,20.9558,76.3162,73.2687,50.1734,0.983499,163.167,3.65836,4.47629,1.11711,10.0847,15.5903,3.96077,0.238967,0.0797408,0.259321,0.307498,0.303041,0.400094,0.305875,0.703135,0.161127,5.06109,0.296082,,0.566671,70.6776,-3.66793,96.9117,0.566671,2.07,-1.7363951206207275,9.157870531082153,2.9011,149.36000061035156,,,,,,,651.6,4.258823529,651.6,4.258823529,,,,,,,,,,,,,,,,,,,"Dansby Swanson","18314",621020
"Randy Arozarena","SEA",151.902,652.811,565.623,132.708,82.5326,24.8085,2.57239,22.7946,88.1966,71.716,65.6499,0.869832,170.527,16.8846,4.00612,0.647446,10.8461,25.02,6.89704,0.234623,0.100565,0.26122,0.384983,0.330044,0.408479,0.324575,0.738523,0.173856,5.93805,0.292084,,1.09556,83.2402,6.10557,114.663,1.09556,0,12.37712574005127,-7.225832939147949,2.82587,89.5199966430664,,,,,,,761.5,5.009868421,761.5,5.009868421,,,,,,,,,,,,,,,,,,,"Randy Arozarena","19290",668227
"Luke Keaschall","MIN",126.129,533.669,473.764,129.066,88.6811,27.2945,1.31434,11.7757,68.4721,54.4612,45.7244,1.60584,90.0631,8.67957,4.85695,0.644098,9.30214,20.8178,4.59434,0.272426,0.0856794,0.168762,0.507693,0.344205,0.410153,0.329823,0.754358,0.137727,5.31335,0.311294,,1.3481,70.3224,7.26532,110.989,1.3481,-0.52,8.259799480438232,0.9458338022232056,2.82113,122.61000061035156,,,,,,,636.1,5.048412698,636.1,5.048412698,,,,,,,,,,,,,,,,,,,"Luke Keaschall","33321",807712
"Andy Pages","LAD",139.665,573.624,524.34,133.198,79.1243,29.0002,1.26802,23.805,75.9054,77.9604,35.6212,1.21535,127.176,8.3361,4.80714,0.519313,7.51914,9.34388,2.87809,0.254029,0.0620985,0.221706,0.280093,0.309114,0.450373,0.32602,0.759488,0.196345,4.51434,0.289271,,-0.114373,73.8161,6.03804,109.428,-0.114373,0.4,6.295634433627129,2.154333382844925,2.81713,133.72000122070312,,,,,,,676.9,4.835,676.9,4.835,,,,,,,,,,,,,,,,,,,"Andy Pages","24816",681624
"Roman Anthony","BOS",140.417,609.279,529.258,138.457,87.9031,30.9395,2.08198,17.5327,77.9428,70.3807,71.1355,1.42114,146.284,4.67468,3.5352,0.6757,12.8756,9.46207,3.16543,0.261606,0.116754,0.240093,0.486284,0.352064,0.427313,0.34076,0.779377,0.165707,4.2662,0.32773,,-0.475286,85.6958,13.7048,115.084,-0.475286,4.08,10.356800884008408,-3.8654069900512695,2.80968,52.02000045776367,,,,,,,751,5.364285714,751,5.364285714,,,,,,,,,,,,,,,,,,,"Roman Anthony","31812",701350
"James Wood","WSN",146.007,630.44,550.154,143.084,86.2768,30.3648,1.93921,24.5034,84.1201,81.5356,72.38,4.46275,186.256,4.28292,3.07466,0.548316,11.2914,16.9738,5.45174,0.26008,0.114809,0.295438,0.388605,0.348865,0.45594,0.34728,0.804805,0.19586,4.79796,0.346252,,0.115958,92.0094,17.5181,123.503,0.115958,-0.2,17.67741297185421,-11.56393738090992,2.77148,34.7599983215332,,,,,,,830.5,5.688356164,830.5,5.688356164,,,,,,,,,,,,,,,,,,,"James Wood","29518",695578
"Freddie Freeman","LAD",142.993,617.716,542.939,149.719,94.7094,32.1592,2.00988,20.8401,84.1464,80.3205,62.0617,7.43566,111.851,6.90485,5.07344,0.73658,10.9201,8.66617,2.40016,0.275756,0.10047,0.181072,0.554861,0.354445,0.457543,0.348191,0.811987,0.181787,4.36249,0.31031,,-0.281122,90.6095,17.6216,124.616,-0.281122,-0.24,17.740992218255997,-11.320865854620934,2.75954,66.66999816894531,,,,,,,817.1,5.713986013,817.1,5.713986013,,,,,,,,,,,,,,,,,,,"Freddie Freeman","5361",518692
"Nico Hoerner","CHC",145.934,606.998,554.936,152.917,117.777,25.1781,3.47871,6.48287,73.695,54.9944,37.2504,1.19831,58.7802,8.92593,4.70339,1.09271,12.6268,26.1563,6.71088,0.275557,0.0613682,0.0968375,0.633723,0.328636,0.368512,0.30688,0.697149,0.092955,5.95998,0.296199,,1.40859,68.6781,-3.04337,97.5999,1.40859,4.63,-0.3180884122848511,6.976891994476318,2.74748,104.11000061035156,,,,,,,615.6,4.216438356,615.6,4.216438356,,,,,,,,,,,,,,,,,,,"Nico Hoerner","21479",663538
"Mike Trout","LAA",117.671,501.589,423.444,101.75,55.6008,17.8695,1.71596,26.5641,66.9989,70.6055,67.9654,5.15656,151.03,6.64636,3.11435,0.418364,5.95112,3.37833,0.978634,0.240292,0.1355,0.301102,0.450014,0.351901,0.478798,0.35585,0.830698,0.238505,3.69394,0.301995,,-0.550681,76.6946,17.428,128.497,-0.550681,-0.94,16.296500742435455,-6.750913560390472,2.74294,179.02000427246094,,,,,,,693.5,5.877118644,693.5,5.877118644,,,,,,,,,,,,,,,,,,,"Mike Trout","10155",545361
"Steven Kwan","CLE",147.102,644.761,573.87,157.158,120.194,25.6844,2.85731,8.42258,74.8815,58.4525,58.077,1.36408,55.4277,4.7956,5.3476,2.67076,12.8218,16.4781,5.00627,0.273857,0.0900752,0.0859662,1.0478,0.342679,0.372602,0.316176,0.715281,0.098745,4.76937,0.288601,,0.0459236,77.8174,1.63391,103.53,0.0459236,1.64,2.7287606187164783,1.8072699010372162,2.73457,169.27999877929688,,,,,,,678.3,4.614285714,678.3,4.614285714,,,,,,,,,,,,,,,,,,,"Steven Kwan","24610",680757
"Yainer Diaz","HOU",130.474,518.651,488.102,130.354,88.8202,23.3756,0.91452,17.2435,58.5696,65.4321,22.2495,1.07922,90.3688,3.38483,4.23993,0.674838,11.7012,1.63982,0.518294,0.267063,0.0428989,0.174238,0.246208,0.301149,0.424684,0.312063,0.725833,0.157621,2.85929,0.294,,-0.632754,60.8648,-0.417803,100.088,-0.632754,1.11,-0.5792068466544151,9.342360854148865,2.72297,110.56999969482422,,,,,,,548.2,4.216923076,548.2,4.216923076,,,,,,,,,,,,,,,,,,,"Yainer Diaz","23003",673237
"Francisco Alvarez","NYM",111.226,429.888,383.383,85.2401,51.6077,14.5062,1.19072,17.9355,49.38,53.8392,37.4692,1.28927,116.567,5.70986,2.75354,0.572539,8.23207,0.933364,0.342638,0.222337,0.0871603,0.271156,0.321439,0.299125,0.406732,0.306687,0.705858,0.184396,2.87822,0.26747,,-0.570883,48.572,-2.2226,98.9768,-0.570883,6.69,-1.0922346711158752,13.182661056518555,2.70032,168.3800048828125,,,,,,,442.3,3.984684684,442.3,3.984684684,,,,,,,,,,,,,,,,,,,"Francisco Alvarez","26121",682626
"Trevor Story","BOS",135.779,574.534,521.435,130.266,81.4303,24.7572,2.75995,21.3187,74.1335,70.854,34.9895,1.4126,156.611,6.22925,4.0623,1.0391,6.97832,22.7844,4.73681,0.249823,0.0609007,0.272589,0.223416,0.302594,0.430542,0.315536,0.733136,0.180719,6.40315,0.313457,,1.81671,69.0429,1.15732,97.7087,1.81671,-0.03,0.2651708126068115,6.256065102294087,2.69039,109.04000091552734,,,,,,,646.7,4.755147058,646.7,4.755147058,,,,,,,,,,,,,,,,,,,"Trevor Story","12564",596115
"J.P. Crawford","SEA",143.9,598.397,517.243,125.235,89.404,23.8507,0.616142,11.364,65.0161,56.5421,66.3187,0.777814,115.827,5.25346,3.45029,3.3998,12.8916,4.24487,1.58497,0.24212,0.110827,0.193562,0.572569,0.332295,0.356524,0.307689,0.688819,0.114404,3.00143,0.289377,,-0.857674,68.0983,-2.60694,103.031,-0.857674,-2.64,1.2799448370933533,4.022036790847778,2.64967,747.3800048828125,,,,,,,576.7,4.004861111,576.7,4.004861111,,,,,,,,,,,,,,,,,,,"J.P. Crawford","15491",641487
"Jose Altuve","HOU",138.346,599.634,540.512,141.98,93.5341,26.0576,0.576799,21.8115,77.1121,72.4159,49.3839,1.86289,104.064,5.11764,3.61106,1.00925,12.0148,12.0858,3.50207,0.262677,0.0823568,0.173546,0.474552,0.328222,0.43408,0.330226,0.762302,0.171404,4.18254,0.287314,,0.0180098,79.211,8.35962,112.6,0.0180098,-2.92,8.922575641423464,-3.663641035556793,2.64962,115.26000213623047,,,,,,,715.7,5.186231884,715.7,5.186231884,,,,,,,,,,,,,,,,,,,"Jose Altuve","5417",514888
"Marcus Semien","NYM",137.14,579.676,516.131,124.824,79.3968,23.5206,2.54009,19.3661,68.7609,66.8794,49.1851,0.45937,97.5563,3.39488,5.3604,0.616926,8.44817,8.48289,2.23171,0.241845,0.0848494,0.168294,0.504172,0.309027,0.409824,0.312289,0.718851,0.167979,4.65826,0.260666,,-0.0855822,68.1327,-0.360537,102.814,-0.0855822,2.8,1.8478984981775284,4.7323267459869385,2.64643,260.3500061035156,,,,,,,614.9,4.488321167,614.9,4.488321167,,,,,,,,,,,,,,,,,,,"Marcus Semien","12533",543760
"Ryan Jeffers","MIN",126.635,502.968,441.647,106.613,68.7489,21.6498,0.818356,15.3957,57.7844,55.1908,46.0573,0.525622,106.278,9.03001,3.45261,2.69898,9.01363,2.5897,0.835643,0.241398,0.0915711,0.211301,0.433368,0.323279,0.398704,0.317093,0.721983,0.157306,3.16817,0.282033,,-0.638327,61.0784,1.64885,102.219,-0.638327,3.34,0.6772488355636597,7.834760904312134,2.64205,305.6300048828125,,,,,,,535.6,4.217322834,535.6,4.217322834,,,,,,,,,,,,,,,,,,,"Ryan Jeffers","24618",680777
"Matt Olson","ATL",153.677,665.028,574,140.9,81.8653,28.8727,0.827166,29.3352,84.8318,91.088,79.8249,3.82013,157.276,5.67937,4.90801,0.615955,11.5909,1.20592,0.415244,0.245471,0.120032,0.236495,0.507548,0.340759,0.451974,0.342301,0.792733,0.206503,2.21022,0.284389,,-1.00857,94.3694,15.7912,119.602,-1.00857,1,14.441373586654663,-10.857792854309082,2.63038,48.77000045776367,,,,,,,837.9,5.44090909,837.9,5.44090909,,,,,,,,,,,,,,,,,,,"Matt Olson","14344",621566
"Brandon Nimmo","TEX",143.016,616.096,542.781,136.771,87.3381,22.5369,5.41969,21.4766,80.6486,70.4306,59.257,0.853965,133.343,8.65319,4.25528,1.15,11.3752,7.55581,2.18197,0.251983,0.0961814,0.216432,0.444396,0.332845,0.432177,0.332622,0.765021,0.180194,5.30627,0.293957,,-0.401653,82.5843,9.78784,115.08,-0.401653,0.66,10.548843920230865,-6.843926250934601,2.5486,143.4600067138672,,,,,,,730.4,5.107692307,730.4,5.107692307,,,,,,,,,,,,,,,,,,,"Brandon Nimmo","12927",607043
"Cody Bellinger","NYY",138.577,594.432,534.716,136.106,84.9618,23.986,3.19034,23.9677,74.3234,73.0279,49.6331,2.63002,90.2437,3.24356,6.30993,0.528928,8.25834,11.4761,2.88501,0.254538,0.0834967,0.151815,0.54999,0.318204,0.445798,0.32765,0.764002,0.19126,4.8793,0.262732,,0.221153,77.2807,7.04402,111.378,0.221153,1.12,8.19276162981987,-3.7889074087142944,2.54382,79.9000015258789,,,,,,,710.4,5.110791366,710.4,5.110791366,,,,,,,,,,,,,,,,,,,"Cody Bellinger","15998",641355
"Brice Turang","MIL",148.719,633.146,565.784,142.396,101.087,24.6634,3.2912,13.354,76.4597,61.6282,56.8291,1.35328,133.89,2.43495,4.18331,3.91472,10.5085,30.1283,6.60003,0.251678,0.0897567,0.211468,0.424446,0.320486,0.377712,0.306777,0.698198,0.126033,5.99289,0.305263,,2.27318,71.5836,-3.22751,96.4916,2.27318,1.51,-0.359586238861084,3.953113555908203,2.52287,50.900001525878906,,,,,,,655.4,4.398657718,655.4,4.398657718,,,,,,,,,,,,,,,,,,,"Brice Turang","22186",668930
"CJ Abrams","WSN",140.507,613.68,557.937,139.887,89.7806,28.3246,3.27115,18.5106,77.3254,67.5639,37.2,1.39208,119.027,11.9795,4.26636,2.29667,8.73523,30.8869,7.918,0.250722,0.0606179,0.193956,0.312535,0.309244,0.412744,0.313108,0.721988,0.162023,6.36104,0.285816,,2.02665,72.5371,0.026124,100.094,2.02665,-3.48,2.094988338649273,2.0612568855285645,2.51418,64.80999755859375,,,,,,,686.4,4.868085106,686.4,4.868085106,,,,,,,,,,,,,,,,,,,"CJ Abrams","25768",682928
"Otto Lopez","MIA",135.659,562.86,515.734,137.914,99.5281,24.8025,2.58026,11.0028,64.5771,57.2793,36.6045,1.55965,87.0196,4.05342,4.59939,1.86826,12.284,17.1907,4.57877,0.267412,0.0650331,0.154603,0.420647,0.318314,0.389513,0.308422,0.707827,0.122101,5.38088,0.300515,,0.647892,64.389,-2.11727,95.5231,0.647892,1.85,-2.3386658430099487,8.13050901889801,2.50853,229.00999450683594,,,,,,,591.1,4.346323529,591.1,4.346323529,,,,,,,,,,,,,,,,,,,"Otto Lopez","19608",672640
"Kazuma Okamoto","TOR",125.884,522.293,459.713,108.51,60.6935,22.1196,0.523547,25.173,65.2071,73.7314,51.4736,2.40609,113.86,6.95107,3.55061,0.604716,9.40227,1.25364,0.458957,0.236038,0.0985531,0.218001,0.452076,0.319989,0.450706,0.331834,0.770695,0.214668,2.39806,0.257029,,-0.707718,69.6763,7.96334,113.736,-0.707718,0,7.747728526592255,-1.3598581552505493,2.49278,999,,,,,,,630.8,5.006349206,630.8,5.006349206,,,,,,,,,,,,,,,,,,,"Kazuma Okamoto","sa3063134",672960
"Bo Naylor","CLE",119.76,445.592,392.74,83.2738,48.7691,17.6423,1.58996,15.2724,49.3543,49.058,43.9217,1.03949,114.224,3.45897,3.4004,2.07124,5.44428,5.18906,1.54411,0.212033,0.0985692,0.256341,0.384523,0.294585,0.381712,0.295848,0.676296,0.169679,4.34888,0.255027,,-0.222414,46.4249,-6.2252,89.5269,-0.222414,5.41,-5.722709640860558,14.650740623474121,2.48257,646.75,,,,,,,421.3,3.510833333,421.3,3.510833333,,,,,,,,,,,,,,,,,,,"Bo Naylor","21865",666310
"Seiya Suzuki","CHC",137.133,591.138,518.291,130.1,78.6787,24.6713,2.85461,23.8957,78.469,76.6033,62.8454,1.75993,149.496,4.28718,4.97402,0.740461,8.38531,9.97845,2.9591,0.251018,0.106313,0.252896,0.420381,0.334068,0.447949,0.337827,0.782017,0.196931,4.98304,0.303552,,-0.167092,81.7368,11.8893,118.8,-0.167092,-0.11,13.004485443234444,-8.427354201674461,2.48051,98.55999755859375,,,,,,,736.8,5.378102189,736.8,5.378102189,,,,,,,,,,,,,,,,,,,"Seiya Suzuki","30116",673548
"Masyn Winn","STL",143.86,611.729,560.265,141.439,97.2365,28.5118,2.63473,13.0562,67.3984,60.8927,39.0607,0.249439,112.763,4.66451,4.64776,3.09071,10.1427,12.6581,3.45402,0.252451,0.063853,0.184334,0.346398,0.304228,0.382657,0.299937,0.686884,0.130206,5.0114,0.292382,,0.188195,65.7654,-6.51514,93.1999,0.188195,1.74,-4.742088496685028,8.400185346603394,2.45657,325.6000061035156,,,,,,,601.3,4.175694444,601.3,4.175694444,,,,,,,,,,,,,,,,,,,"Masyn Winn","27479",691026
"Josh Naylor","SEA",144.175,607.379,543.95,142.104,92.4902,25.8906,0.423053,23.2998,75.6606,79.6328,50.8668,5.28661,88.7213,5.96671,5.48314,0.654931,12.7457,15.0276,4.06247,0.261244,0.0837481,0.146072,0.573333,0.328135,0.4389,0.329455,0.767035,0.177656,4.05761,0.271606,,0.390981,79.854,8.08746,118.025,0.390981,0.91,13.294219493865967,-10.464605152606964,2.42835,64.94000244140625,,,,,,,731.1,5.077083333,731.1,5.077083333,,,,,,,,,,,,,,,,,,,"Josh Naylor","18839",647304
"Trent Grisham","NYY",125.168,521.646,442.175,97.2393,53.5532,16.9196,1.57322,25.1933,68.6522,64.4128,68.037,0.502037,129.303,5.85623,3.00045,2.57705,7.96295,5.67608,1.59714,0.219911,0.130427,0.247875,0.526182,0.329691,0.436219,0.333976,0.76591,0.216308,4.0381,0.247854,,-0.356884,70.497,8.86056,115.736,-0.356884,-5.61,9.317677974700928,-3.6783952713012695,2.41391,251.39999389648438,,,,,,,624.7,4.9976,624.7,4.9976,,,,,,,,,,,,,,,,,,,"Trent Grisham","18564",663757
"Ben Rice","NYY",131.637,541.321,475.98,115.879,65.3987,23.4324,2.06998,24.9776,71.0331,70.2037,53.1095,0.454163,112.286,7.82824,3.76591,0.550207,9.35679,5.27754,1.39973,0.243453,0.098111,0.207429,0.472986,0.327024,0.458809,0.339259,0.785833,0.215356,4.29409,0.265418,,-0.348742,75.4779,11.5167,119.375,-0.348742,0.7,12.012615948915482,-7.091453373432159,2.40972,53.650001525878906,,,,,,,676.4,5.124242424,676.4,5.124242424,,,,,,,,,,,,,,,,,,,"Ben Rice","29576",700250
"Isaac Paredes","HOU",117.155,495.073,425.963,103.406,62.8349,17.9539,0.477376,22.1402,63.1013,63.6103,55.5747,0.408257,82.0503,9.45815,3.61054,0.466571,8.05055,1.17844,0.368429,0.242759,0.112255,0.165734,0.677324,0.340552,0.44308,0.341495,0.783632,0.200321,2.39888,0.249755,,-0.756636,69.9282,11.4315,120.362,-0.756636,0.18,11.12475335597992,-4.691414177417755,2.40158,238.4499969482422,,,,,,,606.7,5.185470085,606.7,5.185470085,,,,,,,,,,,,,,,,,,,"Isaac Paredes","20036",670623
"Oneil Cruz","PIT",126.322,532.432,472.48,111.151,65.4172,21.7281,3.61949,20.3859,74.9346,61.4041,52.6299,2.7957,162.083,3.70571,3.16162,0.454635,6.84194,25.0714,5.96901,0.23525,0.098848,0.30442,0.32471,0.314837,0.425998,0.319988,0.740835,0.190749,6.80635,0.309595,,1.78454,65.9081,2.99717,102.904,1.78454,0.25,3.6170841455459595,1.9968769550323486,2.38676,94.55000305175781,,,,,,,625.9,4.967460317,625.9,4.967460317,,,,,,,,,,,,,,,,,,,"Oneil Cruz","21711",665833
"Luis Arraez","SFG",139.348,608.212,560.378,173.841,137.854,27.9594,2.82804,5.19957,70.8971,61.1259,33.6763,2.6425,23.3968,4.01404,5.18806,4.95523,14.8692,7.78081,3.33962,0.310221,0.0553694,0.0384681,1.43936,0.350649,0.398044,0.326465,0.748694,0.0878232,4.03427,0.314062,,-0.952913,78.4869,6.62196,111.618,-0.952913,-3.26,7.421680152416229,-4.347297191619873,2.38488,283.1600036621094,,,,,,,680.5,4.895683453,680.5,4.895683453,,,,,,,,,,,,,,,,,,,"Luis Arraez","18568",650333
"Ian Happ","CHC",144.413,625.234,539.044,128.326,78.4286,28.0265,1.40035,20.4709,78.044,72.9125,76.5292,1.54032,147.713,5.17427,3.70429,0.782726,10.6192,8.3686,2.46815,0.238063,0.122401,0.236252,0.518095,0.336343,0.409181,0.32719,0.745524,0.171118,3.94089,0.287949,,-0.384,81.0516,7.17541,111.513,-0.384,1.02,8.14765676856041,-5.760620594024658,2.3725,183.1300048828125,,,,,,,708.3,4.91875,708.3,4.91875,,,,,,,,,,,,,,,,,,,"Ian Happ","17919",664023
"Wilyer Abreu","BOS",124.855,504.291,447.639,109.047,61.4631,24.5731,1.0111,21.9998,62.4476,70.4301,48.9401,2.43414,125.034,3.17064,3.83075,0.710382,6.08002,8.45542,2.81008,0.243605,0.0970473,0.24794,0.391415,0.320024,0.450456,0.330985,0.77048,0.206851,4.07529,0.28593,,-0.1934,66.9269,7.34103,108.351,-0.1934,6.12,4.769960433244705,0.23552560806274414,2.28795,206.11000061035156,,,,,,,610.2,4.8816,610.2,4.8816,,,,,,,,,,,,,,,,,,,"Wilyer Abreu","23772",677800
"Iván Herrera","STL",128.779,543.301,477.681,127.931,87.4832,21.9811,0.861988,17.6049,68.7032,63.7988,52.1948,0.737031,109.239,9.28648,3.42817,0.699426,12.5417,7.89711,2.4107,0.267817,0.0960698,0.201066,0.477803,0.349089,0.428007,0.340015,0.777097,0.16019,3.99824,0.311423,,-0.386351,76.0875,11.8923,120.654,-0.386351,1.26,12.913498759269714,-8.676652193069458,2.28286,171.13999938964844,,,,,,,670.1,5.194573643,670.1,5.194573643,,,,,,,,,,,,,,,,,,,"Ivan Herrera","20599",671056
"Daulton Varsho","TOR",132.848,544.506,491.857,108.431,58.3992,21.1825,2.40183,26.4479,69.3308,72.17,43.2439,1.08073,141.481,4.54736,3.63908,1.21862,6.30922,9.6223,2.36363,0.220453,0.0794186,0.259834,0.305651,0.287551,0.434601,0.310179,0.722152,0.214147,5.10749,0.25028,,0.262613,63.066,-1.27158,98.818,0.262613,2,-0.4959318935871124,4.050123453140259,2.28108,199.39999389648438,,,,,,,586.9,4.412781954,586.9,4.412781954,,,,,,,,,,,,,,,,,,,"Daulton Varsho","19918",662139
"Drake Baldwin","ATL",133.24,535.073,481.406,122.138,82.6383,22.0947,0.668363,16.7369,60.678,64.7268,44.4597,0.844666,97.2183,4.37168,4.25728,0.578781,12.6987,0.51156,0.179204,0.253712,0.0830908,0.181692,0.457318,0.319872,0.406685,0.316794,0.726557,0.152973,2.01915,0.28356,,-0.833418,64.8473,1.62429,102.128,-0.833418,3.72,0.5162944793701172,3.95908984541893,2.27926,80.5,,,,,,,577.4,4.341353383,577.4,4.341353383,,,,,,,,,,,,,,,,,,,"Drake Baldwin","31539",686948
"Max Muncy","LAD",108.651,442.737,370.966,81.2221,42.5762,15.7103,1.25365,21.6819,60.6873,61.6813,62.3628,2.21673,107.792,5.32306,3.63019,0.454816,5.77396,2.33194,0.737208,0.218947,0.140857,0.243468,0.578546,0.336681,0.443397,0.338209,0.780078,0.22445,3.49573,0.2429,,-0.548791,61.3544,9.04166,117.778,-0.548791,-2.7,8.779959917068481,-1.3328341245651245,2.26899,241.02999877929688,,,,,,,543.5,4.986238532,543.5,4.986238532,,,,,,,,,,,,,,,,,,,"Max Muncy","13301",571970
"Colson Montgomery","CHW",130.284,550.894,492.36,106.467,62.1594,20.0255,1.67423,22.6079,61.9034,66.211,45.4207,1.81603,167.547,8.75633,3.83391,0.522581,7.90312,3.55665,1.13084,0.216238,0.0824491,0.304136,0.271093,0.291883,0.401463,0.300992,0.693346,0.185226,3.60934,0.274014,,-0.507793,59.697,-5.39536,91.629,-0.507793,2.66,-5.943057119846344,8.6916663646698,2.22115,244.66000366210938,,,,,,,554,4.261538461,554,4.261538461,,,,,,,,,,,,,,,,,,,"Colson Montgomery","29712",695657
"Agustín Ramírez","MIA",124.311,519.517,473.755,117.005,72.2657,25.9977,1.03762,17.7042,60.0516,64.7876,36.4441,1.85796,104.659,5.11071,3.65113,0.555624,10.5895,10.1189,2.40874,0.246974,0.0701499,0.201455,0.348217,0.305534,0.41834,0.312581,0.723874,0.171366,4.45765,0.279687,,0.298225,61.1849,-0.20002,98.3721,0.298225,5.61,-0.7041456401348114,5.0728538036346436,2.21539,83.9800033569336,,,,,,,567.9,4.579838709,567.9,4.579838709,,,,,,,,,,,,,,,,,,,"Agustin Ramirez","26546",682663
"Dillon Dingler","DET",109.491,416.435,382.494,91.3782,58.7956,19.4741,1.02639,12.082,43.7865,47.5544,24.0546,0.764924,106.811,6.50154,2.86599,0.518577,6.39294,1.64258,0.544347,0.238901,0.0577632,0.256489,0.225207,0.29317,0.389943,0.29701,0.683114,0.151043,3.01596,0.297583,,-0.479225,43.7801,-5.42487,88.8923,-0.479225,4.63,-5.931098759174347,13.07837963104248,2.1977,267.1700134277344,,,,,,,395.2,3.625688073,395.2,3.625688073,,,,,,,,,,,,,,,,,,,"Dillon Dingler","27464",693307
"Brandon Lowe","PIT",123.739,527.334,472.985,115.44,67.6371,22.2742,1.46358,24.0654,65.0668,74.7656,44.8547,1.1042,135.672,5.12871,3.88966,0.47563,7.91152,4.19282,1.24981,0.244067,0.0850595,0.257279,0.330611,0.313981,0.449989,0.328815,0.76397,0.205921,3.7367,0.288124,,-0.442459,69.0563,6.74773,108.951,-0.442459,-2.91,5.151800215244293,-1.3921507596969604,2.17968,182.9600067138672,,,,,,,620.9,5.007258064,620.9,5.007258064,,,,,,,,,,,,,,,,,,,"Brandon Lowe","18882",664040
"Kevin McGonigle","DET",100.226,413.242,371.014,94.3253,60.1575,19.0756,3.14258,11.9496,51.0637,45.9021,35.3798,1.04225,60.4366,2.33014,3.22281,1.29493,6.74446,8.18961,2.36722,0.254236,0.0856152,0.14625,0.585403,0.320515,0.419215,0.320553,0.73973,0.164979,5.4728,0.272902,,0.0292976,51.3435,2.51573,105.11,0.0292976,0,2.5182273983955383,4.4772820472717285,2.17093,999,,,,,,,461,4.61,461,4.61,,,,,,,,,,,,,,,,,,,"Kevin McGonigle","sa3022895",805808
"Jordan Westburg","BAL",93.573,397.57,363.834,93.8612,56.3416,18.3783,2.49645,16.6448,52.1079,51.1473,25.6168,0.190977,91.7077,5.04326,2.40545,0.670701,6.62282,4.86403,1.57591,0.257978,0.0644333,0.230671,0.279331,0.313735,0.45946,0.332275,0.773195,0.201481,4.87399,0.29942,,-0.245653,53.18,6.204,114.88,-0.245653,0.37,6.726880177855492,0.6777435541152954,2.1576,549.1699829101562,,,,,,,482.7,5.135106382,482.7,5.135106382,,,,,,,,,,,,,,,,,,,"Jordan Westburg","27815",676059
"Tyler Soderstrom","ATH",139.946,584.579,524.017,132.875,78.4677,27.9543,1.74036,24.7131,75.3892,75.8727,50.048,2.41062,140.783,5.46841,4.5278,0.517379,11.3092,5.73395,1.77186,0.253571,0.0856137,0.240828,0.355498,0.322555,0.455041,0.333938,0.777596,0.201471,4.01143,0.297927,,-0.447423,78.9839,9.91137,111.762,-0.447423,-0.02,7.656240403652191,-6.858924884349108,2.14013,83.30999755859375,,,,,,,719.2,5.137142857,719.2,5.137142857,,,,,,,,,,,,,,,,,,,"Tyler Soderstrom","27467",691016
"Jackson Holliday","BAL",115.093,492.244,437.552,109.946,73.3979,21.8151,1.77321,12.9598,62.1521,50.297,47.1483,1.25508,109.559,3.79701,3.16471,0.582279,9.57714,12.7967,4.46227,0.251276,0.0957825,0.222571,0.430345,0.32724,0.398095,0.317632,0.725335,0.146819,4.92613,0.304799,,-0.080633,59.9915,1.82903,104.793,-0.080633,-0.64,2.699940375983715,1.237619400024414,2.13626,198.77999877929688,,,,,,,541.9,4.712173913,541.9,4.712173913,,,,,,,,,,,,,,,,,,,"Jackson Holliday","31781",702616
"Bryson Stott","PHI",137.126,558.378,503.169,127.13,89.638,23.4103,1.9791,12.103,67.0883,54.9497,46.7985,1.10808,94.8145,2.85372,4.17971,1.37743,8.86382,22.0096,5.71925,0.252659,0.0838114,0.169803,0.493579,0.317383,0.379212,0.305553,0.696595,0.126553,5.48006,0.287259,,1.14755,62.5758,-3.40089,93.2886,1.14755,3.26,-3.2940354347229004,5.471249580383301,2.12345,186.3300018310547,,,,,,,574.1,4.190510948,574.1,4.190510948,,,,,,,,,,,,,,,,,,,"Bryson Stott","26294",681082
"Colton Cowser","BAL",127.64,512.307,454.484,103.004,60.5462,21.4445,0.83118,20.1819,64.3241,60.4618,46.6453,1.62952,161.779,7.09636,3.22436,0.857296,7.64673,11.0467,3.22562,0.226639,0.0910495,0.315786,0.288326,0.306473,0.4107,0.311801,0.717173,0.184061,4.66934,0.300355,,0.144667,60.0112,-0.521792,100.776,0.144667,0.39,0.6132030189037323,2.3597530126571655,2.10822,253.5399932861328,,,,,,,551.9,4.31171875,551.9,4.31171875,,,,,,,,,,,,,,,,,,,"Colton Cowser","29591",681297
"Michael Harris II","ATL",138.507,572.071,534.44,140.149,91.9375,27.5181,2.08087,18.613,73.4162,67.4492,27.2141,2.01542,113.603,4.76715,3.74947,1.90069,10.3365,18.8774,5.15075,0.262236,0.0475712,0.198583,0.239554,0.301893,0.425994,0.312702,0.727888,0.163758,5.57154,0.299371,,0.861394,67.4308,-0.163841,99.3254,0.861394,-1.05,0.40398943424224854,1.0874536037445068,2.0999,99.83000183105469,,,,,,,639.3,4.599280575,639.3,4.599280575,,,,,,,,,,,,,,,,,,,"Michael Harris II","25931",671739
"Ezequiel Tovar","COL",147.091,625.61,581.201,152.483,96.8654,33.5761,2.5248,19.517,73.0058,76.9873,30.3738,0.249443,157.784,3.9009,5.22598,4.9086,8.76585,10.1059,2.78823,0.262359,0.0485507,0.252208,0.192503,0.300882,0.429559,0.314161,0.730442,0.1672,4.83548,0.325001,,0.0152589,74.4822,0.561589,87.1424,0.0152589,2.16,-9.518338043242693,8.969768762588501,2.07343,208.11000061035156,,,,,,,686.5,4.670068027,686.5,4.670068027,,,,,,,,,,,,,,,,,,,"Ezequiel Tovar","24064",678662
"Vinnie Pasquantino","KCR",146.37,628.353,563.58,148.497,88.8857,30.8791,1.83359,26.8985,76.1043,92.729,51.0359,3.41935,91.2567,6.04575,6.66462,1.02662,11.6028,1.02397,0.275968,0.263488,0.0812216,0.145232,0.559256,0.327706,0.46797,0.339943,0.795676,0.204482,2.66399,0.26897,,-0.849275,87.9617,13.717,115.701,-0.849275,-0.22,10.778513789176941,-12.159351080656052,2.07142,76.6500015258789,,,,,,,792.8,5.430136986,792.8,5.430136986,,,,,,,,,,,,,,,,,,,"Vinnie Pasquantino","27676",686469
"Andrés Giménez","TOR",138.072,558.356,507.07,124.423,90.6779,21.9407,1.59743,10.2072,64.9163,49.0991,30.2577,1.5448,99.2811,13.7121,4.10557,3.2108,10.5882,22.7042,5.00265,0.245377,0.0541908,0.17781,0.304768,0.303332,0.355337,0.290044,0.658669,0.10996,5.92639,0.284341,,1.61346,55.5426,-10.4315,84.9482,1.61346,2.71,-8.291921734809875,9.102222442626953,2.04912,373.4100036621094,,,,,,,518.3,3.755797101,518.3,3.755797101,,,,,,,,,,,,,,,,,,,"Andres Gimenez","19950",665926
"Luis Robert Jr.","NYM",127.357,521.495,472.979,112.042,70.2735,20.3849,1.4333,19.9503,71.4745,57.2144,37.5065,2.19266,147.35,5.99414,3.4893,0.725091,5.10351,30.8654,6.77405,0.236886,0.0719212,0.282552,0.254541,0.299138,0.412586,0.307461,0.711724,0.1757,6.54813,0.297869,,2.66237,59.2503,-2.36836,99.5072,2.66237,-1.75,2.357776790857315,0.02127361297607422,2.01856,105.75,,,,,,,577.2,4.544881889,577.2,4.544881889,,,,,,,,,,,,,,,,,,,"Luis Robert Jr.","20043",673357
"Munetaka Murakami","CHW",132.564,546.565,457.027,94.2284,46.7373,15.7748,0.754177,30.9621,77.5384,77.3596,80.5879,2.47359,206.045,5.94511,2.43202,0.57307,6.8215,10.38,3.41025,0.206177,0.147444,0.376982,0.391117,0.33107,0.447234,0.337756,0.778303,0.241057,4.32503,0.284405,,-0.184032,75.5422,10.9614,116.954,-0.184032,0,10.737738341093063,-9.936454772949219,2.00667,999,,,,,,,684.5,5.146616541,684.5,5.146616541,,,,,,,,,,,,,,,,,,,"Munetaka Murakami","sa3063258",808959
"Teoscar Hernández","LAD",132.411,553.842,508.852,134.045,81.3393,25.9415,0.922303,25.842,76.1735,79.8536,35.0063,0.8656,141.476,5.40157,4.02358,0.558673,10.4567,6.34989,1.80109,0.263426,0.0632064,0.255446,0.247436,0.315305,0.470386,0.33647,0.785691,0.20696,4.13721,0.313127,,-0.265618,75.9695,10.5288,116.587,-0.265618,-3.34,10.622361272573471,-9.470138311386108,2.00314,128.9600067138672,,,,,,,692.7,5.247727272,692.7,5.247727272,,,,,,,,,,,,,,,,,,,"Teoscar Hernandez","13066",606192
"Miguel Vargas","CHW",137.569,579.946,512.563,121.89,74.3774,28.6462,1.48378,17.3827,65.7039,62.9681,55.5151,0.565465,108.736,6.00311,4.93541,0.929648,7.53232,7.9097,2.04208,0.237805,0.0957247,0.187494,0.510549,0.316758,0.401223,0.31393,0.717982,0.163418,3.98374,0.267023,,-0.147732,68.9373,0.412189,100.542,-0.147732,-2.18,0.22244811058044434,-0.7482240200042725,1.98845,298.67999267578125,,,,,,,615.4,4.459420289,615.4,4.459420289,,,,,,,,,,,,,,,,,,,"Miguel Vargas","20178",678246
"J.T. Realmuto","PHI",120.826,473.693,425.127,107.122,71.5994,19.5322,2.9172,13.0728,56.5643,53.6537,30.7198,0.830299,113.875,6.97743,3.55713,0.495976,8.4136,8.57564,2.44688,0.251976,0.0648517,0.240399,0.269767,0.310516,0.403895,0.310593,0.714411,0.151919,5.2824,0.311692,,-0.00297029,55.0237,-0.946742,96.7411,-0.00297029,-3.54,-1.8325739610008895,5.496131896972656,1.98726,214.4499969482422,,,,,,,497,4.107438016,497,4.107438016,,,,,,,,,,,,,,,,,,,"J.T. Realmuto","11739",592663
"Jeff McNeil","ATH",131.422,535.579,477.635,124.153,82.9567,26.1319,2.36487,12.6992,62.1563,56.3536,42.5196,2.04987,69.7889,8.31549,4.48293,2.62627,10.4714,2.88008,0.876032,0.259932,0.07939,0.130306,0.60926,0.328337,0.404309,0.319319,0.732646,0.144377,3.77818,0.278892,,-0.652453,66.0067,2.7239,101.691,-0.652453,-0.83,0.4152669310569763,0.513933002948761,1.98107,484.7200012207031,,,,,,,581.3,4.43740458,581.3,4.43740458,,,,,,,,,,,,,,,,,,,"Jeff McNeil","15362",643446
"Danny Jansen","TEX",89.977,333.361,289.28,59.4263,34.3563,11.9161,0.256584,12.8973,36.1828,39.4889,35.7063,0.213804,80.624,4.99379,2.1234,0.551328,4.3995,0.388379,0.12154,0.205428,0.10711,0.241852,0.442874,0.301492,0.382147,0.301508,0.683639,0.176719,2.03531,0.235135,,-0.466183,36.2639,-3.12525,93.6469,-0.466183,3.89,-2.962332606315613,10.832669496536255,1.97914,999,,,,,,,321.4,3.571111111,321.4,3.571111111,,,,,,,,,,,,,,,,,,,"Danny Jansen","16535",643376
"Salvador Perez","KCR",141.101,576.48,525.836,132.749,80.7021,24.8952,0.281596,26.8703,63.7525,90.499,28.9613,4.02991,118.606,9.29417,5.2665,0.500357,9.53522,0.553652,0.160323,0.252454,0.0502383,0.205742,0.244181,0.300347,0.454169,0.321093,0.754516,0.201715,1.68202,0.274564,,-0.71364,71.8779,3.76232,102.716,-0.71364,-2.74,1.1319732069969177,-1.7800337076187134,1.96373,91.5199966430664,,,,,,,661,4.687943262,661,4.687943262,,,,,,,,,,,,,,,,,,,"Salvador Perez","7304",521692
"Willson Contreras","BOS",133.495,562.667,486.258,122.678,75.8949,23.2344,0.943788,22.6045,71.4411,74.7969,51.5102,0.875482,142.561,16.3725,3.91985,1.23364,12.0596,5.23468,1.58201,0.252289,0.0915466,0.253367,0.361321,0.341469,0.443412,0.341801,0.784881,0.191123,3.72193,0.307905,,-0.544319,79.6154,13.132,115.802,-0.544319,0.38,9.934763252735138,-10.488844990730286,1.9247,168.3699951171875,,,,,,,699.3,5.257894736,699.3,5.257894736,,,,,,,,,,,,,,,,,,,"Willson Contreras","11609",575929
"Eugenio Suárez","CIN",142.37,598.277,532.539,125.81,65.225,22.5899,0.583786,37.4113,76.5051,98.3187,49.407,0.563535,175.542,9.76619,5.23136,0.549408,7.65483,2.5419,0.719722,0.236246,0.0825821,0.293412,0.281454,0.309884,0.49161,0.341747,0.801494,0.255364,2.70188,0.27215,,-0.603874,84.6281,13.9371,114.813,-0.603874,0,9.899698376655579,-11.035272598266602,1.92033,100.44999694824219,,,,,,,772.7,5.441549295,772.7,5.441549295,,,,,,,,,,,,,,,,,,,"Eugenio Suarez","12552",553993
"Yandy Díaz","TBR",141.984,615.881,550.087,154.883,110.234,26.7171,0.873315,17.0586,72.855,75.9521,55.9805,1.45191,91.0346,5.40459,3.62608,0.783097,18.1382,2.24824,0.874449,0.28156,0.090895,0.147812,0.614936,0.351599,0.426336,0.339718,0.777935,0.144776,2.49814,0.309286,,-1.03184,86.1037,13.3327,117.681,-1.03184,-0.08,11.802513360977173,-14.334001615643501,1.90978,137.4499969482422,,,,,,,745.8,5.252112676,745.8,5.252112676,,,,,,,,,,,,,,,,,,,"Yandy Diaz","16578",650490
"Matt McLain","CIN",130.75,544.787,484.151,112.729,71.2147,21.3933,3.24229,16.8784,66.7989,56.2224,49.3565,0.596574,154.254,6.49079,3.31356,1.4752,6.79505,16.1781,4.38998,0.232838,0.0905978,0.283145,0.319969,0.310275,0.395005,0.308732,0.70528,0.162167,5.75903,0.303005,,0.602969,62.4586,-1.91217,92.1964,0.602969,2.74,-4.435701668262482,4.939117431640625,1.90594,163.60000610351562,,,,,,,570.8,4.357251908,570.8,4.357251908,,,,,,,,,,,,,,,,,,,"Matt McLain","29695",680574
"Xavier Edwards","MIA",134.968,579.177,521.195,145.138,115.193,23.2207,3.41503,3.30906,67.2068,43.6864,45.9142,1.51874,81.2633,2.71752,4.09922,5.25092,11.5579,27.5548,6.78032,0.278472,0.0792748,0.140308,0.565005,0.337621,0.355176,0.306656,0.692797,0.0767043,5.85608,0.32181,,1.66282,65.4253,-3.00897,94.3135,1.66282,-0.58,-2.2406420707702637,1.5028395056724548,1.89601,185.50999450683594,,,,,,,583.6,4.322962962,583.6,4.322962962,,,,,,,,,,,,,,,,,,,"Xavier Edwards","22266",669364
"George Springer","TOR",131.251,568.33,499.021,126.007,80.2565,20.7769,2.43177,22.5421,76.9394,69.5071,56.0272,0.964229,108.525,6.07124,3.84113,0.713839,10.619,12.767,2.85615,0.252509,0.0985822,0.190955,0.516259,0.332954,0.439408,0.335234,0.772362,0.186899,5.22286,0.278286,,0.450333,77.3866,10.234,116.078,0.450333,-0.16,11.219861149787903,-12.336700588464737,1.88707,92.55999755859375,,,,,,,697.4,5.323664122,697.4,5.323664122,,,,,,,,,,,,,,,,,,,"George Springer","12856",543807
"Michael Busch","CHC",141.285,590.432,520.389,126.037,73.5208,25.4593,2.02398,25.0326,73.7311,80.8996,57.0438,1.26565,150.152,8.05558,4.16213,0.781864,9.65301,3.1322,1.08445,0.242197,0.0966136,0.254309,0.379906,0.324152,0.443211,0.332002,0.767363,0.201014,3.68206,0.289107,,-0.72443,78.8469,9.08285,114.81,-0.72443,0.1,9.639175176620483,-10.852325819432735,1.88569,105.94999694824219,,,,,,,702.4,4.981560283,702.4,4.981560283,,,,,,,,,,,,,,,,,,,"Michael Busch","26319",683737
"Jake Cronenworth","SDP",140.488,575.794,497.755,114.316,74.4762,25.1785,1.64269,13.0186,63.591,56.2187,60.4801,1.38258,116.107,9.85795,4.09816,2.4123,10.6048,4.31916,1.56651,0.229663,0.105038,0.201647,0.520898,0.322714,0.365312,0.305448,0.688026,0.135649,3.68027,0.271774,,-0.724572,64.4782,-3.55628,98.5654,-0.724572,-0.56,-1.703567922115326,0.8371714949607849,1.87134,743.6900024414062,,,,,,,558.5,3.989285714,558.5,3.989285714,,,,,,,,,,,,,,,,,,,"Jake Cronenworth","18036",630105
"Sean Murphy","ATL",90.141,350.385,305.446,68.2884,40.1571,12.4365,0.701193,14.9936,42.2404,45.7469,33.6753,0.584673,96.9592,7.61299,2.21006,0.394495,6.69562,0.210139,0.0761037,0.223569,0.0961094,0.276722,0.347314,0.314023,0.416139,0.318762,0.730162,0.192569,2.29827,0.272324,,-0.522954,43.0242,1.62348,103.476,-0.522954,4.54,0.9207224249839783,5.553826808929443,1.85512,743.7999877929688,,,,,,,383.3,4.258888888,383.3,4.258888888,,,,,,,,,,,,,,,,,,,"Sean Murphy","19352",669221
"Evan Carter","TEX",109.101,433.401,383.994,91.1739,58.5051,17.9193,3.48182,11.2677,55.352,41.5603,40.1459,1.59282,97.9066,5.59419,3.12853,0.538729,5.38798,15.6946,4.1925,0.237436,0.09263,0.225903,0.410043,0.316299,0.390267,0.30893,0.706566,0.152831,6.35401,0.287486,,0.744341,49.7581,-1.45159,98.7594,0.744341,3.12,0.1106417179107666,3.020961172878742,1.84659,279.44000244140625,,,,,,,455.5,4.178899082,455.5,4.178899082,,,,,,,,,,,,,,,,,,,"Evan Carter","27790",694497
"Jakob Marsee","MIA",132.316,570.526,496.833,111.89,73.0079,23.6795,2.9251,12.278,68.3331,49.0578,58.2194,0.610731,125.901,7.57004,3.7009,4.20297,8.61296,25.9651,6.02585,0.225208,0.102045,0.220675,0.462422,0.313743,0.358781,0.298775,0.672524,0.133574,6.33642,0.274903,,1.81307,60.7975,-6.6145,88.9149,1.81307,2.82,-5.682561278343201,4.563096761703491,1.82751,137.6999969482422,,,,,,,560.3,4.244696969,560.3,4.244696969,,,,,,,,,,,,,,,,,,,"Jakob Marsee","31370",805300
"Jonathan Aranda","TBR",136.515,568.157,501.009,130.228,83.2747,25.1336,1.09219,20.7271,66.9329,75.8662,53.1004,2.4838,139.877,9.10148,4.44958,0.496597,10.9591,1.03415,0.327826,0.259931,0.0934608,0.246193,0.379623,0.338987,0.438569,0.337031,0.777556,0.178638,2.43267,0.317526,,-0.871413,78.1919,11.0597,115.829,-0.871413,-0.03,9.728634893894196,-11.435307769104838,1.82611,195.9499969482422,,,,,,,690.5,5.040145985,690.5,5.040145985,,,,,,,,,,,,,,,,,,,"Jonathan Aranda","21837",666018
"Alec Bohm","PHI",132.709,561.476,515.499,138.219,98.5258,24.5996,1.66912,13.4241,61.6065,64.9238,35.2674,0.840137,89.5649,4.43045,5.69593,0.58357,13.1121,2.71526,0.940479,0.268126,0.062812,0.159517,0.393764,0.317203,0.400445,0.312002,0.717647,0.132319,3.30226,0.298405,,-0.749051,65.8627,-0.480062,97.7061,-0.749051,-0.13,-2.2755839228630066,1.3530187606811523,1.81685,245,,,,,,,583.8,4.389473684,583.8,4.389473684,,,,,,,,,,,,,,,,,,,"Alec Bohm","21618",664761
"Chase Meidroth","CHW",125.724,536.186,473.505,120.904,92.7335,20.1253,0.993938,7.05175,59.2393,43.7121,50.6131,0.02556,80.2522,7.36266,2.99184,1.71323,13.6463,10.972,3.49731,0.255339,0.0943947,0.149672,0.630676,0.334685,0.346718,0.305483,0.681403,0.0913789,4.28675,0.292535,,-0.232584,60.0582,-3.29627,94.7226,-0.232584,0.38,-3.567690074443817,2.756726622581482,1.80517,632.969970703125,,,,,,,519.6,4.123809523,519.6,4.123809523,,,,,,,,,,,,,,,,,,,"Chase Meidroth","31580",805367
"Kyle Teel","CHW",99.757,400.464,351.498,85.9883,58.3947,15.9527,1.1107,10.5302,46.0358,39.9988,41.2191,0.335445,103.588,3.96837,2.95641,0.821865,7.02105,4.67077,1.33567,0.244634,0.102928,0.258671,0.397913,0.328233,0.386212,0.315172,0.714445,0.141578,4.02843,0.313969,,-0.294427,48.0062,0.688322,101.397,-0.294427,0,0.3648875951766968,3.2381742000579834,1.77884,230.25,,,,,,,427.8,4.278,427.8,4.278,,,,,,,,,,,,,,,,,,,"Kyle Teel","33549",691019
"Jarren Duran","BOS",139.895,607.055,546.121,141.096,87.5375,32.7193,5.81924,15.02,80.379,63.7693,49.4371,0.838325,140.91,7.00042,3.33211,1.16479,8.70557,24.5161,5.28238,0.258361,0.0814376,0.232121,0.350841,0.326022,0.422093,0.325078,0.748115,0.163733,6.8534,0.320378,,1.79505,77.6542,5.92596,104.282,1.79505,0.69,4.858819842338562,-8.3973508477211,1.77567,66.6500015258789,,,,,,,716,5.114285714,716,5.114285714,,,,,,,,,,,,,,,,,,,"Jarren Duran","24617",680776
"Joey Bart","PIT",81.932,307.891,272.162,63.9566,45.2115,10.659,0.618733,7.46733,32.9222,31.4614,27.9953,0.0132824,86.0196,5.5473,1.79865,0.381528,6.64581,0.893057,0.301205,0.234995,0.0909261,0.279383,0.325453,0.317068,0.361017,0.301765,0.678085,0.126022,2.75537,0.313006,,-0.464559,33.5573,-2.82238,90.4201,-0.464559,4.73,-3.960406541824341,11.051913261413574,1.7736,999,,,,,,,293.7,3.581707317,293.7,3.581707317,,,,,,,,,,,,,,,,,,,"Joey Bart","21524",663698
"Nolan Arenado","ARI",133.923,558.957,512.415,131.289,89.1018,25.6151,0.995315,15.5764,59.7345,70.0486,36.3967,2.48198,75.893,4.00652,5.44513,0.693973,10.1808,2.83902,0.879637,0.256216,0.0651155,0.135776,0.47958,0.307547,0.401283,0.306505,0.70883,0.145068,3.05511,0.271376,,-0.630988,63.0726,-2.9725,94.5668,-0.630988,0.69,-4.23038250207901,2.5666703581809998,1.73245,675.1900024414062,,,,,,,576,4.298507462,576,4.298507462,,,,,,,,,,,,,,,,,,,"Nolan Arenado","9777",571448
"Heliot Ramos","SFG",144.191,607.587,548.532,139.014,90.1783,25.1768,1.8,21.8591,75.595,73.2694,45.6428,1.29601,148.679,8.4017,4.07983,0.930505,11.8618,6.42991,2.34711,0.253429,0.0751215,0.244704,0.306989,0.318234,0.425441,0.322477,0.743675,0.172012,4.07965,0.30663,,-0.618754,76.4388,4.64771,108.885,-0.618754,-1.93,5.7797852754592896,-9.290176510810852,1.70905,218.39999389648438,,,,,,,687.9,4.777083333,687.9,4.777083333,,,,,,,,,,,,,,,,,,,"Heliot Ramos","22515",671218
"Sal Frelick","MIL",130.998,546.656,491.401,128.513,95.4941,21.8158,3.47482,7.72869,62.0131,50.7491,43.2505,0.736411,74.9051,5.41094,3.36161,2.27328,11.0961,16.5963,4.15661,0.261525,0.0791182,0.137024,0.577403,0.326034,0.367246,0.306133,0.69328,0.105721,5.6369,0.293075,,0.670255,61.5194,-3.0722,96.0508,0.670255,5.53,-1.8884437084197998,0.35144758224487305,1.70354,217.1199951171875,,,,,,,552.6,4.21832061,552.6,4.21832061,,,,,,,,,,,,,,,,,,,"Sal Frelick","29622",686217
"Lawrence Butler","ATH",135.295,560.359,504.835,120.888,73.1762,25.0688,1.96619,20.6773,73.5751,63.8969,49.1026,0.700914,151.186,1.75833,3.57818,1.08527,8.59805,16.6521,3.9146,0.239462,0.0876271,0.269802,0.324782,0.307094,0.419784,0.314977,0.726878,0.180323,5.64263,0.297761,,0.913102,67.0853,0.874524,98.7004,0.913102,0.73,0.05481398105621338,-3.018132209777832,1.67008,158.0500030517578,,,,,,,628,4.651851851,628,4.651851851,,,,,,,,,,,,,,,,,,,"Lawrence Butler","22542",671732
"Nolan Schanuel","LAA",141.038,598.594,514.812,136.027,98.8184,22.6159,1.69445,12.8979,69.4747,57.4894,66.6859,2.94247,81.7326,9.26735,4.7319,3.09629,14.4388,6.22202,2.14872,0.264226,0.111404,0.136541,0.815904,0.355971,0.3899,0.329499,0.745871,0.125674,3.79186,0.289774,,-0.769892,78.72,7.99154,110.345,-0.769892,-0.02,6.528544545173645,-10.902560729533434,1.66039,581.97998046875,,,,,,,680.7,4.827659574,680.7,4.827659574,,,,,,,,,,,,,,,,,,,"Nolan Schanuel","33189",694384
"Konnor Griffin","PIT",97.524,406.7,372.363,95.4936,66.806,16.6981,1.14505,10.8444,49.6513,42.6471,23.8813,1.29257,104.839,7.02181,2.15666,1.27716,6.74644,14.9162,3.93946,0.256453,0.0587198,0.25778,0.22779,0.311765,0.394816,0.307958,0.706581,0.138363,5.57926,0.327038,,0.733458,46.3715,-1.68323,94.6624,0.733458,0,-1.8393783569335938,4.514999866485596,1.65814,999,,,,,,,428.7,4.374489795,428.7,4.374489795,,,,,,,,,,,,,,,,,,,"Konnor Griffin","sa3065496",804606
"Josh Smith","TEX",123.765,507.057,443.536,106.756,73.6833,21.0807,1.97626,10.016,57.8361,46.4759,46.7594,0.998558,95.7997,10.3371,3.47565,2.94868,9.47264,9.19487,2.88685,0.240693,0.0922173,0.188933,0.488096,0.325035,0.36488,0.30621,0.689915,0.124186,4.84775,0.283533,,-0.200014,57.0948,-2.81794,96.8859,-0.200014,-0.86,-2.0610642433166504,0.678573727607727,1.64412,480.70001220703125,,,,,,,501.2,4.041935483,501.2,4.041935483,,,,,,,,,,,,,,,,,,,"Josh Smith","26396",669701
"Tyler Stephenson","CIN",108.301,424.774,376.158,88.6603,57.4061,15.7918,0.799564,14.6629,47.1639,50.4297,40.0724,0.812159,121.119,4.94173,2.83657,0.49107,8.06204,0.983399,0.383351,0.2357,0.0943382,0.285138,0.330851,0.315264,0.398875,0.312583,0.714138,0.163175,2.53599,0.304251,,-0.631092,50.0275,-0.162843,94.8344,-0.631092,0.86,-3.2316893935203552,5.147278189659119,1.6419,281.25,,,,,,,452.4,4.188888888,452.4,4.188888888,,,,,,,,,,,,,,,,,,,"Tyler Stephenson","17988",663886
"Ozzie Albies","ATL",139.732,587.579,533.974,131.847,85.7613,26.8132,2.52328,16.7492,67.5079,66.6494,42.1941,1.36094,87.6244,4.80726,6.03076,0.57299,8.64526,9.59315,2.74221,0.246916,0.0718101,0.149128,0.481533,0.304679,0.400683,0.305774,0.705362,0.153766,4.76571,0.264209,,-0.0718242,65.9533,-3.47369,94.579,-0.0718242,-1.82,-3.8470308110117912,0.3363577127456665,1.64091,153.0800018310547,,,,,,,612,4.371428571,612,4.371428571,,,,,,,,,,,,,,,,,,,"Ozzie Albies","16556",645277
"Colt Keith","DET",121.17,488.535,438.608,113.274,74.3663,20.7775,3.86364,14.2669,59.211,55.3494,43.0625,1.53229,102.895,2.95283,3.44614,0.465686,8.13295,3.64479,1.20216,0.258259,0.0881461,0.21062,0.418507,0.326367,0.420831,0.324071,0.747197,0.162572,4.46379,0.30474,,-0.54795,62.0936,4.36939,107.533,-0.54795,0.13,3.7897505164146423,-4.584273457527161,1.63905,453.45001220703125,,,,,,,551.9,4.561157024,551.9,4.561157024,,,,,,,,,,,,,,,,,,,"Colt Keith","27899",690993
"Royce Lewis","MIN",122.163,496.409,454.383,108.821,67.5706,23.0359,0.588896,17.6256,57.9625,58.7498,34.8506,0.976814,105.565,2.86152,3.70927,0.604318,6.9418,10.886,2.55611,0.239492,0.0702055,0.212657,0.330135,0.295546,0.409152,0.304747,0.704698,0.16966,4.39414,0.272305,,0.441841,55.3062,-3.34835,93.7149,0.441841,0.62,-3.2354413270950317,2.1328400373458862,1.63526,184.8800048828125,,,,,,,524.5,4.299180327,524.5,4.299180327,,,,,,,,,,,,,,,,,,,"Royce Lewis","20437",668904
"Kyle Higashioka","TEX",74.554,274.142,251.658,54.2158,33.0327,10.5891,0.359781,10.2343,28.0886,32.9904,16.9634,0.123241,69.7628,1.44388,1.90694,0.920388,3.68384,1.94831,0.623938,0.215435,0.0618782,0.254477,0.243159,0.267024,0.382373,0.281458,0.649397,0.166939,3.14189,0.253397,,-0.204627,25.3591,-7.03291,79.8347,-0.204627,7.78,-6.72018826007843,13.211546897888184,1.62952,999,,,,,,,231.3,3.084,231.3,3.084,,,,,,,,,,,,,,,,,,,"Kyle Higashioka","5517",543309
"Carlos Narváez","BOS",108.059,409.741,366.631,81.8855,53.5057,16.2299,0.359602,11.7903,41.7594,46.2433,35.3585,0.926662,108.935,3.70735,2.99653,1.04757,7.23805,3.0767,0.898777,0.223346,0.0862947,0.265864,0.324583,0.295946,0.366051,0.290879,0.661997,0.142705,3.08346,0.281617,,-0.357735,41.0366,-7.3775,80.723,-0.357735,3.43,-9.667111247777939,11.46468997001648,1.62679,413.5299987792969,,,,,,,371.3,3.437962962,371.3,3.437962962,,,,,,,,,,,,,,,,,,,"Carlos Narvaez","19722",665966
"Bryan Reynolds","PIT",146.132,632.156,563.482,143.478,94.1169,24.6815,5.89035,18.7888,77.8881,73.5019,55.2685,2.10009,153.463,8.25526,4.54511,0.605288,11.8624,5.87977,1.83319,0.254627,0.0874286,0.242761,0.360142,0.327767,0.419368,0.324553,0.747135,0.164741,4.98498,0.315049,,-0.601599,80.5953,5.90122,106.031,-0.601599,-1.84,3.9168640971183777,-9.095614790916443,1.62198,203.88999938964844,,,,,,,717.9,4.917123287,717.9,4.917123287,,,,,,,,,,,,,,,,,,,"Bryan Reynolds","19326",668804
"Christian Yelich","MIL",134.939,576.382,504.364,128.781,86.1265,20.9016,1.98608,19.767,73.1976,71.3481,63.9105,4.81185,141.529,4.0932,2.81136,1.05168,13.7164,15.7577,4.2742,0.255334,0.110882,0.245547,0.451573,0.342128,0.422227,0.332082,0.764356,0.166893,4.84433,0.31518,,0.415427,77.0079,8.90393,113.827,0.415427,-0.05,9.860786080360413,-13.238482285290956,1.6164,126.1500015258789,,,,,,,701.9,5.199259259,701.9,5.199259259,,,,,,,,,,,,,,,,,,,"Christian Yelich","11477",592885
"Gavin Lux","TBR",110.238,446.456,396.802,100.861,70.9989,19.1814,3.01046,7.67049,49.883,43.753,44.048,0.459551,97.2188,1.9958,3.14439,0.465854,9.28267,4.0642,1.17866,0.254185,0.0986614,0.217757,0.453081,0.329391,0.375691,0.311188,0.705082,0.121506,4.32205,0.31584,,-0.439483,52.0754,-0.676837,98.0272,-0.439483,0,-1.4775488674640656,1.7535483837127686,1.6004,747.4400024414062,,,,,,,458.8,4.17090909,458.8,4.17090909,,,,,,,,,,,,,,,,,,,"Gavin Lux","19955",666158
"Spencer Torkelson","DET",146.389,614.866,537.362,124.798,70.5756,27.0082,0.510878,26.7031,73.2766,80.9145,64.1523,2.89521,159.7,7.45525,5.40796,0.488592,7.78292,2.47384,0.682271,0.232241,0.104335,0.259732,0.401705,0.319682,0.433483,0.325514,0.753164,0.201241,2.65129,0.275263,,-0.704168,78.8709,6.21979,108.528,-0.704168,0.45,5.475745975971222,-11.093699276447296,1.59042,182.72999572753906,,,,,,,714.8,4.89589041,714.8,4.89589041,,,,,,,,,,,,,,,,,,,"Spencer Torkelson","27465",679529
"Jung Hoo Lee","SFG",136.762,568.343,515.492,140.313,93.3145,33.6921,4.57857,8.72743,68.7598,58.0109,42.0328,1.36024,63.6576,5.07946,4.97855,0.759915,11.6858,7.99977,2.43627,0.272191,0.0739568,0.112006,0.660295,0.330216,0.406105,0.320281,0.736321,0.133914,4.954,0.293661,,-0.315812,70.4882,3.33413,107.381,-0.315812,-3.28,4.656060338020325,-8.156039476394653,1.57653,349.239990234375,,,,,,,631.3,4.608029197,631.3,4.608029197,,,,,,,,,,,,,,,,,,,"Jung Hoo Lee","33824",808982
"Harrison Bader","SFG",122.985,486.591,444.565,106.043,69.7064,18.2566,3.15559,14.9239,62.0142,50.3019,30.5515,0.310056,120.441,7.37931,3.17285,0.922326,7.1517,15.487,4.35509,0.238531,0.0627868,0.24752,0.253664,0.296444,0.394502,0.300834,0.690946,0.155971,6.14389,0.291698,,0.605382,52.6665,-4.828,94.0597,0.605382,-0.02,-2.8204545974731445,1.877916555851698,1.5599,504.4599914550781,,,,,,,490.2,3.985365853,490.2,3.985365853,,,,,,,,,,,,,,,,,,,"Harrison Bader","18030",664056
"Jo Adell","LAA",139.47,567.467,516.115,119.589,66.4121,21.0694,2.01872,30.0885,71.6195,77.5982,39.2643,1.23451,156.124,7.86337,3.51628,0.516082,7.42463,10.2379,2.83306,0.231709,0.0691922,0.275124,0.251494,0.294157,0.45525,0.320865,0.749407,0.22354,4.96693,0.268432,,0.145998,70.649,3.59843,104.398,0.145998,-2.5,3.0873700380325317,-7.670503616333008,1.52938,119.18000030517578,,,,,,,661.9,4.761870503,661.9,4.761870503,,,,,,,,,,,,,,,,,,,"Jo Adell","20220",666176
"Logan O'Hoppe","LAA",116.739,452.975,412.762,92.9696,56.9639,16.1193,0.80606,19.0803,48.9914,55.8215,31.131,0.41049,131.726,5.14119,2.81757,1.1228,6.75733,2.78443,0.9117,0.225238,0.0687255,0.290802,0.236331,0.286027,0.406873,0.300267,0.6929,0.181636,3.19777,0.279066,,-0.429276,48.8193,-4.70315,90.2083,-0.429276,-2.25,-5.656912684440613,4.904638767242432,1.51815,245.42999267578125,,,,,,,449.4,3.841025641,449.4,3.841025641,,,,,,,,,,,,,,,,,,,"Logan O'Hoppe","24729",681351
"Tommy Edman","LAD",108.538,440.093,402.448,97.9622,64.5078,18.5596,2.02607,12.8687,55.4149,48.7194,27.8796,0.736368,74.8496,4.28349,3.35954,2.06283,8.56478,9.67606,2.49619,0.243415,0.0633493,0.170077,0.372475,0.297109,0.395529,0.300638,0.692638,0.152114,5.45633,0.267514,,0.279649,47.5634,-4.43695,92.0407,0.279649,2.32,-3.871919870376587,4.042151212692261,1.51548,726.9099731445312,,,,,,,444.9,4.081651376,444.9,4.081651376,,,,,,,,,,,,,,,,,,,"Tommy Edman","19470",669242
"Caleb Durbin","BOS",131.684,525.53,472.031,118.831,84.0196,23.7166,1.4446,9.64988,60.4266,50.2961,33.1281,0.995743,55.3088,12.9467,4.0293,3.39456,11.2142,19.185,4.5693,0.251743,0.0630375,0.105244,0.598966,0.315829,0.369438,0.301936,0.685267,0.117694,5.36263,0.265581,,1.11353,57.351,-4.74447,88.3399,1.11353,0.66,-6.1087528467178345,2.6921605467796326,1.50106,224.39999389648438,,,,,,,523.8,3.968181818,523.8,3.968181818,,,,,,,,,,,,,,,,,,,"Caleb Durbin","29646",702332
"Matt Wallner","MIN",117.147,480.117,417.571,93.5951,50.1596,19.785,1.54064,22.1098,61.9253,62.8095,48.5061,1.06257,150.51,10.8028,2.85002,0.386656,6.1154,4.35396,1.35062,0.224141,0.10103,0.313486,0.322279,0.318729,0.437747,0.32826,0.756476,0.213606,4.2948,0.288477,,-0.39797,62.6565,5.92695,109.912,-0.39797,-1.45,5.21084326505661,-7.192500352859497,1.48795,363.7300109863281,,,,,,,569.4,4.866666666,569.4,4.866666666,,,,,,,,,,,,,,,,,,,"Matt Wallner","26466",670242
"Jonathan India","KCR",121.89,514.345,443.72,107.555,72.0898,22.865,1.47789,11.1225,60.7145,52.0871,53.0487,0.0221888,98.2832,12.5266,3.71008,1.34004,9.82363,8.50182,2.64286,0.242394,0.103138,0.191084,0.539754,0.337483,0.375785,0.317662,0.713269,0.133391,4.49363,0.285284,,-0.290605,62.6978,1.92402,100.353,-0.290605,-1.42,-0.07669764757156372,-3.1420592069625854,1.48191,603.8200073242188,,,,,,,543.3,4.453278688,543.3,4.453278688,,,,,,,,,,,,,,,,,,,"Jonathan India","21523",663697
"Carson Kelly","CHC",95.234,363.292,320.658,74.5884,49.4398,12.3554,0.592558,12.2007,40.0996,43.4005,33.8564,0.255194,72.8589,4.03803,3.08551,0.551843,6.82286,1.29824,0.358602,0.23261,0.0931934,0.200552,0.464685,0.311037,0.388984,0.307269,0.700021,0.156374,2.83213,0.261382,,-0.462072,41.2192,-1.70654,97.8668,-0.462072,-2.69,-1.3805611431598663,3.7460994720458984,1.47866,621.02001953125,,,,,,,368.2,3.875789473,368.2,3.875789473,,,,,,,,,,,,,,,,,,,"Carson Kelly","13620",608348
"Willi Castro","COL",127.87,521.888,465.019,120.286,80.5916,23.5968,3.16798,12.9299,65.9933,55.2051,40.1937,0.782936,117.001,11.2065,3.56945,1.8998,8.94266,15.537,4.69268,0.25867,0.0770159,0.224188,0.343532,0.330174,0.406454,0.322348,0.736628,0.147784,5.78178,0.317006,,0.319476,65.6029,3.9378,92.7513,0.319476,-0.65,-4.164198100566864,1.2207932472229004,1.47534,258.7300109863281,,,,,,,585.3,4.57265625,585.3,4.57265625,,,,,,,,,,,,,,,,,,,"Willi Castro","17338",650489
"Ha-Seong Kim","ATL",88.654,357.119,313.552,75.6471,52.4668,12.8451,1.79971,8.53543,45.1861,32.1612,34.5201,1.01186,64.6229,3.07707,2.71073,2.95992,5.67919,14.0253,3.3948,0.241259,0.0966627,0.180956,0.534177,0.320026,0.37537,0.306118,0.695396,0.134111,5.88935,0.276062,,0.826939,40.1849,-2.01148,94.8147,0.826939,-0.24,-1.3677971959114075,3.8643520027399063,1.47105,743.3599853515625,,,,,,,377.5,4.241573033,377.5,4.241573033,,,,,,,,,,,,,,,,,,,"Ha-Seong Kim","27506",673490
"Josh Jung","TEX",124.125,507.215,470.366,114.35,75.3207,21.9017,1.11589,16.012,54.7205,59.9899,28.8332,0.410317,128.875,4.26047,3.25083,0.50487,8.21844,3.91676,1.25161,0.243109,0.0568462,0.254084,0.223729,0.290983,0.396542,0.298252,0.687525,0.153433,3.48334,0.299147,,-0.442214,53.8352,-6.09619,91.4036,-0.442214,0.52,-5.581216514110565,2.4355090856552124,1.46428,631.2899780273438,,,,,,,492.1,3.968548387,492.1,3.968548387,,,,,,,,,,,,,,,,,,,"Josh Jung","26299",673962
"Ceddanne Rafaela","BOS",140.047,558.875,522.339,128.346,83.8534,25.8329,3.76352,14.8957,66.3971,60.0226,24.0551,0.751631,122.867,6.02079,4.08664,2.37334,7.31065,20.8743,5.33136,0.245713,0.0430421,0.219847,0.195782,0.284674,0.395131,0.293491,0.679805,0.149418,6.34209,0.291897,,1.24442,57.1582,-8.8772,82.5228,1.24442,3.17,-10.267813324928284,5.331218957901001,1.46296,129.13999938964844,,,,,,,549.9,3.927857142,549.9,3.927857142,,,,,,,,,,,,,,,,,,,"Ceddanne Rafaela","24262",678882
"Kerry Carpenter","DET",114.718,472.97,431.155,108.269,62.0754,19.2401,2.9668,23.987,60.6147,68.3853,30.1396,1.34913,112.38,6.86542,3.49844,0.500579,7.01671,2.64087,0.976633,0.251115,0.0637242,0.237605,0.268193,0.308008,0.476404,0.334464,0.784412,0.22529,4.07277,0.282555,,-0.516964,64.1063,8.22125,114.693,-0.516964,-0.03,7.673614263534546,-9.690995482727885,1.45913,235.3300018310547,,,,,,,585.5,5.091304347,585.5,5.091304347,,,,,,,,,,,,,,,,,,,"Kerry Carpenter","25961",681481
"Jared Triolo","PIT",121.752,484.499,430.555,104.443,72.6201,21.3365,1.57217,8.91467,54.7447,45.22,45.4804,0.609892,110.517,3.70874,3.2659,1.48933,7.67771,11.6216,3.465,0.242579,0.0938711,0.228105,0.411525,0.318073,0.361553,0.300896,0.679626,0.118974,4.81871,0.303855,,0.105218,52.4642,-4.7831,89.8249,0.105218,1.56,-5.737664088606834,3.591231107711792,1.42961,731.989990234375,,,,,,,469.7,3.85,469.7,3.85,,,,,,,,,,,,,,,,,,,"Jared Triolo","25807",669707
"Joey Ortiz","MIL",131.371,513.513,469.087,112.479,79.5883,22.5608,2.36382,7.96602,53.2192,46.7415,33.5926,0.563596,89.2507,4.01124,3.19975,3.62264,9.25103,12.9532,3.70586,0.239783,0.0654172,0.173804,0.376385,0.294343,0.348902,0.28309,0.643245,0.109119,5.21934,0.278649,,0.303077,48.1823,-12.4932,80.2654,0.303077,2.41,-11.707795321941376,8.491990804672241,1.41896,743.739990234375,,,,,,,439,3.351145038,439,3.351145038,,,,,,,,,,,,,,,,,,,"Joey Ortiz","25493",687401
"Ryan McMahon","NYY",117.255,473.751,414.42,86.487,52.2211,16.6078,0.78001,16.8781,52.7529,52.6041,53.251,1.35874,151.147,2.68992,2.97581,0.414411,7.57495,3.34543,1.24309,0.208694,0.112403,0.319042,0.352314,0.300902,0.374714,0.297304,0.675616,0.16602,3.26935,0.279138,,-0.545059,49.919,-6.05837,90.4739,-0.545059,1.56,-5.864164471626282,3.3694905042648315,1.41304,728.6500244140625,,,,,,,453.3,3.874358974,453.3,3.874358974,,,,,,,,,,,,,,,,,,,"Ryan McMahon","15112",641857
"Pedro Pagés","STL",89.621,332.49,305.46,68.1121,46.5844,12.3231,0.506203,8.6984,30.6956,35.288,20.175,0.658965,89.4861,3.15699,2.23164,1.46654,6.03853,0.699956,0.239798,0.222982,0.0606785,0.269139,0.225454,0.276247,0.352069,0.274949,0.628315,0.129086,2.47738,0.283588,,-0.415425,28.9995,-10.2867,76.0821,-0.415425,5.54,-9.840746849775314,12.455200672149658,1.39927,999,,,,,,,271.8,3.02,271.8,3.02,,,,,,,,,,,,,,,,,,,"Pedro Pages","25782",686780
"Brandon Marsh","PHI",120.696,472.82,419.708,105.39,68.8828,20.9248,2.1938,13.3887,58.1068,51.1795,45.4445,1.22937,134.868,2.91359,2.8081,1.94562,7.14052,9.72123,2.73298,0.251103,0.0961138,0.285242,0.336956,0.326516,0.407113,0.320267,0.733629,0.156009,5.19976,0.335454,,0.0591739,58.6357,2.76835,103.368,0.0591739,-0.19,1.9462895095348358,-4.0988211035728455,1.38923,645.5499877929688,,,,,,,517.1,4.273553719,517.1,4.273553719,,,,,,,,,,,,,,,,,,,"Brandon Marsh","20202",669016
"Ramón Laureano","SDP",125.078,510.137,460.374,112.525,68.37,20.4201,3.58386,20.1508,66.9509,63.9757,35.9832,0.637136,135.31,9.70764,3.47428,0.597902,9.22565,8.88664,2.38431,0.24442,0.0705364,0.265243,0.265931,0.310507,0.435656,0.322422,0.746163,0.191236,5.64799,0.299539,,0.0521262,64.1561,3.87951,110.193,0.0521262,-4.13,6.215038996189833,-9.920648574829102,1.35736,223.38999938964844,,,,,,,591.1,4.7288,591.1,4.7288,,,,,,,,,,,,,,,,,,,"Ramon Laureano","17128",657656
"Kyle Stowers","MIA",138.298,575.901,511.843,120.129,69.1744,25.1268,1.87171,23.9558,67.1926,77.0448,52.537,1.94009,164.644,6.85375,3.82542,0.842036,9.17363,3.82162,1.089,0.234698,0.0912258,0.28589,0.319094,0.312176,0.431512,0.321412,0.743687,0.196813,3.54063,0.294045,,-0.517579,71.9546,3.90749,104.422,-0.517579,-2.18,2.5004794001579285,-8.484559774398804,1.3481,132.52999877929688,,,,,,,654.3,4.741304347,654.3,4.741304347,,,,,,,,,,,,,,,,,,,"Kyle Stowers","26151",669065
"Hunter Feduccia","TBR",73.718,255.469,228.337,48.5184,33.4295,10.1196,0.636348,4.3329,23.1329,23.9049,23.9589,0.333533,65.7187,1.20301,1.61634,0.353831,4.84124,0.466379,0.185318,0.212486,0.093784,0.257247,0.364568,0.288812,0.319306,0.271641,0.608118,0.10682,2.63026,0.276329,,-0.367215,21.5956,-8.59,70.7848,-0.367215,7.49,-9.163911491632462,13.178117275238037,1.31032,999,,,,,,,193.7,2.617567567,193.7,2.617567567,,,,,,,,,,,,,,,,,,,"Hunter Feduccia","23372",676439
"Cedric Mullins","TBR",111.251,450.662,399.491,91.7595,56.0357,17.9346,2.9433,14.8459,58.0562,47.241,40.9691,0.583459,100.093,4.01541,3.13502,2.81029,4.79965,20.989,4.59201,0.229691,0.0909087,0.222103,0.409309,0.305498,0.400806,0.307892,0.706304,0.171115,6.51834,0.267352,,1.65424,51.3601,-1.8891,95.7569,1.65424,-3.43,-0.5994904041290283,-2.1171252727508545,1.30903,324,,,,,,,487.4,4.39099099,487.4,4.39099099,,,,,,,,,,,,,,,,,,,"Cedric Mullins","17929",656775
"Sal Stewart","CIN",119.428,482.548,438.806,118.001,75.217,24.2765,0.546263,17.9611,58.5196,63.0162,35.2885,0.864007,88.7255,4.26125,3.6097,0.58213,9.18766,6.12373,1.78448,0.268913,0.0731295,0.183869,0.397727,0.326892,0.449522,0.334868,0.776414,0.180609,3.60636,0.297977,,-0.257977,65.5626,8.54584,110.1,-0.257977,-0.09,5.518549144268036,-8.895562022924423,1.29706,176.3800048828125,,,,,,,589.1,4.950420168,589.1,4.950420168,,,,,,,,,,,,,,,,,,,"Sal Stewart","31505",701398
"Lars Nootbaar","STL",116.382,494.639,429.13,101.98,67.7412,19.8187,1.46793,12.9521,56.4906,51.133,57.4509,2.01659,99.0766,3.38379,3.32162,1.35319,9.62817,5.56031,2.05512,0.237644,0.116147,0.200301,0.579863,0.330061,0.381216,0.313632,0.711277,0.143572,3.86422,0.277845,,-0.565048,58.6769,0.231536,102.581,-0.565048,0.35,0.9479942917823792,-4.7345031797885895,1.29633,736.0800170898438,,,,,,,513.9,4.430172413,513.9,4.430172413,,,,,,,,,,,,,,,,,,,"Lars Nootbaar","21454",663457
"Brenton Doyle","COL",137.276,561.142,514.076,129.352,82.5212,24.4154,3.32396,19.0912,72.6508,64.3341,36.024,0.369467,150.825,3.30731,4.29539,3.4391,7.6695,21.0703,5.15773,0.25162,0.0641976,0.268782,0.238847,0.30246,0.423456,0.313259,0.725916,0.171836,6.23568,0.316426,,1.29989,66.3962,0.0929406,86.5248,1.29989,-0.49,-7.662061333656311,1.6284565925598145,1.29279,167.6300048828125,,,,,,,616.6,4.500729927,616.6,4.500729927,,,,,,,,,,,,,,,,,,,"Brenton Doyle","25479",686668
"Victor Caratini","MIN",88.296,336.523,300.552,74.4175,53.3902,11.4713,0.288797,9.26725,36.038,37.2932,25.6365,0.825686,61.6545,6.03606,2.91174,0.435951,8.28695,0.908148,0.309819,0.247603,0.0761806,0.18321,0.41581,0.316558,0.380194,0.306086,0.696752,0.132591,2.42955,0.280166,,-0.501352,37.8587,-1.90411,94.6371,-0.501352,3.46,-2.628450334072113,3.641679033637047,1.28871,691.260009765625,,,,,,,327.8,3.725,327.8,3.725,,,,,,,,,,,,,,,,,,,"Victor Caratini","14968",605170
"Denzel Clarke","ATH",97.574,377.9,344.966,76.9405,50.4177,16.4816,1.92624,8.11494,44.2102,32.2439,24.9573,0.0702781,127.954,5.0523,1.70678,1.21789,6.01008,10.7691,2.92438,0.223038,0.0660419,0.338593,0.195048,0.283927,0.352555,0.280305,0.636481,0.129517,6.04916,0.326802,,0.42575,34.6035,-10.0483,74.816,0.42575,8.79,-10.791182935237885,10.295771479606628,1.28006,739.97998046875,,,,,,,321.7,3.282653061,321.7,3.282653061,,,,,,,,,,,,,,,,,,,"Denzel Clarke","29858",672016
"Nick Gonzales","PIT",95.23,393.987,361.416,94.3263,64.3107,21.1237,1.94734,6.94445,42.441,41.7614,23.2792,0.501833,80.555,4.98928,3.37214,0.930828,7.63013,3.12802,1.05438,0.260991,0.0590862,0.204461,0.288985,0.311901,0.387858,0.305133,0.69976,0.126867,4.06374,0.31513,,-0.414048,44.0186,-2.53405,92.7277,-0.414048,0.41,-3.809892386198044,3.104264408349991,1.26892,999,,,,,,,390.4,4.109473684,390.4,4.109473684,,,,,,,,,,,,,,,,,,,"Nick Gonzales","27490",693304
"Jorge Polanco","NYM",123.068,506.454,450.765,110.578,67.3285,21.4484,0.378939,21.422,61.5608,65.6367,45.0685,1.36332,103.494,3.64249,3.89836,1.38051,7.61449,5.41182,1.9073,0.245311,0.0889884,0.204351,0.435468,0.316442,0.437145,0.325413,0.753587,0.191834,3.4082,0.270376,,-0.455764,64.9228,5.08132,111.804,-0.455764,-1.34,6.629806041717529,-11.131966471672058,1.26332,213.47999572753906,,,,,,,579.8,4.713821138,579.8,4.713821138,,,,,,,,,,,,,,,,,,,"Jorge Polanco","13152",593871
"Anthony Volpe","NYY",110.629,450.977,409.833,90.9906,56.6864,19.7497,1.98885,12.5658,53.3659,43.7273,31.6474,0.396007,109.703,4.2058,3.53915,1.75197,6.75938,15.9063,3.76974,0.222019,0.0701753,0.243255,0.288484,0.282362,0.371896,0.285512,0.654258,0.149877,6.01859,0.269406,,1.02919,43.2013,-10.0851,82.3502,1.02919,-0.06,-8.352175831794739,5.061712685972452,1.25143,633.030029296875,,,,,,,418.4,3.769369369,418.4,3.769369369,,,,,,,,,,,,,,,,,,,"Anthony Volpe","27647",683011
"Dylan Beavers","BAL",98.652,393.401,347.42,82.9859,51.9364,18.5476,1.35024,11.1516,48.2819,40.6522,39.4116,1.09031,92.8853,2.30845,3.09835,1.16249,4.92714,9.87495,2.75977,0.238863,0.100182,0.236109,0.424304,0.317934,0.396318,0.312094,0.714252,0.157455,4.97684,0.291439,,0.233723,46.1763,-0.307033,100.978,0.233723,2.01,0.6871639937162399,-2.003619432449341,1.25064,430.54998779296875,,,,,,,415.6,4.197979797,415.6,4.197979797,,,,,,,,,,,,,,,,,,,"Dylan Beavers","31695",687637
"Kyle Manzardo","CLE",127.302,521.8,461.687,109.012,61.3859,23.1719,0.956294,23.4977,60.7623,72.791,48.7816,2.0425,121.692,5.73925,5.17319,0.418745,6.63926,1.49151,0.442289,0.236116,0.0934871,0.233215,0.400862,0.313653,0.443134,0.325473,0.756786,0.207018,2.6384,0.265843,,-0.634516,66.9157,5.26099,109.935,-0.634516,-0.37,5.475364029407501,-11.307692646980286,1.24076,245.5399932861328,,,,,,,603.9,4.75511811,603.9,4.75511811,,,,,,,,,,,,,,,,,,,"Kyle Manzardo","29794",700932
"Jordan Lawlar","ARI",91.364,340.933,309.046,74.2967,48.9046,15.8498,1.92813,7.61417,41.3006,34.3192,24.7893,0.81993,93.4566,3.95497,2.14253,1.00067,4.81354,12.4075,2.95616,0.240407,0.0727103,0.27412,0.26525,0.303122,0.378085,0.297824,0.681207,0.137678,6.2056,0.317359,,0.763695,36.0677,-4.21613,88.6197,0.763695,3.74,-3.834802269935608,4.562463939189911,1.23497,268.9700012207031,,,,,,,339.8,3.734065934,339.8,3.734065934,,,,,,,,,,,,,,,,,,,"Jordan Lawlar","29976",691783
"Ryan O'Hearn","PIT",124.712,510.721,453.23,118.764,82.0576,21.723,1.71656,13.2664,58.6683,58.4486,47.2827,2.56849,96.8332,4.91328,4.31655,0.978713,10.4808,3.80326,1.13679,0.262038,0.0925802,0.189601,0.48829,0.335384,0.405355,0.323007,0.740739,0.143317,3.5967,0.303636,,-0.574226,64.4721,4.1265,104.972,-0.574226,0.53,2.4351343512535095,-7.3656628131866455,1.23402,280.5400085449219,,,,,,,571.6,4.5728,571.6,4.5728,,,,,,,,,,,,,,,,,,,"Ryan O'Hearn","16442",656811
"Alec Burleson","STL",139.448,579.063,527.51,139.576,96.2583,24.5636,0.97128,17.7826,64.366,70.2834,39.3533,1.07645,81.6756,3.9979,5.59578,1.68592,11.8339,5.5131,1.54984,0.264594,0.0679603,0.141048,0.481824,0.31733,0.415973,0.31773,0.733303,0.151379,3.28918,0.280858,,-0.446617,70.6185,2.19776,105.388,-0.446617,-0.04,3.2513709664344788,-10.799876250326633,1.1988,176.8800048828125,,,,,,,638.2,4.591366906,638.2,4.591366906,,,,,,,,,,,,,,,,,,,"Alec Burleson","27615",676475
"Tyler O'Neill","BAL",93.276,385.882,338.839,78.3975,45.8746,12.9443,1.17772,18.401,49.7425,50.4854,38.8662,1.44113,107.575,5.08187,2.65915,0.435398,5.60091,4.32294,1.12941,0.231371,0.10072,0.278778,0.361293,0.317413,0.439442,0.327055,0.756854,0.208071,4.15282,0.278378,,-0.181393,49.9812,4.38622,111.284,-0.181393,-0.54,4.950771316885948,-6.529946386814117,1.19729,521.22998046875,,,,,,,447.2,4.80860215,447.2,4.80860215,,,,,,,,,,,,,,,,,,,"Tyler O'Neill","15711",641933
"Yoán Moncada","LAA",93.312,375.718,333.06,79.5964,49.3577,16.3091,0.742908,13.1866,42.024,43.7654,35.3909,0.883016,99.2051,4.21592,2.60334,0.447418,6.53827,0.948954,0.285084,0.238985,0.0941953,0.264042,0.356744,0.317646,0.41119,0.317643,0.728836,0.172205,2.59319,0.297439,,-0.508442,45.7936,1.39962,102.178,-0.508442,-2.11,0.4561445116996765,-1.7333845794200897,1.19239,747.4099731445312,,,,,,,408.2,4.389247311,408.2,4.389247311,,,,,,,,,,,,,,,,,,,"Yoan Moncada","17232",660162
"Luis García Jr.","WSN",122.656,500.999,466.297,123.138,84.8953,21.7969,2.07436,14.3716,56.7983,59.7896,27.2676,1.68702,79.4132,1.88566,4.82766,0.72153,9.48326,13.8098,4.2505,0.264077,0.0544265,0.15851,0.343364,0.304414,0.412181,0.308506,0.716594,0.148104,4.91976,0.288246,,0.279532,57.3463,-1.85056,96.9415,0.279532,0.41,-1.5365593433380127,-3.5089775025844574,1.18916,253.36000061035156,,,,,,,532,4.325203252,532,4.325203252,,,,,,,,,,,,,,,,,,,"Luis Garcia Jr.","20391",671277
"Jake Meyers","HOU",116.58,457.946,412.203,99.5827,70.1374,19.4884,1.23172,8.7252,51.9876,41.3122,34.9078,0.331031,95.5721,5.87849,2.85069,2.10579,8.44721,10.629,3.17773,0.241586,0.076227,0.208697,0.365251,0.307935,0.358343,0.294552,0.666278,0.116757,4.94288,0.292375,,0.0943664,47.2304,-6.87949,88.0252,0.0943664,0.35,-6.368942394852638,2.149074047803879,1.18088,743.8499755859375,,,,,,,428.9,3.665811965,428.9,3.665811965,,,,,,,,,,,,,,,,,,,"Jake Meyers","20308",676694
"Cam Smith","HOU",117.9,465.784,416.779,100.29,68.0997,19.5885,1.46433,11.137,53.8695,46.1519,39.7627,1.26335,124.031,5.95213,2.61266,0.677888,8.43822,6.55668,1.98636,0.24063,0.0853673,0.266285,0.320586,0.313916,0.374822,0.303005,0.688739,0.134192,4.38045,0.313671,,-0.245139,51.2353,-3.8007,93.8479,-0.245139,3.93,-3.6225363314151764,-0.9218518733978271,1.17528,380.75,,,,,,,455.8,3.862711864,455.8,3.862711864,,,,,,,,,,,,,,,,,,,"Cam Smith","35108",701358
"JJ Wetherholt","STL",115.804,486.402,435.938,104.353,73.0463,21.3761,1.60686,8.32415,50.6597,45.4136,40.0213,1.183,90.7967,6.06446,3.14493,1.23371,9.6714,7.08117,2.21134,0.239377,0.0822802,0.18667,0.440779,0.310076,0.353068,0.293314,0.663145,0.113691,4.27171,0.282471,,-0.268008,49.6763,-7.79584,88.6629,-0.268008,0,-6.80368110537529,2.010486125946045,1.16529,999,,,,,,,439.6,3.789655172,439.6,3.789655172,,,,,,,,,,,,,,,,,,,"JJ Wetherholt","sa3025154",802139
"Dylan Crews","WSN",136.237,563.423,513.686,118.625,77.9209,21.9314,3.1275,15.6457,65.5365,57.9662,37.2883,0.652523,128.613,7.99377,3.69582,0.758987,8.76275,22.395,6.31846,0.23093,0.0661817,0.228271,0.289926,0.291306,0.377174,0.292081,0.66848,0.146244,6.20343,0.275994,,1.08245,56.9784,-9.59439,85.6903,1.08245,4.38,-8.473183512687683,1.0408580303192139,1.15745,172.89999389648438,,,,,,,543.7,3.997794117,543.7,3.997794117,,,,,,,,,,,,,,,,,,,"Dylan Crews","33541",686611
"Justin Crawford","PHI",107.088,429.868,395.748,105.271,79.2497,18.6768,2.00268,5.34218,52.2337,35.2015,26.6465,0.788232,88.9879,2.17114,1.73597,3.56666,9.14481,20.698,5.17244,0.266006,0.0619876,0.207012,0.299439,0.31454,0.363818,0.298036,0.678358,0.0978116,6.15434,0.329632,,1.31318,45.5505,-5.24168,88.1392,1.31318,0,-4.729682087898254,1.555381178855896,1.13848,999,,,,,,,418.4,3.910280373,418.4,3.910280373,,,,,,,,,,,,,,,,,,,"Justin Crawford","sa3020240",702222
"Marcelo Mayer","BOS",108.162,421.471,384.892,94.2464,59.8716,22.2525,1.14046,10.9817,46.1126,48.4634,31.1747,1.99077,99.4683,1.99724,2.83008,0.576786,7.08478,6.73548,1.84398,0.244864,0.0739665,0.236003,0.313414,0.302733,0.394202,0.301964,0.696934,0.149337,4.41591,0.300299,,-0.00914496,46.0046,-3.79546,88.3591,-0.00914496,1.12,-5.791789706796408,2.4060791730880737,1.13778,624.6099853515625,,,,,,,421,3.898148148,421,3.898148148,,,,,,,,,,,,,,,,,,,"Marcelo Mayer","29668",691785
"Jose Trevino","CIN",69.81,253.188,233.215,54.1149,39.6578,9.24128,0.244979,4.97088,22.3313,25.061,14.1046,0.189792,39.3489,1.62931,1.98698,1.36468,5.8871,0.429063,0.127586,0.232039,0.0557079,0.155414,0.358448,0.278353,0.337709,0.270705,0.616062,0.10567,2.11809,0.257457,,-0.330861,21.2103,-8.70577,66.1464,-0.330861,7.45,-10.489663779735565,12.836573600769043,1.10196,999,,,,,,,190.5,2.721428571,190.5,2.721428571,,,,,,,,,,,,,,,,,,,"Jose Trevino","16725",624431
"Daylen Lile","WSN",132.293,545.839,500.411,133.818,89.2023,29.1924,5.46986,9.9537,63.1008,57.1159,34.4327,0.800866,97.1866,5.49182,4.32425,1.17971,7.66123,14.0647,3.95733,0.267417,0.0630822,0.17805,0.354295,0.318993,0.407289,0.315207,0.726282,0.139872,6.02971,0.311535,,0.34518,65.4489,0.953796,101.532,0.34518,-1.28,1.3365242779254913,-8.998087644577026,1.07414,206.1999969482422,,,,,,,589.4,4.465151515,589.4,4.465151515,,,,,,,,,,,,,,,,,,,"Daylen Lile","29995",695734
"Brooks Lee","MIN",133.732,539.708,497.365,118.854,82.5742,21.5827,1.29911,13.3983,54.5861,57.6932,33.8142,1.15591,96.3321,3.07732,4.79975,0.651416,10.6241,3.7515,1.30753,0.238968,0.0626528,0.178489,0.351017,0.288923,0.368401,0.286382,0.657324,0.129434,3.30799,0.268722,,-0.566199,52.0829,-11.6877,81.064,-0.566199,-1.57,-12.611544787883759,4.524177670478821,1.07311,521.6500244140625,,,,,,,476.9,3.558955223,476.9,3.558955223,,,,,,,,,,,,,,,,,,,"Brooks Lee","31595",686797
"Carson Williams","TBR",96.099,374.968,340.966,74.5569,44.9609,15.0238,1.80996,12.7622,43.4535,43.2604,27.5929,0.529324,129.297,3.60741,1.98045,0.821057,4.53879,8.47441,2.5294,0.218664,0.0735873,0.344823,0.213406,0.282662,0.385632,0.290863,0.668294,0.166968,5.52666,0.307609,,0.159752,37.5493,-6.75604,84.0264,0.159752,-0.05,-6.8996758460998535,4.3990275375545025,1.06458,747.280029296875,,,,,,,358.9,3.738541666,358.9,3.738541666,,,,,,,,,,,,,,,,,,,"Carson Williams","30038",700246
"Parker Meadows","DET",104.32,416.108,372.852,81.8354,51.8384,15.3652,4.23051,10.4012,49.7305,37.5592,36.7769,0.773441,106.079,2.70912,2.73023,1.03933,4.4944,11.264,3.10778,0.219485,0.0883831,0.254931,0.346694,0.292292,0.367076,0.288987,0.659369,0.147592,6.5552,0.275698,,0.382313,41.0351,-8.13122,83.3653,0.382313,2.17,-7.7758945524692535,3.7798765897750854,1.05645,999,,,,,,,379,3.644230769,379,3.644230769,,,,,,,,,,,,,,,,,,,"Parker Meadows","23800",678009
"Carter Jensen","KCR",102.186,383.859,342.386,80.4154,49.11,17.5658,2.7563,10.9833,44.8074,44.104,36.303,1.31432,100.176,2.07818,2.52111,0.570808,5.51736,4.58852,1.36201,0.234868,0.0945737,0.260971,0.362392,0.309941,0.398509,0.308309,0.708449,0.163641,4.9371,0.297039,,-0.208973,43.8767,-1.47922,93.9095,-0.208973,-2.27,-2.964468687772751,0.03078770637512207,1.05158,999,,,,,,,399.4,3.915686274,399.4,3.915686274,,,,,,,,,,,,,,,,,,,"Carter Jensen","29478",695600
"TJ Friedl","CIN",132.893,575.467,496.648,119.655,82.5244,20.0986,2.82857,14.2038,68.3183,53.0855,57.5593,0.261268,95.9594,11.5474,4.04678,5.66523,10.6206,11.588,3.43203,0.240926,0.100022,0.166751,0.59983,0.331277,0.378583,0.314928,0.70986,0.137657,4.94709,0.27002,,-0.0871775,68.8708,0.874966,96.4407,-0.0871775,-6.14,-2.5147840455174446,-6.485643416643143,1.03801,262.80999755859375,,,,,,,606.1,4.557142857,606.1,4.557142857,,,,,,,,,,,,,,,,,,,"TJ Friedl","19522",670770
"Jesús Sánchez","TOR",103.821,415.567,374.851,90.9399,58.5856,17.2911,1.40886,13.6543,51.5663,46.6347,34.4366,0.959507,99.9302,3.13548,2.13984,1.00459,7.64037,8.62889,2.3887,0.242603,0.0828664,0.240467,0.344606,0.309994,0.405526,0.311431,0.71552,0.162923,4.84914,0.293409,,0.119097,48.5544,-0.548072,99.6804,0.119097,0.87,-0.03742845356464386,-4.1501511335372925,1.03495,584.6199951171875,,,,,,,443.7,4.266346153,443.7,4.266346153,,,,,,,,,,,,,,,,,,,"Jesus Sanchez","19913",660821
"Freddy Fermin","SDP",117.859,434.411,398.066,91.4431,67.2206,14.4928,1.65838,8.07138,41.4109,39.1437,26.428,0.767596,88.6309,2.95469,3.18628,3.67461,9.06704,2.50863,0.916042,0.229718,0.0608363,0.204025,0.29818,0.280575,0.335288,0.270804,0.615863,0.105569,3.4614,0.273753,,-0.506085,36.4269,-14.9021,74.8331,-0.506085,0,-13.463697791099548,9.094058990478516,1.03165,724.2000122070312,,,,,,,328.7,2.78559322,328.7,2.78559322,,,,,,,,,,,,,,,,,,,"Freddy Fermin","21840",666023
"Ernie Clement","TOR",139.288,553.187,516.245,129.689,93.916,24.966,2.0285,8.77844,56.903,51.9469,23.4584,0.878953,59.5108,3.51609,4.80735,5.16,8.78316,10.3927,3.23176,0.251216,0.0424059,0.107578,0.394188,0.285868,0.358449,0.280326,0.644317,0.107233,4.70201,0.26705,,-0.0372029,50.6634,-14.6999,78.2534,-0.0372029,2.93,-14.215858560055494,5.17296290397644,1.02281,345.8299865722656,,,,,,,472.1,3.396402877,472.1,3.396402877,,,,,,,,,,,,,,,,,,,"Ernie Clement","20352",676391
"Miguel Amaya","CHC",78.741,293.579,263.492,59.3311,39.5623,11.7179,0.520801,7.53011,29.2315,30.8498,19.7475,0.502584,64.5915,5.44955,2.1222,2.76794,5.74557,0.659109,0.199805,0.225172,0.0672647,0.220014,0.305729,0.290663,0.359331,0.28587,0.649995,0.134159,2.68297,0.267716,,-0.374204,28.2089,-6.47969,83.2078,-0.374204,1.51,-6.217069357633591,6.0195152759552,0.97912,736.3400268554688,,,,,,,260,3.29113924,260,3.29113924,,,,,,,,,,,,,,,,,,,"Miguel Amaya","21693",665804
"Addison Barger","TOR",114.584,469.543,427.055,100.446,58.6331,24.1281,0.754952,16.9301,54.5714,57.9276,35.0006,1.89541,117.452,4.17166,2.88681,0.429006,7.49834,4.24221,1.13067,0.235207,0.0745419,0.25014,0.298001,0.297622,0.414172,0.30722,0.711794,0.178966,3.75213,0.282569,,-0.247754,53.2557,-2.22438,96.78,-0.247754,-2.07,-2.0297325551509857,-4.794094085693359,0.9553,195.63999938964844,,,,,,,489.9,4.26,489.9,4.26,,,,,,,,,,,,,,,,,,,"Addison Barger","24598",680718
"Victor Scott II","STL",130.43,506.994,454.192,98.6145,71.8267,17.8897,2.91186,5.98624,57.2013,31.6602,36.4085,0.53715,116.23,7.11851,3.67613,5.59841,7.27601,29.6666,6.04062,0.217121,0.0718125,0.229253,0.313246,0.283492,0.308871,0.264612,0.592362,0.09175,7.0253,0.275965,,2.70161,39.9646,-19.9407,69.0009,2.70161,6.32,-15.925537109375,8.332808494567871,0.948957,367.19000244140625,,,,,,,395.3,3.04076923,395.3,3.04076923,,,,,,,,,,,,,,,,,,,"Victor Scott II","31349",687363
"Harry Ford","WSN",98.188,289.049,255.789,58.4579,39.5507,12.0847,0.706773,6.11583,29.9119,28.3031,27.0171,0.477775,66.9563,3.93699,1.80205,0.50382,4.99206,5.6957,1.703,0.22854,0.0934691,0.231644,0.403504,0.309872,0.353039,0.294391,0.662911,0.1245,4.25465,0.283668,,-0.0205657,29.7732,-4.38018,87.2723,-0.0205657,2.6,-4.3808614779263735,3.7876259088516235,0.923217,699.4600219726562,,,,,,,264.5,2.698979591,264.5,2.698979591,,,,,,,,,,,,,,,,,,,"Harry Ford","29958",695670
"José Caballero","NYY",94.619,358.983,316.447,67.8588,46.4226,13.9523,0.707067,6.77688,47.9807,23.3052,31.5073,0.34522,93.5643,6.49558,2.19703,2.33618,3.85915,34.0041,7.57153,0.21444,0.0877682,0.260637,0.336745,0.296825,0.327246,0.279533,0.62407,0.112806,7.06765,0.279804,,3.14508,32.6463,-9.77027,78.232,3.14508,0,-6.065009593963623,2.7212255001068115,0.922023,204.64999389648438,,,,,,,333.1,3.506315789,333.1,3.506315789,,,,,,,,,,,,,,,,,,,"Jose Caballero","23401",676609
"Luis Campusano","SDP",70.223,255.427,231.155,54.0805,37.0355,9.31837,0.402564,7.32403,26.5564,28.088,19.7363,0.154303,52.6842,2.2253,1.95836,0.352024,5.52901,0.264014,0.0808056,0.233958,0.0772678,0.206259,0.374615,0.298116,0.372806,0.294421,0.670923,0.138849,2.27875,0.270104,,-0.368749,26.3163,-3.86434,91.0118,-0.368749,0,-3.0897881984710693,3.560689926147461,0.917643,999,,,,,,,229.3,3.275714285,229.3,3.275714285,,,,,,,,,,,,,,,,,,,"Luis Campusano","22217",669134
"Garrett Mitchell","MIL",93.776,360.893,321.161,70.5063,47.0874,12.9665,2.2805,8.17186,40.9621,32.4501,32.5565,0.69299,112.39,3.44195,1.56957,2.16382,5.62634,12.0024,2.90888,0.219535,0.0902109,0.311423,0.289673,0.296894,0.350445,0.286466,0.64734,0.13091,6.19033,0.308329,,0.665316,34.8515,-7.7908,82.5784,0.665316,2.55,-6.786474585533142,3.6924949884414673,0.911913,690.780029296875,,,,,,,323.3,3.439361702,323.3,3.439361702,,,,,,,,,,,,,,,,,,,"Garrett Mitchell","27555",669003
"Colt Emerson","SEA",72.709,290.532,261.904,62.7958,43.1501,13.5344,0.640116,5.47119,30.8647,28.9277,22.5185,1.33069,60.3777,3.77674,1.8407,0.492232,5.72243,4.76344,1.50371,0.239767,0.0775079,0.207818,0.372961,0.307168,0.359002,0.292891,0.666171,0.119235,4.18462,0.289671,,-0.11278,29.5721,-4.75651,92.8366,-0.11278,0,-2.565717615187168,1.3090611696243286,0.894517,999,,,,,,,269,3.684931506,269,3.684931506,,,,,,,,,,,,,,,,,,,"Colt Emerson","sa3022923",806068
"Marcell Ozuna","PIT",124.099,519.846,451.326,108.528,68.4939,19.0634,0.232864,20.7381,60.9777,68.5957,60.9703,1.11277,125.26,3.16044,3.88173,0.507593,9.35385,0.367167,0.113445,0.240466,0.117285,0.240955,0.486752,0.33246,0.421584,0.3292,0.754044,0.181119,1.54921,0.283918,,-0.841223,68.238,6.81419,109.214,-0.841223,0,4.835870265960693,-13.405755996704102,0.89273,363.9100036621094,,,,,,,603.9,4.87016129,603.9,4.87016129,,,,,,,,,,,,,,,,,,,"Marcell Ozuna","10324",542303
"Spencer Horwitz","PIT",115.727,477.782,420.446,108.514,73.557,23.9843,0.632383,10.3407,53.2132,52.0499,48.3295,1.39172,84.8618,4.92641,3.4996,0.58053,9.74649,1.99218,0.714881,0.258094,0.101154,0.177616,0.569508,0.338998,0.39193,0.321597,0.730928,0.133837,2.63145,0.298634,,-0.72231,59.7671,3.31342,104.006,-0.72231,0.22,1.5460275411605835,-8.910781174898148,0.872845,739.7899780273438,,,,,,,519.7,4.480172413,519.7,4.480172413,,,,,,,,,,,,,,,,,,,"Spencer Horwitz","26477",687462
"Gabriel Arias","CLE",111.855,444.38,409.488,91.6992,61.2517,18.0108,1.12573,11.3109,47.4736,43.8162,26.9698,0.808598,139.177,4.76485,2.36291,0.794273,8.09665,9.23658,2.81173,0.223936,0.0606909,0.313193,0.193781,0.278264,0.356284,0.277695,0.634548,0.132348,4.87472,0.307573,,0.0873374,39.7493,-12.7576,77.0223,0.0873374,0.43,-11.947333432734013,4.980778872966766,0.852088,747.1400146484375,,,,,,,372.2,3.323214285,372.2,3.323214285,,,,,,,,,,,,,,,,,,,"Gabriel Arias","22563",672356
"Jordan Beck","COL",130.994,540.473,491.447,124.352,78.5383,26.603,2.54115,16.6695,68.272,62.7191,41.152,0.268858,154.592,3.67993,3.72083,0.473704,7.53565,16.1056,4.21878,0.253032,0.0761407,0.28603,0.266198,0.313304,0.419263,0.317796,0.732567,0.166231,5.54501,0.332449,,0.680779,65.9415,2.08043,89.6328,0.680779,2.23,-5.960161566734314,-3.8345370292663574,0.83763,230.80999755859375,,,,,,,612.8,4.677862595,612.8,4.677862595,,,,,,,,,,,,,,,,,,,"Jordan Beck","31431",687597
"Isaac Collins","KCR",107.56,409.776,356.777,85.5823,56.7589,18.442,2.70584,7.67562,50.2038,37.7475,43.5748,0.938912,83.8204,4.86294,2.84349,1.71766,7.12282,12.4996,4.23632,0.239876,0.106338,0.204552,0.519859,0.328434,0.371276,0.309719,0.69971,0.1314,5.65237,0.290562,,0.0767991,47.3083,-1.10991,94.8809,0.0767991,1.36,-2.3955476358532906,-3.6196295022964478,0.82757,664.0900268554688,,,,,,,427.7,3.960185185,427.7,3.960185185,,,,,,,,,,,,,,,,,,,"Isaac Collins","25477",686555
"Davis Schneider","TOR",86.464,327.632,284.155,59.4773,34.0224,12.3438,0.932464,12.1787,38.7451,38.2332,37.1613,0.014134,94.2808,3.59894,2.41368,0.303417,3.24638,3.64795,1.03933,0.209313,0.113424,0.287764,0.394156,0.306229,0.387895,0.305675,0.694124,0.178582,4.11331,0.262611,,-0.18963,36.749,-1.96327,95.7152,-0.18963,0.55,-1.8442067801952362,-1.364460527896881,0.825446,999,,,,,,,327.5,3.808139534,327.5,3.808139534,,,,,,,,,,,,,,,,,,,"Davis Schneider","23565",676914
"Edgar Quero","CHW",109.556,427.936,382.541,98.0497,69.4541,18.8205,0.559122,9.21602,45.2169,44.0684,35.3545,0.758949,76.2495,5.50518,3.97457,0.560921,10.1007,1.09462,0.287606,0.256312,0.0826164,0.17818,0.463669,0.325029,0.380709,0.310372,0.705738,0.124397,2.38373,0.29508,,-0.6221,49.6319,-0.932087,98.0905,-0.6221,-3.13,-1.5851844549179077,-5.102458953857422,0.822717,509.3399963378906,,,,,,,436.1,3.964545454,436.1,3.964545454,,,,,,,,,,,,,,,,,,,"Edgar Quero","28022",700337
"Trevor Larnach","MIN",102.365,422.516,372.719,92.3181,60.9168,17.1961,1.12369,13.0815,49.7129,47.9956,41.5615,1.30457,97.2124,4.00697,3.79789,0.430465,7.89601,3.79045,1.35984,0.247688,0.0983668,0.23008,0.427533,0.326679,0.405147,0.319515,0.731826,0.157459,3.74912,0.297632,,-0.493156,52.1394,2.21586,103.887,-0.493156,-0.79,1.442735493183136,-7.967965662479401,0.820248,747.3499755859375,,,,,,,462.2,4.531372549,462.2,4.531372549,,,,,,,,,,,,,,,,,,,"Trevor Larnach","21501",663616
"Henry Davis","PIT",74.18,274.657,245.503,53.018,34.6837,10.6929,0.590587,7.05088,28.6418,27.4108,20.5096,0.817544,71.7192,5.44057,1.63706,1.44409,4.28536,3.8789,1.25859,0.215957,0.0746736,0.261123,0.285971,0.289166,0.350484,0.282215,0.63965,0.134527,4.14265,0.273014,,-0.134522,25.5757,-6.8771,77.0283,-0.134522,0.74,-7.612395763397217,6.463765382766724,0.817403,747.1300048828125,,,,,,,237,3.202702702,237,3.202702702,,,,,,,,,,,,,,,,,,,"Henry Davis","29617",680779
"Christian Walker","HOU",135.146,567.926,509.224,113.58,66.8631,20.9165,0.541302,25.2591,66.0705,73.5137,46.1451,1.13796,145.474,7.37207,4.5657,0.619571,8.56375,4.0545,1.06251,0.223046,0.0812519,0.25615,0.317205,0.294545,0.415057,0.307247,0.709601,0.192011,3.21735,0.257453,,-0.411415,64.4266,-2.6782,96.77,-0.411415,1.49,-2.5734823048114777,-8.98758864402771,0.81707,208.6699981689453,,,,,,,594.8,4.405925925,594.8,4.405925925,,,,,,,,,,,,,,,,,,,"Christian Walker","13419",572233
"Connor Norby","MIA",115.438,449.282,411.202,98.5015,62.766,21.6471,1.53386,12.5546,48.384,50.8761,30.2976,0.56698,124.309,4.08263,3.25796,0.442052,6.38027,7.77161,2.37961,0.239546,0.0674356,0.276684,0.243728,0.296056,0.391244,0.298929,0.6873,0.151698,4.48505,0.309612,,-0.0577571,47.9332,-5.15291,89.0199,-0.0577571,-2.34,-5.9045498333871365,-1.1028814315795898,0.812391,724.760009765625,,,,,,,452.4,3.933913043,452.4,3.933913043,,,,,,,,,,,,,,,,,,,"Connor Norby","29592",681393
"Wenceel Pérez","DET",101.277,413.495,373.477,86.8166,54.9644,16.903,3.89981,11.0494,49.8363,40.5171,32.7506,0.617389,89.8447,2.97856,3.21319,1.07548,5.02408,10.7063,2.77451,0.232455,0.0792044,0.217281,0.364525,0.297139,0.387353,0.298018,0.684491,0.154898,6.24818,0.274722,,0.410401,43.8093,-5.0483,89.5863,0.410401,2.49,-4.664718717336655,-1.8448822498321533,0.79008,747.3699951171875,,,,,,,410.2,4.061386138,410.2,4.061386138,,,,,,,,,,,,,,,,,,,"Wenceel Perez","22857",672761
"Ke'Bryan Hayes","CIN",126.727,504.47,464.185,111.965,82.9567,18.5726,2.47415,7.9615,52.6416,44.9393,32.5862,0.674996,98.5439,3.43891,3.36692,0.893067,10.4161,10.5548,3.24265,0.241208,0.064595,0.195342,0.330677,0.293878,0.343334,0.280659,0.637211,0.102126,4.97556,0.288061,,0.0020192,46.3381,-13.2689,72.9654,0.0020192,5.04,-16.161978454329073,6.995663404464722,0.779368,999,,,,,,,425.4,3.349606299,425.4,3.349606299,,,,,,,,,,,,,,,,,,,"Ke'Bryan Hayes","18577",663647
"Samuel Basallo","BAL",108.749,426.1,388.29,92.8721,57.3742,18.691,0.595744,16.2112,48.7832,52.5747,31.2725,2.13534,100.798,2.89642,2.93512,0.705695,7.92212,3.1023,1.08018,0.239182,0.0733923,0.236559,0.310249,0.298643,0.415638,0.307706,0.71428,0.176456,3.1452,0.279564,,-0.412133,48.4966,-1.85043,97.9555,-0.412133,-2.53,-1.4388801753520966,-5.632174015045166,0.777024,172.0500030517578,,,,,,,448.9,4.118348623,448.9,4.118348623,,,,,,,,,,,,,,,,,,,"Samuel Basallo","28824",694212
"Joc Pederson","TEX",101.029,398.569,342.801,78.7633,46.9813,13.9866,1.32046,16.475,49.0677,49.5133,44.1302,1.86284,89.482,7.24591,3.29531,0.724271,6.61709,3.02534,0.911522,0.229764,0.110722,0.224508,0.493174,0.327418,0.422449,0.326297,0.749867,0.192685,3.70359,0.259385,,-0.405242,51.3791,4.28513,110.723,-0.405242,0,4.63204151391983,-10.75771713256836,0.7768,999,,,,,,,452,4.475247524,452,4.475247524,,,,,,,,,,,,,,,,,,,"Joc Pederson","11899",592626
"Travis d'Arnaud","LAA",60.287,220.999,198.692,44.0484,27.4966,8.85763,0.330834,7.36331,22.3966,25.0723,14.4002,0.0095339,62.2114,2.94602,1.26871,0.282621,3.88264,0.745952,0.219723,0.221692,0.0651597,0.281501,0.231472,0.282525,0.380778,0.289728,0.663303,0.159086,2.86784,0.281357,,-0.236765,21.9272,-4.18553,82.9486,-0.236765,0.27,-4.678186818957329,4.611656218767166,0.771426,999,,,,,,,192.2,3.203333333,192.2,3.203333333,,,,,,,,,,,,,,,,,,,"Travis d'Arnaud","7739",518595
"Chandler Simpson","TBR",108.466,447.453,414.323,120.866,101.676,15.554,2.93966,0.697013,56.5203,31.0989,23.8567,0.746419,45.5353,1.14106,2.90502,5.13189,9.58135,36.6819,7.54349,0.291721,0.0533166,0.101765,0.523916,0.329841,0.348498,0.299163,0.67834,0.0567778,6.85282,0.323911,,3.41585,47.8231,-5.04688,89.7437,3.41585,-1.48,-1.9930636882781982,-5.8835344314575195,0.7698,183.83999633789062,,,,,,,459.4,4.253703703,459.4,4.253703703,,,,,,,,,,,,,,,,,,,"Chandler Simpson","31912",802415
"Mike Yastrzemski","ATL",114.55,461.409,402.472,91.3499,53.3842,21.5059,1.54853,14.9113,53.9101,52.2843,49.2991,2.04786,104.984,4.25964,3.21291,2.16486,6.22684,4.13502,1.47861,0.226972,0.106845,0.227529,0.469588,0.315537,0.399249,0.311933,0.714786,0.172277,3.82763,0.267464,,-0.470996,54.0986,-0.420468,98.7982,-0.470996,-1.47,-1.1282405853271484,-6.773240804672241,0.762198,655.5499877929688,,,,,,,487.6,4.24,487.6,4.24,,,,,,,,,,,,,,,,,,,"Mike Yastrzemski","14854",573262
"Austin Hays","CHW",111.048,448.836,410.838,101.007,64.575,20.7788,1.19949,14.4534,49.5921,51.4814,28.5501,0.837447,106.794,5.38224,3.26383,0.802142,7.89053,3.59921,1.02915,0.245855,0.0636091,0.237936,0.267338,0.30118,0.407812,0.307232,0.708993,0.161957,3.79094,0.295551,,-0.346396,50.9114,-2.122,95.9272,-0.346396,0.31,-2.500906765460968,-5.526526868343353,0.759238,629.7999877929688,,,,,,,459.6,4.14054054,459.6,4.14054054,,,,,,,,,,,,,,,,,,,"Austin Hays","19363",669720
"Nolan Gorman","STL",121.664,496.126,441.929,93.3612,53.552,18.0234,0.809973,20.9759,54.2299,64.9059,47.4345,1.61158,163.362,3.00365,3.3564,0.402797,5.38591,4.12212,1.20899,0.211258,0.0956098,0.329276,0.290364,0.29008,0.398101,0.298907,0.688181,0.186842,3.39923,0.277395,,-0.346548,52.9223,-5.69885,92.4942,-0.346548,-0.91,-4.760038107633591,-4.368609607219696,0.754819,678.3200073242188,,,,,,,488.9,4.007377049,488.9,4.007377049,,,,,,,,,,,,,,,,,,,"Nolan Gorman","22263",669357
"Austin Hedges","CLE",42.137,141.601,124.186,23.0845,16.14,3.68932,0.0794339,3.1757,12.4107,10.5513,10.2715,0.213697,38.171,1.53379,0.949498,3.42587,2.26308,1.99255,0.565552,0.185886,0.0725383,0.269567,0.269092,0.254779,0.293589,0.245156,0.548368,0.107704,3.60617,0.237606,,-0.016168,8.92511,-7.80614,54.607,-0.016168,6.74,-7.591949783265591,9.99131155014038,0.744123,999,,,,,,,81.6,1.942857142,81.6,1.942857142,,,,,,,,,,,,,,,,,,,"Austin Hedges","12976",595978
"Dalton Rushing","LAD",55.905,201.486,178.887,39.7547,23.7571,8.63289,0.519573,6.84519,24.0179,24.1512,17.7117,0.548729,56.617,3.44775,1.19988,0.239291,3.16981,0.676229,0.256018,0.222233,0.0879053,0.280997,0.312833,0.302684,0.391097,0.303436,0.693781,0.168864,3.345,0.282182,,-0.2625,22.2335,-1.57359,93.9576,-0.2625,-1.14,-1.7054361999034882,2.178197979927063,0.73422,743.3800048828125,,,,,,,207.5,3.705357142,207.5,3.705357142,,,,,,,,,,,,,,,,,,,"Dalton Rushing","31382",687221
"Josh Lowe","LAA",113.91,467.209,423.876,99.2759,61.7226,21.3812,2.10788,14.0642,57.4345,46.5288,36.9447,1.82038,128.714,2.29574,3.40509,0.687906,5.1244,21.4167,4.1522,0.23421,0.0790754,0.275495,0.28703,0.296913,0.394138,0.299488,0.691051,0.159928,6.24072,0.299511,,1.92844,50.058,-5.1463,89.6719,1.92844,0,-3.758839964866638,-5.174576282501221,0.731244,305.4100036621094,,,,,,,480,4.210526315,480,4.210526315,,,,,,,,,,,,,,,,,,,"Josh Lowe","19953",666139
"Lourdes Gurriel Jr.","ARI",83.315,350.263,323.043,86.4083,58.1592,16.6882,0.825361,10.7355,41.3906,45.197,20.1212,0.351909,54.8586,3.45212,3.24991,0.392687,6.52691,4.95434,1.48868,0.267482,0.0574461,0.156621,0.366784,0.314353,0.423949,0.319175,0.738302,0.156467,4.08392,0.290269,,-0.156021,43.1266,1.74033,103.246,-0.156021,0.19,1.191475749015808,-5.709210455417633,0.730061,690.739990234375,,,,,,,392.7,4.731325301,392.7,4.731325301,,,,,,,,,,,,,,,,,,,"Lourdes Gurriel Jr.","19238",666971
"Kyle Karros","COL",64.663,257.44,232.349,62.333,43.2766,13.143,0.870627,5.04276,28.6344,28.3828,20.3935,1.31831,59.1756,2.59187,1.76741,0.338567,5.09375,1.89281,0.722916,0.268274,0.0792167,0.229862,0.344627,0.331847,0.397444,0.318072,0.729291,0.12917,3.57653,0.337205,,-0.346222,31.4672,1.04863,89.8218,-0.346222,1,-3.45178085565567,1.9978857636451721,0.727564,999,,,,,,,275.6,4.24,275.6,4.24,,,,,,,,,,,,,,,,,,,"Kyle Karros","33252",691720
"Casey Schmitt","SFG",72.186,281.508,256.57,60.277,38.4053,12.0024,0.639395,9.22992,31.1015,32.3986,18.5013,0.63493,66.3516,3.11852,2.1193,1.1989,4.44464,1.93527,0.654149,0.234934,0.0657222,0.235701,0.278838,0.292166,0.394621,0.29799,0.686787,0.159687,3.44792,0.278781,,-0.272906,29.819,-3.44335,92.1109,-0.272906,-0.51,-2.905054986476898,0.5271550416946411,0.714954,999,,,,,,,271.1,3.765277777,271.1,3.765277777,,,,,,,,,,,,,,,,,,,"Casey Schmitt","27577",669477
"Cole Young","SEA",96.18,370.251,329.461,77.1915,53.6968,16.7641,0.971601,5.759,38.7723,33.7323,32.4806,0.734656,63.1803,4.25065,2.59415,1.46484,6.91468,5.84239,1.86838,0.234297,0.0877258,0.170642,0.514093,0.308913,0.343518,0.289809,0.652431,0.109222,4.12653,0.271487,,-0.188781,36.7601,-6.98792,90.714,-0.188781,-3.16,-4.24105703830719,-1.5697224140167236,0.709298,999,,,,,,,327.4,3.410416666,327.4,3.410416666,,,,,,,,,,,,,,,,,,,"Cole Young","31680",702284
"Keibert Ruiz","WSN",86.046,334.487,310.505,73.9998,52.8378,14.0195,0.206766,6.93575,28.8492,36.4521,16.5931,0.382272,38.5612,3.91548,3.04587,0.427492,6.71838,1.411,0.389017,0.238321,0.0496075,0.115284,0.430305,0.282909,0.351814,0.277729,0.634723,0.113494,2.29084,0.250189,,-0.358795,29.9286,-9.59358,75.8585,-0.358795,-0.91,-9.929364919662476,5.729351341724396,0.708867,728.530029296875,,,,,,,274.7,3.194186046,274.7,3.194186046,,,,,,,,,,,,,,,,,,,"Keibert Ruiz","19610",660688
"Luisangel Acuña","CHW",98.365,350.128,326.176,80.0831,61.2333,14.435,1.20275,3.21207,37.755,25.0672,18.3266,0.308715,66.3175,1.75819,2.0955,1.77198,6.57258,16.4729,3.84099,0.245521,0.0523425,0.189409,0.276346,0.287545,0.326695,0.270892,0.614239,0.0811732,5.93201,0.297096,,1.18683,29.3845,-11.9858,70.8937,1.18683,3.9,-10.824370384216309,5.627354741096497,0.701232,422.32000732421875,,,,,,,275.7,2.813265306,275.7,2.813265306,,,,,,,,,,,,,,,,,,,"Luisangel Acuna","26548",682668
"Brayan Rocchio","CLE",121.218,467.37,422.409,95.9049,66.7401,20.2554,1.41783,7.49153,48.5428,39.5683,32.8141,0.588395,90.944,6.16279,3.55442,2.42976,8.25941,12.0681,4.0304,0.227043,0.07021,0.194587,0.360816,0.290105,0.334914,0.276718,0.625019,0.107871,5.01964,0.269941,,0.0690771,41.4351,-13.7883,76.3493,0.0690771,-0.15,-12.95890175551176,3.643258661031723,0.692704,999,,,,,,,373.7,3.088429752,373.7,3.088429752,,,,,,,,,,,,,,,,,,,"Brayan Rocchio","23690",677587
"Andrew Vaughn","MIL",129.119,537.153,488.28,122.645,81.0096,24.1788,0.49395,16.9624,55.5801,70.6968,36.4041,0.356992,104.86,6.61057,5.04631,0.812264,10.9449,0.719511,0.20565,0.251177,0.0677723,0.195215,0.347168,0.30887,0.406936,0.311196,0.715806,0.155759,2.00813,0.284472,,-0.756726,62.6579,-0.810869,99.5189,-0.756726,-0.15,-1.0630185008049011,-10.112885862588882,0.685014,279.57000732421875,,,,,,,561.1,4.349612403,561.1,4.349612403,,,,,,,,,,,,,,,,,,,"Andrew Vaughn","26197",683734
"Josh Bell","MIN",129.78,539.206,476.157,115.427,77.8534,18.2255,1.37251,17.9759,62.2447,62.0996,53.7224,1.30371,101.116,4.01822,4.27839,0.611932,12.777,1.69744,0.578883,0.242414,0.0996324,0.187528,0.531293,0.321768,0.399712,0.315649,0.72148,0.157297,2.73913,0.269692,,-0.784115,64.847,1.13564,101.225,-0.784115,-0.92,-0.005763888359069824,-11.910853326320648,0.679557,654.1500244140625,,,,,,,570.1,4.385384615,570.1,4.385384615,,,,,,,,,,,,,,,,,,,"Josh Bell","13145",605137
"Giancarlo Stanton","NYY",95.976,392.001,350.704,77.7092,41.984,11.7552,0.0652771,23.9047,48.4249,59.0666,36.2686,1.70872,124.932,2.05869,2.28423,0.408027,6.45974,0.0958378,0.0251808,0.221581,0.0925216,0.318704,0.290306,0.296529,0.459958,0.323288,0.756487,0.238377,1.40655,0.263552,,-0.510053,49.5747,3.25676,108.373,-0.510053,0,3.3584094047546387,-10.267363548278809,0.673532,256.7799987792969,,,,,,,460.2,4.79375,460.2,4.79375,,,,,,,,,,,,,,,,,,,"Giancarlo Stanton","4949",519317
"Edmundo Sosa","PHI",66.013,245.221,225.513,55.2545,36.4398,9.42106,1.79536,7.5983,28.3896,27.665,10.5833,0.261577,56.8932,5.40386,1.64843,1.77568,4.52469,3.17454,1.1684,0.245017,0.0431583,0.232008,0.186021,0.292996,0.403796,0.301848,0.696792,0.158779,5.24596,0.292963,,-0.187951,26.7435,-2.23129,90.7503,-0.187951,1.18,-2.8762762248516083,1.2998492270708084,0.673435,999,,,,,,,245.6,3.721212121,245.6,3.721212121,,,,,,,,,,,,,,,,,,,"Edmundo Sosa","17022",624641
"Zach McKinstry","DET",104.095,403.163,361.721,82.8788,54.9202,15.8973,4.41284,7.6485,48.5489,33.8723,33.582,0.617045,90.3742,3.69352,2.80376,1.36243,4.62457,14.0714,4.02364,0.229123,0.0832964,0.224163,0.371589,0.29904,0.360906,0.290146,0.659945,0.131782,6.86726,0.282288,,0.561952,40.1379,-7.49887,84.1637,0.561952,0.42,-6.963064074516296,-0.3555055558681488,0.670929,492.55999755859375,,,,,,,376.6,3.621153846,376.6,3.621153846,,,,,,,,,,,,,,,,,,,"Zach McKinstry","19392",656716
"Lane Thomas","KCR",95.256,389.7,350.974,82.5246,51.1854,17.4932,1.41026,12.4357,50.512,42.8055,31.2198,0.134544,97.8939,4.34,2.73719,0.429082,5.04223,16.8715,4.49068,0.23513,0.0801124,0.251203,0.318915,0.303348,0.399304,0.306492,0.702652,0.164174,6.17441,0.28798,,0.963514,43.9695,-2.07655,92.658,0.963514,-2.46,-2.4087265729904175,-4.812000036239624,0.633531,716.6099853515625,,,,,,,407.7,4.291578947,407.7,4.291578947,,,,,,,,,,,,,,,,,,,"Lane Thomas","16939",657041
"Gary Sánchez","MIL",44.395,166.37,147.969,31.3621,18.2104,5.19413,0.18258,7.77494,17.5159,24.4946,13.2228,0.0862928,45.9468,2.89492,1.18794,0.199222,2.78557,0.151335,0.0450587,0.211951,0.0794781,0.276172,0.287784,0.287279,0.407155,0.301936,0.694434,0.195204,1.8612,0.247154,,-0.214239,18.156,-1.50187,93.1759,-0.214239,0.25,-1.5598296523094177,2.1807589530944824,0.629846,999,,,,,,,163.3,3.711363636,163.3,3.711363636,,,,,,,,,,,,,,,,,,,"Gary Sanchez","11442",596142
"Luis Torrens","NYM",62.175,223.612,205.094,46.7576,32.9394,8.32094,0.956791,4.54047,22.2058,21.4085,14.3819,0.348101,50.3376,1.90782,1.60435,0.622344,4.62359,1.05705,0.396594,0.227981,0.0643163,0.225111,0.285708,0.282738,0.344298,0.275476,0.627036,0.116317,3.62876,0.278073,,-0.273698,19.5989,-6.82256,77.5961,-0.273698,0,-6.2113378047943115,4.7974534034729,0.616509,999,,,,,,,184,2.967741935,184,2.967741935,,,,,,,,,,,,,,,,,,,"Luis Torrens","15905",620443
"Austin Martin","MIN",82.432,319.035,278.891,70.3821,51.8488,14.7446,0.809793,2.97888,37.3677,23.8525,30.5549,0.386476,53.2027,5.46946,2.00447,2.11553,6.4936,11.2785,3.25514,0.252364,0.0957729,0.166761,0.574311,0.335752,0.343084,0.30447,0.678836,0.0907196,5.0949,0.299952,,0.345097,35.4726,-2.22384,93.5236,0.345097,-0.97,-2.0901409089565277,-2.9058024883270264,0.612312,747.4099731445312,,,,,,,310.9,3.791463414,310.9,3.791463414,,,,,,,,,,,,,,,,,,,"Austin Martin","27462",668885
"Spencer Steer","CIN",100.684,414.92,367.006,85.3557,52.0052,17.6603,1.47566,14.2145,49.0448,47.0097,39.1608,0.340857,90.0432,5.20671,2.92269,0.62355,5.77261,7.66622,2.21567,0.232573,0.0943815,0.217013,0.434911,0.313117,0.404927,0.313807,0.718044,0.172354,4.58253,0.267779,,-0.00807931,49.2792,0.253168,95.6727,-0.00807931,0.55,-2.1361136604100466,-5.919314086437225,0.588201,328.3500061035156,,,,,,,440.1,4.357425742,440.1,4.357425742,,,,,,,,,,,,,,,,,,,"Spencer Steer","26323",668715
"Mauricio Dubón","ATL",104.601,394.191,367.628,92.4905,68.7993,17.4074,1.63484,4.64894,38.7395,36.614,19.0455,0.282485,50.5155,2.12624,3.25678,2.13426,8.23708,2.98429,1.12803,0.251587,0.0483154,0.12815,0.377023,0.289913,0.345769,0.27841,0.635681,0.0941818,3.73528,0.278226,,-0.457185,35.4886,-11.0881,75.8338,-0.457185,2.89,-11.747600376605988,4.345438003540039,0.584477,747.3300170898438,,,,,,,320.8,3.055238095,320.8,3.055238095,,,,,,,,,,,,,,,,,,,"Mauricio Dubon","16530",643289
"Amed Rosario","NYY",65.799,249.243,233.577,61.2767,45.1995,9.94239,1.36485,4.7699,28.2302,23.7408,10.8406,0.03541,44.9184,1.78902,1.79224,0.350392,5.06262,5.84683,1.52262,0.26234,0.043494,0.180219,0.241339,0.29801,0.377855,0.294301,0.675865,0.115515,5.29813,0.304321,,0.164293,25.6548,-3.79518,88.4047,0.164293,0,-3.241957813501358,0.3173176944255829,0.578465,999,,,,,,,234.1,3.546969696,234.1,3.546969696,,,,,,,,,,,,,,,,,,,"Amed Rosario","15518",642708
"James McCann","ARI",53.973,198.738,180.027,43.0918,29.5375,7.9139,0.479505,5.16097,20.6859,23.0013,11.05,0.112969,51.8353,2.17397,1.54375,1.19242,3.86311,1.23886,0.424758,0.239363,0.0556006,0.260822,0.213174,0.289103,0.374653,0.289597,0.663756,0.13529,3.38219,0.304483,,-0.207725,19.6974,-3.78505,82.9844,-0.207725,0,-4.215667903423309,3.2559468746185303,0.578305,999,,,,,,,171.9,3.183333333,171.9,3.183333333,,,,,,,,,,,,,,,,,,,"James McCann","12859",543510
"Andrew Benintendi","CHW",117.466,485.204,435.396,107.659,72.5848,19.1242,0.930912,15.0189,52.1015,54.8997,41.3544,1.83059,81.488,2.4609,5.09148,0.901461,8.32408,3.28384,1.0574,0.247267,0.0852309,0.167946,0.507491,0.312768,0.398951,0.309186,0.711719,0.151684,3.15617,0.269318,,-0.532606,55.8063,-1.52426,97.2731,-0.532606,-2.46,-2.0920138359069824,-8.976090431213379,0.576207,743.469970703125,,,,,,,503.5,4.303418803,503.5,4.303418803,,,,,,,,,,,,,,,,,,,"Andrew Benintendi","17901",643217
"Nasim Nuñez","WSN",95.339,346.103,309.242,70.152,53.9239,10.9196,1.08344,4.22505,37.9801,22.0634,29.0167,0.490971,82.2472,1.54654,2.15005,4.14725,5.83965,21.6166,4.80974,0.226851,0.0838384,0.237638,0.352799,0.294527,0.310157,0.270658,0.604684,0.0833056,6.19488,0.293112,,1.79914,28.9812,-11.9136,71.015,1.79914,1.95,-10.090619564056396,4.195639133453369,0.574991,616.030029296875,,,,,,,279,2.936842105,279,2.936842105,,,,,,,,,,,,,,,,,,,"Nasim Nunez","25979",683083
"Javier Sanoja","MIA",60.356,221.669,205.923,55.0179,38.5205,11.7389,1.4532,3.30537,24.6811,21.7449,12.0054,0.827712,20.9817,0.913837,1.66554,1.16092,4.29569,6.52462,2.00363,0.267177,0.054159,0.0946531,0.572184,0.308094,0.386451,0.300951,0.694545,0.119274,5.62282,0.282117,,0.150277,24.0134,-2.17849,90.405,0.150277,0.02,-2.370561197400093,0.6021372862160206,0.573621,999,,,,,,,217.4,3.623333333,217.4,3.623333333,,,,,,,,,,,,,,,,,,,"Javier Sanoja","28253",691594
"Rob Refsnyder","SEA",62.228,233.314,203.479,49.124,31.6916,9.20555,0.582842,7.64406,28.1378,26.8308,23.6319,0.670652,60.9332,3.18207,1.47381,0.568558,4.2424,2.8299,0.847786,0.241421,0.101288,0.261164,0.387832,0.327649,0.405091,0.320918,0.73274,0.16367,4.13538,0.30416,,-0.163011,29.0573,1.48941,112.143,-0.163011,-0.15,3.1762945652008057,-5.608596712350845,0.572744,999,,,,,,,262.3,4.230645161,262.3,4.230645161,,,,,,,,,,,,,,,,,,,"Rob Refsnyder","13770",608701
"Ramón Urías","STL",73.234,283.615,257.602,61.656,42.0578,11.7062,0.751367,7.14064,29.4818,30.2076,20.2477,0.0687228,62.2152,3.40856,1.93599,0.404461,5.79119,1.68711,0.563654,0.239346,0.0713915,0.219365,0.325446,0.30125,0.373782,0.296411,0.675032,0.134436,3.46409,0.286648,,-0.326773,29.6788,-3.83253,90.7844,-0.326773,-1.58,-3.424520879983902,-0.4498457908630371,0.569019,999,,,,,,,265.5,3.636986301,265.5,3.636986301,,,,,,,,,,,,,,,,,,,"Ramon Urias","18795",602104
"Brady House","WSN",122.575,493.679,463.232,109.993,76.0773,20.7177,1.20842,11.9894,46.8459,54.4059,22.5843,1.02672,138.071,4.23146,3.06598,0.564943,9.1171,5.38576,1.9526,0.237446,0.045747,0.279679,0.16357,0.277438,0.365034,0.279164,0.642472,0.127588,3.65385,0.309904,,-0.394958,44.7476,-13.5844,76.8413,-0.394958,1.19,-13.945412188768387,3.081589460372925,0.56896,724.8699951171875,,,,,,,417.3,3.392682926,417.3,3.392682926,,,,,,,,,,,,,,,,,,,"Brady House","29993",691781
"Jake Burger","TEX",130.006,531.379,491.359,115.895,69.912,21.5282,1.08455,23.3704,60.0487,71.2312,28.6869,0.703153,133.547,7.4872,3.29024,0.555749,9.36962,2.00409,0.71833,0.235867,0.0539857,0.251322,0.214807,0.286478,0.426783,0.306975,0.713261,0.190916,2.9718,0.273959,,-0.589055,60.1635,-2.623,97.413,-0.589055,-0.47,-2.2092698216438293,-10.595739096403122,0.561102,237.80999755859375,,,,,,,553.3,4.256153846,553.3,4.256153846,,,,,,,,,,,,,,,,,,,"Jake Burger","22275",669394
"Jasson Domínguez","NYY",60.267,236.963,211.781,50.4682,32.837,9.58667,0.998467,7.04601,30.3798,23.3605,21.877,0.887853,61.0961,1.69853,1.34244,0.263621,3.64057,10.0806,2.21461,0.238303,0.0923223,0.25783,0.358075,0.312817,0.39281,0.308108,0.705627,0.154507,6.0416,0.299501,,0.742647,27.0473,-0.951728,97.9163,0.742647,-0.36,0.1606895923614502,-2.863970637321472,0.557869,322.95001220703125,,,,,,,253.9,4.231666666,253.9,4.231666666,,,,,,,,,,,,,,,,,,,"Jasson Dominguez","28080",691176
"Victor Robles","SEA",83.724,329.648,293.263,68.9375,48.5951,12.7106,2.2192,5.41273,40.7841,24.4385,21.2399,0.316617,74.2043,7.96707,1.98664,5.19116,5.35565,17.5788,4.37464,0.235071,0.0644322,0.225102,0.286236,0.302489,0.348918,0.288641,0.651406,0.113847,6.96174,0.294597,,1.21273,32.4161,-6.53436,89.909,1.21273,0.43,-2.7079135179519653,-3.2000086903572083,0.556378,705.0499877929688,,,,,,,299.5,3.56547619,299.5,3.56547619,,,,,,,,,,,,,,,,,,,"Victor Robles","18363",645302
"Carson Benge","NYM",92.886,370.913,334.482,79.9334,53.418,17.1193,0.760342,8.63574,41.0951,37.7088,29.8293,1.6825,80.3735,3.62806,2.17219,0.801603,6.63389,6.44344,2.13387,0.238977,0.0804213,0.216691,0.371134,0.306369,0.37216,0.297076,0.678529,0.133183,4.24261,0.287903,,-0.147587,39.0141,-4.81215,92.3926,-0.147587,0,-3.4918799102306366,-3.4181694984436035,0.555589,999,,,,,,,361.4,3.886021505,361.4,3.886021505,,,,,,,,,,,,,,,,,,,"Carson Benge","sa3025452",701807
"Luke Raley","SEA",82.912,312.495,275.135,60.5606,37.6558,11.5294,0.564917,10.8105,36.9401,34.5413,23.0686,0.314904,94.1893,10.7514,1.73415,1.80588,5.57017,6.15112,1.6112,0.220112,0.0738208,0.301411,0.244918,0.303778,0.383998,0.303123,0.687777,0.163886,4.77534,0.289465,,0.100629,34.4037,-2.51998,99.8852,0.100629,-0.25,0.05835793539881706,-5.419205188751221,0.551948,999,,,,,,,318.3,3.834939759,318.3,3.834939759,,,,,,,,,,,,,,,,,,,"Luke Raley","19354",670042
"Jake Rogers","DET",54.661,195.187,174.732,35.523,21.484,7.25077,0.457319,6.33089,19.785,21.3197,16.1798,0.135838,56.7284,2.02098,1.4327,0.626448,2.76827,0.761717,0.251391,0.2033,0.0828937,0.290636,0.285214,0.276406,0.358727,0.279113,0.635132,0.155427,3.20463,0.258096,,-0.211695,17.684,-5.37888,76.5637,-0.211695,0,-5.603229716420174,4.217669486999512,0.545577,999,,,,,,,159.2,2.894545454,159.2,2.894545454,,,,,,,,,,,,,,,,,,,"Jake Rogers","19452",668670
"Connor Wong","BOS",60.518,221.227,201.9,46.5356,31.9109,9.5713,0.730932,4.32242,22.7765,20.867,14.1047,0.141304,54.6359,2.55651,1.33961,1.2848,3.84111,4.04976,1.32933,0.230488,0.0637567,0.246967,0.258158,0.287388,0.349361,0.280341,0.636748,0.118873,4.63266,0.292575,,-0.0541573,20.2637,-5.87602,73.4639,-0.0541573,0.02,-6.973230421543121,4.689599055796862,0.545391,999,,,,,,,189.3,3.103278688,189.3,3.103278688,,,,,,,,,,,,,,,,,,,"Connor Wong","19896",657136
"Mitch Garver","SEA",30.304,114.74,99.8483,20.1972,12.3884,3.56397,0.209397,4.03549,12.2352,13.1918,12.3356,0.0930071,32.6274,1.27278,0.786203,0.133594,1.58039,0.528833,0.15825,0.202279,0.107509,0.284359,0.378075,0.29591,0.363416,0.292002,0.659326,0.161137,2.99005,0.252639,,-0.130047,11.5962,-1.96122,92.2248,-0.130047,0.16,-1.181517869234085,2.4982716143131256,0.538769,999,,,,,,,102.1,3.403333333,102.1,3.403333333,,,,,,,,,,,,,,,,,,,"Mitch Garver","15161",641598
"Christian Moore","LAA",92.179,359.335,323.084,71.0666,46.6392,12.5556,1.40351,10.4684,38.5685,35.352,30.1975,0.718627,114.893,2.87307,2.11866,1.06218,4.99837,6.00437,1.88198,0.219964,0.0840371,0.319737,0.262832,0.290664,0.364718,0.287746,0.655382,0.144754,4.68277,0.303232,,-0.0913003,35.0744,-7.38383,81.5831,-0.0913003,-0.69,-7.891199447214603,0.7325153946876526,0.53295,747.0900268554688,,,,,,,316.8,3.44347826,316.8,3.44347826,,,,,,,,,,,,,,,,,,,"Christian Moore","34979",695681
"Braxton Fulford","COL",52.132,190.713,173.009,41.5431,26.0064,9.40542,0.886056,5.24523,21.4571,21.4649,12.5524,0.0395424,51.9969,3.20817,1.35623,0.586815,2.73462,2.46297,0.809097,0.24012,0.0658181,0.272645,0.241406,0.301398,0.39568,0.303984,0.697077,0.155559,4.59716,0.309911,,-0.114216,21.1296,-1.40465,80.1707,-0.114216,-0.59,-4.596317082643509,3.4325310587882996,0.53011,999,,,,,,,190,3.653846153,190,3.653846153,,,,,,,,,,,,,,,,,,,"Braxton Fulford","29704",690924
"Mickey Moniak","COL",117.522,471.411,437.523,112.019,64.2677,22.6876,4.67249,20.3914,61.5705,66.1066,26.4601,0.909215,117.552,3.99414,2.97695,0.456477,5.23943,9.00059,2.85075,0.25603,0.0561296,0.249361,0.225094,0.302521,0.469063,0.328936,0.771584,0.213033,5.86814,0.302844,,0.0133666,61.7793,6.07842,97.2642,0.0133666,-0.45,-1.5151651753112674,-9.044940173625946,0.524234,245.85000610351562,,,,,,,571.1,4.839830508,571.1,4.839830508,,,,,,,,,,,,,,,,,,,"Mickey Moniak","19956",666160
"Coby Mayo","BAL",52.207,198.507,178.629,40,23.949,8.47821,0.728568,6.84417,22.6176,22.5748,16.3451,0.548644,56.5996,2.23916,1.09114,0.202715,2.64819,1.55973,0.464138,0.223928,0.0823402,0.285127,0.288785,0.295426,0.394493,0.300299,0.689919,0.170565,4.10751,0.285147,,-0.155296,21.3993,-2.05584,92.8531,-0.155296,-0.4,-1.8274105042219162,0.04759085178375244,0.516931,520.719970703125,,,,,,,197.5,3.798076923,197.5,3.798076923,,,,,,,,,,,,,,,,,,,"Coby Mayo","28312",691723
"Blaze Alexander","BAL",79.382,309.265,275.846,60.3521,40.901,10.8586,1.25954,7.33296,35.1302,27.0896,24.508,0.0612407,99.1654,5.52786,1.75654,1.62673,5.35274,6.40145,2.06966,0.218789,0.0792458,0.320648,0.247142,0.293812,0.347037,0.284542,0.640849,0.128248,5.19106,0.309865,,-0.035168,29.3826,-7.15946,81.9985,-0.035168,-0.17,-6.596797734498978,0.9869735985994339,0.5151,747.3599853515625,,,,,,,262.2,3.318987341,262.2,3.318987341,,,,,,,,,,,,,,,,,,,"Blaze Alexander","23789",677942
"Nick Fortes","TBR",89.628,307.7,279.914,60.9747,43.0308,11.0409,0.664484,6.23854,27.7379,28.3178,16.531,0.26705,55.8804,5.02633,2.06328,4.04952,6.2759,2.22763,0.734176,0.217834,0.0537246,0.181607,0.295829,0.271903,0.328888,0.265221,0.600791,0.111054,3.43105,0.248961,,-0.279759,24.4071,-11.95,66.3625,-0.279759,0,-12.478735864162445,6.915740489959717,0.51438,999,,,,,,,222.6,2.473333333,222.6,2.473333333,,,,,,,,,,,,,,,,,,,"Nick Fortes","21538",663743
"Jorge Soler","LAA",115.634,474.586,414.113,91.0144,52.4321,17.6152,0.30537,20.6618,53.6028,59.1755,49.7196,0.435822,128.23,4.96569,3.27116,0.465092,7.50237,0.772121,0.207446,0.219782,0.104764,0.270194,0.387736,0.308641,0.413476,0.315001,0.722116,0.193694,2.10256,0.262029,,-0.634805,56.826,0.749983,100.358,-0.634805,-1.81,-0.4343354403972626,-10.879045963287354,0.513721,668.3499755859375,,,,,,,512.1,4.414655172,512.1,4.414655172,,,,,,,,,,,,,,,,,,,"Jorge Soler","14221",624585
"Romy Gonzalez","BOS",54.327,210.094,193.958,50.1569,33.983,9.5842,0.824565,5.76512,25.4596,23.7984,12.3226,0.364727,52.4872,1.69094,1.54431,0.578211,4.32295,6.34307,1.90987,0.258597,0.0586528,0.249827,0.234774,0.30628,0.405684,0.308522,0.711963,0.147087,5.50673,0.323437,,0.172042,24.0511,-0.773165,92.8773,0.172042,-0.42,-1.5916907489299774,-0.6223675012588501,0.513306,999,,,,,,,224.9,4.164814814,224.9,4.164814814,,,,,,,,,,,,,,,,,,,"Romy Gonzalez","21562",663853
"Joe Mack","MIA",61.781,235.428,214.13,46.3227,30.1683,9.22515,0.446275,6.483,22.3738,25.7123,17.0547,0.629471,66.6635,2.35325,1.38745,0.503032,4.0839,1.56772,0.576154,0.21633,0.072441,0.283159,0.255832,0.279794,0.354409,0.278038,0.634203,0.138079,3.18791,0.279831,,-0.245532,21.1242,-6.69343,74.7088,-0.245532,-0.08,-7.302560657262802,4.401029035449028,0.504525,999,,,,,,,184.1,2.969354838,184.1,2.969354838,,,,,,,,,,,,,,,,,,,"Joe Mack","sa3017374",691788
"Brett Baty","NYM",111.27,441.793,400.288,92.7592,62.1352,15.7766,0.349062,14.4984,48.5564,49.5199,34.4669,0.729957,113.35,3.19841,2.30309,1.19363,9.26077,3.63227,1.31262,0.231731,0.078016,0.256567,0.304076,0.296247,0.381548,0.296479,0.677795,0.149817,3.21326,0.284851,,-0.465116,46.2556,-5.94566,91.984,-0.465116,0.34,-4.662422627210617,-5.199127823114395,0.494887,294.57000732421875,,,,,,,414.6,3.735135135,414.6,3.735135135,,,,,,,,,,,,,,,,,,,"Brett Baty","26123",683146
"Bryce Eldridge","SFG",98.948,394.709,355.536,85.1798,50.6367,17.2342,0.648873,16.66,46.4014,52.9638,33.0883,3.56384,117.918,2.66092,3.11775,0.306319,6.01574,1.78784,0.495472,0.239581,0.0838297,0.298746,0.280606,0.306613,0.432282,0.316158,0.738895,0.192701,3.0245,0.305788,,-0.392101,47.6324,0.994445,104.557,-0.392101,-0.02,1.7397415041923523,-10.098037261515856,0.488416,999,,,,,,,446.6,4.511111111,446.6,4.511111111,,,,,,,,,,,,,,,,,,,"Bryce Eldridge","33390",805811
"Tyler Freeman","COL",76.742,311.326,275.29,77.3348,56.4226,15.5461,1.33318,4.03294,39.7105,28.4643,22.7098,0.242177,39.448,8.67451,2.31843,2.33326,7.15381,13.1057,3.82145,0.280921,0.0729452,0.12671,0.575689,0.35185,0.391028,0.328358,0.742878,0.110107,5.66514,0.313085,,0.478119,40.6536,3.86806,96.868,0.478119,-0.89,-0.6775442361831665,-4.969221234321594,0.482007,747.0499877929688,,,,,,,355.4,4.615584415,355.4,4.615584415,,,,,,,,,,,,,,,,,,,"Tyler Freeman","22532",671289
"Jake Fraley","TBR",95.636,358.484,321.075,76.4199,52.1302,15.07,1.10204,8.11759,41.2711,35.4808,31.2096,1.0826,75.0441,3.55701,2.14232,0.50005,5.44686,12.6091,3.65732,0.238013,0.0870599,0.209337,0.415883,0.310591,0.367661,0.298551,0.678252,0.129648,5.30646,0.284527,,0.457564,38.136,-4.22162,89.3219,0.457564,1.24,-4.0541117787361145,-3.5947277545928955,0.479805,999,,,,,,,347.5,3.619791666,347.5,3.619791666,,,,,,,,,,,,,,,,,,,"Jake Fraley","19260",641584
"Rhys Hoskins","CLE",93.795,380.589,329.543,71.9229,42.4652,14.1123,0.564638,14.7807,43.7039,46.2837,42.7074,0.711412,99.4309,4.73213,2.93941,0.403926,5.18968,2.7074,0.78468,0.21825,0.112214,0.261255,0.429519,0.314176,0.399057,0.31277,0.713233,0.180807,3.31465,0.261794,,-0.368685,44.8814,-0.0881439,101.184,-0.368685,-0.14,0.16232895851135254,-8.596176758408546,0.477329,739.489990234375,,,,,,,407.4,4.334042553,407.4,4.334042553,,,,,,,,,,,,,,,,,,,"Rhys Hoskins","16472",656555
"Matt Shaw","CHC",76.731,295.837,267.324,64.0437,42.496,11.8479,1.40851,8.29129,36.5487,30.9588,23.1984,0.387999,61.612,2.76255,1.96025,0.591524,4.62587,10.1578,2.77837,0.239573,0.0784162,0.208263,0.376524,0.304847,0.387479,0.302601,0.692326,0.147906,5.74732,0.279627,,0.444403,32.4445,-2.51091,94.669,0.444403,0.22,-1.4247865676879883,-3.7574301064014435,0.476812,331.6300048828125,,,,,,,295.7,3.84025974,295.7,3.84025974,,,,,,,,,,,,,,,,,,,"Matt Shaw","33322",807713
"Luis Rengifo","MIL",106.859,424.874,390.772,94.9793,69.5228,15.0876,2.32903,8.03988,45.6477,41.8251,26.3978,0.411163,78.4565,3.84724,2.72098,1.13603,8.16619,12.3429,3.91354,0.243056,0.0621309,0.184658,0.336464,0.295523,0.355309,0.285961,0.650832,0.112253,5.32911,0.283193,,0.209988,40.8557,-9.34647,82.2319,0.209988,-2.41,-8.7373778373003,-0.7609415054321289,0.474458,619.7899780273438,,,,,,,372.7,3.48317757,372.7,3.48317757,,,,,,,,,,,,,,,,,,,"Luis Rengifo","19858",650859
"Chase DeLauter","CLE",103.934,446.923,407.179,97.4478,64.8601,20.4624,0.978606,11.1467,46.3262,47.9584,33.1497,1.30945,85.4503,2.80812,3.06365,0.722389,8.55011,3.65859,1.35418,0.239324,0.0741731,0.191197,0.387941,0.298981,0.376511,0.294806,0.675493,0.137187,3.40462,0.275155,,-0.479766,46.1854,-6.62195,88.809,-0.479766,0,-6.374646842479706,-4.445148944854736,0.466808,999,,,,,,,416.1,4.000961538,416.1,4.000961538,,,,,,,,,,,,,,,,,,,"Chase DeLauter","32127",800050
"Jake McCarthy","COL",92.329,365.513,330.889,86.2998,62.6297,14.6515,4.0888,4.92976,45.6987,30.5814,23.1386,0.493819,62.2568,5.54381,2.19656,3.745,7.07441,16.0122,3.62843,0.260812,0.0633045,0.170327,0.371664,0.317834,0.374501,0.303904,0.692335,0.113689,7.00358,0.306018,,1.11698,40.4724,-2.71578,80.1161,1.11698,3.02,-7.496915936470032,-0.11462664604187012,0.465436,608.0399780273438,,,,,,,370.1,4.022826086,370.1,4.022826086,,,,,,,,,,,,,,,,,,,"Jake McCarthy","21622",664983
"Edouard Julien","COL",76.9,297.782,258.421,63.1359,42.7103,12.5816,0.915796,6.92825,34.6326,30.8188,34.4541,1.13466,85.8533,2.62169,1.55435,0.731013,5.70155,3.2949,1.12533,0.244314,0.115703,0.288309,0.401314,0.337355,0.380518,0.317452,0.717874,0.136204,3.91955,0.336183,,-0.321092,36.2484,1.06315,89.3974,-0.321092,-1.56,-4.0631168484687805,-1.3309822231531143,0.461755,747.4000244140625,,,,,,,317.9,4.128571428,317.9,4.128571428,,,,,,,,,,,,,,,,,,,"Edouard Julien","27534",666397
"Jonny DeLuca","TBR",72.35,279.225,255.777,58.3767,38.1527,12.043,1.68982,6.49117,30.8725,27.3974,17.6989,0.716154,56.6475,2.94863,1.79679,1.00407,3.6562,8.98529,1.97519,0.228233,0.0633859,0.202874,0.31244,0.284034,0.364665,0.282945,0.648699,0.136432,6.04779,0.266853,,0.60473,26.1666,-6.82601,78.572,0.60473,2.66,-6.447202086448669,1.330818772315979,0.459801,999,,,,,,,245.9,3.415277777,245.9,3.415277777,,,,,,,,,,,,,,,,,,,"Jonny DeLuca","26365",676356
"Jacob Young","WSN",83.14,313.061,281.352,67.4623,53.3643,11.0348,1.42455,1.63865,32.7147,17.8968,19.802,0.493882,58.592,4.01617,1.84528,6.04596,6.67846,15.5817,4.1901,0.239779,0.0632528,0.187159,0.337963,0.297316,0.306599,0.26997,0.603915,0.0668198,6.15998,0.295218,,0.894154,26.0394,-10.9512,70.5434,0.894154,2.81,-10.035468578338623,4.0930246114730835,0.457661,999,,,,,,,241.8,2.913253012,241.8,2.913253012,,,,,,,,,,,,,,,,,,,"Jacob Young","29931",696285
"Thomas Saggese","STL",60.347,235.867,217.6,53.032,35.9301,11.5327,0.87039,4.69882,23.7522,23.9842,13.5183,0.34643,61.8101,2.40064,1.74519,0.602961,3.47289,2.77953,0.868124,0.243713,0.0573134,0.262055,0.218708,0.293079,0.369494,0.289197,0.662573,0.125781,4.11345,0.316242,,-0.13961,23.3007,-4.56882,85.8425,-0.13961,0.06,-4.097346678376198,0.6032471619546413,0.445392,999,,,,,,,217.2,3.62,217.2,3.62,,,,,,,,,,,,,,,,,,,"Thomas Saggese","27883",695336
"Brooks Baldwin","CHW",95.472,364.273,333.275,77.7238,49.8406,15.1496,1.26685,11.4669,39.9423,37.8739,23.4348,0.828033,88.3598,1.94564,2.49844,3.11953,4.94186,6.9884,1.96838,0.233213,0.0643329,0.242565,0.26522,0.285486,0.389492,0.292383,0.674978,0.156279,4.69326,0.280814,,0.100475,36.9278,-6.11385,85.6984,0.100475,-1.5,-6.039764121174812,-2.2222222685813904,0.437457,746.9199829101562,,,,,,,339.1,3.569473684,339.1,3.569473684,,,,,,,,,,,,,,,,,,,"Brooks Baldwin","31394",681460
"Vaughn Grissom","LAA",58.629,231.13,210.582,52.0929,37.6674,9.76681,0.527832,4.13081,23.9446,21.2568,15.5683,0.314529,46.0341,3.15886,1.51488,0.305766,4.6658,4.15739,1.08619,0.247376,0.0673573,0.19917,0.338191,0.306814,0.357617,0.293033,0.664431,0.110241,4.29081,0.296186,,0.0164411,23.5526,-3.75718,85.2254,0.0164411,-0.67,-4.008358679711819,0.32524532079696655,0.43708,999,,,,,,,214.3,3.632203389,214.3,3.632203389,,,,,,,,,,,,,,,,,,,"Vaughn Grissom","26031",687093
"Tyler Heineman","TOR",42.045,145.364,129.157,26.974,20.1477,4.48663,0.35205,1.98769,13.4767,10.2757,10.3073,0.215918,30.4387,2.37847,0.924334,2.49311,2.70182,1.90704,0.557108,0.208847,0.0709068,0.209396,0.338625,0.277794,0.295206,0.257444,0.573,0.0863586,4.09109,0.255864,,-0.062067,10.6125,-6.56335,62.4908,-0.062067,2.5,-6.488457694649696,5.744212865829468,0.435744,999,,,,,,,89.6,2.133333333,89.6,2.133333333,,,,,,,,,,,,,,,,,,,"Tyler Heineman","13897",623168
"Jonah Heim","ATL",38.856,143.172,130.83,28.7843,19.6892,5.28152,0.127137,3.68648,13.7424,15.2323,10.0546,0.165537,29.1088,0.729402,1.09728,0.239828,2.5972,0.621426,0.215051,0.220013,0.0702272,0.203313,0.345414,0.277261,0.346859,0.27404,0.62412,0.126846,2.67913,0.253176,,-0.163863,12.3816,-4.53525,72.8401,-0.163863,1.26,-4.772580221295357,4.258147954940796,0.434719,999,,,,,,,118.4,3.035897435,118.4,3.035897435,,,,,,,,,,,,,,,,,,,"Jonah Heim","16930",641680
"Adolis García","PHI",134.776,561.982,513.906,119.193,71.9609,22.9992,1.63556,22.5973,66.102,71.9212,37.0122,0.847104,144.832,5.28733,5.19125,0.585182,7.81902,10.9803,2.76895,0.231935,0.0658602,0.257717,0.255553,0.287662,0.414969,0.302827,0.702632,0.183034,4.82433,0.274679,,0.313401,61.7358,-4.66666,91.4211,0.313401,-2.88,-5.40067520737648,-9.119629859924316,0.427357,217.13999938964844,,,,,,,585.2,4.334814814,585.2,4.334814814,,,,,,,,,,,,,,,,,,,"Adolis Garcia","19287",666969
"Liam Hicks","MIA",80.776,309.66,270.47,64.3627,47.817,12.0954,0.685491,3.76485,29.5143,27.0589,29.8356,0.401521,48.2597,5.59276,2.61731,1.14417,6.72931,1.43862,0.408616,0.237966,0.0963495,0.155847,0.61823,0.323455,0.329514,0.293677,0.652969,0.0915475,2.94073,0.27412,,-0.42652,31.7167,-4.87197,85.4222,-0.42652,0.67,-5.776731163263321,-0.5198821425437927,0.409849,747.3699951171875,,,,,,,276.4,3.412345679,276.4,3.412345679,,,,,,,,,,,,,,,,,,,"Liam Hicks","29844",689414
"Ryan Ritter","COL",59.257,227.506,205.061,51.2341,34.1412,10.4846,1.24385,5.36446,26.2363,23.2579,15.4053,0.464497,61.7355,3.65935,1.39393,1.98654,4.13775,3.75907,1.1695,0.249848,0.067714,0.271357,0.249538,0.31172,0.39159,0.307157,0.70331,0.141742,5.10907,0.329157,,-0.0752975,25.7921,-1.08948,82.3446,-0.0752975,0.65,-4.8359362334012985,1.2509307265281677,0.407631,999,,,,,,,224.1,3.798305084,224.1,3.798305084,,,,,,,,,,,,,,,,,,,"Ryan Ritter","31500",690022
"Leo Rivas","SEA",47.181,158.336,136.061,29.6827,21.6072,5.40219,0.431029,2.24236,17.8001,11.1101,18.2844,0.352214,38.7674,1.25687,0.971532,1.76255,2.4872,6.01178,1.65734,0.218158,0.115478,0.244843,0.471643,0.314383,0.31364,0.28414,0.628023,0.0954819,5.3921,0.28577,,0.254326,14.9915,-3.71715,86.8086,0.254326,-0.38,-2.2074102759361267,0.697590708732605,0.403096,999,,,,,,,128.1,2.725531914,128.1,2.725531914,,,,,,,,,,,,,,,,,,,"Leo Rivas","21009",660844
"Gavin Sheets","SDP",117.194,472.94,427.177,102.092,66.2187,21.4291,0.353188,14.0906,51.0641,53.9554,38.2711,1.2589,93.6085,3.72438,3.28711,0.480235,8.39525,2.08966,0.652744,0.238991,0.0809217,0.197929,0.408842,0.304972,0.389765,0.303078,0.694738,0.150774,2.72997,0.272647,,-0.555463,52.0505,-3.83098,96.942,-0.555463,0.03,-2.2695418000221252,-9.684493752196431,0.386822,725.239990234375,,,,,,,463.7,3.963247863,463.7,3.963247863,,,,,,,,,,,,,,,,,,,"Gavin Sheets","19901",657757
"Max Muncy","ATH",96.92,378.038,346.209,79.9954,51.3244,16.8831,0.668712,11.1192,42.015,38.9068,22.598,0.623574,111.979,4.66859,2.20095,2.3613,6.28849,5.11931,1.50337,0.231061,0.0597772,0.296211,0.201806,0.285517,0.38004,0.289842,0.665557,0.14898,4.23152,0.305693,,-0.106512,37.5432,-7.12488,81.3855,-0.106512,-2.52,-8.400413528084755,-0.8695956468582153,0.382797,708.9199829101562,,,,,,,348.3,3.590721649,348.3,3.590721649,,,,,,,,,,,,,,,,,,,"Max Muncy","29779",691777
"Ezequiel Duran","TEX",73.196,266.602,248.141,57.8852,39.4221,12.8537,0.81115,4.79824,28.5735,23.6225,13.4727,0.348838,64.9644,2.69393,1.50544,0.78916,3.67518,7.91767,2.18094,0.233276,0.050535,0.243676,0.207386,0.278586,0.349624,0.274839,0.62821,0.116348,5.41969,0.295119,,0.325726,23.2291,-8.27197,75.2759,0.325726,0.52,-7.443132400512695,1.9723014831542969,0.379086,999,,,,,,,224.8,3.079452054,224.8,3.079452054,,,,,,,,,,,,,,,,,,,"Ezequiel Duran","23733",677649
"Ben Williamson","TBR",62.825,243.383,224.682,56.6252,42.7038,10.9514,0.796547,2.17351,24.177,21.1712,14.4167,0.427865,51.4388,2.23188,1.29198,0.76048,5.64301,4.33625,1.4516,0.252024,0.0592347,0.211349,0.280269,0.302007,0.336877,0.282285,0.638884,0.0848532,4.47709,0.315915,,-0.116204,22.6772,-6.08034,78.117,-0.116204,0.12,-6.393469445407391,1.7184004709124565,0.378738,999,,,,,,,203.4,3.228571428,203.4,3.228571428,,,,,,,,,,,,,,,,,,,"Ben Williamson","33197",810938
"Nathan Lukes","TOR",80.558,315.273,284.548,72.4422,52.3752,13.492,0.91941,5.65559,34.2036,30.0304,23.4484,1.07308,49.6594,2.22458,2.03668,3.0157,7.34984,3.02333,1.03147,0.254587,0.074375,0.157512,0.472185,0.314213,0.368092,0.299391,0.682305,0.113505,3.9023,0.288783,,-0.325903,33.7542,-3.49772,91.3865,-0.325903,-0.5,-3.526574671268463,-3.637547016143799,0.377233,999,,,,,,,295.9,3.653086419,295.9,3.653086419,,,,,,,,,,,,,,,,,,,"Nathan Lukes","18123",664770
"Leo Jiménez","TOR",36.463,124.248,110.047,25.9984,18.4175,4.92665,0.229538,2.42468,13.2529,11.9288,9.15962,0.138747,26.8436,3.89096,0.838498,0.312361,2.69159,0.930967,0.303122,0.236249,0.0737204,0.216048,0.341222,0.315075,0.351289,0.297031,0.666364,0.11504,3.58998,0.288834,,-0.144767,13.0644,-1.6165,89.7608,-0.144767,-0.14,-1.6441995948553085,1.0365558713674545,0.375361,999,,,,,,,109.8,3.05,109.8,3.05,,,,,,,,,,,,,,,,,,,"Leo Jimenez","23782",677870
"J.C. Escarra","NYY",42.931,147.909,132.5,27.3604,18.5351,5.80465,0.346698,2.67395,13.7042,12.6989,12.0424,0.309909,27.4049,1.94764,1.02571,0.393035,2.68395,0.91058,0.313229,0.206493,0.0814178,0.185282,0.439426,0.280312,0.316077,0.265881,0.596389,0.109584,3.26384,0.238638,,-0.158832,11.8116,-5.66501,68.8277,-0.158832,1.98,-5.593038007616997,4.166301012039185,0.374878,999,,,,,,,107.7,2.504651162,107.7,2.504651162,,,,,,,,,,,,,,,,,,,"J.C. Escarra","20084",641555
"Travis Bazzana","CLE",53.868,214.694,189.814,40.736,26.696,8.3433,0.799879,4.89682,22.6636,19.8948,20.5881,0.329682,60.2437,2.42892,1.22351,0.639137,3.33295,2.96163,0.902431,0.214609,0.0958949,0.280603,0.341746,0.297835,0.344386,0.285455,0.642221,0.129777,4.53169,0.28467,,-0.103248,20.5567,-4.81108,82.3673,-0.103248,0,-4.565051153302193,0.8312962651252747,0.37402,999,,,,,,,187.4,3.47037037,187.4,3.47037037,,,,,,,,,,,,,,,,,,,"Travis Bazzana","sa3025129",683953
"Jett Williams","MIL",37.038,151.244,135.776,30.5793,19.4705,6.86363,0.595063,3.65008,16.4923,15.6595,12.5052,0.134005,38.9583,1.6996,1.00731,0.255818,1.77459,4.3183,1.02639,0.225219,0.0826821,0.257586,0.320988,0.296606,0.365184,0.291243,0.661791,0.139966,5.4395,0.285949,,0.221909,15.1922,-2.67841,85.8507,0.221909,0,-2.3144274950027466,0.8981877565383911,0.36993,999,,,,,,,151,4.081081081,151,4.081081081,,,,,,,,,,,,,,,,,,,"Jett Williams","sa3020134",702518
"Mark Vientos","NYM",106.609,438.485,400.655,94.685,58.4936,16.9806,1.30374,17.907,49.9557,56.0842,30.3654,0.756172,115.73,3.52928,3.51575,0.419318,8.04982,0.77695,0.290337,0.236325,0.0692507,0.263932,0.262381,0.293517,0.419298,0.30744,0.712815,0.182973,2.78717,0.283802,,-0.568433,49.8114,-1.99898,99.4926,-0.568433,-0.05,-0.832151472568512,-10.1562326438725,0.368337,589.0800170898438,,,,,,,459.1,4.290654205,459.1,4.290654205,,,,,,,,,,,,,,,,,,,"Mark Vientos","22184",668901
"Triston Casas","BOS",45.01,183.569,159.444,38.1206,22.9678,7.4468,0.33722,7.36872,21.2961,25.0306,21.2471,1.48986,45.6998,1.38491,1.2987,0.193866,3.16352,0.270659,0.121697,0.239084,0.115745,0.248952,0.464927,0.331302,0.428663,0.328775,0.759966,0.18958,2.23055,0.2856,,-0.286905,24.033,2.34292,106.829,-0.286905,-0.03,1.1905067563056946,-3.941687611863017,0.364945,743.719970703125,,,,,,,205.9,4.575555555,205.9,4.575555555,,,,,,,,,,,,,,,,,,,"Triston Casas","22514",671213
"Zach Cole","HOU",85.09,335.492,301.863,62.3443,36.2259,12.6254,2.27602,11.2169,40.4935,35.2518,27.0018,1.62356,133.099,4.48603,1.75029,0.3906,3.78393,7.25161,2.14936,0.206532,0.0804842,0.396728,0.20287,0.280011,0.374914,0.284938,0.654925,0.168382,6.19713,0.320955,,0.133818,31.9823,-7.65865,81.4025,0.133818,0.99,-7.219941630959511,-0.8483641147613525,0.355923,740.0999755859375,,,,,,,298.4,3.510588235,298.4,3.510588235,,,,,,,,,,,,,,,,,,,"Zach Cole","31583",805904
"Jimmy Crooks","STL",27.561,100.747,91.2315,21.8168,14.9572,4.42382,0.334615,2.10123,10.1395,10.1165,7.13096,0.269947,25.0847,1.36734,0.629862,0.387385,1.98647,0.422572,0.15127,0.239137,0.0707808,0.248987,0.284276,0.302065,0.364058,0.292535,0.666123,0.124921,3.21975,0.304839,,-0.130496,10.2255,-1.6785,88.1289,-0.130496,-0.13,-1.5479833036661148,1.6563611030578613,0.354027,999,,,,,,,86.6,3.092857142,86.6,3.092857142,,,,,,,,,,,,,,,,,,,"Jimmy Crooks","31354",699625
"Moisés Ballesteros","CHC",89.582,344.872,311.891,79.9436,54.3234,15.6352,0.966605,9.01841,37.823,40.6124,27.4612,1.65643,64.6752,2.17393,2.76741,0.578722,6.96675,1.35869,0.432359,0.256319,0.0796272,0.187534,0.424601,0.318271,0.399394,0.311784,0.717665,0.143075,3.13448,0.294339,,-0.448652,40.3935,-0.355827,100.96,-0.448652,0,-0.05638808012008667,-7.987421035766602,0.350949,645.780029296875,,,,,,,361.6,4.017777777,361.6,4.017777777,,,,,,,,,,,,,,,,,,,"Moises Ballesteros","28820",694208
"Austin Wynns","ATH",43.198,152.564,139.259,31.1875,21.3263,5.29555,0.074803,4.49079,15.3199,15.6974,9.30313,0.129718,42.4279,1.37183,0.880335,1.32113,2.83979,0.619433,0.186422,0.223953,0.0609786,0.278099,0.219269,0.277576,0.359797,0.279062,0.637373,0.135844,2.50717,0.286381,,-0.162862,13.8159,-4.21069,73.9594,-0.162862,-0.37,-4.845333695411682,2.9631792306900024,0.344676,999,,,,,,,118.6,2.758139534,118.6,2.758139534,,,,,,,,,,,,,,,,,,,"Austin Wynns","15271",642851
"Jake Mangum","PIT",83.386,326.898,307.054,81.7178,63.2459,15.5347,1.48371,1.45341,35.3063,26.5429,13.9205,0.261986,55.3416,3.05611,2.16968,0.698142,6.90116,11.9024,3.36855,0.266135,0.0425838,0.169293,0.251539,0.302558,0.340593,0.28294,0.643151,0.0744573,5.75673,0.317969,,0.473125,30.6327,-7.99284,77.5247,0.473125,3.23,-8.234757512807846,0.5349597930908203,0.324963,650.22998046875,,,,,,,279.1,3.362650602,279.1,3.362650602,,,,,,,,,,,,,,,,,,,"Jake Mangum","26202",663968
"Tyler Austin","CHC",40.044,157.4,139.698,33.3959,19.431,6.94394,0.220486,6.80043,19.1832,21.587,15.2521,0.440235,44.0672,1.16797,1.01061,0.27146,2.72867,0.381069,0.117724,0.239058,0.0969005,0.27997,0.346111,0.31704,0.43796,0.326315,0.755,0.198902,2.65377,0.296029,,-0.205767,20.2925,1.69451,110.914,-0.205767,0,1.8301738649606705,-3.8931665420532227,0.324714,999,,,,,,,178.9,4.4725,178.9,4.4725,,,,,,,,,,,,,,,,,,,"Tyler Austin","11850",592122
"Miguel Rojas","LAD",48.636,177.65,159.733,39.5669,28.6255,7.83725,0.47325,2.6309,20.1284,16.8748,11.0351,0.302586,25.0307,1.42167,1.08399,1.35148,4.01257,2.72215,0.881495,0.247706,0.0621173,0.140899,0.440864,0.300239,0.352107,0.286921,0.652346,0.104402,4.41152,0.277389,,-0.0857711,17.2213,-3.76944,82.6445,-0.0857711,0.2,-3.7400153279304504,0.9505555778741837,0.319317,999,,,,,,,154.3,3.148979591,154.3,3.148979591,,,,,,,,,,,,,,,,,,,"Miguel Rojas","7802",500743
"Thairo Estrada","BAL",31.719,128.899,120.102,29.673,20.8582,4.99322,0.459357,3.36227,14.7363,13.2548,5.73225,0.0381915,24.8772,1.95467,0.896542,0.213757,2.53548,2.80976,0.825671,0.247066,0.0444708,0.192998,0.230421,0.29032,0.380276,0.292147,0.670596,0.13321,5.02471,0.283647,,0.0356312,13.0423,-2.18815,87.2371,0.0356312,0.08,-1.9033459573984146,0.5694907158613205,0.317439,999,,,,,,,117.6,3.675,117.6,3.675,,,,,,,,,,,,,,,,,,,"Thairo Estrada","16426",642731
"Darell Hernaiz","ATH",47.802,185.224,168.934,42.757,31.6823,8.40199,0.500397,2.17237,19.8335,15.5954,12.1378,0.23476,27.8642,1.23585,1.42934,1.48693,3.96877,3.63526,0.985796,0.253099,0.0655305,0.150435,0.435605,0.305495,0.347336,0.28783,0.652831,0.0942373,4.49128,0.289215,,0.0274561,18.0922,-3.79343,79.9998,0.0274561,-0.06,-4.338743414729834,1.062564317137003,0.317059,999,,,,,,,163.3,3.402083333,163.3,3.402083333,,,,,,,,,,,,,,,,,,,"Darell Hernaiz","26224",687231
"César Salazar","HOU",39.309,114.056,101.1,20.6583,14.3562,4.1898,0.207475,1.90483,10.4308,9.73094,8.39408,0.211908,23.1514,2.81394,1.05911,0.688614,2.08255,0.556741,0.163354,0.204335,0.0735962,0.202983,0.362573,0.281089,0.306404,0.263472,0.587493,0.10207,3.2211,0.243226,,-0.122916,8.88506,-4.59153,66.6151,-0.122916,0.67,-4.61079341173172,3.7031015753746033,0.308772,999,,,,,,,81.9,2.1,81.9,2.1,,,,,,,,,,,,,,,,,,,"Cesar Salazar","21587",663967
"Drew Millas","WSN",35.779,126.599,115.787,27.7214,20.2531,5.40138,0.432451,1.6345,11.9827,11.2316,8.78476,0.675241,21.8354,0.658781,0.832616,0.535943,2.42526,2.64871,0.824494,0.239418,0.0693905,0.172477,0.402317,0.294813,0.335886,0.276999,0.630699,0.0964683,4.52959,0.280054,,0.000507356,11.2526,-3.70605,75.3586,0.000507356,-0.28,-3.696832655754406,2.480725258588791,0.306515,999,,,,,,,107,2.972222222,107,2.972222222,,,,,,,,,,,,,,,,,,,"Drew Millas","25643",686452
"Daniel Schneemann","CLE",53.738,203.955,182.305,38.9825,25.7095,7.66911,0.606858,4.99701,21.8099,19.1353,18.6656,0.229309,55.1402,1.09476,1.23861,0.6506,3.52741,3.7625,1.21152,0.213831,0.0915183,0.270355,0.338512,0.28894,0.344786,0.280532,0.633726,0.130955,4.56821,0.275394,,-0.0423029,18.7133,-5.38559,78.9762,-0.0423029,0.53,-5.096091527491808,0.958943098783493,0.294931,999,,,,,,,177.1,3.279629629,177.1,3.279629629,,,,,,,,,,,,,,,,,,,"Daniel Schneemann","25180",682177
"Alex Call","LAD",46.003,173.38,150.82,34.692,23.5609,7.07546,0.460877,3.59469,20.7381,15.9819,17.3589,0.176681,31.9313,2.29486,1.35892,1.5471,3.1438,2.93874,1.04733,0.230022,0.100121,0.18417,0.543632,0.316271,0.354549,0.29851,0.67082,0.124528,4.61758,0.266579,,-0.125276,18.4388,-2.04743,90.5835,-0.125276,-0.02,-2.0602807849645615,-0.8719073720276356,0.290179,999,,,,,,,162.8,3.539130434,162.8,3.539130434,,,,,,,,,,,,,,,,,,,"Alex Call","19296",669743
"Nathaniel Lowe","CIN",51.585,202.256,177.549,44.4689,30.6895,7.028,0.400445,6.35092,23.214,22.9964,22.0204,0.52303,48.6567,1.2281,1.24486,0.213688,4.46206,0.551344,0.167503,0.25046,0.108874,0.24057,0.452567,0.335164,0.401864,0.323568,0.737028,0.151404,2.58257,0.307934,,-0.310955,25.6245,1.72639,102.36,-0.310955,0.13,0.25470125675201416,-4.148848176002502,0.290052,999,,,,,,,216,4.153846153,216,4.153846153,,,,,,,,,,,,,,,,,,,"Nathaniel Lowe","19566",663993
"José Fermín","STL",45.41,157.268,139.108,33.1299,23.723,6.64685,0.354718,2.40538,16.9374,13.2305,13.4141,0.535715,20.2104,2.47427,1.12094,1.15043,3.19454,4.45171,1.4137,0.238159,0.0852943,0.128509,0.663721,0.313983,0.342915,0.291871,0.656898,0.104756,4.75332,0.261233,,0.053444,15.8774,-2.70498,87.6739,0.053444,-0.31,-2.244089964777231,-0.18258701264858246,0.287055,999,,,,,,,134.7,2.993333333,134.7,2.993333333,,,,,,,,,,,,,,,,,,,"Jose Fermin","21746",665877
"Will Benson","CIN",62.238,229.675,203.907,44.0948,25.1703,9.29373,1.25476,8.37601,28.3672,25.7346,21.9463,0.77643,71.351,1.93734,1.48291,0.401953,2.58103,6.78565,1.87271,0.21625,0.0955535,0.310661,0.307582,0.296496,0.397369,0.301698,0.693864,0.181119,5.82162,0.284244,,0.27151,25.02,-2.11788,87.3776,0.27151,0.58,-3.1644598245620728,-1.7010995745658875,0.283997,999,,,,,,,229.1,3.69516129,229.1,3.69516129,,,,,,,,,,,,,,,,,,,"Will Benson","21853",666181
"Tom Murphy",,16.911,63.386,56.6645,12.4601,7.57273,2.45192,0.109933,2.32548,7.01513,7.76703,5.25666,0.00930126,18.6326,0.51412,0.383964,0.0849014,1.04105,0.378917,0.115696,0.219892,0.082931,0.293955,0.282122,0.290211,0.390161,0.297147,0.680372,0.170269,3.29981,0.280811,,-0.0596244,6.67084,-0.8187,88.8325,-0.0596244,0.21,-0.8962535113096237,1.514861062169075,0.282778,999,,,,,,,52.8,3.105882352,52.8,3.105882352,,,,,,,,,,,,,,,,,,,"Tom Murphy","13499",608596
"Rafael Marchán","PHI",44.957,159.582,144.335,32.0624,22.7726,6.50024,0.358317,2.43131,14.7012,14.6403,11.4327,0.281999,27.2237,1.92213,1.09023,0.801904,3.19603,0.744369,0.256847,0.222139,0.0716412,0.170594,0.419952,0.286038,0.322674,0.270367,0.608713,0.100535,3.04699,0.255948,,-0.192949,13.3249,-5.53096,69.1844,-0.192949,0,-6.021336629986763,3.4689042568206787,0.282065,999,,,,,,,115.2,2.56,115.2,2.56,,,,,,,,,,,,,,,,,,,"Rafael Marchan","21646",665561
"Christian Vázquez","HOU",31.363,116.257,105.127,23.6011,17.6655,3.91251,0.0519213,1.97116,11.0099,10.3054,7.17618,0.0836213,22.8909,0.78865,0.810673,0.923161,2.27028,1.41732,0.437676,0.224501,0.0617268,0.196899,0.313494,0.277132,0.318957,0.264092,0.596088,0.0944557,3.42386,0.266788,,-0.0644235,9.11509,-4.62157,67.0425,-0.0644235,0.87,-4.580338858067989,3.2899845838546753,0.277372,999,,,,,,,85.7,2.764516129,85.7,2.764516129,,,,,,,,,,,,,,,,,,,"Christian Vazquez","9774",543877
"Andrew Knizner","SEA",30.203,108.053,97.4297,20.4301,14.7613,3.65329,0.228215,1.78732,9.68012,9.48355,7.47714,0.0698001,23.1569,1.92206,0.634593,0.454455,2.20099,0.414375,0.128464,0.209691,0.0691988,0.21431,0.322891,0.277576,0.306906,0.261771,0.584482,0.0972156,2.96828,0.254961,,-0.128772,8.26818,-4.49912,71.3993,-0.128772,0.42,-3.7711609303951263,2.7504781782627106,0.276073,999,,,,,,,72.4,2.413333333,72.4,2.413333333,,,,,,,,,,,,,,,,,,,"Andrew Knizner","19514",668800
"Alan Roden","MIN",52.18,192.584,172.481,43.0676,30.9502,8.51249,0.799209,2.80568,21.2204,17.2021,14.8297,0.575485,32.7691,3.75939,1.25624,0.257452,4.33768,3.08833,0.937861,0.249694,0.0770036,0.170155,0.45255,0.320583,0.357114,0.299984,0.677698,0.10742,4.75235,0.291409,,-0.0896479,20.7114,-2.04386,90.4333,-0.0896479,0.9,-2.261119954288006,-1.7235463857650757,0.27049,999,,,,,,,188.7,3.628846153,188.7,3.628846153,,,,,,,,,,,,,,,,,,,"Alan Roden","31564",702176
"Ryan Waldschmidt","ARI",40.322,162.112,144.485,35.6834,24.4276,7.18497,0.661343,3.40941,18.9482,16.883,14.1038,0.536876,35.3531,2.14402,1.0945,0.284287,2.75573,3.69124,1.22005,0.246969,0.0870003,0.218078,0.398941,0.320904,0.376642,0.306739,0.697546,0.129673,5.053,0.302141,,-0.0263628,18.3235,-0.831267,94.7273,-0.0263628,0,-1.0394441187381744,-1.711195945739746,0.270398,999,,,,,,,164.6,4.115,164.6,4.115,,,,,,,,,,,,,,,,,,,"Ryan Waldschmidt","sa3025261",814439
"Everson Pereira","CHW",57.536,221.702,201.405,44.4465,27.7837,8.39337,0.606835,7.66255,24.817,24.3899,16.5308,0.177421,70.0589,2.28367,1.15693,0.325738,3.45491,3.60592,1.01021,0.220682,0.0745633,0.316005,0.235956,0.285762,0.382519,0.291842,0.668281,0.161837,4.56136,0.294648,,0.00102988,22.3775,-3.81833,85.3258,0.00102988,0.69,-3.8333550416864455,-1.1717283129692078,0.268625,999,,,,,,,211.3,3.643103448,211.3,3.643103448,,,,,,,,,,,,,,,,,,,"Everson Pereira","23695",677592
"Zack Gelof","ATH",41.804,160.835,145.822,31.7846,19.5981,6.45184,0.309278,5.42546,19.7906,16.4459,12.4935,0.135171,53.816,1.07702,0.908581,0.534154,1.95618,5.85986,1.41522,0.217969,0.077679,0.334604,0.232152,0.282938,0.378074,0.288689,0.661012,0.160105,5.52725,0.301286,,0.374339,15.8221,-3.1818,80.5914,0.374339,0.35,-3.304817348718643,0.38072013668715954,0.267198,999,,,,,,,145.2,3.457142857,145.2,3.457142857,,,,,,,,,,,,,,,,,,,"Zack Gelof","29766",680869
"Colby Thomas","ATH",67.481,261.292,240.957,55.1517,32.607,12.7748,0.707365,9.06247,30.6478,29.1965,14.176,0.0112721,81.3912,3.73625,1.81655,0.606378,3.32152,4.76258,1.20325,0.228886,0.0542534,0.311495,0.174171,0.280276,0.400606,0.294788,0.680882,0.17172,5.0053,0.302582,,0.126328,26.9984,-3.87525,84.7928,0.126328,0.17,-4.556926280260086,-1.882993534207344,0.261237,747.4500122070312,,,,,,,255.7,3.81641791,255.7,3.81641791,,,,,,,,,,,,,,,,,,,"Colby Thomas","31855",687515
"Andy Ibáñez","ATH",53.653,185.259,170.025,40.7219,27.6702,8.59168,0.381886,4.07818,19.8242,18.2875,11.7978,0.0477153,36.4528,1.7643,1.24337,0.428449,3.08761,2.52249,0.855723,0.239505,0.0636828,0.196766,0.323647,0.293696,0.366487,0.289452,0.660183,0.126981,4.06431,0.280285,,-0.117822,18.3396,-3.55022,81.117,-0.117822,0.36,-4.240922786295414,0.41174863651394844,0.260604,999,,,,,,,168.2,3.114814814,168.2,3.114814814,,,,,,,,,,,,,,,,,,,"Andy Ibanez","18819",628451
"Jose Iglesias",,45.718,159.418,145.188,37.5716,28.615,7.0998,0.319323,1.53756,16.1144,14.4102,7.72981,0.102271,27.4177,2.29843,0.892536,0.830798,4.09953,1.8064,0.672626,0.258779,0.0484877,0.171986,0.281928,0.304915,0.343849,0.2866,0.648764,0.0850699,3.88966,0.307654,,-0.168607,15.4123,-3.42419,81.5873,-0.168607,-0.43,-3.637889578938484,0.7886335253715515,0.260502,999,,,,,,,137.9,2.997826086,137.9,2.997826086,,,,,,,,,,,,,,,,,,,"Jose Iglesias","10231",578428
"Endy Rodríguez","PIT",26.381,97.874,88.958,21.0632,13.6561,5.04796,0.430755,1.92845,9.9388,10.2591,7.22604,0.167764,20.1912,0.811177,0.753914,0.124913,1.49868,0.581009,0.19798,0.236777,0.07383,0.206298,0.35788,0.297705,0.368242,0.291531,0.665947,0.131465,3.75021,0.283091,,-0.106979,9.85416,-1.71041,83.4097,-0.106979,0.4,-2.0314731150865555,1.3160069286823273,0.259958,999,,,,,,,87.8,3.376923076,87.8,3.376923076,,,,,,,,,,,,,,,,,,,"Endy Rodriguez","25332",682848
"Sam Haggerty","TEX",59.978,219.207,196.482,47.58,34.266,8.99362,1.49596,2.82438,27.2081,16.0887,17.6969,0.384101,48.2116,2.54578,1.26631,1.21594,3.56581,11.6611,2.91768,0.242159,0.0807313,0.219936,0.367067,0.311126,0.346284,0.291493,0.65741,0.104125,6.67922,0.305057,,0.780066,22.0635,-3.83754,86.7477,0.780066,-0.17,-2.643802225589752,-2.3621784895658493,0.259748,999,,,,,,,210.2,3.503333333,210.2,3.503333333,,,,,,,,,,,,,,,,,,,"Sam Haggerty","18054",664059
"Anthony Santander","TOR",27.357,115.687,103.038,23.7439,13.2653,4.60563,0.105186,5.76786,14.019,16.2557,10.4047,0.34548,25.263,1.27069,0.865864,0.107892,1.71955,0.329858,0.0841685,0.230439,0.0899381,0.218374,0.411853,0.306451,0.445113,0.323369,0.751564,0.214674,2.48935,0.246677,,-0.130866,14.638,0.968725,107.904,-0.130866,0,0.9468590021133423,-2.427511692047119,0.255894,739.780029296875,,,,,,,135.3,5.011111111,135.3,5.011111111,,,,,,,,,,,,,,,,,,,"Anthony Santander","14551",623993
"Kyle Isbel","KCR",117.792,443.918,401.735,92.2217,63.9726,17.3517,4.37436,6.52307,48.3063,35.2028,27.9452,0.565285,88.4372,3.90499,2.75225,7.58061,8.3314,9.40567,2.92211,0.229559,0.0629513,0.19922,0.31599,0.284349,0.34324,0.275711,0.627588,0.113681,6.05106,0.27687,,0.0556222,38.9929,-13.4595,71.4542,0.0556222,0.25,-14.879795901477337,2.067777633666992,0.252397,999,,,,,,,355.8,3.015254237,355.8,3.015254237,,,,,,,,,,,,,,,,,,,"Kyle Isbel","21614",664728
"Sung-Mun Song","SDP",64.548,257.365,236.593,53.0037,35.2768,11.4495,0.503375,5.77413,25.9201,25.61,17.8095,0.748103,52.805,0.797514,1.72115,0.443667,4.16546,4.12698,1.16217,0.224029,0.0691996,0.205175,0.33727,0.278727,0.349893,0.274806,0.62862,0.125864,4.20284,0.262773,,-0.00131917,22.4172,-7.99247,77.5744,-0.00131917,0,-6.8418128489283845,0.6559755206108093,0.243172,999,,,,,,,215.6,3.316923076,215.6,3.316923076,,,,,,,,,,,,,,,,,,,"Sung-Mun Song","sa3012529",823550
"Blake Perkins","MIL",54.096,207.927,185.7,39.5937,27.0864,7.67792,1.10089,3.72851,21.7733,18.0224,18.8457,0.313479,57.0067,1.33054,1.30745,0.743777,2.94795,6.55952,1.82921,0.213214,0.090636,0.274167,0.330587,0.288488,0.326651,0.273747,0.615139,0.113437,5.72606,0.284032,,0.252868,17.9323,-6.63589,73.8652,0.252868,0.8,-6.18770295381546,1.6348147988319397,0.241958,999,,,,,,,172.2,3.188888888,172.2,3.188888888,,,,,,,,,,,,,,,,,,,"Blake Perkins","19921",663368
"Luis Urías","ARI",30.875,116.923,103.292,23.8357,16.5445,4.33133,0.230665,2.72923,12.3377,12.4996,10.0555,0.0654313,20.5459,2.36273,0.883483,0.161512,2.36519,0.720732,0.23338,0.23076,0.0860008,0.175721,0.489416,0.310941,0.356425,0.296597,0.667367,0.125666,3.29393,0.260894,,-0.142197,12.253,-1.5624,87.7792,-0.142197,-0.17,-1.835726723074913,0.3064660280942917,0.241539,999,,,,,,,109.1,3.519354838,109.1,3.519354838,,,,,,,,,,,,,,,,,,,"Luis Urias","16622",649966
"Juan Brito","CLE",28.467,113.572,101.57,23.342,15.3281,5.36407,0.297618,2.35215,11.7638,11.0118,9.81515,0.431317,22.473,0.940012,0.865265,0.381626,1.84242,1.55617,0.556424,0.229812,0.0864222,0.197874,0.436753,0.301237,0.357958,0.289756,0.659195,0.128146,3.90917,0.270452,,-0.0859761,11.271,-2.14839,85.3305,-0.0859761,0,-2.049601435661316,0.43930551409721375,0.235182,999,,,,,,,94.1,3.360714285,94.1,3.360714285,,,,,,,,,,,,,,,,,,,"Juan Brito","sa3009808",682877
"Joshua Báez","STL",26.663,91.643,82.2947,19.5074,11.4555,4.71984,0.296027,3.03606,11.3228,10.5739,7.17064,0.314251,26.4227,1.36926,0.676063,0.132376,0.89072,3.64863,0.572983,0.237043,0.0782453,0.288322,0.271382,0.306492,0.412268,0.311438,0.71876,0.175225,5.89708,0.307807,,0.365151,10.708,-0.120297,101.078,0.365151,0,0.482281893491745,-1.2343981266021729,0.234998,999,,,,,,,101.5,3.759259259,101.5,3.759259259,,,,,,,,,,,,,,,,,,,"Joshua Baez","sa3017022",695491
"Javier Báez","DET",94.763,363.6,338.881,77.4077,53.4379,14.2881,0.679354,9.0024,36.4869,37.954,13.5716,0.0917181,91.2697,4.71944,2.58005,0.552736,7.10783,5.53104,1.57175,0.228422,0.0373257,0.251017,0.148698,0.266013,0.354289,0.270225,0.620302,0.125867,4.37215,0.283618,,-0.0103759,30.3184,-12.6438,70.4411,-0.0103759,0.02,-12.677714311517775,2.4573199935257435,0.234718,743.3300170898438,,,,,,,285.9,3.009473684,285.9,3.009473684,,,,,,,,,,,,,,,,,,,"Javier Baez","12979",595879
"Taylor Walls","TBR",83.474,318.28,283.139,59.2619,39.9815,12.7799,1.58194,4.91851,34.6712,24.8635,29.359,0.354755,75.4952,1.23843,2.65996,1.53812,3.64456,14.4209,3.96561,0.209303,0.0922427,0.237198,0.388886,0.284009,0.317728,0.268185,0.601736,0.108425,6.05842,0.264592,,0.796601,26.0121,-11.5951,68.4038,0.796601,-0.64,-11.056067645549774,2.3872205018997192,0.233869,999,,,,,,,248.9,2.99879518,248.9,2.99879518,,,,,,,,,,,,,,,,,,,"Taylor Walls","22458",670764
"Matt Vierling","DET",68.57,267.938,242.181,57.3793,39.58,10.9428,0.927763,5.92868,28.8124,26.0732,20.6179,0.196061,59.9575,2.48792,2.13146,0.520051,4.85433,3.13764,0.966981,0.236928,0.0769503,0.223774,0.343876,0.300971,0.363215,0.292239,0.664187,0.126288,4.13824,0.288358,,-0.181006,27.1307,-4.52825,85.6058,-0.181006,-0.85,-4.72663514316082,-2.2256327867507935,0.232221,999,,,,,,,243.1,3.523188405,243.1,3.523188405,,,,,,,,,,,,,,,,,,,"Matt Vierling","21558",663837
"Noelvi Marte","CIN",122.554,505.677,466.886,115.96,76.5213,22.4382,1.39222,15.6078,59.4537,56.564,30.3481,1.25903,116.86,4.68971,3.13856,0.614501,8.66886,14.3583,4.2891,0.248368,0.0600147,0.231096,0.259697,0.298968,0.40268,0.30393,0.701647,0.154312,5.1532,0.297288,,0.387026,56.0031,-3.7465,88.9067,0.387026,-2.64,-6.2615267634391785,-8.313796281814575,0.230067,142.47000122070312,,,,,,,522.9,4.251219512,522.9,4.251219512,,,,,,,,,,,,,,,,,,,"Noelvi Marte","26517",682622
"Jeremiah Jackson","BAL",52.915,213.235,199.337,46.0993,30.0294,9.34732,0.83045,5.8922,23.395,22.3755,10.8572,0.0470077,50.7241,1.29538,1.47527,0.269696,3.48563,3.82638,1.26013,0.231263,0.0509166,0.237879,0.214044,0.273528,0.375164,0.281476,0.648691,0.143901,5.00666,0.278836,,-0.02893,19.7283,-5.46711,79.8868,-0.02893,-0.46,-5.083836376667023,-0.07892492413520813,0.222677,999,,,,,,,187.6,3.539622641,187.6,3.539622641,,,,,,,,,,,,,,,,,,,"Jeremiah Jackson","22239",669236
"Nick Castellanos","SDP",83.066,334.932,309.274,76.6262,51.0356,13.7386,2.02413,9.82781,37.3215,38.43,19.518,0.301898,77.8771,2.84084,2.92614,0.372632,5.57355,2.65055,0.780014,0.247761,0.0582745,0.232516,0.250625,0.295867,0.400604,0.301575,0.696471,0.152843,4.35038,0.297549,,-0.271852,36.4529,-3.12185,95.9123,-0.271852,-0.41,-1.8945251405239105,-7.158023983240128,0.213907,605.3599853515625,,,,,,,340.1,4.097590361,340.1,4.097590361,,,,,,,,,,,,,,,,,,,"Nick Castellanos","11737",592206
"Jesus Rodriguez","SFG",13.644,52.182,47.6939,12.5952,9.33901,2.31308,0.204917,0.738202,5.85923,4.91941,3.6513,0.275404,8.11568,0.414786,0.340931,0.0810805,1.1229,0.941066,0.308545,0.264084,0.0699725,0.155526,0.449907,0.319789,0.367609,0.300996,0.687398,0.103525,4.53042,0.302622,,-0.0248193,5.65479,-0.510911,94.1703,-0.0248193,-0.15,-0.3853626027703285,0.7343333065509796,0.21333,999,,,,,,,53.9,3.85,53.9,3.85,,,,,,,,,,,,,,,,,,,"Jesus Rodriguez","sa3008916",683679
"Riley Adams","WSN",24.413,91.287,82.3003,16.9893,10.6632,3.29335,0.250289,2.78238,8.74297,10.0962,6.44638,0.0708506,31.187,1.83785,0.473281,0.222736,1.55182,0.290169,0.101736,0.20643,0.0706166,0.341637,0.206701,0.277554,0.353952,0.278433,0.631506,0.147521,3.03156,0.2911,,-0.108246,8.2202,-2.56606,76.3408,-0.108246,-0.17,-2.6680255383253098,1.7137190848588943,0.2131,999,,,,,,,74.1,3.0875,74.1,3.0875,,,,,,,,,,,,,,,,,,,"Riley Adams","19864",656180
"David Hamilton","MIL",53.563,187.163,170.477,35.4126,22.7664,6.63114,1.42356,4.59152,23.6407,15.5579,13.7266,0.266739,50.5751,1.00933,1.04455,0.905821,1.11432,14.825,3.01356,0.207727,0.0733403,0.27022,0.27141,0.269244,0.344126,0.269033,0.613369,0.136399,7.98043,0.264889,,1.48508,15.4252,-6.68955,70.636,1.48508,-0.02,-5.028650522232056,0.8678183369338512,0.211391,739.6900024414062,,,,,,,164.1,3.038888888,164.1,3.038888888,,,,,,,,,,,,,,,,,,,"David Hamilton","27531",666152
"Joey Loperfido","HOU",96.064,352.786,321.341,74.1202,49.3011,14.7128,2.08282,8.02357,39.523,33.3894,22.1992,1.25952,101.236,5.32255,2.27169,1.65153,5.5683,6.73519,1.9642,0.230659,0.0629254,0.286961,0.219282,0.289467,0.364315,0.285514,0.653782,0.133656,5.41646,0.308354,,0.0438217,33.7957,-7.8887,81.7987,0.0438217,1.62,-7.524265423417091,-2.5882996320724487,0.207669,999,,,,,,,312.2,3.252083333,312.2,3.252083333,,,,,,,,,,,,,,,,,,,"Joey Loperfido","29630",694388
"Michael Massey","KCR",70.305,278.851,258.387,60.7387,40.0401,12.9661,0.830704,6.9017,27.1509,31.7498,13.8215,0.451998,51.9319,2.8393,2.72117,1.08228,4.0008,2.11297,0.615768,0.235069,0.0495658,0.186235,0.266146,0.278647,0.371812,0.282123,0.650459,0.136743,3.73089,0.266158,,-0.200911,25.9454,-7.00299,75.8712,-0.200911,-0.06,-8.131038397550583,0.542752031236887,0.205578,999,,,,,,,244.8,3.497142857,244.8,3.497142857,,,,,,,,,,,,,,,,,,,"Michael Massey","27684",686681
"Hyeseong Kim","LAD",47.175,164.803,152.932,37.0704,27.0787,6.70947,1.02472,2.25752,19.8836,14.2998,9.55359,0.28458,37.549,0.849486,1.08226,0.385414,2.79877,6.20743,1.34376,0.242398,0.0579698,0.227841,0.25443,0.288737,0.343956,0.277459,0.632693,0.101558,6.44049,0.30482,,0.445629,14.7099,-4.76289,76.1628,0.445629,0,-4.210389792919159,0.7280092239379883,0.204692,732.280029296875,,,,,,,140.6,2.991489361,140.6,2.991489361,,,,,,,,,,,,,,,,,,,"Hyeseong Kim","35322",808975
"Pavin Smith","ARI",98.782,397.891,348.726,80.6134,51.4581,16.2404,1.22748,11.6874,45.2929,46.5654,43.9155,1.3251,100.4,2.05022,2.80348,0.395933,7.25671,2.18637,0.688077,0.231166,0.110371,0.252331,0.437405,0.318442,0.38532,0.309027,0.703762,0.154154,3.38411,0.287861,,-0.478919,45.7126,-1.30132,96.2942,-0.478919,-0.22,-2.2264921367168427,-9.01469299197197,0.204292,999,,,,,,,408.5,4.126262626,408.5,4.126262626,,,,,,,,,,,,,,,,,,,"Pavin Smith","19892",656976
"Walker Jenkins","MIN",19.456,79.129,71.1833,17.6126,11.8754,3.63786,0.400238,1.6991,9.18449,7.80032,6.41035,0.145553,16.9588,0.863307,0.546929,0.125095,1.3561,1.50318,0.443272,0.247426,0.0810114,0.214319,0.377995,0.315,0.381385,0.305417,0.696385,0.133959,4.94439,0.299845,,-0.00634705,8.85902,-0.49068,94.1765,-0.00634705,0,-0.5494590913876891,-0.1801481544971466,0.203999,999,,,,,,,85,4.47368421,85,4.47368421,,,,,,,,,,,,,,,,,,,"Walker Jenkins","sa3022894",805805
"Max Kepler",,34.108,134.902,120.509,27.7401,17.3014,5.79303,0.359291,4.28636,14.4645,15.9068,11.8775,0.515299,27.4524,1.26033,1.0357,0.211539,2.27257,0.424551,0.133614,0.23019,0.0880455,0.203499,0.432659,0.303512,0.39093,0.302522,0.694442,0.16074,2.99694,0.261159,,-0.167355,14.7861,-1.15362,92.5254,-0.167355,0.32,-1.3591288179159164,-1.2590741515159607,0.19925,999,,,,,,,129.8,3.817647058,129.8,3.817647058,,,,,,,,,,,,,,,,,,,"Max Kepler","12144",596146
"Dylan Moore","PHI",45.886,163.522,143.975,29.8607,17.2056,6.04813,0.698136,5.90884,21.6162,16.9184,14.8114,0.159024,49.9296,3.19776,1.03238,0.349574,1.33021,8.68597,2.23565,0.207402,0.0905774,0.305339,0.296645,0.29365,0.382231,0.296828,0.675881,0.174828,6.69732,0.268612,,0.590229,17.167,-2.15442,87.3112,0.590229,-0.23,-1.8689619898796082,-1.64623461663723,0.196974,999,,,,,,,169,3.673913043,169,3.673913043,,,,,,,,,,,,,,,,,,,"Dylan Moore","18042",664238
"Derek Hill","CHW",38.763,142.895,131.542,29.9974,20.4619,5.52294,0.638053,3.37443,15.8347,12.2438,7.93202,0.0696013,41.3428,1.32407,0.724025,1.37313,2.31329,4.2329,1.23032,0.228044,0.0555094,0.289323,0.19186,0.277367,0.356691,0.277473,0.634057,0.128646,5.66454,0.304093,,0.147014,12.756,-4.12815,75.4273,0.147014,1.01,-3.9914889186620712,0.9701203443109989,0.194071,999,,,,,,,119.1,3.053846153,119.1,3.053846153,,,,,,,,,,,,,,,,,,,"Derek Hill","16947",656537
"Jesse Winker",,57.734,228.258,196.573,45.6632,30.5759,8.73219,0.42814,5.92698,26.4146,22.8016,26.9443,0.942222,49.5542,2.5739,1.44646,0.720586,4.20082,3.58946,1.02011,0.232297,0.118043,0.217097,0.543734,0.330413,0.37153,0.311152,0.701943,0.139233,4.0588,0.278776,,-0.0903611,26.6178,-0.352609,98.4537,-0.0903611,-0.49,-0.5075351372361183,-5.322765588760376,0.193875,999,,,,,,,237.9,4.101724137,237.9,4.101724137,,,,,,,,,,,,,,,,,,,"Jesse Winker","13590",608385
"Justyn-Henry Malloy","TBR",38.715,141.351,123.153,29.414,19.6698,5.84063,0.244498,3.65908,15.5947,15.4007,15.4958,0.0729004,37.1862,1.59974,0.955099,0.14701,2.39514,0.929883,0.339514,0.23884,0.109627,0.263077,0.416709,0.329378,0.379371,0.314115,0.70875,0.140531,3.16586,0.309319,,-0.195292,16.8234,0.121643,100.044,-0.195292,-0.38,-0.18801574176177382,-2.8551653623580933,0.186402,999,,,,,,,147.3,3.776923076,147.3,3.776923076,,,,,,,,,,,,,,,,,,,"Justyn-Henry Malloy","29606",669234
"Nick Yorke","PIT",40.269,155.541,143.165,35.8697,25.9059,6.9044,0.500868,2.55853,16.6774,15.0982,9.97017,0.531694,35.0746,1.22475,0.966181,0.214702,2.94954,3.38372,1.22672,0.250547,0.0640999,0.225501,0.284256,0.303005,0.359385,0.290196,0.662389,0.108837,4.68255,0.312786,,-0.0670351,15.4916,-2.88674,82.4953,-0.0670351,-0.15,-3.2940024361014366,-0.07232062518596649,0.185039,999,,,,,,,148.7,3.7175,148.7,3.7175,,,,,,,,,,,,,,,,,,,"Nick Yorke","27504",694377
"Eli White","ATL",43.891,154.589,142.706,33.7321,22.924,5.48297,1.2518,4.07324,19.2164,14.9374,8.95153,0.167183,42.3833,1.679,0.85114,0.401364,2.21274,5.51941,1.46295,0.236375,0.0579053,0.274168,0.211204,0.287718,0.377968,0.289973,0.665686,0.141594,6.82875,0.305444,,0.284364,15.3688,-2.89708,83.755,0.284364,1.17,-2.6920420825481415,-0.6480969190597534,0.184477,999,,,,,,,146.8,3.336363636,146.8,3.336363636,,,,,,,,,,,,,,,,,,,"Eli White","19346",642201
"Kody Clemens","MIN",73.641,284.174,258.477,56.8613,33.5382,11.264,1.57168,10.4875,31.9859,33.3957,20.2359,0.467989,70.1246,2.20702,2.53576,0.717945,3.94018,3.25954,0.99702,0.219986,0.0712097,0.246766,0.288571,0.279776,0.397448,0.292651,0.677224,0.177462,4.73764,0.25706,,-0.122868,28.8697,-4.70764,85.3823,-0.122868,0.18,-5.01880969107151,-3.0287581086158752,0.177332,702.5700073242188,,,,,,,267.4,3.613513513,267.4,3.613513513,,,,,,,,,,,,,,,,,,,"Kody Clemens","20572",665019
"Nathan Church","STL",52.745,184.061,169.267,40.8168,29.9814,7.63752,0.697454,2.50043,18.1485,16.0743,10.3565,0.561079,27.3568,2.07162,1.31325,1.05294,3.93328,3.58992,1.14053,0.241139,0.0562669,0.148629,0.378573,0.290943,0.338817,0.276719,0.62976,0.0976785,4.63619,0.272283,,-0.0253521,16.3181,-5.43012,77.2943,-0.0253521,1.72,-4.978607706725597,0.5804475545883179,0.17655,999,,,,,,,158.5,2.990566037,158.5,2.990566037,,,,,,,,,,,,,,,,,,,"Nathan Church","31357",701675
"Graham Pauley","MIA",81.612,306.738,276.308,60.3483,38.4389,13.3688,0.758717,7.78193,30.1191,32.1111,24.7358,0.782265,65.0107,2.85058,2.11518,0.728758,4.58785,4.13966,1.18028,0.21841,0.0806416,0.211942,0.380488,0.28736,0.356777,0.282855,0.644137,0.138368,3.90518,0.255636,,-0.0861256,28.7223,-7.52111,78.0088,-0.0861256,0.85,-8.080969996750355,-0.4094444513320923,0.175449,999,,,,,,,267.4,3.260975609,267.4,3.260975609,,,,,,,,,,,,,,,,,,,"Graham Pauley","31363",688363
"Dom Keegan","TBR",17.081,68.584,62.6663,14.2982,9.46841,2.9405,0.178235,1.71102,6.57436,7.66986,4.66111,0.113349,18.7299,0.691949,0.475327,0.0893221,1.19611,0.0983382,0.0382796,0.228164,0.067962,0.273094,0.24886,0.286902,0.362686,0.284423,0.649588,0.134523,2.59366,0.294776,,-0.0931067,6.50937,-1.59436,79.5897,-0.0931067,-0.23,-1.7429575026035309,1.0879783779382706,0.174501,999,,,,,,,60.9,3.582352941,60.9,3.582352941,,,,,,,,,,,,,,,,,,,"Dom Keegan","sa3020194",681371
"Dane Myers","CIN",63.416,236.323,216.799,51.5381,36.734,8.76898,0.576646,5.45844,26.0152,22.5022,15.0685,0.074938,58.7178,2.59911,1.5352,0.321452,4.09503,7.443,2.07097,0.237723,0.0637625,0.248464,0.256626,0.293243,0.359023,0.286836,0.652265,0.1213,5.02088,0.298912,,0.281854,22.8927,-5.03069,77.197,0.281854,-0.11,-6.105079859495163,-0.05849255621433258,0.173824,999,,,,,,,214.7,3.407936507,214.7,3.407936507,,,,,,,,,,,,,,,,,,,"Dane Myers","22054",667472
"David Fry","CLE",57.788,207.978,186.331,42.0881,25.9648,8.55137,0.272555,7.29937,22.8579,24.3416,16.529,0.394524,54.3138,3.39051,1.46375,0.263273,3.28844,1.87688,0.52439,0.225877,0.0794746,0.261152,0.304324,0.298523,0.392219,0.301593,0.690741,0.166341,3.38974,0.275702,,-0.13968,22.6388,-1.9354,93.4848,-0.13968,0.03,-1.736736923456192,-3.728258343413472,0.173243,999,,,,,,,202.1,3.484482758,202.1,3.484482758,,,,,,,,,,,,,,,,,,,"David Fry","24934",681807
"Reese McGuire","MIL",19.364,63.75,58.2465,12.7906,8.62146,2.28339,0.126528,1.75919,5.94166,7.14565,3.86014,0.0895311,15.1993,0.563996,0.38907,0.462445,1.14685,0.428452,0.127442,0.219594,0.0605512,0.23842,0.253969,0.272991,0.353748,0.274187,0.626739,0.134154,3.25874,0.264687,,-0.0520309,5.52078,-2.01177,74.1667,-0.0520309,0.07,-2.0039163678884506,1.5641358569264412,0.172008,999,,,,,,,54.4,2.863157894,54.4,2.863157894,,,,,,,,,,,,,,,,,,,"Reese McGuire","15674",624512
"Ryan Mountcastle","BAL",45.736,183.931,169.063,43.2004,29.2302,8.10998,0.411925,5.44831,20.6795,21.1068,11.5935,0.109765,44.4902,1.41852,1.65683,0.199344,3.43769,0.972114,0.315945,0.255529,0.0630317,0.241885,0.260585,0.305949,0.405052,0.308593,0.711,0.149523,3.19306,0.312566,,-0.213107,21.0665,-0.666355,98.5663,-0.213107,0.04,-0.523908793926239,-4.161205254495144,0.168354,999,,,,,,,182.9,3.976086956,182.9,3.976086956,,,,,,,,,,,,,,,,,,,"Ryan Mountcastle","18373",663624
"Luke Maile","KCR",32.865,99.053,87.1964,18.4312,12.8786,3.51477,0.103042,1.93479,9.66281,9.18367,8.50988,0.0524654,27.6553,1.37447,0.586431,0.70211,1.79262,0.964741,0.318847,0.211376,0.0859124,0.279197,0.307713,0.289919,0.320615,0.273633,0.610534,0.109239,3.42422,0.283479,,-0.0875527,8.53345,-3.17042,70.0223,-0.0875527,0,-3.5873116850852966,1.8197567462921143,0.167965,999,,,,,,,76.1,2.306060606,76.1,2.306060606,,,,,,,,,,,,,,,,,,,"Luke Maile","13355",571912
"Elias Díaz","KCR",22.972,82.077,74.5103,16.3383,11.1706,3.00651,0.122853,2.03834,7.73313,8.8541,5.41637,0.0958832,19.5904,0.538393,0.471776,0.360375,1.62927,0.17736,0.0567915,0.219275,0.0659913,0.238683,0.276481,0.275438,0.344993,0.272589,0.62043,0.125718,2.57052,0.268023,,-0.100208,7.00145,-2.69658,69.3038,-0.100208,0.09,-3.069679893553257,1.862530916929245,0.165522,999,,,,,,,60.1,2.613043478,60.1,2.613043478,,,,,,,,,,,,,,,,,,,"Elias Diaz","11680",553869
"CJ Kayfus","CLE",75.303,292.512,262.46,60.7163,38.5942,12.8986,1.58813,7.63542,32.4683,30.308,23.8638,0.329799,81.9081,3.66752,1.84808,0.672297,4.56141,2.93527,0.994322,0.231335,0.0815822,0.280016,0.291348,0.302384,0.379857,0.299129,0.682241,0.148522,4.53282,0.303728,,-0.254499,31.2551,-3.30741,91.7869,-0.254499,-0.45,-3.0860353112220764,-5.375019729137421,0.164389,999,,,,,,,290.8,3.877333333,290.8,3.877333333,,,,,,,,,,,,,,,,,,,"CJ Kayfus","33704",692216
"JJ Bleday","CIN",85.1,333.18,294.739,66.2309,37.7022,14.6887,0.74929,13.0907,37.6153,41.5426,34.0994,0.915622,76.3884,1.65277,2.29328,0.395292,4.60061,2.1188,0.747509,0.22471,0.102345,0.229271,0.446394,0.306453,0.412874,0.31234,0.719328,0.188164,3.14762,0.256032,,-0.361235,39.1743,-0.19353,94.6678,-0.361235,-3.31,-2.4668660163879395,-7.039691209793091,0.161492,747.4400024414062,,,,,,,355,4.176470588,355,4.176470588,,,,,,,,,,,,,,,,,,,"JJ Bleday","26368",668709
"Leo De Vries","ATH",8.033,30.846,27.8002,6.80745,3.87017,1.59567,0.171047,1.17056,3.8647,3.77122,2.46047,0.156983,6.97148,0.281107,0.240909,0.0632817,0.354191,0.520217,0.157157,0.24487,0.0797664,0.226009,0.352934,0.310208,0.440892,0.322099,0.7511,0.196022,5.12388,0.283274,,-0.00292729,3.87118,0.226488,103.606,-0.00292729,0,0.12817504745908082,0.3718981444835663,0.159786,999,,,,,,,34.3,4.2875,34.3,4.2875,,,,,,,,,,,,,,,,,,,"Leo De Vries","sa3023363",815888
"Heriberto Hernández","MIA",83.234,334.799,297.021,66.6426,40.3884,14.2124,0.985398,11.0564,36.3264,38.4509,30.6851,1.05732,100.887,3.44305,2.24716,1.40232,5.54557,2.90856,0.905526,0.22437,0.0916522,0.301335,0.304154,0.302255,0.390527,0.302382,0.692782,0.166158,3.751,0.296736,,-0.274069,36.6579,-2.90118,91.3856,-0.274069,0.81,-3.6923137605190277,-5.88566917181015,0.159696,999,,,,,,,332.8,4.009638554,332.8,4.009638554,,,,,,,,,,,,,,,,,,,"Heriberto Hernandez","24878",681715
"Alex Freeland","LAD",20.437,78.155,69.5671,15.15,9.84522,3.15609,0.19813,1.95059,9.34105,7.76995,7.18393,0.135562,21.3588,0.776722,0.482341,0.144953,1.2088,1.68318,0.473877,0.217776,0.091919,0.273288,0.336345,0.296253,0.352956,0.287149,0.649209,0.13518,5.04119,0.282401,,0.0259204,7.59077,-1.64385,82.8007,0.0259204,0.12,-1.56724713742733,0.5254960283637047,0.159452,999,,,,,,,69.3,3.465,69.3,3.465,,,,,,,,,,,,,,,,,,,"Alex Freeland","31665",690976
"Nacho Alvarez Jr.","ATL",15.513,53.344,48.0274,11.7336,8.64149,2.1168,0.172822,0.802487,5.74891,4.78984,4.06992,0.133243,11.0451,0.819822,0.284423,0.142465,1.07026,0.780948,0.235935,0.244311,0.0762958,0.207054,0.368483,0.31246,0.345709,0.292048,0.658169,0.101399,4.39161,0.299776,,-0.0288789,5.39319,-0.909814,85.1766,-0.0288789,0.01,-0.9660664293915033,0.7281944248825312,0.157244,999,,,,,,,51.3,3.20625,51.3,3.20625,,,,,,,,,,,,,,,,,,,"Nacho Alvarez Jr.","31765",805373
"Emmanuel Rodriguez","MIN",17.758,71.166,61.0188,13.0635,8.28388,2.52557,0.473079,1.78099,8.74278,6.25347,9.06203,0.148869,23.8022,0.600901,0.383899,0.10036,0.929622,1.62852,0.465767,0.21409,0.127337,0.33446,0.380723,0.319795,0.358549,0.302427,0.678344,0.144459,5.89725,0.314983,,0.0174683,7.79471,-0.614103,92.1164,0.0174683,0,-0.6437904126942158,-0.2740432024002075,0.1567,999,,,,,,,73.1,4.061111111,73.1,4.061111111,,,,,,,,,,,,,,,,,,,"Emmanuel Rodriguez","sa3014693",691181
"Kristian Campbell","BOS",31.844,124.737,111.058,27.7822,19.7152,4.85587,0.347677,2.8635,14.2188,12.7952,11.0735,0.198568,32.7269,1.77018,0.660527,0.174946,2.77392,1.70326,0.544998,0.25016,0.0887744,0.262367,0.338359,0.32615,0.377496,0.310858,0.703646,0.127336,4.20346,0.327327,,-0.096165,14.5161,-0.22252,94.4861,-0.096165,-0.76,-0.9068046435713768,-1.8562440872192383,0.156558,740.0999755859375,,,,,,,128.5,4.015625,128.5,4.015625,,,,,,,,,,,,,,,,,,,"Kristian Campbell","33644",692225
"Esteury Ruiz","MIA",34.617,109.787,99.0095,23.1656,16.1826,4.58902,0.412935,1.98095,13.922,8.42274,7.15484,0.113176,25.5963,2.24229,0.657896,0.631891,1.47219,9.13373,1.9102,0.233973,0.0651702,0.233145,0.279526,0.298563,0.348687,0.286401,0.64725,0.114714,7.14345,0.293863,,0.876363,10.5963,-2.37583,80.4382,0.876363,-0.56,-1.669026255607605,-0.48368388414382935,0.153462,743.77001953125,,,,,,,101.6,2.902857142,101.6,2.902857142,,,,,,,,,,,,,,,,,,,"Esteury Ruiz","21780",665923
"Owen Caissie","MIA",112.903,418.976,377.148,85.4852,55.4222,18.4387,1.00231,10.622,42.8413,43.7364,35.8173,1.179,133.516,3.04016,2.14889,0.82146,6.49181,4.26148,1.49388,0.226662,0.0854878,0.318672,0.268263,0.297361,0.365359,0.291062,0.662719,0.138697,3.82743,0.318351,,-0.374093,42.024,-7.48129,83.6311,-0.374093,1.83,-8.502451717853546,-3.9777673482894897,0.149296,591.5599975585938,,,,,,,382.1,3.381415929,382.1,3.381415929,,,,,,,,,,,,,,,,,,,"Owen Caissie","27496",683357
"Ryan Bliss","SEA",27.18,100.657,91.2195,19.1879,12.6832,3.87792,0.571542,2.05526,12.1676,8.01197,7.38373,0.105794,27.0128,0.947525,0.6217,0.484539,1.06244,5.7783,1.64657,0.210349,0.0733553,0.268365,0.273342,0.274718,0.332985,0.268387,0.607703,0.122636,7.0278,0.27293,,0.343327,8.24292,-3.65048,75.9568,0.343327,0.08,-2.5090620517730713,0.4994444400072098,0.148848,999,,,,,,,81.3,3.011111111,81.3,3.011111111,,,,,,,,,,,,,,,,,,,"Ryan Bliss","29547",669208
"Adael Amador","COL",39.166,146.57,131.364,32.4278,22.692,6.30833,0.442196,2.98529,17.2401,14.2716,12.1932,0.26201,24.8519,1.24306,0.943328,0.825965,2.96536,4.69172,1.55288,0.246854,0.0831903,0.169557,0.490634,0.314689,0.369784,0.301426,0.684473,0.12293,5.18555,0.281826,,0.0656374,15.9345,-1.38386,78.4188,0.0656374,-0.35,-3.683356001973152,0.25441357493400574,0.148095,999,,,,,,,136.7,3.505128205,136.7,3.505128205,,,,,,,,,,,,,,,,,,,"Adael Amador","27962",691182
"Mickey Gasper","BOS",12.772,38.032,33.7738,7.78952,5.31341,1.64019,0.0734252,0.762489,3.80657,3.86043,3.27576,0.0916971,7.12677,0.620175,0.265731,0.096531,0.727158,0.283445,0.0934804,0.230638,0.0861316,0.187389,0.459641,0.308035,0.351279,0.292294,0.659314,0.120641,3.35541,0.268717,,-0.0417846,3.85269,-0.64108,81.6979,-0.0417846,0.01,-0.8621805794537067,0.9954938385635614,0.147567,999,,,,,,,38,2.923076923,38,2.923076923,,,,,,,,,,,,,,,,,,,"Mickey Gasper","24759",681508
"Jon Berti",,40.752,142.264,129.557,31.1082,24.0669,4.98113,0.758495,1.30169,16.3783,10.0293,9.691,0.174098,31.4824,1.21384,0.734375,0.852598,2.83443,6.82996,1.74362,0.240112,0.0681198,0.221296,0.307822,0.297551,0.320411,0.275022,0.617962,0.0802983,6.24521,0.305685,,0.422227,12.4166,-4.39298,73.6343,0.422227,-0.19,-4.0109961330890656,0.6374853253364563,0.147465,999,,,,,,,113.9,2.77804878,113.9,2.77804878,,,,,,,,,,,,,,,,,,,"Jon Berti","12037",542932
"Curtis Mead","CHW",25.473,92.431,84.5312,20.2233,13.6237,4.41302,0.25061,1.93597,9.50794,8.96132,5.66372,0.190513,18.9496,1.48553,0.641449,0.109054,1.48618,1.33594,0.399022,0.239241,0.0612751,0.205013,0.298884,0.296491,0.366083,0.290297,0.662574,0.126842,4.36772,0.284464,,-0.0320969,9.21353,-1.70791,84.2612,-0.0320969,-0.04,-1.746698323637247,-0.04000001066312464,0.142688,999,,,,,,,80.3,3.212,80.3,3.212,,,,,,,,,,,,,,,,,,,"Curtis Mead","23986",678554
"José Tena","WSN",57.035,218.094,200.507,48.0547,34.4287,9.75652,0.681737,3.18773,21.9522,19.1597,13.9961,0.281777,56.0799,1.32602,1.27034,0.99501,4.11435,5.73115,2.13153,0.239667,0.0641746,0.257136,0.249574,0.291926,0.342821,0.279546,0.634747,0.103155,4.83388,0.314836,,-0.0532466,19.836,-5.93349,77.1033,-0.0532466,-0.91,-5.971733693033457,0.0837399959564209,0.139968,999,,,,,,,181.5,3.184210526,181.5,3.184210526,,,,,,,,,,,,,,,,,,,"Jose Tena","23691",677588
"Jahmai Jones","DET",42.232,138.322,121.59,29.3173,18.0642,6.44401,0.317997,4.49116,17.336,14.7788,12.9232,0.124498,32.2804,2.08115,0.864529,0.863122,2.20828,2.9977,0.873401,0.241117,0.0934287,0.233372,0.400343,0.322436,0.410156,0.320494,0.732592,0.169039,4.62715,0.289745,,0.0243811,17.1792,0.83542,105.069,0.0243811,0,0.8508302699774504,-4.287686824798584,0.135458,999,,,,,,,143.3,3.411904761,143.3,3.411904761,,,,,,,,,,,,,,,,,,,"Jahmai Jones","18872",663330
"Cody Freeman","TEX",43.937,170.584,158.449,37.2598,25.9822,7.12638,0.396177,3.75508,17.1228,17.1714,9.13706,0.346333,26.7225,1.26258,1.24961,0.485375,3.47346,2.28222,0.732681,0.235153,0.0535634,0.156653,0.341924,0.280187,0.356226,0.277566,0.636413,0.121073,4.01271,0.259282,,-0.0814951,15.2406,-4.91521,77.1538,-0.0814951,-0.57,-4.674792148172855,0.10804009437561035,0.133464,999,,,,,,,138.1,3.138636363,138.1,3.138636363,,,,,,,,,,,,,,,,,,,"Cody Freeman","25629",683227
"Kyle Farmer","ATL",23.161,87.652,79.664,18.6407,12.8321,3.28666,0.449282,2.07267,9.4676,9.01531,5.16649,0.0431265,19.7168,1.72524,0.616448,0.138955,1.64844,0.757712,0.321863,0.233991,0.0589432,0.224944,0.262035,0.292896,0.36458,0.288782,0.657477,0.130589,4.22077,0.283258,,-0.110192,8.62937,-1.72739,82.9393,-0.110192,-0.09,-1.8825570717453957,0.26742279529571533,0.133116,999,,,,,,,76.8,3.339130434,76.8,3.339130434,,,,,,,,,,,,,,,,,,,"Kyle Farmer","14813",571657
"Luis Matos","SFG",47.615,182.273,169.106,41.2398,26.6893,8.7245,0.405402,5.42059,20.4972,20.2599,9.40226,0.332444,25.7963,1.69341,1.46556,0.605542,2.97276,3.05947,0.756063,0.243869,0.0515834,0.141526,0.36448,0.288084,0.396419,0.295884,0.684503,0.152549,4.46125,0.257036,,0.0550242,18.9959,-2.54109,90.6687,0.0550242,-0.95,-1.9608213044703007,-2.808610260486603,0.132478,999,,,,,,,169.6,3.533333333,169.6,3.533333333,,,,,,,,,,,,,,,,,,,"Luis Matos","26467",682641
"Christopher Morel","MIA",92.338,352.403,314.651,69.4024,40.4649,12.6673,2.51052,13.7597,42.9523,41.931,31.3084,0.663314,107.284,3.68678,2.2822,0.474776,4.89519,7.62399,2.22786,0.22057,0.0888427,0.304436,0.291827,0.296645,0.407975,0.305839,0.70462,0.187406,5.65751,0.284052,,0.118668,39.5744,-2.06474,93.7534,0.118668,-0.55,-2.490332342684269,-7.943707287311554,0.132034,999,,,,,,,372.4,4.047826086,372.4,4.047826086,,,,,,,,,,,,,,,,,,,"Christopher Morel","21897",666624
"Chris Taylor","LAA",42.683,149.265,132.573,28.4049,18.373,5.47343,0.759637,3.79878,16.374,13.4962,12.8723,0.103778,47.6044,1.98031,0.827276,0.374556,1.7455,3.55985,0.92663,0.214258,0.086238,0.318925,0.270402,0.291782,0.352967,0.285305,0.644749,0.138709,5.53256,0.300085,,0.113838,14.2738,-3.363,79.9016,0.113838,0,-3.4219968020915985,-0.4704916179180145,0.127376,999,,,,,,,131.4,3.055813953,131.4,3.055813953,,,,,,,,,,,,,,,,,,,"Chris Taylor","13757",621035
"Aidan Miller","PHI",13.498,53.438,48.041,10.9395,7.26516,2.27942,0.169109,1.22576,6.26413,5.01722,4.35662,0.0407166,14.0094,0.647132,0.316933,0.0762617,0.744366,2.00413,0.513875,0.227711,0.0815267,0.262162,0.310979,0.298776,0.358743,0.290347,0.657519,0.131032,5.64051,0.293263,,0.109659,5.32889,-0.985221,82.8718,0.109659,0,-0.975159265100956,0.4166049361228943,0.124754,999,,,,,,,44.8,3.446153846,44.8,3.446153846,,,,,,,,,,,,,,,,,,,"Aidan Miller","sa3022609",805795
"Oswald Peraza","LAA",74.762,265.642,242.424,51.3184,35.128,8.94246,0.507976,6.73991,28.4327,23.2948,17.9369,0.346065,70.4744,3.47085,1.30828,0.50153,4.44243,9.54703,2.23906,0.211688,0.0675227,0.265298,0.254516,0.274293,0.336173,0.269643,0.610465,0.124485,5.37993,0.267709,,0.621527,22.0247,-9.36294,69.1126,0.621527,0.49,-9.04899525642395,1.111241638660431,0.123308,999,,,,,,,217.6,2.901333333,217.6,2.901333333,,,,,,,,,,,,,,,,,,,"Oswald Peraza","22823",672724
"James Outman","MIN",56.469,204.183,181.277,36.9218,21.9061,7.19344,0.896422,6.92587,23.5972,21.8279,18.4703,0.50688,72.2659,3.0201,1.22144,0.19423,2.24536,4.09688,1.24735,0.203676,0.0904595,0.353927,0.255588,0.28635,0.367866,0.287346,0.654216,0.16419,5.3861,0.290358,,0.0254209,19.8638,-4.26203,81.7276,0.0254209,0,-4.371902732178569,-1.4898730516433716,0.119283,999,,,,,,,185.8,3.317857142,185.8,3.317857142,,,,,,,,,,,,,,,,,,,"James Outman","24770",681546
"Masataka Yoshida","BOS",52.59,213.214,192.967,51.9084,37.1049,10.2064,0.31813,4.27893,23.2251,23.8164,15.0504,0.681014,26.3458,3.2275,1.62931,0.340155,5.64293,1.88193,0.54911,0.269002,0.0705882,0.123565,0.571263,0.329708,0.391715,0.315791,0.721423,0.122713,3.28207,0.290474,,-0.209608,25.6665,0.473581,97.8842,-0.209608,-0.01,-0.7413051575422287,-5.431314716115594,0.119282,747.0599975585938,,,,,,,219.8,4.147169811,219.8,4.147169811,,,,,,,,,,,,,,,,,,,"Masataka Yoshida","31837",807799
"Starling Marte","KCR",62.019,253.834,230.498,59.9527,43.673,10.3881,1.28205,4.60954,30.3268,24.2115,15.5696,0.253296,51.853,4.48432,1.52929,1.75231,5.59677,8.42041,1.83899,0.2601,0.0613379,0.204279,0.300265,0.317384,0.376287,0.304951,0.693671,0.116187,5.79238,0.315229,,0.511953,28.3222,-1.67022,91.5962,0.511953,-0.48,-2.0022246837615967,-5.6089849174022675,0.115137,999,,,,,,,257.3,4.15,257.3,4.15,,,,,,,,,,,,,,,,,,,"Starling Marte","9241",516782
"Jorge Mateo","ATL",48.648,167.563,154.585,34.478,22.5551,7.04046,1.327,3.5555,22.7245,12.6359,8.56361,0.206821,44.9094,1.25152,1.02203,1.69554,1.4455,13.1396,2.96505,0.223037,0.0511068,0.268015,0.190687,0.267759,0.354751,0.270834,0.622509,0.131714,8.27894,0.288613,,1.20134,14.0549,-5.74392,70.6445,1.20134,-0.25,-4.628565073013306,0.143245130777359,0.111474,999,,,,,,,145.3,2.965306122,145.3,2.965306122,,,,,,,,,,,,,,,,,,,"Jorge Mateo","17273",622761
"Garrett Stubbs","PHI",18.147,29.981,27.0274,5.72368,4.16335,1.03574,0.0975826,0.427014,2.86632,2.39069,2.24907,0.0710535,7.21429,0.322209,0.159408,0.195493,0.509303,0.502656,0.151875,0.211774,0.0750165,0.240629,0.311752,0.278747,0.304714,0.260513,0.583461,0.0929408,4.53527,0.270992,,-0.00565501,2.26351,-1.27897,62.4342,-0.00565501,0,-1.340506514068693,1.4002313613891602,0.108165,999,,,,,,,17.4,0.966666666,17.4,0.966666666,,,,,,,,,,,,,,,,,,,"Garrett Stubbs","18067",596117
"Jacob Stallings","BAL",30.134,99.987,88.7103,17.9361,12.7262,3.16078,0.160686,1.88843,9.11094,8.62413,7.9043,0.0782148,27.8627,1.23461,0.567991,0.72127,1.9752,0.21596,0.0712605,0.202188,0.0790533,0.278664,0.283687,0.275105,0.305304,0.260245,0.580408,0.103116,2.64329,0.269586,,-0.129821,7.52712,-4.28711,65.2613,-0.129821,0,-4.223651230335236,1.8369157314300537,0.107904,999,,,,,,,66.3,2.21,66.3,2.21,,,,,,,,,,,,,,,,,,,"Jacob Stallings","13723",607732
"Jack Suwinski","LAD",34.908,119.076,104.419,21.2417,12.0099,4.25391,0.449886,4.52803,15.1294,14.028,12.3721,0.444345,37.1842,1.26722,0.785038,0.232972,1.44435,2.18908,0.698418,0.203429,0.103901,0.312273,0.332724,0.293505,0.382877,0.295819,0.676382,0.179448,5.13746,0.263243,,-0.0145926,12.4034,-1.66633,88.74,-0.0145926,0,-1.6037063980475068,-1.3125660419464111,0.106959,999,,,,,,,112.2,3.205714285,112.2,3.205714285,,,,,,,,,,,,,,,,,,,"Jack Suwinski","22244",669261
"Tommy Pham",,59.589,238.819,213.759,50.203,34.2962,9.82424,0.919264,5.16331,26.9277,23.3106,21.3322,0.379276,54.2369,1.72584,1.63304,0.311612,4.87783,3.9608,1.169,0.234858,0.0893239,0.227105,0.393316,0.307239,0.361884,0.295181,0.669123,0.127025,4.76499,0.288732,,-0.0626956,24.7526,-3.46574,87.4823,-0.0626956,-0.69,-3.5959843322634697,-3.4487499594688416,0.106193,999,,,,,,,221.5,3.691666666,221.5,3.691666666,,,,,,,,,,,,,,,,,,,"Tommy Pham","2967",502054
"Brice Matthews","HOU",18.439,68.411,61.4521,12.8194,8.0724,2.39412,0.122651,2.23026,8.4819,6.69794,5.50785,0.0159021,23.4213,0.882604,0.348414,0.220018,0.806211,2.90197,0.729175,0.208608,0.0805112,0.342362,0.235164,0.281707,0.360437,0.283003,0.642145,0.151829,5.81111,0.292931,,0.18641,6.41411,-1.66918,80.0695,0.18641,0.16,-1.4205961972475052,0.10308949649333954,0.106107,999,,,,,,,60.3,3.35,60.3,3.35,,,,,,,,,,,,,,,,,,,"Brice Matthews","33280",694728
"Paul DeJong","NYY",18.147,68.882,62.8918,12.9269,7.84575,2.30275,0.0587338,2.71971,7.07215,8.05683,3.945,0.00297157,21.8358,0.898419,0.536655,0.0745015,0.825034,0.694211,0.217346,0.205542,0.0572718,0.317003,0.180667,0.260288,0.373758,0.275601,0.634046,0.168215,3.56791,0.262579,,-0.033915,6.04428,-2.09466,75.5231,-0.033915,0.02,-2.0210858583450317,0.6734413094818592,0.104682,999,,,,,,,60.7,3.372222222,60.7,3.372222222,,,,,,,,,,,,,,,,,,,"Paul DeJong","18015",657557
"Korey Lee","CHW",37.763,120.649,112.762,24.3868,16.6114,4.65432,0.200829,2.92024,11.3541,11.4697,6.26805,0.0379333,33.0461,0.765605,0.571555,0.282061,2.06322,1.54757,0.44438,0.216268,0.0519527,0.273903,0.189676,0.261039,0.338798,0.262728,0.599837,0.12253,3.99278,0.277464,,-0.0283131,9.32575,-4.92986,65.2698,-0.0283131,-1.13,-4.96691264025867,1.7838116884231567,0.099186,999,,,,,,,88.9,2.339473684,88.9,2.339473684,,,,,,,,,,,,,,,,,,,"Korey Lee","25543",686676
"Otto Kemp","PHI",59.089,227.928,205.096,47.8179,30.0515,10.3516,0.914866,6.49991,25.869,25.3163,15.3926,0.987535,63.4434,5.59463,1.60099,0.244175,3.37486,4.08534,1.34087,0.233149,0.0675326,0.278348,0.242619,0.302196,0.387619,0.300716,0.689815,0.15447,4.97488,0.302135,,-0.0624615,24.6481,-2.28336,89.975,-0.0624615,-1.06,-2.770629718899727,-3.849241018295288,0.0985627,999,,,,,,,222.7,3.774576271,222.7,3.774576271,,,,,,,,,,,,,,,,,,,"Otto Kemp","31792",805249
"Austin Slater","DET",23.849,85.808,75.6975,17.7698,12.4454,3.20099,0.210216,1.91311,9.62754,7.99228,8.29131,0.00370176,23.8607,1.07721,0.511586,0.230389,1.79341,1.02355,0.301627,0.234747,0.0966263,0.278071,0.347488,0.317119,0.358407,0.300664,0.675526,0.12366,4.14664,0.314396,,-0.062795,9.27564,-0.863236,91.4095,-0.062795,0.04,-0.9315965548157692,-1.0641203746199608,0.0979801,999,,,,,,,81.2,3.383333333,81.2,3.383333333,,,,,,,,,,,,,,,,,,,"Austin Slater","16153",596103
"Bryce Teodosio","LAA",56.752,209.02,193.267,39.4995,27.661,7.84637,0.961388,3.03078,20.7834,13.9548,10.6103,0.00901712,66.1686,2.7857,1.07473,1.28197,2.71348,7.82913,1.88384,0.204378,0.0507622,0.316566,0.160352,0.254626,0.30197,0.246822,0.556597,0.0975927,6.18244,0.291418,,0.523375,13.4573,-11.24,53.3923,0.523375,4.04,-10.958637118339539,4.7211796045303345,0.0978794,999,,,,,,,134.1,2.352631578,134.1,2.352631578,,,,,,,,,,,,,,,,,,,"Bryce Teodosio","29524",669326
"Rafael Flores Jr.","PIT",20.199,69.62,63.6437,14.7807,10.0744,2.88139,0.108142,1.71678,6.98339,7.47344,4.9802,0.122339,20.0467,0.53819,0.376975,0.0808843,1.24872,0.339204,0.115819,0.232241,0.0715341,0.287945,0.24843,0.291909,0.361838,0.286875,0.653746,0.129596,3.0319,0.309152,,-0.0817197,6.74632,-1.47982,80.2203,-0.0817197,0.13,-1.7138208001852036,0.35265210270881653,0.0977193,999,,,,,,,65.5,3.275,65.5,3.275,,,,,,,,,,,,,,,,,,,"Rafael Flores Jr.","31991",804668
"Maximo Acosta","MIA",22.733,82.533,75.8806,17.4607,11.8198,3.62642,0.309719,1.70471,8.87881,7.7643,5.13875,0.062532,20.3275,0.72693,0.526978,0.259746,1.30579,2.81326,0.789614,0.230107,0.062263,0.246296,0.252797,0.283523,0.353459,0.279392,0.636982,0.123352,5.4498,0.289763,,0.12295,7.49615,-2.25576,75.6363,0.12295,-0.21,-2.260270267724991,0.45265601575374603,0.0959976,999,,,,,,,70.5,3.065217391,70.5,3.065217391,,,,,,,,,,,,,,,,,,,"Maximo Acosta","27963",691185
"Trey Sweeney","DET",19.261,71.238,64.7029,13.5151,8.77485,2.56418,0.481037,1.69506,7.66208,6.56695,5.46697,0.120841,19.7371,0.587578,0.400084,0.0804445,1.07429,1.28839,0.379863,0.20888,0.0767423,0.277059,0.276989,0.275019,0.341971,0.27155,0.61699,0.133092,5.54467,0.270663,,0.00501647,6.01671,-2.40061,71.3535,0.00501647,-0.01,-2.400209043174982,0.8817129638046026,0.0954985,999,,,,,,,60.8,3.2,60.8,3.2,,,,,,,,,,,,,,,,,,,"Trey Sweeney","29575",700242
"Santiago Espinal","LAD",33.455,123.501,112.699,28.1459,21.5508,5.30043,0.193588,1.10105,13.0584,10.5954,7.91713,0.126071,16.1849,0.748221,0.940871,1.19599,2.57768,1.59989,0.534268,0.249744,0.0641058,0.131051,0.489168,0.300979,0.329521,0.279346,0.6305,0.0797769,3.82494,0.280683,,-0.0974599,11.2125,-3.38009,77.455,-0.0974599,-0.31,-3.3974631875753403,0.2062808871269226,0.0938949,999,,,,,,,95.7,2.9,95.7,2.9,,,,,,,,,,,,,,,,,,,"Santiago Espinal","19997",669289
"Jeferson Quero","MIL",7.152,24.111,22.2493,5.37275,3.58903,1.11918,0.0656467,0.598891,2.36389,2.86068,1.44201,0.0343546,4.51525,0.188726,0.194592,0.0363714,0.400068,0.213496,0.06636,0.241479,0.0598072,0.187269,0.319365,0.290907,0.378434,0.291261,0.669342,0.136955,3.46849,0.275472,,-0.0187088,2.42226,-0.426642,85.8628,-0.0187088,-0.02,-0.4227021802216768,0.5318518690764904,0.0932403,999,,,,,,,21.3,3.042857142,21.3,3.042857142,,,,,,,,,,,,,,,,,,,"Jeferson Quero","sa3015407",691620
"Max Schuemann","NYY",20.305,69.343,61.0563,13.1094,9.46817,2.52273,0.17025,0.948262,7.14324,4.98754,5.98777,0.0707444,15.7779,1.1879,0.519603,0.591429,1.19844,1.84493,0.492095,0.21471,0.08635,0.227535,0.379503,0.295049,0.308198,0.271755,0.603247,0.0934877,4.88033,0.271153,,0.058054,5.86821,-2.3252,72.8738,0.058054,0.04,-2.1589416824281216,0.6666975393891335,0.0915113,999,,,,,,,54.7,2.735,54.7,2.735,,,,,,,,,,,,,,,,,,,"Max Schuemann","24488",680474
"DJ LeMahieu",,30.274,106.673,95.6979,22.0739,16.7725,3.4618,0.3239,1.51571,10.6506,9.18627,9.66364,0.0666941,22.9254,0.435781,0.586856,0.28886,2.91606,0.373289,0.123741,0.230663,0.0905913,0.214912,0.421526,0.302426,0.321122,0.279224,0.623548,0.090459,3.10684,0.286152,,-0.152976,9.67415,-2.93009,76.5204,-0.152976,0,-3.1132355332374573,0.3919495642185211,0.0909546,999,,,,,,,84.7,2.823333333,84.7,2.823333333,,,,,,,,,,,,,,,,,,,"DJ LeMahieu","9874",518934
"Johan Rojas","PHI",26.387,94.34,86.3937,20.2331,15.0724,3.54319,0.623078,0.994393,10.7821,6.02539,4.74409,0.139141,20.4343,0.760658,0.555742,1.88582,1.60188,4.99737,1.05631,0.234196,0.0502872,0.216603,0.232163,0.278384,0.324162,0.265208,0.602547,0.0899664,6.9719,0.293627,,0.431973,7.48212,-3.66488,65.6504,0.431973,0.73,-3.4087395668029785,1.1372067630290985,0.0887236,999,,,,,,,77.4,2.976923076,77.4,2.976923076,,,,,,,,,,,,,,,,,,,"Johan Rojas","24336",679032
"Alejandro Osuna","TEX",19.146,69.603,61.958,14.7838,10.2406,3.04215,0.261617,1.2395,7.86861,6.03516,5.66056,0.20015,15.0462,0.927303,0.548351,0.508808,1.18718,1.95849,0.62367,0.238611,0.0813263,0.216172,0.376212,0.309312,0.356172,0.293644,0.665485,0.117562,5.11928,0.293036,,0.0265191,7.1272,-1.09694,88.2296,0.0265191,0.26,-0.9390654638409615,-0.6263889074325562,0.0849365,999,,,,,,,62.1,3.268421052,62.1,3.268421052,,,,,,,,,,,,,,,,,,,"Alejandro Osuna","27915",696030
"Sam Antonacci","CHW",7.719,28.881,25.4474,6.27698,4.49583,1.26573,0.150224,0.365194,3.27219,2.24011,2.33121,0.114475,5.31634,0.693251,0.191935,0.217176,0.567176,0.843836,0.256799,0.246665,0.0807179,0.184077,0.4385,0.324501,0.351263,0.300091,0.675765,0.104598,5.4503,0.296214,,0.014713,3.10851,-0.303999,91.0078,0.014713,0,-0.29137803986668587,0.11912035942077637,0.0840783,999,,,,,,,22.4,2.8,22.4,2.8,,,,,,,,,,,,,,,,,,,"Sam Antonacci","sa3025363",803011
"Tommy Troy","ARI",14.186,54.268,49.4995,11.8836,8.36998,2.38759,0.17082,0.95524,5.85658,5.37829,3.674,0.0339799,11.9394,0.583299,0.35214,0.159018,1.04798,1.05575,0.319104,0.240076,0.0677011,0.220008,0.307721,0.298304,0.353106,0.287194,0.65141,0.11303,4.73403,0.295705,,-0.00266617,5.27272,-1.13946,81.3378,-0.00266617,0,-1.2029940427746624,0.21891973912715912,0.0840431,999,,,,,,,50.3,3.592857142,50.3,3.592857142,,,,,,,,,,,,,,,,,,,"Tommy Troy","sa3022561",694371
"Jacob Melton","TBR",42.703,147.498,135.587,29.1995,18.6919,6.10247,0.594269,3.81087,17.1366,13.991,9.91581,0.166121,40.2146,0.874646,0.83814,0.28207,1.81846,7.04469,1.55341,0.215355,0.0672268,0.272645,0.246572,0.271641,0.353448,0.273465,0.62509,0.138093,6.46287,0.274769,,0.579252,12.687,-4.74106,72.0415,0.579252,0.99,-4.281145453453064,0.017195045948028564,0.0831485,701.0599975585938,,,,,,,127.8,2.972093023,127.8,2.972093023,,,,,,,,,,,,,,,,,,,"Jacob Melton","31661",689200
"Nolan Jones","CLE",31.361,118.486,103.997,23.2876,15.4959,4.80823,0.347082,2.63639,13.1574,10.8908,12.4753,0.481976,34.385,1.04941,0.693575,0.271033,1.95351,2.47587,0.751639,0.223927,0.105289,0.290203,0.362811,0.311401,0.352888,0.294444,0.664289,0.128961,4.65116,0.305181,,-0.00103739,12.2096,-1.79039,88.5597,-0.00103739,-0.23,-1.5986668172990903,-1.6818981021642685,0.0815974,999,,,,,,,107.5,3.467741935,107.5,3.467741935,,,,,,,,,,,,,,,,,,,"Nolan Jones","20529",666134
"Mike Tauchman","NYM",44.578,169.724,147.237,33.1249,23.3574,6.4509,0.145024,3.1715,17.9501,15.1638,19.4644,0.108858,38.9968,1.72675,0.964354,0.331374,3.30072,1.22581,0.391751,0.224976,0.114683,0.229766,0.499128,0.320651,0.335379,0.295418,0.656031,0.110403,3.07123,0.28249,,-0.208643,17.6239,-2.43034,91.2573,-0.208643,-0.46,-1.9673111736774445,-2.8906933963298798,0.0806994,999,,,,,,,148.3,3.295555555,148.3,3.295555555,,,,,,,,,,,,,,,,,,,"Mike Tauchman","15274",643565
"Ty France","SDP",44.101,174.543,157.111,38.9726,28.7835,6.76811,0.310535,3.11041,17.8385,17.2375,10.1734,0.154483,31.752,5.66327,1.36994,0.22534,4.39271,0.400844,0.120953,0.248058,0.0582862,0.181915,0.320403,0.314422,0.354482,0.29696,0.668904,0.106424,2.77712,0.290103,,-0.262912,18.3428,-2.28083,92.7512,-0.262912,-0.03,-1.7624762654304504,-3.2627122681587934,0.0799981,999,,,,,,,157.9,3.588636363,157.9,3.588636363,,,,,,,,,,,,,,,,,,,"Ty France","17982",664034
"James Triantos","CHC",8.512,28.435,26.4997,6.95244,5.04754,1.33808,0.108248,0.45857,3.22727,2.85126,1.426,0.056522,4.0055,0.251822,0.206668,0.0508307,0.548718,0.885798,0.224525,0.262359,0.0501495,0.140865,0.356011,0.304052,0.372938,0.295253,0.676989,0.110578,5.35327,0.29196,,0.0411872,2.94882,-0.410999,89.6349,0.0411872,0,-0.3081306964159012,0.13135801255702972,0.0787056,999,,,,,,,21,2.333333333,21,2.333333333,,,,,,,,,,,,,,,,,,,"James Triantos","sa3017295",701649
"Alex Jackson","MIN",12.536,42.449,38.6698,7.5571,4.44229,1.65995,0.0528161,1.40204,4.06591,4.73427,2.76545,0.0479372,13.4819,0.654243,0.25164,0.107906,0.609868,0.144513,0.0479449,0.195427,0.0651477,0.317603,0.205123,0.259247,0.349855,0.266944,0.609102,0.154428,2.66885,0.256062,,-0.0423175,3.42648,-1.58919,67.6737,-0.0423175,0,-1.659637127071619,0.9672839641571045,0.0786448,999,,,,,,,33,2.538461538,33,2.538461538,,,,,,,,,,,,,,,,,,,"Alex Jackson","17276",656577
"Andruw Monasterio","BOS",37.595,129.796,117.303,27.0539,18.8953,5.19199,0.288655,2.67797,13.5218,12.6555,10.1625,0.0873852,31.3004,1.19191,0.966724,0.171369,1.82635,2.99671,0.924757,0.230631,0.078296,0.241151,0.324677,0.296304,0.348302,0.284972,0.644606,0.117671,4.50271,0.289185,,0.0215171,12.3769,-2.9595,76.654,0.0215171,-0.12,-3.5499529130756855,-0.15867799893021584,0.0776283,999,,,,,,,112.8,2.968421052,112.8,2.968421052,,,,,,,,,,,,,,,,,,,"Andruw Monasterio","19455",655316
"Enmanuel Valdez","PIT",12.953,43.41,39.0931,8.82203,5.50924,1.95442,0.113417,1.24495,4.5668,4.87939,3.53533,0.0897571,9.37408,0.271831,0.385059,0.124658,0.623032,0.433673,0.134159,0.225667,0.0814405,0.215943,0.377139,0.291766,0.377001,0.291772,0.668767,0.151334,3.91683,0.262554,,-0.0291173,4.3791,-0.750131,83.5746,-0.0291173,-0.03,-0.8742018826305866,0.1698919702321291,0.0757063,999,,,,,,,38.6,2.969230769,38.6,2.969230769,,,,,,,,,,,,,,,,,,,"Enmanuel Valdez","21716",665839
"Matt Thaiss","BOS",8.298,25.637,22.1781,4.64221,3.26927,0.908064,0.0396759,0.425202,2.48381,2.21668,2.96889,0.0462356,6.18382,0.263835,0.156924,0.0692724,0.491137,0.18605,0.0567779,0.209315,0.115805,0.241207,0.480105,0.308003,0.311354,0.280641,0.619357,0.102039,3.26937,0.268156,,-0.0286602,2.35451,-0.674696,73.6707,-0.0286602,0.01,-0.8242318108677864,0.6502778027206659,0.0724812,999,,,,,,,17.9,2.2375,17.9,2.2375,,,,,,,,,,,,,,,,,,,"Matt Thaiss","19318",642136
"Michael Arroyo","SEA",7.866,19.951,17.8037,4.09431,2.64417,0.85144,0.111028,0.487664,2.23981,2.07996,1.55244,0.0178428,4.81561,0.444105,0.126779,0.0239688,0.292296,0.283843,0.0857161,0.229969,0.0778125,0.241372,0.322376,0.305658,0.372439,0.298886,0.678096,0.14247,4.9918,0.285625,,-0.00885242,2.12785,-0.229514,96.9667,-0.00885242,0,-0.08017879165709019,0.073306143283844,0.0695529,999,,,,,,,13.3,1.6625,13.3,1.6625,,,,,,,,,,,,,,,,,,,"Michael Arroyo","sa3018429",703197
"Brandon Lockridge","MIL",22.865,76.902,70.1699,16.2188,11.9745,3.26769,0.293691,0.682901,8.04696,5.40215,4.91941,0.145986,19.9126,0.602993,0.454545,0.755184,1.28294,3.76353,0.863712,0.231137,0.0639699,0.258935,0.24705,0.285517,0.315272,0.266448,0.600789,0.0841354,6.24843,0.310539,,0.284454,6.17656,-2.91001,68.8652,0.284454,1.19,-2.553316444158554,0.6742889881134033,0.0695235,999,,,,,,,60.5,2.630434782,60.5,2.630434782,,,,,,,,,,,,,,,,,,,"Brandon Lockridge","21496",663604
"Manuel Margot",,12.785,47.335,43.4838,10.7197,7.90118,2.03201,0.0840257,0.702487,4.87868,4.46219,2.88878,0.0318399,8.19314,0.473042,0.375405,0.113998,1.02879,0.73254,0.190056,0.246522,0.0610284,0.173088,0.352585,0.298205,0.345582,0.283911,0.643787,0.0990604,4.22758,0.286504,,-0.00546764,4.47296,-1.12003,79.7407,-0.00546764,0,-1.138889660127461,0.19729937613010406,0.0675703,999,,,,,,,44.7,3.438461538,44.7,3.438461538,,,,,,,,,,,,,,,,,,,"Manuel Margot","14712",622534
"Gabriel Gonzalez","MIN",13.213,51.827,47.959,12.5371,8.69784,2.76562,0.110828,0.962771,5.5953,5.3942,2.74507,0.0567506,9.16232,0.695961,0.341617,0.0853946,1.12544,0.542291,0.180751,0.261412,0.0529659,0.176787,0.299604,0.308805,0.383925,0.302528,0.692731,0.122513,3.81284,0.303187,,-0.0453245,5.6808,-0.442959,92.1862,-0.0453245,0,-0.5226249396800995,-0.6117129921913147,0.0664482,999,,,,,,,56.8,4.369230769,56.8,4.369230769,,,,,,,,,,,,,,,,,,,"Gabriel Gonzalez","sa3015723",694224
"Dominic Canzone","SEA",105.071,414.853,378.749,86.7653,55.6201,17.1039,0.418793,13.6225,43.5686,50.3367,30.0771,1.61957,96.7933,2.75523,2.75976,0.511698,7.67042,3.49654,1.13443,0.229084,0.0725007,0.233319,0.310736,0.288645,0.384356,0.292154,0.673001,0.155272,3.20947,0.269807,,-0.338504,41.9782,-7.03988,92.3293,-0.338504,-0.03,-4.089100748300552,-9.542600898072124,0.0661823,478.6099853515625,,,,,,,391,3.723809523,391,3.723809523,,,,,,,,,,,,,,,,,,,"Dominic Canzone","26438",686527
"Ronny Mauricio","NYM",39.78,151.513,140.501,32.5141,21.7416,6.35569,0.241546,4.17525,16.9303,15.6863,9.06641,1.01551,37.1393,0.901182,0.842235,0.202623,2.35718,4.38541,1.4842,0.231416,0.0598391,0.245123,0.244119,0.280759,0.369242,0.281108,0.65,0.137825,4.93213,0.283309,,0.0666449,13.9725,-3.92992,81.4543,0.0666449,0.04,-3.263678066432476,-1.1516666039824486,0.0639995,999,,,,,,,133.6,3.34,133.6,3.34,,,,,,,,,,,,,,,,,,,"Ronny Mauricio","23698",677595
"Jonah Bride","TEX",10.873,37.31,32.7766,7.1547,5.02826,1.341,0.0542927,0.731149,3.7247,3.37288,3.72577,0.0519042,8.32996,0.468747,0.248064,0.0908506,0.807861,0.129695,0.0435634,0.218287,0.0998599,0.223264,0.447274,0.30493,0.329435,0.284403,0.634364,0.111147,2.56927,0.268056,,-0.0524441,3.54053,-0.867934,81.8638,-0.0524441,0.01,-0.8499688617885113,0.17779319919645786,0.0626126,999,,,,,,,30.5,2.772727272,30.5,2.772727272,,,,,,,,,,,,,,,,,,,"Jonah Bride","24703",681146
"Will Wagner","SDP",22.981,82.943,74.828,18.0238,13.0105,3.85153,0.105843,1.0559,8.26647,7.37731,6.68854,0.106046,14.7529,0.683002,0.489383,0.254052,1.90464,0.558503,0.201766,0.240869,0.0806402,0.177868,0.453371,0.307119,0.337503,0.286577,0.644621,0.0966337,3.04778,0.285133,,-0.104781,8.01728,-1.78307,85.6384,-0.104781,-0.04,-1.5165946334600449,-0.6310751214623451,0.0626013,999,,,,,,,72.7,3.160869565,72.7,3.160869565,,,,,,,,,,,,,,,,,,,"Will Wagner","29634",695238
"Willie MacIver","TEX",9.48,33.23,30.3137,6.37025,4.39928,1.27,0.077663,0.623306,3.25704,2.91245,2.20573,0.010617,8.97354,0.418035,0.200951,0.0915866,0.597404,0.556731,0.175767,0.210144,0.0663777,0.270043,0.245804,0.271408,0.318849,0.262158,0.590257,0.108705,4.36082,0.27474,,-0.00692723,2.55319,-1.37319,66.5399,-0.00692723,0.05,-1.317407343070954,0.781481433659792,0.0621852,999,,,,,,,23.8,2.644444444,23.8,2.644444444,,,,,,,,,,,,,,,,,,,"Willie MacIver","24641",680862
"Eric Haase","SFG",6.783,23.934,21.9249,4.63488,3.06923,0.793663,0.0527983,0.719183,2.44442,2.46615,1.55256,0.00256333,7.87501,0.172071,0.134396,0.112875,0.382093,0.14531,0.0507291,0.211398,0.0648683,0.32903,0.19715,0.267386,0.350819,0.271091,0.618206,0.139422,3.62011,0.290802,,-0.023343,2.01253,-0.815453,73.6845,-0.023343,0.04,-0.7698278874158859,0.5633796229958534,0.0603482,999,,,,,,,24.3,3.471428571,24.3,3.471428571,,,,,,,,,,,,,,,,,,,"Eric Haase","14111",606992
"Hao-Yu  Lee","DET",5.969,19.803,18.1049,4.52176,3.08228,0.935688,0.0427857,0.461005,2.20226,2.0719,1.29552,0.0465113,3.90607,0.222805,0.14809,0.0317119,0.353026,0.395956,0.11782,0.249753,0.0654202,0.197246,0.331667,0.305497,0.38255,0.300276,0.688048,0.132797,4.45308,0.292437,,0.000877382,2.1344,-0.205472,91.1416,0.000877382,0,-0.20587912009796128,0.09211418777704239,0.0580953,999,,,,,,,15.9,2.65,15.9,2.65,,,,,,,,,,,,,,,,,,,"Hao-Yu  Lee","sa3017863",701678
"Brett Harris","ATH",34.265,123.995,111.59,25.4674,17.7447,4.93718,0.235315,2.55027,13.2764,11.0683,9.38044,0.0783648,26.5661,1.6934,0.682283,0.64927,2.58925,1.62836,0.585932,0.228224,0.0756518,0.214251,0.353098,0.296251,0.345248,0.284448,0.641499,0.117024,4.0418,0.275594,,-0.104011,11.771,-2.87995,77.6699,-0.104011,0,-3.367394283413887,-0.33649691939353943,0.0576854,999,,,,,,,104.7,3.079411764,104.7,3.079411764,,,,,,,,,,,,,,,,,,,"Brett Harris","29788",695391
"Leody Taveras","BAL",24.4,92.033,84.456,19.5456,13.3309,3.92281,0.299894,1.99198,10.6494,8.08151,5.98225,0.169514,20.13,0.278774,0.712305,0.603697,1.19323,3.64208,1.00676,0.231429,0.0650011,0.218725,0.297181,0.282257,0.355737,0.278641,0.637994,0.124308,5.7605,0.278424,,0.187909,8.3029,-2.57151,77.9334,0.187909,-0.38,-2.205690696835518,-0.41423120722174644,0.056037,999,,,,,,,81.2,3.383333333,81.2,3.383333333,,,,,,,,,,,,,,,,,,,"Leody Taveras","18900",665750
"Austin Barnes","NYM",13.87,45.693,40.9534,8.5265,6.59854,1.29054,0.0878154,0.549605,4.11482,3.37089,3.20091,0.0223873,10.7806,0.39017,0.279724,0.383145,0.992425,0.549949,0.173542,0.2082,0.0700525,0.235935,0.296915,0.270335,0.284262,0.249474,0.554597,0.0760617,3.93625,0.266759,,-0.0281996,3.04022,-2.35877,59.7837,-0.0281996,0.16,-2.206138789653778,1.2302160561084747,0.0556882,999,,,,,,,32.6,2.328571428,32.6,2.328571428,,,,,,,,,,,,,,,,,,,"Austin Barnes","12158",605131
"Jhonny Pereda","SEA",12.881,37.024,33.4508,7.09658,5.31977,1.30667,0.0500546,0.420085,3.22519,3.05553,3.08437,0.0199904,9.29544,0.19875,0.184399,0.105683,0.823881,0.0310858,0.0121803,0.21215,0.0833073,0.251065,0.331815,0.281153,0.29188,0.258217,0.573033,0.0797302,1.95223,0.279122,,-0.0554324,2.72624,-1.64843,68.9514,-0.0554324,0,-1.4103047102689743,0.6801881194114685,0.0556774,999,,,,,,,18.1,1.392307692,18.1,1.392307692,,,,,,,,,,,,,,,,,,,"Jhonny Pereda","19802",640902
"Jordan Walker","STL",123.626,496.809,453.011,103.221,67.7998,22.4605,1.36694,11.5939,51.9242,49.941,35.2762,0.966825,136.922,5.18206,2.87469,0.465322,8.60736,7.95118,2.42143,0.227856,0.0710055,0.275602,0.257637,0.289476,0.36025,0.285036,0.649726,0.132394,4.47119,0.298101,,-0.109684,47.4001,-11.3017,82.9921,-0.109684,0.06,-10.124275103211403,-5.864247743040323,0.0552931,427.1199951171875,,,,,,,435.7,3.513709677,435.7,3.513709677,,,,,,,,,,,,,,,,,,,"Jordan Walker","27475",691023
"Alex Verdugo","SDP",24.153,88.605,80.2923,19.6453,14.0696,4.16493,0.0844204,1.32637,8.85248,8.52569,6.85095,0.144577,13.1463,0.577992,0.656555,0.227188,2.01668,0.436491,0.163187,0.244672,0.0773201,0.14837,0.52113,0.306346,0.348205,0.289235,0.654551,0.103533,2.79078,0.275571,,-0.120502,8.75581,-1.71356,87.4594,-0.120502,0,-1.4374587461352348,-0.9766865372657776,0.0546108,999,,,,,,,77,3.208333333,77,3.208333333,,,,,,,,,,,,,,,,,,,"Alex Verdugo","17027",657077
"Kyren Paris","LAA",18.242,67.78,60.7104,12.1242,7.65115,2.36285,0.257869,1.85233,7.61489,5.79842,5.71593,0.0220299,23.6407,0.783521,0.33257,0.237563,0.782404,2.59932,0.531926,0.199705,0.0843306,0.348786,0.241783,0.275733,0.338653,0.27244,0.614386,0.138948,6.10208,0.288942,,0.208759,5.77362,-2.23511,71.0391,0.208759,0.02,-2.1048269271850586,0.30151234939694405,0.0541809,999,,,,,,,54.7,3.038888888,54.7,3.038888888,,,,,,,,,,,,,,,,,,,"Kyren Paris","26420",677347
"Christian Koss","SFG",31.38,112.584,104.168,24.1331,16.8541,4.74259,0.590031,1.94636,11.972,9.46121,5.26119,0.157559,27.8987,1.23922,0.703946,1.21182,1.96368,2.26379,0.709476,0.231675,0.0467313,0.247803,0.188582,0.275055,0.344586,0.270954,0.619641,0.112911,5.26443,0.295717,,0.00907771,9.4543,-3.84837,73.5906,0.00907771,-0.05,-3.51486499607563,0.2958994321525097,0.0538912,999,,,,,,,88.4,2.851612903,88.4,2.851612903,,,,,,,,,,,,,,,,,,,"Christian Koss","27653",683766
"Lenyn Sosa","CHW",97.55,393.81,369.834,90.5033,59.8994,16.8643,0.462503,13.2771,39.6826,46.143,16.0379,0.56785,88.7036,2.74852,2.67195,2.51804,6.12796,2.21658,0.781937,0.244714,0.0407249,0.225245,0.180803,0.279305,0.400515,0.292877,0.67982,0.155801,2.86048,0.285468,,-0.39261,40.0802,-6.45151,86.0389,-0.39261,-0.07,-6.872648119926453,-6.165641136467457,0.0527944,493.70001220703125,,,,,,,369.1,3.76632653,369.1,3.76632653,,,,,,,,,,,,,,,,,,,"Lenyn Sosa","22896",672820
"Eduardo Valencia","DET",3.804,12.631,11.5451,2.82137,1.88346,0.559409,0.0159857,0.36252,1.31879,1.42994,0.835829,0.0647239,2.73292,0.101273,0.0900704,0.0587316,0.258881,0.0479636,0.0178215,0.244379,0.0661728,0.216366,0.305838,0.29895,0.389803,0.298427,0.688753,0.145425,2.60116,0.287931,,-0.0158986,1.34244,-0.15001,89.8685,-0.0158986,-0.05,-0.16672750376164913,0.24351851269602776,0.0523359,999,,,,,,,10.7,2.675,10.7,2.675,,,,,,,,,,,,,,,,,,,"Eduardo Valencia","sa3006622",680664
"Enrique Hernández","LAD",52.415,195.811,178.45,39.223,24.5019,8.57887,0.233957,5.90834,21.0836,22.4511,13.6321,0.0746275,43.9074,1.30372,1.61935,0.517634,3.07136,0.497276,0.184094,0.219798,0.0696187,0.224233,0.310474,0.27773,0.369822,0.28259,0.647552,0.150024,2.61156,0.255767,,-0.235797,18.2932,-4.84337,79.6774,-0.235797,-0.87,-4.952197402715683,-1.0566631257534027,0.0517516,999,,,,,,,167.9,3.228846153,167.9,3.228846153,,,,,,,,,,,,,,,,,,,"Enrique Hernandez","10472",571771
"Nelson Velázquez","STL",28.22,105.5,95.4499,21.5415,13.0572,4.34864,0.37443,3.76121,11.6499,12.662,8.22518,0.372095,27.7833,0.94,0.757927,0.127005,1.46299,1.40044,0.436108,0.225684,0.0779638,0.263349,0.296047,0.291409,0.397304,0.298393,0.688713,0.17162,4.4627,0.274967,,-0.0427549,11.2097,-1.25592,92.1418,-0.0427549,-0.48,-1.0253427997231483,-1.980034202337265,0.0516303,999,,,,,,,106.3,3.796428571,106.3,3.796428571,,,,,,,,,,,,,,,,,,,"Nelson Velazquez","23359",676369
"Josh Rojas","KCR",15.931,60.909,54.1334,12.2248,8.62006,2.49156,0.256328,0.856804,6.31519,5.30075,5.6608,0.120928,13.6559,0.239398,0.48538,0.282991,0.995654,1.31952,0.418336,0.225827,0.0929387,0.224202,0.41453,0.299492,0.328806,0.279498,0.628298,0.10298,4.94074,0.283448,,-0.00247072,5.53737,-1.65949,74.0626,-0.00247072,0,-1.8644763140473515,0.24584874510765076,0.0488809,999,,,,,,,48.3,3.01875,48.3,3.01875,,,,,,,,,,,,,,,,,,,"Josh Rojas","19734",668942
"Adrian Del Castillo","ARI",60.677,228.569,206.727,47.2137,28.5705,10.9346,0.582101,7.12653,24.2085,28.6706,17.8617,0.670537,64.0584,1.9531,1.66531,0.362212,3.32706,0.515162,0.158745,0.228387,0.078146,0.280259,0.278835,0.293718,0.390332,0.297272,0.68405,0.161945,2.87925,0.292166,,-0.276974,24.0781,-2.92905,88.2415,-0.276974,0.39,-3.462377518415451,-3.667618155479431,0.0485525,999,,,,,,,221.5,3.63114754,221.5,3.63114754,,,,,,,,,,,,,,,,,,,"Adrian Del Castillo","29554",680728
"Daniel Susac","SFG",22.901,88.52,82.3586,18.4852,12.6795,3.34698,0.282397,2.17632,9.07617,8.87771,4.60183,0.0693253,26.4718,0.908572,0.517064,0.133939,1.61748,0.815661,0.270734,0.224447,0.0519863,0.299049,0.173839,0.271486,0.351219,0.272321,0.622705,0.126772,4.05158,0.300748,,-0.0673639,7.53175,-2.92757,74.527,-0.0673639,-1.51,-2.739854723215103,0.2570524215698242,0.047297,999,,,,,,,66.2,2.878260869,66.2,2.878260869,,,,,,,,,,,,,,,,,,,"Daniel Susac","sa3019997",691740
"Michael Helman","TEX",27.783,99.243,91.5609,18.5671,11.7507,4.03915,0.290132,2.48715,10.0335,9.14376,5.69789,0.101146,23.5781,0.892629,0.608666,0.482893,1.2001,2.3459,0.654083,0.202784,0.0574136,0.23758,0.24166,0.254735,0.334728,0.258136,0.589463,0.131943,5.18938,0.243252,,0.0809057,7.30114,-4.42518,63.7692,0.0809057,0.7,-4.156991668045521,1.200208306312561,0.0469614,999,,,,,,,66.8,2.385714285,66.8,2.385714285,,,,,,,,,,,,,,,,,,,"Michael Helman","24605",680737
"Jake Bauers","MIL",85.176,309.456,270.041,55.0714,32.6338,10.7006,0.814276,10.9227,34.9432,36.783,34.8031,0.750895,94.6131,2.58587,1.64627,0.379696,3.47915,7.40774,2.05586,0.203937,0.112466,0.30574,0.367847,0.299151,0.370938,0.295633,0.670089,0.167001,4.78917,0.265713,,0.182328,32.1873,-4.37726,88.8579,0.182328,-0.37,-3.904247134923935,-5.940740704536438,0.0461111,999,,,,,,,300.7,3.537647058,300.7,3.537647058,,,,,,,,,,,,,,,,,,,"Jake Bauers","15194",641343
"Nelson Rada","LAA",18.955,74.37,66.2815,15.7095,12.0147,2.65778,0.339929,0.697154,8.29418,4.58014,5.8245,0.144711,16.8114,0.983078,0.387461,0.893407,1.55842,3.353,0.834111,0.237012,0.0783179,0.226051,0.346461,0.306453,0.318922,0.279902,0.625375,0.0819096,6.06848,0.305375,,0.205715,6.78555,-2.00184,76.1795,0.205715,0,-1.8822401762008667,-0.22751200199127197,0.0460347,999,,,,,,,65.6,3.452631578,65.6,3.452631578,,,,,,,,,,,,,,,,,,,"Nelson Rada","sa3018421",703185
"Jose Siri","LAA",11.561,36.389,33.1602,6.67757,3.90065,1.23238,0.0985982,1.44595,4.26672,3.92882,2.49465,0.00156982,13.3032,0.384596,0.199206,0.150389,0.394817,1.25703,0.309388,0.201373,0.0685549,0.365584,0.187522,0.263719,0.375299,0.278409,0.639018,0.173926,5.78811,0.281116,,0.079958,3.27604,-1.0236,75.1511,0.079958,0,-0.9857802987098694,0.17841048538684845,0.0455373,999,,,,,,,26.4,2.2,26.4,2.2,,,,,,,,,,,,,,,,,,,"Jose Siri","17452",642350
"Ben Rortvedt","NYM",11.535,40.419,36.1182,6.99259,4.99568,1.36634,0.0218913,0.608673,3.47462,3.20021,3.38505,0.0341714,10.7414,0.519204,0.213551,0.182965,0.777239,0.127073,0.0427893,0.193603,0.083749,0.265751,0.315141,0.270823,0.283201,0.250876,0.554024,0.0895986,2.28297,0.255543,,-0.0506373,2.73532,-2.0405,60.7443,-0.0506373,0.13,-1.9311779849231243,1.0200462937355042,0.0443646,999,,,,,,,27.5,2.291666666,27.5,2.291666666,,,,,,,,,,,,,,,,,,,"Ben Rortvedt","20287",666163
"Brock Wilken","MIL",12.53,47.869,42.7364,8.45405,5.05668,1.73336,0.0844868,1.57952,4.59651,5.73657,4.42598,0.0260221,15.7839,0.379947,0.271789,0.0548407,0.66062,0.105817,0.0352554,0.197818,0.0924602,0.329731,0.280411,0.277323,0.35321,0.278333,0.630534,0.155392,2.44627,0.268067,,-0.0582122,4.30661,-1.34948,77.0068,-0.0582122,0,-1.3627236746251583,0.1933641880750656,0.0433042,999,,,,,,,38.4,2.953846153,38.4,2.953846153,,,,,,,,,,,,,,,,,,,"Brock Wilken","sa3022499",694385
"Victor Mesa Jr.","TBR",10.634,36.126,33.2546,7.67988,5.11151,1.61948,0.127621,0.821273,3.55681,3.85839,2.24408,0.0564111,7.5639,0.212828,0.267214,0.147254,0.644582,0.364187,0.12222,0.230942,0.0621181,0.209375,0.296683,0.281744,0.361406,0.2806,0.64315,0.130464,3.92215,0.272853,,-0.0268056,3.31664,-0.951926,76.9567,-0.0268056,0.02,-1.007961429655552,0.18410492315888405,0.0429244,999,,,,,,,33,3,33,3,,,,,,,,,,,,,,,,,,,"Victor Mesa Jr.","25999",683748
"Edwin Arroyo","CIN",7.51,29.559,27.3307,6.81627,4.67771,1.46393,0.163401,0.511229,3.17008,2.86729,1.66975,0.0488903,6.29873,0.269575,0.203354,0.0856396,0.484012,0.623873,0.18821,0.2494,0.0564889,0.21309,0.265094,0.297068,0.371037,0.29147,0.668105,0.121637,5.0712,0.304238,,0.00433839,2.9746,-0.51802,80.3714,0.00433839,0,-0.6833192086778581,0.11589506268501282,0.0425631,999,,,,,,,32.4,4.05,32.4,4.05,,,,,,,,,,,,,,,,,,,"Edwin Arroyo","sa3017626",695490
"Miles Mastrobuoni","SEA",12.993,44.867,40.2895,9.1257,6.87957,1.85965,0.0902138,0.296267,4.51985,3.12751,3.77484,0.100004,8.7715,0.108787,0.281514,0.412329,0.774517,1.55437,0.464069,0.226503,0.084134,0.1955,0.430353,0.292643,0.299199,0.265247,0.591841,0.0726957,5.02259,0.28027,,0.0504348,3.55984,-1.74154,73.7941,0.0504348,0,-1.3353617824614048,0.20050925016403198,0.0418864,999,,,,,,,32,2.461538461,32,2.461538461,,,,,,,,,,,,,,,,,,,"Miles Mastrobuoni","20017",670156
"Jace Jung","DET",19.587,68.908,60.7652,12.5979,8.14922,2.52289,0.264754,1.66101,6.9993,6.57709,7.08346,0.160181,18.2238,0.552805,0.418399,0.0880924,1.06519,0.319506,0.105634,0.20732,0.102796,0.264466,0.388692,0.294016,0.339558,0.281674,0.633573,0.132237,3.52456,0.264823,,-0.0825108,6.38636,-1.75566,78.3279,-0.0825108,-0.06,-1.842635601758957,-0.12045371159911156,0.0418061,999,,,,,,,63.3,3.165,63.3,3.165,,,,,,,,,,,,,,,,,,,"Jace Jung","31437",690291
"Max Anderson","DET",5.445,19.477,18.1139,4.56342,3.17731,0.909719,0.023938,0.452455,1.91672,2.1788,1.02171,0.146691,3.44949,0.168271,0.141568,0.0315446,0.425017,0.0716564,0.0268529,0.251929,0.0524574,0.177106,0.296192,0.295874,0.379729,0.291673,0.675603,0.1278,2.54977,0.286408,,-0.0245285,1.96324,-0.338122,85.2158,-0.0245285,0,-0.36391367577016354,0.08402777463197708,0.0399511,999,,,,,,,15.9,3.18,15.9,3.18,,,,,,,,,,,,,,,,,,,"Max Anderson","sa3022567",801194
"Dylan Carlson","CHC",28.063,108.357,95.8554,21.4333,14.5258,4.43878,0.371728,2.09696,11.3394,10.4456,9.98927,0.151282,25.1279,1.47386,0.839693,0.198785,1.83308,1.17029,0.372756,0.2236,0.0921886,0.231899,0.397537,0.304151,0.343292,0.287976,0.647443,0.119692,4.04022,0.27834,,-0.0891631,10.5969,-2.20633,84.6504,-0.0891631,-0.39,-2.060442566871643,-1.1695277690887451,0.0383768,999,,,,,,,86.9,3.103571428,86.9,3.103571428,,,,,,,,,,,,,,,,,,,"Dylan Carlson","20126",666185
"Nick Madrigal","LAA",12.104,48.974,45.034,11.5291,9.29342,1.95763,0.131122,0.146907,4.75235,3.49787,2.43221,0.0931804,5.43872,0.819823,0.288118,0.399851,1.37932,1.15042,0.351754,0.256008,0.0496632,0.111053,0.447202,0.3043,0.315088,0.275737,0.619388,0.0590798,4.60145,0.286441,,0.00382932,4.3028,-1.48386,73.3104,0.00382932,0.03,-1.5367358149960637,0.21679010801017284,0.0374116,999,,,,,,,38.9,3.241666666,38.9,3.241666666,,,,,,,,,,,,,,,,,,,"Nick Madrigal","20521",663611
"Kahlil Watson","CLE",6.554,21.633,19.5966,4.1817,2.60394,0.846983,0.0805278,0.650252,2.43643,2.24236,1.61859,0.02486,6.67499,0.237511,0.142146,0.0381403,0.283697,0.59356,0.151618,0.213389,0.0748206,0.308556,0.242486,0.279595,0.364374,0.282063,0.643968,0.150985,5.56019,0.284484,,0.0273421,2.01176,-0.544343,80.031,0.0273421,0,-0.481807179749012,0.10114196687936783,0.0372323,999,,,,,,,22.6,3.228571428,22.6,3.228571428,,,,,,,,,,,,,,,,,,,"Kahlil Watson","sa3017513",696135
"Tre' Morgan","TBR",10.167,41.036,36.7565,9.29524,6.52353,1.8582,0.154977,0.758528,4.45259,4.23864,3.53912,0.185353,7.58343,0.41842,0.254748,0.0671755,0.833437,0.557739,0.195817,0.252887,0.0862443,0.1848,0.466691,0.323484,0.373783,0.306374,0.697268,0.120896,4.10973,0.297765,,-0.0366117,4.62614,-0.222584,94.7114,-0.0366117,0,-0.29239774495363235,-0.784490704536438,0.0343263,999,,,,,,,42.5,4.25,42.5,4.25,,,,,,,,,,,,,,,,,,,"Tre' Morgan","sa3022919",691003
"Jhostynxon Garcia","PIT",72.646,250.888,230.645,53.695,34.8963,10.8995,1.12624,6.77292,26.7078,27.7153,15.5826,0.310336,70.2783,2.41884,1.78825,0.452997,3.65476,3.10616,0.986064,0.232803,0.0621099,0.280118,0.221727,0.286288,0.377921,0.289173,0.664209,0.145118,4.49138,0.301978,,-0.129743,24.7797,-4.86468,81.7945,-0.129743,0.08,-5.543212786316872,-2.47836272418499,0.0333057,999,,,,,,,231.7,3.173972602,231.7,3.173972602,,,,,,,,,,,,,,,,,,,"Jhostynxon Garcia","28142",691373
"Brandon Valenzuela","TOR",5.988,22.967,20.961,4.41686,2.91296,0.928344,0.0457862,0.529774,2.20153,2.27183,1.70161,0.0613917,6.326,0.12112,0.140777,0.0425013,0.343505,0.15151,0.0567873,0.210718,0.0740892,0.275439,0.268986,0.27218,0.335199,0.267077,0.607379,0.124481,3.29966,0.272855,,-0.0238115,1.85637,-0.857359,69.1267,-0.0238115,-0.1,-0.8595306072384119,0.3620370253920555,0.0299769,999,,,,,,,19.7,3.283333333,19.7,3.283333333,,,,,,,,,,,,,,,,,,,"Brandon Valenzuela","sa3005729",678218
"Shane McGuire","ATH",7.13,26.404,23.5723,5.09554,3.57289,1.05155,0.0708717,0.400229,2.61752,2.16479,2.29575,0.0504034,6.60493,0.244592,0.17223,0.119162,0.491752,0.244042,0.086628,0.216167,0.0869472,0.250149,0.347582,0.290505,0.317726,0.271636,0.608232,0.101559,3.89889,0.280496,,-0.0266922,2.23192,-0.887921,68.8443,-0.0266922,-0.17,-0.9962625466287136,0.3801543265581131,0.0299443,999,,,,,,,12.9,1.842857142,12.9,1.842857142,,,,,,,,,,,,,,,,,,,"Shane McGuire","sa3017284",676063
"Tim Tawa","ARI",48.054,178.781,163.393,36.1914,23.9897,7.08067,0.508691,4.61235,19.1878,19.1594,12.4624,0.0388652,45.6824,1.27844,1.19168,0.455785,3.11057,3.1102,1.05059,0.2215,0.0697076,0.255522,0.272805,0.280007,0.355747,0.279048,0.635754,0.134248,4.60508,0.276308,,-0.0570224,16.1881,-4.93625,75.7577,-0.0570224,0.12,-5.193785030394793,-0.4732592776417732,0.0287542,999,,,,,,,153.5,3.197916666,153.5,3.197916666,,,,,,,,,,,,,,,,,,,"Tim Tawa","29571",694374
"Tyler Fitzgerald","SFG",23.488,88.13,80.9119,17.5972,11.4436,3.73326,0.319715,2.10066,9.59135,8.12859,5.05564,0.00896018,27.2043,1.15378,0.532378,0.476285,1.07789,2.11257,0.583055,0.217486,0.0573657,0.308683,0.18584,0.271599,0.349416,0.272477,0.621015,0.13193,5.52476,0.297214,,0.0672622,7.50973,-2.90351,74.6339,0.0672622,0.05,-2.58228799700737,-0.0708230622112751,0.0285447,999,,,,,,,69.2,3.008695652,69.2,3.008695652,,,,,,,,,,,,,,,,,,,"Tyler Fitzgerald","26208",666149
"Michael Conforto","CHC",40.865,159.18,139.081,29.9491,19.5271,5.94439,0.286321,4.19128,16.5285,16.9524,16.426,0.434087,39.8213,2.46121,0.987671,0.224093,3.05063,0.265,0.0878164,0.215336,0.103191,0.250165,0.412493,0.307232,0.3526,0.293346,0.659832,0.137264,2.457,0.268154,,-0.233696,16.2611,-2.54721,88.3287,-0.233696,-0.7,-2.4356121867895126,-2.5918981432914734,0.0274655,999,,,,,,,138,3.365853658,138,3.365853658,,,,,,,,,,,,,,,,,,,"Michael Conforto","16376",624424
"Jared Serna","MIA",7.803,29.276,26.9083,6.33397,4.46891,1.34995,0.0817645,0.433348,2.83347,2.73636,1.83565,0.0959515,5.42418,0.285285,0.193354,0.0534073,0.612204,0.563876,0.170165,0.235391,0.0627017,0.185277,0.338421,0.289328,0.339951,0.276548,0.629278,0.104559,4.33434,0.277753,,0.000219092,2.59143,-0.867751,73.6883,0.000219092,0,-0.9127457886352204,0.20069444179534912,0.0268026,999,,,,,,,17.4,2.175,17.4,2.175,,,,,,,,,,,,,,,,,,,"Jared Serna","sa3015579",691858
"Trei Cruz","DET",4.983,19.444,17.2692,3.68123,2.43022,0.793819,0.0990484,0.358138,2.00895,1.67707,1.92439,0.0689257,5.02859,0.0890922,0.117855,0.0435036,0.297541,0.25083,0.0908988,0.213168,0.0989708,0.258619,0.382689,0.293534,0.332822,0.277899,0.626356,0.119654,4.6524,0.276918,,-0.0159394,1.74247,-0.554991,75.7276,-0.0159394,0,-0.5721914321184158,0.15379628539085388,0.0256636,999,,,,,,,14.3,2.86,14.3,2.86,,,,,,,,,,,,,,,,,,,"Trei Cruz","sa3014420",669360
"Drew Gilbert","SFG",40.908,150.839,136.518,30.1798,19.6021,6.61408,0.593269,3.37038,15.9619,14.5218,11.0765,0.262407,31.04,2.04575,0.982691,0.216082,2.42811,1.76823,0.583416,0.221068,0.0734329,0.205782,0.356847,0.287487,0.352273,0.281587,0.63976,0.131204,4.50858,0.260058,,-0.0995756,13.969,-3.8538,80.8747,-0.0995756,0.41,-3.5187152326107025,-1.2543266713619232,0.0251084,999,,,,,,,125.2,3.053658536,125.2,3.053658536,,,,,,,,,,,,,,,,,,,"Drew Gilbert","31545",687551
"Anthony Seigler","BOS",5.29,15.884,13.9361,3.08252,2.00043,0.761522,0.0357191,0.284849,1.70099,1.47929,1.67583,0.038117,3.3418,0.108368,0.117859,0.0458372,0.234648,0.419456,0.126588,0.221189,0.105505,0.210388,0.501477,0.307278,0.342278,0.289002,0.649556,0.121089,4.64055,0.268302,,0.00731801,1.56661,-0.310202,79.43,0.00731801,-0.01,-0.37777505069971085,0.07163579575717449,0.0246125,999,,,,,,,11.7,2.34,11.7,2.34,,,,,,,,,,,,,,,,,,,"Anthony Seigler","23802",678011
"Jorge Alfaro","KCR",10.531,27.331,25.5667,5.63899,3.93712,1.00685,0.0537059,0.641313,2.64324,2.85515,1.0637,0.00117906,9.25527,0.406944,0.149481,0.0375009,0.50561,0.326669,0.10464,0.22056,0.0389191,0.338636,0.114929,0.26151,0.339394,0.26319,0.600904,0.118834,4.07621,0.315916,,-0.0132106,2.12284,-1.10652,62.8286,-0.0132106,0,-1.2106054546311498,0.5021126866340637,0.0237565,999,,,,,,,22.9,2.081818181,22.9,2.081818181,,,,,,,,,,,,,,,,,,,"Jorge Alfaro","12180",595751
"Bryan Torres","STL",10.486,42.556,38.7149,9.62739,7.36655,1.92224,0.160914,0.177692,4.22828,3.11816,3.0328,0.118174,7.62046,0.187608,0.269545,0.351118,0.920174,1.01312,0.346839,0.248674,0.0712661,0.179069,0.397981,0.304415,0.320407,0.277396,0.624822,0.0717331,4.74639,0.303008,,-0.00852407,3.79626,-1.23206,77.7585,-0.00852407,0,-1.1303315237164497,-0.05394033342599869,0.0236932,999,,,,,,,33.7,3.37,33.7,3.37,,,,,,,,,,,,,,,,,,,"Bryan Torres","sa885119",663494
"Rodolfo Durán","SDP",4.685,15.127,14.1316,3.09029,2.06645,0.627214,0.0494779,0.347144,1.42106,1.49942,0.717864,0.00692514,3.65924,0.104177,0.0997326,0.0736435,0.264062,0.082513,0.0286638,0.218679,0.0474558,0.241901,0.196179,0.259897,0.343761,0.263264,0.603659,0.125082,3.52686,0.26828,,-0.0142589,1.17585,-0.611517,69.6682,-0.0142589,-0.08,-0.5580665646120906,0.28149689733982086,0.0231952,999,,,,,,,8.7,1.74,8.7,1.74,,,,,,,,,,,,,,,,,,,"Rodolfo Duran","sa877500",660710
"Blake Dunn","CIN",10.875,35.556,31.5832,7.19655,5.1787,1.24149,0.115525,0.660834,3.91476,2.82202,2.71612,0.0180628,10.2936,0.776666,0.180141,0.299866,0.663692,1.05937,0.270796,0.22786,0.0763899,0.289503,0.263866,0.303191,0.337255,0.286055,0.640446,0.109395,5.334,0.314082,,0.0438511,3.42179,-0.779428,76.6622,0.0438511,0.15,-0.9396304003894329,-0.017824068665504456,0.0230717,999,,,,,,,33.4,3.036363636,33.4,3.036363636,,,,,,,,,,,,,,,,,,,"Blake Dunn","29487",694362
"Isiah Kiner-Falefa","BOS",54.814,212.551,197.176,49.93,40.4491,7.09542,0.725515,1.66,21.6534,16.8311,9.46037,0.151349,35.6968,2.52916,1.31913,1.56099,5.13712,6.47772,1.93283,0.253225,0.0445087,0.167945,0.26502,0.294176,0.321826,0.272762,0.616002,0.0686008,5.21763,0.299556,,0.158835,18.161,-6.95351,68.2429,0.158835,0.06,-7.796823680400848,0.7028801999986172,0.0226844,747.4299926757812,,,,,,,169.6,3.083636363,169.6,3.083636363,,,,,,,,,,,,,,,,,,,"Isiah Kiner-Falefa","16512",643396
"Cavan Biggio","HOU",7.365,22.081,19.2534,3.91574,2.625,0.781407,0.0667628,0.442577,2.25814,1.85382,2.20447,0.0189406,6.38352,0.336943,0.165564,0.109542,0.31269,0.252587,0.0726056,0.20338,0.0998357,0.289095,0.345338,0.294037,0.319861,0.27604,0.613899,0.116482,4.16452,0.275805,,-0.0131978,1.94545,-0.663591,75.2729,-0.0131978,0,-0.6567218331620097,0.1136574000120163,0.0221944,999,,,,,,,12.3,1.757142857,12.3,1.757142857,,,,,,,,,,,,,,,,,,,"Cavan Biggio","19252",624415
"Liover Peguero","PHI",10.294,29.354,27.1553,6.02862,4.10212,1.17243,0.090124,0.663947,3.07556,2.82135,1.65528,0.0172329,7.55872,0.180032,0.189086,0.174257,0.508776,0.663443,0.184687,0.222005,0.0563902,0.257502,0.218989,0.2695,0.345167,0.269036,0.614667,0.123162,5.04542,0.280553,,0.0179726,2.41931,-1.04909,68.2729,0.0179726,0,-1.0858302935957909,0.3235670328140259,0.0219308,999,,,,,,,26.8,2.68,26.8,2.68,,,,,,,,,,,,,,,,,,,"Liover Peguero","24273",678894
"Kevin Alcántara","CHC",17.611,51.351,47.2683,11.0933,7.74707,2.0299,0.11831,1.198,5.46224,5.28166,3.3749,0.10865,14.6118,0.327488,0.298328,0.0819756,0.939111,0.864655,0.243158,0.234687,0.0657222,0.284547,0.230971,0.288589,0.358672,0.283436,0.64726,0.123984,4.29545,0.311595,,-0.00151494,4.83264,-1.23487,81.5404,-0.00151494,-0.1,-1.1249981196597219,-0.37177471071481705,0.0216583,999,,,,,,,40.7,2.261111111,40.7,2.261111111,,,,,,,,,,,,,,,,,,,"Kevin Alcantara","25971",682634
"Nick Loftin","KCR",36.184,132.72,120.296,27.812,19.5194,5.76179,0.320855,2.20993,13.2381,12.782,9.75573,0.140689,21.4357,1.25469,0.986632,0.427054,2.68844,1.6696,0.536726,0.231196,0.0735061,0.16151,0.455117,0.293458,0.33954,0.280004,0.632998,0.108344,3.91186,0.262217,,-0.0864973,12.1204,-3.56145,74.4114,-0.0864973,0.28,-4.089224852621555,-0.27839502692222595,0.0205021,999,,,,,,,107,2.972222222,107,2.972222222,,,,,,,,,,,,,,,,,,,"Nick Loftin","27630",679845
"Bryan Ramos","BAL",9.814,37.318,34.1978,7.31021,4.81103,1.43634,0.112418,0.950421,3.83061,3.66479,2.33278,0.0221374,9.29827,0.473387,0.249991,0.0640843,0.545762,0.539985,0.180174,0.213763,0.0625109,0.249163,0.250883,0.271552,0.345714,0.271211,0.617266,0.131951,4.4737,0.262811,,-0.0159275,3.14159,-1.26782,72.8154,-0.0159275,-0.03,-1.2116059884428978,0.1214506197720766,0.0198762,999,,,,,,,25.4,2.54,25.4,2.54,,,,,,,,,,,,,,,,,,,"Bryan Ramos","25621",682868
"Nate Furman","SFG",2.633,7.983,7.12698,1.74315,1.28464,0.312933,0.02667,0.118907,0.886859,0.694326,0.638732,0.0180373,1.4443,0.124036,0.0491288,0.0441229,0.169146,0.153871,0.043763,0.244585,0.0800116,0.180922,0.442243,0.315652,0.34603,0.293991,0.661682,0.101445,4.7231,0.289377,,-0.00054469,0.819691,-0.123562,89.3719,-0.00054469,0,-0.10110285907285288,0.029332010075449944,0.0198308,999,,,,,,,7.2,2.4,7.2,2.4,,,,,,,,,,,,,,,,,,,"Nate Furman","sa3020763",801501
"Blake Hunt","SDP",6.286,16.954,15.619,3.21347,2.09147,0.688287,0.0630164,0.370699,1.55212,1.65106,1.01447,0.00265923,4.54118,0.176773,0.121686,0.0220473,0.246806,0.0553291,0.0187442,0.205741,0.0598364,0.267853,0.223393,0.260142,0.329079,0.259293,0.589221,0.123338,3.41741,0.262519,,-0.0182641,1.26321,-0.740037,66.9478,-0.0182641,0,-0.6824142504483461,0.31147119402885437,0.0197587,999,,,,,,,6.7,1.116666666,6.7,1.116666666,,,,,,,,,,,,,,,,,,,"Blake Hunt","sa3004153",675448
"Maverick Handley","BAL",3.543,11.116,9.95127,2.00979,1.45393,0.363396,0.0308532,0.16161,1.06981,0.819596,0.851204,0.000808022,3.02166,0.178464,0.058616,0.0764457,0.221875,0.145361,0.0450378,0.201963,0.0765747,0.27183,0.281701,0.275325,0.293402,0.256641,0.568727,0.0914387,4.39309,0.270732,,-0.00576215,0.804296,-0.509145,62.7786,-0.00576215,0.03,-0.4934190446510911,0.30337962321937084,0.0197008,999,,,,,,,4.2,1.05,4.2,1.05,,,,,,,,,,,,,,,,,,,"Maverick Handley","26106",668974
"Brendan Rodgers","BOS",28.117,96.135,88.142,19.9929,14.2749,3.3255,0.287078,2.10538,9.25491,9.90247,6.3174,0.0757755,26.1004,0.88984,0.569522,0.216285,2.15007,0.229417,0.090112,0.226826,0.0657139,0.271497,0.242042,0.283575,0.342728,0.276104,0.626302,0.115902,2.87969,0.295633,,-0.132337,8.47497,-2.88412,70.5454,-0.132337,0,-3.4697239995002747,0.35322973132133484,0.0196764,999,,,,,,,72.5,2.589285714,72.5,2.589285714,,,,,,,,,,,,,,,,,,,"Brendan Rodgers","17907",663898
"Seby Zavala","LAD",4.159,13.653,12.3053,2.26585,1.35276,0.485938,0.0133043,0.413845,1.37304,1.43571,1.02132,0.00058899,5.04062,0.136444,0.0861761,0.0950356,0.156638,0.0635782,0.0221011,0.184136,0.0748056,0.369195,0.202618,0.25268,0.326684,0.256164,0.579364,0.142547,3.08095,0.266975,,-0.0129049,0.982569,-0.630638,61.5747,-0.0129049,0.05,-0.6346896188333631,0.37091048434376717,0.0194864,999,,,,,,,2.2,0.55,2.2,0.55,,,,,,,,,,,,,,,,,,,"Seby Zavala","18887",664874
"Brett Sullivan","COL",13.205,43.547,40.2682,8.81668,5.93007,2.08676,0.196766,0.603077,3.92744,4.08129,2.56805,0.0716575,7.65838,0.287319,0.363052,0.0604059,0.620594,0.413577,0.134194,0.218949,0.0589719,0.175865,0.335326,0.268406,0.325473,0.260726,0.593879,0.106524,4.1985,0.253743,,-0.0297651,3.29527,-1.85014,50.5381,-0.0297651,0.3,-2.5826041270047426,1.3189043402671814,0.01894,999,,,,,,,34.6,2.661538461,34.6,2.661538461,,,,,,,,,,,,,,,,,,,"Brett Sullivan","18217",664954
"Jorbit Vivas","NYY",8.712,26.051,23.2025,5.10211,3.67638,1.02963,0.0828715,0.313225,2.58955,2.01555,2.10157,0.0616291,3.79336,0.506449,0.190643,0.0498538,0.504046,0.487617,0.155995,0.219895,0.0806712,0.145613,0.554011,0.29653,0.311913,0.272902,0.608443,0.0920182,4.64212,0.248302,,-0.00744001,2.22885,-0.849278,73.6639,-0.00744001,-0.04,-0.8160668956115842,0.09444443136453629,0.0179058,999,,,,,,,16.9,1.877777777,16.9,1.877777777,,,,,,,,,,,,,,,,,,,"Jorbit Vivas","23917",678391
"Shay Whitcomb","HOU",8.765,28.178,25.9258,5.43442,3.44432,1.01533,0.0219977,0.95278,3.0483,3.06488,1.79553,0.080863,8.47565,0.268733,0.155743,0.0322183,0.388499,0.573214,0.159294,0.209615,0.063721,0.30079,0.211846,0.266423,0.360725,0.27316,0.627148,0.151111,4.41122,0.269118,,0.0135772,2.41673,-0.912714,73.2889,0.0135772,-0.06,-0.8735282327979803,0.07526234164834023,0.0175543,999,,,,,,,22.2,2.466666666,22.2,2.466666666,,,,,,,,,,,,,,,,,,,"Shay Whitcomb","27789",694376
"Weston Wilson","BAL",6.33,17.457,15.7443,3.23036,2.0566,0.589088,0.0542993,0.530379,1.96693,1.67307,1.43727,0.041882,5.00008,0.102851,0.0946826,0.0778602,0.227562,0.470092,0.141421,0.205176,0.0823318,0.286423,0.287449,0.274495,0.350551,0.274441,0.625045,0.145374,5.20804,0.261917,,0.0126363,1.51539,-0.547293,75.0404,0.0126363,-0.03,-0.5009112320840359,0.06768518127501011,0.0171492,999,,,,,,,16.1,2.683333333,16.1,2.683333333,,,,,,,,,,,,,,,,,,,"Weston Wilson","19358",642215
"Denzer Guzman","LAA",8.849,35.042,32.1228,6.77039,4.33143,1.41979,0.0794853,0.939678,3.43465,3.32988,2.35284,0.0262612,10.6704,0.24598,0.185805,0.134538,0.441485,0.478565,0.137217,0.210766,0.0671436,0.304504,0.220502,0.268401,0.347671,0.270245,0.616073,0.136906,4.05485,0.281697,,-0.00605758,2.92249,-1.21799,69.5271,-0.00605758,-0.05,-1.2646213350817561,0.22311727330088615,0.0168391,999,,,,,,,25.5,2.833333333,25.5,2.833333333,,,,,,,,,,,,,,,,,,,"Denzer Guzman","28816",694203
"Jonatan Clase","TOR",9.072,34.267,31.1911,6.74819,4.38145,1.5358,0.142535,0.688404,4.06753,2.86631,2.48881,0.0302519,9.95522,0.235912,0.219729,0.131493,0.355949,1.78441,0.352425,0.21635,0.0726298,0.290519,0.25,0.277509,0.34094,0.272327,0.618449,0.12459,6.69234,0.291797,,0.165846,2.91578,-1.13313,72.7431,0.165846,0.06,-0.9349948167800903,-0.08000000193715096,0.0168222,999,,,,,,,33.2,3.688888888,33.2,3.688888888,,,,,,,,,,,,,,,,,,,"Jonatan Clase","26599",682729
"Luken Baker","ARI",3.339,8.679,7.76445,1.6514,0.980388,0.356371,0.0101482,0.304488,0.910734,1.10091,0.777117,0.0174357,2.41862,0.0615344,0.0688061,0.00709199,0.127903,0.00735623,0.00232949,0.212687,0.0895399,0.278676,0.321305,0.287139,0.378846,0.290884,0.665985,0.166159,1.96134,0.263575,,-0.0113763,0.869262,-0.156228,83.8659,-0.0113763,0,-0.17733855824917555,0.05102292820811272,0.0166193,999,,,,,,,6.2,2.066666666,6.2,2.066666666,,,,,,,,,,,,,,,,,,,"Luken Baker","21497",663609
"Ben Cowles","CHC",5.166,17.075,15.5578,3.46184,2.34994,0.738466,0.0522668,0.321171,1.74527,1.60306,1.17647,0.00769177,4.63219,0.190975,0.116749,0.0330072,0.253048,0.302737,0.0876188,0.222515,0.0689004,0.271285,0.253978,0.283376,0.338631,0.274822,0.622007,0.116116,4.66645,0.292941,,0.000175809,1.48751,-0.530035,75.6394,0.000175809,0,-0.4928205851756502,0.07972221821546555,0.0158575,999,,,,,,,6.7,1.34,6.7,1.34,,,,,,,,,,,,,,,,,,,"Ben Cowles","sa3016976",701496
"Josh Kasevich","TOR",3.619,11.368,10.5101,2.51832,1.93826,0.447879,0.0152184,0.116961,1.06017,0.993675,0.675372,0.0255534,1.73352,0.0813956,0.0820433,0.0191087,0.26392,0.128117,0.0399855,0.23961,0.0594099,0.152491,0.389595,0.288582,0.318505,0.268612,0.607087,0.0788954,3.5219,0.274703,,-0.00837428,0.933016,-0.410201,70.184,-0.00837428,0,-0.4078644886612892,0.16754628717899323,0.0154441,999,,,,,,,8.8,2.2,8.8,2.2,,,,,,,,,,,,,,,,,,,"Josh Kasevich","sa3020203",688460
"Blake Sabol","TBR",3.444,9.69,8.74652,1.82289,1.21521,0.360025,0.0296279,0.218026,0.945022,0.928087,0.736009,0.0152203,3.02276,0.0961531,0.0580981,0.0532211,0.153902,0.123376,0.0409442,0.208414,0.0759555,0.311947,0.243489,0.275513,0.331132,0.268361,0.606645,0.122718,4.19986,0.288447,,-0.0055079,0.793325,-0.351624,68.5255,-0.0055079,0,-0.3649716186337173,0.17802026867866516,0.0149952,999,,,,,,,5.2,1.733333333,5.2,1.733333333,,,,,,,,,,,,,,,,,,,"Blake Sabol","25805",666165
"Drew Romo","CHW",9.593,20.526,19.0327,4.04757,2.75335,0.786041,0.0643824,0.443797,1.84442,1.9074,1.04306,0.0258041,5.25298,0.17692,0.164173,0.109136,0.33188,0.187708,0.0561562,0.212664,0.0508167,0.255918,0.198566,0.258,0.330682,0.257517,0.588682,0.118018,3.9175,0.266944,,-0.0115156,1.49975,-0.925554,61.6803,-0.0115156,0,-0.9385562697425485,0.3770943284034729,0.0148363,999,,,,,,,9.3,0.93,9.3,0.93,,,,,,,,,,,,,,,,,,,"Drew Romo","27763",691011
"Jose Herrera","TEX",6.417,19.056,16.5215,3.21088,2.40721,0.551195,0.0287372,0.223742,1.61558,1.10963,1.72561,0.0385488,4.61658,0.131618,0.125549,0.551707,0.406871,0.10894,0.029593,0.194345,0.0905544,0.242264,0.373785,0.273888,0.271814,0.247876,0.545702,0.0774684,3.2044,0.253003,,-0.0182287,1.24319,-1.00842,56.702,-0.0182287,-0.02,-0.9906893689185381,0.4751388840377331,0.0143571,999,,,,,,,8.7,1.45,8.7,1.45,,,,,,,,,,,,,,,,,,,"Jose Herrera","17040",645444
"Tim Anderson",,16.89,54.685,50.9211,12.4513,10.0818,1.90468,0.0658888,0.398849,5.23912,4.4094,2.32329,0.00851117,14.0853,0.432033,0.263053,0.140948,1.38654,1.13055,0.394817,0.24452,0.042485,0.257572,0.164944,0.281919,0.308011,0.26164,0.58993,0.0634905,4.22661,0.328404,,-0.0202659,4.17866,-2.2828,64.4412,-0.0202659,0,-2.3185313381254673,0.6027888059616089,0.0138156,999,,,,,,,29.9,1.758823529,29.9,1.758823529,,,,,,,,,,,,,,,,,,,"Tim Anderson","15172",641313
"Taylor Trammell","HOU",13.001,40.591,35.8638,7.345,4.489,1.51896,0.142795,1.19424,4.7074,3.93771,3.97399,0.0591602,11.9028,0.384413,0.28378,0.0850031,0.518121,0.950915,0.271502,0.204802,0.0979031,0.293237,0.333871,0.28893,0.355017,0.284493,0.643947,0.150214,5.3028,0.266837,,0.020981,3.85486,-0.941282,81.0959,0.020981,0.05,-0.8834123909473419,-0.39139197394251823,0.0125099,999,,,,,,,32.3,2.484615384,32.3,2.484615384,,,,,,,,,,,,,,,,,,,"Taylor Trammell","19960",666211
"Esmerlyn Valdez","PIT",13.641,36.961,33.6503,7.66892,4.89002,1.52297,0.0839503,1.17197,3.92978,4.35151,2.57764,0.0432832,10.969,0.46064,0.225978,0.0464324,0.570086,0.210738,0.0760115,0.2279,0.0697395,0.296773,0.234993,0.290053,0.382633,0.29366,0.672686,0.154732,3.47887,0.298912,,-0.0410347,3.78519,-0.582038,84.8678,-0.0410347,0,-0.7039203606545925,-0.4074184000492096,0.01211,999,,,,,,,35,2.5,35,2.5,,,,,,,,,,,,,,,,,,,"Esmerlyn Valdez","sa3015768",699013
"Andrew McCutchen","TEX",47.255,198.602,173.275,37.7785,24.5093,7.59636,0.280994,5.39183,21.1006,20.5259,22.2024,0.416915,46.7941,1.52983,1.34614,0.248185,3.56715,1.0411,0.312529,0.218026,0.111793,0.235617,0.47447,0.310106,0.35846,0.296747,0.668566,0.140434,3.05226,0.26452,,-0.235489,20.8367,-2.62962,90.3671,-0.235489,-0.06,-2.4903191328048706,-4.227107580751181,0.0120863,999,,,,,,,183.9,3.912765957,183.9,3.912765957,,,,,,,,,,,,,,,,,,,"Andrew McCutchen","9847",457705
"Drew Waters","KCR",9.737,34.407,31.49,7.03395,4.72655,1.50392,0.253159,0.550327,3.72302,3.04091,2.35385,0.0161899,10.2606,0.305216,0.195006,0.0628832,0.513882,0.883403,0.260184,0.223371,0.0684121,0.298214,0.229406,0.282232,0.339636,0.274202,0.621869,0.116266,5.96975,0.310606,,0.0214803,2.98009,-1.08537,70.4146,0.0214803,-0.04,-1.1782848127186298,0.11026234179735184,0.0118898,999,,,,,,,31.3,3.13,31.3,3.13,,,,,,,,,,,,,,,,,,,"Drew Waters","20505",671221
"Luis Vázquez","BAL",6.731,19.935,18.2826,3.97516,2.84346,0.688914,0.0545918,0.388202,1.98057,1.67434,1.15244,0.0268273,5.06005,0.220508,0.106184,0.173291,0.401031,0.273806,0.100061,0.217429,0.05781,0.253827,0.227753,0.27063,0.324783,0.262813,0.595413,0.107354,4.39661,0.277189,,-0.013874,1.54229,-0.813182,67.0303,-0.013874,0.01,-0.7885199701413512,0.2177469078451395,0.0118025,999,,,,,,,10.3,1.471428571,10.3,1.471428571,,,,,,,,,,,,,,,,,,,"Luis Vazquez","23442",676679
"Ryan Clifford","NYM",13.466,47.865,42.2494,9.05849,5.4509,1.88903,0.0403589,1.6782,5.2768,5.49696,4.73536,0.199792,14.0414,0.55323,0.27537,0.0516085,0.740851,0.322592,0.115447,0.214405,0.0989316,0.293354,0.337244,0.300064,0.380191,0.298104,0.680255,0.165785,3.04155,0.27533,,-0.0523387,5.07461,-0.581011,93.0973,-0.0523387,0,-0.44392821192741394,-1.0390431880950928,0.0112041,999,,,,,,,51,3.923076923,51,3.923076923,,,,,,,,,,,,,,,,,,,"Ryan Clifford","sa3020126",691775
"Stuart Fairchild","CLE",9.025,29.461,26.2655,5.58805,3.62536,1.19037,0.0941574,0.678167,3.26629,2.47875,2.19408,0.041281,8.00665,0.534224,0.168293,0.298935,0.403687,0.944149,0.276905,0.212753,0.0744739,0.271771,0.274032,0.285177,0.342702,0.277969,0.627879,0.12995,5.52555,0.27663,,0.0337601,2.64179,-0.83925,77.2106,0.0337601,0.08,-0.7575612217187881,-0.15212447941303253,0.0106726,999,,,,,,,30.8,3.422222222,30.8,3.422222222,,,,,,,,,,,,,,,,,,,"Stuart Fairchild","20321",656413
"Kyle McCann","COL",9.938,33.474,30.2229,6.22092,4.03045,1.15806,0.0511706,0.981248,3.29854,3.75033,2.70939,0.0537579,11.6265,0.334958,0.158798,0.048002,0.597857,0.046344,0.0173979,0.205835,0.0809401,0.347329,0.233036,0.277187,0.34494,0.274624,0.622127,0.139105,2.39658,0.294796,,-0.0442065,2.91075,-1.04446,60.0588,-0.0442065,0,-1.6288190260529518,0.6149691343307495,0.0102147,999,,,,,,,24.9,2.49,24.9,2.49,,,,,,,,,,,,,,,,,,,"Kyle McCann","25575",668832
"Samad Taylor","SDP",6.309,19.403,17.5262,3.8566,2.80396,0.673993,0.114871,0.263774,2.17741,1.31263,1.35292,0.0195266,4.99459,0.143216,0.142526,0.238178,0.304621,0.851344,0.230463,0.220048,0.0697275,0.257413,0.270878,0.2793,0.316764,0.264447,0.596064,0.0967158,6.48996,0.289503,,0.0476314,1.52687,-0.765745,70.4784,0.0476314,-0.02,-0.6312645636498928,0.07736111059784889,0.00937582,999,,,,,,,12.2,2.033333333,12.2,2.033333333,,,,,,,,,,,,,,,,,,,"Samad Taylor","22274",669392
"Gustavo Campero","LAA",8.213,25.676,23.1483,5.41485,3.65578,1.04288,0.158175,0.558004,2.96021,2.25941,1.69594,0.0828626,5.0408,0.532922,0.179929,0.118942,0.451788,0.920552,0.247971,0.23392,0.0660516,0.196323,0.336443,0.299084,0.364956,0.291249,0.66404,0.131035,6.15752,0.273943,,0.0442606,2.57924,-0.45458,83.9962,0.0442606,0.02,-0.4400491341948509,-0.36023150011897087,0.00853753,999,,,,,,,28.2,3.525,28.2,3.525,,,,,,,,,,,,,,,,,,,"Gustavo Campero","22707",672569
"Alika Williams","PIT",8.244,27.598,25.3123,5.78549,4.27539,1.09374,0.080351,0.336013,2.46662,2.30177,1.5025,0.0209825,5.91277,0.237153,0.21079,0.33527,0.508317,0.258418,0.0963016,0.228565,0.0544424,0.214246,0.254112,0.276023,0.317947,0.262448,0.59397,0.0893825,3.85437,0.282733,,-0.0273245,2.12697,-1.13394,63.4872,-0.0273245,0,-1.221635514870286,0.3816666901111603,0.00800323,999,,,,,,,17.5,2.1875,17.5,2.1875,,,,,,,,,,,,,,,,,,,"Alika Williams","27604",675961
"Jonathon Long","CHC",5.651,19.564,17.4006,4.08252,2.71758,0.740245,0.0262054,0.598492,2.09335,2.29334,1.77605,0.129207,4.78002,0.219685,0.12252,0.0451535,0.366922,0.0547633,0.0195836,0.23462,0.0907816,0.244327,0.371558,0.311405,0.383358,0.303414,0.694763,0.148738,2.38182,0.286879,,-0.02733,2.15849,-0.153148,95.2254,-0.02733,0,-0.13803993351757526,-0.4360339343547821,0.00786017,999,,,,,,,23.7,3.95,23.7,3.95,,,,,,,,,,,,,,,,,,,"Jonathon Long","sa3022864",675085
"RJ Schreck","TOR",3.268,11.098,9.77226,2.12444,1.31863,0.455915,0.025137,0.324759,1.21633,1.17812,1.06417,0.0480758,2.59277,0.168132,0.0654392,0.0279946,0.174405,0.100244,0.0297558,0.217395,0.0958886,0.233625,0.410437,0.303228,0.368891,0.295763,0.67212,0.151497,3.65588,0.260063,,-0.00865968,1.15551,-0.155807,88.8879,-0.00865968,0,-0.15400967188179493,-0.15129628777503967,0.00784421,999,,,,,,,4.2,1.4,4.2,1.4,,,,,,,,,,,,,,,,,,,"RJ Schreck","sa3022602",702302
"Hayden Senger","NYM",4.942,14.229,13.1283,2.60967,1.82715,0.510217,0.0445021,0.227807,1.21814,1.14859,0.719836,0.000613839,4.16982,0.211158,0.0855984,0.0841386,0.235804,0.0717293,0.0259881,0.198783,0.0505894,0.293051,0.17263,0.250315,0.296484,0.242893,0.546798,0.0977008,3.52888,0.270168,,-0.014501,0.870707,-0.81056,55.2754,-0.014501,-0.01,-0.7687504785135388,0.3713271524757147,0.0077736,999,,,,,,,9.7,1.94,9.7,1.94,,,,,,,,,,,,,,,,,,,"Hayden Senger","21489",663584
"Dom Nuñez","CLE",4.602,14.669,12.9427,2.20309,1.36351,0.480302,0.0318809,0.327399,1.24209,1.23664,1.40012,0.0153096,4.7737,0.120978,0.0909393,0.114297,0.195633,0.0480285,0.0143219,0.170219,0.0954474,0.325428,0.293298,0.255875,0.288144,0.245333,0.544019,0.117925,3.00572,0.236457,,-0.0152015,0.926694,-0.806561,54.7289,-0.0152015,0,-0.7978987339884043,0.3550926148891449,0.00635125,999,,,,,,,1.2,0.24,1.2,0.24,,,,,,,,,,,,,,,,,,,"Dom Nunez","15055",624513
"Tanner Murray","CHW",15.927,63.305,59.4756,13.7089,9.24421,3.19224,0.120872,1.15153,5.82877,5.97481,2.83935,0.0128218,14.7988,0.520021,0.335173,0.13484,1.15391,0.386447,0.12817,0.230495,0.0448519,0.233769,0.191864,0.270194,0.346317,0.269507,0.616512,0.115822,3.31543,0.286301,,-0.0583185,5.24168,-2.23829,69.9396,-0.0583185,0,-2.3011972084641457,0.18434026837348938,0.00634321,999,,,,,,,49.5,3.09375,49.5,3.09375,,,,,,,,,,,,,,,,,,,"Tanner Murray","sa3016805",695020
"Emmanuel Rivera",,3.493,10.37,9.48524,2.17998,1.60898,0.365656,0.0468206,0.15852,1.00572,0.920425,0.685541,0.00449768,2.22806,0.0993957,0.0763022,0.0235222,0.218587,0.0379086,0.0124568,0.229829,0.0661081,0.214856,0.307685,0.286563,0.328388,0.272426,0.614951,0.0985593,3.47935,0.281738,,-0.0132937,0.883224,-0.342072,73.6525,-0.0132937,0,-0.3353194687515497,0.038102585822343826,0.00610823,999,,,,,,,5.2,1.733333333,5.2,1.733333333,,,,,,,,,,,,,,,,,,,"Emmanuel Rivera","19890",656896
"Gio Urshela","MIN",30.615,116.015,107.623,26.3585,20.0763,4.91639,0.239164,1.12674,10.5988,10.1366,6.71809,0.125919,21.9435,0.509088,0.788543,0.376716,2.5679,0.370727,0.13368,0.244917,0.0579071,0.189144,0.306154,0.290438,0.326451,0.272447,0.616889,0.0815343,2.77672,0.295659,,-0.160016,9.88307,-3.825,71.4644,-0.160016,-0.03,-4.061890676617622,0.12748456187546253,0.00599976,999,,,,,,,85.5,2.758064516,85.5,2.758064516,,,,,,,,,,,,,,,,,,,"Gio Urshela","10681",570482
"Blaze Jordan","STL",5.873,16.683,15.514,3.97547,2.72287,0.866413,0.0315009,0.354685,1.66542,1.86748,0.899159,0.0589707,2.37734,0.131488,0.114627,0.0237118,0.348498,0.0604945,0.0201658,0.25625,0.0538967,0.142501,0.37822,0.3005,0.384745,0.297335,0.685245,0.128495,2.83413,0.280755,,-0.0205496,1.75829,-0.212931,91.417,-0.0205496,0,-0.19025877863168716,-0.30649250745773315,0.00596443,999,,,,,,,12.3,2.05,12.3,2.05,,,,,,,,,,,,,,,,,,,"Blaze Jordan","sa3014537",691458
"Sam Huff","BAL",4.227,12.967,11.9364,2.33137,1.5572,0.426186,0.0148809,0.333095,1.15603,1.28409,0.869682,0.0170165,4.71367,0.088674,0.0574612,0.0147862,0.21378,0.00107938,0.000408199,0.195316,0.0670688,0.363513,0.184502,0.253989,0.317231,0.252298,0.571221,0.121916,1.66413,0.287641,,-0.0164459,0.892498,-0.639653,59.7866,-0.0164459,0,-0.6310325693339109,0.2382238358259201,0.00547314,999,,,,,,,2.2,0.55,2.2,0.55,,,,,,,,,,,,,,,,,,,"Sam Huff","22209",669087
"Héctor Rodríguez","CIN",4.882,17.172,16.127,4.11742,2.76541,0.80129,0.0777944,0.472931,1.89573,1.94212,0.796498,0.0497957,2.9368,0.104296,0.108013,0.0361837,0.317511,0.283897,0.100898,0.255312,0.0463836,0.171023,0.271213,0.29285,0.402622,0.299768,0.695472,0.14731,4.71081,0.284164,,-0.00841442,1.84375,-0.185256,86.0554,-0.00841442,0,-0.29221934638917446,-0.2260185182094574,0.00543062,999,,,,,,,12.3,2.46,12.3,2.46,,,,,,,,,,,,,,,,,,,"Hector Rodriguez","sa3015828",699302
"Yohel Pozo","STL",48.516,171.511,163.307,38.5575,27.1565,7.62696,0.132171,3.64178,14.4275,18.4278,5.81197,0.360674,22.5231,0.883173,1.23183,0.277003,3.42658,0.153202,0.0514047,0.236104,0.0338869,0.131322,0.258045,0.264273,0.351327,0.26656,0.6156,0.115223,1.60289,0.252328,,-0.211507,13.7909,-6.47449,70.3352,-0.211507,0,-6.241652071475983,0.5823251008987427,0.004797,999,,,,,,,137.2,2.8,137.2,2.8,,,,,,,,,,,,,,,,,,,"Yohel Pozo","18848",650968
"Tomás Nido","DET",5.962,21.024,19.2546,4.15864,3.07792,0.738506,0.0167446,0.325463,1.7391,1.62984,0.952622,0.0346923,5.22573,0.14264,0.148134,0.487466,0.440798,0.0976919,0.0279962,0.215981,0.0453112,0.24856,0.182295,0.256312,0.306784,0.247658,0.563096,0.0908032,2.83537,0.276732,,-0.0192475,1.36786,-1.11629,54.8956,-0.0192475,0,-1.1369007863104343,0.46003085374832153,0.00478229,999,,,,,,,9.3,1.55,9.3,1.55,,,,,,,,,,,,,,,,,,,"Tomas Nido","13755",621512
"Tsung-Che Cheng","BOS",6.227,17.558,15.7035,3.39268,2.35765,0.754006,0.0586958,0.222326,1.77017,1.29511,1.35857,0.0254812,4.39747,0.1154,0.102411,0.278127,0.300845,0.458971,0.133432,0.216046,0.077376,0.250454,0.308943,0.281637,0.31401,0.265179,0.595647,0.0979639,5.11605,0.283419,,0.0120245,1.39211,-0.6825,63.0193,0.0120245,0,-0.753259708173573,0.1935405731201172,0.004563,999,,,,,,,6.7,1.116666666,6.7,1.116666666,,,,,,,,,,,,,,,,,,,"Tsung-Che Cheng","28344",691907
"Steward Berroa","MIL",5.661,15.773,14.0924,2.81591,1.93814,0.576418,0.0804588,0.22089,1.68346,1.0345,1.31895,0.0201975,4.70735,0.0931411,0.0852639,0.183239,0.187253,0.857264,0.178369,0.199818,0.0836207,0.298443,0.28019,0.271204,0.299162,0.255289,0.570366,0.0993448,6.81205,0.28056,,0.076424,1.12394,-0.739766,61.2208,0.076424,0.06,-0.6485255658626556,0.14736110344529152,0.0024153,999,,,,,,,10.6,1.766666666,10.6,1.766666666,,,,,,,,,,,,,,,,,,,"Steward Berroa","22766",672642
"Randal Grichuk","NYY",40.55,156.969,144.715,33.0307,20.5185,6.85319,0.318523,5.34049,16.2157,17.9717,9.39092,0.24365,32.967,1.49528,1.17103,0.196267,2.65186,0.413896,0.137511,0.228246,0.0598266,0.210023,0.284858,0.280131,0.390714,0.290527,0.670845,0.162469,2.70843,0.257394,,-0.179249,15.676,-2.8711,85.8051,-0.179249,-0.56,-2.8054019063711166,-2.5763750672340393,0.00213225,999,,,,,,,137.1,3.343902439,137.1,3.343902439,,,,,,,,,,,,,,,,,,,"Randal Grichuk","10243",545341
"Will Banfield","CIN",8.405,21.776,20.3525,4.05513,2.69938,0.858513,0.0300489,0.467186,1.73038,2.11707,1.02626,0.00230172,6.19143,0.172621,0.176226,0.0484283,0.343387,0.0381772,0.0122662,0.199245,0.0471279,0.284323,0.165754,0.241813,0.313244,0.243446,0.555057,0.113999,2.16634,0.258682,,-0.0231076,1.34231,-1.2307,47.4732,-0.0231076,0.02,-1.3787744902074337,0.6685339398682117,0.00145819,999,,,,,,,8.3,1.0375,8.3,1.0375,,,,,,,,,,,,,,,,,,,"Will Banfield","23790",677943
"César Prieto","STL",12.845,40.97,38.5723,9.2656,6.79867,1.8574,0.0979021,0.511631,3.6335,3.81844,1.55717,0.0700231,6.04514,0.410082,0.270284,0.160176,0.941284,0.369463,0.156222,0.240214,0.0380075,0.14755,0.25759,0.275249,0.333237,0.26624,0.608485,0.0930226,3.52416,0.27114,,-0.0474905,3.28366,-1.55726,70.1158,-0.0474905,-0.05,-1.4986041821539402,0.1482253037393093,0.00129968,999,,,,,,,32.6,2.507692307,32.6,2.507692307,,,,,,,,,,,,,,,,,,,"Cesar Prieto","30163",693409
"Nick Morabito","NYM",4.314,11.362,10.4619,2.55878,1.96272,0.404825,0.0527544,0.138482,1.29604,0.883852,0.704516,0.0186091,2.75984,0.117491,0.0569801,0.0211226,0.220982,0.454541,0.121953,0.244581,0.0620064,0.242901,0.255274,0.298106,0.333072,0.279415,0.631178,0.0884906,5.95653,0.317601,,0.0227055,1.03218,-0.310326,80.2944,0.0227055,0,-0.24265615455806255,-0.12524251639842987,0.00103518,999,,,,,,,9.8,2.45,9.8,2.45,,,,,,,,,,,,,,,,,,,"Nick Morabito","sa3020418",703492
"Billy Cook","PIT",5.747,17.505,16.0485,3.40561,2.24277,0.726089,0.0599425,0.376806,1.75688,1.62359,1.08963,0.0504298,5.04257,0.196165,0.112289,0.0584438,0.19441,0.410291,0.10462,0.212207,0.0622465,0.288065,0.216085,0.268901,0.335359,0.265059,0.60426,0.123151,5.08445,0.281975,,0.0162531,1.38621,-0.682143,65.2754,0.0162531,0.04,-0.7041796706616879,0.1286882683634758,0.000706386,999,,,,,,,6.7,1.116666666,6.7,1.116666666,,,,,,,,,,,,,,,,,,,"Billy Cook","29573",695257
"Tirso Ornelas","SDP",31.624,93.346,85.143,19.6532,13.453,4.23398,0.0918998,1.87434,9.47324,9.19862,6.82281,0.193181,19.2525,0.580441,0.652559,0.147214,1.91518,0.99312,0.322522,0.230826,0.0730916,0.206249,0.354385,0.290309,0.348755,0.281053,0.639064,0.117929,3.50067,0.274923,,-0.0698652,8.6042,-2.42535,81.8544,-0.0698652,0,-2.0773884654045105,-1.0289461612701416,-0.0000706389,999,,,,,,,83.3,2.603125,83.3,2.603125,,,,,,,,,,,,,,,,,,,"Tirso Ornelas","22566",672359
"Jared Young","NYM",11.936,36.944,33.227,7.2483,4.59419,1.53767,0.0520511,1.06438,3.95614,3.82077,2.85787,0.0608833,9.42732,0.494514,0.216092,0.148504,0.600111,0.474854,0.16424,0.218145,0.0773569,0.255179,0.303148,0.288097,0.363656,0.286414,0.651754,0.145512,3.75159,0.269435,,-0.024347,3.56611,-0.799111,85.0888,-0.024347,-0.01,-0.6772548817098141,-0.5625925753265619,-0.00109593,999,,,,,,,30.4,2.533333333,30.4,2.533333333,,,,,,,,,,,,,,,,,,,"Jared Young","20404",676724
"Ryan Fitzgerald","LAD",5.205,11.37,10.3201,2.1108,1.31843,0.473372,0.0537933,0.2652,1.22012,1.12877,0.803016,0.0223152,2.92841,0.12878,0.0806142,0.0374608,0.169215,0.120788,0.0532407,0.204532,0.0706259,0.257556,0.274216,0.268483,0.337918,0.266523,0.606402,0.133386,4.54742,0.25608,,-0.0123533,0.913896,-0.429557,68.671,-0.0123533,0,-0.434537204913795,0.04177689552307129,-0.00148124,999,,,,,,,4.2,0.84,4.2,0.84,,,,,,,,,,,,,,,,,,,"Ryan Fitzgerald","24622",680837
"Orlando Arcia","MIN",35.214,131.013,120.21,26.0345,18.1519,4.82779,0.0821303,2.97262,11.8444,13.0222,8.29844,0.0774614,28.389,0.65393,0.841697,0.266847,2.8912,0.258851,0.0938591,0.216575,0.0633406,0.216688,0.292312,0.269121,0.332288,0.264803,0.601409,0.115713,1.98461,0.257128,,-0.165089,10.3476,-5.13259,66.1987,-0.165089,0,-5.384491577744484,0.8539550304412842,-0.00217742,999,,,,,,,95.3,2.722857142,95.3,2.722857142,,,,,,,,,,,,,,,,,,,"Orlando Arcia","13185",606115
"Vidal Bruján","NYM",11.057,35.131,32.0152,6.82413,4.87228,1.44937,0.0786411,0.423831,3.60201,2.65984,2.43039,0.111822,7.51798,0.319977,0.210018,0.15541,0.608199,1.19046,0.419814,0.213153,0.0691807,0.213999,0.323276,0.273748,0.303052,0.256321,0.5768,0.0898994,5.1827,0.263567,,0.0165867,2.53277,-1.61822,64.4744,0.0165867,-0.07,-1.4626094438135624,0.2712654396891594,-0.0023048,999,,,,,,,18,1.636363636,18,1.636363636,,,,,,,,,,,,,,,,,,,"Vidal Brujan","20536",660644
"Sebastián Rivero","LAA",7.642,22.442,20.8873,4.14353,2.82351,0.887053,0.0271424,0.405823,1.72058,1.90179,0.979405,0.00745411,5.45131,0.226693,0.159048,0.189544,0.348065,0.11882,0.0384122,0.198375,0.0436416,0.242907,0.179664,0.240406,0.30173,0.2386,0.542137,0.103355,2.84975,0.246076,,-0.0185194,1.29507,-1.35663,47.7283,-0.0185194,0.01,-1.401133704930544,0.599660525098443,-0.0029728,999,,,,,,,7.3,0.9125,7.3,0.9125,,,,,,,,,,,,,,,,,,,"Sebastian Rivero","21735",665861
"Marco Luciano","NYY",6.315,18.146,16.3373,3.0369,1.9681,0.594101,0.0281706,0.446527,1.7187,1.64532,1.58972,0.00905231,6.41575,0.0926016,0.106564,0.0198043,0.25633,0.198478,0.0616014,0.185887,0.0876073,0.353563,0.247784,0.260354,0.307696,0.253612,0.56805,0.121809,3.80779,0.270349,,-0.00957049,1.26832,-0.875765,60.3759,-0.00957049,0,-0.8570191953331232,0.20002204179763794,-0.00331916,999,,,,,,,9.7,1.616666666,9.7,1.616666666,,,,,,,,,,,,,,,,,,,"Marco Luciano","25616",682617
"Luke Williams","ATL",13.683,22.437,20.7149,4.26935,2.86144,0.880645,0.110087,0.417178,2.45533,1.83398,1.35951,0.0164569,6.61997,0.1614,0.141022,0.0601335,0.259102,0.845292,0.233793,0.2061,0.0605924,0.295047,0.205365,0.258761,0.319659,0.254786,0.57842,0.113558,6.4454,0.278763,,0.0444937,1.58963,-1.06147,59.6508,0.0444937,0,-1.0284909531474113,0.24732142686843872,-0.00354871,999,,,,,,,9.2,0.657142857,9.2,0.657142857,,,,,,,,,,,,,,,,,,,"Luke Williams","19931",663897
"Johnathan Rodríguez","CLE",35.971,132.541,120.449,28.3919,19.3083,5.3495,0.251628,3.48249,13.8175,14.1317,10.3023,0.490269,37.7503,0.972301,0.655672,0.161792,2.82134,0.717157,0.269007,0.235718,0.0777292,0.284819,0.272907,0.299643,0.371047,0.29355,0.67069,0.135329,3.08554,0.311868,,-0.165394,13.5618,-2.09892,87.9442,-0.165394,-0.52,-2.0486949682235718,-2.55539608001709,-0.00432222,999,,,,,,,114.4,3.177777777,114.4,3.177777777,,,,,,,,,,,,,,,,,,,"Johnathan Rodriguez","22530",671286
"Joey Wiemer","WSN",32.741,112.078,101.248,20.9546,13.2043,4.32722,0.216601,3.20653,11.0959,12.0106,8.88396,0.249858,33.1969,1.14226,0.650381,0.153216,1.82964,1.91827,0.600243,0.206963,0.0792659,0.296195,0.267614,0.2768,0.34899,0.275267,0.62579,0.142027,4.1716,0.270983,,-0.0138655,9.8043,-3.43858,74.1721,-0.0138655,0.23,-3.444734395481646,-0.33470501005649567,-0.00517465,999,,,,,,,87.4,2.648484848,87.4,2.648484848,,,,,,,,,,,,,,,,,,,"Joey Wiemer","27690",686894
"LaMonte Wade Jr.","CHW",38.023,122.425,104.225,22.2493,15.0062,3.89189,0.492808,2.85841,12.6531,10.9176,14.9285,0.689267,26.5524,1.44033,0.954786,0.876653,1.88196,0.573119,0.218259,0.213474,0.12194,0.216887,0.562226,0.317718,0.342548,0.2946,0.660266,0.129074,3.4093,0.255922,,-0.177334,12.6311,-1.83441,87.2254,-0.177334,0,-2.0206072479486465,-2.2491366863250732,-0.0057371,999,,,,,,,108.9,2.865789473,108.9,2.865789473,,,,,,,,,,,,,,,,,,,"LaMonte Wade Jr.","18126",664774
"Garrett Hampson","CIN",18.195,55.55,49.925,10.8225,7.79929,1.95808,0.333799,0.731315,5.73265,3.79766,4.22206,0.0414414,15.1742,0.385332,0.334885,0.682683,0.811149,1.65258,0.464057,0.216775,0.0760047,0.273163,0.278239,0.281222,0.313312,0.264867,0.594533,0.0965371,5.79849,0.293737,,0.0588446,4.39029,-2.17337,62.1471,0.0588446,0.06,-2.4333214461803436,0.5279783867299557,-0.00585033,999,,,,,,,42.6,2.366666666,42.6,2.366666666,,,,,,,,,,,,,,,,,,,"Garrett Hampson","19262",641658
"Leandro Cedeño","SDP",1.448,6.411,5.94074,1.42051,0.958698,0.290715,0.0124881,0.158611,0.635642,0.767044,0.351193,0.0298675,1.73905,0.0657153,0.0452318,0.00812304,0.117286,0.0175756,0.00693872,0.239114,0.0547798,0.271261,0.201945,0.286968,0.372351,0.285973,0.659319,0.133237,2.71064,0.308661,,-0.00821053,0.616545,-0.140964,80.5018,-0.00821053,0,-0.15636462345719337,-0.11777997761964798,-0.00622562,999,,,,,,,-0.4,-0.4,-0.4,-0.4,,,,,,,,,,,,,,,,,,,"Leandro Cedeno","sa873307",660681
"Kameron Misner","KCR",13.636,50.483,45.0843,9.26107,5.78736,2.08354,0.265656,1.12452,5.53939,4.68103,4.57283,0.0599718,16.0448,0.367576,0.325195,0.133124,0.612718,1.43478,0.316298,0.205417,0.0905815,0.317826,0.285004,0.282056,0.338244,0.274674,0.6203,0.132827,5.8694,0.28812,,0.0870009,4.39181,-1.57314,70.7397,0.0870009,0.15,-1.6539919078350067,-0.14460492134094238,-0.00624658,999,,,,,,,37.5,2.678571428,37.5,2.678571428,,,,,,,,,,,,,,,,,,,"Kameron Misner","26374",670224
"Jason Delay","BOS",4.259,12.68,11.695,2.5406,1.90081,0.500694,0.0236466,0.115447,1.03483,1.0413,0.678918,0.00282663,2.791,0.122526,0.0848199,0.0948053,0.245897,0.0675549,0.0221446,0.217238,0.0535424,0.220111,0.243252,0.265636,0.293709,0.249061,0.559346,0.0764711,3.14754,0.273307,,-0.0133784,0.839426,-0.658813,51.9167,-0.0133784,0,-0.7319763097912073,0.23295120894908905,-0.00640477,999,,,,,,,10.7,2.675,10.7,2.675,,,,,,,,,,,,,,,,,,,"Jason Delay","19806",641511
"Spencer Jones","NYY",9.503,36.032,32.9052,6.86863,4.15314,1.33458,0.130972,1.24994,4.20248,3.7548,2.66377,0.0746432,13.932,0.262046,0.162997,0.038012,0.426772,0.936859,0.25192,0.20874,0.0739279,0.386657,0.191198,0.272113,0.371217,0.280331,0.643331,0.162477,5.56526,0.314135,,0.037966,3.30013,-0.957327,78.7816,0.037966,0,-0.8631346896290779,-0.4399537146091461,-0.00643806,999,,,,,,,29.4,2.94,29.4,2.94,,,,,,,,,,,,,,,,,,,"Spencer Jones","sa3019969",682987
"Vimael Machín","COL",4.91,16.187,14.7705,3.58958,2.59063,0.69859,0.057291,0.243062,1.59712,1.59721,1.17115,0.074713,2.98625,0.0859009,0.114526,0.044904,0.338987,0.145692,0.0568278,0.243023,0.0723512,0.184485,0.39218,0.300248,0.347445,0.284227,0.647692,0.104421,3.72227,0.287113,,-0.0190416,1.53374,-0.378874,66.6365,-0.0190416,-0.02,-0.6591179128736258,0.0557716004550457,-0.00662994,999,,,,,,,13.3,2.66,13.3,2.66,,,,,,,,,,,,,,,,,,,"Vimael Machin","17684",605353
"Vinny Capra","BOS",3.82,10.169,9.28932,2.07711,1.50876,0.407762,0.0280701,0.132511,0.940615,0.883438,0.658776,0.0150081,2.28188,0.0961024,0.0693084,0.0554889,0.187331,0.131969,0.0417945,0.223601,0.0647827,0.224396,0.288699,0.28002,0.316335,0.26448,0.596355,0.0927337,4.20232,0.28003,,-0.00556645,0.800496,-0.40105,62.538,-0.00556645,0,-0.4545616521500051,0.03736405074596405,-0.00687511,999,,,,,,,5.2,1.3,5.2,1.3,,,,,,,,,,,,,,,,,,,"Vinny Capra","25040",681962
"Christian Franklin","WSN",5.368,21.038,18.6688,4.20417,3.02782,0.78027,0.0637615,0.332325,2.12465,1.76609,1.92709,0.0157701,5.21694,0.252139,0.109017,0.080969,0.438173,0.422454,0.147617,0.225198,0.0916006,0.247977,0.369391,0.304595,0.327228,0.283196,0.631822,0.10203,4.50317,0.292689,,-0.0102321,1.97578,-0.510017,79.6037,-0.0102321,0,-0.518802029080689,-0.24851851165294647,-0.00689393,999,,,,,,,12.3,2.46,12.3,2.46,,,,,,,,,,,,,,,,,,,"Christian Franklin","sa3017510",681047
"Chad Wallach","ATH",4.625,12.21,11.1838,2.13719,1.44424,0.386584,0.0162254,0.290143,1.08169,1.12207,0.760308,0.000526739,3.96961,0.122386,0.0701905,0.0611424,0.207451,0.0321336,0.011671,0.191098,0.0622693,0.325111,0.191532,0.248824,0.306396,0.24629,0.555219,0.115298,2.77734,0.264083,,-0.0137109,0.780836,-0.66187,51.3841,-0.0137109,0,-0.7133383117616177,0.2243165820837021,-0.00703638,999,,,,,,,3.2,0.64,3.2,0.64,,,,,,,,,,,,,,,,,,,"Chad Wallach","17161",595453
"Cristian Pache","NYM",2.67,8.432,7.69061,1.51631,1.0294,0.283721,0.0515918,0.1516,0.839994,0.653354,0.604792,0.00102019,2.65349,0.0580435,0.0416044,0.0369458,0.136659,0.126857,0.0446507,0.197163,0.0717258,0.314692,0.227924,0.259575,0.306609,0.251796,0.566184,0.109446,5.34787,0.276978,,-0.00407865,0.576925,-0.419381,61.3743,-0.00407865,-0.01,-0.3900909391231835,0.031203703954815865,-0.00801645,999,,,,,,,6.2,2.066666666,6.2,2.066666666,,,,,,,,,,,,,,,,,,,"Cristian Pache","19948",665506
"Juan Yepez","TOR",8.845,26.241,23.9731,5.61258,3.73317,1.1274,0.031007,0.721006,2.74097,2.91258,1.76909,0.0356424,4.45524,0.211294,0.235511,0.0520171,0.50154,0.137588,0.0395114,0.23412,0.0674169,0.169781,0.397081,0.28993,0.373962,0.289637,0.663892,0.139842,2.94228,0.257014,,-0.0261468,2.60164,-0.498936,84.6673,-0.0261468,0,-0.5003587733954191,-0.48208773136138916,-0.00811072,999,,,,,,,27.9,3.1,27.9,3.1,,,,,,,,,,,,,,,,,,,"Juan Yepez","18400",660766
"Braden Montgomery","CHW",32.182,127.332,115.862,25.9871,17.1579,5.3049,0.395595,3.12866,13.079,12.3263,9.11537,0.460772,36.8249,1.35316,0.709386,0.292494,2.22634,1.48783,0.518114,0.224294,0.0715874,0.289204,0.247533,0.286963,0.35792,0.28239,0.644882,0.133626,4.09924,0.298345,,-0.0939486,11.8751,-3.17018,78.8146,-0.0939486,0,-3.273353822529316,-1.1919258832931519,-0.00846321,999,,,,,,,101.4,3.16875,101.4,3.16875,,,,,,,,,,,,,,,,,,,"Braden Montgomery","sa3038253",695731
"Patrick Wisdom","SEA",1.991,6.897,6.17441,1.11524,0.559962,0.203647,0.0280848,0.323548,0.778548,0.90631,0.594152,0.00386522,2.69234,0.0751938,0.0363068,0.0161014,0.0604987,0.0737132,0.0201105,0.180623,0.0861464,0.390363,0.220683,0.259385,0.379907,0.278533,0.639293,0.199284,4.79929,0.247805,,-0.00158291,0.621621,-0.193313,82.9463,-0.00158291,-0.03,-0.14021095738280565,-0.1836265455931425,-0.00884532,999,,,,,,,2.6,1.3,2.6,1.3,,,,,,,,,,,,,,,,,,,"Patrick Wisdom","13602",621550
"Jack Winkler","HOU",3.588,6.328,5.83017,1.17063,0.818279,0.243562,0.00614798,0.102643,0.621439,0.49952,0.381183,0.00487028,1.74478,0.0632656,0.0356877,0.0176912,0.0915044,0.179401,0.0436639,0.200789,0.0602375,0.275723,0.218471,0.255943,0.29749,0.246097,0.553434,0.0967016,4.9568,0.265772,,0.00969517,0.403691,-0.344011,54.6465,0.00969517,0,-0.3285645851865411,0.02325102873146534,-0.00895379,999,,,,,,,-0.4,-0.1,-0.4,-0.1,,,,,,,,,,,,,,,,,,,"Jack Winkler","29830",676466
"Alek Thomas","ARI",106.225,407.256,374.293,88.9273,59.5007,18.6551,2.48678,8.28471,45.2773,40.8101,23.8466,0.855189,96.3333,3.41269,2.35937,3.34398,8.36308,7.28968,2.62245,0.237587,0.0585544,0.236542,0.247543,0.287653,0.367119,0.285421,0.654772,0.129531,5.24933,0.296442,,-0.18312,38.9833,-9.13715,80.1238,-0.18312,-2,-9.777024626731873,-3.8653814792633057,-0.00950478,999,,,,,,,352,3.320754716,352,3.320754716,,,,,,,,,,,,,,,,,,,"Alek Thomas","23792",677950
"Justin Dean","CHC",15.185,25.086,22.7897,4.63341,3.49604,0.763254,0.0780661,0.296051,2.59667,1.70439,1.79805,0.00108221,7.80351,0.281446,0.134396,0.0823584,0.41054,1.07894,0.270651,0.203311,0.0716755,0.31107,0.230416,0.268477,0.282625,0.248503,0.551102,0.0793137,5.9386,0.292579,,0.068151,1.64933,-1.31477,57.6096,0.068151,0.03,-1.1922039240598679,0.2643364202231169,-0.00954066,999,,,,,,,15.8,1.053333333,15.8,1.053333333,,,,,,,,,,,,,,,,,,,"Justin Dean","25005",681909
"Oliver Dunn","CHW",4.037,11.625,10.4574,2.04804,1.37513,0.414945,0.0573287,0.200639,1.17635,0.85223,0.931425,0.0138406,3.86796,0.12227,0.0601378,0.0538069,0.173164,0.27499,0.0828164,0.195847,0.0801226,0.332728,0.240805,0.268057,0.30405,0.25571,0.572107,0.108203,5.60165,0.286468,,0.00514026,0.83234,-0.541244,60.4358,0.00514026,0,-0.5369455069303513,0.042713843286037445,-0.00962945,999,,,,,,,4.2,1.05,4.2,1.05,,,,,,,,,,,,,,,,,,,"Oliver Dunn","26295",686554
"Sergio Alcántara","WSN",3.712,11.358,10.2305,2.05678,1.53573,0.403245,0.0338138,0.0839905,0.875216,0.815823,0.948122,0.00875384,2.91244,0.0527465,0.0734321,0.053223,0.210716,0.0686609,0.027324,0.201045,0.0834761,0.256422,0.325542,0.270474,0.271701,0.245425,0.542175,0.070656,3.26525,0.269969,,-0.0141455,0.718381,-0.623655,53.7296,-0.0141455,-0.01,-0.6370186880230904,0.16185184381902218,-0.00995331,999,,,,,,,4.2,1.05,4.2,1.05,,,,,,,,,,,,,,,,,,,"Sergio Alcantara","16417",642727
"Ronny Simon","PIT",3.743,11.503,10.4547,2.43822,1.7292,0.51282,0.046425,0.149775,1.23788,0.9451,0.820512,0.0224832,2.24328,0.0678625,0.0840683,0.0758779,0.202732,0.358026,0.111594,0.233218,0.0713303,0.195017,0.365765,0.291114,0.33413,0.275977,0.625244,0.100911,5.2861,0.28094,,0.00877357,1.01289,-0.346282,72.755,0.00877357,0,-0.36266987677663565,-0.12679673731327057,-0.0109228,999,,,,,,,7.1,1.775,7.1,1.775,,,,,,,,,,,,,,,,,,,"Ronny Simon","25346",682927
"Kristian Robinson","ARI",4.041,13.523,12.1478,2.61332,1.74206,0.497653,0.0489295,0.324683,1.52781,1.32056,1.16587,0.0297901,4.62958,0.116901,0.0708224,0.0216056,0.211616,0.353746,0.105651,0.215127,0.0862141,0.342349,0.251831,0.28857,0.344332,0.279795,0.632902,0.129205,5.38494,0.315051,,0.00771102,1.23267,-0.365179,76.2693,0.00771102,0,-0.3726342087611556,-0.18708333373069763,-0.0112343,999,,,,,,,7.8,1.95,7.8,1.95,,,,,,,,,,,,,,,,,,,"Kristian Robinson","sa3006884",677565
"Michael Siani","LAD",10.292,26.511,23.7113,4.84621,3.55389,0.824072,0.128685,0.339553,3.01859,1.76172,2.09387,0.0517773,6.59033,0.210003,0.151729,0.344124,0.443266,1.01128,0.257932,0.204384,0.0789812,0.248588,0.317719,0.273249,0.292954,0.253766,0.566203,0.0885698,6.22797,0.266144,,0.0582983,1.85632,-1.27616,59.9322,0.0582983,0.05,-1.200673371553421,0.208827156573534,-0.0112358,999,,,,,,,14.8,1.48,14.8,1.48,,,,,,,,,,,,,,,,,,,"Michael Siani","22557",672279
"Dustin Harris","CHW",10.871,28.067,25.4631,5.68892,3.85657,1.13528,0.115223,0.581843,3.05467,2.45196,2.03214,0.10639,6.52085,0.265916,0.23038,0.0754989,0.326195,1.02467,0.268387,0.223419,0.0724033,0.232332,0.311638,0.285336,0.345606,0.276709,0.630942,0.122187,5.80795,0.274711,,0.0550957,2.48809,-0.828246,74.901,0.0550957,0,-0.7751835025846958,-0.30938050150871277,-0.0121285,999,,,,,,,28.8,2.618181818,28.8,2.618181818,,,,,,,,,,,,,,,,,,,"Dustin Harris","25705",687957
"Brett Wisely","ATL",14.552,48.434,43.955,9.36148,6.505,2.0711,0.0781248,0.707254,4.53787,4.07835,3.34759,0.158795,11.6368,0.353496,0.358397,0.419516,0.72804,0.822146,0.298131,0.212979,0.0691166,0.240261,0.287673,0.272055,0.311923,0.258234,0.583978,0.0989446,4.23167,0.270704,,-0.0239896,3.56709,-2.15576,62.0131,-0.0239896,0.1,-2.2046041190624237,0.47427982836961746,-0.0121663,999,,,,,,,32.5,2.166666666,32.5,2.166666666,,,,,,,,,,,,,,,,,,,"Brett Wisely","27735",689172
"MJ Melendez","NYM",26.329,98.13,87.6457,17.6612,10.0496,4.16192,0.129833,3.31985,10.4106,10.9866,9.07255,0.270535,27.197,0.636479,0.66675,0.108503,1.2163,1.06028,0.414372,0.201506,0.0924544,0.277152,0.333587,0.279227,0.365589,0.282289,0.644816,0.164083,3.46991,0.248139,,-0.0862905,9.14359,-2.45123,82.263,-0.0862905,-0.02,-2.1491769701242447,-1.238935250788927,-0.0126155,999,,,,,,,84.5,3.25,84.5,3.25,,,,,,,,,,,,,,,,,,,"MJ Melendez","22197",669004
"Davis Wendzel","PIT",4.592,14.667,13.3504,2.74657,1.855,0.559451,0.0179535,0.314169,1.30566,1.434,0.970428,0.0108465,3.27277,0.210335,0.105911,0.0298913,0.236151,0.0640794,0.022963,0.205729,0.0661641,0.223138,0.296516,0.268314,0.320921,0.261259,0.589235,0.115192,2.73438,0.246459,,-0.0165574,1.11622,-0.616796,62.6726,-0.0165574,0,-0.6654358394443989,0.05389109253883362,-0.0126428,999,,,,,,,9.7,1.94,9.7,1.94,,,,,,,,,,,,,,,,,,,"Davis Wendzel","26469",673995
"Connor Joe","SEA",10.232,27.773,24.5182,4.99458,3.42423,1.00888,0.150817,0.41066,2.83511,2.22249,2.70863,0.0117013,6.60505,0.353723,0.150121,0.0423455,0.450075,0.385943,0.135776,0.203709,0.0975274,0.237823,0.410084,0.290542,0.307408,0.269874,0.59795,0.103698,4.84718,0.259674,,-0.0211591,2.3079,-0.973691,76.9814,-0.0211591,0,-0.7746437676250935,-0.3061397671699524,-0.012777,999,,,,,,,14.9,1.49,14.9,1.49,,,,,,,,,,,,,,,,,,,"Connor Joe","16572",656582
"Ji Hwan Bae","NYM",9.634,25.172,22.717,5.22079,3.85296,1.08726,0.0604415,0.220127,2.79766,1.70923,2.00738,0.0665991,6.31566,0.180015,0.134277,0.133349,0.428037,1.16079,0.329888,0.229819,0.0797464,0.2509,0.317841,0.29587,0.312071,0.271397,0.607941,0.0822525,5.58034,0.306498,,0.0576259,2.12289,-0.851378,74.8019,0.0576259,0,-0.6941363401710987,-0.2774691581726074,-0.0137229,999,,,,,,,15.8,1.58,15.8,1.58,,,,,,,,,,,,,,,,,,,"Ji Hwan Bae","23818",678225
"Trey Mancini","LAA",2.941,9.51,8.60744,1.94364,1.33528,0.342183,0.0130814,0.253096,0.921045,0.972426,0.709463,0.0302528,2.43308,0.119812,0.0597461,0.0135419,0.188911,0.0338144,0.0108662,0.225809,0.0746018,0.255845,0.29159,0.291994,0.356816,0.285144,0.648811,0.131007,2.50641,0.282652,,-0.0117769,0.908172,-0.215507,79.7907,-0.0117769,0,-0.23829574324190617,-0.22692900896072388,-0.0141095,999,,,,,,,5.2,1.733333333,5.2,1.733333333,,,,,,,,,,,,,,,,,,,"Trey Mancini","15149",641820
"Kemp Alderman","MIA",4.024,13.717,12.8031,2.9549,2.01824,0.545138,0.038712,0.352817,1.38059,1.44824,0.674712,0.00476309,3.80687,0.141034,0.0752802,0.0228789,0.27317,0.202106,0.063159,0.230796,0.049188,0.277529,0.177235,0.275348,0.362093,0.278221,0.637441,0.131297,4.3886,0.298449,,-0.00412099,1.23282,-0.387945,74.8344,-0.00412099,0,-0.41325063444674015,-0.18629629909992218,-0.014649,999,,,,,,,9.7,2.425,9.7,2.425,,,,,,,,,,,,,,,,,,,"Kemp Alderman","sa3022562",694580
"Ryan Ward","LAD",5.278,17.359,15.9733,3.41317,2.08236,0.666583,0.060433,0.603794,1.99042,2.06646,1.15778,0.0648478,4.52505,0.0973535,0.110011,0.0205922,0.267581,0.208203,0.0812861,0.21368,0.066696,0.260675,0.255859,0.269246,0.376379,0.27927,0.645625,0.162699,4.37495,0.25646,,-0.0132523,1.57493,-0.476167,77.403,-0.0132523,0,-0.4781628521159291,-0.2443518489599228,-0.0148329,999,,,,,,,16.1,3.22,16.1,3.22,,,,,,,,,,,,,,,,,,,"Ryan Ward","sa1169792",669899
"Donovan Solano",,7.132,20.711,18.9454,4.64232,3.39857,0.875213,0.04655,0.321995,2.03635,2.0073,1.23882,0.00634875,4.64163,0.36429,0.130111,0.0323613,0.442311,0.0356221,0.0125352,0.245037,0.0598148,0.224114,0.266894,0.302024,0.347135,0.28733,0.649159,0.102098,2.56772,0.306148,,-0.0309865,2.01458,-0.432583,82.0888,-0.0309865,0,-0.46942757070064545,-0.3804931044578552,-0.0152416,999,,,,,,,14.9,2.128571428,14.9,2.128571428,,,,,,,,,,,,,,,,,,,"Donovan Solano","8623",456781
"Sandy León","ATL",7.004,17.243,15.2943,2.69755,1.81329,0.459246,0.0137146,0.411296,1.47404,1.56222,1.31513,0.00730965,5.80742,0.166168,0.101857,0.159259,0.28041,0.0514624,0.0150417,0.176376,0.0762703,0.336798,0.226457,0.247599,0.288873,0.240607,0.536473,0.112497,2.56181,0.249116,,-0.0175689,1.02314,-1.01425,49.9376,-0.0175689,0,-1.0406705681234598,0.31678056716918945,-0.0153685,999,,,,,,,4.8,0.685714285,4.8,0.685714285,,,,,,,,,,,,,,,,,,,"Sandy Leon","5273",506702
"Dominic Fletcher","PIT",5.164,16.166,14.8939,3.34345,2.36734,0.696613,0.0516672,0.227838,1.46068,1.44535,0.864386,0.0266516,3.50153,0.177993,0.115902,0.113789,0.285424,0.136112,0.0518343,0.224484,0.0534694,0.216599,0.246859,0.273223,0.324086,0.263015,0.597309,0.0996017,3.80292,0.276196,,-0.0163386,1.25335,-0.656792,63.8752,-0.0163386,-0.06,-0.7084914930164814,0.019691359251737595,-0.0154444,999,,,,,,,7.7,1.54,7.7,1.54,,,,,,,,,,,,,,,,,,,"Dominic Fletcher","26149",666150
"Petey Halpin","CLE",17.292,41.817,38.4082,8.21442,5.45435,1.74736,0.190334,0.82238,4.04927,3.81219,2.80305,0.0300133,12.1135,0.237251,0.276371,0.0921445,0.550331,0.617796,0.205887,0.213872,0.0670314,0.289679,0.231399,0.269737,0.333512,0.265416,0.603249,0.11964,4.6335,0.287085,,-0.0166361,3.32359,-1.61741,68.5636,-0.0166361,0.24,-1.5660197269171476,-0.026851847767829895,-0.015715,999,,,,,,,32.9,1.935294117,32.9,1.935294117,,,,,,,,,,,,,,,,,,,"Petey Halpin","27931",690984
"Rhylan Thomas","SEA",5.7,18.386,16.997,4.23235,3.29359,0.798995,0.0225184,0.11725,1.79746,1.48617,0.966077,0.0422007,1.76678,0.0927514,0.140708,0.189414,0.369044,0.521808,0.174264,0.249005,0.0525442,0.0960937,0.546801,0.290779,0.319357,0.269189,0.610136,0.0703522,4.50548,0.269777,,0.00454274,1.51763,-0.654817,76.5096,0.00454274,-0.02,-0.5044954107142985,-0.28388886526227,-0.0159166,999,,,,,,,13.2,2.2,13.2,2.2,,,,,,,,,,,,,,,,,,,"Rhylan Thomas","31793",689041
"Aaron Schunk","ATL",6.427,16.805,15.7073,3.46585,2.41197,0.707014,0.0749078,0.27196,1.58592,1.54312,0.817592,0.0298803,4.21434,0.111963,0.11668,0.0514706,0.257841,0.173232,0.0713562,0.220653,0.0486517,0.250779,0.194003,0.262357,0.327145,0.257827,0.589502,0.106493,4.32412,0.281706,,-0.0164376,1.2321,-0.75354,61.7338,-0.0164376,0,-0.7786016371101141,0.06174676865339279,-0.0161396,999,,,,,,,6.7,1.116666666,6.7,1.116666666,,,,,,,,,,,,,,,,,,,"Aaron Schunk","25524",668845
"Gabriel Rincones Jr.","PHI",12.345,47.451,42.4018,9.1488,5.8707,1.94567,0.114927,1.2175,5.21847,4.77794,4.20172,0.217459,12.7478,0.542944,0.242146,0.0623745,0.733088,1.12675,0.344622,0.215764,0.0885487,0.268653,0.329603,0.293181,0.353212,0.284624,0.646393,0.137447,4.91897,0.276558,,0.015577,4.51136,-1.09534,78.951,0.015577,0,-1.1682022856548429,-0.5715277791023254,-0.0164747,999,,,,,,,40.5,3.375,40.5,3.375,,,,,,,,,,,,,,,,,,,"Gabriel Rincones Jr.","sa3020758",687282
"Mark Canha","TEX",27.381,102.684,89.7957,20.1834,14.4014,4.02121,0.230309,1.53044,10.6438,8.68281,9.05084,0.121565,20.7302,2.95614,0.7131,0.168191,2.28002,1.14319,0.309623,0.22477,0.0881427,0.201884,0.436602,0.314004,0.325812,0.288443,0.639816,0.101042,3.94463,0.27331,,-0.0716942,10.081,-2.05194,84.6465,-0.0716942,-0.03,-1.9298544377088547,-1.7671348135918379,-0.0166537,999,,,,,,,90.3,3.344444444,90.3,3.344444444,,,,,,,,,,,,,,,,,,,"Mark Canha","11445",592192
"Grae Kessinger","NYM",3.901,12.762,11.5417,2.19927,1.52726,0.402484,0.0306816,0.238843,1.16537,1.04891,0.981528,0.0238954,3.36911,0.106861,0.0885745,0.0433344,0.18203,0.181735,0.0586158,0.19055,0.0769102,0.263995,0.291332,0.258491,0.29282,0.246255,0.551311,0.102271,4.10295,0.244371,,-0.004767,0.815778,-0.69215,57.5788,-0.004767,0,-0.6464129718951881,0.046891532838344574,-0.0178972,999,,,,,,,2.2,0.55,2.2,0.55,,,,,,,,,,,,,,,,,,,"Grae Kessinger","25813",666197
"Tristin English","ATL",1.947,6.957,6.4802,1.45262,1.02188,0.275057,0.0133336,0.142354,0.644716,0.70661,0.32557,0.00256922,1.60603,0.0906186,0.0490027,0.011609,0.142063,0.01683,0.00699008,0.224164,0.0467975,0.230851,0.202717,0.269073,0.336627,0.26589,0.6057,0.112463,2.72741,0.274068,,-0.00897326,0.555612,-0.266411,67.2571,-0.00897326,0,-0.2789544053375721,-0.12781083583831787,-0.0179358,999,,,,,,,-0.4,-0.2,-0.4,-0.2,,,,,,,,,,,,,,,,,,,"Tristin English","26148",663536
"Trey Lipscomb","WSN",7.397,22.831,21.3476,4.86845,3.62379,0.894734,0.0489634,0.300962,2.00642,1.9851,1.16297,0.0790418,4.87886,0.128068,0.129155,0.0631777,0.467424,0.436373,0.154507,0.228056,0.0509381,0.213695,0.238369,0.270535,0.31685,0.257862,0.587385,0.0887942,4.20091,0.280266,,-0.00792307,1.67456,-1.02309,62.2489,-0.00792307,-0.03,-1.0294469064101577,0.08415122516453266,-0.0189997,999,,,,,,,12.9,1.842857142,12.9,1.842857142,,,,,,,,,,,,,,,,,,,"Trey Lipscomb","31567",702358
"Ethan Murray","MIL",3.816,14.908,13.5466,2.71443,1.87399,0.576832,0.0333929,0.230216,1.28227,1.28017,1.04404,0.00126077,4.29558,0.137399,0.087353,0.0926032,0.26763,0.169639,0.053676,0.200377,0.0700324,0.288139,0.243051,0.262961,0.298872,0.250979,0.561833,0.0984946,3.80005,0.272746,,-0.008216,1.01013,-0.751366,58.2682,-0.008216,0,-0.7455779705196619,0.058888886123895645,-0.0195106,999,,,,,,,8.7,2.175,8.7,2.175,,,,,,,,,,,,,,,,,,,"Ethan Murray","sa3017051",696140
"Nick Sogard","BOS",24.197,89.841,80.7199,18.5578,13.5537,3.79995,0.22514,0.978969,8.8139,7.43985,7.54192,0.148921,19.546,0.627636,0.62771,0.323864,1.52278,1.88265,0.597216,0.229904,0.0839474,0.217562,0.385854,0.298573,0.318942,0.275645,0.617515,0.0890381,4.35359,0.289018,,-0.0104666,7.88666,-2.72875,70.2295,-0.0104666,0,-3.16280750092119,-0.12447017431259155,-0.0199608,999,,,,,,,74.4,3.1,74.4,3.1,,,,,,,,,,,,,,,,,,,"Nick Sogard","25483",686765
"Tyler Callihan","PIT",18.835,56.406,51.1372,11.2001,7.55542,2.34834,0.186061,1.11029,5.90068,4.84497,3.93242,0.11458,15.7577,0.449127,0.320842,0.566391,0.794235,1.48992,0.40259,0.219021,0.0697163,0.279362,0.249555,0.279043,0.337356,0.271479,0.616399,0.118335,5.18337,0.291697,,0.0550684,4.76078,-1.90403,69.6735,0.0550684,-0.16,-1.9723404683172703,-0.10186729207634926,-0.0202135,999,,,,,,,39.7,2.089473684,39.7,2.089473684,,,,,,,,,,,,,,,,,,,"Tyler Callihan","27497",682997
"Junior Perez","ATH",12.093,47.707,43.0903,8.71493,5.18861,2.06339,0.122653,1.34028,5.50373,4.31067,3.84294,0.0612858,16.9124,0.226739,0.255037,0.292014,0.514466,1.55307,0.380179,0.202248,0.080553,0.354505,0.227226,0.269632,0.349138,0.271688,0.618771,0.14689,5.69491,0.293897,,0.094208,4.03465,-1.6023,68.8799,0.094208,0,-1.6556224822998047,-0.18662038445472717,-0.0204876,999,,,,,,,38.4,3.2,38.4,3.2,,,,,,,,,,,,,,,,,,,"Junior Perez","sa3005744",678577
"Sterlin Thompson","COL",6.599,26.402,24.0899,5.88288,3.9757,1.21713,0.135213,0.55484,2.93686,2.72473,1.73109,0.0374079,6.35738,0.392733,0.149178,0.0391469,0.491285,0.421078,0.141423,0.244206,0.0655665,0.240792,0.272295,0.303712,0.375053,0.297485,0.678764,0.130847,4.78201,0.307503,,-0.0137196,2.78584,-0.333761,75.719,-0.0137196,0,-0.7735175779089332,-0.3055092692375183,-0.0205265,999,,,,,,,27.9,3.985714285,27.9,3.985714285,,,,,,,,,,,,,,,,,,,"Sterlin Thompson","sa3019999",694514
"Tristan Peters","CHW",8.287,30.053,27.2789,6.01273,4.02988,1.27931,0.157387,0.546152,2.96073,2.61565,2.27052,0.0689374,6.18687,0.205274,0.244852,0.053469,0.459273,0.411401,0.135357,0.220417,0.0755505,0.205865,0.36699,0.282955,0.338917,0.273644,0.621872,0.1185,4.50707,0.262934,,-0.0156439,2.58936,-0.961638,72.7897,-0.0156439,-0.05,-0.9794584382325411,-0.26314299181103706,-0.0213041,999,,,,,,,24.9,3.1125,24.9,3.1125,,,,,,,,,,,,,,,,,,,"Tristan Peters","30063",671976
"Akil Baddoo","MIL",8.511,31.313,27.9807,5.77859,3.66287,1.1884,0.180948,0.746369,3.3653,2.99804,2.91372,0.100948,8.89352,0.151028,0.166257,0.101262,0.371729,0.962458,0.274463,0.20652,0.0930513,0.28402,0.327622,0.283334,0.341949,0.275833,0.625283,0.135429,5.72588,0.271908,,0.0363472,2.75356,-0.946317,75.2939,0.0363472,0.02,-0.8805553279817104,-0.3740277700126171,-0.0217713,999,,,,,,,28.8,3.2,28.8,3.2,,,,,,,,,,,,,,,,,,,"Akil Baddoo","22168",668731
"Tyler Locklear","ARI",53.321,211.484,190.335,45.1382,29.6791,9.27106,0.569794,5.61822,24.0526,24.0123,15.8283,0.786274,58.3645,3.74341,1.32959,0.247622,3.97292,3.69933,1.17652,0.237151,0.0748441,0.275976,0.271198,0.306339,0.3804,0.300547,0.686739,0.143249,4.61456,0.309519,,-0.061888,22.8408,-2.14762,90.4856,-0.061888,-0.09,-2.4466915652155876,-4.802714675664902,-0.0218215,999,,,,,,,215,4.056603773,215,4.056603773,,,,,,,,,,,,,,,,,,,"Tyler Locklear","31396",682988
"Rece Hinds","CIN",11.713,38.971,36.1585,7.89787,4.60826,1.71595,0.169738,1.40392,4.42567,4.48688,2.19332,0.0933609,13.3943,0.350865,0.225779,0.0425482,0.439195,0.903611,0.269869,0.218424,0.0562808,0.343699,0.16375,0.268237,0.391749,0.284521,0.659986,0.173326,5.40581,0.30084,,0.0236043,3.70188,-0.902844,75.611,0.0236043,0.12,-1.102892130613327,-0.4222685173153877,-0.0233872,747.3599853515625,,,,,,,31.9,2.658333333,31.9,2.658333333,,,,,,,,,,,,,,,,,,,"Rece Hinds","27493",677956
"Wade Meckler","LAA",11.665,34.686,31.322,7.48849,5.66657,1.41257,0.153019,0.256328,3.40627,2.59305,2.87253,0.0676599,7.25829,0.190467,0.206927,0.0940933,0.774819,0.503558,0.164469,0.239081,0.0828154,0.209257,0.395759,0.305028,0.318501,0.278368,0.623529,0.0794201,4.47778,0.301161,,-0.0238244,3.12158,-0.976843,75.1231,-0.0238244,0,-1.0408293567597866,-0.38234126567840576,-0.0234638,999,,,,,,,22,1.833333333,22,1.833333333,,,,,,,,,,,,,,,,,,,"Wade Meckler","31490",685133
"Heston Kjerstad","BAL",13.819,51.353,46.8877,10.6589,7.05523,2.16467,0.161467,1.2775,5.28216,5.29633,3.16377,0.136127,13.3976,0.872357,0.362032,0.0671109,0.91036,0.262868,0.105306,0.227328,0.0616083,0.260893,0.236144,0.286531,0.36212,0.283831,0.648651,0.134793,3.48404,0.287996,,-0.062874,4.84927,-1.21848,81.5084,-0.062874,-0.18,-1.1820862963795662,-0.8197685480117798,-0.0239788,999,,,,,,,41.8,2.985714285,41.8,2.985714285,,,,,,,,,,,,,,,,,,,"Heston Kjerstad","31166",677008
"A.J. Vukovich","ARI",6.305,24.903,23.1264,5.27515,3.5761,1.00012,0.0828138,0.616116,2.56142,2.75231,1.45954,0.0604485,7.92073,0.149264,0.133364,0.0344159,0.457434,0.234497,0.0813592,0.228101,0.0586092,0.318063,0.184269,0.276814,0.358432,0.276901,0.635246,0.130331,3.96678,0.316448,,-0.0202486,2.21149,-0.730992,74.2871,-0.0202486,0,-0.7791704069823027,-0.29189813137054443,-0.0248148,999,,,,,,,20.3,3.383333333,20.3,3.383333333,,,,,,,,,,,,,,,,,,,"A.J. Vukovich","sa3014525",691021
"José Barrero","BAL",3.906,9.459,8.7034,1.64046,1.06265,0.293598,0.0308841,0.253322,0.965586,0.855014,0.537642,0.000408061,3.26478,0.140278,0.0550724,0.0226072,0.10267,0.23194,0.0612351,0.188485,0.0568392,0.345151,0.164679,0.245685,0.316634,0.248317,0.562318,0.128149,5.67636,0.264702,,0.00982321,0.620478,-0.497175,57.0445,0.00982321,0,-0.4690671470016241,-0.10426586866378784,-0.0253499,999,,,,,,,5.2,1.3,5.2,1.3,,,,,,,,,,,,,,,,,,,"Jose Barrero","23378",676480
"Chas McCormick","CHC",24.972,84.312,75.1306,15.9968,11.2165,2.46299,0.212888,2.10439,9.17607,7.57432,6.64336,0.171635,23.218,1.1103,0.62332,0.804424,1.19084,2.62808,0.777568,0.21292,0.0787949,0.275382,0.28613,0.284411,0.335399,0.274586,0.61981,0.122479,5.31077,0.27547,,0.0830865,7.32877,-2.63334,75.4776,0.0830865,0.02,-2.3673674538731575,-0.6956878118216991,-0.026394,999,,,,,,,66.1,2.644,66.1,2.644,,,,,,,,,,,,,,,,,,,"Chas McCormick","19599",676801
"Richie Palacios","TBR",46.942,173.682,153.662,34.7025,24.263,6.93799,0.549784,2.95171,18.3317,15.0352,16.2255,0.489504,33.6122,1.79096,1.18207,0.821274,3.0354,4.6782,1.27984,0.225836,0.0934208,0.193527,0.482727,0.304979,0.33577,0.285172,0.640749,0.109934,4.97205,0.268436,,0.135641,16.5899,-3.93192,80.1057,0.135641,-0.48,-3.936805412173271,-2.3055222928524017,-0.0270591,999,,,,,,,156.9,3.338297872,156.9,3.338297872,,,,,,,,,,,,,,,,,,,"Richie Palacios","24589",680700
"Jhonkensy Noel","BAL",7.458,26.196,24.2041,5.17913,3.11549,0.93838,0.0626446,1.06262,2.79229,3.20229,1.46386,0.0410992,7.65619,0.349398,0.152136,0.0264708,0.417539,0.0815678,0.0275151,0.213977,0.0558812,0.292266,0.1912,0.267196,0.38963,0.284148,0.656826,0.175653,3.17609,0.263247,,-0.027221,2.48043,-0.614826,81.7268,-0.027221,0,-0.5914081893861294,-0.5754629969596863,-0.0271381,999,,,,,,,19.3,2.757142857,19.3,2.757142857,,,,,,,,,,,,,,,,,,,"Jhonkensy Noel","24257",678877
"Nicky Lopez","COL",10.913,31.494,28.2366,7.00722,5.7417,1.04766,0.194478,0.0233929,3.21078,2.03887,2.36517,0.0459901,4.63676,0.243954,0.188957,0.424725,0.844301,0.664381,0.242031,0.248161,0.0750992,0.147227,0.510091,0.309858,0.301524,0.274738,0.611382,0.053363,5.17591,0.293865,,-0.0210657,2.7415,-0.979762,60.1369,-0.0210657,0.02,-1.5090323109179735,0.18841047957539558,-0.0279118,999,,,,,,,22,2,22,2,,,,,,,,,,,,,,,,,,,"Nicky Lopez","19339",670032
"Kevin Newman","KCR",8.304,25.923,23.9398,5.56081,4.22083,1.04841,0.0705924,0.220977,2.33699,2.12384,1.23903,0.0433023,4.60416,0.139347,0.199773,0.314959,0.53896,0.385215,0.124886,0.232284,0.0477966,0.177609,0.269111,0.271934,0.309666,0.256199,0.5816,0.0773828,4.14492,0.276469,,-0.0107785,1.86634,-1.19666,58.0127,-0.0107785,-0.01,-1.2936271103098989,0.11814813874661922,-0.0289802,999,,,,,,,15.5,1.9375,15.5,1.9375,,,,,,,,,,,,,,,,,,,"Kevin Newman","17696",621028
"Eloy Jiménez","TOR",7.15,27.44,25.1487,6.10965,4.36969,0.993237,0.00919871,0.73753,2.84401,3.01785,1.86427,0.0442681,5.36084,0.189455,0.204659,0.0329609,0.713994,0.0707001,0.0191534,0.242941,0.0679397,0.195366,0.347757,0.297857,0.371148,0.292801,0.669005,0.128207,2.15857,0.279,,-0.0358166,2.79102,-0.451227,86.8474,-0.0358166,0,-0.46118948608636856,-0.772376537322998,-0.0295812,999,,,,,,,26.9,3.842857142,26.9,3.842857142,,,,,,,,,,,,,,,,,,,"Eloy Jimenez","17484",650391
"Jose Miranda","SDP",10.307,39.58,36.7192,8.36304,5.9014,1.56895,0.0975064,0.79518,3.69205,3.92617,2.03255,0.0524855,7.17848,0.47618,0.2968,0.0552978,0.818423,0.143115,0.047687,0.227757,0.051353,0.181366,0.283145,0.275063,0.340763,0.270047,0.615826,0.113007,2.92761,0.260581,,-0.0460802,3.29461,-1.38207,74.3147,-0.0460802,-0.05,-1.2509920038282871,-0.3681172914803028,-0.0309263,999,,,,,,,29,2.9,29,2.9,,,,,,,,,,,,,,,,,,,"Jose Miranda","20538",669304
"Scott Kingery","CHC",6.206,13.942,12.8332,2.42758,1.63881,0.455822,0.0451868,0.287765,1.28834,1.12214,0.76371,0.0114051,4.49556,0.0761501,0.0843222,0.174044,0.167509,0.304566,0.0750973,0.189165,0.0547776,0.322447,0.169881,0.237505,0.298996,0.236422,0.536501,0.109832,5.14924,0.263065,,0.0138716,0.779901,-0.867454,49.3341,0.0138716,0,-0.8233395172283053,0.05122721940279007,-0.0315387,999,,,,,,,1.2,0.2,1.2,0.2,,,,,,,,,,,,,,,,,,,"Scott Kingery","17975",664068
"Chadwick Tromp","ATL",14.428,44.995,41.8118,8.41567,5.9937,1.59873,0.0226358,0.800601,3.70591,4.15191,2.56248,0.00194108,11.5985,0.262236,0.283789,0.0747212,0.882343,0.0340186,0.0113615,0.201275,0.0569502,0.257772,0.220933,0.25023,0.298038,0.243049,0.548267,0.0967624,1.68983,0.25643,,-0.0560525,2.75907,-2.55744,51.6107,-0.0560525,0,-2.636576972901821,0.8266276717185974,-0.0320192,999,,,,,,,27,1.928571428,27,1.928571428,,,,,,,,,,,,,,,,,,,"Chadwick Tromp","16953",644433
"Wilmer Flores",,53.186,207.48,186.438,43.079,28.154,7.45755,0.26704,7.2004,22.0996,24.7996,16.2088,0.11945,37.8087,2.60385,1.79546,0.210543,3.35124,0.354443,0.093691,0.231064,0.0781223,0.182228,0.428706,0.298927,0.389791,0.300972,0.688719,0.158728,2.1976,0.250507,,-0.27675,22.4799,-2.03544,91.4603,-0.27675,-0.06,-2.3708817064762115,-4.984629686921835,-0.0341206,999,,,,,,,197.9,3.733962264,197.9,3.733962264,,,,,,,,,,,,,,,,,,,"Wilmer Flores","5827",527038
"Tim Elko","CHW",5.679,18.807,17.5595,3.94779,2.65824,0.665898,0.028023,0.595632,1.83977,2.06533,0.984903,0.0153531,6.34245,0.156135,0.0815569,0.0249298,0.356373,0.0441597,0.0165801,0.224824,0.0523689,0.337239,0.155287,0.270941,0.367701,0.278175,0.638641,0.142877,2.59544,0.3132,,-0.0229381,1.6896,-0.532594,75.9113,-0.0229381,-0.01,-0.5568946413695812,-0.44819442369043827,-0.0366057,999,,,,,,,19.7,3.283333333,19.7,3.283333333,,,,,,,,,,,,,,,,,,,"Tim Elko","31522",671284
"Angel Martínez","CLE",67.108,264.614,241.016,55.8885,37.7179,11.4713,1.00096,5.69829,27.4246,24.9608,16.5116,0.332075,56.5263,2.69976,2.10417,2.2822,4.21289,4.5985,1.39855,0.231887,0.0623987,0.213618,0.292104,0.286278,0.358717,0.282356,0.644995,0.12683,4.6077,0.277454,,-0.0266653,24.6708,-6.59537,80.2331,-0.0266653,-2.04,-6.191546514630318,-3.277688980102539,-0.0370014,999,,,,,,,233.3,3.482089552,233.3,3.482089552,,,,,,,,,,,,,,,,,,,"Angel Martinez","26540",682657
"Dairon Blanco","TEX",7.734,16.768,15.2764,3.30751,2.35245,0.577946,0.0996723,0.277444,2.17126,1.00528,0.956062,0.0164596,4.47262,0.232817,0.0845351,0.218209,0.175147,1.37684,0.365107,0.216511,0.0570171,0.266735,0.213759,0.271689,0.321878,0.262526,0.593567,0.105367,7.86374,0.285563,,0.102579,1.29337,-0.687903,66.7936,0.102579,-0.03,-0.5536798015236855,-0.3880555611103773,-0.037304,999,,,,,,,9.6,1.2,9.6,1.2,,,,,,,,,,,,,,,,,,,"Dairon Blanco","19779",680118
"Ben Gamel","ATL",18.871,79.757,70.3174,15.3567,10.251,3.15901,0.202344,1.74435,8.38517,7.61801,8.1252,0.234052,21.6998,0.559187,0.460597,0.294647,1.37284,0.50032,0.222088,0.218392,0.101874,0.272074,0.374436,0.302547,0.343492,0.286962,0.64604,0.125101,3.46226,0.287583,,-0.114345,7.73422,-1.68968,81.6922,-0.114345,-0.3,-1.8449533730745316,-1.1736574172973633,-0.0373518,999,,,,,,,70.4,3.705263157,70.4,3.705263157,,,,,,,,,,,,,,,,,,,"Ben Gamel","12160",592325
"José Azocar","ATL",5.36,13.106,12.1835,2.8237,2.14977,0.466296,0.100999,0.106628,1.43409,0.879391,0.604283,0.0179067,2.97535,0.103053,0.0890531,0.126064,0.193734,0.538669,0.182375,0.231763,0.0461073,0.227022,0.203096,0.272038,0.312871,0.257515,0.584909,0.0811077,6.6571,0.295635,,0.0143045,0.957582,-0.590993,61.5202,0.0143045,0.03,-0.5834138840436935,-0.21814815886318684,-0.0373975,999,,,,,,,9.7,1.94,9.7,1.94,,,,,,,,,,,,,,,,,,,"Jose Azocar","18821",640492
"Tyrone Taylor","NYM",75.499,281.329,259.31,57.2886,37.3458,11.8472,2.64244,5.45313,30.974,24.1682,14.1406,0.435666,64.9085,4.76361,1.88302,1.23213,3.1162,7.54782,1.9069,0.220927,0.0502635,0.230721,0.217854,0.272023,0.350084,0.271759,0.622107,0.129156,6.58825,0.27163,,0.360189,23.8086,-9.43257,75.0498,0.360189,0.53,-7.959041208028793,-1.7703416347503662,-0.0378043,999,,,,,,,225.7,3.009333333,225.7,3.009333333,,,,,,,,,,,,,,,,,,,"Tyrone Taylor","13675",621438
"Niko Kavadas","LAA",7.568,22.699,19.8897,3.64465,2.07119,0.741741,0.0431599,0.788567,2.21412,2.51534,2.28438,0.0505316,8.70693,0.365766,0.13936,0.0197829,0.245863,0.0442264,0.0171394,0.183243,0.100638,0.383582,0.262364,0.277558,0.343817,0.275761,0.621375,0.160574,2.69982,0.271141,,-0.0290087,1.99476,-0.687305,73.3272,-0.0290087,0,-0.7425965517759323,-0.4170157015323639,-0.0387099,999,,,,,,,20.7,2.5875,20.7,2.5875,,,,,,,,,,,,,,,,,,,"Niko Kavadas","29782",694359
"Jorge Barrosa","ARI",36.483,126.588,115.202,25.8356,17.5795,6.06379,0.445136,1.74724,12.9503,11.0918,8.72645,0.227393,29.4655,0.986893,0.777069,0.895175,2.18097,2.59408,0.904939,0.224263,0.0689358,0.232767,0.296158,0.282824,0.330127,0.27066,0.612951,0.105864,4.80396,0.284173,,-0.030449,10.6001,-4.35721,70.012,-0.030449,0.98,-4.529631180688739,-0.06558871269226074,-0.0392478,999,,,,,,,99.7,2.769444444,99.7,2.769444444,,,,,,,,,,,,,,,,,,,"Jorge Barrosa","23968",678489
"Zach Dezenzo","HOU",29.907,114.301,104.443,23.4888,15.5868,4.58611,0.134213,3.18164,12.3231,11.9093,8.10157,0.0485345,35.0362,0.956179,0.64238,0.157731,1.77035,1.49361,0.436726,0.224895,0.0708793,0.306526,0.231234,0.285137,0.362764,0.284408,0.647901,0.137869,3.81927,0.303691,,-0.0425005,10.8471,-2.65849,81.0372,-0.0425005,-0.29,-2.5971131436526775,-1.7405158579349518,-0.0412907,999,,,,,,,96.4,3.213333333,96.4,3.213333333,,,,,,,,,,,,,,,,,,,"Zach Dezenzo","31562",701305
"Matt Koperniak","STL",9.736,34.347,31.6877,7.30578,5.32035,1.2902,0.0857481,0.609472,3.22709,3.19084,2.02087,0.0422111,7.27307,0.310155,0.213082,0.115153,0.767567,0.337244,0.136352,0.230555,0.058837,0.211753,0.277857,0.281516,0.334385,0.271421,0.6159,0.103829,3.56962,0.2788,,-0.0386228,2.89733,-1.16103,73.6652,-0.0386228,0,-1.1106658652424812,-0.4507407546043396,-0.0428355,999,,,,,,,25.5,2.55,25.5,2.55,,,,,,,,,,,,,,,,,,,"Matt Koperniak","sa3014834",689288
"Mason McCoy","SDP",22.225,65.867,60.3354,11.5861,8.0718,2.23454,0.345975,0.933739,6.18498,4.51937,4.20277,0.0774477,20.8951,0.375736,0.407621,0.545477,0.844854,1.57766,0.462302,0.192027,0.063807,0.317231,0.201137,0.247462,0.286959,0.237488,0.53442,0.0949311,5.68547,0.273739,,0.0432096,3.74151,-4.04118,52.0104,0.0432096,0.06,-3.7031471729278564,1.0889351926743984,-0.0432578,999,,,,,,,38.2,1.736363636,38.2,1.736363636,,,,,,,,,,,,,,,,,,,"Mason McCoy","22232",669200
"Will Brennan","SFG",29.317,109.724,102.122,25.6621,18.8253,5.13946,0.335294,1.362,11.3654,10.0076,5.66878,0.363051,15.8203,1.02042,0.736994,0.176177,2.13278,1.95707,0.661078,0.251289,0.051664,0.144183,0.358323,0.295316,0.348194,0.281704,0.64351,0.0969046,4.5927,0.283626,,-0.045351,10.1718,-2.79291,80.955,-0.045351,-0.21,-2.522075641900301,-1.5672684460878372,-0.0448947,999,,,,,,,89.5,3.086206896,89.5,3.086206896,,,,,,,,,,,,,,,,,,,"Will Brennan","25660",686823
"Pedro León","PHI",11.575,43.109,39.2433,7.96688,5.24256,1.53573,0.0727792,1.1158,4.51888,3.96414,2.69446,0.0612894,13.5948,0.665016,0.22591,0.280307,0.646805,1.1493,0.336799,0.203012,0.0625035,0.315359,0.198198,0.264457,0.331154,0.262781,0.595611,0.128142,5.07949,0.276715,,0.0355517,3.33406,-1.7596,63.9883,0.0355517,-0.02,-1.8043977431952953,-0.07954218611121178,-0.0460092,999,,,,,,,34.9,2.908333333,34.9,2.908333333,,,,,,,,,,,,,,,,,,,"Pedro Leon","27781",694175
"Abraham Toro","KCR",12.743,37.642,34.3648,7.9302,5.3241,1.64648,0.139844,0.819778,3.81522,4.01727,2.447,0.0643434,7.28005,0.438101,0.313648,0.0784156,0.674556,0.380137,0.127106,0.230765,0.0650072,0.193402,0.336124,0.28792,0.358381,0.283074,0.646301,0.127616,3.99898,0.267524,,-0.0297943,3.53143,-0.916259,76.5265,-0.0297943,0,-1.0712066609412432,-0.6915417313575745,-0.0477975,999,,,,,,,32,2.461538461,32,2.461538461,,,,,,,,,,,,,,,,,,,"Abraham Toro","19844",647351
"Joey Meneses","ATH",15.524,46.979,43.4806,10.6915,7.48925,2.24065,0.0379064,0.923692,4.70474,4.82728,2.68633,0.1235,9.194,0.368303,0.387279,0.056458,1.03055,0.113029,0.0327222,0.245891,0.0571814,0.195704,0.292183,0.292954,0.362898,0.286199,0.655852,0.117007,2.45716,0.289415,,-0.0595865,4.52657,-1.02436,78.8761,-0.0595865,0,-1.229220349341631,-0.8630768656730652,-0.0486349,999,,,,,,,42.8,2.675,42.8,2.675,,,,,,,,,,,,,,,,,,,"Joey Meneses","14366",608841
"Tyler Black","MIL",11.199,37.356,32.9682,7.07276,4.77506,1.41453,0.221502,0.661672,4.04442,3.28035,3.62941,0.100837,9.54304,0.509192,0.19357,0.0555841,0.550643,1.2345,0.348105,0.214533,0.0971574,0.255462,0.38032,0.300569,0.331086,0.282025,0.631655,0.116553,5.80124,0.279264,,0.0461659,3.47279,-0.941113,79.5363,0.0461659,-0.02,-0.8598569706082344,-0.8841203637421131,-0.0512723,999,,,,,,,35.4,3.218181818,35.4,3.218181818,,,,,,,,,,,,,,,,,,,"Tyler Black","29949",672012
"Miguel Andujar","SDP",86.369,339.297,317.466,82.7443,60.8689,13.3238,1.39013,7.16137,35.656,35.7553,16.9417,1.01457,50.0705,1.81257,2.63533,0.441814,7.66594,2.41413,0.749202,0.26064,0.0499318,0.147571,0.338357,0.299534,0.379041,0.294539,0.678575,0.118401,3.65585,0.287531,,-0.342934,34.9898,-5.10077,91.0924,-0.342934,-0.13,-3.9249956905841827,-7.89191997051239,-0.0540642,735.77001953125,,,,,,,315,3.662790697,315,3.662790697,,,,,,,,,,,,,,,,,,,"Miguel Andujar","15878",609280
"Carlos Cortes","ATH",42.484,150.751,137.264,30.9646,18.8896,7.32677,0.352452,4.39579,15.8152,16.6127,11.0413,0.225427,32.5,0.929413,1.31913,0.196926,2.41076,0.545224,0.213207,0.225584,0.073242,0.215587,0.339732,0.285182,0.380169,0.289403,0.665351,0.154585,2.92139,0.261279,,-0.180509,14.9175,-2.89491,81.0833,-0.180509,-0.21,-3.5415894091129303,-2.1768519431352615,-0.0542089,999,,,,,,,132.4,3.152380952,132.4,3.152380952,,,,,,,,,,,,,,,,,,,"Carlos Cortes","21842",666126
"Eric Wagaman","MIN",29.291,114.517,105.808,25.3925,16.8804,5.78476,0.2079,2.51942,11.7833,11.9301,7.14663,0.0881506,22.4097,0.535628,0.89343,0.132931,2.08466,1.09469,0.353814,0.239986,0.0624067,0.195689,0.318908,0.289155,0.370021,0.287566,0.659176,0.130035,3.67441,0.279716,,-0.0875279,11.1612,-2.36989,81.8794,-0.0875279,-0.09,-2.533298149704933,-1.9545890986919403,-0.0559034,999,,,,,,,105.5,3.637931034,105.5,3.637931034,,,,,,,,,,,,,,,,,,,"Eric Wagaman","23395",676572
"Grant McCray","SFG",21.944,66.458,60.8269,12.709,8.38734,2.71104,0.318101,1.29256,7.33932,5.42985,4.55837,0.0348898,21.8034,0.462205,0.37197,0.238585,0.885647,2.17694,0.536914,0.208938,0.0685902,0.328077,0.209067,0.26774,0.327716,0.262815,0.595457,0.118778,6.22165,0.299622,,0.127228,5.1417,-2.71083,68.0153,0.127228,0.06,-2.3920917063951492,-0.37539682164788246,-0.0569282,999,,,,,,,45.9,2.086363636,45.9,2.086363636,,,,,,,,,,,,,,,,,,,"Grant McCray","25690",687529
"Nick Allen","HOU",36.943,134.639,122.312,26.9726,21.0975,4.85641,0.156336,0.862401,12.6758,8.40284,8.92396,0.088093,27.8193,0.764849,0.766054,1.87196,2.65107,3.25354,1.00997,0.220523,0.0662807,0.206622,0.320783,0.276133,0.283937,0.25146,0.56007,0.0634139,4.44358,0.276601,,0.0344469,9.17545,-6.73319,58.3407,0.0344469,0.49,-6.576379615813494,1.3768346905708313,-0.0578566,999,,,,,,,86,2.324324324,86,2.324324324,,,,,,,,,,,,,,,,,,,"Nick Allen","22277",669397
"Bryan De La Cruz","PHI",12.085,43.291,40.1779,9.11401,6.14847,1.73311,0.0814357,1.15099,4.24639,4.82164,2.50176,0.0238698,11.699,0.221376,0.343634,0.0463749,0.698876,0.294787,0.106841,0.226842,0.0577894,0.270241,0.213844,0.273725,0.359974,0.276315,0.633699,0.133132,3.31254,0.28777,,-0.0432055,3.82383,-1.29134,73.2595,-0.0432055,-0.04,-1.4152295514941216,-0.5994907394051552,-0.0587702,999,,,,,,,34.6,2.883333333,34.6,2.883333333,,,,,,,,,,,,,,,,,,,"Bryan De La Cruz","19600",650559
"Myles Straw","TOR",47.356,158.387,142.631,32.8292,25.3097,6.17524,0.435575,0.908723,16.1858,10.0394,11.5079,0.42593,29.9865,0.60628,1.1924,2.44983,2.68456,6.14651,1.34707,0.23017,0.0726566,0.189324,0.383768,0.288215,0.298686,0.261761,0.586901,0.0685166,5.39864,0.282663,,0.433404,12.1185,-6.59611,65.4651,0.433404,1.12,-6.013477385044098,-0.06052708625793457,-0.0636979,999,,,,,,,116.2,2.472340425,116.2,2.472340425,,,,,,,,,,,,,,,,,,,"Myles Straw","17620",664702
"Orelvis Martinez","WSN",19.398,76.857,70.0605,14.0331,8.21361,3.28017,0.162616,2.37668,6.7284,9.09469,5.30265,0.234106,22.273,0.871047,0.543764,0.0790661,0.990722,0.182159,0.0644608,0.200299,0.0689937,0.289798,0.238075,0.263185,0.35353,0.268972,0.616715,0.153231,2.43845,0.25365,,-0.0834008,6.33042,-2.75083,69.8595,-0.0834008,-0.09,-2.828945681452751,-0.38935187458992004,-0.0676538,999,,,,,,,53.9,2.836842105,53.9,2.836842105,,,,,,,,,,,,,,,,,,,"Orelvis Martinez","25967",682619
"Kris Bryant","COL",18.903,75.022,66.7076,16.5896,11.0282,3.29595,0.193208,2.07224,8.30008,8.75803,6.4112,0.0209762,18.1165,1.22142,0.592216,0.089547,1.30563,0.137709,0.0387147,0.248692,0.0854576,0.241483,0.353887,0.323254,0.397086,0.316196,0.720341,0.148395,2.78216,0.308152,,-0.111367,9.05575,0.191324,88.5368,-0.111367,0,-1.130639486014843,-2.0419907569885254,-0.0692277,999,,,,,,,76.7,4.036842105,76.7,4.036842105,,,,,,,,,,,,,,,,,,,"Kris Bryant","15429",592178
"Yanquiel Fernández","NYY",22.813,76.829,71.1639,15.6858,10.288,3.11561,0.165864,2.11632,7.28176,8.25331,4.66176,0.378596,17.5867,0.417725,0.484852,0.10072,1.46576,0.141496,0.0505379,0.220417,0.0606771,0.228907,0.265073,0.270633,0.358075,0.27265,0.628709,0.137658,2.46539,0.261223,,-0.0913484,6.55753,-2.52041,73.4901,-0.0913484,0,-2.491870202124119,-0.8468805551528931,-0.071048,999,,,,,,,61.1,2.656521739,61.1,2.656521739,,,,,,,,,,,,,,,,,,,"Yanquiel Fernandez","28552",692585
"DaShawn Keirsey Jr.","ATL",13.907,26.674,24.6731,5.19143,3.69606,1.01421,0.0786344,0.402529,2.81632,2.10106,1.52166,0.0258471,7.53139,0.257306,0.160885,0.0610065,0.397458,1.02395,0.28829,0.210408,0.0570467,0.282349,0.202043,0.261917,0.306832,0.251852,0.568749,0.0964233,5.87109,0.283365,,0.0507563,1.82628,-1.32546,57.6409,0.0507563,0,-1.2883922308683395,-0.29402557015419006,-0.0711039,999,,,,,,,13.8,0.985714285,13.8,0.985714285,,,,,,,,,,,,,,,,,,,"DaShawn Keirsey Jr.","24496",680577
"Ryan Kreidler","MIN",25.676,90.11,80.7738,15.3042,10.263,3.44947,0.143126,1.44862,8.59386,6.80837,7.33626,0.00388735,28.171,1.04598,0.566563,0.387424,1.20039,2.18363,0.678836,0.18947,0.0814145,0.312629,0.260419,0.263997,0.289522,0.24943,0.553519,0.100052,4.78793,0.267893,,0.0356662,5.99234,-4.65485,55.609,0.0356662,-0.01,-4.678889572620392,0.8617160823196173,-0.0732285,999,,,,,,,46.1,1.773076923,46.1,1.773076923,,,,,,,,,,,,,,,,,,,"Ryan Kreidler","25867",668952
"Michael Toglia","CIN",20.14,66.362,59.5707,12.141,6.87606,2.33975,0.146741,2.77843,7.27277,8.30886,5.97837,0.247543,22.8565,0.342951,0.41508,0.0549445,0.814153,0.630133,0.199971,0.203808,0.0900873,0.344421,0.261561,0.278437,0.387934,0.28914,0.666371,0.184126,3.86156,0.272557,,-0.0413554,6.55265,-1.28854,78.7753,-0.0413554,0,-1.710738431662321,-1.219172477722168,-0.0738728,999,,,,,,,61.1,3.055,61.1,3.055,,,,,,,,,,,,,,,,,,,"Michael Toglia","25845",669911
"Justin Foscue","TEX",12.224,42.766,38.7775,8.26982,5.23172,1.92717,0.0759124,1.03503,4.21451,4.2722,3.07288,0.0253893,8.08051,0.553255,0.291248,0.071098,0.674702,0.412199,0.142066,0.213263,0.0718532,0.188947,0.380282,0.278627,0.346951,0.275726,0.625578,0.133688,3.69755,0.241536,,-0.0340477,3.757,-1.29613,75.8867,-0.0340477,-0.01,-1.2494707815349102,-0.9532098863273859,-0.0747643,999,,,,,,,33,2.75,33,2.75,,,,,,,,,,,,,,,,,,,"Justin Foscue","27501",679822
"Oswaldo Cabrera","NYY",40.794,155.25,140.585,31.0063,21.3662,6.11737,0.302806,3.21988,15.659,13.6989,11.2509,0.301859,33.3406,1.02016,1.09904,1.29452,2.83823,2.6216,0.75993,0.220551,0.0724695,0.214754,0.337453,0.281103,0.337083,0.272431,0.618185,0.116532,4.2882,0.26432,,-0.0069531,13.2234,-5.12055,73.3398,-0.0069531,-0.11,-4.885237558744848,-1.229176864027977,-0.0788791,999,,,,,,,117.1,2.85609756,117.1,2.85609756,,,,,,,,,,,,,,,,,,,"Oswaldo Cabrera","21707",665828
"Matt Mervis","WSN",9.747,35.61,32.4206,6.52196,3.90041,1.32059,0.0449681,1.25599,3.27616,4.32334,2.50151,0.0790214,10.7757,0.405223,0.250777,0.0319211,0.483442,0.188426,0.0524027,0.201167,0.0702474,0.302603,0.232144,0.265014,0.360896,0.27305,0.62591,0.159729,2.73528,0.255139,,-0.0281914,3.05098,-1.15661,72.6536,-0.0281914,-0.04,-1.1823533307760954,-0.7920833006501198,-0.0807945,999,,,,,,,28.5,2.85,28.5,2.85,,,,,,,,,,,,,,,,,,,"Matt Mervis","27845",670223
"Tyler Tolbert","KCR",52.654,120.39,109.88,23.8529,17.0667,4.90385,0.500664,1.38171,13.4461,7.78303,6.56507,0.131297,31.6154,1.29602,0.703951,1.94528,1.72003,7.19662,1.31441,0.217082,0.0545317,0.262608,0.207654,0.267754,0.308549,0.25519,0.576303,0.0914664,7.04763,0.289628,,0.737351,8.56892,-5.65608,57.3176,0.737351,0.05,-5.319010257720947,0.3845842070877552,-0.0809085,999,,,,,,,88.5,1.66981132,88.5,1.66981132,,,,,,,,,,,,,,,,,,,"Tyler Tolbert","25779",686475
"Tyler Wade","TEX",23.654,72.311,64.5272,13.4709,10.6065,2.28305,0.273296,0.308054,7.31002,3.47844,5.62159,0.126376,17.9473,0.571195,0.409133,1.16346,1.25472,3.12582,0.913759,0.208763,0.0777419,0.248196,0.313228,0.27645,0.266937,0.246336,0.543387,0.0581739,6.05737,0.281974,,0.140895,4.62704,-3.91706,55.6408,0.140895,-0.14,-3.6397064924240112,0.3293253630399704,-0.0840553,999,,,,,,,37.5,1.5625,37.5,1.5625,,,,,,,,,,,,,,,,,,,"Tyler Wade","15730",642180
"Rowdy Tellez",,54.686,206.791,187.327,41.0914,24.8846,7.02706,0.170382,9.00939,21.9535,27.74,16.1162,0.925224,51.5478,1.70147,1.46432,0.181864,3.50154,0.410483,0.140851,0.219357,0.0779345,0.249275,0.312645,0.285123,0.402971,0.297129,0.688094,0.183615,2.15437,0.250183,,-0.251383,21.76,-2.67392,88.8203,-0.251383,-0.11,-2.9837957620620728,-4.954724654555321,-0.0961555,999,,,,,,,201.5,3.663636363,201.5,3.663636363,,,,,,,,,,,,,,,,,,,"Rowdy Tellez","15679",642133
"Tristan Gray","MIN",20.934,75.464,69.3032,13.8394,8.72235,3.00671,0.260254,1.8501,6.7751,7.43792,4.72144,0.184262,21.9254,0.652962,0.578666,0.207749,0.981207,0.273039,0.104178,0.199694,0.0625655,0.290541,0.215341,0.255312,0.330677,0.256442,0.585989,0.130983,3.15089,0.260036,,-0.0799005,5.44798,-3.46867,60.4391,-0.0799005,-0.13,-3.598574109375477,0.04947529733181,-0.097376,999,,,,,,,54.9,2.614285714,54.9,2.614285714,,,,,,,,,,,,,,,,,,,"Tristan Gray","19877",656484
"John Rave","KCR",31.132,107.992,96.994,20.6637,13.8129,4.01999,0.673513,2.15732,11.607,9.37429,8.85205,0.206815,29.1301,0.5651,0.637211,0.943638,1.73642,2.38962,0.780385,0.213041,0.0819695,0.269743,0.30388,0.281003,0.3351,0.272085,0.616103,0.122059,5.426,0.278947,,0.00635118,9.1679,-3.59219,68.9566,0.00635118,0.71,-3.944890793412924,-0.7312963604927063,-0.0981461,999,,,,,,,87.7,2.829032258,87.7,2.829032258,,,,,,,,,,,,,,,,,,,"John Rave","26284",670231
"Zac Veen","COL",33.225,122.627,111.513,26.7756,18.0068,5.50082,0.659934,2.60804,14.3934,11.8437,8.7401,0.245743,30.3016,0.907571,0.793851,0.672889,1.99425,4.24517,1.19996,0.240113,0.0712739,0.247104,0.288437,0.298664,0.371442,0.293032,0.670106,0.131329,6.00768,0.30439,,0.176687,12.4958,-1.99353,72.6685,0.176687,0.24,-3.7956246435642242,-1.2981944233179092,-0.103744,740.1900024414062,,,,,,,125.3,3.796969696,125.3,3.796969696,,,,,,,,,,,,,,,,,,,"Zac Veen","27770",691728
"Matthew Lugo","LAA",15.524,53.852,50.1427,10.8624,6.94948,2.32178,0.207594,1.38356,5.50993,5.07467,2.76464,0.0565527,16.9784,0.517629,0.282531,0.144453,0.6719,1.15726,0.333375,0.21663,0.0513378,0.315278,0.162833,0.263365,0.353991,0.26902,0.617356,0.137361,5.2466,0.295629,,0.0277564,4.43772,-1.92531,68.6838,0.0277564,-0.19,-1.9599088821560144,-0.9087036848068237,-0.103859,999,,,,,,,40.7,2.54375,40.7,2.54375,,,,,,,,,,,,,,,,,,,"Matthew Lugo","25980",683090
"Yohandy Morales","WSN",14.761,57.782,53.0744,12.0951,8.46235,2.36515,0.166685,1.1009,5.30063,5.65461,3.8187,0.103663,17.4026,0.492602,0.299723,0.0965214,1.13779,0.378134,0.153986,0.227889,0.0660881,0.301177,0.219433,0.284411,0.34096,0.275434,0.625371,0.113071,3.40537,0.315285,,-0.0710764,5.06244,-1.76495,74.2862,-0.0710764,0,-1.8320486322045326,-1.1389659643173218,-0.107284,999,,,,,,,41.4,2.76,41.4,2.76,,,,,,,,,,,,,,,,,,,"Yohandy Morales","sa3022672",691002
"Ildemaro Vargas","ARI",25.949,99.038,91.542,21.1015,15.794,3.99269,0.50323,0.811573,9.24822,8.17392,4.98807,0.126286,12.8873,0.658792,0.695294,1.15383,2.52172,1.08929,0.380588,0.230512,0.0503652,0.130125,0.387054,0.273265,0.311719,0.258023,0.584984,0.0812072,4.42847,0.258344,,-0.0787103,7.277,-4.4251,61.355,-0.0787103,-0.02,-4.614883154630661,0.2572328858077526,-0.108721,999,,,,,,,72.2,2.776923076,72.2,2.776923076,,,,,,,,,,,,,,,,,,,"Ildemaro Vargas","13324",545121
"Paul Goldschmidt","NYY",88.827,362.067,331.009,79.0141,52.6716,16.6495,0.56867,9.12439,38.4584,37.4358,25.7792,0.837175,82.3161,1.86849,2.43236,0.502391,6.35619,4.53681,1.19916,0.238707,0.0712002,0.227351,0.313173,0.29539,0.375139,0.292599,0.670528,0.136432,3.94337,0.2888,,-0.10843,36.7677,-6.01331,87.2326,-0.10843,-0.29,-5.556747607886791,-7.99133113026619,-0.111144,747.3300170898438,,,,,,,341.7,3.839325842,341.7,3.839325842,,,,,,,,,,,,,,,,,,,"Paul Goldschmidt","9218",502671
"Warming Bernabel","WSN",32.901,103.717,97.3515,23.8053,16.4318,4.95456,0.240665,2.17821,9.86589,11.2389,4.59176,0.143889,17.0522,0.809503,0.841355,0.12286,1.79752,1.20489,0.317681,0.244529,0.044272,0.164411,0.269277,0.281932,0.367491,0.282085,0.649423,0.122962,3.82223,0.27389,,-0.0323038,9.64702,-2.60794,78.8425,-0.0323038,0,-2.633112631738186,-1.9054417610168457,-0.111302,999,,,,,,,90.6,2.745454545,90.6,2.745454545,,,,,,,,,,,,,,,,,,,"Warming Bernabel","26536",682653
"Robert Hassell III","WSN",69.68,263.314,241.648,57.2771,42.0988,10.563,0.517843,4.09744,25.1064,23.9942,17.6694,0.741113,64.4586,1.44414,1.53396,1.01807,5.44666,5.4704,1.56914,0.237026,0.0671038,0.244798,0.274119,0.291238,0.335893,0.276384,0.627131,0.0988668,4.31006,0.304534,,0.0522779,23.2729,-7.83971,74.9373,0.0522779,-0.73,-7.769315358251333,-2.0810288190841675,-0.111503,999,,,,,,,213.3,3.047142857,213.3,3.047142857,,,,,,,,,,,,,,,,,,,"Robert Hassell III","27482",690987
"Nate Eaton","BOS",24.1,81.323,74.7786,16.5455,11.4077,3.28295,0.332666,1.52218,8.57924,6.99552,4.60237,0.104249,20.7555,0.852068,0.551254,0.538719,1.14377,2.91428,0.687259,0.22126,0.0565937,0.255223,0.221742,0.27233,0.335128,0.266862,0.607458,0.113867,5.96538,0.283181,,0.190782,6.559,-3.04994,64.1792,0.190782,0.3,-3.242588594555855,-0.650445818901062,-0.111933,999,,,,,,,68.6,2.858333333,68.6,2.858333333,,,,,,,,,,,,,,,,,,,"Nate Eaton","25055",681987
"Christian Encarnacion-Strand","CIN",25.705,89.429,83.0307,19.9587,12.4094,3.90169,0.2329,3.41473,9.58524,11.42,4.54467,0.135023,23.4176,1.09955,0.645349,0.108698,1.31174,0.475455,0.144781,0.240377,0.0508187,0.261857,0.19407,0.286641,0.416356,0.302788,0.702997,0.175979,3.40979,0.291043,,-0.0824919,9.82128,-0.74545,88.1248,-0.0824919,0,-1.341169834136963,-2.7767746448516846,-0.116904,999,,,,,,,86.8,3.338461538,86.8,3.338461538,,,,,,,,,,,,,,,,,,,"Christian Encarnacion-Strand","30011",687952
"Deyvison De Los Santos","MIA",20.011,80.432,75.0226,17.7802,12.3446,3.1801,0.206808,2.04869,7.81084,8.8213,4.24043,0.435194,21.0007,0.584288,0.454904,0.129748,1.69405,0.892984,0.322506,0.236998,0.0527207,0.261099,0.201918,0.281498,0.366822,0.280831,0.64832,0.129825,3.90162,0.300058,,-0.0639482,7.39931,-2.10435,76.6222,-0.0639482,0,-2.292522743344307,-1.6865870952606201,-0.133325,999,,,,,,,70.2,3.51,70.2,3.51,,,,,,,,,,,,,,,,,,,"Deyvison De Los Santos","sa3015168",691277
"Bryce Johnson","SDP",52.098,157.006,140.851,30.4418,22.7494,5.79859,0.450297,1.44359,16,9.69727,11.2198,0.147006,42.7384,1.95375,0.854986,2.1261,2.66091,5.24942,1.5868,0.216127,0.0714608,0.272209,0.262522,0.281608,0.294437,0.258872,0.576044,0.0783092,5.47017,0.297344,,0.163879,11.6446,-6.90688,66.6597,0.163879,0.58,-6.04023739695549,-0.5455741286277771,-0.139368,999,,,,,,,96.7,1.859615384,96.7,1.859615384,,,,,,,,,,,,,,,,,,,"Bryce Johnson","20002",669369
"Jarred Kelenic","CHW",28.695,102.186,92.8413,19.4509,12.0868,4.31982,0.342918,2.70135,10.4959,9.86091,7.87625,0.317024,29.6309,0.604313,0.680191,0.183952,1.26854,1.86208,0.63067,0.209507,0.0770776,0.28997,0.265813,0.273832,0.350713,0.273238,0.624545,0.141206,4.58516,0.273733,,-0.0195393,8.77062,-3.30344,72.51,-0.0195393,-0.16,-3.330380193889141,-1.6852828562259674,-0.153324,999,,,,,,,81.2,2.8,81.2,2.8,,,,,,,,,,,,,,,,,,,"Jarred Kelenic","22558",672284
"Blaine Crim","COL",41.51,162.365,147.422,36.8974,24.3122,7.67293,0.280105,4.63214,17.337,19.7175,11.6353,0.751402,34.6864,1.73192,1.41554,0.160686,3.0315,0.572324,0.177107,0.250285,0.0716616,0.213632,0.335444,0.309885,0.400396,0.307938,0.71028,0.150111,2.81727,0.29461,,-0.201851,18.5101,-0.674557,82.8797,-0.201851,-0.18,-3.49641852080822,-3.504948318004608,-0.163643,999,,,,,,,174.3,4.15,174.3,4.15,,,,,,,,,,,,,,,,,,,"Blaine Crim","25714",688760
"Jeimer Candelario","LAA",30.063,118.547,107.533,22.2034,13.6683,4.92792,0.296741,3.3104,11.4825,11.9598,8.64118,0.0864184,33.5816,1.41849,0.824327,0.129627,1.87456,0.901146,0.252026,0.206479,0.0728925,0.283277,0.257319,0.272452,0.350179,0.273683,0.622631,0.1437,3.73705,0.264364,,-0.0790535,10.2178,-3.78949,71.8959,-0.0790535,-0.1,-4.005806818604469,-1.6906349435448647,-0.165362,999,,,,,,,89.8,2.993333333,89.8,2.993333333,,,,,,,,,,,,,,,,,,,"Jeimer Candelario","13621",600869
"Jerar Encarnacion","SFG",32.434,121.756,111.613,24.6984,16.2755,4.35651,0.131061,3.93526,12.963,13.6077,8.29746,0.174881,40.1091,1.0155,0.673097,0.15697,2.23446,0.849211,0.314575,0.221286,0.0681483,0.329422,0.206872,0.279701,0.368441,0.283231,0.648142,0.147155,3.16471,0.304259,,-0.126754,11.4382,-2.94819,82.0012,-0.126754,0.01,-2.724092110991478,-2.959779730066657,-0.167078,999,,,,,,,106.1,3.315625,106.1,3.315625,,,,,,,,,,,,,,,,,,,"Jerar Encarnacion","21871",666464
"George Valera","CLE",92.487,357.54,318.751,70.1151,45.7783,12.8582,1.0035,10.4751,38.3127,37.9333,33.3294,0.417489,95.7186,2.67752,2.21744,0.564432,6.60705,2.42409,0.823564,0.219968,0.0932186,0.267714,0.348202,0.297281,0.365193,0.292005,0.662474,0.145225,3.55859,0.277686,,-0.389609,36.1354,-6.11066,86.8795,-0.389609,-2.36,-5.91860818862915,-8.044034242630005,-0.169501,747.0499877929688,,,,,,,319.4,3.47173913,319.4,3.47173913,,,,,,,,,,,,,,,,,,,"George Valera","22541",671655
"Jac Caglianone","KCR",120.998,493.437,446.152,101.62,64.3874,19.8173,2.40335,15.0116,54.1138,57.4286,37.8738,2.03163,117.122,5.89666,2.66946,0.845119,9.86644,3.26365,1.16293,0.227769,0.0767551,0.237359,0.323371,0.295153,0.383902,0.295706,0.679055,0.156133,3.89513,0.273481,,-0.524123,51.353,-6.95036,85.2281,-0.524123,-3.15,-9.11508047580719,-9.671022415161133,-0.184449,179.52000427246094,,,,,,,470.5,3.888429752,470.5,3.888429752,,,,,,,,,,,,,,,,,,,"Jac Caglianone","35041",695506
"Ryan Vilade","TBR",44.175,146.55,133.977,29.8959,20.4602,6.06136,0.439812,2.93451,14.2756,14.4095,9.81459,0.329009,36.9748,1.34564,1.01895,0.393328,2.61465,2.0625,0.686988,0.223141,0.0669709,0.252302,0.26544,0.280905,0.340657,0.273263,0.621562,0.117516,4.2629,0.283544,,-0.0754093,12.5813,-4.73468,71.902,-0.0754093,-0.08,-4.92866788059473,-2.0115199834108353,-0.194002,999,,,,,,,113.6,2.581818181,113.6,2.581818181,,,,,,,,,,,,,,,,,,,"Ryan Vilade","22165",668723
"Charlie Condon","COL",43.745,172.262,156.713,38.0057,25.05,7.36773,0.741336,4.84662,19.0867,19.6587,11.5745,0.0269039,49.3486,2.55953,1.08256,0.332872,2.99555,1.21735,0.463595,0.242519,0.0671912,0.286474,0.234546,0.303263,0.391774,0.303724,0.695037,0.149256,3.94579,0.320068,,-0.204884,19.0491,-1.30498,79.9933,-0.204884,0,-4.289577037096024,-3.675420045852661,-0.228546,999,,,,,,,175.7,3.993181818,175.7,3.993181818,,,,,,,,,,,,,,,,,,,"Charlie Condon","sa3025257",809707
"Andrés Chaparro","WSN",74.397,279.933,254.482,57.1998,36.6788,11.4094,0.385849,8.72572,26.5429,33.5209,20.3006,0.992491,66.2489,2.69924,2.18125,0.269771,4.68623,1.02181,0.306856,0.224769,0.0725193,0.23666,0.306429,0.286772,0.3755,0.288295,0.662272,0.150731,2.42469,0.266797,,-0.308727,27.4487,-5.62752,83.0964,-0.308727,-0.1,-5.916993677616119,-5.961362458765507,-0.262423,999,,,,,,,252.6,3.413513513,252.6,3.413513513,,,,,,,,,,,,,,,,,,,"Andres Chaparro","21797",665953
"Abimelec Ortiz","WSN",53.051,210.454,191.446,41.6535,26.2103,8.63964,0.52793,6.27565,19.848,24.3083,15.0634,0.426342,55.344,2.03505,1.43088,0.478779,3.3586,0.968498,0.381683,0.217573,0.0715759,0.262974,0.272178,0.279805,0.366558,0.282311,0.646362,0.148984,3.10773,0.269531,,-0.245702,19.6136,-5.25314,78.9976,-0.245702,0,-5.484366372227669,-4.366337299346924,-0.291473,999,,,,,,,185.3,3.496226415,185.3,3.496226415,,,,,,,,,,,,,,,,,,,"Abimelec Ortiz","sa3016926",694673
"Adam Frazier","LAA",66.509,254.62,231.661,52.2097,38.0678,8.83675,1.67187,3.63328,24.7063,19.8796,16.1977,0.59177,48.0667,2.86699,1.87836,2.01629,4.2753,3.98704,1.50214,0.225372,0.0636152,0.188778,0.336984,0.282159,0.325002,0.268113,0.607161,0.0996299,4.90312,0.26714,,-0.191006,20.7946,-9.2907,68.0588,-0.191006,-1.5,-9.776525646448135,-1.8421245217323303,-0.292107,999,,,,,,,193.3,2.885074626,193.3,2.885074626,,,,,,,,,,,,,,,,,,,"Adam Frazier","15223",624428
"Dominic Smith","ATL",61.562,233.41,210.121,50.3838,35.2629,9.96364,0.224013,4.93329,23.8502,24.5603,17.8095,0.54867,46.8636,3.09834,2.10682,0.274798,4.6353,1.11696,0.344121,0.239785,0.0763012,0.200778,0.380028,0.305795,0.359771,0.293093,0.665567,0.119986,2.81587,0.283304,,-0.28473,23.7962,-3.78302,85.8921,-0.28473,0,-4.187529504299164,-6.482563495635986,-0.297165,999,,,,,,,210.9,3.401612903,210.9,3.401612903,,,,,,,,,,,,,,,,,,,"Dominic Smith","15653",642086
"Justin Turner",,45.443,166.245,151.474,35.8567,25.1736,7.58166,0.278852,2.82255,16.0098,16.6113,10.6164,0.0490855,31.7754,2.41296,1.48378,0.257826,2.83133,0.785255,0.223477,0.236718,0.0638598,0.191136,0.334106,0.294517,0.346354,0.282921,0.640871,0.109636,3.10419,0.279099,,-0.186346,15.5758,-4.06731,79.0605,-0.186346,-0.07,-4.3006812781095505,-4.4395192340016365,-0.318576,999,,,,,,,142.9,3.175555555,142.9,3.175555555,,,,,,,,,,,,,,,,,,,"Justin Turner","5235",457759
"Troy Johnston","COL",60.928,228.038,209.156,52.4463,35.9404,10.9531,0.860378,4.69234,25.5078,24.036,13.9905,0.622279,46.219,3.02243,1.41356,0.455318,3.89312,5.3252,1.63501,0.250752,0.0613515,0.202681,0.302699,0.305204,0.378651,0.298629,0.683855,0.127899,4.92561,0.299101,,0.0500052,24.2734,-2.67101,76.5024,0.0500052,-0.07,-6.30075141415,-5.018668003380299,-0.381886,747.1799926757812,,,,,,,221.7,3.634426229,221.7,3.634426229,,,,,,,,,,,,,,,,,,,"Troy Johnston","26143",687859
"TJ Rumfield","COL",60.071,238.735,216.576,53.2921,36.2797,11.5326,0.632767,4.84705,24.6753,26.0916,17.4795,0.625194,47.4611,2.68082,1.7031,0.295491,4.68232,1.4384,0.553175,0.246067,0.0732173,0.198802,0.368292,0.308055,0.372301,0.298217,0.680356,0.126234,3.19728,0.291889,,-0.307325,25.3322,-2.87615,76.2202,-0.307325,0,-7.035829842090607,-4.944115161895752,-0.413053,999,,,,,,,226.4,3.773333333,226.4,3.773333333,,,,,,,,,,,,,,,,,,,"TJ Rumfield","sa3017330",681198
"Carlos Santana","ARI",82.742,339.197,303.549,65.3878,42.82,13.707,0.455034,8.40581,34.4058,36.5207,30.2103,0.321437,61.4022,1.6755,2.58599,0.466093,6.34354,3.17,0.709558,0.215411,0.0890643,0.181022,0.492007,0.287774,0.34664,0.280337,0.634414,0.131229,3.4164,0.241115,,-0.147639,31.0683,-9.01042,76.6408,-0.147639,0.38,-9.538478180766106,-6.104560971260071,-0.445865,999,,,,,,,274.7,3.309638554,274.7,3.309638554,,,,,,,,,,,,,,,,,,,"Carlos Santana","2396",467793
"Griffin Conine","MIA",86.76,353.812,318.018,66.1599,42.4861,13.2579,0.786922,9.62902,33.5296,37.8065,30.1439,0.733374,116.384,3.25697,1.94286,0.450462,6.27541,0.914314,0.315419,0.208038,0.0851975,0.328943,0.259004,0.281753,0.345511,0.276899,0.627264,0.137473,2.81745,0.291475,,-0.442446,31.4193,-10.3863,73.9287,-0.442446,0.14,-11.375197678804398,-5.998679503798485,-0.573202,999,,,,,,,289.9,3.332183908,289.9,3.332183908,,,,,,,,,,,,,,,,,,,"Griffin Conine","21626",665052