Name,Team,W,L,QS,ERA,G,GS,SV,HLD,BS,IP,TBF,H,R,ER,HR,BB,IBB,HBP,SO,K/9,BB/9,K/BB,HR/9,K%,BB%,K-BB%,AVG,WHIP,BABIP,LOB%,GB%,HR/FB,FIP,WAR,RA9-WAR,ADP,InterSD,InterSK,IntraSD,Vol,Skew,Dim,FPTS,FPTS/IP,SPTS,SPTS/IP,P10,P20,P30,P40,P50,P60,P70,P80,P90,TT10,TT20,TT30,TT40,TT50,TT60,TT70,TT80,TT90,NameASCII,PlayerId,MLBAMID
"Paul Skenes","PIT",14.0218,7.99517,14.1676,2.8,29.806,29.806,0,0,,184.275,734.548,141.731,61.4,57.33,15.0769,45.6668,0.452147,6.54045,216.051,10.5519,2.23037,4.73103,0.736358,0.294127,0.0621698,0.2319575995206833,0.207713,1.01695,0.280697,0.757699,,,2.70382,6.02979,5.71467,9.869999885559082,,,,,,,1080.9,5.874456521739131,998,5.423913043478261,,,,,,,,,,,,,,,,,,,"Paul Skenes","33677",694973
"Tarik Skubal","DET",14.4833,7.72352,15.0884,2.80996,29.374,29.374,0,0,,188.17,740.815,142.348,63.21,58.75,19.518,38.8772,0.492475,6.07368,227.389,10.8758,1.85946,5.84889,0.93353,0.306944,0.052479,0.2544649876654148,0.204563,0.963092,0.273589,0.76683,,,2.78338,5.99544,5.77452,6.880000114440918,,,,,,,1095,5.824468085106383,999,5.3138297872340425,,,,,,,,,,,,,,,,,,,"Tarik Skubal","22267",669373
"Garrett Crochet","BOS",13.4839,8.19513,14.5253,3.1502,29.263,29.263,0,0,,183.131,735.634,146.853,68.8,64.1,20.5402,45.2648,0.529424,5.23783,222.01,10.9107,2.22455,4.90469,1.00945,0.301794,0.0615317,0.24026216566562653,0.214343,1.04907,0.2854,0.754876,,,2.99595,5.21523,4.70363,11.869999885559082,,,,,,,1007.7,5.50655737704918,936,5.114754098360656,,,,,,,,,,,,,,,,,,,"Garrett Crochet","27463",676979
"Logan Webb","SFG",13.4724,8.98679,15.9619,3.36008,29.882,29.882,0,0,,192.772,792.224,179.702,77.25,71.97,15.3543,45.733,0.837138,6.16223,184.3,8.60448,2.13515,4.02991,0.716849,0.232636,0.0577274,0.17490903288125992,0.242733,1.16944,0.303969,0.726615,,,3.0661,5.01337,4.47817,58.5099983215332,,,,,,,987.7,5.117616580310881,982,5.0880829015544045,,,,,,,,,,,,,,,,,,,"Logan Webb","17995",657277
"Cristopher Sánchez","PHI",13.7861,8.13558,15.2704,3.28978,29.244,29.244,0,0,,186.879,763.742,168.065,73.79,68.31,16.0748,46.3063,0.478806,5.69869,182.63,8.79539,2.23009,3.94396,0.774154,0.239126,0.0606309,0.1784949116408825,0.236133,1.14711,0.296258,0.732703,,,3.13367,4.67395,4.40818,25.75,,,,,,,960.2,5.13475935828877,937,5.010695187165775,,,,,,,,,,,,,,,,,,,"Cristopher Sanchez","20778",650911
"Bryan Woo","SEA",13.3012,8.31543,14.5859,3.30017,29.253,29.253,0,0,,182.854,728.997,149.485,71.64,67.05,23.4938,34.7997,0.48952,6.69578,185.58,9.13419,1.71283,5.33281,1.15636,0.254569,0.0477364,0.20683301240205765,0.217433,1.00783,0.263346,0.744054,,,3.45641,4.41476,4.35888,35.040000915527344,,,,,,,929.9000000000002,5.081420765027324,862,4.7103825136612025,,,,,,,,,,,,,,,,,,,"Bryan Woo","30279",693433
"Logan Gilbert","SEA",11.6818,8.17791,12.2711,3.40977,27.901,27.901,0,0,,164.36,659.943,133.18,66.62,62.27,21.4304,37.9075,0.515052,5.16754,192.859,10.5605,2.07573,5.08761,1.17348,0.292235,0.0574405,0.2347944676876068,0.215896,1.04093,0.277583,0.740457,,,3.26962,4.15754,3.62085,36.650001525878906,,,,,,,866.5000000000002,5.283536585365855,804,4.902439024390244,,,,,,,,,,,,,,,,,,,"Logan Gilbert","22250",669302
"Chris Sale","ATL",10.6992,7.82544,12.3618,3.61987,25.493,25.493,0,0,,156.188,644.378,132.263,67.34,62.82,17.655,44.1822,0.412401,8.27913,192.243,11.0776,2.5459,4.35115,1.01733,0.29834,0.0685656,0.22977392375469208,0.223449,1.1297,0.300008,0.719084,,,3.15058,4.05672,3.08612,39.349998474121094,,,,,,,817.8,5.242307692307692,774,4.961538461538462,,,,,,,,,,,,,,,,,,,"Chris Sale","10603",519242
"Cole Ragans","KCR",10.7558,7.821,11.4259,3.35996,26.092,26.092,0,0,,153.591,631.824,120.036,61.24,57.34,16.888,54.777,0.506885,4.93933,192.728,11.2933,3.20978,3.5184,0.98959,0.305033,0.0866966,0.21833675354719162,0.209814,1.13818,0.284553,0.751295,,,3.22133,4.04062,3.6157,47.27000045776367,,,,,,,824.5000000000002,5.353896103896106,755,4.902597402597403,,,,,,,,,,,,,,,,,,,"Cole Ragans","21846",666142
"Yoshinobu Yamamoto","LAD",13.0261,6.19285,12.334,3.26022,26.41,26.41,0,0,,160.333,654.571,131.742,62.3,58.08,15.2218,48.8904,0.385923,5.2529,174.843,9.81451,2.74437,3.57623,0.854447,0.267111,0.0746907,0.19242074340581894,0.219413,1.12661,0.283944,0.742725,,,3.20141,4.0115,3.91685,26.75,,,,,,,844.3,5.2768749999999995,793,4.95625,,,,,,,,,,,,,,,,,,,"Yoshinobu Yamamoto","33825",808967
"Jesús Luzardo","PHI",11.9509,8.99895,13.5918,3.7298,29.238,29.238,0,0,,175.256,728.241,152.468,78.48,72.63,21.2294,55.3752,0.492813,5.4451,196.152,10.0731,2.84371,3.54223,1.0902,0.26935,0.0760397,0.19331037253141403,0.228444,1.18594,0.291616,0.726261,,,3.51253,3.92875,3.15179,72.45999908447266,,,,,,,853.5,4.877142857142857,814,4.651428571428571,,,,,,,,,,,,,,,,,,,"Jesus Luzardo","19959",666200
"Hunter Brown","HOU",12.066,9.14864,14.0025,3.57,29.271,29.271,0,0,,178.412,737.874,149.08,75.38,70.77,19.2556,60.589,0.543723,7.06825,193.265,9.74928,3.05641,3.18978,0.971352,0.261922,0.0821129,0.17980897426605225,0.222435,1.17519,0.283647,0.734979,,,3.50935,3.92006,3.68002,36.90999984741211,,,,,,,878.1,4.933146067415731,825,4.634831460674158,,,,,,,,,,,,,,,,,,,"Hunter Brown","25880",686613
"Max Fried","NYY",13.4127,7.79343,14.3581,3.29019,28.609,28.609,0,0,,179.415,737.611,150.49,70.4,65.59,16.6929,57.0129,0.471458,6.86146,168.366,8.44575,2.85994,2.95312,0.837369,0.228259,0.077294,0.15096468478441238,0.223367,1.15655,0.273795,0.744587,,,3.53588,3.81367,4.30958,50.15999984741211,,,,,,,869.5000000000002,4.857541899441342,818,4.569832402234637,,,,,,,,,,,,,,,,,,,"Max Fried","13743",608331
"George Kirby","SEA",11.2277,8.54499,12.4405,3.6498,27.814,27.814,0,0,,164.154,667.836,146.999,71.13,66.57,20.114,32.7001,0.442405,6.01261,158.82,8.70757,1.79284,4.85687,1.10278,0.237813,0.0489643,0.18884911015629768,0.233657,1.0947,0.281848,0.71644,,,3.50052,3.81039,3.18006,64.68000030517578,,,,,,,786.4000000000001,4.795121951219513,761,4.640243902439025,,,,,,,,,,,,,,,,,,,"George Kirby","25436",669923
"Joe Ryan","MIN",10.6144,9.4574,13.0948,3.76017,27.996,27.996,0,0,,168.168,683.013,139.486,74.98,70.26,25.3242,39.4927,0.43298,7.36615,184.964,9.89891,2.11356,4.68351,1.3553,0.270807,0.0578213,0.21298541873693466,0.219265,1.06428,0.26807,0.724604,,,3.72896,3.73142,3.01264,79.13999938964844,,,,,,,806.3000000000001,4.799404761904762,747,4.446428571428571,,,,,,,,,,,,,,,,,,,"Joe Ryan","21390",657746
"Dylan Cease","TOR",11.5065,8.87166,12.5028,3.71985,28.977,28.977,0,0,,168.055,698.033,135.375,74.41,69.46,22.0537,62.2441,0.581829,5.72653,202.319,10.835,3.33342,3.25041,1.18106,0.289841,0.0891708,0.2006705477833748,0.214859,1.17592,0.279329,0.738912,,,3.64671,3.54689,3.11959,74.02999877929688,,,,,,,821.5999999999999,4.89047619047619,754,4.488095238095238,,,,,,,,,,,,,,,,,,,"Dylan Cease","18525",656302
"Framber Valdez","DET",12.2995,9.21009,15.6857,3.65009,28.69,28.69,0,0,,186.061,779.289,167.123,81.48,75.46,16.7678,63.8912,0.519293,9.0384,168.81,8.16552,3.0905,2.64214,0.81108,0.21662,0.0819865,0.1346333548426628,0.236598,1.24161,0.288711,0.720511,,,3.66803,3.41593,3.55871,83.2300033569336,,,,,,,852.1000000000001,4.5811827956989255,828,4.451612903225806,,,,,,,,,,,,,,,,,,,"Framber Valdez","17295",664285
"Zack Wheeler","PHI",9.49645,5.81773,10.2845,3.3103,20.764,20.764,0,0,,129.36,524.995,102.029,50.99,47.58,15.4407,37.3451,0.321315,5.18668,151.473,10.5385,2.59822,4.05603,1.07426,0.288522,0.0711342,0.21738827973604202,0.211475,1.07741,0.274405,0.750563,,,3.33132,3.25297,3.04253,112.87000274658203,,,,,,,680.8999999999999,5.27829457364341,626,4.852713178294573,,,,,,,,,,,,,,,,,,,"Zack Wheeler","10310",554430
"Ranger Suarez","BOS",10.9438,8.53015,12.9402,3.71007,26.936,26.936,0,0,,163.986,682.398,152.669,72.79,67.6,16.9944,46.0387,0.602073,5.28154,141.391,7.7599,2.52673,3.07113,0.932698,0.207197,0.067466,0.13973062485456467,0.241918,1.21174,0.287025,0.719877,,,3.69681,3.22437,2.96433,181.60000610351562,,,,,,,735.7000000000003,4.4859756097561,728,4.439024390243903,,,,,,,,,,,,,,,,,,,"Ranger Suarez","17277",624133
"Jacob deGrom","TEX",10.3836,8.35206,12.286,3.68997,26.019,26.019,0,0,,157.221,633.728,125.223,68.49,64.46,23.3488,40.7455,0.455454,4.26606,172.325,9.86462,2.33245,4.2293,1.33659,0.271923,0.064295,0.20762792974710464,0.212705,1.05564,0.259193,0.73138,,,3.73251,3.17729,3.04213,49.77000045776367,,,,,,,762.9000000000001,4.859235668789809,695,4.426751592356688,,,,,,,,,,,,,,,,,,,"Jacob deGrom","10954",594798
"Freddy Peralta","NYM",11.0819,8.65732,11.9738,3.70989,28.16,28.16,0,0,,162.32,671.134,128.301,71.29,66.91,21.6537,59.5942,0.421506,7.37757,179.346,9.944,3.30426,3.00945,1.20061,0.267228,0.0887962,0.17843152582645416,0.212362,1.15756,0.264527,0.739975,,,3.89735,3.16031,3.04679,56.619998931884766,,,,,,,752.3999999999999,4.644444444444444,681,4.203703703703703,,,,,,,,,,,,,,,,,,,"Freddy Peralta","18679",642547
"Sonny Gray","BOS",10.6749,9.32477,13.037,3.97003,28.075,28.075,0,0,,167.281,695.258,152.501,79.33,73.79,23.1146,45.4995,0.425889,5.97912,171.546,9.22945,2.44795,3.77027,1.24361,0.246737,0.0654427,0.18129421025514603,0.236885,1.18364,0.28809,0.716437,,,3.80368,3.1549,2.52159,135.75,,,,,,,746.1000000000001,4.467664670658683,727,4.3532934131736525,,,,,,,,,,,,,,,,,,,"Sonny Gray","12768",543243
"Spencer Strider","ATL",9.77964,8.80664,12.1029,4.13003,26.211,26.211,0,0,,155.2,653.531,137.638,75.87,71.22,21.0266,51.9661,0.520895,6.30751,182.404,10.5775,3.0135,3.51005,1.21933,0.279105,0.0795159,0.199588842689991,0.231224,1.22167,0.297608,0.710097,,,3.67225,3.12534,2.06144,107.81999969482422,,,,,,,719.9000000000001,4.644516129032259,692,4.464516129032258,,,,,,,,,,,,,,,,,,,"Spencer Strider","27498",675911
"MacKenzie Gore","TEX",9.70102,9.43225,11.351,4.02013,27.667,27.667,0,0,,155.883,658.483,136.03,74.53,69.63,19.5438,58.4255,0.457528,5.78209,178.142,10.2851,3.37323,3.04905,1.12837,0.270534,0.0887273,0.18180637061595917,0.2289,1.24744,0.29372,0.717712,,,3.71511,2.9965,2.22929,164.72000122070312,,,,,,,718.8000000000001,4.607692307692308,684,4.384615384615385,,,,,,,,,,,,,,,,,,,"MacKenzie Gore","22201",669022
"Tanner Bibee","CLE",10.1113,10.4763,13.9264,4.02012,28.619,28.619,0,0,,174.062,726.541,158.419,83.52,77.75,23.4235,50.1368,0.5225,7.34782,156.766,8.10569,2.59236,3.12676,1.21113,0.21577,0.0690074,0.14676257222890854,0.236779,1.19817,0.276139,0.711388,,,4.07404,2.96728,2.4507,187.47000122070312,,,,,,,736.9000000000003,4.23505747126437,714,4.103448275862069,,,,,,,,,,,,,,,,,,,"Tanner Bibee","30134",676440
"Brandon Woodruff","MIL",9.43901,8.10163,10.7328,3.70985,24.934,24.934,0,0,,144.491,589.241,118.311,63.57,59.56,20.8689,39.1673,0.417962,5.51262,152.633,9.50715,2.43964,3.89695,1.29987,0.259033,0.0664708,0.19256237149238586,0.21726,1.08989,0.262606,0.732162,,,3.8277,2.9384,2.61213,132.47000122070312,,,,,,,671.5000000000002,4.663194444444446,618,4.291666666666667,,,,,,,,,,,,,,,,,,,"Brandon Woodruff","16162",605540
"Matthew Boyd","CHC",10.4601,8.48106,12.1896,3.90004,26.644,26.644,0,0,,157.937,654.915,139.282,73.26,68.44,21.2695,44.7831,0.425935,6.86182,144.706,8.24602,2.55195,3.23126,1.21204,0.220953,0.06838,0.152573361992836,0.230878,1.16543,0.269869,0.718171,,,4.0344,2.84616,2.56947,216.75,,,,,,,683.5000000000001,4.325949367088608,651,4.120253164556962,,,,,,,,,,,,,,,,,,,"Matthew Boyd","15440",571510
"Nathan Eovaldi","TEX",9.92793,8.12449,12.2429,3.79999,24.863,24.863,0,0,,152.811,628.95,135.028,68.75,64.52,19.7353,40.2442,0.502875,5.96167,148.438,8.74247,2.37023,3.68844,1.16233,0.23601,0.0639863,0.1720234975218773,0.231711,1.14699,0.278102,0.721486,,,3.77841,2.80298,2.66918,137.50999450683594,,,,,,,693.2,4.530718954248366,663,4.333333333333333,,,,,,,,,,,,,,,,,,,"Nathan Eovaldi","9132",543135
"Jack Flaherty","DET",9.62684,9.55954,11.5044,4.06983,27.686,27.686,0,0,,156.655,657.815,140.078,75.83,70.84,22.7693,49.3114,0.487725,7.29416,173.596,9.9733,2.833,3.52041,1.30812,0.263898,0.0749624,0.18893606215715408,0.232994,1.20896,0.289764,0.720956,,,3.89237,2.78634,2.18958,212.82000732421875,,,,,,,694.9000000000001,4.426114649681529,666,4.24203821656051,,,,,,,,,,,,,,,,,,,"Jack Flaherty","17479",656427
"Eury Pérez","MIA",8.38019,9.75551,9.67198,3.87013,26.743,26.743,0,0,,143.6,591.722,116.973,66.07,61.75,20.6216,46.6296,0.435922,5.04078,156.48,9.80726,2.92247,3.35582,1.29244,0.264449,0.0788032,0.18564573675394058,0.216596,1.1393,0.265468,0.7239,,,3.90207,2.76018,2.39713,81.3499984741211,,,,,,,659.1000000000001,4.577083333333334,603,4.1875,,,,,,,,,,,,,,,,,,,"Eury Perez","27768",691587
"Kris Bubic","KCR",8.37039,8.88074,6.21923,3.89329,29.762,23.7,0,0.666,,137.452,580.12,127.444,63.66,59.46,14.8193,45.0076,1.2434,4.88863,135.181,8.85132,2.94698,3.00352,0.970327,0.233023,0.0775832,0.15543970465660095,0.240358,1.25463,0.296206,0.717127,,,3.65878,2.74658,2.08668,194.55999755859375,,,,,,,623.1000000000001,4.548175182481753,614,4.481751824817518,,,,,,,,,,,,,,,,,,,"Kris Bubic","21455",663460
"Michael King","SDP",9.86301,9.14625,11.5087,3.99987,27.33,27.33,0,0,,155.795,657.03,139.42,74.27,69.24,20.199,54.1092,0.650676,6.94817,155.43,8.97892,3.12579,2.87253,1.16686,0.236565,0.0823542,0.1542104110121727,0.233937,1.2422,0.283628,0.721687,,,4.00101,2.74195,2.33395,127.23999786376953,,,,,,,674.0000000000001,4.320512820512821,647,4.147435897435898,,,,,,,,,,,,,,,,,,,"Michael King","19853",650633
"Kevin Gausman","TOR",10.9206,9.95073,14.6675,4.40992,28.92,28.92,0,0,,177.84,749.748,167.691,92.83,87.14,26.5249,54.288,0.61824,4.44429,171.09,8.6584,2.74737,3.15152,1.34236,0.228197,0.0724083,0.1557883396744728,0.242673,1.24819,0.286108,0.698691,,,4.14077,2.74158,1.78438,115.52999877929688,,,,,,,716.3,4.024157303370786,707,3.9719101123595504,,,,,,,,,,,,,,,,,,,"Kevin Gausman","14107",592332
"Luis Castillo","SEA",10.7748,9.63131,13.791,4.17987,28.471,28.471,0,0,,172.168,719.254,157.887,85.53,79.96,24.9794,49.4883,0.638832,6.36526,156.693,8.19103,2.58698,3.16626,1.30578,0.217854,0.0688051,0.14904938638210297,0.237996,1.20449,0.275897,0.706742,,,4.17428,2.72942,2.11619,171.11000061035156,,,,,,,703.5,4.090116279069767,684,3.9767441860465116,,,,,,,,,,,,,,,,,,,"Luis Castillo","15689",622491
"Sandy Alcantara","MIA",9.90539,10.6669,14.5565,4.13003,28.297,28.297,0,0,,176.294,740.652,167.484,86.86,80.9,20.2366,52.2528,0.503694,6.86614,137.139,7.0011,2.66756,2.62453,1.0331,0.18516,0.0705497,0.11461027711629868,0.245746,1.24642,0.280923,0.694216,,,4.07762,2.69954,2.26818,145.8800048828125,,,,,,,719.2,4.086363636363637,717,4.073863636363637,,,,,,,,,,,,,,,,,,,"Sandy Alcantara","18684",645261
"Nick Pivetta","SDP",10.4343,9.45275,13.3756,4.12019,27.744,27.744,0,0,,167.628,696.747,147.328,82.03,76.74,27.5471,49.0465,0.666203,4.99471,175.173,9.40511,2.63332,3.57158,1.47901,0.251416,0.0703936,0.1810225322842598,0.229231,1.17149,0.272238,0.724577,,,4.14862,2.67424,2.27307,95.61000061035156,,,,,,,704.6000000000001,4.19404761904762,664,3.9523809523809526,,,,,,,,,,,,,,,,,,,"Nick Pivetta","15454",601713
"Drew Rasmussen","TBR",9.07877,10.0111,10.2257,3.94016,28.226,28.226,0,0,,151.395,628.497,140.854,71.11,66.28,18.9096,39.8433,0.514921,5.3862,130.578,7.76251,2.36857,3.2773,1.12412,0.207763,0.0633945,0.1443682536482811,0.241492,1.19355,0.281121,0.710574,,,3.93012,2.65213,2.32466,137.5800018310547,,,,,,,644.1,4.265562913907285,635,4.2052980132450335,,,,,,,,,,,,,,,,,,,"Drew Rasmussen","25385",656876
"Chase Burns","CIN",7.47455,8.92383,5.37565,3.84862,28.515,23.125,0,0.6526,,127.986,529.597,108.59,58.48,54.73,18.1612,39.5951,0.817553,4.3976,151.202,10.6326,2.78434,3.81871,1.2771,0.285504,0.0747646,0.21073956787586212,0.223618,1.15782,0.285948,0.730738,,,3.64824,2.63486,2.1359,101.97000122070312,,,,,,,616.4000000000001,4.815625000000001,580,4.53125,,,,,,,,,,,,,,,,,,,"Chase Burns","35333",695505
"Blake Snell","LAD",9.39445,5.74306,9.44053,3.81966,21.505,21.505,0,0,,125.375,525.221,103.389,57.07,53.21,14.8078,50.8538,0.421641,3.36807,149.436,10.7272,3.65053,2.93853,1.06298,0.284519,0.0968236,0.18769559264183044,0.21951,1.23025,0.288768,0.727822,,,3.58416,2.62719,2.11255,158.91000366210938,,,,,,,608.7,4.8696,566,4.528,,,,,,,,,,,,,,,,,,,"Blake Snell","13543",605483
"Mitch Keller","PIT",9.59979,11.3553,14.1337,4.72025,29.67,29.67,0,0,,175.834,758.736,181.31,98.31,92.22,22.5337,53.8367,0.456702,9.35946,151.336,7.74609,2.75561,2.81102,1.15338,0.199458,0.0709557,0.12850255519151688,0.260676,1.33732,0.304362,0.672088,,,4.158,2.61781,1.16622,552.8099975585938,,,,,,,661.9,3.7607954545454545,694,3.9431818181818183,,,,,,,,,,,,,,,,,,,"Mitch Keller","17594",656605
"Shohei Ohtani","LAD",8.85823,5.4275,7.08474,3.46961,21.707,21.707,0,0,,113.252,467.618,90.0215,46.72,43.66,13.3185,40.2784,0.29236,4.87669,134.868,10.7178,3.20087,3.3484,1.05841,0.288416,0.0861353,0.20228038728237152,0.213088,1.15053,0.279657,0.748562,,,3.47835,2.60403,2.39699,1.2599999904632568,,,,,,,577.3000000000001,5.108849557522125,531,4.699115044247788,,,,,,,,,,,,,,,,,,,"Shohei Ohtani","19755",660271
"Kyle Bradish","BAL",9.13839,7.52853,9.60213,3.7597,24.194,24.194,0,0,,135.274,564.926,116.962,60.25,56.51,16.4114,46.07,0.406022,5.85988,143.667,9.55843,3.06511,3.11846,1.09188,0.254312,0.0815504,0.17276150733232498,0.227998,1.2052,0.284913,0.733863,,,3.73985,2.57034,2.44838,73.5999984741211,,,,,,,630,4.666666666666667,599,4.437037037037037,,,,,,,,,,,,,,,,,,,"Kyle Bradish","24586",680694
"Emmet Sheehan","LAD",8.65851,7.08665,3.03915,3.8139,33.355,23.163,0,0.7772,,133.517,554.23,107.852,60.5,56.58,18.76,47.2519,1.14501,5.63545,156.084,10.5212,3.18511,3.30324,1.26456,0.281624,0.0852568,0.19636715948581696,0.215125,1.16168,0.27287,0.734273,,,3.812,2.53547,2.2703,111.0199966430664,,,,,,,634.0999999999999,4.732089552238805,580,4.3283582089552235,,,,,,,,,,,,,,,,,,,"Emmet Sheehan","29839",686218
"Nolan McLean","NYM",10.0384,8.14652,11.6796,3.90992,25.602,25.602,0,0,,151.53,638.964,136.212,70.4,65.83,17.2251,53.7537,0.430722,7.94053,141.238,8.38874,3.19266,2.62751,1.02307,0.221043,0.0841263,0.1369166299700737,0.235959,1.25365,0.284109,0.720924,,,3.97017,2.49736,2.49607,88.68000030517578,,,,,,,658.0999999999999,4.3296052631578945,635,4.177631578947368,,,,,,,,,,,,,,,,,,,"Nolan McLean","33703",690997
"David Peterson","NYM",9.96758,9.33909,12.2929,4.28989,27.549,27.549,0,0,,160.011,691.521,161.412,81.66,76.27,16.5539,59.0442,0.540958,7.23963,140.252,7.88863,3.32101,2.37537,0.931092,0.202817,0.0853831,0.11743343621492386,0.258161,1.37775,0.30924,0.703546,,,3.96976,2.48509,1.76473,490.20001220703125,,,,,,,638.3000000000001,3.9893750000000003,661,4.13125,,,,,,,,,,,,,,,,,,,"David Peterson","20302",656849
"Nick Lodolo","CIN",8.91142,9.62302,11.3458,4.16988,26.626,26.626,0,0,,151.947,639.475,141.419,75.57,70.4,21.4795,42.1919,0.490232,11.2726,152.335,9.02299,2.49908,3.61053,1.27225,0.238219,0.065979,0.17224011570215225,0.241325,1.20839,0.290977,0.703668,,,4.02332,2.46757,1.87012,122.41999816894531,,,,,,,644.9,4.2427631578947365,632,4.157894736842105,,,,,,,,,,,,,,,,,,,"Nick Lodolo","26378",666157
"Aaron Nola","PHI",10.1992,9.22404,13.1117,4.31017,27.212,27.212,0,0,,163.664,687.444,154.591,83.92,78.38,25.328,47.4684,0.426677,5.33779,158.225,8.7009,2.61032,3.33327,1.3928,0.230164,0.0690506,0.16111353039741516,0.24359,1.2346,0.286561,0.70912,,,4.18138,2.44714,1.81396,209.9499969482422,,,,,,,663.1000000000001,4.04329268292683,655,3.9939024390243905,,,,,,,,,,,,,,,,,,,"Aaron Nola","16149",605400
"Braxton Ashcraft","PIT",7.05248,9.08168,3.06604,4.07767,37.305,22.454,0,0.6566,,134.084,567.479,128.497,65.01,60.75,14.3289,41.0369,1.39838,5.58728,122.489,8.22175,2.75448,2.98486,0.961789,0.215848,0.0723144,0.14353401213884354,0.246704,1.26439,0.297285,0.699282,,,3.7405,2.42012,1.69353,248.6999969482422,,,,,,,593.5999999999999,4.429850746268656,595,4.440298507462686,,,,,,,,,,,,,,,,,,,"Braxton Ashcraft","23793",677952
"Tyler Glasnow","LAD",9.44272,6.156,9.60198,3.97991,22.384,22.384,0,0,,128.694,535.293,107.386,60.48,56.91,17.5133,46.1696,0.32354,3.66995,145.868,10.201,3.22879,3.15939,1.22476,0.272501,0.086251,0.18624959886074066,0.221207,1.19318,0.279045,0.721309,,,3.79916,2.35637,2.05564,119.5199966430664,,,,,,,597,4.627906976744186,553,4.286821705426356,,,,,,,,,,,,,,,,,,,"Tyler Glasnow","14374",607192
"Gavin Williams","CLE",9.17711,10.68,12.2205,4.20023,28.475,28.475,0,0,,162.891,697.55,143.689,81.17,76.02,20.6608,70.9686,0.436366,6.97859,164.505,9.08918,3.92113,2.318,1.14154,0.235832,0.10174,0.13409268856048584,0.231905,1.3178,0.28319,0.718709,,,4.19978,2.29301,2.05677,142.07000732421875,,,,,,,669.5000000000001,4.1073619631901845,638,3.914110429447853,,,,,,,,,,,,,,,,,,,"Gavin Williams","30122",668909
"Cody Ponce","TOR",7.01941,7.92076,2.90846,4.06648,35.05,21.3,0,0.6476,,135.471,571.007,119.415,65.51,61.21,19.6648,46.183,1.56125,6.52889,156.685,10.4093,3.06816,3.3927,1.30643,0.274401,0.0808799,0.19352107495069504,0.2304,1.22239,0.291714,0.724922,,,3.87631,2.29141,1.65627,260.7200012207031,,,,,,,602.6,4.463703703703704,574,4.2518518518518515,,,,,,,,,,,,,,,,,,,"Cody Ponce","17920",664074
"José Soriano","LAA",9.98772,10.7459,12.5869,3.99011,29.709,29.709,0,0,,169.845,730.401,160.646,80.51,75.3,16.0533,70.9858,0.607058,9.4144,144.442,7.65393,3.7615,2.03481,0.850655,0.197758,0.0971874,0.10057041794061661,0.247148,1.36378,0.295386,0.722528,,,4.08311,2.29029,2.50571,333.17999267578125,,,,,,,690.6,4.062352941176471,690,4.0588235294117645,,,,,,,,,,,,,,,,,,,"Jose Soriano","22100",667755
"Trevor Rogers","BAL",9.2144,8.48341,11.1791,4.24,25.283,25.283,0,0,,146.42,621.539,138.498,73.64,68.98,18.5117,49.5531,0.626527,5.14989,130.344,8.01186,3.04588,2.63039,1.13786,0.209712,0.0797264,0.12998530268669128,0.244336,1.28433,0.287063,0.705655,,,4.11911,2.27485,1.69414,150.3699951171875,,,,,,,582.9000000000001,3.9924657534246584,578,3.958904109589041,,,,,,,,,,,,,,,,,,,"Trevor Rogers","22286",669432
"Shane Baz","BAL",9.88353,9.10715,11.4791,4.15973,27.444,27.444,0,0,,155.39,656.019,137.709,76.69,71.82,21.9789,55.8299,0.413757,7.71159,150.482,8.71573,3.2336,2.69536,1.27299,0.229387,0.0851042,0.14428254216909409,0.232428,1.2455,0.275536,0.717884,,,4.26382,2.2642,1.95834,191.89999389648438,,,,,,,625.5999999999999,4.036129032258064,597,3.8516129032258064,,,,,,,,,,,,,,,,,,,"Shane Baz","22264",669358
"Bubba Chandler","PIT",8.36446,10.0024,6.50935,4.2371,31.427,25.124,0,0.6566,,143.355,611.496,135.546,72.11,67.49,17.7702,49.2024,1.04791,6.58834,134.055,8.41611,3.08899,2.72455,1.11563,0.219224,0.0804624,0.13876157253980637,0.243918,1.28875,0.291611,0.704562,,,4.0439,2.25868,1.64273,153.25999450683594,,,,,,,587.2,4.106293706293707,585,4.090909090909091,,,,,,,,,,,,,,,,,,,"Bubba Chandler","29868",696149
"Joey Cantillo","CLE",5.45159,8.38454,0.945482,3.76073,39.724,19.49,0,0.6807,,127.555,540.752,107.422,57.1,53.3,13.4901,55.0978,1.81365,4.52889,138.27,9.756,3.88758,2.50953,0.951831,0.255699,0.101891,0.1538078337907791,0.223271,1.27411,0.285189,0.733948,,,3.74438,2.25781,2.06968,274.25,,,,,,,609.1000000000001,4.758593750000001,571,4.4609375,,,,,,,,,,,,,,,,,,,"Joey Cantillo","23335",676282
"Edward Cabrera","CHC",8.73921,7.83937,9.44879,3.99026,24.278,24.278,0,0,,133.886,561.359,112.285,63.17,59.36,16.2285,51.8824,0.354644,6.59852,140.474,9.44285,3.48761,2.70754,1.0909,0.250239,0.0924228,0.15781597048044205,0.223285,1.22618,0.277479,0.714028,,,3.92287,2.25354,2.06385,174.94000244140625,,,,,,,606.5999999999999,4.52686567164179,565,4.2164179104477615,,,,,,,,,,,,,,,,,,,"Edward Cabrera","21690",665795
"Andrew Abbott","CIN",9.23581,10.3638,12.9654,4.44013,27.716,27.716,0,0,,163.921,692.414,153.566,86.22,80.87,26.1985,51.6815,0.529602,4.21964,145.569,7.99238,2.83755,2.81665,1.43842,0.210234,0.0746396,0.13559412211179733,0.241261,1.25211,0.274058,0.706103,,,4.45984,2.23424,1.61231,219.82000732421875,,,,,,,617.4000000000002,3.7646341463414648,606,3.6951219512195124,,,,,,,,,,,,,,,,,,,"Andrew Abbott","29911",671096
"Ryne Nelson","ARI",9.21531,10.7299,9.03014,4.47012,31.866,27.227,0,0.6504,,157.546,668.065,156.693,83.43,78.25,22.3257,42.1465,1.14049,5.19663,130.325,7.44495,2.40767,3.09218,1.27538,0.195078,0.0630874,0.13199037313461304,0.252436,1.2621,0.287065,0.688668,,,4.22443,2.2307,1.48161,259.6199951171875,,,,,,,613.4000000000001,3.882278481012659,627,3.9683544303797467,,,,,,,,,,,,,,,,,,,"Ryne Nelson","26253",669194
"Trey Yesavage","TOR",8.19197,7.93266,4.88134,3.79946,30.123,22.651,0,0.6476,,126.089,524.244,102.173,56.77,53.23,17.341,46.6187,0.875172,5.27268,143.026,10.2089,3.32756,3.06799,1.23777,0.272823,0.0889256,0.18389715999364853,0.216307,1.18005,0.27191,0.739045,,,3.88901,2.21605,2.10209,160.67999267578125,,,,,,,592.1000000000001,4.69920634920635,543,4.309523809523809,,,,,,,,,,,,,,,,,,,"Trey Yesavage","35456",702056
"Michael Wacha","KCR",9.43182,9.9373,12.8893,4.49018,27.39,27.39,0,0,,162.254,691.025,159.959,86.55,80.95,22.647,49.0908,0.502661,5.43455,120.787,6.69991,2.723,2.46049,1.2562,0.174795,0.0710406,0.10375411808490753,0.25131,1.28841,0.278486,0.690746,,,4.46892,2.21415,1.3886,628.72998046875,,,,,,,579.9,3.5796296296296295,591,3.6481481481481484,,,,,,,,,,,,,,,,,,,"Michael Wacha","14078",608379
"Brandon Pfaadt","ARI",9.22952,10.4254,13.0522,4.71027,27.959,27.959,0,0,,164.169,698.983,171.336,91.88,85.92,25.7366,38.6483,0.754388,6.71231,139.282,7.63565,2.11876,3.60383,1.41092,0.199264,0.0552922,0.143971536308527,0.262133,1.27907,0.297991,0.678944,,,4.30524,2.2034,1.02036,656.8400268554688,,,,,,,589.2000000000002,3.5926829268292693,622,3.792682926829268,,,,,,,,,,,,,,,,,,,"Brandon Pfaadt","27782",694297
"Merrill Kelly","ARI",9.31832,9.49878,12.6334,4.42974,26.492,26.492,0,0,,158.129,667.527,152.119,82.89,77.83,22.9861,46.7664,0.491859,4.432,135.618,7.71878,2.66173,2.89991,1.30827,0.203165,0.0700592,0.13310590386390686,0.246815,1.25774,0.282119,0.695813,,,4.2809,2.19043,1.5388,273.94000244140625,,,,,,,610.1000000000001,3.861392405063292,610,3.8607594936708862,,,,,,,,,,,,,,,,,,,"Merrill Kelly","11156",518876
"Grayson Rodriguez","LAA",6.97445,7.75679,8.79369,4.05001,21.231,21.231,0,0,,120.022,504.779,110.026,57.81,54.01,16.1631,37.7222,0.358093,4.65037,124.938,9.36866,2.82865,3.31206,1.21201,0.247511,0.0747303,0.17278102785348892,0.237943,1.23101,0.292132,0.718818,,,3.86302,2.1652,1.68287,262.75,,,,,,,526.2,4.385000000000001,513,4.275,,,,,,,,,,,,,,,,,,,"Grayson Rodriguez","24492",680570
"Matthew Liberatore","STL",7.87081,10.949,11.0035,4.61007,27.517,27.517,0,0,,151.143,645.644,153.372,82.57,77.42,20.2568,43.7685,0.425666,5.50511,120.706,7.18759,2.60625,2.75783,1.20622,0.186954,0.0677904,0.1191638931632042,0.257176,1.30433,0.2923,0.678813,,,4.25823,2.15679,1.10484,540.4400024414062,,,,,,,565.6000000000001,3.7456953642384114,587,3.8874172185430464,,,,,,,,,,,,,,,,,,,"Matthew Liberatore","22294",669461
"Zac Gallen","ARI",10.26,10.5636,14.3405,4.50003,29.139,29.139,0,0,,176.259,753.483,170.089,94.02,88.13,24.4459,60.3829,0.611441,6.60837,157.757,8.05526,3.08323,2.61261,1.24824,0.20937,0.0801385,0.12923195213079453,0.247766,1.30757,0.288809,0.695304,,,4.28831,2.14571,1.56013,222.9499969482422,,,,,,,680.2,3.8647727272727277,683,3.8806818181818183,,,,,,,,,,,,,,,,,,,"Zac Gallen","19291",668678
"Reynaldo López","ATL",7.43408,8.87617,6.08707,4.499,28.497,22.783,0,0.6492,,130.449,558.369,123.448,69.41,65.21,16.7029,47.7933,0.833175,4.38466,131.309,9.05935,3.29738,2.74744,1.15237,0.235166,0.0855944,0.14957137405872345,0.243876,1.3127,0.298021,0.688713,,,3.98645,2.12583,1.13996,290.6499938964844,,,,,,,543.0999999999999,4.177692307692307,539,4.1461538461538465,,,,,,,,,,,,,,,,,,,"Reynaldo Lopez","16400",625643
"Bailey Ober","MIN",8.84038,10.174,12.2045,4.44993,27.127,27.127,0,0,,157.553,660.716,148.529,83.19,77.9,27.4401,41.1366,0.412336,5.45837,139.153,7.94893,2.34987,3.3827,1.56748,0.21061,0.0622607,0.1483488455414772,0.241856,1.20382,0.270573,0.703973,,,4.52007,2.10326,1.53865,379.25,,,,,,,589.7,3.7322784810126586,579,3.6645569620253164,,,,,,,,,,,,,,,,,,,"Bailey Ober","21224",641927
"Sean Manaea","NYM",7.31973,8.49811,3.04389,4.1224,35.657,22.066,0,0.7173,,132.76,559.971,117.704,65.04,60.81,19.1333,45.8921,1.51155,6.0165,140.198,9.50426,3.1111,3.05496,1.29707,0.250367,0.0819545,0.16841283440589905,0.231672,1.23227,0.282656,0.720389,,,4.06962,2.07848,1.6403,303.5199890136719,,,,,,,571.7,4.298496240601504,546,4.105263157894737,,,,,,,,,,,,,,,,,,,"Sean Manaea","15873",640455
"Michael McGreevy","STL",7.82402,9.85622,7.62241,4.1983,27.787,23.459,0,0.6663,,136.941,577.298,141.708,68.17,63.88,15.4748,32.0367,0.819449,4.22187,91.5724,6.0183,2.10551,2.85836,1.01703,0.158622,0.0554941,0.10312825441360474,0.261918,1.26875,0.290864,0.694205,,,4.06111,2.05298,1.67978,713.780029296875,,,,,,,540.1000000000001,3.9423357664233585,570,4.160583941605839,,,,,,,,,,,,,,,,,,,"Michael McGreevy","29869",700241
"Shane McClanahan","TBR",6.80644,6.96736,8.786,4.02001,19.484,19.484,0,0,,114.425,477.808,106.811,55,51.11,16.1414,32.6246,0.427237,2.68541,119.339,9.38651,2.56606,3.65795,1.26958,0.249764,0.0682798,0.18148405104875565,0.241382,1.21858,0.295325,0.722674,,,3.80885,2.05127,1.60922,196.36000061035156,,,,,,,498.59999999999997,4.373684210526315,492,4.315789473684211,,,,,,,,,,,,,,,,,,,"Shane McClanahan","21483",663556
"Zebby Matthews","MIN",6.14925,8.88129,3.00978,4.29194,30.478,21.315,0,0.6268,,121.77,512.719,119.923,62.24,58.07,18.3251,30.1982,1.2074,3.63915,118.537,8.76107,2.23194,3.92531,1.3544,0.231193,0.0588981,0.17229533940553665,0.250422,1.23282,0.297052,0.706064,,,3.97823,2.04796,1.30253,320.3399963378906,,,,,,,509.4000000000002,4.175409836065575,516,4.229508196721311,,,,,,,,,,,,,,,,,,,"Zebby Matthews","31827",805673
"Casey Mize","DET",8.59896,9.37375,10.2967,4.25022,26.359,26.359,0,0,,144.649,608.811,139.206,73.64,68.31,20.0383,38.6857,0.473453,6.75059,119.452,7.43227,2.40701,3.08776,1.24678,0.196206,0.063543,0.13266270607709885,0.247093,1.22982,0.281133,0.695763,,,4.22676,2.03894,1.63097,279.30999755859375,,,,,,,565.6,3.900689655172414,565,3.896551724137931,,,,,,,,,,,,,,,,,,,"Casey Mize","20492",663554
"Chad Patrick","MIL",8.2034,9.33255,9.92172,4.38976,25.866,25.866,0,0,,140.379,593.21,131.608,73.36,68.47,22.4998,42.2561,0.469064,5.48352,132.461,8.49238,2.70913,3.13472,1.44251,0.223296,0.071233,0.15206265449523926,0.241274,1.23853,0.279399,0.705963,,,4.3518,2.03863,1.41779,298.9200134277344,,,,,,,545.2,3.8942857142857146,537,3.835714285714286,,,,,,,,,,,,,,,,,,,"Chad Patrick","30113",694477
"Braxton Garrett","MIA",6.01896,8.53671,4.47737,4.13158,26.637,20.294,0,0.6387,,115.583,485.421,114.986,57.11,53.06,14.4994,27.5929,1.02469,5.19823,104.635,8.14753,2.14855,3.79211,1.12901,0.215556,0.0568432,0.15871237963438034,0.25404,1.23356,0.301314,0.698963,,,3.80648,2.02576,1.45403,501.5,,,,,,,502.20000000000005,4.3293103448275865,513,4.422413793103448,,,,,,,,,,,,,,,,,,,"Braxton Garrett","21844",666129
"Shota Imanaga","CHC",9.67301,8.55459,12.2012,4.19022,25.523,25.523,0,0,,153.357,632.153,138.968,76.72,71.4,28.2763,35.483,0.388456,4.1902,142.946,8.38901,2.08238,4.02857,1.65944,0.226126,0.0561305,0.169995229691267,0.234553,1.13755,0.262765,0.724663,,,4.44398,2.02504,1.83126,163.64999389648438,,,,,,,595.4000000000001,3.8915032679738566,570,3.7254901960784315,,,,,,,,,,,,,,,,,,,"Shota Imanaga","33829",684007
"Jacob Misiorowski","MIL",8.79459,9.70447,6.4565,4.08528,30.293,25.365,0,0.621,,138.901,595.578,113.163,67.05,63.05,17.9678,66.9928,0.891446,9.05753,158.247,10.2535,4.34075,2.36216,1.16421,0.265704,0.112484,0.15322013199329376,0.21782,1.29701,0.277286,0.729711,,,4.18076,2.00722,1.91447,119.4000015258789,,,,,,,605.4000000000001,4.355395683453238,553,3.9784172661870505,,,,,,,,,,,,,,,,,,,"Jacob Misiorowski","31623",694819
"Noah Cameron","KCR",8.5677,9.09091,11.3612,4.45024,25.2,25.2,0,0,,146.5,625.886,143.608,77.62,72.44,20.9284,47.6199,0.488401,4.93195,127.421,7.82789,2.92546,2.67578,1.28571,0.203584,0.076084,0.12750034034252167,0.250479,1.30531,0.288668,0.701595,,,4.32888,1.98924,1.29168,281.1499938964844,,,,,,,542.7000000000002,3.717123287671234,552,3.780821917808219,,,,,,,,,,,,,,,,,,,"Noah Cameron","30184",702070
"Carlos Rodón","NYY",9.0291,7.65046,10.943,4.19019,23.51,23.51,0,0,,139.526,586.276,117.995,69.17,64.96,21.059,52.2842,0.374855,5.98761,145.818,9.40585,3.37255,2.78895,1.35839,0.248719,0.0891801,0.15953854471445084,0.223474,1.22041,0.268426,0.718123,,,4.25999,1.98055,1.82529,199.67999267578125,,,,,,,588.9000000000001,4.206428571428572,545,3.892857142857143,,,,,,,,,,,,,,,,,,,"Carlos Rodon","16137",607074
"Robbie Ray","SFG",9.54992,10.6762,13.5876,4.57989,28.581,28.581,0,0,,169.766,728.831,153.451,93.03,86.39,28.5645,70.2667,0.486936,6.07963,182.601,9.68044,3.72513,2.59869,1.51432,0.25054,0.0964101,0.15412956476211548,0.23518,1.3178,0.282985,0.711313,,,4.52043,1.95702,1.28879,169.64999389648438,,,,,,,641.5,3.773529411764706,611,3.5941176470588236,,,,,,,,,,,,,,,,,,,"Robbie Ray","11486",592662
"Cade Horton","CHC",8.18857,7.59048,9.09146,4.08988,23.089,23.089,0,0,,127.632,533.36,115.321,62.18,58,16.8701,38.8003,0.360584,5.16308,109.25,7.70379,2.73601,2.8157,1.1896,0.204834,0.072747,0.13208667188882828,0.235639,1.20754,0.271008,0.704514,,,4.17486,1.94979,1.78115,184.47999572753906,,,,,,,525.1,4.10234375,505,3.9453125,,,,,,,,,,,,,,,,,,,"Cade Horton","31872",690990
"Shane Smith","CHW",8.44183,10.8811,11.6897,4.50974,28.003,28.003,0,0,,157.08,672.21,149.055,84.15,78.71,22.5462,54.7892,0.494915,8.57099,146.717,8.40625,3.13918,2.67785,1.2918,0.218261,0.0815061,0.1367548480629921,0.244814,1.29771,0.287791,0.694768,,,4.3431,1.94453,1.37644,246.5,,,,,,,593.5,3.7802547770700636,588,3.745222929936306,,,,,,,,,,,,,,,,,,,"Shane Smith","31687",681343
"Cam Schlittler","NYY",8.42883,7.69974,9.61516,4.2503,23.475,23.475,0,0,,131.433,560.227,120.038,66.21,62.07,17.176,49.5154,0.362018,6.34978,129.619,8.87579,3.39061,2.61775,1.17614,0.231369,0.0883846,0.14298448711633682,0.238,1.29004,0.287673,0.71023,,,4.13675,1.93679,1.5606,124.43000030517578,,,,,,,540.3000000000001,4.124427480916031,526,4.015267175572519,,,,,,,,,,,,,,,,,,,"Cam Schlittler","32095",693645
"Clay Holmes","NYM",10.4116,9.56492,9.1172,4.04608,27.823,26.699,0,0,,144.006,616.318,137.719,69.39,64.74,14.0234,53.4684,0.489677,8.44481,109.844,6.86497,3.34164,2.05437,0.876425,0.178226,0.0867546,0.0914716124534607,0.248409,1.32764,0.287305,0.709963,,,4.16534,1.92895,2.07102,360.3399963378906,,,,,,,571.6000000000001,3.9694444444444454,575,3.9930555555555554,,,,,,,,,,,,,,,,,,,"Clay Holmes","13649",605280
"Joe Musgrove","SDP",7.76126,7.48102,9.59521,4.1899,21.757,21.757,0,0,,126.003,529.051,117.475,62.69,58.66,18.3565,33.6914,0.4918,7.69304,117.589,8.39899,2.40647,3.49017,1.31115,0.222263,0.0636827,0.15858064591884613,0.240892,1.1997,0.281809,0.705174,,,4.14789,1.91756,1.55023,252.35000610351562,,,,,,,516.8000000000002,4.101587301587303,506,4.015873015873016,,,,,,,,,,,,,,,,,,,"Joe Musgrove","12970",605397
"Quinn Priester","MIL",7.72673,7.49198,9.44141,4.05992,21.738,21.738,0,0,,125.426,526.557,119.671,60.51,56.58,14.9325,35.9927,0.344032,5.17491,99.2477,7.12157,2.58267,2.75744,1.07148,0.188484,0.0683547,0.1201295331120491,0.246545,1.24108,0.282154,0.706106,,,4.08493,1.88966,1.69244,453.9800109863281,,,,,,,503.5,4.028,505,4.04,,,,,,,,,,,,,,,,,,,"Quinn Priester","25977",682990
"Taj Bradley","MIN",7.45539,9.52201,5.84496,4.30277,28.935,23.247,0,0.6268,,130.897,557.011,122.032,66.89,62.58,18.0987,46.2608,0.888529,4.55467,120.641,8.29482,3.18073,2.60784,1.2444,0.216586,0.0830519,0.1335340514779091,0.241076,1.28569,0.282845,0.709335,,,4.25394,1.88885,1.39374,517.3400268554688,,,,,,,523.8000000000002,3.9984732824427494,514,3.9236641221374047,,,,,,,,,,,,,,,,,,,"Taj Bradley","22543",671737
"Reid Detmers","LAA",6.80563,10.0093,5.65979,4.47763,30.396,23.058,0,0.6082,,135.212,579.597,125.914,72.03,67.27,20.6608,49.4452,1.38394,6.7108,149.447,9.94749,3.29118,3.02247,1.37523,0.257846,0.0853096,0.1725364774465561,0.24055,1.29692,0.297885,0.705636,,,4.15698,1.88397,1.12778,329.75,,,,,,,547.1,4.0525925925925925,536,3.9703703703703703,,,,,,,,,,,,,,,,,,,"Reid Detmers","27468",672282
"Ryan Pepiot","TBR",9.14458,11.3038,12.4784,4.50027,29.586,29.586,0,0,,166.75,709.746,150.515,89.36,83.38,27.8088,61.5009,0.461429,8.28169,164.036,8.85353,3.31939,2.66722,1.50093,0.23112,0.086652,0.14446769654750824,0.235193,1.27146,0.273825,0.708651,,,4.59115,1.88175,1.49893,125.68000030517578,,,,,,,616.8,3.6934131736526945,589,3.5269461077844313,,,,,,,,,,,,,,,,,,,"Ryan Pepiot","26221",686752
"Jack Leiter","TEX",9.33317,10.7059,11.9798,4.53006,29.228,29.228,0,0,,162.574,695.194,146.705,87.18,81.83,24.7418,63.8768,0.47715,7.65538,153.528,8.49924,3.53618,2.40351,1.36969,0.220842,0.0918834,0.12895894795656204,0.235232,1.2953,0.273834,0.701373,,,4.54485,1.85698,1.44997,233.25,,,,,,,608.5,3.733128834355828,582,3.5705521472392636,,,,,,,,,,,,,,,,,,,"Jack Leiter","30146",683004
"Landen Roupp","SFG",7.15532,8.90509,5.41941,4.22949,26.787,22.599,0,0.6513,,120.589,518.348,115.186,60.88,56.67,13.4828,46.8879,0.853739,4.84723,109.479,8.17083,3.49941,2.33491,1.00627,0.211208,0.0904563,0.12075137346982956,0.246855,1.34402,0.295948,0.70667,,,4.05996,1.85261,1.39689,698.4400024414062,,,,,,,502.5000000000001,4.152892561983472,502,4.148760330578512,,,,,,,,,,,,,,,,,,,"Landen Roupp","30076",694738
"Simeon Woods Richardson","MIN",7.70175,10.052,6.51506,4.45853,28.386,24.352,0,0.6268,,131.29,559.994,121.905,69.28,65.04,18.0731,47.6161,0.744093,4.5019,117.298,8.04083,3.26411,2.46341,1.23892,0.209463,0.0850296,0.12443298101425171,0.24003,1.2912,0.27874,0.695064,,,4.32875,1.84064,1.21435,642.510009765625,,,,,,,509.8000000000001,3.8916030534351154,500,3.816793893129771,,,,,,,,,,,,,,,,,,,"Simeon Woods Richardson","24494",680573
"Dustin May","STL",7.69705,10.4757,8.12738,4.51057,28.612,23.942,0,0.6663,,141.767,609.181,135.035,75.72,71.05,16.8107,52.1972,1.07877,8.37229,119.94,7.6143,3.31371,2.29782,1.06722,0.196887,0.0856843,0.11120244115591049,0.24614,1.32071,0.28705,0.681211,,,4.26635,1.83613,1.18474,501.3999938964844,,,,,,,554.6999999999999,3.9063380281690137,553,3.8943661971830985,,,,,,,,,,,,,,,,,,,"Dustin May","19716",669160
"Foster Griffin","WSN",6.16803,9.65907,5.86605,4.3455,27.544,21.701,0,0.6515,,126.462,541.514,121.239,65.42,61.06,16.0543,44.4276,1.02433,6.05386,117.594,8.3689,3.16181,2.64687,1.14254,0.217158,0.0820433,0.13511497527360916,0.246906,1.31001,0.294318,0.700091,,,4.12327,1.83149,1.2813,999,,,,,,,511.0000000000001,4.055555555555556,512,4.063492063492063,,,,,,,,,,,,,,,,,,,"Foster Griffin","16432",656492
"Brady Singer","CIN",8.88964,11.2321,12.9127,4.76012,28.893,28.893,0,0,,166.08,716.842,167.23,93.61,87.84,24.997,55.9706,0.43919,8.7236,149.36,8.09394,3.03309,2.66855,1.35461,0.208358,0.0780793,0.13027898967266083,0.256429,1.34393,0.297689,0.688562,,,4.46175,1.81817,0.947085,362.5899963378906,,,,,,,589.7,3.552409638554217,608,3.6626506024096384,,,,,,,,,,,,,,,,,,,"Brady Singer","25377",663903
"Chris Bassitt","BAL",10.5219,11.0909,10.927,4.60376,31.278,28.32,0,0.6611,,164.976,711.971,160.449,90.16,84.39,23.5599,59.5856,0.847344,10.3822,140.849,7.68378,3.25059,2.36381,1.28527,0.197829,0.083691,0.11413832753896713,0.24992,1.33374,0.286623,0.694329,,,4.55646,1.80917,1.24101,366.0899963378906,,,,,,,585.8,3.55030303030303,589,3.56969696969697,,,,,,,,,,,,,,,,,,,"Chris Bassitt","12304",605135
"Cade Cavalli","WSN",6.90942,9.77107,10.0514,4.42988,24.104,24.104,0,0,,135.41,582.149,133.655,71.4,66.65,16.2534,47.2099,0.452925,7.2026,109.665,7.28884,3.1378,2.32292,1.08028,0.188379,0.0810959,0.10728302597999573,0.25326,1.33568,0.292175,0.692333,,,4.28131,1.79444,1.30629,322.07000732421875,,,,,,,511.80000000000007,3.7911111111111118,525,3.888888888888889,,,,,,,,,,,,,,,,,,,"Cade Cavalli","27473",676917
"Tatsuya Imai","HOU",8.69708,9.27017,11.5476,4.43028,25.631,25.631,0,0,,149.029,641.074,132.987,78.22,73.36,21.0575,63.3974,0.441657,9.00374,150.346,9.07953,3.82863,2.37148,1.27168,0.234522,0.0988924,0.1356293335556984,0.233855,1.31776,0.281746,0.707978,,,4.41179,1.77996,1.47823,999,,,,,,,582.5000000000002,3.909395973154364,556,3.7315436241610738,,,,,,,,,,,,,,,,,,,"Tatsuya Imai","sa3062955",837227
"Parker Messick","CLE",7.18131,8.92109,7.854,4.33315,21.923,21.638,0,0,,116.105,496.013,114.296,59.88,55.9,15.3919,36.2253,0.375619,5.50908,106.167,8.22962,2.80804,2.93074,1.19312,0.21404,0.0730328,0.1410072147846222,0.2516,1.29643,0.29726,0.702796,,,4.10809,1.77431,1.2237,300.3900146484375,,,,,,,463.5000000000001,3.9956896551724146,471,4.060344827586207,,,,,,,,,,,,,,,,,,,"Parker Messick","31986",800048
"Jacob Lopez","ATH",7.33589,8.30869,8.89602,4.40024,23.055,23.055,0,0,,125.4,535.258,111.397,65.71,61.31,19.6402,48.6055,0.394856,6.71795,136.428,9.79152,3.48843,2.80685,1.40958,0.254884,0.0908077,0.1640760898590088,0.232108,1.27593,0.283316,0.711607,,,4.31884,1.77148,1.18345,477.9800109863281,,,,,,,494.4,3.9551999999999996,469,3.752,,,,,,,,,,,,,,,,,,,"Jacob Lopez","25098",682052
"Kodai Senga","NYM",7.59615,8.20246,4.81434,4.2033,28.881,21.734,0,0.7173,,126.415,543.198,110.469,63.18,59.04,15.5669,58.211,0.992256,5.24722,126.018,8.97171,4.14428,2.16484,1.10827,0.231992,0.107163,0.12482862919569016,0.23027,1.33434,0.280648,0.718243,,,4.24821,1.76641,1.47484,238.3800048828125,,,,,,,516.6000000000001,4.100000000000001,489,3.880952380952381,,,,,,,,,,,,,,,,,,,"Kodai Senga","31838",673540
"Brayan Bello","BOS",9.23071,9.42526,11.8089,4.33991,26.696,26.696,0,0,,154.268,663.401,151.922,80.38,74.39,18.4816,55.4453,0.39918,7.39661,119.415,6.96666,3.23468,2.15374,1.07822,0.180004,0.0835774,0.09642650932073593,0.252967,1.3442,0.288417,0.699681,,,4.36648,1.75655,1.58992,457.5899963378906,,,,,,,575.0000000000002,3.7337662337662354,588,3.8181818181818183,,,,,,,,,,,,,,,,,,,"Brayan Bello","23920",678394
"Eduardo Rodriguez","ARI",7.63198,9.54109,7.72143,4.68632,26.841,23.636,0,0.6504,,132.11,572.334,133.339,73.61,68.79,18.0548,49.0584,0.933748,3.54548,115.836,7.89131,3.3421,2.36118,1.22999,0.202392,0.0857163,0.11667536199092865,0.256554,1.38065,0.298788,0.692382,,,4.3527,1.75595,0.790501,743.469970703125,,,,,,,486.6000000000002,3.686363636363638,503,3.8106060606060606,,,,,,,,,,,,,,,,,,,"Eduardo Rodriguez","13164",593958
"Gerrit Cole","NYY",7.28721,5.80194,8.78292,4.05993,18.231,18.231,0,0,,110.263,456.966,96.8732,52.98,49.74,17.1505,31.886,0.34426,3.65263,109.198,8.91307,2.60263,3.42464,1.39987,0.238963,0.0697775,0.16918519884347916,0.229869,1.16775,0.270174,0.723439,,,4.14342,1.7494,1.56011,244.35000610351562,,,,,,,462.7,4.206363636363636,439,3.9909090909090907,,,,,,,,,,,,,,,,,,,"Gerrit Cole","13125",543037
"Mike Burrows","HOU",7.92329,9.62151,5.89108,4.33286,28.833,24.291,0,0.6558,,129.801,548.326,117.911,66.7,62.49,20.4027,43.3107,0.870149,5.47391,129.535,8.98155,3.00303,2.99083,1.41466,0.236237,0.078987,0.15725000202655792,0.236039,1.24207,0.278912,0.712523,,,4.31016,1.74214,1.34365,253.05999755859375,,,,,,,529.2,4.070769230769231,510,3.923076923076923,,,,,,,,,,,,,,,,,,,"Mike Burrows","24728",681347
"Bryce Miller","SEA",8.56889,8.62827,10.644,4.39994,24.808,24.808,0,0,,141.22,593.567,130.858,73.7,69.04,22.2282,42.4449,0.480059,5.22729,122.115,7.78245,2.70503,2.87703,1.41661,0.205731,0.0715083,0.13422316312789917,0.239714,1.22719,0.270527,0.700525,,,4.46464,1.71971,1.37996,300.4800109863281,,,,,,,535.2,3.795744680851064,522,3.702127659574468,,,,,,,,,,,,,,,,,,,"Bryce Miller","29837",682243
"Justin Steele","CHC",5.59058,4.17295,4.74283,3.42453,13.348,12.924,0,0,,72.2727,295.347,63.7602,29.65,27.5,7.08575,18.0262,0.220439,2.52067,67.2179,8.37053,2.24478,3.72889,0.882377,0.22759,0.0610341,0.16655538603663445,0.232024,1.13164,0.282671,0.725464,,,3.40245,1.71855,1.52324,573.75,,,,,,,351.30000000000007,4.879166666666667,340,4.722222222222222,,,,,,,,,,,,,,,,,,,"Justin Steele","17312",657006
"Grant Holmes","ATL",6.72921,8.63955,4.38326,4.5112,30.857,21.919,0,0.6492,,130.535,562.669,126.671,69.97,65.43,18.625,47.3792,1.53477,5.77538,133.947,9.23524,3.26666,2.82712,1.28414,0.238057,0.0842045,0.15385200083255768,0.248611,1.33336,0.302699,0.703362,,,4.15934,1.70574,1.05682,424.4800109863281,,,,,,,518.5,3.9580152671755724,521,3.9770992366412212,,,,,,,,,,,,,,,,,,,"Grant Holmes","16944",656550
"Jameson Taillon","CHC",9.25724,9.1186,12.0305,4.47023,26.115,26.115,0,0,,153.254,641.1,148.221,81.42,76.12,25.5378,37.4819,0.395787,4.50218,114.951,6.75061,2.20117,3.06683,1.49973,0.179303,0.0584651,0.12083746120333672,0.247399,1.21173,0.267501,0.695451,,,4.62314,1.6894,1.42733,448.0299987792969,,,,,,,531.6000000000001,3.4745098039215696,531,3.4705882352941178,,,,,,,,,,,,,,,,,,,"Jameson Taillon","11674",592791
"Tyler Mahle","SFG",7.46579,8.35658,9.69029,4.4303,22.872,22.872,0,0,,129.384,552.359,127.505,68.23,63.69,17.7641,41.392,0.434351,4.53508,104.574,7.27417,2.87925,2.52642,1.23568,0.189322,0.0749369,0.11438476294279099,0.251771,1.30539,0.285713,0.698944,,,4.36843,1.68151,1.23265,352.5400085449219,,,,,,,472.3999999999999,3.6620155038759683,483,3.744186046511628,,,,,,,,,,,,,,,,,,,"Tyler Mahle","16358",641816
"Grant Taylor","CHW",2.80467,2.75461,0,2.9995,66.406,2.427,6,15.0731,,79.7233,325.526,61.0356,28.46,26.57,5.7941,27.466,1.66052,3.59239,93.6177,10.5685,3.10065,3.4085,0.654098,0.287589,0.0843741,0.20321455597877502,0.207274,1.11011,0.283208,0.74688,,,2.90011,1.66441,1.5379,487.4800109863281,,,,,,,544.6,6.8075,507,6.3375,,,,,,,,,,,,,,,,,,,"Grant Taylor","33927",691799
"Yusei Kikuchi","LAA",8.48973,11.6679,12.7918,4.79005,29.024,29.024,0,0,,165.662,715.781,166.242,94.9,88.17,28.6995,58.2436,0.717465,5.74988,161.167,8.75582,3.16423,2.76712,1.55917,0.225163,0.0813707,0.1437922790646553,0.255055,1.35508,0.297762,0.703099,,,4.6004,1.65387,0.85058,507.7900085449219,,,,,,,570.1,3.4343373493975906,583,3.5120481927710845,,,,,,,,,,,,,,,,,,,"Yusei Kikuchi","20633",579328
"Zack Littell","WSN",7.85519,11.3075,10.2803,4.57914,26.328,25.253,0,0,,144.145,608.203,147.175,78.51,73.34,23.5512,32.3362,0.553055,4.83783,103.576,6.467,2.01898,3.20311,1.47047,0.170299,0.0531668,0.11713206022977829,0.257737,1.24535,0.278495,0.689243,,,4.59572,1.64993,1.05753,724.8800048828125,,,,,,,485.2000000000001,3.3694444444444454,505,3.5069444444444446,,,,,,,,,,,,,,,,,,,"Zack Littell","15823",641793
"Shane Bieber","TOR",6.40471,5.96654,5.03431,3.997,21.215,16.71,0,0.6476,,101.371,420.685,94.0785,48.29,45.02,14.3123,26.4659,0.653655,3.23321,96.2558,8.54586,2.34971,3.63698,1.27068,0.228808,0.0629114,0.16589607298374176,0.240619,1.18914,0.284455,0.718897,,,3.95041,1.63968,1.45573,365.8699951171875,,,,,,,439.80000000000007,4.354455445544555,432,4.2772277227722775,,,,,,,,,,,,,,,,,,,"Shane Bieber","19427",669456
"Will Warren","NYY",7.02944,8.00828,2.96664,4.28958,34.288,21.079,0,0.691,,123.117,525.677,115.969,62.78,58.68,16.7169,43.4353,1.27987,5.6113,119.192,8.71305,3.17517,2.74412,1.22202,0.226739,0.0826273,0.14411189407110214,0.243311,1.29474,0.291301,0.71047,,,4.15917,1.58855,1.22471,312.67999267578125,,,,,,,494.5,4.020325203252033,489,3.975609756097561,,,,,,,,,,,,,,,,,,,"Will Warren","30182",701542
"Ryan Weathers","NYY",6.98159,7.88968,2.94862,4.20659,30.916,21.232,0,0.691,,122.679,519.378,113.489,61.35,57.34,17.5531,41.6201,1.48789,4.76241,114.335,8.38785,3.05334,2.7471,1.28773,0.220138,0.0801345,0.1400032788515091,0.239936,1.26435,0.281247,0.718268,,,4.26547,1.55888,1.45764,230.10000610351562,,,,,,,486.00000000000006,3.9512195121951224,472,3.83739837398374,,,,,,,,,,,,,,,,,,,"Ryan Weathers","23796",677960
"Adrian Houser","SFG",7.91084,9.24367,10.6077,4.58,24.81,24.81,0,0,,140.404,609.013,145.353,76.64,71.45,16.9017,49.4194,0.432236,6.26062,98.1789,6.29334,3.16782,1.98665,1.08341,0.16121,0.0811467,0.08006313443183899,0.262686,1.38723,0.293099,0.690389,,,4.49125,1.52652,1.0203,743.3499755859375,,,,,,,480.9,3.435,510,3.642857142857143,,,,,,,,,,,,,,,,,,,"Adrian Houser","12718",605288
"Spencer Schwellenbach","ATL",4.66286,3.47967,4.67251,3.60502,10.661,10.49,0,0,,62.5378,255.096,56.9249,26.82,25.05,7.03888,12.7794,0.254785,2.14468,61.2153,8.80968,1.83913,4.79014,1.01299,0.239969,0.0500966,0.18987293541431427,0.237017,1.1146,0.290173,0.716531,,,3.35656,1.52047,1.23884,734.8499755859375,,,,,,,308.90000000000003,4.9031746031746035,301,4.777777777777778,,,,,,,,,,,,,,,,,,,"Spencer Schwellenbach","31846",680885
"Ian Seymour","TBR",4.53589,6.69374,0.845104,4.09851,35.325,14.915,0,0.6597,,104.921,443.096,95.2662,51.33,47.78,14.2509,33.9424,1.76881,4.81088,104.239,8.94148,2.91154,3.07105,1.22242,0.235251,0.0766029,0.15864816308021545,0.235608,1.23149,0.283416,0.7128,,,4.02193,1.50722,1.2249,466.55999755859375,,,,,,,452.79999999999995,4.312380952380952,438,4.171428571428572,,,,,,,,,,,,,,,,,,,"Ian Seymour","27932",693855
"Jared Jones","PIT",5.09331,5.74796,4.0369,4.1011,17.503,14.814,0,0.6566,,81.9878,345.914,75.7873,39.96,37.36,10.8014,25.321,0.557466,3.66013,83.7204,9.19019,2.77955,3.30636,1.1857,0.242027,0.0732004,0.16882628202438354,0.239128,1.23321,0.292189,0.71114,,,3.86599,1.49875,1.08022,698.1400146484375,,,,,,,358.9,4.376829268292683,352,4.2926829268292686,,,,,,,,,,,,,,,,,,,"Jared Jones","27863",683003
"Logan Henderson","MIL",4.86445,5.86193,2.00602,4.01142,25.438,14.691,0,0.621,,88.5322,364.888,75.6721,42.23,39.46,14.7888,24.0305,0.967427,3.14707,95.4568,9.70394,2.44289,3.97232,1.5034,0.261606,0.0658571,0.1957487165927887,0.224074,1.12617,0.26766,0.727517,,,4.07122,1.4986,1.2483,281.5199890136719,,,,,,,389.5,4.376404494382022,363,4.078651685393258,,,,,,,,,,,,,,,,,,,"Logan Henderson","31475",701656
"Max Meyer","MIA",6.6796,9.55092,6.21559,4.39404,26.861,22.25,0,0.6387,,125.413,534.51,122.174,65.79,61.23,17.9651,41.312,0.89741,4.80223,111.299,7.98711,2.96467,2.69409,1.28923,0.208225,0.0772895,0.13093575835227966,0.250153,1.30358,0.290168,0.706228,,,4.32554,1.49627,1.12857,325.1499938964844,,,,,,,474.40000000000003,3.7952000000000004,479,3.832,,,,,,,,,,,,,,,,,,,"Max Meyer","27474",676974
"Zach Eflin","BAL",8.63794,9.2724,8.06314,4.51733,27.741,23.858,0,0.6611,,138.108,580.817,143.159,74.35,69.32,22.5545,28.3144,0.715284,4.51641,99.999,6.51658,1.84515,3.53173,1.4698,0.17217,0.0487493,0.12342032417654991,0.261245,1.24159,0.283486,0.694249,,,4.5232,1.4941,1.14804,496.6700134277344,,,,,,,471.50000000000006,3.416666666666667,496,3.5942028985507246,,,,,,,,,,,,,,,,,,,"Zach Eflin","13774",621107
"Mason Miller","SDP",2.7732,1.47998,0,2.62118,59.761,0.071,33,1.9912,,64.4823,256.952,40.1126,20.09,18.78,6.11342,24.2877,1.64849,2.67936,95.5983,13.343,3.38991,3.93609,0.853269,0.372047,0.0945221,0.27752505987882614,0.174414,0.998727,0.265052,0.793501,,,2.65716,1.44253,1.39465,28.770000457763672,,,,,,,579.8,9.059375,526,8.21875,,,,,,,,,,,,,,,,,,,"Mason Miller","31757",695243
"Hunter Barco","PIT",3.76809,4.73906,0.569798,3.7824,32.519,10.764,0,0.6566,,82.8759,351.447,73.796,37.21,34.83,7.47003,31.5405,1.23067,3.89125,79.4112,8.62375,3.42518,2.51775,0.811216,0.225955,0.0897447,0.13621001690626144,0.23352,1.27102,0.289463,0.71804,,,3.67309,1.43559,1.24963,999,,,,,,,389.70000000000005,4.695180722891567,378,4.554216867469879,,,,,,,,,,,,,,,,,,,"Hunter Barco","33174",682995
"Andrew Painter","PHI",5.22547,6.65692,2.50009,4.33479,25.023,17.39,0,0,,98.4545,417.115,95.473,50.85,47.42,14.1112,28.544,0.947412,3.48692,89.2331,8.15705,2.60929,3.12616,1.28995,0.213929,0.0684319,0.14549727737903595,0.247927,1.25964,0.288783,0.701766,,,4.16173,1.43166,0.91784,999,,,,,,,388,3.9591836734693877,390,3.979591836734694,,,,,,,,,,,,,,,,,,,"Andrew Painter","sa3017880",691725
"Lucas Giolito",,6.9346,8.61969,6.37649,4.54233,22.808,19.576,0,0,,112.046,479.949,104.439,60.35,56.55,17.0072,42.4803,0.750165,3.77787,104.032,8.35624,3.4122,2.44893,1.36609,0.216755,0.08851,0.12824519723653793,0.240815,1.31124,0.279646,0.703192,,,4.48999,1.42188,0.94097,706.1900024414062,,,,,,,419.3000000000002,3.7437500000000017,409,3.6517857142857144,,,,,,,,,,,,,,,,,,,"Lucas Giolito","15474",608337
"Roki Sasaki","LAD",6.47446,5.9708,2.59995,4.29429,30.204,17.768,0,0.7772,,106.446,455.251,98.406,54.22,50.79,13.1404,39.5062,1.208,5.80412,98.6339,8.33949,3.34025,2.49667,1.11102,0.216658,0.086779,0.12987924367189407,0.240049,1.29561,0.285967,0.700261,,,4.16371,1.42069,1.0773,267.29998779296875,,,,,,,433.7000000000001,4.0915094339622655,425,4.009433962264151,,,,,,,,,,,,,,,,,,,"Roki Sasaki","35323",808963
"Andre Pallante","STL",7.84319,10.2608,8.52516,4.4541,25.252,24.034,0,0,,130.976,564.709,132.622,68.96,64.82,13.0021,49.1146,0.449932,4.96227,85.8132,5.89664,3.37491,1.7472,0.89344,0.15196,0.0869733,0.06498664617538452,0.259721,1.38756,0.290468,0.689623,,,4.35392,1.42055,1.24613,999,,,,,,,473.7000000000001,3.616030534351146,496,3.786259541984733,,,,,,,,,,,,,,,,,,,"Andre Pallante","26108",669467
"Slade Cecconi","CLE",7.66445,10.5571,11.4495,4.76022,26.273,26.273,0,0,,149.306,634.871,152.434,84.36,78.97,26.1381,37.3921,0.539227,6.26227,119.308,7.19173,2.25396,3.19071,1.57558,0.187924,0.0588972,0.1290268637239933,0.257832,1.27139,0.283321,0.688275,,,4.68995,1.40877,0.886298,671.75,,,,,,,496.6000000000002,3.3328859060402696,516,3.4630872483221475,,,,,,,,,,,,,,,,,,,"Slade Cecconi","27500",677944
"Jeffrey Springs","ATH",8.45013,10.9717,12.6615,5.07979,27.988,27.988,0,0,,160.554,696.748,165.652,97.15,90.62,28.7035,54.4137,0.505645,4.62615,136.91,7.67459,3.05021,2.51609,1.609,0.196498,0.0780966,0.11840134859085083,0.259762,1.37067,0.290087,0.683318,,,4.85696,1.40611,0.363258,739.8800048828125,,,,,,,500.1,3.1062111801242236,525,3.260869565217391,,,,,,,,,,,,,,,,,,,"Jeffrey Springs","17677",605488
"Cade Smith","CLE",2.64395,1.87367,0,3.10992,66.162,0,32,3.2988,,68.0081,279.097,52.676,25.11,23.5,5.43593,22.4107,1.50431,3.63091,86.6504,11.4671,2.96576,3.86648,0.719375,0.310467,0.080297,0.230169877409935,0.20816,1.10408,0.293473,0.740654,,,2.77475,1.40362,1.08743,40.18000030517578,,,,,,,571.9000000000001,8.41029411764706,543,7.985294117647059,,,,,,,,,,,,,,,,,,,"Cade Smith","27867",671922
"Dean Kremer","BAL",7.20029,8.66645,4.39063,4.44394,30.986,22.001,0,0.6611,,131.235,557.911,125.321,69.25,64.8,20.3664,42.4085,1.10315,4.76394,110.003,7.54392,2.90834,2.59389,1.39671,0.197169,0.0760131,0.12115643173456192,0.245372,1.27809,0.275929,0.707384,,,4.55453,1.39082,1.15725,999,,,,,,,481.4000000000001,3.6748091603053443,478,3.648854961832061,,,,,,,,,,,,,,,,,,,"Dean Kremer","19350",665152
"Nick Martinez","TBR",6.3187,9.80157,3.22395,4.76771,37.756,21.824,0,0.6597,,141.936,606.017,147.211,80.52,75.19,22.2483,36.8079,1.34976,5.97239,105.012,6.65869,2.33395,2.85298,1.41074,0.173282,0.0607374,0.11254497990012169,0.261366,1.29649,0.286628,0.677033,,,4.59738,1.38125,0.562885,743.739990234375,,,,,,,482.99999999999994,3.401408450704225,509,3.584507042253521,,,,,,,,,,,,,,,,,,,"Nick Martinez","12730",607259
"Seth Lugo","KCR",8.43468,9.86814,12.4367,4.85028,25.945,25.945,0,0,,153.752,664.529,157.392,88.5,82.86,24.2854,50.3885,0.556111,6.29627,125.418,7.34144,2.94953,2.48902,1.42157,0.188732,0.0758259,0.1129060685634613,0.258935,1.3514,0.290537,0.686385,,,4.66311,1.37982,0.802951,510.9599914550781,,,,,,,518.2,3.3649350649350653,540,3.5064935064935066,,,,,,,,,,,,,,,,,,,"Seth Lugo","12447",607625
"Michael Soroka","ARI",3.80905,5.115,0.617019,3.97138,38.597,11.605,1,0.5659,,95.3396,404.139,82.5289,44.95,42.07,10.7376,36.8998,1.6314,6.04913,95.0179,8.96963,3.48332,2.57502,1.01362,0.235112,0.0913048,0.1438070610165596,0.228491,1.25267,0.281055,0.713425,,,3.95746,1.3326,1.13121,736.3200073242188,,,,,,,421.90000000000003,4.441052631578947,402,4.231578947368421,,,,,,,,,,,,,,,,,,,"Michael Soroka","18383",647336
"Hunter Greene","CIN",4.07972,3.9796,5.03593,3.93002,11.444,11.444,0,0,,66.618,275.27,54.3557,31,29.09,10.1003,21.2152,0.178822,3.42219,79.0469,10.6791,2.86615,3.72595,1.36453,0.287161,0.0770707,0.2100907415151596,0.216874,1.13439,0.274053,0.72555,,,3.84248,1.32817,1.08509,249.50999450683594,,,,,,,318.4,4.752238805970149,291,4.343283582089552,,,,,,,,,,,,,,,,,,,"Hunter Greene","22182",668881
"Justin Verlander","DET",7.07378,8.59342,9.68108,4.71009,22.728,22.728,0,0,,128.004,548.011,119.729,71.69,66.99,21.0986,45.698,0.423437,5.4458,102.868,7.23267,3.21304,2.25103,1.48345,0.187711,0.0833889,0.10432236641645432,0.240967,1.29236,0.264494,0.689806,,,4.86929,1.30887,0.776426,720.8900146484375,,,,,,,429.9000000000001,3.3585937500000007,420,3.28125,,,,,,,,,,,,,,,,,,,"Justin Verlander","8700",434378
"Luis Severino","ATH",8.88683,10.807,13.8029,5.00998,27.767,27.767,0,0,,166.833,726.626,173.95,99.24,92.87,26.4265,56.8076,0.571401,9.88326,126.266,6.81156,3.06455,2.22269,1.42561,0.17377,0.07818,0.09559012949466705,0.263587,1.38317,0.290834,0.678764,,,4.87991,1.29885,0.531031,698.1300048828125,,,,,,,514.6,3.081437125748503,548,3.281437125748503,,,,,,,,,,,,,,,,,,,"Luis Severino","15890",622663
"Steven Matz","TBR",5.5304,8.81073,2.97016,4.74473,30.969,19.794,0,0.6597,,120.715,519.232,126.591,68.26,63.64,18.3875,35.037,1.45264,4.66873,95.3874,7.11168,2.61221,2.72247,1.3709,0.183709,0.0674785,0.1162300705909729,0.263992,1.33892,0.295839,0.687108,,,4.52171,1.2782,0.614653,739.1699829101562,,,,,,,417.8000000000001,3.452892561983472,445,3.677685950413223,,,,,,,,,,,,,,,,,,,"Steven Matz","13361",571927
"Chris Paddack","MIA",5.73996,9.35191,5.01927,4.74537,26.828,20.88,0,0.6387,,118.347,506.361,124.891,66.87,62.4,18.4938,30.8688,0.931526,3.63959,86.6849,6.59218,2.3475,2.80817,1.40641,0.171192,0.0609621,0.1102297380566597,0.264681,1.31612,0.290167,0.684459,,,4.57645,1.27524,0.586775,999,,,,,,,399.80000000000007,3.3881355932203396,429,3.635593220338983,,,,,,,,,,,,,,,,,,,"Chris Paddack","20099",663978
"Kyle Harrison","MIL",4.6755,5.82601,2.00448,4.17626,26.498,14.219,0,0.621,,89.2616,379.574,79.5321,44.43,41.42,12.1824,33.0907,1.1557,4.46424,92.4646,9.32295,3.33644,2.79428,1.22832,0.243601,0.0871784,0.15642239153385162,0.232537,1.26172,0.28373,0.713557,,,4.09979,1.27336,1.01604,560.8499755859375,,,,,,,380,4.269662921348314,366,4.112359550561798,,,,,,,,,,,,,,,,,,,"Kyle Harrison","27758",690986
"Brad Lord","WSN",3.669,6.61704,0.772666,4.15293,38.051,13.362,1,0.6515,,98.735,422.118,95.2907,48.82,45.56,10.5184,34.2702,1.43343,4.77905,79.3103,7.22938,3.12384,2.31426,0.958784,0.187886,0.0811863,0.10669995844364166,0.248756,1.31221,0.289088,0.703103,,,4.10001,1.26232,0.994277,999,,,,,,,400.29999999999995,4.043434343434343,402,4.0606060606060606,,,,,,,,,,,,,,,,,,,"Brad Lord","31972",695418
"Hunter Dobbins","STL",3.71189,5.7882,1.81873,4.35107,24.745,12.549,0,0.6663,,81.704,351.284,82.0654,42.18,39.5,8.74464,27.1412,1.10015,3.4666,63.1527,6.95651,2.9897,2.32683,0.963255,0.179777,0.0772627,0.10251408070325851,0.255913,1.33661,0.294722,0.691252,,,4.10447,1.2129,0.778995,999,,,,,,,322.90000000000003,3.937804878048781,333,4.060975609756097,,,,,,,,,,,,,,,,,,,"Hunter Dobbins","30240",690928
"Cristian Javier","HOU",7.4993,9.51505,10.2275,4.86994,24.938,24.938,0,0,,137.589,593.57,123.068,79.21,74.45,22.8436,60.0057,0.433269,6.27677,121.988,7.97953,3.9251,2.03295,1.49425,0.205516,0.101093,0.10442356020212173,0.233399,1.33059,0.262057,0.687418,,,4.96549,1.20251,0.703749,518.6900024414062,,,,,,,464.50000000000006,3.3659420289855078,437,3.1666666666666665,,,,,,,,,,,,,,,,,,,"Cristian Javier","17606",664299
"Mick Abel","MIN",5.63132,8.80322,3.06771,4.7107,31.066,20.101,0,0.6268,,114.69,501.357,109.744,64.14,60.03,15.5361,50.167,1.27571,5.52118,108.133,8.48544,3.93673,2.15545,1.21916,0.21568,0.100063,0.11561769247055054,0.246245,1.39429,0.292571,0.693187,,,4.46715,1.19683,0.645773,367.8900146484375,,,,,,,420.20000000000005,3.653913043478261,419,3.643478260869565,,,,,,,,,,,,,,,,,,,"Mick Abel","27756",690953
"Bryce Elder","ATL",6.14114,7.55922,5.72875,4.72534,23.44,18.841,0,0.6492,,110.754,478.027,114.225,62.04,58.15,14.5926,36.7822,0.850107,4.53889,87.6024,7.11868,2.98897,2.38165,1.18581,0.183258,0.076946,0.10631242394447327,0.26156,1.36344,0.297844,0.681335,,,4.38532,1.16547,0.669071,740.219970703125,,,,,,,394.5000000000001,3.5540540540540553,414,3.72972972972973,,,,,,,,,,,,,,,,,,,"Bryce Elder","27779",693821
"Robert Gasser","MIL",3.43123,3.89508,0.441065,3.85706,32.204,8.558,0,0.621,,71.4482,299.864,63.3845,32.89,30.62,8.27102,22.5724,1.23194,3.61012,69.276,8.72638,2.84334,3.06906,1.04186,0.231025,0.0752754,0.15574952214956284,0.2316,1.20307,0.280999,0.713481,,,3.80022,1.15386,0.890869,999,,,,,,,324.2,4.566197183098591,312,4.394366197183099,,,,,,,,,,,,,,,,,,,"Robert Gasser","29812",688107
"Kyle Freeland","COL",7.27432,11.8412,12.8311,5.60989,27.565,27.565,0,0,,158.249,699.897,189.826,106.22,98.64,26.9093,42.7464,0.627929,5.64365,112.087,6.37464,2.43109,2.62213,1.5304,0.160147,0.0610753,0.09907214343547821,0.291365,1.46966,0.31788,0.648296,,,4.84648,1.14934,-0.631987,999,,,,,,,420.1,2.658860759493671,516,3.2658227848101267,,,,,,,,,,,,,,,,,,,"Kyle Freeland","16256",607536
"Kyle Leahy","STL",4.36722,7.38177,0.935097,4.79652,44.125,14.325,0,0.6663,,113.426,495.07,119.383,64.39,60.45,14.3654,39.549,1.47622,4.48322,93.167,7.39251,3.13809,2.35574,1.13985,0.18819,0.0798856,0.10830410569906235,0.264686,1.4012,0.305724,0.681039,,,4.30341,1.11361,0.293323,740.1699829101562,,,,,,,412.6,3.651327433628319,441,3.9026548672566372,,,,,,,,,,,,,,,,,,,"Kyle Leahy","24763",681517
"Kumar Rocker","TEX",4.76287,6.36366,2.22017,4.30663,25.557,15.569,0,0.6445,,90.3631,381.805,84.8092,46.11,43.24,11.8968,28.6674,0.912886,3.9344,77.3692,7.70583,2.85522,2.69885,1.1849,0.20264,0.0750838,0.1275564804673195,0.242865,1.25579,0.2805,0.695784,,,4.21661,1.11242,0.905198,747.3200073242188,,,,,,,356.4,3.96,353,3.922222222222222,,,,,,,,,,,,,,,,,,,"Kumar Rocker","31843",677958
"Brandon Sproat","MIL",3.82352,4.91672,0.639839,3.9838,26.519,11.827,0,0.621,,79.0929,335.019,69.9601,37.45,35.01,8.8082,29.8541,1.10845,4.24612,69.2874,7.88423,3.3971,2.32087,1.00229,0.206816,0.0891117,0.11770477890968323,0.232488,1.26199,0.274441,0.712875,,,4.12426,1.0955,1.07178,675.760009765625,,,,,,,331.9000000000001,4.201265822784811,318,4.025316455696203,,,,,,,,,,,,,,,,,,,"Brandon Sproat","33850",687075
"Rhett Lowder","CIN",4.73779,7.85986,2.93264,4.77445,26.479,18.002,0,0.6526,,106.806,460.431,110.149,60.45,56.66,15.4624,33.5598,1.07812,4.60495,85.8443,7.23366,2.82792,2.55795,1.30294,0.186443,0.0728879,0.1135554388165474,0.260851,1.34551,0.29501,0.682105,,,4.48166,1.09144,0.575882,575.6099853515625,,,,,,,380.30000000000007,3.554205607476636,399,3.7289719626168223,,,,,,,,,,,,,,,,,,,"Rhett Lowder","33876",695076
"Richard Fitts","STL",5.18985,8.806,2.93272,4.64702,27.995,19.484,0,0.6663,,109.851,468.599,108.492,60.61,56.72,16.6648,34.1331,1.13012,4.24396,87.5638,7.17403,2.7965,2.56536,1.36533,0.186863,0.0728408,0.1140221580862999,0.252177,1.29835,0.281684,0.687502,,,4.56112,1.07475,0.653599,743.75,,,,,,,390.09999999999997,3.546363636363636,395,3.590909090909091,,,,,,,,,,,,,,,,,,,"Richard Fitts","30160",690916
"Jacob Latz","TEX",4.19517,5.68172,0.771277,4.33089,40.197,12.118,0,0.6445,,101.037,435.074,87.9584,51.83,48.62,12.7036,46.9584,1.90461,4.15364,95.947,8.5466,4.18288,2.04324,1.13159,0.22053,0.107932,0.11259829252958298,0.229081,1.33532,0.273344,0.709345,,,4.38803,1.05772,0.768143,728.6400146484375,,,,,,,401.7000000000001,3.977227722772278,379,3.7524752475247523,,,,,,,,,,,,,,,,,,,"Jacob Latz","21306",656641
"Luis Morales","ATH",6.01334,8.31281,4.66406,4.66122,25.882,19.744,0,0.6384,,113.069,485.472,106.093,62.58,58.56,18.5668,42.6342,0.947797,5.05523,103.625,8.2483,3.39358,2.43056,1.47787,0.213452,0.0878201,0.12563220411539078,0.242342,1.31537,0.277341,0.701904,,,4.7022,1.05753,0.673047,723.9000244140625,,,,,,,394.9,3.4946902654867253,386,3.415929203539823,,,,,,,,,,,,,,,,,,,"Luis Morales","32227",806960
"Cody Bradford","TEX",2.8974,3.44156,0.370198,3.83336,27.611,7.668,0,0.6445,,64.0952,264.122,57.2757,29.16,27.3,8.2764,15.359,1.2042,1.95326,57.7655,8.11121,2.15665,3.76102,1.16214,0.218708,0.0581512,0.16055666655302048,0.232064,1.13323,0.271062,0.712142,,,3.8216,1.05707,0.883754,999,,,,,,,296.00000000000006,4.625000000000001,285,4.453125,,,,,,,,,,,,,,,,,,,"Cody Bradford","27597",674003
"J.T. Ginn","ATH",3.32101,4.61869,0.552587,4.00741,27.096,10.485,0,0.6384,,72.8551,308.432,66.7572,34.76,32.44,8.6639,24.7622,1.39059,4.29927,70.1727,8.66863,3.05894,2.83386,1.07028,0.227514,0.0802841,0.1472301408648491,0.238956,1.25618,0.289693,0.714944,,,3.95141,1.0564,0.86716,747.0999755859375,,,,,,,312.30000000000007,4.278082191780823,305,4.178082191780822,,,,,,,,,,,,,,,,,,,"J.T. Ginn","27889",669372
"Garrett Whitlock","BOS",2.96782,1.79797,0,3.40945,57.412,0,5,14.2429,,63.7756,261.557,54.7038,25.98,24.16,6.18877,16.5247,1.2671,2.64011,68.7982,9.70879,2.33197,4.16335,0.873358,0.263034,0.0631784,0.19985537230968475,0.225683,1.11686,0.289807,0.723233,,,3.14066,1.04617,0.76647,648.7000122070312,,,,,,,415.79999999999995,6.496874999999999,401,6.265625,,,,,,,,,,,,,,,,,,,"Garrett Whitlock","20191",676477
"Devin Williams","NYM",3.34335,1.72779,0,3.1302,63.32,0,31,3.1781,,64.146,264.276,45.6157,23.84,22.31,5.56254,27.5823,1.24937,3.2705,84.3017,11.8279,3.86993,3.05637,0.780452,0.31899,0.104369,0.21462135016918182,0.19542,1.14112,0.279001,0.754589,,,3.07696,1.04437,0.974187,60.84000015258789,,,,,,,522.1999999999999,8.159374999999999,484,7.5625,,,,,,,,,,,,,,,,,,,"Devin Williams","15816",642207
"Aaron Civale","ATH",6.60992,8.40874,8.97203,4.86037,22.044,22.044,0,0,,121.25,522.032,120.495,70.08,65.48,21.3882,39.6501,0.400203,5.96463,102.911,7.63876,2.9431,2.59548,1.58757,0.197136,0.0759534,0.12118220329284668,0.252919,1.32078,0.281459,0.691735,,,4.85941,1.03556,0.546535,999,,,,,,,393.10000000000014,3.2487603305785133,400,3.3057851239669422,,,,,,,,,,,,,,,,,,,"Aaron Civale","19479",650644
"Edwin Díaz","LAD",3.34567,1.4042,0,3.52971,61.7,0,36,2.9595,,64.4075,265.417,49.8269,27.11,25.26,7.38694,22.3902,0.867403,3.89449,87.4521,12.2201,3.1287,3.90582,1.03222,0.32949,0.0843586,0.24513138830661774,0.208366,1.12125,0.294124,0.728999,,,3.13483,1.02797,0.6623,32.869998931884766,,,,,,,545.5,8.5234375,517,8.078125,,,,,,,,,,,,,,,,,,,"Edwin Diaz","14710",621242
"Andrés Muñoz","SEA",2.57948,1.59511,0,2.97998,60.793,0,34,3.3601,,62.2152,253.912,45.8816,21.99,20.6,4.82263,22.6941,1.75202,3.63559,74.916,10.8373,3.28291,3.30112,0.697638,0.295047,0.0893778,0.2056691199541092,0.201604,1.10223,0.277719,0.753521,,,3.00416,1.02455,1.07441,41.20000076293945,,,,,,,528.6999999999999,8.527419354838708,496,8,,,,,,,,,,,,,,,,,,,"Andres Munoz","20373",662253
"Griffin Jax","TBR",2.9299,1.83958,0,3.45134,61.883,0.108,18,9.9415,,62.6104,257.052,52.736,25.72,24.01,6.92004,17.2265,1.33353,2.89097,76.0241,10.9282,2.47624,4.41321,0.994729,0.295753,0.0670155,0.22873780876398087,0.222576,1.11743,0.297524,0.734018,,,3.10742,1.01259,0.711836,151.58999633789062,,,,,,,464.3,7.36984126984127,446,7.079365079365079,,,,,,,,,,,,,,,,,,,"Griffin Jax","20253",643377
"Patrick Sandoval","BOS",3.69258,4.22722,0.437134,3.91144,34.672,9.011,0,0.676,,75.8391,326.845,69.3803,35.6,32.96,6.94898,33.8681,1.81606,3.1339,69.419,8.23812,4.0192,2.04969,0.824651,0.212391,0.103621,0.10877001285552979,0.239372,1.36141,0.292453,0.723359,,,3.95931,1.00884,0.862391,999,,,,,,,327.9,4.314473684210526,320,4.2105263157894735,,,,,,,,,,,,,,,,,,,"Patrick Sandoval","19447",663776
"Randy Vásquez","SDP",7.13777,9.93194,6.00396,4.97265,28.841,23.787,0,0.6537,,128.865,563.325,135.461,76.18,71.2,18.3648,44.7166,1.11956,6.97623,80.7918,5.64254,3.12303,1.80675,1.2826,0.14342,0.0793797,0.0640399158000946,0.264763,1.39819,0.283887,0.673268,,,4.93731,1.00776,0.392333,728.9199829101562,,,,,,,392.19999999999993,3.040310077519379,421,3.2635658914728682,,,,,,,,,,,,,,,,,,,"Randy Vasquez","24719",681190
"Logan Allen","CLE",6.042,9.27022,6.15059,4.81293,24.392,20.859,0,0.6807,,115.115,502.196,116.916,66.13,61.56,16.9254,45.3138,0.795229,4.45431,89.4707,6.99506,3.54275,1.97447,1.32327,0.178159,0.0902312,0.08792766183614731,0.258419,1.40929,0.288964,0.69369,,,4.78907,0.986949,0.535214,999,,,,,,,372.7,3.240869565217391,389,3.382608695652174,,,,,,,,,,,,,,,,,,,"Logan Allen","27589",671106
"Jhoan Duran","PHI",2.7246,1.56226,0,3.23037,64.995,0,32,3.0842,,66.0854,271.39,56.846,25.58,23.72,5.59056,18.6884,1.85878,3.48759,69.8931,9.51856,2.54512,3.73992,0.761364,0.257537,0.0688617,0.1886754408478737,0.228101,1.14298,0.295028,0.737796,,,3.12634,0.985864,0.874367,41.650001525878906,,,,,,,512.4000000000001,7.7636363636363654,498,7.545454545454546,,,,,,,,,,,,,,,,,,,"Jhoan Duran","21029",661395
"Drew Anderson","DET",1.97347,2.77298,0,3.7297,44.088,4.14,0,9.1171,,72.9711,311.615,54.5443,32.44,30.24,8.63809,38.0216,1.93215,4.49208,98.1242,12.1023,4.68945,2.58075,1.06539,0.314889,0.122015,0.19287434965372086,0.202691,1.26853,0.28278,0.74716,,,3.73247,0.983412,0.875731,999,,,,,,,392.5,5.376712328767123,354,4.8493150684931505,,,,,,,,,,,,,,,,,,,"Drew Anderson","15130",623454
"Jose A. Ferrer","SEA",2.58896,1.70173,0,3.1595,62.203,0,3,16.186,,64.833,266.07,57.2496,24.41,22.76,4.20354,16.9563,1.61603,2.76149,57.1861,7.93847,2.35384,3.37256,0.583528,0.214928,0.0637285,0.15119993686676025,0.232389,1.14457,0.286793,0.728852,,,3.1263,0.976454,1.02886,747.4000244140625,,,,,,,416.59999999999997,6.409230769230769,406,6.246153846153846,,,,,,,,,,,,,,,,,,,"Jose A. Ferrer","24017",678606
"Abner Uribe","MIL",3.35526,1.76162,0,3.00996,64.374,0,17,6.8784,,66.5292,277.778,49.196,23.78,22.25,4.03332,31.2646,1.62345,3.91916,73.7114,9.97161,4.22945,2.35766,0.545624,0.265361,0.112552,0.15280822664499283,0.202791,1.2094,0.273963,0.757621,,,3.29389,0.95495,1.13776,160.7100067138672,,,,,,,475.19999999999993,7.0925373134328344,439,6.552238805970149,,,,,,,,,,,,,,,,,,,"Abner Uribe","25327",682842
"Ryan Weiss","HOU",3.32904,4.36402,0.572803,4.30488,33.163,9.066,0,0,,78.4203,336.107,70.2352,40.13,37.51,10.9145,31.16,1.3261,4.05786,86.6978,9.94997,3.57611,2.78234,1.25261,0.257947,0.0927086,0.16523832827806473,0.233426,1.29297,0.291822,0.711435,,,4.08063,0.925614,0.586217,999,,,,,,,328.90000000000003,4.216666666666667,316,4.051282051282051,,,,,,,,,,,,,,,,,,,"Ryan Weiss","sa3007778",680802
"Connelly Early","BOS",2.41927,2.8031,0.309271,3.45379,15.657,7.128,0,0.676,,46.1233,192.552,38.5462,18.98,17.7,4.24587,17.084,0.700262,2.18303,48.871,9.53616,3.33358,2.86064,0.828492,0.253807,0.0887239,0.16508297622203827,0.222444,1.20612,0.285436,0.737636,,,3.46588,0.917598,0.889445,281.3900146484375,,,,,,,234.80000000000004,5.104347826086958,223,4.8478260869565215,,,,,,,,,,,,,,,,,,,"Connelly Early","33666",813349
"Sean Burke","CHW",6.97066,10.7336,10.7578,5.07997,25.873,25.873,0,0,,142.867,622.421,136.983,86.4,80.64,25.4725,60.2753,0.401712,6.31754,132.858,8.36949,3.79708,2.20419,1.60466,0.213454,0.0968402,0.11661385744810104,0.246449,1.38071,0.280532,0.686018,,,4.99144,0.900696,0.334656,999,,,,,,,462.50000000000006,3.2342657342657346,458,3.202797202797203,,,,,,,,,,,,,,,,,,,"Sean Burke","29878",680732
"Alex Vesia","LAD",3.43606,1.38906,0,3.38933,60.539,0,2,17.9778,,60.2774,247.158,43.1505,24.34,22.7,7.44913,23.4135,1.51238,2.78265,76.4231,11.4107,3.49586,3.26407,1.11223,0.309207,0.0947307,0.2144765704870224,0.195285,1.10429,0.260423,0.752184,,,3.50975,0.899508,0.756902,743.5800170898438,,,,,,,402.09999999999997,6.701666666666666,365,6.083333333333333,,,,,,,,,,,,,,,,,,,"Alex Vesia","25007",681911
"Spencer Arrighetti","HOU",4.39099,6.51587,2.32515,4.82538,24.518,15.029,0,0.6558,,91.1866,397.437,85.0161,52.1,48.89,13.6354,40.0485,1.01152,5.07394,90.8112,8.96295,3.95273,2.26753,1.3458,0.228492,0.100767,0.12772530317306519,0.241308,1.37152,0.287979,0.688508,,,4.57181,0.887513,0.35989,694.8599853515625,,,,,,,331.20000000000005,3.63956043956044,324,3.5604395604395602,,,,,,,,,,,,,,,,,,,"Spencer Arrighetti","29921",681293
"Ben Brown","CHC",1.80966,1.80609,0,3.58541,38.456,2.057,0,7.5148,,57.4076,238.776,47.7006,24.5,22.87,6.15255,19.9281,1.54643,2.31748,63.8458,10.0093,3.1242,3.2038,0.964559,0.267388,0.0834595,0.18392828851938248,0.220295,1.17804,0.283542,0.730808,,,3.4666,0.886064,0.720017,732.75,,,,,,,317.19999999999993,5.564912280701753,301,5.280701754385965,,,,,,,,,,,,,,,,,,,"Ben Brown","23590",676962
"David Bednar","NYY",3.17149,1.5992,0,3.46004,59.27,0,32,1.5548,,60.1901,246.911,47.8695,24.71,23.14,6.75086,19.1431,1.51263,2.50409,70.5405,10.5477,2.86239,3.68491,1.00943,0.285692,0.0775302,0.2081613689661026,0.212504,1.11335,0.277879,0.734913,,,3.32822,0.878417,0.653248,64.29000091552734,,,,,,,477.09999999999997,7.951666666666666,453,7.55,,,,,,,,,,,,,,,,,,,"David Bednar","19569",670280
"Matt Svanson","STL",2.57689,1.78831,0,3.40009,57.12,0,6,13.3744,,63.8454,266.409,54.7432,25.78,24.12,4.67812,21.6658,1.72397,3.34503,62.5281,8.8143,3.05413,2.88603,0.659453,0.234707,0.0813253,0.15338198840618134,0.226776,1.19678,0.287413,0.724724,,,3.30417,0.877579,0.76647,601.6699829101562,,,,,,,402.1,6.2828125,388,6.0625,,,,,,,,,,,,,,,,,,,"Matt Svanson","29629",694335
"Max Scherzer","TOR",4.49455,5.58963,2.10223,4.55603,22.643,14.321,0,0.6476,,82.7891,348.591,75.6692,44.59,41.91,15.5979,24.4715,0.761911,3.68349,79.3214,8.62303,2.6603,3.24138,1.69565,0.227549,0.0702013,0.157347671687603,0.236145,1.20959,0.266372,0.709427,,,4.68842,0.875337,0.57232,667.1199951171875,,,,,,,297.80000000000007,3.5879518072289165,285,3.433734939759036,,,,,,,,,,,,,,,,,,,"Max Scherzer","3137",453286
"Bryan Abreu","HOU",3.06056,1.95652,0,3.6603,64.491,0,12,12.5386,,67.0518,282.425,52.7373,29.14,27.27,7.17061,28.5483,0.854806,4.07301,86.3575,11.5913,3.83189,3.02496,0.962472,0.305772,0.101083,0.20468870550394058,0.211116,1.21228,0.29158,0.731902,,,3.40906,0.874844,0.617354,188.82000732421875,,,,,,,456.8999999999999,6.819402985074626,429,6.402985074626866,,,,,,,,,,,,,,,,,,,"Bryan Abreu","16609",650556
"Davis Martin","CHW",7.16767,11.2704,11.8763,5.25029,26.657,26.657,0,0,,151.226,664.147,160.238,94.33,88.22,24.6112,54.8929,0.516835,7.83095,110.431,6.57211,3.26687,2.01175,1.4647,0.166274,0.0826517,0.0836225301027298,0.266432,1.42258,0.290808,0.668609,,,5.03465,0.860441,0.056916,999,,,,,,,424.9000000000001,2.8139072847682125,461,3.052980132450331,,,,,,,,,,,,,,,,,,,"Davis Martin","21448",663436
"Orion Kerkering","PHI",2.60857,1.59599,0,3.50062,62.394,0.079,2,12.7283,,62.7061,260.806,54.1448,26.15,24.39,5.42024,19.5119,1.28611,3.52144,62.618,8.98735,2.80048,3.20922,0.777949,0.240094,0.0748137,0.16528010368347168,0.227716,1.17463,0.287063,0.719054,,,3.36362,0.860436,0.711836,999,,,,,,,380.30000000000007,6.036507936507937,366,5.809523809523809,,,,,,,,,,,,,,,,,,,"Orion Kerkering","31776",689147
"Jeremiah Estrada","SDP",2.82603,1.84055,0,3.5402,64.888,0,3,14.9753,,66.225,276.819,50.319,28.01,26.05,8.2963,27.5869,1.9311,2.88535,88.1131,11.9746,3.74907,3.19402,1.12747,0.318306,0.0996569,0.21864882856607437,0.204261,1.17638,0.280268,0.752679,,,3.48308,0.853439,0.666756,603.6500244140625,,,,,,,418.0000000000001,6.333333333333335,384,5.818181818181818,,,,,,,,,,,,,,,,,,,"Jeremiah Estrada","22210",669093
"Aaron Ashby","MIL",2.94332,2.34786,0,3.52755,56.766,2.123,1,13.2076,,76.923,328.604,64.948,32.27,30.15,5.37183,36.553,1.73607,4.05941,79.6893,9.32366,4.27671,2.1801,0.628505,0.242509,0.111237,0.13127142190933228,0.225521,1.31952,0.29358,0.736654,,,3.55494,0.847166,0.966961,999,,,,,,,433.30000000000007,5.627272727272728,414,5.376623376623376,,,,,,,,,,,,,,,,,,,"Aaron Ashby","23550",676879
"José Urquidy","PIT",4.1612,6.24,2.15938,4.89986,26.651,13.874,0,0.6566,,89.0291,383.983,91.0085,51.61,48.47,13.5121,27.9199,0.949596,3.42235,65.3482,6.60608,2.82244,2.34056,1.36595,0.170185,0.0727114,0.09747374802827835,0.258077,1.33584,0.28306,0.673107,,,4.69629,0.839141,0.203611,999,,,,,,,290.80000000000007,3.2674157303370794,304,3.4157303370786516,,,,,,,,,,,,,,,,,,,"Jose Urquidy","18413",664353
"José Berríos","TOR",4.36071,5.77564,0.903116,4.53462,29.833,14.294,0,0.6476,,97.8671,417.238,94.6968,52.7,49.31,15.436,30.5195,1.52743,5.38426,81.7692,7.51961,2.80661,2.67925,1.41952,0.195977,0.0731465,0.12283099442720413,0.24833,1.27945,0.278961,0.699924,,,4.61511,0.836822,0.617944,687.9099731445312,,,,,,,353.70000000000005,3.609183673469388,355,3.622448979591837,,,,,,,,,,,,,,,,,,,"Jose Berrios","14168",621244
"Miles Mikolas","WSN",6.42684,11.2144,10.8453,5.15017,25.659,25.659,0,0,,142.475,613.307,156.612,87.22,81.53,25.7079,33.1917,0.471315,4.68027,86.4743,5.46249,2.09668,2.6053,1.62394,0.140997,0.0541191,0.08687761798501015,0.272162,1.33219,0.282575,0.666938,,,5.06438,0.829991,0.181633,999,,,,,,,380.8,2.6816901408450704,430,3.028169014084507,,,,,,,,,,,,,,,,,,,"Miles Mikolas","9803",571945
"Trevor McDonald","SFG",2.59054,3.65099,0.471577,4.0228,24.113,8.09,0,0.6513,,63.0456,268.75,59.7953,30.21,28.18,6.82212,21.7387,1.20195,3.77527,54.8879,7.83546,3.10328,2.52489,0.973884,0.204234,0.0808883,0.12334602326154709,0.245833,1.29325,0.291822,0.713001,,,4.01472,0.826204,0.749429,747.4400024414062,,,,,,,260.1,4.128571428571429,260,4.126984126984127,,,,,,,,,,,,,,,,,,,"Trevor McDonald","26448",686790
"Gabe Speier","SEA",2.4831,1.70335,0,3.41016,60.34,0,2,11.7292,,57.4811,235.663,46.964,23.41,21.78,6.44619,16.793,1.54783,2.52089,68.108,10.6639,2.62933,4.05574,1.0093,0.289006,0.0712584,0.21774736791849136,0.217075,1.10918,0.28575,0.737169,,,3.23127,0.82291,0.698135,747.260009765625,,,,,,,359.79999999999995,6.312280701754386,341,5.982456140350878,,,,,,,,,,,,,,,,,,,"Gabe Speier","17170",642100
"Johan Oviedo","BOS",4.47448,6.23174,0.872172,4.483,30.613,14.443,0,0.676,,92.9912,403.43,83.9117,49.57,46.32,12.2444,42.1895,1.38837,5.81675,84.8798,8.21495,4.08324,2.01187,1.18506,0.210396,0.104577,0.10581843554973602,0.23609,1.35606,0.277459,0.702385,,,4.57008,0.807491,0.607185,539.0999755859375,,,,,,,352.20000000000005,3.787096774193549,339,3.6451612903225805,,,,,,,,,,,,,,,,,,,"Johan Oviedo","22487",670912
"David Festa","MIN",2.23827,3.20182,0.396526,4.12435,18.199,7.145,1,0.6268,,49.1205,208.053,43.9147,24.09,22.51,6.15048,17.6315,0.721299,2.20496,51.5434,9.44392,3.2305,2.92337,1.12691,0.247742,0.0847453,0.1629963368177414,0.23332,1.25296,0.289331,0.707582,,,3.87574,0.803136,0.536994,999,,,,,,,227.4,4.640816326530612,220,4.489795918367347,,,,,,,,,,,,,,,,,,,"David Festa","30056",701581
"Griffin Canning","SDP",4.98023,6.98599,2.52293,4.64499,26.316,16.945,0,0.6537,,99.5912,430.22,95.798,55.02,51.4,15.5609,39.1175,1.17323,3.72202,86.8094,7.84492,3.53502,2.2192,1.40623,0.201779,0.0909243,0.11085493117570877,0.247297,1.35469,0.281523,0.706226,,,4.7135,0.798402,0.62995,999,,,,,,,342.6,3.426,341,3.41,,,,,,,,,,,,,,,,,,,"Griffin Canning","19867",656288
"Adrian Morejon","SDP",2.71549,1.7788,0,3.53996,62.597,0,2,13.3796,,64.6278,267.229,57.0534,27.36,25.42,6.34938,18.8406,1.49291,1.90592,61.6934,8.59136,2.62373,3.27448,0.884209,0.230864,0.0705038,0.16035975515842438,0.23147,1.17432,0.284152,0.724335,,,3.46618,0.796667,0.716383,732.1099853515625,,,,,,,382.00000000000006,5.876923076923077,370,5.6923076923076925,,,,,,,,,,,,,,,,,,,"Adrian Morejon","20039",670970
"Joe Boyle","TBR",3.40168,5.34377,0.732808,4.35871,25.455,11.772,0,0.6597,,76.44,334.114,62.8416,39.59,37.02,9.12843,44.2828,1.21218,4.6032,84.0435,9.89523,5.21383,1.89788,1.07478,0.251541,0.132538,0.11900317668914795,0.220321,1.40142,0.279674,0.715827,,,4.40725,0.795612,0.596171,739.780029296875,,,,,,,312.9,4.117105263157894,288,3.789473684210526,,,,,,,,,,,,,,,,,,,"Joe Boyle","29608",671212
"Matt Strahm","KCR",2.63124,1.85824,0,3.76093,60.4,0.12,3,16.6661,,62.3861,258.786,52.3465,27.94,26.07,7.7566,18.6587,1.10022,2.85787,68.3617,9.86206,2.69177,3.66379,1.11899,0.264163,0.0721011,0.1920621320605278,0.220621,1.13816,0.276696,0.716012,,,3.59457,0.791392,0.451009,728.5499877929688,,,,,,,378.2,6.1,359,5.790322580645161,,,,,,,,,,,,,,,,,,,"Matt Strahm","13799",621381
"A.J. Minter","NYM",2.47493,1.37335,0,3.3703,47.275,0,1,13.7055,,47.613,194.5,37.7813,19.15,17.83,4.77337,15.1488,0.925859,1.57594,53.4016,10.0942,2.86349,3.52512,0.902282,0.274558,0.0778861,0.1966722458600998,0.212523,1.11167,0.275985,0.730422,,,3.24908,0.769232,0.626471,999,,,,,,,310.90000000000003,6.477083333333334,291,6.0625,,,,,,,,,,,,,,,,,,,"A.J. Minter","18655",621345
"Tyler Anderson","LAA",5.07569,6.8067,4.68678,4.78529,17.972,15.033,0,0,,86.0449,372.685,81.8103,48.84,45.75,13.2648,34.7762,0.789679,3.17233,69.048,7.22218,3.63747,1.9855,1.38746,0.185272,0.0933126,0.09195911884307861,0.244402,1.35495,0.271549,0.69118,,,4.8574,0.76248,0.425685,999,,,,,,,287.3,3.340697674418605,285,3.313953488372093,,,,,,,,,,,,,,,,,,,"Tyler Anderson","12880",542881
"Patrick Corbin",,5.17775,7.8396,5.27126,5.25128,19.175,16.564,0,0,,91.9318,403.001,100.263,57.55,53.64,14.712,32.0059,0.63037,2.75572,75.7688,7.41766,3.13333,2.36734,1.44028,0.188012,0.0794189,0.10859265923500061,0.272278,1.43878,0.308007,0.669093,,,4.70155,0.757023,-0.0617389,999,,,,,,,283.30000000000007,3.0793478260869573,312,3.391304347826087,,,,,,,,,,,,,,,,,,,"Patrick Corbin","9323",571578
"Daniel Palencia","CHC",2.70523,1.82214,0,3.59994,61.541,0,29,3.3517,,63.876,268.558,50.5731,27.32,25.55,6.30778,27.3065,1.32739,3.57701,73.3149,10.3299,3.84743,2.68489,0.888754,0.272994,0.101678,0.1713162288069725,0.212783,1.21923,0.280068,0.732231,,,3.57383,0.754016,0.6623,102.30000305175781,,,,,,,477.19999999999993,7.456249999999999,452,7.0625,,,,,,,,,,,,,,,,,,,"Daniel Palencia","27914",694037
"Matt Brash","SEA",2.39809,1.75938,0,3.52983,59.116,0.069,4,12.3263,,60.3003,255.863,49.5167,25.33,23.65,4.94798,27.1551,1.39175,3.16257,69.3837,10.3557,4.05299,2.55509,0.7385,0.271175,0.106132,0.16504380106925964,0.219542,1.2715,0.294741,0.73614,,,3.40892,0.752372,0.653248,739.739990234375,,,,,,,368.5,6.141666666666667,351,5.85,,,,,,,,,,,,,,,,,,,"Matt Brash","25756",666374
"Anthony Kay","CHW",5.39839,9.50317,4.69048,5.12487,28.474,20.531,0,0.5969,,121.964,541.451,121.938,74.16,69.45,17.9665,56.9908,1.48631,6.73384,101.111,7.46124,4.20548,1.77417,1.32579,0.186741,0.105256,0.08148583024740219,0.255246,1.46706,0.289898,0.681309,,,4.95957,0.751709,0.138966,736.0499877929688,,,,,,,378.2000000000002,3.100000000000002,390,3.19672131147541,,,,,,,,,,,,,,,,,,,"Anthony Kay","20387",641743
"Aaron Bummer","ATL",2.15692,1.50262,0,3.78261,56.508,0.127,0,12.1178,,60.1013,256.425,56.096,27.2,25.26,3.52161,22.7791,1.51267,3.50689,58.4499,8.7527,3.41111,2.56594,0.527351,0.227941,0.0888333,0.1391078233718872,0.243748,1.31237,0.312631,0.698833,,,3.2639,0.749389,0.446467,999,,,,,,,332.20000000000005,5.536666666666667,331,5.516666666666667,,,,,,,,,,,,,,,,,,,"Aaron Bummer","16258",607481
"Luis Gil","NYY",4.72133,5.6506,0.831111,4.50995,36.948,13.203,0,0.691,,97.2251,422.805,82.5251,51.79,48.72,13.5284,50.2658,1.4236,4.98179,92.4106,8.55432,4.65304,1.83844,1.25231,0.218565,0.118886,0.0996789038181305,0.224523,1.36581,0.26373,0.711463,,,4.74779,0.731626,0.57609,343.1600036621094,,,,,,,352.8000000000001,3.637113402061857,326,3.3608247422680413,,,,,,,,,,,,,,,,,,,"Luis Gil","21052",661563
"Dylan Lee","ATL",2.43599,1.61085,0,3.80043,62.14,0,2,15.9999,,63.6559,262.502,56.5282,28.91,26.88,8.76152,16.2232,1.35254,1.59853,69.4144,9.81417,2.29371,4.27873,1.23875,0.264434,0.061802,0.20263180509209633,0.231029,1.14288,0.286879,0.724828,,,3.58342,0.73107,0.455577,999,,,,,,,372.7000000000001,5.823437500000002,361,5.640625,,,,,,,,,,,,,,,,,,,"Dylan Lee","19996",669276
"Lance McCullers Jr.","HOU",4.43367,6.22561,2.18058,4.58036,23.209,14.902,0,0.6558,,82.8407,362.247,76.5746,45.04,42.16,10.4625,40.0735,0.735586,5.16847,77.888,8.46193,4.35368,1.94363,1.13667,0.215014,0.110625,0.1043887734413147,0.241556,1.4081,0.289135,0.702037,,,4.53497,0.725389,0.586877,999,,,,,,,316.00000000000006,3.8072289156626513,310,3.7349397590361444,,,,,,,,,,,,,,,,,,,"Lance McCullers Jr.","14120",621121
"Phil Maton","CHC",2.7092,1.85482,0,3.67939,62.424,0,6,14.6034,,62.8636,264.077,51.7214,27.52,25.7,6.52729,23.6059,1.31846,4.69436,72.0184,10.3107,3.37958,3.05087,0.934493,0.272718,0.08939,0.18332751840353012,0.219366,1.19826,0.287437,0.722283,,,3.54425,0.721694,0.504857,736.1799926757812,,,,,,,391.90000000000003,6.220634920634921,371,5.888888888888889,,,,,,,,,,,,,,,,,,,"Phil Maton","18064",664208
"Aroldis Chapman","BOS",2.94884,1.73029,0,3.33015,55.785,0,28,1.9343,,55.4299,232.486,38.3094,22.04,20.51,5.36222,29.4398,1.01309,2.35975,74.8795,12.158,4.78007,2.54347,0.870649,0.322082,0.126631,0.1954514980316162,0.190892,1.22225,0.273547,0.758758,,,3.41204,0.715402,0.693821,63.619998931884766,,,,,,,451.7,8.212727272727273,415,7.545454545454546,,,,,,,,,,,,,,,,,,,"Aroldis Chapman","10233",547973
"Erik Sabrowski","CLE",2.27904,1.7957,0,3.58066,57.448,0,2,13.5894,,59.0422,252.105,42.9011,25.05,23.49,5.555,32.7293,1.30441,3.44222,76.7492,11.6991,4.98904,2.34497,0.846768,0.304434,0.129824,0.17460961639881134,0.198678,1.28096,0.279477,0.745437,,,3.59635,0.697337,0.599234,999,,,,,,,363,6.1525423728813555,329,5.576271186440678,,,,,,,,,,,,,,,,,,,"Erik Sabrowski","24978",681870
"Chris Martin","TEX",2.26837,1.4666,0,3.62984,50.54,0,8,11.9724,,51.399,209.113,47.7005,22.17,20.73,5.84976,8.40624,1.21647,1.97517,48.7107,8.52928,1.47194,5.79459,1.0243,0.23294,0.0401995,0.1927400454878807,0.240024,1.09159,0.290285,0.708239,,,3.32521,0.682436,0.477553,672.6400146484375,,,,,,,334.8,6.564705882352942,333,6.529411764705882,,,,,,,,,,,,,,,,,,,"Chris Martin","11847",455119
"Pete Fairbanks","MIA",2.22887,1.73225,0,3.76975,58.191,0,26,4.1124,,59.6856,250.049,52.2309,26.9,25,5.91601,20.7962,1.17209,2.70841,59.1808,8.92388,3.13586,2.84575,0.892076,0.236676,0.0831684,0.15350810438394547,0.230554,1.22353,0.286872,0.712446,,,3.62203,0.6759,0.446444,112.61000061035156,,,,,,,427.00000000000006,7.116666666666668,414,6.9,,,,,,,,,,,,,,,,,,,"Pete Fairbanks","17998",664126
"Jonah Tong","NYM",1.72301,1.86636,0.204615,3.4738,11.262,4.9,0,0.7173,,31.0899,129.319,24.7939,12.84,12,3.07854,12.2224,0.417419,1.2444,35.7306,10.3434,3.53818,2.92337,0.891186,0.276298,0.0945138,0.1817847043275833,0.214013,1.19062,0.28186,0.739193,,,3.42334,0.664197,0.581925,686.3499755859375,,,,,,,164.49999999999997,5.306451612903225,153,4.935483870967742,,,,,,,,,,,,,,,,,,,"Jonah Tong","32157",804636
"Will Vest","DET",2.38863,1.89766,0,3.7806,61.52,0.063,7,11.5243,,64.2994,270.802,59.674,29.03,27.01,6.30799,19.9491,1.11398,3.07054,62.141,8.69789,2.79228,3.11498,0.88293,0.22947,0.0736668,0.1558036059141159,0.240833,1.23832,0.29758,0.714673,,,3.55164,0.661205,0.455577,517.260009765625,,,,,,,381.79999999999995,5.965624999999999,380,5.9375,,,,,,,,,,,,,,,,,,,"Will Vest","19769",676684
"Jonathan Cannon","CHW",3.36575,6.34056,0.9576,4.88044,28.586,13.209,0,0.5969,,90.4898,391.603,91.107,52.54,49.07,13.8437,30.9493,1.31858,4.24446,67.182,6.68183,3.07818,2.17071,1.37688,0.171556,0.0790323,0.09252381324768066,0.255624,1.34884,0.280566,0.677051,,,4.80589,0.658697,0.127328,999,,,,,,,290.19999999999993,3.2244444444444436,301,3.3444444444444446,,,,,,,,,,,,,,,,,,,"Jonathan Cannon","31730",686563
"Raisel Iglesias","ATL",2.40325,1.62363,0,3.90063,61.682,0,26,4.4493,,63.036,261.555,57.582,29.28,27.32,8.30372,15.5271,1.42884,2.28373,64.1619,9.16076,2.21689,4.13226,1.18557,0.245309,0.0593644,0.18594473227858543,0.236239,1.1598,0.287708,0.712855,,,3.65955,0.657979,0.401753,101.83999633789062,,,,,,,437.00000000000006,6.936507936507938,431,6.841269841269841,,,,,,,,,,,,,,,,,,,"Raisel Iglesias","17130",628452
"Stephen Kolek","KCR",2.76722,3.93196,0.521537,4.54988,29.109,8.076,0,0.666,,67.6502,294.644,70.8368,36.54,34.2,6.89837,22.8079,1.11792,4.25177,48.2962,6.42519,3.03431,2.11751,0.91774,0.163914,0.0774085,0.08650514483451843,0.264727,1.38425,0.301043,0.679923,,,4.23292,0.650673,0.297818,999,,,,,,,251.50000000000003,3.6985294117647065,268,3.9411764705882355,,,,,,,,,,,,,,,,,,,"Stephen Kolek","21487",663568
"Brant Hurter","DET",1.65942,1.20755,0,3.38247,41.405,0.081,0,6.2689,,48.9849,204.082,43.4964,19.81,18.41,3.55698,14.4814,1.46641,2.80504,44.9734,8.26296,2.66066,3.1056,0.653525,0.220369,0.0709587,0.14941056817770004,0.232856,1.18359,0.288862,0.720174,,,3.30158,0.647675,0.577327,999,,,,,,,264.6,5.4,256,5.224489795918367,,,,,,,,,,,,,,,,,,,"Brant Hurter","30133",676428
"Cole Sands","MIN",2.78253,2.0351,0,4.19063,61.427,0.204,5,12.8289,,65.5892,278.368,61.4514,32.71,30.54,7.30293,20.4666,1.22007,3.50096,60.9008,8.35667,2.80837,2.97562,1.00209,0.218778,0.0735233,0.14525435119867325,0.241554,1.24896,0.290813,0.686362,,,3.82182,0.643365,0.152019,732.75,,,,,,,370.70000000000005,5.616666666666667,366,5.545454545454546,,,,,,,,,,,,,,,,,,,"Cole Sands","21461",663485
"Corbin Burnes","ARI",2.41323,2.12951,2.69426,3.98822,5.981,5.86,0,0,,35.2262,147.415,32.1683,16.64,15.61,4.09863,10.8047,0.138136,1.37205,32.3323,8.26063,2.76051,2.99242,1.04716,0.219328,0.0732945,0.14603381603956223,0.237864,1.21992,0.284085,0.707213,,,3.84903,0.641307,0.482188,735.989990234375,,,,,,,154.60000000000002,4.417142857142858,151,4.314285714285714,,,,,,,,,,,,,,,,,,,"Corbin Burnes","19361",669203
"Chase Dollander","COL",5.46566,9.69604,8.62722,5.64968,22.669,22.669,0,0,,118.727,532.986,129.743,79.52,74.53,19.1453,51.2035,0.401876,6.29043,98.3894,7.45832,3.88144,1.92154,1.45129,0.1846,0.0960692,0.08853118866682053,0.272861,1.52406,0.308969,0.658002,,,5.0268,0.640103,-0.501706,739.760009765625,,,,,,,333.89999999999986,2.8058823529411754,373,3.134453781512605,,,,,,,,,,,,,,,,,,,"Chase Dollander","33482",801403
"Kody Funderburk","MIN",2.59341,1.6927,0,3.82976,57.014,0,3,14.9704,,60.9124,261.819,55.9961,27.83,25.92,3.94308,25.2781,1.41441,3.4486,55.5224,8.20361,3.73492,2.19646,0.582602,0.212064,0.0965478,0.11551593989133835,0.240231,1.33428,0.299798,0.705498,,,3.56847,0.625709,0.39722,747.3400268554688,,,,,,,359.60000000000014,5.895081967213117,356,5.836065573770492,,,,,,,,,,,,,,,,,,,"Kody Funderburk","24993",681892
"Mason Montgomery","PIT",2.63928,1.69213,0,3.85063,56.845,0,2,12.1194,,59.4838,253.229,51.723,27.26,25.45,6.02049,24.2216,1.46824,2.43628,66.4629,10.056,3.66477,2.74395,0.910911,0.262462,0.0956511,0.1668107882142067,0.228286,1.27673,0.296601,0.721083,,,3.5607,0.623516,0.392611,999,,,,,,,339.6,5.755932203389831,329,5.576271186440678,,,,,,,,,,,,,,,,,,,"Mason Montgomery","29770",682254
"Tyler Rogers","TOR",3.17332,1.70455,0,3.59019,66.29,0,3,17.6086,,66.782,274.888,63.8919,28.62,26.64,6.03675,13.0334,1.0154,3.26955,42.6939,5.75372,1.75647,3.27573,0.813554,0.155314,0.0474134,0.10790025815367699,0.247082,1.15189,0.275692,0.705456,,,3.76403,0.619925,0.617274,743.4099731445312,,,,,,,380.6,5.6805970149253735,382,5.701492537313433,,,,,,,,,,,,,,,,,,,"Tyler Rogers","15541",643511
"Shawn Armstrong","CLE",2.40261,2.29667,0,4.16302,62.839,0.393,3,16.4659,,66.1539,280.33,61.4946,32.71,30.6,7.97734,20.4577,0.954364,3.60104,65.2283,8.87407,2.7832,3.18845,1.08529,0.232684,0.0729772,0.15970651805400848,0.239959,1.23881,0.292339,0.695669,,,3.82179,0.61839,0.152019,747.27001953125,,,,,,,368.4000000000001,5.581818181818183,363,5.5,,,,,,,,,,,,,,,,,,,"Shawn Armstrong","12857",542888
"Bryan King","HOU",2.95752,1.88841,0,3.67059,61.745,0,1,16.6617,,62.8673,265.089,54.3927,27.48,25.64,6.10666,23.356,1.24485,3.19397,61.8727,8.85761,3.34361,2.64911,0.874222,0.233404,0.0881063,0.14529724419116974,0.228024,1.23671,0.283104,0.726433,,,3.6965,0.617771,0.608218,999,,,,,,,371,5.888888888888889,356,5.650793650793651,,,,,,,,,,,,,,,,,,,"Bryan King","25890",687911
"Josiah Gray","WSN",4.39575,7.24019,7.32494,4.98953,16.801,16.801,0,0,,94.9689,412.201,90.3849,56.24,52.65,16.5187,39.0789,0.357297,4.22102,77.365,7.33172,3.70342,1.97971,1.56544,0.187688,0.0948054,0.09288211911916733,0.245011,1.36322,0.268587,0.688597,,,5.13487,0.612071,0.330054,999,,,,,,,284.9,2.9989473684210526,279,2.9368421052631577,,,,,,,,,,,,,,,,,,,"Josiah Gray","24580",680686
"Josh Hader","HOU",2.31207,1.36414,0,3.41968,46.213,0,23,2.7697,,48.3993,197.612,33.3065,19.62,18.39,6.87995,19.103,0.847347,2.20574,66.2427,12.318,3.55227,3.46766,1.27935,0.335217,0.0966695,0.23854728043079376,0.188916,1.08286,0.25612,0.766512,,,3.56655,0.61168,0.522672,120.79000091552734,,,,,,,379.3,7.902083333333334,345,7.1875,,,,,,,,,,,,,,,,,,,"Josh Hader","14212",623352
"Payton Tolle","BOS",2.39427,2.81451,0.336984,4.06097,22.597,5.923,0,0.676,,49.0228,206.511,42.3747,23.77,22.12,7.04139,17.8944,0.848288,1.78944,53.0038,9.73087,3.2852,2.96203,1.29272,0.256664,0.0866513,0.1700124889612198,0.226813,1.22941,0.278694,0.724029,,,4.04455,0.611143,0.476901,670.010009765625,,,,,,,217.3,4.4346938775510205,204,4.163265306122449,,,,,,,,,,,,,,,,,,,"Payton Tolle","35466",801139
"Ryan Walker","SFG",2.3764,1.83179,0,4.01974,59.578,0.176,23,4.4188,,61.3473,262.187,58.3026,29.45,27.4,6.20045,20.7622,1.26542,3.67982,61.0572,8.95744,3.04593,2.94079,0.909641,0.232877,0.0791884,0.15368811041116714,0.245232,1.28881,0.305607,0.704914,,,3.65378,0.608201,0.294307,153.99000549316406,,,,,,,404.8000000000001,6.636065573770494,405,6.639344262295082,,,,,,,,,,,,,,,,,,,"Ryan Walker","20423",676254
"Jason Adam","SDP",2.26039,1.44145,0,3.45072,50.318,0,1,14.8719,,51.7979,212.508,39.8577,21.25,19.86,5.58311,17.3611,1.25196,3.17312,53.1895,9.24179,3.01652,3.06372,0.970078,0.250294,0.0816962,0.16859832406044006,0.207621,1.10465,0.257315,0.728077,,,3.67191,0.60816,0.635432,999,,,,,,,318,6.115384615384615,293,5.634615384615385,,,,,,,,,,,,,,,,,,,"Jason Adam","11861",592094
"Andrew Nardi","MIA",2.00402,1.48148,0,3.62942,51.846,0,1,9.8362,,51.1817,213.696,42.0892,22.25,20.64,6.14322,18.8357,1.14515,2.12162,60.5586,10.6489,3.31215,3.21509,1.08025,0.283386,0.0881425,0.1952439248561859,0.218374,1.19037,0.285202,0.739137,,,3.55749,0.606995,0.477515,999,,,,,,,298.40000000000003,5.850980392156863,281,5.509803921568627,,,,,,,,,,,,,,,,,,,"Andrew Nardi","25942",677053
"Hurston Waldrep","ATL",3.23183,3.65482,3.62672,4.75522,9.535,9.264,0,0,,51.3099,223.268,51.6394,28.84,27.11,6.16621,20.2468,0.203648,2.13878,43.496,7.62941,3.55139,2.14829,1.08158,0.194815,0.0906838,0.10413147509098053,0.257063,1.40102,0.300708,0.680535,,,4.31084,0.605557,0.267183,739.1500244140625,,,,,,,188.40000000000003,3.694117647058824,197,3.8627450980392157,,,,,,,,,,,,,,,,,,,"Hurston Waldrep","33527",694462
"Ryan Helsley","BAL",2.88532,1.85366,0,3.82055,59.747,0,29,3.4176,,62.0957,260.088,53.3495,28.18,26.36,7.4912,21.5722,1.38564,2.34686,63.3846,9.18681,3.12663,2.93825,1.08576,0.243705,0.0829421,0.1607624962925911,0.225896,1.20655,0.277437,0.72542,,,3.81753,0.593058,0.451009,85.87000274658203,,,,,,,445.8999999999999,7.191935483870966,430,6.935483870967742,,,,,,,,,,,,,,,,,,,"Ryan Helsley","18138",664854
"Camilo Doval","NYY",3.20087,1.67382,0,3.61021,60.749,0,5,13.7505,,61.725,261.978,50.8195,26.45,24.76,4.99433,27.7855,1.56107,3.81631,64.3399,9.38127,4.05135,2.31559,0.728213,0.245592,0.10606,0.13953197747468948,0.220593,1.27347,0.284554,0.72829,,,3.63821,0.585785,0.657744,683.6099853515625,,,,,,,377.69999999999993,6.091935483870967,358,5.774193548387097,,,,,,,,,,,,,,,,,,,"Camilo Doval","21992",666808
"Ryan Bergert","KCR",2.66292,4.12016,0.614712,4.7457,23.039,8.969,0,0.666,,60.1366,261.844,58.6688,33.86,31.71,8.46813,23.9469,0.931091,2.44318,54.5225,8.1598,3.58388,2.27681,1.26733,0.208225,0.0914549,0.1167702004313469,0.249173,1.3738,0.29108,0.689026,,,4.46895,0.576299,0.191686,999,,,,,,,228.20000000000002,3.8033333333333337,232,3.8666666666666667,,,,,,,,,,,,,,,,,,,"Ryan Bergert","29863",686701
"José Alvarado","PHI",2.27636,1.46577,0,3.78034,55.838,0,4,12.2601,,56.5663,240.032,49.5256,25.54,23.76,5.15118,23.0936,1.29901,2.66504,58.8072,9.35653,3.67432,2.54647,0.81958,0.244997,0.0962107,0.14878660440444946,0.231133,1.28379,0.29521,0.719782,,,3.60586,0.574724,0.388018,747.4500122070312,,,,,,,338.29999999999995,5.935087719298245,328,5.754385964912281,,,,,,,,,,,,,,,,,,,"Jose Alvarado","17780",621237
"Blake Treinen","LAD",2.96189,1.34871,0,3.91928,55.401,0,1,11.5421,,56.0307,235.371,49.4008,26.15,24.4,6.3026,18.9457,1.18278,2.69876,58.4193,9.38366,3.04318,3.08351,1.01236,0.248201,0.080493,0.16770809143781662,0.231141,1.2198,0.289241,0.708912,,,3.67107,0.572998,0.334238,999,,,,,,,316.20000000000005,5.646428571428572,305,5.446428571428571,,,,,,,,,,,,,,,,,,,"Blake Treinen","12572",595014
"Angel Zerpa","MIL",2.90475,1.7156,0,3.48232,57.106,0.18,0,11.5914,,58.9779,244.927,52.3844,24.57,22.82,5.42036,17.8687,1.2232,2.40323,50.4737,7.70227,2.72675,2.82471,0.827145,0.206077,0.0729552,0.13312172144651413,0.233177,1.19118,0.278288,0.72901,,,3.64945,0.565698,0.599234,999,,,,,,,327.90000000000003,5.557627118644068,318,5.389830508474576,,,,,,,,,,,,,,,,,,,"Angel Zerpa","22717",672582
"Tyler Holton","DET",2.56546,2.03039,0,3.5555,61.98,0.537,1,13.7777,,68.1677,279.175,59.7838,29.02,26.93,7.97431,16.7747,1.20001,2.39714,53.9609,7.12432,2.21472,3.2168,1.05283,0.193287,0.0600869,0.13320054858922958,0.229935,1.12309,0.261575,0.72695,,,3.91644,0.565378,0.723038,999,,,,,,,360.80000000000007,5.305882352941177,348,5.117647058823529,,,,,,,,,,,,,,,,,,,"Tyler Holton","26231",663947
"Eduard Bazardo","SEA",2.42588,1.87784,0,3.94011,59.925,0,1,14.0319,,63.5007,265.824,54.4721,29.74,27.8,8.00326,21.6259,1.3106,2.82709,65.7386,9.31718,3.06506,3.0398,1.13431,0.247301,0.0813542,0.16594652086496353,0.225677,1.19838,0.277211,0.714371,,,3.85835,0.564575,0.35262,999,,,,,,,352.80000000000007,5.512500000000001,334,5.21875,,,,,,,,,,,,,,,,,,,"Eduard Bazardo","20997",660825
"Gordon Graceffo","STL",2.22607,1.80752,0,4.09981,51.236,0,0,12.0227,,61.5979,262.029,58.8017,30.01,28.06,6.29375,19.6699,1.59242,2.41226,52.0635,7.60693,2.87395,2.64686,0.919573,0.198694,0.0750678,0.12362595647573471,0.245062,1.27393,0.289158,0.695684,,,3.84845,0.562012,0.245306,999,,,,,,,317.5999999999999,5.122580645161289,318,5.129032258064516,,,,,,,,,,,,,,,,,,,"Gordon Graceffo","29519",700669
"Caleb Thielbar","CHC",2.7156,1.94719,0,3.87007,62.041,0,2,15.1395,,59.8362,249.274,51.0776,27.61,25.73,7.65601,20.1397,1.07689,1.90173,59.8402,9.00059,3.02922,2.97126,1.15154,0.240057,0.0807931,0.1592642366886139,0.224781,1.1902,0.271832,0.720795,,,3.90343,0.560437,0.343384,999,,,,,,,337,5.616666666666666,320,5.333333333333333,,,,,,,,,,,,,,,,,,,"Caleb Thielbar","10078",573204
"Ryan Feltner","COL",4.20624,8.4189,2.88693,5.56433,26.702,16.974,0,0.6093,,99.7316,444.9,111.079,65.74,61.66,15.2319,38.696,1.25659,4.18181,75.9846,6.85702,3.49201,1.96363,1.37456,0.17079,0.086977,0.08381342142820358,0.276302,1.50179,0.308385,0.654223,,,4.88663,0.549787,-0.442261,999,,,,,,,293.9,2.9389999999999996,332,3.32,,,,,,,,,,,,,,,,,,,"Ryan Feltner","21446",663372
"Jack Dreyer","LAD",2.57619,1.08967,0,3.62291,46.454,0.096,0,8.0834,,49.0876,204.473,40.9334,21.17,19.76,5.06921,17.4249,1.51261,1.63976,48.9156,8.96847,3.19478,2.80723,0.929418,0.239227,0.0852184,0.15400899946689606,0.220774,1.18886,0.272889,0.725464,,,3.64978,0.54674,0.473161,999,,,,,,,267.5,5.459183673469388,253,5.163265306122449,,,,,,,,,,,,,,,,,,,"Jack Dreyer","30249",676263
"Cooper Criswell","SEA",1.71626,2.5162,0,4.28574,38.572,3.819,0,7.0202,,61.0046,261.851,59.7557,31.13,29.05,7.00082,19.789,1.54689,3.89028,50.8958,7.50865,2.91947,2.57193,1.03283,0.194369,0.0755734,0.11879576742649078,0.250893,1.30391,0.292635,0.694182,,,4.12288,0.546033,0.311194,999,,,,,,,267.30000000000007,4.381967213114756,272,4.459016393442623,,,,,,,,,,,,,,,,,,,"Cooper Criswell","24975",681867
"Trevor Megill","MIL",2.87768,1.97055,0,4.2205,60.426,0,19,8.9471,,62.3102,265.019,55.7383,31.36,29.22,8.76756,22.3202,1.65468,2.7608,73.8503,10.6668,3.2239,3.30867,1.26637,0.27866,0.0842211,0.19443906098604202,0.232303,1.25274,0.298567,0.709877,,,3.80149,0.538102,0.142806,140.9600067138672,,,,,,,406.4999999999999,6.556451612903224,397,6.403225806451613,,,,,,,,,,,,,,,,,,,"Trevor Megill","17722",656730
"Brusdar Graterol","LAD",2.2165,0.867668,0,3.25996,39.774,0,0,0.7772,,41.0526,169.236,37.937,16,14.87,2.47016,9.64559,0.943388,2.19697,29.1972,6.40094,2.11461,3.027,0.541535,0.172524,0.0569949,0.1155288927257061,0.241033,1.15906,0.282096,0.715763,,,3.36034,0.531037,0.558977,999,,,,,,,206,5.024390243902439,205,5,,,,,,,,,,,,,,,,,,,"Brusdar Graterol","20367",660813
"Jordan Montgomery","TEX",2.37581,3.3523,1.16471,4.61313,15.175,7.726,0,0.6445,,51.3686,220.281,51.8301,28.15,26.33,6.79784,16.4803,0.816561,1.67679,38.972,6.82806,2.88742,2.36476,1.19101,0.17692,0.074815,0.10210487991571426,0.256428,1.32981,0.288016,0.683076,,,4.39854,0.529374,0.298733,999,,,,,,,184.10000000000008,3.609803921568629,192,3.764705882352941,,,,,,,,,,,,,,,,,,,"Jordan Montgomery","16511",656756
"Evan Sisk","PIT",2.18462,1.35476,0,3.63083,46.764,0,0,0.6566,,47.3941,203.13,41.7666,20.45,19.12,3.17049,20.9385,1.32983,2.37712,48.2708,9.16648,3.97616,2.30536,0.602067,0.237635,0.103079,0.13455571234226227,0.232276,1.32306,0.300656,0.725205,,,3.44365,0.528105,0.468502,999,,,,,,,232.70000000000005,4.951063829787235,227,4.829787234042553,,,,,,,,,,,,,,,,,,,"Evan Sisk","24995",681895
"Tanner Scott","LAD",3.27292,1.47327,0,3.86988,61.293,0,5,14.7389,,62.7462,268.576,54.5989,28.97,26.98,6.23475,27.411,1.45348,3.39931,66.0469,9.47344,3.9317,2.4095,0.894282,0.245915,0.102061,0.1438545137643814,0.229633,1.30701,0.292258,0.723785,,,3.79476,0.526201,0.401767,720.239990234375,,,,,,,376.4000000000001,5.9746031746031765,364,5.777777777777778,,,,,,,,,,,,,,,,,,,"Tanner Scott","17586",656945
"Alek Manoah","LAA",3.94634,5.89701,5.75802,4.94979,14.481,14.481,0,0,,78.676,342.99,76.7667,46.2,43.27,12.7103,30.5913,0.279279,5.76803,64.0147,7.32285,3.49944,2.09258,1.45397,0.186637,0.08919,0.0974470004439354,0.250355,1.36456,0.27862,0.682844,,,4.99444,0.520124,0.328849,743.5499877929688,,,,,,,241.50000000000006,3.0569620253164564,243,3.0759493670886076,,,,,,,,,,,,,,,,,,,"Alek Manoah","26410",666201
"Gregory Soto","PIT",2.81472,1.90188,0,3.98952,61.323,0,4,13.7778,,59.3755,256.691,53.8693,28.16,26.32,5.03369,25.9482,1.13301,3.82218,59.1422,8.96463,3.93316,2.27924,0.762994,0.230402,0.101087,0.1293150782585144,0.237393,1.34428,0.300075,0.70987,,,3.74927,0.518682,0.289694,739.989990234375,,,,,,,338.70000000000005,5.740677966101695,334,5.661016949152542,,,,,,,,,,,,,,,,,,,"Gregory Soto","19677",642397
"Justin Bruihl","STL",2.07596,1.52706,0,3.68956,46.805,0,0,9.8943,,47.3959,200.516,41.9102,20.81,19.43,3.61422,17.5353,1.88023,2.56204,44.5428,8.45822,3.32977,2.54018,0.686304,0.222141,0.0874509,0.13469035178422928,0.232295,1.25423,0.289548,0.7104,,,3.51895,0.518035,0.365153,999,,,,,,,256.40000000000003,5.455319148936171,250,5.319148936170213,,,,,,,,,,,,,,,,,,,"Justin Bruihl","23779",677865
"Edwin Uceta","TBR",2.67356,1.9139,0,4.09947,57.623,0,10,10.3826,,61.7348,262.494,51.6765,30.22,28.12,9.06732,24.7672,1.90856,3.62195,75.3825,10.9896,3.61069,3.04364,1.32188,0.287178,0.0943534,0.192824125289917,0.220741,1.23826,0.284715,0.725084,,,3.98195,0.517261,0.245283,527.260009765625,,,,,,,365.9,5.901612903225806,346,5.580645161290323,,,,,,,,,,,,,,,,,,,"Edwin Uceta","20539",670955
"Hunter Harvey","CHC",2.12374,1.53784,0,3.93915,49.691,0,4,13.3662,,52.0696,216.782,47.175,24.43,22.79,6.35922,14.5935,0.970392,2.14908,52.5512,9.08324,2.52243,3.60099,1.09916,0.242415,0.067319,0.17509641498327255,0.235829,1.18627,0.28921,0.706291,,,3.66895,0.506522,0.325084,747.3599853515625,,,,,,,315.8,6.073076923076924,309,5.9423076923076925,,,,,,,,,,,,,,,,,,,"Hunter Harvey","15507",640451
"JoJo Romero","STL",2.6991,2.05689,0,3.80027,61.295,0,12,9.4502,,61.3378,260.184,56.531,27.73,25.9,5.39797,22.3457,1.31574,2.75797,53.921,7.91175,3.27875,2.41303,0.792036,0.207241,0.0858842,0.12135729938745499,0.240475,1.28594,0.290922,0.717149,,,3.74883,0.505416,0.397158,467.6700134277344,,,,,,,370.7000000000001,6.077049180327871,369,6.049180327868853,,,,,,,,,,,,,,,,,,,"JoJo Romero","19574",668941
"Ryan Thompson","ARI",2.13416,1.75096,0,4.18997,61.406,0,6,12.3891,,62.2487,264.529,62.4408,31.05,28.98,5.9735,17.8433,1.57463,2.95567,49.7639,7.19493,2.57981,2.78894,0.863657,0.188123,0.0674532,0.12066956609487534,0.256189,1.28973,0.30037,0.684556,,,3.78615,0.504507,0.142806,999,,,,,,,338.79999999999995,5.4645161290322575,347,5.596774193548387,,,,,,,,,,,,,,,,,,,"Ryan Thompson","16647",657044
"Bryan Baker","TBR",2.76447,1.96264,0,4.09,59.381,0,2,12.3776,,60.8435,257.015,52.4642,29.62,27.65,8.52763,22.5499,1.11966,2.73066,67.7453,10.0209,3.33559,3.00424,1.26141,0.263585,0.0877377,0.17584720253944397,0.226398,1.2329,0.28262,0.71968,,,3.97681,0.503766,0.191706,999,,,,,,,321.5000000000001,5.2704918032786905,304,4.983606557377049,,,,,,,,,,,,,,,,,,,"Bryan Baker","19804",641329
"Germán Márquez","SDP",5.4307,7.90123,4.97474,5.2149,22.045,18.517,0,0.6537,,99.8734,435.418,106.18,62.12,57.87,17.166,33.6534,0.735225,3.30101,72.2241,6.50841,3.03264,2.14612,1.5469,0.165873,0.0772897,0.08858305215835571,0.266474,1.40011,0.288003,0.671095,,,5.03327,0.501136,0.0198768,747.2899780273438,,,,,,,292.29999999999995,2.9229999999999996,316,3.16,,,,,,,,,,,,,,,,,,,"German Marquez","15038",608566
"Jake Irvin","WSN",4.1732,8.40107,2.85902,4.95957,26.47,17.515,0,0.6515,,106.612,461.855,110.378,63.09,58.75,18.1449,34.8768,1.20656,4.43362,75.6949,6.39003,2.94424,2.17035,1.53176,0.163893,0.0755145,0.08837861567735672,0.261222,1.36246,0.280595,0.685552,,,5.03385,0.498959,0.282616,999,,,,,,,323.4000000000001,3.022429906542057,340,3.177570093457944,,,,,,,,,,,,,,,,,,,"Jake Irvin","21504",663623
"Kevin Ginkel","ARI",2.04216,1.62877,0,4.17071,58.337,0,16,14.8083,,59.9682,255.778,56.2346,29.77,27.79,6.5385,20.6757,1.22689,2.90326,57.1888,8.58287,3.103,2.76599,0.981295,0.223588,0.0808345,0.1427532061934471,0.242183,1.28252,0.294982,0.695732,,,3.82483,0.488231,0.138199,490.5400085449219,,,,,,,394.29999999999995,6.571666666666666,391,6.516666666666667,,,,,,,,,,,,,,,,,,,"Kevin Ginkel","19876",656464
"Brandyn Garcia","ARI",1.731,1.27477,0,3.73079,48.506,0,0,0.6504,,52.131,224.294,46.9253,23.11,21.61,3.55921,22.8376,1.41851,2.94391,49.3451,8.51903,3.94273,2.16069,0.61447,0.220002,0.10182,0.11818181723356247,0.236385,1.33822,0.297827,0.720174,,,3.61324,0.487572,0.428245,999,,,,,,,237.40000000000003,4.565384615384616,232,4.461538461538462,,,,,,,,,,,,,,,,,,,"Brandyn Garcia","33568",805299
"Ryan Yarbrough","NYY",2.33929,2.12038,0,4.08602,41.916,2.604,0,7.1865,,63.2375,266.184,57.1898,30.81,28.71,8.14825,19.6579,1.52014,3.96221,52.5644,7.48099,2.79772,2.67396,1.15966,0.197474,0.0738506,0.12362300604581833,0.235772,1.21522,0.269679,0.703508,,,4.2683,0.485543,0.371333,999,,,,,,,281.6000000000001,4.469841269841271,273,4.333333333333333,,,,,,,,,,,,,,,,,,,"Ryan Yarbrough","16502",642232
"Luis Garcia","HOU",2.32392,3.53222,0,4.20579,37.927,3.455,1,0,,49.7101,209.283,43.5682,24.88,23.23,7.46158,16.9284,1.23846,1.92609,50.9499,9.22446,3.06489,3.00972,1.35092,0.24345,0.0808877,0.16256192326545715,0.228791,1.21699,0.2735,0.711615,,,4.17445,0.484023,0.265166,999,,,,,,,219.49999999999997,4.39,209,4.18,,,,,,,,,,,,,,,,,,,"Luis Garcia","23735",677651
"Robert Garcia","TEX",2.70043,1.87507,0,3.97951,61.228,0,18,6.1873,,60.3617,255.605,54.2366,28.65,26.69,7.06953,21.832,1.83648,2.36239,61.7319,9.2043,3.25517,2.82759,1.05408,0.241513,0.085413,0.15609999001026154,0.234374,1.26021,0.290064,0.716604,,,3.81476,0.482947,0.240667,237.6999969482422,,,,,,,383.5,6.391666666666667,375,6.25,,,,,,,,,,,,,,,,,,,"Robert Garcia","23363",676395
"Jon Gray",,2.62488,3.43224,2.47095,4.73143,9.25,7.57,0,0,,44.8723,192.767,44.6405,25.17,23.59,7.00427,14.7471,0.316888,1.85319,38.3546,7.69276,2.95781,2.60083,1.40484,0.198969,0.0765023,0.12246693670749664,0.2534,1.32348,0.287723,0.690127,,,4.56468,0.481251,0.291899,999,,,,,,,154.89999999999998,3.4422222222222216,159,3.533333333333333,,,,,,,,,,,,,,,,,,,"Jon Gray","14916",592351
"Luke Weaver","NYM",2.99918,1.98617,0,4.14154,59.736,0.212,5,14.4654,,66.8665,281.807,59.6363,33.02,30.77,9.65803,21.521,1.21826,2.90107,70.385,9.47357,2.89666,3.27052,1.29994,0.249763,0.076368,0.17339487373828888,0.231701,1.21372,0.281818,0.711711,,,4.0033,0.481217,0.205527,736.2100219726562,,,,,,,362.79999999999995,5.414925373134328,351,5.2388059701492535,,,,,,,,,,,,,,,,,,,"Luke Weaver","16918",596133
"Brendon Little","TOR",2.49979,1.27415,0,3.37079,52.361,0,0,9.6165,,51.6911,219.225,42.3142,20.79,19.36,4.01039,24.4699,1.50782,2.53135,54.6612,9.51713,4.26048,2.23382,0.698253,0.249339,0.11162,0.13771874457597733,0.22013,1.29198,0.286808,0.751911,,,3.59588,0.480751,0.635273,999,,,,,,,295.40000000000003,5.680769230769231,277,5.326923076923077,,,,,,,,,,,,,,,,,,,"Brendon Little","21574",663893
"Clayton Beeter","WSN",2.00738,1.82942,0,3.89981,57.405,0,15,8.9987,,61.1569,263.673,47.8469,28.35,26.5,6.64215,33.4726,1.60413,3.20019,73.3584,10.7956,4.92591,2.1916,0.977475,0.278217,0.126947,0.151269793510437,0.210779,1.32969,0.280304,0.735478,,,3.94697,0.47718,0.39722,316.3500061035156,,,,,,,389.50000000000006,6.385245901639345,363,5.950819672131147,,,,,,,,,,,,,,,,,,,"Clayton Beeter","27494",690925
"Steven Okert","HOU",2.90054,2.05082,0,4.09075,60.826,0.091,1,13.7369,,61.4044,258.551,50.1021,29.85,27.91,9.12077,23.7701,1.30061,3.46248,70.6056,10.3486,3.48396,2.97036,1.33682,0.273083,0.0919359,0.18114671111106873,0.216594,1.20304,0.27034,0.720457,,,4.0969,0.476289,0.191704,999,,,,,,,332.7000000000001,5.454098360655739,310,5.081967213114754,,,,,,,,,,,,,,,,,,,"Steven Okert","13580",595345
"Travis Adams","MIN",1.97343,2.20848,0,4.39604,41.791,2.274,0,4.1785,,58.5527,252.045,56.4791,30.63,28.6,6.83618,20.8583,1.56016,2.5858,50.7424,7.7995,3.20608,2.43272,1.05077,0.201323,0.0827563,0.11856659501791,0.247064,1.32082,0.290271,0.689238,,,4.12088,0.472341,0.10079,999,,,,,,,250.9,4.252542372881356,250,4.237288135593221,,,,,,,,,,,,,,,,,,,"Travis Adams","30180",701519
"Jared Koenig","MIL",2.9792,1.87273,0,3.81239,59.713,0.2,2,15.3048,,62.2995,262.46,54.6584,28.36,26.39,6.80643,22.0782,1.72577,3.0089,60.1432,8.68849,3.18949,2.7241,0.98328,0.229152,0.0841203,0.14503172785043716,0.230264,1.23174,0.280783,0.719808,,,3.83271,0.471622,0.451009,999,,,,,,,344.69999999999993,5.559677419354838,334,5.387096774193548,,,,,,,,,,,,,,,,,,,"Jared Koenig","27517",657649
"Kenley Jansen","DET",2.23838,1.76556,0,3.90003,55.158,0,22,4.1731,,56.3073,233.471,45.2077,26.2,24.4,7.79937,19.3227,1.25224,2.26734,56.4863,9.02861,3.08849,2.92331,1.24663,0.241941,0.0827628,0.15917836129665375,0.213363,1.14604,0.253452,0.714969,,,4.07976,0.470567,0.334238,137.1199951171875,,,,,,,374.0000000000001,6.678571428571431,351,6.267857142857143,,,,,,,,,,,,,,,,,,,"Kenley Jansen","3096",445276
"PJ Poulin","WSN",1.96335,1.76435,0,3.88975,56.674,0,2,14.604,,57.6361,246.928,50.2412,26.72,24.91,5.47773,25.0214,1.91638,2.85888,58.3951,9.11852,3.90714,2.33381,0.855359,0.236486,0.101331,0.1351555734872818,0.229361,1.30582,0.28847,0.718152,,,3.7955,0.46783,0.338825,999,,,,,,,339.70000000000005,5.856896551724139,327,5.637931034482759,,,,,,,,,,,,,,,,,,,"PJ Poulin","23394",676571
"Robert Suarez","ATL",2.44105,1.77473,0,4.18952,63.849,0,11,10.9338,,65.6066,277.588,61.0899,32.69,30.54,8.69853,20.9363,1.48231,2.70459,65.2359,8.94914,2.87206,3.11593,1.19328,0.235009,0.075422,0.15958748757839203,0.240561,1.25027,0.291042,0.706334,,,3.95109,0.466901,0.152019,208.3800048828125,,,,,,,376.1,5.698484848484849,370,5.606060606060606,,,,,,,,,,,,,,,,,,,"Robert Suarez","30115",663158
"Hoby Milner","CHC",2.56408,1.83265,0,3.85976,59.712,0,0,13.4882,,60.9054,254.859,58.8794,28.07,26.12,6.43818,15.6031,1.03577,2.60145,48.404,7.15267,2.30567,3.1022,0.951371,0.189925,0.0612226,0.12870225310325623,0.248799,1.22292,0.288436,0.708923,,,3.81655,0.466327,0.397173,999,,,,,,,315.20000000000005,5.167213114754099,318,5.213114754098361,,,,,,,,,,,,,,,,,,,"Hoby Milner","13346",571948
"David Morgan","SDP",2.36124,1.75043,0,3.95336,55.262,0.226,0,11.7954,,59.2129,251.434,50.8487,27.91,26.01,7.06389,23.4811,1.98352,3.15557,63.3064,9.62219,3.56898,2.69606,1.07367,0.251782,0.0933887,0.158393032848835,0.226198,1.2553,0.283531,0.720353,,,3.89726,0.466013,0.28973,999,,,,,,,313.9,5.320338983050847,300,5.084745762711864,,,,,,,,,,,,,,,,,,,"David Morgan","31616",688158
"JP Sears","SDP",2.25263,3.08756,0.426349,4.47329,21.027,6.748,0,0.6537,,51.6868,218.874,48.463,27.64,25.69,8.61745,15.5717,0.912603,2.59052,44.4849,7.74596,2.71143,2.85678,1.50052,0.203244,0.0711446,0.13209985941648483,0.241456,1.2389,0.26994,0.700299,,,4.6354,0.46396,0.287928,999,,,,,,,184.3,3.5442307692307695,178,3.423076923076923,,,,,,,,,,,,,,,,,,,"JP Sears","23429",676664
"Braydon Fisher","TOR",2.33756,1.31363,0,3.76233,49.013,0.091,1,6.7348,,50.4501,214.397,39.166,22.5,21.09,5.69369,24.2493,2.12105,2.59732,59.2472,10.5694,4.32593,2.44326,1.01572,0.276343,0.113104,0.16323860734701157,0.208829,1.25699,0.272998,0.737955,,,3.84997,0.462007,0.423635,999,,,,,,,264.79999999999995,5.295999999999999,242,4.84,,,,,,,,,,,,,,,,,,,"Braydon Fisher","24609",680755
"Alex Cobb",,2.29263,3.31952,1.01231,4.4637,12.564,7.03,0,0,,42.3819,182.151,43.7335,22.52,21.02,5.12436,13.5997,0.418341,1.70348,33.5371,7.12176,2.88796,2.46602,1.08818,0.184116,0.0746613,0.10945502668619156,0.262115,1.35277,0.301194,0.694055,,,4.20757,0.46027,0.252865,999,,,,,,,154.9,3.6880952380952383,165,3.9285714285714284,,,,,,,,,,,,,,,,,,,"Alex Cobb","6562",502171
"Yimi García","TOR",2.44674,1.35539,0,3.77914,51.188,0,4,10.5557,,52.5119,216.707,44.1821,23.62,22.05,7.36217,15.3208,1.24446,2.54301,54.3639,9.31741,2.62583,3.54837,1.2618,0.250864,0.0706983,0.18016530573368073,0.222196,1.13313,0.26853,0.729389,,,3.90776,0.459843,0.378893,999,,,,,,,309.70000000000005,5.843396226415095,292,5.509433962264151,,,,,,,,,,,,,,,,,,,"Yimi Garcia","12095",554340
"River Ryan","LAD",2.5238,2.33962,0.999598,4.41643,12.222,6.864,0,0.7772,,40.7773,174.704,38.3239,21.41,20.01,5.37905,15.4444,0.38593,1.96935,35.9252,7.92909,3.40875,2.3261,1.18721,0.205635,0.0884034,0.11723194271326065,0.243652,1.31858,0.284043,0.699826,,,4.36912,0.457433,0.402148,640.4500122070312,,,,,,,168.10000000000002,4.1000000000000005,165,4.024390243902439,,,,,,,,,,,,,,,,,,,"River Ryan","29514",689981
"Lucas Erceg","KCR",2.46985,1.83262,0,4.00037,58.476,0,6,12.8377,,61.0369,262.628,56.0484,28.98,27.13,5.25174,24.8717,1.27981,3.91235,54.0111,7.96403,3.66737,2.17159,0.774378,0.205656,0.0947029,0.1109531819820404,0.239683,1.32576,0.290963,0.706018,,,3.89865,0.456458,0.294319,589.3900146484375,,,,,,,347.30000000000007,5.693442622950821,343,5.622950819672131,,,,,,,,,,,,,,,,,,,"Lucas Erceg","19360",668674
"Kendry Rojas","MIN",1.20503,1.10561,0,3.69479,24.968,1.062,0,0,,31.4957,132.464,28.1513,13.85,12.93,2.90468,10.5009,0.926802,1.05141,32.223,9.20784,3.00066,3.0686,0.830022,0.243258,0.0792734,0.16398508101701736,0.232825,1.22722,0.294304,0.717124,,,3.38824,0.450099,0.279081,999,,,,,,,147.7,4.764516129032257,144,4.645161290322581,,,,,,,,,,,,,,,,,,,"Kendry Rojas","sa3016746",696070
"Ryan Fernandez","STL",1.93112,1.53386,0,3.98921,44.237,0,0,0.6663,,46.6558,197.554,42.0111,22.07,20.68,5.09074,16.6642,1.33631,1.8298,46.7149,9.0114,3.21456,2.8033,0.982014,0.236467,0.0843528,0.1521136835217476,0.23462,1.25762,0.29013,0.710117,,,3.74025,0.449062,0.262171,999,,,,,,,218.10000000000002,4.640425531914894,211,4.48936170212766,,,,,,,,,,,,,,,,,,,"Ryan Fernandez","24862",681676
"Marcus Stroman",,3.25965,4.57237,2.81298,4.82466,12.152,10.033,0,0,,56.1677,245.27,57.3609,32.27,30.11,7.15235,22.2797,0.355618,2.4244,40.0809,6.42234,3.56997,1.79899,1.14605,0.163415,0.0908373,0.07257784903049469,0.260062,1.41791,0.289665,0.680345,,,4.68284,0.448122,0.26791,999,,,,,,,188.10000000000008,3.358928571428573,197,3.517857142857143,,,,,,,,,,,,,,,,,,,"Marcus Stroman","13431",573186
"Tyler Alexander","TEX",2.44244,2.56782,0,4.39142,53.271,2.316,1,12.0629,,72.1817,304.64,70.4316,37.76,35.22,10.7315,18.6955,2.09594,2.51085,60.3727,7.52759,2.33106,3.22926,1.33806,0.198177,0.0613693,0.13680782541632652,0.248494,1.23476,0.281167,0.693185,,,4.27646,0.444682,0.0797651,999,,,,,,,322.50000000000006,4.479166666666668,324,4.5,,,,,,,,,,,,,,,,,,,"Tyler Alexander","17735",641302
"Hunter Gaddis","CLE",2.38701,2.18671,0,4.14112,60.87,0.158,4,13.5229,,64.6129,271.444,56.3041,31.83,29.73,9.69476,20.689,1.45117,3.46847,63.9083,8.90185,2.88179,3.089,1.35039,0.235438,0.0762184,0.15922001004219055,0.227688,1.19161,0.268358,0.712122,,,4.22916,0.442967,0.200919,747.3099975585938,,,,,,,344.4,5.298461538461538,327,5.030769230769231,,,,,,,,,,,,,,,,,,,"Hunter Gaddis","25636",683769
"Jeff Hoffman","TOR",2.84,1.67598,0,4.06995,60.762,0,26,3.7659,,61.497,257.984,51.1389,29.8,27.81,9.39251,22.4267,1.09589,3.19849,71.2555,10.4281,3.28211,3.17727,1.37458,0.276202,0.0869304,0.18927109241485596,0.220086,1.19625,0.275171,0.724403,,,4.05334,0.440253,0.191704,102.5999984741211,,,,,,,421.1,6.9032786885245905,401,6.573770491803279,,,,,,,,,,,,,,,,,,,"Jeff Hoffman","17432",656546
"Justin Topa","MIN",2.51487,2.01306,0,4.58094,58.347,0.12,5,11.9549,,61.0814,265.24,65.1786,33.33,31.09,5.78329,19.013,1.71421,3.33775,47.3642,6.97885,2.80146,2.49115,0.852135,0.178571,0.071682,0.10688890516757965,0.268346,1.37835,0.313031,0.668396,,,3.91289,0.438319,-0.114506,747.3800048828125,,,,,,,309.6000000000001,5.0754098360655755,328,5.377049180327869,,,,,,,,,,,,,,,,,,,"Justin Topa","15145",623437
"Garrett Cleavinger","TBR",2.87235,1.96485,0,3.96947,61.782,0,8,13.4459,,61.2852,261.214,51.1898,28.96,27.03,7.8635,26.375,1.14953,3.56562,73.398,10.7788,3.87329,2.78286,1.15479,0.280989,0.100971,0.18001753836870193,0.221339,1.26564,0.28882,0.730285,,,3.87351,0.438278,0.294296,527.25,,,,,,,368.4000000000001,6.039344262295083,349,5.721311475409836,,,,,,,,,,,,,,,,,,,"Garrett Cleavinger","17897",664076
"Martín Pérez","ATL",3.04018,3.71437,3.61445,5.02097,9.275,9.089,0,0,,50.0282,219.488,53.511,29.86,27.91,7.08461,18.5706,0.16795,1.99799,37.6397,6.77132,3.34082,2.02685,1.27451,0.171488,0.0846084,0.08687987923622131,0.269008,1.44082,0.301087,0.679206,,,4.70478,0.432098,0.123799,999,,,,,,,156.49999999999997,3.1299999999999994,172,3.44,,,,,,,,,,,,,,,,,,,"Martin Perez","6902",527048
"Erick Fedde","CHW",4.39163,7.74398,4.52007,5.35391,21.249,16.478,0,0.5969,,95.6329,418.852,99.7815,60.54,56.89,16.0586,36.17,0.696285,3.33828,64.0286,6.02572,3.40396,1.77021,1.51128,0.152867,0.0863552,0.06651175022125244,0.263037,1.4216,0.27977,0.664598,,,5.21842,0.431489,-0.14663,999,,,,,,,268.60000000000014,2.797916666666668,287,2.9895833333333335,,,,,,,,,,,,,,,,,,,"Erick Fedde","17425",607200
"Jimmy Herget","COL",2.65738,2.8617,0,4.68523,61.834,0.578,2,14.5869,,70.4405,302.911,70.1521,39.32,36.67,10.243,21.1587,2.21259,3.66078,65.3184,8.34557,2.70339,3.08707,1.30872,0.215636,0.0698512,0.14578435570001602,0.252263,1.29628,0.295803,0.675464,,,4.22799,0.430942,-0.193092,999,,,,,,,338,4.828571428571428,345,4.928571428571429,,,,,,,,,,,,,,,,,,,"Jimmy Herget","17556",623474
"Bennett Sousa","HOU",2.36774,1.58849,0,3.97025,50.164,0,1,6.8207,,53.5205,225.176,46.4931,25.34,23.61,6.82069,19.1441,1.43865,1.9627,56.9691,9.57992,3.21927,2.97581,1.14697,0.252998,0.0850184,0.16798000782728195,0.227831,1.22639,0.282811,0.718461,,,3.8461,0.42979,0.329693,999,,,,,,,277.9,5.1462962962962955,263,4.87037037037037,,,,,,,,,,,,,,,,,,,"Bennett Sousa","21345",656986
"Graham Ashcraft","CIN",1.98828,1.67572,0,4.12057,54.025,0.271,2,15.586,,61.9211,265.237,60.8659,30.29,28.35,5.91068,20.9596,1.47442,3.30643,50.2278,7.30043,3.0464,2.39641,0.859095,0.18937,0.0790221,0.11034742742776871,0.252586,1.32145,0.297324,0.700681,,,3.92939,0.428675,0.245295,999,,,,,,,328.4,5.296774193548386,334,5.387096774193548,,,,,,,,,,,,,,,,,,,"Graham Ashcraft","27552",668933
"Sean Newcomb","CHW",2.22216,2.647,0,4.23263,56.534,1.876,1,12.5061,,71.5726,309.827,63.9752,36.1,33.66,7.63001,33.4078,1.68077,3.73731,67.0062,8.42579,4.20091,2.00571,0.959447,0.216269,0.107827,0.10844234377145767,0.234614,1.36062,0.284505,0.706832,,,4.20556,0.424417,0.276609,999,,,,,,,348.0000000000001,4.833333333333335,336,4.666666666666667,,,,,,,,,,,,,,,,,,,"Sean Newcomb","16943",656794
"John Schreiber","KCR",2.6296,1.97016,0,4.07937,62.209,0,1,13.5302,,60.8918,259.803,56.619,29.53,27.6,6.52944,21.445,1.07081,3.23164,53.7802,7.94888,3.16964,2.50782,0.965071,0.207003,0.0825432,0.1244601458311081,0.240802,1.28201,0.286526,0.70418,,,3.97847,0.424304,0.191704,999,,,,,,,314.1000000000001,5.149180327868854,311,5.098360655737705,,,,,,,,,,,,,,,,,,,"John Schreiber","20020",670167
"Louis Varland","TOR",2.62547,1.71885,0,4.19199,57.453,0.346,4,13.3476,,64.5373,274.218,61.321,32.26,30.06,8.77002,20.5548,1.73038,2.72447,63.9807,8.92238,2.86645,3.1127,1.22302,0.23332,0.0749576,0.15836267918348312,0.244366,1.26866,0.294918,0.712894,,,4.00109,0.424163,0.200922,743.219970703125,,,,,,,339.70000000000005,5.226153846153847,336,5.1692307692307695,,,,,,,,,,,,,,,,,,,"Louis Varland","27691",686973
"Tyler Kinley","ATL",2.27443,1.63516,0,4.19062,58.548,0,2,13.3846,,59.49,252.662,51.4081,29.55,27.7,7.62785,23.1166,1.3804,2.81359,61.3904,9.28751,3.49722,2.65569,1.15399,0.242975,0.0914922,0.15148241072893143,0.226735,1.25273,0.277593,0.704428,,,4.04574,0.423683,0.0847596,999,,,,,,,311.6,5.2813559322033905,297,5.033898305084746,,,,,,,,,,,,,,,,,,,"Tyler Kinley","18297",641755
"Javier Assad","CHC",1.77096,2.26111,0,4.33685,38.052,2.999,0,4.8172,,57.3388,246.709,53.4258,29.58,27.63,6.31211,23.2666,1.33461,2.87165,47.6869,7.48503,3.65196,2.04959,0.990761,0.193293,0.0943079,0.09898470342159271,0.242216,1.33753,0.282844,0.694305,,,4.27046,0.423524,0.149224,999,,,,,,,248.19999999999993,4.35438596491228,245,4.298245614035087,,,,,,,,,,,,,,,,,,,"Javier Assad","21741",665871
"Charlie Morton",,3.03716,4.44752,2.32111,4.85474,11.865,9.768,0,0,,51.1109,224.965,48.3773,29.44,27.57,7.53493,23.7349,0.378111,3.78761,51.3526,9.04256,4.17943,2.16359,1.32681,0.228269,0.105505,0.12276429682970047,0.245019,1.4109,0.294773,0.693144,,,4.65764,0.423122,0.257204,999,,,,,,,172.2,3.376470588235294,169,3.3137254901960786,,,,,,,,,,,,,,,,,,,"Charlie Morton","4676",450203
"Jovani Morán","BOS",2.2412,1.43285,0,3.72043,43.717,0,0,7.0302,,46.8091,200.602,37.9457,20.74,19.35,4.08566,23.7488,1.30435,2.16984,51.2537,9.85456,4.5662,2.15815,0.785551,0.255499,0.118388,0.1371113806962967,0.217226,1.318,0.283718,0.731663,,,3.74105,0.42204,0.36523,999,,,,,,,251.8,5.357446808510638,235,5,,,,,,,,,,,,,,,,,,,"Jovani Moran","20422",663558
"Dennis Santana","PIT",2.84226,1.9808,0,4.28006,62.187,0,24,4.6365,,64.7654,278.653,60.4378,32.99,30.8,6.94993,24.822,1.71392,3.42271,59.6945,8.29533,3.44934,2.4049,0.965784,0.214225,0.0890785,0.12514664232730865,0.241357,1.31644,0.291068,0.692041,,,3.99507,0.416238,0.0985773,149.1199951171875,,,,,,,414.9,6.383076923076922,410,6.3076923076923075,,,,,,,,,,,,,,,,,,,"Dennis Santana","17878",642701
"George Klassen","LAA",1.83231,3.23407,0.45335,4.62413,17.481,6.57,0,0,,45.6021,198.501,43.1856,25.06,23.43,6.53762,19.3784,0.740365,2.38848,44.5554,8.79342,3.8245,2.29923,1.29026,0.22446,0.0976237,0.12683605402708054,0.244354,1.37195,0.291688,0.702173,,,4.47672,0.416044,0.260791,999,,,,,,,169.50000000000006,3.684782608695653,166,3.608695652173913,,,,,,,,,,,,,,,,,,,"George Klassen","sa3023440",691946
"Riley O'Brien","STL",2.58527,2.06752,0,4.00943,59.184,0,15,10.6554,,62.3355,269.076,53.4204,29.63,27.77,5.97335,29.911,1.5983,4.58359,64.2664,9.27879,4.31856,2.14859,0.862432,0.238841,0.111162,0.12767896801233292,0.227726,1.33682,0.288709,0.716318,,,3.97903,0.413115,0.24528,254.9600067138672,,,,,,,389.2,6.27741935483871,374,6.032258064516129,,,,,,,,,,,,,,,,,,,"Riley O'Brien","20348",676617
"Drew Thorpe","CHW",2.42104,3.35723,2.49777,4.57273,8.638,7.832,0,0,,42.5129,180.435,40.3056,23.08,21.6,6.55918,13.9618,0.19137,1.52944,30.5634,6.4703,2.95572,2.18908,1.38858,0.169388,0.0773786,0.0920092761516571,0.24436,1.27649,0.264013,0.691754,,,4.79619,0.41047,0.366833,999,,,,,,,142.1,3.3046511627906976,138,3.2093023255813953,,,,,,,,,,,,,,,,,,,"Drew Thorpe","31967",689672
"Andrew Kittredge","BAL",2.58127,1.70414,0,4.01988,54.6,0,5,11.9401,,56.039,233.443,51.9778,26.78,25.03,7.52419,14.7104,1.09351,2.11007,54.1734,8.70038,2.36253,3.68265,1.2084,0.232063,0.0630152,0.16904771327972412,0.239947,1.19003,0.286937,0.710688,,,3.84766,0.407026,0.231469,743.4199829101562,,,,,,,310.8000000000001,5.5500000000000025,306,5.464285714285714,,,,,,,,,,,,,,,,,,,"Andrew Kittredge","12828",552640
"Cade Gibson","MIA",2.04998,1.65728,0,3.97186,54.33,0.099,0,11.9227,,60.4327,259.866,56.7023,28.6,26.67,4.56428,24.0324,1.76304,3.31894,49.7123,7.40345,3.57905,2.06855,0.679741,0.1913,0.09248,0.0988195389509201,0.243865,1.33594,0.292518,0.701256,,,3.82955,0.395854,0.240687,999,,,,,,,301.3,5.0216666666666665,302,5.033333333333333,,,,,,,,,,,,,,,,,,,"Cade Gibson","31815",806188
"Joel Payamps","ATL",1.93307,1.46334,0,4.33055,51.134,0,0,9.4616,,50.8757,215.782,49.7133,26.2,24.48,6.5832,14.2472,1.28959,2.43054,45.9071,8.12104,2.52036,3.22218,1.16458,0.212747,0.0660258,0.14672129601240158,0.249684,1.25719,0.294174,0.689765,,,3.99607,0.394114,0.0663382,999,,,,,,,241.30000000000007,4.731372549019609,244,4.784313725490196,,,,,,,,,,,,,,,,,,,"Joel Payamps","14332",606303
"Kevin Kelly","TBR",1.86982,1.27837,0,3.93962,40.386,0,0,0.6597,,41.6233,174.223,40.3611,19.54,18.22,4.3654,9.81387,0.824142,2.54533,35.0285,7.57403,2.122,3.56928,0.943908,0.201055,0.0563292,0.14472561702132225,0.249352,1.20545,0.293914,0.695247,,,3.70623,0.393623,0.199277,999,,,,,,,192.60000000000002,4.585714285714286,193,4.595238095238095,,,,,,,,,,,,,,,,,,,"Kevin Kelly","25679",687330
"A.J. Puk","ARI",1.0501,0.803016,0,3.83257,29.408,0.054,4,0.5334,,31.3732,131.545,27.6375,14.35,13.36,3.55963,9.9451,0.718801,1.52572,35.0051,10.0419,2.85294,3.51984,1.02115,0.266107,0.0756021,0.19050513207912445,0.23017,1.19792,0.295399,0.712676,,,3.47547,0.392413,0.225527,999,,,,,,,165.39999999999998,5.3354838709677415,161,5.193548387096774,,,,,,,,,,,,,,,,,,,"A.J. Puk","19343",640462
"Justin Lawrence","PIT",2.38903,1.71474,0,4.25954,53.325,0,1,11.4923,,56.8794,249.28,54.0453,28.74,26.92,4.84701,25.952,1.32652,3.88682,54.828,8.67541,4.10638,2.11267,0.76694,0.219946,0.104108,0.11583752930164337,0.246286,1.40644,0.30794,0.700126,,,3.88887,0.391999,0.0801558,999,,,,,,,288.9,5.068421052631579,289,5.0701754385964914,,,,,,,,,,,,,,,,,,,"Justin Lawrence","17639",664875
"Carlos Rodriguez","MIL",1.1527,1.25817,0,3.77411,20.617,1.812,0,0.621,,30.6191,128.777,24.5234,13.71,12.84,3.62932,12.3453,0.852405,1.62885,30.659,9.01172,3.62871,2.48345,1.06678,0.238078,0.0958656,0.14221200346946716,0.213613,1.20411,0.259506,0.728544,,,4.0426,0.390577,0.332675,999,,,,,,,139.2,4.490322580645161,127,4.096774193548387,,,,,,,,,,,,,,,,,,,"Carlos Rodriguez","30161",692230
"Porter Hodge","CHC",1.32097,0.866246,0,3.48021,29.791,0,0,0.7226,,31.6015,133.656,24.2323,13.08,12.22,2.58997,15.2442,1.02338,1.82109,35.9745,10.2454,4.34149,2.35988,0.737615,0.269158,0.114056,0.15510205179452896,0.207841,1.2492,0.277373,0.736293,,,3.54387,0.388962,0.383104,999,,,,,,,162.5,5.078125,146,4.5625,,,,,,,,,,,,,,,,,,,"Porter Hodge","26413",687863
"Shane Drohan","MIL",1.14001,1.26091,0,3.76653,20.643,1.923,0,0,,31.995,135.456,25.8749,14.29,13.39,3.47187,14.1355,0.896853,1.28332,35.3916,9.95544,3.97622,2.50374,0.976616,0.261278,0.104355,0.15692289173603058,0.215558,1.25052,0.275989,0.731737,,,3.77922,0.387768,0.390267,999,,,,,,,157.3,4.915625,146,4.5625,,,,,,,,,,,,,,,,,,,"Shane Drohan","sa3014447",675660
"Seranthony Domínguez","CHW",2.27401,1.99368,0,4.06028,58.841,0,21,5.6406,,58.8285,249.474,47.7692,28.37,26.54,7.53894,25.9318,0.960567,3.43952,64.4214,9.85564,3.96724,2.48426,1.15336,0.258228,0.103946,0.15428243577480316,0.217031,1.25281,0.271564,0.717871,,,4.10877,0.383235,0.289705,197.7100067138672,,,,,,,383.40000000000003,6.4983050847457635,361,6.11864406779661,,,,,,,,,,,,,,,,,,,"Seranthony Dominguez","19249",622554
"Jake Bird","NYY",2.55469,1.43952,0,3.90994,49.535,0.061,0,10.0715,,53.2873,227.344,47.1577,24.78,23.15,5.32905,20.8939,1.36637,3.61797,53.7287,9.07454,3.5289,2.5715,0.900054,0.236332,0.0919045,0.1444275677204132,0.232496,1.27707,0.290932,0.71416,,,3.79863,0.380394,0.275942,999,,,,,,,281.50000000000006,5.3113207547169825,273,5.150943396226415,,,,,,,,,,,,,,,,,,,"Jake Bird","21267",656234
"Eric Orze","MIN",2.46023,1.77671,0,4.30006,54.511,0,1,11.3489,,58.6666,252.459,52.0381,29.97,28.03,7.12349,25.1919,1.4673,3.24374,60.1163,9.2224,3.86466,2.38634,1.09281,0.238123,0.0997859,0.13833724707365036,0.232289,1.31642,0.286475,0.702676,,,4.11831,0.379635,0.0847611,999,,,,,,,300.3,5.089830508474576,289,4.898305084745763,,,,,,,,,,,,,,,,,,,"Eric Orze","27626",679358
"Gage Jump","ATH",1.85798,2.32647,2.35383,4.71029,6.216,6.216,0,0,,33.2846,143.207,33.4927,18.66,17.42,5.23814,10.8396,0.131404,1.28764,30.1775,8.15985,2.93099,2.78399,1.41637,0.210727,0.0756923,0.13503442704677582,0.255514,1.33192,0.295352,0.693867,,,4.46075,0.377062,0.157792,999,,,,,,,120.90000000000005,3.663636363636365,124,3.757575757575758,,,,,,,,,,,,,,,,,,,"Gage Jump","sa3034986",695611
"Eric Lauer","TOR",1.90488,1.98963,0,4.31642,38.139,2.801,0,4.1445,,57.2141,244.195,51.0447,29.36,27.44,8.6062,22.465,1.71791,2.04221,59.0899,9.29507,3.53382,2.63031,1.35379,0.241978,0.0919958,0.14998197555541992,0.232351,1.28482,0.279215,0.718336,,,4.31006,0.375955,0.251165,999,,,,,,,240.49999999999997,4.219298245614034,230,4.035087719298246,,,,,,,,,,,,,,,,,,,"Eric Lauer","19316",641778
"Kyle Finnegan","DET",2.29526,1.94936,0,4.14007,59.525,0,6,13.2709,,61.3468,259.412,57.2864,30.36,28.22,7.51377,20.1338,1.31957,2.50438,55.7768,8.18284,2.95377,2.7703,1.10232,0.215012,0.0776133,0.1373991221189499,0.241946,1.26201,0.286902,0.703432,,,4.01603,0.375436,0.191705,626.1799926757812,,,,,,,329.8000000000001,5.406557377049182,326,5.344262295081967,,,,,,,,,,,,,,,,,,,"Kyle Finnegan","15009",640448
"Sam Hentges","SFG",1.70838,1.32275,0,4.1606,43.586,0,0,0.6513,,43.674,187.778,42.9944,21.78,20.19,4.61606,15.6973,0.834862,1.57639,42.3156,8.72008,3.23478,2.69573,0.951242,0.22535,0.0835952,0.14175455272197723,0.252161,1.34386,0.310574,0.706725,,,3.7579,0.374405,0.101346,999,,,,,,,186.3,4.234090909090909,189,4.295454545454546,,,,,,,,,,,,,,,,,,,"Sam Hentges","18548",656529
"Carson Whisenhunt","SFG",1.66951,2.72529,0.432465,4.62747,13.819,6.043,0,0.6513,,39.54,171.185,40.1916,21.79,20.33,5.45119,13.8255,0.573962,1.37288,32.9886,7.50879,3.14693,2.38607,1.24079,0.192708,0.0807638,0.11194394528865814,0.257661,1.36614,0.295546,0.694768,,,4.41191,0.372632,0.205363,999,,,,,,,155.5,3.8875,160,4,,,,,,,,,,,,,,,,,,,"Carson Whisenhunt","31676",687931
"Keegan Akin","BAL",2.89689,2.04906,0,4.17156,61.337,0.212,2,15.5222,,64.6377,273.927,60.2796,32.08,29.96,8.85602,20.814,1.43257,2.32034,60.9341,8.48432,2.8981,2.92755,1.23309,0.222447,0.0759839,0.14646271616220474,0.240357,1.25459,0.284105,0.713494,,,4.10459,0.372411,0.200919,999,,,,,,,341.3,5.250769230769231,335,5.153846153846154,,,,,,,,,,,,,,,,,,,"Keegan Akin","19362",669211
"Taylor Rogers","MIN",2.49445,1.86312,0,4.42976,56.527,0,16,5.735,,57.0302,247.377,53.9983,30.11,28.07,6.80735,23.0147,1.37698,3.06911,56.5914,8.93075,3.63197,2.45892,1.07428,0.228766,0.093035,0.1357310488820076,0.244013,1.35039,0.298877,0.695037,,,4.07436,0.36209,-0.0219102,414.6099853515625,,,,,,,335.29999999999995,5.882456140350876,334,5.859649122807017,,,,,,,,,,,,,,,,,,,"Taylor Rogers","13449",573124
"Tommy Nance","TOR",2.31567,1.40152,0,4.13982,50.815,0,0,11.6851,,53.9154,229.483,49.8491,26.6,24.8,6.31897,19.1098,1.23665,2.96981,52.6592,8.79031,3.18996,2.75561,1.05481,0.229469,0.0832734,0.14619582891464233,0.240349,1.27902,0.293281,0.704662,,,3.93392,0.361706,0.124379,999,,,,,,,283.8,5.2555555555555555,280,5.185185185185185,,,,,,,,,,,,,,,,,,,"Tommy Nance","19178",667297
"Andre Granillo","WSN",1.42662,1.31895,0,3.96999,40.36,0,2,9.8545,,45.4762,193.261,36.7555,21.52,20.06,5.67657,20.3446,1.64308,2.03563,49.1552,9.7281,4.02631,2.41613,1.12343,0.254347,0.10527,0.1490764543414116,0.215095,1.2556,0.26781,0.723866,,,4.07245,0.359721,0.15487,999,,,,,,,245,5.444444444444445,229,5.088888888888889,,,,,,,,,,,,,,,,,,,"Andre Granillo","29542",701552
"Erik Miller","SFG",2.45209,1.8324,0,3.7858,58.772,0.383,3,15.3114,,58.5293,253.338,48.7236,26.49,24.62,5.05619,31.5075,1.59862,2.91825,58.9197,9.06003,4.84488,1.87002,0.777487,0.232573,0.124369,0.10820399224758148,0.222571,1.37078,0.28184,0.734645,,,4.00937,0.359488,0.495722,999,,,,,,,335.70000000000005,5.689830508474577,318,5.389830508474576,,,,,,,,,,,,,,,,,,,"Erik Miller","26252",669062
"Michael Lorenzen","COL",6.4327,10.6736,11.4777,5.72,24.709,24.709,0,0,,141.341,631.871,156.922,95.74,89.83,25.6163,57.1848,0.452633,5.63982,104.551,6.65738,3.64129,1.8283,1.63114,0.165463,0.0905008,0.07496199756860733,0.275763,1.51483,0.299185,0.664072,,,5.34528,0.359432,-0.688384,999,,,,,,,336.40000000000015,2.3858156028368804,388,2.75177304964539,,,,,,,,,,,,,,,,,,,"Michael Lorenzen","14843",547179
"Jedixson Paez","CHW",1.11901,0.891601,0,3.66109,28.557,0,0,0,,31.1956,126.67,28.335,13.62,12.69,4.11793,5.1925,0.824802,1.13235,28.7356,8.29029,1.49805,5.53406,1.18803,0.226855,0.0409924,0.18586232140660286,0.235448,1.07475,0.276794,0.717067,,,3.61714,0.35778,0.225527,999,,,,,,,147.39999999999998,4.7548387096774185,143,4.612903225806452,,,,,,,,,,,,,,,,,,,"Jedixson Paez","sa3016264",699151
"Andrew Chafin","MIN",2.14139,1.50131,0,4.11948,47.587,0,1,6.7692,,46.9719,203.419,42.0973,23.1,21.5,4.71755,21.9654,0.974186,2.01094,48.5994,9.31183,4.20865,2.21254,0.903901,0.238913,0.107981,0.13093183934688568,0.234601,1.36385,0.29637,0.712914,,,3.90279,0.356461,0.159466,999,,,,,,,236.10000000000002,5.023404255319149,229,4.872340425531915,,,,,,,,,,,,,,,,,,,"Andrew Chafin","12988",605177
"Clarke Schmidt","NYY",1.36394,1.39812,0.160778,4.04053,12.517,3.177,0,0.691,,27.286,115.195,24.102,13.1,12.25,3.43708,9.50042,0.436475,1.44992,26.4417,8.72151,3.13361,2.78321,1.13368,0.229539,0.0824727,0.14706624299287796,0.231206,1.23149,0.277882,0.712124,,,4.03852,0.352405,0.275527,999,,,,,,,123.5,4.574074074074074,119,4.407407407407407,,,,,,,,,,,,,,,,,,,"Clarke Schmidt","19899",657376
"Mason Fluharty","TOR",1.91897,1.02109,0,3.64939,39.936,0,0,0.6476,,40.4204,169.117,33.2896,17.55,16.39,4.72429,15.1369,1.87939,1.66304,41.605,9.26377,3.37038,2.74859,1.05191,0.246014,0.0895056,0.15650831162929535,0.218555,1.19807,0.269516,0.738451,,,3.84284,0.351096,0.2976,999,,,,,,,185.7,4.6425,172,4.3,,,,,,,,,,,,,,,,,,,"Mason Fluharty","31553",689254
"Andrew Hoffmann","ARI",1.45869,1.2342,0,4.37087,42.182,0,0,9.7163,,45.8147,198.163,42.9356,23.82,22.25,5.25909,18.2859,1.59266,2.20059,45.2113,8.88147,3.59214,2.47247,1.03311,0.228152,0.0922768,0.13587509840726852,0.24165,1.33628,0.296184,0.694436,,,3.99523,0.349202,0.00379763,999,,,,,,,237.10000000000002,5.154347826086957,235,5.108695652173913,,,,,,,,,,,,,,,,,,,"Andrew Hoffmann","29633",694851
"Fernando Cruz","NYY",2.85593,1.7251,0,4.24935,56.303,0.065,2,15.9832,,57.4182,246.455,46.9834,29.02,27.11,8.7854,26.6664,0.938876,3.16344,76.1927,11.9428,4.17982,2.85726,1.37706,0.309155,0.1082,0.2009550854563713,0.216888,1.28269,0.290155,0.727459,,,4.02883,0.349197,0.0801545,999,,,,,,,324.9,5.699999999999999,304,5.333333333333333,,,,,,,,,,,,,,,,,,,"Fernando Cruz","7048",518585
"AJ Blubaugh","HOU",1.56468,1.8758,0,4.13375,30.354,2.489,0,0.6558,,43.3698,184.816,36.931,21.27,19.92,5.76719,18.0841,1.18493,2.10783,44.6788,9.27164,3.75276,2.47062,1.19679,0.241747,0.0978489,0.14389853924512863,0.224336,1.26851,0.272941,0.718883,,,4.2002,0.349158,0.263442,747.3800048828125,,,,,,,182.2,4.2372093023255815,171,3.9767441860465116,,,,,,,,,,,,,,,,,,,"AJ Blubaugh","31764",805123
"Elvis Alvarado","ATH",2.41945,1.85334,0,4.15048,55.581,0,3,10.4828,,59.6967,257.799,50.5347,29.5,27.53,7.03792,28.4072,1.7475,4.04715,64.6366,9.74475,4.28273,2.27536,1.06105,0.250725,0.110191,0.1405334621667862,0.224255,1.32238,0.283053,0.715628,,,4.13323,0.346345,0.138199,747.3499755859375,,,,,,,314.29999999999995,5.238333333333332,298,4.966666666666667,,,,,,,,,,,,,,,,,,,"Elvis Alvarado","21662",665660
"Jack Perkins","ATH",0.875935,0.756475,0,3.51916,18.719,0.515,0,0.6384,,24.7815,104.519,19.3593,10.37,9.69,2.27741,11.0492,0.656921,1.55708,27.5585,10.0085,4.01277,2.49416,0.827098,0.263668,0.105714,0.15795410424470901,0.210626,1.22706,0.275171,0.736165,,,3.63181,0.345276,0.370412,999,,,,,,,132,5.28,120,4.8,,,,,,,,,,,,,,,,,,,"Jack Perkins","31468",678022
"Justin Wilson",,2.33426,2.49907,0,4.04025,41.832,0,0,0,,40.3861,171.645,36.468,19.45,18.13,4.77102,14.9827,0.903643,1.66887,40.9854,9.13356,3.33887,2.73553,1.06322,0.238781,0.0872887,0.15149196237325668,0.235287,1.27397,0.290167,0.714759,,,3.87814,0.340599,0.194658,999,,,,,,,171.9,4.2975,166,4.15,,,,,,,,,,,,,,,,,,,"Justin Wilson","4301",458677
"Luis García","NYM",2.64337,1.80154,0,4.26994,54.222,0,0,13.3892,,56.0875,240.158,55.393,28.52,26.61,5.89277,18.4607,1.19296,2.83014,46.5813,7.4746,2.96228,2.52326,0.945574,0.193961,0.0768691,0.11709174513816833,0.253089,1.31676,0.297489,0.691022,,,3.97875,0.339816,0.026791,999,,,,,,,280.6,5.010714285714286,285,5.089285714285714,,,,,,,,,,,,,,,,,,,"Luis Garcia","6984",472610
"Wikelman González","CHW",1.6477,1.40671,0,3.96063,42.313,0,0,0.5969,,47.447,205.7,37.2895,22.24,20.88,4.36052,26.4242,1.35904,3.1679,49.3783,9.36634,5.01228,1.86868,0.827127,0.24005,0.12846,0.11159032583236694,0.211743,1.34284,0.269096,0.719917,,,4.11953,0.338132,0.262192,999,,,,,,,217.40000000000003,4.625531914893617,198,4.212765957446808,,,,,,,,,,,,,,,,,,,"Wikelman Gonzalez","26641",682790
"Bryan Hudson","NYM",1.57673,0.901147,0,3.59087,30.55,0,0,4.5906,,33.4599,140.691,28.2227,14.32,13.35,2.96732,12.9598,0.828817,1.45424,32.6354,8.77823,3.48591,2.5182,0.798147,0.231966,0.0921155,0.13985028117895126,0.223499,1.2308,0.27853,0.72546,,,3.62965,0.337486,0.333456,999,,,,,,,178.50000000000006,5.409090909090911,170,5.151515151515151,,,,,,,,,,,,,,,,,,,"Bryan Hudson","19924",663542
"Tim Herrin","CLE",2.04838,1.75464,0,3.94923,53.106,0,0,10.1085,,51.5949,221.799,45.4848,24.27,22.64,4.86022,23.083,1.15162,2.78683,49.7557,8.67918,4.0265,2.15551,0.847796,0.224328,0.104072,0.12025635689496994,0.232149,1.32896,0.287479,0.717217,,,3.93523,0.334654,0.325045,999,,,,,,,268.3,5.1596153846153845,257,4.9423076923076925,,,,,,,,,,,,,,,,,,,"Tim Herrin","25139",682120
"Grant Anderson","MIL",2.57978,1.74824,0,4.1697,52.94,0,0,9.5629,,56.2486,238.844,50.8088,28.01,26.06,7.61764,19.749,1.48388,2.85918,55.4292,8.8689,3.15992,2.80668,1.21885,0.232073,0.0826859,0.1493871510028839,0.234969,1.25439,0.281947,0.710396,,,4.13064,0.33144,0.128986,999,,,,,,,264.4000000000001,4.721428571428573,257,4.589285714285714,,,,,,,,,,,,,,,,,,,"Grant Anderson","20546",681982
"Taijuan Walker","PHI",4.67095,7.26284,1.29219,5.07333,36.851,16.698,0,0.6364,,111.761,488.134,115.194,67.54,63,18.2234,41.6656,1.48016,4.76668,76.3666,6.14972,3.35529,1.83284,1.46751,0.156446,0.085357,0.07108894735574722,0.260797,1.40353,0.279366,0.68003,,,5.13466,0.331058,-0.0342602,999,,,,,,,323.4000000000001,2.8875000000000006,341,3.044642857142857,,,,,,,,,,,,,,,,,,,"Taijuan Walker","11836",592836
"Will Klein","LAD",2.34453,1.10948,0,4.09959,44.799,0,0,14.311,,47.5511,208.223,39.7957,23.16,21.66,4.67478,27.0053,1.08964,2.77083,56.3584,10.667,5.1113,2.08694,0.884797,0.270664,0.129695,0.14096976816654205,0.223012,1.40483,0.299122,0.724256,,,3.92132,0.331014,0.213075,999,,,,,,,267.70000000000005,5.577083333333334,253,5.270833333333333,,,,,,,,,,,,,,,,,,,"Will Klein","27787",694361
"Isaac Mattson","PIT",2.68372,1.92209,0,4.32011,58.02,0,2,13.0655,,62.6234,272.923,54.1108,32.07,30.06,7.19604,31.4281,1.45137,3.54744,62.7484,9.01797,4.51673,1.99657,1.03419,0.229912,0.115154,0.11475866287946701,0.227406,1.36593,0.279249,0.708531,,,4.30049,0.329741,0.0939724,999,,,,,,,322.70000000000005,5.122222222222223,307,4.873015873015873,,,,,,,,,,,,,,,,,,,"Isaac Mattson","20385",676755
"Kyle Backhus","PHI",1.57346,1.03745,0,3.94099,38.893,0,0,6.6189,,37.7266,161.859,34.3577,17.74,16.52,3.58879,15.1521,1.34123,1.89629,36.7927,8.77722,3.61467,2.42823,0.856137,0.227314,0.093613,0.13370048254728317,0.23726,1.31233,0.29464,0.714161,,,3.77697,0.32206,0.190067,999,,,,,,,194.6,5.121052631578947,189,4.973684210526316,,,,,,,,,,,,,,,,,,,"Kyle Backhus","29615",679775
"Luinder Avila","KCR",1.18034,0.802474,0,3.66934,27.256,0,0,0.666,,31.4689,134.055,26.5609,13.74,12.83,2.3633,13.5589,0.853327,1.87418,30.8775,8.83087,3.8778,2.27729,0.675897,0.230335,0.101144,0.1291906237602234,0.223912,1.2749,0.283407,0.716625,,,3.62028,0.321889,0.225576,999,,,,,,,152.59999999999997,4.922580645161289,147,4.741935483870968,,,,,,,,,,,,,,,,,,,"Luinder Avila","24452",679883
"Anthony Bender","MIA",2.22881,1.84577,0,4.17004,59.492,0,2,12.3686,,59.8483,255.492,55.6024,29.86,27.73,6.7953,21.5797,1.41587,3.55286,53.9259,8.10938,3.24515,2.49892,1.02188,0.211067,0.0844631,0.1266036257147789,0.241372,1.28963,0.287713,0.69932,,,4.06891,0.315949,0.138199,999,,,,,,,300.29999999999995,5.004999999999999,297,4.95,,,,,,,,,,,,,,,,,,,"Anthony Bender","19742",669622
"Mason Englert","TBR",2.43977,1.79988,0,4.3401,53.401,0,0,11.9449,,61.5677,260.545,59.1832,31.88,29.69,9.15633,17.1364,1.31335,2.92822,57.4633,8.40002,2.50501,3.35328,1.33848,0.220551,0.0657716,0.15477919578552246,0.246104,1.2396,0.287742,0.699828,,,4.17951,0.31247,0.0406102,999,,,,,,,296.69999999999993,4.785483870967741,295,4.758064516129032,,,,,,,,,,,,,,,,,,,"Mason Englert","22288",669438
"Kohl Drake","ARI",1.26984,1.62928,1.11075,4.54094,5.012,4.067,0,0,,23.0503,98.9718,22.7981,12.46,11.63,3.24552,7.69681,0.15757,0.841884,21.045,8.21701,3.00522,2.73424,1.26722,0.212636,0.0777678,0.13486813753843307,0.252099,1.32297,0.295612,0.694955,,,4.25087,0.309601,0.221196,999,,,,,,,88.50000000000001,3.8478260869565224,91,3.9565217391304346,,,,,,,,,,,,,,,,,,,"Kohl Drake","sa3021723",684442
"Tony Santillan","CIN",2.33752,2.01604,0,4.54029,65.14,0,5,13.2961,,66.009,288.202,60.2122,35.56,33.3,8.7319,29.9728,1.58048,4.29255,70.1074,9.55879,4.08665,2.33903,1.19055,0.243258,0.103999,0.13925863802433014,0.237116,1.36625,0.294011,0.700677,,,4.28795,0.309291,-0.153916,682.7000122070312,,,,,,,336.7000000000001,5.101515151515153,328,4.96969696969697,,,,,,,,,,,,,,,,,,,"Tony Santillan","19926",663574
"Yohan Ramírez","PIT",2.08308,1.44575,0,4.13925,45.429,0,0,10.1114,,49.7699,216.228,44.3543,24.46,22.89,5.01312,21.8643,1.35428,4.99107,50.7236,9.17246,3.95377,2.31993,0.906534,0.234584,0.101117,0.13346710056066513,0.234217,1.33049,0.294391,0.705379,,,4.02502,0.30768,0.217683,999,,,,,,,255.1,5.102,246,4.92,,,,,,,,,,,,,,,,,,,"Yohan Ramirez","19444",670990
"Justin Martinez","ARI",0.82914,0.568026,0,3.38168,22.768,0,2,0.6504,,23.7663,101.818,19.2269,9.54,8.93,1.41122,12.0271,0.865098,1.57394,26.62,10.0807,4.55452,2.21333,0.534412,0.261448,0.118124,0.14332351088523865,0.217951,1.31506,0.296013,0.741642,,,3.38377,0.303864,0.261336,999,,,,,,,141.9,5.9125000000000005,133,5.541666666666667,,,,,,,,,,,,,,,,,,,"Justin Martinez","24453",679885
"Brenan Hanifee","DET",1.93354,1.6392,0,4.16065,50.27,0,0,10.8769,,55.3544,236.79,54.5449,27.52,25.59,5.25099,17.9287,1.40784,2.84708,39.6488,6.44645,2.91501,2.21147,0.853752,0.167443,0.0757158,0.09172744303941727,0.252507,1.30927,0.288076,0.690296,,,4.06176,0.303597,0.075551,999,,,,,,,263.5,4.790909090909091,271,4.927272727272728,,,,,,,,,,,,,,,,,,,"Brenan Hanifee","22304",669724
"Ian Hamilton","ATL",1.43997,1.0898,0,4.23281,38.09,0.088,0,0.6492,,40.505,175.379,37.4868,20.34,19.05,4.07035,17.4852,0.817382,2.1937,40.6134,9.02409,3.88511,2.32274,0.904411,0.231576,0.0996994,0.13187621533870697,0.240763,1.35716,0.301005,0.702852,,,3.89367,0.303208,0.145659,999,,,,,,,187.00000000000006,4.560975609756099,182,4.439024390243903,,,,,,,,,,,,,,,,,,,"Ian Hamilton","19261",641656
"Max Lazar","PHI",1.39968,0.968599,0,4.1599,34.698,0,0,0.6364,,37.6668,157.691,37.0069,18.73,17.41,4.90921,8.50765,1.00851,1.3166,31.3061,7.48019,2.03279,3.67976,1.17299,0.198528,0.0539513,0.1445765197277069,0.250272,1.20835,0.287481,0.693152,,,3.94966,0.301005,0.0875263,999,,,,,,,159.5,4.197368421052632,161,4.2368421052631575,,,,,,,,,,,,,,,,,,,"Max Lazar","23426",676661
"Brent Headrick","NYY",2.1845,1.25654,0,4.11038,42.545,0,0,4.6067,,47.9956,203.335,42.6564,23.46,21.92,6.77553,16.9581,1.28831,1.95911,51.7302,9.7003,3.17993,3.05048,1.27053,0.254408,0.0833995,0.1710088923573494,0.231303,1.24208,0.284967,0.721232,,,3.99715,0.297635,0.213085,999,,,,,,,224.3,4.672916666666667,216,4.5,,,,,,,,,,,,,,,,,,,"Brent Headrick","27702",687396
"Calvin Faucher","MIA",2.20516,2.07099,0,4.56006,61.439,0.078,6,11.493,,63.1768,276.714,61.9695,34.26,32.01,7.14563,27.0843,1.82781,3.14093,60.9286,8.67972,3.85835,2.24959,1.01795,0.220186,0.0978781,0.12230774760246277,0.251408,1.4096,0.307283,0.693154,,,4.11194,0.297263,-0.109939,999,,,,,,,324.90000000000003,5.1571428571428575,330,5.238095238095238,,,,,,,,,,,,,,,,,,,"Calvin Faucher","20116",676534
"Dauri Moreta",,1.56549,1.61742,0,3.91882,27.404,0,0,0,,28.3172,118.947,23.0224,13.21,12.33,3.78887,10.8973,0.651344,1.43922,32.9409,10.4695,3.46346,3.02286,1.20421,0.276939,0.0916149,0.18532368540763855,0.215949,1.19785,0.275235,0.723729,,,3.85495,0.296353,0.167125,999,,,,,,,128.20000000000005,4.57857142857143,118,4.214285714285714,,,,,,,,,,,,,,,,,,,"Dauri Moreta","21101",664294
"Juan Mejia","COL",2.5147,2.57725,0,4.70983,60.394,0,3,14.3047,,63.9577,284.255,61.7665,35.92,33.47,7.68038,30.5716,2.90331,4.24074,68.4627,9.63393,4.30198,2.23942,1.08077,0.24085,0.10755,0.1332995668053627,0.247618,1.44374,0.312097,0.691521,,,4.18828,0.293912,-0.259868,999,,,,,,,316.00000000000006,4.937500000000001,318,4.96875,,,,,,,,,,,,,,,,,,,"Juan Mejia","23237",675848
"Josh Sborz","TEX",1.92975,1.45698,0,4.39978,44.719,0,0,10.2799,,47.0887,202.323,41.7882,24.59,23.02,5.85083,20.0907,0.9256,2.10243,50.2738,9.60876,3.83991,2.50234,1.11826,0.248483,0.0993004,0.14918284863233566,0.23199,1.31409,0.289806,0.694551,,,4.02904,0.292141,-0.0448629,999,,,,,,,238.8,5.080851063829788,231,4.914893617021277,,,,,,,,,,,,,,,,,,,"Josh Sborz","18323",622250
"Carlos Estévez","KCR",2.56351,2.08637,0,4.48026,61.603,0,30,1.9979,,63.1369,271.231,60.2583,33.63,31.43,8.65188,21.3426,1.9918,3.13206,55.4284,7.90117,3.04233,2.59708,1.2333,0.204359,0.0786879,0.12567076832056046,0.244202,1.29244,0.282502,0.690345,,,4.32369,0.289895,-0.109951,108.11000061035156,,,,,,,395.5,6.277777777777778,394,6.253968253968254,,,,,,,,,,,,,,,,,,,"Carlos Estevez","14542",608032
"Liam Hendriks","MIN",1.05596,0.739182,0,4.10814,23.356,0,2,0.5328,,23.9013,99.7466,21.8637,11.67,10.91,3.28346,6.22466,0.446336,0.912878,25.8985,9.75206,2.34389,4.16064,1.23638,0.259643,0.0624047,0.19723866879940033,0.236086,1.17518,0.292938,0.698906,,,3.64977,0.289424,0.0552797,743.8800048828125,,,,,,,128.5,5.354166666666667,126,5.25,,,,,,,,,,,,,,,,,,,"Liam Hendriks","3548",521230
"Paul Blackburn","NYY",2.40194,2.55077,0,4.84611,46.231,3.046,0,12.2539,,62.7906,273.175,64.5918,36.12,33.81,8.67099,21.805,1.56959,2.87567,52.8202,7.57091,3.12538,2.42239,1.24284,0.193357,0.0798206,0.11353635042905807,0.259933,1.37595,0.299037,0.677061,,,4.42712,0.284449,-0.1491,999,,,,,,,265.50000000000006,4.214285714285715,277,4.396825396825397,,,,,,,,,,,,,,,,,,,"Paul Blackburn","14739",621112
"Spencer Turnbull",,1.91075,2.86859,1.58866,5.02051,7.801,6.119,0,0,,34.9028,153.302,35.3954,20.8,19.47,4.76463,14.328,0.257712,2.00883,27.802,7.16899,3.6946,1.9404,1.2286,0.181355,0.0934626,0.08789195865392685,0.258427,1.42462,0.293403,0.67181,,,4.72087,0.280736,0.061877,999,,,,,,,114.5,3.2714285714285714,118,3.3714285714285714,,,,,,,,,,,,,,,,,,,"Spencer Turnbull","16207",605513
"Jordan Leasure","CHW",2.34471,2.13706,0,4.24138,60.711,0.106,7,10.7404,,61.1971,260.162,50.4843,30.85,28.84,9.54348,26.209,1.86889,2.91344,67.6938,9.95544,3.85445,2.58284,1.40352,0.260199,0.100741,0.1594574674963951,0.218509,1.25322,0.266191,0.723852,,,4.37776,0.279826,0.0893651,700.5399780273438,,,,,,,326.4000000000001,5.350819672131149,303,4.967213114754099,,,,,,,,,,,,,,,,,,,"Jordan Leasure","29950",673929
"Matt Festa","CLE",2.10988,2.04131,0,4.44931,55.893,0,1,12.283,,57.3257,246.205,51.8327,30.32,28.34,8.1115,22.6035,1.37802,3.41888,58.1131,9.12362,3.5487,2.57098,1.27349,0.236036,0.0918077,0.14422807842493057,0.235408,1.29848,0.283982,0.699368,,,4.30896,0.279673,-0.0219054,999,,,,,,,279.2,4.898245614035088,272,4.771929824561403,,,,,,,,,,,,,,,,,,,"Matt Festa","19330",670036
"Jonathan Loáisiga","ARI",1.73082,1.48475,0,4.36954,50.374,0,1,11.2229,,52.4403,224.807,54.9429,27.33,25.46,5.58135,14.5602,1.29297,2.74033,38.3216,6.57689,2.49887,2.63195,0.957892,0.170464,0.0647675,0.10569693148136139,0.264777,1.32537,0.301715,0.683638,,,4.04695,0.277624,0.0175892,999,,,,,,,239,4.596153846153846,253,4.865384615384615,,,,,,,,,,,,,,,,,,,"Jonathan Loaisiga","19753",642528
"Pierson Ohl","COL",0.765048,1.3352,0,4.92095,17.371,1.41,0,0,,32.6827,141.277,36.8799,19.18,17.87,4.79878,6.96424,1.08165,1.00393,26.9926,7.43309,1.91778,3.87589,1.32146,0.191061,0.0492948,0.14176617562770844,0.276649,1.34151,0.316014,0.664339,,,4.12353,0.276405,-0.098476,999,,,,,,,116.50000000000004,3.5303030303030316,130,3.9393939393939394,,,,,,,,,,,,,,,,,,,"Pierson Ohl","30179",701487
"Mike Vasil","CHW",2.2149,2.28139,0,4.25805,56.894,0.819,1,0,,71.6313,307.248,64.471,36.33,33.89,8.43389,28.9794,2.10795,4.23338,59.2949,7.45001,3.64107,2.04611,1.05966,0.192987,0.0943192,0.09866786003112793,0.235266,1.3046,0.271621,0.699637,,,4.40119,0.274516,0.224856,999,,,,,,,292.0000000000001,4.055555555555557,280,3.888888888888889,,,,,,,,,,,,,,,,,,,"Mike Vasil","30105",678024
"Luke Little","CHC",0.895459,0.508999,0,2.87125,19.48,0,0,0.7226,,19.9356,83.7033,14.0165,6.75,6.36,0.82698,10.6707,0.565033,1.44419,22.2424,10.0414,4.81733,2.08443,0.373343,0.265729,0.127483,0.13824617862701416,0.195793,1.23835,0.271843,0.762331,,,3.26609,0.273716,0.356855,999,,,,,,,111.29999999999998,5.5649999999999995,99,4.95,,,,,,,,,,,,,,,,,,,"Luke Little","28036",681432
"Gavin Stone","LAD",1.15585,1.02252,0.15809,4.4009,10.301,2.588,0,0.7772,,23.9678,102.434,23.6978,12.53,11.72,3.08851,7.66047,0.395651,0.848987,20.5584,7.71974,2.87654,2.68369,1.15975,0.200699,0.0747845,0.12591417878866196,0.252307,1.30835,0.293256,0.696458,,,4.15994,0.273242,0.117318,999,,,,,,,97.30000000000001,4.054166666666667,100,4.166666666666667,,,,,,,,,,,,,,,,,,,"Gavin Stone","27792",694813
"José Suarez","ATL",0.956722,0.908459,0,4.42894,24.999,0.578,0,0.6492,,31.9851,138.396,30.8614,16.91,15.74,3.74811,12.4207,0.944413,1.43722,32.0332,9.01353,3.49495,2.57901,1.05465,0.231461,0.0897478,0.14171314984560013,0.247808,1.3532,0.30548,0.693369,,,3.95529,0.27317,0.026845,999,,,,,,,136.00000000000003,4.250000000000001,137,4.28125,,,,,,,,,,,,,,,,,,,"Jose Suarez","19911",660761
"Walker Buehler","SDP",2.24028,3.32304,0.522216,4.77074,20.912,7.112,0,0.6537,,51.7467,224.557,50.6406,29.35,27.43,7.57128,20.2189,0.837612,2.538,39.7484,6.9132,3.51656,1.9659,1.31683,0.177008,0.0900392,0.0869690328836441,0.250945,1.36935,0.278802,0.688843,,,4.82028,0.272773,0.187393,999,,,,,,,168.79999999999998,3.2461538461538457,171,3.2884615384615383,,,,,,,,,,,,,,,,,,,"Walker Buehler","19374",621111
"Cole Henry","WSN",2.20133,2.11778,0,4.16962,62.493,0,12,7.9996,,62.574,268.61,51.4607,30.95,28.99,7.80233,29.0944,1.54879,4.47449,60.9226,8.76248,4.18464,2.09396,1.12221,0.226807,0.108314,0.1184920221567154,0.218943,1.28736,0.262502,0.712391,,,4.41829,0.270387,0.196311,732.8800048828125,,,,,,,350.20000000000005,5.558730158730159,326,5.174603174603175,,,,,,,,,,,,,,,,,,,"Cole Henry","27570",669371
"Brooks Raley","NYM",2.69997,1.91715,0,4.43987,55.646,0,2,14.1176,,55.1368,237.471,52.2288,29.18,27.2,7.86685,19.893,1.13038,3.23496,55.4521,9.05147,3.24714,2.78752,1.28411,0.233511,0.0837703,0.1497407779097557,0.243669,1.30805,0.293741,0.702717,,,4.23692,0.269541,-0.0265106,999,,,,,,,280.40000000000003,5.098181818181819,278,5.054545454545455,,,,,,,,,,,,,,,,,,,"Brooks Raley","10061",548384
"Brandon Eisert","CHW",1.87499,1.72856,0,4.35244,50.438,0.058,0,0.5969,,52.5429,224.397,50.0115,27.31,25.41,6.97717,17.6755,1.59266,2.13924,50.3795,8.62944,3.02761,2.85025,1.19511,0.224511,0.078769,0.14574211090803146,0.244457,1.28822,0.292303,0.697129,,,4.0751,0.268947,0.0709449,999,,,,,,,220.10000000000002,4.152830188679245,218,4.113207547169812,,,,,,,,,,,,,,,,,,,"Brandon Eisert","27668",685126
"Brock Burke","CIN",2.13532,1.81822,0,4.42152,58.961,0.099,0,12.8437,,59.9862,256.202,60.2494,31.58,29.47,8.05346,17.724,1.68826,2.23364,50.3215,7.54997,2.6592,2.83918,1.2083,0.196413,0.0691795,0.12723369896411896,0.255029,1.29985,0.29345,0.695568,,,4.20079,0.264731,-0.0659491,999,,,,,,,281.6,4.693333333333333,288,4.8,,,,,,,,,,,,,,,,,,,"Brock Burke","17968",656271
"Yerry De los Santos","NYY",1.77733,1.02491,0,3.96902,34.275,0,0,0.691,,37.5508,159.824,34.9041,17.74,16.56,3.44414,13.5857,0.854629,1.96246,29.5279,7.0771,3.25616,2.17345,0.825476,0.184753,0.0850045,0.09974843263626099,0.241927,1.29131,0.28265,0.704172,,,3.99697,0.26365,0.1901,999,,,,,,,169.3,4.455263157894737,167,4.394736842105263,,,,,,,,,,,,,,,,,,,"Yerry De los Santos","21420",660787
"Yennier Cano","BAL",2.59046,1.81752,0,4.21012,56.093,0,2,12.5929,,55.388,237.057,53.8095,27.76,25.91,5.85718,19.7253,1.02582,2.78172,47.8665,7.77782,3.20516,2.42666,0.951733,0.20192,0.0832091,0.11871078610420227,0.250802,1.32763,0.298162,0.700619,,,4.00051,0.257586,0.0755483,999,,,,,,,281.79999999999995,5.123636363636363,286,5.2,,,,,,,,,,,,,,,,,,,"Yennier Cano","25911",666974
"Tanner Houck","BOS",0.924004,1.18078,0.148942,4.11255,6.976,2.718,0,0,,20.8119,88.7202,20.0589,10.2,9.51,2.18308,6.77568,0.323223,1.34473,16.2793,7.03988,2.93011,2.4026,0.94406,0.18349,0.0763714,0.10711847990751266,0.248871,1.28939,0.287683,0.699571,,,4.10491,0.256966,0.26564,999,,,,,,,86.80000000000001,4.133333333333334,87,4.142857142857143,,,,,,,,,,,,,,,,,,,"Tanner Houck","19879",656557
"Jose Quintana","COL",5.53986,9.76676,10.546,5.98971,22.067,22.067,0,0,,127.148,578.142,151.939,90.27,84.62,19.8868,53.6567,0.38428,4.9018,78.579,5.56211,3.79801,1.46448,1.40766,0.135916,0.0928088,0.04310762882232666,0.292425,1.61698,0.313576,0.648794,,,5.31406,0.255383,-0.923079,999,,,,,,,279.6000000000002,2.2015748031496076,356,2.8031496062992125,,,,,,,,,,,,,,,,,,,"Jose Quintana","11423",500779
"Ryan Brasier","TEX",1.70325,1.32352,0,4.20209,38.218,0.313,0,0.6445,,40.0729,168.597,37.8322,20.01,18.71,5.05791,11.0418,0.71194,1.63344,33.5403,7.53285,2.47987,3.03759,1.13596,0.198938,0.0654919,0.13344591110944748,0.242636,1.21963,0.279349,0.690643,,,4.05091,0.254691,0.0921329,999,,,,,,,168.7,4.217499999999999,168,4.2,,,,,,,,,,,,,,,,,,,"Ryan Brasier","5615",518489
"Ethan Roberts","CHC",1.32882,0.971546,0,4.06065,31.04,0,0,0.7226,,33.0908,140.616,29.0793,16,14.93,3.77666,12.4942,1.15192,1.75289,33.062,8.99216,3.39816,2.64618,1.02717,0.235122,0.0888533,0.14626887440681458,0.230114,1.25635,0.282615,0.704773,,,3.91221,0.25285,0.127244,999,,,,,,,147.60000000000005,4.472727272727274,141,4.2727272727272725,,,,,,,,,,,,,,,,,,,"Ethan Roberts","24930",681799
"Spencer Bivens","SFG",2.34841,1.84221,0,4.23056,58.143,0.067,0,14.1837,,67.6081,290.271,65.8521,34.24,31.78,7.47386,23.7935,1.85747,3.62759,50.1475,6.67564,3.16739,2.10762,0.994921,0.172761,0.0819697,0.0907909944653511,0.250531,1.32596,0.284454,0.699723,,,4.30553,0.250644,0.156626,999,,,,,,,317.5,4.669117647058823,321,4.720588235294118,,,,,,,,,,,,,,,,,,,"Spencer Bivens","30226",702352
"Keaton Winn","SFG",1.22291,1.35489,0,4.41053,30.015,1.117,1,6.8229,,38.3627,165.42,38.9386,20.29,18.8,4.61873,12.434,1.04426,1.96172,33.4907,7.85701,2.91705,2.69348,1.08357,0.202459,0.0751662,0.12729256600141525,0.257831,1.33913,0.303945,0.692165,,,4.08005,0.249488,0.0413232,999,,,,,,,175.29999999999998,4.613157894736841,182,4.7894736842105265,,,,,,,,,,,,,,,,,,,"Keaton Winn","23499",676775
"José Leclerc",,1.80299,1.91598,0,4.06899,31.573,0,0,0,,32.8681,140.185,26.582,15.85,14.86,3.91548,15.2303,0.666347,1.92203,35.0082,9.58601,4.17039,2.29859,1.07214,0.249728,0.108644,0.14108391851186752,0.216056,1.27213,0.269489,0.714612,,,4.11912,0.248817,0.127241,999,,,,,,,143.80000000000007,4.357575757575759,132,4,,,,,,,,,,,,,,,,,,,"Jose Leclerc","14524",600917
"Colin Selby","BAL",1.79273,1.20366,0,4.00987,37.587,0,0,0.6611,,40.1759,171.976,34.4076,19.11,17.9,4.51186,17.9379,1.20884,2.19178,40.5601,9.08606,4.01836,2.26114,1.01072,0.235848,0.104305,0.13154269009828568,0.226595,1.30291,0.279991,0.722057,,,4.07906,0.248675,0.194681,999,,,,,,,172.1,4.3025,161,4.025,,,,,,,,,,,,,,,,,,,"Colin Selby","24986",681882
"Coleman Crow","MIL",0.705241,0.598918,0,3.60214,13.247,0.626,0,0,,16.84,69.6843,14.2554,7.24,6.74,1.94067,5.01306,0.452085,0.75741,17.4296,9.3151,2.67919,3.47684,1.03718,0.250122,0.0719396,0.17818264663219452,0.223041,1.14421,0.276465,0.726729,,,3.59125,0.248401,0.24405,999,,,,,,,80.80000000000001,4.752941176470589,75,4.411764705882353,,,,,,,,,,,,,,,,,,,"Coleman Crow","sa3015142",689441
"Richard Lovelady","NYM",1.26158,0.73755,0,3.6283,24.539,0,0,0.7173,,25.7972,108.429,22.7563,11.15,10.4,2.25979,8.92271,0.6289,1.32616,22.8104,7.95798,3.11291,2.55644,0.788385,0.210373,0.0822912,0.12808144092559814,0.231782,1.228,0.280354,0.71993,,,3.69733,0.246664,0.265832,999,,,,,,,128,4.923076923076923,124,4.769230769230769,,,,,,,,,,,,,,,,,,,"Richard Lovelady","19337",663992
"Dylan Dodd","ATL",1.3681,1.04794,0,4.46911,36.949,0,0,3.9816,,40.941,175.053,42.0124,21.81,20.33,5.21599,11.5364,1.09987,1.24296,36.4414,8.01086,2.53603,3.15882,1.14662,0.208173,0.0659023,0.142271026968956,0.258898,1.30795,0.305069,0.686297,,,3.9476,0.245882,-0.058601,999,,,,,,,181.70000000000005,4.431707317073172,189,4.609756097560975,,,,,,,,,,,,,,,,,,,"Dylan Dodd","29928",689266
"Chase Lee","TOR",1.03757,0.579084,0,3.80005,22.205,0,0,0.6476,,24.2286,101.306,21.6593,10.96,10.23,2.88576,7.15554,0.875297,1.20913,24.6545,9.15822,2.65801,3.44552,1.07195,0.243367,0.0706329,0.17273381352424622,0.233043,1.18929,0.287052,0.720687,,,3.68407,0.245744,0.15798,999,,,,,,,113.50000000000001,4.729166666666667,111,4.625,,,,,,,,,,,,,,,,,,,"Chase Lee","29574",695445
"Tanner Gordon","COL",2.32825,4.85213,0.776542,5.73201,25.441,8.5,0,0.6093,,63.4018,281.164,75.297,43.22,40.38,11.8054,17.6201,1.30059,2.1105,47.932,6.80403,2.5012,2.7203,1.6758,0.170477,0.0626685,0.10780873149633408,0.288016,1.46553,0.314789,0.650575,,,4.97733,0.245562,-0.55002,999,,,,,,,163.60000000000002,2.5968253968253974,199,3.1587301587301586,,,,,,,,,,,,,,,,,,,"Tanner Gordon","27669",685299
"Dax Fulton","MIA",0.530042,0.7498,0,3.64885,12.741,1.008,0,0,,17.3397,73.9368,15.6896,7.54,7.03,1.20088,6.93361,0.571055,0.757213,16.9012,8.7724,3.59882,2.43757,0.623306,0.22859,0.0937776,0.13481219857931137,0.236838,1.3047,0.300945,0.720238,,,3.41666,0.24522,0.140482,999,,,,,,,81.9,4.81764705882353,82,4.823529411764706,,,,,,,,,,,,,,,,,,,"Dax Fulton","sa3014535",690978
"Jason Alexander","HOU",2.01971,3.07044,0.45165,5.08757,20.384,6.093,0,0.6558,,48.4003,212.975,51.6858,29.31,27.36,7.1435,17.3662,0.848866,2.66329,38.0467,7.07475,3.22923,2.19085,1.32833,0.178644,0.0815409,0.09710290282964706,0.267878,1.42669,0.30146,0.67301,,,4.72315,0.244857,-0.0644207,999,,,,,,,153.90000000000003,3.2062500000000007,169,3.5208333333333335,,,,,,,,,,,,,,,,,,,"Jason Alexander","19666",669920
"Sam Moll","CIN",1.85211,1.50095,0,4.25027,50.746,0,0,4.5244,,48.7451,210.579,45.1859,24.69,23.02,5.62512,20.3599,2.03699,2.65494,46.8405,8.64835,3.75913,2.30063,1.03859,0.222437,0.0966853,0.12575142085552216,0.240909,1.34466,0.292829,0.708433,,,4.1299,0.244429,0.0617321,999,,,,,,,216.8,4.424489795918368,212,4.326530612244898,,,,,,,,,,,,,,,,,,,"Sam Moll","14874",594580
"Jonathan Bowlan","PHI",1.90846,1.44543,0,4.48098,48.531,0.031,0,9.801,,54.0284,233.748,51.6558,28.87,26.9,7.42546,20.7879,1.90375,2.49924,53.1782,8.85838,3.46283,2.55813,1.23693,0.227502,0.0889329,0.13856913149356842,0.245441,1.34085,0.295149,0.702258,,,4.24633,0.241722,-0.0796656,999,,,,,,,255.3,4.727777777777778,256,4.7407407407407405,,,,,,,,,,,,,,,,,,,"Jonathan Bowlan","24607",680742
"Brad Keller","PHI",2.3547,1.70954,0,4.02146,57.169,0.421,4,15.9024,,64.9914,280.464,58.2063,31.17,29.04,6.69489,29.8044,1.35865,3.37349,59.5903,8.25206,4.1273,1.99938,0.927108,0.21247,0.106268,0.10620229691267014,0.23538,1.35419,0.284591,0.722816,,,4.17199,0.238194,0.303542,743.5,,,,,,,349.09999999999997,5.3707692307692305,339,5.2153846153846155,,,,,,,,,,,,,,,,,,,"Brad Keller","15734",641745
"Kade Strowd","ARI",1.53262,1.28087,0,4.30008,44.482,0,1,0.6504,,45.9829,200.296,43.747,23.53,21.97,4.60423,20.3249,1.13431,2.43249,43.5059,8.5152,3.97809,2.14052,0.901162,0.217208,0.101474,0.11573371291160583,0.246408,1.39339,0.302427,0.703535,,,4.02928,0.235506,0.0037905,999,,,,,,,195.50000000000003,4.250000000000001,196,4.260869565217392,,,,,,,,,,,,,,,,,,,"Kade Strowd","26191",669704
"Juan Morillo","ARI",1.1231,0.889755,0,4.03902,31.714,0,0,6.7646,,31.3071,134.908,28.2531,15.05,14.05,2.88053,13.7288,0.926663,1.66844,29.479,8.47448,3.94668,2.14724,0.828078,0.218513,0.101764,0.1167484000325203,0.236407,1.34097,0.291134,0.709684,,,3.92347,0.235309,0.122634,999,,,,,,,157.7,5.087096774193548,154,4.967741935483871,,,,,,,,,,,,,,,,,,,"Juan Morillo","21924",666661
"Danny Coulombe","BOS",2.55551,1.83617,0,4.15109,50.438,0.107,1,10.2242,,48.3271,204.549,43.093,24.01,22.29,6.49059,17.8856,0.939837,1.69769,46.2809,8.61894,3.33085,2.58761,1.20875,0.226259,0.0874393,0.1388193517923355,0.232979,1.26179,0.276885,0.712418,,,4.18146,0.234557,0.110559,999,,,,,,,246.60000000000002,5.1375,239,4.979166666666667,,,,,,,,,,,,,,,,,,,"Danny Coulombe","13293",543056
"Steven Cruz","KCR",1.68245,1.28241,0,4.07406,39.209,0.096,0,0.666,,40.5149,174.171,35.3373,19.6,18.34,4.02591,18.0751,0.822276,2.28183,36.6571,8.14303,4.01521,2.02804,0.894318,0.210467,0.103778,0.10668846219778061,0.229741,1.31834,0.276772,0.707726,,,4.12473,0.233473,0.145657,999,,,,,,,181.20000000000005,4.4195121951219525,171,4.170731707317073,,,,,,,,,,,,,,,,,,,"Steven Cruz","23165",674444
"Luis Curvelo","TEX",1.23712,0.82364,0,3.88051,26.978,0,0,0.6445,,28.5272,118.591,23.4085,13.14,12.3,3.87028,9.50698,0.736613,1.42147,28.9874,9.14519,2.99934,3.04907,1.22103,0.244431,0.0801659,0.16426543146371841,0.217425,1.15383,0.261189,0.719185,,,4.01585,0.232505,0.220966,999,,,,,,,134.60000000000002,4.641379310344829,122,4.206896551724138,,,,,,,,,,,,,,,,,,,"Luis Curvelo","24710",681168
"Tanner Banks","PHI",2.16074,1.6484,0,4.51056,55.339,0.133,0,12.276,,58.6624,251.669,59.4612,31.72,29.4,8.21371,17.6249,1.07499,2.10236,53.5252,8.21185,2.70402,3.03691,1.26015,0.212681,0.0700322,0.14264903962612152,0.256363,1.31406,0.301097,0.691695,,,4.13935,0.231822,-0.119068,999,,,,,,,280.80000000000007,4.759322033898306,287,4.864406779661017,,,,,,,,,,,,,,,,,,,"Tanner Banks","16990",621383
"Cole Winn","TEX",2.4599,1.71473,0,4.10072,54.608,0,4,11.013,,62.0233,267.543,51.7826,30.17,28.26,6.49125,30.5511,1.98135,3.63323,57.2334,8.30495,4.43318,1.87336,0.941924,0.213922,0.114192,0.09973067790269852,0.221902,1.32746,0.266995,0.712172,,,4.30361,0.230792,0.245292,999,,,,,,,322.79999999999995,5.2064516129032254,305,4.919354838709677,,,,,,,,,,,,,,,,,,,"Cole Winn","22113",668390
"Caleb Ferguson","CIN",1.75707,1.48067,0,4.35094,48.466,0.05,0,6.9171,,47.9276,207.659,46.2273,24.79,23.17,5.15822,19.1031,0.920819,2.78918,41.5199,7.79675,3.58725,2.17346,0.968627,0.199943,0.0919927,0.10794982314109802,0.248846,1.36311,0.295272,0.697663,,,4.17199,0.230782,0.00838353,999,,,,,,,220.10000000000005,4.585416666666668,221,4.604166666666667,,,,,,,,,,,,,,,,,,,"Caleb Ferguson","19349",657571
"Kervin Castro","NYY",1.34194,0.71507,0,3.73887,25.316,0,0,0.691,,26.5749,112.101,22.5065,11.83,11.04,2.68458,10.2674,0.948262,1.29829,25.4433,8.61676,3.47721,2.47807,0.909174,0.226967,0.0915905,0.13537684828042984,0.223866,1.23326,0.273755,0.721818,,,3.83918,0.22867,0.216412,999,,,,,,,124.10000000000001,4.5962962962962965,117,4.333333333333333,,,,,,,,,,,,,,,,,,,"Kervin Castro","21656",665645
"Jordan Romano","LAA",2.23994,2.03646,0,4.38025,57.12,0,5,12.5536,,57.2638,243.143,51.3135,29.8,27.87,8.82845,20.4311,1.80454,2.97051,58.7393,9.2319,3.2111,2.875,1.38754,0.241584,0.084029,0.1575544998049736,0.233518,1.25288,0.279188,0.706319,,,4.31382,0.228322,-0.0219102,740.0999755859375,,,,,,,304.5,5.342105263157895,294,5.157894736842105,,,,,,,,,,,,,,,,,,,"Jordan Romano","16122",605447
"Emilio Pagán","CIN",2.37517,1.91519,0,4.33099,63.111,0.071,26,3.9756,,64.9598,272.68,55.5224,33.38,31.26,11.7743,22.2382,1.14772,2.50926,71.0924,9.84965,3.08104,3.19686,1.63129,0.260717,0.0815542,0.17916281521320343,0.223941,1.19706,0.265034,0.724266,,,4.44553,0.22705,0.098577,112.95999908447266,,,,,,,400.79999999999995,6.166153846153845,382,5.876923076923077,,,,,,,,,,,,,,,,,,,"Emilio Pagan","14771",641941
"Zach McCambley","PHI",1.48839,1.0319,0,4.15976,36.794,0,0,0,,38.144,163.421,33.8974,18.97,17.63,4.97404,15.2326,1.3585,2.10852,39.6599,9.35767,3.5941,2.60362,1.17362,0.242686,0.093211,0.1494746282696724,0.232047,1.28801,0.285112,0.715263,,,4.11475,0.224571,0.0875262,999,,,,,,,160.29999999999998,4.218421052631578,154,4.052631578947368,,,,,,,,,,,,,,,,,,,"Zach McCambley","sa3014478",685112
"Paul Sewald","ARI",1.7985,1.51611,0,4.49057,50.99,0,10,8.9961,,51.7084,219.044,47.0023,27.63,25.8,8.63268,16.4606,1.27328,2.27147,52.2341,9.0915,2.86502,3.17327,1.50254,0.238464,0.0751476,0.16331636905670166,0.234645,1.22732,0.275159,0.697448,,,4.37194,0.223636,-0.0842927,502.989990234375,,,,,,,287.90000000000003,5.536538461538462,279,5.365384615384615,,,,,,,,,,,,,,,,,,,"Paul Sewald","13892",623149
"DL Hall","MIL",2.30485,1.55352,0,4.05118,46.543,0.223,0,6.4581,,55.7616,240.624,48.4936,26.86,25.1,5.86829,26.1195,1.32954,2.80738,52.5355,8.4793,4.21573,2.01135,0.94715,0.218331,0.108549,0.10978122055530548,0.229071,1.33807,0.278064,0.7192,,,4.17524,0.223153,0.231498,999,,,,,,,258.80000000000007,4.621428571428573,245,4.375,,,,,,,,,,,,,,,,,,,"DL Hall","22207",669084
"Scott Barlow","ATH",2.34752,1.93787,0,4.40132,54.727,0.087,5,8.9114,,54.9244,238.323,47.8657,28.63,26.86,6.75267,26.2212,1.33604,3.66006,57.9319,9.49281,4.29665,2.20935,1.1065,0.243081,0.110024,0.1330573409795761,0.229635,1.34889,0.285989,0.703306,,,4.25604,0.222371,-0.0265056,999,,,,,,,283.09999999999997,5.1472727272727266,271,4.927272727272728,,,,,,,,,,,,,,,,,,,"Scott Barlow","14993",605130
"Brady Basso","ATH",1.435,1.1031,0,4.11383,32.919,0.081,0,0.6384,,37.0385,157.359,34.3957,18.15,16.93,4.545,12.6802,1.07134,1.50295,34.2381,8.31954,3.08116,2.70013,1.10439,0.21758,0.0805814,0.13699882477521896,0.240234,1.271,0.285947,0.710485,,,4.03037,0.220977,0.136454,999,,,,,,,150.9,4.078378378378378,147,3.972972972972973,,,,,,,,,,,,,,,,,,,"Brady Basso","25582",669620
"Tink Hence","STL",0.71633,1.06079,0.338885,4.06739,3.888,2.465,0,0,,13.0993,55.1734,12.1059,6.31,5.92,1.55402,4.17612,0.115643,0.493627,12.5119,8.59639,2.86924,2.99605,1.0677,0.226773,0.0756908,0.15108256042003632,0.239704,1.24297,0.289587,0.706915,,,3.83653,0.220899,0.189975,999,,,,,,,54.39999999999999,4.184615384615384,53,4.076923076923077,,,,,,,,,,,,,,,,,,,"Tink Hence","sa3014709",693311
"George Soriano","STL",1.42606,1.24973,0,4.42953,33.45,0,0,4.4419,,39.2141,170.33,36.5616,20.6,19.3,4.33576,16.6148,0.978422,2.4894,36.0359,8.27056,3.81324,2.16891,0.995096,0.211565,0.0975445,0.11402042955160141,0.241768,1.35605,0.290704,0.69155,,,4.19612,0.214098,-0.0631531,999,,,,,,,174.20000000000005,4.466666666666668,174,4.461538461538462,,,,,,,,,,,,,,,,,,,"George Soriano","21863",666277
"Cody Laweryson","MIN",0.850009,0.594053,0,4.16798,18.737,0,0,0.6268,,21.4852,91.1939,19.92,10.67,9.95,2.40512,6.9195,0.633156,0.919807,20.0153,8.38427,2.89853,2.89259,1.00749,0.219481,0.0758768,0.1436038762331009,0.238979,1.24921,0.28744,0.688875,,,3.82184,0.213021,-0.00269816,999,,,,,,,98.80000000000001,4.704761904761905,99,4.714285714285714,,,,,,,,,,,,,,,,,,,"Cody Laweryson","26429",689520
"Grant Wolfram","BAL",1.68124,1.14805,0,4.16068,35.95,0,0,4.4076,,39.1955,169.743,35.4142,19.43,18.12,4.16564,17.687,1.36736,1.8295,38.2117,8.77409,4.06125,2.16044,0.956506,0.225115,0.104198,0.12091619521379471,0.235738,1.35478,0.289742,0.712326,,,4.06074,0.212168,0.141055,999,,,,,,,180.40000000000003,4.625641025641026,175,4.487179487179487,,,,,,,,,,,,,,,,,,,"Grant Wolfram","21623",664991
"Casey Legumina","SEA",1.77314,1.46212,0,4.24933,44.736,0.024,0,4.3334,,47.3369,202.609,42.9601,23.96,22.35,6.30179,18.1242,1.35903,2.25007,46.1756,8.77921,3.4459,2.54773,1.19814,0.227905,0.0894544,0.13845110684633255,0.235741,1.29042,0.282515,0.710353,,,4.20608,0.210714,0.0571295,999,,,,,,,210.2,4.472340425531915,205,4.361702127659575,,,,,,,,,,,,,,,,,,,"Casey Legumina","25921",668984
"Julian Aguiar","CIN",0.946554,1.48563,0,4.46577,23.358,2.024,0,0.6526,,34.6234,147.75,33.8324,18.4,17.18,5.06416,10.2405,0.986984,1.85587,27.928,7.2596,2.66191,2.72721,1.31638,0.189021,0.0693094,0.11971200257539749,0.249402,1.27292,0.280223,0.694179,,,4.47143,0.210006,0.142428,999,,,,,,,133.1,3.8028571428571425,134,3.8285714285714287,,,,,,,,,,,,,,,,,,,"Julian Aguiar","30031",687924
"McCade Brown","COL",1.4965,3.11088,0.516257,5.40021,12.682,6.052,0,0.6093,,36.4986,161.498,38.8659,23.44,21.9,6.34579,13.6796,0.545039,1.8516,33.6186,8.28984,3.37317,2.45758,1.56478,0.208167,0.0847042,0.12346296012401581,0.266265,1.43966,0.306786,0.666619,,,4.82977,0.208579,-0.12245,999,,,,,,,115.20000000000002,3.2000000000000006,126,3.5,,,,,,,,,,,,,,,,,,,"McCade Brown","30004",685326
"Jalen Beeks","TEX",2.21642,1.66492,0,4.22065,50.285,0.162,1,6.9607,,51.8806,222.304,48.6847,26.03,24.33,6.1309,19.5423,1.20145,2.20191,44.2934,7.68381,3.39011,2.26654,1.06356,0.199247,0.0879081,0.11133911460638046,0.242744,1.31508,0.283436,0.707484,,,4.22124,0.206406,0.119773,999,,,,,,,238.6,4.588461538461538,237,4.5576923076923075,,,,,,,,,,,,,,,,,,,"Jalen Beeks","17192",656222
"Yosver Zulueta","SEA",0.984642,0.722409,0,3.70853,24.203,0,0,0.65,,26.7923,114.897,21.5427,11.79,11.04,2.18965,13.6218,0.640001,1.88546,28.7809,9.66802,4.57579,2.11286,0.73554,0.250493,0.118556,0.13193675130605698,0.216749,1.31248,0.282859,0.7282,,,3.78552,0.205752,0.216444,999,,,,,,,132,4.888888888888889,123,4.555555555555555,,,,,,,,,,,,,,,,,,,"Yosver Zulueta","27765",691172
"Carson Seymour","SFG",0.732697,0.985437,0,4.13868,16.803,1.293,0,0.6513,,26.291,113.644,24.736,13.02,12.09,2.89153,10.8797,0.777152,1.5487,25.1571,8.61183,3.72437,2.31229,0.989836,0.221368,0.0957353,0.12563275545835495,0.244391,1.35467,0.298559,0.715789,,,4.06933,0.203984,0.121791,999,,,,,,,105.5,4.0576923076923075,106,4.076923076923077,,,,,,,,,,,,,,,,,,,"Carson Seymour","30084",693313
"Yuki Matsui","SDP",1.98661,1.46716,0,4.18058,46.387,0,0,4.1836,,47.8139,204.218,40.9903,23.84,22.21,6.58734,20.3751,1.3874,1.72154,46.807,8.81047,3.83521,2.29726,1.23993,0.229201,0.0997714,0.12942930310964584,0.225071,1.28342,0.267254,0.719661,,,4.35469,0.202035,0.110559,999,,,,,,,206.50000000000003,4.302083333333334,193,4.020833333333333,,,,,,,,,,,,,,,,,,,"Yuki Matsui","33826",673513
"Caden Dana","LAA",4.36247,6.72761,5.63994,5.23947,15.265,14.787,0,0,,80.2181,349.208,79.5695,49.78,46.7,15.9213,30.6147,0.308793,3.68433,68.549,7.6908,3.43478,2.23909,1.78627,0.196299,0.0876689,0.10862985253334045,0.252675,1.37356,0.276205,0.687236,,,5.28895,0.200846,0.00956402,999,,,,,,,220.2,2.7525,225,2.8125,,,,,,,,,,,,,,,,,,,"Caden Dana","31508",702674
"Easton McGee","MIL",1.12753,0.762711,0,4.1891,23.304,0,0,0.621,,27.414,115.748,26.2076,13.68,12.76,3.60569,7.42253,0.725345,1.26294,24.7123,8.11305,2.43681,3.32937,1.18375,0.213502,0.0641268,0.14937500655651093,0.244788,1.22675,0.287029,0.697992,,,3.99257,0.199277,0.011103,999,,,,,,,113.00000000000003,4.185185185185186,113,4.185185185185185,,,,,,,,,,,,,,,,,,,"Easton McGee","22176",668834
"Chase Silseth","LAA",1.77002,1.50672,0,4.13044,44.46,0,0,6.4471,,51.3141,219.744,44.0059,25.16,23.55,6.46226,22.6199,1.48426,2.89204,52.274,9.16835,3.96731,2.31098,1.13342,0.237886,0.102937,0.1349482759833336,0.226563,1.29839,0.277083,0.720159,,,4.2264,0.197953,0.168686,999,,,,,,,239.20000000000002,4.690196078431373,227,4.450980392156863,,,,,,,,,,,,,,,,,,,"Chase Silseth","30074",681217
"Hayden Birdsong","SFG",1.6356,2.69594,0.430207,4.91686,16.004,5.576,0,0.6513,,40.7638,180.287,37.8908,23.83,22.27,6.5123,20.6857,0.687891,2.39757,41.0805,9.06993,4.56707,1.98594,1.43781,0.227862,0.114738,0.1131245568394661,0.241031,1.43697,0.286273,0.702528,,,4.89524,0.197077,0.0495146,999,,,,,,,135.50000000000006,3.3048780487804894,131,3.1951219512195124,,,,,,,,,,,,,,,,,,,"Hayden Birdsong","31635",806185
"Chris Roycroft","STL",1.52751,1.32691,0,4.359,35.883,0,0,0.6663,,39.1879,171.607,37.833,20.22,18.98,3.22885,17.7816,1.10909,2.19194,30.9935,7.11805,4.08378,1.74301,0.741546,0.180607,0.103618,0.07698900252580643,0.249503,1.41918,0.294726,0.692732,,,4.15353,0.197007,0.0387133,999,,,,,,,158.90000000000003,4.074358974358975,162,4.153846153846154,,,,,,,,,,,,,,,,,,,"Chris Roycroft","31261",688297
"Evan Phillips","LAD",1.04295,0.457771,0,3.82852,19.32,0,1,0.7772,,19.3704,80.6891,17.1563,8.83,8.24,2.29053,5.64987,0.398151,0.908103,19.6479,9.12891,2.62508,3.47757,1.06424,0.243501,0.0700203,0.1734805703163147,0.231431,1.17737,0.284824,0.71309,,,3.65939,0.19683,0.0950363,999,,,,,,,99.8,5.252631578947368,97,5.105263157894737,,,,,,,,,,,,,,,,,,,"Evan Phillips","17734",623465
"Nolan Hoffman","PHI",0.664916,0.426387,0,3.72234,16.279,0,0,0.6364,,17.215,73.2559,15.6922,7.65,7.12,1.25105,6.46368,0.447612,0.930951,15.7898,8.25489,3.37921,2.44285,0.654049,0.215543,0.0882342,0.12730854749679565,0.238262,1.28701,0.295801,0.710919,,,3.53409,0.191881,0.09045,999,,,,,,,86.9,5.111764705882353,87,5.117647058823529,,,,,,,,,,,,,,,,,,,"Nolan Hoffman","23381",676510
"Carlos Vargas","SEA",2.02183,1.68488,0,4.23974,51.445,0,0,10.0103,,53.7273,230.558,53.1882,27.13,25.31,5.46711,18.1848,1.63016,2.86238,39.0683,6.54443,3.04619,2.1484,0.91581,0.169451,0.0788731,0.09057769179344177,0.253868,1.32843,0.289262,0.694345,,,4.17888,0.190289,0.124379,999,,,,,,,255.3,4.727777777777778,260,4.814814814814815,,,,,,,,,,,,,,,,,,,"Carlos Vargas","22915",672841
"Colin Holderman","CLE",1.45494,1.36314,0,4.29053,38.272,0,0,0.6807,,39.3728,169.968,36.1595,20.08,18.77,4.3971,16.2393,0.786012,2.57938,35.1489,8.03449,3.71204,2.16444,1.00511,0.206797,0.095543,0.11125434935092926,0.23923,1.33084,0.284601,0.698893,,,4.2354,0.190009,0.0387112,999,,,,,,,162.80000000000004,4.1743589743589755,160,4.102564102564102,,,,,,,,,,,,,,,,,,,"Colin Holderman","22361",670059
"Tristan Beck","SFG",0.888011,0.724508,0,4.36269,22.439,0.05,0,0.6513,,27.7054,119.044,27.3755,14.43,13.43,3.41679,9.03094,0.818662,1.17239,24.6271,8.00002,2.93367,2.72697,1.10993,0.206874,0.0758624,0.1310119405388832,0.25152,1.31406,0.296532,0.694952,,,4.06543,0.18918,0.0644932,999,,,,,,,124.10000000000004,4.432142857142859,125,4.464285714285714,,,,,,,,,,,,,,,,,,,"Tristan Beck","21584",663941
"Kyle Wright","CHC",0.765408,0.979682,0.126792,4.30645,6.345,2.304,0,0,,18.9553,81.3632,18.0075,9.72,9.07,2.25154,7.15846,0.309798,1.07773,16.4084,7.79073,3.39884,2.29217,1.06904,0.201669,0.0879815,0.11368705332279205,0.24625,1.32765,0.289275,0.701649,,,4.25154,0.186062,0.128604,999,,,,,,,77.2,4.063157894736842,77,4.052631578947368,,,,,,,,,,,,,,,,,,,"Kyle Wright","19665",657140
"Cionel Pérez","WSN",1.74372,1.72444,0,4.24007,51.76,0,1,11.2073,,52.5133,230.573,50.4611,26.59,24.74,3.90667,25.8607,1.12208,2.69508,41.3071,7.07943,4.43215,1.59729,0.669545,0.17915,0.112158,0.06699123233556747,0.249786,1.45338,0.296896,0.701907,,,4.1604,0.185465,0.0709439,999,,,,,,,257.00000000000006,4.849056603773586,257,4.849056603773585,,,,,,,,,,,,,,,,,,,"Cionel Perez","19614",672335
"Ryan Watson","BOS",1.27609,0.9112,0,4.19059,25.634,0,0,0,,26.9318,114.926,25.113,13.48,12.54,3.29728,9.37634,0.999118,1.18255,25.2772,8.44707,3.13336,2.69585,1.10187,0.219943,0.0815858,0.13835718482732773,0.240621,1.28062,0.287834,0.703285,,,4.02579,0.185281,0.113436,999,,,,,,,117.9,4.366666666666667,116,4.296296296296297,,,,,,,,,,,,,,,,,,,"Ryan Watson","sa3015070",670245
"Jaden Hill","COL",1.76905,1.81087,0,4.73906,42.608,0,0,0.6093,,44.4962,195.817,44.2743,25.12,23.43,5.35605,18.5692,1.14165,2.78157,44.8585,9.07328,3.75588,2.41575,1.08334,0.229083,0.094829,0.1342543065547943,0.253769,1.41233,0.31322,0.681606,,,4.12317,0.18404,-0.204038,999,,,,,,,177.70000000000002,4.038636363636364,183,4.159090909090909,,,,,,,,,,,,,,,,,,,"Jaden Hill","30250",677955
"Mitch Bratt","ARI",0.740353,0.976725,0.568394,4.51154,3.092,2.457,0,0,,12.8271,54.3412,13.0177,6.9,6.43,1.90034,3.18318,0.082419,0.381905,11.295,7.92504,2.23344,3.54835,1.33336,0.207854,0.0585776,0.14927634596824646,0.256374,1.26302,0.295825,0.686897,,,4.13378,0.181774,0.0975568,999,,,,,,,50.8,3.9076923076923076,52,4,,,,,,,,,,,,,,,,,,,"Mitch Bratt","sa3017719",683352
"Wade Miley",,1.79307,2.66247,1.38745,4.91048,7.265,5.771,0,0,,31.3778,137.289,32.3428,18.37,17.12,4.57214,12.3757,0.225732,1.27109,20.9616,6.01236,3.54967,1.69378,1.31141,0.152683,0.0901432,0.06253951787948608,0.261584,1.42516,0.283061,0.687636,,,4.99807,0.180604,0.122152,999,,,,,,,87.69999999999997,2.8290322580645153,93,3,,,,,,,,,,,,,,,,,,,"Wade Miley","8779",489119
"Connor Phillips","CIN",1.69052,1.42283,0,4.4607,46.478,0,3,10.4083,,51.409,225.854,44.0032,27.17,25.48,6.45157,28.0113,1.42966,3.10471,57.2121,10.0159,4.90385,2.04246,1.12945,0.253314,0.124024,0.12929029017686844,0.225961,1.40082,0.286491,0.712017,,,4.3566,0.177524,-0.0356607,999,,,,,,,265.20000000000005,5.200000000000001,253,4.96078431372549,,,,,,,,,,,,,,,,,,,"Connor Phillips","27649",683175
"Julian Fernández","WSN",1.33461,1.31106,0,4.27939,38.523,0,0,0.6515,,40.8843,175.392,35.4663,20.84,19.44,5.29458,17.8923,1.114,1.89919,39.3158,8.65473,3.93869,2.19736,1.16551,0.224159,0.102013,0.12214651703834534,0.227932,1.30511,0.271841,0.707754,,,4.34764,0.177464,0.0433162,999,,,,,,,172.90000000000003,4.217073170731708,162,3.951219512195122,,,,,,,,,,,,,,,,,,,"Julian Fernandez","18341",642759
"Austin Warren","NYM",1.68288,1.13397,0,4.26065,33.971,0,0,0.7173,,38.1491,162.892,35.0833,19.32,18.06,5.00233,14.0837,1.0316,1.90312,36.3307,8.571,3.32257,2.57963,1.18013,0.223035,0.0864599,0.13657484203577042,0.238815,1.28881,0.284932,0.707883,,,4.19229,0.177382,0.0875263,999,,,,,,,156.7,4.123684210526315,153,4.026315789473684,,,,,,,,,,,,,,,,,,,"Austin Warren","24937",681810
"Austin Gomber","TEX",1.24301,1.8167,0.658155,4.69324,6.357,4.339,0,0,,24.009,101.821,23.8331,13.39,12.52,4.13041,6.7325,0.259783,0.632778,17.7115,6.63931,2.52374,2.63074,1.54832,0.173948,0.0661213,0.10782656073570251,0.252322,1.27309,0.271337,0.693039,,,4.81652,0.175906,0.172334,999,,,,,,,78.00000000000003,3.2500000000000013,80,3.3333333333333335,,,,,,,,,,,,,,,,,,,"Austin Gomber","16561",596295
"Gavin Hollowell","CHC",0.825966,0.58001,0,3.7795,18.725,0,0,0.7226,,20.4313,86.3079,16.2984,9.17,8.58,2.27398,8.86743,0.831784,1.20076,21.8905,9.64278,3.90611,2.46864,1.00169,0.253633,0.102742,0.15089083462953568,0.213778,1.23173,0.269311,0.72767,,,3.91753,0.175573,0.148822,999,,,,,,,99.80000000000001,4.99,92,4.6,,,,,,,,,,,,,,,,,,,"Gavin Hollowell","25427",668970
"Zak Kent","MIN",0.964671,0.695112,0,4.25001,21.498,0,0,0.6268,,24.4164,105.239,22.5967,12.36,11.53,2.77245,9.83261,0.815,1.20568,23.8413,8.78802,3.62434,2.42472,1.02194,0.226543,0.0934308,0.13311254233121872,0.239877,1.32818,0.293312,0.703005,,,4.01463,0.175127,0.0552798,999,,,,,,,99.90000000000002,4.1625000000000005,100,4.166666666666667,,,,,,,,,,,,,,,,,,,"Zak Kent","25703",687849
"Huascar Brazobán","NYM",2.41128,1.69394,0,4.31035,48.369,0.178,1,7.4597,,52.534,227.231,46.9407,26.89,25.16,5.98759,24.04,0.943011,3.0768,48.232,8.26299,4.11847,2.00633,1.02578,0.21226,0.105795,0.10646457970142365,0.23457,1.35114,0.280703,0.704346,,,4.32912,0.174731,0.070946,999,,,,,,,244.20000000000005,4.607547169811322,235,4.433962264150943,,,,,,,,,,,,,,,,,,,"Huascar Brazoban","6107",623211
"Tony Gonsolin",,1.03029,1.33973,0.694319,4.37603,3.978,3.063,0,0,,16.4327,69.9068,14.7022,8.55,7.99,2.46464,6.27463,0.123889,0.735862,15.2189,8.33521,3.43654,2.42546,1.34985,0.217703,0.0897572,0.12794556468725204,0.233753,1.27653,0.270666,0.709037,,,4.51251,0.174631,0.0863598,999,,,,,,,63.80000000000001,3.9875000000000007,63,3.9375,,,,,,,,,,,,,,,,,,,"Tony Gonsolin","19388",664062
"Prelander Berroa","CHW",0.981166,0.863414,0,4.04977,25.395,0,0,0.5969,,26.6682,115.479,21.2779,12.84,12,2.87149,14.8325,0.764825,1.39219,28.7003,9.6858,5.00569,1.93496,0.969073,0.248534,0.128444,0.1200895756483078,0.214379,1.35406,0.271954,0.725154,,,4.20769,0.173599,0.113439,999,,,,,,,122.30000000000001,4.52962962962963,110,4.074074074074074,,,,,,,,,,,,,,,,,,,"Prelander Berroa","22932",672860
"Tyler Phillips","MIA",2.06842,1.91852,0,4.60933,57.31,0.022,2,15.4502,,66.0747,287.95,68.7389,36.41,33.84,7.42236,24.0396,1.9971,2.79121,49.2561,6.70914,3.27442,2.04896,1.011,0.171058,0.0834854,0.08757251501083374,0.263248,1.40415,0.299924,0.68419,,,4.32275,0.17352,-0.153776,999,,,,,,,309.9000000000001,4.695454545454547,326,4.9393939393939394,,,,,,,,,,,,,,,,,,,"Tyler Phillips","20629",663969
"Greg Weissert","BOS",3.05645,2.27624,0,4.4207,61.632,0,1,16.6607,,62.8271,269.27,59.2996,33.19,30.86,8.32061,22.3651,1.54896,3.11572,54.0604,7.74416,3.20381,2.41717,1.19193,0.200767,0.0830585,0.11770804971456528,0.243241,1.29983,0.281018,0.692339,,,4.3526,0.173468,-0.00811579,999,,,,,,,320.4000000000001,5.085714285714287,317,5.031746031746032,,,,,,,,,,,,,,,,,,,"Greg Weissert","20375",669711
"Thomas Harrington","PIT",0.871422,1.22354,0.171002,4.66016,9.092,2.429,0,0.6566,,19.2547,82.6184,19.1936,10.67,9.97,2.90952,5.82464,0.318711,0.827064,16.0205,7.48826,2.72254,2.75047,1.35996,0.193909,0.0705006,0.12340876460075378,0.252658,1.29933,0.285501,0.685046,,,4.47185,0.173394,0.00391227,999,,,,,,,69.29999999999998,3.6473684210526307,71,3.736842105263158,,,,,,,,,,,,,,,,,,,"Thomas Harrington","31989",802419
"Colton Gordon","HOU",1.17558,0.973817,0,4.28516,24.867,0.416,0,0.6558,,31.5671,133.963,29.5919,16.12,15.03,4.36477,10.0766,0.983617,1.22989,29.1504,8.31098,2.87292,2.89287,1.24443,0.2176,0.0752193,0.14238055050373077,0.241258,1.25664,0.283,0.701729,,,4.16028,0.172409,0.0737065,999,,,,,,,138.60000000000002,4.331250000000001,137,4.28125,,,,,,,,,,,,,,,,,,,"Colton Gordon","31312",676467
"Nestor Cortes",,0.868471,1.06348,0.726629,4.38937,2.727,2.501,0,0,,13.1021,55.3193,12.0515,6.84,6.39,2.15086,4.22081,0.0611107,0.405101,11.7328,8.0594,2.89933,2.77975,1.47745,0.212092,0.076299,0.13579293340444565,0.237733,1.24196,0.268968,0.711276,,,4.53746,0.170034,0.109375,999,,,,,,,52.39999999999999,4.03076923076923,51,3.923076923076923,,,,,,,,,,,,,,,,,,,"Nestor Cortes","17874",641482
"Adam Macko","TOR",0.563213,0.53285,0,3.8643,11.175,0.745,0,0,,14.8125,63.2529,12.5732,6.8,6.36,1.53742,6.40801,0.49677,0.764648,15.7504,9.56985,3.89347,2.45792,0.934126,0.249006,0.101308,0.14769864827394485,0.224201,1.28143,0.284483,0.72383,,,3.81049,0.166029,0.135904,999,,,,,,,63.60000000000001,4.24,60,4,,,,,,,,,,,,,,,,,,,"Adam Macko","sa3011555",671936
"Victor Vodnik","COL",2.44982,2.49612,0,4.69991,59.043,0,17,4.0494,,62.6374,279.138,63.9366,35.06,32.71,5.94876,30.8323,1.88295,2.76756,55.9785,8.04323,4.43012,1.81558,0.854742,0.200541,0.110456,0.09008531272411346,0.260394,1.51298,0.31582,0.690751,,,4.19164,0.163996,-0.211461,488.0899963378906,,,,,,,337,5.349206349206349,348,5.523809523809524,,,,,,,,,,,,,,,,,,,"Victor Vodnik","24614",680767
"Matt Gage","SFG",1.92586,1.71181,0,4.76111,50.832,0.088,0,10.0299,,53.0423,234.326,55.5666,30.11,28.06,6.17938,21.7396,1.69858,2.29563,46.5579,7.89975,3.68868,2.14162,1.04849,0.198688,0.0927746,0.10591340810060501,0.264236,1.45744,0.313462,0.687439,,,4.25352,0.162091,-0.234239,999,,,,,,,234.80000000000004,4.430188679245283,249,4.69811320754717,,,,,,,,,,,,,,,,,,,"Matt Gage","17381",657424
"Anthony Banda","MIN",2.29737,1.86729,0,4.66305,52.38,0.257,1,9.6524,,54.756,240.01,52.708,30.42,28.37,6.77842,24.0855,2.18338,2.72363,52.2166,8.58261,3.95882,2.16797,1.11414,0.21756,0.100352,0.11720776557922363,0.247222,1.40247,0.297845,0.689018,,,4.30603,0.161761,-0.128229,999,,,,,,,251.09999999999997,4.5654545454545445,252,4.581818181818182,,,,,,,,,,,,,,,,,,,"Anthony Banda","14706",607455
"Jakob Junis","TEX",2.29901,1.88268,0,4.58905,53.247,0.299,0,13.2991,,61.1107,258.784,61.3632,33.36,31.16,9.53713,14.7197,1.29523,2.82016,51.1756,7.53682,2.16782,3.47668,1.40457,0.197754,0.0568801,0.14087385311722755,0.254361,1.245,0.287075,0.68105,,,4.35016,0.161721,-0.114433,999,,,,,,,269.80000000000007,4.422950819672132,275,4.508196721311475,,,,,,,,,,,,,,,,,,,"Jakob Junis","13619",596001
"Griff McGarry","WSN",1.30321,1.21133,0,4.05957,37.41,0,0,0,,42.7656,188.057,32.634,20.57,19.29,4.48278,27.9208,1.42286,2.7233,51.0787,10.7495,5.87592,1.82941,0.943398,0.271613,0.14847,0.1231430172920227,0.207315,1.41597,0.276396,0.736654,,,4.25873,0.160427,0.150268,999,,,,,,,192.2,4.469767441860465,172,4,,,,,,,,,,,,,,,,,,,"Griff McGarry","sa3017130",676046
"Alek Jacob","SDP",1.10921,0.833236,0,4.20001,26.204,0,0,0.6537,,29.2071,124.338,26.3836,14.64,13.63,3.89792,10.2572,0.975619,1.70139,27.1651,8.37076,3.16069,2.6484,1.20112,0.218477,0.0824941,0.13598288595676422,0.234772,1.25452,0.27652,0.705522,,,4.23824,0.158663,0.0157006,999,,,,,,,119.80000000000004,4.131034482758622,115,3.9655172413793105,,,,,,,,,,,,,,,,,,,"Alek Jacob","29628",689690
"Justin Slaten","BOS",2.75592,2.07648,0,4.44958,55.944,0,2,13.495,,60.3158,259.48,57.281,31.97,29.82,8.35382,22.486,1.32787,2.75333,54.521,8.13532,3.35523,2.42467,1.24651,0.210117,0.0866579,0.12345870584249496,0.24454,1.32249,0.285514,0.702157,,,4.38316,0.158195,-0.0659237,999,,,,,,,294.40000000000003,4.906666666666667,293,4.883333333333334,,,,,,,,,,,,,,,,,,,"Justin Slaten","25648",686580
"Jason Foley","SFG",0.980163,0.757602,0,4.18885,24.809,0,0,0.6513,,25.2456,108.105,26.2359,12.65,11.75,2.36663,7.33276,0.592499,1.19326,18.5095,6.59859,2.61411,2.52422,0.843699,0.171217,0.0678297,0.1033872663974762,0.263467,1.32968,0.303282,0.691403,,,3.90063,0.157075,0.00649183,999,,,,,,,110.80000000000001,4.432,117,4.68,,,,,,,,,,,,,,,,,,,"Jason Foley","19531",671345
"Angel Bastardo","TOR",0.678527,0.443702,0,3.65406,13.936,0.273,0,0,,16.182,67.9523,13.5458,7.05,6.57,1.66779,6.26644,0.489371,0.695641,16.5845,9.22384,3.48523,2.64655,0.927582,0.24406,0.0922183,0.15184218436479568,0.222098,1.22434,0.277927,0.730217,,,3.71594,0.155903,0.139761,999,,,,,,,70.4,4.4,67,4.1875,,,,,,,,,,,,,,,,,,,"Angel Bastardo","sa3009716",682785
"Gunnar Hoglund","ATH",1.92608,3.01995,0.459882,4.96059,20.844,5.803,0,0.6384,,48.1152,206.938,47.9059,28.41,26.52,8.95311,15.3766,0.847851,2.24335,40.5473,7.58441,2.87621,2.63695,1.67469,0.195939,0.0743053,0.12163404375314713,0.253044,1.31523,0.278597,0.687168,,,4.96732,0.152881,0.0269605,999,,,,,,,154.70000000000005,3.2229166666666678,158,3.2916666666666665,,,,,,,,,,,,,,,,,,,"Gunnar Hoglund","31318",680684
"Eduarniel Núñez","ATH",1.80921,1.41029,0,4.2009,41.968,0,0,4.256,,45.0118,197.856,37.8395,22.44,21.01,4.79724,25.8095,1.30185,3.31157,49.6797,9.93333,5.16054,1.92486,0.959196,0.25109,0.130446,0.12064436078071594,0.224255,1.41405,0.289191,0.723817,,,4.25413,0.152844,0.154867,999,,,,,,,201.7,4.482222222222222,189,4.2,,,,,,,,,,,,,,,,,,,"Eduarniel Nunez","23162",674384
"Sammy Peralta","MIL",0.67278,0.403842,0,3.74047,13.471,0,0,0.621,,15.9285,66.9807,13.9211,7.1,6.62,1.61603,5.41548,0.489554,0.708856,15.1851,8.57997,3.05988,2.80402,0.913095,0.226709,0.0808514,0.14585734903812408,0.228753,1.21396,0.27931,0.716673,,,3.70086,0.152236,0.139807,999,,,,,,,73.4,4.5875,70,4.375,,,,,,,,,,,,,,,,,,,"Sammy Peralta","25589",671111
"Mitch Farris","LAA",1.37622,2.14328,1.75806,5.2295,4.865,4.721,0,0,,25.3332,111.404,25.9482,15.71,14.72,4.48459,10.3449,0.0944472,0.912175,22.464,7.98066,3.67518,2.1715,1.59322,0.201644,0.0928591,0.10878483206033707,0.259101,1.43263,0.293225,0.685768,,,4.99605,0.152208,-0.0327041,999,,,,,,,79.20000000000002,3.1680000000000006,84,3.36,,,,,,,,,,,,,,,,,,,"Mitch Farris","33628",815083
"Jose Corniell","TEX",0.656813,0.456431,0,3.66846,14.024,0.136,0,0.6445,,16.6337,68.3743,13.5984,7.25,6.78,2.19951,4.85905,0.478621,0.872759,16.9559,9.17433,2.62909,3.48955,1.19009,0.247987,0.0710655,0.17692109942436218,0.217079,1.10964,0.262121,0.728791,,,3.84919,0.150839,0.193947,999,,,,,,,84.80000000000001,4.988235294117648,79,4.647058823529412,,,,,,,,,,,,,,,,,,,"Jose Corniell","27984",692030
"Marco Raya","MIN",0.912586,0.627074,0,4.07024,19.897,0,0,0,,20.6081,88.4178,18.2313,9.97,9.32,2.28009,8.58616,0.591646,1.12602,20.0074,8.73767,3.74976,2.33019,0.995765,0.226283,0.0971089,0.1291736662387848,0.231639,1.30131,0.282732,0.71311,,,4.0456,0.149407,0.0996385,999,,,,,,,94.00000000000001,4.476190476190477,89,4.238095238095238,,,,,,,,,,,,,,,,,,,"Marco Raya","sa3014550",694397
"Josh Simpson","SEA",0.92661,0.695928,0,3.83058,22.941,0,0,0.65,,23.6126,101.556,19.7173,10.77,10.05,2.37261,11.562,0.9451,1.30488,25.1847,9.5992,4.40689,2.17823,0.904325,0.247989,0.113849,0.13413991034030914,0.22232,1.32469,0.283728,0.733585,,,3.94298,0.149187,0.157963,999,,,,,,,116.00000000000003,4.833333333333335,109,4.541666666666667,,,,,,,,,,,,,,,,,,,"Josh Simpson","25957",681006
"Paxton Schultz","WSN",1.17092,1.2615,0,4.56174,34.935,0.086,0,0.6515,,41.3526,180.694,38.1632,22.52,20.96,5.40257,19.1292,1.26908,1.77884,41.1398,8.95369,4.16328,2.15063,1.17582,0.227676,0.105865,0.12181131541728973,0.238839,1.38546,0.289292,0.699241,,,4.36064,0.146915,-0.160029,999,,,,,,,166.10000000000002,4.051219512195122,163,3.975609756097561,,,,,,,,,,,,,,,,,,,"Paxton Schultz","25501",687606
"Gregory Santos","SFG",1.34359,1.05377,0,4.26076,34.107,0,1,0.5862,,35.1275,152.626,35.7314,17.92,16.63,3.10115,13.2333,0.932155,1.9928,26.4479,6.77621,3.3905,1.99859,0.794544,0.173286,0.0867045,0.08658194541931152,0.260055,1.39391,0.302551,0.695709,,,4.07734,0.146006,0.0295039,999,,,,,,,144.5,4.128571428571429,152,4.3428571428571425,,,,,,,,,,,,,,,,,,,"Gregory Santos","21894",666619
"Reiver Sanmartin","SFG",1.02745,0.793359,0,4.20105,26.115,0,0,0.6513,,28.4286,122.96,29.2978,14.25,13.27,2.61281,9.94867,0.738626,1.10087,22.1235,7.00392,3.14958,2.22377,0.827171,0.179924,0.0809095,0.09901440143585205,0.261796,1.38053,0.30611,0.702375,,,3.93954,0.145965,0.0644931,999,,,,,,,109.9,3.9250000000000003,116,4.142857142857143,,,,,,,,,,,,,,,,,,,"Reiver Sanmartin","19754",665665
"Ryan Zeferjahn","LAA",2.18025,2.00893,0,4.4797,56.32,0.026,1,11.3918,,58.5441,256.116,49.9346,31.11,29.14,8.12997,30.1774,1.86505,4.17504,67.4641,10.3713,4.63918,2.23559,1.24982,0.263412,0.117827,0.14558544754981995,0.225171,1.3684,0.286001,0.712963,,,4.39604,0.141422,-0.0173002,999,,,,,,,289.20000000000005,4.901694915254238,272,4.610169491525424,,,,,,,,,,,,,,,,,,,"Ryan Zeferjahn","25420",666171
"Juan Burgos","ARI",0.852381,0.686873,0,4.22015,24.091,0,0,0.6504,,25.3996,109.538,22.9933,12.75,11.91,2.65342,10.7351,0.72429,1.48655,23.0142,8.15478,3.80382,2.14384,0.940204,0.210103,0.098003,0.11209958046674728,0.236274,1.32791,0.283884,0.698963,,,4.12456,0.140364,0.00649453,999,,,,,,,102.3,4.092,100,4,,,,,,,,,,,,,,,,,,,"Juan Burgos","27271",686228
"Alex Lange","KCR",1.86346,1.53933,0,4.49972,45.671,0,0,6.9259,,45.9229,202.915,41.2497,24.55,22.96,4.72533,25.0318,0.779211,3.18377,47.1975,9.2498,4.90574,1.88551,0.926073,0.232598,0.123361,0.10923672467470169,0.236118,1.44332,0.297487,0.699418,,,4.26052,0.13938,-0.0980451,999,,,,,,,210.30000000000004,4.571739130434784,203,4.413043478260869,,,,,,,,,,,,,,,,,,,"Alex Lange","19883",656638
"Joel Peguero","SFG",1.79895,1.52205,0,4.67073,47.033,0,2,4.0814,,49.8487,220.365,50.2577,27.81,25.87,5.44681,22.1935,1.60247,2.6255,44.7869,8.08612,4.00695,2.01802,0.983401,0.20324,0.100713,0.10252762585878372,0.257013,1.45342,0.308378,0.688635,,,4.25235,0.137438,-0.19036,999,,,,,,,219.5,4.39,226,4.52,,,,,,,,,,,,,,,,,,,"Joel Peguero","21951",666711
"Justin Sterner","ATH",2.62248,2.20287,0,4.60116,60.749,0.026,9,10.2941,,65.4292,279.551,57.6755,35.91,33.45,11.6159,24.3569,2.03969,3.96534,69.5247,9.56335,3.35037,2.85441,1.5978,0.248701,0.0871287,0.16157253831624985,0.229574,1.25376,0.270799,0.701267,,,4.61649,0.136695,-0.206907,445.55999755859375,,,,,,,323.59999999999997,4.978461538461538,310,4.769230769230769,,,,,,,,,,,,,,,,,,,"Justin Sterner","27694",686993
"Anthony Molina","ATL",0.370854,0.298751,0,4.35116,9.855,0.048,0,0,,16.8162,71.8673,17.5513,8.72,8.13,1.81193,4.43323,0.428609,0.606168,12.937,6.92387,2.37266,2.91819,0.969741,0.180013,0.0616864,0.11832639575004578,0.262634,1.30734,0.302221,0.682056,,,3.89626,0.13636,-0.011827,999,,,,,,,65.40000000000002,3.8470588235294128,70,4.117647058823529,,,,,,,,,,,,,,,,,,,"Anthony Molina","26952",683627
"Scott Alexander","SFG",1.52069,1.61705,0,4.02489,27.038,0.065,0,0,,26.833,114.135,26.7615,12.89,12,2.35849,8.23363,0.848161,1.1385,17.1178,5.74144,2.76163,2.07901,0.791057,0.149978,0.0721394,0.07783878594636917,0.255448,1.30418,0.286129,0.697471,,,4.04973,0.135274,0.113432,999,,,,,,,112.00000000000001,4.148148148148149,116,4.296296296296297,,,,,,,,,,,,,,,,,,,"Scott Alexander","10591",518397
"Seth Halvorsen","COL",1.98039,2.00684,0,4.67965,46.903,0,5,0.6093,,48.9652,214.935,48.8664,27.33,25.46,5.74151,20.7835,1.53362,2.51556,43.472,7.99032,3.8201,2.09165,1.05531,0.202257,0.096697,0.10555977374315262,0.254997,1.42244,0.302796,0.68688,,,4.31134,0.133938,-0.141948,694.6099853515625,,,,,,,204.4,4.171428571428572,210,4.285714285714286,,,,,,,,,,,,,,,,,,,"Seth Halvorsen","33294",678020
"Jacob Webb","CHC",2.21214,1.71054,0,4.35064,51.725,0,0,10.7303,,53.6611,228.97,47.7094,27.77,25.94,7.38297,21.1627,1.27309,2.63146,49.1037,8.23564,3.54939,2.3203,1.23827,0.214454,0.0924254,0.12202896922826767,0.232529,1.28346,0.271212,0.702169,,,4.42385,0.133652,0.0221899,999,,,,,,,258.7,4.79074074074074,249,4.611111111111111,,,,,,,,,,,,,,,,,,,"Jacob Webb","19274",657097
"Pedro Avila",,0.96544,1.47418,0,4.7288,24.801,1.486,0,0,,33.9917,150.817,33.7392,19.08,17.86,3.77236,15.7729,0.730248,2.1992,31.2224,8.26677,4.1762,1.9795,0.998809,0.207022,0.104583,0.10243880748748779,0.253974,1.45659,0.306252,0.688029,,,4.32696,0.13355,-0.0665156,999,,,,,,,122.00000000000003,3.588235294117648,126,3.7058823529411766,,,,,,,,,,,,,,,,,,,"Pedro Avila","18864",658648
"Sam Aldegheri","LAA",1.39477,2.7308,1.09262,5.36594,8.685,5.668,0,0,,35.4402,157.967,36.9526,22.53,21.13,5.76886,15.5405,0.442443,1.89146,28.0654,7.12719,3.9465,1.80595,1.46499,0.177666,0.0983782,0.07928820699453354,0.262942,1.48117,0.292254,0.674591,,,5.14303,0.13321,-0.139266,999,,,,,,,90.99999999999999,2.5999999999999996,99,2.8285714285714287,,,,,,,,,,,,,,,,,,,"Sam Aldegheri","26443",691951
"Matt Waldron","SDP",0.997886,1.43721,0.829176,5.09752,4.213,3.406,0,0,,17.8675,77.7622,18.6872,10.82,10.12,2.98929,5.74935,0.131436,0.886548,13.829,6.9658,2.89599,2.40532,1.50573,0.177838,0.0739351,0.10390261560678482,0.262733,1.36765,0.289053,0.672371,,,4.87631,0.132805,0.0129109,999,,,,,,,53.90000000000001,2.9944444444444454,58,3.2222222222222223,,,,,,,,,,,,,,,,,,,"Matt Waldron","25550",663362
"Félix Bautista","BAL",0.486528,0.282976,0,3.38619,9.751,0,0,0.6611,,10.0201,41.6635,6.93792,4.02,3.77,1.05464,4.88851,0.172643,0.48843,13.258,11.9083,4.39083,2.71207,0.947275,0.318216,0.117333,0.20088307559490204,0.191198,1.18027,0.267739,0.754249,,,3.46699,0.131704,0.126164,999,,,,,,,58.5,5.85,52,5.2,,,,,,,,,,,,,,,,,,,"Felix Bautista","20666",642585
"Zack Kelly","BOS",2.56306,1.91318,0,4.39982,51.645,0,0,12.1976,,55.3318,240.802,49.8582,29.02,27.05,6.7131,25.7083,1.72881,3.31532,51.6824,8.4064,4.18158,2.01034,1.09192,0.214626,0.106761,0.10786506533622742,0.235426,1.3657,0.28129,0.703457,,,4.41788,0.131656,-0.0264895,999,,,,,,,255.89999999999998,4.652727272727272,249,4.527272727272727,,,,,,,,,,,,,,,,,,,"Zack Kelly","20349",677161
"Ben Casparius","LAD",2.39739,1.28912,0,4.68282,45.971,0.128,0,13.2996,,54.0444,234.098,49.1338,30.09,28.12,8.16312,23.0355,1.18572,2.68191,53.7089,8.94413,3.83609,2.33157,1.3594,0.229429,0.0984011,0.13102830946445465,0.235789,1.33537,0.279647,0.692766,,,4.5387,0.131377,-0.181124,999,,,,,,,255.80000000000004,4.737037037037037,248,4.592592592592593,,,,,,,,,,,,,,,,,,,"Ben Casparius","30085",676508
"Jayden Murray","HOU",1.37414,1.01541,0,4.22429,28.959,0.12,0,0.6558,,30.9354,131.767,27.5308,15.52,14.52,4.06855,11.4218,0.78694,1.8952,27.8487,8.10198,3.32292,2.43821,1.18366,0.211348,0.0866818,0.12466654926538467,0.232426,1.25916,0.271138,0.704599,,,4.33586,0.129222,0.0203,999,,,,,,,128.39999999999998,4.141935483870967,124,4,,,,,,,,,,,,,,,,,,,"Jayden Murray","26482",681151
"Connor Brogdon","CLE",1.66084,1.64755,0,4.62019,44.392,0,0,7.0794,,47.2773,203.185,44.3236,26,24.27,7.50183,17.3415,1.26859,2.2314,46.3998,8.83295,3.30124,2.67565,1.4281,0.228362,0.0853484,0.1430138424038887,0.241398,1.30433,0.283877,0.697094,,,4.47707,0.128786,-0.146486,999,,,,,,,197.99999999999997,4.212765957446808,194,4.127659574468085,,,,,,,,,,,,,,,,,,,"Connor Brogdon","21205",641401
"Cole Wilcox","SEA",0.671446,0.525174,0,3.9816,16.724,0,0,0.65,,18.1736,77.1053,16.5408,8.63,8.04,1.85003,6.50472,0.526583,0.932556,15.8342,7.84149,3.22129,2.43427,0.916181,0.205359,0.0843615,0.12099707871675491,0.237423,1.26808,0.282603,0.704726,,,3.94366,0.127685,0.0414598,999,,,,,,,76.40000000000002,4.244444444444445,76,4.222222222222222,,,,,,,,,,,,,,,,,,,"Cole Wilcox","27481",677961
"Miguel Ullola","HOU",0.718499,0.521402,0,3.79251,14.467,0.171,0,0,,16.6354,71.3041,11.7681,7.46,7.01,1.7785,9.7899,0.476547,1.06433,19.8453,10.7366,5.29648,2.02712,0.962193,0.27832,0.137298,0.1410219371318817,0.194675,1.29591,0.257291,0.73935,,,4.09649,0.127238,0.193947,999,,,,,,,77.00000000000001,4.529411764705883,66,3.8823529411764706,,,,,,,,,,,,,,,,,,,"Miguel Ullola","sa3016504",699044
"Ronan Kopp","LAD",0.703984,0.293018,0,3.59256,12.862,0,0,0,,13.4027,57.5805,9.99625,5.7,5.35,1.15298,7.76705,0.339842,0.726553,16.7329,11.2362,5.21562,2.15434,0.774235,0.2906,0.13489,0.15570957958698273,0.203644,1.32535,0.283429,0.746994,,,3.6577,0.127204,0.0812643,999,,,,,,,64.89999999999999,4.9923076923076914,59,4.538461538461538,,,,,,,,,,,,,,,,,,,"Ronan Kopp","sa3017751",691947
"Joe Jiménez","ATL",0.594285,0.436367,0,4.27838,15.603,0,0,0.6492,,16.3029,69.2653,14.3143,8.3,7.75,2.23902,5.96227,0.27362,0.908109,18.5824,10.2584,3.29147,3.11666,1.23605,0.268278,0.0860788,0.18219956755638123,0.229414,1.24374,0.290456,0.69867,,,3.90516,0.126077,0.0368531,999,,,,,,,78.4,4.9,75,4.6875,,,,,,,,,,,,,,,,,,,"Joe Jimenez","15761",641729
"Brandon Walter","HOU",0.446899,0.400735,0.451302,3.89887,1.373,1.064,0,0,,7.3175,30.3459,6.72973,3.39,3.17,0.941165,1.84903,0.0520361,0.339843,6.64552,8.17351,2.27417,3.59406,1.15756,0.218992,0.0609316,0.15806051716208458,0.239007,1.17236,0.281403,0.714594,,,3.88822,0.126076,0.139425,999,,,,,,,29.300000000000015,4.185714285714288,30,4.285714285714286,,,,,,,,,,,,,,,,,,,"Brandon Walter","26056",687888
"Lazaro Estrada","TOR",0.793399,0.508765,0,4.33176,17.225,0.049,0,0.6476,,21.6702,91.9667,19.5699,11.17,10.43,3.31442,7.34215,0.571447,1.01088,22.0569,9.16059,3.04932,3.00414,1.37653,0.239835,0.0798349,0.16000042110681534,0.234051,1.24189,0.2791,0.706813,,,4.24416,0.125713,0.0506732,999,,,,,,,97.9,4.45,95,4.318181818181818,,,,,,,,,,,,,,,,,,,"Lazaro Estrada","24914",681751
"Rob Zastryzny","MIL",2.24379,1.70986,0,4.48247,46.498,0.395,0,3.9742,,45.3366,194.743,42.5762,24.27,22.58,6.72625,16.6155,1.17905,2.00696,43.2835,8.59243,3.29842,2.60501,1.33526,0.22226,0.0853201,0.13693983107805252,0.241745,1.3056,0.284274,0.701592,,,4.3867,0.125207,-0.0494753,999,,,,,,,180.09999999999997,4.002222222222222,179,3.977777777777778,,,,,,,,,,,,,,,,,,,"Rob Zastryzny","15094",642239
"Chris Murphy","CHW",1.23332,1.0633,0,4.11917,32.113,0,0,9.1921,,38.214,164.558,33.3787,18.77,17.49,4.14873,17.3806,1.09017,2.05894,34.3293,8.08509,4.0934,1.97515,0.977091,0.208616,0.10562,0.10299554467201233,0.23001,1.32829,0.274099,0.711647,,,4.27591,0.124435,0.0875264,999,,,,,,,193.2,5.084210526315789,185,4.868421052631579,,,,,,,,,,,,,,,,,,,"Chris Murphy","26214",669684
"John King","MIA",1.54146,1.36618,0,4.33006,42.356,0,0,6.6427,,43.9186,189.2,48.4373,22.77,21.13,4.00963,12.3649,0.883177,1.6127,25.4973,5.22502,2.53388,2.06207,0.821671,0.134764,0.0653537,0.06940995901823044,0.276433,1.38443,0.304893,0.68913,,,4.11566,0.12442,-0.000807737,999,,,,,,,187.60000000000002,4.263636363636365,204,4.636363636363637,,,,,,,,,,,,,,,,,,,"John King","22051",667463
"Brent Suter","LAA",2.1852,2.043,0,4.35136,55.385,0.247,0,11.9211,,61.5325,262.151,60.4017,31.87,29.75,8.25127,18.9618,0.930496,2.42533,46.0615,6.73715,2.77343,2.42918,1.20687,0.175706,0.0723315,0.10337464511394501,0.250875,1.28978,0.2797,0.700373,,,4.42396,0.122986,0.0406059,999,,,,,,,281.4,4.538709677419354,283,4.564516129032258,,,,,,,,,,,,,,,,,,,"Brent Suter","13942",608718
"Dane Dunning","SEA",0.656731,0.896024,0.12443,4.55816,6.48,1.955,0,0.65,,14.4532,62.4357,14.0138,7.81,7.32,1.93434,5.37058,0.220684,0.813474,12.3993,7.72103,3.34426,2.30874,1.20451,0.198593,0.0860179,0.11257517337799072,0.249128,1.34118,0.28817,0.694062,,,4.44281,0.120474,0.0311635,999,,,,,,,52.6,3.757142857142857,54,3.857142857142857,,,,,,,,,,,,,,,,,,,"Dane Dunning","19409",641540
"Domingo Gonzalez","SEA",0.635916,0.490632,0,3.94069,15.709,0,0,0,,16.421,69.8418,13.7762,7.67,7.19,1.83415,6.91028,0.499897,1.02268,17.0348,9.3364,3.78738,2.46514,1.00526,0.243905,0.0989419,0.14496346563100815,0.222524,1.25976,0.277464,0.718401,,,3.96171,0.119491,0.0368531,999,,,,,,,67.4,4.2125,64,4,,,,,,,,,,,,,,,,,,,"Domingo Gonzalez","sa3007495",682445
"Cal Quantrill","TEX",1.14879,1.69397,0.959821,5.16691,5.171,3.909,0,0,,19.8397,86.47,19.9493,12.07,11.39,3.11682,7.39465,0.110358,1.07659,14.6009,6.62349,3.35448,1.97452,1.4139,0.168855,0.085517,0.08333799242973328,0.255764,1.37824,0.279233,0.66465,,,4.9865,0.118818,0.0378007,999,,,,,,,65.1,3.255,67,3.35,,,,,,,,,,,,,,,,,,,"Cal Quantrill","19312",615698
"Wandy Peralta","SDP",2.45017,1.76424,0,3.92051,56.922,0.084,0,10.2465,,57.0462,244.184,52.6566,26.72,24.85,5.7482,23.001,1.26156,2.70619,42.8051,6.75322,3.6288,1.86101,0.906876,0.175298,0.0941953,0.08110278844833374,0.241017,1.32625,0.276055,0.723821,,,4.29627,0.118502,0.285109,999,,,,,,,258.2,4.529824561403508,255,4.473684210526316,,,,,,,,,,,,,,,,,,,"Wandy Peralta","14295",593974
"Mitch Spence","KCR",0.853602,0.901297,0,4.70474,20.583,0.512,0,0.666,,25.2894,109.703,26.284,14.16,13.22,3.2577,8.25464,0.659796,1.20223,20.1087,7.15629,2.93766,2.43605,1.15935,0.183301,0.0752453,0.10805579274892807,0.262194,1.36574,0.29951,0.67979,,,4.34131,0.118112,-0.0450968,999,,,,,,,97.5,3.9,103,4.12,,,,,,,,,,,,,,,,,,,"Mitch Spence","27707",687765
"Justin Hagenman","NYM",0.796094,0.551177,0,4.24107,15.896,0.072,0,0.7173,,19.2263,80.9512,17.961,9.73,9.06,2.90538,5.40844,0.455873,0.778386,18.2478,8.54195,2.53174,3.37395,1.36003,0.225417,0.0668111,0.15860619395971298,0.240235,1.2155,0.280831,0.706638,,,4.16679,0.11427,-0.00728663,999,,,,,,,78.89999999999999,4.152631578947368,78,4.105263157894737,,,,,,,,,,,,,,,,,,,"Justin Hagenman","21546",663795
"Danny Young","ATL",0.546001,0.389683,0,4.07158,14.538,0,0,0.6492,,14.4342,62.5632,13.2743,7,6.53,1.3353,6.29413,0.361655,0.994655,15.551,9.69637,3.92451,2.47072,0.832587,0.248565,0.100604,0.1479610726237297,0.240154,1.3557,0.311009,0.710121,,,3.69791,0.11327,0.0322465,999,,,,,,,72.50000000000003,5.178571428571431,72,5.142857142857143,,,,,,,,,,,,,,,,,,,"Danny Young","18439",664849
"Trevor Williams","WSN",0.632907,1.30197,0,4.94333,17.432,1.613,0,0.6515,,24.8699,108.224,26.3339,14.66,13.66,3.8912,7.73526,0.584126,0.962767,19.8121,7.16965,2.79926,2.56127,1.40816,0.183066,0.0714747,0.11159113049507141,0.264594,1.3699,0.295991,0.678133,,,4.62511,0.112474,-0.095442,999,,,,,,,85.20000000000002,3.408000000000001,90,3.6,,,,,,,,,,,,,,,,,,,"Trevor Williams","16977",592866
"Beau Brieske","DET",1.56562,1.51145,0,4.39396,39.74,0.405,0,4.0186,,43.0546,184.663,39.3334,22.57,21.02,5.86839,16.6517,1.09279,1.99099,35.6557,7.45337,3.48082,2.14127,1.22671,0.193085,0.0901732,0.10291195660829544,0.236919,1.30033,0.268803,0.699509,,,4.54975,0.109064,-0.0540286,999,,,,,,,173.99999999999997,4.046511627906976,168,3.9069767441860463,,,,,,,,,,,,,,,,,,,"Beau Brieske","26079",689225
"Hunter Stratton","ATL",0.603756,0.465492,0,4.41762,15.932,0,0,0.6492,,16.9503,73.0615,15.9365,8.9,8.32,2.03086,6.44003,0.344788,0.946413,15.4098,8.18204,3.41942,2.39281,1.07831,0.210915,0.0881453,0.12276986986398697,0.242656,1.32013,0.288292,0.689925,,,4.18178,0.107973,-0.0118916,999,,,,,,,72.60000000000002,4.270588235294119,72,4.235294117647059,,,,,,,,,,,,,,,,,,,"Hunter Stratton","23455",676702
"Pierce Johnson","CIN",2.06529,1.84466,0,4.7707,58.363,0,1,12.0126,,58.8216,255.769,56.257,33.28,31.18,9.11357,24.0162,1.17955,2.54822,60.5676,9.26714,3.6746,2.52195,1.39442,0.236805,0.0938978,0.14290761947631836,0.245444,1.36469,0.295526,0.696049,,,4.44477,0.106841,-0.220642,999,,,,,,,274.30000000000007,4.649152542372883,272,4.610169491525424,,,,,,,,,,,,,,,,,,,"Pierce Johnson","13435",572955
"James McArthur","KCR",1.00593,0.833771,0,4.49051,24.625,0,1,0.666,,25.9347,112.207,25.7036,13.88,12.94,3.16278,9.1581,0.617904,1.46695,22.5105,7.81173,3.17809,2.45799,1.09757,0.200615,0.0816177,0.11899779736995697,0.253032,1.34421,0.296945,0.689421,,,4.21362,0.105824,-0.0421408,999,,,,,,,112.9,4.342307692307693,116,4.461538461538462,,,,,,,,,,,,,,,,,,,"James McArthur","21527",663704
"Zach Pop","PHI",0.918884,0.637512,0,4.14122,22.833,0,0,0.6364,,23.2323,99.3469,23.1482,11.5,10.69,2.27446,7.36238,0.66343,1.30908,16.5596,6.41506,2.85213,2.24922,0.881107,0.166685,0.0741078,0.09257689863443375,0.255286,1.31328,0.290553,0.695687,,,4.10203,0.105389,0.00189199,999,,,,,,,99.80000000000003,4.33913043478261,103,4.478260869565218,,,,,,,,,,,,,,,,,,,"Zach Pop","20185",647315
"Daison Acosta","SDP",0.675479,0.483433,0,3.94891,15.752,0,0,0,,16.6603,72.107,13.5327,7.86,7.31,1.84947,8.68751,1.30345,0.979438,18.2755,9.87255,4.69305,2.10365,0.999093,0.25345,0.120481,0.13296908140182495,0.216732,1.33372,0.276102,0.731509,,,4.12509,0.105129,0.09045,999,,,,,,,70.80000000000001,4.1647058823529415,65,3.823529411764706,,,,,,,,,,,,,,,,,,,"Daison Acosta","sa944989",670897
"Jackson Rutledge","WSN",1.73688,1.91846,0,4.67225,52.113,0.089,2,11.8257,,59.3676,260.338,57.3985,33.05,30.82,7.80429,24.9891,1.51419,3.87476,51.5962,7.82188,3.78829,2.06475,1.18311,0.19819,0.0959873,0.102202408015728,0.24797,1.38775,0.288216,0.690407,,,4.56445,0.104993,-0.220464,999,,,,,,,265.00000000000006,4.491525423728815,266,4.508474576271187,,,,,,,,,,,,,,,,,,,"Jackson Rutledge","26215",671131
"James Karinchak","ATL",0.625957,0.482689,0,4.49871,16.56,0,0,0.6492,,17.405,75.9919,13.9381,9.3,8.7,2.20423,9.89075,0.346956,0.922189,22.0286,11.3908,5.11444,2.22719,1.13979,0.289881,0.130155,0.15972593426704407,0.213843,1.36908,0.286568,0.700423,,,4.11396,0.10498,-0.0118979,999,,,,,,,79.80000000000001,4.694117647058825,74,4.352941176470588,,,,,,,,,,,,,,,,,,,"James Karinchak","20151",675916
"Emiliano Teodo","TEX",0.564283,0.348486,0,3.4926,12.168,0,0,0,,12.4463,52.7028,9.34328,5.16,4.83,1.1536,6.30812,0.449034,0.753719,13.9571,10.0925,4.56144,2.21257,0.834177,0.264827,0.119692,0.14513498544692993,0.204713,1.25751,0.268248,0.747445,,,3.79944,0.103709,0.130638,999,,,,,,,60.100000000000016,5.008333333333335,54,4.5,,,,,,,,,,,,,,,,,,,"Emiliano Teodo","sa3015158",693713
"Kyle Hart","SDP",1.16286,1.2788,0,4.57877,27.037,1.173,0,0.6537,,36.0883,157.206,34.0347,19.69,18.36,4.96008,15.244,0.90392,1.78423,34.6629,8.64452,3.80168,2.27387,1.23699,0.220493,0.0969683,0.12352481484413147,0.242796,1.3655,0.289141,0.698925,,,4.41644,0.101734,-0.0625557,999,,,,,,,139.50000000000003,3.875000000000001,138,3.8333333333333335,,,,,,,,,,,,,,,,,,,"Kyle Hart","19646",606996
"Ron Marinaccio","SDP",1.53682,1.17706,0,4.3505,36.495,0,0,0.6537,,40.154,174.244,33.818,20.79,19.41,4.91343,20.1485,0.8855,2.8122,40.9785,9.18479,4.51603,2.03382,1.10128,0.235178,0.115634,0.11954446882009506,0.223541,1.34399,0.274259,0.704568,,,4.40026,0.100146,-0.0099917,999,,,,,,,163.1,4.0775,152,3.8,,,,,,,,,,,,,,,,,,,"Ron Marinaccio","23488",676760
"Henry Baez","ATH",0.493904,0.493556,0,3.93853,10.804,0.4,0,0,,13.5279,57.7371,12.1535,6.35,5.92,1.32236,5.26446,0.419611,0.844227,12.3752,8.23313,3.5024,2.35071,0.879754,0.214337,0.0911798,0.12315742671489716,0.235402,1.28756,0.285549,0.711003,,,3.93099,0.0983291,0.135313,999,,,,,,,66.10000000000001,4.721428571428572,63,4.5,,,,,,,,,,,,,,,,,,,"Henry Baez","sa3016584",692013
"Manuel Rodríguez","TBR",0.536329,0.384405,0,4.07646,11.784,0,0,0.6597,,12.1429,51.9711,11.8124,5.9,5.5,1.14594,4.09499,0.290473,0.723636,10.6683,7.90709,3.0351,2.60522,0.84934,0.205274,0.0787935,0.1264808103442192,0.250514,1.31001,0.301838,0.699666,,,3.79531,0.0975887,0.0276399,999,,,,,,,56.30000000000001,4.691666666666667,58,4.833333333333333,,,,,,,,,,,,,,,,,,,"Manuel Rodriguez","20794",655889
"Gavin Collyer","TEX",0.674717,0.47006,0,4.06949,15.177,0,0,0,,15.9897,68.8179,13.2043,7.73,7.23,1.84028,7.50396,0.534654,1.14437,17.6288,9.92258,4.22369,2.34927,1.03582,0.256166,0.109041,0.14712490141391754,0.219451,1.2951,0.279211,0.715771,,,4.04892,0.0968551,0.0368532,999,,,,,,,69.00000000000001,4.312500000000001,63,3.9375,,,,,,,,,,,,,,,,,,,"Gavin Collyer","sa3011742",686560
"Adbert Alzolay","NYM",2.00406,1.40368,0,4.49054,40.769,0,0,0.7173,,42.1486,178.372,40.4884,22.53,21.03,6.66136,11.8921,0.893259,2.05108,37.4987,8.00711,2.53932,3.15324,1.4224,0.210228,0.0666704,0.14355780184268951,0.246238,1.24276,0.281263,0.693318,,,4.40279,0.096611,-0.107177,999,,,,,,,156.70000000000005,3.730952380952382,155,3.6904761904761907,,,,,,,,,,,,,,,,,,,"Adbert Alzolay","17859",640470
"Jean Cabrera","PHI",0.590447,0.732327,0.664589,4.84193,2.03,2.03,0,0,,10.2232,44.4707,10.6615,5.89,5.5,1.44271,3.58781,0.0292652,0.453197,7.44961,6.55827,3.15853,2.07637,1.27009,0.167517,0.080678,0.08683929592370987,0.263706,1.39383,0.292315,0.683537,,,4.69815,0.0910957,0.0243707,999,,,,,,,35.1,3.5100000000000002,39,3.9,,,,,,,,,,,,,,,,,,,"Jean Cabrera","sa3015433",691893
"Didier Fuentes","ATL",0.461918,0.673359,0.250854,4.83409,2.689,1.619,0,0,,9.011,38.7482,9.10338,5.18,4.84,1.52242,2.75026,0.0908629,0.376411,8.34843,8.33824,2.7469,3.03551,1.52056,0.215453,0.0709776,0.14447564631700516,0.255558,1.31546,0.294398,0.686429,,,4.5195,0.0907611,0.0519976,747.4199829101562,,,,,,,25.60000000000001,2.8444444444444454,26,2.888888888888889,,,,,,,,,,,,,,,,,,,"Didier Fuentes","30661",800311
"Trent Thornton","CHC",0.940287,0.778499,0,4.52058,22.578,0,0,0.7226,,24.05,103.118,23.218,12.94,12.08,3.17282,8.26,0.427445,1.25454,20.2552,7.5799,3.09106,2.4522,1.18733,0.196427,0.0801023,0.11632455140352249,0.248046,1.30886,0.285643,0.685677,,,4.3526,0.0901077,-0.0467204,999,,,,,,,97.90000000000002,4.0791666666666675,98,4.083333333333333,,,,,,,,,,,,,,,,,,,"Trent Thornton","17948",663423
"Pete Hansen","STL",0.402101,0.630563,0.529256,4.80594,1.556,1.556,0,0,,7.9589,34.413,8.51088,4.54,4.25,1.14062,2.37782,0.0228137,0.247035,5.71655,6.46433,2.68886,2.40411,1.28982,0.166116,0.0690966,0.0970194861292839,0.267738,1.36812,0.295627,0.683256,,,4.55109,0.0857865,-0.000209807,999,,,,,,,29.500000000000007,3.687500000000001,33,4.125,,,,,,,,,,,,,,,,,,,"Pete Hansen","sa3020798",677337
"Yilber Díaz","ARI",0.689925,0.782217,0,4.65792,19.273,0.538,0,0.6504,,24.0751,106.78,21.2579,13.29,12.46,2.9653,13.5997,0.754974,1.32714,24.7617,9.25668,5.08396,1.82076,1.10852,0.231895,0.127362,0.10453355312347412,0.231434,1.44787,0.28526,0.702386,,,4.53932,0.0827772,0.00551889,999,,,,,,,95.10000000000002,3.962500000000001,90,3.75,,,,,,,,,,,,,,,,,,,"Yilber Diaz","29271",700270
"Yariel Rodríguez","TOR",1.55434,0.967496,0,4.21064,33.054,0.096,0,0.6476,,36.0159,156.019,29.7688,17.97,16.85,4.22681,18.5832,0.997611,2.50483,35.1078,8.77308,4.64374,1.88923,1.05624,0.225023,0.119109,0.1059143915772438,0.220623,1.34252,0.267187,0.715975,,,4.4678,0.0827765,0.0829197,999,,,,,,,147.20000000000005,4.08888888888889,136,3.7777777777777777,,,,,,,,,,,,,,,,,,,"Yariel Rodriguez","33838",684320
"Garrett Acton","MIA",0.729706,0.6146,0,4.30145,19.151,0,0,0.6387,,19.333,82.074,16.6635,9.93,9.24,3.14205,7.32553,0.796288,0.839744,20.3821,9.48838,3.41022,2.78234,1.4627,0.248338,0.0892552,0.1590827852487564,0.225461,1.24083,0.268365,0.717658,,,4.40645,0.0824892,-0.00730339,999,,,,,,,79.49999999999999,4.1842105263157885,76,4,,,,,,,,,,,,,,,,,,,"Garrett Acton","27583",670183
"Drey Jameson","ARI",1.25626,1.14353,0,4.75001,37.372,0,1,0.6504,,40.8315,178.76,41.7772,23.11,21.55,5.25828,15.4295,1.26613,2.10048,35.3939,7.80146,3.40093,2.29392,1.15902,0.197996,0.0863137,0.1116826981306076,0.259115,1.40104,0.302865,0.684053,,,4.36359,0.0822468,-0.1601,999,,,,,,,160.70000000000005,3.9195121951219525,168,4.097560975609756,,,,,,,,,,,,,,,,,,,"Drey Jameson","26260",686753
"Rolddy Muñoz","ATL",0.520984,0.387728,0,4.2707,13.823,0,0,0.6492,,15.0467,65.4884,13.9836,7.64,7.14,1.56268,6.69245,0.57065,0.908892,14.8199,8.86433,4.00301,2.21442,0.934699,0.226298,0.102193,0.12410477548837662,0.241567,1.37412,0.299266,0.705097,,,4.03096,0.0818774,-0.0164809,999,,,,,,,60.00000000000001,4.000000000000001,59,3.933333333333333,,,,,,,,,,,,,,,,,,,"Rolddy Munoz","27407",691548
"Taylor Clarke","ARI",1.87097,1.72315,0,4.77061,54.615,0.069,0,12.3365,,58.2756,250.263,59.7223,33.11,30.89,9.41522,16.268,1.16915,2.41362,47.5164,7.33837,2.5124,2.92086,1.45407,0.189866,0.0650034,0.12486260384321213,0.257889,1.30398,0.288046,0.68271,,,4.56643,0.0812418,-0.273498,999,,,,,,,252.50000000000006,4.35344827586207,263,4.5344827586206895,,,,,,,,,,,,,,,,,,,"Taylor Clarke","17611",664199
"Taylor Rashi","ARI",0.432829,0.360879,0,4.41054,12.368,0,0,0,,21.6912,94.1806,19.5082,11.39,10.63,2.75187,9.88228,0.834859,0.959961,21.7506,9.02463,4.1003,2.20097,1.14179,0.230945,0.104929,0.12601613998413086,0.234084,1.35495,0.284797,0.704855,,,4.27845,0.0809585,0.0506735,999,,,,,,,84.9,3.8590909090909093,82,3.727272727272727,,,,,,,,,,,,,,,,,,,"Taylor Rashi","26344",688497
"Nick Raquet","STL",1.11543,0.97696,0,4.52872,26.76,0,0,0.6663,,28.7366,125.682,29.1124,15.47,14.46,2.96996,11.6086,0.963659,1.23806,23.9963,7.5154,3.63568,2.06712,0.93016,0.190928,0.0923643,0.09856414049863815,0.258007,1.41704,0.304444,0.690615,,,4.14975,0.080369,0.0156983,999,,,,,,,115.30000000000001,3.9758620689655175,119,4.103448275862069,,,,,,,,,,,,,,,,,,,"Nick Raquet","20333",675919
"Nate Pearson","HOU",1.85901,1.41913,0,4.5505,40.057,0,0,4.3723,,43.3535,187.063,38.3113,23.39,21.92,6.50025,18.5677,1.12828,2.47986,42.4758,8.8178,3.85458,2.28762,1.34942,0.227067,0.0992591,0.12780768424272537,0.230769,1.31198,0.271798,0.70092,,,4.58126,0.0800358,-0.0540286,999,,,,,,,170.3,3.96046511627907,161,3.744186046511628,,,,,,,,,,,,,,,,,,,"Nate Pearson","20160",663878
"Drew Smith","WSN",0.88375,0.916825,0,4.57139,26.088,0,0,0.6515,,26.5193,114.543,24.1913,14.43,13.47,3.86768,10.7007,0.56487,1.36118,25.4424,8.63453,3.63154,2.37765,1.31259,0.222121,0.0934204,0.12870073318481445,0.236056,1.31572,0.277754,0.694162,,,4.47682,0.0799168,0.0110949,999,,,,,,,106.20000000000002,3.933333333333334,101,3.740740740740741,,,,,,,,,,,,,,,,,,,"Drew Smith","17755",622098
"Bailey Horn","DET",1.17996,1.00686,0,4.27954,30.594,0,0,0.6028,,32.4708,141.236,29.0251,16.57,15.44,3.82322,15.3901,1.21531,1.42683,30.6469,8.49448,4.26571,1.99134,1.05969,0.216992,0.108968,0.10802404582500458,0.233285,1.36785,0.280181,0.712833,,,4.33187,0.0798268,-0.0283811,999,,,,,,,130.20000000000002,4.0687500000000005,126,3.9375,,,,,,,,,,,,,,,,,,,"Bailey Horn","27753",690544
"Angel Chivilli","NYY",1.1815,0.705886,0,4.22926,22.994,0,0,0.691,,25.1959,106.609,24.0278,12.69,11.84,3.42959,7.4248,0.507429,1.31671,20.7275,7.40389,2.65215,2.79166,1.22505,0.194426,0.0696453,0.1247805804014206,0.245514,1.24832,0.279449,0.704007,,,4.30017,0.0796248,0.00649747,999,,,,,,,107.69999999999999,4.308,108,4.32,,,,,,,,,,,,,,,,,,,"Angel Chivilli","26790",683409
"Tim Mayza","PHI",0.886483,0.640665,0,4.34941,22.52,0,0,0.6364,,22.2651,95.4745,22.9471,11.59,10.76,2.54303,6.77518,0.564695,0.853486,17.1791,6.94415,2.73867,2.5356,1.02794,0.179934,0.0709633,0.10897093266248703,0.26122,1.33493,0.299515,0.693076,,,4.10469,0.0792209,-0.0513247,999,,,,,,,80.10000000000001,3.640909090909091,85,3.8636363636363638,,,,,,,,,,,,,,,,,,,"Tim Mayza","15042",641835
"Robert Stephenson","LAA",1.24623,1.14164,0,4.5189,31.812,0,5,0.5535,,32.1848,135.877,28.5181,17.3,16.16,5.99869,10.6227,0.735363,1.45819,35.5443,9.93943,2.97048,3.34607,1.67745,0.261592,0.0781791,0.1834133267402649,0.230364,1.21613,0.273783,0.71044,,,4.47543,0.0787124,-0.0283881,594.1900024414062,,,,,,,152.6,4.76875,147,4.59375,,,,,,,,,,,,,,,,,,,"Robert Stephenson","13594",596112
"Eric Cerantola","KCR",0.504203,0.36376,0,3.92236,11.66,0,0,0,,12.3905,53.42,9.79655,5.76,5.4,1.27299,6.58354,0.296307,0.79584,13.6564,9.91951,4.78204,2.07433,0.924655,0.255642,0.123241,0.1324012354016304,0.212781,1.32199,0.273971,0.727508,,,4.05312,0.0776032,0.0276399,999,,,,,,,54.500000000000014,4.541666666666668,51,4.25,,,,,,,,,,,,,,,,,,,"Eric Cerantola","sa3017914",672021
"Alexis Díaz","TEX",1.51476,1.1245,0,4.36978,33.734,0,2,0.6445,,34.869,150.586,27.728,18.03,16.93,4.52107,17.7787,0.716694,2.92008,35.4702,9.15517,4.58884,1.9951,1.16693,0.235547,0.118063,0.11748409271240234,0.213477,1.30508,0.258152,0.701344,,,4.56706,0.0775525,0.0295039,743.5800170898438,,,,,,,145.7,4.162857142857143,131,3.742857142857143,,,,,,,,,,,,,,,,,,,"Alexis Diaz","21132",664747
"Cole Sulser","TBR",2.06872,1.63488,0,4.64081,46.031,0,0,10.1593,,50.2477,217.53,47.922,27.74,25.91,7.41924,19.9388,1.14013,2.30122,47.3324,8.47783,3.57128,2.37389,1.32888,0.21759,0.0916597,0.12593018263578415,0.245389,1.35052,0.288197,0.69807,,,4.49849,0.0758413,-0.19033,999,,,,,,,227.09999999999997,4.541999999999999,227,4.54,,,,,,,,,,,,,,,,,,,"Cole Sulser","15256",642121
"Michael Fulmer","SFG",0.392297,0.306011,0,4.23957,9.867,0,0,0.6513,,10.4869,45.1246,9.7491,5.31,4.94,1.3036,3.9423,0.321932,0.571688,10.7418,9.21876,3.38334,2.72475,1.11877,0.238047,0.0873648,0.15068269520998,0.240063,1.30557,0.295657,0.706316,,,3.99384,0.0758307,0.0230332,999,,,,,,,46.7,4.67,48,4.8,,,,,,,,,,,,,,,,,,,"Michael Fulmer","13218",605242
"Jordan Hicks","CHW",1.84487,1.86846,0,4.36341,48.772,0.453,1,10.8226,,55.1335,241.019,51.3308,28.59,26.73,5.39603,26.0238,1.16534,3.97206,45.2215,7.38196,4.24814,1.73769,0.880848,0.187626,0.107974,0.0796518549323082,0.243247,1.40304,0.286366,0.698632,,,4.39922,0.0757241,-0.0264714,999,,,,,,,261.9,4.761818181818182,259,4.709090909090909,,,,,,,,,,,,,,,,,,,"Jordan Hicks","19618",663855
"Yoniel Curet","PHI",0.422801,0.55862,0.211636,4.5689,2.178,1.417,0,0,,7.2884,31.8091,6.8136,3.96,3.7,0.933765,3.22842,0.0645668,0.493905,6.70707,8.28215,3.98658,2.07751,1.15305,0.210854,0.101494,0.10936030745506287,0.242591,1.37781,0.28758,0.696302,,,4.49233,0.0725471,0.0242166,999,,,,,,,26.300000000000015,3.7571428571428593,27,3.857142857142857,,,,,,,,,,,,,,,,,,,"Yoniel Curet","sa3015446",692414
"Jackson Jobe","DET",0.332081,0.504897,0.071809,4.45704,2.96,1.104,0,0,,8.6829,37.2467,7.9328,4.6,4.3,1.23591,3.4521,0.142609,0.419453,7.4213,7.69233,3.57817,2.14979,1.28104,0.199247,0.092682,0.10656511783599854,0.237686,1.31119,0.270932,0.702762,,,4.61377,0.0724196,0.0344651,999,,,,,,,38.500000000000014,4.2777777777777795,37,4.111111111111111,,,,,,,,,,,,,,,,,,,"Jackson Jobe","30203",695549
"Jose Espada","BAL",0.592881,0.40589,0,4.17206,12.32,0,0,0.6611,,14.518,61.7311,11.6024,7.19,6.73,2.262,6.54468,0.368269,0.749866,16.9626,10.5154,4.05718,2.59181,1.40226,0.274782,0.106019,0.1687626838684082,0.213136,1.24997,0.265262,0.731433,,,4.3312,0.07216,0.0858872,999,,,,,,,69.2,4.613333333333333,63,4.2,,,,,,,,,,,,,,,,,,,"Jose Espada","21131",664744
"Jhony Brito","SDP",0.686689,0.538035,0,4.35831,16.544,0,0,0.6537,,18.3787,78.7119,18.4812,9.58,8.9,2.15908,5.63181,0.541798,0.728593,13.0702,6.40046,2.75788,2.32079,1.05729,0.166052,0.0715497,0.09450195729732513,0.255436,1.31201,0.28574,0.689084,,,4.27824,0.071995,-0.0604212,999,,,,,,,70.80000000000003,3.933333333333335,73,4.055555555555555,,,,,,,,,,,,,,,,,,,"Jhony Brito","25386",666745
"Chase Shugart","PHI",1.17053,0.914043,0,4.69866,30.08,0,0,0.6364,,33.2137,144.8,33.2855,18.63,17.34,4.43236,12.5152,0.786219,1.58179,27.9568,7.57553,3.39128,2.23383,1.20105,0.193072,0.0864309,0.10664086043834686,0.254665,1.37897,0.29348,0.686209,,,4.45983,0.0700003,-0.17822,999,,,,,,,124.20000000000006,3.7636363636363654,128,3.878787878787879,,,,,,,,,,,,,,,,,,,"Chase Shugart","21544",663767
"Tim Hill","NYY",3.16655,1.81133,0,3.97994,60.999,0,1,14.9259,,62.4356,265.953,64.1779,29.7,27.61,5.77887,17.7702,1.30174,3.03513,31.8375,4.58933,2.56154,1.79163,0.833016,0.119711,0.066817,0.05289410799741745,0.261793,1.31252,0.281399,0.707416,,,4.31821,0.0685608,0.245275,999,,,,,,,284.5999999999999,4.59032258064516,298,4.806451612903226,,,,,,,,,,,,,,,,,,,"Tim Hill","16814",657612
"Caleb Kilian","SFG",0.499221,0.395084,0,4.31948,12.613,0,0,0.6513,,13.4808,58.5603,13.2719,6.98,6.47,1.39586,5.20781,0.623466,0.686386,11.1481,7.44264,3.47682,2.14065,0.931901,0.190369,0.0889307,0.10143856704235077,0.252001,1.37082,0.295997,0.695877,,,4.13898,0.0681197,-0.0210759,999,,,,,,,58.10000000000001,4.46923076923077,60,4.615384615384615,,,,,,,,,,,,,,,,,,,"Caleb Kilian","26213",668873
"Ryan Loutos","SEA",0.625516,0.529719,0,4.33056,16.003,0,0,0.65,,16.439,71.0195,15.6559,8.47,7.91,1.87836,6.42784,0.561784,0.773458,14.3932,7.87999,3.5191,2.2392,1.02836,0.202666,0.0905081,0.1121579259634018,0.245321,1.34338,0.28977,0.699791,,,4.18363,0.0681079,0.0368531,999,,,,,,,63.20000000000001,3.9500000000000006,65,4.0625,,,,,,,,,,,,,,,,,,,"Ryan Loutos","29521",702795
"Chad Green",,2.09433,2.44325,0,4.56956,37.651,0,1,0,,38.9578,165.191,36.853,21.27,19.78,6.55451,11.6745,1.01543,1.57739,33.0746,7.64088,2.69704,2.83306,1.51422,0.20022,0.0706728,0.1295473426580429,0.24255,1.24564,0.269775,0.692673,,,4.64485,0.0678763,-0.0632168,999,,,,,,,135.3,3.4692307692307693,133,3.41025641025641,,,,,,,,,,,,,,,,,,,"Chad Green","15552",643338
"Joey Estes","ATH",1.00921,1.22137,0,4.71115,22.12,1.082,0,0.6384,,30.5658,130.008,28.9867,17.14,16,5.76345,8.63137,0.985443,1.76053,25.0478,7.37526,2.54148,2.90196,1.69703,0.192663,0.0663908,0.12627243250608444,0.24233,1.23072,0.261508,0.693015,,,4.96741,0.0666858,-0.0217082,999,,,,,,,101.19999999999996,3.264516129032257,98,3.161290322580645,,,,,,,,,,,,,,,,,,,"Joey Estes","26257",683155
"Ryan Webb","CLE",0.350185,0.546138,0.468846,4.88842,1.348,1.348,0,0,,6.9409,30.3479,7.14497,4.04,3.77,0.947773,2.66031,0.021274,0.331643,5.45297,7.07066,3.44952,2.04975,1.22894,0.179682,0.0876602,0.09202168136835098,0.261185,1.41268,0.295735,0.679996,,,4.6322,0.0640021,0.036766,999,,,,,,,22.3,3.185714285714286,23,3.2857142857142856,,,,,,,,,,,,,,,,,,,"Ryan Webb","sa3018280",669067
"Bobby Miller","LAD",0.884709,0.544771,0,4.409,16.403,0.399,0,0.7772,,20.9027,89.9164,19.4935,10.94,10.24,2.69733,8.13844,0.538743,1.10065,18.6954,8.04959,3.50414,2.29717,1.16138,0.207919,0.0905112,0.11740807443857193,0.241624,1.32193,0.283315,0.699706,,,4.3499,0.0634699,-0.00268166,999,,,,,,,84.1,4.004761904761905,81,3.857142857142857,,,,,,,,,,,,,,,,,,,"Bobby Miller","27483",676272
"Gus Varland","WSN",0.911215,1.00154,0,4.75079,27.763,0,0,0.6515,,28.9278,126.863,28.0312,16.35,15.27,3.85241,12.4041,0.846806,1.64464,27.2297,8.47169,3.85916,2.19521,1.19856,0.214639,0.0977758,0.11686307191848755,0.248472,1.3978,0.29583,0.687328,,,4.44074,0.0634528,-0.0860855,999,,,,,,,108.60000000000004,3.744827586206898,109,3.7586206896551726,,,,,,,,,,,,,,,,,,,"Gus Varland","24737",681402
"Konnor Pilkington","DET",0.986101,0.876922,0,4.18354,25.128,0.171,0,0.6028,,26.1812,114.334,21.9166,13,12.17,2.94073,14.3061,0.733125,1.43348,27.2121,9.35438,4.91784,1.90213,1.0109,0.238005,0.125126,0.11287973821163177,0.222291,1.38354,0.277257,0.723321,,,4.32011,0.0629528,0.0598864,999,,,,,,,111.3,4.280769230769231,104,4,,,,,,,,,,,,,,,,,,,"Konnor Pilkington","21453",663455
"Hogan Harris","ATH",2.28067,1.97365,0,4.59274,53.763,0.24,11,11.3438,,62.7272,276.138,57.106,34.24,32.01,7.98522,31.9799,1.81371,3.43378,63.018,9.04172,4.58842,1.97055,1.14571,0.228212,0.115811,0.11240079253911972,0.237226,1.42021,0.289421,0.703996,,,4.47447,0.0620128,-0.109844,681,,,,,,,339.6000000000001,5.390476190476192,331,5.253968253968254,,,,,,,,,,,,,,,,,,,"Hogan Harris","21520",663687
"Joey Gerber","NYM",0.591853,0.401538,0,4.37851,12.014,0,0,0.7173,,13.2785,56.942,12.1565,6.91,6.46,1.84318,4.97036,0.448164,0.597716,13.2269,8.96505,3.36885,2.66116,1.24928,0.232288,0.0872881,0.1449996381998062,0.236627,1.28982,0.284083,0.702363,,,4.20542,0.0619853,-0.0210645,999,,,,,,,52.39999999999999,4.03076923076923,51,3.923076923076923,,,,,,,,,,,,,,,,,,,"Joey Gerber","24591",680702
"Sean Guenther","DET",0.4837,0.439342,0,4.14943,12.376,0.109,0,0.6028,,13.2958,56.5453,12.9121,6.59,6.13,1.54644,4.07852,0.311495,0.562758,10.4657,7.08429,2.76077,2.56605,1.0468,0.185085,0.0721284,0.11295668035745621,0.248768,1.27789,0.28491,0.701531,,,4.12013,0.0618774,-0.0210645,999,,,,,,,46.8,3.5999999999999996,48,3.6923076923076925,,,,,,,,,,,,,,,,,,,"Sean Guenther","20045",674944
"Colin Poche","DET",0.662232,0.577023,0,4.32121,16.798,0,0,0.6028,,16.5787,70.9383,14.0986,8.54,7.96,2.38538,7.15149,0.415835,0.775334,15.6002,8.4688,3.8823,2.18139,1.29494,0.219912,0.100813,0.11909925192594528,0.223746,1.28177,0.260143,0.709642,,,4.55805,0.0576656,-0.0118979,999,,,,,,,76.80000000000001,4.51764705882353,71,4.176470588235294,,,,,,,,,,,,,,,,,,,"Colin Poche","19403",621363
"José Buttó","SFG",2.1528,1.91862,0,4.63148,54.506,0.34,2,12.9601,,62.1832,273.01,58.9911,34.39,32,8.14078,28.9656,1.748,3.47821,57.4847,8.31998,4.1923,1.98459,1.17824,0.210559,0.106097,0.10446172952651978,0.245217,1.41448,0.290671,0.699673,,,4.5534,0.0574746,-0.162942,999,,,,,,,287,4.629032258064516,286,4.612903225806452,,,,,,,,,,,,,,,,,,,"Jose Butto","23313",676130
"Wilber Dotel","PIT",0.498873,0.417145,0,4.30633,10.611,0.187,0,0,,11.7455,50.8759,10.5102,6.02,5.62,1.40148,5.28992,0.345672,0.667587,11.2291,8.60432,4.05341,2.12274,1.07389,0.220716,0.103977,0.11673885583877563,0.233984,1.3452,0.282109,0.706755,,,4.29589,0.0570829,0.0276399,999,,,,,,,51.90000000000001,4.325000000000001,51,4.25,,,,,,,,,,,,,,,,,,,"Wilber Dotel","sa3015163",696062
"Andry Lara","WSN",0.779958,0.827296,0,4.6098,23.241,0,0,0,,34.303,148.969,33.8352,18.84,17.57,4.42122,13.0779,1.03272,1.47812,26.4267,6.93351,3.43122,2.02071,1.15999,0.177397,0.0877894,0.08960779011249542,0.251726,1.36761,0.284015,0.689361,,,4.5429,0.0567714,-0.125035,999,,,,,,,124.00000000000003,3.6470588235294126,128,3.764705882352941,,,,,,,,,,,,,,,,,,,"Andry Lara","27967",691251
"Bryse Wilson","PHI",0.899618,1.3983,0.249512,5.29842,9.286,2.933,0,0.6364,,23.5089,102.742,25.7881,14.84,13.84,4.08052,7.19218,0.303809,0.986046,16.1788,6.19378,2.75341,2.2495,1.56216,0.15747,0.0700022,0.08746735006570816,0.272705,1.40288,0.292142,0.665269,,,5.05883,0.0559915,-0.0727855,999,,,,,,,72.80000000000004,3.033333333333335,80,3.3333333333333335,,,,,,,,,,,,,,,,,,,"Bryse Wilson","19990",669060
"Enmanuel De Jesus","DET",1.09114,1.06147,0,4.82857,29.864,0,0,0.6028,,31.295,139.234,31.6231,18.01,16.79,3.27336,14.0702,1.08305,1.98466,25.3956,7.30342,4.0464,1.80492,0.941371,0.182396,0.101055,0.0813407450914383,0.256725,1.46008,0.299966,0.673386,,,4.41097,0.0552618,-0.182822,999,,,,,,,115.29999999999997,3.7193548387096764,122,3.935483870967742,,,,,,,,,,,,,,,,,,,"Enmanuel De Jesus","18554",646241
"Sam Bachman","LAA",1.53729,1.3794,0,4.31059,39.211,0,0,8.8046,,41.1939,179.93,37.7006,21.08,19.73,4.30403,19.9032,1.27969,2.69861,34.7221,7.58604,4.34843,1.74455,0.94034,0.192975,0.110616,0.08235899358987808,0.239629,1.39836,0.282298,0.708125,,,4.45362,0.0536267,0.0433162,999,,,,,,,192.40000000000003,4.692682926829269,190,4.634146341463414,,,,,,,,,,,,,,,,,,,"Sam Bachman","29754",696147
"Nick Hernandez","ATH",0.424803,0.343546,0,4.35679,9.656,0,0,0,,11.878,50.781,9.82357,6.15,5.75,1.96035,5.1824,0.336752,0.663405,13.3199,10.0925,3.92672,2.57021,1.48536,0.2623,0.102054,0.16024628281593323,0.218617,1.26334,0.265157,0.722259,,,4.51434,0.052462,0.0276399,999,,,,,,,46.20000000000002,3.8500000000000014,42,3.5,,,,,,,,,,,,,,,,,,,"Nick Hernandez","19281",663321
"Michel Otañez","TEX",0.791368,0.575904,0,4.24172,18.045,0,0,0.6445,,18.12,80.1485,14.1284,9.09,8.54,1.87591,11.9317,0.548593,1.41473,21.7497,10.8028,5.92636,1.82285,0.931743,0.271368,0.14887,0.12249743938446045,0.211497,1.4382,0.283778,0.724172,,,4.29004,0.0521267,0.0414598,999,,,,,,,81.20000000000002,4.511111111111112,73,4.055555555555555,,,,,,,,,,,,,,,,,,,"Michel Otanez","22533",671305
"Nick Mears","KCR",2.38902,1.99489,0,4.6501,57.886,0,0,12.4311,,58.7794,256.088,54.4929,32.46,30.37,8.13435,25.7224,1.50297,2.86169,54.5623,8.35429,3.93849,2.12119,1.24549,0.21306,0.100444,0.1126166582107544,0.239525,1.36468,0.281289,0.693844,,,4.53655,0.0517337,-0.11911,999,,,,,,,268.80000000000007,4.5559322033898315,262,4.440677966101695,,,,,,,,,,,,,,,,,,,"Nick Mears","25376",683232
"Tom Cosgrove","HOU",0.446427,0.308564,0,4.09989,9.455,0,0,0.6558,,9.8344,42.1739,8.54341,4.79,4.48,1.15421,4.18965,0.322235,0.564851,9.58366,8.77053,3.83418,2.28746,1.05628,0.227241,0.0993422,0.12789922952651978,0.228315,1.29475,0.276941,0.714486,,,4.16223,0.0516628,0.0230332,999,,,,,,,47.300000000000004,4.73,46,4.6,,,,,,,,,,,,,,,,,,,"Tom Cosgrove","23443",676680
"Hunter Bigge","TBR",1.90931,1.48394,0,4.58932,42.068,0,0,6.8608,,44.3791,192.712,39.6073,24.24,22.63,6.74657,20.4628,1.14986,2.33809,46.743,9.4794,4.14983,2.28429,1.36819,0.242554,0.106184,0.13637036830186844,0.233106,1.35357,0.282257,0.707757,,,4.54621,0.0491069,-0.10259,999,,,,,,,191.5,4.3522727272727275,185,4.204545454545454,,,,,,,,,,,,,,,,,,,"Hunter Bigge","26259",685801
"Ryan Borucki","CHW",0.54015,0.472196,0,4.08079,14.025,0,0,6.2077,,14.1149,59.9699,12.6576,6.87,6.4,1.70222,5.39165,0.294975,0.721613,12.096,7.71269,3.43784,2.24347,1.08538,0.201701,0.0899059,0.11179498583078384,0.235025,1.27874,0.273486,0.713594,,,4.2883,0.0475205,0.0322465,999,,,,,,,75.2,5.371428571428572,74,5.285714285714286,,,,,,,,,,,,,,,,,,,"Ryan Borucki","16350",621366
"Craig Kimbrel","NYM",0.618434,0.41437,0,4.34292,12.36,0,0,0.7173,,12.5791,53.9351,10.1727,6.49,6.07,1.86498,5.99097,0.242457,0.746591,14.8936,10.656,4.28638,2.48601,1.33434,0.276139,0.111077,0.16506167501211166,0.215534,1.28496,0.27293,0.713782,,,4.30138,0.0470091,0.0812782,999,,,,,,,58.599999999999994,4.507692307692308,52,4,,,,,,,,,,,,,,,,,,,"Craig Kimbrel","6655",518886
"Héctor Neris","KCR",0.584653,0.475082,0,4.49799,14.095,0,0,0.666,,14.3064,61.8589,12.9214,7.65,7.15,1.95625,6.08864,0.24398,0.775894,14.4612,9.09736,3.8303,2.3751,1.23065,0.233777,0.098428,0.13534873723983765,0.234959,1.32878,0.284242,0.698165,,,4.33058,0.0469089,-0.0695348,999,,,,,,,56.20000000000003,4.014285714285717,55,3.9285714285714284,,,,,,,,,,,,,,,,,,,"Hector Neris","11804",593576
"Daysbel Hernández","ATL",1.09383,0.853946,0,4.56968,28.991,0,0,0.6492,,30.4288,134.095,26.6343,16.5,15.45,3.56499,16.8746,0.921191,1.77692,31.0652,9.18824,4.99105,1.84094,1.05443,0.231667,0.125841,0.10582530498504639,0.230713,1.42986,0.285465,0.701204,,,4.45524,0.0468337,-0.0329704,999,,,,,,,111.60000000000001,3.72,107,3.566666666666667,,,,,,,,,,,,,,,,,,,"Daysbel Hernandez","20271",678226
"Ky Bush","CHW",0.62575,1.13875,0.176604,4.89565,6.772,2.209,0,0,,16.1041,70.5059,15.8663,9.39,8.76,2.38942,6.92186,0.300635,0.651443,12.3866,6.92244,3.86838,1.78949,1.33536,0.175682,0.0981742,0.07750789076089859,0.252116,1.41506,0.279856,0.689101,,,4.93649,0.0445891,0.0422554,999,,,,,,,52.20000000000001,3.2625000000000006,54,3.375,,,,,,,,,,,,,,,,,,,"Ky Bush","29823",681066
"Seth Martinez","BOS",0.583123,0.446311,0,4.46304,11.714,0,0,0.676,,12.4422,53.6958,11.4756,6.6,6.17,1.63162,4.97125,0.390828,0.75875,10.7341,7.76442,3.59593,2.15922,1.18022,0.199905,0.0925818,0.10732312500476837,0.239245,1.32186,0.276515,0.695272,,,4.49607,0.0440713,-0.0740491,999,,,,,,,43.600000000000016,3.6333333333333346,42,3.5,,,,,,,,,,,,,,,,,,,"Seth Martinez","21045",661527
"Scott Effross","DET",0.491666,0.466531,0,4.66906,13.321,0,0,0.6028,,13.8786,60.1183,14.7236,7.75,7.2,1.64986,4.12288,0.503253,0.697758,9.98012,6.47191,2.6736,2.42067,1.0699,0.166008,0.0685794,0.09742866456508636,0.266261,1.35795,0.299392,0.671023,,,4.28438,0.0433456,-0.0694943,999,,,,,,,49,3.5,53,3.7857142857142856,,,,,,,,,,,,,,,,,,,"Scott Effross","18384",664123
"Seth Johnson","PHI",0.69085,0.623489,0,4.55569,17.12,0.355,0,0.6364,,20.0716,87.5603,18.6866,10.92,10.16,2.66298,9.05083,0.688856,0.913139,19.8757,8.91215,4.05834,2.19601,1.19407,0.226994,0.103367,0.12362729758024216,0.240818,1.38193,0.291034,0.700457,,,4.36869,0.0422201,-0.0558177,999,,,,,,,75.69999999999999,3.7849999999999993,75,3.75,,,,,,,,,,,,,,,,,,,"Seth Johnson","26020",686751
"Rico Garcia","BAL",2.25868,1.76445,0,4.6706,48.879,0.039,0,10.1815,,52.3552,226.842,47.4942,29.05,27.17,8.84522,22.7548,1.64369,2.39228,54.1643,9.311,3.91161,2.38035,1.52052,0.238776,0.100311,0.13846427202224731,0.235475,1.34178,0.278681,0.711976,,,4.70328,0.0416688,-0.185814,999,,,,,,,224.90000000000003,4.325000000000001,216,4.153846153846154,,,,,,,,,,,,,,,,,,,"Rico Garcia","20023",670329
"Shawn Dubin","ARI",0.410847,0.421005,0,4.72757,11.987,0.151,0,0,,14.6587,64.817,14.5007,8.23,7.7,1.58452,6.7296,0.337799,0.855451,12.938,7.94354,4.13177,1.92255,0.972847,0.199608,0.103825,0.09578360617160797,0.253367,1.44831,0.30242,0.683795,,,4.32746,0.041235,-0.0164601,999,,,,,,,49.400000000000006,3.293333333333334,51,3.4,,,,,,,,,,,,,,,,,,,"Shawn Dubin","24977",681869
"AJ Smith-Shawver","ATL",0.283906,0.346148,0,4.42155,6.828,0.43,0,0.6492,,8.5694,36.7359,7.36122,4.51,4.21,1.22338,3.75372,0.233459,0.386275,9.22993,9.69372,3.94234,2.45887,1.28485,0.251251,0.102181,0.14906974136829376,0.225833,1.29705,0.277196,0.702488,,,4.28622,0.0402006,-0.0301647,999,,,,,,,46.10000000000001,5.122222222222224,42,4.666666666666667,,,,,,,,,,,,,,,,,,,"AJ Smith-Shawver","29960",700363
"Michael Darrell-Hicks","PIT",0.312427,0.236012,0,4.58033,7.035,0,0,0.6566,,7.899,34.4133,7.89996,4.3,4.02,0.916024,2.85286,0.228752,0.471524,6.98759,7.96155,3.25051,2.44933,1.0437,0.203049,0.0828999,0.12014903128147125,0.254108,1.36129,0.301222,0.681368,,,4.13606,0.0387201,0.0184266,999,,,,,,,35.10000000000001,4.387500000000001,36,4.5,,,,,,,,,,,,,,,,,,,"Michael Darrell-Hicks","31501",690382
"Nick Burdi","NYM",0.433554,0.300348,0,4.38509,8.815,0,0,0,,9.1127,39.5329,7.92662,4.76,4.44,1.21264,4.33639,0.194494,0.532566,9.89669,9.77429,4.28276,2.28224,1.19765,0.250341,0.109691,0.14064986258745193,0.228671,1.34571,0.285039,0.710155,,,4.29592,0.0370961,-0.0302225,999,,,,,,,38.500000000000014,4.2777777777777795,37,4.111111111111111,,,,,,,,,,,,,,,,,,,"Nick Burdi","16074",595897
"Joe Elbis",,0.304396,0.47394,0.0731459,4.78609,3.007,1.039,0,0,,5.0208,21.7472,5.13871,2.86,2.67,0.687463,1.66928,0.0586818,0.229173,3.56679,6.39362,2.99226,2.13672,1.23231,0.164011,0.0767584,0.08725278079509735,0.258893,1.35596,0.285437,0.675385,,,4.62869,0.0367523,-0.0033016,999,,,,,,,13.7,2.7399999999999998,14,2.8,,,,,,,,,,,,,,,,,,,"Joe Elbis","sa3015216",692544
"Carson Spiers","CIN",0.154219,0.292482,0.0579306,5.35256,1.495,0.594,0,0,,5.7337,25.3452,6.07653,3.64,3.41,1.01401,2.13386,0.11109,0.30792,4.71877,7.4069,3.34945,2.21138,1.59166,0.18618,0.0841919,0.10198839008808136,0.265311,1.43195,0.294836,0.673029,,,5.06581,0.0345789,-0.0213501,999,,,,,,,20.500000000000007,3.416666666666668,21,3.5,,,,,,,,,,,,,,,,,,,"Carson Spiers","27685",686730
"Peter Lambert","HOU",0.411953,0.314478,0,4.52619,9.095,0,0,0.6558,,9.4848,41.0025,9.2189,5.11,4.77,1.20254,3.497,0.256101,0.476562,8.46671,8.03395,3.31826,2.42114,1.14107,0.206493,0.0852876,0.1212051659822464,0.248965,1.34066,0.293,0.689418,,,4.25485,0.034528,-0.0302225,999,,,,,,,41.90000000000001,4.655555555555557,43,4.777777777777778,,,,,,,,,,,,,,,,,,,"Peter Lambert","17969",663567
"Ryne Stanek","STL",2.43052,2.1932,0,4.68039,56.759,0,3,11.5134,,56.2069,245.252,51.088,31.08,29.23,7.81787,26.1927,1.06479,2.65484,52.0144,8.32869,4.19405,1.98583,1.25182,0.212086,0.106799,0.10528641194105148,0.236076,1.37493,0.276359,0.696468,,,4.63221,0.0343951,-0.176795,999,,,,,,,263.4000000000001,4.70357142857143,256,4.571428571428571,,,,,,,,,,,,,,,,,,,"Ryne Stanek","15947",592773
"Trevor Stephan","CLE",0.46131,0.487813,0,4.92154,12.807,0,0,0.6807,,13.3312,58.4718,12.9763,7.79,7.29,1.86754,5.38344,0.288449,1.02543,13.3385,9.00496,3.63441,2.4777,1.26079,0.228119,0.092069,0.13605022430419922,0.249243,1.3772,0.301403,0.6713,,,4.3974,0.0327809,-0.122218,999,,,,,,,49.8,3.8307692307692305,51,3.923076923076923,,,,,,,,,,,,,,,,,,,"Trevor Stephan","19932",663986
"Lou Trivino","PHI",0.722203,0.577624,0,4.71026,18.505,0.021,0,0.6364,,19.0308,83.1731,18.6712,10.7,9.96,2.44647,7.84551,0.375131,1.13143,16.2433,7.68173,3.71028,2.07039,1.15698,0.195295,0.0943275,0.10096725821495056,0.251647,1.39336,0.292304,0.684954,,,4.51439,0.0326713,-0.108821,999,,,,,,,75.6,3.978947368421052,78,4.105263157894737,,,,,,,,,,,,,,,,,,,"Lou Trivino","15043",642152
"Jackson Wolf","SDP",0.205859,0.149663,0,4.1668,4.887,0,0,0.6537,,6.091,26.0304,5.4489,3.02,2.82,0.751831,2.37554,0.197658,0.247098,6.00328,8.87038,3.51007,2.52712,1.1109,0.230625,0.09126,0.1393653079867363,0.232781,1.28459,0.282061,0.709469,,,4.0603,0.0325067,0.01382,999,,,,,,,29.10000000000001,4.850000000000001,27,4.5,,,,,,,,,,,,,,,,,,,"Jackson Wolf","29832",680232
"Isaiah Campbell","ARI",0.584283,0.528134,0,4.7292,17.264,0,0,0,,20.458,89.0492,21.5019,11.53,10.75,2.42344,6.83224,0.630902,0.998721,14.8361,6.52677,3.00568,2.17148,1.06613,0.166605,0.0767243,0.08988089114427567,0.264742,1.38499,0.298293,0.673746,,,4.37306,0.0323503,-0.15679,999,,,,,,,72.2,3.6100000000000003,80,4,,,,,,,,,,,,,,,,,,,"Isaiah Campbell","25551",663462
"Daniel Lynch IV","KCR",2.02469,1.8415,0,4.62288,48.769,0.443,0,10.8051,,56.2052,244.607,56.2314,30.97,28.87,7.14163,21.0528,1.57543,2.78016,42.2994,6.7733,3.37113,2.00921,1.14357,0.172928,0.0860676,0.08686022460460663,0.254701,1.37504,0.286516,0.688319,,,4.55389,0.0315709,-0.176608,999,,,,,,,238.70000000000007,4.262500000000001,245,4.375,,,,,,,,,,,,,,,,,,,"Daniel Lynch IV","21537",663738
"Marco Gonzales","SDP",0.373868,0.559322,0.441037,5.2214,1.451,1.451,0,0,,7.0326,30.7605,7.47954,4.37,4.08,1.23377,2.4514,0.0228719,0.255064,4.60338,5.89119,3.1372,1.87785,1.57892,0.149652,0.0796933,0.06995897740125656,0.266612,1.41213,0.281127,0.677861,,,5.26119,0.031466,0.036766,999,,,,,,,25.3,3.6142857142857143,26,3.7142857142857144,,,,,,,,,,,,,,,,,,,"Marco Gonzales","15467",594835
"Bradley Blalock","MIA",0.472708,0.68486,0,4.91827,12.477,0.617,0,0.6387,,16.579,73.1275,17.072,9.73,9.06,2.25757,6.8232,0.574346,0.712967,12.2189,6.63312,3.70401,1.79079,1.22554,0.167091,0.0933055,0.07378528267145157,0.260279,1.4413,0.289827,0.683168,,,4.79501,0.0302111,-0.0597859,999,,,,,,,61.000000000000014,3.588235294117648,63,3.7058823529411766,,,,,,,,,,,,,,,,,,,"Bradley Blalock","26419",687134
"Joey Lucchesi","SFG",1.06988,0.890904,0,4.39301,26.726,0.127,0,0.6513,,29.9931,129.928,29.0247,15.75,14.64,3.69813,12.2795,0.8971,1.30812,24.9009,7.47198,3.6847,2.02784,1.10969,0.191651,0.0945098,0.09714075177907944,0.249479,1.37712,0.288648,0.707347,,,4.43666,0.030141,-0.0329526,999,,,,,,,112.4,3.746666666666667,113,3.7666666666666666,,,,,,,,,,,,,,,,,,,"Joey Lucchesi","19320",664192
"Chayce McDermott","BAL",0.509727,0.588773,0,4.66414,10.301,0.652,0,0.6611,,14.1248,62.5251,12.0617,7.79,7.32,1.99729,8.31464,0.384655,0.862363,14.7562,9.40233,5.2979,1.77473,1.27263,0.236005,0.132981,0.10302415490150452,0.226095,1.4426,0.275026,0.715942,,,4.83309,0.0301363,-0.0193243,999,,,,,,,54.800000000000026,3.914285714285716,51,3.642857142857143,,,,,,,,,,,,,,,,,,,"Chayce McDermott","29866",694646
"Jake Miller","CLE",0.336407,0.311933,0,4.33455,8.778,0,0,0,,9.1359,39.0837,8.46467,4.71,4.4,1.18013,3.3811,0.214104,0.451572,7.73831,7.6232,3.3308,2.2887,1.16258,0.197993,0.0865092,0.11148428171873093,0.240126,1.29662,0.276636,0.700025,,,4.37892,0.0299699,-0.0302225,999,,,,,,,40.500000000000014,4.500000000000002,39,4.333333333333333,,,,,,,,,,,,,,,,,,,"Jake Miller","sa3018171",681313
"Dom Hamel","NYY",0.861499,0.588745,0,4.58422,17.094,0.118,0,0,,18.1994,79.6323,16.6668,9.9,9.27,2.5034,8.41987,0.52591,1.02141,18.1287,8.96503,4.16381,2.15308,1.23798,0.227655,0.105734,0.12192049622535706,0.23745,1.37844,0.28579,0.703676,,,4.48741,0.0295758,-0.0604212,999,,,,,,,61.10000000000001,3.394444444444445,60,3.3333333333333335,,,,,,,,,,,,,,,,,,,"Dom Hamel","30153",687589
"Jeff Criswell","COL",0.416486,0.449186,0,4.97613,10.004,0,0,0.6093,,10.9784,48.4254,10.6923,6.52,6.07,1.70328,4.7956,0.472152,0.491813,11.5251,9.44814,3.9314,2.40325,1.39633,0.237996,0.0990307,0.13896524161100388,0.247864,1.41076,0.30054,0.6844,,,4.49733,0.0294857,-0.126429,999,,,,,,,41.20000000000001,3.7454545454545465,42,3.8181818181818183,,,,,,,,,,,,,,,,,,,"Jeff Criswell","27608",676105
"Joe La Sorsa","PIT",0.243184,0.164938,0,4.18291,5.217,0,0,0.6566,,6.7991,28.8907,6.62877,3.39,3.16,0.783792,2.00649,0.298271,0.291037,4.88639,6.46814,2.656,2.43529,1.03751,0.169134,0.0694512,0.09968260675668716,0.249266,1.27006,0.279357,0.695847,,,4.21015,0.0288057,0.0676944,999,,,,,,,29.3,4.185714285714286,30,4.285714285714286,,,,,,,,,,,,,,,,,,,"Joe La Sorsa","25481",686747
"Logan VanWey","HOU",0.407462,0.300426,0,4.33867,8.746,0,0,0,,10.3096,44.7539,8.9476,5.31,4.97,1.33218,4.96082,0.360089,0.678919,10.3845,9.06535,4.33066,2.0933,1.16296,0.232035,0.110847,0.12118832767009735,0.228756,1.34907,0.277961,0.713955,,,4.44155,0.0244378,0.0230332,999,,,,,,,40.300000000000004,4.03,39,3.9,,,,,,,,,,,,,,,,,,,"Logan VanWey","31884",701121
"Carlos Hernández","CLE",0.447749,0.454383,0,4.738,12.025,0,0,0.6807,,12.6889,55.3996,11.8797,7.13,6.68,1.77555,5.56004,0.250503,0.634915,11.6718,8.27862,3.94363,2.09924,1.25937,0.210685,0.100362,0.11032230406999588,0.241435,1.37441,0.282577,0.689432,,,4.57918,0.0243791,-0.0210645,999,,,,,,,47.39999999999999,3.6461538461538456,46,3.5384615384615383,,,,,,,,,,,,,,,,,,,"Carlos Hernandez","22713",672578
"Blas Castaño","SEA",0.316157,0.279526,0,4.52026,8.117,0.006,0,0.65,,9.9751,43.3863,9.50543,5.36,5.01,1.21127,4.03889,0.306055,0.682881,8.45891,7.63202,3.64408,2.09436,1.09287,0.194967,0.0930913,0.10187570005655289,0.245843,1.35781,0.286061,0.690745,,,4.43779,0.0235703,0.0230333,999,,,,,,,40.7,4.07,42,4.2,,,,,,,,,,,,,,,,,,,"Blas Castano","26117",680604
"Daniel Robert","PHI",0.223072,0.158211,0,4.32426,5.531,0,0,0,,5.3697,23.1194,4.72961,2.76,2.58,0.710237,2.29937,0.112361,0.292289,5.50628,9.22891,3.85391,2.39469,1.19041,0.238167,0.0994562,0.13871058821678162,0.230401,1.30901,0.280855,0.707412,,,4.25168,0.0230913,-0.0393256,999,,,,,,,17.7,3.54,18,3.6,,,,,,,,,,,,,,,,,,,"Daniel Robert","21229",642016
"Logan Gillaspie","SDP",0.682462,0.583752,0,4.81016,16.989,0,0,0.6537,,19.1033,83.1099,19.5928,10.95,10.21,2.79053,6.3919,0.452525,0.966487,15.6143,7.35625,3.01137,2.44282,1.31468,0.187875,0.0769091,0.11096622049808502,0.258645,1.36022,0.292994,0.680982,,,4.55497,0.0217716,-0.108718,999,,,,,,,66.69999999999999,3.5105263157894733,71,3.736842105263158,,,,,,,,,,,,,,,,,,,"Logan Gillaspie","22461",670810
"Ken Waldichuk","WSN",0.46363,0.645256,0,4.54349,13.224,0.466,0,0.6515,,16.2232,70.8848,14.6554,8.79,8.19,2.14822,7.85639,0.473169,0.898188,16.2972,9.04103,4.35842,2.07438,1.19175,0.22991,0.110833,0.11907727271318436,0.235883,1.38763,0.286306,0.703528,,,4.46633,0.0215995,-0.0648918,999,,,,,,,63.80000000000001,3.9875000000000007,63,3.9375,,,,,,,,,,,,,,,,,,,"Ken Waldichuk","27681",686610
"Lake Bachar","MIA",1.6964,1.6429,0,4.77076,46.479,0.1,1,4.0878,,50.7844,223.126,46.5182,28.98,26.92,8.0347,24.4222,1.73025,2.68641,53.0873,9.40812,4.3281,2.17373,1.42391,0.237925,0.109455,0.12847018241882324,0.237316,1.39689,0.285283,0.702951,,,4.70259,0.0214936,-0.238649,999,,,,,,,202.8,3.976470588235294,197,3.8627450980392157,,,,,,,,,,,,,,,,,,,"Lake Bachar","19222",669199
"Cole Irvin","LAD",0.625263,0.661179,0.639181,5.66416,1.787,1.765,0,0,,9.1364,40.3445,10.6011,6.12,5.75,1.74534,2.59928,0.0289235,0.418505,5.68516,5.60029,2.56048,2.18721,1.71929,0.140915,0.0644271,0.07648827880620956,0.284008,1.44481,0.296216,0.658217,,,5.36495,0.0208059,-0.0345589,999,,,,,,,16.400000000000006,1.8222222222222229,22,2.4444444444444446,,,,,,,,,,,,,,,,,,,"Cole Irvin","19244",608344
"Bryan Hoeing","SDP",0.406946,0.376029,0,4.55711,9.82,0.162,0,0,,12.4816,53.9155,12.7408,6.79,6.32,1.56044,4.18384,0.34416,0.530564,9.72293,7.01083,3.01681,2.32392,1.12517,0.180336,0.0776,0.10273648053407669,0.258954,1.35597,0.294859,0.687559,,,4.33555,0.0201308,-0.0739255,999,,,,,,,35.40000000000002,2.9500000000000015,39,3.25,,,,,,,,,,,,,,,,,,,"Bryan Hoeing","26304",663773
"Luis Mey","CIN",1.0816,0.903283,0,4.44116,29.829,0,0,0.6526,,30.2556,134.354,26.9297,15.89,14.93,3.11711,17.6575,1.04399,2.08329,29.3975,8.74474,5.2525,1.66487,0.927234,0.218806,0.131425,0.08738099038600922,0.234962,1.47369,0.290049,0.713448,,,4.4886,0.0200362,-0.0329785,999,,,,,,,116.89999999999999,3.8966666666666665,113,3.7666666666666666,,,,,,,,,,,,,,,,,,,"Luis Mey","25620",682825
"Drew Pomeranz","LAA",2.02109,2.13199,0,4.72233,52.943,0.432,3,10.2521,,53.0395,231.57,49.6428,29.8,27.83,8.51178,23.3164,1.27009,2.70749,56.8898,9.65334,3.95644,2.4399,1.44432,0.24567,0.100688,0.14498146623373032,0.241516,1.37556,0.29349,0.707033,,,4.54814,0.0197505,-0.234305,735.8200073242188,,,,,,,242.50000000000006,4.575471698113208,239,4.509433962264151,,,,,,,,,,,,,,,,,,,"Drew Pomeranz","11426",519141
"Tayler Saucedo","LAA",0.834506,0.787354,0,4.54148,21.996,0,0,0.6082,,22.0567,96.6365,21.8149,11.91,11.13,2.57703,9.3106,0.600116,1.37606,19.0211,7.76137,3.79909,2.04295,1.05153,0.196832,0.0963467,0.10048521310091019,0.25381,1.41116,0.298949,0.698297,,,4.38279,0.0182826,-0.0513104,999,,,,,,,80.7,3.6681818181818184,83,3.772727272727273,,,,,,,,,,,,,,,,,,,"Tayler Saucedo","17888",642048
"Angel Perdomo","LAA",0.409105,0.373871,0,4.45645,10.558,0,0,0,,11.0469,48.9001,8.94462,5.85,5.47,1.47354,6.77108,0.38817,0.76693,13.6408,11.1132,5.51646,2.01456,1.20051,0.278952,0.138468,0.14048388600349426,0.216251,1.42263,0.284636,0.722617,,,4.44668,0.0177833,-0.0256552,999,,,,,,,49.70000000000001,4.518181818181819,46,4.181818181818182,,,,,,,,,,,,,,,,,,,"Angel Perdomo","17759",622780
"Lyon Richardson","CIN",0.684694,0.637684,0,4.74526,19.269,0.072,0,0,,21.4888,95.2642,20.871,12.09,11.33,2.44124,10.6654,0.712812,1.13864,18.8929,7.91276,4.46691,1.77141,1.02245,0.198321,0.111956,0.08636455982923508,0.250072,1.46757,0.296651,0.691583,,,4.50155,0.0174239,-0.104219,999,,,,,,,78.20000000000002,3.723809523809525,81,3.857142857142857,,,,,,,,,,,,,,,,,,,"Lyon Richardson","24581",680689
"Orlando Ribalta","WSN",1.24772,1.31496,0,4.62984,36.762,0,0,4.1698,,38.3534,167.913,34.4207,21.15,19.73,5.42488,18.5984,1.35785,2.05329,35.8983,8.4239,4.36429,1.93019,1.273,0.213792,0.110762,0.10302958637475967,0.233739,1.38238,0.273705,0.701587,,,4.71731,0.0156686,-0.116308,999,,,,,,,156.29999999999998,4.113157894736841,150,3.9473684210526314,,,,,,,,,,,,,,,,,,,"Orlando Ribalta","26247",687377
"Enyel De Los Santos","HOU",2.53023,2.02307,0,4.82064,56.191,0,0,12.2423,,57.7828,250.414,55.5724,33.12,30.95,9.19297,21.5244,1.13844,3.45853,53.5792,8.34526,3.35255,2.48923,1.43186,0.213962,0.0859553,0.1280069351196289,0.246516,1.33425,0.285133,0.684713,,,4.64595,0.0145984,-0.273537,999,,,,,,,253.90000000000006,4.377586206896553,254,4.379310344827586,,,,,,,,,,,,,,,,,,,"Enyel De Los Santos","18403",660853
"Carson Palmquist","COL",0.768134,1.27629,0,5.08964,17.328,1.232,0,0.6093,,24.1196,107.76,23.0616,14.61,13.64,3.60137,12.4635,0.681765,1.35991,24.3225,9.07572,4.65065,1.95149,1.34382,0.225711,0.115661,0.11005037277936935,0.245503,1.47287,0.294797,0.68612,,,4.77874,0.0144285,-0.190527,999,,,,,,,81.60000000000004,3.4000000000000017,81,3.375,,,,,,,,,,,,,,,,,,,"Carson Palmquist","31612",687223
"Tucker Davidson","PHI",0.218277,0.161161,0,4.5342,5.561,0,0,0.6364,,5.8555,25.5298,5.73572,3.18,2.95,0.661937,2.43963,0.16361,0.250572,4.87747,7.49675,3.74976,1.99926,1.01741,0.19105,0.0955602,0.0954897329211235,0.25113,1.39618,0.293279,0.689143,,,4.31708,0.0107589,0.0138199,999,,,,,,,24.500000000000007,4.083333333333335,25,4.166666666666667,,,,,,,,,,,,,,,,,,,"Tucker Davidson","19871",656353
"Jake Eder","WSN",0.480534,0.514668,0,4.65473,14.399,0.025,0,0.6515,,17.8077,78.0211,16.7691,9.85,9.21,2.22225,8.22474,0.518263,0.90785,16.1686,8.17158,4.15678,1.96585,1.12312,0.207233,0.105417,0.10181628167629242,0.243424,1.40354,0.288069,0.692046,,,4.48005,0.00941242,-0.0603294,999,,,,,,,73.40000000000002,4.077777777777779,73,4.055555555555555,,,,,,,,,,,,,,,,,,,"Jake Eder","27590",671109
"Guillo Zuñiga","SEA",0.220905,0.193227,0,4.54957,5.597,0,0,0.65,,5.8555,25.202,5.25235,3.16,2.96,0.87378,2.41044,0.209119,0.311584,5.52694,8.495,3.70489,2.29292,1.34301,0.219306,0.0956448,0.12366090714931488,0.233646,1.30865,0.272312,0.699245,,,4.58187,0.00815879,0.0138199,999,,,,,,,29.10000000000001,4.850000000000001,27,4.5,,,,,,,,,,,,,,,,,,,"Guillo Zuniga","19588",670871
"Eli Morgan","KCR",0.916069,0.821768,0,4.95866,22.696,0,0,0.666,,24.6841,106.538,24.8196,14.58,13.6,4.1777,7.90125,0.453958,1.15761,21.2989,7.76574,2.88085,2.69564,1.52322,0.199919,0.0741637,0.12575487792491913,0.254614,1.32558,0.286683,0.675081,,,4.71059,0.00760311,-0.196155,999,,,,,,,89.80000000000001,3.5920000000000005,92,3.68,,,,,,,,,,,,,,,,,,,"Eli Morgan","20203",669212
"Tyler Gilbert","CHW",1.23839,1.33897,0,4.78463,33.56,0.314,0,0.5969,,35.9652,156.262,34.971,20.51,19.12,5.45676,13.873,1.00598,1.48013,32.738,8.19241,3.47161,2.35983,1.36551,0.209506,0.0887802,0.12072617560625076,0.248181,1.35809,0.287343,0.687643,,,4.56767,0.0069464,-0.222038,999,,,,,,,138.90000000000003,3.8583333333333343,140,3.888888888888889,,,,,,,,,,,,,,,,,,,"Tyler Gilbert","17964",656457
"Jose Franco","CIN",0.505679,0.465058,0,4.74804,13.92,0.038,0,0,,14.7661,64.2735,13.3785,8.31,7.79,2.48813,6.69137,0.420076,0.717703,15.2067,9.26855,4.07842,2.27259,1.51653,0.236594,0.104108,0.13248611986637115,0.235271,1.35919,0.278032,0.709004,,,4.77128,0.00693784,-0.0164809,999,,,,,,,58.60000000000001,3.906666666666667,55,3.6666666666666665,,,,,,,,,,,,,,,,,,,"Jose Franco","sa3008714",683742
"Vince Velasquez","CHC",0.235218,0.203755,0,4.7846,5.718,0,0,0.7226,,6.0005,26.1935,5.52345,3.42,3.19,0.908458,2.75848,0.140134,0.290077,6.00706,9.00984,4.13738,2.17767,1.36257,0.229334,0.105312,0.12402231991291046,0.238646,1.38021,0.284359,0.693562,,,4.62526,0.00660765,0.0138199,999,,,,,,,23.500000000000007,3.916666666666668,24,4,,,,,,,,,,,,,,,,,,,"Vince Velasquez","11189",592826
"Ryan Rolison","CHC",0.918074,0.864191,0,4.44109,21.244,0.489,0,0.7226,,24.7034,105.885,24.3995,13.08,12.19,3.28216,8.37302,0.784103,0.714586,18.6909,6.80953,3.05048,2.23228,1.19576,0.176522,0.0790768,0.09744495153427124,0.252069,1.32664,0.282227,0.698874,,,4.45273,0.00646543,0.00650419,999,,,,,,,100.69999999999999,4.028,101,4.04,,,,,,,,,,,,,,,,,,,"Ryan Rolison","22200",669020
"Jorge Alcala","TOR",0.795443,0.532086,0,4.6697,17.549,0,0,0,,18.8299,80.7438,17.1722,10.46,9.77,3.27831,7.21273,0.348115,0.930326,18.7991,8.98526,3.44742,2.60637,1.56691,0.232824,0.0893286,0.143495075404644,0.23653,1.29501,0.275,0.703447,,,4.69909,0.00638867,-0.00729842,999,,,,,,,73.49999999999999,3.8684210526315783,70,3.6842105263157894,,,,,,,,,,,,,,,,,,,"Jorge Alcala","19459",660896
"Chris Devenski","PIT",0.574564,0.505612,0,5.1252,13.107,0.076,0,0.6566,,14.2414,61.8204,14.5239,8.66,8.11,2.306,4.73346,0.260906,0.642603,12.4418,7.86273,2.99136,2.62848,1.4573,0.201257,0.0765679,0.12468941509723663,0.257314,1.35221,0.29302,0.661139,,,4.62534,0.00621227,-0.170048,999,,,,,,,50,3.5714285714285716,54,3.857142857142857,,,,,,,,,,,,,,,,,,,"Chris Devenski","12763",606965
"Shinnosuke Ogasawara","WSN",0.278467,0.384054,0,4.77981,8.178,0.233,0,0,,11.8624,51.9213,11.9969,6.76,6.3,1.54582,4.5615,0.348171,0.467995,9.50552,7.21184,3.46081,2.08386,1.17281,0.183076,0.0878542,0.09522146731615067,0.255843,1.39588,0.291601,0.680717,,,4.49853,0.00488012,-0.0737407,999,,,,,,,38.000000000000014,3.166666666666668,39,3.25,,,,,,,,,,,,,,,,,,,"Shinnosuke Ogasawara","35324",829272
"Mark Leiter Jr.","ATH",2.57319,2.33303,0,4.89065,62.706,0,7,13.0966,,62.458,271.775,60.6779,36.45,33.94,10.7386,23.5876,1.20087,4.51654,66.0137,9.51237,3.3989,2.79866,1.54739,0.242898,0.0867909,0.15610714256763458,0.249015,1.34915,0.299183,0.690661,,,4.60631,0.00428252,-0.36579,720.9199829101562,,,,,,,296.9,4.788709677419354,299,4.82258064516129,,,,,,,,,,,,,,,,,,,"Mark Leiter Jr.","15551",643410
"Brock Stewart","LAD",1.66579,0.953101,0,5.01898,33.321,0,0,0.7772,,33.3713,146.723,31.5334,19.99,18.61,5.83436,14.6811,0.789527,2.15656,37.286,10.0558,3.95938,2.53973,1.57349,0.254126,0.10006,0.1540655940771103,0.242779,1.38486,0.296192,0.689276,,,4.687,0.0034032,-0.279286,999,,,,,,,114.20000000000003,3.4606060606060614,114,3.4545454545454546,,,,,,,,,,,,,,,,,,,"Brock Stewart","16727",592779
"Zach Brzykcy","MIA",0.292571,0.27083,0,4.72158,8.024,0,0,0.6387,,8.0058,35.1375,7.50053,4.5,4.2,1.1446,3.6819,0.370609,0.43832,7.7023,8.65881,4.13914,2.09194,1.28674,0.219204,0.104785,0.11441901326179504,0.241818,1.39679,0.286685,0.697541,,,4.61355,0.00296056,0.0184266,999,,,,,,,34.10000000000001,4.262500000000001,35,4.375,,,,,,,,,,,,,,,,,,,"Zach Brzykcy","27783",694350
"Collin Snider","CHC",0.392825,0.351182,0,4.91654,9.802,0,0,0.7226,,10.1962,44.84,10.3363,5.96,5.57,1.36391,4.19335,0.271539,0.560083,8.73463,7.70989,3.7014,2.08297,1.2039,0.194796,0.0935182,0.10127733647823334,0.257851,1.42501,0.299201,0.679044,,,4.55938,0.00188485,-0.0785266,999,,,,,,,42.7,4.2700000000000005,44,4.4,,,,,,,,,,,,,,,,,,,"Collin Snider","23307",676092
"Génesis Cabrera","PHI",0.770149,0.574023,0,4.55147,19.184,0,0,0.6364,,19.9518,85.9816,18.6278,10.86,10.09,2.92095,7.91987,0.56833,0.989333,17.0203,7.67763,3.57255,2.14906,1.3176,0.197953,0.0921112,0.10584142059087753,0.241692,1.33059,0.274926,0.698523,,,4.67181,0.00160293,-0.0558626,999,,,,,,,72.69999999999999,3.6349999999999993,72,3.6,,,,,,,,,,,,,,,,,,,"Genesis Cabrera","17490",650893
"Derek Law","ARI",0.607026,0.614688,0,5.17901,18.763,0,0,0.6504,,19.6717,87.5997,21.781,12.1,11.32,2.43258,7.59405,0.457191,0.937125,14.9386,6.83455,3.47435,1.96714,1.11293,0.170532,0.0866903,0.08384187519550323,0.275469,1.49326,0.313601,0.665207,,,4.52495,0.00145583,-0.156975,999,,,,,,,73.2,3.66,81,4.05,,,,,,,,,,,,,,,,,,,"Derek Law","13133",571882
"Kolby Allard","CLE",0.796357,0.873962,0,4.78517,21.361,0.204,0,0.6807,,24.7703,107.383,25.2288,14.12,13.17,3.68585,8.48958,0.785887,0.913922,19.7628,7.18057,3.08459,2.32789,1.33921,0.18404,0.079059,0.10498122870922089,0.257491,1.36124,0.289048,0.686262,,,4.61275,0.00000974832,-0.0950968,999,,,,,,,87.80000000000001,3.5120000000000005,90,3.6,,,,,,,,,,,,,,,,,,,"Kolby Allard","18694",663465
"Connor Seabold","TOR",0.350743,0.296518,0,4.95372,7.78,0.15,0,0.6476,,9.3021,40.4942,9.30622,5.48,5.12,1.56835,3.21294,0.235925,0.546693,7.91904,7.66186,3.1086,2.46473,1.51741,0.19556,0.0793432,0.1162165105342865,0.253337,1.34584,0.283988,0.68186,,,4.83683,-0.000132135,-0.0301972,999,,,,,,,26.60000000000001,2.9555555555555566,27,3,,,,,,,,,,,,,,,,,,,"Connor Seabold","19695",657756
"Dylan Coleman","NYY",0.252944,0.159431,0,4.50134,4.957,0,0,0.691,,5.0385,22.2727,4.207,2.68,2.52,0.574208,3.00924,0.134228,0.402104,4.99359,8.91978,5.37524,1.65942,1.02568,0.224203,0.135109,0.08909343183040619,0.223049,1.43222,0.273275,0.707422,,,4.66566,-0.000623574,-0.0392633,999,,,,,,,19.299999999999997,3.8599999999999994,17,3.4,,,,,,,,,,,,,,,,,,,"Dylan Coleman","22276",669395
"Julian Merryweather","MIN",0.368481,0.324098,0,5.22,8.821,0,0,0,,8.7069,38.7727,8.97797,5.4,5.05,1.25346,3.82566,0.187369,0.478886,8.14578,8.41999,3.95445,2.12925,1.29565,0.210091,0.0986691,0.11142172664403915,0.260472,1.47052,0.308132,0.670085,,,4.61868,-0.000624654,-0.0302225,999,,,,,,,34.90000000000001,3.877777777777779,36,4,,,,,,,,,,,,,,,,,,,"Julian Merryweather","16703",657240
"Ty Adcock","SDP",0.892234,0.697593,0,4.48069,21.318,0,0,0.6537,,22.9585,98.0823,21.281,12.29,11.43,3.79965,8.05245,0.864886,1.02147,21.3727,8.37833,3.15665,2.65418,1.48951,0.217905,0.0820989,0.13580642640590668,0.23909,1.27767,0.273847,0.709732,,,4.61049,-0.0010232,0.00189882,999,,,,,,,85.4,3.71304347826087,82,3.5652173913043477,,,,,,,,,,,,,,,,,,,"Ty Adcock","25651",686654
"Osvaldo Bido","NYY",0.660864,0.602951,0,4.8921,12.789,0.495,0,0.691,,17.2564,75.905,16.0018,9.99,9.38,2.54834,7.8893,0.43621,1.29278,15.6945,8.18541,4.11463,1.98934,1.32908,0.206765,0.103936,0.10282891243696213,0.239824,1.38448,0.277504,0.683994,,,4.83222,-0.00205814,-0.113018,999,,,,,,,56.300000000000004,3.311764705882353,55,3.235294117647059,,,,,,,,,,,,,,,,,,,"Osvaldo Bido","23150",674370
"Roddery Muñoz","HOU",1.92894,1.74508,0,4.71434,41.598,0.727,0,9.7392,,50.0367,218.482,44.6474,28.06,26.21,7.9417,24.165,1.48448,2.72031,52.4367,9.43169,4.34651,2.16995,1.42846,0.240004,0.110604,0.12940054386854172,0.233028,1.37524,0.279729,0.706354,,,4.71447,-0.00223943,-0.135846,999,,,,,,,217.60000000000002,4.352,209,4.18,,,,,,,,,,,,,,,,,,,"Roddery Munoz","25311",682610
"Brennan Bernardino","COL",2.25192,2.74335,0,5.28034,56.222,0.364,1,10.9942,,55.8032,250.775,61.7192,35.16,32.74,7.18851,23.1672,1.89681,3.61263,47.4497,7.65274,3.73644,2.04814,1.15937,0.189212,0.0923826,0.09682970494031906,0.275538,1.52118,0.321987,0.664592,,,4.54887,-0.00352472,-0.580582,999,,,,,,,229.10000000000008,4.09107142857143,251,4.482142857142857,,,,,,,,,,,,,,,,,,,"Brennan Bernardino","16835",657514
"Scott Blewett","STL",0.712156,0.731438,0,5.09238,17.355,0.066,0,0.6663,,19.8473,87.571,20.5912,11.98,11.23,2.75819,7.87535,0.606419,0.905459,15.738,7.1366,3.57117,1.99839,1.25073,0.179717,0.089931,0.08978624641895294,0.261343,1.43428,0.295769,0.670047,,,4.6831,-0.0049779,-0.15679,999,,,,,,,65.5,3.275,70,3.5,,,,,,,,,,,,,,,,,,,"Scott Blewett","16427",656240
"Josh Fleming","TOR",0.258726,0.160743,0,4.31791,5.686,0,0,0,,9.6505,41.6178,10.071,4.98,4.63,1.03387,3.15766,0.38147,0.398131,5.54093,5.16744,2.94481,1.75476,0.964186,0.133138,0.0758727,0.057265691459178925,0.264596,1.37078,0.287011,0.700153,,,4.4849,-0.00670949,0.0230334,999,,,,,,,38.7,3.87,40,4,,,,,,,,,,,,,,,,,,,"Josh Fleming","20418",676596
"Luis Guerrero","TBR",0.870713,0.65036,0,4.46803,18.687,0,0,0.6597,,20.6467,90.0826,17.7915,10.95,10.25,2.71006,10.434,0.819612,1.34543,18.8129,8.20063,4.54822,1.80304,1.18133,0.20884,0.115827,0.09301365166902542,0.227213,1.36707,0.265611,0.707102,,,4.7307,-0.00682966,-0.00269816,999,,,,,,,80.7,3.842857142857143,75,3.5714285714285716,,,,,,,,,,,,,,,,,,,"Luis Guerrero","31184",692285
"Kaleb Ort","LAA",0.863956,0.875399,0,4.89151,22.705,0,0,0,,23.5326,103.113,21.9193,13.66,12.79,3.74962,10.7189,0.728259,1.31469,22.8048,8.72165,4.0994,2.12754,1.43404,0.221162,0.103952,0.11721016466617584,0.24066,1.38693,0.281589,0.692919,,,4.80245,-0.00861907,-0.148044,999,,,,,,,81.20000000000003,3.3833333333333346,78,3.25,,,,,,,,,,,,,,,,,,,"Kaleb Ort","20061",672391
"Randy Dobnak","SEA",0.33951,0.410201,0,4.7568,8.485,0.343,0,0.65,,11.39,50.3619,11.3585,6.43,6.02,1.28729,5.2555,0.316791,0.680983,8.97052,7.08821,4.15272,1.70688,1.01717,0.178121,0.104355,0.07376650720834732,0.255675,1.45865,0.294758,0.68756,,,4.59283,-0.00886827,-0.0255939,999,,,,,,,44.50000000000001,4.045454545454546,46,4.181818181818182,,,,,,,,,,,,,,,,,,,"Randy Dobnak","23798",677976
"Jairo Iriarte","CHW",0.414005,0.410039,0,4.68672,11.162,0,0,0,,12.0788,53.1734,10.8575,6.73,6.29,1.63751,6.1236,0.343164,0.868798,11.4383,8.52276,4.56273,1.86791,1.22012,0.215113,0.115163,0.09995052218437195,0.235108,1.40586,0.278506,0.697896,,,4.74028,-0.00895114,-0.0739929,999,,,,,,,36.600000000000016,3.050000000000001,35,2.9166666666666665,,,,,,,,,,,,,,,,,,,"Jairo Iriarte","26907",683568
"Corbin Martin","CHC",0.360214,0.331294,0,4.8699,8.797,0.052,0,0.7226,,9.4622,41.9134,8.85359,5.47,5.12,1.25858,4.96602,0.240507,0.490949,9.03529,8.59394,4.72345,1.81942,1.1971,0.21557,0.118483,0.09708749502897263,0.242854,1.46051,0.290301,0.692477,,,4.68466,-0.00905104,-0.0302225,999,,,,,,,37.90000000000001,4.211111111111112,39,4.333333333333333,,,,,,,,,,,,,,,,,,,"Corbin Martin","19884",656686
"Nick Sandlin","LAA",1.36639,1.25397,0,4.47001,34.4,0,0,4.0548,,34.0268,146.72,28.9614,18.05,16.9,5.12391,15.8634,1.0154,2.3169,33.2571,8.79643,4.19584,2.09647,1.35526,0.22667,0.10812,0.11854997277259827,0.22531,1.31734,0.264394,0.711125,,,4.74086,-0.0103755,-0.0237959,999,,,,,,,142.70000000000002,4.197058823529412,133,3.911764705882353,,,,,,,,,,,,,,,,,,,"Nick Sandlin","20517",680704
"Josh Staumont","CIN",0.341059,0.313532,0,4.93099,9.588,0,0,0.6526,,9.9838,44.1409,9.28157,5.81,5.47,1.38072,5.10431,0.179901,0.569723,9.31898,8.40069,4.60133,1.82571,1.24467,0.211119,0.115637,0.09548218548297882,0.241287,1.44092,0.284539,0.688667,,,4.77114,-0.0108394,-0.0785266,999,,,,,,,42.300000000000004,4.23,41,4.1,,,,,,,,,,,,,,,,,,,"Josh Staumont","18335",622251
"Jayvien Sandridge","LAA",0.724423,0.656988,0,4.48879,18.702,0,0,0.6082,,18.9071,84.257,15.4376,10.05,9.43,2.42345,12.3272,0.757711,1.17304,22.5352,10.727,5.8679,1.82808,1.15359,0.267458,0.146305,0.12115280330181122,0.218179,1.46849,0.284164,0.726852,,,4.55975,-0.0143123,-0.00730339,999,,,,,,,88,4.631578947368421,80,4.2105263157894735,,,,,,,,,,,,,,,,,,,"Jayvien Sandridge","25158",682144
"Kevin Herget","NYM",0.200484,0.168677,0,5.31387,4.35,0,0,0,,7.1304,31.2959,7.60519,4.52,4.21,1.34885,2.32799,0.1636,0.326586,6.20182,7.82794,2.93839,2.66403,1.70253,0.198167,0.0743864,0.12378077954053879,0.265532,1.39307,0.29664,0.672881,,,4.97167,-0.0149061,-0.133122,999,,,,,,,24.7,3.5285714285714285,28,4,,,,,,,,,,,,,,,,,,,"Kevin Herget","15369",643361
"T.J. McFarland",,1.17351,1.43393,0,4.71943,22.076,0,0,0,,21.1869,92.9037,22.7109,11.94,11.11,2.33121,7.72209,0.68,1.06235,13.9115,5.90949,3.28027,1.80152,0.990277,0.149741,0.0831193,0.0666220560669899,0.269985,1.43641,0.300247,0.680658,,,4.49617,-0.015794,-0.104338,999,,,,,,,72.00000000000001,3.4285714285714293,80,3.8095238095238093,,,,,,,,,,,,,,,,,,,"T.J. McFarland","3237",519008
"Tanner Rainey","DET",0.423232,0.398704,0,4.71609,11.029,0,0,0.6028,,11.412,49.959,9.81997,6.39,5.98,1.75268,5.93596,0.220218,0.676419,11.2613,8.88114,4.68136,1.89713,1.38224,0.22541,0.118817,0.10659371316432953,0.226545,1.38065,0.26596,0.70409,,,4.89639,-0.0161443,-0.0256552,999,,,,,,,35.800000000000004,3.254545454545455,34,3.090909090909091,,,,,,,,,,,,,,,,,,,"Tanner Rainey","17610",663432
"Michael Kopech",,2.04719,2.48382,0,4.60195,36.645,0.28,0,0,,38.6836,170.5,31.6635,21.15,19.78,5.14925,23.3558,0.988227,2.20481,41.6743,9.6958,5.43389,1.78432,1.19801,0.244424,0.136984,0.10743948817253113,0.21846,1.42229,0.270234,0.70841,,,4.69325,-0.0164359,-0.0632054,999,,,,,,,152.90000000000003,3.9205128205128212,139,3.5641025641025643,,,,,,,,,,,,,,,,,,,"Michael Kopech","17282",656629
"Rafael Montero","NYY",1.55177,1.0021,0,4.6406,31.007,0,0,0.691,,31.6123,137.695,29.5392,17.41,16.3,4.08256,14.2361,0.576724,1.74557,27.831,7.92347,4.05301,1.95496,1.1623,0.202121,0.103389,0.09873206168413162,0.242695,1.38476,0.283482,0.692735,,,4.5699,-0.0185461,-0.0283811,999,,,,,,,121.60000000000002,3.8000000000000007,120,3.75,,,,,,,,,,,,,,,,,,,"Rafael Montero","12760",606160
"Valente Bellozo","COL",0.522805,0.737767,0,5.11144,11.98,0.474,0,0.6093,,14.896,64.9851,15.8245,9.08,8.46,2.42513,4.53396,0.429112,0.650563,10.3945,6.28022,2.73937,2.29258,1.46524,0.159951,0.0697693,0.09018215537071228,0.264621,1.3667,0.285208,0.664875,,,4.90013,-0.019248,-0.117511,999,,,,,,,50.800000000000004,3.386666666666667,55,3.6666666666666665,,,,,,,,,,,,,,,,,,,"Valente Bellozo","23899",678368
"Bryce Jarvis","ARI",0.115778,0.128534,0,5.24571,3.444,0.045,0,0,,5.6103,25.101,5.68654,3.49,3.27,0.813399,2.67571,0.192979,0.317409,4.77932,7.66695,4.29235,1.78619,1.30485,0.190403,0.106598,0.0838058665394783,0.257217,1.49052,0.29507,0.674501,,,4.91666,-0.0233032,0.0138201,999,,,,,,,17.500000000000007,2.916666666666668,18,3,,,,,,,,,,,,,,,,,,,"Bryce Jarvis","27477",686826
"Kirby Yates","LAA",2.15938,2.01082,0,4.63004,55.656,0,11,10.176,,56.0794,243.938,47.4561,30.84,28.85,8.95338,28.0932,1.48336,3.35809,64.419,10.3384,4.50858,2.29305,1.4369,0.26408,0.115165,0.14891430735588074,0.223337,1.34718,0.27677,0.709507,,,4.59574,-0.0243032,-0.176775,280.54998779296875,,,,,,,311.5000000000001,5.562500000000002,293,5.232142857142857,,,,,,,,,,,,,,,,,,,"Kirby Yates","9073",489446
"Tayler Scott","ATL",0.505812,0.493925,0,5.45405,14.498,0.038,0,0.6492,,15.3134,68.7535,15.9553,9.89,9.28,2.14981,7.19302,0.410078,0.92625,14.1021,8.28808,4.22749,1.96052,1.26349,0.205111,0.10462,0.10049013793468475,0.26314,1.51164,0.311058,0.658354,,,4.709,-0.0257559,-0.217844,999,,,,,,,52.800000000000004,3.5200000000000005,57,3.8,,,,,,,,,,,,,,,,,,,"Tayler Scott","13652",605463
"Yunior Marte","CIN",0.25461,0.253012,0,5.25237,7.395,0,0,0.6526,,7.7108,34.2688,8.04878,4.8,4.5,1.13356,3.34023,0.16859,0.407477,6.04078,7.05076,3.8987,1.80849,1.32308,0.176276,0.0974715,0.07880466431379318,0.263712,1.47702,0.296196,0.672209,,,4.93752,-0.0266209,-0.0828068,999,,,,,,,33.10000000000001,4.137500000000001,34,4.25,,,,,,,,,,,,,,,,,,,"Yunior Marte","14416",628708
"Matt Bowman","MIN",0.487347,0.411204,0,5.16912,11.459,0,0,0,,14.1378,62.5183,14.6985,8.67,8.12,1.93956,5.74224,0.376315,0.702713,11.1088,7.07174,3.65546,1.93457,1.23471,0.177688,0.0918489,0.08583937585353851,0.26213,1.44582,0.296547,0.664062,,,4.71471,-0.0272888,-0.16963,999,,,,,,,41,2.9285714285714284,45,3.2142857142857144,,,,,,,,,,,,,,,,,,,"Matt Bowman","13528",621199
"Triston McKenzie","SDP",0.327227,0.367463,0,4.61203,7.257,0.351,0,0.6537,,8.9375,38.4368,7.56211,4.9,4.58,1.57353,4.193,0.252018,0.37455,8.43424,8.49322,4.22232,2.0115,1.58453,0.219431,0.109088,0.11034312844276428,0.223273,1.31526,0.250972,0.717649,,,5.06968,-0.0287547,-0.0301647,999,,,,,,,29.200000000000006,3.2444444444444454,27,3,,,,,,,,,,,,,,,,,,,"Triston McKenzie","18000",663474
"Kyle Keller","BOS",0.948327,0.789443,0,4.95053,19.72,0,0,0.676,,20.4887,90.5669,18.5884,12.08,11.27,3.35256,10.4866,0.609265,1.23737,21.7608,9.55879,4.6064,2.07511,1.47267,0.240273,0.115788,0.12448526173830032,0.235765,1.41907,0.283566,0.697047,,,4.85479,-0.0299737,-0.157053,999,,,,,,,76.69999999999999,3.8349999999999995,76,3.8,,,,,,,,,,,,,,,,,,,"Kyle Keller","18890",664918
"Zach Agnos","COL",2.27787,2.35426,0,4.89934,53.587,0,4,10.5284,,56.0279,244.108,57.4085,32.7,30.5,8.38154,19.5479,1.76627,2.42677,43.5033,6.98812,3.14006,2.22547,1.34636,0.178213,0.0800789,0.09813442826271057,0.258442,1.37354,0.287973,0.678548,,,4.70359,-0.0317048,-0.379105,747.3800048828125,,,,,,,253.8,4.5321428571428575,262,4.678571428571429,,,,,,,,,,,,,,,,,,,"Zach Agnos","31552",688642
"Michael Tonkin","MIN",1.37416,1.78733,0,5.03144,25.996,0,0,0,,28.3696,124.04,28.0055,16.98,15.86,4.78042,10.7268,0.53432,1.99097,26.8088,8.50484,3.40299,2.49923,1.51654,0.21613,0.0864788,0.1296515390276909,0.251572,1.36527,0.291286,0.678916,,,4.7806,-0.0341542,-0.239836,999,,,,,,,87.90000000000005,3.139285714285716,90,3.2142857142857144,,,,,,,,,,,,,,,,,,,"Michael Tonkin","10315",543859
"Ryder Ryan","LAD",0.37385,0.21443,0,5.18609,7.48,0,0,0.7772,,7.8267,34.5915,7.90051,4.83,4.51,1.19028,3.34154,0.173584,0.509209,6.34942,7.30126,3.84247,1.90015,1.36871,0.183554,0.0966,0.08695437014102936,0.257005,1.43637,0.289221,0.669619,,,4.96566,-0.0356301,-0.0828068,999,,,,,,,30.100000000000005,3.7625000000000006,31,3.875,,,,,,,,,,,,,,,,,,,"Ryder Ryan","19891",656924
"Luke Jackson",,2.0742,2.58385,0,4.80927,39.181,0,1,0,,40.6465,179.949,40.5242,23.29,21.72,4.72348,19.0977,1.16016,2.22979,34.3406,7.60373,4.22865,1.79815,1.04588,0.190836,0.106129,0.084706611931324,0.255478,1.46684,0.299444,0.685391,,,4.53026,-0.035964,-0.160163,999,,,,,,,145.30000000000004,3.543902439024391,150,3.658536585365854,,,,,,,,,,,,,,,,,,,"Luke Jackson","11752",592426
"Victor Mederos","LAA",0.787394,1.05486,0,5.08919,20.375,0.638,0,0.6082,,25.9786,115.814,25.2925,15.67,14.69,3.75015,12.6794,0.804655,2.04044,22.1984,7.6904,4.39265,1.75074,1.2992,0.191673,0.109481,0.08219198137521744,0.250187,1.46166,0.286675,0.681564,,,5.00262,-0.0365877,-0.189495,999,,,,,,,81.19999999999999,3.1230769230769226,81,3.1153846153846154,,,,,,,,,,,,,,,,,,,"Victor Mederos","31533",682989
"Kyle Nicolas","CIN",1.22184,1.13997,0,4.93896,34.671,0,0,0.6526,,37.8298,167.936,35.5481,22.09,20.76,5.56762,19.4403,0.870316,2.18996,37.8527,9.00544,4.62499,1.94713,1.32458,0.225399,0.11576,0.10963926464319229,0.242971,1.45357,0.291395,0.697092,,,4.76254,-0.0373412,-0.217492,999,,,,,,,130.79999999999998,3.4421052631578943,129,3.3947368421052633,,,,,,,,,,,,,,,,,,,"Kyle Nicolas","27775",693312
"Brandon Waddell","NYM",0.306104,0.302339,0,5.01075,6.268,0.229,0,0,,14.2793,63.6237,14.4068,8.49,7.95,1.81386,6.79779,0.45709,0.691829,11.607,7.31567,4.28453,1.70746,1.14324,0.182431,0.106844,0.07558778673410416,0.256649,1.48498,0.294824,0.681192,,,4.73431,-0.0378323,-0.0688365,999,,,,,,,42.6,3.042857142857143,44,3.142857142857143,,,,,,,,,,,,,,,,,,,"Brandon Waddell","18347",663399
"John Brebbia","COL",1.40253,1.66492,0,5.52097,35.304,0,1,4.0619,,36.1567,160.312,39.7656,23.79,22.18,6.38206,12.2151,0.774597,1.68609,33.5271,8.34545,3.04054,2.74473,1.5886,0.209137,0.076196,0.13294107466936111,0.271603,1.43765,0.313456,0.6549,,,4.72865,-0.0389178,-0.523147,999,,,,,,,135.60000000000002,3.7666666666666675,149,4.138888888888889,,,,,,,,,,,,,,,,,,,"John Brebbia","12777",605154
"Tejay Antone","CIN",0.401034,0.419922,0,5.42186,12.029,0,0,0.6526,,12.6488,57.0139,13.4408,8.12,7.62,1.93533,5.97952,0.334579,0.757159,11.6379,8.28069,4.25461,1.94629,1.37704,0.204123,0.104878,0.09924501925706863,0.267333,1.53535,0.313465,0.676225,,,4.88183,-0.0396013,-0.122111,999,,,,,,,44.8,3.446153846153846,46,3.5384615384615383,,,,,,,,,,,,,,,,,,,"Tejay Antone","16233",622088
"Jorge López",,1.3269,1.70044,0,4.93034,25.245,0,0,0,,26.1037,114.902,27.1218,15.3,14.3,3.59825,9.89446,0.693734,1.85732,21.1134,7.27946,3.4114,2.13386,1.2406,0.183752,0.0861126,0.09763987362384796,0.262936,1.41805,0.299899,0.679085,,,4.66004,-0.0397262,-0.143545,999,,,,,,,78.99999999999999,3.038461538461538,84,3.230769230769231,,,,,,,,,,,,,,,,,,,"Jorge Lopez","14527",605347
"Miguel Castro",,0.670787,0.667767,0,4.88044,17.587,0,0,0,,17.8693,78.398,16.7643,10.34,9.69,2.38694,8.39826,0.392131,1.24776,15.097,7.60369,4.22984,1.79763,1.2022,0.192568,0.107123,0.08544471859931946,0.243838,1.40815,0.280436,0.679285,,,4.80137,-0.042045,-0.060445,999,,,,,,,67.40000000000002,3.7444444444444454,67,3.7222222222222223,,,,,,,,,,,,,,,,,,,"Miguel Castro","15684",612434
"Tommy Kahnle","BOS",2.61742,3.01889,0,4.4995,47.675,0,1,4.146,,47.8053,208.696,45.0902,25.58,23.9,6.04109,21.7606,0.911415,2.55412,40.6295,7.64905,4.09674,1.86711,1.13732,0.194683,0.10427,0.09041308611631393,0.244549,1.3984,0.28356,0.706773,,,4.604,-0.042221,-0.0934667,742.280029296875,,,,,,,192.40000000000003,4.008333333333334,190,3.9583333333333335,,,,,,,,,,,,,,,,,,,"Tommy Kahnle","11384",592454
"Michael Petersen","MIA",0.862529,0.85583,0,5.00881,24.177,0,0,0.6387,,26.0541,116.458,24.4682,15.54,14.5,3.69604,13.9405,0.972257,1.77144,25.7551,8.89671,4.81554,1.8475,1.27674,0.221154,0.119705,0.10144959390163422,0.242871,1.47419,0.291357,0.688107,,,4.81143,-0.0453766,-0.244221,999,,,,,,,88.79999999999998,3.415384615384615,86,3.3076923076923075,,,,,,,,,,,,,,,,,,,"Michael Petersen","20827",656848
"Joe Ross","ARI",0.583533,0.726178,0,5.3139,17.464,0.405,0,0.6504,,19.9345,88.8279,22.1376,12.61,11.77,2.77496,7.43432,0.593435,1.16099,14.6445,6.61169,3.35644,1.96985,1.25283,0.164864,0.0836936,0.08117055892944336,0.275918,1.48346,0.308258,0.660332,,,4.76905,-0.0467111,-0.256863,999,,,,,,,63.89999999999999,3.1949999999999994,71,3.55,,,,,,,,,,,,,,,,,,,"Joe Ross","12972",605452
"Casey Lawrence","SEA",0.360494,0.636712,0.437522,6.35272,1.601,1.354,0,0,,7.5086,33.6363,9.05737,5.63,5.3,1.71207,2.28171,0.0479897,0.313588,3.74096,4.48401,2.73491,1.63955,2.05213,0.111218,0.0678347,0.04338337481021881,0.291787,1.51014,0.287061,0.638443,,,6.1398,-0.0563264,-0.105147,999,,,,,,,13.200000000000003,1.6500000000000004,16,2,,,,,,,,,,,,,,,,,,,"Casey Lawrence","11121",596271
"Hunter Strickland","LAA",1.0771,1.37254,0,5.06009,19.952,0,0,0.6082,,21.0589,92.514,20.1075,12.68,11.84,3.24016,9.29856,0.529713,1.2209,17.0107,7.2699,3.97395,1.82939,1.38476,0.183872,0.10051,0.08336169272661209,0.24523,1.39637,0.273183,0.672544,,,5.01838,-0.0576895,-0.205051,999,,,,,,,74.5,3.5476190476190474,74,3.5238095238095237,,,,,,,,,,,,,,,,,,,"Hunter Strickland","7836",519326
"Thomas Hatch","ARI",0.154217,0.230446,0,5.66897,4.597,0.192,0,0,,10.9385,49.236,12.1824,7.38,6.89,1.76826,4.51535,0.399971,0.667794,8.32977,6.85359,3.71515,1.84477,1.45489,0.169181,0.0917084,0.07747229188680649,0.27654,1.52651,0.306705,0.655155,,,5.13516,-0.0618467,-0.124766,999,,,,,,,23.600000000000005,2.145454545454546,27,2.4545454545454546,,,,,,,,,,,,,,,,,,,"Thomas Hatch","19264",641672
"Cam Sanders","PIT",1.03812,0.804026,0,4.77145,22.965,0,0,6.8285,,24.6529,110.694,21.2159,13.9,13.07,3.11523,15.7401,0.893739,1.81505,25.0926,9.16052,5.7462,1.59419,1.13727,0.226684,0.142194,0.08448979258537292,0.227787,1.49905,0.278766,0.707354,,,4.87847,-0.0623442,-0.0951649,999,,,,,,,117.5,4.7,110,4.4,,,,,,,,,,,,,,,,,,,"Cam Sanders","23479",676742
"Keegan Thompson","COL",1.60026,1.84253,0,5.15504,38.795,0.228,0,9.2154,,43.5942,194.671,43.8093,26.8,24.97,6.51429,20.6499,1.07234,2.44416,42.6831,8.81191,4.26316,2.06699,1.34487,0.219258,0.106076,0.11318201571702957,0.255334,1.47862,0.30475,0.680516,,,4.70878,-0.0676541,-0.405382,999,,,,,,,178.1,4.047727272727273,182,4.136363636363637,,,,,,,,,,,,,,,,,,,"Keegan Thompson","19795",624522
"Jesse Scholtens","TBR",1.03859,1.1407,0,5.41033,24.239,0.48,0,0.6597,,31.6062,140.767,33.9856,20.43,19,5.36228,12.4832,1.02272,1.50078,28.244,8.04261,3.55464,2.26257,1.52693,0.200644,0.0886799,0.1119644045829773,0.268062,1.47024,0.307195,0.668319,,,4.88079,-0.0708628,-0.330517,999,,,,,,,104.9,3.278125,113,3.53125,,,,,,,,,,,,,,,,,,,"Jesse Scholtens","19205",669947
"JT Brubaker","SFG",1.74549,1.7938,0,5.24884,47.074,0.298,0,12.5758,,55.5723,246.883,61.0708,34.98,32.41,8.74023,20.3999,1.54059,3.28575,47.4167,7.67918,3.3038,2.32435,1.41549,0.192061,0.0826301,0.10943132638931274,0.273618,1.46603,0.313282,0.671498,,,4.75189,-0.0794472,-0.57933,999,,,,,,,222.10000000000005,3.9660714285714294,240,4.285714285714286,,,,,,,,,,,,,,,,,,,"JT Brubaker","17578",664141
"Vinny Nittoli","BOS",0.457254,0.40804,0,5.32904,9.729,0,0,0,,12.582,55.4377,12.6191,8.01,7.45,2.47004,5.07101,0.318048,0.688634,11.6046,8.30084,3.62733,2.28842,1.76684,0.209327,0.0914722,0.11785437166690826,0.254017,1.40598,0.285058,0.680162,,,5.21591,-0.0800558,-0.121831,999,,,,,,,43.8,3.369230769230769,45,3.4615384615384617,,,,,,,,,,,,,,,,,,,"Vinny Nittoli","16754",657697
"Kendall Graveman",,1.59763,2.09296,0,5.05939,30.507,0,0,0,,31.6461,140.876,32.1069,19.06,17.79,4.16648,14.7424,0.650778,2.14645,25.9249,7.37291,4.19266,1.75853,1.18493,0.184026,0.104647,0.07937822490930557,0.258952,1.48041,0.297567,0.677519,,,4.80931,-0.0841397,-0.231051,999,,,,,,,105.40000000000002,3.2937500000000006,109,3.40625,,,,,,,,,,,,,,,,,,,"Kendall Graveman","15514",608665
"Lucas Sims","CHW",0.531137,0.565409,0,5.14156,14.351,0,0,0.5969,,14.2311,63.7307,12.0679,8.64,8.13,2.21577,8.79521,0.316094,1.2836,13.6641,8.64145,5.56224,1.55359,1.40129,0.214404,0.138006,0.0763985812664032,0.224929,1.46602,0.260831,0.688198,,,5.36357,-0.0855592,-0.170212,999,,,,,,,49.800000000000026,3.557142857142859,46,3.2857142857142856,,,,,,,,,,,,,,,,,,,"Lucas Sims","13470",608371
"Steven Wilson","TBR",1.99142,1.63609,0,4.90983,43.66,0,0,0.6597,,44.1217,191.803,39.6897,25.74,24.07,8.14954,19.0716,1.18263,2.47044,42.6574,8.70131,3.89026,2.23669,1.66235,0.222402,0.0994334,0.12296855449676514,0.233111,1.3318,0.264036,0.69736,,,5.06742,-0.0943654,-0.305175,999,,,,,,,150.20000000000002,3.413636363636364,143,3.25,,,,,,,,,,,,,,,,,,,"Steven Wilson","20353",621051
"Albert Suárez","BAL",0.860805,0.822219,0,5.57198,20.052,0.108,0,0.6611,,23.7761,106.822,25.31,15.73,14.72,3.91087,10.6208,0.636933,1.22171,20.0069,7.57323,4.0203,1.88374,1.48039,0.187291,0.0994251,0.08786635845899582,0.266478,1.51121,0.301134,0.663287,,,5.08479,-0.111835,-0.347911,999,,,,,,,71.40000000000003,2.9750000000000014,76,3.1666666666666665,,,,,,,,,,,,,,,,,,,"Albert Suarez","6175",544150
"Dietrich Enns","BAL",2.24277,1.92724,0,5.00003,50.118,0.279,0,12.7526,,59.4717,263.103,57.7619,35.34,33.04,9.44171,28.029,2.06923,2.95677,58.2976,8.82232,4.24169,2.07991,1.42884,0.221577,0.106532,0.11504486203193665,0.248848,1.44255,0.293958,0.695179,,,4.80155,-0.116502,-0.422285,999,,,,,,,250.10000000000002,4.238983050847458,253,4.288135593220339,,,,,,,,,,,,,,,,,,,"Dietrich Enns","13932",608650
"Luis Peralta","COL",1.15249,1.32974,0,5.37898,28.779,0,0,0.6093,,28.4608,130.02,29.1565,18.2,17.01,3.79286,16.2384,0.723506,1.60478,27.378,8.65761,5.13499,1.686,1.19939,0.210569,0.124892,0.08567643165588379,0.259917,1.595,0.313111,0.678433,,,4.8245,-0.120644,-0.340572,999,,,,,,,86.60000000000005,3.0928571428571447,92,3.2857142857142856,,,,,,,,,,,,,,,,,,,"Luis Peralta","24203",678821
"Tomoyuki Sugano","COL",4.80798,9.12807,9.47081,6.26027,20.232,20.232,0,0,,114.666,515.357,141.967,84.97,79.76,23.6668,33.4982,0.50898,5.7412,67.001,5.25883,2.62923,2.00014,1.85758,0.130009,0.0649998,0.0650089904665947,0.298177,1.53023,0.306915,0.635806,,,5.67629,-0.1208,-1.13396,999,,,,,,,203.59999999999997,1.7704347826086952,280,2.4347826086956523,,,,,,,,,,,,,,,,,,,"Tomoyuki Sugano","35321",608372
"Jackson Kowar","BAL",0.935318,0.83044,0,5.38924,21.602,0,0,0.6611,,23.2964,105.124,23.3966,14.88,13.95,3.60398,12.207,0.544664,1.62578,21.3702,8.25586,4.71589,1.75065,1.39231,0.203286,0.116121,0.0871654823422432,0.256286,1.52829,0.298455,0.678172,,,5.09294,-0.127037,-0.300895,999,,,,,,,65.20000000000002,2.834782608695653,67,2.9130434782608696,,,,,,,,,,,,,,,,,,,"Jackson Kowar","21549",663804
"Tyler Ferguson","ATH",1.9728,1.79399,0,5.00083,47.816,0,1,6.4401,,50.5536,226.271,46.4698,30.03,28.09,7.00999,28.1905,1.43121,4.31525,50.7415,9.03346,5.01872,1.79995,1.24798,0.224251,0.124587,0.09966359287500381,0.239825,1.47685,0.290115,0.688247,,,4.85933,-0.128681,-0.339775,999,,,,,,,206.70000000000007,4.05294117647059,199,3.9019607843137254,,,,,,,,,,,,,,,,,,,"Tyler Ferguson","19481",621053
"Dan Altavilla","MIN",1.02654,0.895045,0,5.3088,23.97,0,0,0.6268,,24.5988,110.261,24.003,15.47,14.51,3.55468,12.9419,0.616776,1.67181,20.3806,7.45669,4.73507,1.57478,1.30055,0.18484,0.117375,0.06746478378772736,0.250954,1.5019,0.285146,0.671755,,,5.13892,-0.135821,-0.196239,999,,,,,,,72.4,2.8960000000000004,72,2.88,,,,,,,,,,,,,,,,,,,"Dan Altavilla","16507",656186
"Nick Anderson","ATH",1.06687,1.02947,0,5.30927,26.333,0,0,0.6384,,27.6987,121.627,28.8364,17.54,16.34,5.50227,9.8575,0.940287,1.26214,24.8551,8.07604,3.20295,2.52144,1.78782,0.204355,0.0810471,0.12330826371908188,0.260946,1.39696,0.291132,0.682588,,,5.12722,-0.145143,-0.340096,999,,,,,,,79.00000000000003,2.8214285714285725,83,2.9642857142857144,,,,,,,,,,,,,,,,,,,"Nick Anderson","18337",623433
"Scott McGough",,1.25465,1.749,0,5.4005,24.239,0.061,0,0,,26.1976,116.95,26.7018,16.84,15.72,4.65986,12.0938,0.659262,1.44595,23.6016,8.10816,4.15475,1.95154,1.60086,0.20181,0.103411,0.09839919954538345,0.258213,1.48088,0.293312,0.680334,,,5.19618,-0.171305,-0.34431,999,,,,,,,69.7,2.680769230769231,74,2.8461538461538463,,,,,,,,,,,,,,,,,,,"Scott McGough","12056",543518
"Michael Kelly","ATH",2.22436,2.3498,0,5.74937,56.676,0,3,11.4076,,59.3439,267.657,63.6096,40.62,37.91,10.973,26.9441,1.87269,3.34605,48.8126,7.40284,4.0863,1.81162,1.66414,0.18237,0.100667,0.08170337229967117,0.26798,1.52591,0.296409,0.664087,,,5.42508,-0.513864,-1.02307,999,,,,,,,201.9,3.422033898305085,219,3.711864406779661,,,,,,,,,,,,,,,,,,,"Michael Kelly","12791",547184