Overall_Rank,Tier,Pos_Rank,Pos_Tier,Primary_Pos,Name,Team,Pos,PlayerId,R,HR,RBI,SB,OBP,QS+W,SV+HLD,K,ERA,WHIP,True_Value_Uninflated,Market_Value,Bargain_Value,ROI_Percent,Profile,Draft_Day_Inflation_Value,Total_Z,Target,R_Z,HR_Z,RBI_Z,SB_Z,Impact_OBP_Z,QS+W_Z,SV+HLD_Z,K_Z,Impact_ERA_Z,Impact_WHIP_Z
1,1,1,SP 1,SP,Tarik Skubal,DET,SP,22267,61.67,18.31,,,,32.116,0.0,228.353,2.714,0.97,83.41,74.21,16.05,21.6,WHIP Specialist,90.26,23.403777044899115,False,,,,,,3.908363302973039,-0.6211034172977374,3.8312431119278525,7.5027349295686845,7.930796817431352
2,1,2,SP 1,SP,Paul Skenes,PIT,SP,33677,61.333,15.227,,,,29.514,0.0,221.243,2.756,1.028,74.09,50.65,28.19,55.7,ERA Specialist,78.84,21.028746898135367,False,,,,,,3.5263690163173185,-0.6211034172977374,3.6742319936703596,7.130030077574388,6.345039878574575
3,1,1,OF 1,OF,Aaron Judge,NYY,OF/DH,15640,107.507,46.585,111.948,8.804,0.422,,,157.016,,,76.22,90.26,-14.04,-15.6,OBP Specialist,76.22,18.01970986309979,False,2.593258680475963,4.142820909580461,2.836045018262725,0.3187024904488224,7.579237206509768,,,,,
4,1,2,OF 1,OF,Juan Soto,NYM,OF,20123,109.122,38.628,99.271,21.434,0.409,,,121.576,,,75.25,76.22,-0.97,-1.3,OBP Specialist,75.25,17.850889676009302,True,2.651830368888708,3.2563200590592922,2.3714306934244433,1.6231974641027778,7.118029874675238,,,,,
5,1,3,SP 7,SP,Shohei Ohtani,LAD,SP,19755,121.416,46.299,109.173,24.011,0.386,,,159.383,,,74.21,13.67,60.54,442.9,OBP Specialist,74.21,17.572117866296153,False,3.097700546812103,4.110969979230849,2.734339165726894,1.8893281801045942,5.215280646577592,,,,,
6,1,4,SP 1,SP,Garrett Crochet,BOS,SP,27463,67.333,19.553,,,,30.53,0.0,225.031,3.044,1.061,64.71,45.78,21.57,47.1,ERA Specialist,67.35,18.638623544644464,False,,,,,,3.6755788825626103,-0.6211034172977374,3.757882924185041,5.608795808736367,5.5134960789387755
7,1,5,SP 2,SP,Bryan Woo,SEA,SP,30279,75.236,24.064,,,,28.697,0.0,184.708,3.407,1.032,50.9,28.76,27.4,95.3,WHIP Specialist,56.16,16.3117287020726,False,,,,,,3.4065489722112505,-0.6211034172977374,2.8674245104723988,3.7474387469267425,6.19871133191316
8,1,3,OF 2,OF,Ronald Acuña Jr.,ATL,OF,18401,105.639,28.388,77.226,24.906,0.385,,,134.37,,,50.65,67.35,-16.7,-24.8,OBP Specialist,50.65,13.571993106123934,False,2.5255113653335437,2.115591076121843,1.563439085046357,1.981842843739938,4.89864532421216,,,,,
9,2,6,SP 2,SP,Cristopher Sánchez,PHI,SP,20778,72.003,16.072,,,,28.437,0.0,181.598,3.19,1.144,39.76,33.61,15.84,47.1,ERA Specialist,49.45,14.916171472467708,False,,,,,,3.368336331337924,-0.6211034172977374,2.7987459481966184,4.961668035523723,3.5885942930753405
10,2,7,SP 2,SP,Chris Sale,ATL,SP,10603,59.974,16.576,,,,24.987,0.0,192.409,3.179,1.084,44.59,26.48,20.16,76.1,WHIP Specialist,46.64,14.332088150004568,False,,,,,,2.8618096464768894,-0.6211034172977374,3.0374867638761893,4.194122974886252,4.22801124839857
11,2,8,SP 2,SP,Logan Gilbert,SEA,SP,22250,68.023,21.616,,,,23.619,0.0,183.996,3.427,1.043,46.14,27.15,18.63,68.6,WHIP Specialist,45.78,14.15176348530418,False,,,,,,2.661072169987502,-0.6211034172977374,2.8517013155076545,3.276691110395357,5.335859166666118
12,2,9,SP 2,SP,Logan Webb,SFG,SP,17995,76.816,15.324,,,,30.103,0.176,182.846,3.299,1.173,40.79,22.84,22.78,99.7,ERA Specialist,45.62,14.119692834548912,False,,,,,,3.6128355759576936,-0.5983217927125787,2.826305705662912,4.52949851507433,2.9523646828538106
13,2,4,OF 2,OF,Kyle Tucker,LAD,OF,18345,94.221,29.735,87.826,22.96,0.371,,,92.144,,,44.81,46.64,-1.83,-3.9,OBP Specialist,44.81,12.556686989360717,False,2.111425848540136,2.2655879023642966,1.9519371163544,1.7807729590699326,3.8292302851153726,,,,,
14,2,10,SP 2,SP,Yoshinobu Yamamoto,LAD,SP,33825,62.878,15.733,,,,25.904,0.0,174.583,3.247,1.107,43.06,33.79,8.83,26.1,ERA Specialist,42.62,13.496192374716937,False,,,,,,2.9964860841917953,-0.6211034172977374,2.643832728143691,4.0014503182947605,3.857040520473564
15,2,1,3B 1,3B,José Ramírez,CLE,3B/DH,13510,91.786,27.666,88.631,33.187,0.347,,,74.213,,,42.61,75.25,-32.64,-43.4,SB Specialist,42.61,11.669852631555202,True,2.023118601409367,2.035100354969011,1.9814556365822766,2.8371670924440604,2.284378190775747,,,,,
16,2,11,SP 2,SP,Max Fried,NYY,SP,13743,71.952,16.447,,,,29.88,0.0,170.267,3.321,1.169,41.52,23.49,18.14,77.2,ERA Specialist,41.63,13.288677151115657,False,,,,,,3.5801867425722613,-0.6211034172977374,2.5485219002394235,4.109749139182403,2.843137564972326
17,2,12,SP 2,SP,Jacob deGrom,TEX,SP,10954,65.256,21.471,,,,22.225,0.0,177.389,3.437,1.052,43.29,22.45,18.83,83.9,WHIP Specialist,41.28,13.217033487352406,False,,,,,,2.45634167070997,-0.6211034172977374,2.7057980161648616,3.0909369354620524,4.9195626958116785
18,2,5,OF 3,OF,Fernando Tatis Jr.,SDP,OF,19709,98.04,28.467,80.897,25.614,0.355,,,127.999,,,39.0,44.81,-5.81,-13.0,OBP Specialist,39.0,11.54627436225936,False,2.249908904289501,2.124392137673502,1.6980133370611563,2.054960104415901,2.8540767585101285,,,,,
19,2,6,OF 3,OF,Kyle Schwarber,PHI,OF,16478,96.88,41.301,104.283,6.33,0.351,,,184.39,,,38.7,38.7,0.0,0.0,HR Specialist,38.7,11.493518662628041,False,2.2078533439901706,3.554096735279921,2.555116960717806,0.06317837354124901,2.588499608835648,,,,,
20,2,13,SP 3,SP,Hunter Brown,HOU,SP,25880,75.154,19.583,,,,27.868,0.0,193.673,3.488,1.174,33.93,29.7,8.04,27.1,QS+W Specialist,37.74,12.479305918795733,False,,,,,,3.284703056249432,-0.6211034172977374,3.0653998515664105,3.2522544052319997,2.7168977888200687
21,2,1,SS 2,SS,Bobby Witt Jr.,KCR,SS,25764,100.241,28.49,92.041,33.884,0.347,,,113.119,,,36.13,78.84,-42.71,-54.2,SB Specialist,36.13,12.342888547513718,True,2.329740483567602,2.1269099097123307,2.10643472023892,2.909127532496248,2.3261629422775805,,,,,
22,2,1,C 1,C,Cal Raleigh,SEA,C,21534,86.297,39.824,101.362,8.025,0.328,,,168.554,,,34.35,45.62,-11.27,-24.7,HR Specialist,34.35,9.275530849542255,False,1.8240220082951601,3.3895280248481385,2.448060097562071,0.23818467640736635,0.8725375086085456,,,,,
23,3,14,SP 3,SP,George Kirby,SEA,SP,25436,71.732,19.982,,,,25.135,0.0,160.672,3.618,1.104,36.37,16.87,16.93,100.4,WHIP Specialist,33.8,11.660094130027822,False,,,,,,2.8836097892724677,-0.6211034172977374,2.336634181578292,2.394368598922004,4.016857981766869
24,2,7,OF 3,OF,Corbin Carroll,ARI,OF,25878,96.303,25.478,76.92,31.635,0.344,,,127.318,,,33.79,42.61,-8.82,-20.7,SB Specialist,33.79,10.640633897072407,False,2.186905351899024,1.7913555123250238,1.552231283350697,2.6768338197398696,1.8870936851035618,,,,,
25,3,15,SP 3,SP,Joe Ryan,MIN,SP,21390,77.592,25.269,,,,24.596,0.0,185.395,3.82,1.096,34.93,15.87,17.76,111.9,WHIP Specialist,33.63,11.62461813618229,False,,,,,,2.8045127055131567,-0.6211034172977374,2.882595626962258,1.5024567832981457,4.294758048517446
26,2,8,OF 3,OF,Julio Rodríguez,SEA,OF,23697,94.382,29.79,91.271,28.1,0.332,,,145.655,,,33.61,49.45,-15.84,-32.0,SB Specialist,33.61,10.609519632258014,False,2.1172612570018146,2.2717263642819727,2.0782099717568143,2.3116813240939704,1.1994768236729358,,,,,
27,2,1,1B 1,1B,Vladimir Guerrero Jr.,TOR,1B/DH,19611,93.782,28.78,95.292,4.779,0.379,,,90.549,,,33.59,41.28,-7.69,-18.6,OBP Specialist,33.59,11.612332646269454,True,2.09548999721595,2.1591730416789194,2.225589998501711,-0.09710222250953841,4.670686034251724,,,,,
28,3,16,SP 3,SP,Jesús Luzardo,PHI,SP,19959,77.164,21.43,,,,26.425,0.0,193.344,3.646,1.163,27.02,15.51,18.02,116.2,QS+W Specialist,33.53,11.604552055859747,False,,,,,,3.072911365938449,-0.6211034172977374,3.058134498836915,2.421888172536399,2.9291830258835447
29,3,17,SP 3,SP,Cole Ragans,KCR,SP,21846,63.526,16.584,,,,23.108,0.0,190.655,3.425,1.146,35.67,22.84,10.32,45.2,ERA Specialist,33.16,11.527531328704981,False,,,,,,2.585997469478016,-0.6211034172977374,2.998752938078209,3.0711649554531317,2.911187390519425
30,3,18,SP 3,SP,Framber Valdez,DET,SP,17295,78.367,15.795,,,,28.757,0.0,173.536,3.487,1.221,30.6,15.58,16.14,103.6,QS+W Specialist,31.72,11.228971954814815,False,,,,,,3.415254349098643,-0.6211034172977374,2.620711681615478,3.3938537622083613,1.6822158596054422
31,3,1,2B 1,2B,Ketel Marte,ARI,2B/DH,13613,88.064,28.262,86.066,5.243,0.361,,,99.431,,,30.23,33.63,-3.4,-10.1,OBP Specialist,30.23,9.373558022516958,False,1.888124459855238,2.1015093776391884,1.8874537733087988,-0.04914374464958203,3.094725887053828,,,,,
32,3,9,OF 4,OF,Yordan Alvarez,HOU,OF/DH,19556,77.378,29.033,84.094,3.503,0.386,,,93.257,,,30.2,31.72,-1.52,-4.8,OBP Specialist,30.2,10.015791401025949,False,1.5005539655996365,2.187414422733927,1.8151638188793662,-0.22888681481983783,4.334187876104758,,,,,
33,3,19,SP 4,SP,Zack Wheeler,PHI,SP,10310,51.511,15.096,,,,21.523,0.0,149.593,3.297,1.084,34.4,6.71,22.99,342.6,WHIP Specialist,29.7,10.80815601880928,False,,,,,,2.3533099385911234,-0.6211034172977374,2.0919750846479457,3.048024382611485,3.5085520500291687
34,3,1,RP 1,RP,Mason Miller,SDP,RP,31757,19.317,5.72,,,,3.193,35.057,99.054,2.48,0.993,23.01,24.36,4.4,18.1,SV+HLD Specialist,28.76,10.694620878923073,False,,,,,,-0.33753642924791444,4.4990007100482226,0.9759219478997102,2.991436645306793,2.5209255880098222
35,3,2,3B 3,3B,Rafael Devers,SFG,3B,17350,88.161,30.395,90.916,2.13,0.353,,,159.828,,,28.67,25.5,3.17,12.4,OBP Specialist,28.67,9.244822779670052,False,1.8916170007804067,2.3391714612867127,2.0652099480110633,-0.37069959591249246,2.6913811356633186,,,,,
36,3,2,SS 2,SS,Elly De La Cruz,CIN,SS,26668,92.209,22.752,77.42,40.68,0.332,,,171.41,,,28.2,56.16,-27.96,-49.8,SB Specialist,28.2,10.962853920074368,False,2.038456042294661,1.4876854670400557,1.5705713224890503,4.152789615488087,1.1517534253659545,,,,,
37,3,3,SS 2,SS,Gunnar Henderson,BAL,SS,26289,96.906,26.316,82.541,23.931,0.349,,,140.013,,,27.15,42.62,-15.47,-36.3,OBP Specialist,27.15,10.779840640086702,True,2.2087890403128014,1.8847693111992792,1.7582635175958066,1.8811478056936095,2.4436833663817246,,,,,
38,4,20,SP 4,SP,Nathan Eovaldi,TEX,SP,9132,67.533,18.004,,,,23.754,0.17,148.398,3.659,1.115,21.74,6.21,20.27,326.4,WHIP Specialist,26.48,10.137286839489908,False,,,,,,2.680890481619846,-0.5990690767575653,2.065585733548409,2.0535770778718745,3.5134129404757215
39,3,3,3B 3,3B,Jazz Chisholm Jr.,NYY,3B/OF,20454,79.631,27.863,76.545,32.341,0.317,,,155.344,,,25.5,37.74,-12.24,-32.4,SB Specialist,25.5,8.693668850801231,False,1.5822569375229998,2.0570584465111885,1.5385092396788353,2.7497651628155815,0.0362732494216932,,,,,
40,4,21,SP 4,SP,Nick Pivetta,SDP,SP,15454,79.303,26.081,,,,23.589,0.0,183.162,3.917,1.15,19.91,13.35,11.29,84.6,WHIP Specialist,24.64,9.756276485030375,False,,,,,,2.6565506588891603,-0.6211034172977374,2.8332839775854675,1.0440316704671984,3.0882340489950386
41,3,10,OF 4,OF,Brent Rooker,ATH,OF,19627,86.481,32.612,95.635,6.36,0.339,,,162.731,,,24.36,24.64,-0.28,-1.1,HR Specialist,24.36,9.000156148375908,True,1.8307169517508826,2.5861804951137835,2.2381575433069494,0.06626977008317808,1.656341847103543,,,,,
42,4,11,OF 4,OF,Wyatt Langford,TEX,OF/DH,33333,84.208,24.41,74.321,22.858,0.343,,,143.499,,,24.13,23.06,1.07,4.6,Balanced,24.13,8.960971538820464,False,1.7482668734613882,1.6724297755351991,1.4569832943164192,1.7703099296781044,1.8808536360278532,,,,,
43,4,22,SP 4,SP,Sonny Gray,BOS,SP,12768,76.934,20.662,,,,25.007,0.0,176.923,3.808,1.182,23.74,11.26,12.81,113.8,QS+W Specialist,24.07,9.637497827044127,False,,,,,,2.8647016519521276,-0.6211034172977374,2.6955072733929923,1.552242554086438,2.3819075961926166
44,4,2,RP 2,RP,Cade Smith,CLE,RP,27867,24.089,5.543,,,,4.888,34.615,87.96,2.933,1.055,18.79,17.38,6.11,35.2,SV+HLD Specialist,23.49,9.598434327910324,False,,,,,,-0.08881399050067727,4.433223227030102,0.7309227706288344,2.2948933984168223,2.1050277364853547
45,4,23,SP 4,SP,Freddy Peralta,NYM,SP,18679,73.718,21.556,,,,24.014,0.0,181.252,3.76,1.185,22.55,20.68,2.61,12.6,K Specialist,23.29,9.474828859229907,False,,,,,,2.7190150411081406,-0.6211034172977374,2.7911051821042,1.7224336659079862,2.247695147327138
46,4,4,3B 4,3B,Junior Caminero,TBR,3B,28163,83.944,36.671,103.341,6.011,0.322,,,124.261,,,23.06,41.63,-18.57,-44.6,HR Specialist,23.06,8.26912854631825,False,1.73870681335885,3.0383656689369385,2.5205919469921287,0.030242037781465097,0.3973025418907408,,,,,
47,4,3,RP 2,RP,Edwin Díaz,LAD,RP,14710,23.686,6.545,,,,4.84,37.534,88.156,3.045,1.069,18.27,24.13,-1.29,-5.3,SV+HLD Specialist,22.84,9.463903389440478,False,,,,,,-0.09576067573358481,4.867360860635688,0.7352488575580386,1.9715566583222892,1.87192348857479
48,4,12,OF 4,OF,James Wood,WSN,OF,29518,82.942,24.113,80.541,15.716,0.348,,,186.546,,,22.84,30.23,-7.39,-24.4,OBP Specialist,22.84,8.736035443293744,False,1.7023343388640255,1.6392753968292022,1.6849620022546663,1.0325888918874604,2.2343678965654257,,,,,
49,4,24,SP 4,SP,Brandon Woodruff,MIL,SP,16162,65.246,20.535,,,,20.751,0.0,153.496,3.739,1.118,18.16,6.89,15.56,225.8,WHIP Specialist,22.45,9.300315017188826,False,,,,,,2.2400358094160646,-0.6211034172977374,2.1781655761471015,1.6200662970505886,3.2693312473581098
50,4,2,1B 2,1B,Bryce Harper,PHI,1B,11579,82.286,26.344,84.329,9.351,0.365,,,129.29,,,22.27,28.2,-5.93,-21.0,OBP Specialist,22.27,9.643717144074358,False,1.678564750885256,1.8878106906975107,1.8237987373865527,0.37512331774680896,3.3533477221793335,,,,,
51,4,25,SP 4,SP,Dylan Cease,TOR,SP,18525,75.33,20.401,,,,22.866,0.0,199.12,3.711,1.216,24.55,16.73,5.32,31.8,K Specialist,22.05,9.216680903251133,True,,,,,,2.550500671309862,-0.6211034172977374,3.1856867096745067,2.012916695831449,1.6389388615217826
52,4,2,C 2,C,William Contreras,MIL,C/DH,20503,76.45,19.283,76.405,5.748,0.353,,,115.548,,,21.77,21.32,0.45,2.1,OBP Specialist,21.77,7.087671089242524,False,1.4668906583645227,1.1012185996640367,1.5333817986807226,0.0029999449671054487,2.4960020108245016,,,,,
53,4,26,SP 4,SP,Kevin Gausman,TOR,SP,14107,84.056,23.585,,,,25.121,0.174,174.346,3.914,1.192,17.26,11.56,9.76,84.4,QS+W Specialist,21.32,9.066033167980395,False,,,,,,2.881495836031684,-0.5985769218734645,2.6385990242017745,1.1256694297894243,2.278155213742336
54,4,1,DH 3,DH,Marcell Ozuna,PIT,DH,10324,61.434,21.493,67.613,0.264,0.338,,,125.867,,,20.68,0.0,20.68,2068.0,Balanced,20.68,3.4234779526347685,False,0.9223153985933713,1.3474366520098828,1.2111373420137697,-0.5633718924418879,1.2622748181116472,,,,,
55,4,4,SS 3,SS,Mookie Betts,LAD,SS/OF,13611,88.381,21.221,80.608,9.055,0.349,,,72.036,,,20.5,23.29,-2.79,-12.0,OBP Specialist,20.5,8.328230915908376,False,1.899624820471759,1.3170562787802949,1.687391947488225,0.34457085877244853,2.3023842075007788,,,,,
56,4,27,SP 5,SP,Drew Rasmussen,TBR,SP,25385,66.206,16.891,,,,19.67,0.052,138.453,3.621,1.149,16.47,2.39,17.95,751.0,WHIP Specialist,20.34,8.860584645219594,True,,,,,,2.0813160896334146,-0.6144127100103747,1.8459689162388784,2.1967441519975384,2.8079486079398004
57,4,28,SP 5,SP,Luis Castillo,SEA,SP,15689,81.047,23.968,,,,24.64,0.0,160.193,3.898,1.186,22.01,4.31,15.5,359.6,QS+W Specialist,19.81,8.7512894730172,False,,,,,,2.810972007082217,-0.6211034172977374,2.3260563579994824,1.1658485327369112,2.344271308359737
58,4,13,OF 5,OF,Randy Arozarena,SEA,OF,19290,86.036,22.962,72.854,24.333,0.329,,,170.8,,,19.61,14.82,4.79,32.3,Balanced,19.61,8.174457208762501,False,1.8145780035504673,1.5110584127810442,1.403209302662159,1.9226074305492826,0.966282165480392,,,,,
59,4,4,RP 2,RP,Jhoan Duran,PHI,RP,21029,22.983,4.907,,,,4.969,34.253,76.16,2.88,1.119,15.12,17.9,1.0,5.6,SV+HLD Specialist,18.9,8.645160751858578,False,,,,,,-0.07686134655174809,4.379327418085973,0.4703549803661815,2.3283713763898777,1.486378490573389
60,4,14,OF 5,OF,Roman Anthony,BOS,OF,31812,85.221,18.801,67.923,10.945,0.36,,,153.203,,,18.25,22.27,-4.02,-18.1,OBP Specialist,18.25,7.937122852785115,False,1.7849983942195478,1.0474875618619452,1.222488081664345,0.5398556074480186,3.042911563460746,,,,,
61,5,5,RP 3,RP,Andrés Muñoz,SEA,RP,20373,21.855,4.923,,,,3.655,36.089,76.913,2.909,1.132,14.32,20.5,-2.6,-12.7,SV+HLD Specialist,17.9,8.435986170624192,False,,,,,,-0.2697713239579005,4.652384348641669,0.4869637092046429,2.1416200805596515,1.2932459834182535
62,4,3,1B 3,1B,Freddie Freeman,LAD,1B,5361,83.904,22.241,84.098,7.629,0.361,,,114.456,,,17.43,22.05,-4.62,-21.0,OBP Specialist,17.43,8.801163615414142,False,1.737234361006183,1.430712519223366,1.8153067568342816,0.19732515225027608,3.1180400016871768,,,,,
63,4,4,1B 3,1B,Nick Kurtz,ATH,1B,35110,93.576,37.426,94.728,3.093,0.334,,,177.228,,,17.38,39.0,-21.62,-55.4,HR Specialist,17.38,8.792611327096127,False,2.0880007999049712,3.1223879552946774,2.2049263013270437,-0.2711655099921671,1.183875215302074,,,,,
64,4,15,OF 5,OF,Jackson Chourio,MIL,OF,28806,86.602,23.334,83.533,23.646,0.317,,,127.514,,,16.99,36.13,-19.14,-53.0,Balanced,16.99,7.719046481796481,False,1.8350907880496923,1.552479104995055,1.7946247342807788,1.85164887978733,0.057542395572133524,,,,,
65,5,29,SP 5,SP,Ranger Suarez,BOS,SP,17277,72.875,16.663,,,,24.62,0.0,147.959,3.68,1.239,13.5,1.61,15.26,947.8,QS+W Specialist,16.87,8.139256415322105,False,,,,,,2.8080066004527846,-0.6211034172977374,2.0558912355294168,2.110301374725204,1.0911100268388192
66,4,2,2B 3,2B,Brice Turang,MIL,2B,22186,80.435,15.209,67.017,29.472,0.326,,,131.95,,,16.86,24.07,-7.21,-30.0,SB Specialist,16.86,7.049732804410472,False,1.6114194729116613,0.6473734787887332,1.1893044856694108,2.453371192995349,0.7082236785628238,,,,,
67,5,30,SP 5,SP,Shota Imanaga,CHC,SP,33829,73.906,27.457,,,,21.997,0.0,140.492,3.99,1.127,20.1,1.39,15.34,1103.6,WHIP Specialist,16.73,8.11044249273654,False,,,,,,2.4228854246284053,-0.6211034172977374,1.8909964366505556,0.6415070665085664,3.278723212974603
68,5,3,C 3,C,Iván Herrera,STL,C,20599,67.556,17.276,66.678,8.703,0.353,,,109.196,,,16.44,1.0,15.44,1544.0,OBP Specialist,16.44,6.161850846938822,True,1.1443474318018323,0.8775936521621964,1.1768688835917867,0.30826528294591804,2.2763075931384584,,,,,
69,5,31,SP 5,SP,Blake Snell,LAD,SP,13543,52.153,13.371,,,,19.584,0.0,154.347,3.444,1.201,20.08,10.33,5.9,57.1,ERA Specialist,16.23,8.006312192337525,False,,,,,,2.0687219195968316,-0.6211034172977374,2.1969583274322106,2.4383200494247315,1.4709819344108441
70,5,5,1B 4,1B,Pete Alonso,BAL,1B,19251,84.924,35.927,102.555,1.961,0.333,,,150.126,,,16.22,33.8,-17.58,-52.0,HR Specialist,16.22,8.589899337223233,False,1.7742451399691588,2.955468581587704,2.4917844514630616,-0.38810354904697436,1.22843442533439,,,,,
71,5,16,OF 5,OF,George Springer,TOR,OF/DH,12856,82.104,24.352,71.216,13.837,0.342,,,109.772,,,16.01,15.66,0.35,2.2,Balanced,16.01,7.548473237507024,False,1.6719423420281863,1.665923674337517,1.3431790266735324,0.8385012459823865,1.6508239339712871,,,,,
72,5,4,C 4,C,Willson Contreras,BOS,C/DH,11609,70.071,21.944,74.406,4.722,0.342,,,142.291,,,15.87,1.0,14.87,1487.0,Balanced,15.87,6.0613613814505545,False,1.235570569798474,1.3976249840228248,1.4601059388699518,-0.10294106803293457,1.6246948955767222,,,,,
73,5,5,SS 4,SS,Francisco Lindor,NYM,SS,12916,91.913,24.846,76.574,22.596,0.335,,,114.992,,,15.66,34.35,-18.69,-54.4,R Specialist,15.66,8.782969432772706,False,2.0277136682340697,1.7209693010802356,1.5395794418028161,1.743186617552793,1.3438490688127673,,,,,
74,5,3,2B 3,2B,Maikel Garcia,KCR,2B/3B,22715,83.009,12.347,65.487,26.117,0.329,,,95.249,,,15.58,16.99,-1.41,-8.3,SB Specialist,15.58,6.826371444456644,False,1.7047751281087171,0.32848539542836486,1.1331995058273023,2.106882758663403,0.9129675408075453,,,,,
75,5,32,SP 5,SP,Michael King,SDP,SP,19853,70.092,20.14,,,,21.11,0.0,162.959,3.725,1.224,22.11,6.14,9.37,152.6,K Specialist,15.51,7.857526189759742,True,,,,,,2.2926424166268085,-0.6211034172977374,2.3871383204608363,1.8065968012582887,1.340536010019196
76,5,33,SP 5,SP,Kyle Bradish,BAL,SP,24586,58.964,15.244,,,,18.228,0.0,146.258,3.609,1.176,12.38,15.14,0.08,0.5,WHIP Specialist,15.22,7.796943614906579,True,,,,,,1.869596332453542,-0.6211034172977374,2.0183278160981937,2.007294320051166,2.0238686644223827
77,5,6,RP 3,RP,Devin Williams,NYM,RP,15816,24.626,5.589,,,,4.542,34.372,83.296,3.179,1.147,12.11,12.95,2.19,16.9,SV+HLD Specialist,15.14,7.862227600262381,False,,,,,,-0.13950189154079376,4.3970279896132185,0.6279225937263591,1.7237162311131702,1.206469432297285
78,5,34,SP 5,SP,Chase Burns,CIN,SP,35333,55.523,17.06,,,,16.744,0.409,151.459,3.592,1.159,11.99,10.13,4.86,48.0,WHIP Specialist,14.99,7.7476071745504544,False,,,,,,1.6517505149446492,-0.5682261206879794,2.1331822220134145,1.9604844105284318,2.2099989126044317
79,5,5,3B 5,3B,Manny Machado,SDP,3B/DH,11493,79.093,26.387,88.179,9.388,0.324,,,121.705,,,14.82,33.16,-18.34,-55.3,Balanced,14.82,6.835735952583644,False,1.5627487572151262,1.892590001337589,1.9649078194940144,0.3789811079519894,0.5555880130640557,,,,,
80,5,5,C 4,C,Will Smith,LAD,C,19197,68.64,19.983,68.216,2.338,0.357,,,96.963,,,14.48,12.04,2.44,20.3,OBP Specialist,14.48,5.819773307720326,False,1.183643050622395,1.1792138299465245,1.2332487441164242,-0.3491806665591515,2.2868377380677605,,,,,
81,5,7,RP 3,RP,Bryan Abreu,HOU,RP,16609,25.346,6.648,,,,3.089,32.086,89.859,3.13,1.169,11.34,0.0,14.18,1418.0,SV+HLD Specialist,14.18,7.662914626670486,False,,,,,,-0.352843814228351,4.057212111097121,0.7728608598950514,1.8933289159884665,1.0643023588491798
82,5,35,SP 5,SP,Ryan Pepiot,TBR,SP,26221,81.188,25.132,,,,22.976,0.0,170.777,4.031,1.199,14.23,5.76,8.29,143.9,QS+W Specialist,14.05,7.553774575184164,False,,,,,,2.5666636054633516,-0.6211034172977374,2.5597843011270918,0.5060836860748824,1.9846589771500949
83,5,36,SP 5,SP,Tyler Glasnow,LAD,SP,14374,57.324,15.771,,,,18.645,0.0,150.917,3.688,1.17,19.98,10.4,3.61,34.7,K Specialist,14.01,7.544320252249579,False,,,,,,1.9307864706357172,-0.6211034172977374,2.1212131606778923,1.6253583701093326,2.0356516608765935
84,5,37,SP 5,SP,Eury Pérez,MIA,SP,27768,67.754,20.022,,,,17.966,0.0,160.035,3.907,1.159,11.21,12.33,1.43,11.6,WHIP Specialist,13.76,7.491858206409554,False,,,,,,1.8310827468480202,-0.6211034172977374,2.3225672220382045,0.9362503787132297,2.4733595534337858
85,5,6,SS 5,SS,Zach Neto,LAA,SS,31347,86.097,26.734,75.204,26.847,0.322,,,155.402,,,13.69,30.2,-16.51,-54.7,SB Specialist,13.69,8.439429460723344,True,1.8167903088094004,1.9312701098279184,1.4893312530364646,2.182313660586917,0.43122088024157323,,,,,
86,5,38,SP 5,SP,Matthew Boyd,CHC,SP,15440,74.208,20.835,,,,22.647,0.0,144.298,3.89,1.194,10.94,0.0,13.67,1367.0,QS+W Specialist,13.67,7.472890624231405,False,,,,,,2.5183803262346256,-0.6211034172977374,1.9750448636671547,1.101714984379188,1.9942221425140525
87,5,8,RP 4,RP,Griffin Jax,TBR,RP,20253,23.422,6.062,,,,3.503,29.305,79.577,3.097,1.077,10.8,0.0,13.5,1350.0,SV+HLD Specialist,13.5,7.5204736771920535,False,,,,,,-0.29207646669433274,3.6435841206490394,0.5458086496857597,1.824737741956469,1.7569110933408063
88,5,39,SP 5,SP,Tanner Bibee,CLE,SP,30134,83.766,23.733,,,,22.868,0.0,163.593,3.985,1.217,15.36,1.0,12.37,1237.0,QS+W Specialist,13.37,7.411253373524042,False,,,,,,2.5507795956957984,-0.6211034172977374,2.4011390305839373,0.7556363823673325,1.6651287006206328
89,5,6,1B 4,1B,Matt Olson,ATL,1B,14344,86.917,29.395,92.605,0.996,0.341,,,159.523,,,13.35,28.67,-15.32,-53.4,HR Specialist,13.35,8.091818818715423,False,1.846504107147829,2.22777675944489,2.127116742792423,-0.4877791389186008,1.9029131630037555,,,,,
90,5,17,OF 5,OF,Christian Yelich,MIL,OF/DH,11477,74.187,19.099,74.03,16.058,0.344,,,137.743,,,13.35,13.26,0.09,0.7,Balanced,13.35,7.084643839083327,False,1.384832266907757,1.0806865029049129,1.4463105936827496,1.067954550957173,1.8322157679805888,,,,,
91,5,18,OF 5,OF,Seiya Suzuki,CHC,OF/DH,30116,75.076,25.317,82.578,7.495,0.337,,,148.687,,,13.26,13.37,-0.11,-0.8,Balanced,13.26,7.068873350110298,True,1.417081149469127,1.7734303122786697,1.7596232607053843,0.18349391566725845,1.384336753225773,,,,,
92,5,6,3B 6,3B,Matt Chapman,SFG,3B,16505,81.349,23.541,73.96,8.695,0.332,,,151.477,,,12.95,6.8,6.15,90.4,Balanced,12.95,6.5098563104596225,True,1.644567784496335,1.5755401143772507,1.4437560358731105,0.3074162592381113,1.1019366791231264,,,,,
93,5,40,SP 5,SP,Spencer Strider,ATL,SP,27498,74.076,20.875,,,,21.682,0.0,180.166,3.952,1.221,13.64,10.94,1.91,17.5,K Specialist,12.85,7.303733302238515,False,,,,,,2.376583976562914,-0.6211034172977374,2.767122893155165,0.815526548588446,1.3974087821105734
94,5,7,3B 6,3B,Alex Bregman,CHC,3B,17678,80.494,22.681,79.282,2.287,0.338,,,89.825,,,12.73,13.35,-0.62,-4.6,Balanced,12.73,6.471913251771131,False,1.613570123761739,1.479731089890835,1.6388296935747197,-0.3544855154196084,1.5627093577669686,,,,,
95,5,7,SS 5,SS,Geraldo Perdomo,ARI,SS,22799,88.246,12.62,64.758,20.544,0.356,,,86.425,,,12.33,18.25,-5.92,-32.4,OBP Specialist,12.33,8.20385495976504,False,1.894706974683048,0.3589548933318937,1.1065030939400593,1.5312818682904603,2.9410896971205163,,,,,
96,5,41,SP 5,SP,Emmet Sheehan,LAD,SP,29839,63.114,18.907,,,,17.614,0.313,151.966,3.914,1.149,9.8,5.23,7.02,134.2,WHIP Specialist,12.25,7.178554875874577,False,,,,,,1.7794435668495512,-0.5806798633923582,2.1443783734840967,0.8435273691038433,2.4681186576419782
97,5,8,SS 5,SS,Trea Turner,PHI,SS,16252,89.329,17.909,71.014,27.725,0.333,,,113.4,,,12.11,33.59,-21.48,-63.9,SB Specialist,12.11,8.165437582133155,False,1.9339808331240147,0.9481358315863805,1.3357975640786792,2.2729691482197647,1.2128186031921597,,,,,
98,5,4,2B 4,2B,Luke Keaschall,MIN,2B,33321,67.683,10.971,56.35,24.121,0.346,,,91.53,,,12.04,8.32,3.72,44.7,Balanced,12.04,6.2106848406677235,False,1.1489497520864005,0.17515753449737184,0.798328863142838,1.9007414550088089,1.8169305725946432,,,,,
99,5,42,SP 5,SP,Nick Lodolo,CIN,SP,26378,73.89,22.079,,,,20.444,0.0,154.381,4.026,1.182,9.45,6.29,5.27,83.8,K Specialist,11.56,7.035657135608896,False,,,,,,2.194961628648695,-0.6211034172977374,2.197709154158055,0.482124825668229,2.1638267012805055
100,5,43,SP 6,SP,Nolan McLean,NYM,SP,33703,67.706,16.016,,,,21.831,0.0,149.414,3.7,1.251,9.17,12.73,-1.27,-10.0,QS+W Specialist,11.46,7.014063381112604,False,,,,,,2.398545601897719,-0.6211034172977374,2.088022202767764,1.865271721839404,0.7729727191690247
101,5,19,OF 6,OF,Riley Greene,DET,OF/DH,25976,81.972,27.923,88.47,3.771,0.327,,,176.21,,,11.38,17.43,-6.05,-34.7,HR Specialist,11.38,6.743048861387366,False,1.667162311976917,2.0637205158882668,1.975569524900383,-0.2012036841426637,0.7632004077878711,,,,,
102,5,20,OF 6,OF,Pete Crow-Armstrong,CHC,OF,27769,84.096,23.019,78.274,33.377,0.296,,,149.361,,,11.36,33.53,-22.17,-66.1,SB Specialist,11.36,6.739404378127537,False,1.7442013092068567,1.5174531081363005,1.6018637393881827,2.8567400842481216,-1.3545257143043332,,,,,
103,5,21,OF 6,OF,Ian Happ,CHC,OF,17919,79.738,21.327,74.619,7.857,0.339,,,147.248,,,11.26,3.47,7.79,224.5,Balanced,11.26,6.721303934309521,True,1.5861592989305613,1.3289098604144283,1.4679162153295506,0.22090673409083134,1.6121679547407604,,,,,
104,5,9,RP 4,RP,David Bednar,NYY,RP,19569,24.38,6.535,,,,4.046,33.37,71.913,3.354,1.132,8.8,14.18,-3.18,-22.4,SV+HLD Specialist,11.0,7.000823382823817,False,,,,,,-0.2123965777707227,4.248077301009079,0.376548014227503,1.3228044588355112,1.2470764569876573
105,5,9,SS 5,SS,Oneil Cruz,PIT,SS/OF,21711,70.364,21.377,63.942,28.187,0.319,,,159.252,,,10.94,14.05,-3.11,-22.1,SB Specialist,10.94,6.665264964648556,False,1.2461896350413544,1.3345135742884593,1.0765850804535728,2.3207293139727874,0.19882984106960463,,,,,
106,5,6,C 5,C,Shea Langeliers,ATH,C,25816,69.423,29.216,76.206,5.492,0.312,,,119.194,,,10.68,16.23,-5.55,-34.2,HR Specialist,10.68,5.1591999687910866,False,1.2120439727251942,2.207734848392441,1.5260919629800465,-0.023433406286168253,-0.21570839456006705,,,,,
107,5,10,RP 4,RP,Aroldis Chapman,BOS,RP,10233,20.492,5.012,,,,4.013,30.481,76.163,3.061,1.146,8.34,14.48,-4.06,-28.0,SV+HLD Specialist,10.42,6.879764762291893,False,,,,,,-0.21722490569359526,3.8184752250913108,0.4704079798997704,1.6716930643919312,1.049602063729143
108,5,22,OF 6,OF,Jarren Duran,BOS,OF,24617,80.303,16.544,68.539,23.133,0.327,,,142.307,,,10.4,19.61,-9.21,-47.0,Balanced,10.4,6.572995060382307,False,1.6066394428603916,0.7960000131693465,1.2450612833136494,1.7987036787384554,0.7612890457837028,,,,,
109,5,8,3B 6,3B,Austin Riley,ATL,3B,18360,81.883,28.042,86.35,2.429,0.32,,,165.104,,,10.33,19.81,-9.48,-47.9,HR Specialist,10.33,6.054534726572071,False,1.6639381490667668,2.076966670552726,1.8978479281841723,-0.3398176496354673,0.27042117072309163,,,,,
110,5,11,RP 4,RP,Abner Uribe,MIL,RP,25327,25.533,5.041,,,,3.515,32.482,77.612,3.178,1.217,8.21,0.0,10.26,1026.0,SV+HLD Specialist,10.26,6.848219369725282,False,,,,,,-0.29034860352460906,4.115995912867433,0.5023976150485476,1.7896241982635837,0.6401578060231488
111,5,5,2B 4,2B,Jose Altuve,HOU,2B,5417,78.204,19.997,67.675,11.863,0.329,,,102.616,,,10.25,12.11,-1.86,-15.4,Balanced,10.25,5.899962643684993,False,1.5305143815734874,1.180784652324732,1.2133950286862767,0.634611611041928,0.8620169548883189,,,,,
112,5,6,2B 4,2B,Gleyber Torres,DET,2B,16997,78.342,17.085,68.011,5.491,0.343,,,109.082,,,10.2,0.0,10.2,1020.0,Balanced,10.2,5.89108345008713,False,1.5355047619608515,0.8563596985957884,1.2257280086424236,-0.023545989721874945,1.8929238085210456,,,,,
113,5,23,OF 6,OF,Jakob Marsee,MIA,OF,31370,71.008,12.24,55.958,33.418,0.33,,,125.027,,,10.13,4.59,5.54,120.7,SB Specialist,10.13,6.525105430809151,False,1.2695566559975966,0.3165315485360481,0.7839874216663439,2.860964545276017,0.9008729414317914,,,,,
114,5,24,OF 6,OF,Taylor Ward,BAL,OF,17548,80.265,27.058,83.253,4.782,0.325,,,153.674,,,9.92,7.91,2.01,25.4,Balanced,9.92,6.488760204597667,False,1.605272165675772,1.967354462189721,1.7843478618299509,-0.09679855709579724,0.6524334712998997,,,,,
115,5,9,3B 6,3B,Eugenio Suárez,CIN,3B,12552,75.855,33.701,94.684,2.752,0.308,,,175.669,,,9.27,13.76,-4.49,-32.6,HR Specialist,9.27,5.87101162824187,False,1.4453116152650904,2.7074457545945556,2.2033173330653053,-0.30643304588397036,-0.5183722459824326,,,,,
116,5,25,OF 6,OF,Byron Buxton,MIN,OF,14161,78.288,27.379,72.73,15.239,0.318,,,142.467,,,9.0,16.22,-7.22,-44.5,HR Specialist,9.0,6.327955465110436,True,1.533553581257071,2.0031825811139434,1.3986719388625424,0.9833620428435786,0.09422585645393379,,,,,
117,6,44,SP 6,SP,MacKenzie Gore,TEX,SP,22201,73.672,20.112,,,,21.3,0.0,175.814,3.913,1.258,7.16,3.67,5.03,137.1,K Specialist,8.7,6.439207344910336,False,,,,,,2.320578895912994,-0.6211034172977374,2.6710170722470625,0.9880878019094497,0.6495938063456236
118,6,45,SP 6,SP,Jack Flaherty,DET,SP,17479,76.538,21.148,,,,21.582,0.0,172.707,4.045,1.241,8.34,0.0,8.32,832.0,K Specialist,8.32,6.360313927886567,False,,,,,,2.3619419143243223,-0.6211034172977374,2.6024047593882678,0.41395947554869744,1.000279865791236
119,6,7,2B 5,2B,Nico Hoerner,CHC,2B,21479,74.227,6.827,55.628,26.001,0.333,,,56.714,,,8.1,12.85,-4.75,-37.0,SB Specialist,8.1,5.524965710506131,False,1.3862902123406935,-0.2864414330107857,0.7718596859531524,2.0949014022028694,1.1654683751521153,,,,,
120,6,10,SS 6,SS,Corey Seager,TEX,SS,13624,71.298,26.647,76.4,2.53,0.359,,,98.762,,,7.93,14.01,-6.08,-43.4,OBP Specialist,7.93,7.438261952051874,True,1.2800741728023621,1.921633504458064,1.5331692242862336,-0.3293184695991463,2.5983290804392984,,,,,
121,6,2,DH 6,DH,Joc Pederson,TEX,DH,11899,48.042,16.28,49.195,3.084,0.329,,,90.187,,,7.91,0.0,7.91,791.0,Balanced,7.91,1.2024714461604002,False,0.4366055923595119,0.7666222925215933,0.5361110173887447,-0.27216946503351525,0.5877157758507772,,,,,
122,6,7,1B 6,1B,Cody Bellinger,NYY,1B/OF/DH,15998,76.855,22.527,79.5,11.196,0.32,,,89.152,,,7.4,21.77,-14.37,-66.0,Balanced,7.4,6.050084414785866,False,1.4815789145918672,1.462574590157221,1.6468012333680686,0.5657911126828461,0.252928978587519,,,,,
123,6,46,SP 6,SP,Kris Bubic,KCR,SP,21455,62.224,14.615,,,,18.87,0.543,133.63,3.748,1.24,5.51,1.0,5.89,589.0,Balanced,6.89,6.062912465678664,False,,,,,,1.963871306877061,-0.5509390575391825,1.739461936863929,1.5047577643694943,0.8966186850214806
124,6,47,SP 6,SP,José Soriano,LAA,SP,22100,77.226,14.525,,,,23.0,0.233,157.523,3.765,1.32,5.49,0.0,6.86,686.0,QS+W Specialist,6.86,6.057815047936092,False,,,,,,2.570113459710463,-0.5909174867053236,2.2670943768816896,1.7812744943782706,-0.675739088032798
125,6,8,1B 6,1B,Josh Naylor,SEA,1B,18839,74.28,21.634,86.214,17.481,0.327,,,89.832,,,6.8,20.34,-13.54,-66.6,Balanced,6.8,6.9515427921458235,False,1.3881978722852817,1.3630668917022597,1.8928817505198103,1.2148604414211115,0.7281630774592135,,,,,
126,6,48,SP 6,SP,Aaron Nola,PHI,SP,16149,82.274,25.019,,,,22.251,0.0,161.454,4.162,1.226,13.02,0.0,6.71,671.0,QS+W Specialist,6.71,6.026943978019297,True,,,,,,2.460118894104786,-0.6211034172977374,2.353903196272717,-0.10247919818875137,1.3793979263448921
127,6,26,OF 6,OF,Brandon Nimmo,TEX,OF,12927,78.462,21.27,71.797,9.346,0.33,,,135.678,,,6.71,6.71,0.0,0.0,Balanced,6.71,5.92978830094685,True,1.539889478449459,1.3225263056434144,1.3644951073347358,0.37466885250175425,0.9590434338674162,,,,,
128,6,49,SP 6,SP,Carlos Rodón,NYY,SP,16137,68.105,20.21,,,,21.083,0.0,147.909,4.042,1.213,8.9,0.0,6.69,669.0,QS+W Specialist,6.69,6.0212781643212345,False,,,,,,2.2887081147620174,-0.6211034172977374,2.054787078579645,0.38359709924177265,1.4073655704241936
129,6,9,1B 6,1B,Michael Busch,CHC,1B,26319,78.747,29.024,79.529,3.665,0.334,,,148.115,,,6.66,11.38,-4.72,-41.5,HR Specialist,6.66,6.928387896138655,False,1.550196644918129,2.186356067230879,1.6478604402647479,-0.21212014590398948,1.2000491136677656,,,,,
130,6,7,C 5,C,Hunter Goodman,COL,C/OF,29715,69.246,27.429,84.99,2.294,0.303,,,144.722,,,6.65,16.01,-9.36,-58.5,HR Specialist,6.65,4.459018876904393,False,1.2056210340144216,2.0086748891455484,1.8480322183583335,-0.35375010802306533,-0.7875203159824089,,,,,
131,6,10,1B 6,1B,Yandy Díaz,TBR,1B/DH,16578,73.029,19.122,73.332,2.011,0.358,,,92.418,,,6.29,6.86,-0.57,-8.3,OBP Specialist,6.29,6.8633765568985226,False,1.3428419877472149,1.0832933996176826,1.4207393600559923,-0.3829608616489575,2.896249757895613,,,,,
132,6,8,C 6,C,Drake Baldwin,ATL,C,31539,63.753,20.582,75.633,0.775,0.33,,,93.588,,,6.21,11.36,-5.15,-45.3,Balanced,6.21,4.381198659914248,True,1.0064228924621,1.24595707014398,1.5050800836075084,-0.5106609475693276,0.8666711644890975,,,,,
133,6,12,RP 5,RP,Raisel Iglesias,ATL,RP,17130,27.676,7.846,,,,3.872,30.272,66.778,3.635,1.145,4.91,9.92,-3.78,-38.1,SV+HLD Specialist,6.14,5.990507611366686,False,,,,,,-0.2379489875686916,3.7873910407147653,0.2631643453693777,0.8892120565755558,1.2026671579526533
134,6,50,SP 6,SP,Shane McClanahan,TBR,SP,21483,50.79,14.259,,,,16.44,0.0,121.763,3.675,1.175,14.69,0.0,5.76,576.0,Balanced,5.76,5.829530095717908,False,,,,,,1.6071505056333721,-0.6211034172977374,1.4774013264051857,1.4865825731242843,1.7265852288779528
135,6,51,SP 6,SP,Merrill Kelly,ARI,SP,11156,77.668,20.764,,,,22.255,0.0,142.66,4.067,1.24,4.5,0.0,5.38,538.0,QS+W Specialist,5.38,5.748962700177757,False,,,,,,2.460731059730763,-0.6211034172977374,1.9388726819926436,0.3231939097803779,1.0411764138544162
136,6,27,OF 6,OF,Jackson Merrill,SDP,OF,29490,77.747,22.228,80.668,7.887,0.32,,,118.716,,,5.23,18.9,-13.67,-72.3,Balanced,5.23,5.67300178078315,False,1.5139474792410157,1.4292531026875845,1.6895983230999931,0.22399296625497567,0.24167498667176804,,,,,
137,6,13,RP 6,RP,Jeff Hoffman,TOR,RP,17432,26.703,8.214,,,,4.42,29.035,73.296,3.595,1.17,4.16,5.38,-0.18,-3.3,SV+HLD Specialist,5.2,5.795981918252991,False,,,,,,-0.15739856095634241,3.603387182990214,0.40709782871377825,0.9362258491779666,0.9699980732091704
138,6,28,OF 6,OF,Steven Kwan,CLE,OF,24610,80.224,8.584,54.221,17.634,0.34,,,58.915,,,5.08,3.15,1.93,61.3,Balanced,5.08,5.64760674544822,False,1.6037852064033744,-0.09074481614673581,0.7202957349864273,1.2307047524646102,1.7627093892366432,,,,,
139,6,29,OF 6,OF,Kyle Stowers,MIA,OF,26151,68.846,25.088,82.504,4.579,0.326,,,162.787,,,5.04,9.0,-3.96,-44.0,Balanced,5.04,5.639270313150906,False,1.1911395013932398,1.7478626714418877,1.7569074395619952,-0.11773391175946576,0.6425070202841265,,,,,
140,6,30,OF 6,OF,Mike Trout,LAA,OF,10155,65.733,24.179,63.579,3.412,0.347,,,149.691,,,4.59,1.19,3.4,285.7,Balanced,4.59,5.560875551622596,True,1.0782357718590505,1.6466727447662932,1.0632955157222244,-0.23827771938355946,1.7213594498552445,,,,,
141,6,52,SP 6,SP,Zac Gallen,ARI,SP,19291,89.29,22.882,,,,25.034,0.0,167.169,4.195,1.267,8.86,0.0,4.31,431.0,QS+W Specialist,4.31,5.526055700472602,True,,,,,,2.868797436356145,-0.6211034172977374,2.480108335631588,-0.268817499082125,0.5232157345860126
142,6,8,2B 6,2B,Bryson Stott,PHI,2B,26294,66.301,12.944,58.357,23.135,0.322,,,92.3,,,4.27,1.0,3.27,327.0,Balanced,4.27,4.859814803571516,False,1.0988319711467274,0.3950058239409684,0.8718942639392062,1.7988792675831355,0.3705650000821608,,,,,
143,6,9,2B 6,2B,Xander Bogaerts,SDP,2B/SS,12161,67.957,13.011,58.549,16.785,0.327,,,99.841,,,4.26,0.0,4.26,426.0,Balanced,4.26,4.857366823346763,False,1.158901499021668,0.4024922965519999,0.8789275443361887,1.1430549327024657,0.7144883236812103,,,,,
144,6,14,RP 6,RP,Jeremiah Estrada,SDP,RP,22210,27.118,8.326,,,,3.738,24.523,87.296,3.39,1.165,3.14,0.0,3.93,393.0,SV+HLD Specialist,3.93,5.53132969129799,True,,,,,,-0.2575676480616283,2.5499089492054683,0.7162728162192672,1.387497095042431,1.0917662230529752
145,6,15,RP 6,RP,Ryan Helsley,BAL,RP,18138,26.534,7.037,,,,3.919,30.475,69.94,3.538,1.226,2.96,6.69,-2.99,-44.7,SV+HLD Specialist,3.7,5.483455837706529,False,,,,,,-0.23102872675129382,3.8175859583708798,0.33299343918682034,1.0448632115929644,0.5167916766371967
146,6,53,SP 6,SP,Gavin Williams,CLE,SP,30122,77.995,20.452,,,,21.28,0.0,165.992,3.965,1.298,5.74,3.93,-0.26,-6.6,K Specialist,3.67,5.39381812280113,False,,,,,,2.3176017450988913,-0.6211034172977374,2.4541164810339686,0.7985776928193263,-0.184552465280655
147,6,16,RP 6,RP,Trevor Megill,MIL,RP,17722,26.01,7.125,,,,4.238,27.541,74.78,3.456,1.17,2.78,2.5,0.97,38.8,SV+HLD Specialist,3.47,5.435092619507541,False,,,,,,-0.18416942991392946,2.9402061343556274,0.43987583192469176,1.1908794103166573,0.9819300641619348
148,6,9,C 6,C,Adley Rutschman,BAL,C/DH,26288,64.461,16.831,64.401,0.859,0.334,,,89.089,,,3.43,2.64,0.79,29.9,Balanced,3.43,3.897749444930905,False,1.0321001403854577,0.8279957711141123,1.0934077782243643,-0.5019197217309228,1.1128904070172396,,,,,
149,6,54,SP 6,SP,Sandy Alcantara,MIA,SP,18684,88.48,20.55,,,,22.708,0.0,147.875,4.156,1.258,8.47,3.43,-0.08,-2.3,QS+W Specialist,3.35,5.327236478172127,True,,,,,,2.5272471856612446,-0.6211034172977374,2.0540362518538005,-0.07720514698862672,0.730378435305588
150,6,17,RP 6,RP,Garrett Cleavinger,TBR,RP,17897,24.931,7.043,,,,3.645,25.413,74.698,3.368,1.141,2.66,0.0,3.33,333.0,SV+HLD Specialist,3.33,5.406665042837839,False,,,,,,-0.27128338773429417,2.665011899017519,0.43805176464366946,1.3219596716287265,1.2028519868433056
151,6,18,RP 6,RP,Garrett Whitlock,BOS,RP,20191,25.79,6.206,,,,4.277,24.119,70.851,3.348,1.148,2.52,0.0,3.15,315.0,SV+HLD Specialist,3.15,5.368500923659116,False,,,,,,-0.17840009919429142,2.4977826866385,0.3531045538699567,1.4113944066686723,1.1900311864792505
152,6,55,SP 6,SP,Trey Yesavage,TOR,SP,35456,58.156,15.268,,,,15.711,0.355,141.215,3.819,1.24,2.12,6.65,-4.0,-60.2,Balanced,2.65,5.182765990911305,False,,,,,,1.5001404309572177,-0.5751783579945471,1.9069625461442503,1.1312844742980122,0.8261100015277898
153,6,56,SP 6,SP,Joe Musgrove,SDP,SP,12970,60.315,17.031,,,,17.502,0.0,119.945,3.963,1.196,2.11,0.0,2.64,264.0,Balanced,2.64,5.179516211346883,False,,,,,,1.7630237286563837,-0.6211034172977374,1.4372541797114973,0.6217958787263081,1.556674531553571
154,6,57,SP 6,SP,Andrew Abbott,CIN,SP,29911,81.391,26.193,,,,20.642,0.0,149.592,4.111,1.252,2.02,0.0,2.53,253.0,QS+W Specialist,2.53,5.156907926282417,False,,,,,,2.2240328897787176,-0.6211034172977374,2.0919530015089505,0.13163186355256187,0.8114634488660047
155,6,11,SS 6,SS,Willy Adames,SFG,SS,15986,84.13,26.695,84.116,11.494,0.317,,,165.319,,,2.51,9.27,-6.76,-72.9,Balanced,2.51,6.495464098687293,False,1.7454416508438324,1.9269587037260298,1.8159994561542554,0.5965501467685952,0.038716102422058266,,,,,
156,6,19,RP 6,RP,Daniel Palencia,CHC,RP,27914,28.649,6.762,,,,3.297,32.178,70.715,3.714,1.25,2.0,3.35,-0.85,-25.4,SV+HLD Specialist,2.5,5.23297448972402,False,,,,,,-0.32237059105322535,4.070800939343442,0.35010345528047826,0.7611510580790658,0.32972189586038253
157,6,10,C 6,C,Salvador Perez,KCR,C/1B/DH,7304,60.508,26.478,88.136,0.129,0.3,,,118.328,,,2.39,12.25,-9.86,-80.5,Balanced,2.39,3.717078473301444,False,0.8887137457671126,1.9027947765038165,1.9633318369141797,-0.577312097396163,-1.0638055973262603,,,,,
158,6,10,2B 6,2B,Willi Castro,COL,2B/3B/SS/OF,17338,66.245,11.929,50.567,14.694,0.329,,,118.692,,,2.25,0.0,2.25,225.0,Balanced,2.25,4.507615950784691,True,1.096808255844293,0.2819177532942698,0.5863775315339315,0.9270290099679321,0.7361093175740323,,,,,
159,6,58,SP 6,SP,Shane Baz,BAL,SP,22264,77.875,21.893,,,,20.463,0.0,153.654,4.15,1.25,5.85,0.0,2.18,218.0,QS+W Specialist,2.18,5.083525297932461,False,,,,,,2.1976466428691066,-0.6211034172977374,2.181654712108379,-0.04187361320716075,0.81453388154766
160,6,20,RP 6,RP,Josh Hader,HOU,RP,14212,18.962,6.397,,,,3.754,24.652,65.304,3.244,1.071,1.68,10.25,-8.15,-79.5,SV+HLD Specialist,2.1,5.15060743544588,False,,,,,,-0.25521147101200514,2.5666895428233776,0.2306160068040164,1.2123738777859572,1.3959123078120745
161,6,59,SP 6,SP,Sean Manaea,NYM,SP,15873,66.393,19.182,,,,15.821,0.398,139.305,4.141,1.184,1.86,0.0,2.08,208.0,Balanced,2.08,5.063923779207867,False,,,,,,1.5162446441873523,-0.569632499174443,1.864783750662983,-0.0031340310801325436,1.8487790412099028
162,6,11,2B 6,2B,Brendan Donovan,SEA,2B/OF,24679,65.266,12.817,57.74,4.864,0.341,,,78.458,,,1.73,0.0,1.73,173.0,Balanced,1.73,4.418064053296507,False,1.0613061965333113,0.3808127196158877,0.8492697512291633,-0.08832278027552676,1.5939968007152998,,,,,
163,6,60,SP 6,SP,Edward Cabrera,CHC,SP,21690,64.317,16.282,,,,17.23,0.0,143.126,3.978,1.244,1.49,0.0,1.61,161.0,Balanced,1.61,4.964742367300354,False,,,,,,1.7231669019291136,-0.6211034172977374,1.9491634247645133,0.6077955136804833,0.8119429102688731
164,6,21,RP 6,RP,Pete Fairbanks,MIA,RP,17998,25.484,6.073,,,,3.299,28.859,61.282,3.535,1.216,1.24,2.53,-0.98,-38.7,SV+HLD Specialist,1.55,5.035345842442123,False,,,,,,-0.3219786288898301,3.57728913793408,0.1417954134505057,1.00882576630083,0.5755476761583855
165,6,11,C 6,C,Agustín Ramírez,MIA,C,26546,62.187,18.428,64.845,12.541,0.305,,,102.092,,,1.39,10.42,-9.03,-86.7,Balanced,1.39,3.5434358488920936,False,0.949639181906165,1.0060000261424789,1.1096807146300975,0.7046509025582021,-0.6163209217673156,,,,,
166,6,22,RP 6,RP,Grant Taylor,CHW,RP,33927,33.103,6.644,,,,4.506,20.639,95.191,3.438,1.223,0.95,0.0,1.19,119.0,SV+HLD Specialist,1.19,4.961091088514437,False,,,,,,-0.14487074556315002,2.0477170020190187,0.890614781960372,1.5642835585641506,0.695350730547775
167,6,23,RP 6,RP,Robert Suarez,ATL,RP,30115,28.474,7.612,,,,4.479,25.497,68.608,3.594,1.168,0.93,0.0,1.16,116.0,SV+HLD Specialist,1.16,4.954169977911139,False,,,,,,-0.14883851835425363,2.675894651262901,0.30357207310321194,1.0020930734741822,1.0518672859540867
168,6,11,1B 6,1B,Vinnie Pasquantino,KCR,1B/DH,27676,73.248,26.331,92.922,1.147,0.325,,,92.55,,,1.13,15.22,-14.09,-92.6,RBI Specialist,1.13,5.965670730141888,False,1.350780899569846,1.8863512741617292,2.138738698049761,-0.47221886865326146,0.6152536204982801,,,,,
169,6,31,OF 6,OF,Teoscar Hernández,LAD,OF,13066,70.638,25.702,83.005,5.815,0.31,,,145.892,,,1.03,10.2,-9.17,-89.9,Balanced,1.03,4.942082238209677,False,1.2561341285167569,1.8163327021969475,1.7752658040791838,0.009920211198620525,-0.346169305528139,,,,,
170,6,12,1B 6,1B,Sal Stewart,CIN,1B,31505,60.818,18.644,63.89,6.887,0.325,,,94.277,,,0.0,0.0,1.0,100.0,Balanced,1.0,3.9165923644361245,True,0.8999892491278074,1.0299634228483252,1.074679241054703,0.12068165442291137,0.5021672750651724,,,,,
171,6,12,SS 6,SS,Konnor Griffin,PIT,SS,sa3065496,53.446,10.514,46.131,18.384,0.317,,,99.537,,,0.0,0.0,1.0,100.0,Balanced,1.0,2.378879732096143,True,0.6325977046513469,0.12427848626138784,0.42379843558304964,1.308139432968593,0.031105346802120196,,,,,
172,6,61,SP 6,SP,Matthew Liberatore,STL,SP,22294,79.472,19.824,,,,17.662,0.0,124.192,4.354,1.301,0.0,0.0,1.0,100.0,Balanced,1.0,2.028477335257885,True,,,,,,1.7864445689365627,-0.6211034172977374,1.5310412710250796,-0.9029733665567483,-0.23313070323899687
173,6,12,C 6,C,Carter Jensen,KCR,C,29478,45.119,11.82,45.995,4.018,0.316,,,95.826,,,0.0,0.0,1.0,100.0,Balanced,1.0,0.9695001331937508,True,0.3306035298872083,0.2697856570540713,0.4188139325398523,-0.17569475651285368,0.02115778450036167,,,,,
174,6,62,SP 6,SP,Connelly Early,BOS,SP,33666,20.894,4.454,,,,5.657,0.8,47.122,3.751,1.246,0.0,0.0,1.0,100.0,Balanced,1.0,0.06587591071233101,True,,,,,,0.02414304568826405,-0.5176517106601844,-0.1709172929220512,0.5016639855269013,0.2673313517272147
175,6,12,2B 6,2B,Marcelo Mayer,BOS,2B,29668,49.391,11.01,46.796,5.317,0.299,,,102.229,,,0.0,0.0,1.0,100.0,Balanced,1.0,0.4873135047226327,True,0.4855555662608626,0.17955806527320126,0.4481565291309105,-0.041448821750360104,-0.7879017429259003,,,,,
176,6,32,OF 6,OF,Zac Veen,COL,OF,27770,13.717,2.965,12.22,3.682,0.296,,,30.971,,,0.0,0.0,1.0,100.0,Balanced,1.0,-2.909600463547795,True,-0.8082368164627108,-0.7167665524330982,-0.81905441255635,-0.21032913968825112,-0.27749878409902884,,,,,
177,6,13,2B 6,2B,JJ Wetherholt,STL,2B,sa3025154,57.669,10.187,45.887,11.834,0.327,,,86.271,,,0.0,0.0,1.0,100.0,Balanced,1.0,2.640412168727958,True,0.7857762700879216,0.08787105695654997,0.414870311014499,0.6316782444602111,0.5820346303878486,,,,,
178,6,63,SP 6,SP,Kodai Senga,NYM,SP,31838,60.145,15.255,,,,15.956,0.33,129.93,3.939,1.29,3.17,0.0,1.0,100.0,Balanced,1.0,3.616359172184806,True,,,,,,1.536098188373709,-0.5784408560833184,1.6577543225808458,0.7088010289952779,-0.0077962696929259135
179,6,64,SP 6,SP,Bubba Chandler,PIT,SP,29868,72.074,17.596,,,,17.876,0.341,135.652,4.163,1.285,0.2,2.25,-1.25,-55.6,Balanced,1.0,3.389407704924149,True,,,,,,1.8179145797856404,-0.5770619948221141,1.7841140439126844,-0.09192998052178691,0.07811318117605875
180,6,33,OF 6,OF,Luis Robert Jr.,NYM,OF,20043,66.142,19.548,61.178,28.986,0.297,,,146.453,,,0.0,8.1,-7.1,-87.7,SB Specialist,1.0,4.735359650184957,True,1.0930618438238369,1.130763429075429,0.9752823862521173,2.403214755950219,-1.1059999501855309,,,,,
181,6,13,SS 6,SS,Dansby Swanson,CHC,SS,18314,78.29,21.922,75.045,15.802,0.308,,,159.358,,,0.0,2.65,-1.65,-62.3,Balanced,1.0,5.168150247266775,True,1.533644249505388,1.395162914905209,1.483529438097213,1.0414716216771662,-0.6014151638887528,,,,,
182,7,24,RP 7,RP,Bradgley Rodriguez,SDP,RP,29107,21.93,4.71,,,,3.589,3.97,39.846,4.119,1.361,0.0,0.0,0.0,0.0,Balanced,0.0,-1.1673911820689409,False,,,,,,-0.2793780670187938,-0.10768087324209294,-0.3315787540554882,0.026086130215918137,-0.4158009085697582
183,7,25,RP 7,RP,Julian Fernández,WSN,RP,18341,20.043,5.374,,,,2.335,4.217,40.598,4.059,1.288,0.0,0.0,0.0,0.0,Balanced,0.0,-0.8600682319224069,False,,,,,,-0.4635753274221343,-0.0757496419479689,-0.3149766501587255,0.09236877272939649,0.006014916624422415
184,7,26,RP 7,RP,Yerry De los Santos,NYY,RP,21420,18.284,3.763,,,,1.422,2.355,30.289,4.032,1.367,0.0,0.0,0.0,0.0,Balanced,0.0,-1.8055784909672603,False,,,,,,-0.597519221618186,-0.3166191387734227,-0.5426295217486928,0.11365381635277835,-0.38232638459672075
185,7,27,RP 7,RP,Liam Hendriks,MIN,RP,3548,12.51,3.273,,,,1.502,4.543,23.868,4.334,1.317,0.0,0.0,0.0,0.0,Balanced,0.0,-1.7314450381065596,False,,,,,,-0.5858425660090256,-0.033708933817533336,-0.6844341904939341,-0.1294903800913381,-0.08593943240593085
186,7,28,RP 7,RP,Cody Laweryson,MIN,RP,26429,11.037,2.608,,,,0.689,0.652,18.396,4.253,1.326,0.0,0.0,0.0,0.0,Balanced,0.0,-2.3771835045740377,False,,,,,,-0.7052025316806063,-0.5367764408358922,-0.8052687104491166,-0.0680762180413713,-0.10243118307110131
187,7,29,RP 7,RP,Steven Cruz,KCR,RP,23165,20.324,4.615,,,,1.976,4.51,36.768,4.154,1.331,0.0,0.0,0.0,0.0,Balanced,0.0,-1.2113502470750288,False,,,,,,-0.5161584462635365,-0.03797100028625721,-0.3995639057668128,-0.015418910787457432,-0.22145954055044914
188,7,30,RP 7,RP,Trevor Williams,WSN,RP,16977,13.604,3.6,,,,1.635,0.565,20.368,4.529,1.335,0.0,0.0,0.0,0.0,Balanced,0.0,-2.444166202459802,False,,,,,,-0.5662286031899574,-0.5480861755897611,-0.7617141354084341,-0.27056986060107124,-0.1476796346007214
189,7,31,RP 7,RP,Yariel Rodríguez,TOR,RP,33838,17.607,4.389,,,,1.734,4.1,35.823,4.048,1.329,0.0,0.0,0.0,0.0,Balanced,0.0,-1.2152282406089212,False,,,,,,-0.5517607806111903,-0.09093855546382983,-0.4204214305479946,0.09275943237398923,-0.18936714867049276
190,7,3,DH 7,DH,Ryan Vilade,TBR,DH,22165,15.288,3.245,14.672,2.329,0.293,,,37.472,,,0.0,0.0,0.0,0.0,Balanced,0.0,-3.9720958238545587,False,-0.7512899030598058,-0.6855484072684662,-0.7291977499754133,-0.3501567339604622,-0.3749728022509637,,,,,
191,7,32,RP 7,RP,Justin Bruihl,STL,RP,23779,23.692,5.017,,,,2.149,8.75,42.598,4.139,1.346,0.0,0.0,0.0,0.0,Balanced,0.0,-0.7117310996196776,False,,,,,,-0.4908776207360849,0.5103444974664132,-0.27081699710956814,0.0014217252938387437,-0.3535598395319177
192,7,33,RP 7,RP,Brady Basso,ATH,RP,25582,17.887,4.427,,,,2.078,3.085,32.988,3.999,1.318,0.0,0.0,0.0,0.0,Balanced,0.0,-1.265930498152873,False,,,,,,-0.5012967971320575,-0.22212446999212787,-0.48303817116953046,0.14624597628242422,-0.13940059161124863
193,7,34,RP 7,RP,Austin Warren,NYM,RP,24937,19.224,5.024,,,,2.695,1.725,34.547,4.172,1.311,0.0,0.0,0.0,0.0,Balanced,0.0,-1.415178658586034,False,,,,,,-0.4106765836176985,-0.39807811691539186,-0.44860614084785927,-0.03452979534516331,-0.1080422431202733
194,7,35,RP 7,RP,José Buttó,SFG,RP,23313,30.001,6.844,,,,3.716,14.656,56.986,3.995,1.342,0.0,0.0,0.0,0.0,Balanced,0.0,0.955829745154979,False,,,,,,-0.26081344710008103,1.2741144379676055,0.046932873267845704,0.25238642539512746,-0.42604267829270315
195,7,36,RP 7,RP,Gregory Santos,SFG,RP,21894,16.654,2.879,,,,1.635,3.887,29.919,3.926,1.398,0.0,0.0,0.0,0.0,Balanced,0.0,-1.588106944886834,False,,,,,,-0.5662782223701924,-0.11847569450450401,-0.5507936582353026,0.21046394426545348,-0.5016290470860305
196,7,65,SP 7,SP,McCade Brown,COL,SP,30004,23.126,6.19,,,,3.314,0.58,33.739,5.246,1.449,0.0,0.0,0.0,0.0,Balanced,0.0,-3.3480087988299743,False,,,,,,-0.3197340215945817,-0.5461404439709843,-0.466444900528366,-1.1287341971963751,-0.7673946901319249
197,7,37,RP 7,RP,Zak Kent,MIN,RP,25703,12.567,2.527,,,,0.772,0.936,23.122,4.262,1.396,0.0,0.0,0.0,0.0,Balanced,0.0,-2.4418800544713326,False,,,,,,-0.6930384924075987,-0.5000996519769714,-0.7009060038706237,-0.08301023094625545,-0.34194600608345405
198,7,38,RP 7,RP,Jacob Webb,CHC,RP,19274,27.188,7.235,,,,3.048,9.0,50.244,4.195,1.291,0.0,0.0,0.0,0.0,Balanced,0.0,0.011680669220278994,False,,,,,,-0.35880251992580914,0.5427497802069677,-0.10196489972272696,-0.08281867545305666,-0.010083288885955175
199,7,66,SP 7,SP,Cal Quantrill,TEX,SP,19312,12.299,3.178,,,,1.407,0.0,14.776,5.133,1.394,0.0,0.0,0.0,0.0,Balanced,0.0,-3.156729392537747,False,,,,,,-0.5997055483970045,-0.6211034172977374,-0.8852185068681642,-0.550711061301281,-0.27196920036039957
200,7,39,RP 7,RP,David Morgan,SDP,RP,31616,28.562,7.009,,,,2.461,7.209,59.254,3.994,1.338,0.0,0.0,0.0,0.0,Balanced,0.0,-0.16746514594783837,False,,,,,,-0.445076768542196,0.31108720040173354,0.0970085992538782,0.24181257692609417,-0.37659932949750274
201,7,67,SP 7,SP,Mitch Farris,LAA,SP,33628,14.972,3.97,,,,2.669,0.054,22.449,4.894,1.415,0.0,0.0,0.0,0.0,Balanced,0.0,-2.8293702642978444,False,,,,,,-0.41449491165886343,-0.6140820377902951,-0.7157547065311494,-0.5336553709759069,-0.41791435179714664
202,7,34,OF 7,OF,Michael Conforto,CHC,OF/DH,16376,17.842,4.67,17.512,0.277,0.308,,,39.357,,,0.0,0.0,0.0,0.0,Balanced,0.0,-2.8862193196180908,False,-0.6586632205792176,-0.5267950818113237,-0.6251242584940626,-0.5620366942094284,-0.14001431221927543,,,,,
203,7,40,RP 7,RP,Justin Lawrence,PIT,RP,17639,27.728,5.147,,,,2.696,13.187,55.274,4.036,1.384,0.0,0.0,0.0,0.0,Balanced,0.0,0.14537533413713755,False,,,,,,-0.4104901446860461,1.0840671355075489,0.009104456168677577,0.1646740080257451,-0.7060527657327837
204,7,41,RP 7,RP,Coleman Crow,MIL,RP,sa3015142,7.576,1.878,,,,1.505,0.565,17.474,3.725,1.183,0.0,0.0,0.0,0.0,Balanced,0.0,-1.680482765592096,False,,,,,,-0.5854043611184883,-0.5480493221630747,-0.8256249479751022,0.19531633236165993,0.23625290345109903
205,7,42,RP 7,RP,Josh White,MIA,RP,sa3019953,18.924,4.246,,,,2.275,1.426,41.031,3.986,1.312,0.0,0.0,0.0,0.0,Balanced,0.0,-1.142348029365805,False,,,,,,-0.4723306170943787,-0.43670697359627414,-0.3054080260320065,0.16872928300644735,-0.11694055620977643
206,7,43,RP 7,RP,Kai-Wei Teng,HOU,RP,24282,24.526,5.268,,,,3.279,0.732,46.012,4.462,1.351,0.0,0.0,0.0,0.0,Balanced,0.0,-1.8949839946515932,False,,,,,,-0.32494447592618747,-0.526465498600361,-0.19542736889307663,-0.4095912425380397,-0.36863908378812615
207,7,44,RP 7,RP,Keider Montero,DET,RP,22630,30.375,8.286,,,,5.598,0.736,46.866,4.48,1.345,0.0,0.0,0.0,0.0,Balanced,0.0,-1.5856096301587768,False,,,,,,0.015420052523864905,-0.5259317058096179,-0.1765573266214834,-0.5337650633103261,-0.4073657074672442
208,7,45,RP 7,RP,Ricky Tiedemann,TOR,RP,sa3018096,11.512,2.681,,,,1.915,0.88,24.164,4.235,1.369,0.0,0.0,0.0,0.0,Balanced,0.0,-2.08645240608299,False,,,,,,-0.5252502068266055,-0.5073315873955491,-0.6778997896651869,-0.06001509177285339,-0.23537917649649234
209,7,46,RP 7,RP,Shane Drohan,MIL,RP,sa3014447,16.045,3.948,,,,2.681,0.957,32.222,4.152,1.298,0.0,0.0,0.0,0.0,Balanced,0.0,-1.5420571587800176,False,,,,,,-0.41266472728019354,-0.49732400705126883,-0.49994723069832975,-0.011072581521380577,-0.033580089650921484
210,7,47,RP 7,RP,Kyle Hurt,LAD,RP,27514,17.619,4.67,,,,2.902,1.248,35.844,4.114,1.348,0.0,0.0,0.0,0.0,Balanced,0.0,-1.5965153203024565,False,,,,,,-0.3803619069356316,-0.45973842562128653,-0.41996872619858816,0.02581885858470213,-0.2747981016269775
211,7,48,RP 7,RP,Dauri Moreta,,RP,21101,13.369,3.614,,,,1.419,1.732,31.688,3.909,1.26,0.0,0.0,0.0,0.0,Balanced,0.0,-1.2679432434319933,False,,,,,,-0.5979552244740975,-0.39713691919089994,-0.5117418352357878,0.18278517160111166,0.11136186025284277
212,7,49,RP 7,RP,Brandon Williamson,CIN,RP,25463,39.709,11.772,,,,5.956,1.275,59.64,4.694,1.359,0.0,0.0,0.0,0.0,Balanced,0.0,-2.0384851368107464,False,,,,,,0.06799142718059603,-0.4561901518378586,0.10552827427831422,-1.0842188992267865,-0.6406913764419514
213,7,50,RP 7,RP,Gavin Stone,LAD,RP,27792,12.992,3.274,,,,2.508,0.571,20.774,4.488,1.312,0.0,0.0,0.0,0.0,Balanced,0.0,-2.1545124600540393,False,,,,,,-0.4381965847549881,-0.5473194950044133,-0.7527616308596878,-0.2333249260223548,-0.07218377800347754
214,7,51,RP 7,RP,Manuel Rodríguez,TBR,RP,20794,5.443,1.114,,,,0.59,2.296,11.206,3.711,1.241,0.0,0.0,0.0,0.0,Balanced,0.0,-1.9447435553251853,False,,,,,,-0.7196403919082315,-0.3242361472422799,-0.9640332299428466,0.145478535881329,0.07704176854066429
215,7,52,RP 7,RP,Hayden Wesneski,HOU,RP,27581,12.194,3.746,,,,2.369,0.537,23.144,4.203,1.219,0.0,0.0,0.0,0.0,Balanced,0.0,-1.6215644435298493,False,,,,,,-0.45849053586650834,-0.5516269493775827,-0.7004179664988248,-0.042229361068417265,0.2224455809531411
216,7,68,SP 7,SP,Austin Gomber,TEX,SP,16561,14.752,4.234,,,,1.55,0.0,17.067,5.087,1.334,0.0,0.0,0.0,0.0,Balanced,0.0,-3.4502780871891052,False,,,,,,-0.5788361322366044,-0.6211034172977374,-0.8346083689184425,-0.6358589007433535,-0.14148074913857211
217,7,69,SP 7,SP,Brandon Walter,HOU,SP,26056,3.499,0.969,,,,0.6,0.028,6.52,3.96,1.1,0.0,0.0,0.0,0.0,Balanced,0.0,-2.3544652143704585,False,,,,,,-0.7181617990581503,-0.6174687125304597,-1.0675205608915608,0.03690239670097018,0.18248669792102468
218,7,35,OF 7,OF,Griffin Conine,MIA,OF,21626,37.862,10.714,40.749,1.439,0.294,,,112.04,,,0.0,0.0,0.0,0.0,Balanced,0.0,-0.9238273354017215,False,0.06740811194285595,0.14659307649932868,0.2265403927242748,-0.44200002848379344,-0.8918806825382033,,,,,
219,7,53,RP 7,RP,Nick Raquet,STL,RP,20333,14.432,3.308,,,,2.322,1.272,23.043,4.158,1.343,0.0,0.0,0.0,0.0,Balanced,0.0,-1.8983892755525509,False,,,,,,-0.46544852487716176,-0.4566310998554056,-0.7026417385956644,-0.014859740982073849,-0.20279703456896983
220,7,4,DH 7,DH,TJ Rumfield,COL,DH,sa3017330,26.436,5.392,26.23,1.468,0.317,,,48.835,,,0.0,0.0,0.0,0.0,Balanced,0.0,-2.6896268418790226,False,-0.3469639165152335,-0.44635672140443206,-0.3055699674401295,-0.43904290576426686,0.03406977920046119,,,,,
221,7,54,RP 7,RP,Brandon Eisert,CHW,RP,27668,26.496,7.005,,,,2.216,6.389,50.076,4.175,1.317,0.0,0.0,0.0,0.0,Balanced,0.0,-0.6249075546138884,False,,,,,,-0.4809508486429064,0.2050686849230345,-0.10567486707395884,-0.05201581570034673,-0.19137089396337104
222,7,55,RP 7,RP,Ryan Fernandez,STL,RP,24862,23.486,4.993,,,,2.882,5.074,47.174,4.168,1.375,0.0,0.0,0.0,0.0,Balanced,0.0,-1.2017988002592088,False,,,,,,-0.38320106357985034,0.03505943106916489,-0.16976013643869067,-0.036705378368956466,-0.525750086839785
223,7,56,RP 7,RP,Michael Darrell-Hicks,PIT,RP,31501,4.478,1.013,,,,0.285,0.59,6.332,4.694,1.465,0.0,0.0,0.0,0.0,Balanced,0.0,-3.0769574161945425,False,,,,,,-0.7644598706705484,-0.5448089361303153,-1.0716741785052109,-0.12232714107689785,-0.1830714220407736
224,7,57,RP 7,RP,Chris Devenski,PIT,RP,12763,7.883,2.144,,,,0.494,0.896,11.723,4.583,1.354,0.0,0.0,0.0,0.0,Balanced,0.0,-2.6223807033356,False,,,,,,-0.733740606826565,-0.5052800799766685,-0.9526228720239089,-0.17657096190175767,-0.12027849018414379
225,7,58,RP 7,RP,Daysbel Hernández,ATL,RP,20271,15.63,3.503,,,,2.127,4.062,31.681,4.253,1.46,0.0,0.0,0.0,0.0,Balanced,0.0,-1.9821106804285133,False,,,,,,-0.49413222791304096,-0.09582182846519174,-0.5118875839531576,-0.09614752601392695,-0.6855993695295974
226,7,59,RP 7,RP,Sam Benschoter,CIN,RP,sa3017639,4.172,1.454,,,,0.512,0.0,5.353,4.532,1.397,0.0,0.0,0.0,0.0,Balanced,0.0,-2.7957157831961377,False,,,,,,-0.7311540969550814,-0.6211034172977374,-1.093307042296522,-0.08345424416350437,-0.10795862828208264
227,7,60,RP 7,RP,Valente Bellozo,COL,RP,23899,9.249,2.742,,,,0.165,0.995,10.775,5.141,1.409,0.0,0.0,0.0,0.0,Balanced,0.0,-3.027362172253163,False,,,,,,-0.7820889635185987,-0.492447716804437,-0.9735687293610723,-0.41691826617023064,-0.23501850412485398
228,7,61,RP 7,RP,Luis Mey,CIN,RP,25620,16.821,3.702,,,,1.931,2.569,28.045,4.603,1.524,0.0,0.0,0.0,0.0,Balanced,0.0,-2.8629818999790864,False,,,,,,-0.5228834600107785,-0.28894503429574386,-0.5921907105961319,-0.3918362782294799,-0.9357127612060219
229,7,62,RP 7,RP,Corbin Martin,CHC,RP,19884,5.356,1.261,,,,0.73,0.871,8.497,4.687,1.466,0.0,0.0,0.0,0.0,Balanced,0.0,-2.757340974885949,False,,,,,,-0.6991688100035622,-0.5084791772405122,-1.0238630784231595,-0.14461943504845462,-0.2206902501779494
230,7,63,RP 7,RP,Josh Ekness,MIA,RP,sa3023204,7.275,1.616,,,,0.496,0.978,11.493,4.623,1.427,0.0,0.0,0.0,0.0,Balanced,0.0,-2.7279017017474367,False,,,,,,-0.7334464150005559,-0.49469228445504704,-0.957708618934556,-0.1758498573115224,-0.23586495146022565
231,7,64,RP 7,RP,Sam Bachman,LAA,RP,29754,22.238,4.549,,,,2.184,3.612,35.107,4.47,1.443,0.0,0.0,0.0,0.0,Balanced,0.0,-2.3734386313888827,False,,,,,,-0.48565439460364934,-0.15405297107650381,-0.4362417913243192,-0.37999124074875573,-0.8311284960383531
232,7,65,RP 7,RP,Génesis Cabrera,PHI,RP,17490,11.153,2.967,,,,0.603,1.219,17.887,4.628,1.376,0.0,0.0,0.0,0.0,Balanced,0.0,-2.61221477067275,False,,,,,,-0.7178281174111849,-0.4634668505922821,-0.8165156531394882,-0.27240876524908303,-0.22679107426340286
233,7,66,RP 7,RP,Casey Legumina,SEA,RP,25921,24.436,6.287,,,,2.96,3.483,44.749,4.274,1.333,0.0,0.0,0.0,0.0,Balanced,0.0,-1.2509584108607665,False,,,,,,-0.37178278003345244,-0.17066764668816264,-0.2233007069331058,-0.1777217120219271,-0.2679782869672817
234,7,67,RP 7,RP,Chad Green,,RP,15552,21.553,6.521,,,,1.65,2.083,34.055,4.581,1.307,0.0,0.0,0.0,0.0,Balanced,0.0,-1.9740525722327507,False,,,,,,-0.5640805918136281,-0.35168831650514465,-0.4594644202919111,-0.4800740678438044,-0.08864717132793593
235,7,68,RP 7,RP,Carson Palmquist,COL,RP,31612,15.448,4.066,,,,0.936,1.009,22.944,5.303,1.485,0.0,0.0,0.0,0.0,Balanced,0.0,-3.4695979406084785,False,,,,,,-0.6688476740199261,-0.4905892696172859,-0.7048279693562117,-0.7842036122389529,-0.6216090492606257
236,7,13,1B 7,1B,Wilmer Flores,,1B,5827,21.088,6.454,24.242,0.401,0.298,,,37.721,,,0.0,0.0,0.0,0.0,Balanced,0.0,-2.5316565410411362,False,-0.5409323135046343,-0.32799247006043514,-0.3784280086134557,-0.5492418449602469,-0.42729120369250567,,,,,
237,7,69,RP 7,RP,Tanner Rainey,DET,RP,17610,6.328,1.495,,,,0.125,0.864,11.093,4.591,1.432,0.0,0.0,0.0,0.0,Balanced,0.0,-2.7838982219818518,False,,,,,,-0.7879431019317922,-0.5093544370725972,-0.9665462911605263,-0.1439330191034509,-0.21428160771008725
238,7,70,RP 7,RP,Julian Merryweather,MIN,RP,16703,5.637,1.171,,,,0.181,3.125,8.103,5.361,1.521,0.0,0.0,0.0,0.0,Balanced,0.0,-3.1874600018945642,False,,,,,,-0.7796691770287512,-0.21700075747644726,-1.0325713434546167,-0.2971353942465666,-0.2657457499362713
239,7,71,RP 7,RP,Jake Eder,WSN,RP,27590,9.903,2.49,,,,0.709,0.928,14.652,4.605,1.383,0.0,0.0,0.0,0.0,Balanced,0.0,-2.769792305187453,False,,,,,,-0.7022785233021395,-0.5010418065974545,-0.8879413579063005,-0.23129578816040464,-0.21954786445691107
240,7,72,RP 7,RP,Dylan Coleman,NYY,RP,22276,2.937,0.625,,,,0.392,0.464,4.922,4.827,1.58,0.0,0.0,0.0,0.0,Balanced,0.0,-2.915556170188399,False,,,,,,-0.7487715483800765,-0.5611529782798262,-1.1028063253667955,-0.09680046638940162,-0.19297730970798196
241,7,73,RP 7,RP,Gavin Hollowell,CHC,RP,25427,10.921,2.588,,,,0.92,0.831,19.974,4.426,1.429,0.0,0.0,0.0,0.0,Balanced,0.0,-2.706072071117331,False,,,,,,-0.6711953365356628,-0.5136455492139608,-0.7704148921726327,-0.16320068924091785,-0.3761394862213766
242,7,70,SP 7,SP,Noah Schultz,CHW,SP,sa3020949,12.308,2.723,,,,2.859,0.0,18.132,4.618,1.499,0.0,0.0,0.0,0.0,Balanced,0.0,-3.2844681901772392,False,,,,,,-0.3866391736422911,-0.6211034172977374,-0.8110942425161106,-0.29470315043557127,-0.6099816174929438
243,7,74,RP 7,RP,Cole Sulser,TBR,RP,15256,24.707,6.539,,,,2.965,6.32,45.314,4.071,1.273,0.0,0.0,0.0,0.0,Balanced,0.0,-0.2349889932270385,False,,,,,,-0.3710296841914234,0.19611756947709996,-0.210843608225785,0.09637707987946088,0.10786155134229404
244,7,71,SP 7,SP,Walker Buehler,SDP,SP,19374,30.58,7.876,,,,5.102,0.441,42.12,4.893,1.418,1.31,0.0,0.0,0.0,Balanced,0.0,-2.9031876950746693,False,,,,,,-0.057283790705159904,-0.5641234937810254,-0.2813550710381864,-1.089467362049845,-0.8739723795013434
245,7,75,RP 7,RP,DL Hall,MIL,RP,22207,27.211,6.16,,,,2.681,5.355,52.712,4.041,1.346,0.0,0.0,0.0,0.0,Balanced,0.0,-0.5839678457538062,False,,,,,,-0.4127252245114802,0.07136574600718455,-0.04746150436811105,0.15491622951229106,-0.4123252894725433
246,7,76,RP 7,RP,Joe Jiménez,ATL,RP,15761,7.516,1.903,,,,0.696,1.235,18.229,3.817,1.193,0.0,0.0,0.0,0.0,Balanced,0.0,-1.8574799049565505,False,,,,,,-0.7040750899521886,-0.46138686129353496,-0.8089610112891524,0.14697190636679586,0.2075733256619326
247,7,77,RP 7,RP,Brennan Bernardino,COL,RP,16835,30.202,6.476,,,,3.057,9.467,50.912,4.481,1.453,0.0,0.0,0.0,0.0,Balanced,0.0,-1.6717869259863696,False,,,,,,-0.3576002090201135,0.603062417288559,-0.08721777950158002,-0.5325495849163455,-1.1997702478973957
248,7,78,RP 7,RP,Mason Barnett,ATH,RP,31741,17.936,4.287,,,,2.411,0.601,26.85,4.71,1.42,0.0,0.0,0.0,0.0,Balanced,0.0,-2.878092643602455,False,,,,,,-0.45231999443804677,-0.5433822559316068,-0.6185844783234674,-0.5022273511025469,-0.5432655651646764
249,7,72,SP 7,SP,JR Ritchie,ATL,SP,sa3020395,12.655,3.051,,,,2.976,0.0,18.909,4.575,1.4,0.0,0.0,0.0,0.0,Balanced,0.0,-2.528616739171055,False,,,,,,-0.36940605066065507,-0.6211034172977374,-0.7939334352027636,-0.2782593239976633,-0.33430407938897944
250,7,73,SP 7,SP,Ty Johnson,TBR,SP,sa3023410,5.955,1.627,,,,1.68,0.0,11.651,4.195,1.249,0.0,0.0,0.0,0.0,Balanced,0.0,-2.2686149595585388,False,,,,,,-0.559634830706414,-0.6211034172977374,-0.9542150663454793,-0.01796125695590568,0.06343563329392504
251,7,74,SP 7,SP,Jordan Montgomery,TEX,SP,16511,27.952,6.628,,,,5.89,0.491,40.16,4.505,1.352,0.0,0.0,0.0,0.0,Balanced,0.0,-1.764757968508653,False,,,,,,0.05836413179652853,-0.5576163721619771,-0.32463802346922527,-0.5248259004359094,-0.4204123824105401
252,7,79,RP 7,RP,Lyon Richardson,CIN,RP,24581,12.099,2.879,,,,1.467,0.842,18.752,4.662,1.458,0.0,0.0,0.0,0.0,Balanced,0.0,-2.798939722735252,False,,,,,,-0.5909263299484928,-0.5122676189866937,-0.7973982797111463,-0.3135906561413176,-0.4773143846023917
253,7,80,RP 7,RP,Kutter Crawford,BOS,RP,20531,38.151,11.418,,,,8.429,2.252,72.33,4.274,1.192,0.2,0.0,0.0,0.0,Balanced,0.0,1.3283925672892618,False,,,,,,0.43106876837747327,-0.3299406568315124,0.3857721413858932,-0.2766072481143081,0.954605095087875
254,7,75,SP 7,SP,Patrick Corbin,,SP,9323,54.022,13.943,,,,10.095,0.166,73.366,4.866,1.407,0.0,0.0,0.0,0.0,Balanced,0.0,-2.7274853267906525,False,,,,,,0.6756839868208693,-0.5995962747245854,0.40865469001295585,-1.8647458221567568,-1.420793179501651
255,7,81,RP 7,RP,Joel Hurtado,LAA,RP,sa3019774,3.654,0.808,,,,0.173,0.442,4.13,4.993,1.485,0.0,0.0,0.0,0.0,Balanced,0.0,-2.9258179613610436,False,,,,,,-0.7808726476726829,-0.5639164680402359,-1.1203153837821003,-0.14455580448168115,-0.15613630489751334
256,7,82,RP 7,RP,Joel Peguero,SFG,RP,21951,26.076,5.535,,,,2.409,9.866,40.977,4.331,1.428,0.0,0.0,0.0,0.0,Balanced,0.0,-1.414623958592772,False,,,,,,-0.45271636067069365,0.6546652318863102,-0.3066093487933578,-0.26650361938109424,-0.9124403027698162
257,7,83,RP 7,RP,Cole Wilcox,SEA,RP,27481,9.461,2.049,,,,0.694,1.047,14.855,4.31,1.38,0.0,0.0,0.0,0.0,Balanced,0.0,-2.5276513745990083,False,,,,,,-0.7044422425254663,-0.48574401383503213,-0.8834606890041281,-0.08660963522488807,-0.2167671638404547
258,7,84,RP 7,RP,William Kempner,MIA,RP,sa3020527,11.379,2.503,,,,0.677,1.135,19.159,4.707,1.457,0.0,0.0,0.0,0.0,Balanced,0.0,-2.8508668400924186,False,,,,,,-0.7068766652054601,-0.4743349687945131,-0.7884214837095048,-0.31712072594746116,-0.4419547528823473
259,7,85,RP 7,RP,Juan Burgos,ARI,RP,27271,13.934,3.071,,,,1.207,2.404,21.334,4.543,1.411,0.0,0.0,0.0,0.0,Balanced,0.0,-2.5105469470395247,False,,,,,,-0.6291888836066717,-0.3101768753060344,-0.7403751981971521,-0.2858263480984111,-0.4066230945666509
260,7,76,SP 7,SP,Josiah Gray,WSN,SP,24580,61.567,16.802,,,,9.287,0.0,81.956,5.368,1.425,0.0,0.0,0.0,0.0,Balanced,0.0,-4.816345000527342,False,,,,,,0.5570897419898392,-0.6211034172977374,0.598340020728084,-3.2597837096167535,-1.696851864770735
261,7,86,RP 7,RP,Ryan Thompson,ARI,RP,16647,29.842,6.166,,,,3.919,24.858,51.144,3.969,1.298,0.0,0.0,0.0,0.0,SV+HLD Specialist,0.0,2.5162156829131495,False,,,,,,-0.2310257907051261,2.593283492761416,-0.08208124137124352,0.2967998847953304,-0.06820814263294028
262,7,87,RP 7,RP,Jason Foley,SFG,RP,19531,11.078,2.285,,,,1.492,1.4,21.194,3.633,1.263,0.0,0.0,0.0,0.0,Balanced,0.0,-1.3621415108140371,False,,,,,,-0.5873252693237417,-0.44010183367647104,-0.7434756709121102,0.35745902161956156,0.08739075281181659
263,7,88,RP 7,RP,Michael Tonkin,MIN,RP,10315,15.326,4.025,,,,1.459,0.795,25.914,4.473,1.304,0.0,0.0,0.0,0.0,Balanced,0.0,-2.1115789378902594,False,,,,,,-0.5920552396999945,-0.5183088395855716,-0.6392520881092885,-0.26424233513876333,-0.05529104253672378
264,7,89,RP 7,RP,Phil Maton,CHC,RP,18064,28.107,6.59,,,,3.635,24.863,67.798,3.702,1.208,0.0,0.0,0.0,0.0,SV+HLD Specialist,0.0,4.127015641057756,False,,,,,,-0.2726442451330485,2.593990819933259,0.28568031388911597,0.7695792564012105,0.6774109210627866
265,7,90,RP 7,RP,Andrew Nardi,MIA,RP,25942,23.422,6.205,,,,2.775,9.173,61.36,3.789,1.241,0.0,0.0,0.0,0.0,Balanced,0.0,1.1117197498563247,False,,,,,,-0.3988619338386537,0.5650546378300457,0.14351568997824954,0.5018769819347993,0.32483930750043843
266,7,91,RP 7,RP,Jimmy Herget,COL,RP,17556,38.2,10.072,,,,3.095,11.096,65.116,4.49,1.332,0.0,0.0,0.0,0.0,Balanced,0.0,-0.29151352208604,False,,,,,,-0.3519813506665731,0.8137427249028181,0.22646658498677552,-0.6898429126674392,-0.3897594530586255
267,7,92,RP 7,RP,A.J. Minter,NYM,RP,18655,19.65,5.171,,,,3.026,17.959,52.813,3.417,1.185,0.0,0.0,0.0,0.0,Balanced,0.0,2.9015475255579886,False,,,,,,-0.3620380428026747,1.7011480240107288,-0.04522889901567339,0.961990814078196,0.659440085831755
268,7,93,RP 7,RP,Bryan Baker,TBR,RP,19804,28.577,8.055,,,,3.125,18.494,66.984,3.889,1.211,0.0,0.0,0.0,0.0,Balanced,0.0,2.8169181668037657,False,,,,,,-0.3475838875188185,1.7704098368842185,0.2677090553746367,0.4268509612327145,0.6303378512663316
269,7,94,RP 7,RP,Steven Okert,HOU,RP,13580,29.428,8.648,,,,3.319,12.111,68.51,3.968,1.197,0.0,0.0,0.0,0.0,Balanced,0.0,2.0775058675748705,False,,,,,,-0.31902203039890115,0.944997173873726,0.30140350885386075,0.2948940523615021,0.746974811797012
270,7,95,RP 7,RP,Tanner Banks,PHI,RP,16990,27.754,7.579,,,,3.193,10.845,55.078,3.917,1.213,0.0,0.0,0.0,0.0,Balanced,0.0,1.5078393017623521,False,,,,,,-0.3375587578790202,0.7812853301238264,0.004793827436770043,0.36498489441022797,0.5957229399012194
271,7,96,RP 7,RP,Drew Pomeranz,LAA,RP,11426,24.347,6.964,,,,2.841,14.451,57.555,3.801,1.221,0.0,0.0,0.0,0.0,Balanced,0.0,1.9101423780011901,False,,,,,,-0.3892130585152531,1.2475541086995263,0.059480512845047816,0.5028535629271997,0.4805287288309614
272,7,97,RP 7,RP,Graham Ashcraft,CIN,RP,27552,30.285,6.432,,,,4.784,17.372,54.115,4.05,1.331,0.0,0.0,0.0,0.0,Balanced,0.0,1.3494313736617867,False,,,,,,-0.10397367767864488,1.6252215598690953,-0.01647444372972657,0.15641290089723267,-0.33596640172410663
273,7,98,RP 7,RP,Braydon Fisher,TOR,RP,24609,22.74,5.928,,,,3.35,7.759,56.651,3.732,1.241,0.0,0.0,0.0,0.0,Balanced,0.0,1.0104512893945894,False,,,,,,-0.31450785941597836,0.38221715873255485,0.03953281339047786,0.5750566383693776,0.32467349848985777
274,7,99,RP 7,RP,Jared Koenig,MIL,RP,27517,26.504,6.588,,,,4.684,19.835,63.028,3.522,1.234,0.0,0.0,0.0,0.0,Balanced,0.0,3.6655370539413754,False,,,,,,-0.11861632712647098,1.9437670629147186,0.18033711593922613,1.0753680484807464,0.4553189583405642
275,7,100,RP 7,RP,Andrew Alvarez,WSN,RP,29914,25.822,5.344,,,,4.096,0.835,39.523,4.167,1.352,0.0,0.0,0.0,0.0,Balanced,0.0,-1.5590582771104695,False,,,,,,-0.2050241658434908,-0.5131345150305748,-0.33870939963711194,-0.03929274862692555,-0.4192542685704146
276,7,101,RP 7,RP,Sam Hentges,SFG,RP,18548,18.75,4.133,,,,1.793,4.17,44.209,3.555,1.246,0.0,0.0,0.0,0.0,Balanced,0.0,0.10767657028595985,False,,,,,,-0.5431612628683761,-0.08184169441362048,-0.23523664356013466,0.7145183786662996,0.24905890064350092
277,7,102,RP 7,RP,Jaden Hill,COL,RP,30250,24.005,5.556,,,,2.1,3.233,43.256,4.467,1.376,0.0,0.0,0.0,0.0,Balanced,0.0,-1.9767825287057,False,,,,,,-0.49808855012409037,-0.20298836051274166,-0.256279666708878,-0.406748884124568,-0.5074050659194075
278,7,103,RP 7,RP,Pierce Johnson,CIN,RP,13435,29.744,8.565,,,,3.445,14.091,63.857,4.187,1.316,0.0,0.0,0.0,0.0,Balanced,0.0,0.885121122605334,False,,,,,,-0.30052640756513066,1.2010075842431602,0.1986639129915317,-0.07725541432771754,-0.20218478921738764
279,7,104,RP 7,RP,Evan Phillips,LAD,RP,17734,8.113,2.199,,,,1.173,3.651,20.589,3.468,1.172,0.0,0.0,0.0,0.0,Balanced,0.0,-0.9533440037879831,False,,,,,,-0.634175758022603,-0.14899304731655805,-0.7568470115738418,0.3639597070764797,0.299984744869065
280,7,105,RP 7,RP,Brent Headrick,NYY,RP,27702,23.022,6.951,,,,1.959,5.621,49.712,3.972,1.233,0.0,0.0,0.0,0.0,Balanced,0.0,0.09223227765292204,False,,,,,,-0.5186849139908893,0.10575038103647531,-0.11372196292389272,0.22570581437798787,0.3552558204964065
281,7,106,RP 7,RP,Connor Prielipp,MIN,RP,sa3020808,29.142,6.627,,,,4.901,1.77,53.684,4.173,1.374,0.0,0.0,0.0,0.0,Balanced,0.0,-1.174596293365883,False,,,,,,-0.08683656340669452,-0.3922281203424226,-0.026001109892354272,-0.053884175075957046,-0.6429388387895675
282,7,107,RP 7,RP,Payton Tolle,BOS,RP,35466,24.494,7.2,,,,4.925,0.906,49.347,4.137,1.245,0.0,0.0,0.0,0.0,Balanced,0.0,-0.4919914600431133,False,,,,,,-0.08333386032856321,-0.5039197359459957,-0.12177347540162582,0.00395485359619882,0.2884348324742478
283,7,108,RP 7,RP,Cole Sands,MIN,RP,21461,31.676,7.517,,,,3.641,18.177,64.021,3.999,1.236,0.0,0.0,0.0,0.0,Balanced,0.0,2.506439705741522,False,,,,,,-0.2718661928985935,1.7294016712523497,0.20227008958948522,0.25886448392158373,0.467112127500664
284,7,109,RP 7,RP,Jake Bird,NYY,RP,21267,26.06,5.819,,,,2.975,9.41,53.733,4.049,1.319,0.0,0.0,0.0,0.0,Balanced,0.0,0.03649029473170064,False,,,,,,-0.36958221343072034,0.5957666025970582,-0.02492124439547777,0.1350984656743754,-0.20938822892503228
285,7,110,RP 7,RP,Yohan Ramírez,PIT,RP,19444,25.567,5.124,,,,2.521,6.52,49.819,4.253,1.353,0.0,0.0,0.0,0.0,Balanced,0.0,-0.961461235514901,False,,,,,,-0.43622752539258347,0.22204233877267343,-0.11135465042358286,-0.15787825005855585,-0.4141822225651529
286,7,77,SP 7,SP,Wade Miley,,SP,8779,18.487,4.458,,,,3.168,0.062,21.083,4.878,1.422,0.0,0.0,0.0,0.0,Balanced,0.0,-2.954935101562266,False,,,,,,-0.34124643186572007,-0.6130888185445543,-0.7459357325962009,-0.6477786589183361,-0.5478132517968585
287,7,111,RP 7,RP,José Suarez,ATL,RP,19911,15.739,4.039,,,,2.375,1.581,30.63,4.074,1.3,0.0,0.0,0.0,0.0,Balanced,0.0,-1.5204117985006234,False,,,,,,-0.4577073455512598,-0.41662891639283534,-0.5350903380956538,0.05868027180834557,-0.04386109553872199
288,7,112,RP 7,RP,Mason Fluharty,TOR,RP,31553,19.548,4.984,,,,2.432,3.557,41.475,4.004,1.293,0.0,0.0,0.0,0.0,Balanced,0.0,-0.8233434631144311,False,,,,,,-0.44922980584648503,-0.16114898847125636,-0.295600904004137,0.15313012498017659,-0.01570787930516068
289,7,113,RP 7,RP,Yaramil Hiraldo,BAL,RP,25215,16.603,4.786,,,,0.905,2.638,33.438,4.194,1.279,0.0,0.0,0.0,0.0,Balanced,0.0,-1.5573478220440258,False,,,,,,-0.6735177490543567,-0.28000103091460843,-0.4730808837964921,-0.049673995508269,0.04444680401177349
290,7,114,RP 7,RP,Ronel Blanco,HOU,RP,19407,9.525,2.763,,,,1.977,0.449,19.675,4.089,1.283,0.37,0.0,0.0,0.0,Balanced,0.0,-1.9009910303723694,False,,,,,,-0.5160893023762858,-0.5629794858305157,-0.7770243756739643,0.027715267923777993,0.01591600886921616
291,7,115,RP 7,RP,Blade Tidwell,SFG,RP,31701,18.442,4.614,,,,2.787,0.75,29.042,4.528,1.382,0.0,0.0,0.0,0.0,Balanced,0.0,-2.3458628513677042,False,,,,,,-0.3972177479847111,-0.5241045517075831,-0.570169404389891,-0.36539747897092684,-0.4102589118377186
292,7,116,RP 7,RP,Kendry Rojas,MIN,RP,sa3016746,16.004,3.481,,,,2.143,0.945,29.375,4.207,1.381,0.0,0.0,0.0,0.0,Balanced,0.0,-2.1002638343079822,False,,,,,,-0.4916449564020276,-0.49896650608906407,-0.5628157191044135,-0.059271620127522344,-0.3790484661951628
293,7,117,RP 7,RP,Sean Newcomb,CHW,RP,16943,34.354,7.663,,,,3.597,6.791,68.609,3.974,1.344,0.0,0.0,0.0,0.0,Balanced,0.0,0.2234341375908869,False,,,,,,-0.2782918767390329,0.25704934412702407,0.303585322986609,0.3315603026891259,-0.5104893928852037
294,7,118,RP 7,RP,Nick Mears,KCR,RP,25376,29.859,7.425,,,,3.279,13.874,57.033,4.206,1.303,0.0,0.0,0.0,0.0,Balanced,0.0,0.7585052760156878,False,,,,,,-0.32497486400402376,1.1729023851904374,0.04796194754503261,-0.10863190541255516,-0.10218195661979564
295,7,119,RP 7,RP,Emerson Hancock,SEA,RP,27470,35.342,9.254,,,,6.069,0.636,51.318,4.418,1.317,0.0,0.0,0.0,0.0,Balanced,0.0,-1.2307859864806527,False,,,,,,0.08469018975970076,-0.5389182068225873,-0.07824540012773776,-0.5154362752312215,-0.23853268007816883
296,7,120,RP 7,RP,DJ Herz,WSN,RP,26389,12.43,3.143,,,,1.585,1.346,28.496,4.042,1.338,0.0,0.0,0.0,0.0,Balanced,0.0,-1.7852788413486733,False,,,,,,-0.573604685174899,-0.4470131313518494,-0.5822179650257966,0.06996125850608259,-0.16131003353215412
297,7,78,SP 7,SP,Kohl Drake,ARI,SP,sa3021723,12.403,3.097,,,,2.79,0.0,20.093,4.455,1.382,0.0,0.0,0.0,0.0,Balanced,0.0,-2.4772650479738045,False,,,,,,-0.39674944862095424,-0.6211034172977374,-0.7677980402016745,-0.20322116227939724,-0.28019504767485276
298,7,121,RP 7,RP,Luke Little,CHC,RP,28036,8.629,1.465,,,,1.064,1.134,22.237,3.584,1.379,0.0,0.0,0.0,0.0,Balanced,0.0,-1.9281158192816386,False,,,,,,-0.6500553637209041,-0.47447591698780534,-0.7204407486259793,0.3099454584014481,-0.23378529035905152
299,7,122,RP 7,RP,Osvaldo Bido,NYY,RP,23150,9.416,2.657,,,,1.389,0.351,16.156,4.518,1.343,0.0,0.0,0.0,0.0,Balanced,0.0,-2.484017315194587,False,,,,,,-0.602351513203385,-0.5757555408460784,-0.8547305251710763,-0.182465853975834,-0.12127715051211296
300,7,79,SP 7,SP,Jon Gray,,SP,14916,25.133,6.977,,,,5.179,0.0,38.415,4.638,1.315,0.0,0.0,0.0,0.0,Balanced,0.0,-1.928737222461277,False,,,,,,-0.04604460597499509,-0.6211034172977374,-0.3631907675274433,-0.6242740470805663,-0.15038230437193958
301,7,123,RP 7,RP,Félix Bautista,BAL,RP,20666,3.89,0.918,,,,0.609,0.605,13.823,3.214,1.183,0.0,0.0,0.0,0.0,Balanced,0.0,-1.8992779973857046,False,,,,,,-0.7168849125797937,-0.5429226484422323,-0.9062482801335102,0.2593287222734574,0.14026486660252596
302,7,124,RP 7,RP,Matt Festa,CLE,RP,19330,29.074,7.293,,,,3.543,12.989,55.874,4.199,1.26,0.0,0.0,0.0,0.0,Balanced,0.0,0.9819364608687801,False,,,,,,-0.2861339092507973,1.0585569349346309,0.022365381135432155,-0.09514582491781641,0.22437034524439914
303,7,125,RP 7,RP,Ryan Brasier,TEX,RP,5615,19.539,4.919,,,,2.163,2.332,35.23,4.037,1.231,0.0,0.0,0.0,0.0,Balanced,0.0,-0.8273518221549703,False,,,,,,-0.4888284073133005,-0.31949755950098635,-0.43351010703058457,0.11502683427053702,0.308013893637137
304,7,126,RP 7,RP,Ryan Gusto,MIA,RP,26440,27.963,7.358,,,,3.974,1.067,43.468,4.669,1.359,0.0,0.0,0.0,0.0,Balanced,0.0,-2.207800536405387,False,,,,,,-0.22298983234398156,-0.4830853947028428,-0.251589207986249,-0.7332667306593977,-0.45368631007922317
305,7,36,OF 7,OF,Grant McCray,SFG,OF,25690,7.725,1.336,6.215,2.062,0.27,,,21.199,,,0.0,0.0,0.0,0.0,Balanced,0.0,-3.8697386739378397,False,-1.0255805758871992,-0.8982344151024911,-1.0391480764893504,-0.37769939356189214,-0.3452882646900893,,,,,
306,7,80,SP 7,SP,River Ryan,LAD,SP,29514,22.068,5.607,,,,3.603,0.6,34.27,4.481,1.362,0.0,0.0,0.0,0.0,Balanced,0.0,-2.1232768165067295,False,,,,,,-0.2774520207327467,-0.5434545403720199,-0.4547275869773919,-0.3887553351370065,-0.3873592372161425
307,7,127,RP 7,RP,Brenan Hanifee,DET,RP,22304,26.185,5.348,,,,2.363,10.097,41.135,3.917,1.299,0.0,0.0,0.0,0.0,Balanced,0.0,0.29122978795514537,False,,,,,,-0.45942522616401305,0.68459021435573,-0.3031091712625826,0.3452931450549189,-0.06614552550911644
308,7,128,RP 7,RP,Brock Burke,CIN,RP,17968,30.613,8.129,,,,3.377,12.223,54.699,4.226,1.303,0.0,0.0,0.0,0.0,Balanced,0.0,0.4254560730377351,False,,,,,,-0.31057796162043877,0.9593934154401548,-0.003577890556396723,-0.1435971780707609,-0.10823894975188413
309,7,129,RP 7,RP,Kevin Kelly,TBR,RP,25679,19.831,4.966,,,,2.157,4.641,36.142,3.945,1.209,0.0,0.0,0.0,0.0,Balanced,0.0,-0.27814313253482414,False,,,,,,-0.48959603658386,-0.020944458536566297,-0.413376909208453,0.2270553346552957,0.4433808361082044
310,7,81,SP 7,SP,Spencer Turnbull,,SP,16207,20.546,4.724,,,,3.222,0.0,26.824,4.874,1.452,0.0,0.0,0.0,0.0,Balanced,0.0,-3.0638279055332287,False,,,,,,-0.3332706624510145,-0.6211034172977374,-0.6191520149956499,-0.716239863360441,-0.745309254458681
311,7,130,RP 7,RP,Cade Povich,BAL,RP,30055,12.332,3.299,,,,1.772,0.554,23.553,4.284,1.317,0.0,0.0,0.0,0.0,Balanced,0.0,-2.1509831975381473,False,,,,,,-0.5461194761846974,-0.549508329929052,-0.6913903792774938,-0.09598583157799816,-0.08564637201835668
312,7,131,RP 7,RP,Tyler Alexander,TEX,RP,17735,40.406,11.169,,,,4.349,6.11,59.733,4.635,1.286,0.0,0.0,0.0,0.0,Balanced,0.0,-0.7551751266279512,False,,,,,,-0.16787833734521748,0.1690067663935672,0.10758421451878857,-0.9988868132332033,0.03091488623333158
313,7,82,SP 7,SP,Erick Fedde,CHW,SP,17425,57.744,14.907,,,,9.831,0.282,68.218,5.0,1.416,0.0,0.0,0.0,0.0,Balanced,0.0,-3.3736298964476967,False,,,,,,0.6369663460066884,-0.5846595162334216,0.2949618572088946,-2.297938430464288,-1.5948312429621243
314,7,132,RP 7,RP,Mason Montgomery,PIT,RP,29770,28.581,6.704,,,,2.469,13.349,63.79,3.978,1.349,0.0,0.0,0.0,0.0,Balanced,0.0,0.5463967968116531,False,,,,,,-0.4438245448516487,1.10508910595113,0.19717992605103893,0.2686355600279356,-0.4666560490285215
315,7,133,RP 7,RP,Yoendrys Gómez,TBR,RP,22872,29.188,7.795,,,,4.343,2.004,56.342,4.26,1.301,0.0,0.0,0.0,0.0,Balanced,0.0,-0.8183117295487856,False,,,,,,-0.16869910905141328,-0.36190766957019227,0.03269145692969421,-0.1902052813073633,-0.08831731872189556
316,7,83,SP 7,SP,Mitch Bratt,ARI,SP,sa3017719,6.658,1.861,,,,1.107,0.0,10.709,4.298,1.271,0.0,0.0,0.0,0.0,Balanced,0.0,-2.4015325839124895,False,,,,,,-0.6438701420616036,-0.6211034172977374,-0.9750151749652728,-0.056527196549401276,0.03093048368102803
317,7,134,RP 7,RP,Evan Sisk,PIT,RP,24995,22.455,4.29,,,,1.954,5.599,46.141,3.923,1.398,0.0,0.0,0.0,0.0,Balanced,0.0,-1.2401082067543558,False,,,,,,-0.5194526900637572,0.10296843870066888,-0.1925720190209678,0.2874746596692404,-0.6790684497925404
318,7,37,OF 7,OF,Matt Koperniak,STL,OF,sa3014834,3.91,0.414,3.666,0.18,0.283,,,7.477,,,0.0,0.0,0.0,0.0,Balanced,0.0,-4.269777682326321,False,-1.1639211011502097,-1.0008744002231034,-1.1325858846022783,-0.5721216911474154,-0.1276440947700777,,,,,
319,7,84,SP 7,SP,Alek Manoah,LAA,SP,26410,45.85,12.64,,,,8.083,0.0,66.965,4.825,1.424,0.0,0.0,0.0,0.0,Balanced,0.0,-2.832727941312459,False,,,,,,0.38025314932905946,-0.6211034172977374,0.2672961006754223,-1.5074658139847745,-1.390362601440916
320,7,135,RP 7,RP,Ian Hamilton,ATL,RP,19261,19.107,4.214,,,,1.792,4.135,41.748,3.906,1.334,0.0,0.0,0.0,0.0,Balanced,0.0,-0.9071348853613825,False,,,,,,-0.5432566843688281,-0.08645216154031408,-0.28957441537228473,0.2652182636050124,-0.23876888737596083
321,7,136,RP 7,RP,Anthony Bender,MIA,RP,19742,28.118,6.177,,,,3.267,18.646,55.972,3.89,1.298,0.0,0.0,0.0,0.0,Balanced,0.0,1.9056743045670428,False,,,,,,-0.3266909829890763,1.7899848254168464,0.024525112129184998,0.4180229602066439,-0.06710182149694877
322,7,137,RP 7,RP,Cristian Mena,ARI,RP,27974,11.845,2.843,,,,2.07,0.715,21.918,4.125,1.331,0.0,0.0,0.0,0.0,Balanced,0.0,-1.9983345416847538,False,,,,,,-0.5023750307267039,-0.5286020921762932,-0.7274918949072195,0.009961073270877195,-0.1284910748444619
323,7,138,RP 7,RP,Colin Selby,BAL,RP,24986,19.261,4.397,,,,1.695,1.455,40.675,3.97,1.32,0.0,0.0,0.0,0.0,Balanced,0.0,-1.3065239556356198,False,,,,,,-0.5574113629435733,-0.4329155965069846,-0.3132762484560776,0.1912792147156316,-0.1621034137248325
324,7,139,RP 7,RP,Jakob Junis,TEX,RP,13619,29.641,8.073,,,,3.301,6.912,52.94,4.016,1.22,0.0,0.0,0.0,0.0,Balanced,0.0,0.7989526770021858,False,,,,,,-0.3216622699152545,0.2727067487477449,-0.042415507107655834,0.2116672066656101,0.5620292383592735
325,7,140,RP 7,RP,Tim Herrin,CLE,RP,25139,23.903,5.164,,,,3.563,12.483,52.83,3.836,1.353,0.0,0.0,0.0,0.0,Balanced,0.0,0.7065473178798797,False,,,,,,-0.2831846508752877,0.9931338267089124,-0.04486673553614827,0.4384935829108126,-0.4348076681295018
326,7,85,SP 7,SP,Tanner Houck,BOS,SP,19879,12.277,2.619,,,,1.763,0.0,16.942,4.885,1.379,0.2,0.0,0.0,0.0,Balanced,0.0,-2.8517592501554136,False,,,,,,-0.5475278975313693,-0.6211034172977374,-0.837368761292871,-0.4331903126317686,-0.24649435176976572
327,7,141,RP 7,RP,Bryan Hudson,NYM,RP,19924,15.803,3.503,,,,1.452,3.675,32.252,3.911,1.321,0.0,0.0,0.0,0.0,Balanced,0.0,-1.311623433732343,False,,,,,,-0.5931680011975735,-0.14586102328928377,-0.49928694484236635,0.2146176604129188,-0.14007235903800255
328,7,142,RP 7,RP,Jason Alexander,HOU,RP,19666,27.02,7.004,,,,4.558,1.006,37.591,4.622,1.373,0.0,0.0,0.0,0.0,Balanced,0.0,-2.2263099690663646,False,,,,,,-0.1371941592529386,-0.49096323491545185,-0.38137402417627886,-0.6527371756628504,-0.5350499170300642
329,7,143,RP 7,RP,Eric Orze,MIN,RP,27626,30.519,7.199,,,,2.374,7.478,56.903,4.307,1.375,0.0,0.0,0.0,0.0,Balanced,0.0,-0.9874027911404474,False,,,,,,-0.4577458077560574,0.345817999021339,0.04508230622002892,-0.27445300246687687,-0.6644445810185465
330,7,144,RP 7,RP,Ryan Yarbrough,NYY,RP,16502,32.651,9.119,,,,4.001,4.394,51.218,4.275,1.255,0.0,0.0,0.0,0.0,Balanced,0.0,-0.2115082519177261,False,,,,,,-0.2189777252557448,-0.05285538811844547,-0.08045813065507966,-0.23895382165471588,0.2909542741199299
331,7,145,RP 7,RP,JT Brubaker,SFG,RP,17578,28.561,6.715,,,,2.783,5.913,47.524,4.256,1.336,0.0,0.0,0.0,0.0,Balanced,0.0,-0.9571837276557127,False,,,,,,-0.39781126971752273,0.1435163502918178,-0.16202662116249195,-0.17949400997961423,-0.3416486193218108
332,7,146,RP 7,RP,Justin Wilson,,RP,4301,18.385,4.667,,,,1.741,6.323,43.367,3.769,1.264,0.0,0.0,0.0,0.0,Balanced,0.0,-0.16923377052879246,False,,,,,,-0.5507406660504348,0.19657552179503043,-0.253830646594285,0.4184644954603941,0.13549604642566546
333,7,147,RP 7,RP,Pierson Ohl,COL,RP,30179,18.179,4.578,,,,1.383,1.838,27.21,4.606,1.3,0.0,0.0,0.0,0.0,Balanced,0.0,-2.119999776190736,False,,,,,,-0.6033149767533336,-0.38349062546100054,-0.6106146734600174,-0.42530865464900836,-0.04416152430834569
334,7,148,RP 7,RP,Ty Madden,DET,RP,30140,11.636,2.857,,,,1.679,0.532,19.233,4.412,1.363,0.0,0.0,0.0,0.0,Balanced,0.0,-2.4251020491061057,False,,,,,,-0.559806736209536,-0.5522820352007184,-0.7867784981682449,-0.16601470457557324,-0.21188196270016443
335,7,149,RP 7,RP,Cade Gibson,MIA,RP,31815,29.358,5.584,,,,2.955,6.818,48.188,4.022,1.37,0.0,0.0,0.0,0.0,Balanced,0.0,-0.7164957305785715,False,,,,,,-0.37257844854491395,0.260544885182723,-0.14735900024172865,0.1985397288509002,-0.6400723354302714
336,7,150,RP 7,RP,John King,MIA,RP,22051,21.506,4.25,,,,1.883,4.338,28.813,4.055,1.394,0.0,0.0,0.0,0.0,Balanced,0.0,-1.7143404090139525,False,,,,,,-0.5298492295437764,-0.06010762524926799,-0.5752176099642459,0.10483956863494025,-0.6037397474536375
337,7,86,SP 7,SP,Quinn Mathews,STL,SP,sa3023407,21.756,4.585,,,,5.328,0.0,36.085,4.419,1.525,0.0,0.0,0.0,0.0,Balanced,0.0,-2.8529417144451337,False,,,,,,-0.024118213194203295,-0.6211034172977374,-0.414642273072891,-0.3181455564583788,-1.2629607927054705
338,7,151,RP 7,RP,Andrew Chafin,MIN,RP,12988,22.902,4.9,,,,2.243,8.431,50.039,4.037,1.412,0.0,0.0,0.0,0.0,Balanced,0.0,-0.7542520109507289,False,,,,,,-0.47702241887045066,0.4690918061157231,-0.1064985681584882,0.13508279910638366,-0.7563355086864666
339,7,152,RP 7,RP,Brock Stewart,LAD,RP,16727,15.781,4.35,,,,1.621,8.45,38.6,3.915,1.25,0.0,0.0,0.0,0.0,Balanced,0.0,-0.16607369608624828,False,,,,,,-0.5682879459720205,0.47158089948515475,-0.3590965535576911,0.20942085506079616,0.17521969155165484
340,7,153,RP 7,RP,Jordan Romano,LAA,RP,16122,30.468,8.431,,,,2.677,17.378,60.283,4.406,1.292,0.0,0.0,0.0,0.0,Balanced,0.0,0.7435872103442901,False,,,,,,-0.41330728098400665,1.6260750076449926,0.11973214928017349,-0.4250516735237507,-0.020833709379754567
341,7,154,RP 7,RP,Taylor Rashi,ARI,RP,26344,10.726,2.603,,,,0.952,0.169,19.355,4.094,1.426,0.0,0.0,0.0,0.0,Balanced,0.0,-2.567996714580613,False,,,,,,-0.666498690283414,-0.599207697366014,-0.7840865635247023,0.027775081363602846,-0.389694684177419
342,7,155,RP 7,RP,Tyler Ferguson,ATH,RP,19481,26.537,6.113,,,,2.878,9.148,50.114,4.346,1.391,0.0,0.0,0.0,0.0,Balanced,0.0,-0.9091078758732221,False,,,,,,-0.38383524955208537,0.561863777630342,-0.10484012441993158,-0.29180078763861383,-0.6742117705509332
343,7,156,RP 7,RP,Alex Hoppe,SEA,RP,sa3020836,6.136,1.323,,,,0.455,0.703,10.332,4.264,1.44,0.0,0.0,0.0,0.0,Balanced,0.0,-2.6764431998571787,False,,,,,,-0.7395758517826689,-0.5301904102113458,-0.9833493516221474,-0.04117729022706136,-0.23612423643906919
344,7,87,SP 7,SP,Charlie Morton,,SP,4676,29.979,7.381,,,,6.153,0.322,51.91,4.857,1.426,0.0,0.0,0.0,0.0,Balanced,0.0,-2.4550765991296384,False,,,,,,0.09694231041774105,-0.5794792175439935,-0.0651765984702435,-1.0239693920920712,-0.9190322957362125
345,7,13,C 7,C,Sebastián Rivero,LAA,C,21735,2.085,0.247,2.376,0.106,0.24,,,5.244,,,0.0,0.0,0.0,0.0,Balanced,0.0,-4.448100813643697,False,-1.2301016689617121,-1.0194933244502444,-1.1798646289821604,-0.579682959949569,-0.1914369193593522,,,,,
346,7,157,RP 7,RP,Sawyer Gipson-Long,DET,RP,26048,19.236,5.236,,,,2.769,2.653,34.898,4.146,1.21,0.0,0.0,0.0,0.0,Balanced,0.0,-0.7876488575583027,False,,,,,,-0.39974876658362407,-0.27801482518161086,-0.44085275074656444,-0.00645740441382012,0.403933190525197
347,7,158,RP 7,RP,Erik Miller,SFG,RP,26252,25.108,5.218,,,,3.362,16.365,62.99,3.552,1.374,0.0,0.0,0.0,0.0,Balanced,0.0,1.708205309962274,False,,,,,,-0.31277118810775145,1.495056549915147,0.1795156231685961,0.9620563383776157,-0.6498550988188296
348,7,88,SP 7,SP,José Urquidy,PIT,SP,18413,52.24,13.477,,,,7.807,0.519,68.24,4.858,1.361,0.0,0.0,0.0,0.0,Balanced,0.0,-2.3492424968696697,False,,,,,,0.3397680087218904,-0.55397121524565,0.2954366446972961,-1.788269942042311,-0.8403506723532261
349,7,159,RP 7,RP,Matt Gage,SFG,RP,17381,25.333,5.474,,,,2.312,6.41,45.649,3.955,1.313,0.0,0.0,0.0,0.0,Balanced,0.0,-0.35352776883196946,False,,,,,,-0.4668548909915162,0.20778174367850463,-0.20344134003451753,0.2749837678542949,-0.1634663064045797
350,7,160,RP 7,RP,Yimi García,TOR,RP,12095,24.016,6.533,,,,2.557,16.69,57.719,3.787,1.204,0.0,0.0,0.0,0.0,Balanced,0.0,2.3160540230337445,False,,,,,,-0.4309866829831414,1.5371263528561248,0.06311760583759488,0.5183279271821664,0.593696501744508
351,7,161,RP 7,RP,Blake Treinen,LAD,RP,12572,26.53,6.662,,,,3.868,15.777,61.073,3.921,1.308,0.0,0.0,0.0,0.0,Balanced,0.0,1.426385520789753,False,,,,,,-0.23850977238673277,1.4189721979349723,0.1371734124587625,0.34368186832065817,-0.13514410676379573
352,7,162,RP 7,RP,Chase Silseth,LAA,RP,30074,25.972,6.353,,,,2.303,5.116,50.195,4.191,1.36,0.0,0.0,0.0,0.0,Balanced,0.0,-1.1087718058813838,False,,,,,,-0.46819519606709625,0.04047507444830993,-0.10303814027790462,-0.07303475105848029,-0.47454012318888344
353,7,163,RP 7,RP,Paul Blackburn,NYY,RP,14739,33.708,8.634,,,,3.837,6.291,53.537,4.445,1.318,0.0,0.0,0.0,0.0,Balanced,0.0,-0.9017694019291449,False,,,,,,-0.24309000440842998,0.19233806307051146,-0.02924070638298346,-0.5354730933484371,-0.23402372644139807
354,7,38,OF 7,OF,Nelson Velázquez,STL,OF/DH,23359,11.52,3.997,12.134,1.402,0.291,,,27.993,,,0.0,0.0,0.0,0.0,Balanced,0.0,-3.2201651117621397,False,-0.8879378334632356,-0.6017801262314595,-0.8221990475644849,-0.44582579954670865,-0.30212230371983345,,,,,
355,7,10,3B 7,3B,Paul DeJong,NYY,3B/SS,18015,7.302,2.717,8.473,0.58,0.264,,,21.909,,,0.0,0.0,0.0,0.0,Balanced,0.0,-3.766975613250117,False,-1.0408984324308566,-0.7443651217773073,-0.9563976293131606,-0.5307880771096886,-0.4054603829675668,,,,,
356,7,89,SP 7,SP,Tink Hence,STL,SP,sa3014709,6.939,1.682,,,,0.955,0.0,11.468,4.386,1.384,0.0,0.0,0.0,0.0,Balanced,0.0,-2.667289883620281,False,,,,,,-0.6661504752079184,-0.6211034172977374,-0.9582673223511404,-0.0902427580026339,-0.1624406777836651
357,7,164,RP 7,RP,Austin Peterson,CLE,RP,sa3020868,14.284,4.117,,,,2.069,0.967,18.97,4.556,1.31,0.0,0.0,0.0,0.0,Balanced,0.0,-2.2059862679259354,False,,,,,,-0.5026438257533618,-0.49606892157962335,-0.7925951969796406,-0.30213149586564225,-0.06881877109490123
358,7,11,3B 7,3B,Charlie Condon,COL,3B,sa3025257,18.848,5.228,20.217,1.188,0.31,,,49.001,,,0.0,0.0,0.0,0.0,Balanced,0.0,-2.419384585378074,False,-0.6221565570768839,-0.46465178884764047,-0.5259656336163354,-0.4679871774964679,-0.10999366827076286,,,,,
359,7,90,SP 7,SP,Marcus Stroman,,SP,13431,32.441,7.027,,,,6.108,0.001,40.017,4.782,1.444,0.0,0.0,0.0,0.0,Balanced,0.0,-3.0318803288936866,False,,,,,,0.09030684607861533,-0.6209513794557695,-0.3278157871706674,-1.0085944607217385,-1.143417952046562
360,7,14,SS 7,SS,Nick Allen,HOU,SS,22277,12.882,1.01,9.289,2.783,0.282,,,27.494,,,0.0,0.0,0.0,0.0,Balanced,0.0,-3.708706297872585,False,-0.8385345183203002,-0.9345137276885391,-0.9264975746979329,-0.3032579864219289,-0.5197437939517571,,,,,
361,7,165,RP 7,RP,Angel Zerpa,MIL,RP,22717,26.5,6.138,,,,3.459,12.079,54.562,3.72,1.277,0.0,0.0,0.0,0.0,Balanced,0.0,1.389868845154185,False,,,,,,-0.29853136419414134,0.9408598400905522,-0.006612113854368515,0.6918603507714556,0.09884202049866557
362,7,166,RP 7,RP,Mark Leiter Jr.,ATH,RP,15551,31.275,8.251,,,,4.176,22.462,67.137,4.146,1.318,0.0,0.0,0.0,0.0,SV+HLD Specialist,0.0,2.0900710348795135,False,,,,,,-0.19332989395732392,2.2834405708245646,0.27107894238533914,-0.010625960150270966,-0.2335905044417048
363,7,167,RP 7,RP,Danny Coulombe,BOS,RP,13293,21.976,5.577,,,,2.355,10.602,47.465,3.765,1.265,0.0,0.0,0.0,0.0,Balanced,0.0,0.8292254773965795,False,,,,,,-0.46060111265419884,0.7498197451086429,-0.1633405679327199,0.5062279673241814,0.15484868985124559
364,7,168,RP 7,RP,Wandy Peralta,SDP,RP,14295,26.345,5.734,,,,3.329,8.787,48.76,3.824,1.338,0.0,0.0,0.0,0.0,Balanced,0.0,0.27480942301957745,False,,,,,,-0.31764942881547586,0.5150842360691015,-0.1347340696780425,0.5041790027406499,-0.36137368207352133
365,7,91,SP 7,SP,Griffin Canning,SDP,SP,19867,53.631,14.939,,,,10.925,0.951,87.57,4.459,1.352,0.0,0.0,0.0,0.0,Balanced,0.0,-0.36828590117196136,False,,,,,,0.7974917341825072,-0.49812469623738337,0.7223081381067179,-0.8879157477280765,-0.8145076079904362
366,7,169,RP 7,RP,Caleb Thielbar,CHC,RP,10078,27.024,7.6,,,,3.699,20.24,61.681,3.74,1.192,0.0,0.0,0.0,0.0,Balanced,0.0,3.40253839029887,False,,,,,,-0.2632224729807237,1.99612220465795,0.15059996096798278,0.6697240502067128,0.7715646621754514
367,7,14,1B 7,1B,Rowdy Tellez,,1B,15679,21.538,8.557,27.099,0.837,0.287,,,50.464,,,0.0,0.0,0.0,0.0,Balanced,0.0,-2.2743372709525107,False,-0.5246011486177867,-0.09377951129442172,-0.27373511932747235,-0.5042167336820074,-0.6852210172450601,,,,,
368,7,170,RP 7,RP,Aaron Bummer,ATL,RP,16258,26.834,4.42,,,,3.566,8.959,61.185,3.697,1.295,0.0,0.0,0.0,0.0,Balanced,0.0,1.172611932583055,False,,,,,,-0.2827559881347955,0.5374152143665327,0.13964893234015008,0.7444581848680906,-0.040865673353771226
369,7,92,SP 7,SP,Tomoyuki Sugano,COL,SP,35321,73.236,21.891,,,,12.363,0.0,73.373,5.288,1.408,0.0,0.0,0.0,0.0,Balanced,0.0,-4.65790449257677,False,,,,,,1.0086330902673322,-0.6211034172977374,0.40880706367202435,-3.6810999327732876,-1.7911338255810039
370,7,171,RP 7,RP,Colin Rea,CHC,RP,12317,44.009,12.451,,,,8.652,0.834,68.079,4.342,1.284,0.0,0.0,0.0,0.0,Balanced,0.0,0.04059764002269276,False,,,,,,0.4637807267555119,-0.5132846442529714,0.29188125931903214,-0.4736969002542923,0.06348134260144478
371,7,172,RP 7,RP,Stephen Kolek,KCR,RP,21487,35.032,6.946,,,,7.164,1.422,48.881,4.288,1.354,0.0,0.0,0.0,0.0,Balanced,0.0,-0.9816178209746956,False,,,,,,0.24534623198998431,-0.4371647319488009,-0.1320531766039975,-0.2795036872557824,-0.5712591365221368
372,7,93,SP 7,SP,Trevor McDonald,SFG,SP,26448,31.58,6.956,,,,6.772,0.792,50.576,4.148,1.342,0.0,0.0,0.0,0.0,Balanced,0.0,-1.0096248506867365,False,,,,,,0.18781881140208329,-0.5186775290247593,-0.09462446432064656,-0.013294349214310002,-0.4352158348175777
373,7,173,RP 7,RP,Justin Topa,MIN,RP,15145,29.497,5.776,,,,2.759,18.38,50.792,3.999,1.318,0.0,0.0,0.0,0.0,Balanced,0.0,1.2926448980924892,False,,,,,,-0.40134582889657416,1.7556089834858526,-0.0898633395532324,0.24148640585625222,-0.2267252977339807
374,7,94,SP 7,SP,Alex Cobb,,SP,6562,20.271,4.778,,,,5.498,0.717,33.518,3.96,1.266,0.0,0.0,0.0,0.0,Balanced,0.0,-0.7873933783838196,False,,,,,,0.0008528594625502125,-0.528402695741379,-0.4713164409907573,0.21285382538350972,0.13275930128873528
375,7,95,SP 7,SP,Ryan Bergert,KCR,SP,29863,33.32,8.506,,,,4.278,0.972,51.534,4.588,1.368,0.0,0.0,0.0,0.0,Balanced,0.0,-2.0851483682228125,False,,,,,,-0.17821806433189075,-0.4953605599256285,-0.07348206704642382,-0.7526046593956317,-0.6195075048669346
376,7,5,DH 7,DH,Junior Perez,ATH,DH,sa3005744,5.493,1.394,4.818,1.566,0.278,,,16.281,,,0.0,0.0,0.0,0.0,Balanced,0.0,-4.971256710144337,False,-1.1065052515670095,-0.8917249717295361,-1.090363845258205,-0.42888560753729393,-0.20470169730256146,,,,,
377,7,174,RP 7,RP,Yennier Cano,BAL,RP,25911,25.756,5.869,,,,3.226,18.129,51.372,3.85,1.317,0.0,0.0,0.0,0.0,Balanced,0.0,1.5128941573890915,False,,,,,,-0.33267317705587646,1.723170209385608,-0.07705953556368329,0.4485101978360743,-0.2028316029499605
378,7,96,SP 7,SP,Hayden Birdsong,SFG,SP,31635,22.283,5.77,,,,2.953,1.197,41.11,4.526,1.395,0.0,0.0,0.0,0.0,Balanced,0.0,-2.1563305886309414,False,,,,,,-0.37284709676926353,-0.46637592173292475,-0.3036656663652673,-0.4401329030305674,-0.5670776523940756
379,7,97,SP 7,SP,Jonathan Cannon,CHW,SP,31730,54.139,14.541,,,,7.848,0.7,68.182,4.954,1.4,0.0,0.0,0.0,0.0,Balanced,0.0,-3.1002492024873667,False,,,,,,0.34577515918111656,-0.5306044099688174,0.2941558226355614,-2.058752111010559,-1.316063744102596
380,7,98,SP 7,SP,Jake Irvin,WSN,SP,21504,62.74,17.628,,,,11.806,0.463,80.044,4.873,1.353,0.0,0.0,0.0,0.0,Balanced,0.0,-1.857527844992096,False,,,,,,0.9268128236874291,-0.5612831937207852,0.5561038090854282,-2.183753898942943,-0.8904097388733343
381,7,15,1B 7,1B,Deyvison De Los Santos,MIA,1B/3B,sa3015168,8.226,2.35,9.037,1.038,0.279,,,20.178,,,0.0,0.0,0.0,0.0,Balanced,0.0,-3.5526906999349515,False,-1.007412109616457,-0.7852065036107027,-0.9357214708808853,-0.48344725883278394,-0.33060112310018386,,,,,
382,7,175,RP 7,RP,Kody Funderburk,MIN,RP,24993,28.443,5.177,,,,3.489,16.841,57.926,3.866,1.342,0.0,0.0,0.0,0.0,Balanced,0.0,1.30001523371491,False,,,,,,-0.2941302309886771,1.5566612552053394,0.06768660729574887,0.46599708990890204,-0.4219680176562188
383,7,176,RP 7,RP,Chris Martin,TEX,RP,11847,21.505,5.8,,,,3.0,21.443,50.782,3.464,1.143,0.0,0.0,0.0,0.0,SV+HLD Specialist,0.0,3.7362813398124706,False,,,,,,-0.365912155721027,2.1516915100744436,-0.09009079588488533,0.9709341441528634,0.9912164792388085
384,7,12,3B 7,3B,Yoán Moncada,LAA,3B/DH,17232,42.251,11.928,42.236,1.343,0.316,,,100.313,,,0.0,0.0,0.0,0.0,Balanced,0.0,0.43294901028655247,False,0.22659979560781024,0.28178406628335845,0.2810364043046453,-0.4519238968348973,-0.0014277544068290046,,,,,
385,7,177,RP 7,RP,Brant Hurter,DET,RP,30133,21.547,4.532,,,,2.909,6.263,43.964,3.642,1.245,0.0,0.0,0.0,0.0,Balanced,0.0,0.55746176190738,False,,,,,,-0.379268229738143,0.18876330654397708,-0.24064701261401447,0.6816594027261272,0.2906270526907692
386,7,14,C 7,C,Yohel Pozo,STL,C,18848,16.663,4.381,19.321,0.785,0.276,,,23.367,,,0.0,0.0,0.0,0.0,Balanced,0.0,-3.1838986039730375,False,-0.7014151130256221,-0.5590181076746387,-0.558797382337632,-0.5095574233242903,-0.7755899216461531,,,,,
387,7,39,OF 7,OF,Eloy Jiménez,TOR,OF,17484,2.547,0.649,3.287,0.044,0.297,,,5.581,,,0.0,0.0,0.0,0.0,Balanced,0.0,-4.3447106149847885,False,-1.2133410992508356,-0.97469915192173,-1.1464801868351915,-0.5861062581068611,-0.058713367409270745,,,,,
388,7,99,SP 7,SP,Germán Márquez,SDP,SP,15038,63.186,16.588,,,,9.546,0.433,73.324,5.238,1.453,0.0,0.0,0.0,0.0,Balanced,0.0,-4.696953827333353,False,,,,,,0.5950689671928293,-0.5651296569847007,0.40772719817514785,-3.066799365348252,-2.153252309551747
389,7,15,SS 7,SS,Blaze Alexander,BAL,SS,23789,34.483,7.323,30.152,5.473,0.304,,,94.24,,,0.0,0.0,0.0,0.0,Balanced,0.0,-0.95192679942315,False,-0.055124585562592664,-0.2311963898101243,-0.16185868153805733,-0.025351456195410512,-0.4330663499533959,,,,,
390,7,13,3B 7,3B,Brock Wilken,MIL,3B,sa3022499,4.826,1.522,5.568,0.08,0.289,,,15.735,,,0.0,0.0,0.0,0.0,Balanced,0.0,-4.003992795813047,False,-1.1307158499055927,-0.8775107002943945,-1.0628746774825473,-0.5824165167547952,-0.14672383968633682,,,,,
391,7,178,RP 7,RP,Michel Otañez,TEX,RP,22533,9.425,2.116,,,,0.899,1.778,21.332,4.307,1.413,0.0,0.0,0.0,0.0,Balanced,0.0,-2.3487512686069736,False,,,,,,-0.6742919844287936,-0.39123791402595115,-0.7404348226724398,-0.0843945738365049,-0.29495205551956827
392,7,14,2B 7,2B,Garrett Hampson,CIN,2B/OF,19262,5.783,0.443,4.134,1.884,0.283,,,15.268,,,0.0,0.0,0.0,0.0,Balanced,0.0,-3.799473535634691,False,-1.096009132468847,-0.9976957687270032,-1.1154322304897215,-0.39608044697324174,-0.2083723233522167,,,,,
393,7,15,2B 7,2B,Nicky Lopez,COL,2B/SS,19339,3.758,0.031,2.738,0.332,0.314,,,4.753,,,0.0,0.0,0.0,0.0,Balanced,0.0,-3.9604144334335256,False,-1.1694290158989675,-1.0435772399964274,-1.1665985207357208,-0.5563906865525132,-0.008565481675648473,,,,,
394,7,16,1B 7,1B,Christian Encarnacion-Strand,CIN,1B,30011,11.092,2.786,12.067,0.317,0.283,,,23.823,,,0.0,0.0,0.0,0.0,Balanced,0.0,-3.8165122003651577,False,-0.9034493573852981,-0.7366836889420301,-0.8246656435557143,-0.5578851541958534,-0.33531759415287005,,,,,
395,7,17,1B 7,1B,Jeimer Candelario,LAA,1B/3B/DH,13621,11.832,3.383,12.443,0.693,0.272,,,33.2,,,0.0,0.0,0.0,0.0,Balanced,0.0,-3.4462638387235724,False,-0.8766115558834832,-0.6702000243574273,-0.810899618974648,-0.5190390143619115,-0.585653661007116,,,,,
396,7,14,3B 7,3B,Tyler Wade,TEX,3B/OF,15730,7.287,0.228,4.546,2.636,0.283,,,18.197,,,0.0,0.0,0.0,0.0,Balanced,0.0,-3.6756501489380438,False,-1.0414522340915764,-1.0216249638392247,-1.1003269872233727,-0.3184422899845413,-0.2651224616620151,,,,,
397,7,18,1B 7,1B,Dominic Smith,ATL,1B,15653,25.07,5.296,25.44,1.684,0.305,,,47.999,,,0.0,0.0,0.0,0.0,Balanced,0.0,-1.9945496679933314,False,-0.39651592758540877,-0.4570650509784254,-0.3345204009241128,-0.41671523484983986,-0.27648241229580295,,,,,
398,7,19,1B 7,1B,Michael Toglia,CIN,1B,25845,6.811,2.611,7.663,0.652,0.279,,,23.432,,,0.0,0.0,0.0,0.0,Balanced,0.0,-3.944571803998355,False,-1.058724535395954,-0.7561318068543482,-0.9860832769960155,-0.5233595328166021,-0.2747558826303886,,,,,
399,7,16,2B 7,2B,Adam Frazier,LAA,2B/OF,15223,25.327,3.841,21.813,4.083,0.289,,,47.145,,,0.0,0.0,0.0,0.0,Balanced,0.0,-2.2671605657106073,False,-0.3871770980087637,-0.6191249018387736,-0.46745636407103736,-0.1689345859926647,-0.7833557348223079,,,,,
400,7,15,C 7,C,Garrett Stubbs,PHI,C,18067,3.376,0.337,2.641,0.214,0.279,,,6.724,,,0.0,0.0,0.0,0.0,Balanced,0.0,-4.303031467157999,False,-1.1832849376067625,-1.009452538684068,-1.1701334863130473,-0.5685738668968734,-0.12523884287036452,,,,,
401,7,20,1B 7,1B,Jared Young,NYM,1B,20404,4.61,0.932,4.261,0.273,0.3,,,9.539,,,0.0,0.0,0.0,0.0,Balanced,0.0,-4.144658146339402,False,-1.1385546639820823,-0.9432146353878572,-1.1107750187125223,-0.5625062394376144,-0.06741376866574682,,,,,
402,7,6,DH 7,DH,Petey Halpin,CLE,DH,27931,4.561,0.844,3.536,0.718,0.272,,,12.448,,,0.0,0.0,0.0,0.0,Balanced,0.0,-5.156949639935326,False,-1.140331398976101,-0.9529955113236536,-1.1373266601069665,-0.5165099152731818,-0.20631016517866865,,,,,
403,7,100,SP 7,SP,Tanner Gordon,COL,SP,27669,41.583,12.188,,,,6.199,0.779,47.571,5.431,1.413,0.0,0.0,0.0,0.0,Balanced,0.0,-3.985393171727887,False,,,,,,0.10371136485749925,-0.5203651573464618,-0.1609820886880082,-2.287470974638627,-1.035084241214194
404,7,179,RP 7,RP,Eduard Bazardo,SEA,RP,20997,28.637,7.772,,,,3.375,12.2,64.49,3.734,1.191,0.0,0.0,0.0,0.0,Balanced,0.0,2.5594088516603812,False,,,,,,-0.3108524819371238,0.9564888481761842,0.2126226651505419,0.7205097324628267,0.8238841869148926
405,7,180,RP 7,RP,Justin Martinez,ARI,RP,24453,9.655,1.51,,,,1.007,4.845,29.013,3.364,1.331,0.0,0.0,0.0,0.0,Balanced,0.0,-0.9721152263602416,False,,,,,,-0.6584759441300244,0.005389319140092531,-0.570807607106859,0.5156743645867906,-0.12874287644827842
406,7,181,RP 7,RP,Jovani Morán,BOS,RP,20422,21.903,4.548,,,,2.418,4.563,49.062,3.874,1.35,0.0,0.0,0.0,0.0,Balanced,0.0,-0.6769759396570552,False,,,,,,-0.4513188026948425,-0.031118732748711696,-0.12806275338752363,0.3475804682927337,-0.3739494263431412
407,7,182,RP 7,RP,Juan Mejia,COL,RP,23237,35.121,7.877,,,,2.533,17.022,65.211,4.547,1.413,0.0,0.0,0.0,0.0,Balanced,0.0,-0.38402879948648944,False,,,,,,-0.43446442966884674,1.5800172760057305,0.22854681668014484,-0.7274472688508749,-1.0396496230272483
408,7,183,RP 7,RP,Josh Sborz,TEX,RP,18323,23.512,5.558,,,,2.058,6.676,48.189,4.134,1.303,0.0,0.0,0.0,0.0,Balanced,0.0,-0.4822539385972804,False,,,,,,-0.5041735058067619,0.2422146114381606,-0.14734795867223088,0.007356540701819936,-0.08447318310559265
409,7,7,DH 7,DH,Brice Matthews,HOU,DH,33280,8.079,2.061,7.091,2.815,0.292,,,23.173,,,0.0,0.0,0.0,0.0,Balanced,0.0,-4.572383214819857,False,-1.012710762048099,-0.8174217310650479,-1.007025886436556,-0.2999610476441683,-0.18793226202833446,,,,,
410,7,184,RP 7,RP,Keaton Winn,SFG,RP,23499,18.847,4.277,,,,2.29,3.52,34.307,4.068,1.284,0.0,0.0,0.0,0.0,Balanced,0.0,-1.1409531098530477,False,,,,,,-0.4701592641510158,-0.1659002356878923,-0.45390609420676187,0.0772915442042681,0.02670338084801143
411,7,185,RP 7,RP,Ben Joyce,LAA,RP,31461,18.944,4.37,,,,2.074,17.839,46.618,3.694,1.264,0.0,0.0,0.0,0.0,Balanced,0.0,1.5521703887098546,False,,,,,,-0.5017923723647129,1.685675403764517,-0.18203836172014873,0.5299038111466847,0.14566720277574025
412,7,186,RP 7,RP,Justin Slaten,BOS,RP,25648,29.041,7.139,,,,4.121,13.447,56.143,3.987,1.254,0.0,0.0,0.0,0.0,Balanced,0.0,1.5614552703802815,False,,,,,,-0.2013262156952038,1.1177705640393505,0.028310162153001316,0.2585258776917604,0.2815301425936065
413,7,187,RP 7,RP,Tobias Myers,NYM,RP,22191,30.42,8.387,,,,3.933,5.139,53.831,4.006,1.28,0.2,0.0,0.0,0.0,Balanced,0.0,0.13502129020031953,False,,,,,,-0.22888761508345876,0.043473779588167595,-0.022741638576629013,0.23501944905005664,0.08280830332890834
414,7,40,OF 7,OF,John Rave,KCR,OF,26284,12.129,2.31,9.733,3.074,0.287,,,28.303,,,0.0,0.0,0.0,0.0,Balanced,0.0,-3.3621045169189534,False,-0.8658329145235651,-0.7896983871773215,-0.9102011818072906,-0.27311661191923153,-0.35589861049542537,,,,,
415,7,188,RP 7,RP,Erik Sabrowski,CLE,RP,24978,26.719,6.197,,,,2.433,19.456,70.585,3.747,1.344,0.0,0.0,0.0,0.0,Balanced,0.0,2.0494304856179237,False,,,,,,-0.44916814887696216,1.8947300226759605,0.34722823058327346,0.6485557960504164,-0.4198284351943494
416,7,189,RP 7,RP,Brendon Little,TOR,RP,21574,22.237,4.19,,,,2.762,16.199,55.531,3.562,1.381,0.0,0.0,0.0,0.0,Balanced,0.0,1.2403620450636759,False,,,,,,-0.4007997243093718,1.473547209067421,0.014782031204402135,0.835166354048726,-0.6248949260317977
417,7,21,1B 7,1B,Troy Johnston,COL,1B,26143,25.794,5.492,24.801,6.198,0.31,,,48.154,,,0.0,0.0,0.0,0.0,Balanced,0.0,-1.371559875163718,False,-0.3702656563326876,-0.43524176050558355,-0.35796955568174355,0.049541317562936546,-0.15906940722334315,,,,,
418,7,15,3B 7,3B,Trey Lipscomb,WSN,3B,31567,1.851,0.177,1.824,0.327,0.273,,,4.852,,,0.0,0.0,0.0,0.0,Balanced,0.0,-4.40636812581496,False,-1.238585315620232,-1.0273727254675127,-1.2000701916859455,-0.5568996876269746,-0.10918069413201117,,,,,
419,7,101,SP 7,SP,Tyler Anderson,LAA,SP,12880,50.43,13.902,,,,8.49,0.177,66.794,4.853,1.416,0.0,0.0,0.0,0.0,Balanced,0.0,-2.9049829048302636,False,,,,,,0.440107386504906,-0.5982285600085754,0.2635088423377065,-1.7146847821750286,-1.4286567616725447
420,7,41,OF 7,OF,Luis Matos,SFG,OF,26467,20.931,5.556,21.143,3.227,0.291,,,26.715,,,0.0,0.0,0.0,0.0,Balanced,0.0,-2.4662497246806705,False,-0.5466335329588038,-0.42807947889601183,-0.4920416923164557,-0.25739934456923685,-0.5035127267529742,,,,,
421,7,190,RP 7,RP,Ryan Weiss,HOU,RP,sa3007778,40.942,10.486,,,,8.466,0.817,76.61,4.323,1.327,0.0,0.0,0.0,0.0,Balanced,0.0,-0.1933654506142301,False,,,,,,0.4364725613492259,-0.5154983067492726,0.4802791430307268,-0.4009196830094392,-0.3851049112166873
422,7,102,SP 7,SP,Chase Dollander,COL,SP,33482,78.445,19.47,,,,10.558,0.0,101.441,5.471,1.495,0.0,0.0,0.0,0.0,Balanced,0.0,-6.2304033461342225,False,,,,,,0.74355509805777,-0.6211034172977374,1.0286277757400983,-4.416868831153133,-3.22100057043016
423,7,16,C 7,C,Matt Thaiss,BOS,C,19318,2.969,0.317,2.908,0.09,0.32,,,6.466,,,0.0,0.0,0.0,0.0,Balanced,0.0,-4.296335754548642,False,-1.1980605980254846,-1.0117411489050268,-1.1603609282877665,-0.5813658240944954,0.010109975361269096,,,,,
424,7,191,RP 7,RP,Francis Peña,SDP,RP,sa3019374,3.592,0.789,,,,0.6,0.73,5.389,4.37,1.444,0.0,0.0,0.0,0.0,Balanced,0.0,-2.644903109017525,False,,,,,,-0.7182683775340397,-0.5266672226201186,-1.0925016702173589,-0.043828417876341515,-0.13860708103098196
425,7,192,RP 7,RP,Jackson Rutledge,WSN,RP,26215,33.327,8.655,,,,3.029,11.527,51.603,4.648,1.372,0.0,0.0,0.0,0.0,Balanced,0.0,-1.1769707191092478,False,,,,,,-0.3616651649393699,0.8693952785074714,-0.07194949720014125,-0.8434135699711713,-0.6440061854794433
426,7,22,1B 7,1B,Jerar Encarnacion,SFG,1B/OF/DH,21871,13.206,3.965,14.799,1.341,0.279,,,37.33,,,0.0,0.0,0.0,0.0,Balanced,0.0,-3.094974516077623,False,-0.8267911667982898,-0.6052860680926079,-0.7245321085239499,-0.4521624910885511,-0.5025673312891417,,,,,
427,7,193,RP 7,RP,Jorge Alcala,TOR,RP,19459,10.858,3.227,,,,0.84,1.368,18.661,4.775,1.323,0.0,0.0,0.0,0.0,Balanced,0.0,-2.4717016791861757,False,,,,,,-0.6829822406784223,-0.4441630037111594,-0.7994233035570271,-0.3340815200676928,-0.08196912552398623
428,7,23,1B 7,1B,Justin Turner,,1B/DH,5235,16.809,3.606,17.266,1.031,0.31,,,32.135,,,0.0,0.0,0.0,0.0,Balanced,0.0,-2.6640914290275677,False,-0.6961128338640473,-0.6452863358156864,-0.6341330147294888,-0.4842291456293894,-0.11205853304054564,,,,,
429,7,194,RP 7,RP,Jesse Scholtens,TBR,RP,19205,16.839,4.698,,,,1.423,0.915,28.488,4.411,1.311,0.0,0.0,0.0,0.0,Balanced,0.0,-2.147742344131193,False,,,,,,-0.5973964948883738,-0.5027632236924664,-0.5824034633933581,-0.23985682569893135,-0.09053062749040844
430,7,195,RP 7,RP,Seth Martinez,BOS,RP,21045,6.977,1.787,,,,0.751,0.766,10.208,4.643,1.395,0.0,0.0,0.0,0.0,Balanced,0.0,-2.7030306884225523,False,,,,,,-0.6959887783992671,-0.5220060529369205,-0.9860876608575805,-0.17489682148456281,-0.17241401820273272
431,7,196,RP 7,RP,Mike Clevinger,PIT,RP,12808,17.264,4.226,,,,2.771,0.413,23.746,4.781,1.394,0.0,0.0,0.0,0.0,Balanced,0.0,-2.7345587114317285,False,,,,,,-0.39950639597247584,-0.5677289227033847,-0.6871150835679789,-0.5360645404203039,-0.4133983492370632
432,7,42,OF 7,OF,MJ Melendez,NYM,OF,22197,10.56,2.976,10.208,1.776,0.272,,,29.102,,,0.0,0.0,0.0,0.0,Balanced,0.0,-3.684843781804143,False,-0.9227616942768068,-0.7155533428090783,-0.8928103972926051,-0.40723033861043645,-0.48453497631295983,,,,,
433,7,197,RP 7,RP,Drey Jameson,ARI,RP,26260,20.232,4.581,,,,2.194,3.731,37.224,4.103,1.38,0.0,0.0,0.0,0.0,Balanced,0.0,-1.5659410735464898,False,,,,,,-0.4842142639583657,-0.13867913094483825,-0.3894829528153999,0.04243084764410509,-0.48449073917060953
434,7,24,1B 7,1B,Tyler Black,MIL,1B/DH,29949,4.361,0.447,3.251,1.83,0.312,,,9.488,,,0.0,0.0,0.0,0.0,Balanced,0.0,-3.9806035764705716,False,-1.1475718026136987,-0.9972485856755047,-1.1477952160204115,-0.40164041609626344,-0.01756067825147413,,,,,
435,7,198,RP 7,RP,Hunter Bigge,TBR,RP,26259,22.27,6.387,,,,1.448,5.891,44.597,4.155,1.314,0.0,0.0,0.0,0.0,Balanced,0.0,-0.9326529388371837,False,,,,,,-0.5937552104311246,0.1407277743392077,-0.22667280225770772,-0.018735217959325538,-0.14434575421077606
436,7,199,RP 7,RP,Grant Holman,ARI,RP,30002,11.505,2.58,,,,1.556,1.972,19.065,4.317,1.384,0.0,0.0,0.0,0.0,Balanced,0.0,-2.24510397160614,False,,,,,,-0.5778961570559976,-0.36611649770803517,-0.7904884655194768,-0.10945956000471053,-0.2742060612962565
437,7,200,RP 7,RP,J.P. France,HOU,RP,21212,11.786,2.831,,,,1.503,0.761,18.723,4.56,1.359,0.0,0.0,0.0,0.0,Balanced,0.0,-2.5235053511413885,False,,,,,,-0.585598874177102,-0.522759078357854,-0.798051940625411,-0.2512662373056989,-0.19525020055396472
438,7,201,RP 7,RP,Chayce McDermott,BAL,RP,29866,7.952,1.959,,,,0.778,0.208,13.976,4.662,1.487,0.0,0.0,0.0,0.0,Balanced,0.0,-3.0357145523041997,False,,,,,,-0.692169275939635,-0.5942010623679541,-0.9028739764950089,-0.2059457235135259,-0.3678297308935518
439,7,202,RP 7,RP,Shinnosuke Ogasawara,WSN,RP,35324,6.965,1.555,,,,0.435,0.973,9.115,4.861,1.4,0.0,0.0,0.0,0.0,Balanced,0.0,-2.9439775443052945,False,,,,,,-0.7423918136621623,-0.49526655136001074,-1.0102145943670353,-0.23924547373517707,-0.1724376267501337
440,7,203,RP 7,RP,Guillo Zuñiga,SEA,RP,19588,3.18,0.829,,,,0.09,0.673,5.189,4.497,1.368,0.0,0.0,0.0,0.0,Balanced,0.0,-2.7287003825185874,False,,,,,,-0.7931060803968654,-0.5341260859229991,-1.0969171938594946,-0.058466721454056604,-0.06057351803018243
441,7,204,RP 7,RP,Alex Carrillo,NYM,RP,26463,10.647,3.064,,,,0.877,0.989,20.501,4.377,1.334,0.0,0.0,0.0,0.0,Balanced,0.0,-2.295043884277448,False,,,,,,-0.6775413067226478,-0.49324439737221026,-0.7587792862359418,-0.1334834103265642,-0.11845180190118602
442,7,205,RP 7,RP,Emiliano Teodo,TEX,RP,sa3015158,6.676,1.39,,,,0.61,1.24,12.551,4.441,1.452,0.0,0.0,0.0,0.0,Balanced,0.0,-2.702735517219727,False,,,,,,-0.716736201841397,-0.46080394223846743,-0.9343336163078955,-0.1049024520613351,-0.26689743194253734
443,7,206,RP 7,RP,Tyler Mattison,DET,RP,sa3018117,4.989,1.234,,,,0.666,0.732,8.285,4.625,1.452,0.0,0.0,0.0,0.0,Balanced,0.0,-2.6920125428800294,False,,,,,,-0.708589554539728,-0.5264272227607147,-1.0285447038901905,-0.12101990880188611,-0.19167420860366002
444,7,207,RP 7,RP,Angel Chivilli,NYY,RP,26790,13.975,3.605,,,,1.012,1.808,21.71,4.592,1.36,0.0,0.0,0.0,0.0,Balanced,0.0,-2.4717617739249924,False,,,,,,-0.6577008279417371,-0.3872914939240402,-0.7320851878182685,-0.31873489397688093,-0.23482797778471023
445,7,208,RP 7,RP,Peyton Pallette,CLE,RP,sa3020742,21.278,5.357,,,,1.43,3.353,38.77,4.427,1.375,0.0,0.0,0.0,0.0,Balanced,0.0,-1.9758251321992961,False,,,,,,-0.596381503728181,-0.18746401615889935,-0.3553556698118655,-0.319654772384417,-0.45035233020586735
446,7,209,RP 7,RP,Domingo Gonzalez,SEA,RP,sa3007495,8.467,2.035,,,,0.849,1.008,15.478,4.269,1.349,0.0,0.0,0.0,0.0,Balanced,0.0,-2.3559214118021843,False,,,,,,-0.6817116666993265,-0.4907677177886099,-0.8697139349794741,-0.0593571941975966,-0.12780123492705162
447,7,210,RP 7,RP,Lazaro Estrada,TOR,RP,24914,11.542,3.439,,,,0.986,0.668,20.046,4.41,1.288,0.0,0.0,0.0,0.0,Balanced,0.0,-2.4221475972162105,False,,,,,,-0.6615715937674582,-0.5346948041243169,-0.7688315311066607,-0.16375677344512332,0.005636808265045353
448,7,211,RP 7,RP,Michael Petersen,MIA,RP,20827,14.16,3.757,,,,0.796,1.707,24.318,4.5,1.374,0.0,0.0,0.0,0.0,Balanced,0.0,-2.467035039889494,False,,,,,,-0.6894079245188618,-0.400381132807624,-0.6744901530042927,-0.2623106208579118,-0.29172610633741847
449,7,212,RP 7,RP,Connor Seabold,TOR,RP,19695,5.355,1.484,,,,0.267,0.649,7.809,4.767,1.352,0.0,0.0,0.0,0.0,Balanced,0.0,-2.8353301527300756,False,,,,,,-0.7670499037974332,-0.5372100181681018,-1.0390712945865308,-0.16296940244245062,-0.07717784593010323
450,7,103,SP 7,SP,Casey Lawrence,SEA,SP,11121,4.787,1.403,,,,0.532,0.035,3.77,5.279,1.396,0.0,0.0,0.0,0.0,Balanced,0.0,-2.988737157476844,False,,,,,,-0.7282506408997889,-0.6166239026805366,-1.1282602346984856,-0.23901225291089379,-0.10565092369715408
451,7,213,RP 7,RP,Drew Smith,WSN,RP,17755,14.21,3.875,,,,0.79,2.899,26.642,4.437,1.359,0.0,0.0,0.0,0.0,Balanced,0.0,-2.128021761669912,False,,,,,,-0.6903448168509922,-0.24623385242015244,-0.6231711462928178,-0.21994496226202925,-0.24342267152515065
452,7,214,RP 7,RP,Walbert Urena,LAA,RP,sa3018298,8.823,1.697,,,,1.065,0.752,11.756,4.804,1.525,0.0,0.0,0.0,0.0,Balanced,0.0,-2.9964592847645495,False,,,,,,-0.6499658143127875,-0.5238001553341797,-0.9518941284370598,-0.28233347951828547,-0.4713875531936179
453,7,215,RP 7,RP,Beau Brieske,DET,RP,26079,23.523,5.859,,,,2.007,6.231,37.385,4.524,1.393,0.0,0.0,0.0,0.0,Balanced,0.0,-1.8128413477330305,False,,,,,,-0.5116809758577106,0.18468886927568146,-0.3859341923788347,-0.46198111301794964,-0.5854631527057137
454,7,216,RP 7,RP,Andrew Walters,CLE,RP,33834,12.674,3.599,,,,1.28,1.083,27.372,4.187,1.338,0.0,0.0,0.0,0.0,Balanced,0.0,-1.947072087935088,False,,,,,,-0.6184238703325992,-0.48100996488418324,-0.6070372049427581,-0.03264964485884309,-0.1612025493134392
455,7,217,RP 7,RP,Cole Winn,TEX,RP,22113,32.83,7.328,,,,2.5,14.776,54.003,4.383,1.376,0.0,0.0,0.0,0.0,Balanced,0.0,-0.30921914649937965,False,,,,,,-0.4393338622380679,1.2896226185378135,-0.018949963611114003,-0.42088691615936713,-0.706504337127232
456,7,218,RP 7,RP,Dylan Smith,DET,RP,30145,11.116,2.662,,,,1.372,0.918,19.485,4.048,1.339,0.0,0.0,0.0,0.0,Balanced,0.0,-2.1302050405342485,False,,,,,,-0.6048960376146696,-0.5023341334265936,-0.7812201720830956,0.05819666876289308,-0.1483044664179547
457,7,219,RP 7,RP,Tyler Gilbert,CHW,RP,17964,19.129,4.977,,,,1.728,2.559,32.334,4.404,1.354,0.0,0.0,0.0,0.0,Balanced,0.0,-1.9745874082810262,False,,,,,,-0.5526857966365722,-0.29015372324284505,-0.49746950250304267,-0.26546258981091025,-0.307818000977477
458,7,220,RP 7,RP,Tate Kuehner,MIL,RP,sa3023099,4.482,1.018,,,,0.658,0.666,8.138,4.203,1.404,0.0,0.0,0.0,0.0,Balanced,0.0,-2.5515827501091013,False,,,,,,-0.7097808552722946,-0.5349492867338572,-1.0318030710489656,-0.015595270969948415,-0.1334803431286407
459,7,221,RP 7,RP,Tyson Neighbors,BAL,RP,sa3025569,7.836,1.994,,,,0.673,1.149,14.721,4.396,1.349,0.0,0.0,0.0,0.0,Balanced,0.0,-2.409449865747824,False,,,,,,-0.7075515154171185,-0.4724625560983019,-0.8864308711990132,-0.10571206305608463,-0.11592703664424017
460,7,222,RP 7,RP,Tom Cosgrove,HOU,RP,23443,5.397,1.269,,,,0.546,0.755,8.812,4.544,1.4,0.0,0.0,0.0,0.0,Balanced,0.0,-2.6868609164235924,False,,,,,,-0.7261908577108005,-0.5234382158910378,-1.0169172687149275,-0.1109933942828881,-0.14375897226040657
461,7,223,RP 7,RP,Joe La Sorsa,PIT,RP,25481,3.685,0.919,,,,0.285,0.0,4.704,4.488,1.334,0.0,0.0,0.0,0.0,Balanced,0.0,-2.8488303041317096,False,,,,,,-0.7645447224047965,-0.6211034172977374,-1.1076259704525475,-0.06614305330941297,-0.03962960252782493
462,7,224,RP 7,RP,Luinder Avila,KCR,RP,24452,15.536,3.044,,,,1.833,1.202,28.543,4.088,1.354,0.0,0.0,0.0,0.0,Balanced,0.0,-1.9379937761793569,False,,,,,,-0.5371643885707372,-0.4656349738911229,-0.5811910990625092,0.04593708633155974,-0.2670645478257744
463,7,225,RP 7,RP,Jose A. Ferrer,SEA,RP,24017,26.458,4.949,,,,3.826,21.578,60.06,3.379,1.173,0.0,0.0,0.0,0.0,SV+HLD Specialist,0.0,4.380377259012691,False,,,,,,-0.24461821643874632,2.1691406377834723,0.11480540097029363,1.379064939969345,0.9966269226347564
464,7,226,RP 7,RP,John Schreiber,KCR,RP,20020,30.034,7.15,,,,3.015,18.956,56.118,4.084,1.303,0.0,0.0,0.0,0.0,Balanced,0.0,1.5893672597541095,False,,,,,,-0.3636822286566173,1.830131396725866,0.027753667050316573,0.09520702046146512,-0.10481780757777102
465,7,227,RP 7,RP,Tyler Kinley,ATL,RP,18297,29.792,7.611,,,,3.515,14.5,62.979,4.147,1.281,0.0,0.0,0.0,0.0,Balanced,0.0,1.3140538503527417,False,,,,,,-0.29023703377023446,1.2538683291384765,0.17927270863964648,-0.011020905979557141,0.06739176487093156
466,7,25,1B 7,1B,Kris Bryant,COL,1B/OF/DH,15429,8.08,1.814,7.644,0.258,0.314,,,19.36,,,0.0,0.0,0.0,0.0,Balanced,0.0,-3.391326289296438,False,-1.0126915403794559,-0.8449757380722864,-0.9867855055129837,-0.5640423319658994,-0.015924580451194176,,,,,
467,7,228,RP 7,RP,Justin Wrobleski,LAD,RP,31204,27.54,7.19,,,,3.986,2.947,48.135,4.287,1.294,0.0,0.0,0.0,0.0,Balanced,0.0,-0.7952919790293205,False,,,,,,-0.22119003604314796,-0.24004417070134912,-0.14854486480578313,-0.2191810678983261,-0.03404966160258687
468,7,104,SP 7,SP,Carson Whisenhunt,SFG,SP,31676,20.964,5.33,,,,4.228,0.777,31.674,4.39,1.366,0.0,0.0,0.0,0.0,Balanced,0.0,-1.9069205176766286,False,,,,,,-0.18558754021295487,-0.5205874416990023,-0.5120487908678242,-0.27645823726239366,-0.40063772679232396
469,7,229,RP 7,RP,Jordan Wicks,CHC,RP,30094,14.166,3.395,,,,2.076,1.191,25.291,4.071,1.308,0.0,0.0,0.0,0.0,Balanced,0.0,-1.7318484642725285,False,,,,,,-0.5015315046627079,-0.4670498868553455,-0.6530076753895404,0.055521514176823404,-0.07070721453032063
470,7,230,RP 7,RP,Luis Medina,ATH,RP,21649,38.996,9.122,,,,6.508,1.501,64.986,4.548,1.413,0.0,0.0,0.0,0.0,Balanced,0.0,-2.1203680671503853,False,,,,,,0.14909970256481866,-0.4269893068752608,0.22358252703397258,-0.8092780928079198,-1.153503922908542
471,7,231,RP 7,RP,Caleb Ferguson,CIN,RP,19349,23.933,5.066,,,,2.471,8.015,45.512,4.135,1.331,0.0,0.0,0.0,0.0,Balanced,0.0,-0.5276664469724663,False,,,,,,-0.4435603006965507,0.4153218807185377,-0.20646673007689118,0.007153031415944352,-0.26198435565495576
472,7,105,SP 7,SP,Gage Jump,ATH,SP,sa3034986,17.888,4.881,,,,4.193,0.0,28.662,4.45,1.339,0.0,0.0,0.0,0.0,Balanced,0.0,-1.8865262430060898,False,,,,,,-0.19077406576829362,-0.6211034172977374,-0.5785654138359528,-0.28844972967105026,-0.2156123267504678
473,7,232,RP 7,RP,A.J. Puk,ARI,RP,19343,13.288,3.756,,,,1.937,8.869,35.946,3.507,1.182,0.0,0.0,0.0,0.0,Balanced,0.0,0.4458970014624785,False,,,,,,-0.5219600734910197,0.525797203931188,-0.4177074127654565,0.5550781392082235,0.443415946086496
474,7,233,RP 7,RP,Brusdar Graterol,LAD,RP,20367,17.352,3.434,,,,2.51,4.451,34.379,3.5,1.194,0.0,0.0,0.0,0.0,Balanced,0.0,0.2943720217910932,False,,,,,,-0.43788198740811324,-0.04559771995632183,-0.452307274943493,0.7347878841561899,0.5162007973767836
475,7,234,RP 7,RP,Tristan Beck,SFG,RP,21584,13.672,3.438,,,,1.229,1.239,23.814,4.086,1.294,0.0,0.0,0.0,0.0,Balanced,0.0,-1.8355357833077912,False,,,,,,-0.6259621688683092,-0.4608458387656479,-0.6856244716857876,0.04171108469107299,-0.0159388829484935
476,7,235,RP 7,RP,Dylan Lee,ATL,RP,19996,27.576,8.817,,,,3.188,18.629,69.718,3.587,1.157,0.0,0.0,0.0,0.0,Balanced,0.0,4.04598414892998,False,,,,,,-0.33833974615964296,1.7877645680968226,0.32808435738813696,0.9841255662961789,1.111023293075524
477,7,106,SP 7,SP,Lance McCullers Jr.,HOU,SP,14120,45.811,10.706,,,,9.565,0.398,79.994,4.579,1.437,0.0,0.0,0.0,0.0,Balanced,0.0,-2.000317330255513,False,,,,,,0.5978905075600416,-0.5696498267504991,0.5550195269607527,-1.01639677234989,-1.6109947768111683
478,7,107,SP 7,SP,Richard Fitts,STL,SP,30160,58.699,16.172,,,,10.782,0.662,86.124,4.424,1.321,0.0,0.0,0.0,0.0,Balanced,0.0,-0.0738233845736162,False,,,,,,0.7765283645447387,-0.5355095881297607,0.6903781274332287,-0.8734560831566671,-0.46143663611052665
479,7,236,RP 7,RP,Aaron Ashby,MIL,RP,23550,33.919,6.286,,,,4.581,12.767,78.627,3.651,1.34,0.0,0.0,0.0,0.0,Balanced,0.0,2.0271479649039663,False,,,,,,-0.13375252593509665,1.0297881155810138,0.5248230426984045,1.051255402114439,-0.5132487830466755
480,7,8,DH 7,DH,Blaine Crim,COL,DH,25714,18.605,5.05,19.475,0.955,0.314,,,38.514,,,0.0,0.0,0.0,0.0,Balanced,0.0,-3.3427126260942948,False,-0.630976764273156,-0.4844118431187516,-0.5531714910351996,-0.4919948205042619,-0.031269436081760374,,,,,
481,7,108,SP 7,SP,George Klassen,LAA,SP,sa3023440,25.489,6.16,,,,4.303,1.075,42.19,4.628,1.419,0.0,0.0,0.0,0.0,Balanced,0.0,-2.334445962144639,False,,,,,,-0.17457589906079102,-0.48213496422513885,-0.27982691781970276,-0.6222850902024859,-0.7782997982237523
482,7,109,SP 7,SP,Martín Pérez,ATL,SP,6902,27.562,6.696,,,,5.878,0.089,38.424,4.562,1.39,0.0,0.0,0.0,0.0,Balanced,0.0,-2.240575870704323,False,,,,,,0.05659956804970802,-0.609633596430753,-0.3629920192764846,-0.5897314218713184,-0.6622445806048968
483,7,237,RP 7,RP,Duncan Davitt,CHW,RP,sa3020394,8.834,2.44,,,,0.881,1.147,13.726,4.419,1.309,0.0,0.0,0.0,0.0,Balanced,0.0,-2.36122809884378,False,,,,,,-0.6769502806290787,-0.47277160764139203,-0.9083991778716649,-0.12891038952765158,-0.04213834394306381
484,7,238,RP 7,RP,Eric Cerantola,KCR,RP,sa3017914,6.73,1.419,,,,0.646,0.962,12.167,4.498,1.447,0.0,0.0,0.0,0.0,Balanced,0.0,-2.6904352449191435,False,,,,,,-0.711487432107302,-0.49669349017925735,-0.9428157499960395,-0.12385683346286305,-0.2578975447492513
485,7,239,RP 7,RP,Shane Murphy,CHW,RP,sa3020389,9.581,2.705,,,,0.944,1.09,12.832,4.433,1.292,0.0,0.0,0.0,0.0,Balanced,0.0,-2.325540159001532,False,,,,,,-0.6676568136942849,-0.48013194815716154,-0.9281348791918788,-0.14636951459501998,-0.006472929856330776
486,7,240,RP 7,RP,Josh Fleming,TOR,RP,20418,5.202,1.035,,,,0.435,0.006,5.441,4.463,1.394,0.0,0.0,0.0,0.0,Balanced,0.0,-2.8688376660956973,False,,,,,,-0.7423818311051921,-0.6203815530654458,-1.0913498136873574,-0.08720914687996044,-0.1323491074443087
487,7,241,RP 7,RP,David Sandlin,CHW,RP,sa3020606,6.752,1.913,,,,0.855,1.035,10.872,4.459,1.329,0.0,0.0,0.0,0.0,Balanced,0.0,-2.428271697719475,False,,,,,,-0.680730146465446,-0.487298323269318,-0.9714288731924153,-0.11184898331706965,-0.06529920932031386
488,7,242,RP 7,RP,Vince Velasquez,CHC,RP,11189,3.242,0.886,,,,0.104,0.695,5.809,4.474,1.378,0.0,0.0,0.0,0.0,Balanced,0.0,-2.710579687311998,False,,,,,,-0.7910161146532726,-0.531249461315073,-1.0832203477289704,-0.056037978798911196,-0.07034458920283368
489,7,243,RP 7,RP,Hogan Harris,ATH,RP,21520,32.089,7.525,,,,2.897,21.932,60.104,4.236,1.389,0.0,0.0,0.0,0.0,SV+HLD Specialist,0.0,1.0412134508933462,False,,,,,,-0.38103646354267323,2.21496819714378,0.11577043414439385,-0.16798886860021278,-0.8246759298209794
490,7,244,RP 7,RP,Gunnar Hoglund,ATH,RP,31318,28.442,8.24,,,,4.305,0.737,37.479,4.894,1.354,0.0,0.0,0.0,0.0,Balanced,0.0,-2.4848501178488602,False,,,,,,-0.1742676142131767,-0.5258004558865065,-0.38385837731326444,-1.0148143890326584,-0.40792787012139636
491,7,245,RP 7,RP,Jake Bloss,TOR,RP,33168,5.465,1.468,,,,0.417,0.896,8.689,4.557,1.38,0.0,0.0,0.0,0.0,Balanced,0.0,-2.657098190972744,False,,,,,,-0.7451536054898609,-0.5052705110167569,-1.0196189199396284,-0.11580939741857482,-0.1184240002320835
492,7,246,RP 7,RP,Alek Jacob,SDP,RP,29628,16.358,4.17,,,,0.946,2.172,25.404,4.638,1.369,0.0,0.0,0.0,0.0,Balanced,0.0,-2.5225421084059882,False,,,,,,-0.667491367492732,-0.34023763355798337,-0.6505012391135594,-0.4062541016964376,-0.30551263234361903
493,7,247,RP 7,RP,Hoby Milner,CHC,RP,13346,28.701,6.529,,,,2.985,13.49,51.667,3.902,1.274,0.0,0.0,0.0,0.0,Balanced,0.0,1.2566102411735924,False,,,,,,-0.36807895779282995,1.123299871145013,-0.070545009560032,0.40538357815620363,0.12300834308693731
494,7,248,RP 7,RP,Jake Miller,CLE,RP,sa3018171,5.143,1.276,,,,0.771,0.984,6.807,4.661,1.424,0.0,0.0,0.0,0.0,Balanced,0.0,-2.6484458558107757,False,,,,,,-0.6930640360092583,-0.4938958625078119,-1.061193299906591,-0.1331357943028657,-0.16196022767648263
495,7,110,SP 7,SP,David Festa,MIN,SP,30056,25.034,6.562,,,,5.09,2.006,50.153,4.22,1.264,0.2,0.0,0.0,0.0,Balanced,0.0,-0.46097503146478314,False,,,,,,-0.05902486608263848,-0.36170688822229624,-0.10397888199910986,-0.10965356103431124,0.16762016497945367
496,7,249,RP 7,RP,Tommy Nance,TOR,RP,19178,24.638,5.738,,,,2.414,7.863,50.716,3.784,1.254,0.0,0.0,0.0,0.0,Balanced,0.0,0.6934009494254233,False,,,,,,-0.4519265642515677,0.3955998664099711,-0.09154165811688493,0.5369973462488582,0.25568036080991485
497,7,250,RP 7,RP,Sam Moll,CIN,RP,14874,25.368,5.979,,,,2.893,7.082,48.536,4.309,1.332,0.0,0.0,0.0,0.0,Balanced,0.0,-0.7118699495517079,False,,,,,,-0.38165963934177916,0.29464992554821906,-0.13968952606861643,-0.23053911307994177,-0.27076220886036517
498,7,251,RP 7,RP,Mason Englert,TBR,RP,22288,30.58,8.181,,,,2.576,9.316,56.713,4.113,1.262,0.0,0.0,0.0,0.0,Balanced,0.0,0.5628629232354674,False,,,,,,-0.4280902734386514,0.5835619114709184,0.04089975969429473,0.047256543655177105,0.2249508635945353
499,7,252,RP 7,RP,Christian Scott,NYM,RP,30107,15.902,4.455,,,,3.001,0.683,31.473,4.016,1.189,0.0,0.0,0.0,0.0,Balanced,0.0,-0.9666407815441141,False,,,,,,-0.36574773713563274,-0.5327308397576003,-0.5164941267476039,0.11339175911741181,0.43610093586562565
500,7,253,RP 7,RP,Clarke Schmidt,NYY,RP,19899,12.786,3.476,,,,2.494,0.689,26.896,3.88,1.221,0.2,0.0,0.0,0.0,Balanced,0.0,-1.2028529373442725,False,,,,,,-0.44016755254740186,-0.5320184694852642,-0.6175554040462804,0.19847231536934848,0.2461562247731882
501,7,254,RP 7,RP,Andre Granillo,WSN,RP,29542,24.156,6.229,,,,2.67,7.64,43.48,4.398,1.325,0.0,0.0,0.0,0.0,Balanced,0.0,-0.8765204147544368,False,,,,,,-0.41430553668104325,0.3668865211617874,-0.25133083526000255,-0.32832854080559243,-0.2105282960875601
502,7,111,SP 7,SP,Trey Gibson,BAL,SP,sa3023250,3.876,0.89,,,,0.694,0.0,6.291,4.435,1.346,0.0,0.0,0.0,0.0,Balanced,0.0,-2.6748292990966407,False,,,,,,-0.7043625288720118,-0.6211034172977374,-1.0725822371807028,-0.05968174718313251,-0.053608682411521336
503,7,255,RP 7,RP,James McArthur,KCR,RP,21527,13.175,3.062,,,,1.727,3.239,23.11,4.206,1.311,0.0,0.0,0.0,0.0,Balanced,0.0,-1.6470919975520026,False,,,,,,-0.552772409998521,-0.20226241266215259,-0.7011555433412721,-0.04803574414092286,-0.07484125843197187
504,7,112,SP 7,SP,Ky Bush,CHW,SP,29823,9.722,2.444,,,,1.164,0.013,11.456,4.999,1.568,0.0,0.0,0.0,0.0,Balanced,0.0,-3.5263684577727137,False,,,,,,-0.6354333693578682,-0.6193964570908082,-0.9585256950773868,-0.3866538141684574,-0.5920525864510817
505,7,256,RP 7,RP,Josh Staumont,CIN,RP,18335,5.759,1.382,,,,0.687,0.759,9.754,4.776,1.46,0.0,0.0,0.0,0.0,Balanced,0.0,-2.771377585320684,False,,,,,,-0.7054468107217635,-0.5230158885522377,-0.9960983894269879,-0.17748669352211047,-0.2241636267946049
506,7,257,RP 7,RP,Jorge López,,RP,14527,14.068,3.161,,,,1.626,1.279,21.871,4.462,1.345,0.0,0.0,0.0,0.0,Balanced,0.0,-2.2101687878911016,False,,,,,,-0.5675832948917594,-0.4557198503892316,-0.7285253858122055,-0.235134714351973,-0.19221070413549068
507,7,258,RP 7,RP,Jose Franco,CIN,RP,sa3008714,8.443,2.332,,,,0.957,0.896,14.159,4.735,1.38,0.0,0.0,0.0,0.0,Balanced,0.0,-2.6327695802280258,False,,,,,,-0.6657907067907526,-0.505186717962396,-0.8988261371171469,-0.2454467083788192,-0.17696237279009663
508,7,259,RP 7,RP,Angel Perdomo,LAA,RP,17759,5.894,1.377,,,,0.711,0.379,11.856,4.418,1.33,0.0,0.0,0.0,0.0,Balanced,0.0,-2.5361387448765425,False,,,,,,-0.7019733213030014,-0.5720773684318509,-0.9496880228514166,-0.08572088139816109,-0.05886507899260755
509,7,260,RP 7,RP,Yunior Marte,CIN,RP,14416,4.576,1.093,,,,0.329,0.439,6.502,4.913,1.456,0.0,0.0,0.0,0.0,Balanced,0.0,-2.9191680604715744,False,,,,,,-0.7579434630035254,-0.5642861660995223,-1.0679165115737488,-0.1667206687993427,-0.1692580192951005
510,7,261,RP 7,RP,A.J. Causey,ATH,RP,sa3028661,4.592,1.141,,,,0.594,0.593,7.152,4.484,1.37,0.0,0.0,0.0,0.0,Balanced,0.0,-2.5984403266383116,False,,,,,,-0.7190746158117052,-0.5444211346333582,-1.0535582754303117,-0.08160472922229595,-0.08994747414380495
511,7,262,RP 7,RP,Brandon Waddell,NYM,RP,18347,7.741,1.936,,,,0.827,0.628,11.473,4.488,1.381,0.0,0.0,0.0,0.0,Balanced,0.0,-2.7543130466698935,False,,,,,,-0.684891111094388,-0.5399394993277444,-0.9581524900283641,-0.139095376529924,-0.17250775078010622
512,7,263,RP 7,RP,Jayden Murray,HOU,RP,26482,16.499,3.883,,,,1.132,3.173,26.024,4.416,1.383,0.0,0.0,0.0,0.0,Balanced,0.0,-2.2952269152830875,False,,,,,,-0.6400830829121253,-0.2108508386653846,-0.6368273594475904,-0.23874118974657338,-0.3819959135454703
513,7,264,RP 7,RP,Kevin Herget,NYM,RP,15369,3.378,1.217,,,,0.245,0.429,4.984,3.923,1.284,0.0,0.0,0.0,0.0,Balanced,0.0,-2.562834448330461,False,,,,,,-0.7704137318918297,-0.5656647558091616,-1.1014349624351794,0.043253543016885464,0.00569098310607679
514,7,265,RP 7,RP,Bradley Blalock,MIA,RP,26419,10.262,2.499,,,,0.628,0.547,11.535,5.125,1.534,0.0,0.0,0.0,0.0,Balanced,0.0,-3.471460713105096,False,,,,,,-0.7140605829687221,-0.550395656995447,-0.9567745021550494,-0.45660079579623025,-0.5342511419883313
515,7,266,RP 7,RP,Dale Stanavich,MIA,RP,sa3019833,3.514,0.835,,,,0.0,0.858,5.427,4.638,1.589,0.0,0.0,0.0,0.0,Balanced,0.0,-2.8612129375863242,False,,,,,,-0.8063102727457234,-0.51013542195991,-1.091669356708621,-0.08734721491357732,-0.24775620266811743
516,7,267,RP 7,RP,Carlos Vargas,SEA,RP,22915,26.585,6.115,,,,2.712,10.435,42.332,4.097,1.35,0.0,0.0,0.0,0.0,Balanced,0.0,-0.31257206326861775,False,,,,,,-0.4082103048367846,0.7282173008671823,-0.27668227882675395,0.06445108244103989,-0.42588016831206915
517,7,268,RP 7,RP,Michael Kelly,ATH,RP,12791,32.199,8.424,,,,3.838,13.366,51.084,4.493,1.405,0.0,0.0,0.0,0.0,Balanced,0.0,-0.7654069116573604,False,,,,,,-0.24291530966144861,1.1072770357038855,-0.0834084380248687,-0.5848782278659799,-0.9045114535884029
518,7,269,RP 7,RP,Luis Peralta,COL,RP,24203,18.471,4.367,,,,0.91,1.334,26.673,5.374,1.661,0.0,0.0,0.0,0.0,Balanced,0.0,-4.824947528679722,False,,,,,,-0.6727464497260875,-0.4486267941996408,-0.6224777357283613,-0.9815932834062827,-1.3957776600218395
519,7,270,RP 7,RP,Bailey Horn,DET,RP,27753,16.999,4.092,,,,2.056,2.509,29.119,4.335,1.445,0.0,0.0,0.0,0.0,Balanced,0.0,-2.3355221051115516,False,,,,,,-0.5045228953007247,-0.2966859349334021,-0.5684734193150422,-0.17682978059473517,-0.6653814423861175
520,7,271,RP 7,RP,Kendall Graveman,,RP,15514,17.372,3.887,,,,1.459,1.587,26.956,4.545,1.455,0.0,0.0,0.0,0.0,Balanced,0.0,-2.676080805348622,False,,,,,,-0.5921007484155947,-0.4158647444267076,-0.616243665589952,-0.3586198049073876,-0.6887368188434121
521,7,272,RP 7,RP,Rafael Montero,NYY,RP,12760,16.875,4.041,,,,1.123,2.583,29.485,4.42,1.403,0.0,0.0,0.0,0.0,Balanced,0.0,-2.271741228373942,False,,,,,,-0.6415055972804025,-0.2871416732832189,-0.5603777405593183,-0.2473276005210555,-0.4710808142897426
522,7,273,RP 7,RP,T.J. McFarland,,RP,3237,11.276,2.3,,,,0.825,1.179,14.49,4.407,1.411,0.0,0.0,0.0,0.0,Balanced,0.0,-2.6266505215950664,False,,,,,,-0.6852267011713623,-0.46865307557134184,-0.891532076306957,-0.15804974784102763,-0.3383186558807279
523,7,274,RP 7,RP,James Karinchak,ATL,RP,20151,9.403,2.36,,,,1.017,1.183,19.992,4.473,1.417,0.0,0.0,0.0,0.0,Balanced,0.0,-2.4593133998184493,False,,,,,,-0.6569756245383018,-0.46819143791074275,-0.7700284372402127,-0.16220126235386076,-0.29190737062858824
524,7,275,RP 7,RP,Matt Bowman,MIN,RP,13528,8.577,2.046,,,,0.348,1.036,11.116,5.023,1.386,0.0,0.0,0.0,0.0,Balanced,0.0,-2.9648167106211645,False,,,,,,-0.7552490534353768,-0.4871017716603234,-0.9660361706497319,-0.34907384429903454,-0.18054032758172575
525,7,276,RP 7,RP,Ryan Loutos,SEA,RP,29521,9.141,2.132,,,,0.895,0.98,13.383,4.604,1.395,0.0,0.0,0.0,0.0,Balanced,0.0,-2.7027097467616508,False,,,,,,-0.6748841849408297,-0.49439189669998496,-0.9159648612914985,-0.21336415257656952,-0.2290367118166899
526,7,277,RP 7,RP,Kyle Keller,BOS,RP,18890,12.482,3.21,,,,0.833,0.976,20.196,5.044,1.452,0.0,0.0,0.0,0.0,Balanced,0.0,-3.1243925385225624,False,,,,,,-0.6839599440522846,-0.494925560180459,-0.7655278935129445,-0.5179442955540134,-0.4396290155279776
527,7,278,RP 7,RP,Mike Vasil,CHW,RP,30105,37.578,8.576,,,,3.359,9.613,58.019,4.344,1.39,0.0,0.0,0.0,0.0,Balanced,0.0,-0.939681357190208,False,,,,,,-0.3131867854427971,0.621988785511505,0.0697425475362232,-0.40799360161658677,-0.9484356809425867
528,7,279,RP 7,RP,Miguel Castro,,RP,15684,10.34,2.388,,,,1.207,0.831,14.611,4.791,1.349,0.0,0.0,0.0,0.0,Balanced,0.0,-2.606610003070885,False,,,,,,-0.6290993341985551,-0.5137049155584932,-0.8888489749190125,-0.3253645390998949,-0.14010411547213436
529,7,280,RP 7,RP,Ken Waldichuk,WSN,RP,27681,9.027,2.384,,,,0.779,0.974,15.779,4.607,1.483,0.0,0.0,0.0,0.0,Balanced,0.0,-3.0805574654030674,False,,,,,,-0.691987534681851,-0.4951428014325056,-0.8630514519445536,-0.21195957983920335,-0.41361723924609545
530,7,281,RP 7,RP,Jack Neely,CHC,RP,30106,7.87,1.989,,,,0.472,0.95,13.902,4.613,1.499,0.0,0.0,0.0,0.0,Balanced,0.0,-2.9234479370580684,False,,,,,,-0.7370414567306631,-0.4982240065240333,-0.9045147537223691,-0.1868202124478558,-0.3909999879281159
531,7,282,RP 7,RP,Anthony Molina,ATL,RP,26952,10.608,2.462,,,,0.993,0.202,12.776,5.223,1.436,0.0,0.0,0.0,0.0,Balanced,0.0,-3.330523107492806,False,,,,,,-0.6604803828487505,-0.5949827429445148,-0.9293737432895223,-0.509236036976617,-0.3254265262348824
532,7,283,RP 7,RP,Connor Brogdon,CLE,RP,21205,26.667,7.871,,,,2.503,4.891,46.049,4.67,1.348,0.0,0.0,0.0,0.0,Balanced,0.0,-1.755555700673853,False,,,,,,-0.4388919872898208,0.011301384642218016,-0.19460808443634636,-0.7010871326578657,-0.36348183957672664
533,7,284,RP 7,RP,Kaleb Ort,LAA,RP,20061,13.191,3.726,,,,1.264,1.7,23.746,4.641,1.38,0.0,0.0,0.0,0.0,Balanced,0.0,-2.4547087359898527,False,,,,,,-0.6208211520285708,-0.4012678909088352,-0.6871172918818784,-0.32975770745874433,-0.28051483134560684
534,7,285,RP 7,RP,Blake Walston,ARI,RP,26270,5.539,1.286,,,,0.889,0.524,8.614,4.853,1.512,0.0,0.0,0.0,0.0,Balanced,0.0,-2.8904423924244207,False,,,,,,-0.6757457676887574,-0.5533630690501885,-1.0212826636315437,-0.1882818396283448,-0.27741852112154053
535,7,286,RP 7,RP,Marc Church,TEX,RP,26353,13.914,3.232,,,,1.019,2.287,22.255,4.708,1.484,0.0,0.0,0.0,0.0,Balanced,0.0,-2.9566393789760355,False,,,,,,-0.6567055082908683,-0.3253448922824127,-0.7200410438101621,-0.38866473394884293,-0.6288507073171504
536,7,287,RP 7,RP,Ty Adcock,SDP,RP,25651,12.372,3.836,,,,0.759,0.985,20.989,4.462,1.324,0.0,0.0,0.0,0.0,Balanced,0.0,-2.3831401978063793,False,,,,,,-0.6949199107918961,-0.49377456947541926,-0.7480049227200726,-0.2067504138233823,-0.1041467813007433
537,7,288,RP 7,RP,Steven Wilson,TBR,RP,20353,24.714,7.198,,,,1.696,5.927,42.288,4.638,1.34,0.0,0.0,0.0,0.0,Balanced,0.0,-1.6491332732373098,False,,,,,,-0.5573482379509667,0.14525725444437937,-0.27766718682594993,-0.6140527284126378,-0.29528209720858967
538,7,289,RP 7,RP,Joey Estes,ATH,RP,26257,18.481,5.779,,,,2.063,0.752,23.69,5.006,1.301,0.0,0.0,0.0,0.0,Balanced,0.0,-2.6332306246112998,False,,,,,,-0.5034221715924335,-0.5238994656208296,-0.6883605726073211,-0.7403184844632769,-0.045128603232991935
539,7,290,RP 7,RP,Joe Ross,ARI,RP,12972,10.705,2.518,,,,0.863,0.896,16.108,4.446,1.379,0.0,0.0,0.0,0.0,Balanced,0.0,-2.524467235123107,False,,,,,,-0.6795969310022394,-0.5052910713495399,-0.8557883075289572,-0.17075757631946253,-0.23623908316946277
540,7,291,RP 7,RP,Troy Taylor,SEA,RP,31883,13.263,3.24,,,,1.174,1.507,21.798,4.489,1.406,0.0,0.0,0.0,0.0,Balanced,0.0,-2.621182520818461,False,,,,,,-0.6339540865369374,-0.4262700249690426,-0.7301374549588717,-0.23858262071949626,-0.37630555392913995
541,7,292,RP 7,RP,Tejay Antone,CIN,RP,16233,7.652,1.806,,,,0.463,0.524,10.957,5.009,1.461,0.0,0.0,0.0,0.0,Balanced,0.0,-3.057524261607682,False,,,,,,-0.7383371339044932,-0.5533192328689719,-0.9695407648083062,-0.30727307891363953,-0.2855469113405042
542,7,293,RP 7,RP,Konnor Pilkington,DET,RP,21453,13.416,3.328,,,,1.117,2.442,25.823,4.243,1.433,0.0,0.0,0.0,0.0,Balanced,0.0,-2.3653494023326815,False,,,,,,-0.6424010913615676,-0.305352826407909,-0.6412594454439727,-0.07546198931367336,-0.49520439082531603
543,7,294,RP 7,RP,Austin Love,STL,RP,sa3017609,10.678,2.606,,,,0.675,1.178,16.351,4.596,1.435,0.0,0.0,0.0,0.0,Balanced,0.0,-2.711737042891348,False,,,,,,-0.7072611404511275,-0.4687655755054374,-0.8504353546364656,-0.2454052905876796,-0.36826414945282776
544,7,295,RP 7,RP,Isaiah Campbell,ARI,RP,25551,12.162,2.495,,,,1.717,0.3,15.035,4.922,1.442,0.0,0.0,0.0,0.0,Balanced,0.0,-3.1478642274376547,False,,,,,,-0.5542154766899724,-0.5822696038403707,-0.8794835156710517,-0.44750407517824886,-0.40982781288276443
545,7,296,RP 7,RP,Sammy Peralta,MIL,RP,25589,8.105,1.929,,,,0.832,0.994,13.655,4.213,1.304,0.0,0.0,0.0,0.0,Balanced,0.0,-2.337322145566038,False,,,,,,-0.6842347579735863,-0.49255077708889006,-0.9099626641125411,-0.03267544805658694,-0.030700501059308296
546,7,297,RP 7,RP,Antonio Senzatela,COL,RP,15488,48.371,12.066,,,,3.714,3.193,45.68,5.491,1.55,0.0,0.0,0.0,0.0,Balanced,0.0,-5.983106825186102,False,,,,,,-0.26102043835490774,-0.20826098673428944,-0.20274792947006098,-2.755176472493242,-2.509083343531441
547,7,298,RP 7,RP,Alexander Alberto,CHW,RP,sa3015986,12.815,2.649,,,,0.521,1.431,15.612,5.19,1.567,0.0,0.0,0.0,0.0,Balanced,0.0,-3.512108487637782,False,,,,,,-0.7297559517699966,-0.43601774986210245,-0.8667503777262877,-0.5999234627693002,-0.7480274872630832
548,7,299,RP 7,RP,Thomas Hatch,ARI,RP,19264,7.483,1.77,,,,0.588,0.441,7.659,5.664,1.595,0.0,0.0,0.0,0.0,Balanced,0.0,-3.4424710162586445,False,,,,,,-0.7199679078582445,-0.5641330601547316,-1.042365657261869,-0.4661362773142097,-0.4407915308924551
549,7,300,RP 7,RP,Luis Guerrero,TBR,RP,31184,11.682,2.695,,,,0.666,1.257,18.082,4.685,1.468,0.0,0.0,0.0,0.0,Balanced,0.0,-2.930422804658347,False,,,,,,-0.7085754615181229,-0.4586147193830216,-0.8121983994658819,-0.314411626255815,-0.48640720135654575
550,7,301,RP 7,RP,Andry Lara,WSN,RP,27967,20.743,4.414,,,,0.545,0.89,26.894,5.007,1.475,0.0,0.0,0.0,0.0,Balanced,0.0,-3.9650626119488064,False,,,,,,-0.7263401556584309,-0.5059898640436231,-0.6175973620103717,-0.8314201234793004,-0.8402499637542202
551,7,302,RP 7,RP,Eli Morgan,KCR,RP,20203,14.247,4.062,,,,1.097,1.155,20.761,4.779,1.359,0.0,0.0,0.0,0.0,Balanced,0.0,-2.6057530812034355,False,,,,,,-0.6453033729983931,-0.47180695303408987,-0.7530420867249297,-0.4408893574293275,-0.2264239719555755
552,7,113,SP 7,SP,Tanner McDougal,CHW,SP,sa3017471,14.063,3.44,,,,2.335,0.442,20.937,4.73,1.455,0.0,0.0,0.0,0.0,Balanced,0.0,-2.8477361673146984,False,,,,,,-0.4634969349894552,-0.5639548731901511,-0.7491466210061362,-0.4059079640967965,-0.53550777104921
553,7,303,RP 7,RP,Kyle Backhus,PHI,RP,29615,19.712,4.43,,,,1.655,8.585,34.83,4.326,1.347,0.0,0.0,0.0,0.0,Balanced,0.0,-1.0573944766683814,False,,,,,,-0.563292263417586,0.48896769964448933,-0.442347779256555,-0.1964665487197514,-0.28657897533825166
554,7,304,RP 7,RP,Orlando Ribalta,WSN,RP,26247,22.775,5.747,,,,1.162,2.744,35.184,4.917,1.49,0.0,0.0,0.0,0.0,Balanced,0.0,-3.325919585179062,False,,,,,,-0.6357935194610357,-0.2662398320796086,-0.43454359793557074,-0.8328617290876357,-1.0130154587454676
555,7,305,RP 7,RP,Riley Martin,CHC,RP,sa3017601,8.085,1.678,,,,1.041,0.86,16.317,4.084,1.427,0.0,0.0,0.0,0.0,Balanced,0.0,-2.419646338821861,False,,,,,,-0.6534494330908285,-0.509867749702924,-0.8511883896762097,0.025678876794095164,-0.29772947170683567
556,7,306,RP 7,RP,Jedixson Paez,CHW,RP,sa3016264,16.48,4.248,,,,0.984,1.753,25.019,4.374,1.315,0.0,0.0,0.0,0.0,Balanced,0.0,-2.1271973694094983,False,,,,,,-0.6618981995431593,-0.3944095845817239,-0.6590032476267992,-0.20427533898862035,-0.10615674447364189
557,7,307,RP 7,RP,Carlos Hernández,CLE,RP,22713,6.674,1.664,,,,0.495,0.78,12.385,4.355,1.346,0.0,0.0,0.0,0.0,Balanced,0.0,-2.484737163973824,False,,,,,,-0.7336437173030289,-0.5201781746973788,-0.9380148755784333,-0.0763354094885009,-0.09475683462963366
558,7,308,RP 7,RP,Daison Acosta,SDP,RP,sa944989,8.079,2.004,,,,0.434,1.967,18.278,4.015,1.305,0.0,0.0,0.0,0.0,Balanced,0.0,-2.084135653360286,False,,,,,,-0.7425597555029579,-0.3667410663076691,-0.80786127096718,0.05803990253987983,-0.03428385487386935
559,7,309,RP 7,RP,Lou Trivino,PHI,RP,15043,10.332,2.508,,,,0.936,1.591,16.386,4.496,1.383,0.0,0.0,0.0,0.0,Balanced,0.0,-2.4900416537497105,False,,,,,,-0.6689099181986826,-0.4153650895470004,-0.8496646530855251,-0.18915369608095606,-0.23363665974311987
560,7,310,RP 7,RP,Brycen Mautz,STL,RP,sa3020710,7.283,1.777,,,,0.659,1.068,12.663,4.165,1.307,0.0,0.0,0.0,0.0,Balanced,0.0,-2.3232102493096125,False,,,,,,-0.7095624134374136,-0.4829716016660564,-0.9318669296821062,-0.010200495853920615,-0.033812938650616076
561,7,311,RP 7,RP,Henry Baez,ATH,RP,sa3016584,6.909,1.393,,,,0.832,0.652,10.948,4.229,1.363,0.0,0.0,0.0,0.0,Balanced,0.0,-2.520811796229166,False,,,,,,-0.6842087739650018,-0.5367981649610967,-0.9697350964314662,-0.03358564208003431,-0.13184110145016462
562,7,312,RP 7,RP,Ryan Rolison,CHC,RP,22200,13.886,3.542,,,,0.684,1.047,18.353,4.654,1.419,0.0,0.0,0.0,0.0,Balanced,0.0,-2.9522232302763984,False,,,,,,-0.7059484342095245,-0.48574789314310435,-0.8062249103676187,-0.35522787107478226,-0.4202138040900097
563,7,313,RP 7,RP,Roddery Muñoz,HOU,RP,25311,28.792,7.937,,,,2.39,6.577,49.718,4.764,1.414,0.0,0.0,0.0,0.0,Balanced,0.0,-2.034159822196319,False,,,,,,-0.4554911738631461,0.22942453272391672,-0.11357842252042237,-0.8735748820807281,-0.8234531701442389
564,7,314,RP 7,RP,Gavin Collyer,TEX,RP,sa3011742,9.476,2.12,,,,0.543,0.82,15.611,4.907,1.479,0.0,0.0,0.0,0.0,Balanced,0.0,-3.0342333685656593,False,,,,,,-0.7265311454616433,-0.5150967983637935,-0.8667702525513836,-0.34293559901163645,-0.40023928054308805
565,7,315,RP 7,RP,Zach Brzykcy,MIA,RP,27783,4.77,1.165,,,,0.382,0.383,7.442,4.934,1.486,0.0,0.0,0.0,0.0,Balanced,0.0,-3.003577970002006,False,,,,,,-0.7502618854148287,-0.5715660756279269,-1.0471744816095132,-0.17761777145547641,-0.20729176565270496
566,7,316,RP 7,RP,Ryder Ryan,LAD,RP,19891,4.595,1.175,,,,0.313,0.734,6.104,4.861,1.459,0.0,0.0,0.0,0.0,Balanced,0.0,-2.856640503335273,False,,,,,,-0.7603383958625628,-0.5261464901665521,-1.0767195132714964,-0.15785522450455497,-0.17514031605289976
567,7,317,RP 7,RP,Hayden Durke,ARI,RP,sa3022733,6.053,1.187,,,,0.715,0.721,10.763,4.529,1.548,0.0,0.0,0.0,0.0,Balanced,0.0,-2.801652535099643,False,,,,,,-0.7014027007302983,-0.5278943770736437,-0.9738248937734193,-0.120394788495841,-0.3777651486716764
568,7,318,RP 7,RP,Ryan Harbin,PIT,RP,sa3011733,11.917,2.406,,,,0.573,1.496,19.968,4.548,1.522,0.0,0.0,0.0,0.0,Balanced,0.0,-2.9248480150974148,False,,,,,,-0.7221856503310581,-0.42768499612288624,-0.770554015948304,-0.24728983224326404,-0.664631960746466
569,7,319,RP 7,RP,Colin Poche,DET,RP,19403,9.401,2.408,,,,1.083,1.589,14.932,4.695,1.4,0.0,0.0,0.0,0.0,Balanced,0.0,-2.570192013153633,False,,,,,,-0.6473527332234859,-0.41567599022693835,-0.8817536623597815,-0.2574275737064568,-0.24099485249137884
570,7,320,RP 7,RP,Enmanuel De Jesus,DET,RP,18554,17.438,3.76,,,,0.757,2.104,24.877,4.614,1.438,0.0,0.0,0.0,0.0,Balanced,0.0,-2.9036299600473208,False,,,,,,-0.6951847421562275,-0.349008749109365,-0.6621368450502504,-0.4145498873624324,-0.6116719008408584
571,7,321,RP 7,RP,Andrew Hoffmann,ARI,RP,29633,23.679,5.67,,,,2.523,6.254,41.672,4.279,1.372,0.0,0.0,0.0,0.0,Balanced,0.0,-1.3590189409977713,False,,,,,,-0.4358663917139496,0.18754481587847985,-0.29125273393593726,-0.17860398498827407,-0.4991751175705559
572,7,322,RP 7,RP,Josh Simpson,SEA,RP,25957,12.217,2.571,,,,1.776,1.42,23.364,4.284,1.405,0.0,0.0,0.0,0.0,Balanced,0.0,-2.262238443175559,False,,,,,,-0.5456319457185417,-0.43749059382687083,-0.6955464260364334,-0.09499738541837896,-0.3585958122996818
573,7,323,RP 7,RP,Seth Johnson,PHI,RP,26020,11.825,2.83,,,,1.162,1.043,17.992,4.878,1.478,0.0,0.0,0.0,0.0,Balanced,0.0,-3.047673174278241,False,,,,,,-0.6356577566862387,-0.48616944462029005,-0.8141814653476714,-0.414254363041496,-0.49970408487928836
574,7,324,RP 7,RP,Lucas Sims,CHW,RP,13470,9.347,2.202,,,,0.248,1.458,13.461,5.438,1.536,0.0,0.0,0.0,0.0,Balanced,0.0,-3.255998029461653,False,,,,,,-0.7699491025857825,-0.4325511225825688,-0.9142512097054534,-0.5165792758737451,-0.46294672734473363
575,7,325,RP 7,RP,Dan Altavilla,MIN,RP,16507,14.001,3.095,,,,0.818,1.451,20.809,4.713,1.458,0.0,0.0,0.0,0.0,Balanced,0.0,-2.9117636315494635,False,,,,,,-0.6862408115177049,-0.433427109138366,-0.7519865126809481,-0.3938763200902544,-0.5450005031359081
576,7,326,RP 7,RP,Ryan Zeferjahn,LAA,RP,25420,31.119,8.359,,,,3.083,13.812,64.288,4.401,1.396,0.0,0.0,0.0,0.0,Balanced,0.0,-0.28120133519058466,False,,,,,,-0.3537231600555935,1.164867303690633,0.2081839542124607,-0.42753398106681156,-0.8205546702913997
577,7,327,RP 7,RP,Yilber Díaz,ARI,RP,29271,13.295,2.957,,,,0.853,2.263,22.797,4.573,1.612,0.0,0.0,0.0,0.0,Balanced,0.0,-3.6577206367381807,False,,,,,,-0.6810620664847107,-0.32850259732912535,-0.7080763991024391,-0.29117656096936345,-1.0249654502902035
578,7,328,RP 7,RP,Wikelman González,CHW,RP,26641,26.224,5.508,,,,2.052,3.175,46.648,4.576,1.528,0.0,0.0,0.0,0.0,Balanced,0.0,-3.165522217406149,False,,,,,,-0.5050513836109205,-0.21057520089582352,-0.18136924260858717,-0.5787980229858489,-1.4891844539911725
579,7,329,RP 7,RP,Rico Garcia,BAL,RP,20023,27.929,8.694,,,,1.621,12.609,52.534,4.417,1.397,0.0,0.0,0.0,0.0,Balanced,0.0,-0.9552969424248371,False,,,,,,-0.5682864779489366,1.009329420669525,-0.051401136364895475,-0.40536186848437167,-0.7400633629687421
580,7,330,RP 7,RP,Cole Henry,WSN,RP,27570,35.659,8.652,,,,2.154,24.379,59.146,4.719,1.445,0.0,0.0,0.0,0.0,SV+HLD Specialist,0.0,-0.27713517610576405,False,,,,,,-0.49012452489405584,2.531338701463556,0.09462141192847243,-1.0119970002437029,-1.2845329987850804
581,7,331,RP 7,RP,Jayvien Sandridge,LAA,RP,25158,10.731,3.002,,,,0.703,1.031,20.481,4.7,1.506,0.0,0.0,0.0,0.0,Balanced,0.0,-2.9443496323304763,False,,,,,,-0.7030489418165583,-0.4878220298590732,-0.7592297822714486,-0.29579634601963983,-0.5391995397191078
582,7,332,RP 7,RP,Zach Maxwell,CIN,RP,31610,20.754,5.664,,,,1.371,1.564,37.255,4.607,1.456,0.0,0.0,0.0,0.0,Balanced,0.0,-2.78284008725915,False,,,,,,-0.6049899910920378,-0.4188350013073686,-0.3888072087621398,-0.48675139332360173,-0.8173510238712169
583,7,333,RP 7,RP,Paul Gervase,LAD,RP,31571,12.581,3.492,,,,1.202,0.853,23.014,4.581,1.37,0.0,0.0,0.0,0.0,Balanced,0.0,-2.4702307606085636,False,,,,,,-0.6298759184099262,-0.5108312405178046,-0.70329098288213,-0.2801526633582937,-0.24125315120975338
584,7,114,SP 7,SP,Jean Cabrera,PHI,SP,sa3015433,6.141,1.492,,,,0.778,0.0,7.206,4.974,1.454,0.0,0.0,0.0,0.0,Balanced,0.0,-2.9852537263801073,False,,,,,,-0.6920248224681814,-0.6211034172977374,-1.0523739566859867,-0.23826083360256226,-0.2217205512587296
585,7,334,RP 7,RP,Brandan Bidois,PIT,RP,sa3015277,21.151,5.034,,,,2.085,1.899,35.309,4.597,1.445,0.0,0.0,0.0,0.0,Balanced,0.0,-2.6052724703033023,False,,,,,,-0.5002861806806548,-0.37556907837744397,-0.43178320556114225,-0.48637771523724466,-0.7796738833754383
586,7,335,RP 7,RP,Prelander Berroa,CHW,RP,22932,14.256,3.332,,,,1.302,1.24,27.336,4.426,1.486,0.0,0.0,0.0,0.0,Balanced,0.0,-2.7322885268990573,False,,,,,,-0.6152162398943272,-0.4607198905635685,-0.6078432395160912,-0.2133045748536992,-0.6924824146275774
587,7,336,RP 7,RP,Scott Blewett,STL,RP,16427,10.826,2.647,,,,0.759,0.803,15.232,4.516,1.387,0.0,0.0,0.0,0.0,Balanced,0.0,-2.70642497210617,False,,,,,,-0.6949467756143309,-0.51727334881287,-0.87514417885845,-0.20880876125421924,-0.2552237079484161
588,7,337,RP 7,RP,George Soriano,STL,RP,21863,21.461,5.157,,,,2.039,2.065,35.828,4.532,1.368,0.0,0.0,0.0,0.0,Balanced,0.0,-2.3417213841884923,False,,,,,,-0.5069319211813674,-0.354099681471835,-0.42031101485301736,-0.4292532313963804,-0.40621219449072726
589,7,338,RP 7,RP,Cameron Foster,BAL,RP,sa3020735,12.656,3.439,,,,1.54,1.088,20.129,4.537,1.398,0.0,0.0,0.0,0.0,Balanced,0.0,-2.4864094828969057,False,,,,,,-0.5802699503826273,-0.4804422928029424,-0.7670052555117387,-0.2560685839186386,-0.3300499115353707
590,7,339,RP 7,RP,Cade Winquest,NYY,RP,sa3020805,15.713,3.732,,,,0.956,2.104,22.64,4.67,1.389,0.0,0.0,0.0,0.0,Balanced,0.0,-2.6270436523356446,False,,,,,,-0.6660088109803242,-0.3490126284174373,-0.7115368269830228,-0.4126967068968288,-0.3659225362982121
591,7,340,RP 7,RP,Logan Gillaspie,SDP,RP,22461,10.596,2.756,,,,0.842,0.612,14.94,4.593,1.381,0.0,0.0,0.0,0.0,Balanced,0.0,-2.691341868653793,False,,,,,,-0.6826763046677422,-0.5420273429322352,-0.8815858305034163,-0.2418345844066627,-0.22968672960522046
592,7,341,RP 7,RP,Eduarniel Núñez,ATH,RP,23162,24.542,5.427,,,,3.002,3.151,44.212,4.514,1.473,0.0,0.0,0.0,0.0,Balanced,0.0,-2.4935903803635737,False,,,,,,-0.36560680691958053,-0.21360362153551465,-0.2351703941431484,-0.47123836973724237,-1.0891871374310358
593,7,342,RP 7,RP,Nick Hernandez,ATH,RP,19281,7.798,2.032,,,,0.099,0.051,12.896,5.436,1.606,0.0,0.0,0.0,0.0,Balanced,0.0,-3.5075059921419998,False,,,,,,-0.7917065112293893,-0.6145214728776941,-0.9267259749239706,-0.4302475077105081,-0.49524188060779467
594,7,343,RP 7,RP,Blas Castaño,SEA,RP,26117,5.397,1.288,,,,0.132,0.712,7.46,4.48,1.385,0.0,0.0,0.0,0.0,Balanced,0.0,-2.7504711502173653,False,,,,,,-0.7869934377988319,-0.5290567470823622,-1.0467608644161288,-0.09482747932320919,-0.12497384949612345
595,7,344,RP 7,RP,Carter Baumler,TEX,RP,sa3014480,22.618,5.484,,,,1.674,3.67,34.81,4.637,1.401,0.0,0.0,0.0,0.0,Balanced,0.0,-2.3972422473404604,False,,,,,,-0.5605088916505546,-0.146599384925704,-0.4427894420364634,-0.560725100751978,-0.5911692452158449
596,7,345,RP 7,RP,Triston McKenzie,SDP,RP,18000,5.244,1.522,,,,0.744,0.428,8.542,4.858,1.426,0.0,0.0,0.0,0.0,Balanced,0.0,-2.8007689656224493,False,,,,,,-0.6970290195565024,-0.5657914669418286,-1.022884574534272,-0.1793981880885254,-0.16103849511850413
597,7,346,RP 7,RP,Jairo Iriarte,CHW,RP,26907,6.469,1.541,,,,0.054,0.567,10.826,4.434,1.466,0.0,0.0,0.0,0.0,Balanced,0.0,-2.9795130209479406,False,,,,,,-0.7983334757148591,-0.5478424257325542,-0.9724248227611091,-0.0993922715605495,-0.28133401354464993
598,7,347,RP 7,RP,Tayler Scott,ATL,RP,13652,8.85,2.06,,,,1.09,1.188,14.285,4.785,1.471,0.0,0.0,0.0,0.0,Balanced,0.0,-2.7704076105938027,False,,,,,,-0.6462722682337522,-0.46742592111781667,-0.8960547031732208,-0.27615447536150556,-0.36602900897297014
599,7,348,RP 7,RP,Robinson Ortiz,SEA,RP,sa3004006,13.242,3.043,,,,1.68,1.229,24.4,4.153,1.408,0.0,0.0,0.0,0.0,Balanced,0.0,-2.169002189024898,False,,,,,,-0.5596471621003185,-0.4621888552202646,-0.6726793356066677,-0.009668887975428019,-0.41104232972006755
600,7,349,RP 7,RP,Jackson Kowar,BAL,RP,21549,13.401,3.415,,,,1.003,1.174,21.125,4.763,1.441,0.0,0.0,0.0,0.0,Balanced,0.0,-2.8440364812803494,False,,,,,,-0.6590822376636657,-0.46929445450595564,-0.7450060324444934,-0.405776495321859,-0.464649323046865
601,7,350,RP 7,RP,Danny Young,ATL,RP,18439,6.976,1.369,,,,0.441,2.404,15.321,4.002,1.32,0.0,0.0,0.0,0.0,Balanced,0.0,-2.062044544077289,False,,,,,,-0.7415525448651098,-0.31025316836478883,-0.8731677379183592,0.0558288273900027,-0.05774455747921144
602,7,351,RP 7,RP,Zach McCambley,PHI,RP,sa3014478,20.314,4.975,,,,1.665,3.48,37.036,4.41,1.375,0.0,0.0,0.0,0.0,Balanced,0.0,-1.8786236634528952,False,,,,,,-0.5619475542727542,-0.1711554050231149,-0.3936389995743395,-0.28751700819019693,-0.4314747391120927
603,7,352,RP 7,RP,Nick Anderson,ATH,RP,18337,15.484,4.339,,,,1.319,1.788,24.583,4.629,1.389,0.0,0.0,0.0,0.0,Balanced,0.0,-2.5800989770510965,False,,,,,,-0.612657475659129,-0.3898331648488778,-0.6686292879149062,-0.37839251651526445,-0.36308488648027465
604,7,353,RP 7,RP,Ethan Roberts,CHC,RP,24930,17.157,4.564,,,,1.635,1.332,31.211,4.293,1.332,0.0,0.0,0.0,0.0,Balanced,0.0,-1.9333057239387865,False,,,,,,-0.5663149229472894,-0.44880653547365557,-0.5222622426532096,-0.14165777128713294,-0.18589296586012402
605,7,354,RP 7,RP,Samy Natera Jr.,LAA,RP,sa3020862,11.311,2.801,,,,0.947,1.207,20.015,4.763,1.482,0.0,0.0,0.0,0.0,Balanced,0.0,-2.852953778015217,False,,,,,,-0.6672378399061463,-0.46500911218879815,-0.7695227333572174,-0.34225897843043984,-0.4997782127918272
606,7,355,RP 7,RP,Tayler Saucedo,LAA,RP,17888,11.85,2.539,,,,0.842,1.349,19.601,4.448,1.415,0.0,0.0,0.0,0.0,Balanced,0.0,-2.6025507076079673,False,,,,,,-0.6826610372276699,-0.4466838168895952,-0.7786607362735256,-0.19022709063700072,-0.3633915680279241
607,7,356,RP 7,RP,Bryce Jarvis,ARI,RP,27477,3.392,0.862,,,,0.176,0.346,4.381,5.006,1.567,0.0,0.0,0.0,0.0,Balanced,0.0,-3.047872067575555,False,,,,,,-0.7804784981548927,-0.5763104694003018,-1.11476346180726,-0.13587368487885038,-0.20500692974506446
608,7,357,RP 7,RP,Garrett Acton,MIA,RP,27583,10.567,2.855,,,,0.685,1.169,18.447,4.526,1.358,0.0,0.0,0.0,0.0,Balanced,0.0,-2.51659621923639,False,,,,,,-0.7058119080627239,-0.4699345403378787,-0.8041336371047518,-0.20849835482531898,-0.1749597227815817
609,7,358,RP 7,RP,Jaden Woods,PIT,RP,sa3023064,8.143,1.809,,,,0.814,0.941,11.726,4.697,1.482,0.0,0.0,0.0,0.0,Balanced,0.0,-2.814550510634393,False,,,,,,-0.6868469582490377,-0.4994343506425787,-0.9525720808042194,-0.22362478119285112,-0.3649265190404611
610,7,359,RP 7,RP,Logan VanWey,HOU,RP,31884,6.104,1.344,,,,0.59,0.0,10.154,4.902,1.549,0.0,0.0,0.0,0.0,Balanced,0.0,-3.182351764951985,False,,,,,,-0.7197502000349056,-0.6211034172977374,-0.9872735254216349,-0.21960184756828338,-0.3529580327384247
611,7,360,RP 7,RP,Rolddy Muñoz,ATL,RP,27407,8.318,1.718,,,,0.513,0.889,13.637,4.577,1.471,0.0,0.0,0.0,0.0,Balanced,0.0,-2.851564816210159,False,,,,,,-0.7310674835931327,-0.5062018035746376,-0.9103513273588607,-0.18386581107396144,-0.35965355746399247
612,7,361,RP 7,RP,Dom Hamel,NYY,RP,30153,9.727,2.511,,,,0.346,1.417,16.508,4.425,1.332,0.0,0.0,0.0,0.0,Balanced,0.0,-2.444137352775628,False,,,,,,-0.7554894422153619,-0.4378449039641373,-0.8469616768724848,-0.14518326833893505,-0.10065433144360593
613,7,362,RP 7,RP,Riley Cornelio,WSN,RP,sa3020830,7.051,1.729,,,,0.91,0.629,8.67,5.031,1.483,0.0,0.0,0.0,0.0,Balanced,0.0,-2.9627685852079435,False,,,,,,-0.6727326503090991,-0.5397531632300069,-1.0200455661850198,-0.2890146552223751,-0.29549414232580823
614,7,363,RP 7,RP,RJ Petit,COL,RP,sa3017848,12.14,3.07,,,,0.936,1.816,18.435,4.765,1.433,0.0,0.0,0.0,0.0,Balanced,0.0,-2.726941058353169,False,,,,,,-0.668838131869881,-0.3863276927645139,-0.8044052597143956,-0.3685465386178706,-0.3982984735126767
615,7,364,RP 7,RP,Cam Sanders,PIT,RP,23479,14.134,3.091,,,,1.078,0.88,23.027,4.747,1.5,0.0,0.0,0.0,0.0,Balanced,0.0,-3.126883948642147,False,,,,,,-0.6481014249962633,-0.5073243460204808,-0.7030016937612898,-0.4183849391643664,-0.6844641058103248
616,7,365,RP 7,RP,Nate Pearson,HOU,RP,20160,23.539,5.94,,,,2.103,2.671,42.21,4.496,1.38,0.0,0.0,0.0,0.0,Balanced,0.0,-2.0250405316801654,False,,,,,,-0.49757767809090103,-0.2757041411904225,-0.2793720051563971,-0.4311628749636114,-0.5170844174898587
617,7,366,RP 7,RP,Ryan Lambert,NYM,RP,sa3025613,13.027,3.246,,,,1.168,1.171,28.596,4.167,1.349,0.0,0.0,0.0,0.0,Balanced,0.0,-2.0047553004779513,False,,,,,,-0.6348598567796898,-0.4696435922324591,-0.5800162760679524,-0.019729600475768397,-0.20192855843713817
618,7,367,RP 7,RP,Michael Fulmer,SFG,RP,13218,5.125,1.295,,,,0.5,0.867,10.561,4.046,1.304,0.0,0.0,0.0,0.0,Balanced,0.0,-2.3593980279099016,False,,,,,,-0.7328467275707921,-0.5090481812175245,-0.9782901044782949,0.027521112465144,-0.02063450871726219
619,7,368,RP 7,RP,Matt Pushard,STL,RP,sa3019955,25.94,6.167,,,,2.762,5.495,43.455,4.303,1.367,0.0,0.0,0.0,0.0,Balanced,0.0,-1.3186238320996666,False,,,,,,-0.40082614872488165,0.08951211468706796,-0.2518762887931897,-0.22684776822213548,-0.5065173736560351
620,7,369,RP 7,RP,Hayden Harris,ATL,RP,31913,17.361,4.331,,,,1.531,2.865,37.428,3.989,1.305,0.0,0.0,0.0,0.0,Balanced,0.0,-1.199383689823687,False,,,,,,-0.5815808949965298,-0.25062303088337734,-0.38498903402983037,0.15170085586446277,-0.07349922303247895
621,7,370,RP 7,RP,Adam Macko,TOR,RP,sa3011555,7.793,1.82,,,,1.114,0.397,13.856,4.356,1.409,0.0,0.0,0.0,0.0,Balanced,0.0,-2.746225002971094,False,,,,,,-0.6427893834672532,-0.5697106025769645,-0.9055217448605607,-0.08956695573091954,-0.23339526193297386
622,7,371,RP 7,RP,Paxton Schultz,WSN,RP,25501,21.815,5.886,,,,1.807,1.623,38.22,4.368,1.347,0.0,0.0,0.0,0.0,Balanced,0.0,-1.9929551329461153,False,,,,,,-0.5411104346201995,-0.41121862645882995,-0.3674925630037527,-0.2635793080729587,-0.31513796747003814
623,7,372,RP 7,RP,Victor Mederos,LAA,RP,31533,15.349,3.563,,,,1.55,0.911,20.851,4.892,1.437,0.0,0.0,0.0,0.0,Balanced,0.0,-3.0482721107666553,False,,,,,,-0.5787233880637626,-0.5032938742436709,-0.7510590208431402,-0.5461389128364145,-0.5053010840645124
624,7,115,SP 7,SP,Carson Spiers,CIN,SP,27685,3.764,1.043,,,,0.568,0.0,4.841,5.436,1.507,0.0,0.0,0.0,0.0,Balanced,0.0,-3.05591699071837,False,,,,,,-0.7228671066465938,-0.6211034172977374,-1.1046122844738415,-0.20776516751737603,-0.16451494472213615
625,7,373,RP 7,RP,Edgardo Henriquez,LAD,RP,26944,18.082,4.565,,,,2.126,4.625,36.17,4.245,1.368,0.0,0.0,0.0,0.0,Balanced,0.0,-1.4473201363579447,False,,,,,,-0.4941527802362152,-0.023067603844514742,-0.4127674145721792,-0.10402352052011385,-0.3662303715243159
626,7,374,RP 7,RP,Tim Hill,NYY,RP,16814,30.634,6.144,,,,3.404,14.069,36.427,4.063,1.346,0.0,0.0,0.0,0.0,Balanced,0.0,0.2305326102124323,False,,,,,,-0.30665246789415074,1.1981579738435464,-0.4070898395364546,0.13512023396592904,-0.46846455308170054
627,7,375,RP 7,RP,Braden Nett,ATH,RP,sa3020336,13.745,2.962,,,,2.483,0.641,19.913,4.756,1.503,0.0,0.0,0.0,0.0,Balanced,0.0,-3.0132866702535126,False,,,,,,-0.4417795886958076,-0.5382657072048329,-0.7717707969069522,-0.41188066338505325,-0.6731794964829747
628,7,116,SP 7,SP,Nestor Cortes,,SP,17874,7.125,2.447,,,,1.86,0.0,11.361,4.503,1.231,0.0,0.0,0.0,0.0,Balanced,0.0,-2.3635784456746647,False,,,,,,-0.5333275634387153,-0.6211034172977374,-0.9606258015958521,-0.1327849360614156,0.10071080130941501
629,7,117,SP 7,SP,Didier Fuentes,ATL,SP,30661,5.257,1.47,,,,0.837,0.025,8.032,4.831,1.362,0.0,0.0,0.0,0.0,Balanced,0.0,-2.9145768529814924,False,,,,,,-0.6834302813236217,-0.617873389017531,-1.0341396879860718,-0.17398610760999875,-0.08603137908244696
630,7,376,RP 7,RP,Welinton Herrera,COL,RP,sa3016061,9.472,2.184,,,,0.741,0.843,16.92,4.476,1.447,0.0,0.0,0.0,0.0,Balanced,0.0,-2.649662913592559,False,,,,,,-0.6974755921786181,-0.5121423173359596,-0.8378501737229712,-0.16452808559840437,-0.3626920091257928
631,7,377,RP 7,RP,Yuki Matsui,SDP,RP,33826,23.882,6.393,,,,2.196,4.999,48.31,4.136,1.339,0.0,0.0,0.0,0.0,Balanced,0.0,-0.8821957250634136,False,,,,,,-0.4840058046804551,0.025283574727067604,-0.1446670655981859,0.005668234517608878,-0.31250472363633797
632,7,378,RP 7,RP,Easton McGee,MIL,RP,22176,13.775,3.189,,,,1.476,0.885,22.954,4.161,1.294,0.0,0.0,0.0,0.0,Balanced,0.0,-1.9210219588605688,False,,,,,,-0.5895918969652484,-0.5066086136811487,-0.7046071379662574,-0.015738161269042546,-0.01625059449874547
633,7,379,RP 7,RP,Connor Phillips,CIN,RP,27649,27.008,7.075,,,,2.996,8.231,55.094,4.35,1.347,0.0,0.0,0.0,0.0,Balanced,0.0,-0.6508883663901214,False,,,,,,-0.3664288998465518,0.443293372953036,0.005129491149500551,-0.3017182740289069,-0.39169256770521044
634,7,380,RP 7,RP,Elvis Alvarado,ATH,RP,21662,30.314,7.567,,,,2.822,13.715,61.527,4.205,1.378,0.0,0.0,0.0,0.0,Balanced,0.0,0.12074927555408367,False,,,,,,-0.39196369336751413,1.152437354075764,0.14719694924878735,-0.10793880907704623,-0.6996393818404215
635,7,381,RP 7,RP,Joel Payamps,ATL,RP,14332,25.768,6.686,,,,2.422,10.032,46.901,4.194,1.279,0.0,0.0,0.0,0.0,Balanced,0.0,0.04878385547064169,False,,,,,,-0.4507961864769821,0.6761315124144346,-0.17579545832614127,-0.0764721231083792,0.06824397225410424
636,7,382,RP 7,RP,Elmer Rodríguez,NYY,RP,sa3019459,3.284,0.747,,,,0.283,0.82,6.485,3.923,1.304,0.0,0.0,0.0,0.0,Balanced,0.0,-2.4791344559130994,False,,,,,,-0.7647712383666389,-0.5150302035752197,-1.068292366599451,0.042089146130857756,-0.013451436816357435
637,7,383,RP 7,RP,Jose Corniell,TEX,RP,27984,8.438,2.328,,,,0.592,1.132,15.502,4.2,1.224,0.0,0.0,0.0,0.0,Balanced,0.0,-2.204915642146978,False,,,,,,-0.7194515160582599,-0.4746762444566568,-0.8691640648184881,-0.02807142379205945,0.1427389744708814
638,7,384,RP 7,RP,Brent Suter,LAA,RP,13942,32.487,8.311,,,,1.99,8.484,48.1,4.372,1.32,0.0,0.0,0.0,0.0,Balanced,0.0,-0.8577969341935129,False,,,,,,-0.5141956994003926,0.47590658660626356,-0.14930231647332634,-0.39836096630667195,-0.25021947645977344
639,7,385,RP 7,RP,Zach Pop,PHI,RP,20185,12.988,3.08,,,,0.987,2.105,17.885,4.629,1.4,0.0,0.0,0.0,0.0,Balanced,0.0,-2.6314262674407622,False,,,,,,-0.6614680687795832,-0.34892292976308775,-0.81655540278968,-0.31751448300809537,-0.3379891435074906
640,7,386,RP 7,RP,Randy Dobnak,SEA,RP,23798,5.818,1.315,,,,0.708,0.568,8.741,4.229,1.388,0.0,0.0,0.0,0.0,Balanced,0.0,-2.6705250338193904,False,,,,,,-0.7023644026525463,-0.5476153569000578,-1.018489146548622,-0.028452323170036906,-0.14809530981598792
641,7,387,RP 7,RP,Scott McGough,,RP,12056,15.366,4.032,,,,1.472,1.062,23.097,4.857,1.401,0.0,0.0,0.0,0.0,Balanced,0.0,-2.81853389686302,False,,,,,,-0.5902554433991608,-0.483794402908183,-0.7014580823455094,-0.5248192057777257,-0.38336421755774713
642,7,388,RP 7,RP,Vinny Nittoli,BOS,RP,16754,8.042,2.438,,,,0.615,0.0,11.853,5.292,1.388,0.0,0.0,0.0,0.0,Balanced,0.0,-2.9968143330010073,False,,,,,,-0.7159816379762841,-0.6211034172977374,-0.9497608972101015,-0.4052323356651175,-0.16253169383703153
643,7,389,RP 7,RP,Carson Seymour,SFG,RP,30084,13.25,3.056,,,,1.926,0.719,22.136,4.173,1.381,0.0,0.0,0.0,0.0,Balanced,0.0,-2.2287812301995222,False,,,,,,-0.5235034061590998,-0.5280711442114697,-0.7226777706062162,-0.024160485536001634,-0.31589651437195326
644,7,390,RP 7,RP,Angel Bastardo,TOR,RP,sa3009716,8.132,1.917,,,,0.734,1.256,15.641,4.161,1.345,0.0,0.0,0.0,0.0,Balanced,0.0,-2.322782258589197,False,,,,,,-0.698532275194393,-0.4586923055444668,-0.8661143833232194,-0.009571984373553359,-0.11747759741067404
645,7,391,RP 7,RP,Hunter Stratton,ATL,RP,23455,8.682,2.101,,,,0.779,1.503,15.222,4.241,1.324,0.0,0.0,0.0,0.0,Balanced,0.0,-2.246276877215616,False,,,,,,-0.6919474576516611,-0.4266901734298088,-0.8753539686789065,-0.047827699332118494,-0.0768325504860315
646,7,392,RP 7,RP,Jake Bennett,BOS,RP,sa3020737,10.292,2.228,,,,0.862,0.602,14.842,4.401,1.357,0.0,0.0,0.0,0.0,Balanced,0.0,-2.5419144424004445,False,,,,,,-0.6797615448347039,-0.5432687215153587,-0.8837543947527673,-0.14122170418361427,-0.17340003087716727
647,7,393,RP 7,RP,Richard Lovelady,NYM,RP,19337,12.625,2.952,,,,0.777,2.228,22.943,4.052,1.269,0.0,0.0,0.0,0.0,Balanced,0.0,-1.7132994479195114,False,,,,,,-0.6922190419221784,-0.33302921967735055,-0.7048544691230062,0.06338184277754795,0.06924535066457863
648,7,394,RP 7,RP,Travis Adams,MIN,RP,30180,33.224,7.648,,,,3.339,4.507,47.152,4.698,1.393,0.0,0.0,0.0,0.0,Balanced,0.0,-2.335248492468572,False,,,,,,-0.3161386862598577,-0.03834274144779504,-0.17025038212438928,-0.9138973384956213,-0.7962534369688057
649,7,395,RP 7,RP,Doug Nikhazy,CLE,RP,30142,14.049,3.545,,,,2.158,0.596,22.121,4.64,1.451,0.0,0.0,0.0,0.0,Balanced,0.0,-2.9016435577282653,False,,,,,,-0.48953467321895394,-0.5440242814175659,-0.7230134343189467,-0.35058380165130343,-0.5325819920909687
650,7,396,RP 7,RP,Pedro Avila,,RP,18864,18.145,4.084,,,,2.345,1.674,29.642,4.42,1.395,0.0,0.0,0.0,0.0,Balanced,0.0,-2.199509093045457,False,,,,,,-0.46210906596595763,-0.4046692798645177,-0.5569173126787348,-0.2659917402654794,-0.4746373232105068
651,7,397,RP 7,RP,Enyel De Los Santos,HOU,RP,18403,30.287,8.481,,,,3.285,8.706,55.38,4.34,1.298,0.0,0.0,0.0,0.0,Balanced,0.0,-0.15448001216253823,False,,,,,,-0.32409551817678117,0.5047313067892018,0.011458518785590205,-0.322996389104361,-0.06551015430505014
652,7,398,RP 7,RP,John Brebbia,COL,RP,12777,22.139,6.384,,,,1.582,5.837,35.296,5.07,1.401,0.0,0.0,0.0,0.0,Balanced,0.0,-2.4393363999884143,False,,,,,,-0.5740572766916584,0.13373842498541538,-0.4320680780541833,-0.939832169834256,-0.530963902436855
653,7,399,RP 7,RP,Chase Petty,CIN,RP,30170,29.129,7.642,,,,4.019,0.905,36.955,5.163,1.515,0.0,0.0,0.0,0.0,Balanced,0.0,-4.093256855558476,False,,,,,,-0.2163631761433593,-0.5041096927312674,-0.39543435877466776,-1.336041170369902,-1.3889162209241017
654,7,118,SP 7,SP,Pete Hansen,STL,SP,sa3020798,4.523,1.114,,,,0.618,0.0,5.208,4.706,1.409,0.0,0.0,0.0,0.0,Balanced,0.0,-2.845672242974309,False,,,,,,-0.7155855653482539,-0.6211034172977374,-1.0965026933405504,-0.12588117995047138,-0.12583120261101663
655,7,400,RP 7,RP,Kervin Castro,NYY,RP,21656,13.822,3.173,,,,1.512,1.552,24.826,4.306,1.364,0.0,0.0,0.0,0.0,Balanced,0.0,-2.156410902235534,False,,,,,,-0.5843128859556255,-0.4203789659201284,-0.6632763350224145,-0.12366683281480285,-0.2591803040718475
656,7,401,RP 7,RP,Gus Varland,WSN,RP,24737,15.193,3.56,,,,1.161,2.659,26.665,4.349,1.386,0.0,0.0,0.0,0.0,Balanced,0.0,-2.2002013803138714,False,,,,,,-0.6358346241073842,-0.27732689455012993,-0.622667650723722,-0.16872042281859542,-0.36641788253352375
657,7,402,RP 7,RP,Dylan Ross,NYM,RP,sa3025659,13.975,3.248,,,,0.944,2.016,30.511,3.996,1.396,0.0,0.0,0.0,0.0,Balanced,0.0,-2.027234073108507,False,,,,,,-0.6676874953767379,-0.36037253555570764,-0.5377226482639088,0.11624158454216849,-0.4074139640149404
658,7,119,SP 7,SP,Matt Waldron,SDP,SP,25550,10.672,2.859,,,,1.635,0.032,13.852,4.945,1.378,0.0,0.0,0.0,0.0,Balanced,0.0,-2.9755353202669657,False,,,,,,-0.5662719098709318,-0.616923372332688,-0.9056100774165423,-0.4022454836902065,-0.20889367217581947
659,7,403,RP 7,RP,Grant Anderson,MIL,RP,20546,28.893,7.723,,,,2.634,8.134,55.631,4.253,1.321,0.0,0.0,0.0,0.0,Balanced,0.0,-0.32251544585273256,False,,,,,,-0.41961244012925986,0.43071277687469434,0.016992553417844423,-0.17788491053921054,-0.2320904188925143
660,7,404,RP 7,RP,Franco Aleman,CLE,RP,sa3018178,7.915,1.919,,,,0.842,0.881,16.875,4.138,1.375,0.0,0.0,0.0,0.0,Balanced,0.0,-2.3081382093154854,False,,,,,,-0.6827317959403127,-0.5072034409188954,-0.8388615814889618,0.0010676300839369088,-0.17743730926947052
661,7,405,RP 7,RP,John Klein,MIN,RP,sa3020405,21.866,5.429,,,,2.266,1.838,34.308,4.533,1.366,0.0,0.0,0.0,0.0,Balanced,0.0,-2.167918781391534,False,,,,,,-0.4737043930962711,-0.3834660565098762,-0.4538773861260678,-0.4385984869375712,-0.40412713388527166
662,7,406,RP 7,RP,Chris Roycroft,STL,RP,31261,21.021,3.835,,,,2.104,2.114,31.335,4.441,1.468,0.0,0.0,0.0,0.0,Balanced,0.0,-2.8008968773986567,False,,,,,,-0.4974367478748488,-0.347766465354358,-0.5195371833011738,-0.33029004250044897,-0.9233144039923488
663,7,407,RP 7,RP,Spencer Miles,TOR,RP,sa3020475,5.262,1.395,,,,0.484,0.355,10.069,4.232,1.34,0.0,0.0,0.0,0.0,Balanced,0.0,-2.568635248502399,False,,,,,,-0.7352742505422917,-0.5751634873136034,-0.9891439672945477,-0.026384799817275897,-0.06888542122339275
664,7,120,SP 7,SP,Ryan Webb,CLE,SP,sa3018280,3.947,0.948,,,,0.55,0.0,5.406,4.709,1.413,0.0,0.0,0.0,0.0,Balanced,0.0,-2.8584685887561996,False,,,,,,-0.7255430191238855,-0.6211034172977374,-1.0921308943136256,-0.1104209331484945,-0.11312508290591224
665,7,408,RP 7,RP,Isaac Mattson,PIT,RP,20385,31.876,7.561,,,,3.273,16.291,58.928,4.215,1.346,0.0,0.0,0.0,0.0,Balanced,0.0,0.6876674050228244,False,,,,,,-0.3257837447232402,1.4855406072138913,0.08981170425526813,-0.13071493725542885,-0.4649064319792982
666,7,409,RP 7,RP,Chase Lee,TOR,RP,29574,11.791,3.332,,,,1.555,1.217,23.357,4.03,1.258,0.0,0.0,0.0,0.0,Balanced,0.0,-1.8245973582902655,False,,,,,,-0.5780224070412111,-0.4636953198549925,-0.6957142578927986,0.07476622410181588,0.10095375892781493
667,7,410,RP 7,RP,Colton Gordon,HOU,RP,31312,16.571,5.065,,,,2.148,1.178,27.974,4.347,1.297,0.0,0.0,0.0,0.0,Balanced,0.0,-1.8996583345436255,False,,,,,,-0.49098596083967505,-0.4687615668870961,-0.59374536358141,-0.1822890454420705,-0.03203618736598307
668,7,411,RP 7,RP,Peter Lambert,HOU,RP,17969,5.261,1.322,,,,0.485,0.721,8.806,4.593,1.406,0.0,0.0,0.0,0.0,Balanced,0.0,-2.726321967323214,False,,,,,,-0.7351519642194047,-0.5278129116041261,-1.0170502092116802,-0.12012371351546229,-0.14535381303693456
669,7,412,RP 7,RP,Keegan Thompson,COL,RP,19795,24.976,6.345,,,,2.002,4.072,41.833,4.744,1.424,0.0,0.0,0.0,0.0,Balanced,0.0,-2.42014043983863,False,,,,,,-0.5123515688024257,-0.09456221713412855,-0.28769955687157295,-0.7357095295180791,-0.7749965568799134
670,7,413,RP 7,RP,Taylor Clarke,ARI,RP,17611,30.246,8.431,,,,2.396,7.811,49.046,4.297,1.282,0.0,0.0,0.0,0.0,Balanced,0.0,-0.30714673040505,False,,,,,,-0.45454845347937256,0.3889652151242526,-0.1284271251809482,-0.2566047354032999,0.06166002611352233
671,7,414,RP 7,RP,Tommy Kahnle,BOS,RP,11384,24.662,5.716,,,,1.603,6.94,42.944,4.271,1.387,0.0,0.0,0.0,0.0,Balanced,0.0,-1.4033169338902174,False,,,,,,-0.571011128792613,0.2763512293713648,-0.26317623101715015,-0.17574359889673868,-0.6166209563927979
672,7,415,RP 7,RP,Luke Jackson,,RP,11752,21.202,4.616,,,,2.108,3.711,36.705,4.319,1.394,0.0,0.0,0.0,0.0,Balanced,0.0,-1.7909325518008363,False,,,,,,-0.4969185357262401,-0.141283439764016,-0.40095293520962516,-0.2035252225440039,-0.5572495587827178
673,7,121,SP 7,SP,Brody Hopkins,TBR,SP,sa3023515,3.651,0.868,,,,0.549,0.0,5.713,4.63,1.42,0.0,0.0,0.0,0.0,Balanced,0.0,-2.80253659315899,False,,,,,,-0.7257717664808153,-0.6211034172977374,-1.0853540206187087,-0.08941899466152878,-0.11259796023251137
674,7,416,RP 7,RP,Collin Snider,CHC,RP,23307,5.57,1.381,,,,0.602,1.063,8.436,4.523,1.365,0.0,0.0,0.0,0.0,Balanced,0.0,-2.569353930767876,False,,,,,,-0.7179683136156952,-0.4836569460921558,-1.0252161123494095,-0.10915140073278858,-0.101188946110665
675,7,417,RP 7,RP,Jeff Criswell,COL,RP,27608,6.278,1.739,,,,0.628,0.724,10.765,4.735,1.432,0.0,0.0,0.0,0.0,Balanced,0.0,-2.7953927032475825,False,,,,,,-0.7140485451794344,-0.5274706273218838,-0.9737785191815289,-0.18269691557714665,-0.20583075981711202
676,7,418,RP 7,RP,Max Lazar,PHI,RP,23426,20.228,5.19,,,,1.587,2.009,29.585,4.447,1.312,0.0,0.0,0.0,0.0,Balanced,0.0,-2.0012449249894835,False,,,,,,-0.5733027128265454,-0.3613485306736077,-0.5581870931709719,-0.32281795616468406,-0.10931669288173004
677,7,419,RP 7,RP,Will Klein,LAD,RP,27787,24.83,5.024,,,,2.827,6.33,51.865,4.324,1.489,0.0,0.0,0.0,0.0,Balanced,0.0,-1.9179437732814433,False,,,,,,-0.39126051031033693,0.19738015494435174,-0.06616371478333911,-0.24403346835832018,-1.2534059826191186
678,7,420,RP 7,RP,Luis Perales,WSN,RP,sa3014677,8.638,2.093,,,,1.037,0.775,17.26,4.192,1.391,0.0,0.0,0.0,0.0,Balanced,0.0,-2.3501387555462463,False,,,,,,-0.6541479184741372,-0.520823691560603,-0.8303419064645257,-0.024662725512864664,-0.22763942598317774
679,7,421,RP 7,RP,Jose Espada,BAL,RP,21131,7.746,2.153,,,,0.746,1.202,14.931,4.418,1.4,0.0,0.0,0.0,0.0,Balanced,0.0,-2.5253208740185875,False,,,,,,-0.6968483059148772,-0.4656414394045767,-0.8817757454987769,-0.1126930271908228,-0.21198078940547357
680,7,422,RP 7,RP,Ronan Kopp,LAD,RP,sa3017751,7.004,1.52,,,,0.779,0.892,15.026,4.327,1.469,0.0,0.0,0.0,0.0,Balanced,0.0,-2.6300550387804766,False,,,,,,-0.692003829738082,-0.5057538728025606,-0.8796756389803118,-0.0699938990858831,-0.3167320317372806
681,7,423,RP 7,RP,Lake Bachar,MIA,RP,19222,26.382,7.291,,,,2.989,7.144,50.31,4.301,1.348,0.0,0.0,0.0,0.0,Balanced,0.0,-0.7231303115931919,False,,,,,,-0.3675255130902082,0.3026658691282006,-0.1005140374907272,-0.22926329486198363,-0.39397015421455883
682,7,424,RP 7,RP,Tyler Samaniego,BOS,RP,sa3017876,13.074,3.004,,,,1.602,1.133,20.624,4.402,1.421,0.0,0.0,0.0,0.0,Balanced,0.0,-2.4812074937286037,False,,,,,,-0.5711858235395945,-0.4746065203595714,-0.7560652684534036,-0.17994974575471745,-0.42487125439442214
683,7,425,RP 7,RP,Joey Gerber,NYM,RP,24591,6.931,1.903,,,,0.439,1.32,12.489,4.322,1.282,0.0,0.0,0.0,0.0,Balanced,0.0,-2.3393703493070492,False,,,,,,-0.7418462962841936,-0.45042550004247905,-0.9357049792395116,-0.06759913997160648,0.013882714333533351
684,7,426,RP 7,RP,Colin Holderman,CLE,RP,22361,20.118,4.479,,,,1.723,4.469,36.718,4.231,1.373,0.0,0.0,0.0,0.0,Balanced,0.0,-1.6602010345654805,False,,,,,,-0.5533375988858138,-0.04323351444476333,-0.40066585440268465,-0.09989392417094693,-0.4316149002181846
685,7,122,SP 7,SP,Dane Dunning,SEA,SP,19409,7.725,1.883,,,,1.173,0.25,12.459,4.425,1.331,0.0,0.0,0.0,0.0,Balanced,0.0,-2.543331401631446,False,,,,,,-0.6340552333274166,-0.58873056686577,-0.936369681723274,-0.11535682601137726,-0.07947016964057879
686,7,427,RP 7,RP,Alex Lange,KCR,RP,19883,22.209,4.401,,,,2.422,5.411,47.581,4.004,1.436,0.0,0.0,0.0,0.0,Balanced,0.0,-1.3321235210558442,False,,,,,,-0.45075067776138195,0.07865354346200272,-0.1607612572980538,0.1741710230305285,-0.8876020286356399
687,7,428,RP 7,RP,Jonathan Loáisiga,ARI,RP,19753,24.474,5.762,,,,2.15,9.43,44.05,3.864,1.325,0.0,0.0,0.0,0.0,Balanced,0.0,-0.07550378928684369,False,,,,,,-0.4907102661045229,0.5983363855743926,-0.23873902940480954,0.40419685116761717,-0.2474935817016781
688,7,429,RP 7,RP,Porter Hodge,CHC,RP,26413,15.473,3.728,,,,1.866,5.224,34.512,4.054,1.366,0.0,0.0,0.0,0.0,Balanced,0.0,-1.2877021558054738,False,,,,,,-0.5323595490172067,0.05436998010153374,-0.4493834673404982,0.0758753999229257,-0.31781913374371557
689,7,430,RP 7,RP,Trevor Stephan,CLE,RP,19932,7.031,1.825,,,,0.759,0.765,12.823,4.367,1.327,0.0,0.0,0.0,0.0,Balanced,0.0,-2.3982613847023146,False,,,,,,-0.6949447203820135,-0.5222070528191712,-0.9283380440706369,-0.0846616442974034,-0.06523413067912134
690,7,431,RP 7,RP,Dylan Dodd,ATL,RP,29928,20.686,5.388,,,,1.726,2.919,35.21,4.184,1.288,0.0,0.0,0.0,0.0,Balanced,0.0,-1.3211178726854766,False,,,,,,-0.5529456367224186,-0.24359243155375004,-0.4339672280077901,-0.049885858849194366,0.01122607409384195
691,7,432,RP 7,RP,Jordan Hicks,CHW,RP,19618,28.655,5.443,,,,2.522,8.113,49.933,4.303,1.415,0.0,0.0,0.0,0.0,Balanced,0.0,-1.4259242065519924,False,,,,,,-0.43608879721115706,0.42803605430483443,-0.10883717257810414,-0.2519641704573746,-0.9147508958614121
692,7,433,RP 7,RP,Anthony Nunez,BAL,RP,sa3010171,8.715,2.082,,,,1.062,1.252,18.709,4.068,1.291,0.0,0.0,0.0,0.0,Balanced,0.0,-2.021240886656535,False,,,,,,-0.6504164973995378,-0.4592405810853464,-0.7983478546879497,0.03574339830401622,-0.003039284010012648
693,7,434,RP 7,RP,Justin Hagenman,NYM,RP,21546,9.556,2.8,,,,0.622,1.274,17.483,4.115,1.224,0.0,0.0,0.0,0.0,Balanced,0.0,-1.956796614389539,False,,,,,,-0.7149349375174795,-0.4562990310844201,-0.8254350329797415,0.013214070309604068,0.16582800835732786
694,7,435,RP 7,RP,Reiver Sanmartin,SFG,RP,19754,13.813,2.829,,,,1.654,1.846,21.588,4.023,1.353,0.0,0.0,0.0,0.0,Balanced,0.0,-1.8978776247389373,False,,,,,,-0.5634420017721414,-0.3824031260980767,-0.7347793307757108,0.09285204501603678,-0.23758151149381768
695,7,436,RP 7,RP,Andrew Morris,MIN,RP,sa3020569,8.507,2.075,,,,1.232,0.843,14.715,4.064,1.268,0.0,0.0,0.0,0.0,Balanced,0.0,-2.0258915763999203,False,,,,,,-0.6255232299662299,-0.5121535673293692,-0.8865611617190862,0.03661929127621544,0.04829674286107377
696,7,437,RP 7,RP,Ron Marinaccio,SDP,RP,23488,20.545,5.0,,,,2.254,1.924,38.165,4.236,1.347,0.0,0.0,0.0,0.0,Balanced,0.0,-1.6515519052849537,False,,,,,,-0.47547365451696005,-0.37228330444023905,-0.3687027190207022,-0.10825952755820253,-0.30636793401498935
697,7,123,SP 7,SP,Caden Dana,LAA,SP,31508,49.375,14.462,,,,8.373,0.169,69.081,5.096,1.415,0.0,0.0,0.0,0.0,Balanced,0.0,-3.23198509184744,False,,,,,,0.42292417630812196,-0.5992089904687047,0.31401960616194896,-2.1448334345886124,-1.328879414704645
698,7,438,RP 7,RP,Zack Kelly,BOS,RP,20349,28.882,6.659,,,,2.719,8.354,53.179,4.322,1.376,0.0,0.0,0.0,0.0,Balanced,0.0,-0.8345896572234928,False,,,,,,-0.4070828631083668,0.45920202742657035,-0.03713984520164807,-0.28157217876241436,-0.6323218410654985
699,7,439,RP 7,RP,Sean Guenther,DET,RP,20045,6.305,1.355,,,,0.658,1.961,10.467,3.926,1.294,0.0,0.0,0.0,0.0,Balanced,0.0,-2.134194737608525,False,,,,,,-0.7096565137170902,-0.36756735892706066,-0.980365919543865,0.07935516402615188,-0.007065203018418127
700,7,124,SP 7,SP,Tony Gonsolin,,SP,19388,9.017,2.639,,,,1.706,0.0,15.36,4.544,1.31,0.0,0.0,0.0,0.0,Balanced,0.0,-2.466223236729402,False,,,,,,-0.5558501203938698,-0.6211034172977374,-0.8723219536948341,-0.1853866259215817,-0.044882886433830274
701,7,440,RP 7,RP,Anthony Banda,MIN,RP,14706,28.287,6.588,,,,3.007,10.949,52.853,4.277,1.386,0.0,0.0,0.0,0.0,Balanced,0.0,-0.5180768926477702,False,,,,,,-0.3648962837469839,0.7947224774245233,-0.044338948514157595,-0.21043860244011517,-0.695793260239002
702,7,125,SP 7,SP,Kyle Wright,CHC,SP,19665,11.119,2.519,,,,1.64,0.0,17.019,4.857,1.436,0.0,0.0,0.0,0.0,Balanced,0.0,-3.0388727902361445,False,,,,,,-0.5655433300144035,-0.6211034172977374,-0.8356683595902229,-0.37991060069279076,-0.366260446069436
703,7,441,RP 7,RP,Dax Fulton,MIA,RP,sa3014535,9.006,1.684,,,,1.191,0.591,15.073,4.301,1.423,0.0,0.0,0.0,0.0,Balanced,0.0,-2.5816589493005857,False,,,,,,-0.6315154065900005,-0.5446425138140153,-0.8786465647031247,-0.07787716524235613,-0.306122241116963
704,7,442,RP 7,RP,Kolby Allard,CLE,RP,18694,13.084,3.532,,,,1.249,1.779,19.201,4.374,1.337,0.0,0.0,0.0,0.0,Balanced,0.0,-2.2449372784065305,False,,,,,,-0.6229651997425737,-0.3910255348400217,-0.7874962001855962,-0.16170998963205488,-0.15410038180138885
705,7,126,SP 7,SP,Jackson Jobe,DET,SP,30203,4.717,1.18,,,,0.813,0.0,7.023,4.498,1.385,0.2,0.0,0.0,0.0,Balanced,0.0,-2.7669596812390407,False,,,,,,-0.686961757654197,-0.6211034172977374,-1.0564107544943508,-0.08699148729236948,-0.10947849072312849
706,7,127,SP 7,SP,Jared Lyons,CIN,SP,sa3020483,4.195,1.158,,,,0.461,0.0,4.896,5.377,1.486,0.0,0.0,0.0,0.0,Balanced,0.0,-3.0252613973811897,False,,,,,,-0.7386783465098787,-0.6211034172977374,-1.1033930743699039,-0.22329616070954422,-0.16725188490191484
707,7,443,RP 7,RP,Keegan Akin,BAL,RP,19362,31.286,8.831,,,,3.605,18.406,65.367,4.008,1.282,0.0,0.0,0.0,0.0,Balanced,0.0,2.125130213661704,False,,,,,,-0.2770292300845901,1.7589529470441416,0.23199399467733103,0.2389920643372872,0.06490954459277895
708,7,444,RP 7,RP,Huascar Brazobán,NYM,RP,6107,25.63,5.635,,,,2.654,9.974,49.389,4.04,1.339,0.0,0.0,0.0,0.0,Balanced,0.0,-0.007298352935229116,False,,,,,,-0.41668079803075675,0.6686472926608908,-0.12084819187771727,0.14742259168495553,-0.3436837807632652
709,7,445,RP 7,RP,Greg Weissert,BOS,RP,20375,31.33,7.848,,,,3.751,16.543,55.553,4.129,1.313,0.0,0.0,0.0,0.0,Balanced,0.0,1.1912661852405333,False,,,,,,-0.25559609305998104,1.5180427433459829,0.015270068576201133,0.019183836843246992,-0.19165987993970177
710,7,128,SP 7,SP,Drew Thorpe,CHW,SP,31967,24.5,6.711,,,,4.848,0.0,32.347,4.772,1.349,0.0,0.0,0.0,0.0,Balanced,0.0,-2.3220599875187853,False,,,,,,-0.09467580667459959,-0.6211034172977374,-0.4971912549517003,-0.7507532852095018,-0.3320955500739471
711,7,446,RP 7,RP,Javier Assad,CHC,RP,21741,28.156,6.75,,,,4.298,3.139,47.693,4.066,1.323,0.0,0.0,0.0,0.0,Balanced,0.0,-0.5715450645366238,False,,,,,,-0.17540973617243333,-0.21524891367512192,-0.15828794573056598,0.11883960642389213,-0.25005011697138857
712,7,447,RP 7,RP,Spencer Bivens,SFG,RP,30226,33.928,7.572,,,,2.994,8.975,51.148,4.155,1.335,0.0,0.0,0.0,0.0,Balanced,0.0,-0.21336094581696802,False,,,,,,-0.3668061817791083,0.5394152562983214,-0.08200395038475962,-0.02870830208427206,-0.4020371728631424
713,7,448,RP 7,RP,Gordon Graceffo,STL,RP,29519,32.29,6.771,,,,3.266,6.956,50.12,4.34,1.335,0.0,0.0,0.0,0.0,Balanced,0.0,-0.9315971592517209,False,,,,,,-0.32680548878961874,0.27835358595696985,-0.10469437570256178,-0.34515336394418183,-0.36579301449321977
714,7,449,RP 7,RP,Grant Wolfram,BAL,RP,21623,20.454,4.246,,,,2.385,3.854,36.508,4.321,1.398,0.0,0.0,0.0,0.0,Balanced,0.0,-1.8273655459216351,False,,,,,,-0.4562366800258315,-0.12268862307097922,-0.4052856470805282,-0.19833110985259572,-0.5600690660750078
715,7,450,RP 7,RP,Jalen Beeks,TEX,RP,17192,25.41,5.981,,,,3.078,10.332,46.487,4.055,1.333,0.0,0.0,0.0,0.0,Balanced,0.0,0.05733587079910563,False,,,,,,-0.3543940466049255,0.714896144877846,-0.18492904461465018,0.12267557278917098,-0.29510676225245003
716,7,451,RP 7,RP,PJ Poulin,WSN,RP,23394,27.816,6.307,,,,3.625,14.696,55.429,3.996,1.359,0.0,0.0,0.0,0.0,Balanced,0.0,0.6752854491728308,False,,,,,,-0.2741254804246807,1.2792661590875676,0.012536175968567088,0.23186901776471824,-0.5254618650616597
717,7,452,RP 7,RP,Cooper Criswell,SEA,RP,24975,29.594,7.303,,,,4.143,3.446,49.131,4.017,1.284,0.0,0.0,0.0,0.0,Balanced,0.0,-0.2538076758756815,False,,,,,,-0.19818024222645472,-0.17547778180133555,-0.12653901679683904,0.21013107844278023,0.04769122151428829
718,7,453,RP 7,RP,Scott Barlow,ATH,RP,14993,28.505,6.43,,,,3.133,16.783,58.394,4.297,1.401,0.0,0.0,0.0,0.0,Balanced,0.0,0.2339143079131928,False,,,,,,-0.3463375359206067,1.5491470354693704,0.0780060581483124,-0.24134328945523612,-0.8094248613020395
719,7,454,RP 7,RP,Ryne Stanek,STL,RP,15947,28.793,7.284,,,,3.297,15.027,57.292,4.242,1.371,0.0,0.0,0.0,0.0,Balanced,0.0,0.21862973156819823,False,,,,,,-0.3223397625684639,1.322029065070789,0.05367485560314992,-0.1597154114259142,-0.6016355120426655
720,7,455,RP 7,RP,Dietrich Enns,BAL,RP,13932,30.125,7.881,,,,3.33,10.234,55.116,4.194,1.333,0.0,0.0,0.0,0.0,Balanced,0.0,-0.01971531840532215,False,,,,,,-0.3174371526775472,0.7023017126007131,0.005619736835199007,-0.09020138614827786,-0.3397112797502566
721,7,456,RP 7,RP,Calvin Faucher,MIA,RP,20116,31.016,7.032,,,,3.108,19.423,62.354,4.065,1.36,0.0,0.0,0.0,0.0,Balanced,0.0,1.3870410442965573,False,,,,,,-0.3500853988537455,1.8905313182390835,0.16545308025630753,0.13244064188948473,-0.5871106748818081
722,7,457,RP 7,RP,Ryan Johnson,LAA,RP,35325,11.424,3.009,,,,1.327,1.733,20.265,4.279,1.317,0.0,0.0,0.0,0.0,Balanced,0.0,-2.0348563678991196,False,,,,,,-0.6115043435267433,-0.3969571261927775,-0.763999740294461,-0.08606305758717031,-0.07901931520865653
723,7,458,RP 7,RP,Philip Abner,ARI,RP,33821,13.154,2.826,,,,1.023,1.125,24.295,4.16,1.339,0.0,0.0,0.0,0.0,Balanced,0.0,-2.2362911103855847,False,,,,,,-0.6560845345263883,-0.47563612751503015,-0.6750068984567859,-0.014303527019679003,-0.1714764646478316
724,7,459,RP 7,RP,Mitchell Parker,WSN,RP,27636,25.962,6.588,,,,4.854,0.581,36.287,4.627,1.355,0.0,0.0,0.0,0.0,Balanced,0.0,-2.1664383198831696,False,,,,,,-0.09370691143924047,-0.5459489121866352,-0.41017485405411586,-0.6325125384921377,-0.3980521522318356
725,7,460,RP 7,RP,Jack Perkins,ATH,RP,31468,11.671,2.643,,,,1.799,1.038,25.72,3.9,1.275,0.0,0.0,0.0,0.0,Balanced,0.0,-1.5355163077085685,False,,,,,,-0.5421926612376338,-0.48693225882859253,-0.6435340087605019,0.16647954299979945,0.04900723958844524
726,7,461,RP 7,RP,Trent Thornton,CHC,RP,17948,12.453,3.327,,,,1.222,1.818,20.817,4.287,1.304,0.0,0.0,0.0,0.0,Balanced,0.0,-1.9942144710177787,False,,,,,,-0.6269281280575005,-0.38596287746098773,-0.7517965976855876,-0.0991228646754806,-0.04626943385766015
727,7,462,RP 7,RP,Jack Kochanowicz,LAA,RP,27688,25.096,5.391,,,,2.809,1.025,26.716,4.948,1.478,0.0,0.0,0.0,0.0,Balanced,0.0,-3.5824360097836627,False,,,,,,-0.3939146960459871,-0.4885914259600716,-0.6215392023210555,-0.9490807079640873,-1.0458664296809117
728,7,463,RP 7,RP,Craig Kimbrel,NYM,RP,6655,6.297,1.704,,,,0.931,1.288,14.727,4.145,1.317,0.0,0.0,0.0,0.0,Balanced,0.0,-2.2438299659740997,False,,,,,,-0.6695743454464455,-0.45451907523059776,-0.886296164051141,-0.0017730391334373988,-0.0451372735866993
729,7,464,RP 7,RP,Sauryn Lao,,RP,21922,2.718,0.615,,,,0.15,0.016,4.518,4.041,1.251,0.0,0.0,0.0,0.0,Balanced,0.0,-2.6164692694971197,False,,,,,,-0.7842304715526663,-0.6190489869495346,-1.1117327718115273,0.015373532548958267,0.02821950632334852
730,7,465,RP 7,RP,Brandyn Garcia,ARI,RP,33568,26.283,4.606,,,,3.275,7.713,46.736,4.174,1.436,0.0,0.0,0.0,0.0,Balanced,0.0,-1.3800758681865004,False,,,,,,-0.32547986394487755,0.3763098777103851,-0.1794215097491904,-0.050298092892565115,-1.005627056137184
731,7,16,3B 7,3B,Bryan Ramos,BAL,3B,25621,3.588,0.658,3.938,0.304,0.268,,,9.402,,,0.0,0.0,0.0,0.0,Balanced,0.0,-4.288684441864705,False,-1.1755922807465597,-0.9737187805083805,-1.122594888061281,-0.5592571227981402,-0.19996280173200814,,,,,
732,7,466,RP 7,RP,Thomas Harrington,PIT,RP,31989,11.194,3.035,,,,1.753,0.567,15.531,4.814,1.361,0.0,0.0,0.0,0.0,Balanced,0.0,-2.7086344032479515,False,,,,,,-0.548997241836022,-0.5477785852527116,-0.8685302787293193,-0.3626707773014997,-0.18138204254669574
733,7,467,RP 7,RP,Julian Aguiar,CIN,RP,30031,20.164,5.64,,,,1.905,0.885,26.489,4.822,1.342,0.0,0.0,0.0,0.0,Balanced,0.0,-2.7700914529952394,False,,,,,,-0.5266668491025472,-0.5066568464115138,-0.6265498665591182,-0.6603419420361669,-0.23808310872428884
734,7,468,RP 7,RP,Ryan Borucki,CHW,RP,16350,6.936,1.667,,,,0.541,0.976,13.173,4.069,1.325,0.0,0.0,0.0,0.0,Balanced,0.0,-2.3020341339488235,False,,,,,,-0.7269521744820994,-0.49488159468897336,-0.920608945422237,0.02816707883059861,-0.06626338123887301
735,7,469,RP 7,RP,Daniel Lynch IV,KCR,RP,21537,28.724,7.074,,,,3.189,7.638,43.052,4.232,1.34,0.0,0.0,0.0,0.0,Balanced,0.0,-0.742298228468427,False,,,,,,-0.3382164322205972,0.3665680299690547,-0.26079566863344306,-0.1439109106933103,-0.3742353590913829
736,7,17,2B 7,2B,Edouard Julien,COL,2B,27534,32.971,7.194,28.286,3.198,0.34,,,86.409,,,0.0,0.0,0.0,0.0,Balanced,0.0,-0.11717565179776275,False,-0.10996799560454468,-0.2455543747819956,-0.2302196747452045,-0.2603946836843702,0.7876201505334268,,,,,
737,7,470,RP 7,RP,Tyler Phillips,MIA,RP,20629,34.522,7.801,,,,2.827,14.186,48.884,4.326,1.362,0.0,0.0,0.0,0.0,Balanced,0.0,-0.20075204881564374,False,,,,,,-0.39137071480324354,1.2132933529080099,-0.13199576044260938,-0.3437915986737768,-0.6293365453504708
738,7,471,RP 7,RP,Craig Yoho,MIL,RP,33248,17.166,4.116,,,,2.393,1.277,34.998,4.061,1.332,0.0,0.0,0.0,0.0,Balanced,0.0,-1.5817034116009896,False,,,,,,-0.45495215982743886,-0.4559457554293062,-0.43863560359142345,0.07693317266921591,-0.19509197068008388
739,7,472,RP 7,RP,Marco Raya,MIN,RP,sa3014550,11.238,2.335,,,,0.948,1.139,18.73,4.515,1.44,0.0,0.0,0.0,0.0,Balanced,0.0,-2.7557357993074,False,,,,,,-0.6670854591100398,-0.47379186566439657,-0.7978929420246438,-0.21612873109227923,-0.40867320003288576
740,7,129,SP 7,SP,Marco Gonzales,SDP,SP,15467,4.212,1.196,,,,0.504,0.0,4.82,4.959,1.423,0.0,0.0,0.0,0.0,Balanced,0.0,-2.9060547326806216,False,,,,,,-0.732379896230119,-0.6211034172977374,-1.1050632221721282,-0.16097055290558282,-0.123923361950639
741,7,473,RP 7,RP,Caleb Kilian,SFG,RP,26213,7.04,1.607,,,,0.919,0.876,10.323,4.324,1.357,0.0,0.0,0.0,0.0,Balanced,0.0,-2.4794082231045063,False,,,,,,-0.6714137783705437,-0.507861888809027,-0.9835414749314075,-0.06930561128859199,-0.11901988626067564
742,7,474,RP 7,RP,Wilber Dotel,PIT,RP,sa3015163,6.475,1.53,,,,0.874,0.783,10.063,4.565,1.388,0.0,0.0,0.0,0.0,Balanced,0.0,-2.623249617025077,False,,,,,,-0.6780769883459546,-0.5198074421559398,-0.9892764661285203,-0.13940968565174058,-0.15235107847626175
743,7,475,RP 7,RP,Albert Suárez,BAL,RP,6175,12.554,3.275,,,,1.371,0.671,20.086,4.372,1.334,0.0,0.0,0.0,0.0,Balanced,0.0,-2.3440470988262936,False,,,,,,-0.6049859393483262,-0.5343292439936409,-0.7679349556634462,-0.15421974162625765,-0.1397485076095282
744,7,476,RP 7,RP,Joey Lucchesi,SFG,RP,19320,15.074,3.402,,,,1.496,1.705,23.097,4.161,1.352,0.0,0.0,0.0,0.0,Balanced,0.0,-2.0344848372979265,False,,,,,,-0.5866881913460316,-0.400628115421558,-0.7014514574038108,-0.01785728810976224,-0.2485328794071971
745,7,477,RP 7,RP,Brandon Young,BAL,RP,27819,11.65,3.239,,,,1.762,0.453,18.646,4.55,1.316,0.0,0.0,0.0,0.0,Balanced,0.0,-2.408390786155272,False,,,,,,-0.5476058495571231,-0.562478925778925,-0.7997390924446615,-0.2430430352263663,-0.07323271086806649
746,7,478,RP 7,RP,Jhony Brito,SDP,RP,25386,9.314,2.277,,,,0.908,0.928,14.782,4.196,1.297,0.0,0.0,0.0,0.0,Balanced,0.0,-2.2252729072049453,False,,,,,,-0.6730682403860735,-0.5010636600329282,-0.885079383092493,-0.028908219483683724,-0.01894863312202631
747,7,479,RP 7,RP,Gabriel Hughes,COL,RP,sa3020661,13.021,3.108,,,,1.483,0.711,16.014,5.03,1.451,0.0,0.0,0.0,0.0,Balanced,0.0,-3.0944591694374495,False,,,,,,-0.5885513622033962,-0.529186962523321,-0.8578641225945276,-0.5335201601331184,-0.4557354592573181
748,7,480,RP 7,RP,Kade Strowd,ARI,RP,26191,22.574,4.485,,,,2.465,8.122,42.258,4.065,1.413,0.0,0.0,0.0,0.0,Balanced,0.0,-1.123559888061372,False,,,,,,-0.44444845466229654,0.42919855362382175,-0.2783098061707169,0.09658003263109008,-0.7512449807563998
749,7,130,SP 7,SP,Sam Aldegheri,LAA,SP,26443,22.461,5.706,,,,3.278,0.09,26.951,5.248,1.501,0.0,0.0,0.0,0.0,Balanced,0.0,-3.7282330811254383,False,,,,,,-0.32509964596615326,-0.6094959068562416,-0.6163474563432305,-1.0973507151326702,-0.9885029311484664
750,7,481,RP 7,RP,Mason Black,KCR,RP,30171,25.466,6.658,,,,3.256,0.671,35.7,4.875,1.425,0.0,0.0,0.0,0.0,Balanced,0.0,-3.0594458972059213,False,,,,,,-0.3283425089584383,-0.5342745457498219,-0.4231486982139299,-0.8882871382183256,-0.7747372562108223
751,7,482,RP 7,RP,Héctor Neris,KCR,RP,11804,7.773,2.025,,,,0.939,1.686,14.684,4.499,1.35,0.0,0.0,0.0,0.0,Balanced,0.0,-2.3654681335381977,False,,,,,,-0.6685063586529247,-0.4030946570800628,-0.8872280725167481,-0.14345649378778552,-0.11480050340967866
752,7,483,RP 7,RP,Garrett Hawkins,SDP,RP,sa3017383,11.905,3.255,,,,1.552,1.197,23.158,4.271,1.323,0.0,0.0,0.0,0.0,Balanced,0.0,-1.992787992345247,False,,,,,,-0.5784275814123612,-0.46632549072798535,-0.7001065942389892,-0.08481701101851481,-0.10215402677761368
753,7,131,SP 7,SP,Joe Elbis,,SP,sa3015216,3.033,0.693,,,,0.628,0.0,4.25,5.001,1.418,0.0,0.0,0.0,0.0,Balanced,0.0,-2.7862572308844005,False,,,,,,-0.7141598213291923,-0.6211034172977374,-1.117650611399522,-0.12090773428818426,-0.08478979443318015
754,7,484,RP 7,RP,Drew Sommers,DET,RP,32026,8.425,1.665,,,,0.643,0.646,14.137,4.175,1.375,0.0,0.0,0.0,0.0,Balanced,0.0,-2.5098805575808285,False,,,,,,-0.7119397300194447,-0.5376164403438055,-0.8993207994306444,-0.01619635200724771,-0.1874014037471992
755,7,485,RP 7,RP,Alan Rangel,PHI,RP,19524,12.841,4.032,,,,2.102,0.809,19.172,4.576,1.336,0.0,0.0,0.0,0.0,Balanced,0.0,-2.3155372742633427,False,,,,,,-0.4977136170284681,-0.5164498622263174,-0.788129986274765,-0.2834086874489834,-0.1418892561357495
756,7,16,SS 7,SS,Taylor Walls,TBR,SS,22458,35.747,5.004,28.62,14.07,0.29,,,75.472,,,0.0,0.0,0.0,0.0,Balanced,0.0,-0.9433785637431431,False,-0.009271839023748434,-0.4895498805714417,-0.21797099153170002,0.8625775752147173,-0.9255646017394926,,,,,
757,7,17,C 7,C,Rafael Marchán,PHI,C,21646,15.571,2.813,15.84,0.684,0.296,,,27.302,,,0.0,0.0,0.0,0.0,Balanced,0.0,-3.2747276907159217,False,-0.7410081237006644,-0.7336244845090103,-0.6863859999404205,-0.5200504061072696,-0.35177757121839226,,,,,
758,7,18,2B 7,2B,José Fermín,STL,2B/3B/OF/DH,21746,17.774,2.665,14.679,5.205,0.33,,,21.402,,,0.0,0.0,0.0,0.0,Balanced,0.0,-1.5585838348855652,False,-0.6611257702035056,-0.7500936101948555,-0.7289521898990206,-0.053005666356990236,0.2514772064864028,,,,,
759,7,17,3B 7,3B,Matt Vierling,DET,3B/OF,21558,29.994,6.384,26.778,3.615,0.305,,,62.64,,,0.0,0.0,0.0,0.0,Balanced,0.0,-1.0154801042087775,False,-0.2179321189704267,-0.3357964493223809,-0.28549634746395836,-0.21730414832428413,-0.325184950216736,,,,,
760,7,43,OF 7,OF,Tyler Freeman,COL,OF,22532,39.145,4.644,28.601,11.933,0.35,,,41.593,,,0.0,0.0,0.0,0.0,Balanced,0.0,1.1099879438187121,False,0.11393905697911048,-0.529728397642402,-0.21867102100320784,0.6418417399405258,1.193242393714328,,,,,
761,7,44,OF 7,OF,Rob Refsnyder,SEA,OF,13770,27.343,7.187,26.915,2.687,0.323,,,61.608,,,0.0,0.0,0.0,0.0,Balanced,0.0,-0.9405538603897451,False,-0.31408398294557754,-0.24634201408794784,-0.28047885873885725,-0.3131250466174011,0.1825932230752439,,,,,
762,7,45,OF 7,OF,Emmanuel Rodriguez,MIN,OF,sa3014693,8.97,1.6,6.927,1.673,0.335,,,24.342,,,0.0,0.0,0.0,0.0,Balanced,0.0,-3.4282127002678804,False,-0.980429238917335,-0.8688087899424946,-1.0130692298688562,-0.41784313495802117,0.15398245157952703,,,,,
763,7,18,C 7,C,Drew Millas,WSN,C/DH,25643,12.667,1.724,11.712,2.964,0.299,,,21.192,,,0.0,0.0,0.0,0.0,Balanced,0.0,-3.17260545540633,False,-0.8463283609456246,-0.8549253938593584,-0.8376803276045337,-0.28447514441892874,-0.23712084315309812,,,,,
764,7,19,2B 7,2B,Andy Ibáñez,ATH,2B,18819,20.025,4.18,19.251,2.776,0.301,,,36.138,,,0.0,0.0,0.0,0.0,Balanced,0.0,-2.3067698268687993,False,-0.5794844526889982,-0.581351636905792,-0.561370265526106,-0.3039376185383971,-0.32155731764909684,,,,,
765,7,486,RP 7,RP,Ben Kudrna,KCR,RP,sa3018253,7.187,1.591,,,,1.068,0.68,9.209,4.878,1.492,0.0,0.0,0.0,0.0,Balanced,0.0,-2.8857818380269644,False,,,,,,-0.6495177736675882,-0.5332317877399984,-1.0081487167140128,-0.2515853424536865,-0.32560479778126006
766,7,487,RP 7,RP,Chase Shugart,PHI,RP,21544,18.026,4.701,,,,1.424,2.746,27.177,4.494,1.359,0.0,0.0,0.0,0.0,Balanced,0.0,-2.1608546657702288,False,,,,,,-0.5972300210706621,-0.2659606512086749,-0.6113632918719624,-0.3285569376304929,-0.30272568393424326
767,7,488,RP 7,RP,Jhancarlos Lara,ATL,RP,sa3019367,6.346,1.23,,,,1.008,1.11,14.056,4.148,1.445,0.0,0.0,0.0,0.0,Balanced,0.0,-2.387728860975443,False,,,,,,-0.65833794996014,-0.4776233289370995,-0.901105117061475,-0.002714070275830808,-0.26032483260920375
768,7,489,RP 7,RP,Jackson Wolf,SDP,RP,29832,3.161,0.818,,,,0.178,0.691,5.313,4.297,1.334,0.0,0.0,0.0,0.0,Balanced,0.0,-2.669930064224466,False,,,,,,-0.7801594967387661,-0.5317898489295388,-1.0941844054088103,-0.026809671416289454,-0.03579683024918184
769,7,490,RP 7,RP,Derek Law,ARI,RP,13133,9.902,2.161,,,,0.907,0.913,16.55,4.168,1.349,0.0,0.0,0.0,0.0,Balanced,0.0,-2.294267469190589,False,,,,,,-0.6731478072372197,-0.5030709898914819,-0.8460297684068777,-0.01532840866603724,-0.15410004608354846
770,7,491,RP 7,RP,AJ Smith-Shawver,ATL,RP,29960,4.124,1.117,,,,0.242,0.805,9.482,3.985,1.277,0.0,0.0,0.0,0.0,Balanced,0.0,-2.394631618579921,False,,,,,,-0.7708336745752037,-0.5170377455026146,-1.0021127323323928,0.037084220208965235,0.014640010171927252
771,7,492,RP 7,RP,Luis Curvelo,TEX,RP,24710,15.722,3.921,,,,1.464,3.556,25.66,4.563,1.365,0.0,0.0,0.0,0.0,Balanced,0.0,-2.166272304205405,False,,,,,,-0.5913593967582367,-0.16125967806158484,-0.6448457472168303,-0.3376579910451496,-0.2834895423893289
772,7,493,RP 7,RP,Nick Sandlin,LAA,RP,20517,17.759,5.101,,,,1.751,5.583,34.476,4.321,1.332,0.0,0.0,0.0,0.0,Balanced,0.0,-1.318185277427865,False,,,,,,-0.5492814511050608,0.10080311238294806,-0.4501784603443337,-0.1726396067366467,-0.191926028671367
773,7,494,RP 7,RP,Ben Casparius,LAD,RP,30085,28.999,7.882,,,,3.233,8.331,51.277,4.443,1.332,0.0,0.0,0.0,0.0,Balanced,0.0,-0.6640363881026955,False,,,,,,-0.33167534708553426,0.45620032875398364,-0.0791441838848517,-0.4575857559428279,-0.3010412574213289
774,7,495,RP 7,RP,Joe Rock,TBR,RP,30016,10.432,2.887,,,,1.268,0.935,16.619,4.218,1.366,0.0,0.0,0.0,0.0,Balanced,0.0,-2.5241113076922397,False,,,,,,-0.6201357320507085,-0.5001963760582397,-0.8445148650717914,-0.04482573856773238,-0.20712476848992345
775,7,132,SP 7,SP,Hagen Smith,CHW,SP,sa3025544,10.984,2.46,,,,1.594,0.0,18.557,4.837,1.561,0.0,0.0,0.0,0.0,Balanced,0.0,-3.415860978274364,False,,,,,,-0.5722755370747565,-0.6211034172977374,-0.8017155333847523,-0.36644677896166383,-0.6736962221210343
776,7,496,RP 7,RP,Jonathan Pintaro,NYM,RP,33980,10.577,2.513,,,,1.122,0.767,20.054,4.169,1.398,0.0,0.0,0.0,0.0,Balanced,0.0,-2.429676334104446,False,,,,,,-0.6416021931993217,-0.5218980012760811,-0.7686592826224963,-0.017051962772216194,-0.3010113064682535
777,7,497,RP 7,RP,Yosver Zulueta,SEA,RP,27765,12.625,2.611,,,,1.38,0.928,26.625,3.902,1.342,0.0,0.0,0.0,0.0,Balanced,0.0,-1.8289139155820007,False,,,,,,-0.6036687703165481,-0.5011552117034336,-0.6235531845974386,0.1784455252383477,-0.1859490925332703
778,7,133,SP 7,SP,Cole Irvin,LAD,SP,19244,5.833,1.716,,,,0.229,0.001,5.868,5.286,1.401,0.0,0.0,0.0,0.0,Balanced,0.0,-3.068291104701557,False,,,,,,-0.7726244425340715,-0.6209457066142652,-1.08191788419102,-0.2927967620025892,-0.13428724797628
779,7,498,RP 7,RP,Chen Zhong-Ao Zhuang,ATH,RP,sa3018174,3.767,1.117,,,,0.187,0.608,5.965,4.349,1.269,0.0,0.0,0.0,0.0,Balanced,0.0,-2.711749677544737,False,,,,,,-0.7789036029905091,-0.5425046271353924,-1.07979238206271,-0.0419718365848339,0.019357593213371046
780,7,499,RP 7,RP,Tucker Davidson,PHI,RP,19871,3.166,0.731,,,,0.28,0.665,4.792,4.476,1.381,0.0,0.0,0.0,0.0,Balanced,0.0,-2.70078763724374,False,,,,,,-0.7651778807608728,-0.5350978642330247,-1.1056791209187105,-0.05507274687622734,-0.07080614948921549
781,7,500,RP 7,RP,Scott Alexander,SFG,RP,10591,13.525,2.865,,,,1.403,1.843,19.304,4.174,1.379,0.0,0.0,0.0,0.0,Balanced,0.0,-2.1926185169630643,False,,,,,,-0.6003833346548306,-0.38272252246269284,-0.7852260534968664,-0.025212608832119825,-0.315439886189074
782,7,501,RP 7,RP,Daniel Robert,PHI,RP,21229,2.708,0.747,,,,0.169,0.49,5.775,4.176,1.391,0.0,0.0,0.0,0.0,Balanced,0.0,-2.752043620034232,False,,,,,,-0.7814478337971769,-0.5576912130664098,-1.0839782410592935,-0.0054532230144465925,-0.07168891042025204
783,7,134,SP 7,SP,Yoniel Curet,PHI,SP,sa3015446,4.51,1.069,,,,0.466,0.0,6.389,5.123,1.491,0.0,0.0,0.0,0.0,Balanced,0.0,-3.0070103124086858,False,,,,,,-0.7379238854063818,-0.6211034172977374,-1.0704081521466031,-0.20036573674668226,-0.19321639504811133
784,7,502,RP 7,RP,Kyle Hart,SDP,RP,19646,19.108,4.959,,,,2.674,1.339,31.819,4.384,1.333,0.0,0.0,0.0,0.0,Balanced,0.0,-1.8905334048343407,False,,,,,,-0.4138168317964205,-0.44794920838968594,-0.5088423190856881,-0.24631001226177004,-0.2073710864474008
785,7,46,OF 7,OF,Kevin Alcántara,CHC,OF,25971,5.995,1.019,5.843,0.899,0.289,,,15.075,,,0.0,0.0,0.0,0.0,Balanced,0.0,-4.121543445508109,False,-1.0883059580918395,-0.9334776533539767,-1.0527979181686007,-0.49776673569156826,-0.15381487260502721,,,,,
786,7,47,OF 7,OF,Alan Roden,MIN,OF,31564,22.351,3.408,18.281,2.8,0.321,,,36.291,,,0.0,0.0,0.0,0.0,Balanced,0.0,-2.013078453914486,False,-0.4951230877249825,-0.6674193345304728,-0.5969288306180932,-0.30147937471287384,0.10901164463501638,,,,,
787,7,20,2B 7,2B,Thomas Saggese,STL,2B/3B/SS,27883,25.41,4.532,23.411,2.868,0.293,,,60.625,,,0.0,0.0,0.0,0.0,Balanced,0.0,-1.9346237266922173,False,-0.38419592600410263,-0.5421568334234538,-0.4088921183892335,-0.29446305105456316,-0.6087299835001987,,,,,
788,7,503,RP 7,RP,Cionel Pérez,WSN,RP,19614,27.473,4.261,,,,2.21,13.309,45.237,4.332,1.484,0.0,0.0,0.0,0.0,Balanced,0.0,-1.4753576202204215,False,,,,,,-0.48184781074715544,1.099899884853136,-0.2125418016145333,-0.28154709555765434,-1.348076467591356
789,7,504,RP 7,RP,Bryan Hoeing,SDP,RP,26304,6.469,1.474,,,,0.768,1.015,9.776,4.292,1.33,0.0,0.0,0.0,0.0,Balanced,0.0,-2.409151440771926,False,,,,,,-0.693603094085658,-0.48980952869476146,-0.9956253685897059,-0.05294422896072341,-0.067054903343674
790,7,505,RP 7,RP,Juan Morillo,ARI,RP,21924,16.169,3.104,,,,0.983,1.941,28.506,4.276,1.475,0.0,0.0,0.0,0.0,Balanced,0.0,-2.693643567132608,False,,,,,,-0.6620115309252346,-0.3701766332605709,-0.5820037585775409,-0.11926505225809932,-0.7645410946661068
791,7,506,RP 7,RP,Seth Halvorsen,COL,RP,33294,27.416,6.469,,,,2.427,9.753,44.16,4.636,1.457,0.0,0.0,0.0,0.0,Balanced,0.0,-2.032696738179087,False,,,,,,-0.45002253831177874,0.6400945507668987,-0.2363054674875134,-0.6788896351457852,-1.0808362888636645
792,7,507,RP 7,RP,Jonathan Bowlan,PHI,RP,24607,27.293,7.82,,,,2.919,6.773,51.141,4.183,1.303,0.0,0.0,0.0,0.0,Balanced,0.0,-0.3573900303538298,False,,,,,,-0.3778369072313626,0.25466137138800937,-0.08215853235772758,-0.06453882997415536,-0.09577325878670462
793,7,508,RP 7,RP,Ryan Watson,BOS,RP,sa3015070,14.044,3.364,,,,1.694,1.909,23.209,4.318,1.353,0.0,0.0,0.0,0.0,Balanced,0.0,-2.072314198284469,False,,,,,,-0.5576770751217551,-0.3742397688113492,-0.6989737292085239,-0.13373735871291162,-0.22494431351091546
794,7,135,SP 7,SP,Tyler Uberstine,BOS,SP,sa3017643,4.832,1.295,,,,0.566,0.207,7.171,4.728,1.341,0.0,0.0,0.0,0.0,Balanced,0.0,-2.734840048625422,False,,,,,,-0.7231596689669798,-0.5943153726458168,-1.0531541539866953,-0.13904676461974727,-0.05713883560453752
795,7,509,RP 7,RP,Miguel Ullola,HOU,RP,sa3016504,7.994,1.818,,,,1.583,0.0,18.786,3.979,1.25,0.0,0.0,0.0,0.0,Balanced,0.0,-1.9920670320247242,False,,,,,,-0.5738965281639739,-0.6211034172977374,-0.7966607028686989,0.07485280364608182,0.08648221994807634
796,7,510,RP 7,RP,Bailey Falter,KCR,RP,20070,36.934,10.329,,,,5.687,1.978,48.715,4.641,1.337,0.0,0.0,0.0,0.0,Balanced,0.0,-1.6628888134812903,False,,,,,,0.028488394016540994,-0.36532123955322165,-0.13573001924673625,-0.922947918879563,-0.4124543704034645
797,7,511,RP 7,RP,Jhonathan Díaz,SEA,RP,20298,2.978,0.733,,,,0.254,0.0,4.682,4.147,1.27,0.0,0.0,0.0,0.0,Balanced,0.0,-2.6527994988053503,False,,,,,,-0.7689840242104417,-0.6211034172977374,-1.1081188661149255,-0.0011961330229038677,0.015491316239836544
798,7,512,RP 7,RP,Peyton Gray,TEX,RP,sa3008046,11.053,2.873,,,,1.437,0.581,20.693,4.221,1.337,0.0,0.0,0.0,0.0,Balanced,0.0,-2.1026972607229704,False,,,,,,-0.5952981026922796,-0.5460276854163505,-0.7545393235488196,-0.04899515716874821,-0.13599973213954947
799,7,21,2B 7,2B,Orelvis Martinez,WSN,2B,25967,7.708,2.432,8.519,0.273,0.271,,,21.454,,,0.0,0.0,0.0,0.0,Balanced,0.0,-4.037559105829441,False,-1.026187327804936,-0.7760935057002505,-0.9547160925512349,-0.5624886805531464,-0.3879637091601054,,,,,
800,7,513,RP 7,RP,Tim Mayza,PHI,RP,15042,11.18,2.445,,,,1.085,1.519,17.954,4.158,1.357,0.0,0.0,0.0,0.0,Balanced,0.0,-2.1937724912962056,False,,,,,,-0.6470561925605427,-0.4247444806041126,-0.8150360828267945,-0.011027426071602517,-0.19845121836329155
801,7,514,RP 7,RP,Kyle Nicolas,CIN,RP,27775,20.009,4.797,,,,1.687,2.302,38.127,4.379,1.444,0.0,0.0,0.0,0.0,Balanced,0.0,-2.3683594715711136,False,,,,,,-0.5586459703571143,-0.323431436506797,-0.36954408661642796,-0.2532831310875615,-0.7678311373812982
802,7,515,RP 7,RP,Adbert Alzolay,NYM,RP,17859,21.0,6.043,,,,2.108,2.2,39.722,4.125,1.248,0.0,0.0,0.0,0.0,Balanced,0.0,-0.9218760416575802,False,,,,,,-0.4968421985258785,-0.3366528942786762,-0.33431043834922275,0.017186486894273413,0.22944722012900673
803,7,516,RP 7,RP,AJ Blubaugh,HOU,RP,31764,23.25,6.276,,,,3.31,2.012,40.377,4.439,1.353,0.0,0.0,0.0,0.0,Balanced,0.0,-1.760202233565815,False,,,,,,-0.32032269885121645,-0.36090529386429815,-0.3198503989350165,-0.3623278515246281,-0.3601506405950861
804,7,517,RP 7,RP,Rob Zastryzny,MIL,RP,15094,22.455,6.047,,,,2.873,4.047,41.466,4.101,1.311,0.0,0.0,0.0,0.0,Balanced,0.0,-0.8287370280311394,False,,,,,,-0.38449145587057854,-0.09774115492702352,-0.29581952708019177,0.04935729780867201,-0.12715417331915663
805,7,518,RP 7,RP,Cody Bradford,TEX,RP,27597,32.74,9.377,,,,7.389,0.971,56.179,4.229,1.182,0.2,0.0,0.0,0.0,Balanced,0.0,0.7058555976589261,False,,,,,,0.2784751089238441,-0.49559862013099626,0.029094113587338988,-0.1602208953366979,0.9100645532959273
806,7,519,RP 7,RP,Landon Knack,LAD,RP,27487,12.947,3.798,,,,1.723,0.554,19.898,4.865,1.344,0.0,0.0,0.0,0.0,Balanced,0.0,-2.6059299268834084,False,,,,,,-0.5533356904558048,-0.549506143292402,-0.7720910024223858,-0.4466389573804866,-0.1590854314775646
807,7,26,1B 7,1B,Graham Pauley,MIA,1B/3B/DH,31363,32.311,7.89,31.573,4.309,0.294,,,65.529,,,0.0,0.0,0.0,0.0,Balanced,0.0,-1.0805894298253567,False,-0.13389715970035196,-0.16804041773878814,-0.10974496920627375,-0.14556164501461183,-0.7493163224173057,,,,,
808,7,136,SP 7,SP,Sean Sullivan,COL,SP,sa3023162,4.944,1.394,,,,0.643,0.0,5.674,5.293,1.416,0.0,0.0,0.0,0.0,Balanced,0.0,-2.958489178320879,False,,,,,,-0.7118448223270719,-0.6211034172977374,-1.0862064297839322,-0.2493634409996676,-0.12857837419250326
809,7,48,OF 7,OF,Blake Perkins,MIL,OF,19921,23.539,3.767,19.295,7.172,0.297,,,55.991,,,0.0,0.0,0.0,0.0,Balanced,0.0,-1.9277530038680062,False,-0.45203753612477143,-0.6273912153467875,-0.559757632188601,0.15007522702238238,-0.45046893011187583,,,,,
810,7,27,1B 7,1B,Luke Raley,SEA,1B/OF,19354,36.74,10.596,35.005,5.35,0.299,,,93.907,,,0.0,0.0,0.0,0.0,Balanced,0.0,-0.12029176182892887,False,0.026737962477808297,0.13342490592456782,0.016014775588753263,-0.03803516803466496,-0.5952140373015876,,,,,
811,7,9,DH 7,DH,Jimmy Crooks,STL,DH,31354,10.296,2.17,10.591,0.216,0.293,,,26.997,,,0.0,0.0,0.0,0.0,Balanced,0.0,-4.620528526103898,False,-0.9323217543793452,-0.8053085738180618,-0.8787584968017086,-0.5683776205410543,-0.2598624854966276,,,,,
812,7,10,DH 7,DH,Ryan Waldschmidt,ARI,DH,sa3025261,19.866,3.302,16.682,5.047,0.33,,,34.717,,,0.0,0.0,0.0,0.0,Balanced,0.0,-3.195582478941901,False,-0.5852545800118883,-0.6792027304838776,-0.6555260619818006,-0.0693984343212254,0.25056467611597016,,,,,
813,7,19,C 7,C,Hunter Feduccia,TBR,C,23372,25.147,4.435,23.614,1.557,0.299,,,65.986,,,0.0,0.0,0.0,0.0,Balanced,0.0,-2.2924368950242493,False,-0.39370158515765086,-0.552907497217569,-0.4014520145821078,-0.42983688592523794,-0.501504014877533,,,,,
814,7,520,RP 7,RP,Nick Burdi,NYM,RP,16074,4.269,0.936,,,,0.582,0.939,9.868,3.879,1.361,0.0,0.0,0.0,0.0,Balanced,0.0,-2.4183001224415195,False,,,,,,-0.7208705952525207,-0.49969607462718724,-0.9935859907034781,0.06641906220511906,-0.08609160406945558
815,7,521,RP 7,RP,Evan Reifert,TBR,RP,sa3014860,5.166,1.169,,,,0.717,1.064,11.455,4.119,1.372,0.0,0.0,0.0,0.0,Balanced,0.0,-2.3820347263058745,False,,,,,,-0.7010235103677327,-0.4834746186127596,-0.9585499865302818,0.006014624411534304,-0.11247890925050957
816,7,522,RP 7,RP,Chris Murphy,CHW,RP,26214,19.296,4.368,,,,1.798,3.377,34.706,4.181,1.386,0.0,0.0,0.0,0.0,Balanced,0.0,-1.7891355104047142,False,,,,,,-0.5422921932027207,-0.1844716472222264,-0.4450971300614857,-0.04372452869059817,-0.48649218757160934
817,7,523,RP 7,RP,Griff McGarry,WSN,RP,sa3017130,22.107,4.821,,,,1.235,4.733,46.972,4.28,1.427,0.0,0.0,0.0,0.0,Balanced,0.0,-1.8402592600260583,False,,,,,,-0.6250314422331311,-0.009023603451047106,-0.17421872220186763,-0.16775421273933325,-0.7761631268173217
818,7,524,RP 7,RP,Nolan Hoffman,PHI,RP,23381,9.386,1.795,,,,1.05,1.134,15.826,4.514,1.416,0.0,0.0,0.0,0.0,Balanced,0.0,-2.635917374380925,False,,,,,,-0.6522368460235458,-0.47446557216627927,-0.8620091277839693,-0.18020249750619555,-0.28804776726836573
819,7,525,RP 7,RP,Scott Effross,DET,RP,18384,7.412,1.493,,,,0.817,0.829,9.725,4.422,1.392,0.0,0.0,0.0,0.0,Balanced,0.0,-2.7647804219218695,False,,,,,,-0.6863594277828822,-0.5138766525268522,-0.9967529336668124,-0.10948568345879194,-0.18776374564436457
820,7,526,RP 7,RP,Michael Kopech,,RP,17282,20.401,4.98,,,,2.261,5.603,42.274,4.367,1.403,0.0,0.0,0.0,0.0,Balanced,0.0,-1.557757228116532,False,,,,,,-0.4744152098734845,0.10344865824693399,-0.277976350771886,-0.24517053498485822,-0.5790886388941955
821,7,527,RP 7,RP,Shawn Dubin,ARI,RP,24977,8.076,1.598,,,,0.449,2.716,13.419,4.562,1.41,0.0,0.0,0.0,0.0,Balanced,0.0,-2.5726307660432326,False,,,,,,-0.7403788604095498,-0.26988065322261373,-0.9151676599737636,-0.17282562311419042,-0.23185872561326623
822,7,49,OF 7,OF,Jake Fraley,TBR,OF,19260,40.718,8.366,36.472,11.074,0.312,,,75.094,,,0.0,0.0,0.0,0.0,Balanced,0.0,0.7094057720876857,False,0.17100927919972683,-0.11503908820458769,0.06980709262184895,0.5531487158658693,-0.1479626066426338,,,,,
823,7,137,SP 7,SP,Bryse Wilson,PHI,SP,19990,14.535,4.023,,,,1.82,0.353,16.22,5.119,1.39,0.0,0.0,0.0,0.0,Balanced,0.0,-2.995823648682834,False,,,,,,-0.5390872052059997,-0.5754137026842642,-0.853321620903168,-0.6435939120222974,-0.31010019982752146
824,7,528,RP 7,RP,Brendan Beck,NYY,RP,sa3020680,5.718,1.654,,,,0.801,0.883,9.872,4.195,1.238,0.0,0.0,0.0,0.0,Balanced,0.0,-2.2450197337442495,False,,,,,,-0.6887067966940019,-0.5069358979721784,-0.9935036205950251,-0.01734042587138442,0.07684753819976671
825,7,50,OF 7,OF,Pedro León,PHI,OF,27781,4.67,1.111,4.36,1.232,0.279,,,13.55,,,0.0,0.0,0.0,0.0,Balanced,0.0,-4.032192599318845,False,-1.136350700201994,-0.923306299940477,-1.107139996566755,-0.4634105059036554,-0.178707911002629,,,,,
826,7,22,2B 7,2B,Enmanuel Valdez,PIT,2B,21716,5.156,1.02,5.333,0.195,0.302,,,9.446,,,0.0,0.0,0.0,0.0,Balanced,0.0,-4.041311371819505,False,-1.1187429263788438,-0.9334553721854916,-1.071487972042708,-0.570564114807546,-0.07026699625040475,,,,,
827,7,51,OF 7,OF,Jarred Kelenic,CHW,OF,22558,10.892,2.611,9.47,1.715,0.278,,,30.618,,,0.0,0.0,0.0,0.0,Balanced,0.0,-3.6958396122289003,False,-0.9107136974404515,-0.7561262365622269,-0.9198560909004488,-0.4135267480055581,-0.434037181889565,,,,,
828,7,138,SP 7,SP,José Berríos,TOR,SP,14168,51.191,14.795,,,,12.853,0.747,83.312,4.331,1.274,0.2,0.0,0.0,0.0,Balanced,0.0,1.1338473852557245,False,,,,,,1.0804707998768697,-0.5244779997646727,0.6282847572058842,-0.5224986738442727,0.20577983020760332
829,7,23,2B 7,2B,Luisangel Acuña,CHW,2B/SS/DH,26548,40.599,4.437,28.026,18.545,0.292,,,65.49,,,0.0,0.0,0.0,0.0,Balanced,0.0,-0.03956094106828845,False,0.16668621711997478,-0.5527849507909004,-0.23977819234568917,1.324779058190937,-0.9514496328481146,,,,,
830,7,20,C 7,C,Edgar Quero,CHW,C,28022,41.901,8.258,43.496,1.006,0.325,,,77.972,,,0.0,0.0,0.0,0.0,Balanced,0.0,0.5474246930782,False,0.21391349430330386,-0.1270308130833293,0.3272126938937966,-0.4867865455083791,0.43397920943195584,,,,,
831,7,139,SP 7,SP,Lucas Giolito,,SP,15474,61.892,17.244,,,,14.398,0.207,100.903,4.574,1.363,0.75,0.0,0.0,0.0,Balanced,0.0,-0.5093634885510357,False,,,,,,1.307283302382085,-0.5943445967666279,1.0167470469605582,-1.3585774630229424,-1.0912537580773234
832,7,140,SP 7,SP,Nick Martinez,TBR,SP,12730,75.607,20.06,,,,18.633,0.728,109.92,4.411,1.273,0.0,0.0,0.0,0.0,Balanced,0.0,2.2964487127210416,False,,,,,,1.9291143923431806,-0.5269877827771564,1.215870711282332,-1.0738013204178323,0.3027279634952872
833,7,52,OF 7,OF,Jordan Walker,STL,OF,27475,51.45,14.138,53.163,9.213,0.297,,,134.501,,,0.0,0.0,0.0,0.0,Balanced,0.0,1.2073429061968457,False,0.5602371890345618,0.5280578215504177,0.6815228984467312,0.3608799638165713,-1.088279281063779,,,,,
834,7,53,OF 7,OF,Andrew Benintendi,CHW,OF,17901,53.566,15.728,56.41,2.819,0.312,,,83.957,,,0.0,0.0,0.0,0.0,Balanced,0.0,1.9033575133690246,False,0.6369606607603582,0.7051039863339201,0.800520578451538,-0.29951794403023996,-0.21674175292688533,,,,,
835,7,529,RP 7,RP,Justin Sterner,ATH,RP,27694,33.348,10.202,,,,3.249,23.683,65.524,4.22,1.271,0.0,0.0,0.0,0.0,SV+HLD Specialist,0.0,2.455532289191275,False,,,,,,-0.3294024216249978,2.441359443830157,0.235467672441312,-0.1466008653099785,0.15964094237324467
836,7,141,SP 7,SP,Luis Severino,ATH,SP,15890,92.924,24.377,,,,20.276,0.0,134.342,4.612,1.33,0.0,0.0,0.0,0.0,QS+W Specialist,0.0,0.7547512846358613,False,,,,,,2.1703032449088067,-0.6211034172977374,1.7551851318286742,-2.200723069986235,-0.8927892668563753
837,7,530,RP 7,RP,Kevin Ginkel,ARI,RP,19876,28.54,6.029,,,,3.648,26.657,61.377,3.941,1.266,0.0,0.0,0.0,0.0,SV+HLD Specialist,0.0,3.2485880888917684,False,,,,,,-0.2708488529014665,2.8259074944172258,0.14388668671337265,0.3341305475096221,0.1885980245742407
838,7,54,OF 7,OF,Tyler O'Neill,BAL,OF,15711,48.715,18.103,49.241,5.08,0.315,,,107.019,,,0.0,0.0,0.0,0.0,Balanced,0.0,1.989281215221896,False,0.4610171115363653,0.9696928620958242,0.5377786268627556,-0.06594346558325256,-0.04559266488322267,,,,,
839,7,55,OF 7,OF,Austin Hays,CHW,OF,19363,52.799,13.508,52.512,5.558,0.3,,,109.457,,,0.0,0.0,0.0,0.0,Balanced,0.0,1.099531745016473,False,0.6091400154467876,0.45780529731654107,0.657659590127423,-0.01656375095694337,-0.7940918096394971,,,,,
840,7,531,RP 7,RP,Taylor Rogers,MIN,RP,13449,27.802,6.761,,,,2.682,25.197,58.47,4.036,1.323,0.0,0.0,0.0,0.0,SV+HLD Specialist,0.0,2.254041685647519,False,,,,,,-0.41252776072646785,2.6371804498044282,0.07968216839806531,0.16499289599516448,-0.2507047789119647
841,7,532,RP 7,RP,Tanner Scott,LAD,RP,17586,26.876,6.825,,,,4.217,23.766,70.494,3.547,1.241,0.0,0.0,0.0,0.0,SV+HLD Specialist,0.0,4.128589907351281,False,,,,,,-0.187225853974562,2.452114178909155,0.3452274981902875,1.0407692484362363,0.4010379884344058
842,7,533,RP 7,RP,Tyler Rogers,TOR,RP,15541,29.78,6.568,,,,3.87,25.537,45.633,3.692,1.202,0.0,0.0,0.0,0.0,SV+HLD Specialist,0.0,3.8615317078903213,False,,,,,,-0.2381677230081893,2.681047665485554,-0.2037792120611475,0.8357857920823992,0.7717718720403267
843,7,21,C 7,C,Bo Naylor,CLE,C,21865,50.348,16.654,51.426,3.868,0.301,,,111.128,,,0.0,0.0,0.0,0.0,Balanced,0.0,1.3267316181601205,False,0.5202488647968574,0.8083214993416692,0.6178751926760193,-0.19110629269799337,-0.7411559005153646,,,,,
844,7,56,OF 7,OF,Cam Smith,HOU,OF,35108,53.27,10.444,47.86,7.141,0.312,,,123.393,,,0.0,0.0,0.0,0.0,Balanced,0.0,1.4239068088256162,False,0.626229166889565,0.11650235846004862,0.48716759559546546,0.146953877089302,-0.18764136985302365,,,,,
845,7,142,SP 7,SP,Jacob Lopez,ATH,SP,25098,65.071,18.735,,,,16.961,0.0,128.442,4.297,1.281,0.0,0.0,0.0,0.0,Balanced,0.0,2.659255115231329,False,,,,,,1.6836168920263743,-0.6211034172977374,1.624894611755649,-0.5489814212398287,0.14807668419805833
846,7,534,RP 7,RP,Eric Lauer,TOR,RP,19316,28.977,8.991,,,,4.772,2.108,54.989,4.194,1.272,0.0,0.0,0.0,0.0,Balanced,0.0,-0.3348162467748812,False,,,,,,-0.10581222978889297,-0.34850831836804336,0.0028195948105788336,-0.08564461222449306,0.1334875365336435
847,7,57,OF 7,OF,Brandon Marsh,PHI,OF,20202,58.076,13.068,51.883,11.292,0.33,,,132.821,,,0.0,0.0,0.0,0.0,Balanced,0.0,3.4229630315887745,False,0.800515300534324,0.4087644454805874,0.6346172587799358,0.5756654030072168,0.7437221893701731,,,,,
848,7,535,RP 7,RP,Jason Adam,SDP,RP,11861,21.384,5.558,,,,3.718,21.787,55.325,3.418,1.169,0.0,0.0,0.0,0.0,SV+HLD Specialist,0.0,3.7885656711599207,False,,,,,,-0.2605125023678862,2.19616131160946,0.010237321199143138,1.0450512596745507,0.8245292655783659
849,7,28,1B 7,1B,Josh Bell,MIN,1B/DH,13145,60.122,19.64,64.363,0.731,0.328,,,100.254,,,0.0,0.0,0.0,0.0,Balanced,0.0,3.623753554328353,False,0.8747145682269767,1.1409236419046862,1.0920150494328826,-0.515143730774014,0.7257957872445898,,,,,
850,7,29,1B 7,1B,Gavin Sheets,SDP,1B/OF/DH,19901,48.355,14.495,55.448,2.23,0.304,,,95.472,,,0.0,0.0,0.0,0.0,Balanced,0.0,1.427632320903178,False,0.447968137238591,0.5678074261280377,0.7652735447997507,-0.3603646430897254,-0.614987011178047,,,,,
851,7,30,1B 7,1B,Coby Mayo,BAL,1B/3B,28312,23.233,7.332,23.13,1.618,0.301,,,56.754,,,0.0,0.0,0.0,0.0,Balanced,0.0,-1.6896079632530023,False,-0.46312082279903455,-0.23018482476089563,-0.41921297174926603,-0.42356423266792587,-0.32801285025142995,,,,,
852,7,536,RP 7,RP,Tony Santillan,CIN,RP,19926,33.083,8.816,,,,2.782,24.467,68.935,4.15,1.335,0.0,0.0,0.0,0.0,SV+HLD Specialist,0.0,2.1512956612722944,False,,,,,,-0.39784312581844283,2.5426986086018264,0.3107932595547168,-0.01813653615691762,-0.3955717458824607
853,7,143,SP 7,SP,Jared Jones,PIT,SP,27863,39.571,10.647,,,,11.167,0.477,84.9,3.996,1.233,5.04,0.0,0.0,0.0,Balanced,0.0,2.002579097236417,False,,,,,,0.8330501893201839,-0.5594150482634535,0.6633395320472266,0.32931010585671355,0.6153959114672114
854,7,537,RP 7,RP,Jordan Leasure,CHW,RP,29950,30.163,9.163,,,,3.255,21.648,68.467,4.081,1.264,0.0,0.0,0.0,0.0,SV+HLD Specialist,0.0,2.434993680265532,False,,,,,,-0.32853775602859403,2.178180718694531,0.3004517255631579,0.10080165658736011,0.20730502007915613
855,7,18,3B 7,3B,Connor Norby,MIA,3B,29592,52.829,13.137,49.858,8.267,0.299,,,121.587,,,0.0,0.0,0.0,0.0,Balanced,0.0,1.181664663548901,False,0.6102244076966582,0.4164737297764709,0.5603994744970312,0.26315960737423705,-0.8561584811524634,,,,,
856,7,144,SP 7,SP,Spencer Arrighetti,HOU,SP,29921,50.628,13.66,,,,10.061,0.596,90.468,4.597,1.351,0.2,0.0,0.0,0.0,Balanced,0.0,-0.859425408906744,False,,,,,,0.6706457315970024,-0.5440166521116906,0.7863116998571669,-1.1654183506334441,-0.7373952475241975
857,7,24,2B 7,2B,Nolan Gorman,STL,2B,22263,56.433,20.629,62.041,3.7,0.291,,,162.072,,,0.0,0.0,0.0,0.0,Balanced,0.0,1.628341026615899,False,0.7409535148499583,1.2511040200640642,1.006904659970285,-0.20852573896582943,-1.388689100451523,,,,,
858,7,58,OF 7,OF,Lars Nootbaar,STL,OF,21454,58.469,14.716,50.596,5.539,0.335,,,99.789,,,0.0,0.0,0.0,0.0,Balanced,0.0,3.2431850979652745,False,0.814782856089478,0.5924615390569258,0.5874330733548437,-0.018604713057461822,1.0477865133748832,,,,,
859,7,25,2B 7,2B,Hyeseong Kim,LAD,2B,35322,18.92,2.593,15.691,7.929,0.293,,,40.815,,,0.0,0.0,0.0,0.0,Balanced,0.0,-2.576065829504763,False,-0.6195598184450867,-0.7581359979595931,-0.6918506279091026,0.2282897285718567,-0.4189336568488412,,,,,
860,7,22,C 7,C,Harry Ford,WSN,C,29958,31.7,6.264,29.006,4.765,0.315,,,70.542,,,0.0,0.0,0.0,0.0,Balanced,0.0,-1.0035572664014432,False,-0.156063733048878,-0.34920859869205495,-0.20382746414662706,-0.0984594209913609,-0.017673788540174748,,,,,
861,7,145,SP 7,SP,Zack Littell,WSN,SP,15823,78.205,23.947,,,,17.989,0.251,108.405,4.492,1.241,0.0,0.0,0.0,0.0,Balanced,0.0,2.346024837876506,False,,,,,,1.8345120487719582,-0.5887036948987534,1.1824147557042586,-1.4194804240407697,0.9305294842839951
862,7,538,RP 7,RP,Victor Vodnik,COL,RP,24614,33.05,6.619,,,,3.504,23.948,60.069,4.369,1.487,0.0,0.0,0.0,0.0,SV+HLD Specialist,0.0,0.19003110311800078,False,,,,,,-0.2918665393933383,2.4755762341301883,0.1149997325934534,-0.40078877816053515,-1.6289929860206114
863,7,31,1B 7,1B,Spencer Horwitz,PIT,1B/2B,26477,57.007,11.137,52.241,1.87,0.344,,,88.283,,,0.0,0.0,0.0,0.0,Balanced,0.0,3.197202479765117,False,0.7617673179335954,0.1936843260928264,0.6477418951017669,-0.39751717687294874,1.4804264556625657,,,,,
864,7,146,SP 7,SP,Mick Abel,MIN,SP,27756,65.575,15.574,,,,12.751,0.483,103.221,4.734,1.414,0.0,0.0,0.0,0.0,Balanced,0.0,-1.8161693169573978,False,,,,,,1.0655233888368303,-0.558628324586399,1.0679357631519601,-1.9050021111694309,-1.8838934284686966
865,7,59,OF 7,OF,Jake Mangum,PIT,OF,26202,33.508,2.332,29.247,13.772,0.311,,,54.934,,,0.0,0.0,0.0,0.0,Balanced,0.0,-0.3523237974903375,False,-0.09048157567626738,-0.7872853366303729,-0.1950019616995538,0.8318185411289682,-0.17936424237046836,,,,,
866,7,60,OF 7,OF,Dominic Canzone,SEA,OF,26438,46.819,15.218,50.507,4.296,0.297,,,96.669,,,0.0,0.0,0.0,0.0,Balanced,0.0,0.8287403861259447,False,0.3922543120127966,0.6483872719548105,0.5841894813009985,-0.14694053388313016,-0.8769854483858114,,,,,
867,7,61,OF 7,OF,Mike Yastrzemski,ATL,OF,14854,55.927,16.09,50.558,4.567,0.318,,,106.015,,,0.0,0.0,0.0,0.0,Balanced,0.0,2.3254216533310013,False,0.7225768742810804,0.7454551824606408,0.5860440096391291,-0.11894650766331626,0.12789712251109156,,,,,
868,7,539,RP 7,RP,Matt Strahm,KCR,RP,13799,26.525,7.602,,,,3.822,21.533,67.96,3.52,1.138,0.0,0.0,0.0,0.0,SV+HLD Specialist,0.0,4.623712292370002,False,,,,,,-0.2452186378800521,2.163379865296165,0.2892666156619736,1.080459186971008,1.246512050333379
869,7,62,OF 7,OF,Dylan Beavers,BAL,OF,31695,48.341,11.502,40.803,10.142,0.324,,,94.698,,,0.0,0.0,0.0,0.0,Balanced,0.0,1.9011674024146605,False,0.447474901967747,0.2343140368256122,0.22853785901732077,0.45686405644768513,0.36883308045552005,,,,,
870,7,147,SP 7,SP,Jeffrey Springs,ATH,SP,17677,88.391,26.827,,,,20.575,0.0,137.15,4.558,1.3,0.2,0.0,0.0,0.0,QS+W Specialist,0.0,1.8769949682389755,False,,,,,,2.2141252019856297,-0.6211034172977374,1.8171945861278358,-1.8782623743450124,-0.2145713520895426
871,7,63,OF 7,OF,Anthony Santander,TOR,OF/DH,14551,14.093,5.414,15.454,0.166,0.305,,,26.67,,,0.0,0.0,0.0,0.0,Balanced,0.0,-3.0340553442184337,False,-0.7946220722954387,-0.44384117748245144,-0.7005331924012606,-0.5735684399400248,-0.14093771259370738,,,,,
872,7,148,SP 7,SP,Cade Cavalli,WSN,SP,27473,69.161,15.621,,,,15.953,0.0,113.966,4.229,1.344,0.0,0.0,0.0,0.0,Balanced,0.0,1.261818710536265,False,,,,,,1.535610804709862,-0.6211034172977374,1.3052190916578335,-0.33707423894620114,-0.9769978015201053
873,7,540,RP 7,RP,Adrian Morejon,SDP,RP,20039,26.68,5.968,,,,5.31,18.411,64.528,3.418,1.199,0.0,0.0,0.0,0.0,Balanced,0.0,4.144285803796313,False,,,,,,-0.026860480314886123,1.759616308724498,0.2134839075713633,1.304092747526743,0.7740906585971185
874,7,149,SP 7,SP,Brandon Pfaadt,ARI,SP,27782,88.889,24.177,,,,21.263,0.0,144.081,4.483,1.26,0.0,0.0,0.0,0.0,QS+W Specialist,0.0,3.2100487711157504,False,,,,,,2.315103169810132,-0.6211034172977374,1.9702528225051466,-1.575072118791538,0.636548228201378
875,7,150,SP 7,SP,Zebby Matthews,MIN,SP,31827,60.375,17.988,,,,13.66,0.338,120.045,4.105,1.233,0.0,0.0,0.0,0.0,Balanced,0.0,3.2425681998015943,False,,,,,,1.19901219587688,-0.5773662877473021,1.43946249361104,0.11801697718714917,0.9142741244703152
876,7,151,SP 7,SP,Justin Steele,CHC,SP,17312,31.832,8.344,,,,11.446,0.178,68.239,3.647,1.173,5.6,0.0,0.0,0.0,Balanced,0.0,2.808541492477026,False,,,,,,0.8739654606909291,-0.5980899394001266,0.2954256031277983,0.9962770396512163,1.1082622189369677
877,7,64,OF 7,OF,Matt Wallner,MIN,OF,26466,60.163,24.191,62.514,4.886,0.326,,,147.556,,,0.0,0.0,0.0,0.0,Balanced,0.0,4.298548260588825,False,0.8762087809592399,1.6479316307857075,1.0242587937273,-0.08602566503688654,0.5341335244624819,,,,,
878,7,152,SP 7,SP,Hurston Waldrep,ATL,SP,33527,27.375,5.793,,,,6.924,0.0,44.465,4.418,1.409,0.0,0.0,0.0,0.0,Balanced,0.0,-1.8058103581734986,False,,,,,,0.21022084366205146,-0.6211034172977374,-0.2295767350356064,-0.398250473626343,-0.8109136511124484
879,7,17,SS 7,SS,Javier Báez,DET,SS,12979,38.888,8.929,41.342,5.271,0.268,,,88.082,,,0.0,0.0,0.0,0.0,Balanced,0.0,-1.5565972810096835,False,0.10463286797185958,-0.05226635223119724,0.24826329679562167,-0.04619385205895414,-1.960590478096744,,,,,
880,7,23,C 7,C,Carson Kelly,CHC,C,13620,39.926,11.594,41.983,1.844,0.312,,,73.631,,,0.0,0.0,0.0,0.0,Balanced,0.0,0.2971888247006883,False,0.14228557813291948,0.24464135841850848,0.2717747578412921,-0.40015410816982305,-0.15309243261418154,,,,,
881,7,153,SP 7,SP,Will Warren,NYY,SP,30182,63.701,17.281,,,,13.467,0.474,122.858,4.284,1.306,0.0,0.0,0.0,0.0,Balanced,0.0,1.6512882945104168,False,,,,,,1.1706397137347828,-0.559748798067937,1.5015823636051793,-0.4959136837265385,-0.25868535895666916
882,7,26,2B 7,2B,Jeff McNeil,ATH,2B/OF,15362,60.164,11.962,56.703,4.022,0.328,,,68.227,,,0.0,0.0,0.0,0.0,Balanced,0.0,3.052543632920553,False,0.8762450482585666,0.2855941460943299,0.8112849059793844,-0.17520827212553372,0.7448212788941924,,,,,
883,7,19,3B 7,3B,Ryan McMahon,NYY,3B,15112,52.978,16.413,50.981,2.951,0.309,,,149.163,,,0.0,0.0,0.0,0.0,Balanced,0.0,1.6583885497798843,False,0.6156572491358093,0.7815061130697153,0.6015509452095474,-0.28589947981195246,-0.348100064614112,,,,,
884,7,27,2B 7,2B,Andrés Giménez,TOR,2B,19950,62.886,10.816,54.646,19.988,0.305,,,97.633,,,0.0,0.0,0.0,0.0,Balanced,0.0,3.047547517981056,False,0.9749682637559862,0.1579341912583022,0.7358796371479536,1.4738849735911632,-0.6931600006789382,,,,,
885,7,154,SP 7,SP,Reynaldo López,ATL,SP,16400,62.368,16.47,,,,16.604,0.535,128.38,3.959,1.281,1.87,0.0,0.0,0.0,Balanced,0.0,3.8696229627828864,False,,,,,,1.6312158080473733,-0.5518664319959102,1.6235254571379323,0.6611309375968875,0.14882754819607394
886,7,155,SP 7,SP,Tyler Mahle,SFG,SP,16358,62.865,16.198,,,,16.032,0.0,107.357,4.023,1.265,0.0,0.0,0.0,0.0,Balanced,0.0,3.353164975108193,False,,,,,,1.5472639719496804,-0.6211034172977374,1.1592716260370501,0.4227737042491769,0.42032145131700854
887,7,156,SP 7,SP,Chad Patrick,MIL,SP,30113,73.476,22.055,,,,15.235,0.076,132.243,4.334,1.282,0.0,0.0,0.0,0.0,Balanced,0.0,2.4376864966346905,False,,,,,,1.4302772123954957,-0.6112668627153363,1.7088326230772706,-0.7607995357191848,0.14192301116740472
888,7,157,SP 7,SP,Max Meyer,MIA,SP,27474,65.756,17.462,,,,14.491,0.3,114.723,4.341,1.312,0.0,0.0,0.0,0.0,Balanced,0.0,1.2550185094390836,False,,,,,,1.32100638217017,-0.5823532675844626,1.3219360278773724,-0.7058791660909082,-0.36367824043487856
889,7,65,OF 7,OF,Owen Caissie,MIA,OF,27496,47.229,12.24,46.021,4.589,0.306,,,129.205,,,0.0,0.0,0.0,0.0,Balanced,0.0,0.7227414529051748,False,0.40712753146670777,0.316564970288776,0.41977418239082104,-0.11665662255357463,-0.47471563385165333,,,,,
890,7,66,OF 7,OF,Harrison Bader,SFG,OF,18030,58.203,13.631,51.011,13.458,0.303,,,116.182,,,0.0,0.0,0.0,0.0,Balanced,0.0,2.2226388419961025,False,0.8051357544685553,0.4715750594404026,0.6026468028638975,0.7993862486409724,-0.7020040065387598,,,,,
891,7,24,C 7,C,Moisés Ballesteros,CHC,C,28820,38.874,10.227,40.634,1.722,0.325,,,63.602,,,0.0,0.0,0.0,0.0,Balanced,0.0,0.4177489356950726,False,0.10411787232141952,0.09227158773237937,0.22234754604676146,-0.41280889949348315,0.3469502193351213,,,,,
892,7,541,RP 7,RP,Luke Weaver,NYM,RP,16918,31.681,9.537,,,,3.944,23.999,71.994,3.923,1.198,0.0,0.0,0.0,0.0,SV+HLD Specialist,0.0,3.991393440836424,False,,,,,,-0.22733385945148296,2.4822551095279306,0.3783411651139317,0.4054554048358732,0.8107072444905885
893,7,542,RP 7,RP,Clayton Beeter,WSN,RP,27494,29.171,6.845,,,,2.421,25.864,69.192,3.949,1.354,0.0,0.0,0.0,0.0,SV+HLD Specialist,0.0,2.351086825677281,False,,,,,,-0.4508299510079113,2.7233644510404655,0.31647525121824044,0.3256513750056049,-0.5161448135697935
894,7,158,SP 7,SP,Zach Eflin,BAL,SP,13774,73.692,22.409,,,,18.294,0.302,107.545,4.418,1.239,1.12,0.0,0.0,0.0,Balanced,0.0,2.8341797726842053,False,,,,,,1.8792529882992872,-0.5820139574384087,1.1634232561681905,-1.0737678155468324,0.9168947373639862
895,7,159,SP 7,SP,Grant Holmes,ATL,SP,16944,66.407,17.26,,,,14.663,0.78,129.881,4.212,1.327,0.2,0.0,0.0,0.0,Balanced,0.0,1.9746414233212664,False,,,,,,1.3462035303818407,-0.5201812781438366,1.6566722487700698,-0.2638567791331732,-0.6372384583903713
896,7,160,SP 7,SP,Dustin May,STL,SP,19716,73.451,17.406,,,,17.379,0.28,127.012,4.29,1.298,0.2,0.0,0.0,0.0,Balanced,0.0,2.5164340796897777,False,,,,,,1.744983192978615,-0.5849005505749779,1.5933157229921868,-0.5944532123560571,-0.15128429218991882
897,7,543,RP 7,RP,Kyle Finnegan,DET,RP,15009,28.865,6.949,,,,4.028,19.243,57.838,3.896,1.266,0.0,0.0,0.0,0.0,Balanced,0.0,2.4226413742962163,False,,,,,,-0.2150522315294568,1.8671597802064028,0.06573445780855304,0.41855252186185726,0.19231873381564765
898,7,25,C 7,C,Carlos Narváez,BOS,C,19722,42.283,11.968,44.189,2.526,0.303,,,109.456,,,0.0,0.0,0.0,0.0,Balanced,0.0,0.21558076313108787,False,0.22774946899646908,0.2862180188119158,0.35263732448987106,-0.3297171595641261,-0.5784630098022133,,,,,
899,7,544,RP 7,RP,Alex Vesia,LAD,RP,25007,25.929,8.128,,,,3.911,23.983,75.096,3.562,1.182,0.0,0.0,0.0,0.0,SV+HLD Specialist,0.0,4.612218692036676,False,,,,,,-0.23209891557944043,2.4801201969854967,0.4468585204750463,0.9742384138722211,0.8525769219573246
900,7,161,SP 7,SP,Corbin Burnes,ARI,SP,19361,15.302,3.921,,,,5.347,0.0,33.854,3.597,1.21,10.45,0.0,0.0,0.0,Balanced,0.0,-0.22964960023127262,False,,,,,,-0.021370073981184918,-0.6211034172977374,-0.4638965062882936,0.534992739170027,0.37186076530885154
901,7,162,SP 7,SP,Cristian Javier,HOU,SP,17606,77.89,21.816,,,,16.444,0.0,124.661,4.687,1.332,0.2,0.0,0.0,0.0,Balanced,0.0,-0.08696003488293885,False,,,,,,1.60765697359731,-0.6211034172977374,1.5413982632139358,-2.105404810133994,-0.7624030500851001
902,7,163,SP 7,SP,Robby Snelling,MIA,SP,sa3020707,38.8,9.259,,,,11.139,0.165,68.216,4.103,1.337,0.0,0.0,0.0,0.0,Balanced,0.0,0.24970816309343755,False,,,,,,0.8288707276003853,-0.5997460160161747,0.29491989924480316,0.08169907199202629,-0.4919293941776646
903,7,32,1B 7,1B,Paul Goldschmidt,NYY,1B,9218,43.409,10.957,39.148,3.946,0.312,,,81.031,,,0.0,0.0,0.0,0.0,Balanced,0.0,0.17962524706813088,False,0.26858282130848726,0.17358671211916424,0.16785519954215783,-0.18310254000724557,-0.16833133727420985,,,,,
904,7,545,RP 7,RP,JoJo Romero,STL,RP,19574,26.472,5.507,,,,3.978,29.931,57.437,3.573,1.299,0.0,0.0,0.0,0.0,SV+HLD Specialist,0.0,4.498279129776896,False,,,,,,-0.22226903300979783,3.7366299713135604,0.056881327385285965,0.9714156412761937,-0.07421840153234813
905,7,164,SP 7,SP,Justin Verlander,DET,SP,8700,68.052,18.715,,,,15.467,0.0,107.236,4.402,1.292,0.0,0.0,0.0,0.0,Balanced,0.0,1.5168430615805584,False,,,,,,1.464297179341269,-0.6211034172977374,1.1565995662186035,-0.9376327613892338,-0.03583788152958088
906,7,18,SS 7,SS,Ha-Seong Kim,ATL,SS,27506,41.986,8.042,34.184,13.474,0.324,,,65.156,,,0.0,0.0,0.0,0.0,Balanced,0.0,1.315607120150787,False,0.21697808109641648,-0.151152406085421,-0.014071831383017751,0.8010698357987885,0.3276693822922692,,,,,
907,7,33,1B 7,1B,Triston Casas,BOS,1B,22514,20.461,7.141,23.233,0.317,0.331,,,46.314,,,0.0,0.0,0.0,0.0,Balanced,0.0,-1.6568144540303287,False,-0.5636574032627927,-0.2514622266058498,-0.41542694848189615,-0.5578890791229698,0.3002829140700115,,,,,
908,7,34,1B 7,1B,Jake Cronenworth,SDP,1B/2B,18036,64.702,13.984,61.018,4.073,0.331,,,114.506,,,0.0,0.0,0.0,0.0,Balanced,0.0,3.8394479860095934,False,1.0408333060633455,0.5108456188955907,0.9694109348732919,-0.1700036121941002,0.976070165175884,,,,,
909,7,546,RP 7,RP,Troy Melton,DET,RP,31807,26.883,7.551,,,,5.808,2.67,50.845,3.913,1.241,0.0,0.0,0.0,0.0,Balanced,0.0,0.3379487272512246,False,,,,,,0.046355702970412034,-0.2758708609203414,-0.0886973498142737,0.3604869663402797,0.3638180267050424
910,7,67,OF 7,OF,Jonny DeLuca,TBR,OF,26365,30.22,6.212,27.718,10.489,0.287,,,59.284,,,0.0,0.0,0.0,0.0,Balanced,0.0,-1.2409164845482308,False,-0.20972482913277715,-0.35500838684875585,-0.25106662570822474,0.49272549578473046,-0.8954428116345504,,,,,
911,7,26,C 7,C,Miguel Amaya,CHC,C,21693,30.694,7.739,35.441,1.08,0.296,,,62.787,,,0.0,0.0,0.0,0.0,Balanced,0.0,-1.5044649302555868,False,-0.1925558896314809,-0.18484487501033575,0.0319945059331218,-0.4791649567737001,-0.6498631969303708,,,,,
912,7,547,RP 7,RP,Louis Varland,TOR,RP,27691,29.41,8.007,,,,3.738,19.942,64.74,3.773,1.221,0.0,0.0,0.0,0.0,Balanced,0.0,3.1185679523805505,False,,,,,,-0.2575840899201677,1.957570934138513,0.21816111641059519,0.6615699128914911,0.5859200722317781
913,7,20,3B 7,3B,Enrique Hernández,LAD,3B/OF,10472,21.992,5.965,23.382,0.923,0.281,,,45.981,,,0.0,0.0,0.0,0.0,Balanced,0.0,-2.47343524559041,False,-0.5081575551030262,-0.3824955503505389,-0.40996232051321413,-0.4952882475051289,-0.7786722795634675,,,,,
914,7,165,SP 7,SP,Luis Morales,ATH,SP,32227,62.026,17.278,,,,13.428,0.307,99.782,4.542,1.336,0.0,0.0,0.0,0.0,Balanced,0.0,-0.0727380905431694,False,,,,,,1.1649834207926035,-0.5813461992089035,0.9920006814022813,-1.271280995097031,-0.694615163482957
915,7,28,2B 7,2B,Luis Rengifo,MIL,2B/3B,19858,45.389,8.116,41.107,11.385,0.301,,,77.554,,,0.0,0.0,0.0,0.0,Balanced,0.0,0.7270987786457026,False,0.340421087814967,-0.14290503157061935,0.23967602427340695,0.585260816931213,-0.7259957962539554,,,,,
916,7,27,C 7,C,Sean Murphy,ATL,C,19352,40.267,14.38,43.709,0.413,0.312,,,95.753,,,0.0,0.0,0.0,0.0,Balanced,0.0,0.4686942553615028,False,0.15463096682375416,0.5550180354175254,0.33502297035339496,-0.5479980562145766,-0.17077964663780734,,,,,
917,7,548,RP 7,RP,Bryan King,HOU,RP,25890,27.437,7.241,,,,3.682,20.088,62.455,3.614,1.183,0.0,0.0,0.0,0.0,Balanced,0.0,3.7944142299797634,False,,,,,,-0.2658032575621801,1.9764692420330694,0.1676989354921426,0.9250887027537976,0.8840773017240983
918,7,68,OF 7,OF,Lane Thomas,KCR,OF,16939,47.29,12.196,42.87,13.276,0.3,,,101.607,,,0.0,0.0,0.0,0.0,Balanced,0.0,1.1409297801719573,False,0.4093470901855065,0.3116185508850588,0.30426565451625265,0.7806292285268958,-0.7197889676661381,,,,,
919,7,166,SP 7,SP,Eduardo Rodriguez,ARI,SP,13164,70.332,18.111,,,,16.343,0.322,118.198,4.408,1.358,0.0,0.0,0.0,0.0,Balanced,0.0,0.6847156142017033,False,,,,,,1.5928079201038907,-0.579514519247451,1.3986749358864845,-0.9901032883523406,-1.1931248433468784
920,7,21,3B 7,3B,Brady House,WSN,3B,29993,50.538,12.146,53.07,5.944,0.279,,,137.633,,,0.0,0.0,0.0,0.0,Balanced,0.0,-0.22615894037575143,False,0.5271650387784738,0.3061262428534537,0.678103382756067,0.02329181815879872,-2.0750967289015305,,,,,
921,7,35,1B 7,1B,Kody Clemens,MIN,1B/2B/3B/OF/DH,20572,33.11,13.038,35.527,3.218,0.292,,,69.232,,,0.0,0.0,0.0,0.0,Balanced,0.0,0.06880808628454638,False,-0.10491233407839191,0.40544455137629065,0.03516113139585897,-0.2582545655303852,-0.7808512123015858,,,,,
922,7,22,3B 7,3B,Max Muncy,LAD,3B,13301,59.232,20.827,62.235,2.874,0.343,,,108.275,,,0.0,0.0,0.0,0.0,Balanced,0.0,4.432236963281538,False,0.8424656856656068,1.273251501538366,1.0140149069583755,-0.29383919421816984,1.3582477931779777,,,,,
923,7,29,2B 7,2B,Max Muncy,ATH,2B,29779,40.64,10.918,41.368,3.781,0.289,,,106.638,,,0.0,0.0,0.0,0.0,Balanced,0.0,-0.5435831517303383,False,0.16816954966243997,0.16934214952273116,0.24921988157082353,-0.2000954086700643,-1.1324122708260496,,,,,
924,7,28,C 7,C,Dalton Rushing,LAD,C,31382,24.174,6.51,24.951,0.774,0.307,,,57.51,,,0.0,0.0,0.0,0.0,Balanced,0.0,-1.9148338977686292,False,-0.42901142778220086,-0.32181390203948557,-0.3524609468038568,-0.5107159998365126,-0.214788784225688,,,,,
925,7,167,SP 7,SP,Landen Roupp,SFG,SP,30076,59.569,13.038,,,,14.404,0.309,112.092,4.09,1.346,0.0,0.0,0.0,0.0,Balanced,0.0,1.610017555046425,False,,,,,,1.3082463255251084,-0.5810878372912911,1.2638352891804014,0.16791873475577815,-0.9029667337300141
926,7,549,RP 7,RP,Bennett Sousa,HOU,RP,21345,23.461,6.376,,,,3.422,10.0,57.92,3.63,1.193,0.0,0.0,0.0,0.0,Balanced,0.0,1.7952545679449754,False,,,,,,-0.30388084031179036,0.6719630665805212,0.06754085857837906,0.7636935530046551,0.6804986683774152
927,7,19,SS 7,SS,Miguel Rojas,LAD,SS,7802,20.224,3.2,17.032,2.483,0.302,,,25.312,,,0.0,0.0,0.0,0.0,Balanced,0.0,-2.577396227235035,False,-0.5722781403127676,-0.6905772669955789,-0.6427129571001692,-0.33418847785013045,-0.27718921821826176,,,,,
928,7,30,2B 7,2B,Kristian Campbell,BOS,2B,33644,14.232,2.831,12.619,1.665,0.326,,,32.16,,,0.0,0.0,0.0,0.0,Balanced,0.0,-3.010933419194015,False,-0.7895736642291514,-0.7316849087923726,-0.8044454205488607,-0.4186818299102585,0.1350119619118669,,,,,
929,7,31,2B 7,2B,Christian Moore,LAA,2B,34979,38.61,9.727,35.558,6.294,0.292,,,111.516,,,0.0,0.0,0.0,0.0,Balanced,0.0,-0.9536371047076551,False,0.09455055875901565,0.03661657103159027,0.03629730488364685,0.0594125092606365,-0.9574792934044882,,,,,
930,7,32,2B 7,2B,Cole Young,SEA,2B,31680,39.57,6.745,35.451,5.007,0.314,,,65.584,,,0.0,0.0,0.0,0.0,Balanced,0.0,-0.11725009238453525,False,0.12938529976238497,-0.29558116832342,0.0323866690401969,-0.07346176676223738,-0.08391986929164753,,,,,
931,7,550,RP 7,RP,Brooks Raley,NYM,RP,10061,25.017,6.31,,,,3.224,17.675,53.956,3.757,1.201,0.0,0.0,0.0,0.0,Balanced,0.0,2.535554098098796,False,,,,,,-0.33307541538085883,1.6644840368684466,-0.019981246202200518,0.5906215904139802,0.6431482049039684
932,7,69,OF 7,OF,Lourdes Gurriel Jr.,ARI,OF,19238,39.305,11.176,46.042,5.166,0.311,,,55.609,,,0.0,0.0,0.0,0.0,Balanced,0.0,0.48683897068953896,False,0.11974907833126026,0.19806257570017066,0.4205291879988348,-0.05706383442021752,-0.18277158579424044,,,,,
933,7,29,C 7,C,Jesus Rodriguez,SFG,C,sa3008916,6.022,0.521,4.779,1.28,0.323,,,8.403,,,0.0,0.0,0.0,0.0,Balanced,0.0,-3.8101856775660035,False,-1.0873318184319223,-0.9890070042645095,-1.0917950573452406,-0.4584888538748242,0.04207626498660315,,,,,
934,7,70,OF 7,OF,Jake Meyers,HOU,OF,20308,53.409,9.198,42.934,13.127,0.312,,,94.646,,,0.0,0.0,0.0,0.0,Balanced,0.0,1.6207752266542514,False,0.6312848284157175,-0.02228481191749454,0.30662596331023734,0.7652290539728823,-0.19334037767746268,,,,,
935,7,71,OF 7,OF,Nolan Jones,CLE,OF,20529,13.009,2.758,11.424,2.454,0.309,,,34.681,,,0.0,0.0,0.0,0.0,Balanced,0.0,-3.163182844845738,False,-0.8339140643860689,-0.7398286758737179,-0.8482320807378908,-0.3371817512141499,-0.09485418924128135,,,,,
936,7,20,SS 7,SS,Tyler Fitzgerald,SFG,SS,26208,9.558,2.431,8.187,2.752,0.274,,,26.148,,,0.0,0.0,0.0,0.0,Balanced,0.0,-4.024695467332515,False,-0.9590833945525739,-0.7762550441717683,-0.9668573890447646,-0.30639173086169263,-0.4204130351747096,,,,,
937,7,551,RP 7,RP,Fernando Cruz,NYY,RP,7048,25.345,7.02,,,,3.399,19.996,76.998,3.655,1.24,0.0,0.0,0.0,0.0,Balanced,0.0,3.2579387634434527,False,,,,,,-0.3073541829282441,1.9646079989815945,0.4888429843331537,0.7785949854891486,0.3771723106584481
938,7,552,RP 7,RP,José Alvarado,PHI,RP,17780,24.043,5.541,,,,4.532,17.401,63.793,3.519,1.242,0.0,0.0,0.0,0.0,Balanced,0.0,3.065679584351275,False,,,,,,-0.14098019078625834,1.6290543162444886,0.19723734221242709,0.9814608041707403,0.35666827779704485
939,7,21,SS 7,SS,Colt Emerson,SEA,SS,sa3022923,31.205,5.282,29.246,5.668,0.308,,,62.971,,,0.0,0.0,0.0,0.0,Balanced,0.0,-1.1237832453764107,False,-0.17399791256596914,-0.4586102500128749,-0.1950532727602926,-0.00526615811510573,-0.25966729314966047,,,,,
940,7,72,OF 7,OF,Miguel Andujar,SDP,OF,15878,36.59,8.289,39.186,2.284,0.306,,,51.697,,,0.0,0.0,0.0,0.0,Balanced,0.0,-0.5200762466340244,False,0.021294240848859017,-0.12356163515018179,0.16924426325787245,-0.3547117151665788,-0.37280036930227134,,,,,
941,7,73,OF 7,OF,Wenceel Pérez,DET,OF,22857,49.803,11.194,43.156,9.33,0.3,,,89.962,,,0.0,0.0,0.0,0.0,Balanced,0.0,0.7398147924447122,False,0.5004940668535621,0.20007902144808248,0.31475143628580265,0.37296770645946986,-0.7209651175648297,,,,,
942,7,74,OF 7,OF,Zach Cole,HOU,OF,31583,39.407,11.193,37.727,9.534,0.286,,,126.397,,,0.0,0.0,0.0,0.0,Balanced,0.0,-0.3579529512997425,False,0.12345559632245673,0.19991191268444336,0.11578546811957909,0.394088978723388,-1.132732959846131,,,,,
943,7,36,1B 7,1B,Rhys Hoskins,CLE,1B/DH,16472,41.738,14.628,47.439,2.321,0.312,,,103.225,,,0.0,0.0,0.0,0.0,Balanced,0.0,0.8652468147358165,False,0.20798016413344309,0.5825687002494913,0.4717486218434565,-0.35098819878380094,-0.18417464892690805,,,,,
944,7,168,SP 7,SP,Kyle Harrison,MIL,SP,27758,46.32,12.655,,,,7.23,2.754,89.865,4.297,1.316,0.0,0.0,0.0,0.0,Balanced,0.0,0.2030398406061687,False,,,,,,0.2550337163204909,-0.2650320741664447,0.7729867337873254,-0.39116780607074647,-0.30769637275700645
945,7,30,C 7,C,Keibert Ruiz,WSN,C,19610,30.25,7.367,36.459,1.567,0.283,,,38.504,,,0.0,0.0,0.0,0.0,Balanced,0.0,-1.925527171168669,False,-0.20862592996317578,-0.2263190420287112,0.06931597246906342,-0.42878851723494127,-1.228328766947561,,,,,
946,7,31,C 7,C,Victor Caratini,MIN,C,14968,34.891,9.541,38.068,1.005,0.319,,,61.039,,,0.0,0.0,0.0,0.0,Balanced,0.0,-0.09242937401224618,False,-0.04033115416720019,0.015893970281917788,0.1282687161821753,-0.48685884679736513,0.12498906264807104,,,,,
947,7,553,RP 7,RP,Shawn Armstrong,CLE,RP,12857,30.396,7.646,,,,3.071,18.536,65.514,3.804,1.203,0.0,0.0,0.0,0.0,Balanced,0.0,3.202059113006229,False,,,,,,-0.35551268019484,1.7757425923808867,0.23523800779575946,0.6205177745052237,0.7560555789928368
948,7,22,SS 7,SS,Nasim Nuñez,WSN,SS,25979,39.125,4.418,27.216,23.878,0.301,,,80.458,,,0.0,0.0,0.0,0.0,Balanced,0.0,0.6134151266932132,False,0.11322459118237296,-0.5548236777072975,-0.2694579759073169,1.8755909351972582,-0.6019434821066817,,,,,
949,7,33,2B 7,2B,Travis Bazzana,CLE,2B,sa3025129,25.866,4.638,19.817,4.088,0.31,,,60.884,,,0.0,0.0,0.0,0.0,Balanced,0.0,-1.8113944765255676,False,-0.3676217702117657,-0.530331103249927,-0.5406149414572623,-0.16847805499649612,-0.1365323536603019,,,,,
950,7,75,OF 7,OF,Denzel Clarke,ATH,OF,29858,44.923,8.237,33.873,13.965,0.292,,,124.244,,,0.0,0.0,0.0,0.0,Balanced,0.0,0.026814261016569557,False,0.3235168995987561,-0.12940709970227737,-0.025462886867030937,0.8517323818668205,-1.0272581315128628,,,,,
951,7,34,2B 7,2B,Jared Triolo,PIT,2B/3B,25807,54.263,8.893,43.178,12.897,0.321,,,110.519,,,0.0,0.0,0.0,0.0,Balanced,0.0,2.398664399341601,False,0.6622280882013236,-0.056278076616959744,0.3155870735606918,0.7414006148742177,0.2986006384199123,,,,,
952,7,554,RP 7,RP,Matt Svanson,STL,RP,29629,28.311,5.686,,,,3.271,17.993,59.731,3.672,1.281,0.0,0.0,0.0,0.0,Balanced,0.0,2.1668093136054827,False,,,,,,-0.32615809060962886,1.7055180645541308,0.10754667318249635,0.8359302320798444,0.07137944360293905
953,7,76,OF 7,OF,Trevor Larnach,MIN,OF/DH,21501,49.505,13.066,48.246,3.375,0.324,,,99.091,,,0.0,0.0,0.0,0.0,Balanced,0.0,1.681109330573538,False,0.48968641165418253,0.4085750555484629,0.5013221182078395,-0.24207147130420942,0.3621617581582914,,,,,
954,7,555,RP 7,RP,Camilo Doval,NYY,RP,21992,27.186,5.25,,,,4.05,20.214,68.801,3.647,1.316,0.0,0.0,0.0,0.0,Balanced,0.0,2.785913066638946,False,,,,,,-0.2117565197061523,1.9927885859211876,0.30783191061542986,0.8510316064684832,-0.2171817466774565
955,7,556,RP 7,RP,Matt Brash,SEA,RP,25756,23.156,5.007,,,,3.107,23.4,71.427,3.18,1.21,0.0,0.0,0.0,0.0,SV+HLD Specialist,0.0,4.765589877256481,False,,,,,,-0.35023073313904934,2.4047969652490995,0.3658266502452227,1.6187750485045391,0.6316432535870947
956,7,557,RP 7,RP,Brad Keller,PHI,RP,15734,29.829,7.229,,,,4.155,21.77,60.124,3.8,1.282,0.0,0.0,0.0,0.0,SV+HLD Specialist,0.0,2.8427436641245087,False,,,,,,-0.1963184953514815,2.193943640494817,0.11622313849380009,0.6170845515846887,0.06533477683229415
957,7,35,2B 7,2B,Isaac Collins,KCR,2B/OF/DH,25477,48.585,7.965,40.842,13.273,0.33,,,92.129,,,0.0,0.0,0.0,0.0,Balanced,0.0,2.27439638230283,False,0.4563313764633459,-0.159688321732106,0.22995624333917178,0.7802470645708269,0.6414700866111167,,,,,
958,7,558,RP 7,RP,Hunter Gaddis,CLE,RP,25636,29.727,8.927,,,,3.137,28.012,62.739,3.809,1.2,0.0,0.0,0.0,0.0,SV+HLD Specialist,0.0,4.732807898310339,False,,,,,,-0.3458384080720884,3.4513627246350187,0.17396392202514557,0.5969550122361429,0.7670867446094919
959,7,169,SP 7,SP,Thomas White,MIA,SP,sa3023268,15.024,3.491,,,,3.866,0.0,29.892,4.215,1.417,0.0,0.0,0.0,0.0,Balanced,0.0,-2.0136810877992786,False,,,,,,-0.23878576072650162,-0.6211034172977374,-0.5513876946742796,-0.061606189127172244,-0.49634259763801514
960,7,32,C 7,C,Patrick Bailey,SFG,C,27478,47.206,9.049,48.164,2.325,0.282,,,125.161,,,0.0,0.0,0.0,0.0,Balanced,0.0,-1.0125084657765446,False,0.40632239742165316,-0.03888651055582675,0.49829843070001756,-0.3505740156854669,-1.803883073994371,,,,,
961,7,36,2B 7,2B,Chase Meidroth,CHW,2B,31580,62.313,6.562,39.551,12.698,0.339,,,80.694,,,0.0,0.0,0.0,0.0,Balanced,0.0,3.2535218238607655,False,0.9542016081614737,-0.3160297107007243,0.18263278503493185,0.7208360625354916,1.4117372184666346,,,,,
962,7,559,RP 7,RP,Robert Stephenson,LAA,RP,13594,15.553,4.802,,,,1.587,9.38,35.322,4.001,1.193,0.0,0.0,0.0,0.0,Balanced,0.0,-0.04576588065901477,False,,,,,,-0.573367305842236,0.5918721652233154,-0.43147845824300524,0.12488952353069081,0.4099388772576189
963,7,77,OF 7,OF,Jesús Sánchez,TOR,OF,19913,50.703,14.379,48.541,9.444,0.311,,,99.366,,,0.0,0.0,0.0,0.0,Balanced,0.0,2.0102646272315097,False,0.5331346362476612,0.5548843484066142,0.5121267615691236,0.3847992959642469,-0.22063286842782656,,,,,
964,7,170,SP 7,SP,Jonah Tong,NYM,SP,32157,14.322,3.39,,,,3.767,0.684,34.567,3.814,1.254,0.0,0.0,0.0,0.0,Balanced,0.0,-0.9349239059961535,False,,,,,,-0.2533250613492228,-0.5326069605198261,-0.4481644780679506,0.28292690985500246,0.1445415781504389
965,7,171,SP 7,SP,Johan Oviedo,BOS,SP,22487,48.022,12.153,,,,9.734,0.728,88.607,4.276,1.327,0.0,0.0,0.0,0.0,Balanced,0.0,0.30615622806673204,False,,,,,,0.6225899959462777,-0.5270031706991763,0.7452127698727757,-0.3533275892091343,-0.46200061429677847
966,7,78,OF 7,OF,Spencer Jones,NYY,OF,sa3019969,4.67,1.47,4.335,1.391,0.277,,,13.793,,,0.0,0.0,0.0,0.0,Balanced,0.0,-4.073903580955108,False,-1.1363565029698863,-0.8832536714714581,-1.1080584645539795,-0.44703116532166054,-0.15751224707410483,,,,,
967,7,560,RP 7,RP,Tyler Holton,DET,RP,26231,29.642,8.25,,,,4.023,15.846,56.896,3.6,1.152,0.0,0.0,0.0,0.0,Balanced,0.0,3.559909575430584,False,,,,,,-0.2157495424942986,1.4279755547296131,0.044938765816558576,1.0281321263930185,1.2324080617770532
968,7,33,C 7,C,Freddy Fermin,SDP,C/DH,21840,43.204,9.416,41.626,2.392,0.291,,,85.84,,,0.0,0.0,0.0,0.0,Balanced,0.0,-0.8375578516737379,False,0.2611806655158922,0.001955985335992873,0.2586867722771317,-0.3435525276493715,-1.215749400628936,,,,,
969,7,172,SP 7,SP,Dean Kremer,BAL,SP,19350,70.109,19.777,,,,16.618,0.54,112.144,4.423,1.284,0.0,0.0,0.0,0.0,Balanced,0.0,1.8470333897862299,False,,,,,,1.6332813165263889,-0.5512831133721112,1.264983612408164,-1.0397164513183792,0.09214069910045312
970,7,173,SP 7,SP,Max Scherzer,TOR,SP,3137,45.784,14.654,,,,10.0,0.366,80.351,4.579,1.228,0.2,0.0,0.0,0.0,Balanced,0.0,0.43556029390373446,False,,,,,,0.6617318954316992,-0.5737726260594289,0.5628987909543216,-1.0160032379666741,0.6761510028265911
971,7,79,OF 7,OF,Parker Meadows,DET,OF,23800,49.191,10.201,39.186,11.022,0.298,,,105.452,,,0.0,0.0,0.0,0.0,Balanced,0.0,0.7172606502209371,False,0.47829485293564206,0.08936389524505912,0.169266253712475,0.5477261191919209,-0.8288742574091879,,,,,
972,7,23,3B 7,3B,Ke'Bryan Hayes,CIN,3B,18577,51.553,8.387,46.486,10.505,0.296,,,99.57,,,0.0,0.0,0.0,0.0,Balanced,0.0,0.5810223273496498,False,0.563969094135287,-0.11269956551364044,0.43682411485917033,0.4943987541869773,-1.132287915496115,,,,,
973,7,561,RP 7,RP,Paul Sewald,ARI,RP,13892,27.91,8.038,,,,2.264,19.59,51.939,4.469,1.244,0.0,0.0,0.0,0.0,Balanced,0.0,1.1798363451569127,False,,,,,,-0.4739395703943083,1.9121132021477614,-0.06452956249767733,-0.4759901962746478,0.31325141789443406
974,7,562,RP 7,RP,Gabe Speier,SEA,RP,17170,23.278,6.261,,,,2.966,20.812,68.087,3.353,1.083,0.0,0.0,0.0,0.0,SV+HLD Specialist,0.0,4.85162239552787,False,,,,,,-0.3708755417676162,2.070054057899096,0.2920755909421921,1.264377103758668,1.5628144798241508
975,7,37,1B 7,1B,Mauricio Dubón,ATL,1B/2B/OF,16530,42.483,5.883,37.681,3.531,0.292,,,49.824,,,0.0,0.0,0.0,0.0,Balanced,0.0,-0.6481207575436914,False,0.23499930213189177,-0.39165199653953714,0.11409220311519878,-0.22591110034028633,-1.0437520116325074,,,,,
976,7,80,OF 7,OF,Jake McCarthy,COL,OF,21622,44.341,5.941,33.07,14.411,0.319,,,63.453,,,0.0,0.0,0.0,0.0,Balanced,0.0,0.8497407451402177,False,0.3024129581205047,-0.3851659483934916,-0.05491177065533396,0.8977779741953192,0.12198837113751163,,,,,
977,7,37,2B 7,2B,Javier Sanoja,MIA,2B/SS/OF/DH,28253,24.097,3.61,22.499,4.913,0.304,,,25.121,,,0.0,0.0,0.0,0.0,Balanced,0.0,-1.6202401968310873,False,-0.4317931296405646,-0.6448763623155584,-0.44231394430902626,-0.08322553940201526,-0.2866767964454365,,,,,
978,7,81,OF 7,OF,Walker Jenkins,MIN,OF,sa3022894,9.448,1.809,7.785,2.072,0.32,,,17.736,,,0.0,0.0,0.0,0.0,Balanced,0.0,-3.4419937605337703,False,-0.9630807762843713,-0.8455082579990831,-0.9816085859920156,-0.37662003860488713,0.036765261289824235,,,,,
979,7,174,SP 7,SP,Simeon Woods Richardson,MIN,SP,24494,72.527,18.809,,,,13.486,0.313,118.381,4.574,1.34,0.0,0.0,0.0,0.0,Balanced,0.0,-0.14056095345197328,False,,,,,,1.1735331872331052,-0.5805753806949453,1.402716150322648,-1.5930173804404955,-0.8752613839039036
980,7,24,3B 7,3B,Joey Ortiz,MIL,3B,25493,57.073,9.466,51.37,12.362,0.298,,,89.526,,,0.0,0.0,0.0,0.0,Balanced,0.0,1.2545147925313542,False,0.7641428260394992,0.007526277457296199,0.6158264153222345,0.6862140738667775,-1.0418983127033004,,,,,
981,7,563,RP 7,RP,Lucas Erceg,KCR,RP,19360,27.403,5.459,,,,4.458,24.113,58.631,3.717,1.265,0.0,0.0,0.0,0.0,SV+HLD Specialist,0.0,3.4763995997920505,False,,,,,,-0.1518993464841379,2.496920187143767,0.08324859534582701,0.720952654327843,0.198458162660956
982,7,82,OF 7,OF,Victor Robles,SEA,OF,18363,39.4,5.685,28.746,17.787,0.31,,,71.618,,,0.0,0.0,0.0,0.0,Balanced,0.0,0.49224268555576,False,0.12320172522716936,-0.4137125814567465,-0.21336032621674225,1.2464767622191228,-0.22157128022153078,,,,,
983,7,83,OF 7,OF,Jorge Soler,LAA,OF/DH,14221,55.44,20.848,58.946,0.922,0.312,,,129.016,,,0.0,0.0,0.0,0.0,Balanced,0.0,2.4610127237080435,False,0.7049473400783342,1.2755798836450705,0.893477895131405,-0.4954862497493948,-0.189372933180555,,,,,
984,7,175,SP 7,SP,Slade Cecconi,CLE,SP,27500,82.745,24.936,,,,16.78,0.0,123.521,4.589,1.26,0.0,0.0,0.0,0.0,Balanced,0.0,1.7303451890077681,False,,,,,,1.6570662265313691,-0.6211034172977374,1.5162234847591476,-1.8731654491252967,0.5816610095041267
985,7,176,SP 7,SP,Taj Bradley,MIN,SP,22543,69.488,18.426,,,,15.999,0.317,126.981,4.396,1.297,0.2,0.0,0.0,0.0,Balanced,0.0,1.9154170671103274,False,,,,,,1.5423416905494391,-0.580061630995909,1.5926311456833284,-0.9349985828245856,-0.1315370243048947
986,7,177,SP 7,SP,Braxton Garrett,MIA,SP,21844,56.196,14.146,,,,13.534,0.66,103.125,4.026,1.218,0.0,0.0,0.0,0.0,Balanced,0.0,3.5216602958581027,False,,,,,,1.1805062968815225,-0.5357079500825224,1.0658157818083989,0.3692318021586357,1.0856921471038354
987,7,84,OF 7,OF,Josh Lowe,LAA,OF,19953,55.983,13.15,49.105,20.622,0.299,,,126.004,,,0.0,0.0,0.0,0.0,Balanced,0.0,2.5583484105437395,False,0.7246150965032452,0.41799998981770803,0.532801453971092,1.5392969826123346,-0.8804967483029639,,,,,
988,7,564,RP 7,RP,Riley O'Brien,STL,RP,20348,28.369,5.621,,,,2.986,26.523,63.049,3.768,1.333,0.0,0.0,0.0,0.0,SV+HLD Specialist,0.0,2.978928479458269,False,,,,,,-0.36792481536902283,2.8085799183611275,0.18081852836932644,0.6476517429429965,-0.36034771017356687
989,7,11,DH 7,DH,Rafael Flores Jr.,PIT,DH,31991,7.197,1.804,7.435,0.396,0.294,,,20.554,,,0.0,0.0,0.0,0.0,Balanced,0.0,-4.850192539489688,False,-1.0447101255901008,-0.8460374357506069,-0.9944202248433401,-0.5497570432880498,-0.17072028532526723,,,,,
990,7,178,SP 7,SP,Jack Leiter,TEX,SP,30146,84.163,23.736,,,,19.17,0.0,156.784,4.286,1.278,0.0,0.0,0.0,0.0,K Specialist,0.0,3.7947689162697875,False,,,,,,2.007823918008348,-0.6211034172977374,2.250774937164068,-0.6658931300244394,0.24011530080800111
991,7,85,OF 7,OF,Heliot Ramos,SFG,OF,22515,73.732,21.417,71.245,6.241,0.319,,,147.768,,,0.0,0.0,0.0,0.0,Balanced,0.0,4.5904775116397225,False,1.3683306457140736,1.3389363862327741,1.3442492287975132,0.05395995919553681,0.18330909743048146,,,,,
992,7,86,OF 7,OF,Brenton Doyle,COL,OF,25479,68.188,18.275,64.186,20.798,0.297,,,149.468,,,0.0,0.0,0.0,0.0,Balanced,0.0,3.840083927050904,False,1.1672538580566247,0.9889437916670484,1.0855205351736577,1.5575065786812319,-1.2038390247630533,,,,,
993,7,25,3B 7,3B,Royce Lewis,MIN,3B/DH,20437,56.165,18.804,63.102,10.509,0.298,,,106.076,,,0.0,0.0,0.0,0.0,Balanced,0.0,2.5117406920623786,False,0.7312266251705167,1.0477883576364957,1.0458094392375954,0.4947809181430461,-0.9810170729079817,,,,,
994,7,38,2B 7,2B,Jordan Westburg,BAL,2B/3B,27815,54.081,15.862,50.779,3.863,0.316,,,89.579,,,0.0,0.0,0.0,0.0,Balanced,0.0,2.154153841002909,False,0.655641946643581,0.7200435098032554,0.5941511572358593,-0.19168057150765344,0.0033618205083716683,,,,,
995,7,179,SP 7,SP,Gerrit Cole,NYY,SP,13125,52.67,15.551,,,,15.579,0.0,111.55,3.955,1.188,8.4,0.0,0.0,0.0,Balanced,0.0,4.521575255149284,False,,,,,,1.4806920611420111,-0.6211034172977374,1.2518662278448796,0.5696041877232315,1.4781227047052286
996,7,39,2B 7,2B,Jorge Polanco,NYM,2B,13152,60.994,21.124,68.316,5.237,0.319,,,103.811,,,0.0,0.0,0.0,0.0,Balanced,0.0,3.931820996795084,False,0.9063469066997915,1.3063167555704218,1.236880834201578,-0.049800653503797566,0.19852475474923445,,,,,
997,7,87,OF 7,OF,Sal Frelick,MIL,OF,29622,66.132,7.82,52.397,19.105,0.327,,,77.708,,,0.0,0.0,0.0,0.0,Balanced,0.0,3.9726043238146076,False,1.092688290640771,-0.1758065190143091,0.6534447529953077,1.3826820619131364,0.6978992100311547,,,,,
998,7,565,RP 7,RP,Ryan Walker,SFG,RP,20423,26.17,5.515,,,,4.13,27.568,64.024,3.532,1.215,0.0,0.0,0.0,0.0,SV+HLD Specialist,0.0,4.668561363618402,False,,,,,,-0.1999653582964495,2.943678115080301,0.2023341306925719,1.0422563611381217,0.6047155115144365
999,7,40,2B 7,2B,José Caballero,NYY,2B/3B/SS,23401,45.576,6.705,30.314,38.038,0.321,,,90.513,,,0.0,0.0,0.0,0.0,SB Specialist,0.0,4.290443792376481,False,0.34719219259927603,-0.30009756117537273,-0.15591026356812374,3.838899766608803,0.214180390147085,,,,,
1000,7,88,OF 7,OF,Daylen Lile,WSN,OF,29995,65.308,10.659,59.071,14.01,0.32,,,97.006,,,0.0,0.0,0.0,0.0,Balanced,0.0,3.6010463668147357,False,1.0628149161853053,0.14038777107619688,0.8980555747644591,0.8563390068507841,0.26011673424319437,,,,,
1001,7,41,2B 7,2B,Marcus Semien,NYM,2B,12533,72.963,18.205,67.436,9.33,0.312,,,95.668,,,0.0,0.0,0.0,0.0,Balanced,0.0,3.9367658244335164,False,1.340441092531782,0.981111960944496,1.2046318325272432,0.37296460783279917,-0.2900981431782593,,,,,
1002,7,89,OF 7,OF,Dylan Crews,WSN,OF,33541,67.106,15.996,59.623,25.142,0.3,,,125.282,,,0.0,0.0,0.0,0.0,SB Specialist,0.0,4.039985202417526,False,1.1280162669149847,0.7350498767780462,0.9182867929986137,2.006218706883782,-1.0258369374987757,,,,,
1003,7,90,OF 7,OF,Daulton Varsho,TOR,OF,19918,70.818,26.42,74.192,8.026,0.288,,,141.605,,,0.0,0.0,0.0,0.0,Balanced,0.0,3.4566566517444293,False,1.2626586156656436,1.8962663941376487,1.4522736719557514,0.23828693108750362,-1.691311734099711,,,,,
1004,7,42,2B 7,2B,Matt McLain,CIN,2B/SS,29695,67.034,16.762,56.481,16.23,0.313,,,153.079,,,0.0,0.0,0.0,0.0,Balanced,0.0,4.15339177372156,False,1.1254086480933894,0.820331049155199,0.8031227822461486,1.0856890242698767,-0.18565446411809064,,,,,
1005,7,566,RP 7,RP,Dennis Santana,PIT,RP,17878,30.802,6.858,,,,3.579,28.739,60.071,3.938,1.263,0.0,0.0,0.0,0.0,SV+HLD Specialist,0.0,4.040706349611229,False,,,,,,-0.28096646799554903,3.5594889328445114,0.11503948224364509,0.36577967333708167,0.22496312928306023
1006,7,38,1B 7,1B,Christian Walker,HOU,1B,13419,67.227,25.682,77.755,2.964,0.303,,,145.18,,,0.0,0.0,0.0,0.0,Balanced,0.0,3.7361236400899482,False,1.1324191170532552,1.8141157259326688,1.582860321535992,-0.2844792759211565,-0.8148119717063055,,,,,
1007,7,26,3B 7,3B,Addison Barger,TOR,3B/OF,24598,56.116,17.198,59.884,3.917,0.305,,,113.857,,,0.0,0.0,0.0,0.0,Balanced,0.0,2.1971163181802735,False,0.7294350205837737,0.8689262776214486,0.927870966129468,-0.18613919414465668,-0.5746159597639658,,,,,
1008,7,34,C 7,C,Gabriel Moreno,ARI,C,22664,51.227,10.415,52.181,4.139,0.347,,,73.6,,,0.0,0.0,0.0,0.0,Balanced,0.0,2.9603137396335035,False,0.5521350743649596,0.11326044844545016,0.6455538448688337,-0.16315151574934333,1.492934528089243,,,,,
1009,7,91,OF 7,OF,Wilyer Abreu,BOS,OF,23772,63.902,21.886,70.245,7.977,0.324,,,125.007,,,0.0,0.0,0.0,0.0,Balanced,0.0,4.753512774532643,False,1.0118339735216546,1.3912414292518116,1.3076131314300112,0.23322997236071288,0.4469415976862325,,,,,
1010,7,23,SS 7,SS,Ezequiel Tovar,COL,SS,24064,76.519,19.744,71.188,8.258,0.3,,,155.471,,,0.0,0.0,0.0,0.0,Balanced,0.0,3.54960683045093,False,1.4694221158575316,1.1526101147751802,1.3421601356102906,0.2622444796307859,-1.1047344523356954,,,,,
1011,7,35,C 7,C,Austin Wells,NYY,C,27562,48.612,17.754,57.423,4.204,0.292,,,108.829,,,0.0,0.0,0.0,0.0,Balanced,0.0,1.178834613200745,False,0.4572924598955054,0.9308567854260982,0.8376587911991267,-0.15645848214035563,-1.2016509008079421,,,,,
1012,7,180,SP 7,SP,Roki Sasaki,LAD,SP,35323,53.738,13.143,,,,13.045,1.532,102.105,4.18,1.312,8.59,0.0,0.0,0.0,Balanced,0.0,1.6693014382537301,False,,,,,,1.1087449244723468,-0.4230414643603901,1.0432909800330625,-0.11928129009323873,-0.3159016044225849
1013,7,92,OF 7,OF,TJ Friedl,CIN,OF,19522,68.406,13.459,54.606,11.605,0.333,,,96.61,,,0.0,0.0,0.0,0.0,Balanced,0.0,4.32108980131509,False,1.1751855164193907,0.4524132545431196,0.7344246020684321,0.6079530929172408,1.0755508079959428,,,,,
1014,7,39,1B 7,1B,Kyle Manzardo,CLE,1B,29794,59.706,24.77,70.149,1.998,0.318,,,124.361,,,0.0,0.0,0.0,0.0,Balanced,0.0,3.9446505782749477,False,0.8596346251669029,1.7125358788085825,1.3040653380875,-0.3843335532641341,0.09464881529430724,,,,,
1015,7,43,2B 7,2B,Otto Lopez,MIA,2B,19608,63.046,11.597,60.53,15.724,0.318,,,85.987,,,0.0,0.0,0.0,0.0,Balanced,0.0,3.6721500561521374,False,0.9807891652979339,0.2449644353615441,0.9515400254331219,1.0333945348218756,0.10810902316382968,,,,,
1016,7,181,SP 7,SP,Noah Cameron,KCR,SP,30184,74.903,20.602,,,,19.221,0.0,123.686,4.233,1.29,0.0,0.0,0.0,0.0,QS+W Specialist,0.0,2.8803165117606055,False,,,,,,2.0153211118977095,-0.6211034172977374,1.5198672026933937,-0.382823244754954,-0.006460031896173162
1017,7,24,SS 7,SS,Carlos Correa,HOU,SS,14162,64.336,15.906,62.74,0.288,0.332,,,107.637,,,0.0,0.0,0.0,0.0,Balanced,0.0,3.645340694767546,False,1.02755222104988,0.7249787886227301,1.0325455300366158,-0.5608785308474287,0.9923500823926947,,,,,
1018,7,27,3B 7,3B,Alec Bohm,PHI,3B,21618,63.603,14.058,70.316,2.868,0.323,,,88.173,,,0.0,0.0,0.0,0.0,Balanced,0.0,3.3892620158318003,False,1.0009936777528812,0.5191119324036045,1.3102006749215536,-0.294429999036741,0.44490770561021875,,,,,
1019,7,93,OF 7,OF,Giancarlo Stanton,NYY,OF,4949,46.778,23.223,63.364,0.429,0.301,,,122.531,,,0.0,0.0,0.0,0.0,Balanced,0.0,1.7713372199028647,False,0.39079999330979276,1.5401241970700044,1.0553972774442162,-0.5463950333502018,-0.677493995478678,,,,,
1020,7,94,OF 7,OF,Adolis García,PHI,OF/DH,19287,67.907,23.852,77.957,11.267,0.29,,,145.374,,,0.0,0.0,0.0,0.0,Balanced,0.0,3.5491042822300796,False,1.1570627469458001,1.6101873313717567,1.5902637745854475,0.5731142003815688,-1.6482829382512565,,,,,
1021,7,40,1B 7,1B,Luis Arraez,SFG,1B/2B/DH,18568,67.925,4.325,54.146,8.138,0.339,,,24.611,,,0.0,0.0,0.0,0.0,Balanced,0.0,3.823338111448674,False,1.1577155583336822,-0.5652000178708612,0.7175542583126686,0.24988199208974055,1.5914600422193872,,,,,
1022,7,36,C 7,C,J.T. Realmuto,PHI,C,11739,54.617,13.863,53.734,6.526,0.311,,,114.288,,,0.0,0.0,0.0,0.0,Balanced,0.0,1.9529647222896092,False,0.6750775923528007,0.49735437137779415,0.702468806455462,0.08342480020843679,-0.23982871378013662,,,,,
1023,7,44,2B 7,2B,Caleb Durbin,BOS,2B,29646,61.722,10.014,53.061,20.704,0.325,,,56.845,,,0.0,0.0,0.0,0.0,Balanced,0.0,4.098236522279752,False,0.9327422471498197,0.06863126796956848,0.6777991814674014,1.5478078772015413,0.512033286910596,,,,,
1024,7,95,OF 7,OF,Trent Grisham,NYY,OF,18564,70.258,23.462,62.811,5.25,0.326,,,130.485,,,0.0,0.0,0.0,0.0,Balanced,0.0,4.741505873544265,False,1.2423416745827833,1.5667613339940767,1.0351440687554594,-0.048450685150873585,0.5875492723248932,,,,,
1025,7,37,C 7,C,Samuel Basallo,BAL,C,28824,50.316,16.332,55.757,2.614,0.305,,,104.024,,,0.0,0.0,0.0,0.0,Balanced,0.0,1.391796990373968,False,0.5191028181381314,0.772404255743506,0.7766169542987922,-0.3206278546630317,-0.5342915071975113,,,,,
1026,7,96,OF 7,OF,Kerry Carpenter,DET,OF/DH,25961,60.695,23.258,69.075,2.19,0.308,,,112.911,,,0.0,0.0,0.0,0.0,Balanced,0.0,3.3226541017884688,False,0.8954993574711526,1.544045682723402,1.2647097545008417,-0.36450647407306497,-0.42410667003345665,,,,,
1027,7,97,OF 7,OF,Ramón Laureano,SDP,OF,17128,65.55,19.288,64.0,8.358,0.311,,,135.681,,,0.0,0.0,0.0,0.0,Balanced,0.0,3.4879863047096187,False,1.071591602622385,1.1017310665391964,1.0787108243984658,0.27255774206685723,-0.27193182016725964,,,,,
1028,7,41,1B 7,1B,Jac Caglianone,KCR,1B,35041,58.601,19.145,63.759,3.555,0.306,,,110.329,,,0.0,0.0,0.0,0.0,Balanced,0.0,2.3109153669839166,False,0.8195665128706799,1.085855733993482,1.0698706616483242,-0.22344562638586446,-0.5624671732194839,,,,,
1029,7,182,SP 7,SP,Cade Horton,CHC,SP,31872,60.297,16.273,,,,17.141,0.0,110.088,3.912,1.22,0.0,0.0,0.0,0.0,Balanced,0.0,4.424178892586606,False,,,,,,1.710048647651586,-0.6211034172977374,1.2195806786335637,0.814498759713727,1.1696183072435362
1030,7,42,1B 7,1B,Munetaka Murakami,CHW,1B,sa3063258,69.496,27.896,75.036,8.263,0.326,,,176.085,,,0.0,0.0,0.0,0.0,HR Specialist,0.0,5.713695630594816,False,1.2146878588461159,2.0606902769742783,1.483203246353945,0.26279293655152236,0.6313491834684036,,,,,
1031,7,183,SP 7,SP,Jacob Misiorowski,MIL,SP,31623,68.131,17.899,,,,17.767,0.332,157.721,4.061,1.265,0.0,10.26,-10.26,-100.0,K Specialist,0.0,4.690241247251467,False,,,,,,1.8019645089793135,-0.5781881838175452,2.2714668384027843,0.3053274037376049,0.4558379054216933
1032,7,98,OF 7,OF,Andy Pages,LAD,OF,24816,72.813,22.524,75.871,9.891,0.31,,,126.975,,,0.0,5.04,-5.04,-100.0,Balanced,0.0,4.759062311714291,False,1.3350046243626985,1.4622403726299427,1.5137919687058032,0.4309016964483773,-0.38484906458088725,,,,,
1033,7,567,RP 7,RP,Carlos Estévez,KCR,RP,14542,31.815,8.407,,,,3.644,31.015,57.019,4.172,1.269,0.0,5.08,-5.08,-100.0,SV+HLD Specialist,0.0,3.783530422015823,False,,,,,,-0.27140670167333986,3.8978192303343375,0.047657200226895784,-0.05717255681497354,0.17141553358321307
1034,7,99,OF 7,OF,Lawrence Butler,ATH,OF,22542,72.154,21.076,64.897,17.939,0.306,,,146.514,,,0.0,5.2,-5.2,-100.0,Balanced,0.0,4.665793524404009,False,1.311118981026083,1.3009469939654859,1.1115865540289673,1.2622281144624967,-0.6274100896375201,,,,,
1035,7,45,2B 7,2B,Ozzie Albies,ATL,2B,16556,68.525,17.354,69.783,10.829,0.309,,,87.103,,,0.0,6.66,-6.66,-100.0,Balanced,0.0,3.7892743945629297,False,1.1795013250392772,0.8863278702083996,1.2906694861589068,0.5278329359652075,-0.47745669645015154,,,,,
1036,7,100,OF 7,OF,Jo Adell,LAA,OF,20220,68.444,30.052,82.442,8.67,0.296,,,155.318,,,0.0,7.4,-7.4,-100.0,HR Specialist,0.0,4.606621428610881,False,1.176563673793808,2.3008701326606316,1.7546094370560508,0.304884681248045,-1.2821077178179197,,,,,
1037,7,184,SP 7,SP,Cam Schlittler,NYY,SP,32095,61.951,16.288,,,,17.575,0.0,131.087,3.903,1.264,0.0,7.93,-7.93,-100.0,Balanced,0.0,4.527178016837771,False,,,,,,1.773797550068959,-0.6211034172977374,1.6833045143985557,0.871571605101011,0.4376815029541425
1038,7,25,SS 7,SS,Trevor Story,BOS,SS,12564,71.584,19.604,71.43,22.333,0.3,,,156.903,,,0.0,8.7,-8.7,-100.0,Balanced,0.0,4.706901275640509,False,1.2904139798404264,1.1370021562512884,1.3510149586634999,1.7160116616496348,-1.0442581639412098,,,,,
1039,7,185,SP 7,SP,Hunter Greene,CIN,SP,22182,29.723,9.814,,,,9.516,0.0,79.526,3.694,1.123,2.05,10.68,-10.68,-100.0,Balanced,0.0,2.8886567845757023,False,,,,,,0.5906766421258687,-0.6211034172977374,0.5446802012830935,0.830039575318168,1.4656667499769112
1040,7,568,RP 7,RP,Emilio Pagán,CIN,RP,14771,31.821,10.437,,,,3.042,30.57,70.986,4.056,1.195,0.0,4.26,-4.26,-100.0,SV+HLD Specialist,0.0,4.921431591770853,False,,,,,,-0.35966571749912896,3.83170864406308,0.35609240257603814,0.15241046249280052,0.8084070114767661
1041,7,26,SS 7,SS,Jeremy Peña,HOU,SS,21636,76.355,16.456,65.313,17.139,0.327,,,105.443,,,0.0,11.0,-11.0,-100.0,Balanced,0.0,5.63778527321677,False,1.4634452649284788,0.7861962990358528,1.1268332692199243,1.1795774123959542,0.7529964131456884,,,,,
1042,7,101,OF 7,OF,Michael Harris II,ATL,OF,25931,68.65,19.713,70.49,18.019,0.301,,,111.207,,,0.0,11.46,-11.46,-100.0,Balanced,0.0,4.29852292429553,False,1.1840202305353937,1.1490785495702742,1.3165595813773976,1.2704807901624677,-0.9440676319083314,,,,,
1043,7,12,DH 7,DH,Shohei Ohtani,LAD,DH,19755,46.055,13.599,,,,15.812,0.0,134.639,3.367,1.104,9.89,13.5,-13.5,-100.0,WHIP Specialist,0.0,7.27967628882238,False,,,,,,1.514858830396172,-0.6211034172977374,1.7617438241103163,2.4468142226160365,2.7692483812711948
1044,7,27,SS 7,SS,Bo Bichette,NYM,SS,19612,75.053,17.352,76.892,5.602,0.333,,,99.468,,,0.0,13.69,-13.69,-100.0,Balanced,0.0,5.501044442968044,False,1.416228867934948,0.8860827773550626,1.5512013970601537,-0.012011868377497518,1.179970933721017,,,,,
1045,7,43,1B 7,1B,Tyler Soderstrom,ATH,1B,27467,71.518,24.048,78.398,5.33,0.325,,,137.504,,,0.0,14.99,-14.99,-100.0,Balanced,0.0,5.550011439600392,False,1.2880384717345223,1.632034017071508,1.606393773036265,-0.0401608259308527,0.6212297413680314,,,,,
1046,7,28,SS 7,SS,CJ Abrams,WSN,SS,25768,80.924,17.827,64.013,29.993,0.31,,,118.433,,,0.0,16.44,-16.44,-100.0,SB Specialist,0.0,6.2323935944793165,False,1.6291650624722533,0.938978271338958,1.0791982794754844,2.5072666395566117,-0.3956454174019222,,,,,
1047,7,44,1B 7,1B,Ben Rice,NYY,1B,29576,74.196,26.679,74.77,3.986,0.331,,,114.132,,,0.0,16.86,-16.86,-100.0,Balanced,0.0,5.94346703347981,False,1.385158672601698,1.9251093667417571,1.4734504797378065,-0.17901235280175315,0.9024767784078545,,,,,
1048,7,38,C 7,C,Yainer Diaz,HOU,C/DH,23003,57.721,19.754,67.691,1.141,0.302,,,89.557,,,0.0,4.27,-4.27,-100.0,Balanced,0.0,2.2659046408904726,False,0.7876585429229815,1.1536573296939854,1.214003431263608,-0.47285615287189503,-0.7909451498287512,,,,,
1049,7,28,3B 7,3B,Noelvi Marte,CIN,3B,26517,60.85,15.677,59.19,14.04,0.3,,,116.611,,,0.0,3.7,-3.7,-100.0,Balanced,0.0,2.7325317727222584,False,0.901153429436197,0.699500272459889,0.9024353403060922,0.859437633521612,-0.8843080798647618,,,,,
1050,7,29,3B 7,3B,Isaac Paredes,HOU,3B,20036,60.188,19.827,62.972,0.841,0.34,,,83.837,,,0.0,0.0,0.0,0.0,Balanced,0.0,4.191734928045828,False,0.8771335970920728,1.1618010967753307,1.0410265153615856,-0.5038099872876834,1.3634422348956057,,,,,
1051,7,46,2B 7,2B,Jackson Holliday,BAL,2B,31781,64.599,12.844,48.101,12.556,0.328,,,109.497,,,0.0,1.03,-1.03,-100.0,Balanced,0.0,3.4010164627626667,False,1.0371086544224855,0.38384295852987654,0.49601142342137383,0.7061692296269075,0.675977028977145,,,,,
1052,7,45,1B 7,1B,Jonathan Aranda,TBR,1B,21837,69.491,20.075,73.728,1.61,0.343,,,143.764,,,0.0,1.0,-1.0,-100.0,Balanced,0.0,5.495071049582627,False,1.2145282827290784,1.1893963239442669,1.4352677203966064,-0.42436574410011335,1.7421862266828159,,,,,
1053,7,46,1B 7,1B,Spencer Torkelson,DET,1B,27465,75.518,26.694,78.495,1.928,0.319,,,160.411,,,0.0,1.0,-1.0,-100.0,Balanced,0.0,5.1364809282688775,False,1.433114922501495,1.9268138761308757,1.6099525616060777,-0.39156781366495974,0.21516438970444354,,,,,
1054,7,30,3B 7,3B,Colson Montgomery,CHW,3B,29712,62.475,22.687,69.381,2.495,0.296,,,162.632,,,0.0,1.0,-1.0,-100.0,Balanced,0.0,2.3311443723249825,False,0.9600624037326808,1.4803772437769058,1.2759248863480361,-0.3329397313017869,-1.2176564707590594,,,,,
1055,7,102,OF 7,OF,Bryan Reynolds,PIT,OF/DH,19326,73.383,18.312,73.987,5.238,0.326,,,152.522,,,0.0,1.0,-1.0,-100.0,Balanced,0.0,4.93721430821242,False,1.3556588513292975,0.9930546672525701,1.4447309460271476,-0.049669478308065784,0.7171385367874745,,,,,
1056,7,39,C 7,C,Alejandro Kirk,TOR,C,22581,52.264,15.323,63.259,0.927,0.341,,,60.335,,,0.0,1.0,-1.0,-100.0,Balanced,0.0,3.475655594645327,False,0.5897587706865581,0.6600291824883342,1.0515562780403407,-0.4949654738935844,1.3655702837025856,,,,,
1057,7,103,OF 7,OF,Alec Burleson,STL,OF/DH,27615,64.976,19.88,73.919,5.845,0.321,,,82.501,,,0.0,1.0,-1.0,-100.0,Balanced,0.0,4.37799010349077,False,1.0507560391591517,1.1676610440869417,1.4422680151116853,0.013098369287332691,0.31696876115793177,,,,,
1058,7,47,1B 7,1B,Kazuma Okamoto,TOR,1B,sa3063134,61.738,22.23,70.462,1.897,0.322,,,96.582,,,0.0,1.0,-1.0,-100.0,Balanced,0.0,3.955547146495813,False,0.9333587912383751,1.4295650390463777,1.3155370252383884,-0.3947253142425331,0.34420955768991246,,,,,
1059,7,104,OF 7,OF,Chandler Simpson,TBR,OF,31912,55.25,0.731,32.059,41.53,0.324,,,47.929,,,0.0,1.13,-1.13,-100.0,SB Specialist,0.0,4.636569485940428,False,0.698027539366785,-0.9655945094494598,-0.0919546914329791,4.253717566972505,0.425999743706926,,,,,
1060,7,186,SP 7,SP,Trevor Rogers,BAL,SP,22286,71.175,17.399,,,,19.508,0.0,127.11,4.025,1.27,0.0,3.33,-3.33,-100.0,QS+W Specialist,0.0,4.280294240519261,False,,,,,,2.0574988831205894,-0.6211034172977374,1.5954798706137385,0.47087842105214806,0.3805119180370893
1061,7,187,SP 7,SP,Tatsuya Imai,HOU,SP,sa3062955,76.527,19.587,,,,18.194,0.0,147.83,4.252,1.309,0.0,1.16,-1.16,-100.0,K Specialist,0.0,2.6568096792587594,False,,,,,,1.8645507371142558,-0.6211034172977374,2.0530425105990067,-0.4658910120289945,-0.3808015708984983
1062,7,29,SS 7,SS,Jacob Wilson,ATH,SS,33266,71.674,10.663,64.376,5.914,0.34,,,51.14,,,0.0,1.55,-1.55,-100.0,Balanced,0.0,4.508007983420601,False,1.2936780367798357,0.14092251911984194,1.0925025045099013,0.020210750372439055,1.5513834332346563,,,,,
1063,7,30,SS 7,SS,Xavier Edwards,MIA,SS,22266,69.165,3.521,44.36,27.498,0.339,,,83.655,,,0.0,1.73,-1.73,-100.0,SB Specialist,0.0,5.02785280446298,False,1.202690636228818,-0.6547302090781439,0.3589119342030726,2.249543530588307,1.522910465145718,,,,,
1064,7,569,RP 7,RP,Kenley Jansen,DET,RP,3096,26.967,7.526,,,,3.666,23.884,57.234,3.965,1.209,0.0,2.08,-2.08,-100.0,SV+HLD Specialist,0.0,3.1253989625298746,False,,,,,,-0.2681594346118032,2.467332704476634,0.05240728342481233,0.2746538719356673,0.5963437407706615
1065,7,188,SP 7,SP,Robbie Ray,SFG,SP,11486,86.816,24.671,,,,21.376,0.0,176.127,4.234,1.279,2.43,2.1,-2.1,-100.0,K Specialist,0.0,4.8385671445016785,False,,,,,,2.331697702750281,-0.6211034172977374,2.6779290947526317,-0.4475628832306357,0.23885814080220177
1066,7,31,SS 7,SS,Ceddanne Rafaela,BOS,SS/OF,24262,69.322,16.057,63.451,19.549,0.293,,,120.839,,,0.0,2.18,-2.18,-100.0,Balanced,0.0,3.5429650078853614,False,1.2083918556829876,0.7418344925817938,1.05859322351309,1.428479764107969,-1.4299756046264618,,,,,
1067,7,47,2B 7,2B,Brandon Lowe,PIT,2B/DH,18882,67.266,22.906,70.992,4.318,0.308,,,135.47,,,0.0,2.51,-2.51,-100.0,Balanced,0.0,3.4915159385329435,False,1.1338190348072688,1.504830826189427,1.3349949124856944,-0.1447002268001217,-0.4686443890652984,,,,,
1068,7,40,C 7,C,Francisco Alvarez,NYM,C,26121,51.314,19.244,57.177,1.115,0.312,,,111.015,,,0.0,0.0,0.0,0.0,Balanced,0.0,2.028273435453624,False,0.5552794492165911,1.0968403500566921,0.8286353746606322,-0.475517873182136,-0.2046961895189093,,,,,
1069,7,189,SP 7,SP,Shane Bieber,TOR,SP,19427,45.443,13.023,,,,13.351,0.27,94.808,3.712,1.171,0.2,0.0,0.0,0.0,Balanced,0.0,4.661965702145802,False,,,,,,1.15370313141609,-0.5861610670779246,0.8821591480390228,1.2134304966056502,1.5868900590836068
1070,7,190,SP 7,SP,Reid Detmers,LAA,SP,27468,69.808,18.68,,,,15.599,0.496,147.221,4.275,1.281,0.0,0.0,0.0,0.0,K Specialist,0.0,2.8878602610108604,False,,,,,,1.483588470686501,-0.5570054548474493,2.039593878950791,-0.5098875040133488,0.15276685888917957
1071,7,105,OF 7,OF,Jung Hoo Lee,SFG,OF,33824,65.245,8.339,55.582,9.311,0.328,,,63.545,,,0.0,0.0,0.0,0.0,Balanced,0.0,3.191215000055032,False,1.0605373297875833,-0.11799245708730267,0.7701884114033744,0.3710930373236191,0.7610534258000757,,,,,
1072,7,191,SP 7,SP,Jameson Taillon,CHC,SP,11674,81.148,25.047,,,,21.8,0.0,118.894,4.384,1.229,0.0,0.0,0.0,0.0,QS+W Specialist,0.0,3.7890981249723192,False,,,,,,2.3940240907993773,-0.6211034172977374,1.4140448006273028,-1.0464932709779877,1.224439790288523
1073,7,31,3B 7,3B,Brett Baty,NYM,3B,26123,51.063,16.274,51.578,5.161,0.309,,,110.099,,,0.0,0.0,0.0,0.0,Balanced,0.0,1.8434382496289763,False,0.5461981174651662,0.7659984198040072,0.6234461078419461,-0.057622620096523386,-0.36743827937190987,,,,,
1074,7,106,OF 7,OF,Nick Castellanos,SDP,OF,11737,38.383,10.54,40.718,2.707,0.296,,,78.147,,,0.0,0.0,0.0,0.0,Balanced,0.0,-0.48229884412748625,False,0.08630337489210647,0.12714161641173777,0.22539322400918588,-0.3111016434013506,-0.7407615186745642,,,,,
1075,7,192,SP 7,SP,Seth Lugo,KCR,SP,12447,81.841,22.958,,,,20.635,0.0,130.355,4.407,1.311,0.93,0.0,0.0,0.0,QS+W Specialist,0.0,2.050153116585601,False,,,,,,2.2229935294353327,-0.6211034172977374,1.6671396566539023,-1.1493746571943586,-0.439838204371143
1076,7,193,SP 7,SP,Brayan Bello,BOS,SP,23920,78.837,17.961,,,,21.11,0.0,126.034,4.231,1.323,0.2,0.0,0.0,0.0,QS+W Specialist,0.0,2.6919430437954777,False,,,,,,2.292686457319325,-0.6211034172977374,1.5717184130546582,-0.39438306892707226,-0.683941350016543
1077,7,48,2B 7,2B,Jonathan India,KCR,2B,21523,61.697,11.817,49.869,5.694,0.337,,,99.109,,,0.0,0.0,0.0,0.0,Balanced,0.0,3.1699442170763015,False,0.9318573250462464,0.2694514395267931,0.5608026328314076,-0.0024970187469428324,1.235731505658757,,,,,
1078,7,194,SP 7,SP,Bailey Ober,MIN,SP,21224,83.98,27.069,,,,19.44,0.0,143.156,4.413,1.202,7.84,0.0,0.0,0.0,QS+W Specialist,0.0,4.627231068805823,False,,,,,,2.047548622658069,-0.6211034172977374,1.949825918934376,-1.2046627492762016,1.818856585430077
1079,7,107,OF 7,OF,Victor Scott II,STL,OF,31349,55.692,7.085,38.535,32.766,0.291,,,113.99,,,0.0,0.0,0.0,0.0,SB Specialist,0.0,2.241051351415264,False,0.7140830727787492,-0.2577856222219532,0.14539928031739968,2.7936520452300706,-1.4401447582047968,,,,,
1080,7,32,3B 7,3B,Matt Shaw,CHC,3B,33322,37.182,8.36,31.507,10.884,0.311,,,60.181,,,0.0,0.0,0.0,0.0,Balanced,0.0,0.17255583670171967,False,0.04276085532037835,-0.11572646225235661,-0.11218590966713375,0.5335447377950998,-0.1776229546894346,,,,,
1081,7,195,SP 7,SP,Andrew Painter,PHI,SP,sa3017880,55.432,14.794,,,,11.277,1.132,83.271,4.662,1.366,0.2,0.0,0.0,0.0,Balanced,0.0,-1.2048516187474434,False,,,,,,0.8492439519584347,-0.4747823823255139,0.6273793485070718,-1.43617927878579,-0.9930468083858246
1082,7,33,3B 7,3B,Zach McKinstry,DET,3B/SS/OF,19392,48.312,7.739,36.208,13.595,0.304,,,87.829,,,0.0,0.0,0.0,0.0,Balanced,0.0,1.3234754568090739,False,0.44640864336753966,-0.18483262036766895,0.06013129259681835,0.8135676300377934,-0.55521415733729,,,,,
1083,7,196,SP 7,SP,Yusei Kikuchi,LAA,SP,20633,84.768,25.252,,,,19.643,0.0,168.169,4.237,1.311,2.61,0.0,0.0,0.0,K Specialist,0.0,3.5607870660159193,False,,,,,,2.0772775581296683,-0.6211034172977374,2.5021914746270157,-0.4485254433094538,-0.4738314851665923
1084,7,197,SP 7,SP,Michael Wacha,KCR,SP,14078,85.283,21.894,,,,21.434,0.0,125.108,4.352,1.287,0.2,0.0,0.0,0.0,QS+W Specialist,0.0,2.8094546954482484,False,,,,,,2.340191684313595,-0.6211034172977374,1.551269426344892,-0.9621674610741169,0.04903595325826698
1085,7,198,SP 7,SP,Brady Singer,CIN,SP,25377,88.301,23.736,,,,22.541,0.0,154.219,4.402,1.289,0.0,0.0,0.0,0.0,QS+W Specialist,0.0,3.55863895517221,False,,,,,,2.5027605606221712,-0.6211034172977374,2.1941316856407953,-1.21782335491545,0.01085303817260625
1086,7,41,C 7,C,Ryan Jeffers,MIN,C/DH,24618,57.114,15.567,56.682,2.503,0.325,,,105.842,,,0.0,0.0,0.0,0.0,Balanced,0.0,2.8084041537199367,False,0.7656370387717626,0.6872010674560515,0.8105079099167684,-0.3321526801273966,0.5282245828024081,,,,,
1087,7,570,RP 7,RP,Robert Garcia,TEX,RP,23363,26.64,6.809,,,,3.483,26.074,64.94,3.654,1.234,0.0,0.0,0.0,0.0,SV+HLD Specialist,0.0,3.9703481323737,False,,,,,,-0.29494057973097737,2.750479521362878,0.22257774420968052,0.8194786351674672,0.4444336045397699
1088,7,32,SS 7,SS,Masyn Winn,STL,SS,27479,72.625,13.001,60.082,13.545,0.306,,,110.92,,,0.0,0.0,0.0,0.0,Balanced,0.0,3.0652166603574575,False,1.3281827453593316,0.40137823812773926,0.9351351462997749,0.8083722659863724,-0.7114771188586652,,,,,
1089,7,199,SP 7,SP,Parker Messick,CLE,SP,31986,56.181,14.416,,,,15.171,0.21,105.338,4.007,1.285,0.0,0.0,0.0,0.0,Balanced,0.0,2.870410850894034,False,,,,,,1.4207644228119707,-0.5939411487271128,1.1146857684052809,0.43319104020225446,0.07695528414049797
1090,7,33,SS 7,SS,Jordan Lawlar,ARI,SS,29976,40.203,7.562,33.644,11.289,0.304,,,91.912,,,0.0,0.0,0.0,0.0,Balanced,0.0,-0.2959793070241621,False,0.15233524677636925,-0.20455368259393092,-0.03387423575242656,0.575376197851273,-0.46058242371766517,,,,,
1091,7,108,OF 7,OF,Carson Benge,NYM,OF,sa3025452,44.724,9.504,39.78,8.377,0.313,,,79.967,,,0.0,0.0,0.0,0.0,Balanced,0.0,0.7233131066954497,False,0.31629608030279505,0.011731848008880046,0.19102947361725928,0.2745894082873632,-0.13999707268422282,,,,,
1092,7,34,3B 7,3B,Nolan Arenado,ARI,3B,9777,60.342,16.092,69.228,3.017,0.306,,,77.302,,,0.0,0.0,0.0,0.0,Balanced,0.0,2.379460705138328,False,0.8826933740788678,0.7457114158982205,1.270306325197138,-0.2790804353850178,-0.6154701987914877,,,,,
1093,7,109,OF 7,OF,Cedric Mullins,TBR,OF,17929,52.57,13.813,48.976,18.821,0.299,,,101.972,,,0.0,0.0,0.0,0.0,Balanced,0.0,2.337304250047442,False,0.6008529375506192,0.4918397821777039,0.5280588459285204,1.3532657660514125,-0.848907080502182,,,,,
1094,7,200,SP 7,SP,Ian Seymour,TBR,SP,27932,51.583,13.973,,,,11.963,0.646,101.92,4.071,1.207,0.0,0.0,0.0,0.0,Balanced,0.0,3.1093292452740027,False,,,,,,0.9499297831892455,-0.5375445438341997,1.0392055993189082,0.20305955781000062,1.1425106614777583
1095,7,571,RP 7,RP,Edwin Uceta,TBR,RP,20539,27.526,7.903,,,,4.318,24.957,73.352,3.692,1.179,0.0,0.0,0.0,0.0,SV+HLD Specialist,0.0,4.578313991882917,False,,,,,,-0.1723914807119816,2.6060658128595153,0.4083344844975222,0.7733420355061116,0.8995778354780469
1096,7,48,1B 7,1B,Bryce Eldridge,SFG,1B,33390,41.377,14.806,50.065,1.882,0.303,,,119.116,,,0.0,0.0,0.0,0.0,Balanced,0.0,0.489382470861532,False,0.19490580272613994,0.6024546431225438,0.5679971765621405,-0.3963324686091356,-0.5927905073087614,,,,,
1097,7,49,2B 7,2B,Lenyn Sosa,CHW,2B/3B,22896,39.924,12.914,46.286,2.086,0.282,,,88.252,,,0.0,0.0,0.0,0.0,Balanced,0.0,-0.47409377435758027,False,0.14220216334446795,0.3916747892524289,0.4294976284008234,-0.3752545771186091,-1.5177358793872722,,,,,
1098,7,572,RP 7,RP,Kirby Yates,LAA,RP,9073,27.032,8.046,,,,3.106,20.394,66.248,3.991,1.278,0.0,0.0,0.0,0.0,SV+HLD Specialist,0.0,2.2880583709246514,False,,,,,,-0.350270369762314,2.01600883093905,0.2514580733879012,0.23320833104126465,0.08414574689924782
1099,7,35,3B 7,3B,Josh Jung,TEX,3B,26299,54.706,16.6,59.868,4.166,0.293,,,129.149,,,0.0,0.0,0.0,0.0,Balanced,0.0,1.3093623889127162,False,0.6783162621826819,0.8022721620979337,0.9272772238552045,-0.16038237638118044,-1.335264439963041,,,,,
1100,7,34,SS 7,SS,Anthony Volpe,NYY,SS,27647,54.251,14.163,48.351,16.036,0.291,,,108.985,,,0.0,0.0,0.0,0.0,Balanced,0.0,1.8145687467086955,False,0.6618037607992003,0.5308318270268266,0.5051667826874823,1.0656099234429135,-1.2559756011853243,,,,,
1101,7,110,OF 7,OF,Tommy Edman,LAD,OF,19470,54.847,12.322,49.385,8.829,0.297,,,77.474,,,0.0,0.0,0.0,0.0,Balanced,0.0,1.1292984002797402,False,0.6834190711979593,0.3257448117046837,0.5430746613461529,0.3212423314433441,-0.9320244312533095,,,,,
1102,7,36,3B 7,3B,Josh Smith,TEX,3B/SS,26396,58.958,9.834,44.098,9.248,0.325,,,96.795,,,0.0,0.0,0.0,0.0,Balanced,0.0,2.6298683271036687,False,0.8325175654602718,0.04855482110596724,0.34930577061761603,0.3645353104125909,0.510112555862489,,,,,
1103,7,49,1B 7,1B,Nolan Schanuel,LAA,1B,33189,70.102,12.558,57.117,6.235,0.352,,,84.347,,,0.0,0.0,0.0,0.0,OBP Specialist,0.0,5.175941862565143,False,1.2366984828075371,0.35196974701177947,0.8264473244276992,0.053351595492497655,2.413340342579124,,,,,
1104,7,35,SS 7,SS,J.P. Crawford,SEA,SS,15491,66.038,11.284,54.992,5.355,0.333,,,115.719,,,0.0,0.0,0.0,0.0,Balanced,0.0,3.430745353548976,False,1.0893045516135829,0.2100387037609726,0.748568129453505,-0.037538354891775594,1.1519817752757955,,,,,
1105,7,201,SP 7,SP,David Peterson,NYM,SP,20302,76.3,15.593,,,,22.126,0.0,142.808,3.948,1.336,0.0,0.0,0.0,0.0,QS+W Specialist,0.0,4.134490723950406,False,,,,,,2.44178768985641,-0.6211034172977374,1.942140986563967,0.8575533246923003,-0.9727410981761231
1106,7,36,SS 7,SS,Brooks Lee,MIN,SS,31595,54.3,13.581,59.642,4.611,0.291,,,93.527,,,0.0,0.0,0.0,0.0,Balanced,0.0,0.7973044507144925,False,0.6635953653859431,0.4660047673190995,0.9190014827731898,-0.1144338743550343,-1.4943537242401068,,,,,
1107,7,202,SP 7,SP,Chris Bassitt,BAL,SP,12304,84.747,22.17,,,,21.944,0.308,149.789,4.253,1.311,0.0,0.0,0.0,0.0,QS+W Specialist,0.0,3.586258029427766,False,,,,,,2.415060861591339,-0.5813341733538796,2.0963033798910495,-0.5230614623792998,-0.4749460685764181
1108,7,203,SP 7,SP,Mitch Keller,PIT,SP,17594,91.678,22.256,,,,22.662,0.0,154.542,4.317,1.284,0.0,0.0,0.0,0.0,QS+W Specialist,0.0,4.113031248899074,False,,,,,,2.5205471283064287,-0.6211034172977374,2.201264539536319,-0.8707004063726266,0.12477975859198237
1109,7,573,RP 7,RP,Will Vest,DET,RP,19769,25.989,5.531,,,,4.265,22.409,65.12,3.347,1.202,0.0,0.0,0.0,0.0,SV+HLD Specialist,0.0,4.641330428072272,False,,,,,,-0.18015438677952492,2.2765871265635704,0.22654608428715917,1.4258977224192138,0.7468214361184429
1110,7,50,2B 7,2B,Colt Keith,DET,2B,27899,61.542,15.216,54.794,3.047,0.325,,,102.245,,,0.0,0.0,0.0,0.0,Balanced,0.0,2.901975746507361,False,0.9262358936505959,0.6481644602699582,0.7412929540558968,-0.2759456580696972,0.5196036187104434,,,,,
1111,7,204,SP 7,SP,Cody Ponce,TOR,SP,17920,66.11,18.182,,,,17.202,0.974,138.669,4.041,1.254,0.0,0.0,0.0,0.0,Balanced,0.0,4.474758554970958,False,,,,,,1.7189566117245534,-0.4951496548767666,1.8507388742618909,0.37605285293739066,0.6345578456811252
1112,7,42,C 7,C,Logan O'Hoppe,LAA,C,24729,47.665,18.82,53.037,2.302,0.288,,,128.847,,,0.0,0.0,0.0,0.0,Balanced,0.0,0.7049912827870616,False,0.4229618343527785,1.0495597105310703,0.6769049029802394,-0.35294239933753624,-1.401146403100619,,,,,
1113,7,574,RP 7,RP,Luis García,NYM,RP,6984,26.637,5.415,,,,2.772,10.985,50.341,3.932,1.324,0.0,0.0,0.0,0.0,Balanced,0.0,0.3860955113762383,False,,,,,,-0.39934197738708166,0.799307082497402,-0.0998272518679695,0.3254987701735225,-0.253907482545206
1114,7,50,1B 7,1B,Spencer Steer,CIN,1B/OF,26323,48.049,13.526,50.528,7.428,0.316,,,89.822,,,0.0,0.0,0.0,0.0,Balanced,0.0,1.7760624443059163,False,0.4368775971044627,0.45985516481718064,0.5849371567574781,0.17651374265344066,0.014425501170153433,,,,,
1115,7,205,SP 7,SP,Ryan Weathers,NYY,SP,23796,59.188,17.326,,,,14.607,0.341,118.279,3.995,1.246,0.0,0.0,0.0,0.0,Balanced,0.0,3.6266238138409888,False,,,,,,1.3380838947049152,-0.5770713310235412,1.4004636701451143,0.4978545282427771,0.7063682948392689
1116,7,51,1B 7,1B,Jake Burger,TEX,1B/3B/DH,22275,61.996,25.02,74.341,1.596,0.29,,,131.842,,,0.0,0.0,0.0,0.0,Balanced,0.0,2.794103599420083,False,0.9426976208150201,1.740275933572673,1.457730969772899,-0.42586857803546474,-1.5323550982952703,,,,,
1117,7,206,SP 7,SP,Bryce Miller,SEA,SP,29837,71.334,21.31,,,,17.354,0.0,126.32,4.182,1.201,4.85,0.0,0.0,0.0,Balanced,0.0,4.542959532360128,False,,,,,,1.741332219569012,-0.6211034172977374,1.5780341908073505,-0.16760697238769082,1.6420897589272736
1118,7,207,SP 7,SP,Shane Smith,CHW,SP,31687,77.955,21.475,,,,17.83,0.0,154.222,4.109,1.252,0.0,0.0,0.0,0.0,K Specialist,0.0,4.780339790235674,False,,,,,,1.811138185230463,-0.6211034172977374,2.1941979350577823,0.13522045420186918,0.7720067240617292
1119,7,208,SP 7,SP,Quinn Priester,MIL,SP,25977,62.766,15.232,,,,16.187,0.0,102.974,4.143,1.294,0.0,0.0,0.0,0.0,Balanced,0.0,2.352217632230109,False,,,,,,1.569994841380437,-0.6211034172977374,1.0624812278200895,-0.012270531375537677,-0.06510369545376726
1120,7,37,3B 7,3B,Ernie Clement,TOR,3B/SS,20352,63.686,10.259,56.01,8.395,0.297,,,56.976,,,0.0,0.0,0.0,0.0,Balanced,0.0,1.5124476759406407,False,1.0039929834072057,0.09582543410577087,0.7858676055348441,0.2763969405120127,-1.1511319779809637,,,,,
1121,7,575,RP 7,RP,Luis Garcia,HOU,RP,23735,24.648,6.512,,,,3.171,9.854,46.027,4.106,1.32,0.0,0.0,0.0,0.0,Balanced,0.0,-0.09405315258063209,False,,,,,,-0.3407571397718638,0.6530938534965064,-0.1950784552969489,0.04782131713097652,-0.20107935724052417
1122,7,209,SP 7,SP,Ryne Nelson,ARI,SP,26253,80.246,21.172,,,,19.93,0.407,130.108,4.217,1.258,0.2,0.0,0.0,0.0,QS+W Specialist,0.0,4.136253386779074,False,,,,,,2.119527262483658,-0.5684401809074068,1.661685121322032,-0.34120441322247075,0.6563285033508249
1123,7,43,C 7,C,Dillon Dingler,DET,C,27464,44.466,11.924,48.905,1.315,0.3,,,105.106,,,0.0,0.0,0.0,0.0,Balanced,0.0,0.16238631525712033,False,0.3069173566968905,0.28140528641910995,0.52545664213391,-0.4548686250477405,-0.7469748014896237,,,,,
1124,7,576,RP 7,RP,Seranthony Domínguez,CHW,RP,19249,27.852,7.323,,,,3.17,27.185,63.79,3.92,1.302,0.0,0.0,0.0,0.0,SV+HLD Specialist,0.0,3.043866624407022,False,,,,,,-0.3409381470181059,2.8942415061100997,0.19718655099273763,0.36161492886333585,-0.09946313261381619
1125,7,111,OF 7,OF,Jordan Beck,COL,OF,31431,63.223,15.262,58.319,16.164,0.309,,,155.164,,,0.0,0.0,0.0,0.0,Balanced,0.0,3.2588178674143173,False,0.9871830901692445,0.6532334261003443,0.8705125303750256,1.0788720455940561,-0.42562724419934195,,,,,
1126,7,44,C 7,C,Kyle Teel,CHW,C,33549,47.789,11.474,42.073,5.801,0.334,,,102.515,,,0.0,0.0,0.0,0.0,Balanced,0.0,1.7950879914642568,False,0.42745535273936613,0.23119467323768234,0.27506599588010944,0.00854648670788693,0.8220004796259132,,,,,
1127,7,37,SS 7,SS,Kevin McGonigle,DET,SS,sa3022895,52.246,12.79,48.234,8.856,0.331,,,59.77,,,0.0,0.0,0.0,0.0,Balanced,0.0,2.2873365926068647,False,0.5890878256490126,0.3777824807018987,0.5008969694188607,0.32406518034046816,0.682580974557343,,,,,
1128,7,112,OF 7,OF,Colton Cowser,BAL,OF,29591,64.402,20.672,61.774,13.195,0.31,,,161.144,,,0.0,0.0,0.0,0.0,Balanced,0.0,3.8844243479339218,False,1.0299567429952452,1.2559501742095982,0.9971372330510782,0.7722319502489527,-0.3436533804812001,,,,,
1129,7,51,2B 7,2B,Luis García Jr.,WSN,2B,20391,58.179,14.748,61.506,13.402,0.306,,,79.235,,,0.0,0.0,0.0,0.0,Balanced,0.0,3.0042183470324106,False,0.8042762194745106,0.5959151201721339,0.9873258252226667,0.7936124742776636,-0.539991550071613,,,,,
1130,7,52,1B 7,1B,Andrew Vaughn,MIL,1B/DH,26197,55.271,18.93,72.69,0.717,0.309,,,105.202,,,0.0,0.0,0.0,0.0,Balanced,0.0,2.5587574277329894,False,0.6988145397621761,1.0619257590403632,1.3972205688587875,-0.5165699253430402,-0.41799971150786236,,,,,
1131,7,210,SP 7,SP,Grayson Rodriguez,LAA,SP,24492,57.674,15.674,,,,17.327,0.0,126.564,3.979,1.249,6.53,0.0,0.0,0.0,Balanced,0.0,4.205249736291453,False,,,,,,1.737402321773472,-0.6211034172977374,1.5834224767222351,0.5407230543567769,0.645352722739225
1132,7,211,SP 7,SP,Braxton Ashcraft,PIT,SP,23793,62.391,13.637,,,,13.365,1.47,120.573,3.853,1.288,0.0,0.0,0.0,0.0,Balanced,0.0,3.658346375588919,False,,,,,,1.1556761544408216,-0.4310703389672792,1.4511223910006257,1.0765059989837271,0.022373686730199956
1133,7,212,SP 7,SP,Logan Henderson,MIL,SP,31475,43.564,13.422,,,,11.386,0.439,89.073,4.074,1.196,0.0,0.0,0.0,0.0,Balanced,0.0,2.5520581462655425,False,,,,,,0.865157322187665,-0.5643478470978712,0.7554968877029464,0.1625302156862237,1.0956615149726068
1134,7,38,3B 7,3B,Miguel Vargas,CHW,3B/OF,20178,71.155,18.553,65.71,7.291,0.319,,,112.08,,,0.0,0.0,0.0,0.0,Balanced,0.0,4.248980047644891,False,1.2748770688088347,1.0199146158614942,1.1413726247878393,0.16245010907011104,0.18996793966684425,,,,,
1135,7,213,SP 7,SP,Mike Burrows,HOU,SP,24728,64.573,19.458,,,,13.825,0.317,125.792,4.119,1.256,0.0,0.0,0.0,0.0,Balanced,0.0,3.40623970906507,False,,,,,,1.2232771494302885,-0.580080510295194,1.566374293417765,0.07558156876513358,0.5768906364441158
1136,7,214,SP 7,SP,Luis Gil,NYY,SP,21052,49.912,13.342,,,,11.835,0.321,96.554,4.251,1.324,2.24,0.0,0.0,0.0,Balanced,0.0,0.7267442425237186,False,,,,,,0.931062750515254,-0.5795697347323463,0.9207096837833414,-0.30080037763740375,-0.4474881052432098
1137,7,113,OF 7,OF,Mickey Moniak,COL,OF,19956,60.024,19.962,64.718,9.099,0.299,,,118.56,,,0.0,0.0,0.0,0.0,Balanced,0.0,2.8168729279311413,False,0.8711712530827507,1.1768297449186067,1.1050187382544008,0.34919504264088025,-0.8991229174038027,,,,,
1138,7,215,SP 7,SP,Joey Cantillo,CLE,SP,23335,60.164,15.069,,,,13.185,0.712,133.931,3.905,1.301,0.0,0.0,0.0,0.0,Balanced,0.0,3.4596439485399673,False,,,,,,1.1293295441544748,-0.5290233837398379,1.7461089617015533,0.8361558561461307,-0.19213893354322964
1139,7,114,OF 7,OF,Evan Carter,TEX,OF,27790,54.205,11.18,44.62,17.446,0.321,,,97.918,,,0.0,0.0,0.0,0.0,Balanced,0.0,2.6932320017165208,False,0.6601354650301686,0.19845249614866195,0.36840814551551715,1.2113383357719376,0.2506859366815511,,,,,
1140,7,216,SP 7,SP,Casey Mize,DET,SP,20492,71.912,19.362,,,,18.619,0.0,126.242,4.116,1.252,0.0,0.0,0.0,0.0,Balanced,0.0,4.2181153412888,False,,,,,,1.9269490582944617,-0.6211034172977374,1.5763117059657072,0.0952381689200927,0.7199494188549244
1141,7,115,OF 7,OF,Justin Crawford,PHI,OF,sa3020240,53.718,5.502,38.104,22.982,0.321,,,89.521,,,0.0,0.0,0.0,0.0,Balanced,0.0,2.4806062982181247,False,0.6424914239076918,-0.43411878961392886,0.1295991386856169,1.783045285295206,0.24704735632030167,,,,,
1142,7,116,OF 7,OF,Jasson Domínguez,NYY,OF/DH,28080,30.814,7.4,26.12,10.489,0.316,,,60.407,,,0.0,0.0,0.0,0.0,Balanced,0.0,-0.9607796894713938,False,-0.18820381371226763,-0.222668272572409,-0.30962720631426155,0.49272549578473046,-0.005643140802764945,,,,,
1143,7,39,3B 7,3B,Mark Vientos,NYM,3B,22184,50.169,18.531,58.7,1.146,0.298,,,115.238,,,0.0,0.0,0.0,0.0,Balanced,0.0,1.2252513384895474,False,0.5137678984071624,1.01737456265418,0.8844581436686777,-0.47230046582225993,-0.8731527285888764,,,,,
1144,7,117,OF 7,OF,Chase DeLauter,CLE,OF,32127,51.108,12.104,48.808,2.901,0.313,,,83.531,,,0.0,0.0,0.0,0.0,Balanced,0.0,1.1087088276165975,False,0.5478228924750059,0.301447197471559,0.5219088487913988,-0.2910803836055763,-0.16496756064800577,,,,,
1145,7,217,SP 7,SP,Spencer Schwellenbach,ATL,SP,31846,27.344,7.309,,,,9.762,0.0,60.597,3.62,1.113,6.35,0.0,0.0,0.0,Balanced,0.0,2.5394217097696155,False,,,,,,0.6267033966273022,-0.6211034172977374,0.12665521335524027,0.9084663119143773,1.4587902884401778
1146,7,53,1B 7,1B,Ryan O'Hearn,PIT,1B/OF/DH,16442,60.231,13.804,60.317,3.086,0.338,,,95.88,,,0.0,0.0,0.0,0.0,Balanced,0.0,3.921027770954818,False,0.8786822107733261,0.4908594107643547,0.9437444092765916,-0.2718771612509005,1.2546464401372246,,,,,
1147,7,45,C 7,C,Tyler Stephenson,CIN,C,17988,48.259,14.161,51.591,0.803,0.315,,,120.606,,,0.0,0.0,0.0,0.0,Balanced,0.0,1.2214181748495774,False,0.44447922304335524,0.5305533124207615,0.6239225676916634,-0.5077304730391702,-0.04665345963248009,,,,,
1148,7,218,SP 7,SP,Clay Holmes,NYM,SP,13649,67.199,13.107,,,,18.985,0.71,119.055,3.864,1.332,0.0,0.0,0.0,0.0,Balanced,0.0,3.626706422691309,False,,,,,,1.9807139357183852,-0.5292496780038226,1.4176001860055667,1.1118007834662438,-0.8149190002479982
1149,7,219,SP 7,SP,Rhett Lowder,CIN,SP,33876,56.929,14.303,,,,11.233,0.926,84.298,4.413,1.322,0.0,0.0,0.0,0.0,Balanced,0.0,-0.1274694103464241,False,,,,,,0.8427817143432065,-0.5013235736737697,0.6500565239414766,-0.8163420884215536,-0.4567784160550805
1150,7,46,C 7,C,Liam Hicks,MIA,C,29844,30.337,4.315,29.289,1.702,0.333,,,48.826,,,0.0,0.0,0.0,0.0,Balanced,0.0,-0.7299049417875655,False,-0.20547430165167888,-0.5663742354500318,-0.19348095525622516,-0.4148374670873184,0.6072722980800362,,,,,
1151,7,40,3B 7,3B,Oswaldo Cabrera,NYY,3B,21707,17.697,3.343,15.162,1.995,0.291,,,32.639,,,0.0,0.0,0.0,0.0,Balanced,0.0,-3.104209513917858,False,-0.6639002186020041,-0.6745660193221048,-0.7112498739441352,-0.3845979694067114,-0.4390935488197889,,,,,
1152,7,47,C 7,C,David Fry,CLE,C/1B/OF/DH,24934,22.464,7.124,24.752,1.765,0.294,,,57.07,,,0.0,0.0,0.0,0.0,Balanced,0.0,-1.5958682169117204,False,-0.491021256171124,-0.253437452192064,-0.3597654428076014,-0.40834894283860523,-0.5125265608022779,,,,,
1153,7,118,OF 7,OF,Angel Martínez,CLE,OF,26540,28.995,5.73,25.466,4.541,0.285,,,56.494,,,0.0,0.0,0.0,0.0,Balanced,0.0,-1.9364062987393822,False,-0.25414501734821343,-0.4087316262418772,-0.33358580660351317,-0.12168156213810016,-0.9143119734572677,,,,,
1154,7,54,1B 7,1B,Tre' Morgan,TBR,1B,sa3022919,4.52,0.593,4.314,0.419,0.326,,,8.325,,,0.0,0.0,0.0,0.0,Balanced,0.0,-3.96927132220026,False,-1.1418169075565257,-0.9809784308242325,-1.1088259314196012,-0.5473623213092784,0.046696192731206974,,,,,
1155,7,52,2B 7,2B,Jared Serna,MIA,2B/SS,sa3015579,3.008,0.299,2.611,0.445,0.283,,,5.449,,,0.0,0.0,0.0,0.0,Balanced,0.0,-4.0877457597067455,False,-1.1966483493896998,-1.0137259553936895,-1.1712227468310166,-0.5447335497293041,-0.10896125281280464,,,,,
1156,7,220,SP 7,SP,Miles Mikolas,WSN,SP,9803,83.636,23.913,,,,15.893,0.0,94.29,4.861,1.311,0.0,0.0,0.0,0.0,Balanced,0.0,-1.0239185665705566,False,,,,,,1.5267718377218364,-0.6211034172977374,0.870715665411592,-2.8699816939543594,-0.399554394380827
1157,7,53,2B 7,2B,Kyren Paris,LAA,2B/SS/DH,26420,8.314,1.508,5.782,3.403,0.279,,,23.158,,,0.0,0.0,0.0,0.0,Balanced,0.0,-3.4888894937113304,False,-1.0042057176829766,-0.8790191354008434,-1.0550075923485596,-0.23919697862923833,-0.2786139389570553,,,,,
1158,7,54,2B 7,2B,Shay Whitcomb,HOU,2B/3B,27789,3.567,1.234,3.286,0.258,0.274,,,8.386,,,0.0,0.0,0.0,0.0,Balanced,0.0,-3.998192086669227,False,-1.1763517179944627,-0.9096078375557681,-1.1464985122140268,-0.5640511114081334,-0.13408216611164242,,,,,
1159,7,221,SP 7,SP,Aaron Civale,ATH,SP,19479,68.304,20.02,,,,13.072,0.034,104.868,4.664,1.311,0.0,0.0,0.0,0.0,Balanced,0.0,-0.0919628572983743,False,,,,,,1.1127364792374095,-0.6167356784771252,1.1043066930774297,-1.7774758617123165,-0.3458008724012999
1160,7,222,SP 7,SP,Bryce Elder,ATL,SP,27779,62.385,14.802,,,,13.492,0.679,90.847,4.664,1.388,0.0,0.0,0.0,0.0,Balanced,0.0,-1.4216894652982643,False,,,,,,1.1743787685294185,-0.5332991583901865,0.7946767929086349,-1.622249675695548,-1.430452119040735
1161,7,577,RP 7,RP,Carmen Mlodzinski,PIT,RP,27572,32.408,7.116,,,,4.839,3.42,64.319,3.76,1.278,0.0,0.0,0.0,0.0,Balanced,0.0,0.9745552172334656,False,,,,,,-0.09597941117308259,-0.17880410743892242,0.2088663232074195,0.757037091932165,0.11119927002123642
1162,7,223,SP 7,SP,J.T. Ginn,ATH,SP,27889,37.282,9.09,,,,6.156,1.358,68.558,4.237,1.316,0.0,0.0,0.0,0.0,Balanced,0.0,-0.45869704381567755,False,,,,,,0.09738418536598809,-0.44551558912568767,0.30247895772293804,-0.19790335761285754,-0.25263135593259856
1163,7,578,RP 7,RP,Hunter Harvey,CHC,RP,15507,20.984,5.376,,,,3.031,19.328,55.808,3.337,1.134,0.0,0.0,0.0,0.0,Balanced,0.0,3.7934654295350434,False,,,,,,-0.36139504869193645,1.8782377909580892,0.020901269020035165,1.1689051825940153,1.067366903420857
1164,7,48,C 7,C,Jorge Alfaro,KCR,C,12180,2.658,0.625,2.735,0.517,0.258,,,9.359,,,0.0,0.0,0.0,0.0,Balanced,0.0,-4.229193088643522,False,-1.2093310239642738,-0.9774365048759805,-1.1666883150920138,-0.5373051087237732,-0.17690898527476429,,,,,
1165,7,224,SP 7,SP,Kyle Leahy,STL,SP,24763,60.957,14.247,,,,9.975,1.866,92.813,4.45,1.372,0.0,0.0,0.0,0.0,Balanced,0.0,-1.1538217827462651,False,,,,,,0.6580765179528446,-0.3798741017175547,0.8381010774292443,-0.9823481473883968,-1.2376856525695128
1166,7,579,RP 7,RP,Orion Kerkering,PHI,RP,31776,26.543,6.01,,,,5.184,17.674,66.946,3.505,1.224,0.0,0.0,0.0,0.0,Balanced,0.0,3.6433969918641154,False,,,,,,-0.04521370490952055,1.664309468005195,0.2668676877789109,1.1133419697976057,0.5457041633539677
1167,7,580,RP 7,RP,Robert Gasser,MIL,RP,29812,34.635,9.309,,,,6.729,1.611,64.834,4.014,1.253,0.0,0.0,0.0,0.0,Balanced,0.0,0.7164596373972251,False,,,,,,0.1815430127185076,-0.4127949186388586,0.22023251484836637,0.2519758577964802,0.34844192847440364
1168,7,581,RP 7,RP,Drew Anderson,DET,RP,15130,34.656,8.596,,,,7.084,4.605,83.061,3.932,1.29,0.0,0.0,0.0,0.0,Balanced,0.0,1.3371017995962386,False,,,,,,0.23364608801148185,-0.025621869589560285,0.6227374726902327,0.42344296568011686,5.377529550934723e-06
1169,7,225,SP 7,SP,Randy Vásquez,SDP,SP,24719,74.906,18.89,,,,12.99,0.304,88.761,4.813,1.394,0.0,0.0,0.0,0.0,Balanced,0.0,-2.5271187911354485,False,,,,,,1.1006267568185053,-0.5818031816998159,0.7486047400224733,-2.42447615474897,-1.7778736048748724
1170,7,119,OF 7,OF,Brandon Lockridge,MIL,OF,21496,8.364,0.871,6.047,4.055,0.29,,,19.618,,,0.0,0.0,0.0,0.0,Balanced,0.0,-3.52449172890083,False,-1.002399606176503,-0.9500473785155327,-1.0453189645583443,-0.17181114441874967,-0.22441223157448334,,,,,
1171,7,120,OF 7,OF,Eli White,ATL,OF,19346,19.488,4.009,15.794,5.539,0.291,,,42.177,,,0.0,0.0,0.0,0.0,Balanced,0.0,-2.564036680782257,False,-0.5989491122376793,-0.6004087203111946,-0.6880609395659656,-0.018575792541867423,-0.4367547278211145,,,,,
1172,7,13,DH 7,DH,Bryce Teodosio,LAA,DH,29524,21.014,2.762,15.655,8.63,0.263,,,64.965,,,0.0,0.0,0.0,0.0,Balanced,0.0,-3.939981698933836,False,-0.5436088401949505,-0.739376368153468,-0.6931773853367772,0.30072735713135124,-1.2355328777179206,,,,,
1173,7,121,OF 7,OF,Joey Loperfido,HOU,OF,29630,39.028,7.948,35.128,6.576,0.292,,,98.222,,,0.0,0.0,0.0,0.0,Balanced,0.0,-1.0330345044708784,False,0.1097175433374737,-0.16159336163759172,0.02053381400953457,0.08855302734865651,-0.9521274579940635,,,,,
1174,7,14,DH 7,DH,Miles Mastrobuoni,SEA,DH,20017,5.121,0.235,3.288,1.196,0.306,,,8.694,,,0.0,0.0,0.0,0.0,Balanced,0.0,-5.12159926429765,False,-1.1199883454377253,-1.0208922476135884,-1.146427043236569,-0.46710923327306664,-0.05090652029701538,,,,,
1175,7,55,2B 7,2B,Jahmai Jones,DET,2B,18872,17.7,3.92,15.395,2.847,0.328,,,34.238,,,0.0,0.0,0.0,0.0,Balanced,0.0,-2.227370846878299,False,-0.6638022968938218,-0.6103684026240849,-0.7026955871038242,-0.29659593907964954,0.18640544134239098,,,,,
1176,7,49,C 7,C,Korey Lee,CHW,C,25543,12.552,3.048,11.501,1.502,0.263,,,31.593,,,0.0,0.0,0.0,0.0,Balanced,0.0,-3.773051604222258,False,-0.8505099805580019,-0.7074953582264011,-0.845417302548791,-0.4355404247506747,-0.7191749293340993,,,,,
1177,7,122,OF 7,OF,Tyrone Taylor,NYM,OF,13675,31.983,5.688,27.425,7.697,0.278,,,63.95,,,0.0,0.0,0.0,0.0,Balanced,0.0,-1.7900498744278035,False,-0.14577832695980408,-0.41336388116995293,-0.2617869723268665,0.20429396363296737,-1.2069396354842552,,,,,
1178,7,15,DH 7,DH,Jorbit Vivas,NYY,DH,23917,3.006,0.201,2.546,0.23,0.304,,,3.974,,,0.0,0.0,0.0,0.0,Balanced,0.0,-5.315458121651796,False,-1.196694408859845,-1.0246725820646323,-1.1736156747993283,-0.5669052564346327,-0.03463457916512297,,,,,
1179,7,38,SS 7,SS,Mason McCoy,SDP,SS,22232,6.765,0.754,5.166,2.122,0.26,,,20.644,,,0.0,0.0,0.0,0.0,Balanced,0.0,-4.241100776067371,False,-1.060393193837979,-0.9630893262708248,-1.0775881241493976,-0.3714432663134911,-0.4136355353826663,,,,,
1180,7,50,C 7,C,Elias Díaz,KCR,C,11680,7.784,1.837,8.433,0.123,0.275,,,19.922,,,0.0,0.0,0.0,0.0,Balanced,0.0,-4.176723763491964,False,-1.0234321010750809,-0.8424000349953958,-0.9578687907260574,-0.5779289306787692,-0.37787018472188194,,,,,
1181,7,123,OF 7,OF,Robert Hassell III,WSN,OF,27482,26.995,4.929,24.43,6.003,0.294,,,65.86,,,0.0,0.0,0.0,0.0,Balanced,0.0,-1.7909645294232668,False,-0.32669774965143056,-0.49793205615557884,-0.371566986777525,0.029363060682506967,-0.64625773006054,,,,,
1182,7,124,OF 7,OF,Johnathan Rodríguez,CLE,OF/DH,22530,14.12,3.856,14.988,0.759,0.304,,,37.456,,,0.0,0.0,0.0,0.0,Balanced,0.0,-3.0091556559562913,False,-0.7936247215639524,-0.6174627266697766,-0.7176197756272803,-0.5123072479195383,-0.1721707088695789,,,,,
1183,7,125,OF 7,OF,Joey Wiemer,WSN,OF,27690,11.396,2.938,11.41,2.214,0.278,,,33.51,,,0.0,0.0,0.0,0.0,Balanced,0.0,-3.4171835038849023,False,-0.8924386053096888,-0.7197076666731463,-0.8487635167241141,-0.36201517822971957,-0.4785236676678543,,,,,
1184,7,55,1B 7,1B,Tristan Gray,MIN,1B/3B,19877,7.856,2.214,7.887,0.175,0.266,,,21.485,,,0.0,0.0,0.0,0.0,Balanced,0.0,-3.8145187569319496,False,-1.0207961937600107,-0.8003409873042836,-0.9778852355202625,-0.5725430010870922,-0.4245741282267359,,,,,
1185,7,126,OF 7,OF,Mike Tauchman,NYM,OF/DH,15274,19.811,3.64,16.318,1.154,0.325,,,38.936,,,0.0,0.0,0.0,0.0,Balanced,0.0,-2.6283078557248665,False,-0.5872311478251977,-0.6415698369123529,-0.668863272698121,-0.4714380147322129,0.17145286809626958,,,,,
1186,7,56,2B 7,2B,Kyle Farmer,ATL,2B/3B,14813,9.101,2.318,9.079,0.387,0.295,,,19.657,,,0.0,0.0,0.0,0.0,Balanced,0.0,-3.671836995097209,False,-0.975669881226682,-0.7888171669637313,-0.9341707773238435,-0.5507423032818173,-0.21103652122199304,,,,,
1187,7,127,OF 7,OF,Chas McCormick,CHC,OF,19599,9.756,1.999,7.987,2.292,0.295,,,22.673,,,0.0,0.0,0.0,0.0,Balanced,0.0,-3.565264845778595,False,-0.9518948531530135,-0.8243834821582526,-0.9742212592759356,-0.35398457077449125,-0.2014970823110004,,,,,
1188,7,16,DH 7,DH,Carlos Cortes,ATH,DH,21842,16.985,4.467,17.487,0.801,0.295,,,32.83,,,0.0,0.0,0.0,0.0,Balanced,0.0,-3.846720055213804,False,-0.6897152822628039,-0.5494294068170273,-0.62603686236006,-0.5079234141932071,-0.35099022454553597,,,,,
1189,7,128,OF 7,OF,Taylor Trammell,HOU,OF,19960,5.165,0.997,4.565,0.65,0.295,,,12.745,,,0.0,0.0,0.0,0.0,Balanced,0.0,-4.102951983843414,False,-1.1183954856512932,-0.9359694678315205,-1.099628057274595,-0.523568690116883,-0.09724196116688444,,,,,
1190,7,226,SP 7,SP,Ryan Feltner,COL,SP,21446,62.273,14.355,,,,9.175,0.494,81.889,5.17,1.472,0.0,0.0,0.0,0.0,Balanced,0.0,-4.4566627821586735,False,,,,,,0.540611182873316,-0.5572206529972445,0.5968538254736916,-2.871872891844309,-2.4035512544439865
1191,7,227,SP 7,SP,Kumar Rocker,TEX,SP,31843,46.962,11.708,,,,9.363,0.65,79.776,4.303,1.288,0.2,0.0,0.0,0.0,Balanced,0.0,0.3535223396302834,False,,,,,,0.5681542319730226,-0.5371002337496567,0.5502054026597494,-0.41217919824419696,0.018953146313598554
1192,7,228,SP 7,SP,Davis Martin,CHW,SP,21448,84.034,22.099,,,,16.598,0.0,117.138,4.601,1.358,0.0,0.0,0.0,0.0,Balanced,0.0,-0.4555423375974041,False,,,,,,1.6302806773429435,-0.6211034172977374,1.375266808551331,-1.9493239759346208,-1.3718755275776067
1193,7,229,SP 7,SP,Steven Matz,TBR,SP,13361,60.117,16.383,,,,12.362,0.697,99.966,4.123,1.269,0.0,0.0,0.0,0.0,Balanced,0.0,2.1580063688573916,False,,,,,,1.0084598635434343,-0.5310076511119021,0.9960529374079425,0.05562310210131745,0.3282175759556567
1194,7,17,DH 7,DH,Jhostynxon Garcia,PIT,DH,28142,28.365,6.643,26.401,4.135,0.288,,,75.2,,,0.0,0.0,0.0,0.0,Balanced,0.0,-2.903640233518464,False,-0.27700429611388083,-0.306933423666636,-0.2993173481815303,-0.1635285153276274,-0.7809293663010293,,,,,
1195,7,129,OF 7,OF,Braden Montgomery,CHW,OF,sa3038253,12.578,2.778,11.835,1.864,0.289,,,36.867,,,0.0,0.0,0.0,0.0,Balanced,0.0,-3.272893514258146,False,-0.849541643665977,-0.7375493123376806,-0.8331832796383548,-0.3981162446959754,-0.39130171729985225,,,,,
1196,7,41,3B 7,3B,Jace Jung,DET,3B,31437,7.45,1.556,7.04,0.154,0.305,,,18.941,,,0.0,0.0,0.0,0.0,Balanced,0.0,-3.870714166338819,False,-1.0355268827275677,-0.8737139891845142,-1.008919997592971,-0.5747873363847726,-0.08849660182922374,,,,,
1197,7,230,SP 7,SP,Andre Pallante,STL,SP,26108,69.507,12.794,,,,15.55,0.398,90.206,4.394,1.41,0.0,0.0,0.0,0.0,Balanced,0.0,-0.9310817667841134,False,,,,,,1.4764465383834375,-0.5696518957148043,0.7805303340681636,-0.9303592967871195,-2.073419245170783
1198,7,18,DH 7,DH,Willie MacIver,TEX,DH,24641,3.077,0.456,3.07,0.487,0.281,,,8.954,,,0.0,0.0,0.0,0.0,Balanced,0.0,-5.280238344299413,False,-1.194126684067509,-0.9962701081614767,-1.1544018815981085,-0.540369960363889,-0.12979614305908427,,,,,
1199,7,57,2B 7,2B,Isiah Kiner-Falefa,BOS,2B/3B/SS,16512,22.124,2.12,18.577,6.087,0.292,,,35.79,,,0.0,0.0,0.0,0.0,Balanced,0.0,-2.074927819066147,False,-0.5033630181320262,-0.8108933486988804,-0.5860655460445361,0.03800099896521751,-0.5624411022304638,,,,,
1200,7,231,SP 7,SP,Hunter Barco,PIT,SP,33174,40.737,8.923,,,,8.859,0.662,76.205,4.07,1.319,0.0,0.0,0.0,0.0,Balanced,0.0,0.4908600911439335,False,,,,,,0.49419376098419854,-0.5354777778035682,0.4713465133070762,0.16215822761432663,-0.317002937942278
1201,7,51,C 7,C,Shane McGuire,ATH,C/1B,sa3017284,2.423,0.291,2.176,0.115,0.295,,,6.668,,,0.0,0.0,0.0,0.0,Balanced,0.0,-4.0516469280024765,False,-1.217848036538174,-1.0146382578373165,-1.187188916395047,-0.5787543015363219,-0.06297513107388375,,,,,
1202,7,42,3B 7,3B,Nick Madrigal,LAA,3B,20521,4.433,0.22,3.895,0.649,0.299,,,5.961,,,0.0,0.0,0.0,0.0,Balanced,0.0,-4.194414401259794,False,-1.1449601943891776,-1.0225450646918217,-1.1241793003153797,-0.5236391322298664,-0.09144175045282778,,,,,
1203,7,19,DH 7,DH,Tanner Murray,CHW,DH,sa3016805,6.308,1.205,6.05,0.287,0.276,,,14.961,,,0.0,0.0,0.0,0.0,Balanced,0.0,-5.118788996889007,False,-1.0769506666726256,-0.9127951587075777,-1.0451965510277246,-0.5609739685488901,-0.2862644330046872,,,,,
1204,7,39,SS 7,SS,Liover Peguero,PHI,SS,24273,3.103,0.64,2.868,0.806,0.272,,,7.508,,,0.0,0.0,0.0,0.0,Balanced,0.0,-4.225576749602541,False,-1.1931971531857637,-0.9757266480064254,-1.1618130313066746,-0.5074026383373967,-0.14569217974092513,,,,,
1205,7,56,1B 7,1B,Tyler Locklear,ARI,1B,31396,24.21,5.449,23.575,4.017,0.308,,,60.238,,,0.0,0.0,0.0,0.0,Balanced,0.0,-1.7601832904553165,False,-0.4276912980867062,-0.43995756981547895,-0.40289971951009534,-0.17571438114843557,-0.1883035886794863,,,,,
1206,7,58,2B 7,2B,Ildemaro Vargas,ARI,2B/3B,13324,9.461,1.046,9.622,0.951,0.286,,,12.569,,,0.0,0.0,0.0,0.0,Balanced,0.0,-3.6820680467596616,False,-0.9626027732792443,-0.9304752659005944,-0.9142701489238773,-0.49244949232442803,-0.33465125019348535,,,,,
1207,7,43,3B 7,3B,Darell Hernaiz,ATH,3B,26224,20.098,2.405,16.771,3.332,0.309,,,28.558,,,0.0,0.0,0.0,0.0,Balanced,0.0,-2.4861042096381882,False,-0.5768369398381435,-0.7791415695490277,-0.6522714747006538,-0.24653039508353036,-0.14488667817410786,,,,,
1208,7,20,DH 7,DH,Joshua Báez,STL,DH,sa3017022,10.736,3.068,10.538,4.514,0.309,,,24.518,,,0.0,0.0,0.0,0.0,Balanced,0.0,-4.286815399130328,False,-0.9163822763252267,-0.7052304774498791,-0.880715647261317,-0.12447962202185756,-0.07635357422692861,,,,,
1209,7,130,OF 7,OF,Randal Grichuk,NYY,OF/DH,10243,18.335,5.92,18.693,0.357,0.292,,,32.839,,,0.0,0.0,0.0,0.0,Balanced,0.0,-2.885584495499151,False,-0.6407580549015878,-0.3874642509227414,-0.5818067280032159,-0.553797652466809,-0.42332296956591703,,,,,
1210,7,21,DH 7,DH,Yanquiel Fernández,NYY,DH,28552,7.321,2.222,8.234,0.358,0.274,,,18.51,,,0.0,0.0,0.0,0.0,Balanced,0.0,-4.884022345693946,False,-1.0402282127392979,-0.7994909607265727,-0.9651505632600461,-0.5537241117271547,-0.3625797241132646,,,,,
1211,7,131,OF 7,OF,Jose Siri,LAA,OF,17452,4.505,1.369,4.102,1.234,0.261,,,13.779,,,0.0,0.0,0.0,0.0,Balanced,0.0,-4.310260812053858,False,-1.142341695377784,-0.8944800382127327,-1.1165958920457622,-0.4632225225522919,-0.2254227982109216,,,,,
1212,7,232,SP 7,SP,Jose Quintana,COL,SP,11423,77.759,18.568,,,,14.598,0.0,88.667,5.064,1.495,0.0,0.0,0.0,0.0,Balanced,0.0,-5.468952400387895,False,,,,,,1.336721569283077,-0.6211034172977374,0.7465355498986018,-3.283338930474108,-3.4507915553971316
1213,7,57,1B 7,1B,Andrés Chaparro,WSN,1B,21797,28.704,8.627,33.29,1.391,0.294,,,68.311,,,0.0,0.0,0.0,0.0,Balanced,0.0,-1.4203911476241775,False,-0.2646988014523055,-0.08595659303926353,-0.04683027858897321,-0.4470084420594078,-0.6894068126088312,,,,,
1214,7,233,SP 7,SP,Anthony Kay,CHW,SP,20387,65.399,15.977,,,,13.786,0.29,99.674,4.44,1.382,0.0,0.0,0.0,0.0,Balanced,0.0,-0.6606407410533434,False,,,,,,1.2175724117263413,-0.5836568444070112,0.9896157023907753,-1.0225146358774126,-1.4894212842470012
1215,7,234,SP 7,SP,Logan Allen,CLE,SP,27589,62.761,16.454,,,,12.504,0.308,93.218,4.514,1.401,0.0,0.0,0.0,0.0,Balanced,0.0,-1.257183648891734,False,,,,,,1.0292588145958086,-0.5813305526663455,0.8470359154667946,-1.204470024340985,-1.68790795607071
1216,7,235,SP 7,SP,Jacob Latz,TEX,SP,21306,51.532,12.729,,,,8.322,2.271,94.902,4.223,1.35,0.0,0.0,0.0,0.0,Balanced,0.0,0.060456080627509755,False,,,,,,0.4153858777724119,-0.3274692362965554,0.8842195049072963,-0.23461639303067525,-0.8036056168750587
1217,7,236,SP 7,SP,Michael Lorenzen,COL,SP,14843,88.308,24.442,,,,14.533,0.066,112.566,5.173,1.442,0.0,0.0,0.0,0.0,Balanced,0.0,-4.5972268094320325,False,,,,,,1.3271632709839516,-0.6126254869194303,1.2743026970642344,-4.082512724081082,-2.8428964379527706
1218,7,582,RP 7,RP,Patrick Sandoval,BOS,RP,19447,37.686,7.491,,,,7.661,0.622,71.532,4.115,1.391,0.0,0.0,0.0,0.0,Balanced,0.0,-0.8782151260626738,False,,,,,,0.3183612961127912,-0.5406479902920084,0.36814758815364235,0.053922444202330604,-1.0188774930522189
1219,7,237,SP 7,SP,Chris Paddack,MIA,SP,20099,69.044,19.456,,,,11.27,0.313,92.368,4.831,1.31,0.0,0.0,0.0,0.0,Balanced,0.0,-1.1956261710165519,False,,,,,,0.8481077020915136,-0.580579195347883,0.8282652473206809,-2.284753041865461,-0.32110983737465465
1220,7,132,OF 7,OF,Myles Straw,TOR,OF,17620,19.118,1.624,12.439,6.758,0.289,,,29.424,,,0.0,0.0,0.0,0.0,Balanced,0.0,-2.714382514482453,False,-0.6123825199083175,-0.8660815749199045,-0.8110352267780292,0.10737511862282059,-0.4785797307784998,,,,,
1221,7,22,DH 7,DH,Nate Eaton,BOS,DH,25055,9.089,1.388,7.711,3.069,0.284,,,20.361,,,0.0,0.0,0.0,0.0,Balanced,0.0,-4.612195987499444,False,-0.976096747339758,-0.8924357410042144,-0.9843273391960186,-0.2737105153644735,-0.29420463007109454,,,,,
1222,7,133,OF 7,OF,Gabriel Rincones Jr.,PHI,OF,sa3020758,5.56,1.35,5.074,1.381,0.298,,,12.85,,,0.0,0.0,0.0,0.0,Balanced,0.0,-3.88708432759926,False,-1.1040927508157923,-0.8966858738927689,-1.0809691565445079,-0.4480392518652365,-0.09549649722501238,,,,,
1223,7,59,2B 7,2B,Ronny Mauricio,NYM,2B,23698,17.22,4.441,15.577,3.965,0.285,,,38.512,,,0.0,0.0,0.0,0.0,Balanced,0.0,-2.725008978969034,False,-0.6812106005706747,-0.5523036775516198,-0.6960214841320134,-0.18116899696464916,-0.5266013868438377,,,,,
1224,7,134,OF 7,OF,Dylan Carlson,CHC,OF,20126,11.78,2.439,10.606,1.323,0.308,,,25.173,,,0.0,0.0,0.0,0.0,Balanced,0.0,-3.345164923582787,False,-0.8785047089083411,-0.7752780149336916,-0.87820873543665,-0.45403199584661713,-0.09533490155199324,,,,,
1225,7,60,2B 7,2B,Vidal Bruján,NYM,2B/SS/OF,20536,4.189,0.281,2.699,0.648,0.284,,,7.423,,,0.0,0.0,0.0,0.0,Balanced,0.0,-3.757078997649714,False,-1.153798535235113,-1.0157135470284129,-1.1680213031484923,-0.5237311614419901,-0.12687408327948774,,,,,
1226,7,61,2B 7,2B,Richie Palacios,TBR,2B/OF,24589,20.102,3.045,14.8,6.467,0.312,,,35.032,,,0.0,0.0,0.0,0.0,Balanced,0.0,-1.935081681810317,False,-0.576684617180971,-0.7077916977672544,-0.7244991228420463,0.07727092764017306,-0.07268241059815987,,,,,
1227,7,23,DH 7,DH,Bryan Torres,STL,DH,sa885119,4.357,0.139,3.626,1.412,0.33,,,7.559,,,0.0,0.0,0.0,0.0,Balanced,0.0,-4.932295668226438,False,-1.1476991008343358,-1.0316096010608184,-1.1340365215908796,-0.4448135815009049,0.0656948184548142,,,,,
1228,7,52,C 7,C,Jhonny Pereda,SEA,C/1B,19802,3.151,0.41,3.044,0.071,0.289,,,9.441,,,0.0,0.0,0.0,0.0,Balanced,0.0,-3.9554190309690096,False,-1.1914537841071258,-1.0013711588744814,-1.1553760587369921,-0.5832909182150361,-0.11038556002000172,,,,,
1229,7,62,2B 7,2B,Chris Taylor,LAA,2B/3B/OF,13757,16.046,3.414,14.15,3.087,0.289,,,46.814,,,0.0,0.0,0.0,0.0,Balanced,0.0,-2.6846295733036247,False,-0.7237847832503781,-0.6667297323658554,-0.7483221153279168,-0.27181002433969925,-0.45940853442366214,,,,,
1230,7,44,3B 7,3B,Gio Urshela,MIN,3B,10681,10.788,1.865,11.406,0.354,0.293,,,21.968,,,0.0,0.0,0.0,0.0,Balanced,0.0,-3.718676981828653,False,-0.9144782431105709,-0.839271758940072,-0.84888079914866,-0.5540861346098631,-0.29544808425680363,,,,,
1231,7,58,1B 7,1B,DJ LeMahieu,,1B/3B,9874,10.785,1.837,9.821,0.595,0.307,,,23.285,,,0.0,0.0,0.0,0.0,Balanced,0.0,-3.366938573890626,False,-0.9145725380888207,-0.8423398758404858,-0.9069784806853174,-0.5292459939031733,-0.10785067759819142,,,,,
1232,7,53,C 7,C,Endy Rodríguez,PIT,C,25332,10.579,1.824,9.348,0.571,0.296,,,21.374,,,0.0,0.0,0.0,0.0,Balanced,0.0,-3.6510068978835615,False,-0.922050855210002,-0.8438572234143288,-0.9243194201695709,-0.5316921530846803,-0.2235311344404627,,,,,
1233,7,54,C 7,C,Brett Sullivan,COL,C/1B,18217,4.383,0.787,4.258,0.512,0.279,,,8.769,,,0.0,0.0,0.0,0.0,Balanced,0.0,-3.879955619764371,False,-1.1467768234124558,-0.9594153843992981,-1.110866279099122,-0.5378284667684761,-0.18118758037911734,,,,,
1234,7,40,SS 7,SS,Edwin Arroyo,CIN,SS,sa3017626,2.955,0.31,2.754,0.646,0.293,,,6.108,,,0.0,0.0,0.0,0.0,Balanced,0.0,-4.2462239400784565,False,-1.1985462171634702,-1.0125153081040454,-1.165999280847807,-0.5239740937729829,-0.0751898814189058,,,,,
1235,7,63,2B 7,2B,Alika Williams,PIT,2B,27604,2.457,0.247,2.191,0.111,0.28,,,5.781,,,0.0,0.0,0.0,0.0,Balanced,0.0,-4.460737637134955,False,-1.2166163990530368,-1.0195613934199668,-1.186647218196676,-0.5791692076475458,-0.11236129944212646,,,,,
1236,7,45,3B 7,3B,Yohandy Morales,WSN,3B,sa3022672,5.937,1.17,5.873,0.293,0.287,,,17.144,,,0.0,0.0,0.0,0.0,Balanced,0.0,-3.977217843006046,False,-1.0904192536236108,-0.9166420024465497,-1.0516972959157536,-0.5603697363480789,-0.18984690361105044,,,,,
1237,7,24,DH 7,DH,Kahlil Watson,CLE,DH,sa3017513,2.762,0.505,2.555,0.41,0.28,,,6.895,,,0.0,0.0,0.0,0.0,Balanced,0.0,-5.293650305095547,False,-1.2055624888912284,-0.9907423730719801,-1.173301944313668,-0.5483005854652051,-0.0871547583332377,,,,,
1238,7,55,C 7,C,Drew Romo,CHW,C/DH,27763,1.824,0.397,1.85,0.115,0.259,,,7.058,,,0.0,0.0,0.0,0.0,Balanced,0.0,-4.328257864665748,False,-1.2395703354699472,-1.0028267876116204,-1.1991308327668488,-0.5788329033662053,-0.13194293693625606,,,,,
1239,7,59,1B 7,1B,LaMonte Wade Jr.,CHW,1B,18126,12.892,3.225,11.522,0.657,0.323,,,27.24,,,0.0,0.0,0.0,0.0,Balanced,0.0,-2.992300679699278,False,-0.838164591867167,-0.6877263914878958,-0.8446586318650102,-0.522830803819003,0.09560420752172831,,,,,
1240,7,25,DH 7,DH,César Prieto,STL,DH,30163,3.739,0.372,3.617,0.296,0.282,,,8.607,,,0.0,0.0,0.0,0.0,Balanced,0.0,-5.412318562663881,False,-1.170143481695705,-1.0056065861918353,-1.1343671114250682,-0.560118644300186,-0.15457765643605806,,,,,
1241,7,135,OF 7,OF,Jorge Barrosa,ARI,OF,23968,13.177,1.916,11.132,2.229,0.287,,,29.57,,,0.0,0.0,0.0,0.0,Balanced,0.0,-3.464207433688322,False,-0.8278429184787663,-0.8335800344505243,-0.8589267718261631,-0.3604390101298252,-0.4173971221280052,,,,,
1242,7,46,3B 7,3B,Gabriel Arias,CLE,3B,22563,45.34,11.429,45.512,8.582,0.28,,,138.431,,,0.0,0.0,0.0,0.0,Balanced,0.0,-0.28059957852055284,False,0.33862222976835865,0.22617026974426682,0.4011189467365009,0.2957251408090785,-1.8112649492442459,,,,,
1243,7,56,C 7,C,Luis Campusano,SDP,C,22217,28.692,7.105,28.687,1.002,0.304,,,57.675,,,0.0,0.0,0.0,0.0,Balanced,0.0,-1.6326145488644197,False,-0.2651521426938902,-0.2554550119984,-0.21553738122237412,-0.48715941358443543,-0.3466192422502082,,,,,
1244,7,64,2B 7,2B,Andruw Monasterio,BOS,2B/3B,19455,14.525,2.934,12.74,3.28,0.306,,,30.791,,,0.0,0.0,0.0,0.0,Balanced,0.0,-2.7629209759923814,False,-0.7789582257162038,-0.7201922820876996,-0.7999886884161194,-0.2518569343306831,-0.15012857336928118,,,,,
1245,7,57,C 7,C,Kyle Higashioka,TEX,C,5517,27.549,10.234,34.734,2.196,0.27,,,67.651,,,0.0,0.0,0.0,0.0,Balanced,0.0,-2.0944369039563013,False,-0.3066092925543289,0.09302914746087662,0.0061117408661651405,-0.36389707749446887,-1.4047325053987492,,,,,
1246,7,136,OF 7,OF,Manuel Margot,,OF,14712,4.626,0.544,4.463,0.229,0.292,,,9.43,,,0.0,0.0,0.0,0.0,Balanced,0.0,-4.206614176197325,False,-1.1379417466234596,-0.9863872958798604,-1.1033594709130357,-0.5670592581801728,-0.12732574671868918,,,,,
1247,7,26,DH 7,DH,Sterlin Thompson,COL,DH,sa3019999,3.313,0.453,2.999,0.216,0.307,,,6.228,,,0.0,0.0,0.0,0.0,Balanced,0.0,-5.223833300618991,False,-1.1855777562702015,-0.9966115670685125,-1.157000420316952,-0.5683184367716415,-0.02788062245451206,,,,,
1248,7,58,C 7,C,Chadwick Tromp,ATL,C,16953,3.789,0.817,4.105,0.116,0.253,,,11.876,,,0.0,0.0,0.0,0.0,Balanced,0.0,-4.257335066119942,False,-1.168324676634467,-0.9559817449298842,-1.1164661483636082,-0.5786724977922121,-0.3164962514360818,,,,,
1249,7,41,SS 7,SS,Brayan Rocchio,CLE,SS,23690,50.195,7.904,44.858,10.863,0.299,,,90.81,,,0.0,0.0,0.0,0.0,Balanced,0.0,0.606020424128132,False,0.5147108481896585,-0.1664484282505197,0.3771420210684141,0.5313756991255205,-0.9161671329661017,,,,,
1250,7,60,1B 7,1B,Juan Yepez,TOR,1B,18400,2.51,0.609,2.704,0.098,0.286,,,4.531,,,0.0,0.0,0.0,0.0,Balanced,0.0,-4.203857703861916,False,-1.2147043870325291,-0.9791668604205422,-1.1678479450647106,-0.5805683925207579,-0.08934032242571549,,,,,
1251,7,59,C 7,C,Jacob Stallings,BAL,C,13723,9.011,1.717,8.689,0.465,0.275,,,27.36,,,0.0,0.0,0.0,0.0,Balanced,0.0,-3.945365323754279,False,-0.9789179805543881,-0.8557999297224029,-0.9484843642245078,-0.5425885770602014,-0.45588558502322,,,,,
1252,7,65,2B 7,2B,Adael Amador,COL,2B,27962,15.981,2.598,14.206,4.133,0.317,,,26.253,,,0.0,0.0,0.0,0.0,Balanced,0.0,-2.7766636229289112,False,-0.7261312775168206,-0.7575878812148569,-0.7462586776710637,-0.1637505835723701,0.017192383876812378,,,,,
1253,7,137,OF 7,OF,Tirso Ornelas,SDP,OF,22566,9.615,2.003,9.412,1.043,0.294,,,19.226,,,0.0,0.0,0.0,0.0,Balanced,0.0,-3.6372579650694385,False,-0.9570274013537389,-0.82392783226273,-0.9219829343680721,-0.48294528131210984,-0.23127317628188948,,,,,
1254,7,138,OF 7,OF,Austin Martin,MIN,OF,27462,36.848,3.203,24.344,13.504,0.34,,,55.913,,,0.0,0.0,0.0,0.0,Balanced,0.0,0.7061111791988285,False,0.03065845753503289,-0.6901628372617539,-0.37471528686142686,0.8041271474473386,0.8524786351206011,,,,,
1255,7,61,1B 7,1B,Justin Foscue,TEX,1B/2B/DH,27501,4.937,0.813,4.898,0.21,0.286,,,8.74,,,0.0,0.0,0.0,0.0,Balanced,0.0,-3.8681790102461573,False,-1.1266763981065762,-0.9564156706861336,-1.0874057626066131,-0.568934133891135,-0.14303245246121,,,,,
1256,7,62,1B 7,1B,Matt Mervis,WSN,1B/DH,27845,3.685,1.162,4.166,0.09,0.268,,,11.062,,,0.0,0.0,0.0,0.0,Balanced,0.0,-4.194344389045059,False,-1.1720863209206405,-0.9175510741207464,-1.114233384206317,-0.5814034517510348,-0.1928810848795691,,,,,
1257,7,63,1B 7,1B,Mark Canha,TEX,1B/OF/DH,11445,10.28,1.764,9.092,1.086,0.314,,,20.796,,,0.0,0.0,0.0,0.0,Balanced,0.0,-3.1876947161466407,False,-0.9329129113583717,-0.8504680461038915,-0.9337071452393106,-0.47848119315500415,-0.0264375704059505,,,,,
1258,7,27,DH 7,DH,Tristan Peters,CHW,DH,30063,2.906,0.385,2.734,0.208,0.288,,,7.428,,,0.0,0.0,0.0,0.0,Balanced,0.0,-5.300399483218308,False,-1.200318962754563,-1.0041067293352532,-1.1667355945694087,-0.5691466996807537,-0.09546143315747822,,,,,
1259,7,28,DH 7,DH,Bryce Johnson,SDP,DH,20002,16.575,1.743,12.011,5.297,0.292,,,41.856,,,0.0,0.0,0.0,0.0,Balanced,0.0,-4.012671302332864,False,-0.7046066353663785,-0.8528822107092643,-0.8267254161368003,-0.04357861114877564,-0.4262826685814944,,,,,
1260,7,139,OF 7,OF,Tommy Pham,,OF,2967,26.84,5.751,24.382,4.138,0.313,,,53.971,,,0.0,0.0,0.0,0.0,Balanced,0.0,-1.8531293570588627,False,-0.3323046741273503,-0.4063386287465653,-0.3733262231457124,-0.1632362115450126,-0.06854991972231655,,,,,
1261,7,140,OF 7,OF,Garrett Mitchell,MIL,OF,27555,42.247,8.829,33.931,12.261,0.304,,,107.894,,,0.0,0.0,0.0,0.0,Balanced,0.0,0.5011486665120639,False,0.22645109968057042,-0.06347935027138066,-0.023351803225206073,0.675761373230519,-0.505767256548511,,,,,
1262,7,66,2B 7,2B,Curtis Mead,CHW,2B,23986,10.168,1.971,8.896,1.625,0.305,,,20.081,,,0.0,0.0,0.0,0.0,Balanced,0.0,-3.549796885985952,False,-0.9369567152333074,-0.8274872489282428,-0.9408906937427425,-0.42278544449799127,-0.1189244789787402,,,,,
1263,7,29,DH 7,DH,A.J. Vukovich,ARI,DH,sa3014525,2.981,0.473,3.011,0.102,0.282,,,7.611,,,0.0,0.0,0.0,0.0,Balanced,0.0,-5.300040755183923,False,-1.1976188623196844,-0.9943478003504149,-1.1565635432855186,-0.5801046830394686,-0.09552676672851097,,,,,
1264,7,30,DH 7,DH,Joe Mack,MIA,DH,sa3017374,25.154,7.018,25.87,2.041,0.283,,,66.062,,,0.0,0.0,0.0,0.0,Balanced,0.0,-3.287759304632154,False,-0.39346584771202686,-0.26514174999734635,-0.31879356080767124,-0.3798715308581423,-0.8697716271583084,,,,,
1265,7,67,2B 7,2B,Luke Williams,ATL,2B/3B/SS/OF/DH,19931,2.428,0.347,1.836,1.458,0.261,,,6.452,,,0.0,0.0,0.0,0.0,Balanced,0.0,-3.5146811240624514,False,-1.2176587212356884,-1.0084176898137722,-1.1996615357379186,-0.44004376217894425,-0.1391647031710527,,,,,
1266,7,141,OF 7,OF,Jack Suwinski,LAD,OF,22244,14.63,4.101,13.47,2.672,0.295,,,37.062,,,0.0,0.0,0.0,0.0,Balanced,0.0,-2.858362429765388,False,-0.7751537860168248,-0.5902039451449671,-0.7732373003923703,-0.31473529961067453,-0.2852352177159758,,,,,
1267,7,47,3B 7,3B,Jose Miranda,SDP,3B/DH,20538,3.377,0.676,3.693,0.07,0.277,,,7.933,,,0.0,0.0,0.0,0.0,Balanced,0.0,-4.336363771096885,False,-1.1832617265351932,-0.9717086848934869,-1.1315699255996503,-0.5834802856196459,-0.17372925745192683,,,,,
1268,7,142,OF 7,OF,Ben Gamel,ATL,OF,12160,8.865,1.879,7.429,0.621,0.311,,,23.495,,,0.0,0.0,0.0,0.0,Balanced,0.0,-3.6097762218656517,False,-0.9842061154692255,-0.8376942522113189,-0.9946459935105909,-0.5265652686826846,-0.04465808751832383,,,,,
1269,7,60,C 7,C,Adrian Del Castillo,ARI,C,29554,24.057,7.464,27.18,0.684,0.297,,,65.445,,,0.0,0.0,0.0,0.0,Balanced,0.0,-2.2086202714536407,False,-0.43323294142383767,-0.21548593791120071,-0.27074808257732097,-0.5200604250001718,-0.4893553530276248,,,,,
1270,7,143,OF 7,OF,Alex Verdugo,SDP,OF,17027,10.943,1.223,9.883,0.371,0.307,,,14.018,,,0.0,0.0,0.0,0.0,Balanced,0.0,-3.7358398984326815,False,-0.9088676919047185,-0.9108333018224547,-0.9047152963991597,-0.5523720776231169,-0.08472099098039455,,,,,
1271,7,31,DH 7,DH,Gabriel Gonzalez,MIN,DH,sa3015723,5.353,1.019,5.298,0.244,0.319,,,9.214,,,0.0,0.0,0.0,0.0,Balanced,0.0,-4.896319742881878,False,-1.111602620487388,-0.9334921361134921,-1.0727692825308712,-0.5654304134268744,0.017407689655741115,,,,,
1272,7,144,OF 7,OF,Ji Hwan Bae,NYM,OF,23818,2.904,0.247,1.835,1.761,0.301,,,6.891,,,0.0,0.0,0.0,0.0,Balanced,0.0,-4.111703280185411,False,-1.2004110816948532,-1.0194818496484745,-1.1996835261925212,-0.40875486293248364,-0.04308544837778896,,,,,
1273,7,32,DH 7,DH,Justin Dean,CHC,DH,25005,2.968,0.157,2.14,1.863,0.274,,,8.365,,,0.0,0.0,0.0,0.0,Balanced,0.0,-5.186240734768293,False,-1.1980917879029056,-1.0295239722847602,-1.1885002805045,-0.39827943903397234,-0.11938783251279418,,,,,
1274,7,33,DH 7,DH,Heriberto Hernández,MIA,DH,24878,38.329,10.696,39.595,3.023,0.307,,,98.126,,,0.0,0.0,0.0,0.0,Balanced,0.0,-1.1579313936792106,False,0.08434856745839325,0.14458777133565964,0.18423808822090273,-0.278447282668612,-0.347868783253926,,,,,
1275,7,61,C 7,C,Eric Haase,SFG,C,14111,2.181,0.515,2.25,0.058,0.269,,,7.968,,,0.0,0.0,0.0,0.0,Balanced,0.0,-4.365114138218388,False,-1.2266268990132139,-0.9896377841443258,-1.1844844569865356,-0.5846574538918934,-0.1259429608067604,,,,,
1276,7,145,OF 7,OF,Victor Mesa Jr.,TBR,OF,25999,3.19,0.723,4.347,0.206,0.288,,,7.201,,,0.0,0.0,0.0,0.0,Balanced,0.0,-4.284593067964491,False,-1.1900201377647384,-0.966523634175293,-1.1076127913407052,-0.5694055382953235,-0.11187900971008924,,,,,
1277,7,62,C 7,C,Jeferson Quero,MIL,C,sa3015407,3.106,0.406,3.067,0.098,0.291,,,4.611,,,0.0,0.0,0.0,0.0,Balanced,0.0,-4.292563628482441,False,-1.1930883512877835,-1.0017933870172762,-1.1545261276666117,-0.5805823673270434,-0.06762166712183754,,,,,
1278,7,42,SS 7,SS,Tim Anderson,,SS,15172,5.264,0.371,4.084,0.989,0.282,,,14.649,,,0.0,0.0,0.0,0.0,Balanced,0.0,-4.1485027599221365,False,-1.1148039349989627,-1.005673095479764,-1.1172662344035569,-0.4885414010796245,-0.2079260718228409,,,,,
1279,7,64,1B 7,1B,Nathaniel Lowe,CIN,1B,19566,22.301,5.349,23.727,0.308,0.33,,,48.839,,,0.0,0.0,0.0,0.0,Balanced,0.0,-1.9692092876823966,False,-0.49692557250152325,-0.4511237774018434,-0.3973288043441686,-0.5588994379927711,0.329031846738955,,,,,
1280,7,68,2B 7,2B,Brendan Rodgers,BOS,2B,17907,9.467,2.125,9.559,0.302,0.289,,,26.62,,,0.0,0.0,0.0,0.0,Balanced,0.0,-3.876092022774523,False,-0.9623746519664789,-0.8102616775723247,-0.9165784136419698,-0.5594708247508716,-0.2926533495306944,,,,,
1281,7,34,DH 7,DH,Esmerlyn Valdez,PIT,DH,sa3015768,3.717,1.111,3.947,0.278,0.303,,,10.597,,,0.0,0.0,0.0,0.0,Balanced,0.0,-4.9864084861276154,False,-1.1709330208020488,-0.9232272017923545,-1.1222811575756209,-0.5619981679511543,-0.05452448076758876,,,,,
1282,7,35,DH 7,DH,Will Banfield,CIN,DH,23790,2.329,0.286,2.341,0.02,0.238,,,6.809,,,0.0,0.0,0.0,0.0,Balanced,0.0,-5.418927562203281,False,-1.221249909215026,-1.0151998546889864,-1.1811518035915507,-0.5886054761057282,-0.19138872308518703,,,,,
1283,7,65,1B 7,1B,Jonah Bride,TEX,1B,24703,3.341,0.523,3.162,0.066,0.309,,,9.006,,,0.0,0.0,0.0,0.0,Balanced,0.0,-4.300547903617153,False,-1.1845553811021794,-0.9887379591550504,-1.151041373627294,-0.5838766102996004,-0.028379161166928513,,,,,
1284,7,36,DH 7,DH,Maximo Acosta,MIA,DH,27963,9.077,1.783,8.037,2.629,0.289,,,20.578,,,0.0,0.0,0.0,0.0,Balanced,0.0,-4.645939950816002,False,-0.9765493632353563,-0.8483613616236145,-0.9723806582257195,-0.31912398785212337,-0.25220963522109624,,,,,
1285,7,146,OF 7,OF,Blake Dunn,CIN,OF/DH,29487,4.103,0.354,2.955,1.271,0.317,,,10.684,,,0.0,0.0,0.0,0.0,Balanced,0.0,-4.03407657363442,False,-1.1569215123801417,-1.00755106376554,-1.1586159857150706,-0.45941121174717386,0.004766396241845584,,,,,
1286,7,37,DH 7,DH,Tyler Tolbert,KCR,DH,25779,14.235,1.392,9.327,12.186,0.269,,,30.147,,,0.0,0.0,0.0,0.0,Balanced,0.0,-3.6785603408384606,False,-0.7894503554114404,-0.8919154757200847,-0.9250780908533517,0.6680457928201582,-0.6300893181922467,,,,,
1287,7,147,OF 7,OF,Will Brennan,SFG,OF,25660,11.128,1.617,10.181,1.769,0.298,,,14.922,,,0.0,0.0,0.0,0.0,Balanced,0.0,-3.4192301953175264,False,-0.9021546147993321,-0.8668669861090083,-0.8937963026739434,-0.4079244309847019,-0.21602530825353825,,,,,
1288,7,48,3B 7,3B,Josh Rojas,KCR,3B,19734,5.732,0.885,5.241,0.92,0.304,,,13.61,,,0.0,0.0,0.0,0.0,Balanced,0.0,-4.008022490488975,False,-1.0978569513695462,-0.9484407948619062,-1.074830521142264,-0.4956562610660675,-0.08186706652399509,,,,,
1289,7,63,C 7,C,Riley Adams,WSN,C,19864,8.479,2.851,9.833,0.305,0.282,,,30.167,,,0.0,0.0,0.0,0.0,Balanced,0.0,-3.9293821389733834,False,-0.998215810526166,-0.7293698953867589,-0.9065353730250801,-0.5591164451472846,-0.3528028791340874,,,,,
1290,7,148,OF 7,OF,Michael Siani,LAD,OF,22557,3.339,0.25,2.408,0.665,0.277,,,7.404,,,0.0,0.0,0.0,0.0,Balanced,0.0,-4.28106366451247,False,-1.1846453240045098,-1.019141504799863,-1.17867201332756,-0.5219373664622479,-0.11519767799182774,,,,,
1291,7,38,DH 7,DH,Nelson Rada,LAA,DH,sa3018421,8.247,0.417,5.065,3.513,0.314,,,17.39,,,0.0,0.0,0.0,0.0,Balanced,0.0,-4.529015788916789,False,-1.0066465069276687,-1.0005512118742255,-1.0812861855983582,-0.22785393926289532,-0.017341441990597867,,,,,
1292,7,149,OF 7,OF,Jonatan Clase,TOR,OF,26599,4.204,0.549,2.709,1.959,0.285,,,9.548,,,0.0,0.0,0.0,0.0,Balanced,0.0,-4.081323921422959,False,-1.1532519870342586,-0.9858538847063244,-1.1676467324050992,-0.3883586693095392,-0.12043530431979048,,,,,
1293,7,69,2B 7,2B,Nick Gonzales,PIT,2B,27490,43.248,7.238,40.005,2.243,0.31,,,80.291,,,0.0,0.0,0.0,0.0,Balanced,0.0,-0.3040578461500225,False,0.2627474128468089,-0.2406714567084612,0.19927955916890477,-0.35900228023011815,-0.2850615257233404,,,,,
1294,7,66,1B 7,1B,Zach Dezenzo,HOU,1B/3B/DH,31562,13.313,3.271,12.2,1.355,0.291,,,34.214,,,0.0,0.0,0.0,0.0,Balanced,0.0,-3.0090058728554565,False,-0.8228924321206613,-0.6826763646507222,-0.8197764324824602,-0.45067308453543997,-0.3276600433417592,,,,,
1295,7,70,2B 7,2B,Juan Brito,CLE,2B,sa3009808,12.241,2.331,11.45,1.675,0.307,,,23.531,,,0.0,0.0,0.0,0.0,Balanced,0.0,-3.328945338941854,False,-0.8617746037288988,-0.7873254427336464,-0.847282826114223,-0.4176231324643924,-0.1158219082930276,,,,,
1296,7,67,1B 7,1B,Niko Kavadas,LAA,1B,29782,2.16,0.774,2.413,0.07,0.279,,,8.831,,,0.0,0.0,0.0,0.0,Balanced,0.0,-4.216364018907763,False,-1.2274044699107798,-0.9607865675078779,-1.178481429387673,-0.5834227441223687,-0.09421441244178683,,,,,
1297,7,150,OF 7,OF,DaShawn Keirsey Jr.,ATL,OF,24496,2.845,0.467,2.233,1.651,0.268,,,7.577,,,0.0,0.0,0.0,0.0,Balanced,0.0,-4.159433710621876,False,-1.2025639085828905,-0.9950265961483169,-1.1850760002153387,-0.42011649405885165,-0.14362030331197043,,,,,
1298,7,151,OF 7,OF,Gustavo Campero,LAA,OF,22707,3.279,0.453,2.753,0.713,0.302,,,5.192,,,0.0,0.0,0.0,0.0,Balanced,0.0,-4.186371950985571,False,-1.1867937988166282,-0.9965765856339908,-1.1660370311282078,-0.517043602073454,-0.03930887634781991,,,,,
1299,7,39,DH 7,DH,Matthew Lugo,LAA,DH,25980,5.848,1.504,5.622,1.159,0.265,,,16.491,,,0.0,0.0,0.0,0.0,Balanced,0.0,-5.046552306220375,False,-1.0936241948651182,-0.8795115492243666,-1.060893704030453,-0.47099077961605673,-0.30896139547363016,,,,,
1300,7,68,1B 7,1B,Joey Meneses,ATH,1B,14366,4.358,1.021,4.916,0.064,0.291,,,9.245,,,0.0,0.0,0.0,0.0,Balanced,0.0,-4.058030180115178,False,-1.1476874952985512,-0.9333227992330044,-1.0867493475367334,-0.5840955179451388,-0.13179422423939355,,,,,
1301,7,64,C 7,C,Mickey Gasper,BOS,C,24759,4.484,0.781,4.185,0.192,0.308,,,7.651,,,0.0,0.0,0.0,0.0,Balanced,0.0,-4.152701367480535,False,-1.1430895270899024,-0.9600713419995026,-1.1135637748636757,-0.5708730478866275,-0.033717802920553465,,,,,
1302,7,65,C 7,C,Henry Davis,PIT,C,29617,28.775,7.256,27.108,3.5,0.293,,,72.174,,,0.0,0.0,0.0,0.0,Balanced,0.0,-1.6581990260365354,False,-0.2621238232001043,-0.23869734518067126,-0.273394267281136,-0.22918634873135116,-0.7230150157527355,,,,,
1303,7,152,OF 7,OF,Austin Slater,DET,OF,16153,9.843,2.282,8.541,0.786,0.311,,,24.711,,,0.0,0.0,0.0,0.0,Balanced,0.0,-3.593437013993016,False,-0.9487334326706983,-0.7928389178753124,-0.9539079433445988,-0.5094445300259164,-0.05292859665184927,,,,,
1304,7,66,C 7,C,Austin Barnes,NYM,C,12158,5.291,0.445,2.598,0.319,0.272,,,10.994,,,0.0,0.0,0.0,0.0,Balanced,0.0,-4.388821493791403,False,-1.1138221792061866,-0.9974331851564049,-1.1717160660292625,-0.5577351806649854,-0.22681199621790976,,,,,
1305,7,153,OF 7,OF,Jacob Young,WSN,OF,29931,33.958,2.219,23.346,15.605,0.306,,,57.934,,,0.0,0.0,0.0,0.0,Balanced,0.0,-0.4706787851927815,False,-0.07415041078941981,-0.7998418891302148,-0.41128907794088876,1.0211343019609675,-0.3634749038929614,,,,,
1306,7,71,2B 7,2B,James Triantos,CHC,2B,sa3017295,3.612,0.228,3.138,0.71,0.294,,,4.569,,,0.0,0.0,0.0,0.0,Balanced,0.0,-4.2729328978952115,False,-1.174718964178771,-1.0216411176863767,-1.1519169602280437,-0.5173569765174305,-0.06909290459909775,,,,,
1307,7,238,SP 7,SP,Hunter Dobbins,STL,SP,30240,43.081,9.637,,,,8.785,0.608,61.067,4.366,1.331,0.0,0.0,0.0,0.0,Balanced,0.0,-0.6944533187144663,False,,,,,,0.48332745411733863,-0.5425236357449464,0.1370342886830914,-0.515899515588412,-0.45126138165783947
1308,7,239,SP 7,SP,Michael Soroka,ARI,SP,18383,48.403,11.737,,,,8.988,2.618,95.87,4.204,1.261,0.0,0.0,0.0,0.0,Balanced,0.0,1.4480445384496272,False,,,,,,0.5131048343507065,-0.2825833569880433,0.9056004000826695,-0.1697269191595606,0.3645022035962934
1309,7,240,SP 7,SP,Brad Lord,WSN,SP,31972,51.444,11.832,,,,10.154,2.048,79.291,4.314,1.318,0.0,0.0,0.0,0.0,Balanced,0.0,0.2959972203875504,False,,,,,,0.6842777939538873,-0.356278960367589,0.5394928719330676,-0.480802095099988,-0.3743118303359894
1310,7,49,3B 7,3B,Max Schuemann,NYY,3B/SS,24488,8.37,0.91,5.252,1.369,0.302,,,15.642,,,0.0,0.0,0.0,0.0,Balanced,0.0,-3.661525278010325,False,-1.0021765622856436,-0.9456128689577632,-1.0744427561261094,-0.4493076230491619,-0.11133896345562325,,,,,
1311,7,67,C 7,C,Alex Jackson,MIN,C,17276,4.756,1.39,4.838,0.086,0.263,,,13.714,,,0.0,0.0,0.0,0.0,Balanced,0.0,-4.196697798471076,False,-1.1332552862044536,-0.8922240699036048,-1.0896194683699156,-0.5817960684077399,-0.2515814773679747,,,,,
1312,7,154,OF 7,OF,Jesse Winker,,OF/DH,13590,25.932,5.877,24.097,3.347,0.337,,,51.048,,,0.0,0.0,0.0,0.0,Balanced,0.0,-0.9502571130948061,False,-0.3652571422956598,-0.39227586925712316,-0.38376435893029065,-0.24491807633914311,0.535026005108839,,,,,
1313,7,40,DH 7,DH,Jon Berti,,DH,12037,16.425,1.733,10.925,7.99,0.301,,,30.172,,,0.0,0.0,0.0,0.0,Balanced,0.0,-3.519674752884829,False,-0.7100249698857989,-0.8539483646212818,-0.8665098135882041,0.2346098941047881,-0.24283510881393539,,,,,
1314,7,583,RP 7,RP,Janson Junk,MIA,RP,23301,43.939,10.697,,,,7.174,1.014,59.068,4.558,1.295,0.0,0.0,0.0,0.0,Balanced,0.0,-1.2735262067231836,False,,,,,,0.2468436155355392,-0.48996057084765765,0.09289671877292952,-0.9329899339659435,-0.06159027199266695
1315,7,241,SP 7,SP,Kyle Freeland,COL,SP,16256,97.972,26.049,,,,16.99,0.0,116.057,5.126,1.415,0.0,0.0,0.0,0.0,Balanced,0.0,-4.0334379969123235,False,,,,,,1.68783305432327,-0.6211034172977374,1.3513949352972734,-4.362679960937363,-2.6123807303226783
1316,7,69,1B 7,1B,Jake Bauers,MIL,1B,15194,36.006,11.45,37.341,8.342,0.309,,,92.218,,,0.0,0.0,0.0,0.0,Balanced,0.0,0.4751378513135397,False,0.00010325785222331761,0.22854321418794202,0.10163461058297202,0.27100429722921576,-0.2545554628633623,,,,,
1317,7,155,OF 7,OF,Drew Gilbert,SFG,OF,31545,15.81,3.557,15.102,1.936,0.295,,,30.945,,,0.0,0.0,0.0,0.0,Balanced,0.0,-3.174836893024014,False,-0.7323293589717667,-0.6507452220945635,-0.7134525844801365,-0.3907280858371654,-0.3623211216040071,,,,,
1318,7,156,OF 7,OF,Jhonkensy Noel,BAL,OF,24257,3.199,1.335,3.39,0.035,0.268,,,7.617,,,0.0,0.0,0.0,0.0,Balanced,0.0,-4.268679848580998,False,-1.1897129537394404,-0.898323539776432,-1.1426842678632505,-0.5870658511430386,-0.14004652291923866,,,,,
1319,7,157,OF 7,OF,Nathan Lukes,TOR,OF,18123,36.491,6.173,34.146,2.8,0.319,,,50.366,,,0.0,0.0,0.0,0.0,Balanced,0.0,-0.5167459178714403,False,0.017714658405306106,-0.3593064242495534,-0.015438904644129822,-0.30142359943279895,0.1212795607684877,,,,,
1320,7,158,OF 7,OF,Bryan De La Cruz,PHI,OF/DH,19600,3.826,0.867,5.09,0.259,0.277,,,12.513,,,0.0,0.0,0.0,0.0,Balanced,0.0,-4.423585570446846,False,-1.1669621141987598,-0.9504961212488248,-1.0803783463308583,-0.5639135323839487,-0.18742178389833947,,,,,
1321,7,72,2B 7,2B,Christopher Morel,MIA,2B/3B/DH,21897,41.001,13.737,42.244,6.767,0.299,,,106.201,,,0.0,0.0,0.0,0.0,Balanced,0.0,0.6973302499722784,False,0.1812620447194066,0.48329495406362466,0.28133327544177694,0.10827578610847442,-0.6645705383913236,,,,,
1322,7,73,2B 7,2B,Nacho Alvarez Jr.,ATL,2B/3B,31765,6.492,0.544,5.496,0.328,0.311,,,11.682,,,0.0,0.0,0.0,0.0,Balanced,0.0,-3.749909258796335,False,-1.0702938038811958,-0.9864326380577279,-1.0655127990196749,-0.5568355460548884,-0.02758974691708029,,,,,
1323,7,68,C 7,C,James McCann,ARI,C,12859,20.991,5.504,23.734,1.078,0.287,,,51.454,,,0.0,0.0,0.0,0.0,Balanced,0.0,-2.57892834535975,False,-0.5444502415393317,-0.43382579224834833,-0.39705392366163933,-0.4792981977205457,-0.6392072355567457,,,,,
1324,7,159,OF 7,OF,Masataka Yoshida,BOS,OF,31837,23.836,4.813,26.555,2.387,0.334,,,27.958,,,0.0,0.0,0.0,0.0,Balanced,0.0,-1.2811604838154653,False,-0.4412770284145168,-0.5107949747220922,-0.29368046165179656,-0.34408652431231085,0.42709886457439866,,,,,
1325,7,242,SP 7,SP,JP Sears,SDP,SP,23429,27.857,8.87,,,,5.643,0.647,45.207,4.463,1.235,0.0,0.0,0.0,0.0,Balanced,0.0,-0.8949125821222559,False,,,,,,0.02214213022493924,-0.5374831214563889,-0.21319987915659708,-0.46606135528232967,0.37042031907628964
1326,7,584,RP 7,RP,José Leclerc,,RP,14524,16.538,4.419,,,,1.855,1.273,34.787,4.166,1.325,0.0,0.0,0.0,0.0,Balanced,0.0,-1.6467782101340163,False,,,,,,-0.5339758424325557,-0.45643192324794885,-0.44329735423335836,-0.02402377822759699,-0.1521212837425228
1327,7,74,2B 7,2B,Jorge Mateo,ATL,2B,17273,20.982,3.485,14.511,13.353,0.269,,,45.779,,,0.0,0.0,0.0,0.0,Balanced,0.0,-2.2416800909607564,False,-0.5447657670434747,-0.6588043207356652,-0.7351021870361423,0.7885203977819368,-0.8813890385358379,,,,,
1328,7,75,2B 7,2B,Amed Rosario,NYY,2B/OF/DH,15518,27.426,4.732,26.089,4.905,0.296,,,45.872,,,0.0,0.0,0.0,0.0,Balanced,0.0,-1.6718050701418066,False,-0.31107379710145516,-0.5198689805876953,-0.31076337980204927,-0.08403531383865818,-0.5683683437779391,,,,,
1329,7,76,2B 7,2B,Zack Gelof,ATH,2B,29766,19.703,5.257,16.915,4.786,0.285,,,53.919,,,0.0,0.0,0.0,0.0,Balanced,0.0,-2.6954924270247895,False,-0.591144389422557,-0.46134414938601054,-0.6469717751414894,-0.09630174395290786,-0.568495376853213,,,,,
1330,7,70,1B 7,1B,Warming Bernabel,WSN,1B,26536,9.644,2.089,10.418,1.039,0.282,,,17.06,,,0.0,0.0,0.0,0.0,Balanced,0.0,-3.7389447012714685,False,-0.9559785510572085,-0.8143435876388156,-0.8851174032575525,-0.4833656616637854,-0.40191569779163,,,,,
1331,7,77,2B 7,2B,Sung-Mun Song,SDP,2B,sa3012529,27.476,5.278,25.692,5.498,0.294,,,44.342,,,0.0,0.0,0.0,0.0,Balanced,0.0,-1.7429014995510843,False,-0.3092604321351163,-0.4590781545510644,-0.32532106074879963,-0.02280025356976241,-0.6490198748982896,,,,,
1332,7,78,2B 7,2B,Dylan Moore,PHI,2B/3B/SS/OF,18042,21.481,5.518,17.321,8.86,0.293,,,48.937,,,0.0,0.0,0.0,0.0,Balanced,0.0,-1.2584987008361073,False,-0.5266575044896149,-0.43228504944759577,-0.6321135579818404,0.3244566401765494,-0.41830658404537024,,,,,
1333,7,160,OF 7,OF,Will Benson,CIN,OF,21853,28.394,8.545,27.423,5.699,0.3,,,70.081,,,0.0,0.0,0.0,0.0,Balanced,0.0,-1.0999747244236318,False,-0.27596342462320245,-0.09504842383965464,-0.2618456135391394,-0.0020208631151922723,-0.4190524824757871,,,,,
1334,7,161,OF 7,OF,Andrew McCutchen,TEX,OF,9847,21.57,5.585,20.416,1.098,0.321,,,46.306,,,0.0,0.0,0.0,0.0,Balanced,0.0,-1.9969000963811097,False,-0.5234587286889932,-0.4248375688814134,-0.5186831280671931,-0.4772396767355592,0.1151201515528085,,,,,
1335,7,43,SS 7,SS,Leo Rivas,SEA,SS,21009,18.408,2.331,12.746,6.397,0.324,,,38.721,,,0.0,0.0,0.0,0.0,Balanced,0.0,-2.1993745572969847,False,-0.6381069153208003,-0.7873243286752222,-0.7997761140216301,0.07006145625271411,0.13445447772818292,,,,,
1336,7,41,DH 7,DH,Braxton Fulford,COL,DH,29704,22.246,5.539,22.026,2.194,0.305,,,52.143,,,0.0,0.0,0.0,0.0,Balanced,0.0,-3.079261928299863,False,-0.49893115415429407,-0.42997672039252777,-0.45968273836910944,-0.36410468548141434,-0.241088529868507,,,,,
1337,7,50,3B 7,3B,Ramón Urías,STL,3B,18795,29.57,7.437,30.813,1.96,0.303,,,62.647,,,0.0,0.0,0.0,0.0,Balanced,0.0,-1.2611220194114845,False,-0.23329132023531673,-0.2184660441960979,-0.13762153549050934,-0.3882522831271741,-0.415006701318711,,,,,
1338,7,71,1B 7,1B,Connor Joe,SEA,1B/OF,16572,2.873,0.563,2.376,0.501,0.295,,,6.682,,,0.0,0.0,0.0,0.0,Balanced,0.0,-3.8760795625365922,False,-1.2015208610542525,-0.9842909721429293,-1.1798675610427738,-0.5389052395365886,-0.0666548914714837,,,,,
1339,7,42,DH 7,DH,Colby Thomas,ATH,DH,31855,31.198,10.366,31.954,4.352,0.289,,,80.139,,,0.0,0.0,0.0,0.0,Balanced,0.0,-2.0571531998069235,False,-0.17425178366125663,0.10773471866111736,-0.0957846956095536,-0.14119671291097258,-0.7920719388244126,,,,,
1340,7,43,DH 7,DH,Kyle Karros,COL,DH,33252,29.541,4.219,24.546,2.38,0.327,,,60.549,,,0.0,0.0,0.0,0.0,Balanced,0.0,-2.3814363158399496,False,-0.23434669864572594,-0.5769945544085086,-0.3672971735089036,-0.34482399745996783,0.32687118437454593,,,,,
1341,7,79,2B 7,2B,David Hamilton,MIL,2B/SS,27531,23.47,4.788,17.004,15.91,0.277,,,47.027,,,0.0,0.0,0.0,0.0,Balanced,0.0,-1.2640931569780538,False,-0.4545436065082518,-0.5136224550028659,-0.6437061926330417,1.052637006447715,-0.8284397834777918,,,,,
1342,7,80,2B 7,2B,Will Wagner,SDP,2B,29634,8.377,1.019,7.767,0.39,0.31,,,15.118,,,0.0,0.0,0.0,0.0,Balanced,0.0,-3.8695313983340838,False,-1.0019223285173628,-0.9335645499110691,-0.9822800278725404,-0.5503552848106309,-0.05271879913113375,,,,,
1343,7,162,OF 7,OF,Akil Baddoo,MIL,OF,22168,3.898,0.607,3.479,0.901,0.296,,,8.912,,,0.0,0.0,0.0,0.0,Balanced,0.0,-4.138681084264308,False,-1.1643766184297542,-0.9794411416045954,-1.1394289475669506,-0.49763700652161624,-0.07039215939923947,,,,,
1344,7,163,OF 7,OF,Esteury Ruiz,MIA,OF,21780,14.206,2.056,9.823,9.533,0.308,,,26.239,,,0.0,0.0,0.0,0.0,Balanced,0.0,-2.5143423276652768,False,-0.7904984803619842,-0.8179475666412989,-0.9069004145714791,0.3939598692787703,-0.10337016730473943,,,,,
1345,7,69,C 7,C,Tomás Nido,DET,C,13755,1.807,0.332,1.712,0.039,0.259,,,5.338,,,0.0,0.0,0.0,0.0,Balanced,0.0,-4.431423785418248,False,-1.2401836155015629,-1.010029063918623,-1.2042043971511858,-0.5866289757687186,-0.13553562529607152,,,,,
1346,7,585,RP 7,RP,Ben Brown,CHC,RP,23590,26.049,6.598,,,,4.557,2.526,64.031,3.757,1.192,0.0,0.0,0.0,0.0,Balanced,0.0,1.0764338308023986,False,,,,,,-0.13736738597683623,-0.2944722866612306,0.2025085874906356,0.6143618479628948,0.7407775875361828
1347,7,70,C 7,C,Jake Rogers,DET,C,19452,21.556,6.081,21.945,0.852,0.278,,,55.896,,,0.0,0.0,0.0,0.0,Balanced,0.0,-2.710449453477238,False,-0.523933830310174,-0.3695579898696,-0.4626441195888915,-0.5026674203465936,-0.8328357467305967,,,,,
1348,7,71,C 7,C,Connor Wong,BOS,C,19896,23.459,4.626,20.552,3.068,0.292,,,54.017,,,0.0,0.0,0.0,0.0,Balanced,0.0,-2.3784443494257816,False,-0.454935293340981,-0.5316412359568575,-0.5136912948724615,-0.27381380292016777,-0.5879860517993595,,,,,
1349,7,72,C 7,C,Luis Torrens,NYM,C,15905,21.484,4.689,23.394,1.078,0.29,,,49.778,,,0.0,0.0,0.0,0.0,Balanced,0.0,-2.603899092212618,False,-0.5265777164310961,-0.5246482912277735,-0.4095188463454002,-0.47936120312951913,-0.658439638985725,,,,,
1350,7,73,C 7,C,Gary Sánchez,MIL,C/DH,11442,18.574,7.174,23.401,0.307,0.295,,,44.927,,,0.0,0.0,0.0,0.0,Balanced,0.0,-2.4596498287797903,False,-0.6321191842019496,-0.24786827412918494,-0.4092769513447745,-0.5589749411959836,-0.39867314415093325,,,,,
1351,7,164,OF 7,OF,Kyle Isbel,KCR,OF,21614,50.783,7.293,39.664,8.278,0.288,,,86.93,,,0.0,0.0,0.0,0.0,Balanced,0.0,-0.4048448714879831,False,0.5360323934638708,-0.23452408232339095,0.18679264603054135,0.26430919786911405,-1.396491083124057,,,,,
1352,7,81,2B 7,2B,Sam Antonacci,CHW,2B,sa3025363,3.599,0.216,2.502,1.189,0.333,,,5.363,,,0.0,0.0,0.0,0.0,Balanced,0.0,-4.032301938946446,False,-1.1752176395445144,-1.0229251814261795,-1.1752268421065264,-0.4678529036740654,0.056011409534384445,,,,,
1353,7,243,SP 7,SP,Foster Griffin,WSN,SP,16432,63.417,15.715,,,,15.369,0.292,114.784,4.152,1.273,0.0,0.0,0.0,0.0,Balanced,0.0,2.7371334198054775,False,,,,,,1.449828343826574,-0.5832982670308652,1.3232830993560938,-0.04305117988269264,0.2712289057337639
1354,7,72,1B 7,1B,Nick Sogard,BOS,1B/2B/3B/SS,25483,9.536,0.839,7.749,1.297,0.311,,,20.13,,,0.0,0.0,0.0,0.0,Balanced,0.0,-3.074419895223517,False,-0.9598878032516417,-0.9536178243594456,-0.9829100543968976,-0.4567278010502371,-0.049152879099024833,,,,,
1355,7,44,SS 7,SS,Aidan Miller,PHI,SS,sa3022609,6.466,1.163,4.816,2.798,0.312,,,14.106,,,0.0,0.0,0.0,0.0,Balanced,0.0,-3.6794776925906225,False,-1.0712432817775708,-0.9175287929522613,-1.090423585993208,-0.3016477334286555,-0.02272903508596083,,,,,
1356,7,73,1B 7,1B,Carlos Santana,ARI,1B,2396,36.182,9.385,38.899,3.26,0.305,,,62.604,,,0.0,0.0,0.0,0.0,Balanced,0.0,-0.44608641273147853,False,0.006504436183399338,-0.0014797708444269175,0.15875115133678835,-0.2539732963468584,-0.43176843281879745,,,,,
1357,7,586,RP 7,RP,Andrew Kittredge,BAL,RP,12828,25.203,7.32,,,,3.625,21.343,55.73,3.724,1.18,0.0,0.0,0.0,0.0,SV+HLD Specialist,0.0,3.4153939373525946,False,,,,,,-0.27417686123261636,2.138715224572731,0.019196450689588175,0.651836135002596,0.8101616205820816
1358,7,165,OF 7,OF,Justyn-Henry Malloy,TBR,OF/DH,29606,16.304,3.441,15.647,1.002,0.333,,,39.54,,,0.0,0.0,0.0,0.0,Balanced,0.0,-2.4866050907118256,False,-0.7144205665642043,-0.663685010692351,-0.6934632612466075,-0.4872182874911811,0.27791777561199255,,,,,
1359,7,244,SP 7,SP,Adrian Houser,SFG,SP,12718,73.897,15.604,,,,16.624,0.005,101.513,4.358,1.373,0.0,0.0,0.0,0.0,Balanced,0.0,0.15943510979756703,False,,,,,,1.6341195577072822,-0.6203993422791625,1.0302177617477692,-0.8553981074920638,-1.5510843874483151
1360,7,82,2B 7,2B,Edmundo Sosa,PHI,2B/3B/SS,17022,28.874,7.431,28.835,2.971,0.293,,,55.977,,,0.0,0.0,0.0,0.0,Balanced,0.0,-1.3319740643449125,False,-0.2585587476762822,-0.2191690150618064,-0.21010940401136272,-0.28379861092913133,-0.6271358372024174,,,,,
1361,7,74,1B 7,1B,Abimelec Ortiz,WSN,1B,sa3016926,23.033,6.924,24.562,0.825,0.29,,,54.399,,,0.0,0.0,0.0,0.0,Balanced,0.0,-2.369022647780058,False,-0.4703742826643899,-0.2756851989245491,-0.36670343123464033,-0.5054766352863659,-0.6153883198979999,,,,,
1362,7,166,OF 7,OF,Wade Meckler,LAA,OF,31490,3.512,0.175,2.738,0.455,0.3,,,8.128,,,0.0,0.0,0.0,0.0,Balanced,0.0,-4.138414250170148,False,-1.1783489581683881,-1.0275089748127997,-1.1665893580463031,-0.5436470679309561,-0.0638405512661236,,,,,
1363,7,167,OF 7,OF,Johan Rojas,PHI,OF,24336,10.693,1.071,7.673,4.787,0.282,,,20.544,,,0.0,0.0,0.0,0.0,Balanced,0.0,-3.4878037125980774,False,-0.9179200098166821,-0.9277369102937616,-0.9857222670329604,-0.09621808103279558,-0.3645513156518474,,,,,
1364,7,74,C 7,C,Joey Bart,PIT,C,21524,31.63,7.646,32.501,1.287,0.322,,,84.805,,,0.0,0.0,0.0,0.0,Balanced,0.0,-0.7104169771513074,False,-0.15858431035208906,-0.1952869446209308,-0.07573306608798484,-0.45775034785161023,0.19425622010269086,,,,,
1365,7,75,1B 7,1B,Otto Kemp,PHI,1B,31792,27.553,6.787,26.664,3.904,0.308,,,64.891,,,0.0,0.0,0.0,0.0,Balanced,0.0,-1.3163421552837151,False,-0.30644608970735837,-0.2909812210896478,-0.28969652429300563,-0.18738897356855716,-0.21194071795710231,,,,,
1366,7,245,SP 7,SP,Taijuan Walker,PHI,SP,11836,68.373,18.585,,,,10.238,1.465,77.887,5.066,1.426,0.0,0.0,0.0,0.0,Balanced,0.0,-3.8111259620634894,False,,,,,,0.6965856994891146,-0.43168488602105987,0.5084793115278883,-2.8917278673311273,-2.0102694091418565
1367,7,587,RP 7,RP,Alexis Díaz,TEX,RP,21132,20.108,4.978,,,,1.77,4.158,34.431,4.775,1.386,0.0,0.0,0.0,0.0,Balanced,0.0,-2.2495721198483305,False,,,,,,-0.5465039514303648,-0.08336924955323453,-0.4511633683435298,-0.6188355312273457,-0.4442757644469348
1368,7,83,2B 7,2B,Davis Schneider,TOR,2B/OF,23565,39.651,13.546,38.625,4.142,0.322,,,92.817,,,0.0,0.0,0.0,0.0,Balanced,0.0,1.2061919681879236,False,0.13231569754798841,0.4620721410814593,0.1487088437350521,-0.16282306132223565,0.23043565353565243,,,,,
1369,7,588,RP 7,RP,Bobby Miller,LAD,RP,27483,12.129,2.966,,,,0.985,0.67,19.679,4.805,1.43,1.49,0.0,0.0,0.0,Balanced,0.0,-2.973675378402564,False,,,,,,-0.6617734865781146,-0.5344369594477807,-0.7769316264901837,-0.3884150859975382,-0.3878465578675871
1370,7,246,SP 7,SP,Michael McGreevy,STL,SP,29869,68.356,15.592,,,,17.76,0.329,93.497,4.133,1.269,0.0,0.0,0.0,0.0,Balanced,0.0,2.9621317313744084,False,,,,,,1.8009075323589223,-0.5786229249421766,0.8532015278743181,0.02626337759562344,0.37901686376961025
1371,7,589,RP 7,RP,Hunter Strickland,LAA,RP,7836,12.3,3.179,,,,0.914,1.034,16.707,4.836,1.421,0.0,0.0,0.0,0.0,Balanced,0.0,-2.9813864414935995,False,,,,,,-0.6721379541578204,-0.4873723960707524,-0.842560507270696,-0.40991324491861364,-0.36417007563443765
1372,7,590,RP 7,RP,Jack Dreyer,LAD,RP,30249,22.964,5.82,,,,2.461,11.798,48.008,3.874,1.236,0.0,0.0,0.0,0.0,Balanced,0.0,0.982085779404221,False,,,,,,-0.4450195156419248,0.9044758614049261,-0.1513450068304033,0.36562015016293664,0.3468986091420058
1373,7,168,OF 7,OF,Alek Thomas,ARI,OF,23792,46.186,9.136,41.74,7.482,0.287,,,94.03,,,0.0,0.0,0.0,0.0,Balanced,0.0,-0.34501948181599906,False,0.3692934848090139,-0.029219825608517148,0.2628796189546448,0.18209540216315825,-1.34366466992648,,,,,
1374,7,75,C 7,C,Pedro Pagés,STL,C,25782,31.31,8.872,35.589,0.976,0.276,,,87.353,,,0.0,0.0,0.0,0.0,Balanced,0.0,-2.0565485655885576,False,-0.17019709959652302,-0.05867107411227167,0.03742614821990039,-0.48985924700272754,-1.4815705469015115,,,,,
1375,7,84,2B 7,2B,Gavin Lux,TBR,2B,19955,50.47,6.649,43.037,3.019,0.329,,,98.441,,,0.0,0.0,0.0,0.0,Balanced,0.0,1.1514274160267146,False,0.5246916089643877,-0.3062638745536554,0.3103973262745389,-0.27880052610908634,0.6389009961135524,,,,,
1376,7,591,RP 7,RP,Gregory Soto,PIT,RP,19677,27.54,5.181,,,,2.516,21.423,63.461,3.84,1.304,0.0,0.0,0.0,0.0,SV+HLD Specialist,0.0,2.236548331382572,False,,,,,,-0.4370275979732966,2.149132459849442,0.18991015669374406,0.4971268783956226,-0.11659213807878464
1377,7,247,SP 7,SP,Brandon Sproat,MIL,SP,33850,40.181,8.952,,,,8.883,0.814,66.879,4.206,1.31,0.0,0.0,0.0,0.0,Balanced,0.0,0.09238919136322496,False,,,,,,0.4977992256782014,-0.5158969703088317,0.26538590915231774,-0.146888941671644,-0.21520206771937023
1378,7,51,3B 7,3B,Eric Wagaman,MIN,3B/OF,23395,12.467,2.865,12.206,1.066,0.294,,,23.159,,,0.0,0.0,0.0,0.0,Balanced,0.0,-3.102242066929289,False,-0.8535818208109798,-0.7278436353455218,-0.8195601930122037,-0.4805737990333697,-0.28439672847594577,,,,,
1379,7,248,SP 7,SP,Sean Burke,CHW,SP,29878,82.58,23.896,,,,15.1,0.0,133.954,4.786,1.397,0.2,0.0,0.0,0.0,Balanced,0.0,-1.480482514666813,False,,,,,,1.410395775770545,-0.6211034172977374,1.746616873898448,-2.580092827367865,-2.0202112588477963
1380,7,169,OF 7,OF,Stuart Fairchild,CLE,OF,20321,3.31,0.514,2.664,1.159,0.291,,,7.972,,,0.0,0.0,0.0,0.0,Balanced,0.0,-4.16814961597559,False,-1.1856756779783837,-0.9897371581557698,-1.1693004145911954,-0.4709856152382721,-0.0839497684345986,,,,,
1381,7,76,1B 7,1B,Romy Gonzalez,BOS,1B/2B/SS,21562,25.459,6.109,26.576,5.327,0.309,,,52.45,,,0.0,0.0,0.0,0.0,Balanced,0.0,-0.9905989545846032,False,-0.3823898144976292,-0.3664742761512465,-0.29291812589224864,-0.040407683188961985,-0.1694195426708265,,,,,
1382,7,45,SS 7,SS,Carson Williams,TBR,SS,30038,44.112,12.028,41.728,10.143,0.281,,,128.695,,,0.0,0.0,0.0,0.0,Balanced,0.0,-0.11811558388195438,False,0.29410411984474005,0.29290236935747976,0.26241781940799563,0.4570086590256571,-1.4857628791155695,,,,,
1383,7,170,OF 7,OF,Heston Kjerstad,BAL,OF/DH,31166,5.627,1.415,5.468,0.127,0.296,,,13.626,,,0.0,0.0,0.0,0.0,Balanced,0.0,-4.025196401831437,False,-1.1016632044338914,-0.8893999317981042,-1.066542685310218,-0.5775157804559921,-0.11284339002309854,,,,,
1384,7,249,SP 7,SP,Joe Boyle,TBR,SP,29608,38.169,8.541,,,,7.517,0.777,83.734,4.134,1.354,0.0,0.0,0.0,0.0,Balanced,0.0,-0.1467442350033783,False,,,,,,0.2972672724205579,-0.5205958468664923,0.6376126751175529,0.011683168194715833,-0.6521762183290304
1385,7,85,2B 7,2B,Casey Schmitt,SFG,2B/3B/SS/DH,27577,30.4,9.781,32.253,1.268,0.296,,,65.641,,,0.0,0.0,0.0,0.0,Balanced,0.0,-1.0151427523591736,False,-0.2031858350641592,0.04258903824405151,-0.08482611906605304,-0.4596477402497138,-0.6292519637346223,,,,,
1386,7,592,RP 7,RP,Mitch Spence,KCR,RP,27707,13.783,3.366,,,,1.332,1.402,20.304,4.513,1.361,0.0,0.0,0.0,0.0,Balanced,0.0,-2.4554830304464814,False,,,,,,-0.6107487520454716,-0.43979876273332563,-0.7631274563041416,-0.26350803944188644,-0.2375040457296308
1387,7,46,SS 7,SS,Leo De Vries,ATH,SS,sa3023363,3.892,1.045,3.572,0.202,0.302,,,7.386,,,0.0,0.0,0.0,0.0,Balanced,0.0,-4.137887936878744,False,-1.1645786272870042,-0.9305911279767174,-1.135999902679292,-0.569813110990093,-0.05002305743808229,,,,,
1388,7,77,1B 7,1B,Ryan Clifford,NYM,1B,sa3020126,5.866,1.364,6.024,0.196,0.303,,,14.329,,,0.0,0.0,0.0,0.0,Balanced,0.0,-4.0724548681833035,False,-1.092971383477236,-0.8951261920988038,-1.0461381089922814,-0.5704680573807503,-0.07154659857701968,,,,,
1389,7,593,RP 7,RP,Tyler Wells,BAL,RP,20000,35.462,11.552,,,,7.224,5.16,62.225,4.277,1.184,0.0,0.0,0.0,0.0,Balanced,0.0,1.222938853563755,False,,,,,,0.2542512600167843,0.046123217691252584,0.16260877195369647,-0.2633422891490764,0.9562500715834215
1390,7,76,C 7,C,Danny Jansen,TEX,C,16535,36.747,12.299,37.971,0.814,0.306,,,77.968,,,0.0,0.0,0.0,0.0,Balanced,0.0,-0.29255905122585,False,0.026999087032960997,0.32309335265494343,0.12472092283966406,-0.5066098030598876,-0.3900800620094214,,,,,
1391,7,594,RP 7,RP,Carlos Rodriguez,MIL,RP,30161,16.186,4.208,,,,2.126,0.591,28.293,4.377,1.336,0.0,0.0,0.0,0.0,Balanced,0.0,-2.1329735296401697,False,,,,,,-0.49416702006012886,-0.5446760051737057,-0.5867052588696676,-0.20281309104785789,-0.18679718829022454
1392,7,171,OF 7,OF,Drew Waters,KCR,OF,20505,4.089,0.448,2.856,0.503,0.283,,,10.279,,,0.0,0.0,0.0,0.0,Balanced,0.0,-4.309299508434642,False,-1.1574245398218042,-0.997148766040691,-1.1622499083381077,-0.5387512377910485,-0.12665414856299076,,,,,
1393,7,172,OF 7,OF,Rece Hinds,CIN,OF,27493,5.001,1.602,5.105,1.246,0.273,,,13.57,,,0.0,0.0,0.0,0.0,Balanced,0.0,-4.0547808879881675,False,-1.1243690725234068,-0.8685726095565512,-1.0798359151173338,-0.4619934006395303,-0.1898784664234586,,,,,
1394,7,86,2B 7,2B,Brooks Baldwin,CHW,2B,31394,39.519,11.593,39.883,7.164,0.293,,,86.367,,,0.0,0.0,0.0,0.0,Balanced,0.0,-0.1403923574440586,False,0.1275211605769886,0.24450767140759713,0.19480450165732804,0.14929230735021992,-0.9318488906077438,,,,,
1395,7,44,DH 7,DH,Alex Freeland,LAD,DH,31665,9.184,1.863,7.626,1.52,0.307,,,21.173,,,0.0,0.0,0.0,0.0,Balanced,0.0,-4.552576031860525,False,-0.9726495405387481,-0.8395480454292885,-0.9874206631434146,-0.4336554268592545,-0.07804269393867896,,,,,
1396,7,173,OF 7,OF,Kameron Misner,KCR,OF,26374,5.79,1.316,4.575,1.608,0.288,,,16.461,,,0.0,0.0,0.0,0.0,Balanced,0.0,-3.965808198293041,False,-1.0957291489180443,-0.9004747865936793,-1.099246889394821,-0.42459607534931143,-0.15889645474925929,,,,,
1397,7,47,SS 7,SS,Orlando Arcia,MIN,SS,13185,11.946,3.083,12.763,0.264,0.276,,,27.77,,,0.0,0.0,0.0,0.0,Balanced,0.0,-3.6691915300717897,False,-0.8724625768404999,-0.703618434909974,-0.7991567162169975,-0.5633600143729831,-0.5855597365071967,,,,,
1398,7,87,2B 7,2B,Thairo Estrada,BAL,2B,16426,15.742,2.198,14.558,1.272,0.282,,,24.796,,,0.0,0.0,0.0,0.0,Balanced,0.0,-3.9591120151582,False,-0.7348172957055837,-0.8022070351649202,-0.7333722712740913,-0.45929449680923945,-0.4947305981827145,,,,,
1399,7,174,OF 7,OF,Leody Taveras,BAL,OF,18900,10.714,2.247,9.356,3.697,0.282,,,20.012,,,0.0,0.0,0.0,0.0,Balanced,0.0,-3.3880804818458574,False,-0.9171547698008872,-0.7967682019376797,-0.9240383088582377,-0.20878085922839423,-0.3467573936111704,,,,,
1400,7,77,C 7,C,Dom Keegan,TBR,C,sa3020194,6.825,1.825,7.384,0.087,0.287,,,18.874,,,0.0,0.0,0.0,0.0,Balanced,0.0,-3.8813100211790768,False,-1.0582160678593926,-0.8436823162417199,-0.9963004087118403,-0.5817135416507402,-0.22537071259885602,,,,,
1401,7,175,OF 7,OF,Derek Hill,CHW,OF,16947,15.941,3.663,13.376,4.352,0.285,,,40.882,,,0.0,0.0,0.0,0.0,Balanced,0.0,-3.076513560791583,False,-0.727589222949757,-0.6389406590310978,-0.7766898017649381,-0.1411326746264422,-0.5052444336221434,,,,,
1402,7,78,C 7,C,Austin Hedges,CLE,C,12976,12.425,3.28,11.569,1.263,0.258,,,36.99,,,0.0,0.0,0.0,0.0,Balanced,0.0,-3.8725077849113116,False,-0.8551050473827045,-0.6815879295702196,-0.8429103907241241,-0.46019413141933635,-0.9253952290613012,,,,,
1403,7,48,SS 7,SS,Ryan Kreidler,MIN,SS,25867,8.742,1.46,6.826,2.752,0.28,,,28.967,,,0.0,0.0,0.0,0.0,Balanced,0.0,-3.69828426979456,False,-0.9886651799214526,-0.8843677298957188,-1.01676692481024,-0.306420651377287,-0.36927869898263277,,,,,
1404,7,52,3B 7,3B,Abraham Toro,KCR,3B,19844,3.897,0.813,3.79,0.398,0.294,,,7.003,,,0.0,0.0,0.0,0.0,Balanced,0.0,-4.234140762550096,False,-1.1644139737480608,-0.956429596416437,-1.128028362885943,-0.5495586278935611,-0.09413888983207304,,,,,
1405,7,45,DH 7,DH,George Valera,CLE,DH,22541,39.905,11.172,37.664,2.331,0.301,,,98.778,,,0.0,0.0,0.0,0.0,Balanced,0.0,-1.5444468652947183,False,0.14152396484705712,0.19761695233046644,0.11349479576516845,-0.3499119424534668,-0.60969377752534,,,,,
1406,7,79,C 7,C,Luke Maile,KCR,C,13355,9.711,1.864,9.073,1.378,0.292,,,27.77,,,0.0,0.0,0.0,0.0,Balanced,0.0,-3.655088954365772,False,-0.9535359484475501,-0.8393374883871033,-0.9343976455138243,-0.44838113367458443,-0.2636462712113797,,,,,
1407,7,80,C 7,C,César Salazar,HOU,C/DH,21587,10.86,2.018,10.176,0.709,0.292,,,23.526,,,0.0,0.0,0.0,0.0,Balanced,0.0,-3.659217158034436,False,-0.9118851312087064,-0.8222110682309444,-0.8939942167653646,-0.5174360947850922,-0.30814419179552394,,,,,
1408,7,88,2B 7,2B,Nick Loftin,KCR,2B,27630,14.262,2.368,13.15,1.889,0.309,,,21.606,,,0.0,0.0,0.0,0.0,Balanced,0.0,-2.9450236618032473,False,-0.7885001521690788,-0.7832401904918826,-0.7849655428469527,-0.3955268256747205,-0.09713124664372774,,,,,
1409,7,81,C 7,C,Christian Vázquez,HOU,C,9774,10.792,2.165,10.323,0.94,0.274,,,22.933,,,0.0,0.0,0.0,0.0,Balanced,0.0,-3.988254152335667,False,-0.9143259204533984,-0.8058477780954039,-0.8885918950847225,-0.4936166417037731,-0.5507063323844621,,,,,
1410,7,78,1B 7,1B,Ryan Mountcastle,BAL,1B,18373,20.796,5.75,22.288,1.121,0.304,,,45.644,,,0.0,0.0,0.0,0.0,Balanced,0.0,-2.3548734596320227,False,-0.5515078579883226,-0.40649014069226475,-0.4500582494048178,-0.4748692273323761,-0.2520795760972898,,,,,
1411,7,46,DH 7,DH,J.C. Escarra,NYY,DH,20084,14.865,2.826,14.624,1.319,0.296,,,28.438,,,0.0,0.0,0.0,0.0,Balanced,0.0,-4.1728705738455725,False,-0.7666055835655037,-0.7322430520629272,-0.7309606514193678,-0.45446786933164685,-0.33466079619112343,,,,,
1412,7,82,C 7,C,Kyle McCann,COL,C,25575,3.252,0.996,3.662,0.119,0.279,,,11.306,,,0.0,0.0,0.0,0.0,Balanced,0.0,-4.126047211929104,False,-1.1878034804298856,-0.9360763060344071,-1.13272699001931,-0.5783581937602345,-0.13920139990655137,,,,,
1413,7,83,C 7,C,Travis d'Arnaud,LAA,C,7739,21.862,7.186,24.608,0.263,0.277,,,63.398,,,0.0,0.0,0.0,0.0,Balanced,0.0,-2.679525170325368,False,-0.512850543635911,-0.24649575415049585,-0.36504315191216347,-0.5634597901517837,-0.9698090799976774,,,,,
1414,7,84,C 7,C,Tom Murphy,,C/DH,13499,7.288,2.332,7.301,0.381,0.291,,,18.199,,,0.0,0.0,0.0,0.0,Balanced,0.0,-3.773394381635448,False,-1.0414119773893238,-0.7872028963069777,-0.9993295938333129,-0.55133259166261,-0.1774571925620681,,,,,
1415,7,53,3B 7,3B,José Tena,WSN,3B,23691,22.224,3.699,20.426,6.225,0.298,,,55.58,,,0.0,0.0,0.0,0.0,Balanced,0.0,-1.9779956719347496,False,-0.4997181545496851,-0.6349601282812144,-0.5182982951116522,0.05225158302435383,-0.4406407030663406,,,,,
1416,7,89,2B 7,2B,Ryan Bliss,SEA,2B,29547,11.82,2.255,9.394,5.507,0.287,,,26.732,,,0.0,0.0,0.0,0.0,Balanced,0.0,-3.3399822926043905,False,-0.8770612703951354,-0.795777803998512,-0.9226496116500997,-0.021914046341905767,-0.3268020856637843,,,,,
1417,7,47,DH 7,DH,Tyler Austin,CHC,DH,11850,18.93,6.058,20.049,0.378,0.314,,,38.93,,,0.0,0.0,0.0,0.0,Balanced,0.0,-3.21893229284388,False,-0.6192080256416169,-0.3721938521014006,-0.5321376212080594,-0.5515801719336091,-0.03001237247064111,,,,,
1418,7,54,3B 7,3B,Ezequiel Duran,TEX,3B/OF,23733,28.167,5.046,24.432,7.883,0.28,,,64.279,,,0.0,0.0,0.0,0.0,Balanced,0.0,-1.7090093465505496,False,-0.28418159465065,-0.48487417736481975,-0.37146802973181436,0.22354779688993343,-1.0645600915390705,,,,,
1419,7,48,DH 7,DH,Tommy Troy,ARI,DH,sa3022561,5.966,0.839,5.112,1.283,0.305,,,11.506,,,0.0,0.0,0.0,0.0,Balanced,0.0,-4.902386136295416,False,-1.0893743927300064,-0.9535660206427176,-1.0795822918742535,-0.45812115017655275,-0.06905456994520932,,,,,
1420,7,176,OF 7,OF,Starling Marte,KCR,OF,9241,29.499,5.533,25.748,6.884,0.315,,,53.412,,,0.0,0.0,0.0,0.0,Balanced,0.0,-0.8590293876794765,False,-0.23586992521745048,-0.43066743661556933,-0.3232466278646454,0.1204131067781063,-0.033159021241524145,,,,,
1421,7,85,C 7,C,Mitch Garver,SEA,C/DH,15161,12.386,4.211,13.055,0.42,0.3,,,32.407,,,0.0,0.0,0.0,0.0,Balanced,0.0,-3.36503031393377,False,-0.8565303522462469,-0.5778991698490082,-0.7884620251287251,-0.5473275134030096,-0.20181393197177933,,,,,
1422,7,86,C 7,C,Brandon Valenzuela,TOR,C,sa3005729,2.171,0.374,2.093,0.069,0.268,,,6.211,,,0.0,0.0,0.0,0.0,Balanced,0.0,-4.377364993367298,False,-1.2269990015043064,-1.0053595994391769,-1.190225065160477,-0.5835165188941834,-0.12363575338370995,,,,,
1423,7,87,C 7,C,Reese McGuire,MIL,C,15674,7.582,1.418,7.94,0.287,0.269,,,14.704,,,0.0,0.0,0.0,0.0,Balanced,0.0,-4.215050591524668,False,-1.0307537434631706,-0.8890723986213714,-0.9759445779016057,-0.5610501947649925,-0.3377743441501233,,,,,
1424,7,49,DH 7,DH,Denzer Guzman,LAA,DH,28816,3.268,0.682,3.092,0.362,0.274,,,11.142,,,0.0,0.0,0.0,0.0,Balanced,0.0,-5.35053183284205,False,-1.187224291659637,-0.9710188599171847,-1.1536256185506457,-0.5533154028692726,-0.1672953007305112,,,,,
1425,7,177,OF 7,OF,Max Kepler,,OF,12144,15.469,4.628,15.568,0.777,0.307,,,27.396,,,0.0,0.0,0.0,0.0,Balanced,0.0,-2.836665797171591,False,-0.7446965080421977,-0.5314874958943095,-0.6963366806479803,-0.5104306163201293,-0.1377261485977384,,,,,
1426,7,50,DH 7,DH,Andrew Knizner,SEA,DH,19514,11.054,1.887,9.831,0.413,0.285,,,22.953,,,0.0,0.0,0.0,0.0,Balanced,0.0,-4.76974035749741,False,-0.9048347682195811,-0.8368553662178506,-0.9066156381843787,-0.5480457750653074,-0.3809818371742674,,,,,
1427,7,178,OF 7,OF,James Outman,MIN,OF,24770,24.554,6.534,21.225,4.191,0.288,,,70.928,,,0.0,0.0,0.0,0.0,Balanced,0.0,-1.9894328949208955,False,-0.41523710749789106,-0.3190989416595624,-0.48903633018746906,-0.15782394362663374,-0.6394095306870001,,,,,
1428,7,49,SS 7,SS,Daniel Schneemann,CLE,SS/OF,25180,22.197,5.154,19.691,3.731,0.293,,,55.807,,,0.0,0.0,0.0,0.0,Balanced,0.0,-2.099037750001345,False,-0.5007009983614408,-0.4728601713175929,-0.5452366019995212,-0.2053103973570673,-0.5377226091298195,,,,,
1429,7,51,DH 7,DH,Ben Williamson,TBR,DH,33197,26.064,2.396,22.062,4.654,0.304,,,51.893,,,0.0,0.0,0.0,0.0,Balanced,0.0,-3.008758296213591,False,-0.36046260532465985,-0.780164275182499,-0.4583339904868325,-0.10997804920238413,-0.321490805081397,,,,,
1430,7,179,OF 7,OF,Alex Call,LAD,OF,19296,21.054,3.86,17.579,2.53,0.331,,,32.675,,,0.0,0.0,0.0,0.0,Balanced,0.0,-1.9831870882008096,False,-0.5421726551416102,-0.6169970502484357,-0.6226430021997651,-0.3293856065103476,0.29704768941097537,,,,,
1431,7,88,C 7,C,Nick Fortes,TBR,C,21538,29.083,6.783,29.203,2.067,0.279,,,55.592,,,0.0,0.0,0.0,0.0,Balanced,0.0,-2.290099021167252,False,-0.25097162865712047,-0.2913421760191083,-0.19662192518859298,-0.3771715941522945,-1.2816365714201627,,,,,
1432,7,52,DH 7,DH,Sam Haggerty,TEX,DH,18054,27.518,3.267,18.35,11.241,0.308,,,48.878,,,0.0,0.0,0.0,0.0,Balanced,0.0,-2.2344810078923363,False,-0.3077190719137282,-0.6830785397418804,-0.5943779378842214,0.5703460938889627,-0.20060257651146918,,,,,
1433,7,53,DH 7,DH,Jeremiah Jackson,BAL,DH,22239,23.721,5.827,23.612,3.187,0.282,,,51.155,,,0.0,0.0,0.0,0.0,Balanced,0.0,-3.3552343962809426,False,-0.4454260074575001,-0.39783836296945657,-0.4015179859459148,-0.2615070906591973,-0.8049481633829997,,,,,
1434,7,89,C 7,C,Tyler Heineman,TOR,C/DH,13897,15.266,2.528,12.587,1.751,0.296,,,30.889,,,0.0,0.0,0.0,0.0,Balanced,0.0,-3.144102763832933,False,-0.7520769034551966,-0.7654041151194696,-0.8056035844912508,-0.40979186999165396,-0.3294091344446654,,,,,
1435,7,90,2B 7,2B,Vaughn Grissom,LAA,2B,26031,25.395,4.496,21.599,3.674,0.304,,,47.247,,,0.0,0.0,0.0,0.0,Balanced,0.0,-2.272841109684841,False,-0.3847290553042063,-0.5461596453418224,-0.4753142865156076,-0.21116576888937458,-0.3065269563253517,,,,,
1436,7,180,OF 7,OF,Dane Myers,CIN,OF,22054,26.683,5.771,24.652,8.568,0.301,,,60.247,,,0.0,0.0,0.0,0.0,Balanced,0.0,-1.1165062494219777,False,-0.33801677377131767,-0.4040759760868919,-0.3634085281200561,0.2943018382916118,-0.40365323713971124,,,,,
1437,7,54,DH 7,DH,Ryan Ritter,COL,DH,31500,26.361,4.527,22.67,3.828,0.311,,,59.867,,,0.0,0.0,0.0,0.0,Balanced,0.0,-2.7106590359835296,False,-0.3497020976144051,-0.5427205469861297,-0.4360796504292624,-0.19533488522811615,-0.12170841581683901,,,,,
1438,7,90,C 7,C,Jonah Heim,ATL,C,16930,14.346,3.913,15.592,0.412,0.279,,,28.303,,,0.0,0.0,0.0,0.0,Balanced,0.0,-3.5463403156792763,False,-0.7854210584562354,-0.6111137077099152,-0.6954570624638866,-0.5481338793503145,-0.5947322929217804,,,,,
1439,7,91,C 7,C,Jose Trevino,CIN,C,16725,24.802,5.917,25.115,0.872,0.28,,,39.774,,,0.0,0.0,0.0,0.0,Balanced,0.0,-2.6115287158722684,False,-0.4062210568852543,-0.38783857455329296,-0.34645755269741746,-0.500552504356198,-1.0169469910398663,,,,,
1440,7,55,3B 7,3B,Oswald Peraza,LAA,3B,22823,28.427,6.884,25.147,8.508,0.279,,,70.458,,,0.0,0.0,0.0,0.0,Balanced,0.0,-1.664863324140038,False,-0.2747593502855534,-0.2800924140509242,-0.3452700681488909,0.2881386698433356,-1.1186125965050169,,,,,
1441,7,92,C 7,C,Ben Rortvedt,NYM,C,20287,3.614,0.513,3.359,0.066,0.277,,,10.583,,,0.0,0.0,0.0,0.0,Balanced,0.0,-4.364341268779379,False,-1.1746685526327068,-0.9899025958317724,-1.1438226403964984,-0.5838815681022738,-0.17925571887469163,,,,,
1442,7,93,C 7,C,Austin Wynns,ATH,C,15271,15.401,4.402,17.589,0.696,0.28,,,42.13,,,0.0,0.0,0.0,0.0,Balanced,0.0,-3.16064905829308,False,-0.7471844447760145,-0.5566373648219937,-0.6222984850776617,-0.5187584853606457,-0.6125950864256782,,,,,
1443,7,91,2B 7,2B,Santiago Espinal,LAD,2B/3B,19997,12.423,1.305,10.682,1.392,0.299,,,16.741,,,0.0,0.0,0.0,0.0,Balanced,0.0,-3.2654464698309154,False,-0.8551739552514254,-0.9016423198223045,-0.8754122826263856,-0.4469123846326122,-0.23871976412851853,,,,,
1444,7,79,1B 7,1B,Ty France,SDP,1B,17982,18.545,3.872,18.239,0.207,0.315,,,32.09,,,0.0,0.0,0.0,0.0,Balanced,0.0,-2.7790436100453455,False,-0.6331382953130319,-0.6156880315999296,-0.598468162440257,-0.5693340633067832,-0.019916051174645642,,,,,
1445,7,80,1B 7,1B,Donovan Solano,,1B/3B/DH,8623,1.973,0.352,2.031,0.05,0.302,,,4.613,,,0.0,0.0,0.0,0.0,Balanced,0.0,-3.9273466101669126,False,-1.234167595889237,-1.0077899178917014,-1.1924926475375552,-0.5855338074869368,-0.032420391290986166,,,,,
1446,7,92,2B 7,2B,Michael Massey,KCR,2B,27684,28.322,7.522,30.413,2.165,0.283,,,50.996,,,0.0,0.0,0.0,0.0,Balanced,0.0,-2.0937050820481873,False,-0.278578296904663,-0.2090032319404279,-0.15228550363450435,-0.3670256575564479,-1.045683660571385,,,,,
1447,7,181,OF 7,OF,JJ Bleday,CIN,OF,26368,39.689,13.14,39.519,2.237,0.31,,,77.813,,,0.0,0.0,0.0,0.0,Balanced,0.0,0.22593929318233646,False,0.1336720945428098,0.41684136905647706,0.18146362586524067,-0.3596560904576628,-0.22034886288409586,,,,,
1448,7,93,2B 7,2B,Kevin Newman,KCR,2B/SS,17696,3.078,0.156,2.723,0.189,0.282,,,4.624,,,0.0,0.0,0.0,0.0,Balanced,0.0,-4.090113999830721,False,-1.1940907794411757,-1.0296337070395498,-1.1671193280022196,-0.5711829105537103,-0.09953439945258338,,,,,
1449,7,55,DH 7,DH,Christian Franklin,WSN,DH,sa3017510,2.592,0.23,1.721,0.226,0.311,,,5.313,,,0.0,0.0,0.0,0.0,Balanced,0.0,-5.276973349827258,False,-1.2117119721650766,-1.0214728948643133,-1.2038525498775483,-0.5673660222205849,-0.012356752188833215,,,,,
1450,7,94,2B 7,2B,Cavan Biggio,HOU,2B,19252,2.674,0.293,2.254,0.215,0.298,,,6.439,,,0.0,0.0,0.0,0.0,Balanced,0.0,-4.35455490673314,False,-1.2087641660757964,-1.0143631968123665,-1.1843301572967426,-0.5684647952380601,-0.043804416526474224,,,,,
1451,7,56,DH 7,DH,Dustin Harris,CHW,DH,25705,3.103,0.615,2.447,1.119,0.291,,,6.867,,,0.0,0.0,0.0,0.0,Balanced,0.0,-5.0569636016308905,False,-1.1931967905127707,-0.9785686110467143,-1.1772543620208624,-0.47508716407489093,-0.08019409058932452,,,,,
1452,7,182,OF 7,OF,Pavin Smith,ARI,OF,19892,46.024,12.124,46.736,2.51,0.326,,,101.693,,,0.0,0.0,0.0,0.0,Balanced,0.0,1.3715951046492931,False,0.3634508228874702,0.30368645490432283,0.44595748367067645,-0.3314038453486133,0.4339324236926923,,,,,
1453,7,95,2B 7,2B,Leo Jiménez,TOR,2B/SS,23782,13.658,2.883,11.788,1.02,0.309,,,28.443,,,0.0,0.0,0.0,0.0,Balanced,0.0,-2.97948856693465,False,-0.8103947207726541,-0.7258728659930047,-0.8348838747942692,-0.48536427586646924,-0.10294561854378517,,,,,
1454,7,57,DH 7,DH,Cody Freeman,TEX,DH,25629,18.159,3.942,17.959,2.168,0.283,,,27.314,,,0.0,0.0,0.0,0.0,Balanced,0.0,-4.013281658691104,False,-0.6471447263130332,-0.6079130178570143,-0.6087230444364826,-0.36676434004054137,-0.641334881303891,,,,,
1455,7,50,SS 7,SS,Jett Williams,MIL,SS,sa3020134,18.025,3.372,14.731,5.296,0.304,,,39.646,,,0.0,0.0,0.0,0.0,Balanced,0.0,-2.4645799234726646,False,-0.6520263048024173,-0.6713597591770827,-0.7270170298940144,-0.04368603020669763,-0.20524095211113277,,,,,
1456,7,58,DH 7,DH,Jacob Melton,TBR,DH,31661,16.821,3.513,14.625,7.877,0.278,,,40.925,,,0.0,0.0,0.0,0.0,Balanced,0.0,-3.65911930036908,False,-0.6956848797319914,-0.655658219745553,-0.730905675282862,0.22290328254240127,-0.6250911530177135,,,,,
1457,7,56,3B 7,3B,Luis Urías,ARI,3B,16622,12.132,3.027,12.051,1.056,0.31,,,22.274,,,0.0,0.0,0.0,0.0,Balanced,0.0,-3.2232036238497423,False,-0.8657204858956521,-0.7098437933847426,-0.8252447255269093,-0.48164282523480517,-0.0811265617185144,,,,,
1458,7,96,2B 7,2B,Brett Wisely,ATL,2B/SS,27735,5.05,0.907,4.465,1.0,0.284,,,11.347,,,0.0,0.0,0.0,0.0,Balanced,0.0,-3.8273702995739063,False,-1.122565499727886,-0.9460026780004119,-1.1032748076628167,-0.4873535941891406,-0.17248388578397808,,,,,
1459,7,183,OF 7,OF,Everson Pereira,CHW,OF,23695,27.348,8.117,25.755,4.417,0.291,,,70.007,,,0.0,0.0,0.0,0.0,Balanced,0.0,-1.733674003612735,False,-0.31390627317887637,-0.14279919602031466,-0.32300473286401965,-0.1344293122618851,-0.6221787235202562,,,,,
1460,7,97,2B 7,2B,Nick Yorke,PIT,2B/3B/OF,27504,16.874,2.706,15.454,3.315,0.301,,,35.12,,,0.0,0.0,0.0,0.0,Balanced,0.0,-2.451815075331755,False,-0.6937518326778742,-0.7455861298102968,-0.7005221971739594,-0.24827698765032025,-0.26453615853196877,,,,,
1461,7,59,DH 7,DH,Alejandro Osuna,TEX,DH,27915,8.266,1.143,6.511,2.086,0.317,,,15.01,,,0.0,0.0,0.0,0.0,Balanced,0.0,-4.516782940914501,False,-1.0059302277659647,-0.9196878381784784,-1.0283111804613163,-0.3751750457007245,0.009330374400723223,,,,,
1462,7,60,DH 7,DH,Nathan Church,STL,DH,31357,20.357,3.161,17.644,4.055,0.299,,,29.904,,,0.0,0.0,0.0,0.0,Balanced,0.0,-3.594997182364193,False,-0.5674255756628449,-0.694877532513225,-0.6202716981784793,-0.1717956512853956,-0.3449545436842186,,,,,
1463,7,57,3B 7,3B,Michael Helman,TEX,3B/OF,24605,10.992,2.341,9.634,2.503,0.265,,,23.244,,,0.0,0.0,0.0,0.0,Balanced,0.0,-3.4338982301043024,False,-0.9070724605880431,-0.7862514904126591,-0.91385819440766,-0.3321516472518397,-0.5687980027492152,,,,,
1464,7,61,DH 7,DH,CJ Kayfus,CLE,DH,33704,33.233,7.968,33.346,3.914,0.307,,,80.344,,,0.0,0.0,0.0,0.0,Balanced,0.0,-1.7140938773522645,False,-0.10045508299113098,-0.15937415725646453,-0.04479249646248958,-0.18644699106062557,-0.2803158823998807,,,,,
1465,7,51,SS 7,SS,Trey Sweeney,DET,SS,29575,8.482,1.401,6.552,0.971,0.279,,,19.248,,,0.0,0.0,0.0,0.0,Balanced,0.0,-4.12779835416712,False,-0.9981204275289367,-0.8909239637224927,-1.0267938390937545,-0.490387769425215,-0.2960664074238282,,,,,
1466,7,62,DH 7,DH,Daniel Susac,SFG,DH,sa3019997,8.247,2.122,9.177,1.011,0.275,,,25.64,,,0.0,0.0,0.0,0.0,Balanced,0.0,-4.775085580911441,False,-1.0066178557612004,-0.8106616245466342,-0.930577170534244,-0.4862556474721107,-0.40992013786101095,,,,,
1467,7,58,3B 7,3B,Brett Harris,ATH,3B,29788,13.578,2.837,12.069,1.629,0.301,,,26.645,,,0.0,0.0,0.0,0.0,Balanced,0.0,-3.2032156796138986,False,-0.8133106116385268,-0.7309763676345427,-0.824585011888839,-0.4224218723019474,-0.20246335160247483,,,,,
1468,7,63,DH 7,DH,Tyler Callihan,PIT,DH,27497,6.116,1.336,4.945,1.619,0.285,,,15.232,,,0.0,0.0,0.0,0.0,Balanced,0.0,-4.941045558773024,False,-1.0839245056601716,-0.8982021074081875,-1.0856872085794402,-0.42347437249447184,-0.19361166487079348,,,,,
1469,7,98,2B 7,2B,Jose Iglesias,,2B/3B,10231,15.963,1.778,14.943,1.977,0.304,,,27.086,,,0.0,0.0,0.0,0.0,Balanced,0.0,-2.7612872066682983,False,-0.7267949690945005,-0.8489852343412005,-0.7192470692678536,-0.3865139535648398,-0.20855377204049916,,,,,
1470,7,64,DH 7,DH,Tim Tawa,ARI,DH,29571,19.583,4.813,18.422,4.079,0.286,,,46.478,,,0.0,0.0,0.0,0.0,Balanced,0.0,-3.583178590457158,False,-0.5955037188016354,-0.5108295105332443,-0.5917500785592416,-0.16937872248214997,-0.6043278992501583,,,,,
1471,7,65,DH 7,DH,Christian Koss,SFG,DH,27653,12.884,1.956,10.946,2.225,0.287,,,26.469,,,0.0,0.0,0.0,0.0,Balanced,0.0,-4.721190064327148,False,-0.8384692371815119,-0.8291082039355421,-0.865736482601355,-0.3608872781215383,-0.3649430456147392,,,,,
1472,7,595,RP 7,RP,Zach Agnos,COL,RP,31552,34.643,8.943,,,,2.575,11.003,44.067,5.12,1.467,0.0,0.0,0.0,0.0,Balanced,0.0,-2.8337887536639927,False,,,,,,-0.42823267167778756,0.8016910078249946,-0.23836803266968626,-1.534347922136719,-1.3127420805665815
