Name,Team,G,PA,AB,H,1B,2B,3B,HR,R,RBI,BB,IBB,K,HBP,SF,SH,GDP,SB,CS,AVG,BB%,K%,BB/K,OBP,SLG,wOBA,OPS,ISO,Spd,BABIP,UBR,wSB,wRC,wRAA,wRC+,BsR,Fld,Off,Def,WAR,ADP,InterSD,InterSK,IntraSD,Vol,Skew,Dim,FPTS,FPTS/G,SPTS,SPTS/G,P10,P20,P30,P40,P50,P60,P70,P80,P90,TT10,TT20,TT30,TT40,TT50,TT60,TT70,TT80,TT90,NameASCII,PlayerId,MLBAMID,Pos,norm_name,Impact_AVG,Impact_OBP,R_Z,HR_Z,RBI_Z,SB_Z,Impact_OBP_Z,Total_Z,Rep_Level,Z_Above_Rep,Base_Value,Value,Target,Tier,Primary_Pos,Pos_Tier
Aaron Judge,NYY,144.946,637.138,511.871,148.508,76.2222,24.6921,1.00821,46.5852,107.507,111.948,113.929,10.08,157.016,6.08975,4.73416,0.514365,9.86611,8.80426,2.56624,0.290127,0.178813,0.24644,0.725586,0.421797,0.615334,0.432357,1.03713,0.325207,3.7005,0.325627,-0.958136,-0.51904,136.997,61.7145,181.714,-1.47718,0.79864,60.05706822872162,-6.203563928604126,7.7161,1.850000023841858,4.17744,0.755537,1.48197,4.17744,-0.755537,3.02404,1211.1,8.352413793,1211.1,8.352413793,,,,,,,,,,,,,,,,,,,Aaron Judge,15640,592450,OF/DH,Aaron Judge,23.03696465258941,67.4067816110237,2.593258680475963,4.142820909580461,2.836045018262725,0.3187024904488224,7.579237206509768,18.01970986309979,4.93721430821242,13.082495554887371,76.22,76.22,False,1,OF,OF 1
Bobby Witt Jr.,KCR,151.433,660.363,598.977,174.424,102.956,36.72,6.25772,28.49,100.241,92.0409,48.1526,5.74819,113.119,6.54715,5.99653,0.689998,6.16265,33.884,9.28405,0.291203,0.0729183,0.171298,0.42568,0.347329,0.516096,0.365227,0.863425,0.224893,6.99924,0.314944,1.31972,1.97198,105.999,27.9721,135.6,3.2917,4.97774,31.077025175094604,11.988534450531006,6.69278,3.0999999046325684,3.16688,0.257482,0.669219,3.16688,-0.257482,4.10771,984.5,6.519867549,984.5,6.519867549,,,,,,,,,,,,,,,,,,,Bobby Witt Jr.,25764,677951,SS,Bobby Witt Jr.,27.60170522130484,20.68798655715474,2.329740483567602,2.1269099097123307,2.10643472023892,2.909127532496248,2.3261629422775805,12.342888547513718,6.2323935944793165,6.110494953034402,36.13,36.13,True,2,SS,SS 2
Shohei Ohtani,LAD,148.386,659.827,558.89,158.223,79.6194,27.19,5.11473,46.2993,121.416,109.173,91.7757,10.0296,159.383,4.52467,3.69272,0.944318,7.36547,24.0106,7.02655,0.283103,0.139091,0.241552,0.575819,0.386296,0.598581,0.410764,0.984877,0.315478,6.47473,0.313601,0.415744,0.829473,130.308,52.3441,166.881,1.24522,0.0,53.40271079540253,-14.007638931274414,6.31539,1.2599999904632568,4.30732,-0.997778,0.964152,4.30732,0.997778,3.71446,1182.0,7.986486486,1182.0,7.986486486,,,,,,,,,,,,,,,,,,,Shohei Ohtani,19755,660271,SP,Shohei Ohtani,21.227430704921996,46.38267334899002,3.097700546812103,4.110969979230849,2.734339165726894,1.8893281801045942,5.215280646577592,17.572117866296153,4.8385671445016785,12.733550721794476,74.21,74.21,False,1,SP,SP 7
Juan Soto,NYM,154.598,677.695,543.893,148.661,84.1602,24.867,1.0055,38.6278,109.122,99.2712,124.62,8.88129,121.576,3.64906,4.24422,1.2884,12.579,21.434,5.39333,0.273327,0.183889,0.179396,1.02504,0.409413,0.535808,0.402017,0.945221,0.262481,4.60608,0.283638,-0.908541,0.734382,129.024,48.9492,160.873,-0.17416,-6.56797,48.583340018987656,-13.920023918151855,5.89314,4.599999904632568,1.00144,-0.40592,0.729247,1.00144,0.40592,4.02767,1148.1,7.407096774,1148.1,7.407096774,,,,,,,,,,,,,,,,,,,Juan Soto,20123,665742,OF,Juan Soto,15.340725518539639,63.30498336308506,2.651830368888708,3.2563200590592922,2.3714306934244433,1.6231974641027778,7.118029874675238,17.850889676009302,4.93721430821242,12.913675367796882,75.25,75.25,True,1,OF,OF 1
Gunnar Henderson,BAL,152.559,659.356,581.336,156.799,93.4652,32.8195,4.19767,26.3165,96.906,82.5412,67.2015,3.52165,140.013,5.88665,4.34911,0.582216,9.24177,23.9314,5.05798,0.269721,0.10192,0.212348,0.479968,0.348962,0.476425,0.354239,0.825387,0.206704,6.08521,0.311149,0.810741,1.63867,99.955,22.047,130.01,2.44941,-0.400245,25.77101254463196,6.662692606449127,5.64025,12.3100004196167,2.14217,1.11904,0.439322,2.14217,-1.11904,4.41424,911.7,5.958823529,911.7,5.958823529,,,,,,,,,,,,,,,,,,,Gunnar Henderson,26289,683002,SS,Gunnar Henderson,14.300523100658902,21.733167404063586,2.2087890403128014,1.8847693111992792,1.7582635175958066,1.8811478056936095,2.4436833663817246,10.779840640086702,6.2323935944793165,4.547447045607385,27.15,27.15,True,3,SS,SS 2
Julio Rodríguez,SEA,151.614,659.957,599.956,162.937,102.012,28.1473,2.9873,29.7899,94.3823,91.2708,47.2543,3.93081,145.655,8.86419,3.40173,0.480255,10.5369,28.0997,6.51966,0.271581,0.0716021,0.220703,0.324427,0.332165,0.477415,0.34634,0.809581,0.205834,6.04264,0.311154,-0.182009,1.93204,95.8137,17.8348,129.656,1.75004,4.61052,24.81745219230652,6.759247064590454,5.55468,9.550000190734863,2.09756,-1.08159,0.270813,2.09756,1.08159,4.63892,894.7,5.88618421,894.7,5.88618421,,,,,,,,,,,,,,,,,,,Julio Rodriguez,23697,677594,OF,Julio Rodriguez,15.87448229051819,10.667679358466543,2.1172612570018146,2.2717263642819727,2.0782099717568143,2.3116813240939704,1.1994768236729358,10.609519632258014,4.93721430821242,5.672305324045594,33.61,33.61,False,2,OF,OF 3
Cal Raleigh,SEA,150.13,624.588,538.991,123.773,61.0935,22.5578,0.297751,39.8235,86.2968,101.362,75.5167,8.65411,168.554,5.67394,3.89723,0.509339,5.72546,8.02471,2.29524,0.229638,0.120906,0.269864,0.448027,0.328425,0.494251,0.347875,0.822676,0.264613,3.34378,0.250961,-1.38248,-0.217179,91.4575,17.6576,130.714,-1.59966,3.25178,21.01016080379486,10.01312494277954,5.37351,17.950000762939453,2.5769,1.1138,1.76869,2.5769,-1.1138,2.64175,853.7,5.691333333,853.7,5.691333333,,,,,,,,,,,,,,,,,,,Cal Raleigh,21534,663728,C,Cal Raleigh,-8.345515204402892,7.760008519021808,1.8240220082951601,3.3895280248481385,2.448060097562071,0.23818467640736635,0.8725375086085456,9.275530849542255,3.475655594645327,5.799875254896929,34.35,34.35,False,2,C,C 1
José Ramírez,CLE,150.578,648.708,574.71,157.014,93.5045,32.9517,2.89239,27.6659,91.7865,88.6309,63.7363,10.08,74.2129,4.47434,5.54601,0.241198,6.73427,33.1873,8.04209,0.273206,0.0982511,0.114401,0.858831,0.347319,0.485025,0.352522,0.832344,0.211818,6.01216,0.27039,-0.254642,2.34304,97.4367,20.7869,128.568,2.08839,0.462692,23.93061470985413,1.0615922212600708,4.8414,6.0,2.87142,-1.06995,0.555249,2.87142,1.06995,4.25967,924.5,6.122516556,924.5,6.122516556,,,,,,,,,,,,,,,,,,,Jose Ramirez,13510,608070,3B/DH,Jose Ramirez,16.1403917544265,20.316369263433433,2.023118601409367,2.035100354969011,1.9814556365822766,2.8371670924440604,2.284378190775747,11.669852631555202,4.432236963281538,7.237615668273664,42.61,42.61,True,2,3B,3B 1
Fernando Tatis Jr.,SDP,148.434,645.925,565.422,152.449,93.3581,28.1789,2.4446,28.4674,98.0398,80.8973,70.7144,3.4535,127.999,6.09434,3.0239,0.669995,10.511,25.6142,6.01932,0.26962,0.109478,0.198165,0.552458,0.355298,0.479145,0.359056,0.834443,0.209526,5.8585,0.300941,0.217123,1.55725,100.445,24.1241,131.36,1.77437,5.60178,25.715744018554688,-1.4610400199890137,4.7182,14.149999618530272,2.36237,-0.228491,0.471988,2.36237,0.228491,4.37068,905.6,6.118918918,905.6,6.118918918,,,,,,,,,,,,,,,,,,,Fernando Tatis Jr.,19709,665487,OF,Fernando Tatis Jr.,13.851940454535377,25.383046277632378,2.249908904289501,2.124392137673502,1.6980133370611563,2.054960104415901,2.8540767585101285,11.54627436225936,4.93721430821242,6.609060054046941,39.0,39.0,False,2,OF,OF 3
Ketel Marte,ARI,139.98,611.993,532.572,146.777,86.6072,29.4788,2.42866,28.262,88.0643,86.0661,67.1612,5.12233,99.4306,6.76339,4.90787,0.58839,11.4244,5.24288,1.63331,0.2756,0.109742,0.16247,0.675458,0.360974,0.499273,0.367059,0.860248,0.223674,4.10512,0.28921,-0.00133601,-0.646257,99.1451,26.8334,136.048,-0.647593,0.144701,25.499480307102203,0.2159163653850555,4.71421,32.25,3.23099,0.629526,0.885498,3.23099,-0.629526,3.81934,874.8,6.248571428,874.8,6.248571428,,,,,,,,,,,,,,,,,,,Ketel Marte,13613,606466,2B/DH,Ketel Marte,16.23194821840878,27.523285830854945,1.888124459855238,2.1015093776391884,1.8874537733087988,-0.04914374464958203,3.094725887053828,9.373558022516958,4.290443792376481,5.0831142301404775,30.23,30.23,False,3,2B,2B 1
Ronald Acuña Jr.,ATL,143.703,629.083,532.849,149.175,93.8421,24.952,1.99257,28.3884,105.639,77.2255,85.8224,3.62384,134.37,7.02797,2.52199,0.861714,10.3389,24.9063,6.78965,0.279958,0.136425,0.213597,0.6387,0.385255,0.494094,0.379374,0.879349,0.214136,5.55506,0.324162,1.21387,0.99223,108.204,33.8729,144.998,2.2061,-3.20072,35.75620675086975,-10.616680383682253,4.71346,5.440000057220459,3.31506,-0.569247,0.72967,3.31506,0.569247,4.02711,955.4,6.634722222,955.4,6.634722222,,,,,,,,,,,,,,,,,,,Ronald Acuna Jr.,18401,660670,OF,Ronald Acuna Jr.,18.562546680211724,43.56664220449819,2.5255113653335437,2.115591076121843,1.563439085046357,1.981842843739938,4.89864532421216,13.571993106123934,4.93721430821242,8.634778797911514,50.65,50.65,False,1,OF,OF 2
Kyle Tucker,LAD,142.693,620.06,527.67,141.888,82.2708,27.7487,2.13415,29.7348,94.2214,87.8255,84.46,6.05372,92.1442,3.21173,3.54575,1.17323,8.10493,22.9596,4.59801,0.268896,0.136213,0.148605,0.916607,0.370924,0.498626,0.371774,0.86955,0.22973,5.37201,0.273989,-0.501592,1.62701,102.826,29.5608,140.097,1.12542,0.0631518,30.510842442512512,-6.542994536459446,4.59929,13.210000038146973,1.80751,0.20039,0.276563,1.80751,-0.20039,4.63125,932.5,6.52097902,932.5,6.52097902,,,,,,,,,,,,,,,,,,,Kyle Tucker,18345,663656,OF,Kyle Tucker,12.545043368466244,34.055681664824434,2.111425848540136,2.2655879023642966,1.9519371163544,1.7807729590699326,3.8292302851153726,12.556686989360717,4.93721430821242,7.619472681148297,44.81,44.81,False,2,OF,OF 2
Francisco Lindor,NYM,141.995,626.227,553.988,143.017,89.1241,27.8055,1.24158,24.8462,91.9132,76.5745,55.95,1.27132,114.992,10.5678,4.81233,0.909191,7.90166,22.5957,5.42488,0.25816,0.0893446,0.183627,0.486555,0.335086,0.447383,0.338894,0.782469,0.189223,5.49321,0.282057,-0.401912,1.27845,87.1309,13.1373,117.51,0.876539,2.88592,13.836706638336182,8.988509178161621,4.50374,26.239999771118164,3.03786,1.24471,0.533327,3.03786,-1.24471,4.2889,799.4,5.629577464,799.4,5.629577464,,,,,,,,,,,,,,,,,,,Francisco Lindor,12916,596019,SS,Francisco Lindor,7.223123144979461,11.95166983582953,2.0277136682340697,1.7209693010802356,1.5395794418028161,1.743186617552793,1.3438490688127673,8.782969432772706,6.2323935944793165,2.5505758382933896,15.66,15.66,False,5,SS,SS 4
Corey Seager,TEX,124.044,531.925,463.728,126.684,75.583,24.0861,0.367705,26.6474,71.2985,76.3996,60.0177,9.56997,98.762,4.42344,3.55624,0.199709,9.91257,2.53031,0.577226,0.273187,0.112831,0.185669,0.6077,0.359444,0.499103,0.363497,0.858547,0.225916,2.69554,0.292613,-0.878995,-0.591538,84.6354,21.7844,136.349,-1.47053,0.240694,21.317654013633728,4.329169690608978,4.49713,95.48999786376952,2.54126,-0.609515,0.838261,2.54126,0.609515,3.88232,765.5,6.173387096,765.5,6.173387096,,,,,,,,,,,,,,,,,,,Corey Seager,13624,608369,SS,Corey Seager,13.01471683847153,23.108526109766377,1.2800741728023621,1.921633504458064,1.5331692242862336,-0.3293184695991463,2.5983290804392984,7.438261952051874,6.2323935944793165,1.205868357572557,7.93,7.93,True,6,SS,SS 6
Vladimir Guerrero Jr.,TOR,152.874,662.506,576.644,169.649,108.525,31.8706,0.473735,28.7796,93.782,95.292,74.8798,7.98242,90.5489,6.27367,4.47369,0.235243,15.1692,4.77856,2.07361,0.294201,0.113025,0.136676,0.826955,0.378701,0.500839,0.375735,0.87954,0.206639,2.97282,0.305052,-0.231155,-1.09297,111.995,33.715,143.977,-1.32412,-0.972885,33.01503908634186,-12.963320553302763,4.38451,18.3700008392334,3.14812,0.0285128,1.326,3.14812,-0.0285128,3.23199,987.3,6.452941176,987.3,6.452941176,,,,,,,,,,,,,,,,,,,Vladimir Guerrero Jr.,19611,665489,1B/DH,Vladimir Guerrero Jr.,28.30134778499297,41.53926112960989,2.09548999721595,2.1591730416789194,2.225589998501711,-0.09710222250953841,4.670686034251724,11.612332646269454,5.94346703347981,5.668865612789644,33.59,33.59,True,2,1B,1B 1
William Contreras,MIL,143.873,599.615,522.72,139.101,91.746,27.1916,0.879851,19.2832,76.4496,76.4054,68.659,3.24722,115.548,3.79035,4.08475,0.361499,13.8713,5.74772,2.03111,0.266109,0.114505,0.192703,0.594204,0.353022,0.432166,0.341691,0.785188,0.166056,3.26695,0.305677,-0.449464,-0.744758,84.7898,13.9406,120.409,-1.19422,1.80004,13.309672236442566,8.933224320411682,4.3168,55.25,2.04434,-0.410088,0.57929,2.04434,0.410088,4.22761,742.8,5.158333333,742.8,5.158333333,,,,,,,,,,,,,,,,,,,William Contreras,20503,661388,C/DH,William Contreras,10.970539394803316,22.198469035883484,1.4668906583645227,1.1012185996640367,1.5333817986807226,0.0029999449671054487,2.4960020108245016,7.087671089242524,3.475655594645327,3.612015494597197,21.77,21.77,False,4,C,C 2
Corbin Carroll,ARI,138.111,602.771,524.437,134.904,73.0605,26.3261,10.0393,25.478,96.3026,76.9197,63.521,2.56941,127.318,8.10857,4.59457,2.10979,6.08306,31.635,6.70909,0.257236,0.105382,0.211221,0.498915,0.343844,0.491466,0.356546,0.835309,0.23423,8.14474,0.290844,2.01052,2.64128,92.506,21.284,128.846,4.6518,3.03293,25.259772777557373,-3.1737282276153564,4.31149,14.649999618530272,1.90911,0.368918,0.902884,1.90911,-0.368918,3.79615,856.6,6.207246376,856.6,6.207246376,,,,,,,,,,,,,,,,,,,Corbin Carroll,25878,682998,OF,Corbin Carroll,6.353245278217317,16.783075716651762,2.186905351899024,1.7913555123250238,1.552231283350697,2.6768338197398696,1.8870936851035618,10.640633897072407,4.93721430821242,5.703419588859987,33.79,33.79,False,2,OF,OF 3
Will Smith,LAD,123.452,497.18,425.507,111.483,69.1575,21.1125,1.23009,19.9833,68.6396,68.2164,57.6933,2.6034,96.963,8.20333,5.5876,0.189096,7.01253,2.33801,1.07059,0.262002,0.116041,0.195026,0.595004,0.356908,0.458291,0.352231,0.815199,0.196289,3.36787,0.291265,-0.680435,-0.84522,74.5594,15.8137,126.672,-1.52566,1.81165,14.147441148757936,10.751083493232729,4.26901,97.87000274658205,2.99453,0.258394,0.540813,2.99453,-0.258394,4.27892,649.2,5.27804878,649.2,5.27804878,,,,,,,,,,,,,,,,,,,Will Smith,19197,669257,C,Will Smith,7.182732975717975,20.3382435184089,1.183643050622395,1.1792138299465245,1.2332487441164242,-0.3491806665591515,2.2868377380677605,5.819773307720326,3.475655594645327,2.3441177130749993,14.48,14.48,False,5,C,C 4
Trea Turner,PHI,143.304,627.251,577.423,163.245,112.214,29.1608,3.96109,17.9091,89.3287,71.0144,40.0735,0.556167,113.4,5.36732,3.44866,0.938474,10.4018,27.7249,5.10927,0.282713,0.0638874,0.180789,0.353381,0.333197,0.439981,0.334781,0.773178,0.157268,6.53387,0.323282,1.28788,2.41554,85.1791,11.0646,113.311,3.70342,0.557736,13.598933696746826,7.192198038101196,4.26233,26.3799991607666,2.63208,1.1616,1.02628,2.63208,-1.1616,3.63163,786.1,5.497202797,786.1,5.497202797,,,,,,,,,,,,,,,,,,,Trea Turner,16252,607208,SS,Trea Turner,21.706145222038103,10.78633594538301,1.9339808331240147,0.9481358315863805,1.3357975640786792,2.2729691482197647,1.2128186031921597,8.165437582133155,6.2323935944793165,1.9330439876538383,12.11,12.11,False,5,SS,SS 5
Mookie Betts,LAD,142.534,621.721,545.112,146.231,92.7556,29.8249,2.42981,21.2206,88.3814,80.6075,66.2654,1.89868,72.0362,4.25364,5.54244,0.548169,8.94703,9.05471,2.47491,0.268259,0.106584,0.115866,0.91989,0.348936,0.448674,0.345327,0.79761,0.180415,4.51901,0.273308,-0.305179,-0.267926,89.7516,16.2904,121.93,-0.573104,-1.86597,15.541410863399506,4.732830286026001,4.22714,58.369998931884766,2.02185,-0.126824,0.644132,2.02185,0.126824,4.14116,789.9,5.523776223,789.9,5.523776223,,,,,,,,,,,,,,,,,,,Mookie Betts,13611,605141,SS/OF,Mookie Betts,12.612480298354829,20.476507758112845,1.899624820471759,1.3170562787802949,1.687391947488225,0.34457085877244853,2.3023842075007788,8.328230915908376,4.93721430821242,3.3910166076959563,20.5,20.5,False,4,SS,SS 3
Junior Caminero,TBR,149.053,636.062,584.088,157.397,92.8684,26.8505,1.00653,36.6714,83.9444,103.341,43.2491,1.93227,124.261,3.81745,4.70146,0.206022,15.2299,6.01147,1.62475,0.269475,0.0679951,0.195359,0.348052,0.321556,0.507243,0.352091,0.828799,0.237768,3.57509,0.282163,-0.14742,-0.374117,95.3144,20.1588,126.576,-0.521537,-2.58535,19.457363545894623,-0.8662456274032593,4.10459,16.700000762939453,2.56768,-0.0896757,1.19494,2.56768,0.0896757,3.40675,873.8,5.86442953,873.8,5.86442953,,,,,,,,,,,,,,,,,,,Junior Caminero,28163,691406,3B,Junior Caminero,14.224535031293328,3.5334539538796452,1.73870681335885,3.0383656689369385,2.5205919469921287,0.030242037781465097,0.3973025418907408,8.26912854631825,4.432236963281538,3.836891583036712,23.06,23.06,False,4,3B,3B 4
Zach Neto,LAA,148.022,633.986,566.691,142.382,84.0162,30.3977,1.23457,26.7339,86.0974,75.2035,44.3571,3.3478,155.402,16.5175,3.56918,2.85098,7.80864,26.8472,8.15247,0.251252,0.0699654,0.245118,0.285435,0.32205,0.450776,0.332761,0.772825,0.199524,5.5987,0.297967,0.513626,1.09644,85.0538,10.1434,112.592,1.61007,0.42279,11.019384503364565,7.275662928819656,4.10435,29.88999938964844,1.28691,-0.32861,0.72525,1.28691,0.32861,4.033,786.6,5.314864864,786.6,5.314864864,,,,,,,,,,,,,,,,,,,Zach Neto,31347,687263,SS,Zach Neto,3.4740486498925667,3.835110435070082,1.8167903088094004,1.9312701098279184,1.4893312530364646,2.182313660586917,0.43122088024157323,8.439429460723344,6.2323935944793165,2.207035866244028,13.69,13.69,True,5,SS,SS 5
Elly De La Cruz,CIN,148.465,639.675,571.359,147.492,89.214,30.0376,5.48795,22.7522,92.2094,77.4201,61.1202,5.5238,171.41,3.43831,2.76122,0.996201,8.86111,40.6805,10.0908,0.258142,0.0955488,0.267963,0.356574,0.332014,0.449388,0.335315,0.781402,0.191246,7.30362,0.328298,1.14486,3.02505,87.1431,11.5606,110.406,4.16991,-0.609388,12.059414386749268,6.025340735912323,4.02773,8.550000190734863,1.4935,-0.316895,1.28242,1.4935,0.316895,3.29011,825.8,5.579729729,825.8,5.579729729,,,,,,,,,,,,,,,,,,,Elly De La Cruz,26668,682829,SS,Elly De La Cruz,7.4393289176983215,10.243246054723043,2.038456042294661,1.4876854670400557,1.5705713224890503,4.152789615488087,1.1517534253659545,10.962853920074368,6.2323935944793165,4.730460325595051,28.2,28.2,False,3,SS,SS 2
Geraldo Perdomo,ARI,150.211,647.509,548.566,144.102,100.084,27.6458,3.75218,12.6205,88.2458,64.7582,75.7624,1.01331,86.4252,7.57876,6.26693,9.33538,10.2104,20.5441,5.36734,0.262689,0.117006,0.133473,0.876624,0.356397,0.395785,0.332327,0.752182,0.133096,5.82977,0.288472,0.243807,0.706579,86.6396,10.1314,112.255,0.950387,0.204858,10.355588436126707,7.159079521894455,3.99607,76.66999816894531,3.06401,-0.104018,0.940176,3.06401,0.104018,3.74643,761.5,5.076666666,761.5,5.076666666,,,,,,,,,,,,,,,,,,,Geraldo Perdomo,22799,672695,SS,Geraldo Perdomo,9.636884295399605,26.156905439238532,1.894706974683048,0.3589548933318937,1.1065030939400593,1.5312818682904603,2.9410896971205163,8.20385495976504,6.2323935944793165,1.971461365285724,12.33,12.33,False,5,SS,SS 5
Yordan Alvarez,HOU,129.363,552.796,469.674,136.908,79.4217,27.3834,1.07002,29.0331,77.3778,84.0937,69.3299,9.828,93.2572,6.79252,6.48144,0.518489,7.76816,3.50266,1.22241,0.291496,0.125417,0.168701,0.743427,0.385731,0.539802,0.38946,0.925533,0.248306,3.02066,0.304848,-0.738972,-0.762037,99.609,34.2919,153.404,-1.50101,-1.94057,33.29329037666321,-13.718960285186768,3.94933,33.0099983215332,3.65889,0.340418,1.12052,3.65889,-0.340418,3.50598,886.6,6.872868217,886.6,6.872868217,,,,,,,,,,,,,,,,,,,Yordan Alvarez,19556,670541,OF/DH,Yordan Alvarez,21.78085503733205,38.54657766546885,1.5005539655996365,2.187414422733927,1.8151638188793662,-0.22888681481983783,4.334187876104758,10.015791401025949,4.93721430821242,5.0785770928135285,30.2,30.2,False,3,OF,OF 4
Jackson Merrill,SDP,142.781,606.787,555.691,149.67,92.6181,30.7153,4.10861,22.2277,77.7471,80.6677,39.8247,1.75247,118.716,3.57242,5.10973,2.58916,7.28637,7.88731,2.49293,0.26934,0.0656321,0.195647,0.335461,0.319543,0.459402,0.333447,0.778945,0.190062,4.82696,0.303537,0.882178,-0.329795,81.7424,10.0459,113.768,0.552383,4.27027,10.426650583744047,6.277827739715576,3.81019,70.19999694824219,1.33441,0.759755,0.565759,1.33441,-0.759755,4.24565,745.1,5.21048951,745.1,5.21048951,,,,,,,,,,,,,,,,,,,Jackson Merrill,29490,701538,OF,Jackson Merrill,13.457952938641682,2.149363135572399,1.5139474792410157,1.4292531026875845,1.6895983230999931,0.22399296625497567,0.24167498667176804,5.67300178078315,4.93721430821242,0.7357874725707303,5.23,5.23,False,6,OF,OF 6
Wyatt Langford,TEX,142.457,613.154,531.536,133.228,78.8542,27.824,2.13934,24.4105,84.208,74.3209,71.6504,2.84096,143.499,5.41772,4.00043,0.549511,7.27812,22.8583,5.41806,0.250647,0.116855,0.234034,0.49931,0.343282,0.448816,0.342809,0.792098,0.198169,5.65245,0.296,-0.0895311,1.34227,87.2612,14.8123,122.098,1.25274,1.03416,17.222143292427063,-2.120072841644287,3.70431,40.54999923706055,2.74421,-0.566386,0.580062,2.74421,0.566386,4.22658,791.7,5.575352112,791.7,5.575352112,,,,,,,,,,,,,,,,,,,Wyatt Langford,33333,694671,OF/DH,Wyatt Langford,2.936954776777512,16.727579152310554,1.7482668734613882,1.6724297755351991,1.4569832943164192,1.7703099296781044,1.8808536360278532,8.960971538820464,4.93721430821242,4.0237572306080445,24.13,24.13,False,4,OF,OF 4
Pete Crow-Armstrong,CHC,146.802,617.687,560.754,137.796,81.6349,28.1905,4.95097,23.0194,84.0959,78.2739,34.5857,1.81158,149.361,8.31931,5.79143,8.23659,4.12549,33.3768,7.67114,0.245733,0.0559923,0.241808,0.231557,0.296498,0.436816,0.313909,0.733314,0.191083,7.33166,0.291189,0.238844,2.72369,73.4128,0.428296,100.347,2.96254,9.03077,3.216115027666092,11.296244144439695,3.62366,32.29999923706055,2.64055,-0.473642,1.1107,2.64055,0.473642,3.51906,707.0,4.809523809,707.0,4.809523809,,,,,,,,,,,,,,,,,,,Pete Crow-Armstrong,27769,691718,OF,Pete Crow-Armstrong,0.3428510747296152,-12.046623759473771,1.7442013092068567,1.5174531081363005,1.6018637393881827,2.8567400842481216,-1.3545257143043332,6.739404378127537,4.93721430821242,1.8021900699151168,11.36,11.36,False,5,OF,OF 6
Jeremy Peña,HOU,137.316,591.689,540.844,147.735,102.19,27.2318,1.85825,16.4555,76.3546,65.3129,34.6,1.07734,105.443,10.7195,3.64199,1.88374,11.2291,17.139,4.25054,0.273156,0.0584767,0.178207,0.32814,0.327319,0.421656,0.325546,0.748975,0.148499,5.34586,0.310656,0.274357,0.720439,75.9135,6.0008,109.376,0.994797,0.614714,7.533321976661682,6.971924662590027,3.56766,114.0,3.22982,0.543185,0.689256,3.22982,-0.543185,4.08099,687.0,5.01459854,687.0,5.01459854,,,,,,,,,,,,,,,,,,,Jeremy Pena,21636,665161,SS,Jeremy Pena,15.162242896885468,6.696856608630815,1.4634452649284788,0.7861962990358528,1.1268332692199243,1.1795774123959542,0.7529964131456884,5.63778527321677,6.2323935944793165,-0.5946083212625464,0.0,0.0,False,7,SS,SS 7
Shea Langeliers,ATH,128.383,526.058,478.499,121.309,66.1283,24.7114,1.25347,29.2155,69.4227,76.2065,39.0523,1.14074,119.194,3.76509,4.13279,0.608471,7.80949,5.4918,1.50763,0.253519,0.0742358,0.226579,0.327637,0.312354,0.493572,0.342801,0.805926,0.240053,3.80382,0.275545,-0.128052,-0.230733,74.8624,12.7046,120.194,-0.358785,-2.61891,12.196987241506577,4.645557880401611,3.54478,54.720001220703125,1.8063,0.625111,0.715599,1.8063,-0.625111,4.04587,683.3,5.33828125,683.3,5.33828125,,,,,,,,,,,,,,,,,,,Shea Langeliers,25816,669127,C,Shea Langeliers,4.018152690003814,-1.9184263861390394,1.2120439727251942,2.207734848392441,1.5260919629800465,-0.023433406286168253,-0.21570839456006705,5.1591999687910866,3.475655594645327,1.6835443741457596,10.68,10.68,False,5,C,C 5
Alex Bregman,CHC,148.673,641.229,562.384,142.694,90.96,27.8841,1.16865,22.6808,80.494,79.2825,65.632,1.75447,89.8254,7.98458,4.58533,0.643384,11.8481,2.28665,0.924016,0.25373,0.102353,0.140083,0.730662,0.337675,0.428457,0.33369,0.766132,0.174727,2.90148,0.264076,-0.586292,-0.995969,86.5091,10.7429,113.936,-1.58226,1.28917,8.979222297668457,3.5835100412368774,3.50571,118.13999938964844,1.82496,0.111749,0.745762,1.82496,-0.111749,4.00565,764.9,5.133557046,764.9,5.133557046,,,,,,,,,,,,,,,,,,,Alex Bregman,17678,608324,3B,Alex Bregman,4.841232522400435,13.898127942219235,1.613570123761739,1.479731089890835,1.6388296935747197,-0.3544855154196084,1.5627093577669686,6.471913251771131,4.432236963281538,2.039676288489593,12.73,12.73,False,5,3B,3B 6
Bryce Harper,PHI,140.064,606.447,522.806,142.277,83.7046,31.6493,0.579417,26.3438,82.2861,84.3293,74.4464,7.61016,129.29,4.59986,4.21852,0.376702,9.87491,9.35051,3.41481,0.272141,0.122758,0.213192,0.575811,0.365178,0.486063,0.363623,0.851241,0.213922,3.59677,0.31216,0.351169,-0.552509,96.5546,24.8983,133.068,-0.20134,0.784147,23.56662528216839,-10.11429649591446,3.44066,47.43000030517578,2.28148,-1.56236,0.567829,2.28148,1.56236,4.24289,860.8,6.148571428,860.8,6.148571428,,,,,,,,,,,,,,,,,,,Bryce Harper,11579,547180,1B,Bryce Harper,14.125910104135661,29.82336763132612,1.678564750885256,1.8878106906975107,1.8237987373865527,0.37512331774680896,3.3533477221793335,9.643717144074358,5.94346703347981,3.7002501105945482,22.27,22.27,False,4,1B,1B 2
Matt Chapman,SFG,145.544,613.655,532.643,126.732,73.4211,27.7157,2.05392,23.5408,81.3487,73.96,70.2107,1.15308,151.477,6.70955,3.89996,0.191887,8.07313,8.69499,2.63542,0.23793,0.114414,0.246845,0.463506,0.331971,0.430265,0.332022,0.762236,0.192335,4.39272,0.285432,-0.194697,-0.325146,81.958,9.44993,112.79,-0.519843,1.31278,8.756509006023407,3.558823347091675,3.38491,165.07000732421875,2.28354,-0.753634,0.733686,2.28354,0.753634,4.02175,736.1,5.041780821,736.1,5.041780821,,,,,,,,,,,,,,,,,,,Matt Chapman,16505,656305,3B,Matt Chapman,-3.8305496244215127,9.80019533034699,1.644567784496335,1.5755401143772507,1.4437560358731105,0.3074162592381113,1.1019366791231264,6.5098563104596225,4.432236963281538,2.077619347178085,12.95,12.95,True,5,3B,3B 6
Alejandro Kirk,TOR,122.179,483.739,427.53,114.157,79.0924,19.4959,0.245699,15.323,52.2644,63.259,47.1858,1.74574,60.3347,3.58874,5.21337,0.220404,12.214,0.926564,0.173367,0.267015,0.097544,0.124726,0.782068,0.341107,0.421288,0.331735,0.762395,0.154273,1.76984,0.276779,-1.37824,-0.731499,64.4939,7.33648,113.667,-2.10974,1.95066,5.682515621185303,10.496519565582275,3.35877,157.88999938964844,2.25094,0.541381,0.794068,2.25094,-0.541381,3.94124,561.4,4.601639344,561.4,4.601639344,,,,,,,,,,,,,,,,,,,Alejandro Kirk,22581,672386,C,Alejandro Kirk,9.360089936849297,12.144849854941025,0.5897587706865581,0.6600291824883342,1.0515562780403407,-0.4949654738935844,1.3655702837025856,3.475655594645327,3.475655594645327,0.0,0.0,0.0,False,7,C,C 7
Willy Adames,SFG,151.815,649.422,570.118,131.981,77.5709,26.5066,1.20853,26.6952,84.1301,84.1165,69.7702,1.81924,165.319,3.74894,5.5887,0.195708,7.72707,11.4943,3.43315,0.231498,0.107434,0.254564,0.422033,0.316531,0.422703,0.320713,0.739234,0.191205,4.33764,0.274402,-0.0770173,-0.0925112,80.7722,4.03796,105.021,-0.169528,-0.327082,3.684737965464592,6.701390624046326,3.31138,129.50999450683594,2.99175,0.0597013,1.10452,2.99175,-0.0597013,3.52731,741.5,4.878289473,741.5,4.878289473,,,,,,,,,,,,,,,,,,,Willy Adames,15986,642715,SS,Willy Adames,-7.767053404155336,0.344325924850606,1.7454416508438324,1.9269587037260298,1.8159994561542554,0.5965501467685952,0.038716102422058266,6.495464098687293,6.2323935944793165,0.2630705042079766,2.51,2.51,False,6,SS,SS 6
Maikel Garcia,KCR,150.099,640.537,577.446,154.743,106.706,31.5822,4.1078,12.347,83.0088,65.4866,53.1787,0.429308,95.2493,1.60078,5.24811,3.06352,11.2037,26.1169,6.81888,0.267979,0.0830221,0.148702,0.558311,0.328677,0.401046,0.318648,0.729722,0.133067,6.13198,0.29972,0.480437,1.36768,78.5931,2.90866,103.603,1.84812,3.49012,4.575596332550049,5.90398383140564,3.29018,66.16999816894531,2.84737,-0.671561,1.06646,2.84737,0.671561,3.57805,714.2,4.761333333,714.2,4.761333333,,,,,,,,,,,,,,,,,,,Maikel Garcia,22715,672580,2B/3B,Maikel Garcia,13.198920460487463,8.119577467282712,1.7047751281087171,0.32848539542836486,1.1331995058273023,2.106882758663403,0.9129675408075453,6.826371444456644,4.290443792376481,2.5359276520801632,15.58,15.58,False,5,2B,2B 3
Adley Rutschman,BAL,137.588,559.402,491.793,123.573,80.2566,25.4302,1.05502,16.8307,64.4611,64.4009,60.1186,1.81586,89.0892,2.89694,4.35033,0.243253,9.86184,0.859235,0.304402,0.251269,0.107469,0.159258,0.674814,0.333694,0.409938,0.324802,0.743632,0.158669,2.36151,0.27354,-0.344808,-0.88666,71.4329,5.33517,109.732,-1.23147,1.17868,5.185065865516663,7.109213709831238,3.22775,150.66000366210938,2.59344,-1.28817,0.421521,2.59344,1.28817,4.43797,631.3,4.574637681,631.3,4.574637681,,,,,,,,,,,,,,,,,,,Adley Rutschman,26288,668939,C/DH,Adley Rutschman,3.023253619723974,9.897613516883082,1.0321001403854577,0.8279957711141123,1.0934077782243643,-0.5019197217309228,1.1128904070172396,3.897749444930905,3.475655594645327,0.4220938502855782,3.43,3.43,False,6,C,C 6
Gabriel Moreno,ARI,109.134,425.397,378.636,104.372,73.1677,19.6545,1.13489,10.4151,51.227,52.1814,39.9874,1.99272,73.5996,3.26459,3.28065,0.228243,9.27414,4.13909,1.6303,0.275653,0.0940001,0.173014,0.543309,0.347213,0.416077,0.332765,0.76329,0.140424,3.50501,0.315396,0.240638,-0.595229,57.0715,6.80754,112.556,-0.354591,3.55201,5.975855231285095,11.09416365623474,3.19451,180.11000061035156,1.44299,0.489737,0.967883,1.44299,-0.489737,3.70949,492.1,4.514678899,492.1,4.514678899,,,,,,,,,,,,,,,,,,,Gabriel Moreno,22664,672515,C,Gabriel Moreno,11.56029127518983,13.277577802688942,0.5521350743649596,0.11326044844545016,0.6455538448688337,-0.16315151574934333,1.492934528089243,2.9603137396335035,3.475655594645327,-0.5153418550118234,0.0,0.0,False,7,C,C 7
Jacob Wilson,ATH,138.087,578.163,533.813,156.874,114.619,30.2081,1.38288,10.6634,71.6736,64.3762,31.6268,0.760443,51.1404,7.14907,3.07944,2.49403,15.8279,5.91435,1.87328,0.293873,0.0547022,0.0884533,0.618431,0.339865,0.415572,0.329414,0.755436,0.121698,3.87271,0.307753,-0.0572289,-0.591917,75.9934,7.67901,110.998,-0.649145,-1.69424,6.866328835487366,4.601796627044678,3.17533,191.75,2.46882,0.0819505,1.46844,2.46882,-0.0819505,3.04208,664.1,4.81231884,664.1,4.81231884,,,,,,,,,,,,,,,,,,,Jacob Wilson,33266,805779,SS,Jacob Wilson,26.024136875262442,13.797399583851352,1.2936780367798357,0.14092251911984194,1.0925025045099013,0.020210750372439055,1.5513834332346563,4.508007983420601,6.2323935944793165,-1.7243856110587155,0.0,0.0,False,7,SS,SS 7
Bo Bichette,NYM,139.215,607.859,561.793,160.458,111.328,30.1887,1.58932,17.3521,75.0527,76.8916,38.4593,1.20073,99.4683,3.49161,3.60864,0.506421,13.7129,5.60238,2.27449,0.285618,0.0632701,0.163637,0.386649,0.333265,0.437673,0.333559,0.770938,0.152055,3.56682,0.31902,0.250361,-0.81494,81.9425,10.1192,113.846,-0.564579,0.378685,9.382704019546509,0.9272082448005676,3.15967,95.11000061035156,2.29656,-0.983099,1.10224,2.29656,0.983099,3.53035,721.0,5.187050359,721.0,5.187050359,,,,,,,,,,,,,,,,,,,Bo Bichette,19612,666182,SS,Bo Bichette,22.75060013559339,10.49420157590178,1.416228867934948,0.8860827773550626,1.5512013970601537,-0.012011868377497518,1.179970933721017,5.501044442968044,6.2323935944793165,-0.7313491515112727,0.0,0.0,False,7,SS,SS 7
Byron Buxton,MIN,121.741,524.672,471.096,117.389,61.5397,24.7559,3.71426,27.3794,78.2877,72.7299,40.8547,2.53942,142.467,8.21258,3.94741,0.561563,3.95455,15.2393,2.41856,0.249183,0.0778672,0.271535,0.286766,0.317598,0.491857,0.343941,0.809455,0.242674,6.54543,0.294924,0.711975,1.344,75.1509,13.1568,120.714,2.05597,-1.81917,14.86512541770935,-2.194913685321808,3.14392,71.91000366210938,3.01627,3.58756,0.454914,3.01627,-3.58756,4.39345,703.2,5.763934426,703.2,5.763934426,,,,,,,,,,,,,,,,,,,Byron Buxton,14161,621439,OF,Byron Buxton,1.9133144015479475,0.8380080415805746,1.533553581257071,2.0031825811139434,1.3986719388625424,0.9833620428435786,0.09422585645393379,6.327955465110436,4.93721430821242,1.3907411568980157,9.0,9.0,True,5,OF,OF 6
Dansby Swanson,CHC,153.098,629.206,568.565,137.336,88.7425,24.699,1.97261,21.9217,78.2902,75.0452,52.6658,1.06267,159.358,3.2076,3.88348,0.884177,8.7286,15.8019,3.7272,0.241548,0.0837019,0.253269,0.330487,0.3075,0.407596,0.310902,0.715096,0.166048,5.07415,0.295049,0.461196,0.686341,73.2459,-1.09969,98.2819,1.14754,2.40525,-0.130129337310791,9.493101119995115,3.1367,149.36000061035156,3.25992,-0.453916,0.588287,3.25992,0.453916,4.21562,676.1,4.418954248,676.1,4.418954248,,,,,,,,,,,,,,,,,,,Dansby Swanson,18314,621020,SS,Dansby Swanson,-2.0318177201913934,-5.3487520584509705,1.533644249505388,1.395162914905209,1.483529438097213,1.0414716216771662,-0.6014151638887528,5.168150247266775,6.2323935944793165,-1.0642433472125417,0.0,1.0,True,6,SS,SS 6
Austin Riley,ATL,147.393,632.367,573.75,148.165,89.2079,28.7383,2.17655,28.0417,81.8828,86.3497,46.8477,1.01595,165.104,7.15489,4.40718,0.207619,9.62061,2.42866,0.876899,0.258239,0.0740831,0.261089,0.283746,0.319804,0.462538,0.336114,0.782342,0.204299,3.31354,0.311999,-0.0966639,-0.812096,86.5582,11.8392,115.363,-0.90876,-3.04438,10.605932474136353,-1.1489036083221436,3.12013,62.310001373291016,2.46383,-0.46518,0.914839,2.46383,0.46518,3.78021,776.5,5.282312925,776.5,5.282312925,,,,,,,,,,,,,,,,,,,Austin Riley,18360,663586,3B,Austin Riley,7.526114470019141,2.4050204923356353,1.6639381490667668,2.076966670552726,1.8978479281841723,-0.3398176496354673,0.27042117072309163,6.054534726572071,4.432236963281538,1.6222977632905335,10.33,10.33,False,5,3B,3B 6
Nick Kurtz,ATH,141.904,576.605,514.344,134.531,69.322,26.1323,1.65079,37.4256,93.5755,94.7282,54.4464,3.56652,177.228,3.56373,3.66544,0.584836,7.10729,3.09333,1.02055,0.261558,0.0944259,0.307366,0.30721,0.334261,0.537075,0.367731,0.871336,0.275517,3.84813,0.320103,0.038315,-0.616329,93.7268,25.5966,137.32,-0.578014,-2.69083,24.855449974536896,-13.88907504081726,3.1186,18.510000228881836,2.93583,0.567152,1.31139,2.93583,-0.567152,3.25149,853.5,6.01056338,853.5,6.01056338,,,,,,,,,,,,,,,,,,,Nick Kurtz,35110,701762,1B,Nick Kurtz,8.453969297599182,10.528924734540517,2.0880007999049712,3.1223879552946774,2.2049263013270437,-0.2711655099921671,1.183875215302074,8.792611327096127,5.94346703347981,2.849144293616317,17.38,17.38,False,4,1B,1B 3
Freddie Freeman,LAD,142.993,617.716,540.042,150.325,93.0417,33.2619,1.78103,22.2408,83.9038,84.0976,64.6499,7.59577,114.456,7.8666,4.91437,0.242672,10.3734,7.62912,2.15122,0.278359,0.10466,0.185289,0.564846,0.360893,0.470096,0.355828,0.830989,0.191737,4.16872,0.313733,-0.759038,-0.397953,94.4395,21.4516,129.143,-1.15699,0.137741,20.119914293289185,-10.943134844303133,3.07786,66.66999816894531,2.52306,0.170435,0.791198,2.52306,-0.170435,3.94507,842.5,5.891608391,842.5,5.891608391,,,,,,,,,,,,,,,,,,,Freddie Freeman,5361,518692,1B,Freddie Freeman,17.949597825391,27.73063247943255,1.737234361006183,1.430712519223366,1.8153067568342816,0.19732515225027608,3.1180400016871768,8.801163615414142,5.94346703347981,2.8576965819343316,17.43,17.43,False,4,1B,1B 3
Jazz Chisholm Jr.,NYY,139.695,584.205,518.431,123.602,74.3534,19.0106,2.37499,27.863,79.6306,76.5453,56.0613,1.97576,155.344,4.93117,3.71566,1.06501,6.2406,32.3411,7.92869,0.238415,0.0959619,0.265906,0.360886,0.316553,0.445481,0.328482,0.762034,0.207066,6.23546,0.282465,0.059014,2.34082,76.3457,7.31746,110.358,2.39983,-1.73354,9.55204701423645,0.2217041254043579,3.0229,19.81999969482422,1.5924,0.557807,1.19885,1.5924,-0.557807,3.40153,727.5,5.196428571,727.5,5.196428571,,,,,,,,,,,,,,,,,,,Jazz Chisholm Jr.,20454,665862,3B/OF,Jazz Chisholm Jr.,-3.4769037242936984,0.32260014239824886,1.5822569375229998,2.0570584465111885,1.5385092396788353,2.7497651628155815,0.0362732494216932,8.693668850801231,4.432236963281538,4.261431887519693,25.5,25.5,False,3,3B,3B 3
Roman Anthony,BOS,140.417,609.279,524.829,139.428,87.3878,30.7179,2.52144,18.8009,85.2208,67.9228,74.8144,1.09117,153.203,4.99331,3.64609,0.996779,9.99412,10.9454,3.1599,0.265664,0.122792,0.25145,0.488334,0.360418,0.441271,0.349895,0.801688,0.175607,4.85007,0.338393,0.0721754,-0.201511,90.2151,18.224,121.378,-0.129335,1.18517,15.222016409039496,-6.760235905647278,3.01128,52.02000045776367,3.86094,1.03483,0.563899,3.86094,-1.03483,4.24813,791.5,5.653571428,791.5,5.653571428,,,,,,,,,,,,,,,,,,,Roman Anthony,31812,701350,OF,Roman Anthony,10.78125293926698,27.0624694321068,1.7849983942195478,1.0474875618619452,1.222488081664345,0.5398556074480186,3.042911563460746,7.937122852785115,4.93721430821242,2.999908544572695,18.25,18.25,False,4,OF,OF 5
Brendan Donovan,SEA,131.519,565.197,502.269,134.554,93.5418,27.1903,1.00529,12.8167,65.2664,57.7397,48.1859,1.98628,78.4577,9.44641,3.55749,1.73807,9.28837,4.86356,2.32509,0.267893,0.0852551,0.138815,0.614164,0.341083,0.402583,0.32603,0.743667,0.134691,3.39809,0.29366,-0.108973,-0.964344,72.7365,5.95416,115.665,-1.07332,-0.807404,9.362162232398989,0.6133298873901367,3.01092,269.3500061035156,2.64896,0.126136,0.72257,2.64896,-0.126136,4.03657,635.1,4.811363636,635.1,4.811363636,,,,,,,,,,,,,,,,,,,Brendan Donovan,24679,680977,2B/OF,Brendan Donovan,11.437373751694192,14.176386265124624,1.0613061965333113,0.3808127196158877,0.8492697512291633,-0.08832278027552676,1.5939968007152998,4.418064053296507,4.290443792376481,0.12762026092002632,1.73,1.73,False,6,2B,2B 6
Rafael Devers,SFG,149.931,649.657,556.918,140.879,80.9969,28.4319,1.05453,30.3953,88.1606,90.9161,82.2164,9.88652,159.828,5.94327,4.04145,0.537967,11.3356,2.12967,0.876566,0.252961,0.126554,0.246019,0.514407,0.352845,0.471534,0.351943,0.824379,0.218573,2.77348,0.298011,-0.539571,-0.984485,97.2735,20.5115,126.474,-1.52406,0.713229,18.803731441497803,-11.894368529319763,2.95648,59.06999969482422,1.4419,0.16836,1.13577,1.4419,-0.16836,3.48564,866.5,5.776666666,866.5,5.776666666,,,,,,,,,,,,,,,,,,,Rafael Devers,17350,646240,3B,Rafael Devers,4.3659090067435615,23.936094820712007,1.8916170007804067,2.3391714612867127,2.0652099480110633,-0.37069959591249246,2.6913811356633186,9.244822779670052,4.432236963281538,4.8125858163885145,28.67,28.67,False,3,3B,3B 3
Riley Greene,DET,148.143,629.286,564.661,145.125,86.9391,27.2461,3.01655,27.9228,81.9717,88.4703,55.8958,1.88423,176.21,4.56077,3.9812,0.187212,9.41178,3.77068,1.22723,0.257012,0.0888242,0.280016,0.317211,0.326787,0.4643,0.339816,0.791087,0.207288,4.04741,0.321533,-0.124132,-0.709055,88.0277,13.6727,118.38,-0.833187,1.6712,12.798687040805817,-5.580606460571289,2.95449,78.01000213623047,2.58917,1.03322,0.88722,2.58917,-1.03322,3.81704,793.4,5.36081081,793.4,5.36081081,,,,,,,,,,,,,,,,,,,Riley Greene,25976,682985,OF/DH,Riley Greene,6.714051275885376,6.787606959842267,1.667162311976917,2.0637205158882668,1.975569524900383,-0.2012036841426637,0.7632004077878711,6.743048861387366,4.93721430821242,1.8058345531749458,11.38,11.38,False,5,OF,OF 6
Manny Machado,SDP,146.608,628.873,570.56,149.969,96.1453,26.9586,0.47816,26.3867,79.0927,88.1794,51.1892,3.81945,121.705,2.43806,4.47139,0.213868,12.2806,9.38786,2.62266,0.262845,0.0813984,0.193529,0.420601,0.323858,0.450511,0.332283,0.774369,0.187666,3.76826,0.28946,-0.543793,-0.159988,84.1237,9.81759,112.969,-0.703781,-1.52437,8.935926377773285,-1.8194787204265592,2.9057,37.599998474121094,2.35244,0.592621,0.570123,2.35244,-0.592621,4.23984,759.4,5.165986394,759.4,5.165986394,,,,,,,,,,,,,,,,,,,Manny Machado,11493,592518,3B/DH,Manny Machado,10.112269289436375,4.941183240728411,1.5627487572151262,1.892590001337589,1.9649078194940144,0.3789811079519894,0.5555880130640557,6.835735952583644,4.432236963281538,2.403498989302106,14.82,14.82,False,5,3B,3B 5
Brice Turang,MIL,148.719,633.146,566.171,145.601,102.602,25.0482,2.74184,15.2094,80.4347,67.0174,57.5875,1.13368,131.95,2.14878,4.06241,3.17612,8.22892,29.4715,6.26173,0.257169,0.0909546,0.208404,0.436435,0.325949,0.391686,0.314575,0.717635,0.134518,6.01489,0.308201,0.0387445,2.26579,75.5924,0.781334,101.834,2.30453,1.00222,3.680614829063415,3.4453253746032715,2.88428,50.900001525878906,2.16029,0.423873,1.02089,2.16029,-0.423873,3.63881,700.5,4.701342281,700.5,4.701342281,,,,,,,,,,,,,,,,,,,Brice Turang,22186,668930,2B,Brice Turang,6.820894643255254,6.29866535799106,1.6114194729116613,0.6473734787887332,1.1893044856694108,2.453371192995349,0.7082236785628238,7.049732804410472,4.290443792376481,2.7592890120339915,16.86,16.86,False,4,2B,2B 3
Yainer Diaz,HOU,130.474,518.651,488.837,131.584,86.7187,23.7073,1.40406,19.7539,57.7211,67.6913,22.1556,1.09552,89.5569,2.95545,4.15811,0.545119,11.5242,1.14062,0.448006,0.269178,0.0427177,0.172673,0.247391,0.302438,0.444649,0.319857,0.747088,0.175472,2.52124,0.291464,0.086138,-0.686374,64.1467,2.86412,105.456,-0.600236,-0.75635,2.7352325320243835,7.476034224033356,2.87113,110.56999969482422,1.97586,-0.0780327,0.823933,1.97586,0.0780327,3.90142,590.4,4.541538461,590.4,4.541538461,,,,,,,,,,,,,,,,,,,Yainer Diaz,23003,673237,C/DH,Yainer Diaz,11.759663706277978,-7.034357881689351,0.7876585429229815,1.1536573296939854,1.214003431263608,-0.47285615287189503,-0.7909451498287512,2.2659046408904726,3.475655594645327,-1.2097509537548543,0.0,0.0,False,7,C,C 7
Pete Alonso,BAL,152.66,654.824,575.787,145.176,80.3506,27.8205,1.07808,35.9273,84.9243,102.555,59.8656,4.42669,150.126,12.7389,6.22452,0.208057,12.1217,1.96117,0.903922,0.252136,0.0914225,0.229262,0.398769,0.332685,0.491389,0.350935,0.824074,0.239253,2.68819,0.275911,-1.1765,-0.958474,97.5113,20.1388,127.734,-2.13498,-1.65768,19.269651651382446,-14.019906878471376,2.84303,24.579999923706055,2.66543,-0.979091,1.44951,2.66543,0.979091,3.06732,881.3,5.760130718,881.3,5.760130718,,,,,,,,,,,,,,,,,,,Pete Alonso,19251,624413,1B,Pete Alonso,4.038806574902259,10.92521698105159,1.7742451399691588,2.955468581587704,2.4917844514630616,-0.38810354904697436,1.22843442533439,8.589899337223233,5.94346703347981,2.646432303743423,16.22,16.22,False,5,1B,1B 4
Kyle Schwarber,PHI,149.975,656.579,548.173,126.062,63.953,19.8366,0.971448,41.3007,96.8802,104.283,97.0398,4.29379,184.39,7.20028,3.59917,0.56718,7.13496,6.33035,1.96852,0.229967,0.147796,0.280834,0.526275,0.351063,0.495726,0.362558,0.846789,0.265759,3.60846,0.259938,-1.31017,-0.62208,103.969,26.3888,132.338,-1.93225,-1.30749,23.232837796211243,-17.319581747055054,2.83997,24.06999969482422,2.56618,-1.17947,1.95731,2.56618,1.17947,2.39025,924.5,6.163333333,924.5,6.163333333,,,,,,,,,,,,,,,,,,,Kyle Schwarber,16478,656941,OF,Kyle Schwarber,-8.307336603060905,23.02110662048453,2.2078533439901706,3.554096735279921,2.555116960717806,0.06317837354124901,2.588499608835648,11.493518662628041,4.93721430821242,6.556304354415621,38.7,38.7,False,2,OF,OF 3
Matt Olson,ATL,153.677,665.028,575.871,142.403,81.856,30.1239,1.02745,29.3954,86.9167,92.6052,79.2182,3.7514,159.523,5.37287,4.33383,0.231472,11.0793,0.99614,0.268323,0.247282,0.11912,0.239875,0.496593,0.341449,0.456296,0.344192,0.797745,0.209014,2.45623,0.28881,-0.847543,-0.984719,95.3902,16.8121,120.897,-1.83226,2.79339,14.63852870464325,-9.064369678497314,2.83404,48.77000045776367,2.83932,-0.322846,1.23845,2.83932,0.322846,3.34873,838.4,5.444155844,838.4,5.444155844,,,,,,,,,,,,,,,,,,,Matt Olson,14344,621566,1B,Matt Olson,1.244117951412888,16.92376798725426,1.846504107147829,2.22777675944489,2.127116742792423,-0.4877791389186008,1.9029131630037555,8.091818818715423,5.94346703347981,2.1483517852356124,13.35,13.35,False,5,1B,1B 4
Steven Kwan,CLE,147.102,644.761,575.958,156.525,118.645,26.5394,2.75728,8.58391,80.2242,54.2207,57.5655,1.26935,58.9148,4.38575,4.07319,2.7783,9.32829,17.634,4.68858,0.271765,0.089282,0.0913747,0.977098,0.340315,0.37213,0.315073,0.712445,0.100364,5.06931,0.288648,0.704569,0.422891,77.24,1.05654,102.771,1.12746,1.93211,3.232926368713379,2.0993772745132446,2.81604,169.27999877929688,2.50398,-0.765106,1.19727,2.50398,0.765106,3.40364,689.4,4.689795918,689.4,4.689795918,,,,,,,,,,,,,,,,,,,Steven Kwan,24610,680757,OF,Steven Kwan,15.34548562115604,15.676850269565733,1.6037852064033744,-0.09074481614673581,0.7202957349864273,1.2307047524646102,1.7627093892366432,5.64760674544822,4.93721430821242,0.7103924372358001,5.08,5.08,False,6,OF,OF 6
Andy Pages,LAD,139.665,573.624,524.212,134.032,81.6377,28.1941,1.67619,22.5238,72.8131,75.8709,35.2287,0.645497,126.975,8.3039,4.98125,0.8978,7.10018,9.89054,3.58763,0.255682,0.0614144,0.221356,0.277446,0.310034,0.444762,0.324765,0.754796,0.18908,4.64256,0.293678,0.277224,-0.31316,73.2317,5.4536,107.805,-0.0359354,1.05811,5.255412075668573,2.8124427795410156,2.81173,133.72000122070312,2.2691,-1.98909,0.259223,2.2691,1.98909,4.65437,672.0,4.8,672.0,4.8,,,,,,,,,,,,,,,,,,,Andy Pages,24816,681624,OF,Andy Pages,5.535894087778093,-3.4226975805863114,1.3350046243626985,1.4622403726299427,1.5137919687058032,0.4309016964483773,-0.38484906458088725,4.759062311714291,4.93721430821242,-0.17815199649812907,0.0,0.0,False,7,OF,OF 7
Nico Hoerner,CHC,145.934,606.998,554.862,154.418,117.763,26.8991,2.92897,6.8273,74.2272,55.6276,38.4845,1.00772,56.7136,9.04467,3.916,0.690892,9.70065,26.0009,6.30719,0.2783,0.0634013,0.0934329,0.678576,0.333077,0.37425,0.311562,0.707327,0.0959499,5.94861,0.29802,0.54807,1.53273,70.9856,-0.735909,98.7349,2.0808,3.41563,1.17319256067276,5.762516260147095,2.81146,104.11000061035156,2.37248,0.849047,1.50593,2.37248,-0.849047,2.99209,642.2,4.398630136,642.2,4.398630136,,,,,,,,,,,,,,,,,,,Nico Hoerner,21479,663538,2B,Nico Hoerner,18.40943939605448,10.365221472545812,1.3862902123406935,-0.2864414330107857,0.7718596859531524,2.0949014022028694,1.1654683751521153,5.524965710506131,4.290443792376481,1.2345219181296505,8.1,8.1,False,6,2B,2B 5
Masyn Winn,STL,143.86,611.729,558.803,140.044,96.2352,28.4138,2.39327,13.0013,72.625,60.0825,41.0747,0.172967,110.92,5.0463,4.13929,2.66532,8.3056,13.5451,3.72486,0.250613,0.0671454,0.181322,0.37031,0.305657,0.379826,0.300053,0.685483,0.129212,5.00965,0.289376,0.59306,0.244981,65.8225,-6.45792,90.8287,0.838041,5.84614,-5.792907893657684,12.506317138671877,2.8051,325.6000061035156,3.25112,0.711082,0.490188,3.25112,-0.711082,4.34642,593.2,4.119444444,593.2,4.119444444,,,,,,,,,,,,,,,,,,,Masyn Winn,27479,691026,SS,Masyn Winn,3.0686168521788217,-6.32760018791275,1.3281827453593316,0.40137823812773926,0.9351351462997749,0.8083722659863724,-0.7114771188586652,3.0652166603574575,6.2323935944793165,-3.167176934121859,0.0,0.0,False,7,SS,SS 7
Gleyber Torres,DET,147.07,633.411,552.149,142.016,98.1428,25.9668,0.82135,17.0853,78.3415,68.0112,70.6188,0.306403,109.082,3.93604,5.47482,1.23207,10.3778,5.49071,2.44626,0.257206,0.11149,0.172214,0.647391,0.342579,0.40004,0.327098,0.742619,0.142833,3.18173,0.289556,-0.644031,-1.04172,82.0644,7.22204,109.619,-1.68575,-2.46101,5.495206952095032,-0.1914074420928955,2.77316,249.02000427246097,2.68135,-0.891154,0.503426,2.68135,0.891154,4.32877,713.0,4.850340136,713.0,4.850340136,,,,,,,,,,,,,,,,,,,Gleyber Torres,16997,650402,2B,Gleyber Torres,6.67239536144287,16.834926561962437,1.5355047619608515,0.8563596985957884,1.2257280086424236,-0.023545989721874945,1.8929238085210456,5.89108345008713,4.290443792376481,1.6006396577106496,10.2,10.2,False,5,2B,2B 4
Carlos Correa,HOU,129.191,545.354,489.768,129.219,88.4156,24.1034,0.794201,15.906,64.3357,62.7403,48.7416,1.78075,107.637,3.13101,3.51377,0.199152,12.4153,0.288413,0.152173,0.263838,0.0893761,0.19737,0.452835,0.332184,0.413725,0.324995,0.745909,0.149887,1.91127,0.306468,0.00894137,-0.919016,69.7244,5.2866,108.996,-0.910075,0.765927,4.872141718864441,3.153421103954315,2.74154,282.5799865722656,1.64632,-0.296492,0.667446,1.64632,0.296492,4.11007,614.1,4.760465116,614.1,4.760465116,,,,,,,,,,,,,,,,,,,Carlos Correa,14162,621043,SS,Carlos Correa,9.166699104770963,8.825574851790257,1.02755222104988,0.7249787886227301,1.0325455300366158,-0.5608785308474287,0.9923500823926947,3.645340694767546,6.2323935944793165,-2.5870528997117703,0.0,0.0,False,7,SS,SS 7
Xander Bogaerts,SDP,136.36,569.787,512.99,135.687,96.3244,25.1606,1.19048,13.0113,67.9574,58.5489,46.0046,1.60853,99.8409,4.43104,5.49012,0.870693,11.4438,16.7854,3.79036,0.264502,0.0807399,0.175225,0.460779,0.327153,0.394281,0.315158,0.721433,0.129779,4.87496,0.302433,0.280608,0.846609,68.2976,0.97287,101.205,1.12722,-1.02372,1.9389188885688784,5.2892268896102905,2.71253,239.1499938964844,2.68207,-0.245018,0.71634,2.68207,0.245018,4.04488,620.1,4.559558823,620.1,4.559558823,,,,,,,,,,,,,,,,,,,Xander Bogaerts,12161,593428,2B/SS,Xander Bogaerts,9.941956957320478,6.3543806699492285,1.158901499021668,0.4024922965519999,0.8789275443361887,1.1430549327024657,0.7144883236812103,4.857366823346763,4.290443792376481,0.5669230309702824,4.26,4.26,False,6,2B,2B 6
Brent Rooker,ATH,149.8,640.55,569.496,150.137,85.15,30.6219,1.75294,32.6125,86.4814,95.6349,60.5256,2.82943,162.731,6.40714,3.89934,0.221607,8.58996,6.36028,1.7858,0.263632,0.09449,0.254049,0.371936,0.338998,0.495355,0.356423,0.834353,0.231723,3.92178,0.31087,-0.423704,-0.444583,98.24,22.5541,129.552,-0.868287,-1.6189,21.504636108875275,-16.730290174484253,2.70651,43.650001525878906,1.79408,-0.406774,0.972727,1.79408,0.406774,3.70303,889.3,5.928666666,889.3,5.928666666,,,,,,,,,,,,,,,,,,,Brent Rooker,19627,667670,OF,Brent Rooker,10.54160493230155,14.730858807930376,1.8307169517508826,2.5861804951137835,2.2381575433069494,0.06626977008317808,1.656341847103543,9.000156148375908,4.93721430821242,4.062941840163488,24.36,24.36,True,3,OF,OF 4
Jackson Chourio,MIL,144.95,629.313,580.398,156.149,95.4488,33.6907,3.67585,23.3338,86.602,83.5333,39.0246,2.32183,127.514,3.73737,4.68918,1.46359,8.94011,23.6458,6.53549,0.269038,0.0620115,0.202624,0.306042,0.316814,0.460362,0.332273,0.777175,0.191324,6.1882,0.305857,0.86945,1.15568,84.1775,9.81935,113.958,2.02513,-0.430873,12.43562078475952,-7.141541749238968,2.68381,19.18000030517578,1.15714,0.110624,0.354737,1.15714,-0.110624,4.52702,786.2,5.422068965,786.2,5.422068965,,,,,,,,,,,,,,,,,,,Jackson Chourio,28806,694192,OF,Jackson Chourio,13.881037019290059,0.5117596383412301,1.8350907880496923,1.552479104995055,1.7946247342807788,1.85164887978733,0.057542395572133524,7.719046481796481,4.93721430821242,2.7818321735840605,16.99,16.99,False,4,OF,OF 5
CJ Abrams,WSN,140.507,613.68,556.141,137.977,86.8183,29.1876,4.14432,17.8269,80.924,64.0132,38.9058,1.63457,118.433,12.9569,3.85646,1.82033,6.84573,29.9933,7.0112,0.248097,0.0633975,0.192988,0.328505,0.310267,0.411647,0.313274,0.721914,0.16355,6.78499,0.283549,0.726254,2.22272,72.62,0.108917,100.208,2.94897,-3.23426,3.1001070737838745,2.306984186172486,2.64216,64.80999755859375,1.64953,0.487127,1.07715,1.64953,-0.487127,3.56379,686.3,4.867375886,686.3,4.867375886,,,,,,,,,,,,,,,,,,,CJ Abrams,25768,682928,SS,CJ Abrams,1.6547479605201219,-3.518716134561374,1.6291650624722533,0.938978271338958,1.0791982794754844,2.5072666395566117,-0.3956454174019222,6.2323935944793165,6.2323935944793165,0.0,0.0,0.0,False,7,SS,SS 7
Luke Keaschall,MIN,126.129,533.669,469.252,125.146,85.8164,26.6998,1.65895,10.9707,67.683,56.3498,49.156,0.978739,91.5299,10.4164,4.61177,0.233626,8.42261,24.1211,5.91975,0.266692,0.0921095,0.17151,0.537049,0.34628,0.400799,0.328606,0.747079,0.134107,5.67341,0.307449,-0.587185,1.44663,69.7954,6.73824,110.151,0.859447,-1.26059,7.244068324565888,0.2052482366561889,2.64144,122.61000061035156,1.98558,0.799524,1.08294,1.98558,-0.799524,3.55609,629.9,4.999206349,629.9,4.999206349,,,,,,,,,,,,,,,,,,,Luke Keaschall,33321,807712,2B,Luke Keaschall,10.121958427957157,16.15907234095899,1.1489497520864005,0.17515753449737184,0.798328863142838,1.9007414550088089,1.8169305725946432,6.2106848406677235,4.290443792376481,1.9202410482912429,12.04,12.04,False,5,2B,2B 4
Michael Harris II,ATL,138.507,572.071,536.423,142.328,92.6815,26.7505,3.183,19.7128,68.65,70.4895,25.0059,1.56689,111.207,4.40397,4.11156,2.12639,8.49755,18.0191,5.04243,0.265328,0.0437113,0.194394,0.224859,0.301324,0.43731,0.316457,0.738634,0.171982,5.53872,0.299343,0.573035,0.743202,69.1746,1.58009,101.897,1.31624,1.81625,2.6027660369873047,3.953694105148315,2.61811,99.83000183105467,2.88565,-1.10195,0.41778,2.88565,1.10195,4.44296,649.8,4.674820143,649.8,4.674820143,,,,,,,,,,,,,,,,,,,Michael Harris II,25931,671739,OF,Michael Harris II,10.83918352255744,-8.396169555878817,1.1840202305353937,1.1490785495702742,1.3165595813773976,1.2704807901624677,-0.9440676319083314,4.29852292429553,4.93721430821242,-0.63869138391689,0.0,0.0,False,7,OF,OF 7
J.T. Realmuto,PHI,120.826,473.693,431.855,109.086,71.6437,21.1228,2.45693,13.8628,54.6169,53.7343,31.0264,0.929087,114.288,7.28635,3.02619,0.499275,8.22815,6.52637,2.10825,0.2526,0.0654991,0.24127,0.271476,0.311498,0.409192,0.313118,0.72069,0.156592,4.81885,0.310447,-0.170167,-0.277853,55.9947,0.0242662,98.4707,-0.44802,1.92541,-1.3066150844097135,10.96156096458435,2.60025,214.4499969482422,2.31319,0.251256,0.408223,2.31319,-0.251256,4.4557,504.0,4.165289256,504.0,4.165289256,,,,,,,,,,,,,,,,,,,J.T. Realmuto,11739,592663,C,J.T. Realmuto,3.2295891137365835,-2.132943104082496,0.6750775923528007,0.49735437137779415,0.702468806455462,0.08342480020843679,-0.23982871378013662,1.9529647222896092,3.475655594645327,-1.5226908723557178,0.0,0.0,False,7,C,C 7
Kevin McGonigle,DET,100.226,413.242,364.479,92.6265,57.23,20.0914,2.5156,12.7895,52.2459,48.2345,41.3041,0.616891,59.77,2.25507,3.78328,1.42075,5.86642,8.85618,2.4213,0.254134,0.0999513,0.144637,0.691051,0.330691,0.42833,0.329421,0.759021,0.174196,5.26124,0.269991,-0.238213,0.118367,54.3189,5.49108,111.219,-0.119846,1.00271,5.344429895281792,5.479974269866943,2.56268,999.0,5.91329,-1.20476,0.597279,5.91329,1.20476,4.20363,494.6,4.946,494.6,4.946,,,,,,,,,,,,,,,,,,,Kevin McGonigle,sa3022895,805808,SS,Kevin McGonigle,3.284834490913922,6.070609143134904,0.5890878256490126,0.3777824807018987,0.5008969694188607,0.32406518034046816,0.682580974557343,2.2873365926068647,6.2323935944793165,-3.945057001872452,0.0,0.0,False,7,SS,SS 7
Michael Busch,CHC,141.285,590.432,518.592,129.21,71.9281,25.7098,2.54808,29.0236,78.7466,79.5289,59.9741,1.51361,148.115,7.85109,3.37078,0.643349,7.10982,3.66499,0.842294,0.249154,0.101577,0.250859,0.404915,0.334077,0.476456,0.348344,0.810533,0.227301,3.87893,0.290542,-0.730174,-0.524549,86.6805,16.9165,124.002,-1.25472,0.298558,15.494752287864683,-10.653745353221892,2.53978,105.9499969482422,1.51987,-0.215819,0.850404,1.51987,0.215819,3.86613,777.3,5.512765957,777.3,5.512765957,,,,,,,,,,,,,,,,,,,Michael Busch,26319,683737,1B,Michael Busch,2.0911760028517006,10.672769082623287,1.550196644918129,2.186356067230879,1.6478604402647479,-0.21212014590398948,1.2000491136677656,6.928387896138655,5.94346703347981,0.9849208626588446,6.66,6.66,False,6,1B,1B 6
James Wood,WSN,146.007,630.44,549.515,141.936,85.1438,30.6749,2.00476,24.1129,82.9415,80.5412,73.4829,4.77564,186.546,3.4712,3.39248,0.578362,9.43683,15.7159,5.68278,0.258294,0.116558,0.295899,0.393912,0.347521,0.453053,0.345321,0.800574,0.194759,4.88965,0.344263,0.413578,-0.222607,91.007,16.5157,122.161,0.19097,-1.9266,16.75003531575203,-13.290549874305723,2.49994,34.7599983215332,2.87454,0.295063,0.255707,2.87454,-0.295063,4.65906,813.7,5.573287671,813.7,5.573287671,,,,,,,,,,,,,,,,,,,James Wood,29518,695578,OF,James Wood,7.238437343287715,19.871597198872266,1.7023343388640255,1.6392753968292022,1.6849620022546663,1.0325888918874604,2.2343678965654257,8.736035443293744,4.93721430821242,3.798821135081324,22.84,22.84,False,4,OF,OF 4
J.P. Crawford,SEA,143.9,598.397,518.34,125.033,88.6661,24.2055,0.877895,11.2838,66.0384,54.9921,68.2413,0.764525,115.719,4.82494,3.26886,3.72126,10.2965,5.35524,1.27467,0.241219,0.11404,0.193382,0.589714,0.333122,0.356611,0.308242,0.689733,0.115393,3.30584,0.288261,-0.258532,-0.513608,68.3666,-2.33858,103.411,-0.772141,-4.53475,1.633834958076477,2.1272921562194824,2.49202,747.3800048828125,3.23327,0.545106,0.311932,3.23327,-0.545106,4.58409,586.4,4.072222222,586.4,4.072222222,,,,,,,,,,,,,,,,,,,J.P. Crawford,15491,641487,SS,J.P. Crawford,-2.022868064680228,10.2452769098189,1.0893045516135829,0.2100387037609726,0.748568129453505,-0.037538354891775594,1.1519817752757955,3.430745353548976,6.2323935944793165,-2.8016482409303407,0.0,0.0,False,7,SS,SS 7
Oneil Cruz,PIT,126.322,532.432,469.219,111.17,64.6795,22.0503,3.06335,21.3773,70.3642,63.9419,54.9949,3.2995,159.252,3.68166,4.00282,0.533352,5.78966,28.1873,5.50829,0.236926,0.10329,0.299104,0.345332,0.319322,0.433655,0.324429,0.752977,0.196729,6.74982,0.306888,0.109016,2.58914,67.8275,4.91657,105.946,2.69815,-1.6608,6.450099468231201,0.0860862731933593,2.48111,94.5500030517578,3.01801,0.689169,1.06648,3.01801,-0.689169,3.57802,644.3,5.113492063,644.3,5.113492063,,,,,,,,,,,,,,,,,,,Oneil Cruz,21711,665833,SS/OF,Oneil Cruz,-3.8455261496005897,1.7683151100247878,1.2461896350413544,1.3345135742884593,1.0765850804535728,2.3207293139727874,0.19882984106960463,6.665264964648556,4.93721430821242,1.7280506564361362,10.94,10.94,False,5,SS,SS 5
Taylor Ward,BAL,147.665,630.075,552.955,133.927,79.3255,25.7782,1.76521,27.0578,80.2652,83.2529,65.164,0.472794,153.674,5.64345,5.78261,0.530843,9.33962,4.7815,1.67273,0.242202,0.103423,0.243897,0.424042,0.32521,0.442005,0.332241,0.767215,0.199803,3.68567,0.282718,-0.721313,-0.716721,84.2631,9.81479,114.857,-1.43803,-0.696888,9.594741344451904,-7.53324431180954,2.42968,149.55999755859375,1.33593,-1.01217,0.915556,1.33593,1.01217,3.77926,754.9,5.100675675,754.9,5.100675675,,,,,,,,,,,,,,,,,,,Taylor Ward,17548,621493,OF,Taylor Ward,-1.614401423419285,5.802488999534344,1.605272165675772,1.967354462189721,1.7843478618299509,-0.09679855709579724,0.6524334712998997,6.488760204597667,4.93721430821242,1.5515458963852469,9.92,9.92,False,5,OF,OF 6
Drake Baldwin,ATL,133.24,535.073,479.649,124.441,80.2647,22.3225,1.27161,20.5824,63.7531,75.6332,47.6765,0.66122,93.5881,4.48185,2.68547,0.579666,11.0094,0.774605,0.222382,0.259442,0.0891029,0.174907,0.50943,0.330406,0.440018,0.334317,0.770424,0.180576,2.35356,0.282099,-0.248352,-0.805997,72.4599,9.23689,114.132,-1.05435,-2.20202,7.907965540885925,-1.9629265666007996,2.42962,80.5,3.25586,-0.412622,0.697683,3.25586,0.412622,4.06976,639.2,4.806015037,639.2,4.806015037,,,,,,,,,,,,,,,,,,,Drake Baldwin,31539,686948,C,Drake Baldwin,6.8687707394709605,7.70783554090534,1.0064228924621,1.24595707014398,1.5050800836075084,-0.5106609475693276,0.8666711644890975,4.381198659914248,3.475655594645327,0.9055430652689211,6.21,6.21,True,6,C,C 6
Cody Bellinger,NYY,138.577,594.432,535.034,137.759,87.9799,24.3662,2.88623,22.5268,76.8546,79.5,49.1311,2.85652,89.1525,3.14079,6.9403,0.186369,7.47366,11.1965,2.71402,0.257477,0.0826521,0.149979,0.55109,0.319785,0.440118,0.326138,0.759904,0.182641,4.97689,0.267799,-0.0483977,0.220826,76.5509,6.31414,108.748,0.172429,2.12658,6.318428695201874,-2.78231143951416,2.42013,79.9000015258789,2.55513,-0.868561,0.292274,2.55513,0.868561,4.6103,709.2,5.102158273,709.2,5.102158273,,,,,,,,,,,,,,,,,,,Cody Bellinger,15998,641355,1B/OF/DH,Cody Bellinger,6.610564883899304,2.2494517532852343,1.4815789145918672,1.462574590157221,1.6468012333680686,0.5657911126828461,0.252928978587519,6.050084414785866,4.93721430821242,1.112870106573446,7.4,7.4,False,6,1B,1B 6
Marcus Semien,NYM,137.14,579.676,518.425,124.495,81.7041,22.4274,2.1582,18.2051,72.963,67.4356,51.968,0.591445,95.6679,3.97831,4.80008,0.504989,7.35759,9.32961,2.07935,0.24014,0.0896501,0.165037,0.543213,0.31155,0.397076,0.309523,0.708626,0.156935,4.69546,0.259654,-0.00865947,0.109573,66.831,-1.66222,97.3345,0.100914,3.46302,-1.725270949304104,5.395347714424133,2.38274,260.3500061035156,2.52449,-1.23486,0.392463,2.52449,1.23486,4.47672,600.3,4.381751824,600.3,4.381751824,,,,,,,,,,,,,,,,,,,Marcus Semien,12533,543760,2B,Marcus Semien,-2.5825803597587416,-2.580019816002749,1.340441092531782,0.981111960944496,1.2046318325272432,0.37296460783279917,-0.2900981431782593,3.9367658244335164,4.290443792376481,-0.35367796794296424,0.0,0.0,False,7,2B,2B 7
Jose Altuve,HOU,138.346,599.634,539.859,141.549,95.1775,25.4532,0.92051,19.9974,78.2039,67.6747,50.0845,2.41872,102.616,5.21987,3.5637,0.906971,11.8921,11.8628,3.69248,0.262196,0.0835252,0.171131,0.488078,0.328786,0.42388,0.326647,0.752666,0.161684,4.20823,0.288851,-0.249493,-0.117033,77.4686,6.61731,110.134,-0.366526,-3.50768,6.795726627111435,-4.251318454742432,2.37189,115.26000213623048,1.85963,-0.132157,0.311129,1.85963,0.132157,4.58516,698.0,5.057971014,698.0,5.057971014,,,,,,,,,,,,,,,,,,,Jose Altuve,5417,514888,2B,Jose Altuve,9.217774362207077,7.666442814753141,1.5305143815734874,1.180784652324732,1.2133950286862767,0.634611611041928,0.8620169548883189,5.899962643684993,4.290443792376481,1.6095188513085121,10.25,10.25,False,5,2B,2B 4
Kyle Stowers,MIA,138.298,575.901,506.78,123.287,70.9059,24.4973,2.79612,25.0876,68.8463,82.5042,57.0342,2.1887,162.787,7.19795,4.33536,0.554113,8.23402,4.57881,1.27102,0.243275,0.0990346,0.282665,0.35036,0.325923,0.451161,0.334819,0.777085,0.207886,4.11751,0.303797,0.106591,-0.482431,78.2235,10.1763,113.606,-0.37584,1.26525,8.911069124937057,-5.039315819740295,2.35648,132.52999877929688,2.1672,1.8686,0.777337,2.1672,-1.8686,3.96355,702.2,5.088405797,702.2,5.088405797,,,,,,,,,,,,,,,,,,,Kyle Stowers,26151,669065,OF,Kyle Stowers,-0.9358144540020937,5.714207013160036,1.1911395013932398,1.7478626714418877,1.7569074395619952,-0.11773391175946576,0.6425070202841265,5.639270313150906,4.93721430821242,0.7020560049384859,5.04,5.04,False,6,OF,OF 6
Tyler Soderstrom,ATH,139.946,584.579,524.516,134.052,81.2749,27.3437,1.38585,24.0479,71.5181,78.3975,50.2289,2.1871,137.504,5.90858,3.73407,0.191294,12.4707,5.32985,1.90328,0.255573,0.0859232,0.235219,0.36529,0.325452,0.450533,0.334298,0.775984,0.194959,3.50045,0.299987,-0.114253,-0.606171,79.155,10.0825,114.354,-0.720424,0.832804,9.196722030639648,-6.006108343601227,2.35066,83.30999755859375,2.20078,0.186124,0.540125,2.20078,-0.186124,4.27983,706.9,5.049285714,706.9,5.049285714,,,,,,,,,,,,,,,,,,,Tyler Soderstrom,27467,691016,1B,Tyler Soderstrom,5.481932208673741,5.524975187569169,1.2880384717345223,1.632034017071508,1.606393773036265,-0.0401608259308527,0.6212297413680314,5.550011439600392,5.94346703347981,-0.393455593879418,0.0,0.0,False,7,1B,1B 7
Ian Happ,CHC,144.413,625.234,537.939,128.896,77.4038,28.9507,1.2147,21.327,79.7382,74.6192,78.4041,1.57589,147.248,4.42185,3.9077,0.56134,8.84359,7.85743,2.30777,0.239611,0.1254,0.235509,0.532462,0.338933,0.416883,0.330995,0.755816,0.177271,3.89569,0.288179,-0.236543,-0.420968,82.9828,9.10664,112.084,-0.657512,0.182617,8.272278547286987,-6.597996354103088,2.3363,183.1300048828125,1.67909,-3.05679,0.656065,1.67909,3.05679,4.12525,727.2,5.05,727.2,5.05,,,,,,,,,,,,,,,,,,,Ian Happ,17919,664023,OF,Ian Happ,-2.964360821607625,14.337993426589692,1.5861592989305613,1.3289098604144283,1.4679162153295506,0.22090673409083134,1.6121679547407604,6.721303934309521,4.93721430821242,1.784089626097101,11.26,11.26,True,5,OF,OF 6
Brandon Nimmo,TEX,143.016,616.096,544.033,136.223,87.536,24.5922,2.82473,21.2697,78.4624,71.7974,58.0088,0.845496,135.678,8.55115,4.18749,1.31553,9.19446,9.34611,1.9398,0.250394,0.0941553,0.220222,0.427548,0.329845,0.423271,0.328283,0.753116,0.172877,4.7995,0.293792,-0.355921,0.0631304,80.4137,7.61718,112.091,-0.292791,0.573046,8.487054169178009,-6.930867850780487,2.32876,143.4600067138672,3.01996,0.0372153,0.354236,3.01996,-0.0372153,4.52769,717.1,5.014685314,717.1,5.014685314,,,,,,,,,,,,,,,,,,,Brandon Nimmo,12927,607043,OF,Brandon Nimmo,2.8683654870573876,8.529358501494443,1.539889478449459,1.3225263056434144,1.3644951073347358,0.37466885250175425,0.9590434338674162,5.92978830094685,4.93721430821242,0.9925739927344299,6.71,6.71,True,6,OF,OF 6
Xavier Edwards,MIA,134.968,579.177,520.648,144.651,114.594,22.7495,3.78607,3.52147,69.1648,44.3605,47.9025,1.48036,83.6547,2.57475,3.82055,4.23119,8.31256,27.4981,6.39513,0.27783,0.0827079,0.144437,0.572622,0.339386,0.356359,0.308184,0.695745,0.0785292,6.16493,0.322736,0.369014,1.80073,66.1438,-2.29048,95.3602,2.16974,2.30837,-1.0152206420898438,4.391203880310059,2.3169,185.5099945068359,2.35875,0.570925,1.79342,2.35875,-0.570925,2.60877,605.6,4.485925925,605.6,4.485925925,,,,,,,,,,,,,,,,,,,Xavier Edwards,22266,669364,SS,Xavier Edwards,17.0295686875408,13.544172103368188,1.202690636228818,-0.6547302090781439,0.3589119342030726,2.249543530588307,1.522910465145718,5.02785280446298,6.2323935944793165,-1.2045407900163365,0.0,0.0,False,7,SS,SS 7
Ben Rice,NYY,131.637,541.321,475.269,117.598,65.9592,22.8965,2.06337,26.6786,74.196,74.7702,53.5368,0.262874,114.132,7.88285,4.43029,0.20251,9.56947,3.98553,1.76488,0.247434,0.0989002,0.21084,0.469078,0.330828,0.472694,0.345792,0.803522,0.22526,3.98751,0.268286,-0.0987068,-0.764822,78.3492,14.388,122.249,-0.863528,-1.28606,13.371333003044128,-9.077535271644592,2.31374,53.650001525878906,2.01201,-0.489227,0.690912,2.01201,0.489227,4.07878,705.7,5.346212121,705.7,5.346212121,,,,,,,,,,,,,,,,,,,Ben Rice,29576,700250,1B,Ben Rice,1.0990171879874067,8.026276715407347,1.385158672601698,1.9251093667417571,1.4734504797378065,-0.17901235280175315,0.9024767784078545,5.94346703347981,5.94346703347981,0.0,0.0,0.0,False,7,1B,1B 7
Max Muncy,LAD,108.651,442.737,367.919,81.6809,44.4635,15.3068,1.08309,20.8274,59.2323,62.2347,64.3781,2.3089,108.275,5.8602,4.38824,0.191933,4.74372,2.87381,0.585294,0.222008,0.145409,0.244558,0.594579,0.343285,0.439325,0.340046,0.78261,0.217318,3.62787,0.250215,-0.865298,-0.406909,62.0151,9.70227,118.302,-1.27221,-2.15126,8.3048335313797,-0.7841039896011353,2.30253,241.02999877929688,2.33385,-0.634831,0.585925,2.33385,0.634831,4.21877,550.7,5.052293577,550.7,5.052293577,,,,,,,,,,,,,,,,,,,Max Muncy,13301,571970,3B,Max Muncy,-8.503928609793071,12.079726478248565,0.8424656856656068,1.273251501538366,1.0140149069583755,-0.29383919421816984,1.3582477931779777,4.432236963281538,4.432236963281538,0.0,0.0,0.0,False,7,3B,3B 7
Seiya Suzuki,CHC,137.133,591.138,519.15,132.41,78.3655,25.8331,2.89417,25.3171,75.0762,82.5783,63.4057,1.82372,148.687,3.21101,5.1177,0.253757,7.92555,7.49521,2.94412,0.255051,0.10726,0.251527,0.426437,0.336828,0.462261,0.34387,0.799089,0.207209,4.43239,0.305749,-0.357039,-0.651713,84.6372,14.7897,120.929,-1.00875,-2.809,13.61370289325714,-11.12633776664734,2.30142,98.55999755859376,1.43177,0.902977,0.552679,1.43177,-0.902977,4.26309,750.6,5.478832116,750.6,5.478832116,,,,,,,,,,,,,,,,,,,Seiya Suzuki,30116,673548,OF/DH,Seiya Suzuki,5.154853638100995,12.311751520411125,1.417081149469127,1.7734303122786697,1.7596232607053843,0.18349391566725845,1.384336753225773,7.068873350110298,4.93721430821242,2.131659041897878,13.26,13.26,True,5,OF,OF 5
Yandy Díaz,TBR,141.984,615.881,548.393,157.32,109.971,27.3768,0.850351,19.1223,73.0292,73.332,57.0943,1.79103,92.4179,5.63581,3.84386,0.913738,14.8417,2.01096,0.916365,0.286875,0.0927035,0.150058,0.617784,0.357824,0.444507,0.348891,0.802331,0.157632,2.3398,0.313589,-0.550694,-1.10137,90.6903,17.9193,124.378,-1.65206,-0.20172,16.09299659729004,-14.455686435103416,2.30012,137.4499969482422,2.39941,-0.220944,1.19297,2.39941,0.220944,3.40937,783.8,5.519718309,783.8,5.519718309,,,,,,,,,,,,,,,,,,,Yandy Diaz,16578,650490,1B/DH,Yandy Diaz,22.897278231324105,25.758116496706347,1.3428419877472149,1.0832933996176826,1.4207393600559923,-0.3829608616489575,2.896249757895613,6.8633765568985226,5.94346703347981,0.9199095234187125,6.29,6.29,False,6,1B,1B 6
Ezequiel Tovar,COL,147.091,625.61,581.243,152.038,95.0535,33.659,3.58071,19.7445,76.5194,71.188,30.4968,0.271298,155.471,3.69789,4.72594,5.44618,7.81909,8.25765,3.4385,0.261573,0.0487474,0.248512,0.196157,0.300296,0.433711,0.315355,0.734007,0.172138,4.89187,0.322075,0.547261,-0.608057,75.089,1.1684,87.9608,-0.060796,3.81615,-8.987582374364138,10.625922441482544,2.29717,208.11000061035156,2.37552,-0.368381,0.376201,2.37552,0.368381,4.4984,688.4,4.682993197,688.4,4.682993197,,,,,,,,,,,,,,,,,,,Ezequiel Tovar,24064,678662,SS,Ezequiel Tovar,9.562267391450696,-9.82507763483207,1.4694221158575316,1.1526101147751802,1.3421601356102906,0.2622444796307859,-1.1047344523356954,3.54960683045093,6.2323935944793165,-2.6827867640283865,0.0,0.0,False,7,SS,SS 7
George Springer,TOR,131.251,568.33,499.885,129.77,81.4646,22.0048,1.94831,24.3521,82.1035,71.2158,57.7528,1.19101,109.772,6.53989,3.5322,0.619899,10.8095,13.8368,2.75258,0.259599,0.101618,0.193148,0.526117,0.341834,0.45756,0.34592,0.799393,0.197961,5.16135,0.285458,-0.00928001,0.685753,82.3176,15.165,123.439,0.676473,-1.31463,16.3769850730896,-13.491330862045288,2.29657,92.55999755859376,2.91452,1.45577,0.272359,2.91452,-1.45577,4.63685,742.0,5.664122137,742.0,5.664122137,,,,,,,,,,,,,,,,,,,George Springer,12856,543807,OF/DH,George Springer,7.237040518249283,14.681784639208608,1.6719423420281863,1.665923674337517,1.3431790266735324,0.8385012459823865,1.6508239339712871,7.548473237507024,4.93721430821242,2.6112589292946042,16.01,16.01,False,5,OF,OF 5
Mike Trout,LAA,117.671,501.589,423.273,99.287,56.5968,16.8469,1.66397,24.1793,65.7332,63.5793,68.3123,6.00226,149.691,6.05559,3.49607,0.451649,5.03331,3.41174,0.856514,0.23457,0.136192,0.298434,0.456356,0.346522,0.453607,0.344133,0.800129,0.219037,3.77075,0.296987,-0.503758,-0.493371,71.923,12.6564,120.426,-0.997129,-0.124102,11.078495621681212,-5.935022406280041,2.29255,179.02000427246094,2.64321,-0.261212,0.624022,2.64321,0.261212,4.16797,642.6,5.445762711,642.6,5.445762711,,,,,,,,,,,,,,,,,,,Mike Trout,10155,545361,OF,Mike Trout,-4.466202798100806,15.309100025370045,1.0782357718590505,1.6466727447662932,1.0632955157222244,-0.23827771938355946,1.7213594498552445,5.560875551622596,4.93721430821242,0.6236612434101758,4.59,4.59,True,6,OF,OF 6
Bryson Stott,PHI,137.126,558.378,500.027,127.685,89.3696,22.8606,2.51075,12.9441,66.3011,58.357,48.5065,1.05779,92.2998,3.03915,5.21149,1.59375,7.25386,23.1349,4.83518,0.255356,0.0868703,0.1653,0.525531,0.321903,0.388778,0.311009,0.710681,0.133422,5.78558,0.286856,0.096466,1.72359,65.049,-0.927691,97.0257,1.82006,1.68399,-0.1483303308486938,3.895247220993042,2.28405,186.3300018310547,2.324,-0.210019,0.883064,2.324,0.210019,3.82258,608.5,4.441605839,608.5,4.441605839,,,,,,,,,,,,,,,,,,,Bryson Stott,26294,681082,2B,Bryson Stott,5.1174817495887055,3.2956606783296216,1.0988319711467274,0.3950058239409684,0.8718942639392062,1.7988792675831355,0.3705650000821608,4.859814803571516,4.290443792376481,0.5693710111950354,4.27,4.27,False,6,2B,2B 6
Isaac Paredes,HOU,117.155,495.073,425.903,102.72,63.5619,18.5121,0.81863,19.827,60.1882,62.9717,55.3246,0.365333,83.8374,10.4638,3.20054,0.180635,8.2876,0.840934,0.571191,0.241181,0.11175,0.169344,0.659903,0.340494,0.428149,0.336721,0.768643,0.186968,2.39615,0.25471,-0.205492,-0.917242,68.0091,9.51241,117.073,-1.12273,1.27888,8.839598774909973,-3.5925225019454956,2.28021,238.4499969482422,2.86818,0.519832,0.447096,2.86818,-0.519832,4.40387,593.7,5.074358974,593.7,5.074358974,,,,,,,,,,,,,,,,,,,Isaac Paredes,20036,670623,3B,Isaac Paredes,-1.6783087445889942,12.125923818285715,0.8771335970920728,1.1618010967753307,1.0410265153615856,-0.5038099872876834,1.3634422348956057,4.191734928045828,4.432236963281538,-0.24050203523570968,0.0,0.0,False,7,3B,3B 7
Dillon Dingler,DET,109.491,416.435,380.952,92.2676,59.3678,19.394,1.58145,11.9244,44.4656,48.9046,26.1664,0.858307,105.106,6.36412,2.44569,0.507034,5.7219,1.31477,0.571134,0.242203,0.0628343,0.252394,0.248953,0.300048,0.39532,0.302512,0.695367,0.153117,3.33322,0.301626,0.0508404,-0.571951,45.6404,-3.5646,92.6824,-0.521111,3.59661,-4.112721920013428,12.04503059387207,2.27802,267.1700134277344,1.53085,1.57073,0.46615,1.53085,-1.57073,4.37847,408.6,3.748623853,408.6,3.748623853,,,,,,,,,,,,,,,,,,,Dillon Dingler,27464,693307,C,Dillon Dingler,-1.1118423773024264,-6.643302741561196,0.3069173566968905,0.28140528641910995,0.52545664213391,-0.4548686250477405,-0.7469748014896237,0.16238631525712033,3.475655594645327,-3.313269279388207,0.0,0.0,False,7,C,C 7
Trent Grisham,NYY,125.168,521.646,445.411,97.8278,55.9917,17.2483,1.12584,23.462,70.2581,62.8112,66.5849,0.462366,130.485,5.04353,2.73599,1.87073,7.38388,5.24959,1.68632,0.219635,0.127644,0.250141,0.510288,0.326018,0.421439,0.327263,0.747457,0.201804,3.81676,0.252773,-0.0250288,-0.480113,67.6541,6.01763,109.521,-0.505142,-2.74791,5.364937961101532,-0.8163034915924072,2.27168,251.3999938964844,1.77485,0.33368,0.875725,1.77485,-0.33368,3.83237,594.9,4.7592,594.9,4.7592,,,,,,,,,,,,,,,,,,,Trent Grisham,18564,663757,OF,Trent Grisham,-11.352007163902927,5.225434223288789,1.2423416745827833,1.5667613339940767,1.0351440687554594,-0.048450685150873585,0.5875492723248932,4.741505873544265,4.93721430821242,-0.19570843466815546,0.0,0.0,False,7,OF,OF 7
Kazuma Okamoto,TOR,125.884,522.293,462.736,112.593,67.2121,22.8177,0.332663,22.2305,61.7385,70.4616,48.3455,3.49519,96.5822,6.92565,3.53459,0.751614,8.2751,1.89706,0.677088,0.24332,0.0925639,0.18492,0.500563,0.321862,0.438193,0.327596,0.760055,0.194873,2.28902,0.260068,-0.251088,-0.683388,67.8788,6.16589,110.816,-0.934476,-0.190584,5.723521411418915,-1.550444632768631,2.26618,999.0,2.33474,-0.471613,0.581026,2.33474,0.471613,4.2253,609.3,4.835714285,609.3,4.835714285,,,,,,,,,,,,,,,,,,,Kazuma Okamoto,sa3063134,672960,1B,Kazuma Okamoto,-0.8336601610827358,3.0612656460603658,0.9333587912383751,1.4295650390463777,1.3155370252383884,-0.3947253142425331,0.34420955768991246,3.955547146495813,5.94346703347981,-1.9879198869839971,0.0,0.0,False,7,1B,1B 7
Konnor Griffin,PIT,97.5244,406.7,369.403,94.889,66.0978,16.8586,1.41858,10.514,53.4456,46.1309,25.2016,1.03033,99.537,8.22992,2.37038,1.49564,5.90228,18.3837,4.53674,0.256872,0.0619661,0.244743,0.253189,0.316681,0.395576,0.311148,0.712257,0.138705,6.05321,0.322384,-0.383761,1.16862,47.4252,-0.629587,96.8483,0.784856,4.49849,-0.7343353629112244,9.013506889343262,2.23145,999.0,5.02542,-0.589268,0.999825,5.02542,0.589268,3.6669,440.6,4.495918367,440.6,4.495918367,,,,,,,,,,,,,,,,,,,Konnor Griffin,sa3065496,804606,SS,Konnor Griffin,4.340637015894953,0.2766388307552517,0.6325977046513469,0.12427848626138784,0.42379843558304964,1.308139432968593,0.031105346802120196,2.378879732096143,6.2323935944793165,-3.8535138623831737,0.0,1.0,True,6,SS,SS 6
Bo Naylor,CLE,119.76,445.592,391.871,85.4643,49.3886,18.2239,1.19781,16.6541,50.3478,51.4262,45.6213,0.956418,111.128,2.45844,3.41156,2.22954,4.57657,3.86844,1.69878,0.218093,0.102384,0.249393,0.41053,0.301208,0.398208,0.304891,0.699415,0.180115,3.66118,0.257234,0.0625418,-0.559133,49.6964,-2.95367,95.7562,-0.496591,-0.168493,-2.725351929664612,9.072261273860931,2.21849,646.75,1.08969,-1.92447,0.489949,1.08969,1.92447,4.34674,447.7,3.730833333,447.7,3.730833333,,,,,,,,,,,,,,,,,,,Bo Naylor,21865,666310,C,Bo Naylor,-10.591720262329632,-6.591551704286473,0.5202488647968574,0.8083214993416692,0.6178751926760193,-0.19110629269799337,-0.7411559005153646,1.3267316181601205,3.475655594645327,-2.1489239764852064,0.0,0.0,False,7,C,C 7
Salvador Perez,KCR,141.101,576.48,533.053,133.377,81.6121,24.6916,0.595278,26.4783,60.5075,88.1364,29.2392,4.64543,118.328,10.0369,3.97134,0.179473,9.74355,0.129308,0.13429,0.250214,0.0507203,0.20526,0.247102,0.299589,0.447787,0.318501,0.747376,0.197573,1.51596,0.27255,-1.98381,-0.79653,70.6643,2.54876,103.501,-2.78034,1.56356,-0.3946468830108642,2.523528814315796,2.21399,91.5199966430664,2.63101,-0.485234,1.08752,2.63101,0.485234,3.54997,651.4,4.619858156,651.4,4.619858156,,,,,,,,,,,,,,,,,,,Salvador Perez,7304,521692,C/1B/DH,Salvador Perez,2.7145248760232885,-9.461072350917659,0.8887137457671126,1.9027947765038165,1.9633318369141797,-0.577312097396163,-1.0638055973262603,3.717078473301444,3.475655594645327,0.24142287865611722,2.39,2.39,False,6,C,C 6
Jakob Marsee,MIA,132.316,570.526,493.473,116.968,77.5595,23.1656,4.00371,12.2397,71.0085,55.9585,62.9545,0.33798,125.027,7.13044,3.19578,3.77258,7.03193,33.4177,8.64696,0.237031,0.110345,0.219144,0.503526,0.330044,0.374611,0.312792,0.704655,0.13758,6.74181,0.291398,0.219819,2.17,67.2902,-0.121865,98.5167,2.38982,-0.557262,1.3868216276168823,1.1858296394348145,2.20526,137.6999969482422,1.60528,-0.240446,1.50157,1.60528,0.240446,2.9979,612.0,4.636363636,612.0,4.636363636,,,,,,,,,,,,,,,,,,,Jakob Marsee,31370,805300,OF,Jakob Marsee,-3.992487304063174,8.012012814458012,1.2695566559975966,0.3165315485360481,0.7839874216663439,2.860964545276017,0.9008729414317914,6.525105430809151,4.93721430821242,1.587891122596731,10.13,10.13,False,5,OF,OF 6
Otto Lopez,MIA,135.659,562.86,516.497,136.864,97.3802,25.2832,2.60337,11.5973,63.0463,60.5301,38.0913,1.33169,85.9869,3.50816,3.62359,1.13987,10.7731,15.7237,4.90992,0.264985,0.0676745,0.152768,0.442989,0.317709,0.391379,0.309227,0.709088,0.126394,5.1449,0.296464,0.329427,0.225329,64.7571,-1.74917,96.0749,0.554756,-1.78373,-2.0637001395225525,4.496781706809998,2.16489,229.0099945068359,2.26221,0.718849,0.756204,2.26221,-0.718849,3.99173,596.0,4.382352941,596.0,4.382352941,,,,,,,,,,,,,,,,,,,Otto Lopez,19608,672640,2B,Otto Lopez,10.259392109139842,0.9614795151583664,0.9807891652979339,0.2449644353615441,0.9515400254331219,1.0333945348218756,0.10810902316382968,3.6721500561521374,4.290443792376481,-0.6182937362243432,0.0,0.0,False,7,2B,2B 7
Trevor Story,BOS,135.779,574.534,529.604,131.315,84.4031,26.1333,1.17451,19.6044,71.5836,71.4296,35.19,1.83889,156.903,5.42545,3.19662,1.11859,6.08154,22.3326,4.58724,0.24795,0.0612496,0.273096,0.224278,0.299836,0.412782,0.307882,0.712618,0.164832,5.52917,0.313537,-0.0734385,1.77477,65.4725,-2.4132,92.4359,1.70133,-1.50657,-3.4207245111465454,4.779473543167114,2.1622,109.04000091552734,3.32351,-1.74374,0.608387,3.32351,1.74374,4.18882,620.5,4.5625,620.5,4.5625,,,,,,,,,,,,,,,,,,,Trevor Story,12564,596115,SS,Trevor Story,1.4979376950327135,-9.287225097250705,1.2904139798404264,1.1370021562512884,1.3510149586634999,1.7160116616496348,-1.0442581639412098,4.706901275640509,6.2323935944793165,-1.5254923188388076,0.0,0.0,False,7,SS,SS 7
Ryan Jeffers,MIN,126.635,502.968,442.356,107.249,68.4856,22.3493,0.847659,15.5669,57.1139,56.6821,46.4121,0.642244,105.842,9.40223,3.03907,1.75812,8.40512,2.50287,0.934747,0.24245,0.0922766,0.210434,0.438506,0.325341,0.402379,0.31946,0.727719,0.159928,3.0692,0.282982,-0.430126,-0.698568,62.045,2.61547,103.85,-1.12869,-1.90508,1.1535022258758545,2.5896722078323364,2.15414,305.6300048828125,1.55855,0.753548,0.195277,1.55855,-0.753548,4.73963,545.0,4.291338582,545.0,4.291338582,,,,,,,,,,,,,,,,,,,Ryan Jeffers,24618,680777,C/DH,Ryan Jeffers,-1.1817934940221566,4.697823557224755,0.7656370387717626,0.6872010674560515,0.8105079099167684,-0.3321526801273966,0.5282245828024081,2.8084041537199367,3.475655594645327,-0.6672514409253902,0.0,0.0,False,7,C,C 7
Randy Arozarena,SEA,151.902,652.811,564.671,131.574,80.6061,26.4144,1.59189,22.962,86.0364,72.8537,63.8049,0.995998,170.8,19.3322,4.48272,0.520922,9.0739,24.3328,7.25277,0.233011,0.0977387,0.261638,0.373565,0.329165,0.407421,0.323811,0.736586,0.17441,5.60152,0.289331,-1.02894,0.822017,82.8355,5.70078,114.136,-0.206926,-4.89409,10.66986058652401,-12.119925022125244,2.15047,89.5199966430664,1.62887,-0.818994,1.11918,1.62887,0.818994,3.50777,752.2,4.94868421,752.2,4.94868421,,,,,,,,,,,,,,,,,,,Randy Arozarena,19290,668227,OF,Randy Arozarena,-6.838498491006226,8.593736959072942,1.8145780035504673,1.5110584127810442,1.403209302662159,1.9226074305492826,0.966282165480392,8.174457208762501,4.93721430821242,3.237242900550081,19.61,19.61,False,4,OF,OF 5
Josh Naylor,SEA,144.175,607.379,546.777,143.023,93.4011,27.7194,0.269361,21.6336,74.2798,86.2142,50.3935,5.44308,89.8324,4.91803,5.06585,0.224634,12.5624,17.4806,4.00791,0.261575,0.0829688,0.147902,0.560973,0.326663,0.431954,0.326167,0.758617,0.170378,4.26121,0.27565,-0.946357,0.908993,78.2322,6.46568,115.759,-0.0373644,0.0796958,11.24409730359912,-11.29489792138338,2.13365,64.94000244140625,3.26911,-0.808703,0.390222,3.26911,0.808703,4.4797,727.9,5.054861111,727.9,5.054861111,,,,,,,,,,,,,,,,,,,Josh Naylor,18839,647304,1B,Josh Naylor,8.996346619405069,6.475998600142345,1.3881978722852817,1.3630668917022597,1.8928817505198103,1.2148604414211115,0.7281630774592135,6.9515427921458235,5.94346703347981,1.0080757586660134,6.8,6.8,False,6,1B,1B 6
Brandon Lowe,PIT,123.739,527.334,475.312,114.746,68.5504,22.1677,1.12178,22.9061,67.2658,70.9925,43.1734,1.11594,135.47,4.39718,3.95336,0.49834,7.04687,4.31773,1.23847,0.241412,0.0818711,0.256897,0.318693,0.308097,0.437346,0.321362,0.745443,0.195934,3.69476,0.286205,-0.350669,-0.402855,65.8649,3.55634,103.845,-0.753524,0.103719,1.6493456959724426,1.6215640231966972,2.12968,182.9600067138672,3.99254,0.778372,0.534037,3.99254,-0.778372,4.28795,600.5,4.842741935,600.5,4.842741935,,,,,,,,,,,,,,,,,,,Brandon Lowe,18882,664040,2B/DH,Brandon Lowe,-1.7632122423464305,-4.167940536261878,1.1338190348072688,1.504830826189427,1.3349949124856944,-0.1447002268001217,-0.4686443890652984,3.4915159385329435,4.290443792376481,-0.7989278538435372,0.0,0.0,False,7,2B,2B 7
Ceddanne Rafaela,BOS,140.047,558.875,520.745,130.811,83.6655,27.5848,3.50384,16.0573,69.322,63.451,25.6545,0.525942,120.839,6.78325,3.5167,2.17562,7.13671,19.5488,5.98404,0.2512,0.0459038,0.216218,0.212303,0.293245,0.410135,0.303688,0.70338,0.158935,6.20731,0.296242,0.493999,0.696182,61.7849,-4.25055,89.5467,1.19018,5.09315,-5.6953946352005005,7.254375219345093,2.12754,129.13999938964844,2.94439,0.148701,0.558346,2.94439,-0.148701,4.25554,587.2,4.194285714,587.2,4.194285714,,,,,,,,,,,,,,,,,,,Ceddanne Rafaela,24262,678882,SS/OF,Ceddanne Rafaela,3.1653020533923524,-12.717645676448639,1.2083918556829876,0.7418344925817938,1.05859322351309,1.428479764107969,-1.4299756046264618,3.5429650078853614,4.93721430821242,-1.3942493003270586,0.0,0.0,False,7,SS,SS 7
Austin Wells,NYY,116.575,440.56,393.774,87.3936,49.8746,18.7386,1.02639,17.754,48.6119,57.4229,36.0532,0.400146,108.829,4.89396,5.18929,0.650251,6.86516,4.20389,1.07449,0.221939,0.0818349,0.247025,0.331282,0.291743,0.409999,0.303647,0.701743,0.188061,3.65965,0.255671,-0.177031,-0.196179,48.6902,-3.36538,93.2975,-0.37321,0.940837,-3.863203108310699,9.63598334789276,2.11615,255.8999938964844,1.12651,0.260746,0.544327,1.12651,-0.260746,4.27423,451.0,3.854700854,451.0,3.854700854,,,,,,,,,,,,,,,,,,,Austin Wells,27562,669224,C,Austin Wells,-9.12870086349923,-10.687014753131225,0.4572924598955054,0.9308567854260982,0.8376587911991267,-0.15645848214035563,-1.2016509008079421,1.178834613200745,3.475655594645327,-2.296820981444582,0.0,0.0,False,7,C,C 7
Lawrence Butler,ATH,135.295,560.359,506.594,121.77,73.1834,25.623,1.88717,21.076,72.1545,64.8969,47.9185,0.368499,146.514,1.37339,3.05936,1.41343,8.25323,17.9392,4.49686,0.240369,0.0855138,0.261464,0.327058,0.306043,0.423208,0.315906,0.729251,0.182839,5.38967,0.29437,0.409281,0.940184,67.5079,1.29717,101.719,1.34947,2.9252,2.4881356954574585,-0.8229231834411621,2.11073,158.0500030517578,2.64657,-0.881082,0.573985,2.64657,0.881082,4.23469,630.4,4.669629629,630.4,4.669629629,,,,,,,,,,,,,,,,,,,Lawrence Butler,22542,671732,OF,Lawrence Butler,-2.407633152418514,-5.579940796209033,1.311118981026083,1.3009469939654859,1.1115865540289673,1.2622281144624967,-0.6274100896375201,4.665793524404009,4.93721430821242,-0.27142078380841106,0.0,0.0,False,7,OF,OF 7
Iván Herrera,STL,128.779,543.301,474.105,127.075,86.615,22.2866,0.897511,17.2759,67.5561,66.6781,53.926,0.732744,109.196,10.8373,4.17917,0.253637,12.6758,8.70321,2.57677,0.268032,0.0992562,0.200987,0.493845,0.353263,0.428143,0.342165,0.781406,0.160111,4.04702,0.312096,0.151468,-0.309103,77.0358,12.8406,119.757,-0.157635,-0.510235,12.529287070035934,-10.446858704090118,2.09434,171.13999938964844,2.41904,-1.28904,0.480866,2.41904,1.28904,4.35884,670.2,5.195348837,670.2,5.195348837,,,,,,,,,,,,,,,,,,,Ivan Herrera,20599,671056,C,Ivan Herrera,10.861940331768494,20.244592513665012,1.1443474318018323,0.8775936521621964,1.1768688835917867,0.30826528294591804,2.2763075931384584,6.161850846938822,3.475655594645327,2.6861952522934947,16.44,16.44,True,5,C,C 3
Jarren Duran,BOS,139.895,607.055,546.685,142.138,84.4074,34.3808,6.80633,16.5435,80.3029,68.5387,48.7049,0.85551,142.307,7.41959,3.21378,1.03208,6.99722,23.1332,4.99999,0.26,0.0802315,0.234422,0.342252,0.327154,0.438575,0.331247,0.765728,0.178575,7.01864,0.321175,1.37737,1.65697,80.6946,8.96635,108.531,3.03433,-0.638828,9.138487577438354,-9.726158559322355,2.07758,66.6500015258789,2.92346,-0.0341638,0.681147,2.92346,0.0341638,4.0918,744.2,5.315714285,744.2,5.315714285,,,,,,,,,,,,,,,,,,,Jarren Duran,24617,680776,OF,Jarren Duran,8.133804030607699,6.7706080511547375,1.6066394428603916,0.7960000131693465,1.2450612833136494,1.7987036787384554,0.7612890457837028,6.572995060382307,4.93721430821242,1.6357807521698868,10.4,10.4,False,5,OF,OF 6
Alec Bohm,PHI,132.709,561.476,514.439,140.215,98.1855,26.0398,1.93135,14.0581,63.6034,70.316,36.3436,1.07275,88.1726,4.75748,5.72509,0.210035,13.3082,2.86809,0.895229,0.272558,0.0647288,0.157037,0.412187,0.323048,0.412666,0.319117,0.735714,0.140108,3.3793,0.301858,-0.294441,-0.705436,69.106,2.76329,102.58,-0.999877,-0.606312,0.7169445157051086,0.876702070236206,2.07429,245.0,1.84416,-1.19029,0.867288,1.84416,1.19029,3.84362,614.3,4.618796992,614.3,4.618796992,,,,,,,,,,,,,,,,,,,Alec Bohm,21618,664761,3B,Alec Bohm,14.114359756629078,3.956835725285317,1.0009936777528812,0.5191119324036045,1.3102006749215536,-0.294429999036741,0.44490770561021875,3.3892620158318003,4.432236963281538,-1.0429749474497374,0.0,0.0,False,7,3B,3B 7
Colton Cowser,BAL,127.64,512.307,452.974,102.955,59.6114,21.64,1.03138,20.6721,64.402,61.7742,48.6154,1.47702,161.144,7.06374,3.01183,0.642238,6.88077,13.1952,2.90654,0.227287,0.094895,0.314545,0.301689,0.310035,0.416523,0.315849,0.726558,0.189236,4.90886,0.300116,-0.0699361,0.697407,61.6951,1.16206,103.565,0.627471,-2.23659,2.779858648777008,-0.2668306827545166,2.06117,253.5399932861328,3.31491,0.165782,0.655664,3.31491,-0.165782,4.12578,575.0,4.4921875,575.0,4.4921875,,,,,,,,,,,,,,,,,,,Colton Cowser,29591,681297,OF,Colton Cowser,-8.078605189712508,-3.0563192227432165,1.0299567429952452,1.2559501742095982,0.9971372330510782,0.7722319502489527,-0.3436533804812001,3.8844243479339218,4.93721430821242,-1.0527899602784982,0.0,0.0,False,7,OF,OF 7
Daulton Varsho,TOR,132.848,544.506,491.91,109.784,58.6752,21.6182,3.07085,26.4197,70.8183,74.1924,42.6441,1.10733,141.605,4.27139,4.5607,1.12001,4.80756,8.0257,2.37188,0.223179,0.078317,0.260061,0.301149,0.288376,0.440737,0.312275,0.729113,0.217558,5.17966,0.253814,0.0289761,-0.0559511,63.9927,-0.344882,100.262,-0.0269751,-0.868839,0.1411769147962331,1.1812838912010193,2.05274,199.3999938964844,2.47819,0.201491,1.025,2.47819,-0.201491,3.63333,599.9,4.510526315,599.9,4.510526315,,,,,,,,,,,,,,,,,,,Daulton Varsho,19918,662139,OF,Daulton Varsho,-10.793779033207645,-15.041867352918057,1.2626586156656436,1.8962663941376487,1.4522736719557514,0.23828693108750362,-1.691311734099711,3.4566566517444293,4.93721430821242,-1.4805576564679908,0.0,0.0,False,7,OF,OF 7
Wilyer Abreu,BOS,124.855,504.291,446.397,109.538,62.4462,24.1604,1.04455,21.8865,63.9023,70.2454,51.1546,2.99879,125.007,2.47166,3.75095,0.517597,5.80894,7.97674,2.81279,0.245382,0.101438,0.247886,0.409215,0.323883,0.451273,0.332846,0.775156,0.205891,4.01578,0.289035,-0.0353461,-0.303012,67.6889,8.10296,109.633,-0.338358,3.10884,5.386929601430893,-2.7756147384643555,2.043,206.11000061035156,1.75058,0.882421,0.348489,1.75058,-0.882421,4.53535,617.9,4.9432,617.9,4.9432,,,,,,,,,,,,,,,,,,,Wilyer Abreu,23772,677800,OF,Wilyer Abreu,0.11624661818628762,3.9749243686741917,1.0118339735216546,1.3912414292518116,1.3076131314300112,0.23322997236071288,0.4469415976862325,4.753512774532643,4.93721430821242,-0.18370153367977693,0.0,0.0,False,7,OF,OF 7
Jackson Holliday,BAL,115.093,492.244,436.374,108.344,72.406,21.0876,2.00691,12.8439,64.5992,48.1012,48.976,1.09115,109.497,4.03717,2.23529,0.621419,6.96293,12.5556,4.5121,0.248283,0.0994952,0.222444,0.447283,0.328214,0.394105,0.317344,0.72232,0.145822,5.24478,0.30196,0.084676,-0.157435,59.8766,1.71414,104.595,-0.0727592,-1.52865,2.5929311737418175,0.3489663600921631,2.0344,198.77999877929688,3.81495,0.470282,0.574605,3.81495,-0.470282,4.23386,533.0,4.634782608,533.0,4.634782608,,,,,,,,,,,,,,,,,,,Jackson Holliday,31781,702616,2B,Jackson Holliday,1.3795574943270317,6.011876225116035,1.0371086544224855,0.38384295852987654,0.49601142342137383,0.7061692296269075,0.675977028977145,3.4010164627626667,4.290443792376481,-0.889427329613814,0.0,0.0,False,7,2B,2B 7
Andrés Giménez,TOR,138.072,558.356,505.27,123.561,88.2676,22.6222,1.85501,10.8161,62.8858,54.6459,31.4727,1.42787,97.6333,14.4317,4.52159,2.65989,9.58625,19.9884,4.28289,0.244544,0.0563667,0.174858,0.322356,0.30496,0.36088,0.292971,0.66584,0.116335,5.68933,0.280919,-0.170649,1.36744,56.8693,-9.10481,86.9642,1.19679,1.57304,-7.381941080093384,7.965264678001404,2.02589,373.4100036621094,1.70711,-1.33718,0.84097,1.70711,1.33718,3.87871,532.7,3.860144927,532.7,3.860144927,,,,,,,,,,,,,,,,,,,Andres Gimenez,19950,665926,2B,Andres Gimenez,-0.29183847437198146,-6.164694878151011,0.9749682637559862,0.1579341912583022,0.7358796371479536,1.4738849735911632,-0.6931600006789382,3.047547517981056,4.290443792376481,-1.2428962743954246,0.0,0.0,False,7,2B,2B 7
Francisco Alvarez,NYM,111.226,429.888,381.949,88.8896,53.4522,15.1888,1.0047,19.2439,51.3137,57.1767,39.3454,0.927013,111.015,5.63121,2.45443,0.507998,8.03009,1.11485,0.326251,0.232726,0.0915247,0.258241,0.354416,0.311766,0.428904,0.321189,0.74067,0.196178,2.93701,0.274039,-0.192464,-0.55431,53.6335,2.83886,105.348,-0.746774,-3.48024,1.970484495162964,3.0124380588531494,1.99839,168.3800048828125,2.00291,-0.0545655,0.491109,2.00291,0.0545655,4.34519,481.1,4.334234234,481.1,4.334234234,,,,,,,,,,,,,,,,,,,Francisco Alvarez,26121,682626,C,Francisco Alvarez,-4.734482883693962,-1.8204881266493405,0.5552794492165911,1.0968403500566921,0.8286353746606322,-0.475517873182136,-0.2046961895189093,2.028273435453624,3.475655594645327,-1.447382159191703,0.0,0.0,False,7,C,C 7
Jordan Westburg,BAL,93.5732,397.57,364.735,95.0986,58.2922,18.8923,2.05234,15.8617,54.081,50.7789,25.1768,0.10042,89.5792,5.21006,1.88908,0.559256,5.62098,3.86288,1.55525,0.260734,0.0633268,0.225317,0.281057,0.316076,0.45425,0.331966,0.770326,0.193516,4.4816,0.303377,0.173016,-0.449095,53.0802,6.10423,114.667,-0.276078,-1.10735,6.5966841876506805,-0.7996060848236084,1.99313,549.1699829101562,3.19834,-0.700034,0.60314,3.19834,0.700034,4.19581,475.9,5.062765957,475.9,5.062765957,,,,,,,,,,,,,,,,,,,Jordan Westburg,27815,676059,2B/3B,Jordan Westburg,5.694392668089214,0.029898721289330757,0.655641946643581,0.7200435098032554,0.5941511572358593,-0.19168057150765344,0.0033618205083716683,2.154153841002909,4.290443792376481,-2.1362899513735716,0.0,0.0,False,7,2B,2B 7
Colson Montgomery,CHW,130.284,550.894,491.84,107.519,63.2497,19.2962,2.28683,22.6866,62.4748,69.3808,47.0542,1.53319,162.632,8.51393,2.92508,0.560517,6.75729,2.49525,1.06506,0.218607,0.0854143,0.295215,0.289329,0.296343,0.405516,0.305104,0.70186,0.18691,3.53033,0.274144,0.0785534,-0.711385,61.5361,-3.55624,94.2988,-0.632832,-1.07995,-4.344900727272034,4.951714277267456,1.96966,244.66000366210935,3.70219,1.4583,0.973452,3.70219,-1.4583,3.70206,564.5,4.342307692,564.5,4.342307692,,,,,,,,,,,,,,,,,,,Colson Montgomery,29712,695657,3B,Colson Montgomery,-13.040935531966511,-10.8293620539029,0.9600624037326808,1.4803772437769058,1.2759248863480361,-0.3329397313017869,-1.2176564707590594,2.3311443723249825,4.432236963281538,-2.101092590956555,0.0,0.0,False,7,3B,3B 7
Luis Robert Jr.,NYM,127.357,521.495,473.596,110.572,69.7519,20.4777,0.793494,19.5484,66.142,61.1779,39.0371,2.79721,146.453,5.10199,2.93197,0.827764,5.81174,28.9859,7.28498,0.233472,0.0748561,0.280834,0.26655,0.297139,0.403891,0.303195,0.70103,0.170419,5.90582,0.293125,-1.00511,2.08045,57.4438,-4.17486,92.9873,1.07534,2.88187,-3.2470312118530273,4.653141021728516,1.94964,105.75,2.79045,2.04339,1.1924,2.79045,-2.04339,3.41014,566.8,4.462992125,566.8,4.462992125,,,,,,,,,,,,,,,,,,,Luis Robert Jr.,20043,673357,OF,Luis Robert Jr.,-5.517198827349561,-9.836332479464694,1.0930618438238369,1.130763429075429,0.9752823862521173,2.403214755950219,-1.1059999501855309,4.735359650184957,4.93721430821242,-0.20185465802746272,0.0,1.0,True,6,OF,OF 6
Carson Kelly,CHC,95.2341,363.292,322.041,75.4148,50.4309,12.5757,0.81374,11.5944,39.9262,41.983,33.8789,0.192469,73.6311,3.98789,2.88031,0.504712,6.49179,1.8445,0.352729,0.234178,0.0932551,0.202677,0.460116,0.312253,0.38629,0.307038,0.698543,0.152113,3.10828,0.266256,-0.595095,-0.357191,41.1508,-1.77495,95.6269,-0.952286,2.71419,-2.8299918174743652,9.150296449661257,1.90462,621.02001953125,1.34303,0.351314,0.564634,1.34303,-0.351314,4.24716,372.0,3.915789473,372.0,3.915789473,,,,,,,,,,,,,,,,,,,Carson Kelly,13620,608348,C,Carson Kelly,-3.524284396356106,-1.3615444259563836,0.14228557813291948,0.24464135841850848,0.2717747578412921,-0.40015410816982305,-0.15309243261418154,0.2971888247006883,3.475655594645327,-3.1784667699446385,0.0,0.0,False,7,C,C 7
Willson Contreras,BOS,133.495,562.667,489.415,122.762,74.8295,24.9696,1.01882,21.9438,70.0714,74.4061,52.2368,1.03799,142.291,16.924,3.12467,0.966255,11.4356,4.72203,1.55075,0.250834,0.0928379,0.252888,0.367112,0.341681,0.440527,0.341096,0.782208,0.189693,3.56878,0.307087,-0.632952,-0.634378,79.2936,12.8101,115.316,-1.26733,1.10103,8.889894008636475,-9.767846941947935,1.89157,168.3699951171875,1.77284,-0.810236,0.462534,1.77284,0.810236,4.38329,695.7,5.230827067,695.7,5.230827067,,,,,,,,,,,,,,,,,,,Willson Contreras,11609,575929,C/DH,Willson Contreras,2.7957395517440857,14.449403155850923,1.235570569798474,1.3976249840228248,1.4601059388699518,-0.10294106803293457,1.6246948955767222,6.0613613814505545,3.475655594645327,2.5857057868052276,15.87,15.87,False,5,C,C 4
Vinnie Pasquantino,KCR,146.37,628.353,564.06,146.373,87.8375,30.8464,1.35879,26.3307,73.2481,92.9223,51.6947,3.42043,92.55,5.83418,6.36451,0.400276,11.1547,1.14679,0.253941,0.2595,0.0822702,0.14729,0.55856,0.324709,0.459046,0.335482,0.783755,0.199546,2.39608,0.26585,-1.0527,-0.811716,85.6862,11.4414,115.167,-1.86442,-0.320036,9.399266123771667,-12.2593574821949,1.88317,76.6500015258789,2.69107,-0.222777,1.03651,2.69107,0.222777,3.61799,769.5,5.270547945,769.5,5.270547945,,,,,,,,,,,,,,,,,,,Vinnie Pasquantino,27676,686469,1B/DH,Vinnie Pasquantino,8.110286418969935,5.4718258978223835,1.350780899569846,1.8863512741617292,2.138738698049761,-0.47221886865326146,0.6152536204982801,5.965670730141888,5.94346703347981,0.022203696662077554,1.13,1.13,False,6,1B,1B 6
Miguel Vargas,CHW,137.569,579.946,508.646,118.704,70.1182,28.2505,1.78145,18.5534,71.1552,65.7096,59.8208,0.323836,112.08,6.30562,4.78869,0.385005,6.93545,7.29147,2.18468,0.233372,0.103149,0.19326,0.533732,0.318914,0.405345,0.316898,0.724259,0.171973,4.28186,0.261625,-0.136574,-0.333675,70.3348,1.80969,102.401,-0.470249,-3.86022,1.1753963232040403,-2.428436398506165,1.87998,298.67999267578125,3.6046,-0.347002,0.517039,3.6046,0.347002,4.31061,634.3,4.596376811,634.3,4.596376811,,,,,,,,,,,,,,,,,,,Miguel Vargas,20178,678246,3B/OF,Miguel Vargas,-5.9763815273728005,1.6895008129869233,1.2748770688088347,1.0199146158614942,1.1413726247878393,0.16245010907011104,0.18996793966684425,4.248980047644891,4.432236963281538,-0.1832569156366466,0.0,0.0,False,7,3B,3B 7
JJ Wetherholt,STL,115.804,486.402,430.052,106.115,73.5751,21.111,1.24179,10.1872,57.6692,45.8873,45.1114,1.07833,86.2712,7.19393,2.63839,1.40585,8.30672,11.8344,2.25466,0.246749,0.0927451,0.177366,0.522902,0.326643,0.372679,0.309391,0.699322,0.12593,4.81885,0.285302,-0.274085,0.619657,56.0253,-1.44687,97.2439,0.345573,1.0601,-1.2388775646686554,3.0705827474594116,1.87167,999.0,3.18559,0.0106209,0.635389,3.18559,-0.0106209,4.15282,497.4,4.287931034,497.4,4.287931034,,,,,,,,,,,,,,,,,,,JJ Wetherholt,sa3025154,802139,2B,JJ Wetherholt,0.6998712869902771,5.17638914730224,0.7857762700879216,0.08787105695654997,0.414870311014499,0.6316782444602111,0.5820346303878486,2.640412168727958,4.290443792376481,-1.6500316236485228,0.0,1.0,True,6,2B,2B 6
Jeff McNeil,ATH,131.422,535.579,476.092,122.255,81.8812,25.5102,2.90183,11.962,60.1637,56.7033,43.6148,2.39595,68.2268,9.29991,4.44698,2.12558,8.23453,4.02236,0.788129,0.256789,0.0814347,0.127389,0.639261,0.328369,0.397938,0.317061,0.726307,0.141149,4.06099,0.275492,-1.04711,-0.392341,65.0248,1.74199,102.513,-1.43945,-1.53332,0.1510404348373413,-0.1893846988677978,1.85063,484.7200012207031,2.74528,-1.21858,0.47288,2.74528,1.21858,4.36949,576.3,4.399236641,576.3,4.399236641,,,,,,,,,,,,,,,,,,,Jeff McNeil,15362,643446,2B/OF,Jeff McNeil,5.554760962109544,6.624150150960102,0.8762450482585666,0.2855941460943299,0.8112849059793844,-0.17520827212553372,0.7448212788941924,3.052543632920553,4.290443792376481,-1.2379001594559278,0.0,0.0,False,7,2B,2B 7
Jonathan Aranda,TBR,136.515,568.157,497.753,129.226,84.1878,24.3722,0.591467,20.0747,69.4912,73.7284,56.5303,2.66412,143.764,9.21404,4.47992,0.180229,9.59704,1.61009,0.739106,0.259619,0.0994976,0.253035,0.393216,0.343272,0.431952,0.337053,0.775224,0.172333,2.42944,0.322557,-1.26443,-0.952873,78.202,11.0698,116.246,-2.21731,1.53747,8.69179368019104,-9.867875576019289,1.84703,195.9499969482422,2.92589,-0.85361,0.612269,2.92589,0.85361,4.18364,686.7,5.012408759,686.7,5.012408759,,,,,,,,,,,,,,,,,,,Jonathan Aranda,21837,666018,1B,Jonathan Aranda,7.21612973833627,15.494325260974476,1.2145282827290784,1.1893963239442669,1.4352677203966064,-0.42436574410011335,1.7421862266828159,5.495071049582627,5.94346703347981,-0.44839598389718294,0.0,0.0,False,7,1B,1B 7
Caleb Durbin,BOS,131.684,525.53,468.048,118.914,81.7249,25.3917,1.78267,10.0145,61.7215,53.0612,34.6041,0.549,56.8449,16.1018,3.6908,3.08572,9.79502,20.7041,5.80646,0.254064,0.065846,0.108167,0.608746,0.324666,0.38012,0.311001,0.704786,0.126057,5.65584,0.268968,0.151976,0.892336,61.2189,-0.876558,94.5845,1.04431,0.148571,-2.310054898262024,2.1807251572608948,1.83738,224.3999938964844,1.60441,-0.602817,0.9401,1.60441,0.602817,3.74653,552.4,4.184848484,552.4,4.184848484,,,,,,,,,,,,,,,,,,,Caleb Durbin,29646,702332,2B,Caleb Durbin,4.185477509304615,4.553824482325576,0.9327422471498197,0.06863126796956848,0.6777991814674014,1.5478078772015413,0.512033286910596,4.098236522279752,4.290443792376481,-0.19220727009672878,0.0,0.0,False,7,2B,2B 7
Ozzie Albies,ATL,139.732,587.579,534.096,133.335,86.9217,27.0414,2.01788,17.3543,68.5254,69.7831,43.1109,1.23476,87.1028,4.82973,5.04573,0.497189,7.7062,10.829,2.78294,0.249647,0.0733703,0.14824,0.494943,0.308774,0.405312,0.3099,0.714086,0.155665,4.65399,0.266817,-0.02311,0.143983,67.9218,-1.50523,97.4056,0.120873,-2.18097,-1.685875028371811,-0.0246179103851318,1.82509,153.0800018310547,2.21139,0.795735,0.175245,2.21139,-0.795735,4.76634,616.8,4.405714285,616.8,4.405714285,,,,,,,,,,,,,,,,,,,Ozzie Albies,16556,645277,2B,Ozzie Albies,2.4170038285304516,-4.246313763434372,1.1795013250392772,0.8863278702083996,1.2906694861589068,0.5278329359652075,-0.47745669645015154,3.7892743945629297,4.290443792376481,-0.501169397813551,0.0,0.0,False,7,2B,2B 7
Kyle Teel,CHW,99.757,400.464,350.531,86.9855,59.1925,15.2937,1.02556,11.4737,47.7892,42.0728,42.9083,0.186555,102.515,3.60699,2.35072,1.06658,5.29124,5.80142,1.57444,0.248153,0.107147,0.255992,0.418555,0.334256,0.395832,0.321952,0.730088,0.147679,4.2402,0.31609,-0.310841,-0.181093,50.2107,2.89282,105.873,-0.491935,-1.40569,2.287608563899994,1.8324874639511108,1.80822,230.25,3.4661,0.230555,0.629613,3.4661,-0.230555,4.16052,435.6,4.356,435.6,4.356,,,,,,,,,,,,,,,,,,,Kyle Teel,33549,691019,C,Kyle Teel,1.0626034735037606,7.310551880697251,0.42745535273936613,0.23119467323768234,0.27506599588010944,0.00854648670788693,0.8220004796259132,1.7950879914642568,3.475655594645327,-1.6805676031810701,0.0,0.0,False,7,C,C 7
Matt Wallner,MIN,117.147,480.117,414.547,93.7151,46.8237,20.9641,1.73676,24.1906,60.1627,62.5142,50.8165,0.854148,147.556,11.8859,2.71351,0.154353,4.77836,4.8858,1.65527,0.226066,0.105842,0.307333,0.344389,0.325895,0.460079,0.33966,0.785975,0.234013,4.168,0.283179,-0.372976,-0.418118,67.1004,10.3709,117.765,-0.791094,-2.5027,9.261652946472168,-8.24517560005188,1.7947,363.7300109863281,2.29519,1.15808,0.715406,2.29519,-1.15808,4.04613,602.2,5.147008547,602.2,5.147008547,,,,,,,,,,,,,,,,,,,Matt Wallner,26466,670242,OF,Matt Wallner,-7.899437319099307,4.7503753812646154,0.8762087809592399,1.6479316307857075,1.0242587937273,-0.08602566503688654,0.5341335244624819,4.298548260588825,4.93721430821242,-0.6386660476235946,0.0,0.0,False,7,OF,OF 7
Christian Yelich,MIL,134.939,576.382,505.865,130.639,88.3302,21.719,1.4906,19.0989,74.187,74.0297,63.4165,4.90134,137.743,4.21959,2.42322,0.458138,10.4957,16.0583,3.90821,0.258248,0.110025,0.238979,0.460396,0.344272,0.420341,0.332592,0.764613,0.162093,4.93647,0.317374,0.624164,0.613899,77.2468,9.1428,114.176,1.23806,0.359174,10.922292351722716,-12.829281508922575,1.76688,126.1500015258789,3.53864,0.880011,0.238297,3.53864,-0.880011,4.68227,695.9,5.154814814,695.9,5.154814814,,,,,,,,,,,,,,,,,,,Christian Yelich,11477,592885,OF/DH,Christian Yelich,6.640191820078392,16.295012911123138,1.384832266907757,1.0806865029049129,1.4463105936827496,1.067954550957173,1.8322157679805888,7.084643839083327,4.93721430821242,2.147429530870907,13.35,13.35,False,5,OF,OF 5
Colt Keith,DET,121.17,488.535,438.257,112.713,73.3036,21.5116,2.68134,15.2165,61.5421,54.7936,43.2119,1.40282,102.245,2.91506,3.66363,0.486935,6.74546,3.04705,1.04425,0.257185,0.088452,0.209289,0.422631,0.32546,0.422667,0.324427,0.748126,0.165482,4.15543,0.300489,0.654805,-0.59741,62.2348,4.51064,107.779,0.0573951,0.51227,4.536353245377541,-4.202021896839142,1.75455,453.4500122070313,1.74921,-0.700556,0.452008,1.74921,0.700556,4.39732,557.6,4.608264462,557.6,4.608264462,,,,,,,,,,,,,,,,,,,Colt Keith,27899,690993,2B,Colt Keith,5.286874244940616,4.621152062720738,0.9262358936505959,0.6481644602699582,0.7412929540558968,-0.2759456580696972,0.5196036187104434,2.901975746507361,4.290443792376481,-1.3884680458691196,0.0,0.0,False,7,2B,2B 7
Nolan Arenado,ARI,133.923,558.957,511.357,128.874,86.9121,24.5628,1.30697,16.0921,60.3415,69.2275,38.0403,3.05224,77.3024,4.08937,4.96778,0.50205,10.3132,3.0167,1.05426,0.252023,0.0680559,0.138298,0.492098,0.306208,0.399577,0.305088,0.705786,0.147554,3.09662,0.266667,-0.185328,-0.660138,62.4294,-3.61564,93.596,-0.845466,1.7104,-5.087991952896118,3.587063431739807,1.7491,675.1900024414062,1.99424,-1.53044,0.424443,1.99424,1.53044,4.43408,568.9,4.245522388,568.9,4.245522388,,,,,,,,,,,,,,,,,,,Nolan Arenado,9777,571448,3B,Nolan Arenado,3.5290847434171297,-5.473752060748067,0.8826933740788678,0.7457114158982205,1.270306325197138,-0.2790804353850178,-0.6154701987914877,2.379460705138328,4.432236963281538,-2.0527762581432096,0.0,0.0,False,7,3B,3B 7
TJ Friedl,CIN,132.893,575.467,496.631,119.879,83.6273,20.0358,2.7562,13.4594,68.4064,54.6062,57.5496,0.152144,96.6104,12.5516,4.42432,4.31024,7.70279,11.6047,3.04392,0.241384,0.100005,0.167882,0.595688,0.332623,0.374131,0.314221,0.706754,0.132747,5.00945,0.272182,0.243364,0.0605484,68.5405,0.544624,95.9564,0.303913,0.565,-2.454035520553589,0.2193565368652343,1.73023,262.80999755859375,2.73781,-0.900567,0.436919,2.73781,0.900567,4.41744,599.7,4.509022556,599.7,4.509022556,,,,,,,,,,,,,,,,,,,TJ Friedl,19522,670770,OF,TJ Friedl,-1.856202641627323,9.565529676769204,1.1751855164193907,0.4524132545431196,0.7344246020684321,0.6079530929172408,1.0755508079959428,4.32108980131509,4.93721430821242,-0.6161245068973304,0.0,0.0,False,7,OF,OF 7
Jake Cronenworth,SDP,140.488,575.794,495.184,116.554,75.8741,24.4021,2.29383,13.9839,64.7019,61.0177,61.829,1.1039,114.506,11.4264,4.87006,2.48513,9.28763,4.07275,1.59829,0.235375,0.10738,0.198866,0.539963,0.331077,0.378639,0.314346,0.709716,0.143263,3.83361,0.27605,0.0944512,-0.817194,68.6382,0.603672,100.648,-0.722743,-3.71162,-0.2819389104843139,-2.3144495487213135,1.72816,743.6900024414062,2.87324,0.703411,0.290655,2.87324,-0.703411,4.61246,593.8,4.241428571,593.8,4.241428571,,,,,,,,,,,,,,,,,,,Jake Cronenworth,18036,630105,1B/2B,Jake Cronenworth,-4.826355006114232,8.680787613367825,1.0408333060633455,0.5108456188955907,0.9694109348732919,-0.1700036121941002,0.976070165175884,3.8394479860095934,4.290443792376481,-0.4509958063668873,0.0,0.0,False,7,1B,1B 7
Teoscar Hernández,LAD,132.411,553.842,509.631,131.887,79.4759,25.6619,1.04734,25.7022,70.6384,83.0051,34.7181,0.954947,145.892,5.17928,3.82707,0.486465,9.08774,5.81472,1.86229,0.25879,0.0626859,0.263417,0.237972,0.310442,0.464553,0.33195,0.774994,0.205763,3.82989,0.310606,-0.62992,-0.381455,73.9371,8.49637,112.74,-1.01138,-3.08685,7.328330993652344,-9.216981410980225,1.72455,128.9600067138672,2.05083,-1.39112,0.642408,2.05083,1.39112,4.14346,680.5,5.15530303,680.5,5.15530303,,,,,,,,,,,,,,,,,,,Teoscar Hernandez,13066,606192,OF,Teoscar Hernandez,6.965845885305589,-3.078694879497046,1.2561341285167569,1.8163327021969475,1.7752658040791838,0.009920211198620525,-0.346169305528139,4.942082238209677,4.93721430821242,0.004867929997256937,1.03,1.03,False,6,OF,OF 6
Hunter Goodman,COL,137.277,554.378,511.104,128.928,70.473,28.4497,2.57675,27.4287,69.2456,84.9905,33.5327,0.232285,144.722,5.66956,3.90862,0.163029,9.20407,2.29377,0.901073,0.252254,0.060487,0.261053,0.231704,0.303367,0.478997,0.333747,0.782364,0.226743,3.55773,0.296036,-0.160311,-0.632757,74.8176,9.31352,100.56,-0.793068,-5.36663,-0.4253019988536834,-1.3439068794250488,1.70607,64.7300033569336,2.82881,-0.308727,0.892577,2.82881,0.308727,3.8099,684.5,4.996350364,684.5,4.996350364,,,,,,,,,,,,,,,,,,,Hunter Goodman,29715,696100,C/OF,Hunter Goodman,3.6454037104743486,-7.003898744332342,1.2056210340144216,2.0086748891455484,1.8480322183583335,-0.35375010802306533,-0.7875203159824089,4.459018876904393,3.475655594645327,0.9833632822590661,6.65,6.65,False,6,C,C 5
Anthony Volpe,NYY,110.629,450.977,408.905,93.7938,56.6427,20.5191,2.46873,14.1633,54.2509,48.351,33.2962,0.309353,108.985,3.7067,3.20661,1.86178,6.24728,16.0356,4.41086,0.229378,0.0738313,0.241664,0.305512,0.291232,0.395544,0.298404,0.686776,0.166166,6.1039,0.275572,0.527012,0.784618,47.9217,-5.36466,89.6959,1.31163,0.423791,-4.18059241771698,5.5455165803432465,1.70124,633.030029296875,1.35212,-0.761749,0.760849,1.35212,0.761749,3.98554,451.5,4.067567567,451.5,4.067567567,,,,,,,,,,,,,,,,,,,Anthony Volpe,27647,683011,SS,Anthony Volpe,-6.437632325064179,-11.170157464547795,0.6618037607992003,0.5308318270268266,0.5051667826874823,1.0656099234429135,-1.2559756011853243,1.8145687467086955,6.2323935944793165,-4.417824847770621,0.0,0.0,False,7,SS,SS 7
Brenton Doyle,COL,137.276,561.142,516.347,127.938,82.6731,23.9918,2.99787,18.2754,68.1877,64.1857,35.2238,0.237341,149.468,2.69201,4.31647,2.5626,8.56021,20.798,4.60983,0.247775,0.0627716,0.266364,0.235661,0.296921,0.412032,0.306458,0.708953,0.164257,6.12937,0.310729,-0.0184559,1.47727,63.2976,-3.00572,81.8656,1.45882,6.41513,-10.60180115699768,8.533596754074097,1.6985,167.6300048828125,3.27014,0.350145,0.595621,3.27014,-0.350145,4.20584,596.6,4.354744525,596.6,4.354744525,,,,,,,,,,,,,,,,,,,Brenton Doyle,25479,686668,OF,Brenton Doyle,1.3700807275136784,-10.706475074738965,1.1672538580566247,0.9889437916670484,1.0855205351736577,1.5575065786812319,-1.2038390247630533,3.840083927050904,4.93721430821242,-1.097130381161516,0.0,0.0,False,7,OF,OF 7
Ryan McMahon,NYY,117.255,473.751,414.055,90.2116,56.0687,16.8421,0.887396,16.4134,52.9785,50.9808,53.4327,1.52625,149.163,2.82034,2.97378,0.469654,6.86342,2.95068,1.53858,0.217874,0.112786,0.314855,0.358216,0.309466,0.381758,0.303838,0.691224,0.163884,3.04971,0.293488,0.214111,-0.771376,52.4319,-3.54541,93.4288,-0.557265,2.75469,-4.236682236194611,4.564185261726379,1.67396,728.6500244140625,1.54132,0.325668,0.48275,1.54132,-0.325668,4.35633,463.5,3.961538461,463.5,3.961538461,,,,,,,,,,,,,,,,,,,Ryan McMahon,15112,641857,3B,Ryan McMahon,-11.282000529233065,-3.0958662982698875,0.6156572491358093,0.7815061130697153,0.6015509452095474,-0.28589947981195246,-0.348100064614112,1.6583885497798843,4.432236963281538,-2.7738484135016535,0.0,0.0,False,7,3B,3B 7
Luis Arraez,SFG,139.348,608.212,562.512,168.746,133.188,28.191,3.04218,4.32511,67.9247,54.1459,31.5639,2.32346,24.6113,4.03068,4.18551,5.91954,13.15,8.13796,2.99225,0.299987,0.0518962,0.0404651,1.28249,0.339272,0.383987,0.315986,0.723259,0.0839995,4.14826,0.305752,0.493698,-0.696698,73.3121,1.44726,101.774,-0.203,-4.25345,1.072225272655487,-5.340748310089111,1.66933,283.1600036621094,2.28029,-0.159404,1.9483,2.28029,0.159404,2.40226,634.1,4.561870503,634.1,4.561870503,,,,,,,,,,,,,,,,,,,Luis Arraez,18568,650333,1B/2B/DH,Luis Arraez,30.862451982988073,14.153825323795722,1.1577155583336822,-0.5652000178708612,0.7175542583126686,0.24988199208974055,1.5914600422193872,3.823338111448674,4.290443792376481,-0.4671056809278067,0.0,0.0,False,7,1B,1B 7
Carlos Narváez,BOS,108.059,409.741,365.172,83.1396,53.605,17.2918,0.275172,11.9676,42.2827,44.1893,37.2221,0.748556,109.456,3.61742,2.55974,1.16977,6.5836,2.52645,1.01841,0.227672,0.0908429,0.267135,0.340063,0.303445,0.374849,0.298173,0.678294,0.147177,2.82631,0.288955,-0.171986,-0.530319,43.4634,-4.95073,85.7482,-0.702305,1.75743,-7.584916293621063,9.792137026786804,1.6687,413.5299987792969,1.27205,0.32184,0.422589,1.27205,-0.32184,4.43655,387.8,3.59074074,387.8,3.59074074,,,,,,,,,,,,,,,,,,,Carlos Narvaez,19722,665966,C,Carlos Narvaez,-6.372101372373276,-5.144624545897977,0.22774946899646908,0.2862180188119158,0.35263732448987106,-0.3297171595641261,-0.5784630098022133,0.21558076313108787,3.475655594645327,-3.260074831514239,0.0,0.0,False,7,C,C 7
Matt McLain,CIN,130.75,544.787,483.137,113.515,72.3325,22.2704,2.15012,16.7619,67.0339,56.4806,50.161,0.326022,153.079,6.23484,3.36456,1.8893,6.25586,16.23,4.01778,0.234954,0.0920746,0.280988,0.327681,0.31297,0.394032,0.310058,0.707002,0.159078,5.52798,0.305541,-0.0459103,0.752987,63.0451,-1.32565,93.1048,0.707077,-0.334614,-3.745069861412048,1.8645074367523191,1.66203,163.60000610351562,2.76559,-0.557342,0.625925,2.76559,0.557342,4.16543,577.6,4.409160305,577.6,4.409160305,,,,,,,,,,,,,,,,,,,Matt McLain,29695,680574,2B/SS,Matt McLain,-4.912338523515665,-1.6511384426880522,1.1254086480933894,0.820331049155199,0.8031227822461486,1.0856890242698767,-0.18565446411809064,4.15339177372156,4.290443792376481,-0.1370520186549209,0.0,0.0,False,7,2B,2B 7
Chase Meidroth,CHW,125.724,536.186,468.298,118.235,91.1532,19.4883,1.03211,6.56171,62.3132,39.5508,54.68,0.0138096,80.6945,8.32435,2.67111,2.21214,12.1826,12.6976,3.67018,0.252479,0.10198,0.150497,0.677618,0.339417,0.340538,0.306484,0.679955,0.0880587,4.56493,0.291034,-0.315914,0.0189144,60.4937,-2.86077,95.2465,-0.297,-1.00189,-3.309432327747345,1.3748366832733154,1.65872,632.969970703125,2.15658,0.848356,0.953493,2.15658,-0.848356,3.72868,521.9,4.142063492,521.9,4.142063492,,,,,,,,,,,,,,,,,,,Chase Meidroth,31580,805367,2B,Chase Meidroth,3.445460782014862,12.555440578585058,0.9542016081614737,-0.3160297107007243,0.18263278503493185,0.7208360625354916,1.4117372184666346,3.2535218238607655,4.290443792376481,-1.0369219685157152,0.0,0.0,False,7,2B,2B 7
Evan Carter,TEX,109.101,433.401,381.336,89.9566,57.9414,17.852,2.9834,11.1798,54.2049,44.6196,41.8504,1.44858,97.9177,7.23069,2.52678,0.457116,4.51766,17.4465,4.18615,0.235899,0.0965627,0.225929,0.427403,0.321145,0.386312,0.310877,0.707457,0.150414,6.44153,0.286706,-0.0882132,1.07804,50.4433,-0.76639,100.101,0.989825,0.187081,1.0413234904408455,0.0880422741174697,1.64174,279.44000244140625,3.82878,-0.0420232,0.873465,3.82878,0.0420232,3.83538,463.8,4.255045871,463.8,4.255045871,,,,,,,,,,,,,,,,,,,Evan Carter,27790,694497,OF,Evan Carter,-3.516905259539487,2.229503012827541,0.6601354650301686,0.19845249614866195,0.36840814551551715,1.2113383357719376,0.2506859366815511,2.6932320017165208,4.93721430821242,-2.2439823064958992,0.0,0.0,False,7,OF,OF 7
Sal Frelick,MIL,130.998,546.656,490.937,128.21,94.8426,22.1324,3.4142,7.82038,66.1317,52.3967,44.4145,0.411705,77.7079,5.60545,3.4964,2.20266,8.29388,19.1054,4.06783,0.261153,0.0812475,0.142151,0.571556,0.327355,0.367932,0.30736,0.695287,0.106779,5.98838,0.294418,-0.382287,1.20161,62.064,-2.52766,96.8913,0.819325,3.91878,-1.1948330998420715,-1.2597856521606443,1.60966,217.1199951171875,2.23816,0.236297,1.02257,2.23816,-0.236297,3.63657,556.8,4.250381679,556.8,4.250381679,,,,,,,,,,,,,,,,,,,Sal Frelick,29622,686217,OF,Sal Frelick,7.870412744044087,6.20684355896274,1.092688290640771,-0.1758065190143091,0.6534447529953077,1.3826820619131364,0.6978992100311547,3.9726043238146076,4.93721430821242,-0.9646099843978124,0.0,0.0,False,7,OF,OF 7
Jake Meyers,HOU,116.58,457.946,411.912,101.173,70.9271,19.3297,1.7179,9.19842,53.4094,42.9339,35.6107,0.173372,94.6463,5.56038,2.7894,2.07392,8.26065,13.1274,3.4249,0.245619,0.0777619,0.206676,0.376251,0.312246,0.36788,0.300131,0.680126,0.122261,5.21918,0.295875,0.0284283,0.484029,49.3045,-4.80534,91.868,0.512458,1.96145,-3.8767029643058777,3.760522603988647,1.60074,743.8499755859375,3.00546,1.09432,0.774898,3.00546,-1.09432,3.9668,447.0,3.82051282,447.0,3.82051282,,,,,,,,,,,,,,,,,,,Jake Meyers,20308,676694,OF,Jake Meyers,0.20488949433468606,-1.7194939622029735,0.6312848284157175,-0.02228481191749454,0.30662596331023734,0.7652290539728823,-0.19334037767746268,1.6207752266542514,4.93721430821242,-3.3164390815581686,0.0,0.0,False,7,OF,OF 7
Carter Jensen,KCR,102.186,383.859,342.128,82.7181,51.5752,16.8151,2.5077,11.8201,45.1187,45.9949,36.808,1.061,95.8265,1.75854,2.52283,0.64139,5.05582,4.01765,1.13371,0.241776,0.0958894,0.24964,0.38411,0.316491,0.40923,0.315593,0.725721,0.167455,4.7521,0.299143,0.0283127,-0.248827,46.1469,0.791052,101.504,-0.220514,-0.314791,0.4619603455066681,1.985991418361664,1.57964,999.0,2.47064,0.691824,0.506988,2.47064,-0.691824,4.32402,423.8,4.15490196,423.8,4.15490196,,,,,,,,,,,,,,,,,,,Carter Jensen,29478,695600,C,Carter Jensen,-1.1446197277931023,0.1881690888317806,0.3306035298872083,0.2697856570540713,0.4188139325398523,-0.17569475651285368,0.02115778450036167,0.9695001331937508,3.475655594645327,-2.506155461451576,0.0,1.0,True,6,C,C 6
Brandon Marsh,PHI,120.696,472.82,418.139,106.97,70.1487,21.2056,2.54758,13.0676,58.0756,51.883,46.0608,1.08578,132.821,2.30594,4.22451,2.08979,5.17915,11.2921,2.60869,0.255823,0.0974171,0.280913,0.346788,0.32999,0.412477,0.323379,0.742467,0.156655,5.38658,0.33964,-0.0716059,0.414879,59.8304,3.96305,105.499,0.343273,0.15819,3.4250903725624084,-3.750616878271103,1.57616,645.5499877929688,2.16364,0.706689,0.5506,2.16364,-0.706689,4.26587,537.9,4.445454545,537.9,4.445454545,,,,,,,,,,,,,,,,,,,Brandon Marsh,20202,669016,OF,Brandon Marsh,4.474677227641551,6.614375277117534,0.800515300534324,0.4087644454805874,0.6346172587799358,0.5756654030072168,0.7437221893701731,3.4229630315887745,4.93721430821242,-1.5142512766236456,0.0,0.0,False,7,OF,OF 7
Joey Ortiz,MIL,131.371,513.513,467.024,112.65,76.8421,23.3646,2.9773,9.46601,57.0727,51.3703,35.2445,0.293071,89.5263,3.9625,3.43119,3.85017,9.53566,12.3624,3.50704,0.241208,0.0686341,0.174341,0.393677,0.297956,0.364793,0.290733,0.662749,0.123585,5.5331,0.277777,0.395758,0.272097,51.3688,-9.30666,85.5011,0.667855,0.371884,-8.156437814235687,6.453875184059143,1.57378,743.739990234375,2.86042,-0.206848,0.566909,2.86042,0.206848,4.24412,462.8,3.532824427,462.8,3.532824427,,,,,,,,,,,,,,,,,,,Joey Ortiz,25493,687401,3B,Joey Ortiz,-1.8277400633965635,-9.266237500122639,0.7641428260394992,0.007526277457296199,0.6158264153222345,0.6862140738667775,-1.0418983127033004,1.2545147925313542,4.432236963281538,-3.1777221707501835,0.0,0.0,False,7,3B,3B 7
Josh Jung,TEX,124.125,507.215,472.798,116.769,77.0076,22.0887,1.07325,16.5998,54.7062,59.8681,28.0889,0.215949,129.149,3.40706,2.44297,0.478254,7.20191,4.1659,1.27743,0.246975,0.0553787,0.254623,0.217493,0.292588,0.403563,0.301786,0.696151,0.156588,3.4943,0.304012,-0.76361,-0.404831,55.2905,-4.64091,93.838,-1.16844,0.821376,-4.852159142494202,2.7368839383125305,1.5697,631.2899780273438,1.31113,-0.200565,0.299638,1.31113,0.200565,4.60048,509.3,4.107258064,509.3,4.107258064,,,,,,,,,,,,,,,,,,,Josh Jung,26299,673962,3B,Josh Jung,0.8762889387993216,-11.875321492807892,0.6783162621826819,0.8022721620979337,0.9272772238552045,-0.16038237638118044,-1.335264439963041,1.3093623889127162,4.432236963281538,-3.1228745743688213,0.0,0.0,False,7,3B,3B 7
Freddy Fermin,SDP,117.859,434.411,396.032,94.5068,68.9233,15.4415,0.725974,9.41601,43.2045,41.6259,27.8711,0.85424,85.84,2.75937,3.19879,4.54974,8.54003,2.3925,0.986243,0.238634,0.0641582,0.197601,0.324686,0.291111,0.352618,0.282418,0.643729,0.113984,3.11364,0.279927,0.17054,-0.576967,40.5231,-10.8059,78.7144,-0.406427,2.84178,-11.335200399160383,11.935853242874146,1.56569,724.2000122070312,2.18822,0.872261,0.498521,2.18822,-0.872261,4.33531,363.8,3.083050847,363.8,3.083050847,,,,,,,,,,,,,,,,,,,Freddy Fermin,21840,666023,C/DH,Freddy Fermin,-2.569292909820263,-10.812401315470314,0.2611806655158922,0.001955985335992873,0.2586867722771317,-0.3435525276493715,-1.215749400628936,-0.8375578516737379,3.475655594645327,-4.313213446319065,0.0,0.0,False,7,C,C 7
Ernie Clement,TOR,139.288,553.187,516.34,135.314,96.0613,26.622,2.37231,10.2586,63.6861,56.0098,24.1871,0.835553,56.976,3.72523,4.41949,4.51524,8.33333,8.39467,2.97102,0.262064,0.0437232,0.102996,0.424514,0.297494,0.382416,0.294963,0.67991,0.120352,4.592,0.275741,0.578101,-0.350669,57.2373,-8.12598,88.3362,0.227432,1.35167,-7.377333089709282,3.5946319103240967,1.56099,345.8299865722656,3.20687,0.465782,0.663985,3.20687,-0.465782,4.11469,514.5,3.701438848,514.5,3.701438848,,,,,,,,,,,,,,,,,,,Ernie Clement,20352,676391,3B/SS,Ernie Clement,8.748044413637805,-10.237719143897952,1.0039929834072057,0.09582543410577087,0.7858676055348441,0.2763969405120127,-1.1511319779809637,1.5124476759406407,4.432236963281538,-2.919789287340897,0.0,0.0,False,7,3B,3B 7
Spencer Torkelson,DET,146.389,614.866,538.348,124.77,69.7973,27.3872,0.891474,26.6939,75.5183,78.4946,64.2751,3.09313,160.411,7.02098,4.76452,0.457549,8.03186,1.92763,0.580045,0.231764,0.104535,0.260888,0.40069,0.319113,0.434703,0.325613,0.753817,0.202939,2.82638,0.275488,0.0958256,-0.763045,78.9205,6.26931,108.596,-0.66722,0.000585366,5.562214016914368,-11.543145369796548,1.55328,182.72999572753903,3.02991,0.399643,1.07246,3.02991,-0.399643,3.57006,713.8,4.889041095,713.8,4.889041095,,,,,,,,,,,,,,,,,,,Spencer Torkelson,27465,679529,1B,Spencer Torkelson,-7.1910314085736555,1.9135882189858766,1.433114922501495,1.9268138761308757,1.6099525616060777,-0.39156781366495974,0.21516438970444354,5.1364809282688775,5.94346703347981,-0.8069861052109326,0.0,0.0,False,7,1B,1B 7
Bryan Reynolds,PIT,146.132,632.156,565.243,143.401,93.482,27.9101,3.69641,18.3123,73.3826,73.9866,54.8875,1.96867,152.522,7.75592,3.97608,0.294114,10.3956,5.23779,1.76463,0.253698,0.0868258,0.241273,0.359866,0.32609,0.413346,0.321945,0.739436,0.159648,4.23402,0.31399,0.0135698,-0.692782,79.2571,4.56292,104.245,-0.679213,-1.16346,2.500950336456299,-8.419069170951843,1.54634,203.88999938964844,1.92378,-0.614513,0.432057,1.92378,0.614513,4.42392,701.9,4.807534246,701.9,4.807534246,,,,,,,,,,,,,,,,,,,Bryan Reynolds,19326,668804,OF/DH,Bryan Reynolds,4.8477561929948125,6.377950632362225,1.3556588513292975,0.9930546672525701,1.4447309460271476,-0.049669478308065784,0.7171385367874745,4.93721430821242,4.93721430821242,0.0,0.0,0.0,False,7,OF,OF 7
Patrick Bailey,SFG,126.729,473.542,428.239,94.7869,65.452,18.6724,1.61307,9.0494,47.2065,48.1636,35.1969,0.219256,125.161,2.87656,4.6187,2.61096,7.16489,2.32452,0.502794,0.221341,0.0743268,0.264307,0.281214,0.282122,0.335872,0.272755,0.617995,0.114531,3.50463,0.287085,-0.315741,-0.422992,40.4584,-15.4943,72.0768,-0.738733,5.57795,-16.366959810256958,15.35643720626831,1.53634,746.4199829101562,1.88019,0.347122,0.25898,1.88019,-0.347122,4.65469,370.1,2.914173228,370.1,2.914173228,,,,,,,,,,,,,,,,,,,Patrick Bailey,27478,672275,C,Patrick Bailey,-10.183775720864435,-16.04303297383599,0.40632239742165316,-0.03888651055582675,0.49829843070001756,-0.3505740156854669,-1.803883073994371,-1.0125084657765446,3.475655594645327,-4.488164060421871,0.0,0.0,False,7,C,C 7
Royce Lewis,MIN,122.163,496.409,454.422,110.152,68.3536,22.6413,0.353534,18.8036,56.1651,63.1022,35.6246,0.90201,106.076,2.21706,3.65252,0.493152,6.77584,10.509,2.49255,0.2424,0.0717646,0.213687,0.33584,0.298425,0.417919,0.309371,0.716344,0.175518,4.1833,0.274159,-0.360186,0.385936,57.1697,-1.48485,96.8999,0.0257506,-2.07164,-1.788027372211218,-0.5587965250015259,1.50796,184.8800048828125,3.16402,-0.230338,0.371643,3.16402,0.230338,4.50448,536.6,4.398360655,536.6,4.398360655,,,,,,,,,,,,,,,,,,,Royce Lewis,20437,668904,3B/DH,Royce Lewis,-1.236749988814745,-8.7247834826172,0.7312266251705167,1.0477883576364957,1.0458094392375954,0.4947809181430461,-0.9810170729079817,2.5117406920623786,4.432236963281538,-1.9204962712191591,0.0,0.0,False,7,3B,3B 7
Jonathan India,KCR,121.89,514.345,445.052,108.528,71.8339,23.5727,1.30454,11.8171,61.6971,49.869,52.3119,0.0117904,99.1092,12.2932,3.53116,1.15731,9.13947,5.6945,2.39247,0.243855,0.101706,0.19269,0.527821,0.337368,0.382341,0.319744,0.719709,0.138485,4.06234,0.286419,0.427886,-0.741507,63.5673,2.79348,104.356,-0.31362,-3.33566,2.334368944168091,-5.057721734046936,1.50239,603.8200073242188,3.23633,-0.463253,0.307779,3.23633,0.463253,4.58963,551.3,4.518852459,551.3,4.518852459,,,,,,,,,,,,,,,,,,,Jonathan India,21523,663697,2B,Jonathan India,-0.5636980383948469,10.990114369327053,0.9318573250462464,0.2694514395267931,0.5608026328314076,-0.0024970187469428324,1.235731505658757,3.1699442170763015,4.290443792376481,-1.1204995753001792,0.0,0.0,False,7,2B,2B 7
Munetaka Murakami,CHW,132.564,546.565,465.669,101.075,56.87,15.8641,0.445569,27.8956,69.4956,75.0363,71.8403,3.66183,176.085,5.3238,3.45373,0.277776,6.19841,8.26296,3.17089,0.217054,0.13144,0.322166,0.407987,0.326274,0.432747,0.329092,0.759021,0.215694,3.56921,0.276001,-0.174489,-0.506618,71.6973,7.11645,110.777,-0.681107,-0.201188,6.280741631984711,-10.137641936540604,1.49798,999.0,4.84741,-1.02253,1.17784,4.84741,1.02253,3.42955,647.0,4.864661654,647.0,4.864661654,,,,,,,,,,,,,,,,,,,Munetaka Murakami,sa3063258,808959,1B,Munetaka Murakami,-13.070206176086112,5.614973561429182,1.2146878588461159,2.0606902769742783,1.483203246353945,0.26279293655152236,0.6313491834684036,5.713695630594816,5.94346703347981,-0.2297714028849942,0.0,0.0,False,7,1B,1B 7
Josh Smith,TEX,123.765,507.057,444.088,106.4,72.9109,21.6843,1.97044,9.83429,58.958,44.0984,47.2793,1.12818,96.7949,10.2418,2.84386,2.60414,7.1033,9.248,2.70818,0.239592,0.0932426,0.190896,0.488449,0.324948,0.36373,0.305872,0.688678,0.124138,4.93244,0.283764,-0.0873934,-0.113067,56.9557,-2.95699,96.6533,-0.20046,-2.32774,-2.2005584090948105,-0.7891619205474854,1.47968,480.7000122070313,2.09028,0.582538,0.530097,2.09028,-0.582538,4.2932,498.5,4.02016129,498.5,4.02016129,,,,,,,,,,,,,,,,,,,Josh Smith,26396,669701,3B/SS,Josh Smith,-2.4556241904455582,4.53674224901296,0.8325175654602718,0.04855482110596724,0.34930577061761603,0.3645353104125909,0.510112555862489,2.6298683271036687,4.432236963281538,-1.802368636177869,0.0,0.0,False,7,3B,3B 7
Kyle Manzardo,CLE,127.302,521.8,460.29,109.396,60.4841,23.1247,1.01714,24.7705,59.7057,70.1486,50.1339,1.87588,124.361,6.14909,5.06487,0.161711,6.3636,1.99767,0.415439,0.237668,0.0960787,0.238332,0.403131,0.317614,0.453772,0.331329,0.771386,0.216104,2.7323,0.267615,-0.125791,-0.52907,69.3963,7.74164,113.968,-0.654861,-0.524472,7.935661554336548,-11.462171375751495,1.47668,245.5399932861328,2.16732,-0.28792,0.740702,2.16732,0.28792,4.0124,629.6,4.957480314,629.6,4.957480314,,,,,,,,,,,,,,,,,,,Kyle Manzardo,29794,700932,1B,Kyle Manzardo,-3.4308125539998104,0.8417696726532923,0.8596346251669029,1.7125358788085825,1.3040653380875,-0.3843335532641341,0.09464881529430724,3.9446505782749477,5.94346703347981,-1.9988164552048624,0.0,0.0,False,7,1B,1B 7
Ramón Laureano,SDP,125.078,510.137,460.987,113.041,69.3336,21.8438,2.57583,19.2878,65.55,63.9999,36.3213,0.66741,135.681,9.27077,3.06975,0.487911,8.60699,8.3575,2.91012,0.245215,0.0711992,0.265969,0.267697,0.31126,0.429296,0.32075,0.740556,0.184081,5.18162,0.303322,-0.490006,-0.274541,63.4636,3.18707,105.047,-0.764546,0.482605,2.278231620788574,-5.308038085699081,1.45646,223.38999938964844,2.90246,0.514027,0.143373,2.90246,-0.514027,4.80884,573.1,4.5848,573.1,4.5848,,,,,,,,,,,,,,,,,,,Ramon Laureano,17128,657656,OF,Ramon Laureano,0.04306118335636008,-2.418455619697345,1.071591602622385,1.1017310665391964,1.0787108243984658,0.27255774206685723,-0.27193182016725964,3.4879863047096187,4.93721430821242,-1.4492280035028013,0.0,0.0,False,7,OF,OF 7
Logan O'Hoppe,LAA,116.739,452.975,414.598,95.1389,60.5721,14.8105,0.936783,18.8195,47.6653,53.0368,30.4137,0.216253,128.847,4.82592,2.09475,1.04259,6.93262,2.30159,1.21782,0.229472,0.067142,0.284447,0.236044,0.288491,0.405891,0.301483,0.694382,0.176418,2.85991,0.283687,-0.756845,-0.669489,49.2666,-4.25592,91.046,-1.42633,-2.41787,-6.206746697425842,4.7367777824401855,1.44472,245.42999267578125,1.39957,0.240087,0.537081,1.39957,-0.240087,4.28389,450.8,3.852991452,450.8,3.852991452,,,,,,,,,,,,,,,,,,,Logan O'Hoppe,24729,681351,C,Logan O'Hoppe,-6.488288366146407,-12.461249994624142,0.4229618343527785,1.0495597105310703,0.6769049029802394,-0.35294239933753624,-1.401146403100619,0.7049912827870616,3.475655594645327,-2.7706643118582654,0.0,0.0,False,7,C,C 7
Jorge Polanco,NYM,123.068,506.454,450.979,111.428,69.1338,20.8658,0.304356,21.1242,60.9937,68.3155,46.3867,1.275,103.811,3.44669,3.93911,1.70264,7.39825,5.23652,1.88795,0.24708,0.091591,0.204977,0.446836,0.319487,0.43522,0.326392,0.754707,0.18814,3.06532,0.273663,-0.324214,-0.502808,65.3256,5.48406,108.922,-0.827021,2.1652,4.513787746429443,-7.626743793487549,1.4352,213.47999572753903,2.04504,1.57005,0.387686,2.04504,-1.57005,4.48309,579.8,4.713821138,579.8,4.713821138,,,,,,,,,,,,,,,,,,,Jorge Polanco,13152,593871,2B,Jorge Polanco,0.8832021626597151,1.7656017912026718,0.9063469066997915,1.3063167555704218,1.236880834201578,-0.049800653503797566,0.19852475474923445,3.931820996795084,4.290443792376481,-0.35862279558139676,0.0,0.0,False,7,2B,2B 7
Sean Murphy,ATL,90.1408,350.385,306.149,67.3347,39.527,13.1475,0.279841,14.3804,40.2666,43.7087,34.0888,0.725596,95.7529,7.65219,2.08591,0.408828,7.20032,0.413118,0.142036,0.219941,0.0972895,0.273279,0.356007,0.311666,0.405629,0.314038,0.717295,0.185688,2.12539,0.267309,-0.0797802,-0.507257,41.6802,0.279568,100.24,-0.587037,1.58344,-0.4872723817825317,2.5972646474838257,1.40857,743.7999877929688,1.61108,-2.176,0.521725,1.61108,2.176,4.30437,364.5,4.05,364.5,4.05,,,,,,,,,,,,,,,,,,,Sean Murphy,19352,669221,C,Sean Murphy,-7.70901219044115,-1.5188476136668796,0.15463096682375416,0.5550180354175254,0.33502297035339496,-0.5479980562145766,-0.17077964663780734,0.4686942553615028,3.475655594645327,-3.006961339283824,0.0,0.0,False,7,C,C 7
Jung Hoo Lee,SFG,136.762,568.343,515.825,137.913,94.2968,29.4625,5.81415,8.33933,65.2452,55.582,42.9989,0.999276,63.5451,5.24306,3.63368,0.642417,8.73573,9.31149,2.95948,0.267364,0.0756567,0.111808,0.676668,0.32791,0.395525,0.316083,0.723435,0.128161,5.46851,0.289502,0.480053,-0.284057,68.5514,1.39733,101.841,0.195996,-2.09541,1.4325627237558365,-6.97145414352417,1.4013,349.239990234375,2.40461,-1.09277,0.874613,2.40461,1.09277,3.83385,603.0,4.401459854,603.0,4.401459854,,,,,,,,,,,,,,,,,,,Jung Hoo Lee,33824,808982,OF,Jung Hoo Lee,11.473191572054679,6.768512538856231,1.0605373297875833,-0.11799245708730267,0.7701884114033744,0.3710930373236191,0.7610534258000757,3.191215000055032,4.93721430821242,-1.745999308157388,0.0,0.0,False,7,OF,OF 7
Lars Nootbaar,STL,116.382,494.639,428.498,103.821,66.6033,20.7626,1.73838,14.7165,58.469,50.5956,58.2838,2.07512,99.7889,3.13757,3.57589,1.14295,7.94362,5.53855,2.30469,0.24229,0.117831,0.201741,0.584072,0.33484,0.401891,0.322811,0.736731,0.159601,3.8178,0.280583,0.473642,-0.667579,62.3634,3.91808,106.463,-0.193936,-1.61374,3.5842354744672775,-6.6982269287109375,1.39418,736.0800170898438,2.71244,-2.08836,0.227684,2.71244,2.08836,4.69642,556.5,4.797413793,556.5,4.797413793,,,,,,,,,,,,,,,,,,,Lars Nootbaar,21454,663457,OF,Lars Nootbaar,-1.2133302914566204,9.318604861894896,0.814782856089478,0.5924615390569258,0.5874330733548437,-0.018604713057461822,1.0477865133748832,3.2431850979652745,4.93721430821242,-1.6940292102471455,0.0,0.0,False,7,OF,OF 7
Tyler Stephenson,CIN,108.301,424.774,376.169,88.3079,56.0314,17.2724,0.843323,14.1608,48.2586,51.5912,40.9152,0.999602,120.606,4.52772,2.9611,0.201543,7.12811,0.802977,0.535628,0.234756,0.0963222,0.283929,0.339247,0.315024,0.39809,0.311929,0.713115,0.163334,2.4718,0.30343,-0.144226,-0.722055,49.8022,-0.388218,94.3867,-0.866281,-1.10669,-3.6922553181648254,3.1805678606033325,1.39356,281.25,2.15534,1.6928,0.315233,2.15534,-1.6928,4.57969,440.5,4.078703703,440.5,4.078703703,,,,,,,,,,,,,,,,,,,Tyler Stephenson,17988,663886,C,Tyler Stephenson,-3.899213308354894,-0.4149176861946459,0.44447922304335524,0.5305533124207615,0.6239225676916634,-0.5077304730391702,-0.04665345963248009,1.2214181748495774,3.475655594645327,-2.2542374197957495,0.0,0.0,False,7,C,C 7
Tommy Edman,LAD,108.538,440.093,402.284,97.707,64.3926,19.094,1.89799,12.3224,54.8469,49.3853,28.1359,0.398449,77.4741,4.54701,3.81044,1.3152,6.93925,8.82885,1.91125,0.242881,0.0639317,0.17604,0.363165,0.297166,0.391674,0.299517,0.688841,0.148794,5.40691,0.26995,0.222359,0.344851,47.1629,-4.83743,90.4606,0.56721,1.26867,-4.394707143306732,2.9908217191696167,1.38027,726.9099731445312,2.37832,-0.809775,0.40163,2.37832,0.809775,4.46449,436.6,4.005504587,436.6,4.005504587,,,,,,,,,,,,,,,,,,,Tommy Edman,19470,669242,OF,Tommy Edman,-0.9013531692423807,-8.289062023243005,0.6834190711979593,0.3257448117046837,0.5430746613461529,0.3212423314433441,-0.9320244312533095,1.1292984002797402,4.93721430821242,-3.8079159079326796,0.0,0.0,False,7,OF,OF 7
Jared Triolo,PIT,121.752,484.499,427.352,102.831,71.0717,20.5827,2.28288,8.89329,54.2626,43.1784,48.4743,0.666671,110.519,3.82763,2.90092,1.94448,6.0623,12.8967,3.2709,0.240623,0.10005,0.22811,0.438606,0.321482,0.3619,0.303061,0.683382,0.121278,5.18986,0.302204,-0.284943,0.42978,53.3159,-3.9314,91.3081,0.144836,0.119259,-4.84634456038475,2.1504953503608704,1.3734,731.989990234375,2.6971,-2.03725,0.728696,2.6971,2.03725,4.02841,479.0,3.926229508,479.0,3.926229508,,,,,,,,,,,,,,,,,,,Jared Triolo,25807,669707,2B/3B,Jared Triolo,-1.922481074280398,2.655637694726798,0.6622280882013236,-0.056278076616959744,0.3155870735606918,0.7414006148742177,0.2986006384199123,2.398664399341601,4.290443792376481,-1.8917793930348799,0.0,0.0,False,7,2B,2B 7
Addison Barger,TOR,114.584,469.543,425.224,101.657,59.2628,24.2852,0.910989,17.1981,56.1157,59.8843,37.8553,1.93587,113.857,3.69981,2.58799,0.175253,6.37168,3.91653,1.26485,0.239067,0.0806216,0.242485,0.332481,0.305117,0.421797,0.313821,0.726914,0.18273,3.62691,0.284606,-0.107421,-0.387458,55.772,0.291939,101.327,-0.494879,-0.30519,0.2394635379314422,-3.029280006885529,1.36803,195.63999938964844,2.78326,-1.15589,0.253757,2.78326,1.15589,4.66166,512.1,4.453043478,512.1,4.453043478,,,,,,,,,,,,,,,,,,,Addison Barger,24598,680718,3B/OF,Addison Barger,-2.57455662055003,-5.110410382294271,0.7294350205837737,0.8689262776214486,0.927870966129468,-0.18613919414465668,-0.5746159597639658,2.1971163181802735,4.432236963281538,-2.235120645101264,0.0,0.0,False,7,3B,3B 7
Harrison Bader,SFG,122.985,486.591,442.22,107.446,72.6386,19.3914,1.78432,13.6314,58.203,51.0107,31.8491,0.289643,116.182,8.0262,3.83898,0.656417,6.24214,13.4581,4.73759,0.242969,0.0654535,0.238768,0.27413,0.30317,0.387363,0.301853,0.690534,0.144395,5.16049,0.29665,0.0659919,0.0106348,53.0688,-4.42572,92.0652,0.0766267,-0.510898,-4.486732065677643,1.387015700340271,1.36778,504.4599914550781,2.33601,-0.434134,0.523873,2.33601,0.434134,4.3015,486.0,3.951219512,486.0,3.951219512,,,,,,,,,,,,,,,,,,,Harrison Bader,18030,664056,OF,Harrison Bader,-0.9519179778965352,-6.243350019204993,0.8051357544685553,0.4715750594404026,0.6026468028638975,0.7993862486409724,-0.7020040065387598,2.2226388419961025,4.93721430821242,-2.7145754662163175,0.0,0.0,False,7,OF,OF 7
Danny Jansen,TEX,89.977,333.361,289.949,61.0399,36.0374,12.5213,0.182649,12.2986,36.7474,37.9707,35.9632,0.128333,77.9679,4.65441,2.08856,0.705688,3.98504,0.813827,0.191964,0.210519,0.107881,0.233884,0.461256,0.305594,0.382213,0.303624,0.687807,0.171694,2.13493,0.241567,-0.391333,-0.421051,36.8365,-2.55269,95.1042,-0.812384,-2.48504,-2.7359694838523865,4.457631587982178,1.35006,999.0,1.52352,0.0601966,0.571423,1.52352,-0.0601966,4.2381,327.0,3.633333333,327.0,3.633333333,,,,,,,,,,,,,,,,,,,Danny Jansen,16535,643376,C,Danny Jansen,-10.032986124065216,-3.469220032868208,0.026999087032960997,0.32309335265494343,0.12472092283966406,-0.5066098030598876,-0.3900800620094214,-0.29255905122585,3.475655594645327,-3.768214645871177,0.0,0.0,False,7,C,C 7
Dylan Crews,WSN,136.237,563.423,511.416,120.475,79.2609,21.6424,3.5753,15.9964,67.1058,59.6228,39.552,0.344824,125.282,8.80769,3.36662,0.280257,8.36622,25.1423,6.89137,0.235572,0.0701995,0.222359,0.315704,0.299808,0.385708,0.299866,0.685516,0.150136,6.31829,0.279726,-0.221324,1.36609,60.5394,-6.0333,91.0231,1.14476,2.56509,-4.849782586097717,-0.7740426063537598,1.34248,172.89999389648438,2.89692,-1.24135,1.02651,2.89692,1.24135,3.63132,572.9,4.2125,572.9,4.2125,,,,,,,,,,,,,,,,,,,Dylan Crews,33541,686611,OF,Dylan Crews,-4.883812689343249,-9.123393889177962,1.1280162669149847,0.7350498767780462,0.9182867929986137,2.006218706883782,-1.0258369374987757,4.039985202417526,4.93721430821242,-0.897229105794894,0.0,0.0,False,7,OF,OF 7
Davis Schneider,TOR,86.4637,327.632,281.438,61.841,34.8622,12.4886,0.944096,13.5461,39.6513,38.6252,39.8214,0.00741471,92.8174,3.78164,2.16476,0.425772,3.32619,4.14227,1.04257,0.219732,0.121543,0.283298,0.42903,0.322256,0.415211,0.323212,0.737466,0.195478,4.12641,0.272484,-0.194266,-0.116448,41.414,2.7018,107.796,-0.310714,1.02568,2.6997784972190857,-0.8887714147567749,1.33902,999.0,1.62958,-2.04886,0.637839,1.62958,2.04886,4.14955,375.1,4.361627906,375.1,4.361627906,,,,,,,,,,,,,,,,,,,Davis Schneider,23565,676914,2B/OF,Davis Schneider,-7.145595193732898,2.049404887332196,0.13231569754798841,0.4620721410814593,0.1487088437350521,-0.16282306132223565,0.23043565353565243,1.2061919681879236,4.290443792376481,-3.084251824188557,0.0,0.0,False,7,2B,2B 7
José Caballero,NYY,94.6192,358.983,309.105,69.5434,47.9094,13.937,0.992272,6.70472,45.5761,30.3138,38.6428,0.265782,90.5128,6.34921,2.3696,2.51671,2.87486,38.0379,8.48081,0.224983,0.107645,0.252136,0.426932,0.321307,0.341564,0.297807,0.662871,0.116581,6.94675,0.293286,-1.08786,3.52299,37.9726,-4.4441,89.2864,2.43513,0.262986,-2.110506772994995,2.984218269586563,1.33244,204.6499938964844,4.39342,0.582838,2.2184,4.39342,-0.582838,2.04214,379.9,3.998947368,379.9,3.998947368,,,,,,,,,,,,,,,,,,,Jose Caballero,23401,676609,2B/3B/SS,Jose Caballero,-6.224938601995181,1.9048369104490173,0.34719219259927603,-0.30009756117537273,-0.15591026356812374,3.838899766608803,0.214180390147085,4.290443792376481,4.290443792376481,0.0,0.0,0.0,False,7,2B,2B 7
Kerry Carpenter,DET,114.718,472.97,433.68,109.468,63.7221,19.1791,3.30912,23.2581,60.6946,69.0748,29.918,1.4337,112.911,6.24188,2.93903,0.190237,5.85578,2.18963,1.1931,0.252417,0.0632557,0.238729,0.264969,0.308026,0.47279,0.333245,0.780816,0.220373,4.12713,0.286937,-0.100384,-0.700591,63.6379,7.75289,113.853,-0.800975,-0.57745,6.921241581439972,-10.2384095788002,1.32614,235.3300018310547,1.37607,-0.569084,0.59897,1.37607,0.569084,4.20137,573.8,4.989565217,573.8,4.989565217,,,,,,,,,,,,,,,,,,,Kerry Carpenter,25961,681481,OF/DH,Kerry Carpenter,3.1638737735213986,-3.7718394223326346,0.8954993574711526,1.544045682723402,1.2647097545008417,-0.36450647407306497,-0.42410667003345665,3.3226541017884688,4.93721430821242,-1.6145602064239513,0.0,0.0,False,7,OF,OF 7
Sal Stewart,CIN,119.428,482.548,437.006,115.014,71.7398,24.2394,0.391336,18.6436,60.8184,63.8899,37.3952,0.479046,94.2768,4.46286,3.43905,0.244738,8.0013,6.88708,2.07722,0.263186,0.0774952,0.195373,0.396653,0.325256,0.44843,0.334156,0.773686,0.185244,3.8053,0.294239,0.0330849,-0.220016,65.2836,8.26681,109.612,-0.186931,0.27031,5.310563713312149,-8.535245537757874,1.31265,176.3800048828125,2.31614,-0.246359,0.447228,2.31614,0.246359,4.4037,585.9,4.923529411,585.9,4.923529411,,,,,,,,,,,,,,,,,,,Sal Stewart,31505,701398,1B,Sal Stewart,7.894255923978526,4.466080018375425,0.8999892491278074,1.0299634228483252,1.074679241054703,0.12068165442291137,0.5021672750651724,3.9165923644361245,5.94346703347981,-2.0268746690436856,0.0,1.0,True,6,1B,1B 6
Eugenio Suárez,CIN,142.37,598.277,531.794,124.272,67.0777,22.704,0.789576,33.701,75.8546,94.6843,49.4183,0.801774,175.669,10.6908,6.16364,0.209985,7.51307,2.75188,0.873207,0.233685,0.082601,0.293626,0.281314,0.308295,0.469464,0.332962,0.77776,0.235779,3.09482,0.275638,-1.27261,-0.641569,80.3605,9.66943,108.794,-1.91418,-0.381664,4.3217772245407104,-11.416933685541151,1.31059,100.4499969482422,2.98781,-0.942888,1.47269,2.98781,0.942888,3.03641,737.3,5.192253521,737.3,5.192253521,,,,,,,,,,,,,,,,,,,Eugenio Suarez,12552,553993,3B,Eugenio Suarez,-6.081909495225514,-4.610200713620952,1.4453116152650904,2.7074457545945556,2.2033173330653053,-0.30643304588397036,-0.5183722459824326,5.87101162824187,4.432236963281538,1.4387746649603326,9.27,9.27,False,5,3B,3B 6
Alec Burleson,STL,139.448,579.063,529.554,141.944,95.5836,25.3851,1.09612,19.8796,64.9755,73.9194,39.8159,0.734789,82.5012,3.6559,4.83036,1.20611,11.2733,5.84549,1.75383,0.268045,0.0687593,0.142474,0.48261,0.320869,0.432742,0.325803,0.753611,0.164697,3.50669,0.282555,-0.698943,-0.462272,74.4139,5.99315,108.517,-1.16122,-0.86329,4.668145418167114,-11.62317943572998,1.29353,176.8800048828125,2.50564,0.305861,0.615912,2.50564,-0.305861,4.17878,669.2,4.814388489,669.2,4.814388489,,,,,,,,,,,,,,,,,,,Alec Burleson,27615,676475,OF/DH,Alec Burleson,12.139183904490649,2.8189966191503175,1.0507560391591517,1.1676610440869417,1.4422680151116853,0.013098369287332691,0.31696876115793177,4.37799010349077,4.93721430821242,-0.5592242047216498,0.0,0.0,False,7,OF,OF 7
Ha-Seong Kim,ATL,88.6538,357.119,312.612,75.3616,52.6799,13.3895,1.25052,8.04168,41.9857,34.1838,36.8543,1.01669,65.1561,2.95593,2.86989,1.82664,4.81186,13.4744,3.58382,0.241071,0.103199,0.182449,0.565631,0.324161,0.369074,0.306342,0.693235,0.128004,5.31526,0.277855,-0.10825,0.623371,40.25,-1.9464,94.9684,0.515122,-1.80704,-1.6145418882369995,2.2972997426986694,1.28547,743.3599853515625,1.75183,-0.187964,1.0602,1.75183,0.187964,3.5864,359.1,4.03483146,359.1,4.03483146,,,,,,,,,,,,,,,,,,,Ha-Seong Kim,27506,673490,SS,Ha-Seong Kim,-1.266262778175816,2.91416377281653,0.21697808109641648,-0.151152406085421,-0.014071831383017751,0.8010698357987885,0.3276693822922692,1.315607120150787,6.2323935944793165,-4.916786474328529,0.0,0.0,False,7,SS,SS 7
Jo Adell,LAA,139.47,567.467,517.084,120.696,67.405,21.7555,1.48375,30.0515,68.4444,82.4415,38.3519,0.977573,155.318,8.72658,2.82088,0.483849,7.57382,8.67048,3.27244,0.233416,0.0675845,0.273704,0.246925,0.295907,0.455581,0.322328,0.751488,0.222164,4.28495,0.270956,-0.151742,-0.355356,71.323,4.27239,105.405,-0.507098,-4.92673,3.1082299947738647,-10.09724235534668,1.28323,119.18000030517578,2.5351,-1.25216,1.04301,2.5351,1.25216,3.60932,661.8,4.761151079,661.8,4.761151079,,,,,,,,,,,,,,,,,,,Jo Adell,20220,666176,OF,Jo Adell,-6.052772864696501,-11.40256632455474,1.176563673793808,2.3008701326606316,1.7546094370560508,0.304884681248045,-1.2821077178179197,4.606621428610881,4.93721430821242,-0.3305928796015394,0.0,0.0,False,7,OF,OF 7
Gavin Lux,TBR,110.238,446.456,396.851,100.134,70.6822,20.5678,2.2349,6.64937,50.4703,43.0368,44.7581,0.244381,98.4413,1.70612,2.64114,0.500056,7.28977,3.01941,0.938359,0.252322,0.100252,0.220495,0.454668,0.328728,0.365679,0.30787,0.694407,0.113357,3.88207,0.317542,0.0459445,-0.552141,50.8727,-1.87954,96.1987,-0.506197,-1.90836,-2.512017071247101,-0.1548153162002563,1.27309,747.4400024414062,1.61681,-0.262131,0.686936,1.61681,0.262131,4.08409,445.0,4.045454545,445.0,4.045454545,,,,,,,,,,,,,,,,,,,Gavin Lux,19955,666158,2B,Gavin Lux,2.8574902426585007,5.682136439680532,0.5246916089643877,-0.3062638745536554,0.3103973262745389,-0.27880052610908634,0.6389009961135524,1.1514274160267146,4.290443792376481,-3.1390163763497663,0.0,0.0,False,7,2B,2B 7
Daylen Lile,WSN,132.293,545.839,498.724,132.568,87.2055,26.8227,7.8808,10.6586,65.308,59.0708,35.8995,0.444694,97.0056,5.95555,4.08538,1.17527,6.97639,14.0095,4.63882,0.265814,0.0657693,0.177718,0.370076,0.320239,0.415315,0.318899,0.735554,0.149502,6.52495,0.308517,0.499883,0.0531351,67.0851,2.59,104.062,0.553019,-1.3342,3.1805636882781982,-9.052286863327026,1.25727,206.1999969482422,1.95105,-1.29773,0.763589,1.95105,1.29773,3.98188,611.7,4.634090909,611.7,4.634090909,,,,,,,,,,,,,,,,,,,Daylen Lile,29995,695734,OF,Daylen Lile,10.319801904262876,2.3133768505680283,1.0628149161853053,0.14038777107619688,0.8980555747644591,0.8563390068507841,0.26011673424319437,3.6010463668147357,4.93721430821242,-1.3361679413976844,0.0,0.0,False,7,OF,OF 7
Nolan Schanuel,LAA,141.038,598.594,516.938,134.916,97.6259,23.3707,1.36154,12.5578,70.1025,57.117,65.6343,2.93638,84.3468,9.15504,4.26867,2.59746,11.9748,6.23521,1.68697,0.26099,0.109647,0.140908,0.778148,0.351857,0.384346,0.325623,0.736202,0.123356,3.67036,0.288375,-0.951036,-0.562648,76.8366,6.10811,107.675,-1.51368,-1.34602,3.9013267755508423,-12.228546619415283,1.25593,581.97998046875,3.1747,0.0393731,0.585686,3.1747,-0.0393731,4.21909,664.4,4.712056737,664.4,4.712056737,,,,,,,,,,,,,,,,,,,Nolan Schanuel,33189,694384,1B,Nolan Schanuel,8.202984563320706,21.463308376941004,1.2366984828075371,0.35196974701177947,0.8264473244276992,0.053351595492497655,2.413340342579124,5.175941862565143,5.94346703347981,-0.7675251709146673,0.0,0.0,False,7,1B,1B 7
Luis García Jr.,WSN,122.656,500.999,466.898,124.184,83.7903,23.7996,1.8462,14.7475,58.1793,61.5065,27.5333,1.40901,79.2349,1.71012,4.57515,0.282799,8.48098,13.4022,4.62458,0.265976,0.0549567,0.158154,0.347489,0.306415,0.419616,0.31244,0.726031,0.15364,4.87579,0.289904,-0.189621,0.0496888,58.9467,-0.250218,99.6367,-0.139932,-0.197754,-0.355685755610466,-4.11671981215477,1.2478,253.36000061035156,1.55424,0.0813532,0.649046,1.55424,-0.0813532,4.1346,550.1,4.472357723,550.1,4.472357723,,,,,,,,,,,,,,,,,,,Luis Garcia Jr.,20391,671277,2B,Luis Garcia Jr.,9.736882712837465,-4.802474377792597,0.8042762194745106,0.5959151201721339,0.9873258252226667,0.7936124742776636,-0.539991550071613,3.0042183470324106,4.290443792376481,-1.28622544534407,0.0,0.0,False,7,2B,2B 7
Heliot Ramos,SFG,144.191,607.587,548.307,138.766,90.7636,24.7182,1.86702,21.417,73.732,71.245,45.3198,1.52959,147.768,9.3616,4.03003,0.568644,11.1447,6.2411,2.44805,0.253081,0.0745898,0.243205,0.306695,0.318684,0.422152,0.32151,0.740836,0.169072,3.97805,0.306273,-0.190569,-0.704383,75.962,4.17094,105.569,-0.894952,-4.3531,3.104127526283264,-11.713276386260986,1.22307,218.3999938964844,3.39718,-0.759459,0.357198,3.39718,0.759459,4.52374,679.5,4.71875,679.5,4.71875,,,,,,,,,,,,,,,,,,,Heliot Ramos,22515,671218,OF,Heliot Ramos,4.364200679991785,1.6302796655047926,1.3683306457140736,1.3389363862327741,1.3442492287975132,0.05395995919553681,0.18330909743048146,4.5904775116397225,4.93721430821242,-0.3467367965726975,0.0,0.0,False,7,OF,OF 7
Nick Gonzales,PIT,95.2299,393.987,361.014,93.1233,62.0859,20.8788,2.92041,7.23814,43.2477,40.005,23.8064,0.371343,80.2907,4.80408,3.61599,0.74659,7.07749,2.24292,1.45226,0.257949,0.0604244,0.20379,0.296503,0.309566,0.392111,0.305376,0.701677,0.134161,4.20793,0.309942,0.251881,-0.742436,44.0962,-2.45636,92.8941,-0.490554,-0.220486,-3.808709144592285,2.473775565624237,1.20454,999.0,2.5075,-0.141859,0.878968,2.5075,0.141859,3.82804,391.6,4.122105263,391.6,4.122105263,,,,,,,,,,,,,,,,,,,Nick Gonzales,27490,693304,2B,Nick Gonzales,4.6308748973498695,-2.5352261034441304,0.2627474128468089,-0.2406714567084612,0.19927955916890477,-0.35900228023011815,-0.2850615257233404,-0.3040578461500225,4.290443792376481,-4.594501638526503,0.0,0.0,False,7,2B,2B 7
Samuel Basallo,BAL,108.749,426.1,386.148,92.7684,57.3584,18.7156,0.362733,16.3317,50.3162,55.7574,33.1784,1.79624,104.024,3.86073,2.622,0.291628,8.52388,2.61445,0.978179,0.240241,0.0778651,0.24413,0.31895,0.304849,0.417469,0.312212,0.722318,0.177228,3.04451,0.284772,-0.0235999,-0.489014,50.0552,-0.291817,101.059,-0.512614,0.140587,0.0192532539367675,-2.9615850150585175,1.19945,172.0500030517578,2.31258,-0.101361,0.364509,2.31258,0.101361,4.51399,454.2,4.166972477,454.2,4.166972477,,,,,,,,,,,,,,,,,,,Samuel Basallo,28824,694212,C,Samuel Basallo,-1.8846297425726288,-4.751780418134224,0.5191028181381314,0.772404255743506,0.7766169542987922,-0.3206278546630317,-0.5342915071975113,1.391796990373968,3.475655594645327,-2.083858604271359,0.0,0.0,False,7,C,C 7
Christian Walker,HOU,135.146,567.926,508.096,117.509,69.444,21.6073,0.775511,25.6823,67.2272,77.7554,46.297,1.53232,145.18,8.34256,4.96041,0.230698,8.33895,2.96443,1.02574,0.231274,0.0815194,0.255631,0.318894,0.303241,0.428491,0.31592,0.731732,0.197217,2.90165,0.268347,-0.566858,-0.636213,68.4259,1.32097,102.745,-1.20307,1.7711,0.6340353488922119,-8.7064528465271,1.174,208.6699981689453,2.72506,1.05449,0.95017,2.72506,-1.05449,3.73311,631.6,4.678518518,631.6,4.678518518,,,,,,,,,,,,,,,,,,,Christian Walker,13419,572233,1B,Christian Walker,-7.035904661335341,-7.246620093072276,1.1324191170532552,1.8141157259326688,1.582860321535992,-0.2844792759211565,-0.8148119717063055,3.7361236400899482,5.94346703347981,-2.207343393389862,0.0,0.0,False,7,1B,1B 7
Ryan O'Hearn,PIT,124.712,510.721,454.588,120.305,82.6196,22.5698,1.31107,13.8045,60.2309,60.3174,46.8281,2.70301,95.8802,5.29115,3.65107,0.362675,8.8473,3.08644,0.975211,0.264646,0.0916901,0.187735,0.488402,0.337849,0.411164,0.326394,0.749013,0.146518,3.21444,0.305549,-0.521258,-0.653735,65.8769,5.53127,107.292,-1.17499,-1.07324,3.2391364574432373,-8.96890377998352,1.15225,280.5400085449219,1.62929,0.131155,0.620919,1.62929,-0.131155,4.17211,579.9,4.6392,579.9,4.6392,,,,,,,,,,,,,,,,,,,Ryan O'Hearn,16442,656811,1B/OF/DH,Ryan O'Hearn,8.875562875384855,11.158336424243318,0.8786822107733261,0.4908594107643547,0.9437444092765916,-0.2718771612509005,1.2546464401372246,3.921027770954818,4.93721430821242,-1.0161865372576022,0.0,0.0,False,7,1B,1B 7
Cole Young,SEA,96.1799,370.251,325.957,75.9618,51.6085,15.9778,1.63031,6.74526,39.5705,35.4514,35.1527,0.7718,65.5845,4.51448,2.63875,1.98759,5.98099,5.00744,1.85963,0.233042,0.094943,0.177135,0.535991,0.313985,0.354145,0.296342,0.66813,0.121102,4.41103,0.270096,0.0979676,-0.357539,38.724,-5.02395,95.2145,-0.259571,-0.761172,-2.3478797376155853,0.8291040658950806,1.14842,999.0,1.55715,0.101113,0.712126,1.55715,-0.101113,4.0505,347.1,3.615625,347.1,3.615625,,,,,,,,,,,,,,,,,,,Cole Young,31680,702284,2B,Cole Young,-3.9374266435027807,-0.7463506086482264,0.12938529976238497,-0.29558116832342,0.0323866690401969,-0.07346176676223738,-0.08391986929164753,-0.11725009238453525,4.290443792376481,-4.407693884761016,0.0,0.0,False,7,2B,2B 7
Spencer Horwitz,PIT,115.727,477.782,418.22,107.9,70.6217,25.263,0.878017,11.137,57.0072,52.2411,50.7674,1.34277,88.2829,5.3091,2.99183,0.494454,8.73115,1.87003,0.836517,0.257998,0.106256,0.184776,0.575053,0.343558,0.402492,0.327847,0.74605,0.144494,2.92316,0.3007,-0.344358,-0.796117,62.1918,5.73811,108.288,-1.14048,0.659999,3.552543044090271,-8.470755577087402,1.12316,739.7899780273438,2.28104,1.95152,0.574175,2.28104,-1.95152,4.23443,537.4,4.63275862,537.4,4.63275862,,,,,,,,,,,,,,,,,,,Spencer Horwitz,26477,687462,1B/2B,Spencer Horwitz,5.3851725419196645,13.166335881705686,0.7617673179335954,0.1936843260928264,0.6477418951017669,-0.39751717687294874,1.4804264556625657,3.197202479765117,4.290443792376481,-1.0932413126113638,0.0,0.0,False,7,1B,1B 7
Joey Bart,PIT,81.9321,307.891,271.039,63.8432,44.8172,11.0198,0.360652,7.64552,31.6303,32.5014,29.1004,0.00700655,84.8048,5.92637,1.35361,0.471804,6.77179,1.28687,0.590836,0.23555,0.094515,0.275437,0.343145,0.321612,0.363493,0.305419,0.685105,0.127943,2.53524,0.312309,-0.278775,-0.511641,34.4709,-1.90887,92.9234,-0.790416,-2.42496,-3.3727550506591797,3.896963357925415,1.10168,999.0,2.65085,-0.0690726,0.875465,2.65085,0.0690726,3.83271,298.6,3.641463414,298.6,3.641463414,,,,,,,,,,,,,,,,,,,Joey Bart,21524,663698,C,Joey Bart,-2.594273954068375,1.7276391077717423,-0.15858431035208906,-0.1952869446209308,-0.07573306608798484,-0.45775034785161023,0.19425622010269086,-0.7104169771513074,3.475655594645327,-4.186072571796634,0.0,0.0,False,7,C,C 7
Colt Emerson,SEA,72.7091,290.532,259.281,61.0762,41.6031,13.0441,1.14715,5.28188,31.2053,29.2458,23.7119,1.20693,62.9707,4.51688,2.39306,0.629672,4.94613,5.66769,1.25848,0.23556,0.0816153,0.216743,0.376554,0.308052,0.355832,0.292503,0.663884,0.120271,5.02707,0.28846,-0.362792,0.165128,29.4807,-4.84793,92.5696,-0.197664,2.15641,-2.742023006081581,3.4654691219329834,1.09711,999.0,2.63335,-0.696367,1.0451,2.63335,0.696367,3.60653,268.6,3.679452054,268.6,3.679452054,,,,,,,,,,,,,,,,,,,Colt Emerson,sa3022923,806068,SS,Colt Emerson,-2.479138398736763,-2.3093796966575235,-0.17399791256596914,-0.4586102500128749,-0.1950532727602926,-0.00526615811510573,-0.25966729314966047,-1.1237832453764107,6.2323935944793165,-7.356176839855728,0.0,0.0,False,7,SS,SS 7
Cedric Mullins,TBR,111.251,450.662,400.252,89.7136,55.6371,18.4421,1.82112,13.8133,52.5703,48.9756,40.7829,0.321339,101.972,3.66215,3.62269,2.34154,3.68603,18.8206,4.40786,0.224143,0.0904957,0.226272,0.399941,0.299248,0.382853,0.29874,0.6821,0.15871,5.90289,0.263461,-0.413375,1.30044,48.0112,-5.23789,89.9269,0.887061,-1.43825,-4.478303790092468,-0.1253783702850341,1.08949,324.0,2.1267,0.477966,0.943223,2.1267,-0.477966,3.74237,459.1,4.136036036,459.1,4.136036036,,,,,,,,,,,,,,,,,,,Cedric Mullins,17929,656775,OF,Cedric Mullins,-8.39672226807128,-7.549848701702415,0.6008529375506192,0.4918397821777039,0.5280588459285204,1.3532657660514125,-0.848907080502182,2.337304250047442,4.93721430821242,-2.599910058164978,0.0,0.0,False,7,OF,OF 7
Brayan Rocchio,CLE,121.218,467.37,418.666,96.991,65.866,21.5083,1.71226,7.90438,50.1951,44.8579,34.8512,0.430934,90.8101,6.78905,4.01561,3.04787,7.915,10.8633,4.15501,0.231667,0.0745687,0.1943,0.383781,0.298567,0.347859,0.285777,0.646426,0.116193,4.86089,0.274986,0.0432626,-0.23577,44.8724,-10.3509,82.5895,-0.192507,0.49857,-9.78306309878826,4.291835337877274,1.08399,999.0,1.86143,-0.0912177,0.634149,1.86143,0.0912177,4.15447,410.3,3.39090909,410.3,3.39090909,,,,,,,,,,,,,,,,,,,Brayan Rocchio,23690,677587,SS,Brayan Rocchio,-5.632979024845251,-8.148033392859382,0.5147108481896585,-0.1664484282505197,0.3771420210684141,0.5313756991255205,-0.9161671329661017,0.606020424128132,6.2323935944793165,-5.626373170351185,0.0,0.0,False,7,SS,SS 7
Justin Crawford,PHI,107.088,429.868,391.154,104.261,78.0719,18.3847,2.30253,5.50172,53.7184,38.1038,30.7449,0.468893,89.5214,1.84693,2.43702,3.68422,7.86058,22.9816,5.05014,0.266546,0.0715218,0.208253,0.343437,0.321112,0.367516,0.3031,0.688628,0.10097,6.31698,0.330775,-0.297496,1.80072,47.3178,-3.47432,91.6081,1.50323,-2.59833,-2.7722712755203247,-1.042955994606018,1.07291,999.0,2.93955,-0.268745,1.5105,2.93955,0.268745,2.986,440.1,4.113084112,440.1,4.113084112,,,,,,,,,,,,,,,,,,,Justin Crawford,sa3020240,702222,OF,Justin Crawford,8.380243998097376,2.1971428972773586,0.6424914239076918,-0.43411878961392886,0.1295991386856169,1.783045285295206,0.24704735632030167,2.4806062982181247,4.93721430821242,-2.4566080099942953,0.0,0.0,False,7,OF,OF 7
Jesús Sánchez,TOR,103.821,415.567,375.324,91.5004,57.1701,18.321,1.63016,14.3792,50.7031,48.5409,34.8858,0.9727,99.3656,2.83513,2.08485,0.437119,7.47849,9.44419,2.32112,0.24379,0.0839475,0.239109,0.351085,0.311279,0.416225,0.315728,0.727504,0.172434,5.14632,0.292498,-0.236762,0.318282,50.0042,0.901769,102.641,0.0815201,-0.316439,1.3748362511396408,-5.336588233709335,1.05805,584.6199951171875,1.6253,0.179914,0.512413,1.6253,-0.179914,4.31678,460.9,4.431730769,460.9,4.431730769,,,,,,,,,,,,,,,,,,,Jesus Sanchez,19913,660821,OF,Jesus Sanchez,-0.49977736951552726,-1.9622227373428458,0.5331346362476612,0.5548843484066142,0.5121267615691236,0.3847992959642469,-0.22063286842782656,2.0102646272315097,4.93721430821242,-2.9269496809809104,0.0,0.0,False,7,OF,OF 7
Dylan Beavers,BAL,98.652,393.401,343.306,81.601,51.5281,16.816,1.75509,11.5017,48.3412,40.8033,43.2088,0.879157,94.6984,2.1457,2.76716,1.97345,3.76946,10.1419,3.02199,0.237692,0.109834,0.240717,0.456277,0.324339,0.397407,0.316365,0.721747,0.159716,5.14862,0.292235,-0.0819213,0.157046,47.5406,1.05718,103.92,0.0751246,-1.12926,1.8927783444523811,-5.14288318157196,1.05281,430.5499877929687,2.03708,0.346791,0.673797,2.03708,-0.346791,4.1016,435.3,4.396969696,435.3,4.396969696,,,,,,,,,,,,,,,,,,,Dylan Beavers,31695,687637,OF,Dylan Beavers,-2.550622535822415,3.280257660207884,0.447474901967747,0.2343140368256122,0.22853785901732077,0.45686405644768513,0.36883308045552005,1.9011674024146605,4.93721430821242,-3.0360469057977593,0.0,0.0,False,7,OF,OF 7
Jake Burger,TEX,130.006,531.379,491.714,118.527,70.1964,22.3145,0.996739,25.0195,61.996,74.3413,27.5384,0.709699,131.842,8.16253,3.75683,0.206738,7.60519,1.59554,0.780109,0.241049,0.0518245,0.248112,0.208875,0.290354,0.44313,0.314591,0.733485,0.202082,2.82057,0.276151,-0.101275,-0.694774,63.4493,0.662851,102.66,-0.796049,1.16195,0.8695904016494751,-8.963777542114258,1.04308,237.80999755859375,2.00038,-1.05035,0.777983,2.00038,1.05035,3.96269,587.9,4.522307692,587.9,4.522307692,,,,,,,,,,,,,,,,,,,Jake Burger,22275,669394,1B/3B/DH,Jake Burger,-2.002549105732468,-13.628168989434972,0.9426976208150201,1.740275933572673,1.457730969772899,-0.42586857803546474,-1.5323550982952703,2.794103599420083,4.432236963281538,-1.6381333638614546,0.0,0.0,False,7,1B,1B 7
Marcell Ozuna,PIT,124.099,519.846,448.867,108.758,68.015,19.0691,0.180563,21.4933,61.434,67.6131,63.6716,1.23071,125.867,3.00248,4.10953,0.196185,9.07547,0.264273,0.115366,0.242295,0.122482,0.242124,0.505864,0.337596,0.429233,0.334309,0.766829,0.186938,1.44229,0.285537,-0.71454,-0.875439,70.3945,8.97061,112.714,-1.58998,0.0,6.243538022041321,-13.405783653259276,1.03675,363.9100036621094,3.03014,-0.785996,0.580786,3.03014,0.785996,4.22562,614.9,4.958870967,614.9,4.958870967,,,,,,,,,,,,,,,,,,,Marcell Ozuna,10324,542303,DH,Marcell Ozuna,-1.2687625960364528,11.226180244690923,0.9223153985933713,1.3474366520098828,1.2111373420137697,-0.5633718924418879,1.2622748181116472,3.4234779526347685,0.0,3.4234779526347685,20.68,20.68,False,4,DH,DH 3
Yoán Moncada,LAA,93.3121,375.718,334.487,79.4302,49.7125,16.4643,1.32566,11.9278,42.251,42.2357,34.6791,0.8396,100.313,4.55541,1.83902,0.157484,6.57966,1.34328,0.292054,0.237469,0.092301,0.266991,0.345709,0.315967,0.401598,0.313755,0.717565,0.164129,3.40344,0.301236,-0.311502,-0.432602,44.6076,0.213631,99.5,-0.744105,-2.22249,-0.965509995818138,-1.8458747863769531,1.03542,747.4099731445312,2.37953,-0.568679,0.535164,2.37953,0.568679,4.28645,395.2,4.249462365,395.2,4.249462365,,,,,,,,,,,,,,,,,,,Yoan Moncada,17232,660162,3B/DH,Yoan Moncada,-2.5596915900291144,-0.012697891208992309,0.22659979560781024,0.28178406628335845,0.2810364043046453,-0.4519238968348973,-0.0014277544068290046,0.43294901028655247,4.432236963281538,-3.9992879529949854,0.0,0.0,False,7,3B,3B 7
Denzel Clarke,ATH,97.5744,377.9,341.149,76.7178,48.8428,16.7531,2.885,8.23687,44.9233,33.873,27.0895,0.0386638,124.244,5.83786,1.64555,2.17857,4.72346,13.9649,2.5753,0.224881,0.0716842,0.328775,0.218035,0.291825,0.363336,0.288402,0.655161,0.138455,6.97508,0.325614,-0.379842,1.19879,37.0877,-7.56412,82.8252,0.818949,2.59599,-6.852064907550812,4.101768136024475,1.02716,739.97998046875,3.04972,-0.531684,0.978739,3.04972,0.531684,3.69501,349.0,3.561224489,349.0,3.561224489,,,,,,,,,,,,,,,,,,,Denzel Clarke,29858,672016,OF,Denzel Clarke,-6.905056751006431,-9.136033434810889,0.3235168995987561,-0.12940709970227737,-0.025462886867030937,0.8517323818668205,-1.0272581315128628,0.026814261016569557,4.93721430821242,-4.910400047195851,0.0,0.0,False,7,OF,OF 7
Pedro Pagés,STL,89.6207,332.49,304.444,68.0163,45.9883,12.4134,0.742758,8.87181,31.3101,35.5889,20.7236,0.701989,87.3528,2.63505,2.82202,1.86512,6.09713,0.976001,0.229397,0.223412,0.0623284,0.262723,0.23724,0.276371,0.356488,0.27619,0.632859,0.133077,2.70559,0.280251,-0.342606,-0.351914,29.3344,-9.95187,74.4362,-0.69452,2.49201,-10.740438222885132,9.407186269760132,1.0149,999.0,1.9177,-0.192641,0.712102,1.9177,0.192641,4.05053,275.8,3.064444444,275.8,3.064444444,,,,,,,,,,,,,,,,,,,Pedro Pages,25782,686780,C,Pedro Pages,-6.609354161925041,-13.176510983260851,-0.17019709959652302,-0.05867107411227167,0.03742614821990039,-0.48985924700272754,-1.4815705469015115,-2.0565485655885576,3.475655594645327,-5.532204160233885,0.0,0.0,False,7,C,C 7
Tyler O'Neill,BAL,93.2765,385.882,339.288,78.3827,45.7494,13.611,0.919593,18.1026,48.7146,49.2408,38.6289,1.7303,107.019,4.46954,3.32923,0.166578,5.41742,5.08023,1.00602,0.231021,0.100105,0.277337,0.360952,0.31495,0.436623,0.324211,0.751572,0.205601,4.32866,0.277156,-0.221224,0.0289406,49.09,3.49501,109.325,-0.192283,-1.46199,4.048664018511772,-7.451966762542725,1.01066,521.22998046875,2.54318,-0.844443,0.49785,2.54318,0.844443,4.3362,449.0,4.827956989,449.0,4.827956989,,,,,,,,,,,,,,,,,,,Tyler O'Neill,15711,641933,OF,Tyler O'Neill,-4.784160694581515,-0.40548339115293636,0.4610171115363653,0.9696928620958242,0.5377786268627556,-0.06594346558325256,-0.04559266488322267,1.989281215221896,4.93721430821242,-2.947933092990524,0.0,0.0,False,7,OF,OF 7
Chase DeLauter,CLE,103.934,446.923,400.651,97.5578,63.5483,20.9884,0.91681,12.1043,51.1081,48.8078,40.1164,0.775987,83.5307,1.86068,3.57269,0.722184,9.04217,2.90052,1.12829,0.243498,0.0897613,0.186902,0.48026,0.312718,0.391095,0.3076,0.703813,0.147597,3.29828,0.276917,-0.0659831,-0.573472,50.8278,-1.9796,97.6222,-0.639455,0.804398,-1.8919777274131775,-3.640757143497467,1.00774,999.0,2.30468,-0.391536,0.337627,2.30468,0.391536,4.54983,456.1,4.385576923,456.1,4.385576923,,,,,,,,,,,,,,,,,,,Chase DeLauter,32127,800050,OF,Chase DeLauter,-0.6504926201457293,-1.467157186207695,0.5478228924750059,0.301447197471559,0.5219088487913988,-0.2910803836055763,-0.16496756064800577,1.1087088276165975,4.93721430821242,-3.8285054805958225,0.0,0.0,False,7,OF,OF 7
Brett Baty,NYM,111.27,441.793,399.226,96.615,63.736,15.7598,0.844931,16.2742,51.0633,51.5782,36.4759,0.571429,110.099,2.97432,2.22929,0.887346,7.74553,5.16079,1.15759,0.242006,0.0825634,0.249209,0.331302,0.308604,0.408008,0.312133,0.716612,0.166002,3.84497,0.292061,-0.29934,-0.119326,51.8705,-0.330688,99.1274,-0.418666,1.19279,-0.8743186593055725,-4.346349358558655,0.995655,294.57000732421875,0.992531,-0.569829,0.373684,0.992531,0.569829,4.50175,470.4,4.237837837,470.4,4.237837837,,,,,,,,,,,,,,,,,,,Brett Baty,26123,683146,3B,Brett Baty,-1.2438241975941402,-3.2678528430116676,0.5461981174651662,0.7659984198040072,0.6234461078419461,-0.057622620096523386,-0.36743827937190987,1.8434382496289763,4.432236963281538,-2.5887987136525616,0.0,0.0,False,7,3B,3B 7
Mike Yastrzemski,ATL,114.55,461.409,402.084,91.9409,52.9918,20.5745,2.28481,16.0898,55.9266,50.5577,50.5204,2.15455,106.015,3.88405,3.0436,1.87711,5.52701,4.56707,1.54707,0.228661,0.109492,0.229763,0.476541,0.318466,0.411244,0.317395,0.72971,0.182582,4.45268,0.268004,-0.0564251,-0.41491,56.1449,1.62587,102.54,-0.471335,-1.24509,0.9177614450454712,-6.548333525657654,0.994541,655.5499877929688,1.80099,0.536099,0.298076,1.80099,-0.536099,4.60257,504.8,4.389565217,504.8,4.389565217,,,,,,,,,,,,,,,,,,,Mike Yastrzemski,14854,573262,OF,Mike Yastrzemski,-6.618539531410583,1.137467158090624,0.7225768742810804,0.7454551824606408,0.5860440096391291,-0.11894650766331626,0.12789712251109156,2.3254216533310013,4.93721430821242,-2.6117926548814188,0.0,0.0,False,7,OF,OF 7
Carson Williams,TBR,96.099,374.968,338.025,71.5096,44.0021,13.3159,2.16393,12.0276,44.1123,41.7277,29.996,0.292936,128.695,3.2511,1.84504,1.85077,4.84964,10.1433,3.19268,0.211551,0.0799962,0.343216,0.233078,0.280761,0.370494,0.285173,0.651255,0.158943,6.02518,0.298684,-0.196623,0.213151,35.8171,-8.48822,80.6076,0.0165283,1.15131,-8.577759619802237,5.600334525108337,0.993771,747.280029296875,2.75505,-0.352471,0.728465,2.75505,0.352471,4.02871,336.7,3.507291666,336.7,3.507291666,,,,,,,,,,,,,,,,,,,Carson Williams,30038,700246,SS,Carson Williams,-11.347698400473693,-13.213795951958117,0.29410411984474005,0.29290236935747976,0.26241781940799563,0.4570086590256571,-1.4857628791155695,-0.11811558388195438,6.2323935944793165,-6.350509178361271,0.0,0.0,False,7,SS,SS 7
Willi Castro,COL,127.87,521.888,464.058,117.317,78.422,22.8394,4.12683,11.929,66.2453,50.5668,41.3376,0.779919,118.692,12.3637,2.77395,1.35434,8.43532,14.6939,4.76253,0.252807,0.0792079,0.227428,0.348277,0.328545,0.396927,0.318634,0.725472,0.14412,6.01502,0.313459,0.23736,0.121347,64.0291,2.36411,90.2071,0.358707,-3.91783,-5.698650449514389,-2.047034740447998,0.984005,258.7300109863281,3.69086,-0.642222,0.662462,3.69086,0.642222,4.11672,567.0,4.4296875,567.0,4.4296875,,,,,,,,,,,,,,,,,,,Willi Castro,17338,650489,2B/3B/SS/OF,Willi Castro,3.5664763840490536,6.546669362575839,1.096808255844293,0.2819177532942698,0.5863775315339315,0.9270290099679321,0.7361093175740323,4.507615950784691,4.290443792376481,0.2171721584082107,2.25,2.25,True,6,2B,2B 6
Parker Meadows,DET,104.32,416.108,372.144,83.7868,53.9928,15.0835,4.50997,10.2006,49.191,39.1861,37.6208,0.708369,105.452,2.35129,2.78502,1.20722,3.0289,11.0216,2.7299,0.225146,0.0904111,0.253423,0.356759,0.298285,0.372146,0.293772,0.670432,0.147,6.47093,0.283813,0.380617,0.470723,42.6519,-6.51455,86.6617,0.851339,-0.669103,-5.690197110176086,0.940769612789154,0.979371,999.0,1.31864,0.406846,0.702486,1.31864,-0.406846,4.06335,396.9,3.816346153,396.9,3.816346153,,,,,,,,,,,,,,,,,,,Parker Meadows,23800,678009,OF,Parker Meadows,-7.43379565198988,-7.371684581159794,0.47829485293564206,0.08936389524505912,0.169266253712475,0.5477261191919209,-0.8288742574091879,0.7172606502209371,4.93721430821242,-4.219953657991483,0.0,0.0,False,7,OF,OF 7
Luis Torrens,NYM,62.1749,223.612,204.394,47.7939,32.9008,9.2689,0.935098,4.68911,21.4836,23.3942,14.7672,0.181458,49.7782,2.02611,1.67113,0.753943,4.44997,1.07764,0.525965,0.233832,0.0660394,0.222609,0.296661,0.289813,0.357155,0.28391,0.646968,0.123323,3.45002,0.284337,-0.0166956,-0.326731,21.1303,-5.29126,79.74,-0.343427,2.80614,-5.6979400515556335,7.603584051132202,0.969273,999.0,1.70984,-0.558546,1.23142,1.70984,0.558546,3.3581,193.7,3.124193548,193.7,3.124193548,,,,,,,,,,,,,,,,,,,Luis Torrens,15905,620443,C,Luis Torrens,-2.307524286566285,-5.855905513952193,-0.5265777164310961,-0.5246482912277735,-0.4095188463454002,-0.47936120312951913,-0.658439638985725,-2.603899092212618,3.475655594645327,-6.079554686857945,0.0,0.0,False,7,C,C 7
Connor Norby,MIA,115.438,449.282,410.539,99.4498,63.6514,20.9782,1.68332,13.1368,52.8287,49.858,30.6488,0.300767,121.587,4.11196,3.48557,0.496475,5.20139,8.26651,2.46847,0.242242,0.0682174,0.270626,0.252072,0.299053,0.397539,0.302835,0.696591,0.155297,4.99108,0.309033,-0.436139,-0.00527908,49.3581,-3.72806,91.6958,-0.441419,-1.8768,-4.863356530666351,-0.6396859884262085,0.966309,724.760009765625,2.48367,-0.479216,0.387348,2.48367,0.479216,4.48354,452.5,3.934782608,452.5,3.934782608,,,,,,,,,,,,,,,,,,,Connor Norby,29592,681393,3B,Connor Norby,-1.1821836537499921,-7.614339832760793,0.6102244076966582,0.4164737297764709,0.5603994744970312,0.26315960737423705,-0.8561584811524634,1.181664663548901,4.432236963281538,-3.250572299732637,0.0,0.0,False,7,3B,3B 7
Ke'Bryan Hayes,CIN,126.727,504.47,463.779,112.117,82.4833,19.1953,2.05197,8.38684,51.5533,46.4863,33.1447,0.832774,99.5705,3.84031,2.89333,0.812762,9.98739,10.5053,3.09874,0.241747,0.065702,0.197376,0.332877,0.296039,0.346236,0.282942,0.642275,0.104489,4.66332,0.289172,0.24872,0.0488858,47.2734,-12.3337,74.5296,0.297606,5.63299,-14.931220591068268,7.58866286277771,0.965963,999.0,1.81524,-1.88212,0.609016,1.81524,1.88212,4.18798,428.4,3.373228346,428.4,3.373228346,,,,,,,,,,,,,,,,,,,Ke'Bryan Hayes,18577,663647,3B,Ke'Bryan Hayes,-1.5650635855755899,-10.070127396869676,0.563969094135287,-0.11269956551364044,0.43682411485917033,0.4943987541869773,-1.132287915496115,0.5810223273496498,4.432236963281538,-3.851214635931888,0.0,0.0,False,7,3B,3B 7
Brooks Lee,MIN,133.732,539.708,496.916,119.528,82.0635,22.3444,1.53869,13.5814,54.3003,59.6423,34.6893,1.1462,93.5272,2.87233,4.6527,0.577556,10.2711,4.61076,1.21255,0.24054,0.0642743,0.173292,0.370901,0.291376,0.373693,0.289534,0.665069,0.133153,3.74762,0.268586,-0.588487,-0.356568,53.4639,-10.3067,83.235,-0.945055,-3.63029,-11.609419763088226,2.4639012813568115,0.964842,521.6500244140625,1.97995,-0.831594,0.201982,1.97995,0.831594,4.73069,502.5,3.75,502.5,3.75,,,,,,,,,,,,,,,,,,,Brooks Lee,31595,686797,SS,Brooks Lee,-2.276664958537632,-13.290199580105082,0.6635953653859431,0.4660047673190995,0.9190014827731898,-0.1144338743550343,-1.4943537242401068,0.7973044507144925,6.2323935944793165,-5.435089143764824,0.0,0.0,False,7,SS,SS 7
Agustín Ramírez,MIA,124.311,519.517,472.419,115.069,69.6128,26.0159,1.01157,18.4285,62.1874,64.8449,37.597,1.85053,102.092,5.95284,3.32671,0.221842,9.63277,12.5409,2.99617,0.243574,0.0723691,0.196513,0.368267,0.30545,0.419953,0.313393,0.725403,0.176379,4.77656,0.272054,-0.715564,0.546344,61.5274,0.142517,98.9284,-0.16922,-6.54866,-0.8290529400110245,-7.085804283618927,0.958627,83.9800033569336,1.37479,1.69782,0.294534,1.37479,-1.69782,4.60729,570.6,4.601612903,570.6,4.601612903,,,,,,,,,,,,,,,,,,,Agustin Ramirez,26546,682663,C,Agustin Ramirez,-0.7311105229094084,-5.481318059315028,0.949639181906165,1.0060000261424789,1.1096807146300975,0.7046509025582021,-0.6163209217673156,3.5434358488920936,3.475655594645327,0.0677802542467667,1.39,1.39,False,6,C,C 6
Garrett Mitchell,MIL,93.7761,360.893,319.993,72.5668,47.0155,14.0396,2.68297,8.82865,42.2469,33.9306,32.831,0.361665,107.894,3.37509,2.15145,2.54254,3.7655,12.2612,2.85815,0.226776,0.0909714,0.298963,0.30429,0.303537,0.37019,0.296634,0.673727,0.143414,6.48029,0.310279,-0.145956,0.734759,37.8308,-4.81151,89.5437,0.588802,0.0909162,-3.883706033229828,1.233412429690361,0.957309,690.780029296875,1.31938,0.265761,0.9331,1.31938,-0.265761,3.75587,353.5,3.760638297,353.5,3.760638297,,,,,,,,,,,,,,,,,,,Garrett Mitchell,27555,669003,OF,Garrett Mitchell,-5.8704601117584545,-4.4980968505498975,0.22645109968057042,-0.06347935027138066,-0.023351803225206073,0.675761373230519,-0.505767256548511,0.5011486665120639,4.93721430821242,-4.436065641700356,0.0,0.0,False,7,OF,OF 7
Dalton Rushing,LAD,55.9051,201.486,177.779,39.5554,24.5196,8.26708,0.258876,6.50979,24.1738,24.951,18.8061,0.373775,57.51,3.35775,1.41151,0.131414,2.55736,0.774072,0.208175,0.222497,0.0933368,0.285429,0.327006,0.30652,0.381763,0.302666,0.688282,0.159266,2.96449,0.286926,-0.0780602,-0.236158,22.1077,-1.69946,92.6243,-0.314218,1.22396,-2.0706689059734344,4.5421648025512695,0.95055,743.3800048828125,2.12835,2.2408,1.09816,2.12835,-2.2408,3.53578,202.9,3.623214285,202.9,3.623214285,,,,,,,,,,,,,,,,,,,Dalton Rushing,31382,687221,C,Dalton Rushing,-4.022176836099288,-1.9102477302548446,-0.42901142778220086,-0.32181390203948557,-0.3524609468038568,-0.5107159998365126,-0.214788784225688,-1.9148338977686292,3.475655594645327,-5.390489492413956,0.0,0.0,False,7,C,C 7
Gabriel Arias,CLE,111.855,444.38,408.918,92.367,60.0703,19.2824,1.58566,11.4286,45.3398,45.5121,26.7616,0.818479,138.431,4.94869,2.89908,0.852589,7.69937,8.5818,3.24023,0.225881,0.0602223,0.311515,0.193321,0.279751,0.364636,0.281126,0.644387,0.138755,4.83707,0.308975,0.289707,-0.211074,40.9871,-11.5198,79.3856,0.0786326,0.00888994,-10.71825286000967,4.559687875211239,0.934756,747.1400146484375,1.7064,0.00178375,0.554714,1.7064,-0.00178375,4.26038,380.8,3.4,380.8,3.4,,,,,,,,,,,,,,,,,,,Gabriel Arias,22563,672356,3B,Gabriel Arias,-7.867823237723246,-16.108684495129026,0.33862222976835865,0.22617026974426682,0.4011189467365009,0.2957251408090785,-1.8112649492442459,-0.28059957852055284,4.432236963281538,-4.7128365418020906,0.0,0.0,False,7,3B,3B 7
Zach McKinstry,DET,104.095,403.163,361.24,84.3058,55.9547,15.9824,4.62923,7.73936,48.3118,36.2084,33.7482,0.635994,87.8291,4.08545,3.02722,1.0621,4.03106,13.5954,3.42169,0.233379,0.0837086,0.21785,0.384248,0.303753,0.367525,0.294756,0.671279,0.134146,6.82285,0.284953,0.321646,0.702876,41.647,-5.98981,87.3395,1.02452,0.81867,-4.991436958312988,0.0431669950485229,0.913439,492.55999755859375,1.3508,0.00929469,0.915622,1.3508,-0.00929469,3.77917,391.7,3.766346153,391.7,3.766346153,,,,,,,,,,,,,,,,,,,Zach McKinstry,19392,656716,3B/SS/OF,Zach McKinstry,-4.24189290780006,-4.937858313609588,0.44640864336753966,-0.18483262036766895,0.06013129259681835,0.8135676300377934,-0.55521415733729,1.3234754568090739,4.432236963281538,-3.108761506472464,0.0,0.0,False,7,3B,3B 7
Austin Martin,MIN,82.4316,319.035,277.127,69.8037,51.1773,14.4629,0.960113,3.20342,36.8483,24.3438,33.1757,0.256739,55.913,4.61924,1.76319,2.34933,6.4124,13.504,3.47089,0.251883,0.103988,0.175257,0.593344,0.339765,0.345679,0.307851,0.685444,0.0937957,5.48232,0.30304,-0.364422,0.693734,36.3485,-1.34794,95.853,0.329312,1.09022,-1.2300256192684174,-0.8455694913864136,0.9111,747.4099731445312,1.78759,0.178362,1.44445,1.78759,-0.178362,3.07407,321.7,3.923170731,321.7,3.923170731,,,,,,,,,,,,,,,,,,,Austin Martin,27462,668885,OF,Austin Martin,1.8737695021315883,7.5816127164199685,0.03065845753503289,-0.6901628372617539,-0.37471528686142686,0.8041271474473386,0.8524786351206011,0.7061111791988285,4.93721430821242,-4.231103129013592,0.0,0.0,False,7,OF,OF 7
Adolis García,PHI,134.776,561.982,513.543,120.012,71.1902,23.9492,1.02107,23.8518,67.9067,77.9574,37.3216,0.953724,145.374,5.45644,5.18786,0.472749,7.74069,11.2674,3.37427,0.233695,0.0664108,0.258682,0.256727,0.289916,0.423643,0.307023,0.713559,0.189948,4.57008,0.275134,-0.0738575,0.125574,63.6504,-2.7521,94.2956,0.0517164,0.101147,-3.747799128293991,-6.138501964509487,0.901472,217.13999938964844,3.0302,0.279913,0.750984,3.0302,-0.279913,3.99869,597.4,4.425185185,597.4,4.425185185,,,,,,,,,,,,,,,,,,,Adolis Garcia,19287,666969,OF/DH,Adolis Garcia,-5.868044876484453,-14.65918601365994,1.1570627469458001,1.6101873313717567,1.5902637745854475,0.5731142003815688,-1.6482829382512565,3.5491042822300796,4.93721430821242,-1.3881100259823405,0.0,0.0,False,7,OF,OF 7
Max Muncy,ATH,96.9202,378.038,345.305,80.3659,51.2906,17.286,0.870827,10.9185,40.6399,41.3676,22.6041,0.599719,106.638,5.96267,2.58842,1.57784,4.84287,3.78141,1.80846,0.232739,0.0597932,0.282083,0.21197,0.28936,0.382702,0.292788,0.672063,0.149964,3.71098,0.301503,0.0984269,-0.507547,38.4475,-6.22067,85.8382,-0.40912,0.958371,-6.73671767115593,2.6087790727615356,0.886692,708.9199829101562,1.53549,0.299836,0.556245,1.53549,-0.299836,4.25834,350.4,3.612371134,350.4,3.612371134,,,,,,,,,,,,,,,,,,,Max Muncy,29779,691777,2B,Max Muncy,-4.275769949551267,-10.07123336470505,0.16816954966243997,0.16934214952273116,0.24921988157082353,-0.2000954086700643,-1.1324122708260496,-0.5435831517303383,4.290443792376481,-4.834026944106819,0.0,0.0,False,7,2B,2B 7
Casey Schmitt,SFG,72.186,281.508,255.983,61.0593,38.7494,12.1113,0.417799,9.78074,30.4005,32.2533,18.969,0.480581,65.6409,3.02852,2.50214,1.02551,4.2791,1.2685,0.52346,0.238528,0.0673834,0.233176,0.288981,0.296121,0.403731,0.30327,0.699852,0.165203,2.97471,0.280113,-0.0117462,-0.358524,31.0259,-2.23645,93.0389,-0.370271,0.731558,-2.6863521337509155,1.7687125205993652,0.880892,999.0,3.98291,0.337544,0.958998,3.98291,-0.337544,3.72134,279.5,3.881944444,279.5,3.881944444,,,,,,,,,,,,,,,,,,,Casey Schmitt,27577,669477,2B/3B/SS/DH,Casey Schmitt,-1.687846733690355,-5.596321706534907,-0.2031858350641592,0.04258903824405151,-0.08482611906605304,-0.4596477402497138,-0.6292519637346223,-1.0151427523591736,4.290443792376481,-5.305586544735654,0.0,0.0,False,7,2B,2B 7
Isaac Collins,KCR,107.56,409.776,354.048,83.4604,54.6897,18.2458,2.55984,7.96506,48.5854,40.842,46.1005,0.7427,92.1287,5.00615,2.71964,1.90125,5.88323,13.2728,4.33223,0.235732,0.112502,0.224827,0.500392,0.329923,0.369218,0.310379,0.699141,0.133486,5.6277,0.294129,0.0300134,0.186903,47.5278,-0.890369,97.9223,0.216917,0.427172,-0.7893608510494232,-4.552448689937592,0.872395,664.0900268554688,2.8164,-2.22403,0.831591,2.8164,2.22403,3.89121,421.8,3.905555555,421.8,3.905555555,,,,,,,,,,,,,,,,,,,Isaac Collins,25477,686555,2B/OF/DH,Isaac Collins,-3.324365262568476,5.704984929230315,0.4563313764633459,-0.159688321732106,0.22995624333917178,0.7802470645708269,0.6414700866111167,2.27439638230283,4.290443792376481,-2.0160474100736505,0.0,0.0,False,7,2B,2B 7
Victor Scott II,STL,130.43,506.994,450.455,99.1406,71.518,17.8582,2.67989,7.08452,55.6924,38.5349,38.3149,0.2834,113.99,8.08706,3.73993,6.39702,5.34762,32.766,5.71329,0.22009,0.0755727,0.224835,0.336125,0.290738,0.318816,0.272398,0.609553,0.0987258,7.04504,0.276345,-0.0641006,3.4369,43.1697,-16.7355,71.8319,3.3728,2.84966,-13.50615167617798,4.862466335296631,0.87121,367.19000244140625,2.06728,-0.0837211,1.85969,2.06728,0.0837211,2.52041,423.4,3.256923076,423.4,3.256923076,,,,,,,,,,,,,,,,,,,Victor Scott II,31349,687363,OF,Victor Scott II,-11.275604494620959,-12.808086164817976,0.7140830727787492,-0.2577856222219532,0.14539928031739968,2.7936520452300706,-1.4401447582047968,2.241051351415264,4.93721430821242,-2.696162956797156,0.0,0.0,False,7,OF,OF 7
Jordan Lawlar,ARI,91.3637,340.933,306.617,72.3292,46.2964,16.4535,2.01701,7.56234,40.2033,33.6435,26.8864,0.707878,91.9119,4.13309,2.34261,0.953659,3.44447,11.2893,2.80249,0.235895,0.0788614,0.26959,0.292524,0.303986,0.376704,0.298114,0.68069,0.140809,6.01361,0.309172,0.0797992,0.604446,36.148,-4.13577,88.8186,0.684245,0.175831,-3.833894431591034,0.9982915222644806,0.870404,268.9700012207031,5.95035,-1.11286,0.981593,5.95035,1.11286,3.69121,334.7,3.678021978,334.7,3.678021978,,,,,,,,,,,,,,,,,,,Jordan Lawlar,29976,691783,SS,Jordan Lawlar,-2.8290290881675673,-4.0962405587131085,0.15233524677636925,-0.20455368259393092,-0.03387423575242656,0.575376197851273,-0.46058242371766517,-0.2959793070241621,6.2323935944793165,-6.528372901503479,0.0,0.0,False,7,SS,SS 7
Marcelo Mayer,BOS,108.162,421.471,385.29,93.6382,59.018,21.9704,1.63965,11.0102,49.3912,46.7955,30.2256,1.4579,102.229,2.13417,3.22015,0.601049,6.22275,5.31738,1.97687,0.243033,0.0717145,0.242552,0.295666,0.299375,0.394296,0.300533,0.693671,0.151263,4.56172,0.300169,0.108353,-0.339707,45.5149,-4.28516,87.3733,-0.231354,-0.907979,-6.503698065876961,0.378097653388977,0.857456,624.6099853515625,2.02219,-0.443183,0.435962,2.02219,0.443183,4.41872,419.9,3.887962962,419.9,3.887962962,,,,,,,,,,,,,,,,,,,Marcelo Mayer,29668,691785,2B,Marcelo Mayer,-0.8047125170742042,-7.007291006901774,0.4855555662608626,0.17955806527320126,0.4481565291309105,-0.041448821750360104,-0.7879017429259003,0.4873135047226327,4.290443792376481,-3.8031302876538478,0.0,1.0,True,6,2B,2B 6
Joe Mack,MIA,61.7813,235.428,213.222,46.3742,29.6714,9.08389,0.600461,7.01849,25.1539,25.8696,17.6989,0.447541,66.0618,2.50649,1.71624,0.284738,3.56504,2.04087,0.593787,0.217492,0.0751774,0.280602,0.267914,0.283144,0.364477,0.283536,0.647621,0.146984,3.94389,0.27743,0.0129915,-0.161307,22.1753,-5.64239,78.4756,-0.148315,2.12486,-6.154301017522812,6.605914831161499,0.847595,999.0,2.33427,-0.751037,1.02608,2.33427,0.751037,3.6319,206.2,3.325806451,206.2,3.325806451,,,,,,,,,,,,,,,,,,,Joe Mack,sa3017374,691788,DH,Joe Mack,-5.891236259662012,-7.735409847440745,-0.39346584771202686,-0.26514174999734635,-0.31879356080767124,-0.3798715308581423,-0.8697716271583084,-3.287759304632154,0.0,-3.287759304632154,0.0,0.0,False,7,DH,DH 7
Luis Campusano,SDP,70.2227,255.427,229.517,53.2886,36.3233,9.62113,0.238724,7.10544,28.6919,28.6869,22.7165,0.0800184,57.6749,1.57721,1.45156,0.16517,7.61191,1.00214,0.151111,0.232177,0.0889354,0.225798,0.393872,0.303932,0.369051,0.296822,0.672983,0.136874,2.83955,0.277897,-0.0159015,-0.2611,26.8143,-3.36642,88.6096,-0.277001,-0.301824,-3.715667486190796,3.258851796388626,0.83773,999.0,2.55553,0.0547397,0.980176,2.55553,-0.0547397,3.6931,238.5,3.407142857,238.5,3.407142857,,,,,,,,,,,,,,,,,,,Luis Campusano,22217,669134,C,Luis Campusano,-2.971003270008047,-3.082696441334594,-0.2651521426938902,-0.2554550119984,-0.21553738122237412,-0.48715941358443543,-0.3466192422502082,-1.6326145488644197,3.475655594645327,-5.108270143509746,0.0,0.0,False,7,C,C 7
Luis Rengifo,MIL,106.859,424.874,390.589,96.4786,70.3603,15.4708,2.53179,8.11571,45.3894,41.1072,27.2681,0.215098,77.5537,3.75177,2.25039,1.01483,6.81059,11.385,4.23248,0.247008,0.0641792,0.182533,0.351603,0.300804,0.361915,0.291324,0.662719,0.114907,5.35118,0.287668,0.404102,-0.12414,42.7058,-7.49636,85.906,0.279962,-0.78976,-6.81729182600975,0.8592991828918457,0.836678,619.7899780273438,2.29962,0.973224,0.859629,2.29962,-0.973224,3.85383,385.1,3.59906542,385.1,3.59906542,,,,,,,,,,,,,,,,,,,Luis Rengifo,19858,650859,2B/3B,Luis Rengifo,0.7368113239722147,-6.456723645828101,0.340421087814967,-0.14290503157061935,0.23967602427340695,0.585260816931213,-0.7259957962539554,0.7270987786457026,4.290443792376481,-3.5633450137307783,0.0,0.0,False,7,2B,2B 7
Josh Bell,MIN,129.78,539.206,475.746,117.299,76.4621,20.1815,1.01619,19.6396,60.1215,64.3629,55.0521,1.17637,100.254,4.32575,3.57175,0.510543,12.6017,0.731204,1.05498,0.246559,0.102098,0.18593,0.549124,0.327972,0.417096,0.325084,0.745068,0.170537,2.06963,0.271712,-0.783169,-1.1748,68.9774,5.26604,107.724,-1.95797,-2.35113,2.9507800340652466,-13.34198522567749,0.835627,654.1500244140625,2.55894,-2.32579,0.461117,2.55894,2.32579,4.38518,607.0,4.669230769,607.0,4.669230769,,,,,,,,,,,,,,,,,,,Josh Bell,13145,605137,1B/DH,Josh Bell,0.683842457958566,6.45494484365482,0.8747145682269767,1.1409236419046862,1.0920150494328826,-0.515143730774014,0.7257957872445898,3.623753554328353,5.94346703347981,-2.319713479151457,0.0,0.0,False,7,1B,1B 7
Jac Caglianone,KCR,120.998,493.437,446.211,106.872,65.9176,20.3129,1.49608,19.1453,58.6009,63.7587,37.5619,1.82955,110.329,6.38744,2.94055,0.335792,8.62585,3.55534,0.991319,0.23951,0.076123,0.223592,0.340455,0.305863,0.420458,0.314074,0.726321,0.180948,3.76444,0.274422,-0.0993046,-0.408123,58.7115,0.408125,100.46,-0.507428,-1.77938,-0.2388753592967987,-8.300403952598572,0.834947,179.52000427246094,3.56287,0.781476,0.356992,3.56287,-0.781476,4.52401,532.3,4.399173553,532.3,4.399173553,,,,,,,,,,,,,,,,,,,Jac Caglianone,35041,695506,1B,Jac Caglianone,-2.503952810230132,-5.0023638099110395,0.8195665128706799,1.085855733993482,1.0698706616483242,-0.22344562638586446,-0.5624671732194839,2.3109153669839166,5.94346703347981,-3.6325516664958934,0.0,0.0,False,7,1B,1B 7
Nathan Lukes,TOR,80.5578,315.273,282.36,72.7001,51.2145,14.1901,1.12223,6.17325,36.4914,34.1465,24.9539,1.0181,50.3659,1.9893,2.64552,3.32433,6.65744,2.80038,1.09751,0.257473,0.0791499,0.159753,0.495451,0.319422,0.381266,0.306501,0.700688,0.123793,3.8928,0.291188,0.0146116,-0.398623,35.5742,-1.67779,96.2842,-0.384012,2.08293,-1.7647487223148346,-1.0546069145202637,0.821758,999.0,2.441,1.85854,1.0453,2.441,-1.85854,3.60627,313.4,3.869135802,313.4,3.869135802,,,,,,,,,,,,,,,,,,,Nathan Lukes,18123,664770,OF,Nathan Lukes,3.487544365062495,1.07861314323039,0.017714658405306106,-0.3593064242495534,-0.015438904644129822,-0.30142359943279895,0.1212795607684877,-0.5167459178714403,4.93721430821242,-5.45396022608386,0.0,0.0,False,7,OF,OF 7
Victor Caratini,MIN,88.2962,336.523,300.564,75.1394,53.4824,11.871,0.244866,9.54112,34.8909,38.0675,25.2303,0.542641,61.0394,7.02891,3.52833,0.171075,7.4311,1.00505,0.313455,0.249994,0.0749735,0.181382,0.413345,0.319304,0.386351,0.309789,0.705656,0.136357,2.39389,0.28092,-0.549638,-0.48981,38.8703,-0.892437,97.1878,-1.03945,-1.63613,-2.154871106147766,-1.454452022910118,0.815763,691.260009765625,1.31841,-1.06446,0.898417,1.31841,1.06446,3.80211,345.7,3.92840909,345.7,3.92840909,,,,,,,,,,,,,,,,,,,Victor Caratini,14968,605170,C,Victor Caratini,1.4644712920119087,1.1116040071220747,-0.04033115416720019,0.015893970281917788,0.1282687161821753,-0.48685884679736513,0.12498906264807104,-0.09242937401224618,3.475655594645327,-3.568084968657573,0.0,0.0,False,7,C,C 7
Kody Clemens,MIN,73.6411,284.174,258.435,59.3353,32.7285,11.6917,1.87737,13.0378,33.1102,35.5271,20.6633,0.373777,69.2321,2.56885,1.52163,0.985164,3.43256,3.21833,0.994513,0.229595,0.0727135,0.243626,0.298464,0.291563,0.440711,0.314481,0.732274,0.211116,4.83294,0.260557,0.0679586,-0.130572,33.9064,0.329069,100.42,-0.062613,1.31407,0.0781576633453369,-1.894695520401001,0.814845,702.5700073242188,2.14597,0.384442,0.864364,2.14597,-0.384442,3.84752,315.7,4.266216216,315.7,4.266216216,,,,,,,,,,,,,,,,,,,Kody Clemens,20572,665019,1B/2B/3B/OF/DH,Kody Clemens,-4.012614069308242,-6.944586335562709,-0.10491233407839191,0.40544455137629065,0.03516113139585897,-0.2582545655303852,-0.7808512123015858,0.06880808628454638,4.290443792376481,-4.221635706091934,0.0,0.0,False,7,1B,1B 7
Cam Smith,HOU,117.9,465.784,417.406,100.236,67.7099,19.8212,2.26093,10.4442,53.27,47.8599,39.102,0.786303,123.393,5.98652,2.66703,0.623318,7.90086,7.14144,1.68359,0.240141,0.0839487,0.264914,0.31689,0.312418,0.373527,0.302003,0.685945,0.133385,4.79897,0.3137,0.0970063,-0.000638743,50.8563,-4.17967,93.1576,0.0963676,0.411195,-3.659997031092644,-4.440642178058624,0.811431,380.75,2.13117,-0.907688,0.381828,2.13117,0.907688,4.4909,449.1,3.805932203,449.1,3.805932203,,,,,,,,,,,,,,,,,,,Cam Smith,35108,701358,OF,Cam Smith,-2.0789277985049086,-1.668809207872877,0.626229166889565,0.11650235846004862,0.48716759559546546,0.146953877089302,-0.18764136985302365,1.4239068088256162,4.93721430821242,-3.513307499386804,0.0,0.0,False,7,OF,OF 7
Henry Davis,PIT,74.1797,274.657,244.066,52.9774,34.0122,10.8704,0.838978,7.25586,28.7754,27.1083,21.4145,0.752155,72.1737,5.49738,2.06502,1.61376,3.30305,3.49976,1.20423,0.217062,0.0779681,0.262778,0.296707,0.292589,0.357663,0.28643,0.650251,0.140601,4.24975,0.274272,-0.134323,-0.190435,26.5155,-5.93727,79.9154,-0.324758,-0.0981573,-6.862808346748352,5.625587999820709,0.808338,747.1300048828125,1.52006,-0.235066,0.937948,1.52006,0.235066,3.7494,237.1,3.204054054,237.1,3.204054054,,,,,,,,,,,,,,,,,,,Henry Davis,29617,680779,C,Henry Davis,-6.848391687682453,-6.430213745847197,-0.2621238232001043,-0.23869734518067126,-0.273394267281136,-0.22918634873135116,-0.7230150157527355,-1.6581990260365354,3.475655594645327,-5.133854620681863,0.0,0.0,False,7,C,C 7
Chandler Simpson,TBR,108.466,447.453,415.159,118.494,99.4341,15.4147,2.91383,0.731093,55.2497,32.0588,24.4842,0.416498,47.9288,0.843186,2.76674,4.20074,8.49244,41.5302,8.88242,0.285418,0.0547191,0.107115,0.510847,0.324468,0.341868,0.294459,0.666335,0.0564499,6.98196,0.31891,-0.208665,3.84765,46.1143,-6.75574,86.9863,3.63898,0.323995,-3.2433290481567383,-4.0795513689517975,0.800173,183.83999633789065,1.3441,-0.403868,2.62457,1.3441,0.403868,1.50057,445.4,4.124074074,445.4,4.124074074,,,,,,,,,,,,,,,,,,,Chandler Simpson,31912,802415,OF,Chandler Simpson,16.729417628335387,3.788675681735007,0.698027539366785,-0.9655945094494598,-0.0919546914329791,4.253717566972505,0.425999743706926,4.636569485940428,4.93721430821242,-0.30064482227199196,0.0,0.0,False,7,OF,OF 7
Jacob Young,WSN,83.1399,313.061,280.343,68.5596,52.7306,11.8871,1.723,2.21892,33.9584,23.3459,20.8102,0.257379,57.9342,4.60831,1.68273,5.61664,5.83532,15.605,4.41164,0.244556,0.0664732,0.185057,0.359203,0.305675,0.322995,0.280621,0.628671,0.0784391,6.14162,0.299004,0.517319,0.800148,28.7465,-8.24408,77.8393,1.31747,2.91644,-6.905075788497925,4.199461817741394,0.788829,999.0,1.14717,0.752525,1.53251,1.14717,-0.752525,2.95666,268.6,3.236144578,268.6,3.236144578,,,,,,,,,,,,,,,,,,,Jacob Young,29931,696285,OF,Jacob Young,-0.15855896160378935,-3.2326041262776792,-0.07415041078941981,-0.7998418891302148,-0.41128907794088876,1.0211343019609675,-0.3634749038929614,-0.4706787851927815,4.93721430821242,-5.407893093405201,0.0,0.0,False,7,OF,OF 7
Victor Robles,SEA,83.7236,329.648,293.258,70.9402,49.821,13.9115,1.52277,5.68489,39.4,28.7463,21.2404,0.165877,71.6176,8.85205,2.53673,3.76016,5.06085,17.7867,4.49147,0.241904,0.0644338,0.217255,0.296581,0.310023,0.357882,0.295775,0.667906,0.115979,6.53062,0.298662,-0.200177,1.19153,34.3254,-4.625,94.8233,0.991358,0.940519,-1.0199331641197205,-2.6894736886024475,0.781313,705.0499877929688,3.03413,0.507877,1.39476,3.03413,-0.507877,3.14032,326.0,3.88095238,326.0,3.88095238,,,,,,,,,,,,,,,,,,,Victor Robles,18363,645302,OF,Victor Robles,-0.9435837615923744,-1.9705686060781717,0.12320172522716936,-0.4137125814567465,-0.21336032621674225,1.2464767622191228,-0.22157128022153078,0.49224268555576,4.93721430821242,-4.44497162265666,0.0,0.0,False,7,OF,OF 7
Miguel Amaya,CHC,78.7413,293.579,263.573,60.8651,40.0606,12.277,0.788266,7.73925,30.6936,35.4407,20.0659,0.310031,62.7867,5.33033,2.14545,2.4637,4.2571,1.07954,0.249357,0.230923,0.0683494,0.213867,0.319589,0.296314,0.371572,0.293143,0.667885,0.140649,3.29534,0.272171,-0.280579,-0.316285,29.9423,-4.74622,86.0822,-0.596864,-1.49653,-5.426128447055817,3.0130045413970947,0.769681,736.3400268554688,2.67603,1.84987,0.82074,2.67603,-1.84987,3.90568,270.2,3.420253164,270.2,3.420253164,,,,,,,,,,,,,,,,,,,Miguel Amaya,21693,665804,C,Miguel Amaya,-3.742364740407226,-5.779629981088764,-0.1925558896314809,-0.18484487501033575,0.0319945059331218,-0.4791649567737001,-0.6498631969303708,-1.5044649302555868,3.475655594645327,-4.980120524900913,0.0,0.0,False,7,C,C 7
Lane Thomas,KCR,95.2556,389.7,349.631,80.5668,49.5097,17.1992,1.66228,12.1956,47.2899,42.8695,31.5013,0.166586,101.607,4.54467,3.58527,0.438419,5.07365,13.2765,4.55509,0.230434,0.0808348,0.260731,0.310031,0.299574,0.393779,0.30237,0.693353,0.163345,5.64854,0.285578,0.138052,0.226197,42.6655,-3.38064,92.4209,0.36425,-0.28344,-3.1266159117221832,-2.635429322719574,0.759885,716.6099853515625,2.95863,-0.655125,0.765278,2.95863,0.655125,3.97963,398.8,4.197894736,398.8,4.197894736,,,,,,,,,,,,,,,,,,,Lane Thomas,16939,657041,OF,Lane Thomas,-5.135236485253136,-6.401522531558091,0.4093470901855065,0.3116185508850588,0.30426565451625265,0.7806292285268958,-0.7197889676661381,1.1409297801719573,4.93721430821242,-3.796284528040463,0.0,0.0,False,7,OF,OF 7
Nasim Nuñez,WSN,95.3386,346.103,305.793,69.6692,53.5994,10.676,0.975578,4.41825,39.1249,27.2157,31.2768,0.258187,80.4581,1.61282,2.57346,4.84688,4.90765,23.8776,5.31928,0.227831,0.0903686,0.232469,0.388735,0.300533,0.31247,0.275144,0.613003,0.0846387,6.31948,0.291963,-0.242514,2.02791,30.2416,-10.6532,74.0876,1.7854,2.40174,-8.843960762023926,4.647364377975464,0.748757,616.030029296875,2.45028,-0.584929,1.65856,2.45028,0.584929,2.78858,291.8,3.071578947,291.8,3.071578947,,,,,,,,,,,,,,,,,,,Nasim Nunez,25979,683083,SS,Nasim Nunez,-5.287341130700541,-5.3534507147625146,0.11322459118237296,-0.5548236777072975,-0.2694579759073169,1.8755909351972582,-0.6019434821066817,0.6134151266932132,6.2323935944793165,-5.618978467786103,0.0,0.0,False,7,SS,SS 7
Kyle Higashioka,TEX,74.554,274.142,252.796,55.8001,33.6102,11.2068,0.749592,10.2335,27.5488,34.7345,16.9022,0.0647718,67.6507,1.22224,2.43945,0.782081,3.45503,2.19553,0.597174,0.220731,0.061655,0.246772,0.249846,0.270429,0.392437,0.286324,0.662866,0.171705,3.67347,0.256928,-0.560457,-0.146555,26.4422,-5.94983,83.1868,-0.707012,-1.50698,-6.139493644237518,3.924563407897949,0.738758,999.0,3.36255,1.15306,0.889258,3.36255,-1.15306,3.81432,247.2,3.296,247.2,3.296,,,,,,,,,,,,,,,,,,,Kyle Higashioka,5517,543309,C,Kyle Higashioka,-6.165843377040591,-12.493143390734929,-0.3066092925543289,0.09302914746087662,0.0061117408661651405,-0.36389707749446887,-1.4047325053987492,-2.0944369039563013,3.475655594645327,-5.570092498601628,0.0,0.0,False,7,C,C 7
Carson Benge,NYM,92.8858,370.913,330.548,78.2294,50.6145,16.0893,2.02187,9.50376,44.7242,39.7799,33.0399,1.43535,79.9668,4.42258,2.03315,0.869682,5.73172,8.37717,1.84397,0.236666,0.0890773,0.215594,0.413171,0.312644,0.383828,0.304985,0.696472,0.147163,5.5529,0.282693,-0.128368,0.348315,41.3961,-2.43017,94.2172,0.219947,0.356872,-2.315143048763275,-3.0612882375717163,0.734284,999.0,2.58343,0.804404,0.683681,2.58343,-0.804404,4.08843,378.2,4.066666666,378.2,4.066666666,,,,,,,,,,,,,,,,,,,Carson Benge,sa3025452,701807,OF,Carson Benge,-2.7949780853317905,-1.2450793988216848,0.31629608030279505,0.011731848008880046,0.19102947361725928,0.2745894082873632,-0.13999707268422282,0.7233131066954497,4.93721430821242,-4.21390120151697,0.0,0.0,False,7,OF,OF 7
Edgar Quero,CHW,109.556,427.936,382.221,97.2028,70.9018,17.6998,0.343021,8.2582,41.9012,43.4956,36.3905,0.422833,77.9725,5.3139,3.45462,0.555323,8.80367,1.00575,0.647048,0.25431,0.0850373,0.182206,0.46671,0.32502,0.36723,0.306356,0.69225,0.11292,2.11255,0.297031,-0.300271,-0.804426,48.2364,-2.32756,95.1588,-1.1047,-1.89026,-3.5533018112182617,-3.862712025642395,0.723061,509.3399963378906,2.14436,-0.418685,0.781337,2.14436,0.418685,3.95822,410.7,3.733636363,410.7,3.733636363,,,,,,,,,,,,,,,,,,,Edgar Quero,28022,700337,C,Edgar Quero,3.5120035800547846,3.8596419397956154,0.21391349430330386,-0.1270308130833293,0.3272126938937966,-0.4867865455083791,0.43397920943195584,0.5474246930782,3.475655594645327,-2.928230901567127,0.0,0.0,False,7,C,C 7
Kyle Isbel,KCR,117.792,443.918,401.011,93.9868,64.4085,18.0071,4.27787,7.29332,50.783,39.6643,27.4668,0.295929,86.9303,4.08189,3.29323,8.06536,7.0489,8.27764,2.97522,0.234375,0.0618735,0.195825,0.315963,0.288023,0.355176,0.281828,0.643199,0.120802,5.95001,0.279584,0.695494,-0.194399,41.1974,-11.255,78.3092,0.501095,1.09742,-10.87945568561554,2.915200352668762,0.722311,999.0,1.88669,-1.29453,0.612028,1.88669,1.29453,4.18396,366.0,3.101694915,366.0,3.101694915,,,,,,,,,,,,,,,,,,,Kyle Isbel,21614,664728,OF,Kyle Isbel,-4.309500465242969,-12.419847393222506,0.5360323934638708,-0.23452408232339095,0.18679264603054135,0.26430919786911405,-1.396491083124057,-0.4048448714879831,4.93721430821242,-5.342059179700403,0.0,0.0,False,7,OF,OF 7
Jake Rogers,DET,54.6611,195.187,175.378,36.4583,22.0242,7.62844,0.72446,6.08123,21.5565,21.9447,15.7233,0.128497,55.8958,1.83983,1.34322,0.902649,2.80517,0.851996,0.225302,0.207884,0.0805548,0.28637,0.281296,0.278053,0.363667,0.281396,0.64172,0.155783,3.80101,0.264736,-0.0401576,-0.18236,18.0457,-5.01719,78.1359,-0.222517,1.32683,-5.252369791269302,5.544505834579468,0.717228,999.0,1.47362,0.93003,1.11518,1.47362,-0.93003,3.51309,167.8,3.05090909,167.8,3.05090909,,,,,,,,,,,,,,,,,,,Jake Rogers,19452,668670,C,Jake Rogers,-6.530653911528508,-7.406916523143778,-0.523933830310174,-0.3695579898696,-0.4626441195888915,-0.5026674203465936,-0.8328357467305967,-2.710449453477238,3.475655594645327,-6.186105048122565,0.0,0.0,False,7,C,C 7
Brooks Baldwin,CHW,95.4717,364.273,332.609,79.7146,51.8317,14.9534,1.33629,11.5932,39.5191,39.8829,24.279,0.439748,86.3672,1.83875,2.16764,3.37897,5.09952,7.16408,1.9271,0.239665,0.0666507,0.237095,0.281114,0.29325,0.397224,0.299641,0.690475,0.157559,4.61584,0.287655,0.00351073,0.13194,39.0744,-3.96723,90.5461,0.13545,-0.697581,-3.934813469648361,-1.4198004007339478,0.713523,746.9199829101562,2.55642,0.506504,0.766779,2.55642,-0.506504,3.97763,362.7,3.817894736,362.7,3.817894736,,,,,,,,,,,,,,,,,,,Brooks Baldwin,31394,681460,2B,Brooks Baldwin,-1.8149106635885053,-8.287500833160534,0.1275211605769886,0.24450767140759713,0.19480450165732804,0.14929230735021992,-0.9318488906077438,-0.1403923574440586,4.290443792376481,-4.430836149820539,0.0,0.0,False,7,2B,2B 7
Trevor Larnach,MIN,102.365,422.516,373.299,91.6856,59.8131,17.7848,1.02171,13.0659,49.5051,48.2461,41.9097,1.30351,99.0909,3.07894,4.03612,0.191994,8.25085,3.37501,1.4777,0.245609,0.0991907,0.234526,0.422942,0.323624,0.403729,0.317292,0.727353,0.15812,3.59952,0.296478,-0.145132,-0.613402,51.3771,1.45359,102.357,-0.758534,-0.858798,0.4150924682617187,-8.03678983449936,0.708066,747.3499755859375,2.37236,0.228151,0.428984,2.37236,-0.228151,4.42802,460.2,4.511764705,460.2,4.511764705,,,,,,,,,,,,,,,,,,,Trevor Larnach,21501,663616,OF/DH,Trevor Larnach,0.18194997953145922,3.2209255199286737,0.48968641165418253,0.4085750555484629,0.5013221182078395,-0.24207147130420942,0.3621617581582914,1.681109330573538,4.93721430821242,-3.256104977638882,0.0,0.0,False,7,OF,OF 7
Blaze Alexander,BAL,79.3824,309.265,273.445,61.4711,41.4442,11.4922,1.21153,7.32319,34.483,30.1515,24.9566,0.0321984,94.2398,6.84535,2.0302,1.98764,4.55341,5.47323,2.44209,0.224802,0.0806967,0.304722,0.26482,0.303547,0.356035,0.292851,0.659582,0.131232,4.79974,0.311352,0.300591,-0.388767,31.469,-5.07305,87.7225,-0.0881759,-0.359723,-4.563389472663403,0.7972564101219177,0.703731,747.3599853515625,2.94113,0.891384,0.865799,2.94113,-0.891384,3.8456,271.9,3.441772151,271.9,3.441772151,,,,,,,,,,,,,,,,,,,Blaze Alexander,23789,677942,SS,Blaze Alexander,-5.55629005758495,-3.851523323391872,-0.055124585562592664,-0.2311963898101243,-0.16185868153805733,-0.025351456195410512,-0.4330663499533959,-0.95192679942315,6.2323935944793165,-7.184320393902467,0.0,0.0,False,7,SS,SS 7
Edmundo Sosa,PHI,66.0126,245.221,226.217,56.0022,36.4578,10.5838,1.52945,7.43115,28.8737,28.835,10.3974,0.137082,55.9769,5.0117,1.88503,1.70962,4.66904,2.97102,0.952384,0.247559,0.0423999,0.228271,0.185743,0.293256,0.406416,0.302821,0.699673,0.158857,5.02439,0.294917,0.236307,-0.137317,26.9372,-2.03751,91.417,0.0989898,0.952426,-2.3955642879009247,1.0722749084234238,0.699334,999.0,4.09911,2.17307,1.14622,4.09911,-2.17307,3.4717,244.6,3.706060606,244.6,3.706060606,,,,,,,,,,,,,,,,,,,Edmundo Sosa,17022,624641,2B/3B/SS,Edmundo Sosa,0.5513837682166809,-5.577501701944588,-0.2585587476762822,-0.2191690150618064,-0.21010940401136272,-0.28379861092913133,-0.6271358372024174,-1.3319740643449125,4.290443792376481,-5.622417856721393,0.0,0.0,False,7,2B,2B 7
Harry Ford,WSN,98.1878,289.049,249.564,56.8756,38.9006,11.2966,0.414514,6.26389,31.6998,29.0064,28.6773,0.259275,70.5416,5.55484,5.01623,0.236886,3.70469,4.76542,1.51434,0.2279,0.0992127,0.244047,0.40653,0.315457,0.351786,0.296481,0.667243,0.123886,4.186,0.284697,-0.024469,-0.148153,30.2638,-3.8896,88.7043,-0.172622,0.0626167,-4.042336776852608,1.2502398192882538,0.698245,699.4600219726562,3.87979,1.53607,0.954013,3.87979,-1.53607,3.72798,266.4,2.718367346,266.4,2.718367346,,,,,,,,,,,,,,,,,,,Harry Ford,29958,695670,C,Harry Ford,-4.297888676878682,-0.15718378669344868,-0.156063733048878,-0.34920859869205495,-0.20382746414662706,-0.0984594209913609,-0.017673788540174748,-1.0035572664014432,3.475655594645327,-4.47921286104677,0.0,0.0,False,7,C,C 7
Kyle Karros,COL,64.6632,257.44,230.703,59.2673,41.2966,12.6887,1.06274,4.21924,29.5413,24.5462,21.9462,1.10422,60.5489,2.99083,1.63532,0.164792,5.00208,2.38019,0.501103,0.256899,0.0852479,0.235196,0.362455,0.327293,0.375978,0.309082,0.703271,0.119079,4.30883,0.328507,-0.150083,-0.159135,29.5882,-0.830344,83.6637,-0.309218,2.53365,-5.293758302927017,3.5315348505973816,0.696019,999.0,3.70555,0.88989,1.28505,3.70555,-0.88989,3.2866,256.4,3.944615384,256.4,3.944615384,,,,,,,,,,,,,,,,,,,Kyle Karros,33252,691720,DH,Kyle Karros,2.7170840132493677,2.907064911644045,-0.23434669864572594,-0.5769945544085086,-0.3672971735089036,-0.34482399745996783,0.32687118437454593,-2.3814363158399496,0.0,-2.3814363158399496,0.0,0.0,False,7,DH,DH 7
Nolan Gorman,STL,121.664,496.126,440.973,93.1401,54.2609,17.7092,0.541394,20.6286,56.4333,62.0407,49.2536,1.51171,162.072,1.90915,3.56758,0.423122,4.09613,3.69979,1.22928,0.211215,0.0992763,0.326676,0.303899,0.291107,0.394169,0.298122,0.685276,0.182954,3.12554,0.276931,-0.96274,-0.449446,52.6058,-6.01533,89.5022,-1.41219,1.0046,-7.567845582962036,-2.4540148973464966,0.692572,678.3200073242188,2.4999,-2.3092,0.882918,2.4999,2.3092,3.82278,492.9,4.040163934,492.9,4.040163934,,,,,,,,,,,,,,,,,,,Nolan Gorman,22263,669357,2B,Nolan Gorman,-14.951890341215242,-12.35045960025453,0.7409535148499583,1.2511040200640642,1.006904659970285,-0.20852573896582943,-1.388689100451523,1.628341026615899,4.290443792376481,-2.6621027657605816,0.0,0.0,False,7,2B,2B 7
Braxton Fulford,COL,52.1322,190.713,170.843,40.5355,25.0197,8.92761,1.0493,5.5389,22.2459,22.0255,13.399,0.0216462,52.1426,3.97851,1.80871,0.684026,2.28462,2.19352,0.906354,0.237267,0.0702571,0.273408,0.256968,0.304758,0.39907,0.306964,0.703828,0.161803,4.75217,0.304396,0.0763916,-0.212213,21.5911,-0.943165,82.2124,-0.135822,0.531024,-4.156444534659386,4.5535666942596436,0.689812,999.0,2.03674,0.497767,1.30315,2.03674,-0.497767,3.26246,198.8,3.823076923,198.8,3.823076923,,,,,,,,,,,,,,,,,,,Braxton Fulford,29704,690924,DH,Braxton Fulford,-1.3419015756924078,-2.144147417343189,-0.49893115415429407,-0.42997672039252777,-0.45968273836910944,-0.36410468548141434,-0.241088529868507,-3.079261928299863,0.0,-3.079261928299863,0.0,0.0,False,7,DH,DH 7
Joc Pederson,TEX,101.029,398.569,342.859,78.3538,47.0043,14.0324,1.03734,16.2798,48.0415,49.1953,44.6864,1.70617,90.1872,8.03255,2.68047,0.311287,6.12229,3.08361,0.998441,0.228531,0.112117,0.226277,0.495485,0.329115,0.417957,0.326259,0.747072,0.189426,3.64477,0.259646,-0.37299,-0.439234,51.3668,4.27274,110.697,-0.812225,-0.640653,4.212674856185913,-11.39833152294159,0.668351,999.0,2.5096,-0.972357,0.406487,2.5096,0.972357,4.45802,452.4,4.47920792,452.4,4.47920792,,,,,,,,,,,,,,,,,,,Joc Pederson,11899,592626,DH,Joc Pederson,-5.68823280846833,5.226915040751144,0.4366055923595119,0.7666222925215933,0.5361110173887447,-0.27216946503351525,0.5877157758507772,1.2024714461604002,0.0,1.2024714461604002,7.91,7.91,False,6,DH,DH 6
Ramón Urías,STL,73.2337,283.615,256.725,62.0597,41.841,11.9539,0.827338,7.43746,29.5704,30.8128,20.4823,0.0357185,62.6472,3.26624,2.73425,0.407849,4.6487,1.95973,0.479502,0.241736,0.0722186,0.220888,0.326947,0.302987,0.381657,0.299634,0.684644,0.13992,3.6116,0.288436,-0.2166,-0.237182,30.4208,-3.09053,90.5409,-0.453782,-0.620796,-3.624537527561188,0.5093542337417603,0.663351,999.0,1.08941,-1.17592,1.02301,1.08941,1.17592,3.63598,269.3,3.689041095,269.3,3.689041095,,,,,,,,,,,,,,,,,,,Ramon Urias,18795,602104,3B,Ramon Urias,-0.8691653768463349,-3.6909078474117223,-0.23329132023531673,-0.2184660441960979,-0.13762153549050934,-0.3882522831271741,-0.415006701318711,-1.2611220194114845,4.432236963281538,-5.693358982693022,0.0,0.0,False,7,3B,3B 7
Lourdes Gurriel Jr.,ARI,83.3152,350.263,323.033,85.242,56.3061,16.5676,1.19205,11.1763,39.3048,46.0417,20.114,0.4191,55.6092,3.65631,3.31353,0.146746,6.57757,5.1662,1.66827,0.26388,0.0574253,0.158764,0.361702,0.31136,0.426342,0.318404,0.737702,0.162462,4.22683,0.28535,-0.145718,-0.175818,42.9074,1.52108,102.718,-0.321536,-0.253325,0.8067129850387573,-6.152551203966141,0.645337,690.739990234375,3.37201,-0.0427019,0.961154,3.37201,0.0427019,3.71846,387.3,4.66626506,387.3,4.66626506,,,,,,,,,,,,,,,,,,,Lourdes Gurriel Jr.,19238,666971,OF,Lourdes Gurriel Jr.,6.059585729198161,-1.6254992465140599,0.11974907833126026,0.19806257570017066,0.4205291879988348,-0.05706383442021752,-0.18277158579424044,0.48683897068953896,4.93721430821242,-4.450375337522881,0.0,0.0,False,7,OF,OF 7
Romy Gonzalez,BOS,54.3275,210.094,194.154,51.2134,33.6076,10.0932,1.40372,6.10891,25.4593,26.5756,11.8668,0.50017,52.4505,1.71923,2.08266,0.270649,3.84331,5.32746,1.9102,0.263777,0.0564836,0.249653,0.226248,0.308829,0.424615,0.315606,0.733444,0.160838,5.46405,0.32761,-0.117489,-0.0250227,25.2593,0.435074,97.7567,-0.142512,-0.0704214,-0.6980028748512268,-0.2727907449007034,0.640506,999.0,3.75367,-0.351153,1.42164,3.75367,0.351153,3.10448,228.6,4.233333333,228.6,4.233333333,,,,,,,,,,,,,,,,,,,Romy Gonzalez,21562,663853,1B/2B/SS,Romy Gonzalez,3.622022636421952,-1.5067513791022955,-0.3823898144976292,-0.3664742761512465,-0.29291812589224864,-0.040407683188961985,-0.1694195426708265,-0.9905989545846032,4.290443792376481,-5.281042746961084,0.0,0.0,False,7,1B,1B 7
Colby Thomas,ATH,67.4815,261.292,238.087,55.4149,31.0699,13.0672,0.912426,10.3655,31.1983,31.9543,15.5409,0.00627771,80.1393,4.28161,2.39096,0.991972,3.76011,4.35165,1.4538,0.232751,0.0594772,0.306704,0.193924,0.289041,0.425909,0.308014,0.71495,0.193158,4.97964,0.300384,-0.0807344,-0.0609607,29.8042,-1.06952,96.2975,-0.141695,0.686366,-1.2851211726665497,-1.3666421175003052,0.633467,747.4500122070312,1.72257,-3.13169,0.972011,1.72257,3.13169,3.70398,272.2,4.062686567,272.2,4.062686567,,,,,,,,,,,,,,,,,,,Colby Thomas,31855,687515,DH,Colby Thomas,-2.9452764611007414,-7.0443791038364845,-0.17425178366125663,0.10773471866111736,-0.0957846956095536,-0.14119671291097258,-0.7920719388244126,-2.0571531998069235,0.0,-2.0571531998069235,0.0,0.0,False,7,DH,DH 7
Spencer Steer,CIN,100.684,414.92,367.62,86.3606,53.2969,18.2447,1.29287,13.5262,48.049,50.5275,39.8305,0.207625,89.8217,4.93128,2.15562,0.382942,5.39503,7.42763,1.91869,0.234918,0.0959956,0.21648,0.443439,0.31631,0.401964,0.314817,0.718274,0.167045,4.52045,0.273374,-0.299891,0.0538078,49.6194,0.593397,96.3645,-0.246083,0.816698,-2.033887967467308,-5.652628779411316,0.625945,328.3500061035156,5.0544,0.519209,0.420713,5.0544,-0.519209,4.43905,445.8,4.413861386,445.8,4.413861386,,,,,,,,,,,,,,,,,,,Spencer Steer,26323,668715,1B/OF,Spencer Steer,-3.7510434466345366,0.12829478488558477,0.4368775971044627,0.45985516481718064,0.5849371567574781,0.17651374265344066,0.014425501170153433,1.7760624443059163,4.93721430821242,-3.161151863906504,0.0,0.0,False,7,1B,1B 7
Vaughn Grissom,LAA,58.6287,231.13,209.689,50.6795,36.1492,9.79405,0.240241,4.49602,25.3948,21.599,16.4555,0.176524,47.247,3.12284,1.68801,0.174486,4.31779,3.67423,1.17578,0.241689,0.071196,0.204418,0.348287,0.304206,0.355012,0.291243,0.659218,0.113323,3.99474,0.289309,0.128624,-0.113387,23.2167,-4.09307,83.9924,0.0152365,1.45881,-4.345454100519419,2.4540480971336365,0.620393,999.0,4.96899,0.355858,1.29303,4.96899,-0.355858,3.27596,204.0,3.457627118,204.0,3.457627118,,,,,,,,,,,,,,,,,,,Vaughn Grissom,26031,687093,2B,Vaughn Grissom,-0.7197761881632374,-2.726131276795033,-0.3847290553042063,-0.5461596453418224,-0.4753142865156076,-0.21116576888937458,-0.3065269563253517,-2.272841109684841,4.290443792376481,-6.563284902061321,0.0,0.0,False,7,2B,2B 7
JJ Bleday,CIN,85.1001,333.18,294.781,66.8431,37.7044,15.0845,0.914078,13.1401,39.6887,39.5189,34.9503,1.01318,77.8126,1.46687,1.77179,0.209977,4.26067,2.23659,0.939344,0.226755,0.104899,0.233546,0.449159,0.310119,0.417857,0.316011,0.727976,0.191101,3.50597,0.261202,-0.178093,-0.419998,40.1672,0.799509,97.1825,-0.598091,0.403244,-1.710680902004242,-3.3264515697956085,0.618769,747.4400024414062,2.09809,-1.82298,0.597552,2.09809,1.82298,4.20326,360.6,4.242352941,360.6,4.242352941,,,,,,,,,,,,,,,,,,,JJ Bleday,26368,668709,OF,JJ Bleday,-5.414121518881543,-1.959696902731662,0.1336720945428098,0.41684136905647706,0.18146362586524067,-0.3596560904576628,-0.22034886288409586,0.22593929318233646,4.93721430821242,-4.7112750150300835,0.0,0.0,False,7,OF,OF 7
Andrew Vaughn,MIL,129.119,537.153,488.726,122.483,78.2318,24.5499,0.770846,18.9305,55.2714,72.6903,37.5855,0.186628,105.202,5.70806,4.3346,0.799157,10.5215,0.717396,0.18368,0.250617,0.0699717,0.195852,0.357269,0.30908,0.420207,0.316208,0.729287,0.16959,1.9232,0.280685,-0.820225,-0.73278,64.844,1.37522,102.953,-1.553,-2.30064,0.3267920017242431,-12.263559103012083,0.607169,279.57000732421875,2.22081,1.29347,0.655623,2.22081,-1.29347,4.12584,584.9,4.534108527,584.9,4.534108527,,,,,,,,,,,,,,,,,,,Andrew Vaughn,26197,683734,1B/DH,Andrew Vaughn,2.6857501586746313,-3.7175265134704145,0.6988145397621761,1.0619257590403632,1.3972205688587875,-0.5165699253430402,-0.41799971150786236,2.5587574277329894,5.94346703347981,-3.3847096057468207,0.0,0.0,False,7,1B,1B 7
Jasson Domínguez,NYY,60.2674,236.963,211.282,51.2559,33.469,9.83031,0.556932,7.39974,30.8136,26.1197,21.9845,0.58099,60.4074,1.55183,2.02465,0.120521,3.04346,10.4891,2.36777,0.242595,0.0927759,0.254923,0.363936,0.315789,0.399464,0.312026,0.715252,0.156868,5.55376,0.301419,-0.097115,0.755682,27.801,-0.197997,99.0537,0.658567,0.00668488,0.3935422897338867,-2.497302430216223,0.60529,322.95001220703125,8.5057,0.808295,1.30643,8.5057,-0.808295,3.25809,260.5,4.341666666,260.5,4.341666666,,,,,,,,,,,,,,,,,,,Jasson Dominguez,28080,691176,OF/DH,Jasson Dominguez,-0.5338228106935335,-0.05018789481422095,-0.18820381371226763,-0.222668272572409,-0.30962720631426155,0.49272549578473046,-0.005643140802764945,-0.9607796894713938,4.93721430821242,-5.897993997683814,0.0,0.0,False,7,OF,OF 7
Keibert Ruiz,WSN,86.0458,334.487,312.244,74.975,52.9891,14.4599,0.159075,7.36697,30.2505,36.459,16.0139,0.210421,38.5043,3.73262,2.31166,0.185245,6.14831,1.56727,0.718875,0.240117,0.0478759,0.115114,0.415899,0.283341,0.358226,0.280599,0.641568,0.11811,2.35293,0.251626,-0.368201,-0.459725,30.7082,-8.81408,77.8248,-0.827926,-2.23352,-9.61899721622467,4.405817270278931,0.605209,728.530029296875,2.09943,1.16123,0.896445,2.09943,-1.16123,3.80474,275.4,3.202325581,275.4,3.202325581,,,,,,,,,,,,,,,,,,,Keibert Ruiz,19610,660688,C,Keibert Ruiz,-1.5626529373653042,-10.924277296540856,-0.20862592996317578,-0.2263190420287112,0.06931597246906342,-0.42878851723494127,-1.228328766947561,-1.925527171168669,3.475655594645327,-5.401182765813996,0.0,0.0,False,7,C,C 7
Coby Mayo,BAL,52.2069,198.507,177.986,40.3375,23.3205,8.79753,0.887177,7.33227,23.2333,23.1297,17.0281,0.324176,56.7544,2.41452,0.975149,0.103452,2.33972,1.61785,0.606886,0.226633,0.0857805,0.285906,0.30003,0.301305,0.409617,0.309123,0.710922,0.182984,4.07439,0.287315,0.0511003,-0.205127,22.8214,-0.633772,98.9313,-0.154027,-1.22297,-0.4040699005126953,-0.7753824293613434,0.578357,520.719970703125,2.03306,3.45611,1.19239,2.03306,-3.45611,3.41015,201.6,3.876923076,201.6,3.876923076,,,,,,,,,,,,,,,,,,,Coby Mayo,28312,691723,1B/3B,Coby Mayo,-3.290710030055203,-2.917218442974348,-0.46312082279903455,-0.23018482476089563,-0.41921297174926603,-0.42356423266792587,-0.32801285025142995,-1.6896079632530023,4.432236963281538,-6.12184492653454,0.0,0.0,False,7,1B,1B 7
Javier Sanoja,MIA,60.3558,221.669,203.985,52.8179,35.9318,11.437,1.83916,3.60992,24.0971,22.4994,13.1132,0.43551,25.1214,1.11635,1.97485,1.4792,3.997,4.91291,2.14527,0.25893,0.0591568,0.113328,0.521995,0.304499,0.386121,0.299727,0.690619,0.127191,5.1561,0.277652,0.168312,-0.224219,23.7932,-2.39868,89.5669,-0.0559067,0.486617,-2.7969321943819523,1.068752110004425,0.577738,999.0,3.80512,0.872467,1.47266,3.80512,-0.872467,3.03646,219.6,3.66,219.6,3.66,,,,,,,,,,,,,,,,,,,Javier Sanoja,28253,691594,2B/SS/OF/DH,Javier Sanoja,2.816708685399746,-2.549591691674235,-0.4317931296405646,-0.6448763623155584,-0.44231394430902626,-0.08322553940201526,-0.2866767964454365,-1.6202401968310873,4.290443792376481,-5.910683989207568,0.0,0.0,False,7,2B,2B 7
Matt Shaw,CHC,76.7313,295.837,264.294,63.1074,40.8935,11.9701,1.88417,8.35967,37.182,31.5068,25.5958,0.213178,60.1811,3.00898,2.31783,0.620601,3.55307,10.8843,3.01755,0.238777,0.0865198,0.203426,0.425312,0.310661,0.393217,0.307836,0.703877,0.154439,6.06247,0.276405,0.049212,0.483728,33.7019,-1.25351,96.1757,0.53294,0.362056,-0.8042510151863098,-3.615391910076142,0.57221,331.6300048828125,2.38932,0.316111,1.07706,2.38932,-0.316111,3.56392,309.7,4.022077922,309.7,4.022077922,,,,,,,,,,,,,,,,,,,Matt Shaw,33322,807713,3B,Matt Shaw,-1.676836847190871,-1.5797093282120849,0.04276085532037835,-0.11572646225235661,-0.11218590966713375,0.5335447377950998,-0.1776229546894346,0.17255583670171967,4.432236963281538,-4.259681126579818,0.0,0.0,False,7,3B,3B 7
Christian Moore,LAA,92.1795,359.335,322.278,71.1254,46.6611,12.3877,2.34944,9.72713,38.61,35.5581,31.1428,0.742711,111.516,2.38689,2.22857,1.29874,4.69539,6.29389,1.66582,0.220696,0.086668,0.31034,0.279268,0.292303,0.364261,0.28819,0.656564,0.143566,5.29692,0.302063,-0.188538,0.0521034,35.204,-7.25423,81.8891,-0.136435,-0.39446,-7.806728050112724,1.0280630886554718,0.571831,747.0900268554688,5.20069,-0.618342,0.693915,5.20069,0.618342,4.07478,320.6,3.484782608,320.6,3.484782608,,,,,,,,,,,,,,,,,,,Christian Moore,34979,695681,2B,Christian Moore,-7.8718300229867895,-8.51544764586074,0.09455055875901565,0.03661657103159027,0.03629730488364685,0.0594125092606365,-0.9574792934044882,-0.9536371047076551,4.290443792376481,-5.244080897084135,0.0,0.0,False,7,2B,2B 7
Austin Hays,CHW,111.048,448.836,409.958,100.484,64.118,20.8152,2.04279,13.5078,52.7988,52.5117,29.3589,1.07666,109.457,4.8101,4.31763,0.391419,7.05074,5.55831,1.18037,0.245108,0.0654112,0.243868,0.268224,0.300266,0.404695,0.304952,0.704962,0.159587,4.70258,0.298567,-0.292818,-0.0134723,50.0804,-2.95295,94.1942,-0.30629,-0.384785,-3.386199474334717,-6.221315950155258,0.571213,629.7999877929688,2.49487,0.612991,0.31292,2.49487,-0.612991,4.58277,464.5,4.184684684,464.5,4.184684684,,,,,,,,,,,,,,,,,,,Austin Hays,19363,669720,OF,Austin Hays,-0.005570984448616937,-7.062343047595619,0.6091400154467876,0.45780529731654107,0.657659590127423,-0.01656375095694337,-0.7940918096394971,1.099531745016473,4.93721430821242,-3.837682563195947,0.0,0.0,False,7,OF,OF 7
Leo Rivas,SEA,47.1812,158.336,133.888,28.9308,21.6239,4.75311,0.222575,2.33128,18.4084,12.7462,20.2303,0.211,38.7209,1.54485,1.05266,1.61962,2.04177,6.39699,1.55073,0.216082,0.127768,0.244549,0.522464,0.323553,0.307144,0.288125,0.630696,0.0910618,5.24656,0.283309,-0.0734046,0.359234,15.5037,-3.2049,89.5535,0.285829,0.70299,-1.663663685321808,1.7805858254432678,0.569531,999.0,2.44282,0.497381,1.55161,2.44282,-0.497381,2.93119,133.5,2.840425531,133.5,2.840425531,,,,,,,,,,,,,,,,,,,Leo Rivas,21009,660844,SS,Leo Rivas,-3.888052513321268,1.1957857195792054,-0.6381069153208003,-0.7873243286752222,-0.7997761140216301,0.07006145625271411,0.13445447772818292,-2.1993745572969847,6.2323935944793165,-8.431768151776302,0.0,0.0,False,7,SS,SS 7
Jose Trevino,CIN,69.8103,253.188,234.108,54.6353,38.1361,10.1017,0.480394,5.91714,24.8022,25.1148,14.5364,0.0996924,39.7738,1.49262,1.98432,1.06586,6.41333,0.872472,0.20926,0.233376,0.0574137,0.157092,0.365478,0.280279,0.356456,0.278451,0.636735,0.12308,2.90222,0.25587,-0.196556,-0.268124,22.8026,-7.11344,71.4527,-0.464679,0.784877,-9.031151324510574,6.1714717745780945,0.56926,999.0,1.59802,-0.225551,1.11155,1.59802,0.225551,3.51793,209.3,2.99,209.3,2.99,,,,,,,,,,,,,,,,,,,Jose Trevino,16725,624431,C,Jose Trevino,-2.7497363868370517,-9.044330170341624,-0.4062210568852543,-0.38783857455329296,-0.34645755269741746,-0.500552504356198,-1.0169469910398663,-2.6115287158722684,3.475655594645327,-6.087184310517595,0.0,0.0,False,7,C,C 7
Wenceel Pérez,DET,101.277,413.495,373.416,88.1606,55.7004,17.3162,3.94967,11.1944,49.8031,43.1556,32.8789,0.3286,89.9624,2.93681,3.34399,0.919015,4.6304,9.32964,2.99867,0.236092,0.0795148,0.217566,0.365474,0.300494,0.393554,0.302061,0.694048,0.157462,5.97645,0.279265,0.414753,0.0359306,45.1667,-3.69086,92.3717,0.450684,-1.08226,-3.2669975757598877,-5.417139530181885,0.567596,747.3699951171875,3.09094,-0.494966,0.563388,3.09094,0.494966,4.24882,412.0,4.07920792,412.0,4.07920792,,,,,,,,,,,,,,,,,,,Wenceel Perez,22857,672761,OF,Wenceel Perez,-3.371793065400144,-6.411982750337739,0.5004940668535621,0.20007902144808248,0.31475143628580265,0.37296770645946986,-0.7209651175648297,0.7398147924447122,4.93721430821242,-4.1973995157677075,0.0,0.0,False,7,OF,OF 7
Travis d'Arnaud,LAA,60.2872,220.999,202.501,44.0257,26.8721,9.42111,0.546731,7.18586,21.8621,24.6077,14.0054,0.00514667,63.3978,3.14499,1.22278,0.125085,3.85539,0.263422,0.177119,0.21741,0.0633733,0.286869,0.220914,0.276973,0.375791,0.285083,0.652764,0.15838,2.56623,0.276701,-0.249501,-0.310437,21.0936,-5.0191,79.7484,-0.559938,-0.74111,-5.834932625293732,3.600558042526245,0.549628,999.0,1.83974,0.0206514,1.09155,1.83974,-0.0206514,3.54459,192.0,3.2,192.0,3.2,,,,,,,,,,,,,,,,,,,Travis d'Arnaud,7739,518595,C,Travis d'Arnaud,-5.611624516288287,-8.625103962130114,-0.512850543635911,-0.24649575415049585,-0.36504315191216347,-0.5634597901517837,-0.9698090799976774,-2.679525170325368,3.475655594645327,-6.155180764970694,0.0,0.0,False,7,C,C 7
Nick Fortes,TBR,89.6284,307.7,279.747,62.2192,43.849,11.1106,0.476208,6.78331,29.0829,29.203,17.2374,0.140001,55.5922,5.52431,2.1285,3.0622,6.22437,2.06701,0.808594,0.222412,0.0560202,0.18067,0.310068,0.278957,0.338277,0.272547,0.617235,0.115865,3.10597,0.252555,0.173558,-0.356549,26.2372,-10.1199,71.9339,-0.182991,-1.58033,-10.389884755015371,5.335437178611755,0.548337,999.0,1.59791,-0.00342735,0.862623,1.59791,0.00342735,3.84984,234.9,2.61,234.9,2.61,,,,,,,,,,,,,,,,,,,Nick Fortes,21538,663743,C,Nick Fortes,-6.35293943846502,-11.398376132128366,-0.25097162865712047,-0.2913421760191083,-0.19662192518859298,-0.3771715941522945,-1.2816365714201627,-2.290099021167252,3.475655594645327,-5.765754615812579,0.0,0.0,False,7,C,C 7
Josh Lowe,LAA,113.91,467.209,424.605,100.737,63.4512,22.1006,2.03475,13.1505,55.9828,49.105,36.5348,1.94225,126.004,2.28471,2.94643,0.838552,4.7989,20.6217,3.99672,0.237249,0.078198,0.269695,0.28995,0.29924,0.391797,0.299821,0.691037,0.154548,6.12142,0.303702,-0.355981,1.82528,50.1842,-5.02016,89.901,1.4693,-1.46132,-4.0918344259262085,-6.635874152183533,0.547666,305.4100036621094,2.31898,-1.08664,0.93536,2.31898,1.08664,3.75285,483.7,4.242982456,483.7,4.242982456,,,,,,,,,,,,,,,,,,,Josh Lowe,19953,666139,OF,Josh Lowe,-3.34274071986061,-7.830794894649537,0.7246150965032452,0.41799998981770803,0.532801453971092,1.5392969826123346,-0.8804967483029639,2.5583484105437395,4.93721430821242,-2.3788658976686805,0.0,0.0,False,7,OF,OF 7
Alek Thomas,ARI,106.225,407.256,374.597,89.4338,59.3358,18.2397,2.72213,9.13617,46.1855,41.7403,22.7226,0.463744,94.0297,3.57032,2.82052,3.54574,8.07578,7.48167,2.43086,0.238747,0.0557944,0.230886,0.241653,0.286658,0.37514,0.28789,0.661798,0.136393,5.35936,0.292788,1.01082,-0.0613752,39.7994,-8.32107,81.8145,0.949441,1.45563,-7.82838648557663,-0.409744381904602,0.54342,999.0,1.79423,-0.510894,0.602427,1.79423,0.510894,4.19676,366.0,3.452830188,366.0,3.452830188,,,,,,,,,,,,,,,,,,,Alek Thomas,23792,677950,OF,Alek Thomas,-2.3879019751969355,-11.950029864006721,0.3692934848090139,-0.029219825608517148,0.2628796189546448,0.18209540216315825,-1.34366466992648,-0.34501948181599906,4.93721430821242,-5.282233790028419,0.0,0.0,False,7,OF,OF 7
Alex Call,LAD,46.0033,173.38,148.69,35.1178,23.7485,7.17291,0.336265,3.86017,21.0536,17.5792,19.1963,0.0911193,32.6748,2.57206,1.27994,1.64161,2.73669,2.52966,1.01756,0.236182,0.110718,0.188458,0.587496,0.331238,0.366829,0.311115,0.698067,0.130647,4.08026,0.275556,-0.0442586,-0.210663,20.2131,-0.273053,98.4282,-0.254922,0.836436,-0.5770167708396912,-0.0154768824577331,0.539742,999.0,2.53747,2.4906,1.40567,2.53747,-2.4906,3.12578,173.8,3.778260869,173.8,3.778260869,,,,,,,,,,,,,,,,,,,Alex Call,19296,669743,OF,Alex Call,-1.3292275120529036,2.641826371522854,-0.5421726551416102,-0.6169970502484357,-0.6226430021997651,-0.3293856065103476,0.29704768941097537,-1.9831870882008096,4.93721430821242,-6.920401396413229,0.0,0.0,False,7,OF,OF 7
Ben Williamson,TBR,62.8245,243.383,223.062,55.4813,40.8156,11.355,0.915175,2.39555,26.0639,22.0623,15.95,0.279286,51.8927,2.32712,1.08541,0.95817,4.70367,4.6539,1.33012,0.248725,0.0655347,0.213214,0.307366,0.304253,0.340054,0.285279,0.644307,0.0913287,4.75414,0.312527,-0.065846,-0.00219183,23.269,-5.48859,80.6804,-0.0680378,1.01715,-5.625472374260426,2.6155413389205933,0.534808,999.0,1.69112,0.251968,1.36467,1.69112,-0.251968,3.18045,202.1,3.207936507,202.1,3.207936507,,,,,,,,,,,,,,,,,,,Ben Williamson,33197,810938,DH,Ben Williamson,0.8037840290133512,-2.8592139152817655,-0.36046260532465985,-0.780164275182499,-0.4583339904868325,-0.10997804920238413,-0.321490805081397,-3.008758296213591,0.0,-3.008758296213591,0.0,0.0,False,7,DH,DH 7
Luisangel Acuña,CHW,98.365,350.128,323.704,79.3565,59.013,14.4101,1.49692,4.43655,40.599,28.0255,20.5,0.162971,65.4896,1.72985,2.16382,2.02964,6.56812,18.5448,4.31577,0.245151,0.05855,0.187045,0.313026,0.291833,0.340033,0.278318,0.631865,0.0948816,6.42466,0.292722,-0.107063,1.40632,31.4957,-9.87461,75.8986,1.29926,0.277466,-8.674391031265259,2.0048209726810455,0.530005,422.3200073242187,3.48963,1.15028,1.45734,3.48963,-1.15028,3.05688,293.2,2.991836734,293.2,2.991836734,,,,,,,,,,,,,,,,,,,Luisangel Acuna,26548,682668,2B/SS/DH,Luisangel Acuna,0.009520406872467245,-8.461822195008907,0.16668621711997478,-0.5527849507909004,-0.23977819234568917,1.324779058190937,-0.9514496328481146,-0.03956094106828845,4.290443792376481,-4.330004733444769,0.0,0.0,False,7,2B,2B 7
Austin Wynns,ATH,43.1977,152.564,139.703,31.6526,21.1516,6.02255,0.0764917,4.40197,15.4008,17.5886,9.51703,0.0682302,42.13,1.27677,0.941314,1.12607,2.59934,0.696207,0.205874,0.226572,0.0623807,0.276146,0.225897,0.28029,0.365305,0.28242,0.645595,0.138734,2.57721,0.289556,-0.0891432,-0.15551,14.2319,-3.79471,78.716,-0.244654,0.750802,-4.082516610622406,4.083958864212036,0.52843,999.0,1.81348,1.17949,1.43837,1.81348,-1.17949,3.08217,129.1,3.002325581,129.1,3.002325581,,,,,,,,,,,,,,,,,,,Austin Wynns,15271,642851,C,Austin Wynns,-2.5914332542808993,-5.4481819319780085,-0.7471844447760145,-0.5566373648219937,-0.6222984850776617,-0.5187584853606457,-0.6125950864256782,-3.16064905829308,3.475655594645327,-6.636304652938406,0.0,0.0,False,7,C,C 7
Giancarlo Stanton,NYY,95.9764,392.001,350.273,78.6444,42.9953,12.2775,0.148726,23.2229,46.7785,63.3638,37.3263,2.0592,122.531,1.82886,2.41443,0.158987,6.83148,0.428638,0.115238,0.224523,0.0952199,0.312577,0.304629,0.30063,0.459322,0.324713,0.759952,0.234799,1.59015,0.267823,-0.75937,-0.4902,50.0282,3.71024,107.769,-1.24957,-0.296532,2.3497931957244873,-10.56393364071846,0.516972,256.7799987792969,3.75471,1.5213,0.856856,3.75471,-1.5213,3.85753,460.4,4.795833333,460.4,4.795833333,,,,,,,,,,,,,,,,,,,Giancarlo Stanton,4949,519317,OF,Giancarlo Stanton,-7.21512962049322,-6.025367533923795,0.39079999330979276,1.5401241970700044,1.0553972774442162,-0.5463950333502018,-0.677493995478678,1.7713372199028647,4.93721430821242,-3.1658770883095553,0.0,0.0,False,7,OF,OF 7
Darell Hernaiz,ATH,47.802,185.224,167.525,42.2759,30.3363,8.66697,0.867873,2.40473,20.0978,16.7708,13.3781,0.123938,28.5575,1.11993,1.68482,1.51609,3.3778,3.33184,1.13206,0.252355,0.0722267,0.154178,0.468463,0.309044,0.357515,0.293423,0.666559,0.10516,4.80658,0.288403,-0.037902,-0.0923947,18.9333,-2.95238,86.2745,-0.130297,0.788074,-3.1350648999214172,1.910639464855194,0.516102,999.0,2.00434,1.63242,1.54848,2.00434,-1.63242,2.93536,162.7,3.389583333,162.7,3.389583333,,,,,,,,,,,,,,,,,,,Darell Hernaiz,26224,687231,3B,Darell Hernaiz,1.211777151137179,-1.2885656442630675,-0.5768369398381435,-0.7791415695490277,-0.6522714747006538,-0.24653039508353036,-0.14488667817410786,-2.4861042096381882,4.432236963281538,-6.918341172919726,0.0,0.0,False,7,3B,3B 7
Connor Wong,BOS,60.5184,221.227,201.348,46.8934,31.6213,9.82581,0.819906,4.62634,23.459,20.5519,14.7879,0.129843,54.0169,2.67257,1.30737,1.11034,3.91401,3.06769,1.36991,0.232897,0.066845,0.24417,0.273764,0.292363,0.358771,0.286359,0.651134,0.125875,4.26577,0.293496,-0.0263385,-0.270628,21.3445,-4.79508,77.6095,-0.296966,-1.10818,-6.135103166103363,3.5614447593688965,0.515717,999.0,1.77436,0.711187,1.27045,1.77436,-0.711187,3.30607,200.8,3.291803278,200.8,3.291803278,,,,,,,,,,,,,,,,,,,Connor Wong,19896,657136,C,Connor Wong,-2.4613965779879505,-5.22931876969439,-0.454935293340981,-0.5316412359568575,-0.5136912948724615,-0.27381380292016777,-0.5879860517993595,-2.3784443494257816,3.475655594645327,-5.854099944071109,0.0,0.0,False,7,C,C 7
David Hamilton,MIL,53.5627,187.163,169.243,35.6754,22.9669,6.83206,1.08838,4.78808,23.4698,17.0045,14.8925,0.138737,47.0267,0.861478,0.913842,1.25224,1.39143,15.91,3.4274,0.210794,0.0795698,0.25126,0.316683,0.276635,0.348897,0.275194,0.625532,0.138104,7.5893,0.261,0.00473801,1.52371,16.3614,-5.75337,74.8563,1.52845,1.93963,-4.049109697341919,2.8274479508399963,0.512105,739.6900024414062,2.3973,1.02221,1.67364,2.3973,-1.02221,2.76848,175.6,3.251851851,175.6,3.251851851,,,,,,,,,,,,,,,,,,,David Hamilton,27531,666152,2B/SS,David Hamilton,-5.8097041720379945,-7.367820539355674,-0.4545436065082518,-0.5136224550028659,-0.6437061926330417,1.052637006447715,-0.8284397834777918,-1.2640931569780538,4.290443792376481,-5.554536949354534,0.0,0.0,False,7,2B,2B 7
Tyler Heineman,TOR,42.0449,145.364,127.327,27.69,19.7139,4.74198,0.706048,2.52804,15.2659,12.5872,11.3284,0.11167,30.8891,3.25341,0.974698,2.48034,1.83973,1.75119,0.590795,0.217471,0.0779311,0.212495,0.366744,0.295847,0.325368,0.27812,0.621215,0.107897,4.60612,0.265184,-0.126961,-0.117374,13.0527,-4.12315,76.7337,-0.244335,0.9579,-4.230523660778999,4.202104926109314,0.508982,999.0,1.46089,0.66339,1.50214,1.46089,-0.66339,2.99715,121.2,2.885714285,121.2,2.885714285,,,,,,,,,,,,,,,,,,,Tyler Heineman,13897,623168,C/DH,Tyler Heineman,-3.5206665658490155,-2.929636450369539,-0.7520769034551966,-0.7654041151194696,-0.8056035844912508,-0.40979186999165396,-0.3294091344446654,-3.144102763832933,3.475655594645327,-6.6197583584782596,0.0,0.0,False,7,C,C 7
Michael Massey,KCR,70.3049,278.851,258.815,62.2278,40.8831,12.8667,0.955651,7.5224,28.3217,30.4127,13.4283,0.317625,50.9955,2.85723,2.67566,1.07558,3.68872,2.16524,0.7268,0.240434,0.0481557,0.182877,0.263323,0.28265,0.384727,0.288884,0.667377,0.144293,3.7532,0.269521,-0.0377839,-0.239901,27.4762,-5.47228,83.1568,-0.277685,0.761751,-5.828835368156433,1.3645023107528689,0.508821,999.0,2.71993,0.329142,1.04526,2.71993,-0.329142,3.60631,255.8,3.654285714,255.8,3.654285714,,,,,,,,,,,,,,,,,,,Michael Massey,27684,686681,2B,Michael Massey,-1.213218388188661,-9.29990290867412,-0.278578296904663,-0.2090032319404279,-0.15228550363450435,-0.3670256575564479,-1.045683660571385,-2.0937050820481873,4.290443792376481,-6.3841488744246675,0.0,0.0,False,7,2B,2B 7
Will Benson,CIN,62.2379,229.675,203.177,44.8918,25.3101,9.35458,1.68178,8.54528,28.3938,27.4234,22.0978,0.569188,70.081,1.68942,2.13823,0.572507,2.47573,5.69911,1.74732,0.220949,0.0962131,0.305131,0.315318,0.299774,0.40972,0.307294,0.709493,0.188771,6.04418,0.286895,-0.260819,0.103899,26.0635,-1.07439,91.211,-0.15692,2.14644,-2.5494059920310974,-0.1346614360809326,0.507192,999.0,2.07285,2.77095,1.07215,2.07285,-2.77095,3.57046,248.9,4.014516129,248.9,4.014516129,,,,,,,,,,,,,,,,,,,Will Benson,21853,666181,OF,Will Benson,-4.911314147559773,-3.726889448128321,-0.27596342462320245,-0.09504842383965464,-0.2618456135391394,-0.0020208631151922723,-0.4190524824757871,-1.0999747244236318,4.93721430821242,-6.037189032636052,0.0,0.0,False,7,OF,OF 7
Edouard Julien,COL,76.8996,297.782,256.473,61.9335,41.4987,12.0294,1.21111,7.19431,32.9708,28.2863,36.09,0.880922,86.4091,2.78288,1.55887,0.877571,4.6476,3.19761,1.21496,0.241482,0.121196,0.290176,0.417664,0.339524,0.381982,0.319609,0.721506,0.1405,3.97155,0.332906,-0.124174,-0.382796,36.7699,1.58463,90.8749,-0.50697,-1.4568,-3.7275142073631287,-1.2277871817350388,0.50665,747.4000244140625,2.85369,-0.838188,1.01441,2.85369,0.838188,3.64746,317.4,4.122077922,317.4,4.122077922,,,,,,,,,,,,,,,,,,,Edouard Julien,27534,666397,2B,Edouard Julien,-0.9334563503782659,7.004786633917287,-0.10996799560454468,-0.2455543747819956,-0.2302196747452045,-0.2603946836843702,0.7876201505334268,-0.11717565179776275,4.290443792376481,-4.407619444174244,0.0,0.0,False,7,2B,2B 7
Luke Raley,SEA,82.9116,312.495,276.315,60.4895,37.0546,12.0282,0.810557,10.5961,36.7402,35.0047,22.8063,0.165886,93.907,9.55497,1.79805,2.02075,4.14286,5.35043,1.53926,0.218915,0.0729815,0.300507,0.242861,0.299061,0.383357,0.3003,0.682419,0.164442,4.86502,0.287388,-0.284776,-0.0174343,33.6874,-3.23626,97.9405,-0.30221,0.398491,-1.0607658326625824,-4.770691156387329,0.503798,999.0,1.74909,-0.325815,0.728354,1.74909,0.325815,4.02886,306.8,3.696385542,306.8,3.696385542,,,,,,,,,,,,,,,,,,,Luke Raley,19354,670042,1B/OF,Luke Raley,-7.241273683471304,-5.293601655552333,0.026737962477808297,0.13342490592456782,0.016014775588753263,-0.03803516803466496,-0.5952140373015876,-0.12029176182892887,4.93721430821242,-5.057506070041349,0.0,0.0,False,7,1B,1B 7
Amed Rosario,NYY,65.7993,249.243,234.905,60.8278,43.4576,11.0351,1.60307,4.73201,27.4257,26.0887,10.7559,0.0185733,45.8722,2.07952,1.35804,0.144798,5.31037,4.90507,1.37415,0.258947,0.0431544,0.184046,0.234476,0.29572,0.380005,0.294163,0.675725,0.121059,5.30991,0.302145,0.521422,0.0467718,25.6269,-3.82305,86.7828,0.568194,-0.514534,-3.325360417366028,-0.1972151100635528,0.502649,999.0,3.22674,0.519521,1.36254,3.22674,-0.519521,3.18328,242.6,3.675757575,242.6,3.675757575,,,,,,,,,,,,,,,,,,,Amed Rosario,15518,642708,2B/OF/DH,Amed Rosario,3.2476581336032146,-5.05484652080199,-0.31107379710145516,-0.5198689805876953,-0.31076337980204927,-0.08403531383865818,-0.5683683437779391,-1.6718050701418066,4.290443792376481,-5.962248862518287,0.0,0.0,False,7,2B,2B 7
Gary Sánchez,MIL,44.3951,166.37,148.131,32.1104,19.4044,5.42479,0.107692,7.17354,18.5735,23.4008,13.2932,0.045095,44.9273,3.59848,1.26186,0.0856665,2.81991,0.306843,0.0837986,0.216771,0.0799017,0.270044,0.295884,0.294689,0.400128,0.303539,0.694817,0.183357,2.32092,0.256311,-0.168379,-0.212266,18.3725,-1.28541,94.2737,-0.380645,-1.05046,-1.5097743272781372,0.8803032636642456,0.501914,999.0,2.93665,1.36244,1.24469,2.93665,-1.36244,3.34042,162.5,3.693181818,162.5,3.693181818,,,,,,,,,,,,,,,,,,,Gary Sanchez,11442,596142,C/DH,Gary Sanchez,-4.19960112271302,-3.545643556172239,-0.6321191842019496,-0.24786827412918494,-0.4092769513447745,-0.5589749411959836,-0.39867314415093325,-2.4596498287797903,3.475655594645327,-5.935305423425117,0.0,0.0,False,7,C,C 7
Rafael Marchán,PHI,44.9567,159.582,142.378,32.1056,22.7042,6.40114,0.186961,2.8133,15.5711,15.84,12.5864,0.147898,27.3022,2.24946,1.16005,1.20802,2.59523,0.683699,0.234238,0.225495,0.0788706,0.171085,0.461002,0.296396,0.332358,0.279991,0.628754,0.106863,2.77,0.258257,-0.0729477,-0.206035,14.5719,-4.28399,75.7774,-0.278983,0.94568,-4.860400766134262,4.4145636558532715,0.497597,999.0,3.13587,2.17442,1.44679,3.13587,-2.17442,3.07095,129.7,2.882222222,129.7,2.882222222,,,,,,,,,,,,,,,,,,,Rafael Marchan,21646,665561,C,Rafael Marchan,-2.794394511281245,-3.1285726086535903,-0.7410081237006644,-0.7336244845090103,-0.6863859999404205,-0.5200504061072696,-0.35177757121839226,-3.2747276907159217,3.475655594645327,-6.750383285361249,0.0,0.0,False,7,C,C 7
Taylor Walls,TBR,83.4738,318.28,282.19,60.2086,41.1602,12.5925,1.45179,5.00416,35.7473,28.6205,30.6909,0.185293,75.4715,0.959845,2.76508,1.67361,2.8512,14.0699,3.80152,0.213362,0.0964274,0.237123,0.406655,0.290138,0.321475,0.272953,0.611613,0.108113,6.02101,0.269975,0.0337303,0.777745,27.2444,-10.3628,72.2132,0.811475,0.668338,-9.64131897687912,3.695551693439483,0.493779,999.0,4.14917,0.191455,1.18602,4.14917,-0.191455,3.41864,255.8,3.08192771,255.8,3.08192771,,,,,,,,,,,,,,,,,,,Taylor Walls,22458,670764,SS,Taylor Walls,-8.962238464780476,-8.23161081734747,-0.009271839023748434,-0.4895498805714417,-0.21797099153170002,0.8625775752147173,-0.9255646017394926,-0.9433785637431431,6.2323935944793165,-7.175772158222459,0.0,0.0,False,7,SS,SS 7
Brady House,WSN,122.575,493.679,463.133,111.383,77.327,20.7549,1.15441,12.1463,50.5385,53.0695,22.5215,0.83968,137.633,3.49824,4.0048,0.521552,9.86127,5.94418,2.24992,0.240498,0.0456198,0.27879,0.163635,0.278618,0.368976,0.280942,0.647594,0.128478,3.8833,0.312695,0.0213133,-0.409265,45.4602,-12.8717,78.0593,-0.387952,-0.298258,-13.225728273391724,1.593336433172226,0.490325,724.8699951171875,1.96116,0.374556,0.299344,1.96116,-0.374556,4.60087,421.8,3.429268292,421.8,3.429268292,,,,,,,,,,,,,,,,,,,Brady House,29993,691781,3B,Brady House,-2.1413367179788705,-18.455101511623997,0.5271650387784738,0.3061262428534537,0.678103382756067,0.02329181815879872,-2.0750967289015305,-0.22615894037575143,4.432236963281538,-4.658395903657289,0.0,0.0,False,7,3B,3B 7
Noelvi Marte,CIN,122.554,505.677,466.432,116.448,76.4177,22.5157,1.83698,15.6773,60.8505,59.1903,30.3513,0.928834,116.611,4.95924,3.36447,0.569764,7.24276,14.0395,4.56264,0.249656,0.0600212,0.230604,0.260278,0.300448,0.406639,0.306237,0.707086,0.156982,5.14991,0.298572,0.0876128,0.207957,56.9504,-2.79922,90.4873,0.29557,-0.964376,-5.40569931268692,-6.638159453868866,0.489067,142.47000122070312,2.55928,-0.223241,0.398389,2.55928,0.223241,4.46881,529.7,4.306504065,529.7,4.306504065,,,,,,,,,,,,,,,,,,,Noelvi Marte,26517,682622,3B,Noelvi Marte,2.1149943173855617,-7.8646913920454296,0.901153429436197,0.699500272459889,0.9024353403060922,0.859437633521612,-0.8843080798647618,2.7325317727222584,4.432236963281538,-1.6997051905592793,0.0,0.0,False,7,3B,3B 7
James McCann,ARI,53.973,198.738,181.87,42.9881,28.8495,8.4135,0.220825,5.50435,20.9908,23.7343,11.1099,0.0596315,51.4538,2.69822,1.9453,1.11405,3.50063,1.07825,0.338298,0.236367,0.0559023,0.258903,0.21592,0.287396,0.375852,0.289245,0.663249,0.139485,3.06282,0.29548,-0.28028,-0.204106,19.6405,-3.8419,82.7431,-0.484386,-0.54091,-4.549172937870026,2.7150373458862305,0.48884,999.0,2.17046,2.41869,1.27248,2.17046,-2.41869,3.30336,182.3,3.375925925,182.3,3.375925925,,,,,,,,,,,,,,,,,,,James McCann,12859,543510,C,James McCann,-1.5921971303487916,-5.68486001392762,-0.5444502415393317,-0.43382579224834833,-0.39705392366163933,-0.4792981977205457,-0.6392072355567457,-2.57892834535975,3.475655594645327,-6.054583940005077,0.0,0.0,False,7,C,C 7
Dominic Canzone,SEA,105.071,414.853,378.55,90.3139,56.8477,17.4932,0.754481,15.2185,46.8186,50.5071,30.071,1.70005,96.6694,2.76393,2.97823,0.490269,7.66747,4.29604,1.36591,0.238578,0.0724858,0.233021,0.31107,0.2972,0.409382,0.30504,0.706582,0.170804,3.69743,0.278502,-0.434648,-0.280986,46.3186,-2.69952,101.206,-0.715634,0.1097,-0.1258705854415893,-9.402875915169716,0.485968,478.6099853515625,1.76716,1.31283,0.431619,1.76716,-1.31283,4.42451,424.8,4.045714285,424.8,4.045714285,,,,,,,,,,,,,,,,,,,Dominic Canzone,26438,686527,OF,Dominic Canzone,-2.4770756761424852,-7.799566761759987,0.3922543120127966,0.6483872719548105,0.5841894813009985,-0.14694053388313016,-0.8769854483858114,0.8287403861259447,4.93721430821242,-4.108473922086476,0.0,0.0,False,7,OF,OF 7
Jimmy Crooks,STL,27.5611,100.747,91.6639,21.3606,14.8027,4.24755,0.140435,2.16985,10.296,10.5912,6.96039,0.168396,26.9972,1.16043,0.813355,0.148936,1.78338,0.215809,0.0811602,0.233031,0.0690878,0.26797,0.257819,0.293061,0.353449,0.284355,0.64651,0.120418,2.42783,0.303122,0.0148779,-0.140297,9.55648,-2.34755,80.0456,-0.125419,2.0488,-2.501470983028412,3.8351622819900513,0.48531,999.0,1.89121,0.0290727,1.69577,1.89121,-0.0290727,2.73897,80.0,2.857142857,80.0,2.857142857,,,,,,,,,,,,,,,,,,,Jimmy Crooks,31354,699625,DH,Jimmy Crooks,-1.1082705556123973,-2.31111566131276,-0.9323217543793452,-0.8053085738180618,-0.8787584968017086,-0.5683776205410543,-0.2598624854966276,-4.620528526103898,0.0,-4.620528526103898,0.0,0.0,False,7,DH,DH 7
Travis Bazzana,CLE,53.868,214.694,186.922,40.3265,26.4253,8.28431,0.978862,4.6381,25.8665,19.8173,23.5743,0.195454,60.8839,2.48462,0.927863,0.785419,2.86176,4.08752,0.839169,0.21574,0.109804,0.283585,0.3872,0.310345,0.344972,0.293153,0.655317,0.129232,5.45728,0.291745,-0.189317,0.128658,21.8986,-3.46919,87.6703,-0.0606592,-0.307646,-3.180580150336027,0.5236502885818481,0.484193,999.0,2.0728,0.452411,1.17028,2.0728,-0.452411,3.43963,195.7,3.624074074,195.7,3.624074074,,,,,,,,,,,,,,,,,,,Travis Bazzana,sa3025129,683953,2B,Travis Bazzana,-5.4920654087801015,-1.214265538241044,-0.3676217702117657,-0.530331103249927,-0.5406149414572623,-0.16847805499649612,-0.1365323536603019,-1.8113944765255676,4.290443792376481,-6.101838268902048,0.0,0.0,False,7,2B,2B 7
Miguel Rojas,LAD,48.6363,177.65,162.223,40.2566,28.5629,8.26543,0.228554,3.1997,20.2235,17.0316,11.7005,0.228746,25.3119,1.30211,1.05678,1.36804,3.74391,2.48316,0.851853,0.248156,0.0658623,0.142482,0.462251,0.302124,0.361097,0.291423,0.663221,0.112941,3.95236,0.274968,0.00852066,-0.125108,17.8706,-3.12017,84.9004,-0.116587,1.19395,-3.287009611725807,1.9445154070854187,0.477796,999.0,1.69681,0.275133,1.49509,1.69681,-0.275133,3.00655,153.4,3.130612244,153.4,3.130612244,,,,,,,,,,,,,,,,,,,Miguel Rojas,7802,500743,SS,Miguel Rojas,0.49225122985823844,-2.4652128688254944,-0.5722781403127676,-0.6905772669955789,-0.6427129571001692,-0.33418847785013045,-0.27718921821826176,-2.577396227235035,6.2323935944793165,-8.809789821714352,0.0,0.0,False,7,SS,SS 7
Jorge Soler,LAA,115.634,474.586,416.536,94.2181,54.4327,18.687,0.25003,20.8483,55.4405,58.9459,48.684,0.534082,129.016,5.24644,3.68218,0.43749,7.33027,0.921522,0.21509,0.226194,0.102582,0.27185,0.377348,0.312452,0.422413,0.319634,0.734864,0.196218,1.98965,0.271384,-0.868023,-0.615631,58.6112,2.53513,103.55,-1.48365,-3.13268,0.5019594430923462,-12.201719522476196,0.474191,668.3499755859375,1.93984,-3.88342,0.604187,1.93984,3.88342,4.19442,525.8,4.53275862,525.8,4.53275862,,,,,,,,,,,,,,,,,,,Jorge Soler,14221,624585,OF/DH,Jorge Soler,-7.884022277936566,-1.6842090572092077,0.7049473400783342,1.2755798836450705,0.893477895131405,-0.4954862497493948,-0.189372933180555,2.4610127237080435,4.93721430821242,-2.4762015845043766,0.0,0.0,False,7,OF,OF 7
Andrew Benintendi,CHW,117.466,485.204,437.067,107.754,71.7639,19.2013,1.06092,15.7276,53.5659,56.4096,41.0275,1.88,83.9572,2.43147,4.08751,0.591029,7.34889,2.81883,0.972423,0.246538,0.0845573,0.173035,0.488672,0.312028,0.403279,0.310553,0.715306,0.15674,3.08166,0.2695,-0.263239,-0.582711,56.3448,-0.985827,98.0416,-0.845949,-3.3148,-1.969020128250122,-9.830874681472778,0.472838,743.469970703125,1.98251,-0.226031,0.321046,1.98251,0.226031,4.57194,510.9,4.366666666,510.9,4.366666666,,,,,,,,,,,,,,,,,,,Andrew Benintendi,17901,643217,OF,Andrew Benintendi,0.6190664370398405,-1.9276166726890127,0.6369606607603582,0.7051039863339201,0.800520578451538,-0.29951794403023996,-0.21674175292688533,1.9033575133690246,4.93721430821242,-3.0338567948433957,0.0,0.0,False,7,OF,OF 7
Ryan Waldschmidt,ARI,40.3216,162.112,141.653,34.3885,23.2986,6.84723,0.940792,3.3018,19.8657,16.682,16.4381,0.347264,34.7173,2.57342,1.27803,0.169446,2.38285,5.04678,1.24706,0.242766,0.1014,0.214157,0.473485,0.329747,0.374315,0.311484,0.704062,0.131549,5.80272,0.296313,-0.250759,0.221637,18.9479,-0.206812,97.9773,-0.0291216,1.32902,-0.4177477434277534,-0.382161021232605,0.469981,999.0,5.1239,1.44598,1.53883,5.1239,-1.44598,2.94823,166.3,4.1575,166.3,4.1575,,,,,,,,,,,,,,,,,,,Ryan Waldschmidt,sa3025261,814439,DH,Ryan Waldschmidt,-0.3336762711409631,2.228424568620105,-0.5852545800118883,-0.6792027304838776,-0.6555260619818006,-0.0693984343212254,0.25056467611597016,-3.195582478941901,0.0,-3.195582478941901,0.0,0.0,False,7,DH,DH 7
Owen Caissie,MIA,112.903,418.976,374.435,86.5328,53.6588,19.039,1.59495,12.24,47.2287,46.0211,38.45,1.00291,129.205,2.98202,2.4216,0.687476,4.91069,4.58924,1.58287,0.231102,0.0917713,0.308383,0.297589,0.305924,0.388537,0.303622,0.694461,0.157435,4.26084,0.315587,0.0785989,-0.351501,46.2965,-3.2088,92.235,-0.272903,0.422644,-4.128778964281082,-5.385141849517822,0.452787,591.5599975585938,2.19137,1.85221,0.355501,2.19137,-1.85221,4.526,419.4,3.711504424,419.4,3.711504424,,,,,,,,,,,,,,,,,,,Owen Caissie,27496,683357,OF,Owen Caissie,-5.249424866753171,-4.221935821047186,0.40712753146670777,0.316564970288776,0.41977418239082104,-0.11665662255357463,-0.47471563385165333,0.7227414529051748,4.93721430821242,-4.214472855307245,0.0,0.0,False,7,OF,OF 7
Jake Mangum,PIT,83.3864,326.898,306.407,83.6209,63.3301,16.2625,1.69675,2.33163,33.5081,29.2472,15.0628,0.145622,54.9339,2.77336,1.85812,0.796835,5.42631,13.7721,3.55211,0.272908,0.0460779,0.168046,0.274199,0.311121,0.359886,0.294516,0.671008,0.0869786,5.7205,0.323862,-0.272055,0.764889,33.7051,-4.9205,85.4545,0.492835,1.38455,-5.142713874578476,-1.310504913330078,0.452505,650.22998046875,2.29839,0.11543,1.65251,2.29839,-0.11543,2.79666,310.4,3.739759036,310.4,3.739759036,,,,,,,,,,,,,,,,,,,Jake Mangum,26202,663968,OF,Jake Mangum,8.51395078655582,-1.5951956621582764,-0.09048157567626738,-0.7872853366303729,-0.1950019616995538,0.8318185411289682,-0.17936424237046836,-0.3523237974903375,4.93721430821242,-5.289538105702757,0.0,0.0,False,7,OF,OF 7
Hunter Feduccia,TBR,73.7183,255.469,225.637,48.6424,33.3814,9.96783,0.857661,4.43545,25.1474,23.6143,26.4945,0.218003,65.986,1.08152,2.0891,0.167041,4.77383,1.55712,0.221934,0.215578,0.103709,0.258294,0.401517,0.298542,0.326329,0.279445,0.624872,0.110751,3.54923,0.281028,-0.25833,-0.180444,23.2142,-6.97138,76.6721,-0.438773,-2.53645,-7.482418328523636,3.1516923904418945,0.441523,999.0,2.04573,1.61071,1.00722,2.04573,-1.61071,3.65704,205.5,2.777027027,205.5,2.777027027,,,,,,,,,,,,,,,,,,,Hunter Feduccia,23372,676439,C,Hunter Feduccia,-6.666126827071096,-4.460181240780645,-0.39370158515765086,-0.552907497217569,-0.4014520145821078,-0.42983688592523794,-0.501504014877533,-2.2924368950242493,3.475655594645327,-5.768092489669576,0.0,0.0,False,7,C,C 7
Mark Vientos,NYM,106.609,438.485,400.156,95.9109,58.4523,17.7056,1.22245,18.5306,50.1691,58.6998,30.5521,0.395342,115.238,4.27918,3.31667,0.181186,7.50649,1.146,0.249847,0.239684,0.0696764,0.26281,0.265121,0.298291,0.428965,0.313717,0.727256,0.189281,2.96782,0.286908,-0.534826,-0.486335,52.0461,0.23568,100.215,-1.02116,0.48624,-0.9095104783773422,-9.620003044605255,0.441041,589.0800170898438,2.66607,0.510416,0.48919,2.66607,-0.510416,4.34775,481.0,4.495327102,481.0,4.495327102,,,,,,,,,,,,,,,,,,,Mark Vientos,22184,668901,3B,Mark Vientos,-2.175883927512014,-7.76548004573712,0.5137678984071624,1.01737456265418,0.8844581436686777,-0.47230046582225993,-0.8731527285888764,1.2252513384895474,4.432236963281538,-3.20698562479199,0.0,0.0,False,7,3B,3B 7
Jake Fraley,TBR,95.6358,358.484,320.75,76.1245,51.9528,14.8483,0.957549,8.36584,40.7182,36.4724,32.303,1.00076,75.0937,3.47632,1.75733,0.196537,4.48429,11.0741,3.57039,0.237332,0.0901102,0.209476,0.43017,0.31233,0.367842,0.2999,0.680172,0.130509,5.0518,0.283452,-0.168871,0.180104,38.5288,-3.82884,90.7239,0.0112329,0.926021,-3.9190101642161608,-3.908695161342621,0.440448,999.0,1.45048,-0.454456,0.918627,1.45048,0.454456,3.77516,343.7,3.580208333,343.7,3.580208333,,,,,,,,,,,,,,,,,,,Jake Fraley,19260,641584,OF,Jake Fraley,-2.4985107227518295,-1.3159217531800673,0.17100927919972683,-0.11503908820458769,0.06980709262184895,0.5531487158658693,-0.1479626066426338,0.7094057720876857,4.93721430821242,-4.227808536124734,0.0,0.0,False,7,OF,OF 7
José Fermín,STL,45.4105,157.268,136.638,33.0909,23.1024,7.17546,0.147545,2.66547,17.7737,14.6786,15.5708,0.30085,21.4019,2.82419,0.879843,1.35518,2.63879,5.20549,1.66138,0.24218,0.099008,0.136086,0.727541,0.330222,0.355376,0.306096,0.685599,0.113197,4.62577,0.268183,-0.0359652,0.0887673,17.6938,-0.888626,94.9799,0.0528021,-0.317845,-0.8803084492683411,-0.1904304325580597,0.43502,999.0,1.90272,-0.221035,1.61284,1.90272,0.221035,2.84954,157.2,3.493333333,157.2,3.493333333,,,,,,,,,,,,,,,,,,,Jose Fermin,21746,665877,2B/3B/OF/DH,Jose Fermin,-0.4019328595085383,2.2365402580644664,-0.6611257702035056,-0.7500936101948555,-0.7289521898990206,-0.053005666356990236,0.2514772064864028,-1.5585838348855652,4.290443792376481,-5.849027627262046,0.0,0.0,False,7,2B,2B 7
Matt Vierling,DET,68.57,267.938,242.073,58.3451,39.5713,11.0194,1.37011,6.38428,29.9939,26.7781,20.566,0.198946,62.6398,2.79837,2.28047,0.220284,4.04718,3.6148,0.899991,0.241023,0.0767566,0.233785,0.328322,0.305207,0.376983,0.299031,0.682191,0.135961,4.63028,0.296361,0.0235454,-0.059769,28.6081,-3.05089,90.284,-0.0362236,-0.518744,-3.1044892705976963,-1.89437735080719,0.43208,999.0,1.049,1.15058,1.10396,1.049,-1.15058,3.52805,253.6,3.675362318,253.6,3.675362318,,,,,,,,,,,,,,,,,,,Matt Vierling,21558,663837,3B/OF,Matt Vierling,-0.9921577734885539,-2.892068202275627,-0.2179321189704267,-0.3357964493223809,-0.28549634746395836,-0.21730414832428413,-0.325184950216736,-1.0154801042087775,4.432236963281538,-5.4477170674903155,0.0,0.0,False,7,3B,3B 7
Tyler Freeman,COL,76.7417,311.326,274.158,75.1506,54.6864,14.5272,1.29351,4.64351,39.1446,28.6014,23.7403,0.213652,41.5929,9.48037,2.17624,1.77118,6.77354,11.9328,3.91072,0.274115,0.0762554,0.133599,0.570776,0.350088,0.387352,0.326723,0.737439,0.113237,5.48131,0.306423,0.156516,0.206128,40.2402,3.45468,95.7477,0.362644,-0.868633,-1.2064014971256256,-4.947841286659241,0.430085,747.0499877929688,3.37107,-0.662705,1.48358,3.37107,0.662705,3.02189,352.8,4.581818181,352.8,4.581818181,,,,,,,,,,,,,,,,,,,Tyler Freeman,22532,671289,OF,Tyler Freeman,7.948775529344676,10.612232768362706,0.11393905697911048,-0.529728397642402,-0.21867102100320784,0.6418417399405258,1.193242393714328,1.1099879438187121,4.93721430821242,-3.8272263643937077,0.0,0.0,False,7,OF,OF 7
Andy Ibáñez,ATH,53.653,185.259,169.159,40.7264,27.1887,8.79174,0.565854,4.18013,20.0248,19.251,12.6618,0.0248176,36.1379,2.24125,1.02193,0.175171,2.99759,2.77604,0.844329,0.240759,0.0683463,0.195067,0.350373,0.300564,0.373556,0.295951,0.67412,0.132797,4.41568,0.281423,-0.290429,-0.0682704,19.317,-2.57273,88.0109,-0.358699,0.695631,-2.9838279485702515,0.7473798170685768,0.412679,999.0,0.840967,-0.817301,1.42158,0.840967,0.817301,3.10456,177.9,3.294444444,177.9,3.294444444,,,,,,,,,,,,,,,,,,,Andy Ibanez,18819,628451,2B,Andy Ibanez,-0.7379712195486391,-2.859805452134773,-0.5794844526889982,-0.581351636905792,-0.561370265526106,-0.3039376185383971,-0.32155731764909684,-2.3067698268687993,4.290443792376481,-6.59721361924528,0.0,0.0,False,7,2B,2B 7
Blake Perkins,MIL,54.0961,207.927,184.02,40.0028,27.5835,7.54802,1.10443,3.76687,23.5389,19.295,20.3063,0.218226,55.9907,1.17767,1.70784,0.714387,2.78743,7.17166,1.87557,0.217383,0.0976609,0.269281,0.362673,0.296733,0.331813,0.279985,0.628546,0.11443,5.94136,0.287654,-0.0362409,0.343766,18.9854,-5.58275,78.1386,0.307525,1.33201,-5.079906314611435,2.1668225526809692,0.409729,999.0,1.29649,-0.172247,1.32923,1.29649,0.172247,3.2277,177.2,3.281481481,177.2,3.281481481,,,,,,,,,,,,,,,,,,,Blake Perkins,19921,663368,OF,Blake Perkins,-5.104455177040659,-4.006295088445414,-0.45203753612477143,-0.6273912153467875,-0.559757632188601,0.15007522702238238,-0.45046893011187583,-1.9277530038680062,4.93721430821242,-6.864967312080426,0.0,0.0,False,7,OF,OF 7
Graham Pauley,MIA,81.6121,306.738,274.962,61.0457,38.8141,13.4202,0.921315,7.89009,32.311,31.5734,26.0246,0.49119,65.5293,2.88728,1.81866,1.04564,4.03412,4.30939,1.06927,0.222015,0.0848429,0.213633,0.397144,0.294275,0.36361,0.289407,0.657884,0.141595,4.34291,0.261385,-0.216842,-0.0198693,30.3541,-5.88941,82.4971,-0.236712,1.60171,-6.5998556315898895,0.3422678709030151,0.403896,999.0,2.76206,-0.547178,0.831505,2.76206,0.547178,3.89133,277.0,3.37804878,277.0,3.37804878,,,,,,,,,,,,,,,,,,,Graham Pauley,31363,688363,1B/3B/DH,Graham Pauley,-6.353433968339169,-6.664127316054569,-0.13389715970035196,-0.16804041773878814,-0.10974496920627375,-0.14556164501461183,-0.7493163224173057,-1.0805894298253567,4.432236963281538,-5.512826393106894,0.0,0.0,False,7,1B,1B 7
Thomas Saggese,STL,60.3466,235.867,217.47,52.4325,35.7932,11.0451,1.06227,4.53195,25.4095,23.4113,14.0114,0.183697,60.625,2.56046,1.42934,0.39519,2.92525,2.86777,0.999141,0.241102,0.0594041,0.257031,0.231117,0.293048,0.364179,0.2879,0.657227,0.123077,4.53507,0.311563,0.00580589,-0.180095,23.0522,-4.81728,82.4804,-0.174289,0.468021,-5.058284476399422,1.011264830827713,0.402674,999.0,3.64618,-0.223191,1.2396,3.64618,0.223191,3.3472,212.7,3.545,212.7,3.545,,,,,,,,,,,,,,,,,,,Thomas Saggese,27883,695336,2B/3B/SS,Thomas Saggese,-0.8741400544094738,-5.4138072130316015,-0.38419592600410263,-0.5421568334234538,-0.4088921183892335,-0.29446305105456316,-0.6087299835001987,-1.9346237266922173,4.290443792376481,-6.225067519068698,0.0,0.0,False,7,2B,2B 7
Alan Roden,MIN,52.1803,192.584,171.212,42.2091,29.2495,8.68563,0.866384,3.40757,22.3509,18.2808,15.3898,0.351834,36.2911,4.18485,1.66513,0.131863,3.2137,2.79984,0.818777,0.246531,0.0799123,0.188443,0.424066,0.321035,0.36709,0.304114,0.688125,0.120559,4.78419,0.29135,0.00249705,-0.0953344,21.3572,-1.39808,93.2784,-0.0928374,1.4978,-1.6185227036476135,-1.1257625818252563,0.397396,999.0,1.81514,0.78412,1.43113,1.81514,-0.78412,3.09183,184.1,3.540384615,184.1,3.540384615,,,,,,,,,,,,,,,,,,,Alan Roden,31564,702176,OF,Alan Roden,0.2413080489079172,0.9695070787149529,-0.4951230877249825,-0.6674193345304728,-0.5969288306180932,-0.30147937471287384,0.10901164463501638,-2.013078453914486,4.93721430821242,-6.950292762126907,0.0,0.0,False,7,OF,OF 7
Javier Báez,DET,94.7628,363.6,342.332,79.2256,54.3574,14.7216,1.21733,8.9293,38.888,41.3415,13.5546,0.164495,88.0823,4.55038,2.67658,0.486912,6.95038,5.27144,1.29372,0.231429,0.037279,0.24225,0.153886,0.268045,0.359797,0.272938,0.627841,0.128367,4.74844,0.283457,0.2375,0.0471996,31.1193,-11.8429,72.31,0.284699,0.500855,-11.58173370361328,2.938171088695526,0.396048,743.3300170898438,1.98765,-0.219156,0.623835,1.98765,0.219156,4.16822,297.9,3.135789473,297.9,3.135789473,,,,,,,,,,,,,,,,,,,Javier Baez,12979,595879,SS,Javier Baez,-4.6874114319815385,-17.436727547227424,0.10463286797185958,-0.05226635223119724,0.24826329679562167,-0.04619385205895414,-1.960590478096744,-1.5565972810096835,6.2323935944793165,-7.7889908754890005,0.0,0.0,False,7,SS,SS 7
Kevin Alcántara,CHC,17.611,51.3506,47.1706,10.8224,7.2314,2.50166,0.0699861,1.01938,5.99504,5.84261,3.87468,0.057548,15.075,0.151518,0.118375,0.0355046,0.653752,0.899443,0.159362,0.229432,0.0754553,0.293571,0.257026,0.289361,0.350265,0.281902,0.639626,0.120833,4.48828,0.314255,-0.0454624,0.0406879,4.76865,-1.29883,78.3603,-0.0047745,3.71333,-1.3181276782415807,3.4415593445301056,0.395065,999.0,3.37699,1.40469,1.88903,3.37699,-1.40469,2.4813,46.6,2.588888888,46.6,2.588888888,,,,,,,,,,,,,,,,,,,Kevin Alcantara,25971,682634,OF,Kevin Alcantara,-0.7400873343839043,-1.3679695256548305,-1.0883059580918395,-0.9334776533539767,-1.0527979181686007,-0.49776673569156826,-0.15381487260502721,-4.121543445508109,4.93721430821242,-9.058757753720528,0.0,0.0,False,7,OF,OF 7
Zach Cole,HOU,85.0897,335.492,301.003,63.363,36.8006,12.9292,2.4403,11.1929,39.407,37.7269,28.3652,1.28069,126.397,4.07995,1.57751,0.466933,2.9052,9.53413,2.46462,0.210506,0.0845479,0.376752,0.224413,0.285973,0.381231,0.290659,0.667203,0.170724,6.36989,0.316202,-0.297777,0.448841,33.5405,-6.10045,85.3432,0.151064,-0.219184,-5.6444956213235855,-2.057540863752365,0.393398,740.0999755859375,3.40631,1.69355,0.796314,3.40631,-1.69355,3.93825,313.7,3.690588235,313.7,3.690588235,,,,,,,,,,,,,,,,,,,Zach Cole,31583,805904,OF,Zach Cole,-10.419396183628894,-10.074085447857048,0.12345559632245673,0.19991191268444336,0.11578546811957909,0.394088978723388,-1.132732959846131,-0.3579529512997425,4.93721430821242,-5.295167259512162,0.0,0.0,False,7,OF,OF 7
Drew Millas,WSN,35.7789,126.599,114.86,27.6437,19.8259,5.33849,0.754894,1.72448,12.6671,11.712,9.42671,0.583554,21.1915,0.514667,0.756811,1.04039,2.14814,2.96447,0.677965,0.240673,0.0744612,0.167391,0.444835,0.299343,0.345336,0.283049,0.64468,0.104664,5.3337,0.2796,-0.0405442,0.122595,11.8744,-3.0842,79.503,0.0820506,-0.138435,-2.9934379905462265,2.622285336256027,0.392964,999.0,1.58687,-0.0308654,1.70544,1.58687,0.0308654,2.72607,113.7,3.158333333,113.7,3.158333333,,,,,,,,,,,,,,,,,,,Drew Millas,25643,686452,C/DH,Drew Millas,-0.5109649508036626,-2.108860358152481,-0.8463283609456246,-0.8549253938593584,-0.8376803276045337,-0.28447514441892874,-0.23712084315309812,-3.17260545540633,3.475655594645327,-6.648261050051657,0.0,0.0,False,7,C,C 7
Liam Hicks,MIA,80.7765,309.66,266.618,63.9512,47.0307,11.6645,0.941488,4.31457,30.3374,29.2887,32.1992,0.220538,48.8255,6.644,2.82117,1.37765,5.56118,1.70234,0.360302,0.23986,0.103982,0.157674,0.659474,0.333442,0.33922,0.302852,0.672662,0.0993599,3.33609,0.275713,-0.167885,-0.372537,34.0235,-2.56524,91.7074,-0.540422,-1.69951,-3.583905279636383,-2.889396071434021,0.391773,747.3699951171875,2.03532,1.16152,1.00745,2.03532,-1.16152,3.65674,290.3,3.583950617,290.3,3.583950617,,,,,,,,,,,,,,,,,,,Liam Hicks,29844,689414,C,Liam Hicks,-1.4028343783964055,5.400843127055999,-0.20547430165167888,-0.5663742354500318,-0.19348095525622516,-0.4148374670873184,0.6072722980800362,-0.7299049417875655,3.475655594645327,-4.205560536432892,0.0,0.0,False,7,C,C 7
Triston Casas,BOS,45.0096,183.569,159.55,37.6429,22.7055,7.66704,0.129053,7.14128,20.4612,23.233,21.5961,1.7219,46.3135,1.41335,0.930709,0.0789133,3.26801,0.317356,0.157697,0.235932,0.117646,0.252295,0.466303,0.330549,0.419881,0.325425,0.75043,0.183949,1.95302,0.284993,-0.158216,-0.291536,23.5336,1.84357,104.521,-0.449752,0.867705,0.5283183753490448,-3.04395067691803,0.389044,743.719970703125,2.87929,-0.217295,1.29714,2.87929,0.217295,3.27047,210.8,4.684444444,210.8,4.684444444,,,,,,,,,,,,,,,,,,,Triston Casas,22514,671213,1B,Triston Casas,-1.4661989503197308,2.6705991986705437,-0.5636574032627927,-0.2514622266058498,-0.41542694848189615,-0.5578890791229698,0.3002829140700115,-1.6568144540303287,5.94346703347981,-7.600281487510139,0.0,0.0,False,7,1B,1B 7
Walker Jenkins,MIN,19.456,79.1287,70.7291,17.2148,11.3349,3.91483,0.156042,1.80901,9.44788,7.78498,7.27766,0.0871057,17.736,0.814314,0.229674,0.0778981,1.17483,2.07235,0.355997,0.24339,0.0919725,0.224141,0.410334,0.320133,0.379882,0.308956,0.700015,0.136492,4.95167,0.299642,-0.129331,0.141008,9.08632,-0.263347,96.6141,0.0116767,1.46955,-0.3041018480435014,1.289403185248375,0.379455,999.0,2.89487,-0.140955,1.83335,2.89487,0.140955,2.55554,82.4,4.336842105,82.4,4.336842105,,,,,,,,,,,,,,,,,,,Walker Jenkins,sa3022894,805805,OF,Walker Jenkins,-0.12247374278639518,0.32697590418555056,-0.9630807762843713,-0.8455082579990831,-0.9816085859920156,-0.37662003860488713,0.036765261289824235,-3.4419937605337703,4.93721430821242,-8.379208068746191,0.0,0.0,False,7,OF,OF 7
Emmanuel Rodriguez,MIN,17.7583,71.1659,59.9603,12.8771,8.38598,2.58413,0.307102,1.59986,8.96953,6.92659,10.2045,0.101427,24.3419,0.754796,0.181792,0.0645055,0.7964,1.67324,0.332162,0.21476,0.14339,0.342045,0.419213,0.335244,0.348147,0.308626,0.683391,0.133387,5.51993,0.32974,-0.0703715,0.0715806,8.15291,-0.255888,96.3871,0.00120914,1.83291,-0.3018347871256992,1.5588578581809998,0.379215,999.0,2.66881,1.15937,1.78751,2.66881,-1.15937,2.61666,77.1,4.283333333,77.1,4.283333333,,,,,,,,,,,,,,,,,,,Emmanuel Rodriguez,sa3014693,691181,OF,Emmanuel Rodriguez,-1.8204899944508688,1.3694599077379763,-0.980429238917335,-0.8688087899424946,-1.0130692298688562,-0.41784313495802117,0.15398245157952703,-3.4282127002678804,4.93721430821242,-8.3654270084803,0.0,0.0,False,7,OF,OF 7
Rob Refsnyder,SEA,62.228,233.314,204.973,48.8507,31.7006,9.59397,0.36888,7.18724,27.3427,26.915,23.3154,0.822491,61.6075,3.10891,1.68047,0.236627,4.45947,2.68709,0.819796,0.238328,0.0999313,0.264054,0.37845,0.322961,0.393927,0.314355,0.716888,0.155599,3.80873,0.30222,-0.17037,-0.176594,27.8142,0.24632,107.623,-0.346965,-0.675791,1.7492521107196808,-6.134390294551849,0.372944,999.0,1.73451,-0.613812,1.13112,1.73451,0.613812,3.49185,245.1,3.953225806,245.1,3.953225806,,,,,,,,,,,,,,,,,,,Rob Refsnyder,13770,608701,OF,Rob Refsnyder,-1.3925023506893506,1.6239129580104046,-0.31408398294557754,-0.24634201408794784,-0.28047885873885725,-0.3131250466174011,0.1825932230752439,-0.9405538603897451,4.93721430821242,-5.877768168602165,0.0,0.0,False,7,OF,OF 7
Mickey Moniak,COL,117.522,471.411,440.22,112.616,65.7565,21.8553,5.04185,19.9619,60.0238,64.7177,24.4402,0.835701,118.56,3.85679,2.70265,0.191973,4.51079,9.09948,3.10485,0.255817,0.0518448,0.2515,0.206142,0.299038,0.464405,0.325589,0.763443,0.208588,6.06262,0.304381,-0.32111,-0.0669862,60.4982,4.79728,94.9712,-0.388096,-0.251899,-3.197764903306961,-8.846835970878601,0.372353,245.8500061035156,2.6096,-0.305,0.318967,2.6096,0.305,4.57471,565.8,4.794915254,565.8,4.794915254,,,,,,,,,,,,,,,,,,,Mickey Moniak,19956,666160,OF,Mickey Moniak,4.7083337604214925,-7.996448782847134,0.8711712530827507,1.1768297449186067,1.1050187382544008,0.34919504264088025,-0.8991229174038027,2.8168729279311413,4.93721430821242,-2.1203413802812787,0.0,0.0,False,7,OF,OF 7
Endy Rodríguez,PIT,26.3808,97.8741,88.6829,20.5621,13.335,4.84301,0.560294,1.82383,10.5792,9.34809,7.67638,0.0916653,21.3742,0.684157,0.770934,0.0597159,1.13725,0.570987,0.313829,0.231861,0.0784312,0.218384,0.359143,0.295689,0.360805,0.28829,0.656494,0.128944,4.0455,0.282817,0.011106,-0.156943,9.59662,-1.96796,81.1894,-0.145837,1.76003,-2.327885404229164,2.6760334968566895,0.36878,999.0,2.12971,-0.458516,1.71291,2.12971,0.458516,2.71612,96.5,3.711538461,96.5,3.711538461,,,,,,,,,,,,,,,,,,,Endy Rodriguez,25332,682848,C,Endy Rodriguez,-1.1759875023293922,-1.9879987856233534,-0.922050855210002,-0.8438572234143288,-0.9243194201695709,-0.5316921530846803,-0.2235311344404627,-3.6510068978835615,3.475655594645327,-7.126662492528888,0.0,0.0,False,7,C,C 7
Moisés Ballesteros,CHC,89.5816,344.872,310.591,80.7169,54.2546,15.2467,0.989021,10.2267,38.8738,40.6344,28.7287,1.95501,63.6015,2.43552,2.54898,0.567985,6.88138,1.72198,0.615397,0.259882,0.0833025,0.18442,0.451699,0.324948,0.414119,0.320251,0.739067,0.154237,3.23794,0.294554,-0.174727,-0.45862,42.7643,2.01497,104.704,-0.633347,-1.40371,1.2840690612792969,-9.391096353530884,0.364738,645.780029296875,2.59807,4.39481,0.934159,2.59807,-4.39481,3.75445,379.8,4.22,379.8,4.22,,,,,,,,,,,,,,,,,,,Moises Ballesteros,28820,694208,C,Moises Ballesteros,4.584450763514537,3.0856400225252734,0.10411787232141952,0.09227158773237937,0.22234754604676146,-0.41280889949348315,0.3469502193351213,0.4177489356950726,3.475655594645327,-3.0579066589502544,0.0,0.0,False,7,C,C 7
Daniel Schneemann,CLE,53.7382,203.955,182.063,39.4159,25.1098,8.31879,0.833306,5.15397,22.1971,19.6912,18.9307,0.190013,55.8066,1.12163,1.15799,0.681548,2.73962,3.73092,1.23204,0.216495,0.0928181,0.273622,0.33922,0.292553,0.356267,0.286393,0.64882,0.139772,4.81153,0.280236,-0.106401,-0.0552467,19.6838,-4.41508,83.0136,-0.161648,0.34758,-4.244927883148193,0.77652508020401,0.363353,999.0,2.19251,1.20535,1.24188,2.19251,-1.20535,3.34417,177.1,3.279629629,177.1,3.279629629,,,,,,,,,,,,,,,,,,,Daniel Schneemann,25180,682177,SS/OF,Daniel Schneemann,-5.2118427020564795,-4.782295301404749,-0.5007009983614408,-0.4728601713175929,-0.5452366019995212,-0.2053103973570673,-0.5377226091298195,-2.099037750001345,4.93721430821242,-7.0362520582137655,0.0,0.0,False,7,SS,SS 7
Sung-Mun Song,SDP,64.548,257.365,234.888,55.3103,38.5845,10.736,0.712182,5.27768,27.4757,25.6915,19.3463,1.03601,44.342,0.721744,1.80541,0.603065,3.64498,5.49793,0.971022,0.235475,0.0751708,0.172292,0.436298,0.293573,0.354653,0.283709,0.648226,0.119178,4.6498,0.267449,-0.222771,0.32157,24.2775,-6.13207,79.6015,0.098799,0.264447,-6.1060721427202225,0.9204219579696656,0.360619,999.0,1.82994,0.702917,1.17517,1.82994,-0.702917,3.43311,224.3,3.45076923,224.3,3.45076923,,,,,,,,,,,,,,,,,,,Sung-Mun Song,sa3012529,823550,2B,Sung-Mun Song,-2.2658680343810804,-5.772129803630874,-0.3092604321351163,-0.4590781545510644,-0.32532106074879963,-0.02280025356976241,-0.6490198748982896,-1.7429014995510843,4.290443792376481,-6.033345291927565,0.0,0.0,False,7,2B,2B 7
Jake McCarthy,COL,92.3292,365.513,330.782,86.1214,61.6085,14.4337,4.13802,5.94113,44.3414,33.0695,23.5096,0.351522,63.4527,5.86946,1.94418,3.40772,5.41202,14.4107,3.09639,0.260357,0.0643194,0.173599,0.370506,0.318969,0.382894,0.307799,0.701863,0.122537,7.03858,0.304483,0.379106,1.01576,41.6284,-1.55981,82.7844,1.39486,0.529835,-6.063063740730286,-2.6047972440719604,0.357362,608.0399780273438,3.53452,0.360937,1.28029,3.53452,-0.360937,3.29294,378.6,4.115217391,378.6,4.115217391,,,,,,,,,,,,,,,,,,,Jake McCarthy,21622,664983,OF,Jake McCarthy,5.039599668805007,1.0849170263846721,0.3024129581205047,-0.3851659483934916,-0.05491177065533396,0.8977779741953192,0.12198837113751163,0.8497407451402177,4.93721430821242,-4.087473563072202,0.0,0.0,False,7,OF,OF 7
Mauricio Dubón,ATL,104.601,394.191,367.606,93.0639,67.7879,18.1517,1.24132,5.88291,42.4826,37.6807,19.8124,0.147751,49.8245,1.77117,2.83201,2.16974,7.64572,3.53147,1.05379,0.253162,0.0502608,0.126397,0.397643,0.292452,0.357304,0.284201,0.649756,0.104142,4.07566,0.277002,-0.0163114,-0.314275,37.3419,-9.23478,79.8007,-0.330587,-1.31949,-9.767646253108978,0.1359457969665527,0.356368,747.3300170898438,2.16716,-1.73145,0.871954,2.16716,1.73145,3.83739,337.9,3.218095238,337.9,3.218095238,,,,,,,,,,,,,,,,,,,Mauricio Dubon,16530,643289,1B/2B/OF,Mauricio Dubon,2.9557032676136936,-9.282723575896377,0.23499930213189177,-0.39165199653953714,0.11409220311519878,-0.22591110034028633,-1.0437520116325074,-0.6481207575436914,4.290443792376481,-4.938564549920172,0.0,0.0,False,7,1B,1B 7
Tyler Fitzgerald,SFG,23.4884,88.1301,81.0708,17.757,11.3238,3.81968,0.182932,2.43064,9.5581,8.18746,5.3599,0.00467603,26.1478,0.82124,0.249553,0.628638,0.862793,2.75228,0.444309,0.219031,0.060818,0.296695,0.204985,0.273575,0.360605,0.277866,0.634179,0.141573,5.37054,0.290593,-0.0763883,0.252972,7.89535,-2.5179,75.5877,0.176584,2.98262,-2.3662472665309906,2.861793577671051,0.355868,999.0,5.66074,2.28794,1.76582,5.66074,-2.28794,2.64558,73.9,3.213043478,73.9,3.213043478,,,,,,,,,,,,,,,,,,,Tyler Fitzgerald,26208,666149,SS,Tyler Fitzgerald,-2.115184935592108,-3.738989673539896,-0.9590833945525739,-0.7762550441717683,-0.9668573890447646,-0.30639173086169263,-0.4204130351747096,-4.024695467332515,6.2323935944793165,-10.257089061811833,0.0,0.0,False,7,SS,SS 7
Pavin Smith,ARI,98.7821,397.891,345.879,81.1223,51.0594,16.8979,1.04062,12.1244,46.0244,46.7355,46.9049,1.15161,101.693,1.51452,3.43403,0.158373,7.17249,2.51012,0.930862,0.234539,0.117884,0.255581,0.461238,0.3257,0.394573,0.315932,0.720273,0.160034,3.40573,0.29299,-0.477802,-0.528304,47.9434,0.929509,101.025,-1.00611,-0.473313,-0.5228463113307953,-9.26801884174347,0.352678,999.0,2.01983,0.307059,0.366866,2.01983,-0.307059,4.51085,425.3,4.295959595,425.3,4.295959595,,,,,,,,,,,,,,,,,,,Pavin Smith,19892,656976,OF,Pavin Smith,-3.6602953557285396,3.85922584566594,0.3634508228874702,0.30368645490432283,0.44595748367067645,-0.3314038453486133,0.4339324236926923,1.3715951046492931,4.93721430821242,-3.565619203563127,0.0,0.0,False,7,OF,OF 7
Dane Myers,CIN,63.4158,236.323,215.655,51.9312,36.7916,8.66404,0.704209,5.77139,26.6828,24.6523,16.2165,0.038915,60.2471,2.8983,1.41295,0.140236,4.00212,8.56802,2.33395,0.240807,0.0686202,0.254936,0.269166,0.30081,0.3678,0.294169,0.66861,0.126993,5.40887,0.305594,-0.156135,0.388992,24.2997,-3.62364,82.2205,0.232857,0.256311,-4.747028961777687,0.3078177906572819,0.350247,999.0,0.886304,0.59423,1.33879,0.886304,-0.59423,3.21495,231.9,3.68095238,231.9,3.68095238,,,,,,,,,,,,,,,,,,,Dane Myers,22054,667472,OF,Dane Myers,-0.9304627250858781,-3.589934562160127,-0.33801677377131767,-0.4040759760868919,-0.3634085281200561,0.2943018382916118,-0.40365323713971124,-1.1165062494219777,4.93721430821242,-6.0537205576343975,0.0,0.0,False,7,OF,OF 7
Ryan Ritter,COL,59.2573,227.506,203.542,49.7556,33.4353,10.1868,1.60658,4.52689,26.3606,22.6695,15.9985,0.295623,59.8668,4.27255,1.17706,2.51586,4.31194,3.8275,0.964869,0.244448,0.0703209,0.263143,0.267234,0.311243,0.377004,0.302497,0.688246,0.132555,5.54951,0.322312,-0.0111658,0.0177688,24.9315,-1.95018,79.1526,0.00660301,0.81792,-5.614740605466068,1.4188533425331116,0.345131,999.0,2.25462,-1.3561,1.28619,2.25462,1.3561,3.28508,228.2,3.86779661,228.2,3.86779661,,,,,,,,,,,,,,,,,,,Ryan Ritter,31500,690022,DH,Ryan Ritter,-0.1371036846028127,-1.0824272128787695,-0.3497020976144051,-0.5427205469861297,-0.4360796504292624,-0.19533488522811615,-0.12170841581683901,-2.7106590359835296,0.0,-2.7106590359835296,0.0,0.0,False,7,DH,DH 7
Christopher Morel,MIA,92.3382,352.403,314.062,69.4596,40.5333,13.6023,1.58755,13.7366,41.0009,42.2438,32.083,0.723646,106.201,3.7398,1.9606,0.557673,5.45491,6.76697,2.44162,0.221165,0.0910406,0.301361,0.302098,0.299229,0.405801,0.306685,0.70503,0.184636,5.03906,0.284177,0.295752,-0.145791,39.8166,-1.82252,94.3334,0.149961,1.25905,-2.216816633939743,-6.134669780731201,0.345106,999.0,2.48902,0.175024,0.638393,2.48902,-0.175024,4.14881,371.7,4.040217391,371.7,4.040217391,,,,,,,,,,,,,,,,,,,Christopher Morel,21897,666624,2B/3B/DH,Christopher Morel,-7.52385430445638,-5.91043134366991,0.1812620447194066,0.48329495406362466,0.28133327544177694,0.10827578610847442,-0.6645705383913236,0.6973302499722784,4.290443792376481,-3.593113542404202,0.0,0.0,False,7,2B,2B 7
Jonah Heim,ATL,38.8562,143.172,131.029,29.1612,19.6781,5.50195,0.0682447,3.91298,14.3465,15.5925,10.2153,0.119,28.3029,0.52919,1.22849,0.170286,2.5878,0.411803,0.176434,0.222556,0.0713496,0.197685,0.360926,0.279057,0.355178,0.277823,0.634235,0.132622,2.21117,0.252378,-0.118394,-0.189946,12.8214,-4.09546,75.4319,-0.30834,0.0737132,-4.477270781993866,3.071876637637615,0.343563,999.0,3.64141,0.68823,1.46997,3.64141,-0.68823,3.04004,119.4,3.061538461,119.4,3.061538461,,,,,,,,,,,,,,,,,,,Jonah Heim,16930,641680,C,Jonah Heim,-2.9567465819156626,-5.2893172088043,-0.7854210584562354,-0.6111137077099152,-0.6954570624638866,-0.5481338793503145,-0.5947322929217804,-3.5463403156792763,3.475655594645327,-7.021995910324604,0.0,0.0,False,7,C,C 7
CJ Kayfus,CLE,75.3026,292.512,260.245,60.528,37.0911,13.1391,2.32995,7.96788,33.2331,33.3456,25.3131,0.182229,80.344,3.74358,2.0519,1.15868,3.4557,3.91355,0.960498,0.232581,0.0865368,0.274669,0.315058,0.307478,0.392825,0.3063,0.700303,0.160244,5.39469,0.302096,-0.0829471,-0.0461143,32.9582,-1.6044,96.7266,-0.129061,-0.535676,-1.2575861811637878,-5.460668623447418,0.3427,999.0,1.82306,0.449589,0.866409,1.82306,-0.449589,3.84479,297.7,3.969333333,297.7,3.969333333,,,,,,,,,,,,,,,,,,,CJ Kayfus,33704,692216,DH,CJ Kayfus,-3.2636256256860423,-2.493020201399857,-0.10045508299113098,-0.15937415725646453,-0.04479249646248958,-0.18644699106062557,-0.2803158823998807,-1.7140938773522645,0.0,-1.7140938773522645,0.0,0.0,False,7,DH,DH 7
Nathan Church,STL,52.7455,184.061,166.986,40.837,29.376,7.46674,0.833131,3.1611,20.3573,17.6439,11.2992,0.339736,29.9035,2.30031,1.27422,2.20169,2.90499,4.0554,1.13284,0.244554,0.0613885,0.162465,0.377857,0.299333,0.356039,0.287956,0.655372,0.111485,5.23649,0.278678,-0.0782413,0.0656961,17.9974,-3.75081,82.5191,-0.0125452,1.89895,-3.8154150005429983,0.7593886852264404,0.324678,999.0,3.01282,1.96037,1.4938,3.01282,-1.96037,3.00826,160.6,3.030188679,160.6,3.030188679,,,,,,,,,,,,,,,,,,,Nathan Church,31357,701675,DH,Nathan Church,-0.09477944330611593,-3.0678912611260283,-0.5674255756628449,-0.694877532513225,-0.6202716981784793,-0.1717956512853956,-0.3449545436842186,-3.594997182364193,0.0,-3.594997182364193,0.0,0.0,False,7,DH,DH 7
Paul Goldschmidt,NYY,88.8275,362.067,329.102,81.935,53.9463,16.7056,0.326583,10.9566,43.4086,39.1476,29.0215,1.55249,81.0309,1.89679,1.84435,0.202399,6.02254,3.94593,1.06311,0.248966,0.0801552,0.223801,0.358154,0.311866,0.401589,0.310069,0.713455,0.152623,3.64796,0.297032,-0.546287,-0.196175,41.9031,-0.87787,97.7093,-0.742462,0.339615,-1.7227458953857422,-7.361756682395935,0.32427,747.3300170898438,3.94673,0.737165,0.734723,3.94673,-0.737165,4.02037,380.7,4.277528089,380.7,4.277528089,,,,,,,,,,,,,,,,,,,Paul Goldschmidt,9218,502671,1B,Paul Goldschmidt,1.265203296592137,-1.4970733044466198,0.26858282130848726,0.17358671211916424,0.16785519954215783,-0.18310254000724557,-0.16833133727420985,0.17962524706813088,5.94346703347981,-5.763841786411679,0.0,0.0,False,7,1B,1B 7
Jeremiah Jackson,BAL,52.915,213.235,199.226,47.3958,30.7222,10.0098,0.836385,5.82738,23.7212,23.6125,11.1786,0.0261146,51.1554,1.61069,1.08313,0.136454,3.78358,3.18684,1.52632,0.237899,0.0524237,0.239901,0.218522,0.282428,0.384289,0.289638,0.666717,0.14639,4.64616,0.290026,0.104073,-0.274763,21.1413,-4.05407,85.5092,-0.17069,-0.787379,-3.812558203935623,-0.4063040018081665,0.319251,999.0,2.00463,0.042993,1.2601,2.00463,-0.042993,3.31987,194.4,3.667924528,194.4,3.667924528,,,,,,,,,,,,,,,,,,,Jeremiah Jackson,22239,669236,DH,Jeremiah Jackson,-1.4389275477925338,-7.15889522638899,-0.4454260074575001,-0.39783836296945657,-0.4015179859459148,-0.2615070906591973,-0.8049481633829997,-3.3552343962809426,0.0,-3.3552343962809426,0.0,0.0,False,7,DH,DH 7
Anthony Santander,TOR,27.3569,115.687,103.126,23.1732,13.269,4.43669,0.0530188,5.41445,14.0928,15.454,10.6739,0.301455,26.6704,1.44399,0.401684,0.0414457,1.74739,0.165553,0.0739665,0.224708,0.0922651,0.230539,0.400214,0.305166,0.426268,0.317258,0.731433,0.20156,1.98063,0.248573,-0.100737,-0.162786,14.0641,0.39477,103.695,-0.263523,1.2612,0.2402471899986267,-1.166307806968689,0.312636,739.780029296875,4.1076,0.209654,1.51954,4.1076,-0.209654,2.97395,120.4,4.459259259,120.4,4.459259259,,,,,,,,,,,,,,,,,,,Anthony Santander,14551,623993,OF/DH,Anthony Santander,-2.105171795611863,-1.2534450835503248,-0.7946220722954387,-0.44384117748245144,-0.7005331924012606,-0.5735684399400248,-0.14093771259370738,-3.0340553442184337,4.93721430821242,-7.971269652430854,0.0,0.0,False,7,OF,OF 7
César Salazar,HOU,39.3091,114.056,99.2931,20.3302,14.3604,3.83759,0.114069,2.01813,10.8595,10.1755,9.36788,0.127333,23.5256,3.43356,1.38024,0.581032,2.55214,0.70901,0.158074,0.204749,0.0821342,0.206264,0.3982,0.291973,0.306671,0.270304,0.598644,0.101922,3.21454,0.243739,-0.0519475,-0.101405,9.51773,-3.95885,71.3215,-0.153353,-0.0119067,-4.008548304438591,3.02119935490191,0.300622,999.0,2.26173,1.10685,1.59189,2.26173,-1.10685,2.87748,81.3,2.084615384,81.3,2.084615384,,,,,,,,,,,,,,,,,,,Cesar Salazar,21587,663967,C/DH,Cesar Salazar,-4.008719532624301,-2.740514338728742,-0.9118851312087064,-0.8222110682309444,-0.8939942167653646,-0.5174360947850922,-0.30814419179552394,-3.659217158034436,3.475655594645327,-7.1348727526797635,0.0,0.0,False,7,C,C 7
Nick Loftin,KCR,36.1838,132.72,117.904,27.6793,19.2536,5.794,0.263771,2.36794,14.2616,13.1503,11.8138,0.0722,21.6059,1.4751,1.17939,0.347696,2.57644,1.8893,0.71173,0.234762,0.0890128,0.162793,0.546785,0.309492,0.348628,0.292291,0.658121,0.113867,3.98689,0.266129,0.0222409,-0.127964,13.4444,-2.23745,85.497,-0.105723,1.33881,-2.3807169795036316,0.7804144024848938,0.295838,999.0,1.47221,0.107072,1.60207,1.47221,-0.107072,2.86391,115.0,3.194444444,115.0,3.194444444,,,,,,,,,,,,,,,,,,,Nick Loftin,27630,679845,2B,Nick Loftin,-1.221437000203683,-0.8638474495160143,-0.7885001521690788,-0.7832401904918826,-0.7849655428469527,-0.3955268256747205,-0.09713124664372774,-2.9450236618032473,4.290443792376481,-7.235467454179728,0.0,0.0,False,7,2B,2B 7
Christian Vázquez,HOU,31.3627,116.257,106.26,23.3858,17.0896,4.08884,0.0424352,2.16501,10.7922,10.3229,7.34382,0.0492129,22.933,0.992783,1.23261,0.427603,2.22626,0.939623,0.344597,0.220081,0.0631689,0.197262,0.320229,0.273872,0.320483,0.262897,0.594356,0.100402,2.96135,0.257551,-0.217908,-0.120724,9.00227,-4.73438,66.2192,-0.338632,1.41845,-4.967354595661163,3.838411808013916,0.293886,999.0,3.55311,1.13426,1.64239,3.55311,-1.13426,2.81014,79.1,2.551612903,79.1,2.551612903,,,,,,,,,,,,,,,,,,,Christian Vazquez,9774,543877,C,Christian Vazquez,-2.6608130040361937,-4.897767475460993,-0.9143259204533984,-0.8058477780954039,-0.8885918950847225,-0.4936166417037731,-0.5507063323844621,-3.988254152335667,3.475655594645327,-7.463909746980994,0.0,0.0,False,7,C,C 7
Ryan Mountcastle,BAL,45.7364,183.931,169.723,43.5161,29.176,8.3555,0.234914,5.74972,20.7962,22.2881,11.0486,0.0638728,45.644,1.29215,1.7898,0.0774587,3.55487,1.12113,0.256952,0.256395,0.0600694,0.248158,0.242062,0.303812,0.410024,0.309164,0.713836,0.15363,3.10811,0.314408,0.0498802,-0.154659,21.1519,-0.58102,98.9599,-0.104779,1.05744,-0.3302456885576248,-3.1437989473342896,0.292263,999.0,3.27177,1.98121,1.43845,3.27177,-1.98121,3.08207,193.9,4.215217391,193.9,4.215217391,,,,,,,,,,,,,,,,,,,Ryan Mountcastle,18373,663624,1B,Ryan Mountcastle,1.9133571081656775,-2.2418974986025404,-0.5515078579883226,-0.40649014069226475,-0.4500582494048178,-0.4748692273323761,-0.2520795760972898,-2.3548734596320227,5.94346703347981,-8.298340493111834,0.0,0.0,False,7,1B,1B 7
J.C. Escarra,NYY,42.9313,147.909,131.38,28.8528,19.0851,6.29548,0.646533,2.8257,14.8653,14.6238,13.1426,0.171438,28.4382,1.71943,1.50418,0.163271,2.21665,1.31865,0.303467,0.219614,0.088856,0.192268,0.462146,0.295878,0.341898,0.282671,0.637776,0.122284,4.17134,0.256122,-0.132491,-0.0835207,13.8279,-3.64875,78.8887,-0.216012,-0.518839,-3.906602203845978,1.667476236820221,0.283074,999.0,2.18157,1.33066,1.47511,2.18157,-1.33066,3.03319,129.6,3.013953488,129.6,3.013953488,,,,,,,,,,,,,,,,,,,J.C. Escarra,20084,641555,DH,J.C. Escarra,-3.351187063710474,-2.9763426830408712,-0.7666055835655037,-0.7322430520629272,-0.7309606514193678,-0.45446786933164685,-0.33466079619112343,-4.1728705738455725,0.0,-4.1728705738455725,0.0,0.0,False,7,DH,DH 7
Ty France,SDP,44.1014,174.543,157.27,39.1829,28.0125,7.18623,0.112305,3.87192,18.5454,18.2388,10.3292,0.13401,32.0895,5.43841,1.41583,0.0894711,4.11878,0.206549,0.109109,0.249144,0.0591786,0.183848,0.321888,0.314986,0.370124,0.302659,0.68511,0.12098,2.0028,0.287725,-0.0643237,-0.291509,19.1504,-1.47323,92.6193,-0.355833,1.95321,-1.8784363567829132,-1.279530644416809,0.281291,999.0,4.2564,1.14155,1.47426,4.2564,-1.14155,3.03432,164.3,3.734090909,164.3,3.734090909,,,,,,,,,,,,,,,,,,,Ty France,17982,664034,1B,Ty France,0.6326045529628079,-0.17712559661417812,-0.6331382953130319,-0.6156880315999296,-0.598468162440257,-0.5693340633067832,-0.019916051174645642,-2.7790436100453455,5.94346703347981,-8.722510643525155,0.0,0.0,False,7,1B,1B 7
Jesus Rodriguez,SFG,13.6443,52.1823,47.623,12.4873,9.86523,2.01029,0.0908849,0.520938,6.0219,4.77859,4.16363,0.195327,8.40316,0.196367,0.14817,0.0510897,0.97767,1.27972,0.256765,0.262212,0.07979,0.161035,0.495483,0.323172,0.341058,0.294846,0.66423,0.0788458,4.77918,0.308039,-0.0789879,0.058174,5.39428,-0.771455,87.2523,-0.020814,0.871336,-0.8070294950157404,1.755687415599823,0.277751,999.0,1.80511,-0.359975,1.97062,1.80511,0.359975,2.37251,48.3,3.45,48.3,3.45,,,,,,,,,,,,,,,,,,,Jesus Rodriguez,sa3008916,683679,C,Jesus Rodriguez,0.8138966354805606,0.37420990103376023,-1.0873318184319223,-0.9890070042645095,-1.0917950573452406,-0.4584888538748242,0.04207626498660315,-3.8101856775660035,3.475655594645327,-7.28584127221133,0.0,0.0,False,7,C,C 7
Leo Jiménez,TOR,36.4627,124.248,109.125,25.1073,17.1891,4.89441,0.140879,2.88288,13.6579,11.7883,9.17798,0.0732729,28.4433,3.77356,1.23759,0.933643,2.62256,1.01952,0.238576,0.230078,0.0738682,0.228923,0.322677,0.308632,0.356765,0.295464,0.665397,0.126687,3.57953,0.281191,-0.142029,-0.0922917,12.9064,-1.77452,88.6818,-0.23432,-0.934707,-1.891770511865616,0.2418373227119445,0.268722,999.0,2.98341,-0.320689,1.60308,2.98341,0.320689,2.86256,114.6,3.183333333,114.6,3.183333333,,,,,,,,,,,,,,,,,,,Leo Jimenez,23782,677870,2B/SS,Leo Jimenez,-1.6416316669767508,-0.915558206970052,-0.8103947207726541,-0.7258728659930047,-0.8348838747942692,-0.48536427586646924,-0.10294561854378517,-2.97948856693465,4.290443792376481,-7.269932359311131,0.0,0.0,False,7,2B,2B 7
Jett Williams,MIL,37.0381,151.244,134.008,29.8829,18.5837,6.92912,0.997895,3.3722,18.0246,14.7314,14.4084,0.0793571,39.646,1.62958,1.04372,0.154807,1.5828,5.29572,1.2947,0.222994,0.0952659,0.262132,0.363426,0.303932,0.365087,0.295412,0.669019,0.142093,6.33101,0.288056,-0.175518,0.300905,15.7041,-2.16652,88.7064,0.125387,-1.4315,-1.89905746281147,-0.5333091020584106,0.265968,999.0,2.31947,-0.0632746,1.52243,2.31947,0.0632746,2.97009,142.9,3.862162162,142.9,3.862162162,,,,,,,,,,,,,,,,,,,Jett Williams,sa3020134,702518,SS,Jett Williams,-2.9652739680203486,-1.8253330328164576,-0.6520263048024173,-0.6713597591770827,-0.7270170298940144,-0.04368603020669763,-0.20524095211113277,-2.4645799234726646,6.2323935944793165,-8.696973517951982,0.0,0.0,False,7,SS,SS 7
Jordan Beck,COL,130.994,540.473,491.8,121.536,78.0396,25.0139,3.22022,15.262,63.2226,58.3193,42.0826,0.365092,155.164,3.24046,2.87865,0.471708,7.01092,16.164,4.74721,0.247124,0.0778624,0.28709,0.271213,0.308997,0.404181,0.31051,0.713178,0.157057,5.60156,0.32775,-0.0304109,0.476746,62.7444,-1.11664,84.6418,0.446335,0.0734244,-9.391681849956512,-5.991118416190147,0.265898,230.80999755859375,4.35905,-0.804357,0.493933,4.35905,0.804357,4.34142,573.2,4.375572519,573.2,4.375572519,,,,,,,,,,,,,,,,,,,Jordan Beck,31431,687597,OF,Jordan Beck,0.9847856515998561,-3.785362816300983,0.9871830901692445,0.6532334261003443,0.8705125303750256,1.0788720455940561,-0.42562724419934195,3.2588178674143173,4.93721430821242,-1.6783964407981027,0.0,0.0,False,7,OF,OF 7
Ezequiel Duran,TEX,73.1961,266.602,247.519,58.0475,38.9253,13.1247,0.951336,5.04613,28.1672,24.4324,13.4767,0.191285,64.2794,2.99041,1.67418,0.941179,3.52238,7.883,2.1845,0.234517,0.0505498,0.241106,0.209658,0.280488,0.35639,0.278427,0.636877,0.121872,5.36095,0.294668,-0.276036,0.31759,24.0057,-7.49536,77.7474,0.0415533,-1.0993,-6.950690947473049,0.3530056476593017,0.263794,999.0,1.98769,-0.452837,1.23903,1.98769,0.452837,3.34796,224.8,3.079452054,224.8,3.079452054,,,,,,,,,,,,,,,,,,,Ezequiel Duran,23733,677649,3B/OF,Ezequiel Duran,-2.6248373040485076,-9.46778252837272,-0.28418159465065,-0.48487417736481975,-0.37146802973181436,0.22354779688993343,-1.0645600915390705,-1.7090093465505496,4.432236963281538,-6.141246309832088,0.0,0.0,False,7,3B,3B 7
Mitch Garver,SEA,30.3036,114.74,100.162,20.3552,12.7414,3.29169,0.110972,4.21112,12.3858,13.0549,12.303,0.118896,32.4073,1.78736,0.429139,0.0577525,1.66399,0.41961,0.14543,0.203223,0.107226,0.282442,0.379637,0.300358,0.364431,0.295347,0.664789,0.161209,2.5664,0.252358,-0.171239,-0.151984,11.9077,-1.64961,94.529,-0.323223,-2.67234,-1.0630860328674316,-0.3340976238250732,0.261098,999.0,4.01465,0.816187,1.51432,4.01465,-0.816187,2.9809,100.3,3.343333333,100.3,3.343333333,,,,,,,,,,,,,,,,,,,Mitch Garver,15161,641598,C/DH,Mitch Garver,-4.196646487344564,-1.7948544514215423,-0.8565303522462469,-0.5778991698490082,-0.7884620251287251,-0.5473275134030096,-0.20181393197177933,-3.36503031393377,3.475655594645327,-6.840685908579097,0.0,0.0,False,7,C,C 7
José Tena,WSN,57.0349,218.094,199.817,48.3182,33.6764,10.018,0.924888,3.69893,22.2242,20.4262,15.3236,0.147053,55.5798,1.15242,1.11434,0.686649,3.3982,6.22456,2.14365,0.241813,0.0702615,0.254844,0.275704,0.298032,0.356741,0.288072,0.654773,0.114928,5.1341,0.314992,-0.0241453,0.0369323,21.3456,-4.42386,82.9436,0.0127869,-1.33603,-4.396067543886602,-0.3422948718070984,0.257589,999.0,1.01416,-0.393481,1.44044,1.01416,0.393481,3.07942,194.9,3.419298245,194.9,3.419298245,,,,,,,,,,,,,,,,,,,Jose Tena,23691,677588,3B,Jose Tena,-0.6611123599855074,-3.918886667778366,-0.4997181545496851,-0.6349601282812144,-0.5182982951116522,0.05225158302435383,-0.4406407030663406,-1.9779956719347496,4.432236963281538,-6.410232635216287,0.0,0.0,False,7,3B,3B 7
Hyeseong Kim,LAD,47.175,164.803,152.921,37.9655,27.7231,6.5647,1.08449,2.59328,18.9198,15.6909,9.04882,0.18694,40.8146,1.08253,0.880584,0.869563,2.11207,7.92891,1.36926,0.248268,0.0549069,0.247657,0.221706,0.293393,0.356255,0.284544,0.649648,0.107987,6.61832,0.320418,-0.100338,0.776379,15.6579,-3.81487,80.1754,0.676041,-0.623776,-3.1854487657546997,0.1042327880859375,0.255416,732.280029296875,3.95482,1.8434,1.67419,3.95482,-1.8434,2.76775,156.4,3.327659574,156.4,3.327659574,,,,,,,,,,,,,,,,,,,Hyeseong Kim,35322,808975,2B,Hyeseong Kim,0.48115229221533135,-3.7258326593160573,-0.6195598184450867,-0.7581359979595931,-0.6918506279091026,0.2282897285718567,-0.4189336568488412,-2.576065829504763,4.290443792376481,-6.866509621881244,0.0,0.0,False,7,2B,2B 7
Ryan Kreidler,MIN,25.6764,90.11,78.3785,15.0299,10.1058,3.38311,0.0807523,1.4602,8.74244,6.8257,8.61664,0.00201075,28.9666,1.18263,0.639078,1.29316,0.969818,2.752,0.836222,0.19176,0.0956236,0.321458,0.297469,0.279554,0.292875,0.259719,0.572429,0.101115,4.69135,0.279264,-0.0283571,0.0765597,6.74509,-3.9021,62.6966,0.0482026,2.42086,-3.913604412227869,3.292590081691742,0.253778,999.0,1.3251,-0.357655,1.73184,1.3251,0.357655,2.69088,57.0,2.192307692,57.0,2.192307692,,,,,,,,,,,,,,,,,,,Ryan Kreidler,25867,668952,SS,Ryan Kreidler,-4.18240131589931,-3.284220817702589,-0.9886651799214526,-0.8843677298957188,-1.01676692481024,-0.306420651377287,-0.36927869898263277,-3.69828426979456,6.2323935944793165,-9.930677864273877,0.0,0.0,False,7,SS,SS 7
George Valera,CLE,92.4874,357.54,318.055,70.6127,45.1379,13.3342,0.968304,11.1723,39.9052,37.6644,34.5679,0.294089,98.7779,2.21941,2.16429,0.532999,6.07317,2.33093,0.775124,0.222014,0.0966827,0.276271,0.349956,0.300835,0.375408,0.297503,0.676242,0.153394,3.57005,0.282687,-0.112487,-0.390142,37.7314,-4.51465,90.6669,-0.502629,0.265298,-4.435615360736847,-5.418763339519501,0.250825,747.0499877929688,3.4236,0.738366,0.531189,3.4236,-0.738366,4.29175,338.4,3.678260869,338.4,3.678260869,,,,,,,,,,,,,,,,,,,George Valera,22541,671655,DH,George Valera,-7.349484269968302,-5.422378821440283,0.14152396484705712,0.19761695233046644,0.11349479576516845,-0.3499119424534668,-0.60969377752534,-1.5444468652947183,0.0,-1.5444468652947183,0.0,0.0,False,7,DH,DH 7
Trey Sweeney,DET,19.2609,71.2384,64.9611,13.9072,9.07417,3.23553,0.196133,1.40135,8.48173,6.55212,5.69664,0.0764339,19.2475,0.262282,0.274813,0.0436077,0.939468,0.970884,0.265359,0.214085,0.0799659,0.270185,0.295968,0.279039,0.334647,0.27137,0.613686,0.120562,4.79893,0.280482,-0.0121352,-0.0132313,6.00633,-2.41104,71.2294,-0.0253665,1.50441,-2.441024025902152,2.3961247205734253,0.246267,999.0,3.87848,-0.00116346,1.77889,3.87848,0.00116346,2.62815,51.4,2.705263157,51.4,2.705263157,,,,,,,,,,,,,,,,,,,Trey Sweeney,29575,700242,SS,Trey Sweeney,-2.0161709720172367,-2.6330992319962756,-0.9981204275289367,-0.8909239637224927,-1.0267938390937545,-0.490387769425215,-0.2960664074238282,-4.12779835416712,6.2323935944793165,-10.360191948646436,0.0,0.0,False,7,SS,SS 7
Michael Helman,TEX,27.7834,99.2425,90.7152,19.1667,12.282,4.39344,0.150332,2.34091,10.9922,9.63352,5.86315,0.0695428,23.2436,1.07045,0.832491,0.761236,0.821507,2.50288,0.47733,0.211284,0.059079,0.23421,0.252248,0.265028,0.340444,0.265465,0.605472,0.12916,5.32934,0.255078,-0.0640206,0.178706,7.89165,-3.83462,68.8179,0.114685,2.00774,-3.5326526761054993,2.507961094379425,0.244637,999.0,1.87816,0.523449,1.67398,1.87816,-0.523449,2.76803,72.5,2.589285714,72.5,2.589285714,,,,,,,,,,,,,,,,,,,Michael Helman,24605,680737,3B/OF,Michael Helman,-3.0695836680772453,-5.058667740227495,-0.9070724605880431,-0.7862514904126591,-0.91385819440766,-0.3321516472518397,-0.5687980027492152,-3.4338982301043024,4.432236963281538,-7.8661351933858406,0.0,0.0,False,7,3B,3B 7
Otto Kemp,PHI,59.0892,227.928,203.557,47.7078,29.5582,10.437,0.926047,6.78655,27.5533,26.6635,15.6731,0.623812,64.8909,6.71896,1.84742,0.13154,3.14803,3.90443,1.45672,0.234371,0.0687634,0.284699,0.24153,0.307731,0.394763,0.306825,0.702493,0.160392,5.0425,0.306007,-0.0768709,-0.154505,25.7786,-1.15285,94.1599,-0.231376,-0.633932,-1.809029459953308,-3.4231831431388855,0.240537,999.0,1.92744,0.730182,1.128,1.92744,-0.730182,3.49601,239.1,4.052542372,239.1,4.052542372,,,,,,,,,,,,,,,,,,,Otto Kemp,31792,805249,1B,Otto Kemp,-2.188357677440198,-1.8849181389319356,-0.30644608970735837,-0.2909812210896478,-0.28969652429300563,-0.18738897356855716,-0.21194071795710231,-1.3163421552837151,5.94346703347981,-7.259809188763525,0.0,0.0,False,7,1B,1B 7
Daniel Susac,SFG,22.9012,88.5198,81.7899,18.5791,12.942,3.3932,0.122144,2.1218,8.24743,9.17735,4.73004,0.0413709,25.6397,0.994303,0.921275,0.084296,1.40199,1.01089,0.227675,0.227157,0.0534348,0.28965,0.184481,0.274816,0.349457,0.27315,0.624272,0.1223,3.57716,0.299498,-0.0558508,-0.0140155,7.59137,-2.86793,72.3485,-0.0698664,0.479415,-2.9628369137644768,2.246486097574234,0.233226,999.0,1.35148,-0.10919,1.76238,1.35148,0.10919,2.65016,71.8,3.12173913,71.8,3.12173913,,,,,,,,,,,,,,,,,,,Daniel Susac,sa3019997,691740,DH,Daniel Susac,-1.469321950856351,-3.645669934571455,-1.0066178557612004,-0.8106616245466342,-0.930577170534244,-0.4862556474721107,-0.40992013786101095,-4.775085580911441,0.0,-4.775085580911441,0.0,0.0,False,7,DH,DH 7
Brett Harris,ATH,34.2655,123.995,110.012,25.0813,17.2782,4.83628,0.129772,2.83707,13.5775,12.0693,10.1075,0.0411039,26.6448,2.02762,1.29928,0.549159,2.21146,1.62891,0.440046,0.227988,0.0815151,0.214886,0.379341,0.301479,0.351675,0.28939,0.653155,0.123687,3.88005,0.271838,-0.0918797,-0.0483301,12.2686,-2.38237,83.5045,-0.14021,0.965261,-2.5576511174440384,0.6287587583065033,0.232007,999.0,2.43155,-0.264339,1.60382,2.43155,0.264339,2.86157,112.5,3.308823529,112.5,3.308823529,,,,,,,,,,,,,,,,,,,Brett Harris,29788,695391,3B,Brett Harris,-1.8849004105607918,-1.8006301364974238,-0.8133106116385268,-0.7309763676345427,-0.824585011888839,-0.4224218723019474,-0.20246335160247483,-3.2032156796138986,4.432236963281538,-7.635452642895436,0.0,0.0,False,7,3B,3B 7
Tyler Callihan,PIT,18.8354,56.4064,51.3402,11.4295,7.84173,2.14579,0.105954,1.33602,6.11585,4.94524,4.366,0.0640996,15.2317,0.204234,0.135817,0.360184,0.605227,1.61872,0.31058,0.222623,0.0774026,0.270035,0.286639,0.285474,0.346615,0.278983,0.632089,0.123992,5.03397,0.289143,-0.0656051,0.11504,5.10447,-1.56038,74.814,0.0494348,1.95825,-1.634328007698059,2.0163806565105915,0.231094,999.0,2.13491,-0.135096,1.89839,2.13491,0.135096,2.46881,41.6,2.189473684,41.6,2.189473684,,,,,,,,,,,,,,,,,,,Tyler Callihan,27497,682997,DH,Tyler Callihan,-1.1550820671413047,-1.721906684762839,-1.0839245056601716,-0.8982021074081875,-1.0856872085794402,-0.42347437249447184,-0.19361166487079348,-4.941045558773024,0.0,-4.941045558773024,0.0,0.0,False,7,DH,DH 7
Jose Iglesias,,45.7185,159.418,146.49,37.2682,28.3587,6.90727,0.224462,1.7778,15.963,14.9434,8.34194,0.105751,27.0861,2.59514,0.952985,1.03874,3.42548,1.97656,0.553769,0.254409,0.0523273,0.169906,0.307978,0.304366,0.341033,0.285699,0.645399,0.0866247,3.74432,0.299299,-0.152637,-0.0901852,15.2957,-3.54082,80.9683,-0.242822,-0.544865,-3.8287387788295746,0.6737810969352722,0.229226,999.0,2.06543,0.441757,1.63833,2.06543,-0.441757,2.81556,134.3,2.919565217,134.3,2.919565217,,,,,,,,,,,,,,,,,,,Jose Iglesias,10231,578428,2B/3B,Jose Iglesias,1.3605128140969132,-1.8547959620547259,-0.7267949690945005,-0.8489852343412005,-0.7192470692678536,-0.3865139535648398,-0.20855377204049916,-2.7612872066682983,4.290443792376481,-7.0517309990447785,0.0,0.0,False,7,2B,2B 7
Kristian Campbell,BOS,31.8445,124.737,110.6,26.8691,18.8264,5.05833,0.153605,2.83071,14.232,12.6188,11.6329,0.110076,32.16,2.0897,0.334134,0.0799031,2.11723,1.66512,0.462436,0.242939,0.0932595,0.257823,0.361719,0.325627,0.368234,0.308583,0.693861,0.125295,3.76066,0.316529,-0.0396697,-0.0705019,14.2858,-0.452857,92.9193,-0.110172,0.17887,-1.1511476635932922,-0.9173913300037384,0.227615,740.0999755859375,4.22419,1.50167,1.64475,4.22419,-1.50167,2.807,128.7,4.021875,128.7,4.021875,,,,,,,,,,,,,,,,,,,Kristian Campbell,33644,692225,2B,Kristian Campbell,-0.24139436098628939,1.200743766622371,-0.7895736642291514,-0.7316849087923726,-0.8044454205488607,-0.4186818299102585,0.1350119619118669,-3.010933419194015,4.290443792376481,-7.301377211570496,0.0,0.0,False,7,2B,2B 7
Tim Tawa,ARI,48.0537,178.781,161.846,35.8688,22.9647,7.29272,0.798278,4.81315,19.5831,18.4221,13.8667,0.0213864,46.4778,1.22247,1.27842,0.566978,3.00385,4.0788,1.08221,0.221623,0.0775628,0.259971,0.298352,0.285938,0.365765,0.285771,0.651703,0.144142,5.1978,0.277696,-0.171931,0.121497,17.1639,-3.96041,80.363,-0.0504339,1.06804,-4.211352095007896,0.4747822880744934,0.226264,999.0,2.16552,2.00802,1.37036,2.16552,-2.00802,3.17286,162.4,3.383333333,162.4,3.383333333,,,,,,,,,,,,,,,,,,,Tim Tawa,29571,694374,DH,Tim Tawa,-3.803152661028816,-5.37465679147982,-0.5955037188016354,-0.5108295105332443,-0.5917500785592416,-0.16937872248214997,-0.6043278992501583,-3.583178590457158,0.0,-3.583178590457158,0.0,0.0,False,7,DH,DH 7
Christian Koss,SFG,31.3796,112.584,103.686,24.586,17.5244,4.85063,0.2547,1.95622,12.8838,10.9465,5.69989,0.0873863,26.469,1.7426,0.402065,1.0536,1.83846,2.22467,0.542365,0.237119,0.0506278,0.235104,0.215342,0.287172,0.345414,0.278752,0.632586,0.108295,4.93429,0.299086,-0.0294603,0.0585792,10.1671,-3.13557,76.1964,0.029119,1.18629,-3.1382944975048304,1.532180905342102,0.22552,999.0,4.70024,0.481267,1.68733,4.70024,-0.481267,2.75023,94.3,3.041935483,94.3,3.041935483,,,,,,,,,,,,,,,,,,,Christian Koss,27653,683766,DH,Christian Koss,-0.829756459540907,-3.245661206524345,-0.8384692371815119,-0.8291082039355421,-0.865736482601355,-0.3608872781215383,-0.3649430456147392,-4.721190064327148,0.0,-4.721190064327148,0.0,0.0,False,7,DH,DH 7
Esteury Ruiz,MIA,34.6174,109.787,97.4106,22.73,15.3022,4.64105,0.730289,2.0564,14.2065,9.82336,8.48844,0.061486,26.2393,2.30796,0.77681,0.803384,1.22962,9.53288,2.00526,0.233342,0.0773172,0.239002,0.323501,0.307627,0.359312,0.295201,0.66694,0.12597,7.89856,0.295795,-0.20944,0.913496,11.3808,-1.59144,86.4665,0.704056,-0.486179,-1.0569362044334412,-0.4098619520664215,0.22364,743.77001953125,3.01932,2.33643,1.85969,3.01932,-2.33643,2.52042,114.2,3.262857142,114.2,3.262857142,,,,,,,,,,,,,,,,,,,Esteury Ruiz,21780,665923,OF,Esteury Ruiz,-1.1474568477324683,-0.9193339781767236,-0.7904984803619842,-0.8179475666412989,-0.9069004145714791,0.3939598692787703,-0.10337016730473943,-2.5143423276652768,4.93721430821242,-7.451556635877697,0.0,0.0,False,7,OF,OF 7
Luke Maile,KCR,32.8652,99.0532,86.955,18.5565,12.8342,3.71139,0.146448,1.8644,9.71106,9.07311,8.6052,0.0338207,27.7703,1.30754,0.519643,1.66581,2.01022,1.37758,0.328454,0.213403,0.0868746,0.280358,0.30987,0.292329,0.323776,0.276039,0.616105,0.110373,4.09339,0.288591,-0.118673,-0.00893654,8.72699,-2.97691,74.3327,-0.127609,0.139623,-3.13253989815712,1.959383860230446,0.222963,999.0,2.20331,0.67258,1.69342,2.20331,-0.67258,2.74211,81.7,2.475757575,81.7,2.475757575,,,,,,,,,,,,,,,,,,,Luke Maile,13355,571912,C,Luke Maile,-2.7580899203215425,-2.3447671766813705,-0.9535359484475501,-0.8393374883871033,-0.9343976455138243,-0.44838113367458443,-0.2636462712113797,-3.655088954365772,3.475655594645327,-7.130744549011099,0.0,0.0,False,7,C,C 7
Cody Freeman,TEX,43.9368,170.584,157.644,37.4514,25.6455,7.60183,0.262335,3.94171,18.1592,17.959,9.50833,0.250539,27.3145,0.99586,1.5673,0.868141,3.16985,2.16777,0.737149,0.237569,0.0557399,0.160124,0.348106,0.282564,0.36413,0.281557,0.646695,0.126561,3.80273,0.261886,-0.0397384,-0.105315,15.7933,-4.36245,79.9031,-0.145054,-0.185357,-4.185591220855713,0.4926804602146148,0.222868,999.0,2.39213,0.375676,1.45092,2.39213,-0.375676,3.06545,144.0,3.272727272,144.0,3.272727272,,,,,,,,,,,,,,,,,,,Cody Freeman,25629,683227,DH,Cody Freeman,-1.1906203653826615,-5.703782465925859,-0.6471447263130332,-0.6079130178570143,-0.6087230444364826,-0.36676434004054137,-0.641334881303891,-4.013281658691104,0.0,-4.013281658691104,0.0,0.0,False,7,DH,DH 7
Jesse Winker,,57.7338,228.258,194.866,45.5443,30.3553,8.44094,0.870741,5.87731,25.9317,24.0969,28.3061,1.06796,51.0485,2.82104,1.62273,0.642492,3.47487,3.34745,1.08463,0.233722,0.124009,0.223644,0.554495,0.336847,0.376458,0.315959,0.713304,0.142736,4.36392,0.284224,-0.604221,-0.173521,27.5086,0.538183,101.756,-0.777743,-0.429906,-0.3041243553161621,-5.262652575969696,0.220837,999.0,2.54375,-0.17232,1.18565,2.54375,0.17232,3.41913,243.8,4.203448275,243.8,4.203448275,,,,,,,,,,,,,,,,,,,Jesse Winker,13590,608385,OF/DH,Jesse Winker,-2.221392341059256,4.758312756277683,-0.3652571422956598,-0.39227586925712316,-0.38376435893029065,-0.24491807633914311,0.535026005108839,-0.9502571130948061,4.93721430821242,-5.887471421307226,0.0,0.0,False,7,OF,OF 7
Alex Jackson,MIN,12.5356,42.4488,38.884,7.77275,4.3853,1.97271,0.0250513,1.38968,4.75565,4.83795,2.85568,0.0326836,13.714,0.531414,0.114875,0.0628376,0.579519,0.0858955,0.0462245,0.199896,0.0672735,0.323072,0.208231,0.263291,0.359135,0.272617,0.622426,0.159239,2.76065,0.267128,0.00641952,-0.0528457,3.62197,-1.39368,71.5814,-0.0464262,1.17781,-1.4682347625494003,2.145068049430847,0.218729,999.0,1.90617,0.115947,1.87727,1.90617,-0.115947,2.49697,33.0,2.538461538,33.0,2.538461538,,,,,,,,,,,,,,,,,,,Alex Jackson,17276,656577,C,Alex Jackson,-1.7585518088588685,-2.237467602644299,-1.1332552862044536,-0.8922240699036048,-1.0896194683699156,-0.5817960684077399,-0.2515814773679747,-4.196697798471076,3.475655594645327,-7.672353393116403,0.0,0.0,False,7,C,C 7
Randal Grichuk,NYY,40.5501,156.969,144.43,34.5972,20.6564,7.35228,0.668015,5.9205,18.3353,18.6934,9.84929,0.225988,32.8389,1.36738,1.24236,0.0807784,2.5335,0.356968,0.144754,0.239544,0.0627466,0.209206,0.299927,0.292016,0.422677,0.307634,0.714693,0.183133,3.29411,0.268226,0.0335533,-0.19681,17.8562,-0.69092,96.0365,-0.163256,-0.274877,-0.8985767662525177,-2.291255325078964,0.217177,999.0,3.68701,0.646091,1.42706,3.68701,-0.646091,3.09725,167.4,4.082926829,167.4,4.082926829,,,,,,,,,,,,,,,,,,,Randal Grichuk,10243,545341,OF/DH,Randal Grichuk,-0.8055712022355288,-3.764869495831518,-0.6407580549015878,-0.3874642509227414,-0.5818067280032159,-0.553797652466809,-0.42332296956591703,-2.885584495499151,4.93721430821242,-7.822798803711571,0.0,0.0,False,7,OF,OF 7
Jonny DeLuca,TBR,72.35,279.225,255.088,58.1493,38.5031,11.1142,2.32025,6.21183,30.2202,27.7175,18.6865,0.638136,59.2845,3.21228,1.46111,0.777472,2.42177,10.4891,2.00999,0.227958,0.0669226,0.212318,0.3152,0.28748,0.362775,0.284447,0.650255,0.134817,6.44078,0.271849,-0.43831,0.880157,26.507,-6.48555,80.1087,0.441848,0.119945,-6.122684687376022,-1.2092369943857193,0.216724,999.0,2.49946,3.67931,1.19169,2.49946,-3.67931,3.41108,248.9,3.456944444,248.9,3.456944444,,,,,,,,,,,,,,,,,,,Jonny DeLuca,26365,676356,OF,Jonny DeLuca,-4.378225631393041,-7.963719356503227,-0.20972482913277715,-0.35500838684875585,-0.25106662570822474,0.49272549578473046,-0.8954428116345504,-1.2409164845482308,4.93721430821242,-6.178130792760651,0.0,0.0,False,7,OF,OF 7
Joshua Báez,STL,26.6635,91.6434,82.3177,19.2881,12.0117,4.08817,0.120051,3.06817,10.7355,10.5378,7.75067,0.18894,24.5184,1.21529,0.274715,0.0851057,0.776183,4.5135,0.602389,0.234313,0.0845742,0.267541,0.316116,0.308591,0.39871,0.309351,0.7073,0.164397,5.4604,0.294876,-0.222066,0.518772,10.5528,-0.275627,97.216,0.296706,0.241462,-0.00484299659729,-0.9929592311382294,0.215246,999.0,5.56436,0.718225,1.79125,5.56436,-0.718225,2.61166,97.9,3.625925925,97.9,3.625925925,,,,,,,,,,,,,,,,,,,Joshua Baez,sa3017022,695491,DH,Joshua Baez,-0.8897381998144759,-0.6790589294019268,-0.9163822763252267,-0.7052304774498791,-0.880715647261317,-0.12447962202185756,-0.07635357422692861,-4.286815399130328,0.0,-4.286815399130328,0.0,0.0,False,7,DH,DH 7
Max Kepler,,34.108,134.902,120.543,28.2009,17.7729,5.63926,0.160971,4.62772,15.4694,15.5685,11.9725,0.396853,27.3956,1.18702,1.05673,0.142892,2.04452,0.776835,0.134525,0.233949,0.0887496,0.203078,0.437022,0.306921,0.398575,0.307291,0.705496,0.164625,3.07639,0.263164,-0.170376,-0.101309,15.3083,-0.631362,95.8008,-0.271685,0.0433134,-0.9412050545215608,-1.5357610881328585,0.213699,999.0,2.62336,0.878099,1.51884,2.62336,-0.878099,2.97488,141.1,4.15,141.1,4.15,,,,,,,,,,,,,,,,,,,Max Kepler,12144,596146,OF,Max Kepler,-1.3467774149943061,-1.224882685117911,-0.7446965080421977,-0.5314874958943095,-0.6963366806479803,-0.5104306163201293,-0.1377261485977384,-2.836665797171591,4.93721430821242,-7.773880105384011,0.0,0.0,False,7,OF,OF 7
Rhys Hoskins,CLE,93.7953,380.589,330.319,72.4899,42.8547,14.2426,0.764847,14.6277,41.7376,47.4392,41.1178,0.954474,103.225,4.96878,4.01603,0.166864,5.30837,2.32051,0.867776,0.219454,0.108037,0.271224,0.398333,0.311697,0.400054,0.311019,0.711751,0.180599,3.05095,0.267283,-0.636677,-0.472127,44.3405,-0.62905,99.978,-1.1088,-1.44519,-1.1186961559578776,-9.901398062705994,0.212724,739.489990234375,1.94444,-0.418361,0.495999,1.94444,0.418361,4.33867,399.5,4.25,399.5,4.25,,,,,,,,,,,,,,,,,,,Rhys Hoskins,16472,656555,1B/DH,Rhys Hoskins,-8.47849238341437,-1.6379775431543833,0.20798016413344309,0.5825687002494913,0.4717486218434565,-0.35098819878380094,-0.18417464892690805,0.8652468147358165,5.94346703347981,-5.0782202187439935,0.0,0.0,False,7,1B,1B 7
Andrew Knizner,SEA,30.2032,108.053,96.4776,20.6242,14.7921,3.82057,0.124851,1.88668,11.0539,9.83113,7.62028,0.0362118,22.953,2.38847,1.13264,0.434384,1.77187,0.412656,0.13191,0.213772,0.0705233,0.212423,0.331994,0.284643,0.314627,0.268137,0.59927,0.100856,2.99486,0.257488,0.00243918,-0.134976,8.82668,-3.94066,75.7845,-0.132537,-0.779048,-3.2164612263441086,1.5514445304870603,0.21015,999.0,2.10456,-0.11105,1.62229,2.10456,0.11105,2.83695,82.0,2.733333333,82.0,2.733333333,,,,,,,,,,,,,,,,,,,Andrew Knizner,19514,668800,DH,Andrew Knizner,-3.0245331230471137,-3.3883039673326856,-0.9048347682195811,-0.8368553662178506,-0.9066156381843787,-0.5480457750653074,-0.3809818371742674,-4.76974035749741,0.0,-4.76974035749741,0.0,0.0,False,7,DH,DH 7
James Outman,MIN,56.4691,204.183,180.513,36.6877,21.7398,7.47127,0.942525,6.53416,24.5536,21.2246,19.0631,0.52897,70.9284,3.05442,1.44844,0.104421,1.53311,4.19067,1.04484,0.203242,0.0933628,0.347377,0.268765,0.28815,0.363667,0.286737,0.651818,0.160425,5.61332,0.288555,0.0184906,0.124214,19.7628,-4.36296,81.3082,0.142705,0.839342,-4.35554875433445,-0.6505352258682251,0.206831,999.0,1.07303,0.703967,1.12792,1.07303,-0.703967,3.4961,188.8,3.371428571,188.8,3.371428571,,,,,,,,,,,,,,,,,,,James Outman,24770,681546,OF,James Outman,-7.559810277860016,-5.6866591479690145,-0.41523710749789106,-0.3190989416595624,-0.48903633018746906,-0.15782394362663374,-0.6394095306870001,-1.9894328949208955,4.93721430821242,-6.9266472031333155,0.0,0.0,False,7,OF,OF 7
Kameron Misner,KCR,13.6362,50.4831,44.9149,9.2032,5.84484,1.92359,0.119158,1.31562,5.79036,4.57527,5.14346,0.0401823,16.4613,0.164484,0.161571,0.0986459,0.445337,1.60786,0.254106,0.204903,0.101885,0.326076,0.312457,0.288008,0.34091,0.279726,0.628919,0.136007,5.53638,0.288927,-0.0959392,0.14415,4.5989,-1.36607,76.8657,0.0482103,1.90874,-1.3321367874741554,1.614132046699524,0.203659,999.0,2.3404,1.35467,1.88834,2.3404,-1.35467,2.48222,39.4,2.814285714,39.4,2.814285714,,,,,,,,,,,,,,,,,,,Kameron Misner,26374,670224,OF,Kameron Misner,-1.8064139102179297,-1.4131631366346438,-1.0957291489180443,-0.9004747865936793,-1.099246889394821,-0.42459607534931143,-0.15889645474925929,-3.965808198293041,4.93721430821242,-8.903022506505462,0.0,0.0,False,7,OF,OF 7
Austin Hedges,CLE,42.1374,141.601,125.5,23.4277,16.1979,3.91246,0.0369655,3.28039,12.4251,11.5693,11.0402,0.113106,36.9904,1.3955,1.13465,2.53009,2.08431,1.26321,0.739206,0.186674,0.077967,0.26123,0.298461,0.257879,0.296854,0.248257,0.554732,0.110179,2.87299,0.233283,0.0258107,-0.238357,9.28157,-7.44966,56.743,-0.212547,1.28839,-7.431842654943466,4.539735555648804,0.202739,999.0,1.67511,-0.0794696,1.44272,1.67511,0.0794696,3.07637,77.7,1.85,77.7,1.85,,,,,,,,,,,,,,,,,,,Austin Hedges,12976,595978,C,Austin Hedges,-7.335172439455507,-8.230104482762782,-0.8551050473827045,-0.6815879295702196,-0.8429103907241241,-0.46019413141933635,-0.9253952290613012,-3.8725077849113116,3.475655594645327,-7.348163379556638,0.0,0.0,False,7,C,C 7
Derek Hill,CHW,38.7631,142.895,130.345,30.2869,20.1252,5.49231,1.00618,3.6632,15.9411,13.3761,8.41426,0.0360828,40.8819,1.50239,1.02391,1.60987,1.98056,4.35227,1.08763,0.23236,0.058884,0.286096,0.205819,0.284555,0.374247,0.287228,0.658802,0.141887,6.18896,0.306641,-0.0228587,0.226963,13.8878,-2.99642,82.0188,0.204104,-0.0185096,-2.8327363580465317,-0.0583894066512584,0.199005,999.0,3.40459,1.7576,1.60303,3.40459,-1.7576,2.86263,130.6,3.348717948,130.6,3.348717948,,,,,,,,,,,,,,,,,,,Derek Hill,16947,656537,OF,Derek Hill,-1.6634093389309001,-4.49344706721964,-0.727589222949757,-0.6389406590310978,-0.7766898017649381,-0.1411326746264422,-0.5052444336221434,-3.076513560791583,4.93721430821242,-8.013727869004002,0.0,0.0,False,7,OF,OF 7
Zack Gelof,ATH,41.8041,160.835,144.796,31.4449,19.3131,6.72818,0.146264,5.25734,19.7033,16.9154,12.9835,0.0784767,53.9187,1.17692,1.30684,0.5716,1.56186,4.78631,1.46149,0.217167,0.0807255,0.335242,0.240797,0.284565,0.374579,0.288304,0.659144,0.157413,4.9414,0.30126,0.195286,0.138295,15.7718,-3.23206,82.7581,0.33358,-0.585991,-2.943973481655121,-0.5552711151540279,0.198906,999.0,3.9964,1.20865,1.40783,3.9964,-1.20865,3.12289,144.6,3.442857142,144.6,3.442857142,,,,,,,,,,,,,,,,,,,Zack Gelof,29766,680869,2B,Zack Gelof,-4.047712691867726,-5.055976303460727,-0.591144389422557,-0.46134414938601054,-0.6469717751414894,-0.09630174395290786,-0.568495376853213,-2.6954924270247895,4.290443792376481,-6.98593621940127,0.0,0.0,False,7,2B,2B 7
Dom Keegan,TBR,17.0814,68.5842,62.0022,13.9609,9.07525,2.98247,0.0777356,1.8254,6.82471,7.38412,4.98202,0.0803858,18.8743,0.708461,0.832274,0.0592612,1.03904,0.0866945,0.0369718,0.225167,0.0726408,0.275199,0.263958,0.286776,0.3641,0.284686,0.650876,0.138933,2.11057,0.288015,0.00392637,-0.0947496,6.52407,-1.57968,80.273,-0.0908232,-0.0106649,-1.6899060383439064,1.307341357693076,0.198345,999.0,1.52307,-0.159671,1.8124,1.52307,0.159671,2.58346,61.9,3.64117647,61.9,3.64117647,,,,,,,,,,,,,,,,,,,Dom Keegan,sa3020194,681371,C,Dom Keegan,-1.2372284279546473,-2.0043592767652227,-1.0582160678593926,-0.8436823162417199,-0.9963004087118403,-0.5817135416507402,-0.22537071259885602,-3.8813100211790768,3.475655594645327,-7.356965615824404,0.0,0.0,False,7,C,C 7
Leody Taveras,BAL,24.4003,92.0333,84.2415,19.5389,13.3933,3.75427,0.144843,2.24651,10.7142,9.35576,6.17445,0.103623,20.0119,0.128583,0.933886,0.554852,0.909272,3.69732,0.982816,0.231939,0.0670893,0.217442,0.308538,0.282492,0.359945,0.280336,0.642437,0.128007,5.48964,0.274844,0.0282666,0.20764,8.42959,-2.44486,79.1011,0.235906,0.824157,-2.0310434103012085,0.7899258360266685,0.197107,999.0,1.97241,0.355606,1.78137,1.97241,-0.355606,2.62484,81.2,3.383333333,81.2,3.383333333,,,,,,,,,,,,,,,,,,,Leody Taveras,18900,665750,OF,Leody Taveras,-1.1105210846385745,-3.0839251056927504,-0.9171547698008872,-0.7967682019376797,-0.9240383088582377,-0.20878085922839423,-0.3467573936111704,-3.3880804818458574,4.93721430821242,-8.325294790058278,0.0,0.0,False,7,OF,OF 7
Orlando Arcia,MIN,35.2141,131.013,120.414,26.8146,18.4741,5.1755,0.082323,3.08264,11.9465,12.7631,8.73866,0.0718519,27.7704,0.605203,1.13166,0.123515,2.64516,0.264388,0.135642,0.222686,0.0667006,0.211966,0.314676,0.276251,0.343835,0.272303,0.620086,0.121149,1.89798,0.261673,0.0168783,-0.185841,11.1454,-4.33483,71.3651,-0.168962,1.11355,-4.590608060359955,1.9675042033195496,0.192978,999.0,1.96233,-0.312818,1.56645,1.96233,0.312818,2.9114,103.9,2.968571428,103.9,2.968571428,,,,,,,,,,,,,,,,,,,Orlando Arcia,13185,606115,SS,Orlando Arcia,-2.7015590329927934,-5.207740067173003,-0.8724625768404999,-0.703618434909974,-0.7991567162169975,-0.5633600143729831,-0.5855597365071967,-3.6691915300717897,6.2323935944793165,-9.901585124551106,0.0,0.0,False,7,SS,SS 7
Jorge Mateo,ATL,48.6477,167.563,155.122,34.5974,22.3107,7.65971,1.14204,3.4849,20.9821,14.5108,9.09374,0.108611,45.7794,1.12147,1.11609,1.10975,1.67787,13.3529,2.65986,0.223033,0.0542705,0.273207,0.198643,0.26922,0.354532,0.27178,0.623752,0.131499,8.04387,0.290841,-0.0334216,1.36732,14.1836,-5.61531,71.2921,1.3339,0.276778,-4.367401361465454,0.6700209677219391,0.192091,999.0,2.99955,1.42299,1.71248,2.99955,-1.42299,2.7167,144.4,2.946938775,144.4,2.946938775,,,,,,,,,,,,,,,,,,,Jorge Mateo,17273,622761,2B,Jorge Mateo,-3.4264261275236425,-7.838730576199302,-0.5447657670434747,-0.6588043207356652,-0.7351021870361423,0.7885203977819368,-0.8813890385358379,-2.2416800909607564,4.290443792376481,-6.532123883337237,0.0,0.0,False,7,2B,2B 7
Jon Berti,,40.7525,142.264,128.88,30.7551,23.1648,5.01211,0.844956,1.73325,16.4254,10.9254,10.4656,0.123518,30.1722,1.34423,0.806332,0.767826,2.47254,7.9901,1.92184,0.238634,0.0735644,0.212086,0.346861,0.30082,0.330981,0.280874,0.631801,0.0923477,6.64913,0.296805,0.0103675,0.580918,13.0926,-3.71702,77.6545,0.591285,-0.616587,-3.165971040725708,0.2109084725379943,0.190277,999.0,1.47232,0.391895,1.7611,1.47232,-0.391895,2.65186,126.2,3.07804878,126.2,3.07804878,,,,,,,,,,,,,,,,,,,Jon Berti,12037,542932,DH,Jon Berti,-0.8361204908129533,-2.159680809732569,-0.7100249698857989,-0.8539483646212818,-0.8665098135882041,0.2346098941047881,-0.24283510881393539,-3.519674752884829,0.0,-3.519674752884829,0.0,0.0,False,7,DH,DH 7
Ryan Bliss,SEA,27.18,100.657,90.9454,19.6877,13.0282,4.1308,0.273301,2.2554,11.8197,9.39365,7.77362,0.0561148,26.7317,1.33613,0.240339,0.36181,1.60883,5.50651,1.91122,0.216478,0.0772286,0.265571,0.290802,0.287126,0.342307,0.279305,0.629433,0.125829,6.12653,0.280268,0.00702989,0.172847,9.13527,-2.75817,83.4783,0.179877,-0.269381,-1.780203104019165,0.1500642299652099,0.187674,999.0,3.92573,0.128772,1.75243,3.92573,-0.128772,2.66343,84.2,3.118518518,84.2,3.118518518,,,,,,,,,,,,,,,,,,,Ryan Bliss,29547,669208,2B,Ryan Bliss,-2.605002673501649,-2.906450374642657,-0.8770612703951354,-0.795777803998512,-0.9226496116500997,-0.021914046341905767,-0.3268020856637843,-3.3399822926043905,4.290443792376481,-7.630426084980871,0.0,0.0,False,7,2B,2B 7
Tyler Austin,CHC,40.0445,157.4,140.719,33.9245,20.4334,7.31557,0.117978,6.05757,18.9295,20.0486,14.5771,0.741699,38.9302,0.91855,1.02173,0.164343,2.41112,0.378437,0.0983115,0.24108,0.0926118,0.247332,0.374442,0.314305,0.423886,0.319169,0.738191,0.182806,2.45642,0.288022,-0.158118,-0.196868,19.3794,0.781291,103.96,-0.354986,0.0110753,0.3817831873893738,-3.882140844129026,0.1869,999.0,2.10889,-0.206308,1.40692,2.10889,0.206308,3.1241,174.1,4.3525,174.1,4.3525,,,,,,,,,,,,,,,,,,,Tyler Austin,11850,592122,DH,Tyler Austin,-0.5687283848664525,-0.26691834305169093,-0.6192080256416169,-0.3721938521014006,-0.5321376212080594,-0.5515801719336091,-0.03001237247064111,-3.21893229284388,0.0,-3.21893229284388,0.0,0.0,False,7,DH,DH 7
Luis Urías,ARI,30.8754,116.923,102.521,22.8652,15.7011,4.05853,0.0788483,3.02676,12.1324,12.0513,10.8015,0.0252967,22.274,2.53772,0.992593,0.070196,2.16685,1.05555,0.249775,0.22303,0.0923816,0.190501,0.48494,0.30983,0.352725,0.295409,0.662554,0.129695,3.34712,0.253647,-0.0687991,-0.0827241,12.1403,-1.67512,86.9658,-0.151523,-0.606691,-1.9577724039554596,-0.1302189528942108,0.184374,999.0,2.80451,0.258739,1.60969,2.80451,-0.258739,2.85374,109.5,3.532258064,109.5,3.532258064,,,,,,,,,,,,,,,,,,,Luis Urias,16622,649966,3B,Luis Urias,-2.2648518121706616,-0.7215080198197775,-0.8657204858956521,-0.7098437933847426,-0.8252447255269093,-0.48164282523480517,-0.0811265617185144,-3.2232036238497423,4.432236963281538,-7.65544058713128,0.0,0.0,False,7,3B,3B 7
Jacob Melton,TBR,42.703,147.498,134.728,29.0991,19.1964,6.0671,0.322384,3.51314,16.8208,14.6253,10.8445,0.0920322,40.9247,1.07063,0.725271,0.129826,2.0875,7.87676,1.7848,0.215984,0.0735226,0.277459,0.264986,0.27831,0.344029,0.274393,0.62234,0.128045,5.96749,0.281116,-0.123389,0.639666,12.798,-4.63,73.2018,0.516276,1.88978,-4.155447959899902,0.9169729948043824,0.179405,701.0599975585938,2.4161,2.79365,1.59311,2.4161,-2.79365,2.87586,128.0,2.976744186,128.0,2.976744186,,,,,,,,,,,,,,,,,,,Jacob Melton,31661,689200,DH,Jacob Melton,-3.925649112214833,-5.559317077747384,-0.6956848797319914,-0.655658219745553,-0.730905675282862,0.22290328254240127,-0.6250911530177135,-3.65911930036908,0.0,-3.65911930036908,0.0,0.0,False,7,DH,DH 7
Brett Wisely,ATL,14.552,48.4344,43.8488,9.70514,6.61495,2.14808,0.0351529,0.906953,5.0504,4.46537,3.75912,0.098747,11.347,0.163139,0.157219,0.506122,0.551332,1.00026,0.211781,0.221332,0.0776126,0.234276,0.331287,0.284329,0.333974,0.273445,0.618303,0.112643,4.40367,0.27709,-0.0874292,0.044413,4.16527,-1.55763,72.4329,-0.0430162,1.38927,-1.625500090420246,1.7635467052459717,0.178993,999.0,1.94446,-0.1229,1.91941,1.94446,0.1229,2.44078,41.1,2.74,41.1,2.74,,,,,,,,,,,,,,,,,,,Brett Wisely,27735,689172,2B/SS,Brett Wisely,-1.0431449371155113,-1.5340044523841347,-1.122565499727886,-0.9460026780004119,-1.1032748076628167,-0.4873535941891406,-0.17248388578397808,-3.8273702995739063,4.290443792376481,-8.117814091950386,0.0,0.0,False,7,2B,2B 7
Jake Bauers,MIL,85.176,309.456,268.795,56.7158,33.2382,11.0945,0.933183,11.4499,36.0058,37.3408,36.2373,0.889382,92.2182,2.52122,1.74016,0.163124,2.57163,8.34246,1.82126,0.211,0.1171,0.298001,0.392951,0.308685,0.387011,0.305734,0.695696,0.17601,4.96404,0.27127,-0.635421,0.453225,34.7252,-1.8395,95.7771,-0.182196,-1.24856,-1.7310108989477158,-6.819300413131714,0.178574,999.0,1.26858,0.989743,0.818398,1.26858,-0.989743,3.9088,317.8,3.738823529,317.8,3.738823529,,,,,,,,,,,,,,,,,,,Jake Bauers,15194,641343,1B,Jake Bauers,-9.171712557995566,-2.263917070491771,0.00010325785222331761,0.22854321418794202,0.10163461058297202,0.27100429722921576,-0.2545554628633623,0.4751378513135397,5.94346703347981,-5.46832918216627,0.0,0.0,False,7,1B,1B 7
Nick Yorke,PIT,40.2687,155.541,142.431,35.042,25.1536,6.90895,0.273528,2.70593,16.8741,15.4543,10.6356,0.30637,35.1201,1.09023,1.28202,0.101738,2.27953,3.31493,1.17568,0.246027,0.068378,0.225793,0.302835,0.300875,0.35537,0.288279,0.656245,0.109343,4.44618,0.305382,0.0173697,-0.0599199,15.2496,-3.12879,81.1823,-0.0425502,-0.0108919,-3.511570367962122,0.0667868321761488,0.177011,999.0,3.66869,-0.262816,1.59171,3.66869,0.262816,2.87772,141.4,3.535,141.4,3.535,,,,,,,,,,,,,,,,,,,Nick Yorke,27504,694377,2B/3B/OF,Nick Yorke,0.1289585714933267,-2.3526814876658384,-0.6937518326778742,-0.7455861298102968,-0.7005221971739594,-0.24827698765032025,-0.26453615853196877,-2.451815075331755,4.290443792376481,-6.742258867708236,0.0,0.0,False,7,2B,2B 7
Oswald Peraza,LAA,74.7623,265.642,241.819,51.6375,35.6097,8.88649,0.257031,6.88429,28.427,25.1472,18.6939,0.224373,70.4578,3.5342,1.13217,0.463388,3.72115,8.50835,2.13084,0.213538,0.0703726,0.265236,0.265321,0.27855,0.337819,0.272895,0.616369,0.124281,4.9079,0.270235,0.0280237,0.448711,22.7262,-8.66149,71.3531,0.476734,0.45597,-8.492341697216034,1.0772141516208649,0.17678,999.0,1.51518,-1.00788,1.12835,1.51518,1.00788,3.49553,221.6,2.954666666,221.6,2.954666666,,,,,,,,,,,,,,,,,,,Oswald Peraza,22823,672724,3B,Oswald Peraza,-7.637511946842161,-9.948504439891591,-0.2747593502855534,-0.2800924140509242,-0.3452700681488909,0.2881386698433356,-1.1186125965050169,-1.664863324140038,4.432236963281538,-6.097100287421576,0.0,0.0,False,7,3B,3B 7
Thairo Estrada,BAL,31.7191,128.899,121.571,29.6409,20.9227,6.27101,0.249584,2.19769,15.7418,14.558,5.55098,0.023958,24.7957,1.1164,0.575946,0.084792,2.60432,1.27192,0.650454,0.243816,0.0430646,0.192365,0.223869,0.281866,0.353738,0.278082,0.635603,0.109921,4.19973,0.28841,0.116695,-0.19397,11.5704,-3.66003,77.5487,-0.0772749,0.2524,-3.488130956888199,0.7418915927410126,0.172934,999.0,7.45679,0.959046,1.58045,7.45679,-0.959046,2.89274,102.3,3.196875,102.3,3.196875,,,,,,,,,,,,,,,,,,,Thairo Estrada,16426,642731,2B,Thairo Estrada,-0.15872177964976458,-4.399941112721854,-0.7348172957055837,-0.8022070351649202,-0.7333722712740913,-0.45929449680923945,-0.4947305981827145,-3.9591120151582,4.290443792376481,-8.24955580753468,0.0,0.0,False,7,2B,2B 7
Everson Pereira,CHW,57.5364,221.702,199.449,43.7358,26.9051,7.88037,0.833692,8.11666,27.3476,25.7547,18.094,0.0963541,70.0066,2.65142,1.35825,0.149291,3.51405,4.41717,1.10367,0.219283,0.0816142,0.315769,0.258462,0.291042,0.38924,0.297236,0.680282,0.169957,5.27147,0.290332,-0.227192,0.117524,23.3484,-2.84739,88.8941,-0.109667,-0.954858,-3.019769571721554,-2.81659859418869,0.170554,999.0,3.43267,1.62628,1.07493,3.43267,-1.62628,3.56676,219.3,3.781034482,219.3,3.781034482,,,,,,,,,,,,,,,,,,,Everson Pereira,23695,677592,OF,Everson Pereira,-5.153480769174991,-5.533415064953274,-0.31390627317887637,-0.14279919602031466,-0.32300473286401965,-0.1344293122618851,-0.6221787235202562,-1.733674003612735,4.93721430821242,-6.670888311825155,0.0,0.0,False,7,OF,OF 7
Tom Murphy,,16.911,63.386,57.5191,12.7959,7.8899,2.52253,0.0510632,2.33237,7.28805,7.30147,5.35618,0.00527442,18.1993,0.285444,0.176244,0.0489516,0.885565,0.380834,0.142464,0.222463,0.0845011,0.287119,0.294307,0.291102,0.389742,0.297785,0.680844,0.16728,3.0555,0.281552,-0.0356944,-0.0714705,6.7037,-0.785838,89.2712,-0.107165,-0.873127,-0.9109322130680084,0.4317356944084167,0.170459,999.0,1.84488,-0.375025,1.81002,1.84488,0.375025,2.58664,57.3,3.370588235,57.3,3.370588235,,,,,,,,,,,,,,,,,,,Tom Murphy,13499,608596,C/DH,Tom Murphy,-1.3033016556958992,-1.5782351044591756,-1.0414119773893238,-0.7872028963069777,-0.9993295938333129,-0.55133259166261,-0.1774571925620681,-3.773394381635448,3.475655594645327,-7.249049976280775,0.0,0.0,False,7,C,C 7
Tommy Troy,ARI,14.1856,54.2684,49.1924,11.669,8.29035,2.46104,0.078596,0.839063,5.96558,5.11181,4.2526,0.0202658,11.5061,0.587653,0.152341,0.083438,0.90773,1.28328,0.200474,0.237213,0.0783624,0.212023,0.369594,0.304684,0.341607,0.28767,0.646291,0.104395,4.64966,0.292706,-0.0798286,0.0880077,5.29376,-1.11847,81.6644,0.00817912,0.794143,-1.1711546881124375,1.013055980205536,0.168552,999.0,2.07603,-0.0446613,1.92052,2.07603,0.0446613,2.43931,50.3,3.592857142,50.3,3.592857142,,,,,,,,,,,,,,,,,,,Tommy Troy,sa3022561,694371,DH,Tommy Troy,-0.3890424813455862,-0.6141444301996588,-1.0893743927300064,-0.9535660206427176,-1.0795822918742535,-0.45812115017655275,-0.06905456994520932,-4.902386136295416,0.0,-4.902386136295416,0.0,0.0,False,7,DH,DH 7
Sam Haggerty,TEX,59.9776,219.207,196.234,46.5682,32.7143,8.95296,1.6339,3.26701,27.5182,18.3504,18.1701,0.515083,48.8781,2.41117,1.29943,1.09188,2.49342,11.2406,2.53867,0.237309,0.0828903,0.222977,0.371744,0.307862,0.349531,0.290765,0.657393,0.112222,6.97496,0.29783,-0.0581464,0.860056,21.934,-3.96701,86.2466,0.80191,-0.960243,-2.751422762870789,-3.1524085998535156,0.167886,999.0,1.73552,-0.968593,1.51256,1.73552,0.968593,2.98325,205.4,3.423333333,205.4,3.423333333,,,,,,,,,,,,,,,,,,,Sam Haggerty,18054,664059,DH,Sam Haggerty,-1.5330956210287834,-1.7840811280986735,-0.3077190719137282,-0.6830785397418804,-0.5943779378842214,0.5703460938889627,-0.20060257651146918,-2.2344810078923363,0.0,-2.2344810078923363,0.0,0.0,False,7,DH,DH 7
Oswaldo Cabrera,NYY,40.7938,155.25,139.892,31.8788,22.2574,6.11968,0.158327,3.34342,17.6972,15.1616,11.8885,0.164725,32.6388,1.03054,1.21489,1.22431,2.33607,1.99511,0.786622,0.227882,0.0765763,0.210234,0.364243,0.290847,0.345592,0.280873,0.636439,0.11771,3.88058,0.271445,0.0395886,-0.154249,14.2875,-4.05649,77.6535,-0.11466,1.70098,-4.21506229788065,0.5818121433258057,0.165856,999.0,3.00195,0.465284,1.45768,3.00195,-0.465284,3.05643,124.8,3.043902439,124.8,3.043902439,,,,,,,,,,,,,,,,,,,Oswaldo Cabrera,21707,665828,3B,Oswaldo Cabrera,-2.411680606631951,-3.9051268809324937,-0.6639002186020041,-0.6745660193221048,-0.7112498739441352,-0.3845979694067114,-0.4390935488197889,-3.104209513917858,4.432236963281538,-7.536446477199396,0.0,0.0,False,7,3B,3B 7
Alejandro Osuna,TEX,19.146,69.6028,61.7131,14.6706,10.5385,2.87781,0.111153,1.14316,8.26639,6.51072,6.16209,0.165863,15.0098,1.14901,0.276643,0.301931,0.929981,2.08634,0.763978,0.237723,0.0885322,0.21565,0.410537,0.317193,0.343529,0.294836,0.660721,0.105806,4.93504,0.295123,0.00899817,-0.0123362,7.19451,-1.02959,89.0505,-0.00333808,1.00453,-0.901582159800455,0.1181386113166809,0.164945,999.0,1.71447,0.210771,1.86569,1.71447,-0.210771,2.51241,62.1,3.268421052,62.1,3.268421052,,,,,,,,,,,,,,,,,,,Alejandro Osuna,27915,696030,DH,Alejandro Osuna,-0.45658987262877904,0.08298071328844846,-1.0059302277659647,-0.9196878381784784,-1.0283111804613163,-0.3751750457007245,0.009330374400723223,-4.516782940914501,0.0,-4.516782940914501,0.0,0.0,False,7,DH,DH 7
Alex Freeland,LAD,20.4371,78.1553,68.7743,14.9961,9.89731,3.14769,0.0885667,1.86251,9.18404,7.6264,7.80841,0.0882677,21.1733,1.1199,0.196468,0.256188,1.2489,1.52015,0.363852,0.218048,0.099909,0.270913,0.368786,0.30712,0.347636,0.292458,0.654757,0.129589,4.39254,0.285916,-0.0235545,0.0313287,7.92768,-1.30697,85.6118,0.00777415,-0.122106,-1.3213029708713293,0.2833925485610962,0.164437,999.0,2.21364,-0.021034,1.76577,2.21364,0.021034,2.64564,73.3,3.665,73.3,3.665,,,,,,,,,,,,,,,,,,,Alex Freeland,31665,690976,DH,Alex Freeland,-1.8619671428983664,-0.6940813017624382,-0.9726495405387481,-0.8395480454292885,-0.9874206631434146,-0.4336554268592545,-0.07804269393867896,-4.552576031860525,0.0,-4.552576031860525,0.0,0.0,False,7,DH,DH 7
Reese McGuire,MIL,19.3638,63.7504,59.1238,13.0318,9.87224,1.66765,0.0739622,1.41797,7.58193,7.93952,3.77115,0.0475886,14.7042,0.259527,0.303429,0.292428,1.08451,0.286751,0.119008,0.220416,0.059155,0.230652,0.256468,0.268879,0.323073,0.261274,0.591952,0.102657,3.37869,0.268187,-0.0265655,-0.082854,4.85247,-2.68013,65.3212,-0.10942,0.710554,-2.7296630665659904,2.204676389694214,0.163291,999.0,3.75886,0.869565,1.78479,3.75886,-0.869565,2.62028,41.0,2.157894736,41.0,2.157894736,,,,,,,,,,,,,,,,,,,Reese McGuire,15674,624512,C,Reese McGuire,-1.460688312319359,-3.0040333650434734,-1.0307537434631706,-0.8890723986213714,-0.9759445779016057,-0.5610501947649925,-0.3377743441501233,-4.215050591524668,3.475655594645327,-7.6907061861699955,0.0,0.0,False,7,C,C 7
Brandon Valenzuela,TOR,5.98813,22.9671,21.0492,4.32205,3.26198,0.667732,0.0181904,0.374154,2.17085,2.09297,1.76766,0.0458623,6.21142,0.0615333,0.063274,0.0253833,0.301303,0.0692386,0.039408,0.205331,0.076965,0.270449,0.284583,0.268125,0.292107,0.250723,0.560232,0.0867762,2.55852,0.271764,0.0120729,-0.035598,1.55142,-1.16232,57.861,-0.0235251,1.43872,-1.1642030347138643,1.900771915912628,0.156237,999.0,1.6786,-0.00213305,2.00626,1.6786,0.00213305,2.32498,10.3,1.716666666,10.3,1.716666666,,,,,,,,,,,,,,,,,,,Brandon Valenzuela,sa3005729,678218,C,Brandon Valenzuela,-0.8375600693257915,-1.0995682019942978,-1.2269990015043064,-1.0053595994391769,-1.190225065160477,-0.5835165188941834,-0.12363575338370995,-4.377364993367298,3.475655594645327,-7.853020588012624,0.0,0.0,False,7,C,C 7
Starling Marte,KCR,62.019,253.834,230.353,59.1246,42.2053,10.4122,0.9744,5.5327,29.4993,25.7481,15.8911,0.215663,53.4118,4.51914,1.85727,1.213,5.14741,6.88448,1.84098,0.256669,0.0626045,0.21042,0.297521,0.314839,0.382385,0.305846,0.697224,0.125716,5.15326,0.309304,-0.101071,0.211038,28.5067,-1.48571,94.8085,0.109967,-0.516123,-1.4475391432642937,-5.645105719566345,0.153283,999.0,1.57903,0.146872,1.34646,1.57903,-0.146872,3.20473,262.2,4.229032258,262.2,4.229032258,,,,,,,,,,,,,,,,,,,Starling Marte,9241,516782,OF,Starling Marte,2.659980729455019,-0.2949034107737214,-0.23586992521745048,-0.43066743661556933,-0.3232466278646454,0.1204131067781063,-0.033159021241524145,-0.8590293876794765,4.93721430821242,-5.796243695891897,0.0,0.0,False,7,OF,OF 7
Andruw Monasterio,BOS,37.5953,129.796,116.588,27.4987,18.754,5.65431,0.156543,2.93387,14.5247,12.7404,10.9374,0.0454026,30.7911,1.2194,0.969071,0.081617,1.70314,3.28027,1.0217,0.235862,0.0842662,0.237227,0.355213,0.305714,0.362538,0.2951,0.668252,0.126676,4.40276,0.293023,-0.0122781,0.0338878,13.4443,-1.8921,83.6313,0.0216097,-0.463519,-2.482460370287299,-0.5021975412964821,0.151699,999.0,3.46452,0.35004,1.63889,3.46452,-0.35004,2.81482,118.7,3.12368421,118.7,3.12368421,,,,,,,,,,,,,,,,,,,Andruw Monasterio,19455,655316,2B/3B,Andruw Monasterio,-1.0795569808704295,-1.3351850170339108,-0.7789582257162038,-0.7201922820876996,-0.7999886884161194,-0.2518569343306831,-0.15012857336928118,-2.7629209759923814,4.290443792376481,-7.053364768368862,0.0,0.0,False,7,2B,2B 7
Enrique Hernández,LAD,52.4153,195.811,178.263,40.027,25.4589,8.45426,0.148797,5.9651,21.9915,23.3821,13.6611,0.044724,45.9814,1.04947,2.07638,0.761312,3.5303,0.923439,0.275967,0.224539,0.0697669,0.234825,0.297101,0.280634,0.374022,0.285181,0.654656,0.149482,3.07967,0.265295,0.0595353,-0.193216,18.7052,-4.4314,80.6129,-0.133681,-0.338225,-4.620470404624939,-0.5248889476060867,0.151599,999.0,2.71817,0.917485,1.1794,2.71817,-0.917485,3.42746,172.5,3.317307692,172.5,3.317307692,,,,,,,,,,,,,,,,,,,Enrique Hernandez,10472,571771,3B/OF,Enrique Hernandez,-3.6691140912522506,-6.925207757056511,-0.5081575551030262,-0.3824955503505389,-0.40996232051321413,-0.4952882475051289,-0.7786722795634675,-2.47343524559041,4.432236963281538,-6.905672208871948,0.0,0.0,False,7,3B,3B 7
Tommy Pham,,59.5894,238.819,213.698,51.4967,35.5654,9.74858,0.431623,5.75108,26.8403,24.3817,21.7744,0.475919,53.9713,1.54079,1.66097,0.144242,4.49677,4.13827,1.29642,0.240979,0.0911756,0.225993,0.403444,0.313448,0.371373,0.301552,0.684821,0.130394,4.16981,0.293925,-0.38985,-0.0888228,25.9879,-2.23037,91.8589,-0.478673,-1.07572,-2.7765948474407196,-3.834488868713379,0.150559,999.0,6.50987,0.944403,1.22441,6.50987,-0.944403,3.36746,233.8,3.896666666,233.8,3.896666666,,,,,,,,,,,,,,,,,,,Tommy Pham,2967,502054,OF,Tommy Pham,-0.8852630181016983,-0.6096562678110651,-0.3323046741273503,-0.4063386287465653,-0.3733262231457124,-0.1632362115450126,-0.06854991972231655,-1.8531293570588627,4.93721430821242,-6.7903436652712825,0.0,0.0,False,7,OF,OF 7
Garrett Stubbs,PHI,18.1474,29.9812,27.2211,5.72714,4.18164,1.16246,0.0456259,0.337415,3.37618,2.64116,2.30566,0.0472948,6.72384,0.307247,0.074635,0.0724876,0.332412,0.213909,0.0912964,0.210393,0.0769036,0.224269,0.342908,0.27885,0.293636,0.257473,0.572486,0.0832426,3.64493,0.266363,0.009951,-0.0391488,2.18954,-1.35297,60.3521,-0.0291978,0.488336,-1.4380425922572613,1.8886007070541384,0.148153,999.0,1.74354,0.108369,1.97129,1.74354,-0.108369,2.37162,15.5,0.861111111,15.5,0.861111111,,,,,,,,,,,,,,,,,,,Garrett Stubbs,18067,596117,C,Garrett Stubbs,-0.9453503983562735,-1.1138254550641769,-1.1832849376067625,-1.009452538684068,-1.1701334863130473,-0.5685738668968734,-0.12523884287036452,-4.303031467157999,3.475655594645327,-7.778687061803327,0.0,0.0,False,7,C,C 7
Elias Díaz,KCR,22.9721,82.0771,75.6456,16.6803,12.4513,2.35171,0.0403444,1.83691,7.78381,8.43271,5.45941,0.0854653,19.9223,0.316704,0.221443,0.433951,1.90598,0.123336,0.0515448,0.220506,0.0665156,0.242727,0.274035,0.275056,0.32551,0.265855,0.600566,0.105004,1.91509,0.27433,-0.114337,-0.116209,6.55267,-3.14537,67.3368,-0.230546,0.295933,-3.3991328179836273,2.068474143743515,0.148065,999.0,3.74867,0.82384,1.75132,3.74867,-0.82384,2.66491,58.8,2.556521739,58.8,2.556521739,,,,,,,,,,,,,,,,,,,Elias Diaz,11680,553869,C,Elias Diaz,-1.8620610112866574,-3.3606301432271137,-1.0234321010750809,-0.8424000349953958,-0.9578687907260574,-0.5779289306787692,-0.37787018472188194,-4.176723763491964,3.475655594645327,-7.65237935813729,0.0,0.0,False,7,C,C 7
Joey Loperfido,HOU,96.0637,352.786,320.685,74.129,49.4866,14.8694,1.82503,7.94796,39.0282,35.128,22.3957,1.00825,98.2224,5.88813,1.76177,2.05544,4.99169,6.57602,1.91775,0.231158,0.0634824,0.278419,0.22801,0.291998,0.363261,0.287112,0.655259,0.132103,5.35268,0.306002,-0.141418,0.0230931,34.2535,-7.43091,82.8997,-0.118325,0.700081,-7.228618614375591,-3.5082037448883057,0.143802,999.0,4.39167,-1.06971,0.75829,4.39167,1.06971,3.98895,315.2,3.283333333,315.2,3.283333333,,,,,,,,,,,,,,,,,,,Joey Loperfido,29630,694388,OF,Joey Loperfido,-4.477913589456489,-8.467850507666043,0.1097175433374737,-0.16159336163759172,0.02053381400953457,0.08855302734865651,-0.9521274579940635,-1.0330345044708784,4.93721430821242,-5.970248812683298,0.0,0.0,False,7,OF,OF 7
Robert Hassell III,WSN,69.6796,263.314,241.438,57.2878,41.6232,10.2772,0.458511,4.92892,26.9949,24.4297,18.3436,0.701209,65.8596,1.60206,1.16056,0.769783,4.77271,6.00296,1.57577,0.237277,0.0696644,0.250118,0.278526,0.294173,0.344887,0.281543,0.63906,0.107609,4.53142,0.304748,0.0107865,0.153458,24.3758,-6.73688,78.4712,0.164245,0.500274,-6.554518759250641,-0.8507461547851562,0.138661,999.0,1.91569,1.51449,1.22868,1.91569,-1.51449,3.36175,220.0,3.142857142,220.0,3.142857142,,,,,,,,,,,,,,,,,,,Robert Hassell III,27482,690987,OF,Robert Hassell III,-1.8939819173725836,-5.747564364024856,-0.32669774965143056,-0.49793205615557884,-0.371566986777525,0.029363060682506967,-0.64625773006054,-1.7909645294232668,4.93721430821242,-6.728178837635687,0.0,0.0,False,7,OF,OF 7
Joey Wiemer,WSN,32.7412,112.078,100.565,20.7603,13.2698,4.44835,0.103919,2.93822,11.3957,11.4096,9.18786,0.277065,33.5101,1.19322,1.0611,0.0701596,1.236,2.21375,0.689581,0.206436,0.0819776,0.29899,0.274182,0.278029,0.340387,0.272557,0.618417,0.133951,4.16013,0.273437,-0.0378404,0.00604718,9.55764,-3.68521,72.3154,-0.0317932,1.8903,-3.70929105207324,1.3255924582481384,0.137626,999.0,1.44289,-0.347935,1.60358,1.44289,0.347935,2.8619,87.4,2.648484848,87.4,2.648484848,,,,,,,,,,,,,,,,,,,Joey Wiemer,27690,686894,OF,Joey Wiemer,-3.8904162737756414,-4.255802989579078,-0.8924386053096888,-0.7197076666731463,-0.8487635167241141,-0.36201517822971957,-0.4785236676678543,-3.4171835038849023,4.93721430821242,-8.354397812097321,0.0,0.0,False,7,OF,OF 7
Tristan Gray,MIN,20.9335,75.4644,68.7101,14.3735,8.81003,3.23566,0.113393,2.21444,7.85649,7.88657,4.80033,0.119976,21.4851,0.827758,0.865982,0.260169,0.659184,0.175481,0.0793571,0.209191,0.0636105,0.284705,0.223426,0.265964,0.356269,0.271035,0.622233,0.147078,2.87765,0.265039,-0.0143554,-0.0919255,6.34213,-2.57457,70.4917,-0.106281,1.29895,-2.730850800871849,1.478419050574303,0.137603,999.0,2.46488,1.26899,1.73941,2.46488,-1.26899,2.68079,54.9,2.614285714,54.9,2.614285714,,,,,,,,,,,,,,,,,,,Tristan Gray,19877,656484,1B/3B,Tristan Gray,-2.4687943741743585,-3.7759968133059103,-1.0207961937600107,-0.8003409873042836,-0.9778852355202625,-0.5725430010870922,-0.4245741282267359,-3.8145187569319496,4.432236963281538,-8.246755720213487,0.0,0.0,False,7,1B,1B 7
Mike Tauchman,NYM,44.5776,169.724,146.968,33.7618,23.5164,6.49997,0.105846,3.6396,19.8112,16.3181,19.77,0.0634672,38.9363,1.57431,1.25279,0.158839,2.73362,1.15435,0.290778,0.229722,0.116483,0.22941,0.507752,0.324985,0.349683,0.302271,0.674668,0.119961,3.22722,0.285127,-0.255569,-0.183944,18.5682,-1.48603,92.3527,-0.439514,0.000221329,-1.9735482335090635,-2.4304515549883945,0.137119,999.0,4.94745,1.84402,1.38516,4.94745,-1.84402,3.15312,166.3,3.695555555,166.3,3.695555555,,,,,,,,,,,,,,,,,,,Mike Tauchman,15274,643565,OF/DH,Mike Tauchman,-2.2632468195210906,1.524834982921826,-0.5872311478251977,-0.6415698369123529,-0.668863272698121,-0.4714380147322129,0.17145286809626958,-2.6283078557248665,4.93721430821242,-7.5655221639372865,0.0,0.0,False,7,OF,OF 7
Kyle Farmer,ATL,23.1609,87.6521,79.9139,18.4419,12.6827,3.2687,0.172601,2.31788,9.10076,9.0793,5.27559,0.0536079,19.6573,2.0861,0.316336,0.0601418,1.6831,0.386549,0.266263,0.230772,0.0601879,0.224265,0.268379,0.294588,0.363008,0.290125,0.657597,0.132236,2.99845,0.276783,-0.0212106,-0.163702,8.72494,-1.63182,83.8592,-0.184913,-0.0758357,-1.8617150485515592,0.2815855965018272,0.136697,999.0,4.39825,0.623344,1.747,4.39825,-0.623344,2.67067,69.3,3.013043478,69.3,3.013043478,,,,,,,,,,,,,,,,,,,Kyle Farmer,14813,571657,2B/3B,Kyle Farmer,-1.1467316330940514,-1.8768765655920008,-0.975669881226682,-0.7888171669637313,-0.9341707773238435,-0.5507423032818173,-0.21103652122199304,-3.671836995097209,4.290443792376481,-7.96228078747369,0.0,0.0,False,7,2B,2B 7
Chas McCormick,CHC,24.972,84.3121,74.5225,16.2484,11.4406,2.69595,0.113205,1.99863,9.75631,7.98654,6.8191,0.102523,22.6729,1.42751,0.336237,1.20682,0.965609,2.2915,1.0452,0.218033,0.0808792,0.268916,0.30076,0.294746,0.337705,0.281885,0.632451,0.119672,4.59286,0.283932,-0.0187673,-0.0990211,7.82842,-2.1337,78.3486,-0.117788,1.46018,-2.2753415778279305,0.7444915175437927,0.135322,999.0,2.45272,-0.0838353,1.75898,2.45272,0.0838353,2.6547,67.1,2.684,67.1,2.684,,,,,,,,,,,,,,,,,,,Chas McCormick,19599,676801,OF,Chas McCormick,-2.0187093856021754,-1.7920365140347418,-0.9518948531530135,-0.8243834821582526,-0.9742212592759356,-0.35398457077449125,-0.2014970823110004,-3.565264845778595,4.93721430821242,-8.502479153991015,0.0,0.0,False,7,OF,OF 7
Angel Martínez,CLE,67.108,264.614,241.047,55.6443,36.928,11.9373,1.0494,5.7296,28.9954,25.466,16.5275,0.176653,56.4944,2.6912,2.16186,2.18584,3.7385,4.54059,1.43514,0.230844,0.0624588,0.213498,0.29255,0.285271,0.360382,0.282616,0.645653,0.129538,4.99262,0.275794,0.176636,-0.0490912,24.7266,-6.53956,80.412,0.127545,-0.566432,-5.981525614857674,-1.8041207790374756,0.13525,999.0,1.22381,2.09294,1.08282,1.22381,-2.09294,3.55624,236.2,3.525373134,236.2,3.525373134,,,,,,,,,,,,,,,,,,,Angel Martinez,26540,682657,OF,Angel Martinez,-3.44157003401141,-8.131534327259722,-0.25414501734821343,-0.4087316262418772,-0.33358580660351317,-0.12168156213810016,-0.9143119734572677,-1.9364062987393822,4.93721430821242,-6.873620606951802,0.0,0.0,False,7,OF,OF 7
Jordan Walker,STL,123.626,496.809,452.252,105.99,67.9908,22.5459,1.31527,14.1384,51.4504,53.1628,36.0809,0.852813,134.501,5.10566,2.91079,0.459462,8.46796,9.21261,2.64533,0.234362,0.0726254,0.270729,0.268259,0.296519,0.383818,0.296992,0.680337,0.149456,4.46611,0.299657,-0.0733902,0.0440898,52.2224,-6.47934,88.7261,-0.0293004,-2.94323,-6.649168685078621,-8.867467403411865,0.132752,427.1199951171875,3.21347,-0.578023,0.406666,3.21347,0.578023,4.45778,477.3,3.849193548,477.3,3.849193548,,,,,,,,,,,,,,,,,,,Jordan Walker,27475,691023,OF,Jordan Walker,-4.8660457163397055,-9.678731755151013,0.5602371890345618,0.5280578215504177,0.6815228984467312,0.3608799638165713,-1.088279281063779,1.2073429061968457,4.93721430821242,-3.7298714020155743,0.0,0.0,False,7,OF,OF 7
Carlos Cortes,ATH,42.4835,150.751,136.799,31.8852,19.851,7.33921,0.2283,4.46667,16.9854,17.4866,11.8237,0.151474,32.8296,0.776695,1.24924,0.102574,2.4624,0.801109,0.175284,0.23308,0.078432,0.217773,0.360154,0.295294,0.388022,0.297674,0.683315,0.154941,3.08823,0.272139,-0.128767,-0.124794,15.9298,-1.88262,89.1945,-0.253561,0.339091,-2.1788216829299927,-1.6277355551719666,0.132548,999.0,1.95808,3.83643,1.4442,1.95808,-3.83643,3.0744,141.0,3.357142857,141.0,3.357142857,,,,,,,,,,,,,,,,,,,Carlos Cortes,21842,666126,DH,Carlos Cortes,-1.6472773553631384,-3.121570254223542,-0.6897152822628039,-0.5494294068170273,-0.62603686236006,-0.5079234141932071,-0.35099022454553597,-3.846720055213804,0.0,-3.846720055213804,0.0,0.0,False,7,DH,DH 7
Taylor Trammell,HOU,13.0007,40.5914,35.9002,7.42217,5.28598,1.07772,0.0614677,0.997013,5.16538,4.56487,4.36341,0.0310143,12.7454,0.166418,0.127228,0.0341881,0.418302,0.649636,0.21883,0.206745,0.107496,0.313992,0.342352,0.294695,0.323504,0.277803,0.618199,0.11676,4.53774,0.288317,0.00677756,-0.0242835,3.63442,-1.16177,76.4874,-0.0175059,1.46796,-1.142391225323081,1.0265775620937347,0.131091,999.0,2.61183,0.301046,1.8985,2.61183,-0.301046,2.46866,29.4,2.261538461,29.4,2.261538461,,,,,,,,,,,,,,,,,,,Taylor Trammell,19960,666211,OF,Taylor Trammell,-1.3777272261262197,-0.8648321013325827,-1.1183954856512932,-0.9359694678315205,-1.099628057274595,-0.523568690116883,-0.09724196116688444,-4.102951983843414,4.93721430821242,-9.040166292055833,0.0,0.0,False,7,OF,OF 7
Johnathan Rodríguez,CLE,35.9711,132.541,119.694,28.3377,18.7854,5.45414,0.242172,3.85599,14.1203,14.9878,10.9428,0.302916,37.456,1.04788,0.77972,0.0768605,2.73298,0.758666,0.205339,0.236752,0.0825618,0.282599,0.292152,0.304448,0.383012,0.300834,0.68746,0.14626,3.16013,0.309263,-0.0869238,-0.133531,14.3457,-1.31508,92.9619,-0.220455,0.0649683,-1.3199115097522736,-1.970434717833996,0.130091,999.0,2.42675,-0.43755,1.56519,2.42675,0.43755,2.91308,126.8,3.522222222,126.8,3.522222222,,,,,,,,,,,,,,,,,,,Johnathan Rodriguez,22530,671286,OF/DH,Johnathan Rodriguez,-1.0017896047983084,-1.5312191789721363,-0.7936247215639524,-0.6174627266697766,-0.7176197756272803,-0.5123072479195383,-0.1721707088695789,-3.0091556559562913,4.93721430821242,-7.946369964168712,0.0,0.0,False,7,OF,OF 7
Bryce Teodosio,LAA,56.7524,209.02,191.572,40.1652,27.9598,7.6929,1.75085,2.76167,21.014,15.6547,11.2432,0.00483503,64.9654,3.30137,1.5652,1.33737,2.26939,8.63023,1.93654,0.209661,0.05379,0.31081,0.173064,0.26343,0.311343,0.254526,0.574773,0.101683,7.04395,0.298248,0.022308,0.652433,14.7646,-9.93266,58.699,0.674741,2.88423,-9.499935448169708,3.5654133558273315,0.128872,999.0,1.77008,0.45973,1.44191,1.77008,-0.45973,3.07746,148.3,2.601754385,148.3,2.601754385,,,,,,,,,,,,,,,,,,,Bryce Teodosio,29524,669326,DH,Bryce Teodosio,-6.793255986369489,-10.988347849839037,-0.5436088401949505,-0.739376368153468,-0.6931773853367772,0.30072735713135124,-1.2355328777179206,-3.939981698933836,0.0,-3.939981698933836,0.0,0.0,False,7,DH,DH 7
Eli White,ATL,43.8915,154.589,141.648,32.9934,22.6855,5.16228,1.13654,4.00907,19.4881,15.7943,9.70296,0.176144,42.1771,2.1925,0.780232,0.264827,1.82129,5.53883,1.26613,0.232925,0.0627663,0.272834,0.230053,0.290874,0.370325,0.289467,0.661199,0.137401,6.67872,0.30116,-0.131573,0.362133,15.3053,-2.96054,83.4086,0.23056,0.73879,-2.8093118369579315,-1.0793257355690002,0.128358,999.0,2.93539,0.732028,1.52254,2.93539,-0.732028,2.96995,145.2,3.3,145.2,3.3,,,,,,,,,,,,,,,,,,,Eli White,19346,642201,OF,Eli White,-1.7276224611951703,-3.8843263185553836,-0.5989491122376793,-0.6004087203111946,-0.6880609395659656,-0.018575792541867423,-0.4367547278211145,-2.564036680782257,4.93721430821242,-7.501250988994677,0.0,0.0,False,7,OF,OF 7
Brandon Lockridge,MIL,22.865,76.9025,68.9894,15.7149,11.1799,3.18444,0.479937,0.870647,8.36374,6.04667,5.7609,0.0888102,19.6176,0.575145,0.699659,0.877392,0.999861,4.05525,0.770303,0.227787,0.0749118,0.255098,0.293659,0.290048,0.325719,0.27291,0.615767,0.0979318,6.68299,0.301707,-0.0824369,0.380549,6.58003,-2.50658,73.2916,0.298112,1.33742,-2.1362318992614746,0.8217085003852844,0.127281,999.0,1.18698,0.658916,1.88713,1.18698,-0.658916,2.48383,64.5,2.804347826,64.5,2.804347826,,,,,,,,,,,,,,,,,,,Brandon Lockridge,21496,663604,OF,Brandon Lockridge,-1.1959029053264694,-1.9958349201145682,-1.002399606176503,-0.9500473785155327,-1.0453189645583443,-0.17181114441874967,-0.22441223157448334,-3.52449172890083,4.93721430821242,-8.46170603711325,0.0,0.0,False,7,OF,OF 7
Masataka Yoshida,BOS,52.5896,213.214,192.86,52.4898,37.1279,10.3594,0.189031,4.81346,23.8356,26.5548,15.0365,0.387611,27.9582,3.60569,1.58499,0.126548,4.5989,2.38733,0.399425,0.272165,0.0705231,0.131127,0.537822,0.333816,0.402715,0.322386,0.736531,0.13055,3.62006,0.294892,-0.306851,-0.0517237,26.8081,1.61518,102.427,-0.358575,-0.927248,0.2513304650783539,-6.348524570465088,0.126999,747.0599975585938,2.72981,1.51844,1.47803,2.72981,-1.51844,3.02929,235.0,4.433962264,235.0,4.433962264,,,,,,,,,,,,,,,,,,,Masataka Yoshida,31837,807799,OF,Masataka Yoshida,5.21559221479371,3.798450834334033,-0.4412770284145168,-0.5107949747220922,-0.29368046165179656,-0.34408652431231085,0.42709886457439866,-1.2811604838154653,4.93721430821242,-6.218374792027886,0.0,0.0,False,7,OF,OF 7
Dylan Moore,PHI,45.8855,163.522,143.203,29.3924,17.2003,6.06995,0.603968,5.51818,21.4814,17.3208,15.3785,0.126753,48.9372,3.1338,1.64271,0.163883,1.27241,8.85997,2.54566,0.20525,0.0940454,0.299271,0.314249,0.29325,0.371674,0.292753,0.664924,0.166424,6.66443,0.264124,-0.0815379,0.494576,16.6259,-2.69544,84.5196,0.413038,-0.197211,-2.587169110774994,-1.6134297102689743,0.126848,999.0,3.90554,0.308116,1.44714,3.90554,-0.308116,3.07048,161.6,3.513043478,161.6,3.513043478,,,,,,,,,,,,,,,,,,,Dylan Moore,18042,664238,2B/3B/SS/OF,Dylan Moore,-5.709731182337428,-3.7202557182115523,-0.5266575044896149,-0.43228504944759577,-0.6321135579818404,0.3244566401765494,-0.41830658404537024,-1.2584987008361073,4.290443792376481,-5.5489424932125875,0.0,0.0,False,7,2B,2B 7
Andrew McCutchen,TEX,47.255,198.602,172.654,39.0535,25.9782,7.38512,0.105217,5.58503,21.5696,20.4157,23.0386,0.756497,46.3063,1.65449,1.14399,0.110727,3.31434,1.09818,0.479715,0.226196,0.116004,0.233162,0.497526,0.321156,0.367233,0.305043,0.68839,0.141037,2.46827,0.274543,-0.403547,-0.306336,22.1743,-1.29196,96.0817,-0.709883,0.159775,-1.6270576119422913,-4.007332444190979,0.122893,999.0,2.82437,0.716258,1.24805,2.82437,-0.716258,3.33593,199.0,4.234042553,199.0,4.234042553,,,,,,,,,,,,,,,,,,,Andrew McCutchen,9847,457705,OF,Andrew McCutchen,-3.267578670659371,1.0238337583738752,-0.5234587286889932,-0.4248375688814134,-0.5186831280671931,-0.4772396767355592,0.1151201515528085,-1.9969000963811097,4.93721430821242,-6.9341144045935295,0.0,0.0,False,7,OF,OF 7
Jeferson Quero,MIL,7.15246,24.1112,22.2523,5.25234,4.02145,0.797099,0.0276216,0.406165,3.10587,3.067,1.65641,0.0206346,4.61104,0.10226,0.0770056,0.0231944,0.351687,0.0976462,0.0415019,0.236035,0.0686987,0.191241,0.359227,0.291058,0.329097,0.275174,0.620155,0.0930616,3.37383,0.279929,0.0190015,-0.0354888,2.10737,-0.741553,74.8431,-0.0164873,0.55236,-0.7353914175182581,1.104247510433197,0.119812,999.0,2.13338,0.291345,1.99797,2.13338,-0.291345,2.33604,14.9,2.128571428,14.9,2.128571428,,,,,,,,,,,,,,,,,,,Jeferson Quero,sa3015407,691620,C,Jeferson Quero,-0.20219750794299451,-0.6014007509806099,-1.1930883512877835,-1.0017933870172762,-1.1545261276666117,-0.5805823673270434,-0.06762166712183754,-4.292563628482441,3.475655594645327,-7.768219223127767,0.0,0.0,False,7,C,C 7
Nate Eaton,BOS,24.0996,81.3227,74.4093,16.7407,11.6923,3.52641,0.134239,1.38778,9.08899,7.7108,5.12118,0.0705332,20.3614,1.10884,0.293068,0.390237,0.934928,3.06869,0.859878,0.224981,0.0629736,0.250378,0.251514,0.283826,0.331933,0.27288,0.615759,0.106952,5.51497,0.289934,0.0103423,0.143751,6.95632,-2.65258,68.3248,0.154094,2.19757,-2.8819146305322647,1.2471360564231873,0.119114,999.0,1.82062,-0.0894664,1.81218,1.82062,0.0894664,2.58376,63.1,2.629166666,63.1,2.629166666,,,,,,,,,,,,,,,,,,,Nate Eaton,25055,681987,DH,Nate Eaton,-1.4986471409093771,-2.61654130987236,-0.976096747339758,-0.8924357410042144,-0.9843273391960186,-0.2737105153644735,-0.29420463007109454,-4.612195987499444,0.0,-4.612195987499444,0.0,0.0,False,7,DH,DH 7
Tanner Murray,CHW,15.9267,63.305,59.2177,13.5873,9.15064,3.1803,0.0513704,1.20503,6.30814,6.05001,3.03106,0.00761777,14.9608,0.819048,0.160765,0.0764697,1.00167,0.287489,0.0927407,0.229447,0.0478803,0.236329,0.202601,0.275784,0.345935,0.273245,0.621719,0.116488,3.02465,0.286544,-0.00991209,-0.0662577,5.43384,-2.04613,72.4137,-0.0761697,0.94535,-2.1402053982019424,1.1296870410442352,0.115817,999.0,2.05142,-0.444069,1.85723,2.05142,0.444069,2.52369,49.5,3.09375,49.5,3.09375,,,,,,,,,,,,,,,,,,,Tanner Murray,sa3016805,695020,DH,Tanner Murray,-0.9282131184413891,-2.5459242919560836,-1.0769506666726256,-0.9127951587075777,-1.0451965510277246,-0.5609739685488901,-0.2862644330046872,-5.118788996889007,0.0,-5.118788996889007,0.0,0.0,False,7,DH,DH 7
Shane McGuire,ATH,7.12962,26.404,23.5084,5.00383,3.95228,0.733224,0.0274498,0.290867,2.42317,2.17581,2.64752,0.0402852,6.66792,0.115167,0.0748714,0.058057,0.427539,0.115345,0.0594006,0.212852,0.100269,0.252534,0.397053,0.294789,0.283496,0.263351,0.578285,0.0706439,2.57856,0.283495,0.0160974,-0.0453207,2.0543,-1.06554,65.6168,-0.0292232,0.769329,-1.1022291537374258,1.3194537162780762,0.113654,999.0,1.64057,-0.0723443,2.00308,1.64057,0.0723443,2.32922,15.9,2.271428571,15.9,2.271428571,,,,,,,,,,,,,,,,,,,Shane McGuire,sa3017284,676063,C/1B,Shane McGuire,-0.7586064097856241,-0.5600762704163708,-1.217848036538174,-1.0146382578373165,-1.187188916395047,-0.5787543015363219,-0.06297513107388375,-4.0516469280024765,3.475655594645327,-7.527302522647803,0.0,0.0,False,7,C,C 7
Isiah Kiner-Falefa,BOS,54.8145,212.551,197.367,49.3427,38.2226,7.9995,1.00091,2.11972,22.1237,18.5772,9.70632,0.0792191,35.7905,2.64076,1.21425,1.62253,4.61245,6.08659,1.6918,0.250004,0.0456658,0.168385,0.271198,0.292467,0.332898,0.276081,0.625365,0.0828935,5.49462,0.29391,0.284665,0.191176,18.7339,-6.38068,70.5295,0.47584,0.0278776,-6.906995862722397,0.6707637645304203,0.11044,747.4299926757812,2.96818,0.958422,1.53382,2.96818,-0.958422,2.9549,169.9,3.089090909,169.9,3.089090909,,,,,,,,,,,,,,,,,,,Isiah Kiner-Falefa,16512,643396,2B/3B/SS,Isiah Kiner-Falefa,0.9636267804540629,-5.002131944696193,-0.5033630181320262,-0.8108933486988804,-0.5860655460445361,0.03800099896521751,-0.5624411022304638,-2.074927819066147,4.290443792376481,-6.365371611442628,0.0,0.0,False,7,2B,2B 7
Willie MacIver,TEX,9.48006,33.2296,30.4096,6.63731,4.46617,1.67739,0.0380058,0.455743,3.07724,3.07039,2.38696,0.00592373,8.9545,0.31106,0.0832768,0.038774,0.491544,0.486971,0.123672,0.218264,0.0718324,0.269473,0.266566,0.281262,0.320884,0.268219,0.602146,0.10262,3.87432,0.293207,-0.00943745,-0.000508153,2.71668,-1.20966,70.715,-0.0099456,0.325978,-1.1568946531042457,1.0574645102024078,0.106843,999.0,1.95913,-0.120235,1.98043,1.95913,0.120235,2.35943,21.0,2.333333333,21.0,2.333333333,,,,,,,,,,,,,,,,,,,Willie MacIver,24641,680862,DH,Willie MacIver,-0.8167285432897702,-1.1543563066771945,-1.194126684067509,-0.9962701081614767,-1.1544018815981085,-0.540369960363889,-0.12979614305908427,-5.280238344299413,0.0,-5.280238344299413,0.0,0.0,False,7,DH,DH 7
Jace Jung,DET,19.5872,68.9081,60.5498,12.8179,8.16359,2.98106,0.117426,1.55583,7.45032,7.0398,7.83296,0.0849599,18.9408,0.324589,0.159744,0.0410416,1.26074,0.153752,0.105078,0.211692,0.113673,0.27487,0.41355,0.304579,0.341889,0.289082,0.646468,0.130197,2.60295,0.280061,0.0325769,-0.119467,6.80081,-1.34121,83.4309,-0.0868897,0.163382,-1.4325678125023842,0.1029273010790348,0.106616,999.0,2.55742,1.29179,1.7765,2.55742,-1.29179,2.63133,63.3,3.165,63.3,3.165,,,,,,,,,,,,,,,,,,,Jace Jung,31437,690291,3B,Jace Jung,-2.024154937660105,-0.7870542839979693,-1.0355268827275677,-0.8737139891845142,-1.008919997592971,-0.5747873363847726,-0.08849660182922374,-3.870714166338819,4.432236963281538,-8.302951129620357,0.0,0.0,False,7,3B,3B 7
Gabriel Rincones Jr.,PHI,12.3449,47.4506,42.2763,9.11953,5.91361,1.80552,0.0507809,1.34963,5.55975,5.07397,4.63978,0.166361,12.8502,0.373394,0.119559,0.0416409,0.637231,1.38089,0.237226,0.215713,0.0977812,0.270812,0.361067,0.298102,0.356595,0.289395,0.654696,0.140882,4.86936,0.275568,-0.0875711,0.107994,4.69514,-0.91152,82.2194,0.0204227,1.00793,-0.9795355647802352,0.4364111423492431,0.105952,999.0,2.07461,1.41301,1.90189,2.07461,-1.41301,2.46414,40.5,3.375,40.5,3.375,,,,,,,,,,,,,,,,,,,Gabriel Rincones Jr.,sa3020758,687282,OF,Gabriel Rincones Jr.,-1.2432863378629717,-0.8493086253502461,-1.1040927508157923,-0.8966858738927689,-1.0809691565445079,-0.4480392518652365,-0.09549649722501238,-3.88708432759926,4.93721430821242,-8.82429863581168,0.0,0.0,False,7,OF,OF 7
Gabriel Gonzalez,MIN,13.2134,51.8268,47.6044,12.4918,8.731,2.68762,0.0538977,1.01925,5.35268,5.2977,3.09203,0.0338885,9.21352,0.931637,0.146431,0.0523074,0.974263,0.244343,0.108776,0.262408,0.0596608,0.177775,0.335597,0.318988,0.385362,0.309594,0.70435,0.122954,2.7302,0.305787,0.0234379,-0.0796553,5.97808,-0.145657,97.0533,-0.0562174,0.0686409,-0.2362158522009849,-0.5430903658270836,0.102772,999.0,1.84943,-0.0744502,1.95683,1.84943,0.0744502,2.3909,49.3,3.792307692,49.3,3.792307692,,,,,,,,,,,,,,,,,,,Gabriel Gonzalez,sa3015723,694224,DH,Gabriel Gonzalez,0.8229092162389169,0.15481720693067705,-1.111602620487388,-0.9334921361134921,-1.0727692825308712,-0.5654304134268744,0.017407689655741115,-4.896319742881878,0.0,-4.896319742881878,0.0,0.0,False,7,DH,DH 7
Mason McCoy,SDP,22.2251,65.8668,60.2362,11.9596,8.61712,2.4309,0.158005,0.75358,6.76468,5.16622,4.80085,0.0511644,20.6442,0.268506,0.152617,0.408597,0.745632,2.12247,0.40529,0.198545,0.0728873,0.313424,0.232552,0.26015,0.281679,0.243263,0.541829,0.0831335,5.74133,0.2874,-0.104395,0.168505,4.05033,-3.73233,51.8173,0.0641105,1.42846,-3.6868533939123154,2.4573967456817627,0.102288,999.0,3.16394,0.363991,1.83154,3.16394,-0.363991,2.55794,41.2,1.872727272,41.2,1.872727272,,,,,,,,,,,,,,,,,,,Mason McCoy,22232,669200,SS,Mason McCoy,-2.805596739899839,-3.678713232005827,-1.060393193837979,-0.9630893262708248,-1.0775881241493976,-0.3714432663134911,-0.4136355353826663,-4.241100776067371,6.2323935944793165,-10.473494370546687,0.0,0.0,False,7,SS,SS 7
Tyler Locklear,ARI,53.3211,211.484,189.216,44.1714,28.5167,9.24306,0.96229,5.44931,24.2102,23.5748,16.9165,0.485428,60.2385,4.03077,1.20468,0.115985,4.45747,4.01746,1.29332,0.233444,0.0799894,0.284837,0.280825,0.308082,0.378862,0.301757,0.686944,0.145419,4.96579,0.310439,-0.002123,-0.0494861,23.0485,-1.94,91.3139,-0.0516091,0.897453,-2.2287982143461704,-3.815267264842987,0.101501,999.0,2.63854,0.385551,1.24536,2.63854,-0.385551,3.33952,204.0,3.849056603,204.0,3.849056603,,,,,,,,,,,,,,,,,,,Tyler Locklear,31396,682988,1B,Tyler Locklear,-2.209586710310861,-1.6746987240072624,-0.4276912980867062,-0.43995756981547895,-0.40289971951009534,-0.17571438114843557,-0.1883035886794863,-1.7601832904553165,5.94346703347981,-7.703650323935126,0.0,0.0,False,7,1B,1B 7
Johan Rojas,PHI,26.3871,94.3404,86.0202,20.2048,14.8253,3.46957,0.83903,1.07091,10.6931,7.67274,4.98581,0.0724668,20.5437,0.891251,0.711866,1.73123,1.35042,4.78712,0.948244,0.234885,0.0528491,0.217761,0.242693,0.281634,0.332075,0.269927,0.613709,0.0971908,7.38637,0.293837,0.0614152,0.43291,7.84359,-3.30345,68.883,0.494325,0.422656,-2.9849577844142914,0.8298646807670593,0.100638,999.0,2.00454,1.03916,1.84232,2.00454,-1.03916,2.54357,74.5,2.865384615,74.5,2.865384615,,,,,,,,,,,,,,,,,,,Johan Rojas,24336,679032,OF,Johan Rojas,-0.8805534467757017,-3.2421773129160982,-0.9179200098166821,-0.9277369102937616,-0.9857222670329604,-0.09621808103279558,-0.3645513156518474,-3.4878037125980774,4.93721430821242,-8.425018020810498,0.0,0.0,False,7,OF,OF 7
Gavin Sheets,SDP,117.194,472.94,426.68,101.681,65.0033,21.3852,0.796874,14.4952,48.3548,55.4479,38.3033,1.26203,95.4717,3.85412,3.6357,0.466497,7.33101,2.22973,0.796015,0.238306,0.0809898,0.201869,0.401201,0.304436,0.394078,0.304162,0.698514,0.155772,2.86149,0.272158,-0.575246,-0.579144,52.4666,-3.4149,93.6514,-1.15439,-0.628309,-4.703062176704407,-10.342782616615295,0.0982692,725.239990234375,0.971186,-0.00772802,0.338716,0.971186,0.00772802,4.54838,469.4,4.011965811,469.4,4.011965811,,,,,,,,,,,,,,,,,,,Gavin Sheets,19901,657757,1B/OF/DH,Gavin Sheets,-2.9080755823655506,-5.469454778442617,0.447968137238591,0.5678074261280377,0.7652735447997507,-0.3603646430897254,-0.614987011178047,1.427632320903178,4.93721430821242,-3.509581987309242,0.0,0.0,False,7,1B,1B 7
Jahmai Jones,DET,42.2322,138.322,120.435,28.7025,17.7069,6.3691,0.706836,3.91967,17.6999,15.395,13.4544,0.175275,34.2379,2.93976,0.667119,0.826056,1.78035,2.84712,0.909199,0.238325,0.0972688,0.247523,0.392969,0.327986,0.400586,0.320491,0.728572,0.162261,5.41226,0.29879,-0.0205773,-0.0268759,17.1788,0.835029,105.067,-0.0474532,-0.385026,0.7786042653024197,-4.6727294921875,0.088673,999.0,2.15418,2.89797,1.5364,2.15418,-2.89797,2.95147,154.0,3.666666666,154.0,3.666666666,,,,,,,,,,,,,,,,,,,Jahmai Jones,18872,663330,2B,Jahmai Jones,-0.818547215365131,1.6578173414180686,-0.6638022968938218,-0.6103684026240849,-0.7026955871038242,-0.29659593907964954,0.18640544134239098,-2.227370846878299,4.290443792376481,-6.51781463925478,0.0,0.0,False,7,2B,2B 7
Korey Lee,CHW,37.7633,120.649,112.587,24.4908,16.6242,4.70905,0.109672,3.04784,12.5518,11.5009,6.41719,0.0198322,31.593,0.616278,0.249927,0.778881,2.05457,1.5019,0.546773,0.217528,0.0531889,0.261859,0.203121,0.262987,0.342516,0.265472,0.605502,0.124987,3.86742,0.274221,0.0707137,-0.0795826,9.5946,-4.66101,67.074,-0.00886885,-1.44507,-4.704006825573742,1.4687615633010864,0.0867648,999.0,2.51431,3.49432,1.58614,2.51431,-3.49432,2.88515,86.1,2.265789473,86.1,2.265789473,,,,,,,,,,,,,,,,,,,Korey Lee,25543,686676,C,Korey Lee,-3.106679422645237,-6.396061513962153,-0.8505099805580019,-0.7074953582264011,-0.845417302548791,-0.4355404247506747,-0.7191749293340993,-3.773051604222258,3.475655594645327,-7.248707198867585,0.0,0.0,False,7,C,C 7
Tyrone Taylor,NYM,75.499,281.329,258.409,58.1965,37.2715,13.0832,2.15381,5.68802,31.9834,27.425,14.2348,0.610774,63.9495,5.33417,1.90951,1.44225,3.29855,7.69659,1.81072,0.225211,0.0505982,0.227312,0.222594,0.277846,0.358546,0.277655,0.636391,0.133335,6.43065,0.275374,0.222149,0.426586,25.1555,-8.08574,75.4432,0.648735,1.14182,-7.516580820083618,-1.1585191488265991,0.0865873,999.0,2.02107,0.37352,1.04693,2.02107,-0.37352,3.6041,238.9,3.185333333,238.9,3.185333333,,,,,,,,,,,,,,,,,,,Tyrone Taylor,13675,621438,OF,Tyrone Taylor,-5.145075433990107,-10.734050697991043,-0.14577832695980408,-0.41336388116995293,-0.2617869723268665,0.20429396363296737,-1.2069396354842552,-1.7900498744278035,4.93721430821242,-6.727264182640224,0.0,0.0,False,7,OF,OF 7
Jorbit Vivas,NYY,8.71197,26.0514,23.1785,5.14024,4.13127,0.773726,0.0344508,0.200797,3.00644,2.54615,2.50665,0.0389362,3.97423,0.269986,0.0721233,0.0241564,0.378306,0.230064,0.131654,0.221768,0.0962194,0.152554,0.630725,0.304177,0.284111,0.268552,0.588288,0.0623432,3.52019,0.258941,0.0377607,-0.0532487,2.13687,-0.9413,69.1895,-0.015488,0.740912,-0.9641571063548326,0.8753565102815628,0.0811226,999.0,2.36781,-0.287116,1.99665,2.36781,0.287116,2.33781,16.9,1.877777777,16.9,1.877777777,,,,,,,,,,,,,,,,,,,Jorbit Vivas,23917,678391,DH,Jorbit Vivas,-0.5413011663220678,-0.3080264478288242,-1.196694408859845,-1.0246725820646323,-1.1736156747993283,-0.5669052564346327,-0.03463457916512297,-5.315458121651796,0.0,-5.315458121651796,0.0,0.0,False,7,DH,DH 7
Enmanuel Valdez,PIT,12.953,43.4104,39.1022,8.98667,6.52969,1.34464,0.0927623,1.01958,5.1558,5.33266,3.96746,0.0541146,9.44604,0.121631,0.162597,0.0565155,0.635747,0.19464,0.103802,0.229825,0.0913942,0.217598,0.420014,0.301605,0.347181,0.287839,0.648787,0.117357,3.20071,0.276643,0.0228539,-0.073325,4.24054,-0.888737,80.8808,-0.0504711,0.157321,-1.0341632142663002,0.3572120666503906,0.0785069,999.0,2.17443,-0.441594,1.907,2.17443,0.441594,2.45733,35.7,2.746153846,35.7,2.746153846,,,,,,,,,,,,,,,,,,,Enmanuel Valdez,21716,665839,2B,Enmanuel Valdez,-0.5981302886133638,-0.624927277199562,-1.1187429263788438,-0.9334553721854916,-1.071487972042708,-0.570564114807546,-0.07026699625040475,-4.041311371819505,4.290443792376481,-8.331755164195986,0.0,0.0,False,7,2B,2B 7
Miles Mastrobuoni,SEA,12.9925,44.8669,39.9061,9.21358,6.63283,2.30422,0.0417982,0.23473,5.12146,3.28798,4.3178,0.0591894,8.69355,0.061988,0.149926,0.431078,0.60938,1.19626,0.360636,0.230881,0.0962357,0.193763,0.496667,0.30591,0.308363,0.276532,0.614273,0.077482,4.68294,0.288451,0.0173387,0.0192536,3.97092,-1.33045,81.5678,0.0365923,-0.0404583,-0.9381186440587044,0.1600435152649879,0.078389,999.0,2.55137,0.227127,1.95803,2.55137,-0.227127,2.38929,30.1,2.315384615,30.1,2.315384615,,,,,,,,,,,,,,,,,,,Miles Mastrobuoni,20017,670156,DH,Miles Mastrobuoni,-0.5682863750382903,-0.4527427500607739,-1.1199883454377253,-1.0208922476135884,-1.146427043236569,-0.46710923327306664,-0.05090652029701538,-5.12159926429765,0.0,-5.12159926429765,0.0,0.0,False,7,DH,DH 7
David Fry,CLE,57.7877,207.978,186.67,41.1094,24.9656,8.3507,0.669556,7.12355,22.464,24.7517,16.513,0.651154,57.0705,3.50912,1.17894,0.107292,3.62482,1.76516,0.43121,0.220225,0.0793978,0.274407,0.289344,0.294084,0.386618,0.297083,0.680703,0.166393,3.8794,0.274845,-0.153073,-0.116251,21.8772,-2.69695,90.378,-0.269324,-0.00849026,-2.627931624650955,-3.7667292952537537,0.0781258,999.0,2.0971,0.798144,1.1411,2.0971,-0.798144,3.47854,204.1,3.518965517,204.1,3.518965517,,,,,,,,,,,,,,,,,,,David Fry,24934,681807,C/1B/OF/DH,David Fry,-4.647446298312028,-4.558211468058476,-0.491021256171124,-0.253437452192064,-0.3597654428076014,-0.40834894283860523,-0.5125265608022779,-1.5958682169117204,3.475655594645327,-5.071523811557047,0.0,0.0,False,7,C,C 7
Sam Antonacci,CHW,7.71936,28.8809,25.2498,6.19402,4.67542,1.23796,0.0641565,0.216482,3.59862,2.50219,2.52859,0.0847132,5.36278,0.842651,0.0819708,0.177931,0.490533,1.18906,0.311148,0.24531,0.0875522,0.185686,0.471506,0.333249,0.325141,0.297597,0.65839,0.0798311,5.61903,0.302622,-0.0199239,0.0578296,3.05003,-0.362473,89.1418,0.0379057,-0.0155269,-0.3327363543212414,0.1035990063101053,0.0765622,999.0,1.7259,0.0580502,2.02487,1.7259,-0.0580502,2.30018,25.4,3.175,25.4,3.175,,,,,,,,,,,,,,,,,,,Sam Antonacci,sa3025363,803011,2B,Sam Antonacci,0.004757336052879056,0.49814364524268423,-1.1752176395445144,-1.0229251814261795,-1.1752268421065264,-0.4678529036740654,0.056011409534384445,-4.032301938946446,4.290443792376481,-8.322745731322927,0.0,0.0,False,7,2B,2B 7
Josh Rojas,KCR,15.9311,60.909,54.586,12.5592,8.41023,3.15407,0.10983,0.885068,5.73169,5.24146,5.75361,0.0796599,13.6099,0.152034,0.238625,0.178763,0.956943,0.919876,0.320394,0.230081,0.0944623,0.223446,0.422752,0.304047,0.340529,0.286566,0.644576,0.110448,3.80809,0.289468,0.00968783,-0.0412144,5.88694,-1.30993,81.5645,-0.0315266,-0.236156,-1.3586850687861445,0.0096945911645889,0.0728909,999.0,2.66998,-0.491477,1.89808,2.66998,0.491477,2.46922,55.8,3.4875,55.8,3.4875,,,,,,,,,,,,,,,,,,,Josh Rojas,19734,668942,3B,Josh Rojas,-0.8210055998336119,-0.7280937809385981,-1.0978569513695462,-0.9484407948619062,-1.074830521142264,-0.4956562610660675,-0.08186706652399509,-4.008022490488975,4.432236963281538,-8.440259453770512,0.0,0.0,False,7,3B,3B 7
Riley Adams,WSN,24.4134,91.2868,82.732,17.5108,11.085,3.48158,0.0927195,2.85149,8.4791,9.83332,6.50466,0.0843355,30.1666,1.66483,0.283233,0.102011,1.62892,0.305473,0.100232,0.211656,0.0712553,0.33046,0.215625,0.281629,0.35938,0.282531,0.641009,0.147724,2.41956,0.293202,-0.000345404,-0.106507,8.52392,-2.26231,79.1482,-0.106853,-1.85163,-2.3628866001963615,0.0321274995803833,0.0722708,999.0,3.70789,0.7522,1.6887,3.70789,-0.7522,2.74841,81.7,3.404166666,81.7,3.404166666,,,,,,,,,,,,,,,,,,,Riley Adams,19864,656180,C,Riley Adams,-2.7686751223030512,-3.13769129762904,-0.998215810526166,-0.7293698953867589,-0.9065353730250801,-0.5591164451472846,-0.3528028791340874,-3.9293821389733834,3.475655594645327,-7.405037733618711,0.0,0.0,False,7,C,C 7
Michael Siani,LAD,10.2924,26.5106,23.8304,4.85436,3.94955,0.596581,0.0577868,0.250445,3.33867,2.40819,2.35791,0.0272583,7.40408,0.0953595,0.0639329,0.162993,0.302536,0.66543,0.181083,0.203705,0.0889422,0.279287,0.318462,0.277355,0.265117,0.247501,0.542472,0.0614127,5.4079,0.283495,0.0234908,0.0168402,1.72143,-1.411,54.7285,0.0403309,1.00825,-1.37817045673728,1.1670826822519302,0.0702013,999.0,1.84186,-0.0988047,1.98387,1.84186,0.0988047,2.35485,14.8,1.48,14.8,1.48,,,,,,,,,,,,,,,,,,,Michael Siani,22557,672279,OF,Michael Siani,-0.9869738862948251,-1.0245232483056295,-1.1846453240045098,-1.019141504799863,-1.17867201332756,-0.5219373664622479,-0.11519767799182774,-4.28106366451247,4.93721430821242,-9.21827797272489,0.0,0.0,False,7,OF,OF 7
Brett Sullivan,COL,13.2048,43.5472,39.5313,8.94808,5.84705,1.86511,0.44935,0.786558,4.38282,4.25824,2.81555,0.0438349,8.76906,0.378215,0.794578,0.0275617,0.435777,0.511577,0.100629,0.226354,0.0646553,0.201369,0.321078,0.278997,0.35596,0.275987,0.634958,0.129606,5.37715,0.265241,-0.0434638,0.00171081,3.83485,-1.31059,60.9922,-0.041753,0.269596,-2.0550419688224792,1.2884852290153503,0.0698046,999.0,1.40921,0.37253,1.93822,1.40921,-0.37253,2.4157,36.5,2.807692307,36.5,2.807692307,,,,,,,,,,,,,,,,,,,Brett Sullivan,18217,664954,C/1B,Brett Sullivan,-0.7419071973214941,-1.6114117197381232,-1.1467768234124558,-0.9594153843992981,-1.110866279099122,-0.5378284667684761,-0.18118758037911734,-3.879955619764371,3.475655594645327,-7.355611214409699,0.0,0.0,False,7,C,C 7
Tre' Morgan,TBR,10.1666,41.0365,36.5563,9.04385,6.69663,1.68494,0.0692808,0.593004,4.51958,4.31391,4.13045,0.134371,8.32507,0.195033,0.113264,0.0414656,0.722974,0.419273,0.128407,0.247395,0.100653,0.20287,0.496146,0.326121,0.345942,0.29957,0.672063,0.098547,3.6707,0.304519,0.00293946,-0.0406078,4.39949,-0.449284,90.4974,-0.0376683,0.517568,-0.4985601864755153,-0.2668887972831726,0.0637819,999.0,1.77275,-0.206026,1.96505,1.77275,0.206026,2.37994,40.6,4.06,40.6,4.06,,,,,,,,,,,,,,,,,,,Tre' Morgan,sa3022919,691003,1B,Tre' Morgan,0.08310748872655489,0.4152977377189278,-1.1418169075565257,-0.9809784308242325,-1.1088259314196012,-0.5473623213092784,0.046696192731206974,-3.96927132220026,5.94346703347981,-9.91273835568007,0.0,0.0,False,7,1B,1B 7
Gio Urshela,MIN,30.6149,116.015,107.599,26.7615,19.5372,5.24036,0.118878,1.86499,10.788,11.4064,6.91189,0.0960913,21.9677,0.247919,0.874566,0.382024,2.64382,0.354175,0.144786,0.248715,0.0595773,0.189352,0.314638,0.293352,0.351625,0.282856,0.644977,0.102911,2.39045,0.294142,-0.083583,-0.164068,10.8636,-2.84453,78.635,-0.247651,-0.368235,-3.1690576374530792,-0.2107513099908828,0.0627437,999.0,2.93174,0.0955545,1.73017,2.93174,-0.0955545,2.69311,97.5,3.14516129,97.5,3.14516129,,,,,,,,,,,,,,,,,,,Gio Urshela,10681,570482,3B,Gio Urshela,0.38664741307989414,-2.6276001067480426,-0.9144782431105709,-0.839271758940072,-0.84888079914866,-0.5540861346098631,-0.29544808425680363,-3.718676981828653,4.432236963281538,-8.15091394511019,0.0,0.0,False,7,3B,3B 7
Jared Serna,MIA,7.80277,29.276,26.9922,6.10492,4.44612,1.32358,0.0361679,0.299056,3.00771,2.61144,2.03642,0.0634393,5.44917,0.131812,0.0836301,0.0319902,0.535569,0.444724,0.121398,0.226173,0.0695593,0.186131,0.373712,0.2829,0.311127,0.264093,0.594027,0.0849535,4.09525,0.272223,-0.0098288,-0.00401693,2.29539,-1.1638,65.1563,-0.0138457,0.661269,-1.222860028967261,0.8619574159383774,0.0627297,999.0,2.26212,-0.35057,1.99997,2.26212,0.35057,2.33337,15.5,1.9375,15.5,1.9375,,,,,,,,,,,,,,,,,,,Jared Serna,sa3015579,691858,2B/SS,Jared Serna,-0.5114641082977762,-0.9690589134890811,-1.1966483493896998,-1.0137259553936895,-1.1712227468310166,-0.5447335497293041,-0.10896125281280464,-4.0877457597067455,4.290443792376481,-8.378189552083226,0.0,0.0,False,7,2B,2B 7
Andrés Chaparro,WSN,74.3975,279.933,252.567,57.221,35.927,12.0217,0.645409,8.62689,28.7044,33.29,21.8777,0.82613,68.3108,3.19767,2.1843,0.106542,3.74427,1.39087,0.321474,0.226558,0.0781532,0.244026,0.320267,0.294098,0.381737,0.294688,0.675835,0.155179,3.07306,0.273287,-0.185605,-0.250739,28.9017,-4.17456,87.4757,-0.436344,1.71755,-4.591645359992981,-4.143855810165405,0.0591303,999.0,1.20498,1.48566,0.875996,1.20498,-1.48566,3.83201,268.2,3.624324324,268.2,3.624324324,,,,,,,,,,,,,,,,,,,Andres Chaparro,21797,665953,1B,Andres Chaparro,-4.688550023123179,-6.131315486308055,-0.2646988014523055,-0.08595659303926353,-0.04683027858897321,-0.4470084420594078,-0.6894068126088312,-1.4203911476241775,5.94346703347981,-7.363858181103987,0.0,0.0,False,7,1B,1B 7
Ronny Mauricio,NYM,39.7799,151.513,139.917,32.4787,21.6673,6.2329,0.137607,4.44087,17.2199,15.5771,9.63096,1.07784,38.5116,1.05609,0.807454,0.101547,2.37501,3.96465,1.23146,0.232129,0.0635654,0.254181,0.25008,0.28509,0.373861,0.285136,0.658951,0.141733,4.59105,0.286769,-0.0270261,0.0821463,14.468,-3.43439,80.5821,0.0551202,0.0352569,-3.4221284724771976,-1.1564061976969242,0.0562009,999.0,1.67235,-0.334184,1.52803,1.67235,0.334184,2.96263,132.0,3.3,132.0,3.3,,,,,,,,,,,,,,,,,,,Ronny Mauricio,23698,677595,2B,Ronny Mauricio,-1.8178840973609263,-4.683387485030436,-0.6812106005706747,-0.5523036775516198,-0.6960214841320134,-0.18116899696464916,-0.5266013868438377,-2.725008978969034,4.290443792376481,-7.015452771345515,0.0,0.0,False,7,2B,2B 7
Dylan Carlson,CHC,28.0626,108.357,95.1145,21.3982,14.39,4.38067,0.188149,2.43941,11.7799,10.6062,10.4938,0.0785844,25.1731,1.47549,1.19037,0.0823391,1.51516,1.32287,0.31137,0.224973,0.0968451,0.232318,0.416865,0.308176,0.351928,0.293154,0.660104,0.126954,3.98904,0.275996,-0.0129559,-0.0364335,11.0524,-1.75079,86.0899,-0.0493894,-0.524377,-1.8308259472250936,-1.3038946986198423,0.0544845,999.0,2.75115,1.85152,1.6572,2.75115,-1.85152,2.7904,87.9,3.139285714,87.9,3.139285714,,,,,,,,,,,,,,,,,,,Dylan Carlson,20126,666185,OF,Dylan Carlson,-1.9164229835644688,-0.8478714564183736,-0.8785047089083411,-0.7752780149336916,-0.87820873543665,-0.45403199584661713,-0.09533490155199324,-3.345164923582787,4.93721430821242,-8.282379231795208,0.0,0.0,False,7,OF,OF 7
Vidal Bruján,NYM,11.0575,35.1311,32.0578,7.06847,4.95041,1.79876,0.0380914,0.281215,4.18921,2.69879,2.69657,0.0994057,7.42252,0.186546,0.11449,0.0757114,0.515177,0.648063,0.30379,0.220491,0.0767572,0.21128,0.363296,0.283882,0.305294,0.262734,0.589176,0.0848026,4.48503,0.277387,0.0365173,-0.0458529,2.71568,-1.43533,65.1927,-0.00933553,0.455335,-1.4546017786487937,0.7966163158416748,0.0543283,999.0,2.01373,0.120732,1.96761,2.01373,-0.120732,2.37652,23.9,2.172727272,23.9,2.172727272,,,,,,,,,,,,,,,,,,,Vidal Brujan,20536,660644,2B/SS/OF,Vidal Brujan,-0.7896025011416479,-1.1283686459072628,-1.153798535235113,-1.0157135470284129,-1.1680213031484923,-0.5237311614419901,-0.12687408327948774,-3.757078997649714,4.290443792376481,-8.047522790026195,0.0,0.0,False,7,2B,2B 7
Richie Palacios,TBR,46.9423,173.682,152.236,34.3261,24.1154,6.91484,0.250647,3.04518,20.102,14.8001,18.0021,0.363073,35.0325,1.80854,1.31389,0.321707,3.61987,6.46679,1.13442,0.22548,0.10365,0.201705,0.51387,0.312279,0.334204,0.289261,0.646482,0.108724,5.11485,0.270896,-0.364761,0.541203,17.1666,-3.3553,83.4154,0.176442,-0.294784,-3.2279894202947617,-2.120317757129669,0.0542097,999.0,2.68997,2.53942,1.51137,2.68997,-2.53942,2.98484,155.5,3.308510638,155.5,3.308510638,,,,,,,,,,,,,,,,,,,Richie Palacios,24589,680700,2B/OF,Richie Palacios,-2.990156967210744,-0.6464090309701686,-0.576684617180971,-0.7077916977672544,-0.7244991228420463,0.07727092764017306,-0.07268241059815987,-1.935081681810317,4.290443792376481,-6.225525474186798,0.0,0.0,False,7,2B,2B 7
Bryan Torres,STL,10.4862,42.5563,37.8328,9.66652,7.66436,1.79534,0.0682895,0.138529,4.35739,3.62605,4.13418,0.0775605,7.5587,0.11305,0.11745,0.358832,0.783734,1.41212,0.259883,0.255506,0.0971462,0.177616,0.546944,0.32973,0.317556,0.291736,0.647285,0.0620495,4.64606,0.314943,-0.0962387,0.0978735,4.29176,-0.736597,85.116,0.00163477,-0.114871,-0.7469993853010237,-0.1688125282526016,0.0536605,999.0,1.81511,-0.143314,2.00925,1.81511,0.143314,2.321,37.7,3.77,37.7,3.77,,,,,,,,,,,,,,,,,,,Bryan Torres,sa885119,663494,DH,Bryan Torres,0.39287133846508143,0.5842641099497425,-1.1476991008343358,-1.0316096010608184,-1.1340365215908796,-0.4448135815009049,0.0656948184548142,-4.932295668226438,0.0,-4.932295668226438,0.0,0.0,False,7,DH,DH 7
Jhonny Pereda,SEA,12.8814,37.0242,33.1323,7.14748,5.28631,1.41413,0.0370769,0.409955,3.15094,3.04381,3.25276,0.0130532,9.44133,0.252477,0.161294,0.225317,0.85308,0.0714228,0.0234434,0.215725,0.0878551,0.255004,0.344524,0.289485,0.297764,0.265092,0.587249,0.0820393,2.15108,0.287408,-0.0145307,-0.0532687,2.93293,-1.44177,73.6874,-0.0677994,-0.238045,-1.2160099521279335,0.4421460330486297,0.0512021,999.0,1.04757,-0.359577,1.96435,1.04757,0.359577,2.38087,18.1,1.392307692,18.1,1.392307692,,,,,,,,,,,,,,,,,,,Jhonny Pereda,19802,640902,C/1B,Jhonny Pereda,-0.9739766109930018,-0.9817261466481224,-1.1914537841071258,-1.0013711588744814,-1.1553760587369921,-0.5832909182150361,-0.11038556002000172,-3.9554190309690096,3.475655594645327,-7.431074625614336,0.0,0.0,False,7,C,C 7
Chris Taylor,LAA,42.683,149.265,132.752,27.9694,18.5082,5.74489,0.302587,3.41376,16.046,14.1501,12.486,0.0903135,46.8137,2.57482,1.27308,0.179376,1.59601,3.08709,1.04979,0.21069,0.0836501,0.313628,0.266717,0.288628,0.33567,0.277793,0.624298,0.12498,4.57184,0.293037,-0.0686382,-0.0335047,13.3634,-4.27342,74.7266,-0.102143,0.374465,-4.548390530049801,-0.096026211977005,0.0504439,999.0,3.6916,0.587567,1.46033,3.6916,-0.587567,3.0529,117.3,2.727906976,117.3,2.727906976,,,,,,,,,,,,,,,,,,,Chris Taylor,13757,621035,2B/3B/OF,Chris Taylor,-4.570862324036636,-4.085800444870462,-0.7237847832503781,-0.6667297323658554,-0.7483221153279168,-0.27181002433969925,-0.45940853442366214,-2.6846295733036247,4.290443792376481,-6.975073365680105,0.0,0.0,False,7,2B,2B 7
Nacho Alvarez Jr.,ATL,15.5134,53.3442,48.0622,11.5877,9.36886,1.59595,0.078805,0.544046,6.49169,5.49569,4.39175,0.0797622,11.6825,0.579846,0.142827,0.167574,0.893904,0.327556,0.171982,0.241097,0.0823285,0.219001,0.375927,0.311401,0.311541,0.2806,0.622942,0.0704441,3.36231,0.30695,0.0238628,-0.0990628,4.89737,-1.40566,77.334,-0.0752,-0.49256,-1.50823263078928,0.2256516218185424,0.0503576,999.0,2.43888,-0.113904,1.89354,2.43888,0.113904,2.47528,49.4,3.0875,49.4,3.0875,,,,,,,,,,,,,,,,,,,Nacho Alvarez Jr.,31765,805373,2B/3B,Nacho Alvarez Jr.,-0.19343060907807544,-0.24537245562730722,-1.0702938038811958,-0.9864326380577279,-1.0655127990196749,-0.5568355460548884,-0.02758974691708029,-3.749909258796335,4.290443792376481,-8.040353051172815,0.0,0.0,False,7,2B,2B 7
Jose Siri,LAA,11.5605,36.3886,33.6,6.85876,4.25376,1.18184,0.0537323,1.36943,4.50511,4.10191,2.38324,0.000843873,13.7793,0.234693,0.104297,0.0663591,0.319621,1.23389,0.229866,0.20413,0.0654942,0.37867,0.172958,0.260906,0.364773,0.273262,0.625679,0.160643,5.79061,0.295832,-0.0279732,0.107285,3.12393,-1.17565,71.6055,0.0793114,0.167901,-1.1384757310152054,0.3463037461042404,0.0470907,999.0,3.88476,1.44211,1.93186,3.88476,-1.44211,2.42418,25.4,2.116666666,25.4,2.116666666,,,,,,,,,,,,,,,,,,,Jose Siri,17452,642350,OF,Jose Siri,-1.3773173957426696,-2.004822505897907,-1.142341695377784,-0.8944800382127327,-1.1165958920457622,-0.4632225225522919,-0.2254227982109216,-4.310260812053858,4.93721430821242,-9.247475120266278,0.0,0.0,False,7,OF,OF 7
Will Brennan,SFG,29.317,109.724,102.278,26.1044,19.0418,5.27354,0.171771,1.61729,11.1278,10.1809,5.66849,0.279345,14.9224,0.957482,0.749238,0.0712781,1.65185,1.76927,0.768434,0.255231,0.0516613,0.135999,0.379865,0.298491,0.357589,0.286998,0.65608,0.102358,3.77627,0.28313,0.0241566,-0.128438,10.6434,-2.32134,81.8607,-0.104282,0.557934,-2.4566556811332703,-0.7993355989456177,0.0468125,999.0,1.61968,1.40881,1.79468,1.61968,-1.40881,2.60709,98.9,3.410344827,98.9,3.410344827,,,,,,,,,,,,,,,,,,,Will Brennan,25660,686823,OF,Will Brennan,1.0339703219949754,-1.9212448930076471,-0.9021546147993321,-0.8668669861090083,-0.8937963026739434,-0.4079244309847019,-0.21602530825353825,-3.4192301953175264,4.93721430821242,-8.356444503529946,0.0,0.0,False,7,OF,OF 7
Tyler Tolbert,KCR,52.6536,120.39,108.447,23.2273,16.1999,4.97824,0.656753,1.39245,14.2354,9.32739,6.76597,0.0722246,30.1473,1.90026,1.24982,2.02666,1.5879,12.1865,1.65667,0.21418,0.0562004,0.250414,0.22443,0.269454,0.310717,0.257043,0.580171,0.0965361,8.12506,0.27937,-0.764583,1.59518,8.75012,-5.47489,61.2838,0.830597,0.723327,-4.67834997177124,1.057909369468689,0.0464578,999.0,1.48841,0.532597,1.89019,1.48841,-0.532597,2.47975,94.6,1.78490566,94.6,1.78490566,,,,,,,,,,,,,,,,,,,Tyler Tolbert,25779,686475,DH,Tyler Tolbert,-3.355522519526943,-5.603768810711515,-0.7894503554114404,-0.8919154757200847,-0.9250780908533517,0.6680457928201582,-0.6300893181922467,-3.6785603408384606,0.0,-3.6785603408384606,0.0,0.0,False,7,DH,DH 7
Blake Dunn,CIN,10.8754,35.5564,31.2413,7.10472,5.3192,1.37985,0.0511879,0.354483,4.1031,2.95541,3.07418,0.00948,10.6844,1.06875,0.0757882,0.0964185,0.618775,1.27079,0.188875,0.227414,0.0864593,0.300492,0.287726,0.317193,0.308899,0.285345,0.626091,0.0814842,5.61303,0.332882,-0.0641339,0.114407,3.40132,-0.799941,76.1757,0.0502727,0.381249,-0.9537241347134112,0.2134187072515487,0.0452902,999.0,1.88649,-0.175526,1.98735,1.88649,0.175526,2.3502,25.0,2.272727272,25.0,2.272727272,,,,,,,,,,,,,,,,,,,Blake Dunn,29487,694362,OF/DH,Blake Dunn,-0.5532081051933174,0.04239047041167005,-1.1569215123801417,-1.00755106376554,-1.1586159857150706,-0.45941121174717386,0.004766396241845584,-4.03407657363442,4.93721430821242,-8.97129088184684,0.0,0.0,False,7,OF,OF 7
Eric Haase,SFG,6.7833,23.9336,22.0257,4.66687,3.53248,0.595412,0.0236973,0.515276,2.18111,2.2496,1.65015,0.00643712,7.96796,0.0974194,0.0543944,0.105899,0.335188,0.0581924,0.0366569,0.211882,0.0689469,0.332919,0.207098,0.269201,0.31125,0.25846,0.58045,0.0993671,2.28003,0.305334,0.00990574,-0.0381879,1.76705,-1.06089,62.2568,-0.0282821,0.201388,-1.0959397088736296,0.7247912734746933,0.0449017,999.0,1.74778,0.0121089,2.00749,1.74778,-0.0121089,2.32335,24.3,3.471428571,24.3,3.471428571,,,,,,,,,,,,,,,,,,,Eric Haase,14111,606992,C,Eric Haase,-0.7321252189395635,-1.1200876055516,-1.2266268990132139,-0.9896377841443258,-1.1844844569865356,-0.5846574538918934,-0.1259429608067604,-4.365114138218388,3.475655594645327,-7.8407697328637145,0.0,0.0,False,7,C,C 7
Max Schuemann,NYY,20.305,69.3431,61.2327,13.383,10.5356,1.81042,0.126499,0.910452,8.36989,5.25204,6.69739,0.0377645,15.6424,0.701957,0.247263,0.463777,1.20107,1.36861,0.366393,0.218559,0.0965834,0.22558,0.428157,0.301721,0.296864,0.272084,0.598585,0.0783043,4.81153,0.277617,0.0297161,0.00552534,5.88674,-2.30668,71.6158,0.0352414,-0.26373,-2.2910520657896996,0.3629676401615143,0.0428468,999.0,2.93188,0.550675,1.82434,2.93188,-0.550675,2.56755,52.9,2.645,52.9,2.645,,,,,,,,,,,,,,,,,,,Max Schuemann,24488,680474,3B/SS,Max Schuemann,-1.626499053196791,-0.9902053452034787,-1.0021765622856436,-0.9456128689577632,-1.0744427561261094,-0.4493076230491619,-0.11133896345562325,-3.661525278010325,4.432236963281538,-8.093762241291863,0.0,0.0,False,7,3B,3B 7
Aidan Miller,PHI,13.4975,53.4375,47.2837,10.7069,7.08324,2.38743,0.0737298,1.16254,6.46551,4.81601,5.0798,0.0240487,14.1055,0.882161,0.142929,0.0488756,0.638917,2.79821,0.750299,0.22644,0.0950606,0.263963,0.360129,0.312218,0.35381,0.297158,0.666028,0.12737,5.74422,0.296791,-0.0515123,0.166419,5.62435,-0.689701,87.5376,0.114907,-1.10913,-0.6743900924921036,-0.6925360262393951,0.0420456,999.0,2.26804,-0.694363,1.93,2.26804,0.694363,2.42667,50.7,3.9,50.7,3.9,,,,,,,,,,,,,,,,,,,Aidan Miller,sa3022609,805795,SS,Aidan Miller,-0.8833346573177879,-0.20214317912531626,-1.0712432817775708,-0.9175287929522613,-1.090423585993208,-0.3016477334286555,-0.02272903508596083,-3.6794776925906225,6.2323935944793165,-9.911871287069939,0.0,0.0,False,7,SS,SS 7
DJ LeMahieu,,30.2743,106.673,95.5344,22.5463,16.8852,3.52228,0.301378,1.83745,10.7854,9.82123,9.65537,0.0715599,23.2847,0.481369,0.785059,0.216741,3.22384,0.59467,0.209036,0.236002,0.0905138,0.218281,0.414665,0.307009,0.336881,0.286744,0.64389,0.100879,3.34197,0.290866,-0.170299,-0.144587,10.3255,-2.27876,81.6865,-0.314887,-0.968155,-2.6238207519054413,-0.5762058794498444,0.0419731,999.0,3.24099,0.190691,1.712,3.24099,-0.190691,2.71734,95.1,3.17,95.1,3.17,,,,,,,,,,,,,,,,,,,DJ LeMahieu,9874,518934,1B/3B,DJ LeMahieu,-0.8712344785523378,-0.9591818903910638,-0.9145725380888207,-0.8423398758404858,-0.9069784806853174,-0.5292459939031733,-0.10785067759819142,-3.366938573890626,4.432236963281538,-7.799175537172164,0.0,0.0,False,7,1B,1B 7
Austin Slater,DET,23.8494,85.8082,76.3372,17.592,11.9752,3.22206,0.113022,2.28178,9.84348,8.54078,8.50012,0.00197903,24.7111,0.492496,0.284939,0.193479,1.78681,0.786382,0.220148,0.230452,0.0990596,0.287981,0.343979,0.310515,0.365294,0.299731,0.675809,0.134842,3.42873,0.308493,0.000310891,-0.0712876,9.21066,-0.928236,90.7668,-0.0709767,-0.453233,-1.0047780275344849,-1.5573707818984983,0.0400277,999.0,3.18442,0.130139,1.74986,3.18442,-0.130139,2.66686,81.2,3.383333333,81.2,3.383333333,,,,,,,,,,,,,,,,,,,Austin Slater,16153,596103,OF,Austin Slater,-1.1198353615490284,-0.4707263090308025,-0.9487334326706983,-0.7928389178753124,-0.9539079433445988,-0.5094445300259164,-0.05292859665184927,-3.593437013993016,4.93721430821242,-8.530651322205436,0.0,0.0,False,7,OF,OF 7
Jonatan Clase,TOR,9.07211,34.2668,31.2174,6.87388,4.4708,1.79474,0.0591019,0.549241,4.20428,2.70901,2.70673,0.0161196,9.54806,0.143645,0.0832998,0.115726,0.32868,1.9587,0.300778,0.220194,0.0789899,0.278639,0.283485,0.284743,0.334255,0.274466,0.618997,0.11406,6.41317,0.298285,-0.0970421,0.220341,2.97528,-1.0736,74.2168,0.123298,0.267369,-0.9180178493261336,0.1273669898509979,0.0397745,999.0,1.97387,-0.300787,1.99534,1.97387,0.300787,2.33955,36.2,4.022222222,36.2,4.022222222,,,,,,,,,,,,,,,,,,,Jonatan Clase,26599,682729,OF,Jonatan Clase,-0.7781745218124173,-1.0711046554353467,-1.1532519870342586,-0.9858538847063244,-1.1676467324050992,-0.3883586693095392,-0.12043530431979048,-4.081323921422959,4.93721430821242,-9.018538229635379,0.0,0.0,False,7,OF,OF 7
Jonah Bride,TEX,10.8728,37.3098,32.6092,7.0508,4.74562,1.75154,0.0302896,0.523353,3.34115,3.16208,4.19845,0.0661997,9.00615,0.274809,0.183708,0.0436345,0.722162,0.0657523,0.0338099,0.216221,0.112529,0.241388,0.466176,0.309236,0.319939,0.283616,0.629176,0.103718,2.00239,0.280588,-0.0174529,-0.0611183,3.51668,-0.891762,81.3219,-0.0785712,-0.173229,-0.8999239876866341,-0.0054380297660827,0.0387542,999.0,2.90365,1.88197,1.96023,2.90365,-1.88197,2.38637,33.4,3.036363636,33.4,3.036363636,,,,,,,,,,,,,,,,,,,Jonah Bride,24703,681146,1B,Jonah Bride,-0.9424250920039248,-0.25239319828125745,-1.1845553811021794,-0.9887379591550504,-1.151041373627294,-0.5838766102996004,-0.028379161166928513,-4.300547903617153,5.94346703347981,-10.244014937096964,0.0,0.0,False,7,1B,1B 7
Nelson Rada,LAA,18.9548,74.3699,65.6825,15.526,12.4574,2.4892,0.162109,0.417315,8.24664,5.06532,6.45479,0.0863854,17.3903,1.05557,0.188531,0.988517,1.34261,3.51266,0.874166,0.23638,0.0867931,0.233835,0.371172,0.313927,0.298274,0.278081,0.6122,0.0618941,5.56072,0.314349,-0.0993026,0.213295,6.67561,-2.11177,74.9254,0.113993,0.12405,-2.083890289068222,-0.1034591570496559,0.0380952,999.0,1.74835,-0.17096,1.91506,1.74835,0.17096,2.44659,55.2,2.905263157,55.2,2.905263157,,,,,,,,,,,,,,,,,,,Nelson Rada,sa3018421,703185,DH,Nelson Rada,-0.5741694299365445,-0.15422802601778796,-1.0066465069276687,-1.0005512118742255,-1.0812861855983582,-0.22785393926289532,-0.017341441990597867,-4.529015788916789,0.0,-4.529015788916789,0.0,0.0,False,7,DH,DH 7
Victor Mesa Jr.,TBR,10.6336,36.1259,33.1355,7.73958,5.03228,1.9271,0.0574518,0.722753,3.19047,4.34701,2.47742,0.0313248,7.20142,0.118616,0.0990029,0.295378,0.480986,0.205857,0.0764886,0.233574,0.0685773,0.199342,0.344018,0.288458,0.360635,0.284748,0.649094,0.127062,2.68764,0.277232,0.0229996,-0.040305,3.43829,-0.830265,80.3155,-0.0173054,-0.168237,-0.8577891495078802,-0.0041391402482986,0.0369071,999.0,2.67967,0.31826,1.97034,2.67967,-0.31826,2.37288,33.0,3.0,33.0,3.0,,,,,,,,,,,,,,,,,,,Victor Mesa Jr.,25999,683748,OF,Victor Mesa Jr.,-0.38263514057831044,-0.9950083061008331,-1.1900201377647384,-0.966523634175293,-1.1076127913407052,-0.5694055382953235,-0.11187900971008924,-4.284593067964491,4.93721430821242,-9.221807376176912,0.0,0.0,False,7,OF,OF 7
Maximo Acosta,MIA,22.7327,82.5326,75.6367,17.2285,12.0632,3.24458,0.137334,1.7834,9.07651,8.03676,5.89691,0.0346627,20.5784,0.681332,0.21175,0.105943,0.986411,2.62901,1.03472,0.22778,0.0714494,0.249336,0.286559,0.288823,0.345044,0.280409,0.633867,0.117264,4.91099,0.288766,0.0960658,-0.0207704,7.56431,-2.18756,76.3334,0.0752954,-0.815834,-2.239726319909096,-0.1531876921653747,0.036113,999.0,2.63417,0.917065,1.80391,2.63417,-0.917065,2.59479,70.6,3.069565217,70.6,3.069565217,,,,,,,,,,,,,,,,,,,Maximo Acosta,27963,691185,DH,Maximo Acosta,-1.311660576743142,-2.2430541937574846,-0.9765493632353563,-0.8483613616236145,-0.9723806582257195,-0.31912398785212337,-0.25220963522109624,-4.645939950816002,0.0,-4.645939950816002,0.0,0.0,False,7,DH,DH 7
Tim Anderson,,16.89,54.6849,51.3284,12.5032,10.1157,1.93742,0.0787077,0.37134,5.26441,4.08362,2.32714,0.00551173,14.6494,0.522519,0.228965,0.277925,1.29164,0.98876,0.345766,0.243592,0.0425554,0.267888,0.158855,0.282185,0.306108,0.261311,0.588293,0.0625161,4.10912,0.332046,0.101928,-0.0294018,4.16406,-2.29738,64.2155,0.072526,0.135892,-2.240326412022114,0.7386798113584518,0.0357201,999.0,1.74579,-1.28873,1.9544,1.74579,1.28873,2.39413,38.5,2.264705882,38.5,2.264705882,,,,,,,,,,,,,,,,,,,Tim Anderson,15172,641313,SS,Tim Anderson,-0.0785113641892276,-1.8492134409729812,-1.1148039349989627,-1.005673095479764,-1.1172662344035569,-0.4885414010796245,-0.2079260718228409,-4.1485027599221365,6.2323935944793165,-10.380896354401454,0.0,0.0,False,7,SS,SS 7
Nathaniel Lowe,CIN,51.585,202.256,177.157,43.3907,30.5229,7.22873,0.289959,5.34908,22.3012,23.7268,21.9159,0.443013,48.8394,1.50566,1.59573,0.0813149,3.67551,0.307574,0.109794,0.244928,0.108357,0.241474,0.448734,0.330469,0.379587,0.313669,0.710056,0.13466,2.3353,0.305397,-0.24809,-0.336647,23.9989,0.100825,95.5785,-0.584737,-0.47371,-1.6446451544761658,-4.752561300992966,0.0339563,999.0,4.98231,0.65546,1.29423,4.98231,-0.65546,3.27436,203.1,3.90576923,203.1,3.90576923,,,,,,,,,,,,,,,,,,,Nathaniel Lowe,19566,663993,1B,Nathaniel Lowe,-0.03429567464238433,2.9262810005675832,-0.49692557250152325,-0.4511237774018434,-0.3973288043441686,-0.5588994379927711,0.329031846738955,-1.9692092876823966,5.94346703347981,-7.912676321162206,0.0,0.0,False,7,1B,1B 7
Brendan Rodgers,BOS,28.1168,96.1352,87.9512,20.2971,14.2169,3.70208,0.252754,2.12539,9.46735,9.5593,6.55641,0.0779296,26.6197,0.882016,0.605339,0.140213,2.12884,0.302042,0.145304,0.230777,0.0682,0.276899,0.246299,0.288927,0.351114,0.281779,0.640041,0.120337,2.99921,0.303818,0.105309,-0.141543,8.91793,-2.44118,74.4547,-0.0362344,-0.429983,-2.9306805357337,-0.0767526626586914,0.0308353,999.0,3.32131,0.321505,1.72403,3.32131,-0.321505,2.7013,78.4,2.8,78.4,2.8,,,,,,,,,,,,,,,,,,,Brendan Rodgers,17907,663898,2B,Brendan Rodgers,-1.2616238300417462,-2.602744825377275,-0.9623746519664789,-0.8102616775723247,-0.9165784136419698,-0.5594708247508716,-0.2926533495306944,-3.876092022774523,4.290443792376481,-8.166535815151004,0.0,0.0,False,7,2B,2B 7
Esmerlyn Valdez,PIT,13.6411,36.9609,33.1114,7.60057,4.97686,1.44346,0.0688578,1.11139,3.71676,3.94679,3.12748,0.042778,10.5974,0.452789,0.22329,0.0459614,0.563485,0.277573,0.0555194,0.229546,0.0846159,0.28672,0.295117,0.302881,0.377995,0.299203,0.680876,0.148449,3.31714,0.300066,-0.00489078,-0.0234305,3.95151,-0.415697,88.665,-0.0283213,0.0,-0.5248659271746874,-0.4074170589447021,0.0304292,999.0,0.953471,-1.52176,1.96237,0.953471,1.52176,2.3835,33.1,2.364285714,33.1,2.364285714,,,,,,,,,,,,,,,,,,,Esmerlyn Valdez,sa3015768,699013,DH,Esmerlyn Valdez,-0.5157295628795785,-0.4849194803401473,-1.1709330208020488,-0.9232272017923545,-1.1222811575756209,-0.5619981679511543,-0.05452448076758876,-4.9864084861276154,0.0,-4.9864084861276154,0.0,0.0,False,7,DH,DH 7
Heriberto Hernández,MIA,83.2344,334.799,295.601,66.5093,41.1788,13.5129,1.12128,10.6963,38.3287,39.5946,32.5161,0.643623,98.126,3.40512,2.3885,0.888873,5.16832,3.02283,0.970475,0.224997,0.0971212,0.293089,0.331371,0.30676,0.386852,0.304026,0.693612,0.161855,4.13451,0.295046,-0.236295,-0.297601,37.1048,-2.45435,92.5117,-0.533896,-0.642878,-3.505318343639374,-7.33857649564743,0.0301785,999.0,2.28262,0.791989,0.581022,2.28262,-0.791989,4.2253,339.8,4.093975903,339.8,4.093975903,,,,,,,,,,,,,,,,,,,Heriberto Hernandez,24878,681715,DH,Heriberto Hernandez,-5.948848679991932,-3.093809371997232,0.08434856745839325,0.14458777133565964,0.18423808822090273,-0.278447282668612,-0.347868783253926,-1.1579313936792106,0.0,-1.1579313936792106,0.0,0.0,False,7,DH,DH 7
Nolan Jones,CLE,31.3614,118.486,104.789,23.4548,15.4194,5.06907,0.20863,2.75761,13.0094,11.4241,12.3891,0.403193,34.6811,0.695406,0.422068,0.190377,1.76736,2.45418,0.634666,0.223829,0.104562,0.292702,0.357229,0.308881,0.355132,0.294265,0.664013,0.131304,4.4088,0.305392,-0.123561,0.0454169,12.1924,-1.80757,88.4367,-0.0781446,-0.651703,-1.6929541155695915,-2.103619933128357,0.0288027,999.0,3.29322,-0.193342,1.63179,3.29322,0.193342,2.82428,106.5,3.43548387,106.5,3.43548387,,,,,,,,,,,,,,,,,,,Nolan Jones,20529,666134,OF,Nolan Jones,-2.2312291253832925,-0.8435961884906122,-0.8339140643860689,-0.7398286758737179,-0.8482320807378908,-0.3371817512141499,-0.09485418924128135,-3.163182844845738,4.93721430821242,-8.100397153058157,0.0,0.0,False,7,OF,OF 7
Will Banfield,CIN,8.40507,21.7757,20.6434,4.1258,3.18447,0.641234,0.0142719,0.285826,2.32937,2.34053,0.973253,0.00127516,6.8094,0.0747825,0.0624745,0.0217872,0.554353,0.0199688,0.00998245,0.19986,0.0446944,0.312706,0.142928,0.237834,0.273843,0.227275,0.511677,0.0739826,2.8501,0.28213,0.00297339,-0.0280274,1.0564,-1.51657,36.3961,-0.0250541,0.561421,-1.6665921937674284,1.2099602818489077,0.0274046,999.0,1.42915,-0.12561,1.9949,1.42915,0.12561,2.34014,7.3,0.9125,7.3,0.9125,,,,,,,,,,,,,,,,,,,Will Banfield,23790,677943,DH,Will Banfield,-0.9343530896450661,-1.7021367069413644,-1.221249909215026,-1.0151998546889864,-1.1811518035915507,-0.5886054761057282,-0.19138872308518703,-5.418927562203281,0.0,-5.418927562203281,0.0,0.0,False,7,DH,DH 7
Myles Straw,TOR,47.3565,158.387,142.956,33.2214,24.7698,6.07737,0.749968,1.62434,19.1177,12.439,11.2631,0.249622,29.4242,0.522472,0.923024,2.7225,2.22578,6.75825,1.15059,0.232389,0.071111,0.185774,0.382783,0.289128,0.319481,0.269962,0.608608,0.0870919,6.46838,0.28004,-0.107996,0.640784,13.1731,-5.54163,71.1139,0.532788,0.84885,-4.859604239463806,-0.3316888809204101,0.0266159,999.0,1.39398,0.972818,1.6204,1.39398,-0.972818,2.83946,130.2,2.770212765,130.2,2.770212765,,,,,,,,,,,,,,,,,,,Myles Straw,17620,664702,OF,Myles Straw,-1.8202000158151501,-4.256301593033852,-0.6123825199083175,-0.8660815749199045,-0.8110352267780292,0.10737511862282059,-0.4785797307784998,-2.714382514482453,4.93721430821242,-7.651596822694874,0.0,0.0,False,7,OF,OF 7
Nick Madrigal,LAA,12.1041,48.9737,45.4998,11.4737,8.71969,2.46382,0.0702748,0.219894,4.43291,3.895,2.60649,0.0530595,5.96129,0.512018,0.120593,0.234758,1.15446,0.648954,0.242034,0.25217,0.0532222,0.121724,0.437236,0.299395,0.323907,0.276747,0.623302,0.0717377,3.58259,0.285345,0.00256853,-0.0471278,4.34292,-1.4437,74.006,-0.0445593,-0.0683694,-1.5449640899896622,0.1184223890304565,0.0265044,999.0,2.35497,-0.708849,1.98366,2.35497,0.708849,2.35513,36.3,3.025,36.3,3.025,,,,,,,,,,,,,,,,,,,Nick Madrigal,20521,663611,3B,Nick Madrigal,0.3207012835829667,-0.8132472879473344,-1.1449601943891776,-1.0225450646918217,-1.1241793003153797,-0.5236391322298664,-0.09144175045282778,-4.194414401259794,4.432236963281538,-8.626651364541331,0.0,0.0,False,7,3B,3B 7
Kyren Paris,LAA,18.2424,67.7799,60.7767,12.1771,8.78391,1.75266,0.132313,1.50821,8.31394,5.78232,6.1692,0.0115498,23.1584,0.556628,0.142595,0.134829,0.663603,3.40284,0.448917,0.200358,0.0910181,0.341671,0.266391,0.279443,0.307997,0.264479,0.587439,0.107639,6.24364,0.294293,-0.195791,0.394414,5.33553,-2.67319,65.5553,0.198623,0.182765,-2.553046301007271,0.4642837792634964,0.0249758,999.0,2.50055,-0.528067,1.82584,2.50055,0.528067,2.56554,57.5,3.194444444,57.5,3.194444444,,,,,,,,,,,,,,,,,,,Kyren Paris,26420,677347,2B/SS/DH,Kyren Paris,-2.7205832292402827,-2.4778837797733755,-1.0042057176829766,-0.8790191354008434,-1.0550075923485596,-0.23919697862923833,-0.2786139389570553,-3.4888894937113304,4.290443792376481,-7.779333286087811,0.0,0.0,False,7,2B,2B 7
Jorge Alfaro,KCR,10.531,27.3315,25.8054,5.64795,3.95797,1.02189,0.0432938,0.624797,2.65801,2.73516,1.03021,0.00104738,9.35908,0.37992,0.09523,0.0207009,0.50356,0.516644,0.10239,0.218867,0.037693,0.342428,0.110075,0.258435,0.334457,0.259961,0.592893,0.115591,4.71519,0.315588,-0.0378923,0.025967,2.05124,-1.17819,63.2882,-0.0119253,0.0,-1.1978437462821605,0.5021219849586487,0.0234597,999.0,0.937583,-0.0340663,2.00102,0.937583,0.0340663,2.33197,24.8,2.254545454,24.8,2.254545454,,,,,,,,,,,,,,,,,,,Jorge Alfaro,12180,595751,C,Jorge Alfaro,-0.6775101750838656,-1.5733595625166275,-1.2093310239642738,-0.9774365048759805,-1.1666883150920138,-0.5373051087237732,-0.17690898527476429,-4.229193088643522,3.475655594645327,-7.70484868328885,0.0,0.0,False,7,C,C 7
Drew Gilbert,SFG,40.908,150.839,135.48,30.4009,20.0671,6.29622,0.480265,3.55724,15.8104,15.1015,11.8685,0.14514,30.9452,2.13977,1.23556,0.114798,2.2188,1.93576,0.48688,0.224393,0.0786833,0.205154,0.383533,0.294638,0.356726,0.287227,0.651364,0.132333,4.30271,0.262623,-0.0698573,-0.0362295,14.6597,-3.16314,82.018,-0.106087,0.0628261,-3.311889961361885,-1.6014985591173172,0.0196085,999.0,3.82488,0.809368,1.48192,3.82488,-0.809368,3.02411,133.8,3.263414634,133.8,3.263414634,,,,,,,,,,,,,,,,,,,Drew Gilbert,31545,687551,OF,Drew Gilbert,-2.8083092592624066,-3.2223428363009767,-0.7323293589717667,-0.6507452220945635,-0.7134525844801365,-0.3907280858371654,-0.3623211216040071,-3.174836893024014,4.93721430821242,-8.112051201236433,0.0,0.0,False,7,OF,OF 7
Ildemaro Vargas,ARI,25.9489,99.0376,90.9742,21.7476,15.847,4.16169,0.692526,1.04633,9.46106,9.62228,5.45827,0.0657272,12.5687,0.898673,0.953859,0.752596,2.34966,0.950923,0.300125,0.239052,0.0551132,0.126909,0.434275,0.285949,0.334527,0.272866,0.620476,0.0954748,4.50548,0.26434,0.000806765,-0.0788714,8.47046,-3.2316,71.5227,-0.0780646,0.0229352,-3.4207343459129333,0.3001673687249422,0.0178471,999.0,3.01384,2.27649,1.76179,3.01384,-2.27649,2.65095,78.8,3.03076923,78.8,3.03076923,,,,,,,,,,,,,,,,,,,Ildemaro Vargas,13324,545121,2B/3B,Ildemaro Vargas,-0.5521760180694295,-2.9762577846585514,-0.9626027732792443,-0.9304752659005944,-0.9142701489238773,-0.49244949232442803,-0.33465125019348535,-3.6820680467596616,4.290443792376481,-7.972511839136143,0.0,0.0,False,7,2B,2B 7
Yohel Pozo,STL,48.5158,171.511,162.772,39.7297,26.8119,8.4745,0.0626895,4.3806,16.6628,19.3212,6.60441,0.199946,23.3674,0.928865,1.07234,0.133304,3.14727,0.785289,0.104047,0.244082,0.0385072,0.136245,0.282633,0.275783,0.377653,0.282702,0.653436,0.133571,2.62937,0.259736,-0.187481,-0.110967,16.0386,-4.22673,78.9096,-0.298448,-1.65226,-4.573691546916962,-1.0699368715286257,0.0164762,999.0,1.88088,2.21023,1.47441,1.88088,-2.21023,3.03412,147.7,3.014285714,147.7,3.014285714,,,,,,,,,,,,,,,,,,,Yohel Pozo,18848,650968,C,Yohel Pozo,-0.1692160065900561,-6.897794467127945,-0.7014151130256221,-0.5590181076746387,-0.558797382337632,-0.5095574233242903,-0.7755899216461531,-3.1838986039730375,3.475655594645327,-6.659554198618364,0.0,0.0,False,7,C,C 7
Liover Peguero,PHI,10.294,29.3538,27.179,6.02251,4.06395,1.24178,0.0766287,0.640145,3.10287,2.86818,1.71397,0.0111326,7.50768,0.215709,0.142447,0.102655,0.558218,0.806151,0.166939,0.221587,0.05839,0.255765,0.228295,0.271859,0.343574,0.270164,0.615433,0.121987,5.38142,0.280717,-0.0272839,0.0533713,2.44618,-1.02219,69.0459,0.0260874,-0.0934261,-1.0508134234696629,0.2301383316516876,0.0159538,999.0,1.70024,-1.2509,1.99703,1.70024,1.2509,2.33729,26.8,2.68,26.8,2.68,,,,,,,,,,,,,,,,,,,Liover Peguero,24273,678894,SS,Liover Peguero,-0.639646598752679,-1.295729461243905,-1.1931971531857637,-0.9757266480064254,-1.1618130313066746,-0.5074026383373967,-0.14569217974092513,-4.225576749602541,6.2323935944793165,-10.457970344081858,0.0,0.0,False,7,SS,SS 7
Spencer Jones,NYY,9.50335,36.0322,32.9691,7.02847,4.02105,1.47863,0.0585812,1.4702,4.67014,4.33485,2.80321,0.0518064,13.7928,0.145961,0.0860585,0.0277821,0.373079,1.39065,0.180979,0.213183,0.0777975,0.382791,0.203238,0.277123,0.395366,0.291927,0.672489,0.182183,5.92358,0.312399,-0.120025,0.158344,3.63939,-0.618091,85.247,0.0383182,-0.0440672,-0.5899645425379276,-0.4840370640158653,0.0148846,999.0,2.7012,1.81778,1.94059,2.7012,-1.81778,2.41255,29.4,2.94,29.4,2.94,,,,,,,,,,,,,,,,,,,Spencer Jones,sa3019969,682987,OF,Spencer Jones,-1.052986539842251,-1.4008525330842891,-1.1363565029698863,-0.8832536714714581,-1.1080584645539795,-0.44703116532166054,-0.15751224707410483,-4.073903580955108,4.93721430821242,-9.011117889167528,0.0,0.0,False,7,OF,OF 7
Jorge Barrosa,ARI,36.4828,126.588,113.56,25.406,16.9681,5.82179,0.700012,1.91608,13.1768,11.1323,9.5281,0.139978,29.5702,1.0272,1.32732,1.14592,1.70084,2.22901,0.837404,0.223724,0.0752685,0.233593,0.32222,0.286676,0.337938,0.275397,0.624614,0.114214,5.12116,0.281651,-0.024353,-0.0779064,11.087,-3.87041,73.2567,-0.102259,1.08938,-4.114641956984997,0.043797492980957,0.0144028,999.0,2.07204,2.08529,1.61796,2.07204,-2.08529,2.84272,101.9,2.830555555,101.9,2.830555555,,,,,,,,,,,,,,,,,,,Jorge Barrosa,23968,678489,OF,Jorge Barrosa,-2.4299102248969513,-3.7121673183928063,-0.8278429184787663,-0.8335800344505243,-0.8589267718261631,-0.3604390101298252,-0.4173971221280052,-3.464207433688322,4.93721430821242,-8.401421741900743,0.0,0.0,False,7,OF,OF 7
Jhonkensy Noel,BAL,7.45764,26.1962,24.4254,5.35394,2.74341,1.24661,0.028989,1.33493,3.19894,3.3901,1.47866,0.0220896,7.61675,0.196354,0.0825786,0.0132865,0.387435,0.034875,0.0212488,0.219196,0.0564455,0.290758,0.194132,0.268455,0.436568,0.301832,0.705023,0.217372,2.44829,0.258353,-0.00360142,-0.0307499,2.85659,-0.238693,93.9093,-0.0343513,0.00175178,-0.2224045433104038,-0.5736831452231854,0.0107985,999.0,2.30816,0.583262,1.97484,2.30816,-0.583262,2.36687,19.3,2.757142857,19.3,2.757142857,,,,,,,,,,,,,,,,,,,Jhonkensy Noel,24257,678877,OF,Jhonkensy Noel,-0.6332428854444346,-1.2455191899380604,-1.1897129537394404,-0.898323539776432,-1.1426842678632505,-0.5870658511430386,-0.14004652291923866,-4.268679848580998,4.93721430821242,-9.205894156793418,0.0,0.0,False,7,OF,OF 7
LaMonte Wade Jr.,CHW,38.0227,122.425,104.403,22.9213,15.3299,3.98253,0.383572,3.22529,12.8922,11.5216,14.9219,0.739103,27.24,1.4267,0.84766,0.825931,1.62278,0.65678,0.211684,0.219547,0.121886,0.222503,0.547794,0.322946,0.357719,0.302249,0.680665,0.138172,3.2378,0.263368,-0.272431,-0.159584,13.3913,-1.07413,92.3373,-0.432015,-0.248519,-1.5407722294330597,-2.497654050588608,0.0107388,999.0,2.22292,-0.0781408,1.57931,2.22292,0.0781408,2.89426,114.5,3.013157894,114.5,3.013157894,,,,,,,,,,,,,,,,,,,LaMonte Wade Jr.,18126,664774,1B,LaMonte Wade Jr.,-2.670063831967916,0.8502665587477568,-0.838164591867167,-0.6877263914878958,-0.8446586318650102,-0.522830803819003,0.09560420752172831,-2.992300679699278,5.94346703347981,-8.935767713179088,0.0,0.0,False,7,1B,1B 7
Ryan Clifford,NYM,13.4664,47.865,42.0988,8.87604,6.14722,1.34703,0.0181591,1.36363,5.8664,6.02432,5.3548,0.13793,14.3292,0.246934,0.127133,0.0372947,0.643699,0.19557,0.0920705,0.210838,0.111873,0.299366,0.3737,0.302707,0.340871,0.287347,0.643578,0.130033,2.69702,0.283133,0.0253246,-0.0752427,4.65657,-0.999044,82.101,-0.0499182,0.565523,-1.0625015422701836,-0.4735474586486816,0.00858482,999.0,3.3215,0.879279,1.85054,3.3215,-0.879279,2.53261,35.7,2.746153846,35.7,2.746153846,,,,,,,,,,,,,,,,,,,Ryan Clifford,sa3020126,691775,1B,Ryan Clifford,-1.4432979632872474,-0.6363075615512653,-1.092971383477236,-0.8951261920988038,-1.0461381089922814,-0.5704680573807503,-0.07154659857701968,-4.0724548681833035,5.94346703347981,-10.015921901663113,0.0,0.0,False,7,1B,1B 7
Drew Romo,CHW,9.5926,20.5264,19.1561,4.10017,2.84412,0.806365,0.0527928,0.396889,1.82422,1.84998,1.03992,0.017127,7.05793,0.157502,0.113653,0.059197,0.325418,0.114584,0.0668591,0.21404,0.0506626,0.343847,0.14734,0.258833,0.323802,0.255865,0.582636,0.109762,3.35795,0.313441,0.0164739,-0.031031,1.47225,-0.953099,60.4744,-0.0145571,-0.0260663,-0.973462425172329,0.3510347791016102,0.00739442,999.0,0.988907,-0.654168,2.02731,0.988907,0.654168,2.29692,9.3,0.93,9.3,0.93,,,,,,,,,,,,,,,,,,,Drew Romo,27763,691011,C/DH,Drew Romo,-0.5954020300888735,-1.1734490546806626,-1.2395703354699472,-1.0028267876116204,-1.1991308327668488,-0.5788329033662053,-0.13194293693625606,-4.328257864665748,3.475655594645327,-7.803913459311074,0.0,0.0,False,7,C,C 7
Kahlil Watson,CLE,6.55428,21.6328,19.6494,4.1554,2.99567,0.61684,0.0375257,0.505361,2.76192,2.55471,1.77058,0.0150023,6.89495,0.128453,0.0613373,0.023026,0.248032,0.410189,0.115,0.211477,0.0818469,0.318726,0.256794,0.28017,0.323845,0.269114,0.604015,0.112368,4.9955,0.296499,0.00137472,0.00272915,1.78431,-0.771779,71.1107,0.00410388,-0.0452296,-0.7324820985086262,0.0559167079627513,0.00695742,999.0,2.04183,-0.126249,2.00172,2.04183,0.126249,2.33104,20.7,2.957142857,20.7,2.957142857,,,,,,,,,,,,,,,,,,,Kahlil Watson,sa3017513,696135,DH,Kahlil Watson,-0.6610959902210124,-0.7751204509451634,-1.2055624888912284,-0.9907423730719801,-1.173301944313668,-0.5483005854652051,-0.0871547583332377,-5.293650305095547,0.0,-5.293650305095547,0.0,0.0,False,7,DH,DH 7
Yohandy Morales,WSN,14.7606,57.7816,53.2476,12.2258,8.32561,2.65461,0.075044,1.1705,5.93677,5.87264,4.10716,0.0733661,17.1442,0.220651,0.146774,0.0593762,0.994547,0.293339,0.10777,0.229602,0.0710808,0.296707,0.239565,0.28678,0.348222,0.279664,0.635002,0.11862,2.93871,0.315148,0.00912669,-0.0685155,5.26087,-1.56647,77.1842,-0.0593888,0.888015,-1.6218857280910015,-0.2509225606918335,0.00507453,999.0,1.34172,0.00240543,1.87288,1.34172,-0.00240543,2.50282,44.3,2.953333333,44.3,2.953333333,,,,,,,,,,,,,,,,,,,Yohandy Morales,sa3022672,691002,3B,Yohandy Morales,-0.826380875703196,-1.688424365482057,-1.0904192536236108,-0.9166420024465497,-1.0516972959157536,-0.5603697363480789,-0.18984690361105044,-3.977217843006046,4.432236963281538,-8.409454806287584,0.0,0.0,False,7,3B,3B 7
Alika Williams,PIT,8.24413,27.5982,25.5182,5.90801,4.29662,1.32081,0.0438999,0.246676,2.45713,2.19059,1.60192,0.0118879,5.78135,0.13892,0.0785509,0.260579,0.411212,0.111328,0.0627953,0.231521,0.0580445,0.209483,0.277085,0.279792,0.315722,0.264106,0.595514,0.0842004,2.65349,0.289305,0.00251006,-0.043229,2.16412,-1.09682,64.6225,-0.0407189,-0.0646046,-1.1979023106396198,0.317067950963974,0.00382281,999.0,2.65202,-0.346337,2.01708,2.65202,0.346337,2.31056,16.5,2.0625,16.5,2.0625,,,,,,,,,,,,,,,,,,,Alika Williams,27604,675961,2B,Alika Williams,-0.34706255427739857,-0.9992976029990421,-1.2166163990530368,-1.0195613934199668,-1.186647218196676,-0.5791692076475458,-0.11236129944212646,-4.460737637134955,4.290443792376481,-8.751181429511437,0.0,0.0,False,7,2B,2B 7
Edwin Arroyo,CIN,7.50997,29.5591,27.6012,6.83279,5.18538,1.26594,0.0715432,0.309923,2.95538,2.75396,1.69842,0.0297197,6.10821,0.12738,0.0864134,0.0456927,0.426076,0.645711,0.115385,0.247554,0.0574585,0.206644,0.278056,0.293378,0.332289,0.276463,0.625667,0.0847352,4.66111,0.306677,-0.0559599,0.0358006,2.61445,-0.878182,70.091,-0.0201593,-0.00715826,-1.0679793637245891,0.1087362566031515,0.00247549,999.0,1.96808,-0.238698,2.02468,1.96808,0.238698,2.30043,22.0,2.75,22.0,2.75,,,,,,,,,,,,,,,,,,,Edwin Arroyo,sa3017626,695490,SS,Edwin Arroyo,0.06713745810438747,-0.6687094991313793,-1.1985462171634702,-1.0125153081040454,-1.165999280847807,-0.5239740937729829,-0.0751898814189058,-4.2462239400784565,6.2323935944793165,-10.478617534557774,0.0,0.0,False,7,SS,SS 7
Jacob Stallings,BAL,30.1337,99.9874,89.498,18.0568,12.8269,3.33987,0.17336,1.71663,9.0112,8.68876,7.79882,0.0916796,27.3604,1.49736,0.508372,0.684899,2.48594,0.465491,0.130937,0.201757,0.077998,0.273639,0.28504,0.275451,0.300491,0.258872,0.575942,0.098734,3.10911,0.268183,-0.233208,-0.105967,7.41568,-4.3986,64.3154,-0.339175,-0.736874,-4.544491469860077,1.1000487804412842,-0.000310908,999.0,1.75076,0.376309,1.65238,1.75076,-0.376309,2.79682,66.3,2.21,66.3,2.21,,,,,,,,,,,,,,,,,,,Jacob Stallings,13723,607732,C,Jacob Stallings,-3.8810440005529014,-4.054468706017069,-0.9789179805543881,-0.8557999297224029,-0.9484843642245078,-0.5425885770602014,-0.45588558502322,-3.945365323754279,3.475655594645327,-7.421020918399606,0.0,0.0,False,7,C,C 7
Adael Amador,COL,39.1663,146.57,130.463,31.4259,22.4126,6.18686,0.228174,2.5982,15.9813,14.2064,13.2233,0.138297,26.253,1.49244,0.358391,1.03287,2.63247,4.13329,1.70663,0.24088,0.0902186,0.179116,0.503689,0.317044,0.351546,0.297827,0.668589,0.110666,4.28255,0.282707,0.0161051,-0.116433,15.5062,-1.81213,75.9535,-0.100328,-1.21424,-4.27759125828743,-0.609825074672699,-0.00112508,999.0,4.4582,0.34566,1.62419,4.4582,-0.34566,2.83441,133.2,3.415384615,133.2,3.415384615,,,,,,,,,,,,,,,,,,,Adael Amador,27962,691182,2B,Adael Amador,-0.5533704464516631,0.15290236125103854,-0.7261312775168206,-0.7575878812148569,-0.7462586776710637,-0.1637505835723701,0.017192383876812378,-2.7766636229289112,4.290443792376481,-7.067107415305392,0.0,0.0,False,7,2B,2B 7
Nick Sogard,BOS,24.1969,89.8407,80.2805,18.8124,13.6849,4.17988,0.109013,0.838598,9.53592,7.74947,8.60525,0.093784,20.1298,0.498686,0.339653,0.116628,1.75596,1.29677,0.429604,0.234333,0.0957834,0.224061,0.427488,0.311135,0.320452,0.283783,0.631587,0.0861192,3.81053,0.301312,-0.0469852,-0.0664005,8.48021,-2.13516,75.8353,-0.113386,-0.30683,-2.6721358373761177,-0.4312992617487907,-0.00115239,999.0,4.03779,0.961065,1.78577,4.03779,-0.961065,2.61897,76.3,3.179166666,76.3,3.179166666,,,,,,,,,,,,,,,,,,,Nick Sogard,25483,686765,1B/2B/3B/SS,Nick Sogard,-0.866113331979743,-0.4371465487497086,-0.9598878032516417,-0.9536178243594456,-0.9829100543968976,-0.4567278010502371,-0.049152879099024833,-3.074419895223517,4.290443792376481,-7.364863687599998,0.0,0.0,False,7,1B,1B 7
César Prieto,STL,12.8453,40.9704,38.7529,9.50373,6.82592,2.25381,0.0520529,0.371937,3.73853,3.61703,1.82657,0.0391917,8.60671,0.224336,0.105443,0.0611613,0.707672,0.29577,0.197927,0.245239,0.0445826,0.210071,0.212226,0.282446,0.334877,0.271178,0.617323,0.089638,2.97426,0.305619,0.00470958,-0.0802436,3.44797,-1.393,70.9936,-0.075534,-0.117403,-1.4801248610019684,0.0808275938034057,-0.00129756,999.0,3.19899,0.0225922,1.98433,3.19899,-0.0225922,2.35423,28.8,2.215384615,28.8,2.215384615,,,,,,,,,,,,,,,,,,,Cesar Prieto,30163,693409,DH,Cesar Prieto,0.004550010579878207,-1.374753427743362,-1.170143481695705,-1.0056065861918353,-1.1343671114250682,-0.560118644300186,-0.15457765643605806,-5.412318562663881,0.0,-5.412318562663881,0.0,0.0,False,7,DH,DH 7
Dustin Harris,CHW,10.871,28.0674,25.4737,5.74857,3.93632,1.09847,0.0991436,0.614635,3.10288,2.44687,2.16552,0.0875006,6.86691,0.228849,0.153987,0.0453298,0.342992,1.11902,0.278356,0.225667,0.0771541,0.244658,0.315355,0.29059,0.348957,0.281379,0.639547,0.12329,5.61529,0.282921,-0.0194758,0.0685975,2.59453,-0.721846,78.0008,0.0491217,0.0148327,-0.6806631647050381,-0.2945522181689739,-0.00258785,999.0,0.851106,-0.186436,2.01537,0.851106,0.186436,2.31283,28.8,2.618181818,28.8,2.618181818,,,,,,,,,,,,,,,,,,,Dustin Harris,25705,687957,DH,Dustin Harris,-0.4955803678598227,-0.7132149850391929,-1.1931967905127707,-0.9785686110467143,-1.1772543620208624,-0.47508716407489093,-0.08019409058932452,-5.0569636016308905,0.0,-5.0569636016308905,0.0,0.0,False,7,DH,DH 7
Santiago Espinal,LAD,33.4553,123.501,112.407,27.643,21.1928,5.05687,0.0882105,1.30514,12.4232,10.6825,8.13847,0.107197,16.7408,0.785165,1.04401,1.12688,2.48403,1.3918,0.595966,0.24592,0.065898,0.135552,0.486146,0.29881,0.32731,0.277679,0.62612,0.0813895,3.25047,0.276065,0.0893935,-0.16381,11.0454,-3.5472,75.4593,-0.0744166,-1.06711,-3.656551361083984,-0.5508267879486084,-0.00282077,999.0,2.35103,0.0575752,1.71605,2.35103,-0.0575752,2.71193,94.8,2.872727272,94.8,2.872727272,,,,,,,,,,,,,,,,,,,Santiago Espinal,19997,669289,2B/3B,Santiago Espinal,0.08974696740338436,-2.1230805381081734,-0.8551739552514254,-0.9016423198223045,-0.8754122826263856,-0.4469123846326122,-0.23871976412851853,-3.2654464698309154,4.290443792376481,-7.555890262207396,0.0,0.0,False,7,2B,2B 7
Bryan Ramos,BAL,9.81373,37.3182,34.4992,7.32692,4.84447,1.77017,0.0541113,0.658168,3.58829,3.93823,2.43355,0.0118928,9.40193,0.246443,0.111919,0.0271187,0.468369,0.304111,0.143506,0.21238,0.0652107,0.251939,0.258835,0.268346,0.32406,0.26208,0.592406,0.111681,3.30126,0.271628,0.030006,-0.0475416,2.86495,-1.54449,66.5253,-0.0175356,0.0152817,-1.48988395370543,0.1667281379923224,-0.0039619,999.0,1.93835,-0.41719,1.94138,1.93835,0.41719,2.41149,26.4,2.64,26.4,2.64,,,,,,,,,,,,,,,,,,,Bryan Ramos,25621,682868,3B,Bryan Ramos,-1.1295586327144493,-1.7783912205704686,-1.1755922807465597,-0.9737187805083805,-1.122594888061281,-0.5592571227981402,-0.19996280173200814,-4.288684441864705,4.432236963281538,-8.720921405146242,0.0,0.0,False,7,3B,3B 7
Tomás Nido,DET,5.96246,21.0239,19.5999,4.32398,3.5183,0.466447,0.0069977,0.33224,1.80731,1.71155,0.943993,0.0184968,5.33819,0.0882322,0.0749657,0.316837,0.410164,0.0391047,0.0250188,0.220613,0.044901,0.253911,0.176838,0.258666,0.295979,0.245557,0.554645,0.0753659,2.00166,0.285035,-0.0245101,-0.0323436,1.33198,-1.15216,53.4479,-0.0568537,-0.0213269,-1.2103735506534576,0.4387396704405546,-0.00491366,999.0,1.72759,0.0935407,2.03232,1.72759,-0.0935407,2.29024,5.4,0.9,5.4,0.9,,,,,,,,,,,,,,,,,,,Tomas Nido,13755,621512,C,Tomas Nido,-0.48036589665764146,-1.2054010246570803,-1.2401836155015629,-1.010029063918623,-1.2042043971511858,-0.5866289757687186,-0.13553562529607152,-4.431423785418248,3.475655594645327,-7.907079380063575,0.0,0.0,False,7,C,C 7
Kyle McCann,COL,9.93788,33.4742,30.2131,6.28849,4.10024,1.14469,0.0475056,0.996054,3.25159,3.66178,2.71603,0.0672836,11.3057,0.321384,0.173592,0.0500588,0.574138,0.11918,0.0404936,0.208138,0.081138,0.337745,0.240235,0.279017,0.348072,0.276389,0.62709,0.139935,2.78593,0.292644,-0.0359341,-0.039423,2.95874,-0.996493,61.2679,-0.0753571,-0.166117,-1.6120083257555962,0.4488556236028671,-0.00506017,999.0,0.902852,-0.0670522,1.9508,0.902852,0.0670522,2.39893,24.9,2.49,24.9,2.49,,,,,,,,,,,,,,,,,,,Kyle McCann,25575,668832,C,Kyle McCann,-1.1173888776200258,-1.2380029952606153,-1.1878034804298856,-0.9360763060344071,-1.13272699001931,-0.5783581937602345,-0.13920139990655137,-4.126047211929104,3.475655594645327,-7.601702806574432,0.0,0.0,False,7,C,C 7
Abraham Toro,KCR,12.7426,37.6424,34.2804,8.06001,5.4082,1.70982,0.128633,0.813359,3.89651,3.78998,2.48179,0.0738275,7.00315,0.496117,0.316455,0.0676546,0.526658,0.398009,0.107273,0.23512,0.0659306,0.186044,0.354382,0.293759,0.363682,0.287917,0.657441,0.128562,4.11308,0.270596,-0.0642873,-0.0192034,3.67946,-0.768288,82.4919,-0.0834907,0.22634,-0.8624259978532791,-0.4652096480131149,-0.00548937,999.0,2.71641,2.29543,1.96911,2.71641,-2.29543,2.37452,32.0,2.461538461,32.0,2.461538461,,,,,,,,,,,,,,,,,,,Abraham Toro,19844,647351,3B,Abraham Toro,-0.342858477006459,-0.8372345943421158,-1.1644139737480608,-0.956429596416437,-1.128028362885943,-0.5495586278935611,-0.09413888983207304,-4.234140762550096,4.432236963281538,-8.666377725831634,0.0,0.0,False,7,3B,3B 7
Denzer Guzman,LAA,8.84918,35.0416,32.196,6.86101,4.44408,1.69978,0.0347477,0.682403,3.26756,3.09157,2.59857,0.0146538,11.1415,0.111181,0.0826929,0.0531125,0.331593,0.361637,0.0914436,0.213101,0.0741569,0.317951,0.233234,0.273541,0.33164,0.267683,0.605181,0.118539,3.486,0.302062,-0.00141639,-0.0122509,2.84959,-1.29084,67.7627,-0.0136673,-0.190969,-1.3450856832787397,0.0821534395217895,-0.00581728,999.0,2.47188,-0.204468,1.96559,2.47188,0.204468,2.37921,31.4,3.488888888,31.4,3.488888888,,,,,,,,,,,,,,,,,,,Denzer Guzman,28816,694203,DH,Denzer Guzman,-1.030934888563422,-1.4878591992353258,-1.187224291659637,-0.9710188599171847,-1.1536256185506457,-0.5533154028692726,-0.1672953007305112,-5.35053183284205,0.0,-5.35053183284205,0.0,0.0,False,7,DH,DH 7
Miguel Andujar,SDP,86.3686,339.297,316.84,83.8441,59.6787,14.7366,1.13945,8.28934,36.5901,39.1855,18.1061,0.892734,51.6972,1.8125,2.08186,0.45708,6.99495,2.28446,0.81181,0.264626,0.0533636,0.152366,0.350234,0.306229,0.396818,0.304828,0.703047,0.132191,3.54753,0.291791,-0.211945,-0.395141,37.8242,-2.26632,94.1093,-0.607086,-0.809448,-2.969377636909485,-8.571335792541504,-0.00587652,735.77001953125,1.7548,1.65307,1.07672,1.7548,-1.65307,3.56437,338.8,3.939534883,338.8,3.939534883,,,,,,,,,,,,,,,,,,,Miguel Andujar,15878,609280,OF,Miguel Andujar,6.179777530859886,-3.3155411809098543,0.021294240848859017,-0.12356163515018179,0.16924426325787245,-0.3547117151665788,-0.37280036930227134,-0.5200762466340244,4.93721430821242,-5.457290554846445,0.0,0.0,False,7,OF,OF 7
Connor Joe,SEA,10.2319,27.7727,24.3871,5.07394,3.34026,1.05317,0.117235,0.56327,2.87336,2.37557,2.73893,0.0168417,6.68198,0.36295,0.258104,0.025708,0.47787,0.501152,0.172471,0.208059,0.0986193,0.240595,0.409897,0.294656,0.33015,0.279254,0.624806,0.122091,4.76308,0.259235,-0.0338868,-0.0128169,2.51939,-0.762176,83.4429,-0.0467037,-0.118858,-0.5886754281818867,-0.4249952509999275,-0.0059114,999.0,0.857813,-1.47352,1.99352,0.857813,1.47352,2.34197,27.2,2.72,27.2,2.72,,,,,,,,,,,,,,,,,,,Connor Joe,16572,656582,1B/OF,Connor Joe,-0.9038490680796448,-0.5928026251594144,-1.2015208610542525,-0.9842909721429293,-1.1798675610427738,-0.5389052395365886,-0.0666548914714837,-3.8760795625365922,4.93721430821242,-8.813293870749012,0.0,0.0,False,7,1B,1B 7
Ben Rortvedt,NYM,11.5353,40.4188,36.0303,7.06999,5.57313,0.970532,0.0134279,0.512899,3.61376,3.35904,3.63743,0.0178616,10.5831,0.397535,0.088879,0.264687,0.636666,0.0657043,0.0401524,0.196224,0.0899934,0.261837,0.343701,0.276558,0.266611,0.248879,0.543169,0.0703876,1.9779,0.262041,-0.0138548,-0.0666138,2.66979,-2.10601,55.6756,-0.0804686,-0.121042,-2.1979080960154533,0.7690298110246658,-0.00623408,999.0,2.28503,1.30961,1.92024,2.28503,-1.30961,2.43968,27.5,2.291666666,27.5,2.291666666,,,,,,,,,,,,,,,,,,,Ben Rortvedt,20287,666163,C,Ben Rortvedt,-1.7617948066758065,-1.5942304964852447,-1.1746685526327068,-0.9899025958317724,-1.1438226403964984,-0.5838815681022738,-0.17925571887469163,-4.364341268779379,3.475655594645327,-7.839996863424705,0.0,0.0,False,7,C,C 7
Drew Waters,KCR,9.73698,34.4071,31.6101,7.05058,4.72826,1.75944,0.115025,0.447856,4.08923,2.85626,2.45628,0.00851354,10.2792,0.231941,0.0823466,0.0263818,0.395852,0.502643,0.187282,0.223048,0.0713887,0.298751,0.238957,0.283263,0.32849,0.271433,0.611754,0.105443,4.83505,0.314933,0.0336867,-0.0250716,2.90274,-1.16272,71.1688,0.00861509,-0.218014,-1.1638374803587794,-0.0677514821290969,-0.00686565,999.0,2.5484,1.15852,1.96801,2.5484,-1.15852,2.37599,20.9,2.09,20.9,2.09,,,,,,,,,,,,,,,,,,,Drew Waters,20505,671221,OF,Drew Waters,-0.6977483606751598,-1.1264126322610795,-1.1574245398218042,-0.997148766040691,-1.1622499083381077,-0.5387512377910485,-0.12665414856299076,-4.309299508434642,4.93721430821242,-9.246513816647063,0.0,0.0,False,7,OF,OF 7
Rece Hinds,CIN,11.7126,38.9706,36.4174,8.17905,4.65225,1.84536,0.0794543,1.60198,5.00067,5.10489,2.23592,0.0564263,13.5704,0.204957,0.0900086,0.0223612,0.415911,1.24579,0.208139,0.224592,0.0573745,0.348221,0.164764,0.272668,0.411596,0.294671,0.684264,0.187004,5.70022,0.308276,-0.0865929,0.117467,4.02301,-0.581672,82.5644,0.0308741,-0.0589288,-0.7744475658982992,-0.6011801324784756,-0.00808944,747.3599853515625,2.6367,0.543768,1.9302,2.6367,-0.543768,2.4264,41.3,3.441666666,41.3,3.441666666,,,,,,,,,,,,,,,,,,,Rece Hinds,27493,677956,OF,Rece Hinds,-0.7476342602392585,-1.6887050728336093,-1.1243690725234068,-0.8685726095565512,-1.0798359151173338,-0.4619934006395303,-0.1898784664234586,-4.0547808879881675,4.93721430821242,-8.991995196200588,0.0,0.0,False,7,OF,OF 7
Stuart Fairchild,CLE,9.02532,29.4607,26.5044,5.76913,3.95177,1.25618,0.0467963,0.514384,3.31026,2.66389,2.27991,0.0218143,7.97213,0.478682,0.076469,0.121308,0.417382,1.15873,0.202882,0.217667,0.0773882,0.270602,0.285985,0.290658,0.326816,0.275911,0.617474,0.109149,5.69289,0.290409,-0.0793786,0.104507,2.59255,-0.888457,75.7932,0.0251285,-0.0489075,-0.8154009245336056,-0.2810403257608413,-0.00843577,999.0,1.9405,0.0445939,1.99988,1.9405,-0.0445939,2.3335,26.8,2.977777777,26.8,2.977777777,,,,,,,,,,,,,,,,,,,Stuart Fairchild,20321,656413,OF,Stuart Fairchild,-0.7276674129060124,-0.7466165199720637,-1.1856756779783837,-0.9897371581557698,-1.1693004145911954,-0.4709856152382721,-0.0839497684345986,-4.16814961597559,4.93721430821242,-9.10536392418801,0.0,0.0,False,7,OF,OF 7
Akil Baddoo,MIL,8.51081,31.3133,27.8698,5.94463,3.71725,1.53269,0.087893,0.606803,3.89754,3.47892,3.23419,0.0656201,8.91228,0.0776336,0.0893526,0.0423908,0.261492,0.900699,0.204253,0.2133,0.103285,0.284616,0.362891,0.296008,0.339921,0.282695,0.635929,0.126621,5.5437,0.28947,0.0148795,0.0505244,2.92806,-0.77185,79.9951,0.0654039,-0.0580682,-0.6770322173833847,-0.4520870447158813,-0.00893368,999.0,2.13319,-0.0978989,1.9648,2.13319,0.0978989,2.38027,31.7,3.522222222,31.7,3.522222222,,,,,,,,,,,,,,,,,,,Akil Baddoo,22168,668731,OF,Akil Baddoo,-0.8868613255437223,-0.6260404294613758,-1.1643766184297542,-0.9794411416045954,-1.1394289475669506,-0.49763700652161624,-0.07039215939923947,-4.138681084264308,4.93721430821242,-9.075895392476728,0.0,0.0,False,7,OF,OF 7
Will Wagner,SDP,22.9811,82.9431,75.1084,18.2507,13.2832,3.89668,0.0521741,1.0186,8.3769,7.76666,7.08985,0.0565825,15.1185,0.332403,0.192442,0.220013,1.77211,0.390296,0.147587,0.242992,0.0854786,0.182276,0.468952,0.310348,0.336947,0.288642,0.647295,0.0939553,2.51964,0.291261,-0.0274688,-0.118698,8.15634,-1.64402,82.9903,-0.146166,-0.524716,-1.813646525144577,-1.1157938241958618,-0.0125117,999.0,3.29093,0.425812,1.81832,3.29093,-0.425812,2.57558,67.8,2.947826086,67.8,2.947826086,,,,,,,,,,,,,,,,,,,Will Wagner,29634,695238,2B,Will Wagner,-0.1599500343904377,-0.46886045165279894,-1.0019223285173628,-0.9335645499110691,-0.9822800278725404,-0.5503552848106309,-0.05271879913113375,-3.8695313983340838,4.290443792376481,-8.159975190710565,0.0,0.0,False,7,2B,2B 7
Cavan Biggio,HOU,7.36451,22.0815,19.3813,3.99683,3.11659,0.551378,0.0355252,0.293336,2.67364,2.25381,2.35284,0.0107312,6.43933,0.219862,0.0649279,0.0625755,0.2415,0.214965,0.0537737,0.206221,0.106552,0.291616,0.365385,0.298358,0.283741,0.26684,0.582098,0.0775199,4.21388,0.291302,-0.0262311,-0.0165163,1.78054,-0.828556,68.9349,-0.0427473,-0.172054,-0.8512351587414742,-0.0584040135145187,-0.015309,999.0,2.46823,-0.0396648,2.00033,2.46823,0.0396648,2.3329,12.3,1.757142857,12.3,1.757142857,,,,,,,,,,,,,,,,,,,Cavan Biggio,19252,624415,2B,Cavan Biggio,-0.7539439886674826,-0.3895794072604566,-1.2087641660757964,-1.0143631968123665,-1.1843301572967426,-0.5684647952380601,-0.043804416526474224,-4.35455490673314,4.290443792376481,-8.644998699109621,0.0,0.0,False,7,2B,2B 7
Kevin Newman,KCR,8.30365,25.9232,24.1979,5.7989,4.81208,0.796885,0.0336756,0.156265,3.07823,2.7234,1.37439,0.0309,4.62384,0.0819601,0.0870305,0.1819,0.573398,0.188649,0.0917762,0.239645,0.0530179,0.178367,0.29724,0.281853,0.294734,0.256853,0.576587,0.0550887,3.71813,0.289295,0.0546114,-0.0410323,1.88013,-1.18289,61.1531,0.0135791,0.0140489,-1.17664604075253,0.1421915767714381,-0.0160736,999.0,2.0052,0.117148,2.00714,2.0052,-0.117148,2.32381,15.5,1.9375,15.5,1.9375,,,,,,,,,,,,,,,,,,,Kevin Newman,17696,621028,2B/SS,Kevin Newman,-0.13252195681076048,-0.885220153938739,-1.1940907794411757,-1.0296337070395498,-1.1671193280022196,-0.5711829105537103,-0.09953439945258338,-4.090113999830721,4.290443792376481,-8.380557792207203,0.0,0.0,False,7,2B,2B 7
Donovan Solano,,7.1321,20.711,18.9552,4.65861,3.42167,0.835784,0.0488119,0.352339,1.97319,2.0311,1.25082,0.00499003,4.61317,0.340993,0.144307,0.0196907,0.519505,0.0497078,0.0163387,0.245769,0.0603938,0.22274,0.27114,0.302079,0.350776,0.288529,0.652856,0.105007,2.61323,0.304675,-0.0602952,-0.0298138,2.03475,-0.412415,82.9127,-0.090109,0.00858999,-0.5083824172616005,-0.3719029081985354,-0.0183483,999.0,0.51232,-1.10039,2.04359,0.51232,1.10039,2.27522,14.9,2.128571428,14.9,2.128571428,,,,,,,,,,,,,,,,,,,Donovan Solano,8623,456781,1B/3B/DH,Donovan Solano,0.012271801973170756,-0.2883343238840128,-1.234167595889237,-1.0077899178917014,-1.1924926475375552,-0.5855338074869368,-0.032420391290986166,-3.9273466101669126,4.432236963281538,-8.35958357344845,0.0,0.0,False,7,1B,1B 7
Christian Franklin,WSN,5.36842,21.0376,18.6597,4.24157,3.40856,0.570653,0.03284,0.229518,2.59236,1.72115,2.14528,0.00945855,5.31269,0.138526,0.0535456,0.0405519,0.381565,0.225603,0.10525,0.227312,0.101974,0.252534,0.403804,0.310777,0.298315,0.277248,0.609092,0.0710027,4.01509,0.304613,0.0256574,-0.035498,1.87415,-0.611598,75.5293,-0.00984059,-0.0177839,-0.6199911069124937,-0.2663218714296818,-0.0190698,999.0,1.7658,-0.110802,2.02606,1.7658,0.110802,2.29859,12.3,2.46,12.3,2.46,,,,,,,,,,,,,,,,,,,Christian Franklin,sa3017510,681047,DH,Christian Franklin,-0.3323215908303424,-0.10989613776686259,-1.2117119721650766,-1.0214728948643133,-1.2038525498775483,-0.5673660222205849,-0.012356752188833215,-5.276973349827258,0.0,-5.276973349827258,0.0,0.0,False,7,DH,DH 7
Tirso Ornelas,SDP,31.6238,93.3457,84.8023,19.5102,13.1698,4.20553,0.132161,2.00272,9.61479,9.41184,7.31493,0.15465,19.2264,0.58317,0.535933,0.10938,2.58546,1.04294,0.271245,0.230067,0.0783638,0.20597,0.380462,0.293966,0.353625,0.285215,0.647591,0.123558,3.58716,0.273089,-0.047908,-0.0405537,8.91959,-2.10992,80.6363,-0.0884617,-0.111516,-2.22479011118412,-1.1404597088694572,-0.0210792,999.0,2.21657,0.400739,1.73805,2.21657,-0.400739,2.6826,83.3,2.603125,83.3,2.603125,,,,,,,,,,,,,,,,,,,Tirso Ornelas,22566,672359,OF,Tirso Ornelas,-1.2766637862389472,-2.056853488202161,-0.9570274013537389,-0.82392783226273,-0.9219829343680721,-0.48294528131210984,-0.23127317628188948,-3.6372579650694385,4.93721430821242,-8.57447227328186,0.0,0.0,False,7,OF,OF 7
A.J. Vukovich,ARI,6.30509,24.9035,23.1658,5.36274,3.63424,1.21364,0.0418602,0.472998,2.98095,3.01141,1.56446,0.0458362,7.61143,0.0863684,0.0642567,0.0226219,0.39939,0.102271,0.0481847,0.231494,0.0628211,0.305637,0.205541,0.281886,0.348751,0.276575,0.630637,0.117257,3.48249,0.322849,0.00735685,-0.0338661,2.20495,-0.737593,74.064,-0.0265092,0.045536,-0.7920322753489017,-0.2463664971292019,-0.0214706,999.0,1.9675,-0.0205384,1.99679,1.9675,0.0205384,2.33761,13.9,2.316666666,13.9,2.316666666,,,,,,,,,,,,,,,,,,,A.J. Vukovich,sa3014525,691021,DH,A.J. Vukovich,-0.3156940049397481,-0.8495778305164402,-1.1976188623196844,-0.9943478003504149,-1.1565635432855186,-0.5801046830394686,-0.09552676672851097,-5.300040755183923,0.0,-5.300040755183923,0.0,0.0,False,7,DH,DH 7
Carlos Santana,ARI,82.7424,339.197,300.004,66.4698,43.9415,12.92,0.223175,9.38517,36.1823,38.8992,34.8859,0.589983,62.6036,1.933,2.18396,0.189312,5.51759,3.25978,0.598582,0.221563,0.102849,0.184565,0.55725,0.30468,0.359967,0.29412,0.664647,0.138404,3.15659,0.247979,-0.752485,-0.122432,34.8642,-5.21451,86.0829,-0.874916,1.4573,-6.469843804836273,-5.027295827865601,-0.0216892,999.0,2.14535,2.38127,0.608396,2.14535,-2.38127,4.18881,305.8,3.684337349,305.8,3.684337349,,,,,,,,,,,,,,,,,,,Carlos Santana,2396,467793,1B,Carlos Santana,-7.067670982059043,-3.8399801542763923,0.006504436183399338,-0.0014797708444269175,0.15875115133678835,-0.2539732963468584,-0.43176843281879745,-0.44608641273147853,5.94346703347981,-6.389553446211289,0.0,0.0,False,7,1B,1B 7
Ji Hwan Bae,NYM,9.6341,25.1718,22.6329,5.23247,3.82784,1.08475,0.0724976,0.24739,2.90396,1.8349,2.15539,0.0479808,6.89105,0.159737,0.145604,0.0781789,0.323999,1.76123,0.322078,0.231189,0.0856272,0.273761,0.312781,0.300778,0.318315,0.276585,0.619093,0.0871261,6.52721,0.318738,-0.114226,0.180113,2.2289,-0.745337,74.708,0.0658872,-0.108017,-0.6865698471665382,-0.385483555495739,-0.0225222,999.0,1.63008,3.00959,2.04888,1.63008,-3.00959,2.26816,17.7,1.77,17.7,1.77,,,,,,,,,,,,,,,,,,,Ji Hwan Bae,23818,678225,OF,Ji Hwan Bae,-0.3153348971769127,-0.38318518477298985,-1.2004110816948532,-1.0194818496484745,-1.1996835261925212,-0.40875486293248364,-0.04308544837778896,-4.111703280185411,4.93721430821242,-9.048917588397831,0.0,0.0,False,7,OF,OF 7
Juan Yepez,TOR,8.84506,26.2414,24.0733,5.59157,3.81192,1.14074,0.0296502,0.609265,2.50985,2.70352,1.68952,0.0311701,4.53084,0.200243,0.220919,0.0574409,0.5188,0.0977815,0.0398563,0.232273,0.0643835,0.17266,0.372892,0.285722,0.358049,0.28186,0.64377,0.125776,2.55026,0.260117,-0.0169406,-0.0342004,2.436,-0.66463,79.3102,-0.051141,0.0479114,-0.6910466775298119,-0.4341840073466301,-0.0227179,999.0,1.01552,-1.06112,2.01067,1.01552,1.06112,2.3191,27.9,3.1,27.9,3.1,,,,,,,,,,,,,,,,,,,Juan Yepez,18400,660766,1B,Juan Yepez,-0.3093079414015478,-0.7945580061323808,-1.2147043870325291,-0.9791668604205422,-1.1678479450647106,-0.5805683925207579,-0.08934032242571549,-4.203857703861916,5.94346703347981,-10.147324737341727,0.0,0.0,False,7,1B,1B 7
Chadwick Tromp,ATL,14.4281,44.9951,41.7324,8.47829,5.95479,1.68041,0.025713,0.817379,3.78868,4.10545,2.68635,0.00127462,11.876,0.225946,0.298662,0.0517252,1.05282,0.116137,0.0394226,0.203159,0.0597031,0.263941,0.226199,0.253443,0.303416,0.246634,0.556859,0.100257,2.15525,0.261129,-0.0027637,-0.051446,2.89003,-2.42648,54.0664,-0.0542097,-0.0452977,-2.5037798769772053,0.7813314162194729,-0.0230665,999.0,0.762945,-0.900577,1.9062,0.762945,0.900577,2.45839,27.0,1.928571428,27.0,1.928571428,,,,,,,,,,,,,,,,,,,Chadwick Tromp,16953,644433,C,Chadwick Tromp,-1.7511995558193865,-2.81479430185086,-1.168324676634467,-0.9559817449298842,-1.1164661483636082,-0.5786724977922121,-0.3164962514360818,-4.257335066119942,3.475655594645327,-7.732990660765269,0.0,0.0,False,7,C,C 7
Sterlin Thompson,COL,6.5993,26.4017,24.2582,6.03903,4.09553,1.42109,0.0697268,0.452678,3.31296,2.99949,1.82663,0.0226635,6.22755,0.221622,0.0700056,0.025171,0.431215,0.216382,0.0917483,0.248947,0.0691861,0.235877,0.293314,0.306609,0.36926,0.297234,0.675869,0.120313,4.17835,0.316542,0.0201144,-0.0347057,2.78043,-0.339128,75.5473,-0.0145913,-0.0228742,-0.7797512318938971,-0.3283974658697843,-0.0235072,999.0,2.09788,0.0741503,2.00787,2.09788,-0.0741503,2.32283,18.5,2.642857142,18.5,2.642857142,,,,,,,,,,,,,,,,,,,Sterlin Thompson,sa3019999,694514,DH,Sterlin Thompson,0.09279758126295144,-0.24795938928480146,-1.1855777562702015,-0.9966115670685125,-1.157000420316952,-0.5683184367716415,-0.02788062245451206,-5.223833300618991,0.0,-5.223833300618991,0.0,0.0,False,7,DH,DH 7
Manuel Margot,,12.7854,47.335,43.7592,10.6446,7.97474,2.0747,0.0506679,0.544453,4.62643,4.46306,2.90363,0.0167588,9.4301,0.261729,0.357114,0.0533925,0.821073,0.228573,0.139491,0.243253,0.0613421,0.19922,0.307911,0.292078,0.330307,0.275239,0.622385,0.0870537,2.77154,0.295829,0.0471624,-0.084842,4.13967,-1.45333,73.7832,-0.0376796,-0.528272,-1.50440039858222,-0.3309668004512787,-0.0238742,999.0,2.30441,-0.0371994,1.94863,2.30441,0.0371994,2.40182,41.8,3.215384615,41.8,3.215384615,,,,,,,,,,,,,,,,,,,Manuel Margot,14712,622534,OF,Manuel Margot,-0.0817679667268643,-1.1323855644939758,-1.1379417466234596,-0.9863872958798604,-1.1033594709130357,-0.5670592581801728,-0.12732574671868918,-4.206614176197325,4.93721430821242,-9.143828484409745,0.0,0.0,False,7,OF,OF 7
Tristan Peters,CHW,8.28674,30.0532,27.3513,6.05139,4.30485,1.29019,0.0709498,0.3854,2.9065,2.73387,2.4687,0.0438128,7.42812,0.120521,0.0875041,0.0251123,0.34648,0.208363,0.0961322,0.221246,0.0821442,0.247166,0.332344,0.287751,0.315877,0.269318,0.603628,0.094631,3.30636,0.288708,0.00532414,-0.0429184,2.48381,-1.0672,69.7158,-0.0375942,0.0675919,-1.1132959499955175,-0.1455445289611816,-0.0247301,999.0,1.91507,-0.219911,1.99018,1.91507,0.219911,2.34643,15.5,1.9375,15.5,1.9375,,,,,,,,,,,,,,,,,,,Tristan Peters,30063,671976,DH,Tristan Peters,-0.6530284017647764,-0.8489967792002616,-1.200318962754563,-1.0041067293352532,-1.1667355945694087,-0.5691466996807537,-0.09546143315747822,-5.300399483218308,0.0,-5.300399483218308,0.0,0.0,False,7,DH,DH 7
Nick Allen,HOU,36.9429,134.639,121.443,27.0484,20.9102,5.04298,0.0851007,1.01008,12.882,9.28866,9.41449,0.0458114,27.4942,0.921159,0.94441,1.91599,2.21181,2.78262,0.9899,0.222724,0.0699238,0.204206,0.342418,0.281669,0.290603,0.257023,0.572272,0.0678787,3.96137,0.277347,0.0414594,-0.0548303,9.78355,-6.12513,62.1726,-0.0133709,0.22493,-6.016138473525643,1.1117624193429947,-0.027656,999.0,2.35734,0.196123,1.65339,2.35734,-0.196123,2.79549,87.0,2.351351351,87.0,2.351351351,,,,,,,,,,,,,,,,,,,Nick Allen,22277,669397,SS,Nick Allen,-2.7200304202374115,-4.6223987266819355,-0.8385345183203002,-0.9345137276885391,-0.9264975746979329,-0.3032579864219289,-0.5197437939517571,-3.708706297872585,6.2323935944793165,-9.941099892351902,0.0,0.0,False,7,SS,SS 7
Trey Lipscomb,WSN,7.39711,22.8313,21.4368,4.93115,3.61304,1.11721,0.0243294,0.17656,1.85138,1.82435,1.22748,0.0497398,4.85184,0.0762447,0.0584291,0.0323227,0.385075,0.326935,0.120502,0.230031,0.0537629,0.212508,0.252992,0.273471,0.309127,0.257352,0.582598,0.0790952,3.5504,0.288737,-0.00560135,-0.0160913,1.66513,-1.03256,61.8995,-0.0216926,-0.0930986,-1.0526847671717403,0.0210543051362037,-0.0278318,999.0,1.93092,0.00655132,2.04062,1.93092,-0.00655132,2.27918,12.9,1.842857142,12.9,1.842857142,,,,,,,,,,,,,,,,,,,Trey Lipscomb,31567,702358,3B,Trey Lipscomb,-0.32349394168382306,-0.9710105390520711,-1.238585315620232,-1.0273727254675127,-1.2000701916859455,-0.5568996876269746,-0.10918069413201117,-4.40636812581496,4.432236963281538,-8.838605089096497,0.0,0.0,False,7,3B,3B 7
Luis Matos,SFG,47.6152,182.273,168.57,40.9572,26.6274,8.52377,0.250052,5.55593,20.9306,21.1426,10.4199,0.254105,26.7149,1.66653,1.35334,0.263793,3.10842,3.22661,0.627514,0.242969,0.0571665,0.146565,0.390041,0.291433,0.395379,0.297743,0.686812,0.15241,4.33351,0.257179,-0.114036,0.134446,19.2709,-2.26604,89.242,0.0204097,-2.29052,-2.2971893455833197,-4.149143695831299,-0.0283841,999.0,3.43134,0.977168,1.40037,3.43134,-0.977168,3.13284,182.0,3.791666666,182.0,3.791666666,,,,,,,,,,,,,,,,,,,Luis Matos,26467,682641,OF,Luis Matos,-0.3628619545339852,-4.478045941279929,-0.5466335329588038,-0.42807947889601183,-0.4920416923164557,-0.25739934456923685,-0.5035127267529742,-2.4662497246806705,4.93721430821242,-7.4034640328930905,0.0,0.0,False,7,OF,OF 7
Petey Halpin,CLE,17.2916,41.8171,38.5393,8.23741,5.7394,1.56559,0.0882339,0.844184,4.56054,3.53628,3.00485,0.0167643,12.4478,0.126433,0.10713,0.0393017,0.416389,0.717977,0.129773,0.21374,0.0718571,0.297673,0.241396,0.272123,0.324656,0.264404,0.596779,0.110916,4.69137,0.291594,-0.0434241,0.0320004,3.28923,-1.65178,67.8663,-0.0114237,0.130978,-1.595176046714187,-0.1358674615621566,-0.0298515,999.0,1.48603,-0.347705,1.93231,1.48603,0.347705,2.42358,31.9,1.876470588,31.9,1.876470588,,,,,,,,,,,,,,,,,,,Petey Halpin,27931,690984,DH,Petey Halpin,-1.2094244790757576,-1.8348421970997895,-1.140331398976101,-0.9529955113236536,-1.1373266601069665,-0.5165099152731818,-0.20631016517866865,-5.156949639935326,0.0,-5.156949639935326,0.0,0.0,False,7,DH,DH 7
Nicky Lopez,COL,10.9127,31.4942,28.5311,7.10762,6.19367,0.790369,0.0924782,0.0311052,3.75823,2.73761,2.55961,0.0243,4.7534,0.153255,0.0731493,0.177099,0.738982,0.331863,0.188379,0.249119,0.0812726,0.150929,0.538481,0.313582,0.286574,0.272541,0.600156,0.0374553,3.91936,0.297086,0.0763838,-0.0694095,2.68531,-1.03597,58.6313,0.00697423,0.0269402,-1.537200917489827,0.195346400141716,-0.0300835,999.0,1.94113,-0.327802,2.00458,1.94113,0.327802,2.32723,22.1,2.009090909,22.1,2.009090909,,,,,,,,,,,,,,,,,,,Nicky Lopez,19339,670032,2B/SS,Nicky Lopez,0.1140505284454262,-0.07617805551828738,-1.1694290158989675,-1.0435772399964274,-1.1665985207357208,-0.5563906865525132,-0.008565481675648473,-3.9604144334335256,4.290443792376481,-8.250858225810006,0.0,0.0,False,7,2B,2B 7
Jared Young,NYM,11.9365,36.9437,33.1285,7.4577,5.41985,1.07451,0.0313568,0.931979,4.60953,4.26073,3.29639,0.033292,9.53873,0.304541,0.160747,0.05346,0.570562,0.272654,0.123498,0.225114,0.0892276,0.258196,0.34558,0.299772,0.343839,0.286312,0.64361,0.118724,3.4912,0.285983,0.00927562,-0.0553763,3.56303,-0.802147,81.3898,-0.0461007,-0.137663,-0.8586973585188389,-0.6902785301208496,-0.0305549,999.0,2.52198,0.0466343,1.93405,2.52198,-0.0466343,2.42127,27.5,2.291666666,27.5,2.291666666,,,,,,,,,,,,,,,,,,,Jared Young,20404,676724,1B,Jared Young,-0.6628214174541973,-0.5995517831431948,-1.1385546639820823,-0.9432146353878572,-1.1107750187125223,-0.5625062394376144,-0.06741376866574682,-4.144658146339402,5.94346703347981,-10.088125179819212,0.0,0.0,False,7,1B,1B 7
Eloy Jiménez,TOR,7.14971,27.4398,25.3221,6.12485,4.1927,1.27848,0.00429202,0.649368,2.54744,3.28653,1.91396,0.0403975,5.58116,0.105309,0.0825074,0.0159566,0.666281,0.0441655,0.0206876,0.241877,0.0697511,0.203396,0.342932,0.296971,0.369638,0.292207,0.66661,0.127761,1.70392,0.285566,0.00118256,-0.0403816,2.77777,-0.464462,86.438,-0.039199,0.0,-0.4778075292706489,-0.7723455429077148,-0.0312788,999.0,2.82605,0.295325,2.00891,2.82605,-0.295325,2.32145,26.9,3.842857142,26.9,3.842857142,,,,,,,,,,,,,,,,,,,Eloy Jimenez,17484,650391,OF,Eloy Jimenez,-0.08215981114331701,-0.5221738054596561,-1.2133410992508356,-0.97469915192173,-1.1464801868351915,-0.5861062581068611,-0.058713367409270745,-4.3447106149847885,4.93721430821242,-9.28192492319721,0.0,0.0,False,7,OF,OF 7
Garrett Hampson,CIN,18.1955,55.5497,50.0414,10.8306,8.03204,2.22393,0.131711,0.442946,5.78264,4.13366,4.5054,0.0217392,15.2685,0.175942,0.159591,0.667404,0.779788,1.88394,0.299612,0.216433,0.0811056,0.274862,0.295077,0.28264,0.292694,0.259026,0.575335,0.0762607,5.42334,0.301184,-0.0854229,0.170306,4.12687,-2.43676,58.1464,0.084883,0.0471377,-2.6706697195768356,0.515129990875721,-0.0314495,999.0,1.93043,-0.258479,1.91236,1.93043,0.258479,2.45019,36.2,2.011111111,36.2,2.011111111,,,,,,,,,,,,,,,,,,,Garrett Hampson,19262,641658,2B/OF,Garrett Hampson,-1.4356171655415852,-1.8531822281430654,-1.096009132468847,-0.9976957687270032,-1.1154322304897215,-0.39608044697324174,-0.2083723233522167,-3.799473535634691,4.290443792376481,-8.089917328011172,0.0,0.0,False,7,2B,2B 7
Brock Wilken,MIL,12.53,47.8692,42.1833,8.28969,5.1882,1.54222,0.0375096,1.52175,4.82567,5.56767,5.34231,0.0153884,15.7351,0.178662,0.126329,0.0385527,0.568054,0.0798885,0.0383937,0.196516,0.111602,0.328711,0.339515,0.288741,0.343079,0.281945,0.63182,0.146563,2.0672,0.270147,0.0158103,-0.0703421,4.44701,-1.2091,79.4811,-0.0545318,-0.876359,-1.218668170273304,-0.6829946339130402,-0.0316191,999.0,1.53396,-0.0524928,1.85384,1.53396,0.0524928,2.52821,42.4,3.261538461,42.4,3.261538461,,,,,,,,,,,,,,,,,,,Brock Wilken,sa3022499,694385,3B,Brock Wilken,-2.050344149171184,-1.3049046426958693,-1.1307158499055927,-0.8775107002943945,-1.0628746774825473,-0.5824165167547952,-0.14672383968633682,-4.003992795813047,4.432236963281538,-8.436229759094584,0.0,0.0,False,7,3B,3B 7
Heston Kjerstad,BAL,13.8195,51.3532,46.689,10.7341,7.37177,1.86949,0.0777769,1.41503,5.62674,5.46759,3.26648,0.130455,13.6256,1.21459,0.15293,0.0301753,0.927415,0.127336,0.0703134,0.229905,0.0636081,0.26533,0.239732,0.296458,0.364201,0.291006,0.660659,0.134296,2.86372,0.293039,0.0155311,-0.0807147,5.14848,-0.919304,86.4515,-0.0651836,-0.55605,-0.8852175995707512,-1.195839762687683,-0.0320814,999.0,2.27296,0.486001,1.88845,2.27296,-0.486001,2.48207,41.8,2.985714285,41.8,2.985714285,,,,,,,,,,,,,,,,,,,Heston Kjerstad,31166,677008,OF/DH,Heston Kjerstad,-0.710447331244926,-1.0035851287252993,-1.1016632044338914,-0.8893999317981042,-1.066542685310218,-0.5775157804559921,-0.11284339002309854,-4.025196401831437,4.93721430821242,-8.962410710043857,0.0,0.0,False,7,OF,OF 7
Junior Perez,ATH,12.0934,47.707,43.0526,8.82186,5.04346,2.32803,0.0562179,1.39416,5.49323,4.81764,4.2825,0.0458816,16.2806,0.1126,0.122723,0.136619,0.44792,1.56633,0.249634,0.204909,0.0897666,0.341262,0.263043,0.27784,0.358742,0.279967,0.636582,0.153834,5.19238,0.291276,-0.083002,0.149028,4.35534,-1.28161,77.0312,0.0660263,-0.541352,-1.229080505669117,-0.7279791682958603,-0.0350367,999.0,1.96601,0.870341,1.8931,1.96601,-0.870341,2.47586,38.4,3.2,38.4,3.2,,,,,,,,,,,,,,,,,,,Junior Perez,sa3005744,678577,DH,Junior Perez,-1.7312565160271087,-1.8205371107304142,-1.1065052515670095,-0.8917249717295361,-1.090363845258205,-0.42888560753729393,-0.20470169730256146,-4.971256710144337,0.0,-4.971256710144337,0.0,0.0,False,7,DH,DH 7
Justin Dean,CHC,15.1854,25.0855,22.7781,4.63847,3.86098,0.578489,0.0417501,0.15725,2.96791,2.14003,2.0761,0.000610076,8.3649,0.142305,0.0584046,0.0306144,0.307566,1.86265,0.215235,0.203637,0.0827607,0.333456,0.248191,0.273674,0.253411,0.241702,0.527085,0.0497732,6.86005,0.313058,-0.186379,0.244257,1.5108,-1.45325,50.7454,0.0578775,-0.0279471,-1.402465034276247,0.2063954677432775,-0.0355094,999.0,1.745,-0.552367,2.02209,1.745,0.552367,2.30388,17.7,1.18,17.7,1.18,,,,,,,,,,,,,,,,,,,Justin Dean,25005,681909,DH,Justin Dean,-0.9449401203228005,-1.0617888494493222,-1.1980917879029056,-1.0295239722847602,-1.1885002805045,-0.39827943903397234,-0.11938783251279418,-5.186240734768293,0.0,-5.186240734768293,0.0,0.0,False,7,DH,DH 7
Juan Brito,CLE,28.4668,113.572,100.242,22.8072,15.1778,5.15804,0.140115,2.33127,12.2412,11.45,10.8497,0.32,23.5314,1.09633,1.03984,0.343422,1.58518,1.67537,0.725056,0.22752,0.095532,0.207194,0.461075,0.306931,0.35154,0.291344,0.658471,0.12402,3.69751,0.271493,0.0130872,-0.138798,11.4174,-2.00194,86.4245,-0.125711,-2.75838,-1.94288931787014,-2.319082111120224,-0.0361182,999.0,3.14316,0.577043,1.64712,3.14316,-0.577043,2.80384,99.1,3.539285714,99.1,3.539285714,,,,,,,,,,,,,,,,,,,Juan Brito,sa3009808,682877,2B,Juan Brito,-1.764418500477283,-1.0300749093028367,-0.8617746037288988,-0.7873254427336464,-0.847282826114223,-0.4176231324643924,-0.1158219082930276,-3.328945338941854,4.290443792376481,-7.619389131318335,0.0,0.0,False,7,2B,2B 7
Niko Kavadas,LAA,7.56787,22.699,19.8905,3.64836,2.0911,0.742973,0.040033,0.77425,2.15967,2.41339,2.34969,0.042746,8.83138,0.332008,0.109081,0.0177635,0.188881,0.0701465,0.0171697,0.183422,0.103515,0.389064,0.266061,0.279087,0.341578,0.276134,0.620665,0.158156,2.64091,0.276518,-0.0157461,-0.0242282,2.00163,-0.680433,73.5841,-0.0399744,0.0263456,-0.7466899417340755,-0.3906703926622867,-0.0364332,999.0,0.961809,-1.96991,1.98836,0.961809,1.96991,2.34885,20.7,2.5875,20.7,2.5875,,,,,,,,,,,,,,,,,,,Niko Kavadas,29782,694359,1B,Niko Kavadas,-1.227235678167249,-0.8379062629970168,-1.2274044699107798,-0.9607865675078779,-1.178481429387673,-0.5834227441223687,-0.09421441244178683,-4.216364018907763,5.94346703347981,-10.159831052387574,0.0,0.0,False,7,1B,1B 7
James Triantos,CHC,8.51158,28.4355,26.6728,6.71534,5.5212,0.920296,0.0458394,0.228008,3.61237,3.13819,1.52781,0.0341847,4.56903,0.118994,0.0852648,0.0306565,0.481707,0.709776,0.196458,0.251767,0.0537288,0.16068,0.334383,0.294391,0.315353,0.270703,0.609744,0.0635854,4.98549,0.295402,0.0374852,0.014407,2.38209,-0.977788,70.667,0.0518921,-0.539029,-0.9339391738176346,-0.4076773524284363,-0.0388006,999.0,2.59041,-0.366659,2.01192,2.59041,0.366659,2.31743,23.0,2.555555555,23.0,2.555555555,,,,,,,,,,,,,,,,,,,James Triantos,sa3017295,701649,2B,James Triantos,0.17725171427961112,-0.6144853636699257,-1.174718964178771,-1.0216411176863767,-1.1519169602280437,-0.5173569765174305,-0.06909290459909775,-4.2729328978952115,4.290443792376481,-8.563376690271692,0.0,0.0,False,7,2B,2B 7
Alex Verdugo,SDP,24.1526,88.6046,80.9271,19.9483,15.5971,3.06352,0.0650295,1.22264,10.9427,9.88298,6.92073,0.0785693,14.0179,0.34473,0.308413,0.103601,1.6135,0.37077,0.140009,0.246497,0.0781081,0.158207,0.493708,0.307497,0.331283,0.284686,0.63878,0.0847863,2.91615,0.283744,-0.0200804,-0.133594,8.42846,-2.04086,80.2725,-0.153675,-0.187576,-2.219592869281769,-1.1642581671476364,-0.0393995,999.0,3.60167,-0.216101,1.7467,3.60167,0.216101,2.67106,70.1,2.920833333,70.1,2.920833333,,,,,,,,,,,,,,,,,,,Alex Verdugo,17027,657077,OF,Alex Verdugo,0.11130801067004077,-0.75347547270062,-0.9088676919047185,-0.9108333018224547,-0.9047152963991597,-0.5523720776231169,-0.08472099098039455,-3.7358398984326815,4.93721430821242,-8.673054206645102,0.0,0.0,False,7,OF,OF 7
Adrian Del Castillo,ARI,60.6766,228.569,206.398,47.6511,28.8485,10.8298,0.508473,7.46421,24.0574,27.1805,18.3671,0.469235,65.4454,1.81331,1.84056,0.149599,2.98252,0.683602,0.274774,0.230869,0.0803568,0.286327,0.280647,0.29696,0.396759,0.30144,0.693719,0.16589,2.6742,0.296956,-0.0597975,-0.296379,24.8517,-2.1555,91.097,-0.356177,-1.17676,-2.76802334189415,-5.234355330467224,-0.0407031,999.0,4.28482,0.41556,1.10666,4.28482,-0.41556,3.52445,228.1,3.739344262,228.1,3.739344262,,,,,,,,,,,,,,,,,,,Adrian Del Castillo,29554,680728,C,Adrian Del Castillo,-2.9417058972409413,-4.35213577738235,-0.43323294142383767,-0.21548593791120071,-0.27074808257732097,-0.5200604250001718,-0.4893553530276248,-2.2086202714536407,3.475655594645327,-5.684275866098968,0.0,0.0,False,7,C,C 7
Ben Gamel,ATL,18.871,79.7566,70.2458,15.5817,10.3453,3.26883,0.0883908,1.87915,8.86539,7.42926,8.51354,0.188045,23.4946,0.670862,0.198059,0.128374,1.03157,0.620624,0.216121,0.221816,0.106744,0.294579,0.362361,0.311021,0.35112,0.294955,0.662142,0.129304,3.22689,0.304027,-0.100932,-0.0920679,8.25177,-1.17209,87.1676,-0.193,-0.77415,-1.40602008998394,-1.6478092074394226,-0.0409565,999.0,2.05303,2.85584,1.76415,2.05303,-2.85584,2.6478,79.0,4.157894736,79.0,4.157894736,,,,,,,,,,,,,,,,,,,Ben Gamel,12160,592325,OF,Ben Gamel,-1.6371197549458454,-0.3971716243328882,-0.9842061154692255,-0.8376942522113189,-0.9946459935105909,-0.5265652686826846,-0.04465808751832383,-3.6097762218656517,4.93721430821242,-8.546990530078071,0.0,0.0,False,7,OF,OF 7
Jose Miranda,SDP,10.3073,39.5801,36.9912,8.50998,5.82012,1.9695,0.0441538,0.676211,3.37682,3.69335,2.19351,0.038316,7.93299,0.252519,0.120366,0.0225511,0.74301,0.0695894,0.0435659,0.230054,0.0554194,0.200429,0.276504,0.276964,0.340525,0.271303,0.617489,0.110471,2.05899,0.274847,0.0311499,-0.0582406,3.33499,-1.3417,71.0797,-0.0270907,-0.0513576,-1.3799892850220203,-0.3694853484630584,-0.0419392,999.0,2.29517,-0.161579,1.96542,2.29517,0.161579,2.37944,34.6,3.46,34.6,3.46,,,,,,,,,,,,,,,,,,,Jose Miranda,20538,669304,3B/DH,Jose Miranda,-0.5573682040986975,-1.5450803025994937,-1.1832617265351932,-0.9717086848934869,-1.1315699255996503,-0.5834802856196459,-0.17372925745192683,-4.336363771096885,4.432236963281538,-8.768600734378424,0.0,0.0,False,7,3B,3B 7
Jack Suwinski,LAD,34.9079,119.076,104.118,20.9139,12.1692,4.29744,0.346563,4.10067,14.6296,13.4703,12.7941,0.498236,37.0621,1.33102,0.655573,0.177049,1.2762,2.6715,0.626487,0.200867,0.107445,0.311248,0.345208,0.294697,0.366954,0.291265,0.66165,0.166086,5.13064,0.264314,-0.123019,0.107446,11.9631,-2.10661,84.7923,-0.0155734,-0.976646,-2.1558663304895163,-2.2892098426818848,-0.0424637,999.0,1.52488,-0.585178,1.49712,1.52488,0.585178,3.00384,107.7,3.077142857,107.7,3.077142857,,,,,,,,,,,,,,,,,,,Jack Suwinski,22244,669261,OF,Jack Suwinski,-4.607699314057599,-2.536770852327976,-0.7751537860168248,-0.5902039451449671,-0.7732373003923703,-0.31473529961067453,-0.2852352177159758,-2.858362429765388,4.93721430821242,-7.795576737977807,0.0,0.0,False,7,OF,OF 7
Luke Williams,ATL,13.6829,22.4368,20.5243,4.21917,2.91562,0.869243,0.0876049,0.346704,2.42839,1.8355,1.39682,0.0105365,6.45166,0.216067,0.221705,0.0778809,0.409185,1.4583,0.217555,0.205569,0.0622555,0.287548,0.216505,0.260838,0.307134,0.251509,0.567972,0.101565,7.12313,0.277642,-0.144648,0.172742,1.52992,-1.12116,57.4058,0.0280936,-0.31983,-1.10458155721426,-0.0725103318691253,-0.0440572,999.0,1.78457,-0.977674,2.03421,1.78457,0.977674,2.28772,9.2,0.657142857,9.2,0.657142857,,,,,,,,,,,,,,,,,,,Luke Williams,19931,663897,2B/3B/SS/OF/DH,Luke Williams,-0.8117892056762285,-1.2376766287981076,-1.2176587212356884,-1.0084176898137722,-1.1996615357379186,-0.44004376217894425,-0.1391647031710527,-3.5146811240624514,4.290443792376481,-7.805124916438932,0.0,0.0,False,7,2B,2B 7
Curtis Mead,CHW,25.4726,92.4309,84.0531,20.0972,13.7187,4.30417,0.103538,1.97077,10.1682,8.89595,6.04131,0.114261,20.0813,1.99733,0.290707,0.0484207,1.62884,1.62539,0.33336,0.239101,0.0653603,0.217258,0.300842,0.304558,0.363112,0.294948,0.66767,0.124012,4.30612,0.290992,-0.0845335,0.0456814,9.56258,-1.35884,87.3222,-0.0388521,-2.15202,-1.423840757459402,-2.1520159360107565,-0.0457947,999.0,2.97537,0.407111,1.77547,2.97537,-0.407111,2.6327,86.2,3.448,86.2,3.448,,,,,,,,,,,,,,,,,,,Curtis Mead,23986,678554,2B,Curtis Mead,-0.5060491826410172,-1.0576679637153532,-0.9369567152333074,-0.8274872489282428,-0.9408906937427425,-0.42278544449799127,-0.1189244789787402,-3.549796885985952,4.290443792376481,-7.8402406783624325,0.0,0.0,False,7,2B,2B 7
Austin Barnes,NYM,13.8703,45.6925,41.5301,8.64855,7.14614,1.01744,0.0396641,0.445303,5.29148,2.59798,3.47636,0.0118667,10.9945,0.194492,0.115243,0.376309,0.932358,0.318846,0.143158,0.208248,0.0760816,0.240619,0.316192,0.271854,0.266824,0.244696,0.538678,0.0585763,3.71317,0.271581,-0.017967,-0.0661881,2.86296,-2.53597,52.8023,-0.0841551,-0.460472,-2.633044958114624,0.6097668409347534,-0.0487874,999.0,2.61831,0.310362,1.91073,2.61831,-0.310362,2.45236,20.3,1.45,20.3,1.45,,,,,,,,,,,,,,,,,,,Austin Barnes,12158,605131,C,Austin Barnes,-1.5313638451325198,-2.0171774915145457,-1.1138221792061866,-0.9974331851564049,-1.1717160660292625,-0.5577351806649854,-0.22681199621790976,-4.388821493791403,3.475655594645327,-7.864477088436731,0.0,0.0,False,7,C,C 7
DaShawn Keirsey Jr.,ATL,13.9071,26.6745,24.5346,5.23611,3.71215,0.97327,0.0837854,0.466905,2.8446,2.23346,1.54011,0.0169357,7.57729,0.339278,0.124907,0.135663,0.3463,1.65123,0.297089,0.213417,0.057737,0.284064,0.203253,0.268116,0.317008,0.259273,0.585124,0.103591,6.60461,0.287037,-0.116976,0.171782,1.98703,-1.16478,62.7243,0.0548055,0.0521449,-1.1236603111028671,-0.241886667907238,-0.0489134,999.0,1.40045,2.96117,2.0244,1.40045,-2.96117,2.30081,15.7,1.121428571,15.7,1.121428571,,,,,,,,,,,,,,,,,,,DaShawn Keirsey Jr.,24496,680577,OF,DaShawn Keirsey Jr.,-0.7778594131805986,-1.2773029998248553,-1.2025639085828905,-0.9950265961483169,-1.1850760002153387,-0.42011649405885165,-0.14362030331197043,-4.159433710621876,4.93721430821242,-9.096648018834296,0.0,0.0,False,7,OF,OF 7
Zach Dezenzo,HOU,29.9072,114.301,103.841,23.6473,15.2884,5.02409,0.0642556,3.27062,13.3133,12.2005,8.5987,0.0256467,34.2136,0.937922,0.850238,0.0723258,1.89984,1.35539,0.307893,0.227725,0.0752288,0.29933,0.251324,0.290506,0.371834,0.290285,0.66234,0.144109,3.69855,0.303191,-0.0275036,-0.0187259,11.3924,-2.11311,85.0855,-0.0462294,-0.913207,-2.055462896823883,-2.363733947277069,-0.0496376,999.0,1.85164,0.392674,1.60676,1.85164,-0.392674,2.85765,105.0,3.5,105.0,3.5,,,,,,,,,,,,,,,,,,,Zach Dezenzo,31562,701305,1B/3B/DH,Zach Dezenzo,-1.8064792148605515,-2.9140807158306963,-0.8228924321206613,-0.6826763646507222,-0.8197764324824602,-0.45067308453543997,-0.3276600433417592,-3.0090058728554565,4.432236963281538,-7.441242836136994,0.0,0.0,False,7,1B,1B 7
Mickey Gasper,BOS,12.7718,38.0318,33.9511,7.84674,5.81474,1.21847,0.0328561,0.78067,4.48449,4.18464,3.48671,0.0554123,7.65081,0.349246,0.129426,0.115296,0.705852,0.191649,0.0712849,0.231119,0.0916789,0.201169,0.455731,0.308116,0.337925,0.288527,0.646041,0.106806,3.12068,0.27549,0.0101505,-0.0542075,3.73637,-0.75738,79.1033,-0.044057,-1.83011,-0.980751983821392,-0.8446399569511414,-0.052834,999.0,2.61765,0.31427,1.94277,2.61765,-0.31427,2.40965,32.1,2.469230769,32.1,2.469230769,,,,,,,,,,,,,,,,,,,Mickey Gasper,24759,681508,C,Mickey Gasper,-0.47540330479639775,-0.2998729972347732,-1.1430895270899024,-0.9600713419995026,-1.1135637748636757,-0.5708730478866275,-0.033717802920553465,-4.152701367480535,3.475655594645327,-7.628356962125862,0.0,0.0,False,7,C,C 7
Joey Meneses,ATH,15.5235,46.9794,43.5027,10.6605,7.36434,2.24899,0.0263928,1.02077,4.35771,4.91626,2.59227,0.117758,9.24549,0.406761,0.429995,0.0476702,1.08155,0.0636329,0.0363134,0.245054,0.0551788,0.196799,0.280382,0.291051,0.368358,0.2871,0.659409,0.123305,1.74118,0.28633,-0.0293795,-0.0697826,4.56099,-0.989989,81.9313,-0.0991621,-0.142327,-1.1024391204118729,-1.0054114311933515,-0.052984,999.0,1.27743,-0.868193,1.9479,1.27743,0.868193,2.4028,41.8,2.6125,41.8,2.6125,,,,,,,,,,,,,,,,,,,Joey Meneses,14366,608841,1B,Joey Meneses,-0.0029403109075788764,-1.1721264619174243,-1.1476874952985512,-0.9333227992330044,-1.0867493475367334,-0.5840955179451388,-0.13179422423939355,-4.058030180115178,5.94346703347981,-10.001497213594988,0.0,0.0,False,7,1B,1B 7
Wade Meckler,LAA,11.6647,34.6863,30.8858,6.83776,5.19396,1.33316,0.1353,0.175337,3.51228,2.73786,3.31971,0.0653633,8.12754,0.210508,0.186372,0.0839505,0.707809,0.455243,0.134583,0.221388,0.0957066,0.234315,0.408452,0.299632,0.290345,0.267139,0.589976,0.0689562,4.56512,0.292605,0.0212676,-0.0212281,2.80538,-1.29308,67.3879,3.94757e-05,0.0,-1.3332044904200302,-0.3823451101779938,-0.0533766,999.0,0.972552,-1.95529,1.9788,0.972552,1.95529,2.3616,20.1,1.675,20.1,1.675,,,,,,,,,,,,,,,,,,,Wade Meckler,31490,685133,OF,Wade Meckler,-0.7330308880472901,-0.5677729802976736,-1.1783489581683881,-1.0275089748127997,-1.1665893580463031,-0.5436470679309561,-0.0638405512661236,-4.138414250170148,4.93721430821242,-9.075628558382569,0.0,0.0,False,7,OF,OF 7
Matthew Lugo,LAA,15.5235,53.8519,50.5409,11.1266,6.96901,2.5525,0.101301,1.50379,5.8484,5.62172,2.8176,0.0317921,16.4914,0.309595,0.124776,0.0590628,0.826404,1.15868,0.240092,0.22015,0.0523212,0.306237,0.170852,0.264976,0.363925,0.273791,0.6289,0.143774,4.93013,0.294542,-0.0922031,0.0669718,4.6463,-1.71672,71.9701,-0.0252313,0.0547135,-1.80430905893445,-0.663966491818428,-0.0628996,999.0,1.90586,-0.24699,1.88068,1.90586,0.24699,2.49243,49.0,3.0625,49.0,3.0625,,,,,,,,,,,,,,,,,,,Matthew Lugo,25980,683090,DH,Matthew Lugo,-1.2620865905265084,-2.747782229726337,-1.0936241948651182,-0.8795115492243666,-1.060893704030453,-0.47099077961605673,-0.30896139547363016,-5.046552306220375,0.0,-5.046552306220375,0.0,0.0,False,7,DH,DH 7
Gustavo Campero,LAA,8.21317,25.6759,23.3484,5.53128,4.23193,0.776283,0.0700748,0.452992,3.27943,2.75293,1.79635,0.0487643,5.19203,0.423645,0.0653207,0.0421362,0.417527,0.71281,0.185847,0.236901,0.0699623,0.202214,0.345981,0.302385,0.334356,0.283545,0.636741,0.0974544,5.58376,0.285799,0.0260725,0.024183,2.41864,-0.615169,78.6895,0.0502555,-0.526384,-0.594642885029316,-0.9066231548786164,-0.0631824,999.0,2.01376,-0.0426444,2.01113,2.01376,0.0426444,2.31849,21.4,2.675,21.4,2.675,,,,,,,,,,,,,,,,,,,Gustavo Campero,22707,672569,OF,Gustavo Campero,-0.19193760392018308,-0.3495978251052151,-1.1867937988166282,-0.9965765856339908,-1.1660370311282078,-0.517043602073454,-0.03930887634781991,-4.186371950985571,4.93721430821242,-9.12358625919799,0.0,0.0,False,7,OF,OF 7
Lenyn Sosa,CHW,97.5497,393.81,370.819,91.6534,61.5913,16.3611,0.786784,12.9142,39.9239,46.2864,16.2842,0.444339,88.2523,2.52562,2.46758,1.71407,5.89914,2.08557,0.975749,0.247165,0.0413505,0.224099,0.184519,0.281725,0.400009,0.294053,0.681734,0.152844,3.0077,0.289355,-0.0183574,-0.510322,40.4562,-6.07554,86.7076,-0.528679,-1.15179,-6.7156073451042175,-7.247406601905823,-0.0649462,493.7000122070313,1.82223,-1.23814,0.687961,1.82223,1.23814,4.08272,376.5,3.841836734,376.5,3.841836734,,,,,,,,,,,,,,,,,,,Lenyn Sosa,22896,672820,2B/3B,Lenyn Sosa,0.7577355646457998,-13.498151354492924,0.14220216334446795,0.3916747892524289,0.4294976284008234,-0.3752545771186091,-1.5177358793872722,-0.47409377435758027,4.290443792376481,-4.764537566734061,0.0,0.0,False,7,2B,2B 7
Shay Whitcomb,HOU,8.76523,28.1777,26.0293,5.63856,3.14416,1.25141,0.00935352,1.23364,3.56735,3.28603,1.94971,0.0526361,8.38591,0.118988,0.0635253,0.0161779,0.32062,0.257697,0.114498,0.216624,0.0691934,0.297609,0.232498,0.273681,0.407603,0.294109,0.681283,0.190979,3.47891,0.267399,0.0323367,-0.0294157,2.89597,-0.433439,87.7199,0.00292097,-1.34579,-0.4049103374127298,-1.210526242852211,-0.0660537,999.0,2.3909,-0.17679,1.96843,2.3909,0.17679,2.37543,25.9,2.877777777,25.9,2.877777777,,,,,,,,,,,,,,,,,,,Shay Whitcomb,27789,694376,2B/3B,Shay Whitcomb,-0.7417722974965674,-1.1924745251748896,-1.1763517179944627,-0.9096078375557681,-1.1464985122140268,-0.5640511114081334,-0.13408216611164242,-3.998192086669227,4.290443792376481,-8.288635879045707,0.0,0.0,False,7,2B,2B 7
Yanquiel Fernández,NYY,22.8133,76.8288,70.9221,15.7296,10.2411,3.14306,0.123332,2.22207,7.32069,8.23403,4.89068,0.296954,18.5095,0.410071,0.522124,0.0838757,1.56716,0.35768,0.0746799,0.221787,0.0636568,0.240918,0.264226,0.274029,0.363576,0.276882,0.637605,0.141789,3.00228,0.266354,-0.0920521,-0.0596887,6.82149,-2.25642,74.9115,-0.151741,0.0,-2.4298954159021378,-0.8468783497810364,-0.0692201,999.0,1.51166,0.0146878,1.77826,1.51166,-0.0146878,2.62899,61.1,2.656521739,61.1,2.656521739,,,,,,,,,,,,,,,,,,,Yanquiel Fernandez,28552,692585,DH,Yanquiel Fernandez,-1.6549380657940826,-3.2246427462247107,-1.0402282127392979,-0.7994909607265727,-0.9651505632600461,-0.5537241117271547,-0.3625797241132646,-4.884022345693946,0.0,-4.884022345693946,0.0,0.0,False,7,DH,DH 7
Jhostynxon Garcia,PIT,72.6462,250.888,229.26,52.7561,34.1444,10.5104,1.45798,6.64336,28.3651,26.401,16.9606,0.171416,75.2003,2.45846,1.65285,0.556782,2.75657,4.13544,0.911075,0.230115,0.0676021,0.299736,0.225539,0.288318,0.375611,0.289886,0.66393,0.145496,5.27957,0.309339,-0.249872,0.10151,24.9249,-4.71952,82.2827,-0.148362,-1.05566,-5.416671738028526,-3.614026546478271,-0.069939,999.0,2.67534,-0.672192,1.0729,2.67534,0.672192,3.56946,233.0,3.191780821,233.0,3.191780821,,,,,,,,,,,,,,,,,,,Jhostynxon Garcia,28142,691373,DH,Jhostynxon Garcia,-3.440410630594184,-6.945281406772248,-0.27700429611388083,-0.306933423666636,-0.2993173481815303,-0.1635285153276274,-0.7809293663010293,-2.903640233518464,0.0,-2.903640233518464,0.0,0.0,False,7,DH,DH 7
Braden Montgomery,CHW,32.1825,127.332,115.463,25.8767,16.7447,5.79016,0.563754,2.77807,12.5785,11.8347,9.39273,0.324063,36.867,1.44074,0.872857,0.162652,1.93442,1.86423,0.55869,0.224111,0.0737654,0.289533,0.254774,0.28867,0.356204,0.282936,0.644875,0.132093,4.5469,0.30119,-0.0456225,-0.0358701,11.9315,-3.11377,79.0706,-0.0814926,-0.631271,-3.2312787994742393,-1.8232144713401792,-0.0762243,999.0,1.14016,-0.171591,1.61124,1.14016,0.171591,2.85168,112.9,3.528125,112.9,3.528125,,,,,,,,,,,,,,,,,,,Braden Montgomery,sa3038253,695731,OF,Braden Montgomery,-2.4259456560665433,-3.4800849588656813,-0.849541643665977,-0.7375493123376806,-0.8331832796383548,-0.3981162446959754,-0.39130171729985225,-3.272893514258146,4.93721430821242,-8.210107822470565,0.0,0.0,False,7,OF,OF 7
Abimelec Ortiz,WSN,53.051,210.454,189.957,42.2419,26.2902,8.27083,0.75695,6.92385,23.0333,24.5624,16.6101,0.316309,54.3991,2.10123,1.51947,0.266394,2.955,0.824798,0.494667,0.222376,0.0789252,0.258485,0.305338,0.289995,0.383236,0.293722,0.67323,0.160859,3.42659,0.271357,0.0271542,-0.332613,21.5633,-3.30342,86.8142,-0.305459,0.205737,-3.5943976044654846,-4.160601228475571,-0.0770569,999.0,2.73864,-1.59754,1.11922,2.73864,1.59754,3.50771,198.8,3.750943396,198.8,3.750943396,,,,,,,,,,,,,,,,,,,Abimelec Ortiz,sa3016926,694673,1B,Abimelec Ortiz,-4.32068387987769,-5.473023861782723,-0.4703742826643899,-0.2756851989245491,-0.36670343123464033,-0.5054766352863659,-0.6153883198979999,-2.369022647780058,5.94346703347981,-8.31248968125987,0.0,0.0,False,7,1B,1B 7
Matt Mervis,WSN,9.74687,35.6095,32.6394,6.69028,4.27082,1.23256,0.0245536,1.16234,3.68496,4.16637,2.61548,0.0725901,11.0625,0.227388,0.112103,0.0151066,0.369572,0.0896967,0.0504316,0.204976,0.0734491,0.310661,0.236428,0.267828,0.351078,0.271421,0.618905,0.146102,2.48017,0.269305,-0.013875,-0.0491964,3.00382,-1.20371,71.5372,-0.0630713,0.0663541,-1.2643341794610023,-0.6857194751501083,-0.0783016,999.0,1.53072,-0.0492836,1.92665,1.53072,0.0492836,2.43114,27.5,2.75,27.5,2.75,,,,,,,,,,,,,,,,,,,Matt Mervis,27845,670223,1B/DH,Matt Mervis,-1.310327942796527,-1.715409191073692,-1.1720863209206405,-0.9175510741207464,-1.114233384206317,-0.5814034517510348,-0.1928810848795691,-4.194344389045059,5.94346703347981,-10.13781142252487,0.0,0.0,False,7,1B,1B 7
Mark Canha,TEX,27.3811,102.684,89.441,20.3024,14.2931,4.14291,0.101896,1.76449,10.2797,9.09195,9.03053,0.119905,20.7965,2.85993,1.28796,0.0646049,1.8751,1.08616,0.236965,0.226992,0.0879448,0.202529,0.434234,0.313711,0.334774,0.290563,0.648485,0.107782,3.57849,0.271944,-0.177524,-0.0518721,10.2578,-1.87512,86.1075,-0.229396,-0.682962,-1.9107407331466677,-2.4201013445854187,-0.0815046,999.0,2.23331,0.0899142,1.71604,2.23331,-0.0899142,2.71195,91.3,3.381481481,91.3,3.381481481,,,,,,,,,,,,,,,,,,,Mark Canha,11445,592192,1B/OF/DH,Mark Canha,-1.6215285839708373,-0.23512544681270367,-0.9329129113583717,-0.8504680461038915,-0.9337071452393106,-0.47848119315500415,-0.0264375704059505,-3.1876947161466407,4.93721430821242,-8.124909024359061,0.0,0.0,False,7,1B,1B 7
Sebastián Rivero,LAA,7.64167,22.4421,21.2782,4.33844,3.39621,0.683801,0.0111499,0.247287,2.0853,2.37565,0.931364,0.00422838,5.24413,0.103008,0.0615053,0.0680192,0.26671,0.106354,0.0314922,0.203892,0.0415008,0.233674,0.177601,0.240136,0.271941,0.227534,0.512077,0.0680492,3.03394,0.258145,-0.0115726,-0.0208471,1.09343,-1.55827,40.1051,-0.0324197,-0.559215,-1.616675801575184,0.0304203033447265,-0.0832656,999.0,1.68045,-0.208779,2.00288,1.68045,0.208779,2.32949,7.3,0.9125,7.3,0.9125,,,,,,,,,,,,,,,,,,,Sebastian Rivero,21735,665861,C,Sebastian Rivero,-0.8772914440432048,-1.7025653458186811,-1.2301016689617121,-1.0194933244502444,-1.1798646289821604,-0.579682959949569,-0.1914369193593522,-4.448100813643697,3.475655594645327,-7.923756408289023,0.0,0.0,False,7,C,C 7
Nelson Velázquez,STL,28.2196,105.5,95.1316,21.1712,12.8237,4.21238,0.1384,3.99676,11.5198,12.1344,8.57103,0.226941,27.9927,0.889472,0.841322,0.0665591,1.44661,1.40232,0.496342,0.222547,0.0812421,0.265334,0.306189,0.290532,0.395775,0.298117,0.686307,0.173228,3.59851,0.26842,0.0973588,-0.0684123,11.1861,-1.27953,89.4991,0.0289465,-1.63208,-1.280422255396843,-3.1320910453796387,-0.0861411,999.0,1.78941,1.11848,1.63791,1.78941,-1.11848,2.81613,103.7,3.703571428,103.7,3.703571428,,,,,,,,,,,,,,,,,,,Nelson Velazquez,23359,676369,OF/DH,Nelson Velazquez,-2.1475567860390887,-2.686958013290681,-0.8879378334632356,-0.6017801262314595,-0.8221990475644849,-0.44582579954670865,-0.30212230371983345,-3.2201651117621397,4.93721430821242,-8.15737941997456,0.0,0.0,False,7,OF,OF 7
Paul DeJong,NYY,18.1474,68.8816,63.6104,13.2261,7.86144,2.6217,0.0260463,2.71689,7.30221,8.47285,4.18173,0.00159366,21.9088,0.743966,0.311929,0.0336306,0.85547,0.57974,0.181708,0.207923,0.060709,0.318064,0.19087,0.26365,0.378092,0.279225,0.641742,0.170168,3.1762,0.267432,-0.0800115,-0.0428706,6.24696,-1.89194,76.5216,-0.122882,-1.809,-2.0343025848269463,-1.155543565750122,-0.087845,999.0,3.05832,0.392183,1.75752,3.05832,-0.392183,2.65665,62.6,3.477777777,62.6,3.477777777,,,,,,,,,,,,,,,,,,,Paul DeJong,18015,657557,3B/SS,Paul DeJong,-2.3662171358401647,-3.6060066127951047,-1.0408984324308566,-0.7443651217773073,-0.9563976293131606,-0.5307880771096886,-0.4054603829675668,-3.766975613250117,4.432236963281538,-8.199212576531654,0.0,0.0,False,7,3B,3B 7
Bryan De La Cruz,PHI,12.0853,43.2907,40.4646,9.34175,6.24418,2.19557,0.0353806,0.866619,3.82625,5.09009,2.53123,0.0227829,12.5126,0.134002,0.138971,0.0218998,0.683969,0.259029,0.0780786,0.230862,0.0584705,0.289037,0.202294,0.277497,0.35112,0.275439,0.628617,0.120258,2.8286,0.311307,-0.0269036,-0.0388354,3.79299,-1.32215,72.6589,-0.065739,-0.283454,-1.4685700759291649,-0.8429598212242126,-0.0891384,999.0,4.028,2.80222,1.93868,4.028,-2.80222,2.4151,34.6,2.883333333,34.6,2.883333333,,,,,,,,,,,,,,,,,,,Bryan De La Cruz,19600,650559,OF/DH,Bryan De La Cruz,-0.5770085714835959,-1.666856295978322,-1.1669621141987598,-0.9504961212488248,-1.0803783463308583,-0.5639135323839487,-0.18742178389833947,-4.423585570446846,4.93721430821242,-9.360799878659266,0.0,0.0,False,7,OF,OF 7
Charlie Condon,COL,43.7447,172.262,154.402,37.0124,23.87,6.89762,1.01712,5.22765,18.8482,20.217,13.2001,0.0157423,49.0007,3.1846,1.28299,0.192479,2.57077,1.18776,0.407631,0.239714,0.0766276,0.284454,0.269385,0.310322,0.399134,0.310238,0.709456,0.15942,4.10019,0.313284,-0.0277677,-0.195024,19.9601,-0.394012,84.4552,-0.222791,0.468189,-3.396524727344513,-3.2072025537490845,-0.0892691,999.0,3.16243,-0.402014,1.40249,3.16243,0.402014,3.13001,176.1,4.002272727,176.1,4.002272727,,,,,,,,,,,,,,,,,,,Charlie Condon,sa3025257,809707,3B,Charlie Condon,-0.8349425813291561,-0.9782408141751637,-0.6221565570768839,-0.46465178884764047,-0.5259656336163354,-0.4679871774964679,-0.10999366827076286,-2.419384585378074,4.432236963281538,-6.851621548659612,0.0,0.0,False,7,3B,3B 7
Tyler Wade,TEX,23.6543,72.3108,64.3596,13.6317,10.7424,2.50094,0.1602,0.228153,7.28694,4.5458,6.12764,0.066065,18.1971,0.365291,0.160695,1.29749,0.827701,2.63561,0.925571,0.211805,0.0847404,0.251652,0.336737,0.283393,0.266277,0.250668,0.54967,0.0544721,5.17687,0.29078,0.0397348,0.0347388,4.88135,-3.66272,58.6249,0.0744736,-0.381675,-3.4517900943756104,0.0876556932926178,-0.0895558,999.0,1.57709,-0.285419,1.86508,1.57709,0.285419,2.51323,44.0,1.833333333,44.0,1.833333333,,,,,,,,,,,,,,,,,,,Tyler Wade,15730,642180,3B/OF,Tyler Wade,-2.1442423516380935,-2.3578958391854012,-1.0414522340915764,-1.0216249638392247,-1.1003269872233727,-0.3184422899845413,-0.2651224616620151,-3.6756501489380438,4.432236963281538,-8.107887112219581,0.0,0.0,False,7,3B,3B 7
Dominic Smith,ATL,61.5621,233.41,210.661,50.6853,35.008,9.86084,0.520694,5.29575,25.0698,25.4405,17.8367,0.357047,47.9987,2.73461,2.03971,0.138638,4.36233,1.68416,0.331095,0.240602,0.0764178,0.205641,0.371608,0.305466,0.367771,0.295872,0.673237,0.127169,3.53577,0.284742,-0.469491,-0.163316,24.323,-3.25624,87.7963,-0.632808,1.84398,-4.008827209472656,-4.638596057891846,-0.0902202,999.0,2.79063,0.684258,1.19156,2.79063,-0.684258,3.41126,223.1,3.598387096,223.1,3.598387096,,,,,,,,,,,,,,,,,,,Dominic Smith,15653,642086,1B,Dominic Smith,-0.9521011718257884,-2.458926812437704,-0.39651592758540877,-0.4570650509784254,-0.3345204009241128,-0.41671523484983986,-0.27648241229580295,-1.9945496679933314,5.94346703347981,-7.938016701473142,0.0,0.0,False,7,1B,1B 7
Michael Toglia,CIN,20.1404,66.3621,59.5922,12.2126,7.10916,2.36535,0.126831,2.61127,6.81069,7.66289,5.96188,0.264387,23.4321,0.341156,0.426711,0.0401577,0.953238,0.651661,0.171419,0.204937,0.0898387,0.353095,0.254432,0.279179,0.380343,0.286746,0.659521,0.175406,3.53618,0.282596,-0.0429367,-0.0266644,6.42367,-1.41752,77.1353,-0.069601,-0.0920124,-1.8679717630147936,-1.311186082661152,-0.0993737,999.0,3.06824,3.55959,1.78054,3.06824,-3.55959,2.62595,61.1,3.055,61.1,3.055,,,,,,,,,,,,,,,,,,,Michael Toglia,25845,669911,1B,Michael Toglia,-2.394688074081438,-2.443571730530308,-1.058724535395954,-0.7561318068543482,-0.9860832769960155,-0.5233595328166021,-0.2747558826303886,-3.944571803998355,5.94346703347981,-9.888038837478165,0.0,0.0,False,7,1B,1B 7
Leo De Vries,ATH,8.03295,30.846,27.9414,6.51967,3.76333,1.63727,0.0737756,1.04529,3.89197,3.57248,2.63764,0.112583,7.38612,0.134129,0.0962123,0.0366567,0.310291,0.201911,0.0966707,0.233334,0.0855099,0.239451,0.357108,0.301578,0.409442,0.308176,0.71102,0.176108,3.54398,0.279217,0.00980617,-0.0416055,3.5225,-0.122194,96.409,-0.0317994,-2.24253,-0.1627186276018619,-1.870633900165558,-0.101227,999.0,2.12922,0.0414544,1.97132,2.12922,-0.0414544,2.37157,35.4,4.425,35.4,4.425,,,,,,,,,,,,,,,,,,,Leo De Vries,sa3023363,815888,SS,Leo De Vries,-0.3293617437275066,-0.44488557573425924,-1.1645786272870042,-0.9305911279767174,-1.135999902679292,-0.569813110990093,-0.05002305743808229,-4.137887936878744,6.2323935944793165,-10.37028153135806,0.0,0.0,False,7,SS,SS 7
Bryce Eldridge,SFG,98.948,394.709,352.753,82.2185,50.28,16.7491,0.383062,14.8062,41.3771,50.0653,34.2308,3.01746,119.116,2.8575,4.37426,0.493794,4.47323,1.8815,0.570908,0.233077,0.0867242,0.301783,0.287373,0.302644,0.40865,0.306128,0.711294,0.175573,2.59845,0.30202,-0.0907349,-0.414355,44.4181,-2.21977,95.0024,-0.50509,-1.49648,-2.836505711078644,-11.57451593875885,-0.107671,999.0,2.45578,0.394739,0.529997,2.45578,-0.394739,4.29334,408.5,4.126262626,408.5,4.126262626,,,,,,,,,,,,,,,,,,,Bryce Eldridge,33390,805811,1B,Bryce Eldridge,-4.248764959607557,-5.272047724397639,0.19490580272613994,0.6024546431225438,0.5679971765621405,-0.3963324686091356,-0.5927905073087614,0.489382470861532,5.94346703347981,-5.454084562618278,0.0,0.0,False,7,1B,1B 7
Adam Frazier,LAA,66.5086,254.62,231.006,52.7678,38.2771,9.48454,1.16505,3.84107,25.3273,21.8134,16.6218,0.662615,47.1451,3.71143,1.92221,1.359,3.45442,4.0831,1.5684,0.228427,0.0652806,0.185159,0.352566,0.288639,0.329454,0.273311,0.618093,0.101027,4.67569,0.268914,-0.0202012,-0.208218,21.8691,-8.21619,71.6394,-0.228419,-0.801959,-8.739428326487541,-1.1440817415714264,-0.11458,999.0,2.8382,1.30982,1.18863,2.8382,-1.30982,3.41515,200.2,2.988059701,200.2,2.988059701,,,,,,,,,,,,,,,,,,,Adam Frazier,15223,624428,2B/OF,Adam Frazier,-3.856550263265811,-6.966860582692646,-0.3871770980087637,-0.6191249018387736,-0.46745636407103736,-0.1689345859926647,-0.7833557348223079,-2.2671605657106073,4.290443792376481,-6.557604358087088,0.0,0.0,False,7,2B,2B 7
Eric Wagaman,MIN,29.2905,114.517,105.809,25.9135,16.9891,5.96054,0.0986792,2.86519,12.4671,12.2064,7.23628,0.0468738,23.1587,0.491742,0.923881,0.0558362,1.88557,1.0659,0.25209,0.244909,0.0631898,0.202231,0.312464,0.293914,0.384344,0.29519,0.678258,0.139435,3.52644,0.285574,-0.119844,-0.0529205,11.87,-1.661,87.1314,-0.172765,-1.31172,-1.9096475839614868,-3.176280975341797,-0.117092,999.0,2.16386,1.39635,1.68357,2.16386,-1.39635,2.75524,108.1,3.727586206,108.1,3.727586206,,,,,,,,,,,,,,,,,,,Eric Wagaman,23395,676572,3B/OF,Eric Wagaman,-0.022493846325481914,-2.5293136558389473,-0.8535818208109798,-0.7278436353455218,-0.8195601930122037,-0.4805737990333697,-0.28439672847594577,-3.102242066929289,4.432236963281538,-7.534479030210827,0.0,0.0,False,7,3B,3B 7
Matt Thaiss,BOS,8.29763,25.637,22.1577,4.83339,3.84148,0.653411,0.02163,0.316872,2.96877,2.9078,3.19791,0.025488,6.46598,0.142441,0.0842292,0.0546858,0.391515,0.090061,0.0492945,0.218136,0.124738,0.252213,0.494574,0.319508,0.29248,0.281108,0.611987,0.0743437,2.76481,0.292159,-0.0103162,-0.0494186,2.36423,-0.664975,73.9924,-0.0597348,-1.85308,-0.8455853350460529,-1.2128281593322754,-0.120323,999.0,2.6895,1.87124,1.98768,2.6895,-1.87124,2.34977,17.9,2.2375,17.9,2.2375,,,,,,,,,,,,,,,,,,,Matt Thaiss,19318,642136,C,Matt Thaiss,-0.5979385889085522,0.0899141803721973,-1.1980605980254846,-1.0117411489050268,-1.1603609282877665,-0.5813658240944954,0.010109975361269096,-4.296335754548642,3.475655594645327,-7.77199134919397,0.0,0.0,False,7,C,C 7
Warming Bernabel,WSN,32.9013,103.717,97.7739,23.9717,16.79,4.87917,0.213816,2.08875,9.64371,10.4177,4.43381,0.100728,17.06,0.767471,0.645471,0.0961254,1.74613,1.03887,0.305589,0.245175,0.0427492,0.164487,0.259895,0.281537,0.363541,0.280805,0.645077,0.118365,3.61658,0.276054,-0.0443782,-0.0618846,9.53921,-2.71573,77.9656,-0.106263,0.0811873,-2.8148550540208817,-1.824250489473343,-0.121591,999.0,2.17476,-0.655087,1.76774,2.17476,0.655087,2.64302,86.6,2.624242424,86.6,2.624242424,,,,,,,,,,,,,,,,,,,Warming Bernabel,26536,682653,1B,Warming Bernabel,0.00522218622606519,-3.574481564426255,-0.9559785510572085,-0.8143435876388156,-0.8851174032575525,-0.4833656616637854,-0.40191569779163,-3.7389447012714685,5.94346703347981,-9.682411734751279,0.0,0.0,False,7,1B,1B 7
Justin Foscue,TEX,12.224,42.7663,38.8779,8.48399,5.33688,2.30247,0.0311586,0.813484,4.93705,4.89835,3.43068,0.0135146,8.74004,0.318165,0.107157,0.0323731,0.468214,0.210421,0.102439,0.218221,0.0802193,0.204367,0.392525,0.286256,0.34182,0.278352,0.628075,0.123598,3.23426,0.260622,0.0158026,-0.0597582,3.84819,-1.20498,77.6953,-0.0439556,-0.562145,-1.1682273037731647,-1.5053542852401731,-0.122942,999.0,1.78986,-0.443519,1.90076,1.78986,0.443519,2.46566,30.0,2.5,30.0,2.5,,,,,,,,,,,,,,,,,,,Justin Foscue,27501,679822,1B/2B/DH,Justin Foscue,-1.0458384152649982,-1.272074883480505,-1.1266763981065762,-0.9564156706861336,-1.0874057626066131,-0.568934133891135,-0.14303245246121,-3.8681790102461573,4.290443792376481,-8.158622802622638,0.0,0.0,False,7,1B,1B 7
Rafael Flores Jr.,PIT,20.1995,69.6196,63.8876,14.946,10.173,2.924,0.0447349,1.80426,7.19711,7.43542,5.29672,0.0804656,20.5538,0.225622,0.164858,0.0447754,0.937865,0.396088,0.0865634,0.233943,0.0760809,0.29523,0.2577,0.294192,0.365834,0.290012,0.660027,0.131892,2.95739,0.315193,-0.0250301,-0.0593162,6.92358,-1.30251,82.369,-0.0843463,-2.26443,-1.539139784872532,-2.04176989197731,-0.129389,999.0,2.18335,-0.0561512,1.8292,2.18335,0.0561512,2.56107,62.5,3.125,62.5,3.125,,,,,,,,,,,,,,,,,,,Rafael Flores Jr.,31991,804668,DH,Rafael Flores Jr.,-0.7141732327550406,-1.518319677289971,-1.0447101255901008,-0.8460374357506069,-0.9944202248433401,-0.5497570432880498,-0.17072028532526723,-4.850192539489688,0.0,-4.850192539489688,0.0,0.0,False,7,DH,DH 7
Jarred Kelenic,CHW,28.6951,102.186,93.4782,20.0836,12.8444,4.45623,0.171624,2.61132,10.8918,9.46987,8.01588,0.226162,30.6181,0.304252,0.290926,0.0965168,1.19469,1.71503,0.925101,0.214848,0.0784442,0.299632,0.261802,0.278225,0.349997,0.275972,0.628221,0.135148,4.08024,0.288609,0.182886,-0.174067,8.99742,-3.07662,74.2866,0.0088186,-0.116335,-3.096706658601761,-1.6416208148002625,-0.130952,999.0,2.71008,1.21766,1.66848,2.71008,-1.21766,2.77535,83.8,2.889655172,83.8,2.889655172,,,,,,,,,,,,,,,,,,,Jarred Kelenic,22558,672284,OF,Jarred Kelenic,-2.8299206221235833,-3.8601575242381205,-0.9107136974404515,-0.7561262365622269,-0.9198560909004488,-0.4135267480055581,-0.434037181889565,-3.6958396122289003,4.93721430821242,-8.63305392044132,0.0,0.0,False,7,OF,OF 7
Jerar Encarnacion,SFG,32.4342,121.756,111.627,24.9376,16.621,4.25226,0.099048,3.96529,13.2058,14.7992,8.15627,0.11329,37.3305,0.891454,1.01015,0.0713687,2.31253,1.34097,0.250393,0.223402,0.0669887,0.306602,0.218488,0.279291,0.369839,0.283219,0.649129,0.146437,3.74961,0.293973,-0.190625,-0.00305508,11.437,-2.9494,79.2651,-0.193681,0.708404,-3.1775243431329727,-2.26139634847641,-0.134866,999.0,2.67635,0.149774,1.54876,2.67635,-0.149774,2.93498,106.1,3.315625,106.1,3.315625,,,,,,,,,,,,,,,,,,,Jerar Encarnacion,21871,666464,1B/OF/DH,Jerar Encarnacion,-2.4244925790525906,-4.469637962504456,-0.8267911667982898,-0.6052860680926079,-0.7245321085239499,-0.4521624910885511,-0.5025673312891417,-3.094974516077623,4.93721430821242,-8.032188824290042,0.0,0.0,False,7,1B,1B 7
Rowdy Tellez,,54.6858,206.791,187.394,41.8765,25.8562,7.36557,0.0980857,8.55667,21.5381,27.099,15.8309,0.564565,50.4637,1.52071,1.96149,0.0835151,3.82388,0.836996,0.148491,0.223467,0.0765553,0.244032,0.31371,0.286531,0.400803,0.297272,0.687334,0.177336,2.32781,0.255647,-0.286035,-0.174927,21.784,-2.64998,88.9183,-0.460963,-0.306496,-3.169434279203415,-5.151201367378235,-0.135251,999.0,3.24008,0.637655,1.14852,3.24008,-0.637655,3.46864,209.0,3.8,209.0,3.8,,,,,,,,,,,,,,,,,,,Rowdy Tellez,15679,642133,1B,Rowdy Tellez,-4.057940080863151,-6.094088653809421,-0.5246011486177867,-0.09377951129442172,-0.27373511932747235,-0.5042167336820074,-0.6852210172450601,-2.2743372709525107,5.94346703347981,-8.21780430443232,0.0,0.0,False,7,1B,1B 7
Blaine Crim,COL,41.5104,162.365,145.815,36.05,23.3163,7.41564,0.267798,5.05028,18.605,19.4747,13.1183,0.750779,38.5136,1.83663,1.51748,0.0773121,2.27294,0.955325,0.310975,0.247231,0.0807953,0.237204,0.340615,0.314288,0.405666,0.312317,0.719953,0.158434,3.25668,0.298739,-0.101695,-0.183982,19.0873,-0.0973643,85.8791,-0.285677,-0.620854,-3.0030448734760284,-3.945837616920471,-0.158275,999.0,2.33301,0.414786,1.46002,2.33301,-0.414786,3.0533,169.8,4.042857142,169.8,4.042857142,,,,,,,,,,,,,,,,,,,Blaine Crim,25714,688760,DH,Blaine Crim,0.307583741779245,-0.2780981768525255,-0.630976764273156,-0.4844118431187516,-0.5531714910351996,-0.4919948205042619,-0.031269436081760374,-3.3427126260942948,0.0,-3.3427126260942948,0.0,0.0,False,7,DH,DH 7
Kris Bryant,COL,18.9029,75.0224,67.2129,16.0039,11.0374,3.06678,0.0859028,1.81379,8.07996,7.64373,6.25876,0.011029,19.3599,1.29157,0.223104,0.0360867,1.3859,0.257782,0.0728008,0.238107,0.0834252,0.258054,0.323285,0.314113,0.367248,0.302279,0.681362,0.129141,2.65823,0.306731,-0.0436957,-0.100894,8.20811,-0.656366,79.0033,-0.14459,0.0,-2.011559382081032,-2.041985273361206,-0.159355,999.0,1.96787,-0.468981,1.81421,1.96787,0.468981,2.58105,71.1,3.742105263,71.1,3.742105263,,,,,,,,,,,,,,,,,,,Kris Bryant,15429,592178,1B/OF/DH,Kris Bryant,-0.47147087968548995,-0.14162701172605768,-1.0126915403794559,-0.8449757380722864,-0.9867855055129837,-0.5640423319658994,-0.015924580451194176,-3.391326289296438,4.93721430821242,-8.328540597508859,0.0,0.0,False,7,1B,1B 7
Tyler Black,MIL,11.1988,37.356,32.6679,7.05694,5.5232,0.992499,0.0942839,0.44696,4.3609,3.25065,4.22889,0.059369,9.48849,0.355202,0.0805818,0.023484,0.375915,1.83011,0.318902,0.216021,0.113205,0.254002,0.445686,0.31182,0.293221,0.276768,0.605041,0.0771997,5.95982,0.289746,-0.126263,0.169093,3.31332,-1.10058,75.9346,0.0428299,-0.928855,-1.0226565785706043,-1.7929633259773254,-0.160915,999.0,2.0199,0.112736,1.97468,2.0199,-0.112736,2.36709,24.9,2.263636363,24.9,2.263636363,,,,,,,,,,,,,,,,,,,Tyler Black,29949,672012,1B/DH,Tyler Black,-0.9506551365875588,-0.15617782787191267,-1.1475718026136987,-0.9972485856755047,-1.1477952160204115,-0.40164041609626344,-0.01756067825147413,-3.9806035764705716,5.94346703347981,-9.924070609950382,0.0,0.0,False,7,1B,1B 7
MJ Melendez,NYM,26.3294,98.1301,89.4312,18.2914,10.585,4.62749,0.103351,2.97551,10.5596,10.2078,7.87486,0.175757,29.1025,0.52039,0.254787,0.0487934,0.904729,1.77599,0.469565,0.20453,0.0802492,0.296571,0.27059,0.272087,0.358399,0.276382,0.630486,0.153869,4.25732,0.265864,-0.175028,0.0387621,8.67297,-2.92186,74.5682,-0.136266,-0.594441,-3.0858791172504425,-1.813395857810974,-0.161463,999.0,2.66316,-0.0218497,1.64015,2.66316,0.0218497,2.81313,85.3,3.28076923,85.3,3.28076923,,,,,,,,,,,,,,,,,,,MJ Melendez,22197,669004,OF,MJ Melendez,-3.63015452839708,-4.3092652256849835,-0.9227616942768068,-0.7155533428090783,-0.8928103972926051,-0.40723033861043645,-0.48453497631295983,-3.684843781804143,4.93721430821242,-8.622058090016562,0.0,0.0,False,7,OF,OF 7
Justin Turner,,45.4431,166.245,148.015,35.3675,24.4001,7.24986,0.111329,3.60624,16.809,17.2657,13.651,0.0811066,32.1353,2.48821,1.99328,0.0980138,2.67868,1.03051,0.233059,0.238945,0.0821134,0.1933,0.424798,0.310006,0.362522,0.296938,0.672528,0.123577,2.74904,0.277957,-0.600896,-0.15643,17.4677,-2.17546,88.6889,-0.757327,0.120686,-2.979811906814575,-4.248842194676399,-0.163924,999.0,1.81564,0.427382,1.47826,1.81564,-0.427382,3.02898,155.8,3.462222222,155.8,3.462222222,,,,,,,,,,,,,,,,,,,Justin Turner,5235,457759,1B/DH,Justin Turner,-0.9142278443705748,-0.9966049166304212,-0.6961128338640473,-0.6452863358156864,-0.6341330147294888,-0.4842291456293894,-0.11205853304054564,-2.6640914290275677,5.94346703347981,-8.607558462507377,0.0,0.0,False,7,1B,1B 7
Nick Castellanos,SDP,83.0658,334.932,310.001,77.1089,50.595,14.6632,1.31097,10.5397,38.3826,40.7175,19.2437,0.43134,78.1469,2.85494,2.68573,0.14599,5.63441,2.70668,0.752473,0.248737,0.0574557,0.233322,0.246251,0.296331,0.406492,0.30394,0.702824,0.157755,4.17147,0.297183,-0.493928,-0.243867,37.0962,-2.4786,93.4994,-0.737794,-2.93458,-3.3111351132392883,-9.682589530944824,-0.169653,605.3599853515625,1.7601,-0.519482,0.795647,1.7601,0.519482,3.93914,342.7,4.128915662,342.7,4.128915662,,,,,,,,,,,,,,,,,,,Nick Castellanos,11737,592206,OF,Nick Castellanos,1.1207809761183558,-6.5880442259097105,0.08630337489210647,0.12714161641173777,0.22539322400918588,-0.3111016434013506,-0.7407615186745642,-0.48229884412748625,4.93721430821242,-5.419513152339906,0.0,0.0,False,7,OF,OF 7
Wilmer Flores,,53.1858,207.48,186.371,42.8152,28.6224,7.60515,0.133406,6.45433,21.0878,24.2425,16.3169,0.14235,37.7211,2.60487,2.09769,0.089451,3.61236,0.401076,0.11409,0.229731,0.0786435,0.181806,0.432569,0.297685,0.375864,0.295323,0.67355,0.146133,1.9435,0.251993,-0.540439,-0.279438,21.5282,-2.98712,87.5794,-0.819877,0.109108,-3.865681052207947,-4.815502837300301,-0.169754,999.0,4.29599,1.22335,1.20744,4.29599,-1.22335,3.39007,191.4,3.611320754,191.4,3.611320754,,,,,,,,,,,,,,,,,,,Wilmer Flores,5827,527038,1B,Wilmer Flores,-2.868359492153487,-3.8001614234838983,-0.5409323135046343,-0.32799247006043514,-0.3784280086134557,-0.5492418449602469,-0.42729120369250567,-2.5316565410411362,5.94346703347981,-8.475123574520946,0.0,0.0,False,7,1B,1B 7
Orelvis Martinez,WSN,19.3982,76.8569,69.4657,13.9464,8.3432,3.07537,0.095772,2.43209,7.70784,8.51873,5.79485,0.160041,21.454,1.08069,0.462159,0.053547,0.774817,0.272824,0.0748052,0.200767,0.0753979,0.279142,0.270105,0.271107,0.35283,0.273945,0.623938,0.152063,2.73048,0.250085,0.000532512,-0.075482,6.64074,-2.4405,73.2663,-0.0749495,-1.4551,-2.5101587250828743,-1.754453420639038,-0.174705,999.0,3.04799,0.475437,1.71379,3.04799,-0.475437,2.71494,57.9,3.047368421,57.9,3.047368421,,,,,,,,,,,,,,,,,,,Orelvis Martinez,25967,682619,2B,Orelvis Martinez,-3.081122584142904,-3.450398015501713,-1.026187327804936,-0.7760935057002505,-0.9547160925512349,-0.5624886805531464,-0.3879637091601054,-4.037559105829441,4.290443792376481,-8.328002898205922,0.0,0.0,False,7,2B,2B 7
TJ Rumfield,COL,60.0714,238.735,214.706,53.6863,36.8239,11.2023,0.268274,5.39187,26.4361,26.2304,19.1202,0.417576,48.8348,2.87351,1.83562,0.200326,4.03405,1.46799,0.585641,0.250046,0.0800894,0.204556,0.391528,0.31727,0.380058,0.306305,0.697328,0.130012,3.01058,0.297536,-0.0160662,-0.331769,26.9,-1.30843,81.7608,-0.347835,0.791852,-5.50862717628479,-4.152292847633362,-0.175787,999.0,3.5149,1.19369,1.23007,3.5149,-1.19369,3.35991,231.4,3.856666666,231.4,3.856666666,,,,,,,,,,,,,,,,,,,TJ Rumfield,sa3017330,681198,DH,TJ Rumfield,1.0573005540260199,0.3030033370810318,-0.3469639165152335,-0.44635672140443206,-0.3055699674401295,-0.43904290576426686,0.03406977920046119,-2.6896268418790226,0.0,-2.6896268418790226,0.0,0.0,False,7,DH,DH 7
Michael Conforto,CHC,40.8646,159.18,139.32,30.659,19.5235,6.31957,0.146051,4.66984,17.8416,17.5115,16.3041,0.288905,39.3569,2.06475,1.40013,0.0903754,3.14918,0.2772,0.0946748,0.220061,0.102426,0.247248,0.414263,0.308178,0.368074,0.298807,0.676252,0.148013,2.34251,0.268778,-0.037615,-0.231577,16.9669,-1.84139,89.9731,-0.269192,-3.06489,-2.155609667301178,-4.956767201423645,-0.176494,999.0,4.32181,1.33642,1.34829,4.32181,-1.33642,3.20228,153.0,3.731707317,153.0,3.731707317,,,,,,,,,,,,,,,,,,,Michael Conforto,16376,624424,OF/DH,Michael Conforto,-3.491441281632998,-1.2452327205271156,-0.6586632205792176,-0.5267950818113237,-0.6251242584940626,-0.5620366942094284,-0.14001431221927543,-2.8862193196180908,4.93721430821242,-7.823433627830511,0.0,0.0,False,7,OF,OF 7
Griffin Conine,MIA,86.76,353.812,316.876,68.8631,43.5795,13.4912,1.0782,10.7143,37.8616,40.7488,31.9812,0.388542,112.04,2.9764,1.80137,0.177458,4.74492,1.43936,0.569615,0.217319,0.0903903,0.316665,0.285444,0.293582,0.368136,0.291236,0.661718,0.150817,3.20394,0.296794,-0.25891,-0.461307,35.5379,-6.26778,83.7502,-0.720217,0.152514,-7.534434080123901,-5.9861685782670975,-0.178963,999.0,3.34397,0.57872,0.488734,3.34397,-0.57872,4.34835,320.3,3.681609195,320.3,3.681609195,,,,,,,,,,,,,,,,,,,Griffin Conine,21626,665052,OF,Griffin Conine,-8.809973242349823,-7.932039168705238,0.06740811194285595,0.14659307649932868,0.2265403927242748,-0.44200002848379344,-0.8918806825382033,-0.9238273354017215,4.93721430821242,-5.861041643614142,0.0,0.0,False,7,OF,OF 7
Matt Koperniak,STL,9.7359,34.3466,31.8245,7.33377,5.93319,0.94834,0.0378202,0.414414,3.9101,3.66563,2.23632,0.0319827,7.47668,0.131468,0.0949751,0.0593212,0.671528,0.17956,0.0997469,0.230444,0.0651104,0.217683,0.299106,0.282949,0.301685,0.261163,0.584635,0.0712414,3.25462,0.287966,0.0146486,-0.0595252,2.61125,-1.44707,64.1139,-0.0448766,-0.997504,-1.501659944653511,-1.4482404589653015,-0.18288,999.0,2.04512,-0.149559,1.96203,2.04512,0.149559,2.38396,16.1,1.61,16.1,1.61,,,,,,,,,,,,,,,,,,,Matt Koperniak,sa3014834,689288,OF,Matt Koperniak,-0.46710693619085075,-1.1352168279828412,-1.1639211011502097,-1.0008744002231034,-1.1325858846022783,-0.5721216911474154,-0.1276440947700777,-4.269777682326321,4.93721430821242,-9.206991990538741,0.0,0.0,False,7,OF,OF 7
Grant McCray,SFG,21.9445,66.4576,60.3415,12.7057,8.51013,2.71456,0.145314,1.33573,7.72457,6.21504,4.84286,0.0184094,21.1989,0.198028,0.396179,0.679046,1.08394,2.0619,0.316175,0.210564,0.0728714,0.318984,0.228448,0.269793,0.326775,0.263663,0.596569,0.116211,5.64124,0.297621,-0.0856201,0.193563,5.18744,-2.66504,65.8314,0.107943,-1.06008,-2.575897693634033,-1.4954814612865448,-0.186431,999.0,1.57452,-0.00415445,1.82132,1.57452,0.00415445,2.57158,49.7,2.259090909,49.7,2.259090909,,,,,,,,,,,,,,,,,,,Grant McCray,25690,687529,OF,Grant McCray,-2.0852567662382833,-3.0708592456802544,-1.0255805758871992,-0.8982344151024911,-1.0391480764893504,-0.37769939356189214,-0.3452882646900893,-3.8697386739378397,4.93721430821242,-8.80695298215026,0.0,0.0,False,7,OF,OF 7
Justyn-Henry Malloy,TBR,38.7145,141.351,121.508,28.7043,19.3447,5.8214,0.097104,3.44109,16.3042,15.6469,16.6689,0.0382876,39.54,1.7411,1.35925,0.0739195,1.86483,1.00157,0.245705,0.236233,0.117925,0.279728,0.42157,0.333487,0.3707,0.313511,0.704187,0.134467,3.15597,0.316239,-0.0401903,-0.149297,16.754,0.0522753,100.074,-0.189487,-3.98417,-0.1771944994106888,-6.45929741859436,-0.189539,999.0,2.54353,0.112664,1.51209,2.54353,-0.112664,2.98387,144.9,3.715384615,144.9,3.715384615,,,,,,,,,,,,,,,,,,,Justyn-Henry Malloy,29606,669234,OF/DH,Justyn-Henry Malloy,-1.080034691532748,2.4716923743208383,-0.7144205665642043,-0.663685010692351,-0.6934632612466075,-0.4872182874911811,0.27791777561199255,-2.4866050907118256,4.93721430821242,-7.423819398924246,0.0,0.0,False,7,OF,OF 7
Pedro León,PHI,11.5752,43.1085,39.0818,8.19521,5.34426,1.70483,0.0354378,1.11068,4.6703,4.35991,2.94823,0.0425143,13.5501,0.856182,0.102926,0.119416,0.890253,1.23207,0.452062,0.209694,0.068391,0.314325,0.21758,0.279132,0.340388,0.274686,0.619519,0.130694,4.76148,0.288883,-0.0113388,0.00117121,3.7507,-1.34291,72.1436,-0.0101676,-1.79553,-1.43341906927526,-1.855072908103466,-0.189714,999.0,1.67681,0.650311,1.92242,1.67681,-0.650311,2.43677,34.9,2.908333333,34.9,2.908333333,,,,,,,,,,,,,,,,,,,Pedro Leon,27781,694175,OF,Pedro Leon,-1.3845739539945203,-1.5893585067861746,-1.136350700201994,-0.923306299940477,-1.107139996566755,-0.4634105059036554,-0.178707911002629,-4.032192599318845,4.93721430821242,-8.969406907531265,0.0,0.0,False,7,OF,OF 7
Ryan Vilade,TBR,44.1755,146.55,132.444,30.0911,20.0838,6.11389,0.648526,3.24484,15.2876,14.6719,11.3751,0.197658,37.4715,1.40685,0.976478,0.347414,3.60009,2.32856,0.675553,0.227199,0.0776197,0.255692,0.303568,0.293245,0.356654,0.286019,0.649899,0.129455,4.69503,0.289591,-0.0837558,-0.0266026,14.0991,-3.21691,81.1882,-0.110358,-1.53962,-3.3687190636992455,-3.471156597137451,-0.192348,999.0,1.51636,0.529982,1.52332,1.51636,-0.529982,2.96891,124.3,2.825,124.3,2.825,,,,,,,,,,,,,,,,,,,Ryan Vilade,22165,668723,DH,Ryan Vilade,-2.373739398575658,-3.3348619528222736,-0.7512899030598058,-0.6855484072684662,-0.7291977499754133,-0.3501567339604622,-0.3749728022509637,-3.9720958238545587,0.0,-3.9720958238545587,0.0,0.0,False,7,DH,DH 7
Jeimer Candelario,LAA,30.0629,118.547,107.067,22.002,13.508,4.94638,0.165024,3.38261,11.8321,12.4427,8.77328,0.0787855,33.1999,1.4633,1.19213,0.0510422,1.6413,0.693491,0.229438,0.205497,0.0740067,0.280056,0.264256,0.272064,0.349558,0.273053,0.621622,0.144061,3.31862,0.259768,-0.0625226,-0.111494,10.1571,-3.85011,71.462,-0.174017,-0.496174,-4.161395162343979,-2.0868016183376312,-0.221813,999.0,2.62166,0.544849,1.53284,2.62166,-0.544849,2.95622,90.8,3.026666666,90.8,3.026666666,,,,,,,,,,,,,,,,,,,Jeimer Candelario,13621,600869,1B/3B/DH,Jeimer Candelario,-4.242485887487511,-5.208575395067022,-0.8766115558834832,-0.6702000243574273,-0.810899618974648,-0.5190390143619115,-0.585653661007116,-3.4462638387235724,4.432236963281538,-7.87850080200511,0.0,0.0,False,7,1B,1B 7
Bryce Johnson,SDP,52.0984,157.006,139.373,30.9527,22.5905,5.83059,0.788745,1.74282,16.5748,12.0109,11.9288,0.0761637,41.8557,2.12115,0.77292,2.80976,2.12179,5.29676,1.31747,0.222085,0.075977,0.266587,0.284999,0.291854,0.312752,0.270972,0.604606,0.090667,6.0421,0.302544,-0.077977,0.27844,13.1869,-5.36455,70.8517,0.200463,-1.16203,-5.208492413163185,-2.287612557411194,-0.223283,999.0,2.32443,0.0864566,1.58594,2.32443,-0.0864566,2.88541,125.2,2.407692307,125.2,2.407692307,,,,,,,,,,,,,,,,,,,Bryce Johnson,20002,669369,DH,Bryce Johnson,-3.2106785408584253,-3.7911919052958942,-0.7046066353663785,-0.8528822107092643,-0.8267254161368003,-0.04357861114877564,-0.4262826685814944,-4.012671302332864,0.0,-4.012671302332864,0.0,0.0,False,7,DH,DH 7
Zac Veen,COL,33.2246,122.627,111.574,26.3452,17.1929,5.36925,0.818415,2.96462,13.7174,12.2202,8.77085,0.158067,30.9713,1.06252,0.86886,0.350887,1.49592,3.68233,1.02585,0.236123,0.0715245,0.252565,0.283193,0.295875,0.378628,0.294411,0.674504,0.142506,5.98472,0.297815,-0.0176187,0.13899,12.6331,-1.85628,73.613,0.121371,-1.04082,-3.7136875316500664,-2.5789997577667236,-0.226402,740.1900024414062,1.22662,-0.011078,1.6757,1.22662,0.011078,2.76574,116.8,3.539393939,116.8,3.539393939,,,,,,,,,,,,,,,,,,,Zac Veen,27770,691728,OF,Zac Veen,-1.004008586827162,-2.467966027111815,-0.8082368164627108,-0.7167665524330982,-0.81905441255635,-0.21032913968825112,-0.27749878409902884,-2.909600463547795,4.93721430821242,-7.846814771760215,0.0,1.0,True,6,OF,OF 6
Christian Encarnacion-Strand,CIN,25.7053,89.4294,83.5565,19.8554,14.0476,2.91753,0.104427,2.78584,11.0921,12.0671,4.75821,0.0710812,23.8229,0.651397,0.418884,0.044367,1.27029,0.317394,0.146041,0.237628,0.0532063,0.266388,0.199732,0.282654,0.375067,0.286642,0.657721,0.137439,3.101,0.297552,0.0267569,-0.124308,8.64895,-1.91783,77.0639,-0.0975513,0.0,-2.5286073461174965,-2.776808261871338,-0.238396,999.0,4.41675,0.370427,1.68263,4.41675,-0.370427,2.75649,82.9,3.188461538,82.9,3.188461538,,,,,,,,,,,,,,,,,,,Christian Encarnacion-Strand,30011,687952,1B,Christian Encarnacion-Strand,-0.626138082564654,-2.982183988117323,-0.9034493573852981,-0.7366836889420301,-0.8246656435557143,-0.5578851541958534,-0.33531759415287005,-3.8165122003651577,5.94346703347981,-9.759979233844968,0.0,0.0,False,7,1B,1B 7
Troy Johnston,COL,60.9278,228.038,207.633,51.9231,34.4975,10.5488,1.38518,5.49164,25.7936,24.8007,14.9597,0.406371,48.1535,3.61914,1.36254,0.463237,3.15109,6.19832,1.80831,0.250071,0.0656019,0.211164,0.310668,0.309797,0.393565,0.306856,0.703361,0.143494,5.56864,0.298881,-0.0663778,0.15142,25.7967,-1.14778,82.1383,0.0850424,-0.296136,-4.742486037313938,-5.244791239500046,-0.24559,747.1799926757812,2.61635,-1.95281,1.35828,2.61635,1.95281,3.18896,230.6,3.780327868,230.6,3.780327868,,,,,,,,,,,,,,,,,,,Troy Johnston,26143,687859,1B,Troy Johnston,1.0276610211476833,-1.414701308528729,-0.3702656563326876,-0.43524176050558355,-0.35796955568174355,0.049541317562936546,-0.15906940722334315,-1.371559875163718,5.94346703347981,-7.315026908643528,0.0,0.0,False,7,1B,1B 7
John Rave,KCR,31.1324,107.992,96.3296,21.0277,13.6208,4.30266,0.794284,2.30997,12.1293,9.7333,9.32244,0.133098,28.3031,0.301753,0.962063,1.07586,1.36772,3.07444,0.795941,0.218289,0.0863255,0.262086,0.329379,0.286691,0.351385,0.280408,0.638076,0.133096,6.05316,0.280715,-0.0792481,0.136359,9.89759,-2.86247,77.334,0.057111,-2.20874,-2.835902001708746,-3.6500515937805176,-0.289652,999.0,1.86991,0.410586,1.67876,1.86991,-0.410586,2.76166,87.6,2.825806451,87.6,2.825806451,,,,,,,,,,,,,,,,,,,John Rave,26284,670231,OF,John Rave,-2.584772580651579,-3.1652235257562813,-0.8658329145235651,-0.7896983871773215,-0.9102011818072906,-0.27311661191923153,-0.35589861049542537,-3.3621045169189534,4.93721430821242,-8.299318825131373,0.0,0.0,False,7,OF,OF 7
Brice Matthews,HOU,18.4386,68.4107,60.7253,12.9504,8.00483,2.4319,0.452595,2.06112,8.07943,7.09148,6.03219,0.00869421,23.173,0.743864,0.15507,0.754245,0.597429,2.81454,0.712176,0.213263,0.0881761,0.338734,0.260311,0.291569,0.370042,0.291613,0.661611,0.156779,6.5374,0.305483,-0.0203402,0.173738,6.89231,-1.19094,86.0006,0.153398,-4.6901,-0.9753710329532624,-4.74700853228569,-0.344568,999.0,2.16985,-0.0709906,1.82433,2.16985,0.0709906,2.56755,60.3,3.35,60.3,3.35,,,,,,,,,,,,,,,,,,,Brice Matthews,33280,694728,DH,Brice Matthews,-1.9346223842575097,-1.6713962895011822,-1.012710762048099,-0.8174217310650479,-1.007025886436556,-0.2999610476441683,-0.18793226202833446,-4.572383214819857,0.0,-4.572383214819857,0.0,0.0,False,7,DH,DH 7
Deyvison De Los Santos,MIA,20.0111,80.4315,74.6882,17.3608,11.9301,2.99226,0.0881477,2.35029,8.22553,9.03699,4.48396,0.305606,20.1782,0.609004,0.570282,0.080025,1.47056,1.03808,0.302741,0.232444,0.0557488,0.250874,0.222218,0.279445,0.369272,0.281471,0.648717,0.136828,3.68891,0.284668,-0.0121885,-0.0267244,7.44108,-2.06252,77.0609,-0.0389129,-2.26634,-2.2256521359086037,-3.952937602996826,-0.358361,999.0,2.46425,-0.281411,1.78716,2.46425,0.281411,2.61712,64.6,3.23,64.6,3.23,,,,,,,,,,,,,,,,,,,Deyvison De Los Santos,sa3015168,691277,1B/3B,Deyvison De Los Santos,-0.9468663146258226,-2.9402375328790478,-1.007412109616457,-0.7852065036107027,-0.9357214708808853,-0.48344725883278394,-0.33060112310018386,-3.5526906999349515,4.432236963281538,-7.984927663216489,0.0,0.0,False,7,1B,1B 7
