Name,Team,W,L,QS,ERA,G,GS,SV,HLD,BS,IP,TBF,H,R,ER,HR,BB,IBB,HBP,K,K/9,BB/9,K/BB,HR/9,K%,BB%,K-BB%,AVG,WHIP,BABIP,LOB%,GB%,HR/FB,FIP,WAR,RA9-WAR,ADP,InterSD,InterSK,IntraSD,Vol,Skew,Dim,FPTS,FPTS/IP,SPTS,SPTS/IP,P10,P20,P30,P40,P50,P60,P70,P80,P90,TT10,TT20,TT30,TT40,TT50,TT60,TT70,TT80,TT90,NameASCII,PlayerId,MLBAMID,Pos,QS+W,SV+HLD,Impact_ERA,Impact_WHIP,QS+W_Z,SV+HLD_Z,K_Z,Impact_ERA_Z,Impact_WHIP_Z,Total_Z,Rep_Level,Z_Above_Rep,Base_Value,Value,Target,Tier,Primary_Pos,Pos_Tier
Tarik Skubal,DET,14.13,6.58295,17.9858,2.71365,29.374,29.374,0.0,0.0,0.0,188.17,736.482,144.001,61.6701,56.7365,18.3102,38.5156,0.651271,6.39052,228.353,10.9219,1.84217,5.92883,0.875759,0.310059,0.0522968,0.2577619701623916,0.208222,0.969958,0.282507,0.770301,,,2.68897,5.87851,5.79059,6.880000114440918,3.77101,-1.23725,2.03487,3.77101,1.23725,2.28685,1116.4,5.938297872340426,1027,5.462765957446808,,,,,,,,,,,,,,,,,,,Tarik Skubal,22267,669373,SP,32.1158,0.0,29.82105253853079,60.143848187690885,3.908363302973039,-0.6211034172977374,3.8312431119278525,7.5027349295686845,7.930796817431352,23.403777044899115,4.8385671445016785,18.565209900397438,83.41,90.26,False,1,SP,SP 1
Paul Skenes,PIT,12.0727,7.79093,17.441,2.75585,29.8062,29.8062,0.0,0.0,0.0,184.275,732.193,143.612,61.3328,56.4262,15.2274,45.9074,0.836632,6.431,221.243,10.8055,2.24211,4.81933,0.743703,0.302165,0.0626985,0.2394662126898765,0.21124,1.02846,0.289557,0.762104,,,2.66022,5.66255,5.95013,9.869999885559082,2.03257,-0.455226,1.78301,2.03257,0.455226,2.62265,1088.7000000000005,5.916847826086958,1011,5.494565217391305,,,,,,,,,,,,,,,,,,,Paul Skenes,33677,694973,SP,29.5137,0.0,28.33966594057374,48.11813037033931,3.5263690163173185,-0.6211034172977374,3.6742319936703596,7.130030077574388,6.345039878574575,21.028746898135367,4.8385671445016785,16.19017975363369,74.09,78.84,False,1,SP,SP 1
Garrett Crochet,BOS,13.9167,8.00129,16.6134,3.04436,29.2626,29.2626,0.0,0.0,0.712044,183.131,732.417,146.872,67.3331,61.9464,19.5526,47.4782,1.81126,5.1543,225.031,11.0591,2.33332,4.73966,0.960914,0.307244,0.064824,0.2424199134111404,0.216057,1.06126,0.292553,0.760689,,,2.92774,5.08689,5.13163,11.869999885559082,4.67918,-1.5055,1.4763,4.67918,1.5055,3.0316,1020.0,5.573770491803279,949,5.185792349726776,,,,,,,,,,,,,,,,,,,Garrett Crochet,27463,676979,SP,30.530099999999997,0.0,22.29322987688623,41.81204975851634,3.6755788825626103,-0.6211034172977374,3.757882924185041,5.608795808736367,5.5134960789387755,18.638623544644464,4.8385671445016785,13.800056400142786,64.71,67.35,False,1,SP,SP 1
Logan Webb,SFG,13.2254,9.41404,16.8773,3.29943,29.8821,29.8821,0.0,0.176178,0.0,192.772,792.95,181.922,76.8164,70.6711,15.324,44.2836,0.891884,5.77661,182.846,8.53656,2.06748,4.12898,0.715433,0.23059,0.0558467,0.1747428961098194,0.244884,1.17343,0.305841,0.72961,,,3.05058,4.83443,4.47817,58.5099983215332,4.08195,-0.667813,1.15077,4.08195,0.667813,3.46564,986.5,5.11139896373057,986,5.108808290155441,,,,,,,,,,,,,,,,,,,Logan Webb,17995,657277,SP,30.102700000000002,0.176178,18.003356703819193,22.389499739796705,3.6128355759576936,-0.5983217927125787,2.826305705662912,4.52949851507433,2.9523646828538106,14.119692834548912,4.8385671445016785,9.281125690047233,40.79,45.62,False,2,SP,SP 2
Cristopher Sánchez,PHI,11.913,7.49325,16.5242,3.1902,29.2445,29.2445,0.0,0.0,0.0,186.879,763.47,167.718,72.0028,66.2426,16.0722,46.0632,2.17065,5.87057,181.598,8.74567,2.21838,3.94237,0.774027,0.237859,0.060334,0.1775249987840652,0.235712,1.14395,0.295107,0.741208,,,3.14339,4.55234,4.87257,25.75,3.30356,-0.568924,1.12081,3.30356,0.568924,3.50558,958.2,5.124064171122995,935,5.0,,,,,,,,,,,,,,,,,,,Cristopher Sanchez,20778,650911,SP,28.4372,0.0,19.72109698064567,27.214399175572552,3.368336331337924,-0.6211034172977374,2.7987459481966184,4.961668035523723,3.5885942930753405,14.916171472467708,4.8385671445016785,10.077604327966029,39.76,49.45,False,2,SP,SP 2
Chris Sale,ATL,11.0998,6.25278,13.887,3.17937,25.4929,25.4929,0.0,0.0,0.0,156.188,633.357,128.316,59.9735,55.1756,16.5755,41.0376,0.658559,8.90971,192.409,11.0871,2.3647,4.6886,0.955126,0.303792,0.0647938,0.2389982715249061,0.219942,1.08429,0.298433,0.748421,,,3.01033,3.88133,3.9898,39.349998474121094,3.15961,-0.256831,1.12096,3.15961,0.256831,3.50538,846.5000000000002,5.426282051282053,793,5.083333333333333,,,,,,,,,,,,,,,,,,,Chris Sale,10603,519242,SP,24.986800000000002,0.0,16.670342583238796,32.063470104368754,2.8618096464768894,-0.6211034172977374,3.0374867638761893,4.194122974886252,4.22801124839857,14.332088150004568,4.8385671445016785,9.493521005502888,44.59,46.64,False,2,SP,SP 2
Yoshinobu Yamamoto,LAD,12.1748,6.75124,13.7294,3.2472,26.41,26.41,0.0,0.0,0.0,160.333,650.057,130.274,62.8783,57.8481,15.7327,47.2382,0.727526,4.95763,174.583,9.79993,2.65163,3.69581,0.883129,0.268566,0.0726677,0.1958985403180122,0.217901,1.10715,0.281053,0.737261,,,3.20965,3.7746,3.80289,26.75,3.50338,-0.583507,1.0362,3.50338,0.583507,3.6184,843.2,5.2700000000000005,786,4.9125,,,,,,,,,,,,,,,,,,,Yoshinobu Yamamoto,33825,808967,SP,25.9042,0.0,15.9045283209877,29.250183160318024,2.9964860841917953,-0.6211034172977374,2.643832728143691,4.0014503182947605,3.857040520473564,13.496192374716937,4.8385671445016785,8.65762523021526,43.06,42.62,False,2,SP,SP 2
Cole Ragans,KCR,10.195,7.89242,12.913,3.42467,26.0919,26.0919,0.0,0.0,0.0,153.591,627.888,121.921,63.5265,58.4444,16.5837,54.0698,1.74949,4.94744,190.655,11.1718,3.16834,3.52609,0.971759,0.303645,0.0861137,0.2175311893224716,0.214321,1.14584,0.291283,0.73615,,,3.2089,3.76074,3.28013,47.27000045776367,3.49759,-0.583816,0.921543,3.49759,0.583816,3.77128,818.3000000000002,5.313636363636364,754,4.896103896103896,,,,,,,,,,,,,,,,,,,Cole Ragans,21846,666142,SP,23.108,0.0,12.20693151908106,22.077228365816207,2.585997469478016,-0.6211034172977374,2.998752938078209,3.0711649554531317,2.911187390519425,11.527531328704981,4.8385671445016785,6.688964184203303,35.67,33.16,False,3,SP,SP 3
Framber Valdez,DET,12.8722,9.61922,15.8846,3.48747,28.6901,28.6901,0.0,0.0,0.0,186.061,776.722,165.965,78.3673,72.0979,15.7951,61.2185,0.721689,8.10165,173.536,8.39417,2.96121,2.83471,0.76403,0.223421,0.0788165,0.1446049809455871,0.234612,1.22102,0.289863,0.725683,,,3.49106,3.64137,3.78107,83.2300033569336,3.66232,-2.13457,1.13711,3.66232,2.13457,3.48385,889.0000000000001,4.779569892473119,863,4.639784946236559,,,,,,,,,,,,,,,,,,,Framber Valdez,17295,664285,SP,28.7568,0.0,13.489519795246737,12.757221954881011,3.415254349098643,-0.6211034172977374,2.620711681615478,3.3938537622083613,1.6822158596054422,11.228971954814815,4.8385671445016785,6.390404810313137,30.6,31.72,False,3,SP,SP 3
Jesús Luzardo,PHI,11.979,9.14089,14.4458,3.64564,29.2384,29.2384,0.0,0.0,0.0,175.256,718.94,149.938,77.164,70.9909,21.4299,53.8551,0.819171,5.15376,193.344,9.92892,2.76565,3.59008,1.1005,0.26893,0.074909,0.1940205171704292,0.227202,1.16283,0.288679,0.728627,,,3.52843,3.61527,3.49054,72.45999908447266,2.9225,-0.687304,1.01638,2.9225,0.687304,3.64483,855.7,4.889714285714286,811,4.634285714285714,,,,,,,,,,,,,,,,,,,Jesus Luzardo,19959,666200,SP,26.424799999999998,0.0,9.626256973442912,22.213699742689936,3.072911365938449,-0.6211034172977374,3.058134498836915,2.421888172536399,2.9291830258835447,11.604552055859747,4.8385671445016785,6.765984911358069,27.02,33.53,False,3,SP,SP 3
Max Fried,NYY,14.0329,8.23983,15.8474,3.32057,28.6091,28.6091,0.0,0.0,0.0,179.415,738.985,157.185,71.9515,66.1953,16.4466,52.624,0.852693,7.07891,170.267,8.54113,2.63979,3.23554,0.825016,0.230407,0.0712112,0.159195601940155,0.231399,1.16941,0.285724,0.73806,,,3.42709,3.61278,4.08295,50.15999984741211,2.22383,-2.27282,1.1539,2.22383,2.27282,3.46147,879.6000000000001,4.913966480446928,847,4.731843575418995,,,,,,,,,,,,,,,,,,,Max Fried,13743,608331,SP,29.8803,0.0,16.334982663020146,21.561166932000635,3.5801867425722613,-0.6211034172977374,2.5485219002394235,4.109749139182403,2.843137564972326,13.288677151115657,4.8385671445016785,8.45011000661398,41.52,41.63,False,2,SP,SP 2
Hunter Brown,HOU,12.0947,8.61113,15.7728,3.48788,29.271,29.271,0.0,0.0,0.0,178.412,735.557,151.336,75.1545,69.1422,19.5833,58.1369,1.49353,6.90619,193.673,9.76988,2.93272,3.33133,0.987884,0.263302,0.0790379,0.184263601899147,0.225702,1.1741,0.288137,0.737785,,,3.4847,3.56035,3.50795,36.90999984741211,2.66202,0.642935,1.02988,2.66202,-0.642935,3.62683,871.6,4.896629213483147,823,4.623595505617978,,,,,,,,,,,,,,,,,,,Hunter Brown,25880,686613,SP,27.8675,0.0,12.92670611417524,20.603817234746817,3.284703056249432,-0.6211034172977374,3.0653998515664105,3.2522544052319997,2.7168977888200687,12.479305918795733,4.8385671445016785,7.6407387742940545,33.93,37.74,False,2,SP,SP 3
Dylan Cease,TOR,10.4825,9.36845,12.3837,3.71149,28.9767,28.9767,0.0,0.0,0.0,168.055,698.556,139.945,75.3304,69.304,20.4006,64.3465,1.45914,5.22371,199.12,10.6636,3.446,3.0945,1.09253,0.285046,0.0921136,0.1929320842027664,0.222493,1.21562,0.291952,0.733856,,,3.58545,3.55189,2.84443,74.02999877929688,5.75103,-0.957707,1.07936,5.75103,0.957707,3.56085,824.2,4.905952380952381,771,4.589285714285714,,,,,,,,,,,,,,,,,,,Dylan Cease,18525,656302,SP,22.8662,0.0,8.000721750878418,12.429027290122768,2.550500671309862,-0.6211034172977374,3.1856867096745067,2.012916695831449,1.6389388615217826,9.216680903251133,4.8385671445016785,4.378113758749454,24.55,22.05,True,4,SP,SP 4
Sonny Gray,BOS,11.6768,8.57799,13.3297,3.80803,28.0752,28.0752,0.0,0.0,0.0,167.281,689.564,154.068,76.9337,70.779,20.662,43.591,0.647407,5.11752,176.923,9.51873,2.34527,4.05869,1.11165,0.256572,0.0632153,0.1933563351631164,0.240409,1.1816,0.300958,0.715484,,,3.49911,3.44998,2.94659,135.75,2.10697,-1.89786,0.96277,2.10697,1.89786,3.71631,784.1,4.695209580838323,769,4.604790419161676,,,,,,,,,,,,,,,,,,,Sonny Gray,12768,543243,SP,25.006500000000003,0.0,6.1696844140828455,18.06339163142437,2.8647016519521276,-0.6211034172977374,2.6955072733929923,1.552242554086438,2.3819075961926166,9.637497827044127,4.8385671445016785,4.798930682542449,23.74,24.07,False,4,SP,SP 4
Jacob deGrom,TEX,10.1304,6.80732,12.0944,3.4367,26.0189,26.0189,0.0,0.0,0.0,157.221,627.415,129.258,65.2561,60.0356,21.4711,36.1833,0.563385,4.46102,177.389,10.1545,2.07129,4.90251,1.2291,0.28273,0.0576704,0.2250594273209571,0.220287,1.05229,0.277866,0.74002,,,3.4295,3.44273,3.16092,49.77000045776367,2.59658,-1.29976,1.12286,2.59658,1.29976,3.50285,802.1,5.10891719745223,746,4.751592356687898,,,,,,,,,,,,,,,,,,,Jacob deGrom,10954,594798,SP,22.224800000000002,0.0,12.285519028858738,37.3079072302543,2.45634167070997,-0.6211034172977374,2.7057980161648616,3.0909369354620524,4.9195626958116785,13.217033487352406,4.8385671445016785,8.378466342850729,43.29,41.28,False,2,SP,SP 2
Bryan Woo,SEA,13.3627,8.21645,15.3348,3.40685,29.2532,29.2532,0.0,0.0,0.0,182.854,730.651,150.558,75.2362,69.2173,24.064,38.2386,0.924343,6.98917,184.708,9.09128,1.88209,4.83042,1.18442,0.2528,0.052335,0.2004647590219974,0.219656,1.0325,0.26538,0.732142,,,3.56772,3.42495,3.31379,35.040000915527344,3.62875,0.165141,1.40058,3.62875,-0.165141,3.13256,901.4,4.925683060109289,838,4.579234972677596,,,,,,,,,,,,,,,,,,,Bryan Woo,30279,693433,SP,28.697499999999998,0.0,14.894910829996864,47.0084358341502,3.4065489722112505,-0.6211034172977374,2.8674245104723988,3.7474387469267425,6.19871133191316,16.3117287020726,4.8385671445016785,11.473161557570922,50.9,56.16,False,1,SP,SP 2
Logan Gilbert,SEA,10.2975,7.74582,13.3219,3.42681,27.9007,27.9007,0.0,0.0,0.0,164.36,655.311,134.733,68.0231,62.5812,21.6165,36.7576,1.10532,5.5323,183.996,10.0752,2.01276,5.00565,1.18367,0.280776,0.0560919,0.2246843352913856,0.219785,1.04338,0.277648,0.732629,,,3.37785,3.26003,2.87639,36.650001525878906,3.13405,0.452058,1.21392,3.13405,-0.452058,3.38144,831.0,5.067073170731708,773,4.713414634146342,,,,,,,,,,,,,,,,,,,Logan Gilbert,22250,669302,SP,23.6194,0.0,13.023834464754854,40.46492566364927,2.661072169987502,-0.6211034172977374,2.8517013155076545,3.276691110395357,5.335859166666118,14.15176348530418,4.8385671445016785,9.313196340802502,46.14,45.78,False,2,SP,SP 2
Ranger Suarez,BOS,11.0957,8.83243,13.5246,3.67962,26.9363,26.9363,0.0,0.0,0.0,163.986,685.728,156.31,72.8752,67.0452,16.6632,46.8887,0.820189,5.32942,147.959,8.1204,2.57337,3.15554,0.914523,0.21577,0.0683779,0.1473916620016098,0.246737,1.23912,0.297826,0.724542,,,3.60687,3.25562,3.16878,181.6000061035156,2.57399,0.678795,0.861713,2.57399,-0.678795,3.85105,738.9000000000002,4.50548780487805,739,4.5060975609756095,,,,,,,,,,,,,,,,,,,Ranger Suarez,17277,624133,SP,24.6203,0.0,8.387795751626244,8.274522386707122,2.8080066004527846,-0.6211034172977374,2.0558912355294168,2.110301374725204,1.0911100268388192,8.139256415322105,4.8385671445016785,3.3006892708204267,13.5,16.87,False,5,SP,SP 5
Joe Ryan,MIN,11.1901,9.57614,13.4064,3.82038,27.9959,27.9959,0.0,0.0,0.0,168.168,681.858,145.574,77.5923,71.3849,25.2693,38.7226,0.567683,8.19353,185.395,9.92195,2.07236,4.78776,1.35237,0.271896,0.0567899,0.2151062600314617,0.229271,1.09591,0.283551,0.716523,,,3.72063,3.15734,2.63477,79.13999938964844,2.02876,0.72186,1.1358,2.02876,-0.72186,3.48559,785.1,4.673214285714286,744,4.428571428571429,,,,,,,,,,,,,,,,,,,Joe Ryan,21390,657746,SP,24.5965,0.0,5.971801362064338,32.56964993796888,2.8045127055131567,-0.6211034172977374,2.882595626962258,1.5024567832981457,4.294758048517446,11.62461813618229,4.8385671445016785,6.786050991680612,34.93,33.63,False,3,SP,SP 3
Kevin Gausman,TOR,11.3724,9.94286,13.7485,3.91354,28.9204,28.9204,0.0,0.174205,0.0,177.84,733.4,161.384,84.056,77.3316,23.5848,50.6785,1.06674,3.82314,174.346,8.82317,2.5647,3.44024,1.19356,0.237723,0.0691007,0.168622151017189,0.237714,1.19243,0.286504,0.714945,,,3.81786,3.11401,2.52837,115.52999877929688,2.83112,-0.39059,1.00023,2.83112,0.39059,3.66636,786.4,4.417977528089888,761,4.275280898876405,,,,,,,,,,,,,,,,,,,Kevin Gausman,14107,592332,SP,25.1209,0.174205,4.474188082331491,17.276576928835386,2.881495836031684,-0.5985769218734645,2.6385990242017745,1.1256694297894243,2.278155213742336,9.066033167980395,4.8385671445016785,4.2274660234787165,17.26,21.32,False,4,SP,SP 4
George Kirby,SEA,11.7063,8.84013,13.429,3.6182,27.8143,27.8143,0.0,0.0,0.0,164.154,665.305,149.75,71.732,65.9934,19.982,31.4777,0.640922,6.59088,160.672,8.80912,1.72582,5.10432,1.09555,0.241501,0.0473132,0.1941883377730846,0.238745,1.10401,0.29058,0.714477,,,3.45574,3.08245,2.41868,64.68000030517578,2.99691,-0.597212,0.943665,2.99691,0.597212,3.74178,785.6000000000001,4.790243902439025,768,4.682926829268292,,,,,,,,,,,,,,,,,,,George Kirby,25436,669923,SP,25.1353,0.0,9.516875173566367,30.46217198704475,2.8836097892724677,-0.6211034172977374,2.336634181578292,2.394368598922004,4.016857981766869,11.660094130027822,4.8385671445016785,6.821526985526144,36.37,33.8,False,3,SP,SP 3
Zack Wheeler,PHI,9.27636,5.39758,12.2466,3.29709,20.7639,20.7639,0.0,0.0,0.0,129.36,522.0,105.377,51.5111,47.3902,15.0961,34.8358,0.540028,5.60029,149.593,10.4076,2.42363,4.29422,1.05028,0.286576,0.0667353,0.2198406085371971,0.218823,1.0839,0.284911,0.744903,,,3.27716,2.95685,3.09389,112.87000274658205,3.2924,0.418855,0.883442,3.2924,-0.418855,3.82208,674.0999999999999,5.225581395348836,627,4.8604651162790695,,,,,,,,,,,,,,,,,,,Zack Wheeler,10310,554430,SP,21.52296,0.0,12.114954893895648,26.607392259976095,2.3533099385911234,-0.6211034172977374,2.0919750846479457,3.048024382611485,3.5085520500291687,10.80815601880928,4.8385671445016785,5.969588874307601,34.4,29.7,False,3,SP,SP 4
Nathan Eovaldi,TEX,10.7754,7.84355,12.979,3.65923,24.8627,24.8627,0.0,0.170399,0.0,152.811,621.382,133.367,67.5328,62.1302,18.0042,37.0509,0.947716,6.28251,148.398,8.74005,2.18216,4.00523,1.06038,0.238819,0.0596267,0.1791920363903045,0.23072,1.11522,0.280248,0.708517,,,3.57529,2.92809,2.56447,137.50999450683594,4.76647,0.746751,0.816698,4.76647,-0.746751,3.91107,732.0,4.784313725490196,698,4.562091503267974,,,,,,,,,,,,,,,,,,,Nathan Eovaldi,9132,543135,SP,23.754399999999997,0.170399,8.16233420293048,26.64425522139151,2.680890481619846,-0.5990690767575653,2.065585733548409,2.0535770778718745,3.5134129404757215,10.137286839489908,4.8385671445016785,5.29871969498823,21.74,26.48,False,4,SP,SP 4
Kyle Bradish,BAL,7.99666,6.74263,10.2313,3.60916,24.1944,24.1944,0.0,0.0,0.0,135.274,558.734,116.109,58.9643,54.2472,15.2445,42.9896,0.525696,5.98966,146.258,9.7308,2.86017,3.40217,1.01424,0.261766,0.076941,0.1848252937197685,0.227774,1.17612,0.28963,0.726894,,,3.52398,2.88816,2.3684,73.5999984741211,2.81146,-0.169487,0.538848,2.81146,0.169487,4.28154,657.9,4.873333333333333,625,4.62962962962963,,,,,,,,,,,,,,,,,,,Kyle Bradish,24586,680694,SP,18.22796,0.0,7.97837454481168,15.348174024242445,1.869596332453542,-0.6211034172977374,2.0183278160981937,2.007294320051166,2.0238686644223827,7.796943614906579,4.8385671445016785,2.9583764704049003,12.38,15.22,True,5,SP,SP 5
Freddy Peralta,NYM,11.8145,8.44917,12.1996,3.76039,28.1595,28.1595,0.0,0.0,0.0,162.32,672.022,132.69,73.7179,67.8205,21.5557,59.5892,0.623543,7.3923,181.252,10.0497,3.30399,3.0417,1.19518,0.269712,0.0886716,0.1810404360294342,0.219308,1.18457,0.276294,0.731403,,,3.86619,2.85555,2.72451,56.619998931884766,3.13977,0.152927,0.982331,3.13977,-0.152927,3.69023,743.3999999999999,4.588888888888888,685,4.228395061728395,,,,,,,,,,,,,,,,,,,Freddy Peralta,18679,642547,SP,24.0141,0.0,6.846141484053346,17.045580516692272,2.7190150411081406,-0.6211034172977374,2.7911051821042,1.7224336659079862,2.247695147327138,9.474828859229907,4.8385671445016785,4.636261714728229,22.55,23.29,False,4,SP,SP 4
Chase Burns,CIN,7.31474,7.58512,9.42928,3.592,28.5151,23.1255,0.0,0.408918,0.0,127.986,524.168,108.107,55.5226,51.0808,17.0595,40.1816,0.817968,3.43943,151.459,10.6506,2.82557,3.76936,1.19962,0.288951,0.0766579,0.2122935727238655,0.224966,1.15862,0.291791,0.745675,,,3.5236,2.82768,2.69988,101.97000122070312,3.88914,-0.23924,0.605692,3.88914,0.23924,4.19241,630.3,4.92421875,592,4.625,,,,,,,,,,,,,,,,,,,Chase Burns,35333,695505,SP,16.74402,0.408918,7.7923196215996215,16.759708028643296,1.6517505149446492,-0.5682261206879794,2.1331822220134145,1.9604844105284318,2.2099989126044317,7.7476071745504544,4.8385671445016785,2.909040030048776,11.99,14.99,False,5,SP,SP 5
Michael King,SDP,10.0481,8.35256,11.0616,3.72514,27.3297,27.3297,0.0,0.0,0.648778,155.795,651.004,136.52,70.0919,64.4845,20.1396,54.2242,1.65051,6.89453,162.959,9.41384,3.13243,3.00528,1.16343,0.25032,0.0832933,0.1670267581939697,0.231435,1.22433,0.286098,0.742253,,,3.90058,2.81715,2.75821,127.23999786376952,2.31214,0.453,0.782366,2.31214,-0.45308,3.95684,695.2,4.456410256410257,663,4.25,,,,,,,,,,,,,,,,,,,Michael King,19853,650633,SP,21.1097,0.0,7.180663935486018,10.166064789293202,2.2926424166268085,-0.6211034172977374,2.3871383204608363,1.8065968012582887,1.340536010019196,7.857526189759742,4.8385671445016785,3.0189590452580637,22.11,15.51,True,5,SP,SP 5
Brandon Woodruff,MIL,9.82595,7.43477,10.9254,3.73889,24.9335,24.9335,0.0,0.0,0.0,144.491,587.732,122.433,65.2458,60.0261,20.5352,39.1066,0.489122,5.72339,153.496,9.56093,2.43586,3.92507,1.27909,0.261167,0.0665382,0.1946290135383606,0.225517,1.118,0.276244,0.725158,,,3.78884,2.78285,2.53182,132.47000122070312,2.02542,-0.425694,0.772177,2.02542,0.425694,3.97043,661.1000000000001,4.590972222222224,618,4.291666666666667,,,,,,,,,,,,,,,,,,,Brandon Woodruff,16162,605540,SP,20.751350000000002,0.0,6.439262830657669,24.79324168086119,2.2400358094160646,-0.6211034172977374,2.1781655761471015,1.6200662970505886,3.2693312473581098,9.300315017188826,4.8385671445016785,4.461747872687147,18.16,22.45,False,4,SP,SP 4
Drew Rasmussen,TBR,9.59587,7.67306,10.0743,3.62092,28.2259,28.2259,0.0517415,0.0,0.0,151.395,619.511,135.365,66.2063,60.9098,16.8909,38.5768,0.800824,5.01018,138.453,8.23064,2.29328,3.58902,1.00412,0.223487,0.0622697,0.1612176671624183,0.23504,1.14893,0.281692,0.716829,,,3.62021,2.77413,2.85725,137.5800018310547,3.24105,0.713582,0.621617,3.24105,-0.713582,4.17118,701.3000000000002,4.644370860927154,678,4.490066225165563,,,,,,,,,,,,,,,,,,,Drew Rasmussen,25385,656876,SP,19.67017,0.0517415,8.731379075149443,21.29430858997431,2.0813160896334146,-0.6144127100103747,1.8459689162388784,2.1967441519975384,2.8079486079398004,8.860584645219594,4.8385671445016785,4.022017500717916,16.47,20.34,True,4,SP,SP 5
José Soriano,LAA,10.0268,10.1209,12.973,3.76481,29.709,29.709,0.0,0.233438,0.199163,169.845,727.425,151.526,77.2262,71.0481,14.5253,72.6274,1.31432,9.02395,157.523,8.34706,3.8485,2.16891,0.769691,0.216548,0.0998418,0.1167064160108566,0.234642,1.31976,0.289198,0.720875,,,3.83423,2.7394,2.90443,333.17999267578125,2.52008,0.26757,1.25159,2.52008,-0.26757,3.33122,748.3,4.401764705882353,725,4.264705882352941,,,,,,,,,,,,,,,,,,,Jose Soriano,22100,667755,SP,22.9998,0.233438,7.0800155917880705,-5.124522801517985,2.570113459710463,-0.5909174867053236,2.2670943768816896,1.7812744943782706,-0.675739088032798,6.057815047936092,4.8385671445016785,1.2192479034344137,5.49,6.86,False,6,SP,SP 6
Eury Pérez,MIA,8.79941,8.5308,9.1662,3.90673,26.7435,26.7435,0.0,0.0,0.0,143.6,589.096,118.856,67.7545,62.3342,20.0222,47.5709,0.610638,4.79251,160.035,10.0301,2.98146,3.36414,1.25488,0.271663,0.0807524,0.1909100860357284,0.221444,1.15896,0.277099,0.712974,,,3.81277,2.62192,2.36176,81.3499984741211,2.60172,-0.299115,0.721283,2.60172,0.299115,4.03829,671.2000000000002,4.661111111111112,621,4.3125,,,,,,,,,,,,,,,,,,,Eury Perez,27768,691587,SP,17.965609999999998,0.0,3.7213058964395023,18.75692505049909,1.8310827468480202,-0.6211034172977374,2.3225672220382045,0.9362503787132297,2.4733595534337858,7.491858206409554,4.8385671445016785,2.6532910619078756,11.21,13.76,False,5,SP,SP 5
Jack Flaherty,DET,9.95026,9.70801,11.6315,4.04544,27.6856,27.6856,0.0,0.0,0.0,156.655,657.006,140.671,76.5385,70.4154,21.1479,53.7626,1.07176,6.70624,172.707,9.92218,3.08872,3.21239,1.21497,0.262869,0.0818297,0.1810395866632461,0.235812,1.24115,0.296816,0.715267,,,3.84316,2.5991,1.99276,212.82000732421875,2.79236,-0.521969,1.02391,2.79236,0.521969,3.63478,699.9,4.45796178343949,675,4.2993630573248405,,,,,,,,,,,,,,,,,,,Jack Flaherty,17479,656427,SP,21.581760000000003,0.0,1.6453609763699886,7.585704410069222,2.3619419143243223,-0.6211034172977374,2.6024047593882678,0.41395947554869744,1.000279865791236,6.360313927886567,4.8385671445016785,1.5217467833848888,8.34,8.32,False,6,SP,SP 6
Nick Pivetta,SDP,10.325,8.79967,13.2636,3.91717,27.7444,27.7444,0.0,0.0,0.0,167.628,685.182,142.575,79.3028,72.9586,26.0813,50.175,1.07277,4.63392,183.162,9.83399,2.69391,3.65046,1.40031,0.267318,0.0732287,0.1940897181630134,0.226175,1.14986,0.276621,0.726125,,,3.95338,2.5979,2.5865,95.61000061035156,1.74969,0.908918,1.00362,1.74969,-0.908918,3.66184,752.6000000000001,4.479761904761905,703,4.184523809523809,,,,,,,,,,,,,,,,,,,Nick Pivetta,15454,601713,SP,23.5886,0.0,4.149703220113922,23.419876222597896,2.6565506588891603,-0.6211034172977374,2.8332839775854675,1.0440316704671984,3.0882340489950386,9.756276485030375,4.8385671445016785,4.917709340528696,19.91,24.64,False,4,SP,SP 4
MacKenzie Gore,TEX,9.568,9.66741,11.732,3.91322,27.667,27.667,0.0,0.0,0.0,155.883,656.124,136.621,73.6721,67.7783,20.1116,59.4765,0.653917,6.40556,175.814,10.1507,3.43391,2.95602,1.16115,0.267958,0.0906483,0.1773102134466171,0.231467,1.25798,0.295473,0.728978,,,3.82456,2.57769,2.11205,164.72000122070312,4.66624,-1.50003,1.00398,4.66624,1.50003,3.66136,709.2,4.546153846153847,677,4.339743589743589,,,,,,,,,,,,,,,,,,,MacKenzie Gore,22201,669022,SP,21.299999999999997,0.0,3.9273436326927538,4.926247913279577,2.320578895912994,-0.6211034172977374,2.6710170722470625,0.9880878019094497,0.6495938063456236,6.439207344910336,4.8385671445016785,1.600640200408658,7.16,8.7,False,6,SP,SP 6
Blake Snell,LAD,9.08318,5.90082,10.5012,3.44427,21.5046,21.5046,0.0,0.0,0.0,125.375,518.305,97.3245,52.1528,47.9805,13.3707,53.2014,0.955695,2.93901,154.347,11.0798,3.81905,2.90118,0.959813,0.297791,0.102645,0.1951462477445602,0.210584,1.20061,0.285123,0.746343,,,3.40271,2.55354,2.65481,158.91000366210938,2.53912,0.373912,0.6798,2.53912,-0.373912,4.0936,652.9000000000001,5.2232,596,4.768,,,,,,,,,,,,,,,,,,,Blake Snell,13543,605483,SP,19.584380000000003,0.0,9.69156860561353,11.155312156729266,2.0687219195968316,-0.6211034172977374,2.1969583274322106,2.4383200494247315,1.4709819344108441,8.006312192337525,4.8385671445016785,3.1677450478358464,20.08,16.23,False,5,SP,SP 5
Kris Bubic,KCR,8.49995,7.83425,10.3702,3.74836,29.762,23.6999,0.0121837,0.530421,1.3411,137.452,575.054,125.812,62.2244,57.2465,14.6148,44.6439,1.79721,4.61359,133.63,8.74976,2.92318,2.99324,0.956944,0.232378,0.0776344,0.1547436192631721,0.239279,1.24011,0.294522,0.721566,,,3.64809,2.52917,2.29745,194.55999755859375,2.62858,0.957858,0.508329,2.62858,-0.957858,4.32223,623.7000000000002,4.5525547445255485,612,4.467153284671533,,,,,,,,,,,,,,,,,,,Kris Bubic,21455,663460,SP,18.870150000000002,0.5426047,5.98094705067829,6.799581342905308,1.963871306877061,-0.5509390575391825,1.739461936863929,1.5047577643694943,0.8966186850214806,6.062912465678664,4.8385671445016785,1.224345321176986,5.51,6.89,False,6,SP,SP 6
Matthew Boyd,CHC,10.5064,8.55731,12.141,3.89043,26.6444,26.6444,0.0,0.0,0.0,157.937,655.031,144.094,74.2082,68.2715,20.8354,44.4552,0.907902,6.88429,144.298,8.22276,2.53327,3.24591,1.1873,0.220291,0.0678673,0.1524240747094154,0.238689,1.19383,0.281055,0.717414,,,3.99803,2.48892,2.46371,216.75,3.91414,3.66358,0.723417,3.91414,-3.66358,4.03544,671.5000000000001,4.250000000000001,652,4.1265822784810124,,,,,,,,,,,,,,,,,,,Matthew Boyd,15440,571510,SP,22.647399999999998,0.0,4.37897656522261,15.123347193598063,2.5183803262346256,-0.6211034172977374,1.9750448636671547,1.101714984379188,1.9942221425140525,7.472890624231405,4.8385671445016785,2.6343234797297264,10.94,13.67,False,5,SP,SP 5
Spencer Strider,ATL,10.5704,8.79801,11.1111,3.95201,26.2107,26.2107,0.0,0.0,0.0,155.2,648.066,133.527,74.0761,68.15,20.8746,56.0186,0.682899,6.88951,180.166,10.4478,3.24851,3.21618,1.21051,0.278005,0.0864396,0.1915657818317413,0.228189,1.2213,0.293275,0.720238,,,3.77794,2.46908,2.39305,107.81999969482422,3.01967,-0.400851,1.02496,3.01967,0.400851,3.63338,711.3000000000001,4.589032258064517,673,4.341935483870968,,,,,,,,,,,,,,,,,,,Spencer Strider,27498,675911,SP,21.6815,0.0,3.241465982781403,10.597364121430775,2.376583976562914,-0.6211034172977374,2.767122893155165,0.815526548588446,1.3974087821105734,7.303733302238515,4.8385671445016785,2.465166157736837,13.64,12.85,False,5,SP,SP 5
Shohei Ohtani,LAD,7.74898,4.99826,8.06255,3.36711,21.7069,21.7069,0.0,0.0,0.0,113.252,459.19,90.512,46.0546,42.3702,13.5992,34.5348,0.522254,4.57961,134.639,10.6996,2.74444,3.89864,1.08071,0.293209,0.0752081,0.2180013433098793,0.215466,1.10415,0.282937,0.745153,,,3.3546,2.46754,2.50699,1.2599999904632568,2.24531,0.365578,0.747266,2.24531,-0.365578,4.00364,577.4,5.109734513274336,533,4.716814159292035,,,,,,,,,,,,,,,,,,,Shohei Ohtani,19755,660271,DH,15.811530000000001,0.0,9.725330318827066,21.000822246651282,1.514858830396172,-0.6211034172977374,1.7617438241103163,2.4468142226160365,2.7692483812711948,7.27967628882238,7.862227600262381,-0.5825513114400014,9.89,0.0,False,7,DH,DH 7
Sandy Alcantara,MIA,10.4049,10.9424,12.3029,4.15563,28.297,28.297,0.0,0.0,0.0,176.294,742.276,170.644,88.4799,81.4015,20.5497,51.1625,0.90915,7.0978,147.875,7.54919,2.6119,2.89031,1.04908,0.199219,0.0689265,0.1302923336625099,0.249474,1.25816,0.291111,0.690679,,,3.9643,2.46147,2.38532,145.8800048828125,2.67073,0.40324,1.08132,2.67073,-0.40324,3.55824,721.5000000000001,4.099431818181819,729,4.142045454545454,,,,,,,,,,,,,,,,,,,Sandy Alcantara,18684,645261,SP,22.7078,0.0,-0.3068665981413255,5.538884773347402,2.5272471856612446,-0.6211034172977374,2.0540362518538005,-0.07720514698862672,0.730378435305588,5.327236478172127,4.8385671445016785,0.4886693336704484,8.47,3.35,True,6,SP,SP 6
Tanner Bibee,CLE,10.8463,9.74741,12.0218,3.98468,28.6195,28.6195,0.0,0.0,0.0,174.062,726.146,160.025,83.7658,77.0645,23.7328,51.8144,0.991872,7.78753,163.593,8.45871,2.67911,3.15729,1.22712,0.225289,0.0713554,0.1539340913295745,0.240081,1.21703,0.284404,0.717043,,,4.05519,2.44457,2.22111,187.47000122070312,3.13426,-1.1803,0.965955,3.13426,1.1803,3.71206,724.4000000000001,4.163218390804598,706,4.057471264367816,,,,,,,,,,,,,,,,,,,Tanner Bibee,30134,676440,SP,22.8681,0.0,3.0034210817970317,12.627640083147451,2.5507795956957984,-0.6211034172977374,2.4011390305839373,0.7556363823673325,1.6651287006206328,7.411253373524042,4.8385671445016785,2.5726862290223638,15.36,13.37,False,5,SP,SP 5
Aaron Nola,PHI,9.97973,9.9081,12.2708,4.16237,27.2122,27.2122,0.0,0.0,0.0,163.664,681.992,155.171,82.2741,75.6922,25.0194,45.4262,0.666137,5.16673,161.454,8.87846,2.49802,3.5542,1.37584,0.236738,0.0666081,0.1701303943991661,0.245758,1.22567,0.292525,0.714641,,,4.07685,2.43019,2.24488,209.9499969482422,3.64212,-0.290432,1.02583,3.64212,0.290432,3.63223,675.1000000000001,4.116463414634147,667,4.067073170731708,,,,,,,,,,,,,,,,,,,Aaron Nola,16149,605400,SP,22.250529999999998,0.0,-0.40732314042566853,10.460777319393351,2.460118894104786,-0.6211034172977374,2.353903196272717,-0.10247919818875137,1.3793979263448921,6.026943978019297,4.8385671445016785,1.1883768335176184,13.02,6.71,True,6,SP,SP 6
Andrew Abbott,CIN,9.74904,9.12877,10.8933,4.11125,27.7162,27.7162,0.0,0.0,0.0,163.921,687.009,154.503,81.3911,74.8799,26.1932,50.7326,0.815985,4.09495,149.592,8.21331,2.78545,2.94865,1.43813,0.217745,0.0738456,0.1438989490270614,0.244397,1.25204,0.281137,0.734698,,,4.39068,2.41398,2.60733,219.82000732421875,4.07839,0.134436,0.931081,4.07839,-0.134436,3.75856,625.8000000000002,3.8158536585365863,617,3.762195121951219,,,,,,,,,,,,,,,,,,,Andrew Abbott,29911,671096,SP,20.64234,0.0,0.5231959752803523,6.153799624671768,2.2240328897787176,-0.6211034172977374,2.0919530015089505,0.13163186355256187,0.8114634488660047,5.156907926282417,4.8385671445016785,0.3183407817807389,2.02,2.53,False,6,SP,SP 6
Nick Lodolo,CIN,8.95811,8.14839,11.4862,4.02648,26.6257,26.6257,0.0,0.0,0.0,151.947,636.809,140.271,73.89,67.9788,22.0794,39.2674,1.0857,13.3691,154.381,9.14419,2.32586,3.93153,1.30779,0.242429,0.0616628,0.1807662956416607,0.240119,1.18159,0.28989,0.710828,,,4.03137,2.40565,2.52381,122.41999816894533,2.22226,-0.182249,0.748229,2.22226,0.182249,4.00236,642.1999999999999,4.225,626,4.118421052631579,,,,,,,,,,,,,,,,,,,Nick Lodolo,26378,666157,SP,20.44431,0.0,1.9162971758098313,16.40955727679796,2.194961628648695,-0.6211034172977374,2.197709154158055,0.482124825668229,2.1638267012805055,7.035657135608896,4.8385671445016785,2.1970899911072177,9.45,11.56,False,5,SP,SP 5
Tyler Glasnow,LAD,7.95148,5.74012,10.6933,3.68819,22.384,22.384,0.0,0.0,0.0,128.694,528.414,102.408,57.3244,52.7385,15.7707,48.1158,0.457192,3.3924,150.917,10.5542,3.36491,3.13654,1.10291,0.285604,0.091057,0.1945473849773407,0.214734,1.16963,0.279278,0.725598,,,3.58356,2.35589,2.37637,119.5199966430664,2.63186,-0.748382,0.554568,2.63186,0.748382,4.26058,641.5999999999999,4.973643410852713,586,4.542635658914729,,,,,,,,,,,,,,,,,,,Tyler Glasnow,14374,607192,SP,18.64478,0.0,6.460297185490144,15.43753134435189,1.9307864706357172,-0.6211034172977374,2.1212131606778923,1.6253583701093326,2.0356516608765935,7.544320252249579,4.8385671445016785,2.705753107747901,19.98,14.01,False,5,SP,SP 5
Mitch Keller,PIT,9.40116,11.4318,13.261,4.31711,29.6699,29.6699,0.0,0.0,0.0,175.834,747.557,173.068,91.678,84.3438,22.2557,52.7379,0.8778,10.0745,154.542,7.91019,2.69937,2.93038,1.13915,0.206729,0.0705469,0.1361825540661811,0.252749,1.2842,0.296906,0.68908,,,4.09443,2.33858,2.03219,552.8099975585938,2.07414,-0.275965,1.27189,2.07414,0.275965,3.30415,703.0000000000002,3.994318181818183,715,4.0625,,,,,,,,,,,,,,,,,,,Mitch Keller,17594,656605,SP,22.66216,0.0,-3.4607650153583256,0.9462775343277061,2.5205471283064287,-0.6211034172977374,2.201264539536319,-0.8707004063726266,0.12477975859198237,4.113031248899074,4.8385671445016785,-0.7255358956026043,0.0,0.0,False,7,SP,SP 7
David Peterson,NYM,9.38256,7.37411,12.7431,3.94825,27.5487,27.5487,0.0,0.0,0.0,160.011,685.949,152.826,76.3,70.196,15.5926,60.898,1.79917,7.33697,142.808,8.03238,3.42528,2.34503,0.877023,0.20819,0.0887792,0.1194107234477996,0.247405,1.33568,0.298778,0.716143,,,3.89629,2.33567,2.38298,490.2000122070313,4.15529,-0.103498,1.16336,4.15529,0.103498,3.44885,671.4000000000001,4.196250000000001,674,4.2125,,,,,,,,,,,,,,,,,,,David Peterson,20302,656849,SP,22.12566,0.0,3.408509428935799,-7.3768619069957415,2.44178768985641,-0.6211034172977374,1.942140986563967,0.8575533246923003,-0.9727410981761231,4.134490723950406,4.8385671445016785,-0.7040764205512726,0.0,0.0,False,7,SP,SP 7
Brady Singer,CIN,10.565,11.1751,11.976,4.40227,28.8926,28.8926,0.0,0.0,0.0,166.08,706.862,161.032,88.3008,81.2367,23.7357,53.0593,0.631736,9.47627,154.219,8.35721,2.87532,2.90654,1.28626,0.218174,0.0750632,0.1431106775999069,0.249924,1.28909,0.294393,0.695509,,,4.26552,2.33022,2.04646,362.5899963378906,2.24069,-0.272178,1.42271,2.24069,0.272178,3.10305,636.6,3.834939759036145,640,3.855421686746988,,,,,,,,,,,,,,,,,,,Brady Singer,25377,663903,SP,22.541,0.0,-4.840471453477198,0.08230490520117877,2.5027605606221712,-0.6211034172977374,2.1941316856407953,-1.21782335491545,0.01085303817260625,3.55863895517221,4.8385671445016785,-1.2799281893294685,0.0,0.0,False,7,SP,SP 7
Nolan McLean,NYM,10.6292,7.83672,11.2019,3.69964,25.6021,25.6021,0.0,0.0,0.0,151.53,639.039,132.55,67.7058,62.2894,16.016,56.9983,0.79494,8.53982,149.414,8.87433,3.38537,2.62137,0.951257,0.23381,0.0891937,0.1446164771914482,0.231124,1.2509,0.285572,0.729045,,,3.83463,2.32735,2.70977,88.68000030517578,3.36554,1.4873,0.846805,3.36554,-1.4873,3.87093,682.2,4.488157894736842,652,4.2894736842105265,,,,,,,,,,,,,,,,,,,Nolan McLean,33703,690997,SP,21.8311,0.0,7.413878610637036,5.861902018817027,2.398545601897719,-0.6211034172977374,2.088022202767764,1.865271721839404,0.7729727191690247,7.014063381112604,4.8385671445016785,2.1754962366109254,9.17,11.46,False,5,SP,SP 6
Emmet Sheehan,LAD,9.21305,5.66458,8.4008,3.91398,33.3553,23.1625,0.0,0.312609,0.0,133.517,547.441,110.613,63.1137,58.0646,18.9068,42.8508,0.896101,5.44346,151.966,10.2436,2.88846,3.5464,1.27445,0.277593,0.0782747,0.1993185505270958,0.221604,1.1494,0.279359,0.71145,,,3.78478,2.29153,1.955,111.0199966430664,2.08874,-0.16758,0.702082,2.08874,0.16758,4.06389,629.2999999999998,4.696268656716417,583,4.350746268656716,,,,,,,,,,,,,,,,,,,Emmet Sheehan,29839,686218,SP,17.61385,0.312609,3.352760590354543,18.71718028737804,1.7794435668495512,-0.5806798633923582,2.1443783734840967,0.8435273691038433,2.4681186576419782,7.178554875874577,4.8385671445016785,2.339987731372899,9.8,12.25,False,5,SP,SP 5
Luis Castillo,SEA,10.8909,9.72486,13.7496,3.89773,28.4706,28.4706,0.0,0.0,0.0,172.168,711.716,155.995,81.0466,74.5628,23.9682,48.2516,1.09028,6.45986,160.193,8.374,2.52232,3.31996,1.25293,0.22508,0.0677961,0.1572839394211769,0.237434,1.18632,0.279219,0.721772,,,4.03736,2.25486,1.92583,171.11000061035156,2.17335,1.2234,0.851792,2.17335,-1.2234,3.86428,729.9999999999999,4.2441860465116275,706,4.104651162790698,,,,,,,,,,,,,,,,,,,Luis Castillo,15689,622491,SP,24.6405,0.0,4.633887598733962,17.77797375553153,2.810972007082217,-0.6211034172977374,2.3260563579994824,1.1658485327369112,2.344271308359737,8.7512894730172,4.8385671445016785,3.912722328515522,22.01,19.81,False,4,SP,SP 5
Trevor Rogers,BAL,8.84933,7.8941,10.6586,4.02492,25.2834,25.2834,0.0,0.0,0.0,146.42,617.048,138.836,71.1751,65.4811,17.3987,47.0988,1.17379,5.02971,127.11,7.81308,2.89501,2.6988,1.06945,0.205998,0.0763292,0.1296684294939041,0.245763,1.26987,0.288854,0.710249,,,4.01171,2.23941,1.78985,150.3699951171875,4.27769,1.44934,0.658215,4.27769,-1.44934,4.12238,607.9000000000001,4.163698630136987,607,4.157534246575342,,,,,,,,,,,,,,,,,,,Trevor Rogers,22286,669432,SP,19.50793,0.0,1.87159619329158,2.8856433418807503,2.0574988831205894,-0.6211034172977374,1.5954798706137385,0.47087842105214806,0.3805119180370893,4.280294240519261,4.8385671445016785,-0.5582729039824175,0.0,0.0,False,7,SP,SP 7
Shane McClanahan,TBR,7.26921,5.72167,9.171,3.67523,19.484,19.484,0.0,0.0,0.0,114.425,469.201,99.8391,50.7895,46.7264,14.259,34.6275,0.702877,2.80614,121.763,9.57722,2.7236,3.51638,1.12154,0.259512,0.073801,0.1857110559940338,0.231234,1.17515,0.289371,0.730779,,,3.6083,2.18494,2.03275,196.36000061035156,5.03018,-1.28126,0.420342,5.03018,1.28126,4.43954,541.3999999999999,4.749122807017542,518,4.543859649122807,,,,,,,,,,,,,,,,,,,Shane McClanahan,21483,663556,SP,16.44021,0.0,5.908706282730432,13.093700706151525,1.6071505056333721,-0.6211034172977374,1.4774013264051857,1.4865825731242843,1.7265852288779528,5.829530095717908,4.8385671445016785,0.9909629512162299,14.69,5.76,False,6,SP,SP 6
Yusei Kikuchi,LAA,8.16756,9.82658,11.4751,4.23683,29.0237,29.0237,0.0,0.0,0.0,165.662,704.291,157.898,84.7682,77.9867,25.252,59.3299,1.57281,4.9884,168.169,9.13622,3.22325,2.83447,1.37188,0.238777,0.0842406,0.1545368656516075,0.246726,1.31127,0.297044,0.7283,,,4.25122,2.14532,1.81827,507.7900085449219,3.96828,-0.19,1.27775,3.96828,0.19,3.29633,654.1000000000001,3.9403614457831337,649,3.909638554216868,,,,,,,,,,,,,,,,,,,Yusei Kikuchi,20633,579328,SP,19.64266,0.0,-1.7827500152091835,-3.593339933734124,2.0772775581296683,-0.6211034172977374,2.5021914746270157,-0.4485254433094538,-0.4738314851665923,3.5607870660159193,4.8385671445016785,-1.2777800784857591,2.61,0.0,False,7,SP,SP 7
Merrill Kelly,ARI,10.137,7.64256,12.1177,4.06686,26.4917,26.4917,0.0,0.0,0.0,158.129,660.027,149.155,77.6676,71.4542,20.7637,46.8693,1.02297,3.84728,142.66,8.11956,2.66759,3.04378,1.18178,0.216142,0.0710111,0.1451311036944389,0.244793,1.23965,0.287946,0.708913,,,3.99999,2.1101,2.21489,273.94000244140625,2.571,0.189651,0.849949,2.571,-0.189651,3.86673,656.5000000000001,4.155063291139241,650,4.113924050632911,,,,,,,,,,,,,,,,,,,Merrill Kelly,11156,518876,SP,22.2547,0.0,1.2845959045827418,7.895846736841019,2.460731059730763,-0.6211034172977374,1.9388726819926436,0.3231939097803779,1.0411764138544162,5.748962700177757,4.8385671445016785,0.9103955556760788,4.5,5.38,False,6,SP,SP 6
Casey Mize,DET,9.06685,8.447,9.55179,4.11642,26.3589,26.3589,0.0,0.0,0.0,144.649,607.322,142.135,71.9125,66.1595,19.3617,38.9418,0.921444,5.31761,126.242,7.85472,2.42295,3.24181,1.20468,0.207866,0.0641205,0.1437457799911499,0.252431,1.25183,0.294096,0.708995,,,4.04767,2.1064,1.74902,279.30999755859375,2.70162,1.28606,0.675996,2.70162,-1.28606,4.09867,590.0999999999999,4.069655172413793,598,4.124137931034483,,,,,,,,,,,,,,,,,,,Casey Mize,20492,663554,SP,18.61864,0.0,0.3785422870061085,5.459795471654914,1.9269490582944617,-0.6211034172977374,1.5763117059657072,0.0952381689200927,0.7199494188549244,4.2181153412888,4.8385671445016785,-0.6204518032128785,0.0,0.0,False,7,SP,SP 7
Michael Wacha,KCR,10.0252,10.2253,11.4084,4.3521,27.3899,27.3899,0.0,0.0,0.0,162.254,686.163,160.803,85.2832,78.4606,21.8936,48.0648,0.646898,5.13737,125.108,6.93956,2.66609,2.6029,1.21441,0.182329,0.0700486,0.1122809052467346,0.254048,1.28729,0.285844,0.69345,,,4.33084,2.06304,1.58785,628.72998046875,4.52922,0.637459,1.14446,4.52922,-0.637459,3.47405,600.5999999999999,3.707407407407407,615,3.796296296296296,,,,,,,,,,,,,,,,,,,Michael Wacha,14078,608379,SP,21.4336,0.0,-3.8243182888517047,0.37186817370252173,2.340191684313595,-0.6211034172977374,1.551269426344892,-0.9621674610741169,0.04903595325826698,2.8094546954482484,4.8385671445016785,-2.02911244905343,0.2,0.0,False,7,SP,SP 7
Ryan Pepiot,TBR,10.8512,10.0971,12.1251,4.0314,29.5861,29.5861,0.0,0.0,0.0,166.75,692.929,142.266,81.1879,74.6929,25.1318,57.7208,0.967667,7.6993,170.777,9.21733,3.11536,2.95867,1.35644,0.246456,0.0832997,0.1631567329168319,0.226716,1.19932,0.271395,0.720858,,,4.22311,2.05737,2.31249,125.68000030517578,3.61524,0.550487,1.02189,3.61524,-0.550487,3.63749,703.0999999999999,4.210179640718563,654,3.9161676646706582,,,,,,,,,,,,,,,,,,,Ryan Pepiot,26221,686752,SP,22.976300000000002,0.0,2.0115262411649644,15.050824144642947,2.5666636054633516,-0.6211034172977374,2.5597843011270918,0.5060836860748824,1.9846589771500949,7.553774575184164,4.8385671445016785,2.7152074306824856,14.23,14.05,False,5,SP,SP 5
Grayson Rodriguez,LAA,7.94494,7.56992,9.38253,3.97881,21.2311,21.2311,0.0,0.0,0.0,120.022,503.768,109.61,57.6745,53.0605,15.6743,40.274,0.584988,4.62034,126.564,9.49056,3.02,3.14257,1.17536,0.251235,0.0799455,0.1712891682982444,0.238867,1.2488,0.296668,0.720725,,,3.84601,2.05604,1.66712,262.75,3.42709,-0.942434,0.425846,3.42709,0.942434,4.4322,524.2,4.368333333333334,511,4.258333333333334,,,,,,,,,,,,,,,,,,,Grayson Rodriguez,24492,680570,SP,17.327469999999998,0.0,2.149207024390406,4.894085307876057,1.737402321773472,-0.6211034172977374,1.5834224767222351,0.5407230543567769,0.645352722739225,4.205249736291453,4.8385671445016785,-0.6333174082102255,6.53,0.0,False,7,SP,SP 7
Braxton Ashcraft,PIT,6.89526,7.09983,6.46956,3.85276,37.3047,22.4538,0.0,1.46959,1.41796,134.084,568.664,129.938,62.3906,57.3994,13.6371,42.8045,1.56184,5.58817,120.573,8.09313,2.87312,2.81684,0.915346,0.212029,0.0752721,0.1367573887109756,0.249751,1.28831,0.301251,0.7182,,,3.74157,2.05592,2.19958,248.6999969482422,3.56677,-0.456205,0.485645,3.56677,0.456205,4.35247,580.3999999999999,4.331343283582089,587,4.380597014925373,,,,,,,,,,,,,,,,,,,Braxton Ashcraft,23793,677952,SP,13.364820000000002,1.46959,4.2787786394024705,0.16967268851756853,1.1556761544408216,-0.4310703389672792,1.4511223910006257,1.0765059989837271,0.022373686730199956,3.658346375588919,4.8385671445016785,-1.1802207689127595,0.0,0.0,False,7,SP,SP 7
Bubba Chandler,PIT,8.62692,7.66242,9.24899,4.1629,31.4265,25.1238,0.0235502,0.317037,0.0,143.355,609.62,133.483,72.0741,66.3082,17.5955,50.7925,0.966096,7.99334,135.652,8.51641,3.18881,2.67072,1.10466,0.22252,0.0833183,0.1392013058066368,0.242328,1.28544,0.291476,0.702832,,,4.06844,2.05173,1.86065,153.25999450683594,4.19518,-0.00102267,0.804548,4.19518,0.00102267,3.92727,586.0,4.0979020979020975,576,4.027972027972028,,,,,,,,,,,,,,,,,,,Bubba Chandler,29868,696149,SP,17.875909999999998,0.34058720000000003,-0.3653932605565114,0.5923777166733839,1.8179145797856404,-0.5770619948221141,1.7841140439126844,-0.09192998052178691,0.07811318117605875,3.389407704924149,4.8385671445016785,-1.4491594395775294,0.2,1.0,True,6,SP,SP 6
Zac Gallen,ARI,12.229,10.3923,12.8054,4.19452,29.1395,29.1395,0.0,0.0,0.0,176.259,742.237,166.239,89.2902,82.147,22.8819,57.0934,0.896508,5.98973,167.169,8.53582,2.91525,2.92799,1.16837,0.225223,0.0769208,0.1483022049069404,0.244774,1.26707,0.293102,0.700699,,,3.99964,2.01896,2.25197,222.9499969482422,4.33299,0.299364,1.44604,4.33299,-0.299364,3.07195,732.9,4.164204545454545,726,4.125,,,,,,,,,,,,,,,,,,,Zac Gallen,19291,668678,SP,25.034399999999998,0.0,-1.0684664777121957,3.967849439943711,2.868797436356145,-0.6211034172977374,2.480108335631588,-0.268817499082125,0.5232157345860126,5.526055700472602,4.8385671445016785,0.6874885559709236,8.86,4.31,True,6,SP,SP 6
Cody Ponce,TOR,8.08227,7.58678,9.11955,4.04067,35.0502,21.3003,0.152985,0.821058,0.51561,135.471,569.953,125.78,66.1103,60.8215,18.1821,44.1086,1.52795,5.84304,138.669,9.21243,2.93035,3.1438,1.20793,0.243298,0.0773899,0.1659084111452102,0.241885,1.25406,0.296292,0.71852,,,3.93889,2.01619,1.51792,260.7200012207031,3.56357,-0.267303,0.586925,3.56357,0.267303,4.21743,582.0,4.311111111111111,573,4.2444444444444445,,,,,,,,,,,,,,,,,,,Cody Ponce,17920,664074,SP,17.201819999999998,0.974043,1.4946938669676544,4.812221472257403,1.7189566117245534,-0.4951496548767666,1.8507388742618909,0.37605285293739066,0.6345578456811252,4.474758554970958,4.8385671445016785,-0.3638085895307208,0.0,0.0,False,7,SP,SP 7
Bailey Ober,MIN,8.29155,9.36612,11.1486,4.41348,27.1268,27.1268,0.0,0.0,0.0,157.553,653.656,152.142,83.9804,77.262,27.0689,37.2419,0.555301,5.79295,143.156,8.1776,2.12739,3.84396,1.54627,0.219009,0.0569748,0.1620337553322315,0.249159,1.20203,0.284001,0.69579,,,4.37083,2.01508,1.38582,379.25,2.13699,-0.217549,1.05901,2.13699,0.217549,3.58799,598.9000000000001,3.7905063291139247,596,3.7721518987341778,,,,,,,,,,,,,,,,,,,Bailey Ober,21224,641927,SP,19.440150000000003,0.0,-4.788162113497694,13.793448107112008,2.047548622658069,-0.6211034172977374,1.949825918934376,-1.2046627492762016,1.818856585430077,4.627231068805823,4.8385671445016785,-0.2113360756958551,7.84,0.0,False,7,SP,SP 7
Clay Holmes,NYM,10.3757,8.60999,8.60918,3.86378,27.823,26.6988,0.444374,0.265962,4.75004,144.006,619.683,137.803,67.1992,61.8232,13.1066,54.0844,1.52465,8.51916,119.055,7.44063,3.38012,2.20129,0.819124,0.192123,0.0872775,0.1048455536365509,0.247368,1.33249,0.293461,0.718507,,,3.96902,2.00588,2.2805,360.3399963378906,3.28091,0.420419,1.06426,3.28091,-0.420419,3.58098,595.9000000000001,4.138194444444445,600,4.166666666666667,,,,,,,,,,,,,,,,,,,Clay Holmes,13649,605280,SP,18.98488,0.710336,4.419064499461471,-6.180005082018308,1.9807139357183852,-0.5292496780038226,1.4176001860055667,1.1118007834662438,-0.8149190002479982,3.626706422691309,4.8385671445016785,-1.2118607218103694,0.0,0.0,False,7,SP,SP 7
Shane Baz,BAL,9.1111,9.08445,11.3515,4.1496,27.4443,27.4443,0.0,0.0,0.0,155.39,654.464,141.858,77.8753,71.6453,21.893,52.3529,0.718281,7.72938,153.654,8.89942,3.03221,2.93496,1.26802,0.234778,0.0799936,0.1547842249274253,0.238665,1.24983,0.286426,0.711269,,,4.14903,1.99566,1.62701,191.8999938964844,2.93969,-1.80898,0.904792,2.93969,1.80898,3.79361,635.2,4.098064516129033,617,3.9806451612903224,,,,,,,,,,,,,,,,,,,Shane Baz,22264,669358,SP,20.462600000000002,0.0,-0.1664346709767945,6.17708450276499,2.1976466428691066,-0.6211034172977374,2.181654712108379,-0.04187361320716075,0.81453388154766,5.083525297932461,4.8385671445016785,0.2449581534307823,5.85,2.18,False,6,SP,SP 6
Trey Yesavage,TOR,7.62327,6.01426,8.088,3.81902,30.123,22.6514,0.0,0.355154,0.0,126.089,527.446,103.679,58.1565,53.504,15.2684,52.6581,0.855027,4.19036,141.215,10.0797,3.75864,2.68173,1.08983,0.267733,0.099836,0.1678972691297531,0.220313,1.23989,0.281459,0.727471,,,3.82199,1.98234,1.87104,160.67999267578125,2.92535,-0.332705,0.486075,2.92535,0.332705,4.3519,588.5000000000001,4.670634920634922,546,4.333333333333333,,,,,,,,,,,,,,,,,,,Trey Yesavage,35456,702056,SP,15.711269999999999,0.355154,4.496506148859054,6.264872958164219,1.5001404309572177,-0.5751783579945471,1.9069625461442503,1.1312844742980122,0.8261100015277898,5.182765990911305,4.8385671445016785,0.3441988464096264,2.12,2.65,False,6,SP,SP 6
Gavin Williams,CLE,9.87612,8.98091,11.4036,3.9646,28.4745,28.4745,0.0,0.0,0.0,162.891,691.506,142.059,77.9948,71.7552,20.4524,69.4017,0.83617,6.0329,165.992,9.17136,3.83456,2.39176,1.13003,0.240045,0.100363,0.1396815329790115,0.230589,1.29818,0.283052,0.730011,,,4.11862,1.96674,2.15332,142.07000732421875,2.52285,0.889646,1.15901,2.52285,-0.889646,3.45466,698.0,4.282208588957055,662,4.061349693251533,,,,,,,,,,,,,,,,,,,Gavin Williams,30122,668909,SP,21.27972,0.0,3.174099519337925,-1.3995687583506589,2.3176017450988913,-0.6211034172977374,2.4541164810339686,0.7985776928193263,-0.184552465280655,5.39381812280113,4.8385671445016785,0.5552509782994512,5.74,3.67,False,6,SP,SP 6
Shota Imanaga,CHC,10.1318,7.70045,11.8651,3.99032,25.5234,25.5234,0.0,0.0,0.0,153.357,624.055,140.107,73.9065,67.9939,27.4567,32.7948,0.700562,3.94493,140.492,8.24497,1.92461,4.28397,1.61134,0.225127,0.0525511,0.1725762598216533,0.238555,1.12744,0.26862,0.736231,,,4.34912,1.96591,2.14052,163.64999389648438,3.41972,1.13799,0.887459,3.41972,-1.13799,3.81672,605.1,3.954901960784314,583,3.810457516339869,,,,,,,,,,,,,,,,,,,Shota Imanaga,33829,684007,SP,21.9969,0.0,2.549792324235887,24.86446642248877,2.4228854246284053,-0.6211034172977374,1.8909964366505556,0.6415070665085664,3.278723212974603,8.11044249273654,4.8385671445016785,3.271875348234862,20.1,16.73,False,5,SP,SP 5
Robbie Ray,SFG,9.34814,10.2435,12.0276,4.23428,28.5807,28.5807,0.0,0.0,0.0,169.766,718.011,150.608,86.816,79.8707,24.6709,66.5076,0.553297,6.87626,176.127,9.33722,3.52584,2.64822,1.30791,0.245298,0.0926275,0.1526707410812378,0.233636,1.27891,0.283751,0.713672,,,4.24619,1.95146,1.88771,169.64999389648438,2.6035,1.11665,1.30793,2.6035,-1.11665,3.25609,687.9,4.046470588235294,655,3.852941176470588,,,,,,,,,,,,,,,,,,,Robbie Ray,11486,592662,SP,21.37574,0.0,-1.7789241363861426,1.8114003030851342,2.331697702750281,-0.6211034172977374,2.6779290947526317,-0.4475628832306357,0.23885814080220177,4.8385671445016785,4.8385671445016785,0.0,2.43,0.0,False,7,SP,SP 7
Edward Cabrera,CHC,8.50494,7.21069,8.72556,3.97759,24.2783,24.2783,0.0,0.0,0.0,133.886,563.267,114.019,64.3167,59.1713,16.2816,52.4804,0.510426,7.16051,143.126,9.62119,3.52781,2.72724,1.09447,0.2541,0.0931713,0.1609290987253189,0.226397,1.2436,0.283941,0.711059,,,3.91439,1.92816,1.95904,174.94000244140625,2.24442,-0.795385,0.603121,2.24442,0.795385,4.19584,607.4,4.532835820895523,571,4.2611940298507465,,,,,,,,,,,,,,,,,,,Edward Cabrera,21690,665795,SP,17.2305,0.0,2.4157993206873116,6.157435659548187,1.7231669019291136,-0.6211034172977374,1.9491634247645133,0.6077955136804833,0.8119429102688731,4.964742367300354,4.8385671445016785,0.12617522279867543,1.49,1.61,False,6,SP,SP 6
Jack Leiter,TEX,9.57269,10.115,9.59686,4.28648,29.2282,29.2282,0.0,0.0,0.0,162.574,689.048,143.549,84.1632,77.4302,23.7363,64.2824,0.77185,7.26137,156.784,8.67943,3.55863,2.43898,1.31402,0.227537,0.0932917,0.1342451199889183,0.232466,1.27838,0.27418,0.708291,,,4.42461,1.89047,1.51132,233.25,2.97956,0.249922,1.1888,2.97956,-0.249922,3.41494,637.6,3.911656441717791,604,3.705521472392638,,,,,,,,,,,,,,,,,,,Jack Leiter,30146,683004,SP,19.16955,0.0,-2.646719389918138,1.820934079107519,2.007823918008348,-0.6211034172977374,2.250774937164068,-0.6658931300244394,0.24011530080800111,3.7947689162697875,4.8385671445016785,-1.043798228231891,0.0,0.0,False,7,SP,SP 7
Chris Bassitt,BAL,10.3942,9.68718,11.5494,4.25338,31.278,28.3199,0.0,0.307549,0.0,164.976,707.305,161.194,84.7472,77.9674,22.1697,55.1577,0.950856,10.8729,149.789,8.17151,3.00904,2.71565,1.20943,0.211775,0.0779829,0.1337917819619178,0.251365,1.31141,0.296228,0.71017,,,4.26693,1.88146,1.49466,366.0899963378906,2.32087,1.04096,1.32529,2.32087,-1.04096,3.23295,633.8000000000001,3.8412121212121217,641,3.8848484848484848,,,,,,,,,,,,,,,,,,,Chris Bassitt,12304,605135,SP,21.9436,0.307549,-2.0790076547980303,-3.6017924684461144,2.415060861591339,-0.5813341733538796,2.0963033798910495,-0.5230614623792998,-0.4749460685764181,3.586258029427766,4.8385671445016785,-1.2523091150739125,0.0,0.0,False,7,SP,SP 7
Joe Musgrove,SDP,7.60186,7.19885,9.90014,3.96344,21.757,21.757,0.0,0.0,0.0,126.003,525.842,117.962,60.3147,55.4895,17.0306,32.7239,1.00399,8.5396,119.945,8.56729,2.33736,3.66537,1.21644,0.228101,0.0622314,0.1658698059618473,0.243432,1.19589,0.290364,0.712464,,,3.97081,1.8764,1.8609,252.3500061035156,2.54059,-1.0739,0.367554,2.54059,1.0739,4.50993,530.5,4.2103174603174605,523,4.150793650793651,,,,,,,,,,,,,,,,,,,Joe Musgrove,12970,605397,SP,17.502000000000002,0.0,2.471446444770656,11.805168996086596,1.7630237286563837,-0.6211034172977374,1.4372541797114973,0.6217958787263081,1.556674531553571,5.179516211346883,4.8385671445016785,0.3409490668452042,2.11,2.64,False,6,SP,SP 6
Cam Schlittler,NYY,8.26976,7.56813,9.30563,3.90275,23.4748,23.4748,0.0,0.0,0.0,131.433,555.094,116.221,61.9506,56.9945,16.2876,49.9533,0.681265,6.44935,131.087,8.97632,3.4206,2.62419,1.11531,0.236153,0.0899909,0.1461625695228576,0.233052,1.26432,0.284454,0.726947,,,4.03881,1.83589,1.97464,124.43000030517578,3.30063,1.04716,0.533488,3.30063,-1.04716,4.28868,565.0000000000001,4.312977099236642,541,4.129770992366412,,,,,,,,,,,,,,,,,,,Cam Schlittler,32095,693645,SP,17.57539,0.0,3.4642277610496657,3.3191935784278757,1.773797550068959,-0.6211034172977374,1.6833045143985557,0.871571605101011,0.4376815029541425,4.527178016837771,4.8385671445016785,-0.31138912766390714,0.0,0.0,False,7,SP,SP 7
Reid Detmers,LAA,7.35423,8.52942,8.24429,4.27488,30.3955,23.0576,0.0342612,0.46143,0.805376,135.212,572.886,123.012,69.8084,64.2237,18.6805,50.1963,2.6768,6.21186,147.221,9.79939,3.34118,2.93291,1.24342,0.256982,0.08762,0.1693617030978202,0.238175,1.28102,0.297601,0.703136,,,4.0051,1.83465,1.3128,329.75,4.69238,-0.912304,0.831343,4.69238,0.912304,3.89154,571.5,4.233333333333333,554,4.103703703703704,,,,,,,,,,,,,,,,,,,Reid Detmers,27468,672282,SP,15.59852,0.4956912,-2.0266452418566967,1.158520005070196,1.483588470686501,-0.5570054548474493,2.039593878950791,-0.5098875040133488,0.15276685888917957,2.8878602610108604,4.8385671445016785,-1.950706883490818,0.0,0.0,False,7,SP,SP 7
Braxton Garrett,MIA,6.16516,6.19205,7.3688,4.0257,26.6368,20.2944,0.0,0.660392,0.0,115.583,483.564,113.232,56.1958,51.7002,14.146,27.5882,1.381,6.39773,103.125,8.02995,2.14819,3.738,1.1015,0.21326,0.0570519,0.1562081202864647,0.251864,1.21835,0.298177,0.699284,,,3.82387,1.83325,1.69947,501.5,2.61659,-0.227366,0.203896,2.61659,0.227366,4.72814,500.4,4.313793103448276,506,4.362068965517241,,,,,,,,,,,,,,,,,,,Braxton Garrett,21844,666129,SP,13.53396,0.660392,1.4675822982462825,8.23343545133591,1.1805062968815225,-0.5357079500825224,1.0658157818083989,0.3692318021586357,1.0856921471038354,3.5216602958581027,4.8385671445016785,-1.3169068486435758,0.0,0.0,False,7,SP,SP 7
Jacob Misiorowski,MIL,8.8335,7.39047,8.93376,4.06133,30.2927,25.3655,0.0,0.331878,0.0,138.901,588.49,112.837,68.1309,62.6804,17.8989,62.8302,0.885319,8.61934,157.721,10.2194,4.07103,2.51026,1.15974,0.268009,0.106765,0.1612438410520553,0.218236,1.26469,0.278067,0.71401,,,4.08252,1.79997,1.83559,119.4000015258789,3.15471,0.275692,0.849818,3.15471,-0.275692,3.86691,613.4000000000001,4.412949640287771,561,4.0359712230215825,,,,,,,,,,,,,,,,,,,Jacob Misiorowski,31623,694819,SP,17.76726,0.331878,1.2135820649118607,3.456884145817379,1.8019645089793135,-0.5781881838175452,2.2714668384027843,0.3053274037376049,0.4558379054216933,4.690241247251467,4.8385671445016785,-0.14832589725021172,0.0,0.0,False,7,SP,SP 7
Carlos Rodón,NYY,10.5116,8.22783,10.5713,4.04162,23.5104,23.5104,0.0,0.0,0.0,139.526,581.318,118.64,68.1053,62.6568,20.21,50.6172,0.50938,6.04039,147.909,9.54077,3.26502,2.92212,1.30363,0.254438,0.0870731,0.1673650071024894,0.226127,1.21309,0.276069,0.717577,,,4.1162,1.794,1.92875,199.67999267578125,2.35594,0.728458,0.827926,2.35594,-0.728458,3.8961,605.6,4.325714285714286,565,4.035714285714286,,,,,,,,,,,,,,,,,,,Carlos Rodon,16137,607074,SP,21.082900000000002,0.0,1.5246799143915004,10.672872242311534,2.2887081147620174,-0.6211034172977374,2.054787078579645,0.38359709924177265,1.4073655704241936,6.0212781643212345,4.8385671445016785,1.182711019819556,8.9,6.69,False,6,SP,SP 6
Brayan Bello,BOS,10.0368,9.40974,11.0732,4.23143,26.6956,26.6956,0.0,0.0,0.0,154.268,662.655,150.993,78.8372,72.5303,17.961,53.1348,0.597433,8.21266,126.034,7.35287,3.09989,2.37197,1.04785,0.190196,0.0801848,0.1100114658474922,0.251109,1.32321,0.290901,0.700017,,,4.20773,1.79035,1.90414,457.5899963378906,3.04452,-0.359494,1.1475,3.04452,0.359494,3.47,594.6000000000001,3.861038961038962,605,3.928571428571429,,,,,,,,,,,,,,,,,,,Brayan Bello,23920,678394,SP,21.11,0.0,-1.5675508103626086,-5.186725328061314,2.292686457319325,-0.6211034172977374,1.5717184130546582,-0.39438306892707226,-0.683941350016543,2.6919430437954777,4.8385671445016785,-2.146624100706201,0.2,0.0,False,7,SP,SP 7
Sean Manaea,NYM,7.51951,7.11363,8.30146,4.14082,35.6567,22.0661,0.0,0.398042,0.0555672,132.76,550.74,116.565,66.393,61.0816,19.1822,40.6194,0.65259,7.22546,139.305,9.44373,2.75366,3.42952,1.3004,0.252942,0.0737543,0.1791874691843986,0.231787,1.18398,0.282753,0.69663,,,3.99604,1.79018,1.53745,303.5199890136719,3.07552,-0.645062,0.631692,3.07552,0.645062,4.15774,580.3,4.363157894736842,552,4.150375939849624,,,,,,,,,,,,,,,,,,,Sean Manaea,15873,640455,SP,15.82097,0.398042,-0.012456804935184335,14.020367504904323,1.5162446441873523,-0.569632499174443,1.864783750662983,-0.0031340310801325436,1.8487790412099028,5.063923779207867,4.8385671445016785,0.2253566347061886,1.86,2.08,False,6,SP,SP 6
Zebby Matthews,MIN,6.69695,7.43367,6.96307,4.1053,30.4779,21.3145,0.0,0.338234,0.0,121.77,508.091,118.511,60.3747,55.5447,17.9877,31.5878,0.831375,3.31826,120.045,8.87252,2.33465,3.80036,1.32946,0.236267,0.0621696,0.1740974523127079,0.250453,1.23264,0.299933,0.718275,,,3.94377,1.77921,1.46616,320.3399963378906,5.2949,-1.8075,0.3322,5.2949,1.8075,4.55707,507.0000000000002,4.155737704918034,511,4.188524590163935,,,,,,,,,,,,,,,,,,,Zebby Matthews,31827,805673,SP,13.66002,0.338234,0.4690810098150271,6.9334728161509425,1.19901219587688,-0.5773662877473021,1.43946249361104,0.11801697718714917,0.9142741244703152,3.2425681998015943,4.8385671445016785,-1.5959989447000842,0.0,0.0,False,7,SP,SP 7
Shane Smith,CHW,7.94312,9.31855,9.88663,4.10917,28.0028,28.0028,0.0,0.0,0.0,157.08,664.156,139.007,77.9552,71.7188,21.475,57.7058,1.1221,9.53517,154.222,8.83621,3.30629,2.67255,1.23042,0.232207,0.086886,0.1453209593892097,0.232876,1.25231,0.279029,0.712627,,,4.23301,1.75699,1.98294,246.5,3.62696,1.4238,0.80848,3.62696,-1.4238,3.92203,646.1,4.115286624203822,616,3.923566878980892,,,,,,,,,,,,,,,,,,,Shane Smith,31687,681343,SP,17.82975,0.0,0.5374595140161431,5.854576315685214,1.811138185230463,-0.6211034172977374,2.1941979350577823,0.13522045420186918,0.7720067240617292,4.780339790235674,4.8385671445016785,-0.05822735426600456,0.0,0.0,False,7,SP,SP 7
Foster Griffin,WSN,6.27819,6.99773,9.09036,4.15216,27.5441,21.7007,0.0,0.29236,0.0,126.462,534.779,120.489,63.4166,58.3432,15.7154,40.5371,1.19793,5.74938,114.784,8.16895,2.88494,2.83159,1.11843,0.214639,0.0758015,0.1388372778892517,0.246655,1.27332,0.292671,0.702104,,,4.03336,1.7241,1.55495,999.0,3.63912,-1.14214,0.350104,3.63912,1.14214,4.5332,512.6000000000001,4.068253968253969,511,4.055555555555555,,,,,,,,,,,,,,,,,,,Foster Griffin,16432,656492,SP,15.36855,0.29236,-0.17111513457151176,2.05688665415192,1.449828343826574,-0.5832982670308652,1.3232830993560938,-0.04305117988269264,0.2712289057337639,2.7371334198054775,4.8385671445016785,-2.101433724696201,0.0,0.0,False,7,SP,SP 7
Brandon Pfaadt,ARI,10.108,9.83161,11.1547,4.48318,27.9589,27.9589,0.0,0.0,0.0,164.169,691.641,168.618,88.8887,81.7776,24.177,38.2639,1.13008,7.02747,144.081,7.89875,2.09769,3.76545,1.32542,0.208318,0.0553234,0.1529943756759166,0.260877,1.26018,0.30212,0.681907,,,4.122,1.71749,1.49399,656.8400268554688,4.0912,-1.03266,1.33605,4.0912,1.03266,3.2186,632.0000000000001,3.8536585365853666,661,4.030487804878049,,,,,,,,,,,,,,,,,,,Brandon Pfaadt,27782,694297,SP,21.262700000000002,0.0,-6.2604248780461305,4.8273157013606385,2.315103169810132,-0.6211034172977374,1.9702528225051466,-1.575072118791538,0.636548228201378,3.2100487711157504,4.8385671445016785,-1.628518373385928,0.0,0.0,False,7,SP,SP 7
Tatsuya Imai,HOU,7.49549,7.09518,10.6981,4.2518,25.6311,25.6311,0.0,0.0,0.0,149.029,636.6,133.313,76.5268,70.4046,19.5868,61.7598,1.06225,7.83312,147.83,8.92759,3.72973,2.39363,1.18287,0.232218,0.0970151,0.1352027505636215,0.235116,1.30896,0.284606,0.707098,,,4.26074,1.71347,1.42523,999.0,6.28024,0.523759,0.98238,6.28024,-0.523759,3.69016,596.8000000000002,4.005369127516779,571,3.8322147651006713,,,,,,,,,,,,,,,,,,,Tatsuya Imai,sa3062955,837227,SP,18.19359,0.0,-1.8517727838406566,-2.8878399481139754,1.8645507371142558,-0.6211034172977374,2.0530425105990067,-0.4658910120289945,-0.3808015708984983,2.6568096792587594,4.8385671445016785,-2.181757465242919,0.0,0.0,False,7,SP,SP 7
Matthew Liberatore,STL,7.75503,9.70562,9.90651,4.35369,27.5166,27.5166,0.0,0.0,0.560426,151.143,641.978,150.219,79.4721,73.1143,19.8245,46.4601,1.31003,5.54377,124.192,7.39514,2.76652,2.67308,1.18047,0.193451,0.0723701,0.1210810765624046,0.25462,1.30128,0.292392,0.693841,,,4.22911,1.68856,1.50261,540.4400024414062,3.45675,-0.996266,0.891848,3.45675,0.996266,3.81087,573.4000000000001,3.797350993377484,587,3.8874172185430464,,,,,,,,,,,,,,,,,,,Matthew Liberatore,22294,669461,SP,17.661540000000002,0.0,-3.589040057760754,-1.7679658105321467,1.7864445689365627,-0.6211034172977374,1.5310412710250796,-0.9029733665567483,-0.23313070323899687,2.028477335257885,4.8385671445016785,-2.8100898092437934,0.0,1.0,True,6,SP,SP 6
Shane Bieber,TOR,6.24479,4.87567,7.10659,3.71179,21.2152,16.7096,0.0,0.270221,0.0,101.371,416.596,94.1019,45.4427,41.8073,13.0232,24.5899,0.332423,2.91597,94.8084,8.41739,2.18317,3.85559,1.15624,0.227579,0.0590257,0.1685531176626682,0.241851,1.17087,0.288271,0.729141,,,3.74875,1.6871,1.67254,365.8699951171875,1.03378,-0.178,0.486005,1.03378,0.178446,4.35199,449.10000000000014,4.446534653465348,442,4.376237623762377,,,,,,,,,,,,,,,,,,,Shane Bieber,19427,669456,SP,13.351379999999999,0.270221,4.823011199359115,12.034310927535806,1.15370313141609,-0.5861610670779246,0.8821591480390228,1.2134304966056502,1.5868900590836068,4.661965702145802,4.8385671445016785,-0.17660144235587616,0.2,0.0,False,7,SP,SP 7
Jameson Taillon,CHC,10.3228,9.12399,11.4775,4.38423,26.1153,26.1153,0.0,0.0,0.0,153.254,638.219,151.892,81.1476,74.6558,25.0469,36.4558,0.553748,3.90151,118.894,6.98214,2.1409,3.26131,1.4709,0.18629,0.0571212,0.1291686557233333,0.254058,1.22899,0.279443,0.699364,,,4.49819,1.68654,1.42733,448.0299987792969,4.08049,1.04739,1.06329,4.08049,-1.04739,3.58228,547.5,3.57843137254902,558,3.647058823529412,,,,,,,,,,,,,,,,,,,Jameson Taillon,11674,592791,SP,21.8003,0.0,-4.15948732135837,9.28563958418652,2.3940240907993773,-0.6211034172977374,1.4140448006273028,-1.0464932709779877,1.224439790288523,3.7890981249723192,4.8385671445016785,-1.0494690195293592,0.0,0.0,False,7,SP,SP 7
Michael McGreevy,STL,8.16932,7.95024,9.59074,4.1331,27.7867,23.4591,0.0,0.328516,0.0,136.941,576.517,140.752,68.3565,62.888,15.5917,32.9702,0.785709,4.29631,93.4971,6.14478,2.16686,2.83581,1.02471,0.162176,0.0571886,0.1049870960414409,0.261014,1.26859,0.290961,0.69368,,,4.06617,1.68455,1.67978,713.780029296875,2.43455,-0.851124,0.511404,2.43455,0.851124,4.31813,525.4000000000002,3.8350364963503663,552,4.029197080291971,,,,,,,,,,,,,,,,,,,Michael McGreevy,29869,700241,SP,17.760060000000003,0.328516,0.10438880894375052,2.8743054752116683,1.8009075323589223,-0.5786229249421766,0.8532015278743181,0.02626337759562344,0.37901686376961025,2.9621317313744084,4.8385671445016785,-1.87643541312727,0.0,0.0,False,7,SP,SP 7
Tyler Mahle,SFG,7.49195,7.50636,8.54032,4.02308,22.8721,22.8721,0.0,0.0,0.0,129.384,543.918,123.492,62.865,57.8358,16.1983,40.1716,0.434871,3.74644,107.357,7.46782,2.79435,2.67247,1.12676,0.197378,0.073856,0.1235219985246658,0.246985,1.26495,0.28502,0.714956,,,4.12148,1.67696,1.74162,352.5400085449219,2.60478,3.61623,0.351292,2.60478,-3.61623,4.53161,520.0,4.0310077519379846,519,4.023255813953488,,,,,,,,,,,,,,,,,,,Tyler Mahle,16358,641816,SP,16.03227,0.0,1.6803948113156586,3.1875422028814238,1.5472639719496804,-0.6211034172977374,1.1592716260370501,0.4227737042491769,0.42032145131700854,3.353164975108193,4.8385671445016785,-1.4854021693934856,0.0,0.0,False,7,SP,SP 7
Taj Bradley,MIN,6.85035,8.06926,9.14839,4.39551,28.9348,23.2471,0.0,0.31739,0.0,130.897,554.911,123.712,69.4875,63.9285,18.4262,46.0878,1.05676,4.20202,126.981,8.73081,3.16884,2.75521,1.26692,0.228832,0.0830544,0.1457776352763176,0.245159,1.29721,0.293102,0.696599,,,4.17754,1.67484,1.14736,517.3400268554688,2.66941,-0.413452,0.745708,2.66941,0.413452,4.00572,529.6000000000001,4.0427480916030545,525,4.00763358778626,,,,,,,,,,,,,,,,,,,Taj Bradley,22543,671737,SP,15.998739999999998,0.31739,-3.7163303946640585,-0.9975218131255089,1.5423416905494391,-0.580061630995909,1.5926311456833284,-0.9349985828245856,-0.1315370243048947,1.9154170671103274,4.8385671445016785,-2.923150077391351,0.2,0.0,False,7,SP,SP 7
Cade Horton,CHC,9.40154,6.73995,7.7396,3.91169,23.0887,23.0887,0.0,0.0,0.0,127.632,533.328,115.558,60.2967,55.4729,16.2726,40.1639,0.661396,5.28812,110.088,7.76286,2.83216,2.74096,1.14746,0.206416,0.075308,0.1311083287000656,0.23686,1.22009,0.274637,0.717805,,,4.13586,1.66891,1.99026,184.47999572753903,5.7911,0.702463,0.524237,5.7911,-0.702463,4.30102,533.8000000000001,4.1703125000000005,517,4.0390625,,,,,,,,,,,,,,,,,,,Cade Horton,31872,690990,SP,17.14114,0.0,3.2373808396543655,8.869896370788998,1.710048647651586,-0.6211034172977374,1.2195806786335637,0.814498759713727,1.1696183072435362,4.424178892586606,4.8385671445016785,-0.41438825191507256,0.0,0.0,False,7,SP,SP 7
Gerrit Cole,NYY,7.23345,5.19452,8.34534,3.95519,18.2311,18.2311,0.0,0.0,0.0,110.263,455.387,98.0093,52.6703,48.4566,15.5511,32.9743,0.537815,3.99022,111.55,9.10506,2.69147,3.38293,1.26933,0.244956,0.0724093,0.1725465282797813,0.234235,1.18792,0.283049,0.717076,,,3.95099,1.6635,1.56011,244.3500061035156,2.12394,-0.730407,0.341908,2.12394,0.730407,4.54412,475.4,4.321818181818182,455,4.136363636363637,,,,,,,,,,,,,,,,,,,Gerrit Cole,13125,543037,SP,15.578790000000001,0.0,2.2640006034756888,11.209464773977595,1.4806920611420111,-0.6211034172977374,1.2518662278448796,0.5696041877232315,1.4781227047052286,4.521575255149284,4.8385671445016785,-0.3169918893523942,8.4,0.0,False,7,SP,SP 7
Cade Cavalli,WSN,6.96354,8.41045,8.98935,4.22903,24.1039,24.1039,0.0,0.0,0.0,135.41,584.265,133.518,69.1607,63.6279,15.6206,48.5133,0.60776,8.19093,113.966,7.57473,3.22444,2.34916,1.03822,0.195058,0.0830331,0.1120253279805183,0.253086,1.3443,0.296245,0.704726,,,4.2078,1.66077,1.58319,322.07000732421875,3.73613,-0.377888,0.766985,3.73613,0.377888,3.97735,510.80000000000007,3.783703703703704,524,3.8814814814814818,,,,,,,,,,,,,,,,,,,Cade Cavalli,27473,676917,SP,15.95289,0.0,-1.339765923141552,-7.409142965960434,1.535610804709862,-0.6211034172977374,1.3052190916578335,-0.33707423894620114,-0.9769978015201053,1.261818710536265,4.8385671445016785,-3.576748433965413,0.0,0.0,False,7,SP,SP 7
Ryne Nelson,ARI,8.74916,7.20705,11.1813,4.21743,31.8659,27.2274,0.0377686,0.369494,0.0775916,157.546,661.655,154.937,80.2465,73.8268,21.1717,43.254,0.92221,5.00373,130.108,7.43256,2.47093,3.008,1.20946,0.19664,0.0653724,0.1312680393457412,0.252589,1.25799,0.289463,0.699758,,,4.14937,1.63095,1.95482,259.6199951171875,2.24012,1.18436,0.801974,2.24012,-1.18436,3.9307,623.9000000000001,3.9487341772151905,633,4.006329113924051,,,,,,,,,,,,,,,,,,,Ryne Nelson,26253,669194,SP,19.93046,0.4072626,-1.3561820894118701,4.9773210404312715,2.119527262483658,-0.5684401809074068,1.661685121322032,-0.34120441322247075,0.6563285033508249,4.136253386779074,4.8385671445016785,-0.7023137577226048,0.2,0.0,False,7,SP,SP 7
Reynaldo López,ATL,7.87754,7.17051,8.7266,3.95868,28.4973,22.7831,0.0,0.535433,1.66374,130.449,550.461,121.694,62.3678,57.3783,16.4701,45.4019,1.38207,3.75885,128.38,8.85727,3.13239,2.82764,1.13632,0.233223,0.0824798,0.1507432609796524,0.242756,1.28093,0.295198,0.727087,,,3.93878,1.62996,1.95818,290.6499938964844,3.40723,-0.564943,0.547345,3.40723,0.564943,4.27021,561.0,4.315384615384615,555,4.269230769230769,,,,,,,,,,,,,,,,,,,Reynaldo Lopez,16400,625643,SP,16.60414,0.535433,2.627791146828947,1.1286459193075211,1.6312158080473733,-0.5518664319959102,1.6235254571379323,0.6611309375968875,0.14882754819607394,3.8696229627828864,4.8385671445016785,-0.968944181718792,1.87,0.0,False,7,SP,SP 7
Kodai Senga,NYM,8.49359,6.65715,7.46262,3.93941,28.8811,21.7336,0.0,0.329924,0.0,126.415,536.203,108.421,60.1448,55.3332,15.2546,54.6605,0.590973,5.25491,129.93,9.25029,3.89151,2.37704,1.08604,0.242315,0.10194,0.140375480055809,0.227638,1.29006,0.281383,0.726313,,,4.07012,1.62369,1.7846,238.3800048828125,3.7958,-0.0136638,0.635243,3.7958,0.0136638,4.15301,547.1000000000001,4.3420634920634935,515,4.087301587301587,,,,,,,,,,,,,,,,,,,Kodai Senga,31838,673540,SP,15.956209999999999,0.329924,2.8172650271476387,-0.05912365070442518,1.536098188373709,-0.5784408560833184,1.6577543225808458,0.7088010289952779,-0.0077962696929259135,3.616359172184806,4.8385671445016785,-1.2222079723168724,3.17,1.0,True,6,SP,SP 6
Landen Roupp,SFG,6.84233,7.17937,7.56178,4.09015,26.787,22.5993,0.0,0.309454,0.0,120.589,517.56,114.333,59.5686,54.8031,13.0382,48.024,1.01595,4.28842,112.092,8.36582,3.5842,2.33408,0.973088,0.216578,0.0927893,0.1237884685397148,0.245746,1.34636,0.297823,0.713296,,,3.98306,1.6051,1.49933,698.4400024414062,2.81858,-3.15211,0.633713,2.81858,3.15211,4.15505,507.10000000000014,4.190909090909092,504,4.1652892561983474,,,,,,,,,,,,,,,,,,,Landen Roupp,30076,694738,SP,14.40411,0.309454,0.6674250734383251,-6.847722290984425,1.3082463255251084,-0.5810878372912911,1.2638352891804014,0.16791873475577815,-0.9029667337300141,1.610017555046425,4.8385671445016785,-3.2285495894552536,0.0,0.0,False,7,SP,SP 7
Dustin May,STL,7.81726,9.43918,9.56185,4.28998,28.6118,23.942,0.0,0.279969,0.0,141.767,605.609,131.197,73.4512,67.5751,17.4058,52.7703,1.71624,9.10066,127.012,8.06328,3.3501,2.40688,1.105,0.209726,0.0871359,0.1225896999239921,0.241287,1.29768,0.284962,0.692461,,,4.24869,1.60273,1.48647,501.3999938964844,2.37632,-0.380566,0.797223,2.37632,0.380566,3.93704,569.0999999999999,4.007746478873239,557,3.9225352112676055,,,,,,,,,,,,,,,,,,,Dustin May,19716,669160,SP,17.37911,0.279969,-2.3627677965143685,-1.1472768388989751,1.744983192978615,-0.5849005505749779,1.5933157229921868,-0.5944532123560571,-0.15128429218991882,2.5164340796897777,4.8385671445016785,-2.3221330648119007,0.2,0.0,False,7,SP,SP 7
Steven Matz,TBR,5.86558,6.48171,6.49642,4.12349,30.9688,19.7939,0.176038,0.520703,0.969703,120.715,508.932,120.283,60.1168,55.3074,16.383,32.8997,0.941824,4.46881,99.9659,7.45303,2.45286,3.0385,1.22145,0.196423,0.0646445,0.131778135895729,0.255073,1.26896,0.292499,0.714537,,,4.1719,1.59827,1.42007,739.1699829101562,3.42353,-1.03237,0.152994,3.42353,1.03237,4.79601,479.60000000000014,3.9636363636363647,490,4.049586776859504,,,,,,,,,,,,,,,,,,,Steven Matz,13361,571927,SP,12.361999999999998,0.696741,0.2210846398934151,2.489064909268789,1.0084598635434343,-0.5310076511119021,0.9960529374079425,0.05562310210131745,0.3282175759556567,2.1580063688573916,4.8385671445016785,-2.680560775644287,0.0,0.0,False,7,SP,SP 7
Joey Cantillo,CLE,6.7328,7.21956,6.45255,3.90547,39.7244,19.4905,0.00719501,0.704891,0.0,127.555,540.78,111.578,60.1645,55.3514,15.0688,54.3716,1.04956,3.64612,133.931,9.44987,3.83635,2.46325,1.06323,0.247662,0.100543,0.1471190974116325,0.231124,1.301,0.289154,0.730291,,,3.93547,1.58743,1.59076,274.25,1.94052,-0.935086,0.599437,1.94052,0.935086,4.20075,569.5,4.44921875,543,4.2421875,,,,,,,,,,,,,,,,,,,Joey Cantillo,23335,676282,SP,13.18535,0.71208601,3.323461104598481,-1.4571013626990836,1.1293295441544748,-0.5290233837398379,1.7461089617015533,0.8361558561461307,-0.19213893354322964,3.4596439485399673,4.8385671445016785,-1.3789231959617112,0.0,0.0,False,7,SP,SP 7
Chad Patrick,MIL,6.71153,8.26726,8.52384,4.33385,25.8664,25.8664,0.0,0.0760694,0.0,140.379,594.098,132.795,73.4758,67.5978,22.0554,47.1588,1.06974,5.64206,132.243,8.47842,3.02346,2.80421,1.41402,0.222595,0.0793788,0.1432163119316101,0.245328,1.28192,0.28615,0.714252,,,4.42191,1.5465,1.44151,298.9200134277344,2.03501,0.597069,0.743922,2.03501,-0.597069,4.0081,524.5999999999999,3.747142857142856,519,3.7071428571428577,,,,,,,,,,,,,,,,,,,Chad Patrick,30113,694477,SP,15.23537,0.0760694,-3.0239430206387317,1.0762847964067495,1.4302772123954957,-0.6112668627153363,1.7088326230772706,-0.7607995357191848,0.14192301116740472,2.4376864966346905,4.8385671445016785,-2.400880647866988,0.0,0.0,False,7,SP,SP 7
Noah Cameron,KCR,8.87982,8.10117,10.3408,4.23345,25.1999,25.1999,0.0,0.0,0.0,146.5,620.289,141.144,74.9034,68.9111,20.6015,47.8286,1.06946,5.00204,123.686,7.59844,2.93828,2.58602,1.26562,0.1994,0.077107,0.1222929507493972,0.24873,1.28991,0.284854,0.712351,,,4.35658,1.53994,1.5926,281.1499938964844,4.3562,2.38577,0.839367,4.3562,-2.38577,3.88084,544.5000000000001,3.729452054794521,546,3.73972602739726,,,,,,,,,,,,,,,,,,,Noah Cameron,30184,702070,SP,19.22062,0.0,-1.5216040819750265,-0.04899018176799852,2.0153211118977095,-0.6211034172977374,1.5198672026933937,-0.382823244754954,-0.006460031896173162,2.8803165117606055,4.8385671445016785,-1.958250632741073,0.0,0.0,False,7,SP,SP 7
Adrian Houser,SFG,7.46742,7.56522,9.1565,4.35791,24.8104,24.8104,0.00544485,0.0,0.0,140.404,608.063,145.732,73.897,67.9853,15.6036,47.0931,1.15033,6.66309,101.513,6.50707,3.01871,2.15558,1.0002,0.166945,0.0774477,0.0894971564412117,0.262908,1.37336,0.297647,0.695567,,,4.28246,1.52548,1.31758,743.3499755859375,2.10057,-0.770099,0.989296,2.10057,0.770099,3.68094,501.6,3.582857142857143,534,3.8142857142857145,,,,,,,,,,,,,,,,,,,Adrian Houser,12718,605288,SP,16.62392,0.00544485,-3.3999431066595203,-11.762775679733444,1.6341195577072822,-0.6203993422791625,1.0302177617477692,-0.8553981074920638,-1.5510843874483151,0.15943510979756703,4.8385671445016785,-4.679132034704112,0.0,0.0,False,7,SP,SP 7
Eduardo Rodriguez,ARI,8.25206,8.43925,8.09045,4.40807,26.8408,23.6361,0.0,0.321621,0.0,132.11,567.091,132.705,70.332,64.7055,18.1108,46.7097,1.12081,3.23721,118.198,8.05222,3.1821,2.53047,1.2338,0.208428,0.0823671,0.1260605528950691,0.256611,1.35807,0.300902,0.708055,,,4.26212,1.5232,1.33099,743.469970703125,2.33294,-0.32563,1.02611,2.33294,0.32563,3.63185,495.6000000000002,3.754545454545456,512,3.878787878787879,,,,,,,,,,,,,,,,,,,Eduardo Rodriguez,13164,593958,SP,16.34251,0.321621,-3.935354568393987,-9.04816011544961,1.5928079201038907,-0.579514519247451,1.3986749358864845,-0.9901032883523406,-1.1931248433468784,0.6847156142017033,4.8385671445016785,-4.153851530299975,0.0,0.0,False,7,SP,SP 7
Jeffrey Springs,ATH,9.69175,9.86528,10.8831,4.55846,27.9884,27.9884,0.0,0.0,0.284094,160.554,680.294,157.887,88.3911,81.3198,26.8274,50.7876,0.626543,4.40726,137.15,7.68808,2.84695,2.70046,1.50384,0.201604,0.0746554,0.1269488334655761,0.252579,1.29972,0.28422,0.702935,,,4.63021,1.51593,1.2278,739.8800048828125,2.90859,-0.591045,1.40244,2.90859,0.591045,3.13008,557.5,3.4627329192546585,563,3.496894409937888,,,,,,,,,,,,,,,,,,,Jeffrey Springs,17677,605488,SP,20.57485,0.0,-7.465512439436296,-1.6272194487616087,2.2141252019856297,-0.6211034172977374,1.8171945861278358,-1.8782623743450124,-0.2145713520895426,1.8769949682389755,4.8385671445016785,-2.961572176262703,0.2,0.0,False,7,SP,SP 7
Bryce Miller,SEA,8.56028,7.94371,8.79396,4.18242,24.8084,24.8084,0.0,0.0,0.0,141.22,585.765,128.635,71.3336,65.6269,21.3097,41.0267,0.717208,4.93949,126.32,8.05043,2.61464,3.07898,1.35807,0.21565,0.0700395,0.1456107571721077,0.238303,1.2014,0.273673,0.703208,,,4.28429,1.51314,1.08205,300.4800109863281,3.8516,1.15263,0.656657,3.8516,-1.15263,4.12446,563.7000000000002,3.997872340425533,546,3.872340425531915,,,,,,,,,,,,,,,,,,,Bryce Miller,29837,682243,SP,17.35424,0.0,-0.6661859143789255,12.452922379049308,1.741332219569012,-0.6211034172977374,1.5780341908073505,-0.16760697238769082,1.6420897589272736,4.542959532360128,4.8385671445016785,-0.2956076121415503,4.85,0.0,False,7,SP,SP 7
Justin Verlander,DET,6.80791,7.72019,8.6592,4.40201,22.7276,22.7276,0.0,0.0,0.0,128.004,543.285,124.623,68.0524,62.6082,18.7154,40.7203,0.595181,5.45099,107.236,7.53984,2.86306,2.63349,1.31589,0.197385,0.0749519,0.1224332377314567,0.250693,1.29171,0.28534,0.699222,,,4.44245,1.50863,1.09327,720.8900146484375,1.68395,-0.952634,0.592283,1.68395,0.952634,4.21029,464.5,3.62890625,469,3.6640625,,,,,,,,,,,,,,,,,,,Justin Verlander,8700,434378,SP,15.46711,0.0,-3.726800440335359,-0.27177951417769597,1.464297179341269,-0.6211034172977374,1.1565995662186035,-0.9376327613892338,-0.03583788152958088,1.5168430615805584,4.8385671445016785,-3.3217240829211203,0.0,0.0,False,7,SP,SP 7
Simeon Woods Richardson,MIN,6.6226,7.09406,6.86386,4.57403,28.3863,24.3517,0.0,0.313417,0.0,131.29,562.16,125.878,72.5269,66.7247,18.8093,50.0687,0.524529,4.15987,118.381,8.1151,3.43224,2.36437,1.28939,0.210582,0.0890648,0.1215175166726112,0.247826,1.34015,0.288798,0.691246,,,4.43337,1.47696,0.772628,642.510009765625,3.65124,-1.09609,0.936665,3.65124,1.09609,3.75111,482.1,3.680152671755726,482,3.6793893129770994,,,,,,,,,,,,,,,,,,,Simeon Woods Richardson,24494,680573,SP,13.486460000000001,0.313417,-6.331751746911269,-6.6376164980499714,1.1735331872331052,-0.5805753806949453,1.402716150322648,-1.5930173804404955,-0.8752613839039036,-0.14056095345197328,4.8385671445016785,-4.979128097953652,0.0,0.0,False,7,SP,SP 7
Seth Lugo,KCR,8.81426,8.77116,11.821,4.40739,25.9446,25.9446,0.0,0.0,0.298905,153.752,654.531,151.042,81.8411,75.2938,22.9577,50.5692,1.12681,6.18464,130.355,7.63042,2.96011,2.57775,1.34385,0.199157,0.0772601,0.1218969002366066,0.252672,1.31128,0.288175,0.706732,,,4.48799,1.45414,1.3898,510.9599914550781,4.58629,0.592853,1.12072,4.58629,-0.592853,3.50571,553.1000000000001,3.5915584415584423,560,3.636363636363636,,,,,,,,,,,,,,,,,,,Seth Lugo,12447,607625,SP,20.635260000000002,0.0,-4.56840903489299,-3.3355491005268725,2.2229935294353327,-0.6211034172977374,1.6671396566539023,-1.1493746571943586,-0.439838204371143,2.050153116585601,4.8385671445016785,-2.7884140279160774,0.93,0.0,False,7,SP,SP 7
Luis Severino,ATH,8.90484,10.5073,11.3715,4.61185,27.7673,27.7673,0.0,0.0,0.0,166.833,717.935,168.521,92.9237,85.4898,24.3769,53.3942,0.936766,10.5363,134.342,7.24725,2.88041,2.51605,1.31504,0.187123,0.0743719,0.1127511784434318,0.257675,1.33016,0.291032,0.686901,,,4.57374,1.44232,1.10585,698.1300048828125,3.42966,0.712182,1.51293,3.42966,-0.712182,2.98276,577.1999999999999,3.4562874251497,599,3.586826347305389,,,,,,,,,,,,,,,,,,,Luis Severino,15890,622663,SP,20.276339999999998,0.0,-8.747194044424157,-6.7705406361426315,2.1703032449088067,-0.6211034172977374,1.7551851318286742,-2.200723069986235,-0.8927892668563753,0.7547512846358613,4.8385671445016785,-4.083815859865817,0.0,0.0,False,7,SP,SP 7
Kyle Freeland,COL,6.59491,12.1542,10.3949,5.12616,27.5646,27.5646,0.0,0.0,0.0,158.249,690.018,181.686,97.9721,90.1343,26.0487,42.2001,1.1322,5.62663,116.057,6.60043,2.40002,2.75015,1.48145,0.168194,0.061158,0.1070359498262405,0.282916,1.41477,0.311222,0.671836,,,4.71492,1.42725,1.31501,999.0,3.12361,1.5518,1.98507,3.12361,-1.5518,2.35324,464.2000000000001,2.9379746835443044,540,3.4177215189873418,,,,,,,,,,,,,,,,,,,Kyle Freeland,16256,607536,SP,16.98981,0.0,-17.34030450831717,-19.811203548632097,1.68783305432327,-0.6211034172977374,1.3513949352972734,-4.362679960937363,-2.6123807303226783,-4.0334379969123235,4.8385671445016785,-8.872005141414002,0.0,0.0,False,7,SP,SP 7
Parker Messick,CLE,6.81486,6.18885,8.35571,4.00652,21.9226,21.6378,0.0,0.210055,0.0,116.105,492.366,110.943,56.1806,51.6861,14.4164,38.2002,0.620613,5.35854,105.338,8.16539,2.96114,2.75752,1.1175,0.213942,0.0775848,0.1363569498062133,0.247195,1.28456,0.293347,0.720863,,,4.06028,1.4219,1.48071,300.3900146484375,1.71234,-0.823351,0.296723,1.71234,0.823351,4.60437,478.6,4.125862068965517,479,4.129310344827586,,,,,,,,,,,,,,,,,,,Parker Messick,31986,800048,SP,15.170570000000001,0.210055,1.7218005021316756,0.583596709527837,1.4207644228119707,-0.5939411487271128,1.1146857684052809,0.43319104020225446,0.07695528414049797,2.870410850894034,4.8385671445016785,-1.9681562936076444,0.0,0.0,False,7,SP,SP 7
Quinn Priester,MIL,7.87419,7.09079,8.31292,4.14346,21.7381,21.7381,0.0,0.0,0.0,125.426,532.848,121.341,62.7656,57.7443,15.2325,40.8997,0.555992,5.34677,102.974,7.3889,2.93477,2.51771,1.09301,0.193252,0.0767567,0.1164948046207428,0.249365,1.29352,0.28803,0.705922,,,4.17809,1.41853,1.50849,453.9800109863281,2.28864,0.51599,0.512107,2.28864,-0.51599,4.31719,493.9,3.9512,498,3.984,,,,,,,,,,,,,,,,,,,Quinn Priester,25977,682990,SP,16.18711,0.0,-0.04877156986894185,-0.4937192145967972,1.569994841380437,-0.6211034172977374,1.0624812278200895,-0.012270531375537677,-0.06510369545376726,2.352217632230109,4.8385671445016785,-2.4863495122715693,0.0,0.0,False,7,SP,SP 7
Zack Littell,WSN,7.55517,8.58247,10.4338,4.49223,26.3283,25.2533,0.0,0.250558,0.255059,144.145,603.627,148.507,78.2046,71.9482,23.9468,30.3229,1.51791,5.33464,108.405,6.76849,1.89327,3.57502,1.49517,0.179589,0.0502345,0.1293547637760639,0.26147,1.24063,0.28594,0.692515,,,4.53283,1.40446,1.23714,724.8800048828125,3.55881,0.511432,0.830362,3.55881,-0.511432,3.89285,494.0000000000001,3.430555555555556,519,3.6041666666666665,,,,,,,,,,,,,,,,,,,Zack Littell,15823,641793,SP,17.988970000000002,0.250558,-5.641995978814254,7.05674667064201,1.8345120487719582,-0.5887036948987534,1.1824147557042586,-1.4194804240407697,0.9305294842839951,2.346024837876506,4.8385671445016785,-2.4925423066251726,0.0,0.0,False,7,SP,SP 7
Mike Burrows,HOU,6.56452,7.49168,7.26079,4.11913,28.8333,24.2911,0.0,0.317244,0.0,129.801,545.871,117.447,64.5734,59.4076,19.4578,45.567,1.3654,5.13532,125.792,8.722,3.15947,2.76059,1.34914,0.230442,0.0834758,0.1469664275646209,0.237187,1.25588,0.280035,0.725038,,,4.31752,1.40225,1.41472,253.05999755859375,1.13036,1.24577,0.417531,1.13036,-1.24577,4.44329,523.0999999999999,4.023846153846153,502,3.8615384615384616,,,,,,,,,,,,,,,,,,,Mike Burrows,24728,681347,SP,13.82531,0.317244,0.3004133764884573,4.374897460862312,1.2232771494302885,-0.580080510295194,1.566374293417765,0.07558156876513358,0.5768906364441158,3.40623970906507,4.8385671445016785,-1.4323274354366085,0.0,0.0,False,7,SP,SP 7
Hunter Greene,CIN,4.09213,3.31612,5.42398,3.69426,11.4438,11.4438,0.0,0.0,0.0,66.618,272.399,53.3089,29.7227,27.3449,9.81392,21.4854,0.234811,3.79539,79.5262,10.7439,2.90265,3.7014,1.32585,0.291948,0.0788749,0.2130728960037231,0.215722,1.12273,0.275672,0.738215,,,3.80119,1.38468,1.38187,249.5099945068359,2.4805,3.46114,0.765471,2.4805,-3.46114,3.97937,319.99999999999994,4.776119402985074,290,4.3283582089552235,,,,,,,,,,,,,,,,,,,Hunter Greene,22182,668881,SP,9.516110000000001,0.0,3.2991507786142504,11.11500401959714,0.5906766421258687,-0.6211034172977374,0.5446802012830935,0.830039575318168,1.4656667499769112,2.8886567845757023,4.8385671445016785,-1.9499103599259762,2.05,0.0,False,7,SP,SP 7
Mason Miller,SDP,3.14106,2.1284,0.0521721,2.48044,59.7613,0.0713464,33.3952,1.66217,3.87304,64.4823,253.931,39.4274,19.317,17.7716,5.71978,24.6101,1.53561,2.24961,99.0543,13.8253,3.43491,4.02495,0.798328,0.390084,0.0969165,0.2931672558188438,0.173635,0.993101,0.275621,0.798156,,,2.46562,1.37408,1.50034,28.770000457763672,2.72408,-0.648712,2.177,2.72408,0.648712,2.09734,588.4000000000001,9.19375,532,8.3125,,,,,,,,,,,,,,,,,,,Mason Miller,31757,695243,RP,3.1932321,35.057370000000006,11.89003612720042,19.117645975305,-0.33753642924791444,4.4990007100482226,0.9759219478997102,2.991436645306793,2.5209255880098222,10.694620878923073,4.921431591770853,5.773189287152221,23.01,28.76,False,3,RP,RP 1
Jacob Lopez,ATH,8.06464,7.53404,8.89645,4.29659,23.0552,23.0552,0.0,0.0,0.0,125.4,533.247,110.709,65.0713,59.8656,18.7351,49.8815,0.577721,7.74443,128.442,9.21833,3.58002,2.57494,1.34463,0.240867,0.0935428,0.1473240032792091,0.232767,1.28063,0.280028,0.710912,,,4.40747,1.35777,1.28389,477.9800109863281,2.76452,-0.205704,0.706117,2.76452,0.205704,4.05851,484.69999999999993,3.8775999999999993,460,3.68,,,,,,,,,,,,,,,,,,,Jacob Lopez,25098,682052,SP,16.96109,0.0,-2.1820314804072902,1.1229516805890365,1.6836168920263743,-0.6211034172977374,1.624894611755649,-0.5489814212398287,0.14807668419805833,2.659255115231329,4.8385671445016785,-2.1793120292703496,0.0,0.0,False,7,SP,SP 7
Andre Pallante,STL,7.12657,9.05798,8.4233,4.39405,25.2518,24.0339,0.0,0.397892,0.818426,130.976,570.21,133.81,69.5069,63.9464,12.7944,50.8181,1.39608,4.44145,90.2063,6.19849,3.49195,1.77508,0.879162,0.158198,0.0891217,0.0690764561295509,0.259849,1.40963,0.293762,0.690522,,,4.29331,1.34693,1.14615,999.0,2.95868,-0.479674,1.03166,2.95868,0.479674,3.62446,476.10000000000014,3.634351145038169,501,3.8244274809160306,,,,,,,,,,,,,,,,,,,Andre Pallante,26108,669467,SP,15.549869999999999,0.397892,-3.6978906664898283,-15.723944917728634,1.4764465383834375,-0.5696518957148043,0.7805303340681636,-0.9303592967871195,-2.073419245170783,-0.9310817667841134,4.8385671445016785,-5.769648911285792,0.0,0.0,False,7,SP,SP 7
Nick Martinez,TBR,8.62609,8.62899,10.0073,4.41059,37.7561,21.8244,0.0,0.727828,0.768583,141.936,599.498,142.263,75.6066,69.5581,20.0602,38.4792,1.1463,5.72056,109.92,6.96988,2.43992,2.85661,1.272,0.183353,0.0641857,0.1191675662994384,0.256193,1.27341,0.287322,0.688702,,,4.35782,1.33831,1.0598,743.739990234375,2.90466,1.11398,0.848603,2.90466,-1.11398,3.86853,527.5999999999999,3.7154929577464784,542,3.816901408450704,,,,,,,,,,,,,,,,,,,Nick Martinez,12730,607259,SP,18.63339,0.727828,-4.268028378015054,2.2957623423930356,1.9291143923431806,-0.5269877827771564,1.215870711282332,-1.0738013204178323,0.3027279634952872,2.2964487127210416,4.8385671445016785,-2.542118431780637,0.0,0.0,False,7,SP,SP 7
Max Meyer,MIA,6.36977,7.69115,8.12126,4.34132,26.8612,22.2504,0.0,0.299668,0.0,125.413,534.123,122.963,65.7557,60.4952,17.4624,41.5252,0.754586,4.68406,114.723,8.23285,2.97997,2.76273,1.25315,0.214787,0.0777446,0.1370425522327423,0.252017,1.31157,0.296575,0.705026,,,4.22109,1.32689,1.2884,325.1499938964844,3.97192,-0.175432,0.588144,3.97192,0.175432,4.21581,485.1,3.8808,493,3.944,,,,,,,,,,,,,,,,,,,Max Meyer,27474,676974,SP,14.491029999999999,0.299668,-2.805651525138101,-2.757983767003896,1.32100638217017,-0.5823532675844626,1.3219360278773724,-0.7058791660909082,-0.36367824043487856,1.2550185094390836,4.8385671445016785,-3.583548635062595,0.0,0.0,False,7,SP,SP 7
Zach Eflin,BAL,8.62903,8.36267,9.66471,4.41807,27.7408,23.8576,0.0,0.302292,0.0,138.108,577.137,144.511,73.6925,67.7971,22.409,26.6371,0.838503,4.44526,107.545,7.0083,1.73584,4.03741,1.46031,0.186343,0.0461539,0.1401886194944381,0.264645,1.23923,0.293443,0.697229,,,4.36225,1.32554,0.938084,496.6700134277344,1.75248,-2.69941,0.810752,1.75248,2.69941,3.919,496.6,3.5985507246376813,527,3.818840579710145,,,,,,,,,,,,,,,,,,,Zach Eflin,13774,621107,SP,18.29374,0.302292,-4.2678952065078954,6.953346448985569,1.8792529882992872,-0.5820139574384087,1.1634232561681905,-1.0737678155468324,0.9168947373639862,2.8341797726842053,4.8385671445016785,-2.004387371817473,1.12,0.0,False,7,SP,SP 7
Cade Smith,CLE,4.8875,3.66705,0.0,2.93286,66.162,0.0,31.5196,3.09544,4.91782,68.0081,273.119,52.204,24.0891,22.162,5.54281,19.5343,1.51235,3.47737,87.9599,11.6404,2.58511,4.50285,0.733519,0.322057,0.0715228,0.2505338564515114,0.208726,1.05485,0.297955,0.74477,,,2.62302,1.317,1.12139,40.18000030517578,2.02715,0.320128,1.93293,2.02715,-0.320128,2.42276,573.2,8.429411764705883,541,7.955882352941177,,,,,,,,,,,,,,,,,,,Cade Smith,27867,671922,RP,4.8875,34.61504,9.121491995512862,15.963650504295583,-0.08881399050067727,4.433223227030102,0.7309227706288344,2.2948933984168223,2.1050277364853547,9.598434327910324,4.921431591770853,4.677002736139471,18.79,23.49,False,4,RP,RP 2
Will Warren,NYY,6.79766,7.77596,6.66909,4.28408,34.2881,21.079,0.0,0.474476,0.0,123.117,523.966,116.526,63.7006,58.6045,17.2807,44.2051,0.866589,4.96585,122.858,8.98109,3.23146,2.77927,1.26325,0.234477,0.0843664,0.1501104086637497,0.245424,1.30552,0.296559,0.710648,,,4.16218,1.3028,1.12321,312.67999267578125,3.48627,-0.467495,0.608028,3.48627,0.467495,4.1893,495.9,4.031707317073171,493,4.008130081300813,,,,,,,,,,,,,,,,,,,Will Warren,30182,701542,SP,13.46675,0.474476,-1.9711036249864717,-1.9617616382848218,1.1706397137347828,-0.559748798067937,1.5015823636051793,-0.4959136837265385,-0.25868535895666916,1.6512882945104168,4.8385671445016785,-3.1872788499912614,0.0,0.0,False,7,SP,SP 7
Ryan Weathers,NYY,7.15843,6.7213,7.44893,3.99479,30.9159,21.2321,0.0,0.340515,0.0,122.679,514.708,111.353,59.1882,54.4531,17.3261,41.4947,1.07143,4.86423,118.279,8.67718,3.04414,2.85046,1.27108,0.229798,0.0806179,0.1491800844669342,0.237756,1.24591,0.282579,0.728351,,,4.17653,1.29619,1.66401,230.1000061035156,3.82128,0.185845,0.301417,3.82128,-0.185845,4.59811,510.5,4.150406504065041,492,4.0,,,,,,,,,,,,,,,,,,,Ryan Weathers,23796,677960,SP,14.60736,0.340515,1.9788178820982019,5.35680190369205,1.3380838947049152,-0.5770713310235412,1.4004636701451143,0.4978545282427771,0.7063682948392689,3.6266238138409888,4.8385671445016785,-1.2119433306606897,0.0,0.0,False,7,SP,SP 7
Logan Henderson,MIL,5.862,5.09744,5.52384,4.0743,25.4378,14.6908,0.0,0.43891,0.0,88.5322,366.365,79.1047,43.5636,40.0785,13.4215,26.7557,0.718245,2.87565,89.0727,9.05495,2.71993,3.3291,1.3644,0.243126,0.0730304,0.1700953394174575,0.234918,1.19573,0.280411,0.715477,,,4.09782,1.28906,1.05721,281.5199890136719,1.98413,0.959126,0.351253,1.98413,-0.959126,4.53166,381.30000000000007,4.284269662921349,364,4.089887640449438,,,,,,,,,,,,,,,,,,,Logan Henderson,31475,701656,SP,11.38584,0.43891,0.6460073755206277,8.309038970304993,0.865157322187665,-0.5643478470978712,0.7554968877029464,0.1625302156862237,1.0956615149726068,2.5520581462655425,4.8385671445016785,-2.286508998236136,0.0,0.0,False,7,SP,SP 7
Grant Holmes,ATL,6.53948,7.06534,8.12319,4.21228,30.8566,21.9188,0.0,0.780465,0.740962,130.535,558.921,123.087,66.407,61.0944,17.26,50.081,1.63921,5.89656,129.881,8.9549,3.45294,2.59342,1.19002,0.232378,0.089603,0.1427749097347259,0.244733,1.3266,0.297431,0.716497,,,4.15058,1.28467,1.56742,424.4800109863281,2.81026,-0.487139,0.730713,2.81026,0.487139,4.02572,536.5,4.095419847328245,530,4.0458015267175576,,,,,,,,,,,,,,,,,,,Grant Holmes,16944,656550,SP,14.662669999999999,0.780465,-1.0487491490826564,-4.832550118614907,1.3462035303818407,-0.5201812781438366,1.6566722487700698,-0.2638567791331732,-0.6372384583903713,1.9746414233212664,4.8385671445016785,-2.8639257211804123,0.2,0.0,False,7,SP,SP 7
Dean Kremer,BAL,8.41618,7.77993,8.20203,4.42339,30.9859,22.0015,0.0,0.539944,0.0,131.235,554.469,128.306,70.109,64.5002,19.7774,40.2334,0.4915,4.03663,112.144,7.69077,2.75918,2.78734,1.35632,0.202255,0.0725621,0.1296927630901336,0.251482,1.28426,0.286902,0.698827,,,4.39721,1.26194,0.856975,999.0,2.22617,-0.0266055,0.801549,2.22617,0.0266055,3.93127,486.6000000000001,3.7145038167938935,491,3.7480916030534353,,,,,,,,,,,,,,,,,,,Dean Kremer,19350,665152,SP,16.61821,0.539944,-4.132551557665469,0.6987565494585791,1.6332813165263889,-0.5512831133721112,1.264983612408164,-1.0397164513183792,0.09214069910045312,1.8470333897862299,4.8385671445016785,-2.991533754715449,0.0,0.0,False,7,SP,SP 7
Rhett Lowder,CIN,5.58211,6.20801,5.65131,4.41338,26.4785,18.0022,0.0,0.926298,0.0,106.806,456.652,107.096,56.9294,52.3751,14.3034,34.103,0.967964,4.64702,84.298,7.10337,2.87369,2.47186,1.20527,0.1846,0.0746807,0.1099196076393127,0.256271,1.32202,0.290613,0.695442,,,4.38598,1.25952,1.20489,575.6099853515625,4.02803,1.26038,0.331816,4.02803,-1.26038,4.55758,396.40000000000015,3.704672897196263,408,3.8130841121495327,,,,,,,,,,,,,,,,,,,Rhett Lowder,33876,695076,SP,11.233419999999999,0.926298,-3.2447075015660456,-3.464016585350935,0.8427817143432065,-0.5013235736737697,0.6500565239414766,-0.8163420884215536,-0.4567784160550805,-0.1274694103464241,4.8385671445016785,-4.9660365548481025,0.0,0.0,False,7,SP,SP 7
Justin Steele,CHC,5.49443,3.55282,5.95141,3.64685,13.348,12.9238,0.0,0.177971,0.0,72.2727,297.745,65.4734,31.8318,29.2853,8.34377,19.3235,0.353426,2.63475,68.2391,8.49771,2.40632,3.53141,1.03904,0.229186,0.0648994,0.1642869338393211,0.237406,1.17329,0.28679,0.724401,,,3.65906,1.25011,1.30563,573.75,2.14416,-0.0486312,0.684745,2.14416,0.0486312,4.08701,335.4000000000001,4.658333333333335,326,4.527777777777778,,,,,,,,,,,,,,,,,,,Justin Steele,17312,657006,SP,11.44584,0.177971,3.9598933217381833,8.404597442390024,0.8739654606909291,-0.5980899394001266,0.2954256031277983,0.9962770396512163,1.1082622189369677,2.808541492477026,4.8385671445016785,-2.0300256520246527,5.6,0.0,False,7,SP,SP 7
Ian Seymour,TBR,6.25104,6.43672,5.71226,4.07076,35.325,14.9153,0.0,0.646189,0.159918,104.921,437.373,94.7854,51.5829,47.4562,13.973,31.8544,1.54063,5.41432,101.92,8.74264,2.73245,3.19956,1.1986,0.233028,0.0728313,0.1601971536874771,0.236902,1.20701,0.28434,0.700959,,,3.98926,1.24796,1.12206,466.55999755859375,2.12742,1.49067,0.265657,2.12742,-1.49067,4.64579,454.7999999999999,4.331428571428571,440,4.190476190476191,,,,,,,,,,,,,,,,,,,Ian Seymour,27932,693855,SP,11.9633,0.646189,0.8070989844034064,8.664323315622683,0.9499297831892455,-0.5375445438341997,1.0392055993189082,0.20305955781000062,1.1425106614777583,3.1093292452740027,4.8385671445016785,-1.7292378992276758,0.0,0.0,False,7,SP,SP 7
Jared Jones,PIT,4.91935,5.03538,6.24778,3.99628,17.5035,14.8144,0.0,0.477057,0.0,81.9878,343.315,73.8728,39.5708,36.4052,10.6468,27.1902,0.732576,3.67134,84.8995,9.31963,2.98474,3.12243,1.16872,0.247294,0.0791992,0.1680944338440895,0.236429,1.23266,0.29149,0.713718,,,3.88151,1.24479,1.20319,698.1400146484375,2.87034,-0.353536,0.314186,2.87034,0.353536,4.58109,356.1,4.342682926829268,344,4.195121951219512,,,,,,,,,,,,,,,,,,,Jared Jones,27863,683003,SP,11.16713,0.477057,1.308905893705448,4.66690537239073,0.8330501893201839,-0.5594150482634535,0.6633395320472266,0.32931010585671355,0.6153959114672114,2.002579097236417,4.8385671445016785,-2.8359880472652614,5.04,0.0,False,7,SP,SP 7
Grant Taylor,CHW,3.85069,4.31672,0.654958,3.43807,66.4062,2.42701,6.29639,14.3425,2.43274,79.7233,332.268,66.3906,33.1032,30.4549,6.64378,31.1458,1.60494,2.57829,95.1913,10.7462,3.51606,3.05632,0.750019,0.286489,0.0937368,0.1927523910999298,0.222381,1.22344,0.303732,0.730245,,,3.0995,1.20806,1.01467,487.4800109863281,5.10655,-1.32061,0.708515,5.10655,1.32061,4.05531,508.2999999999999,6.35375,483,6.0375,,,,,,,,,,,,,,,,,,,Grant Taylor,33927,691799,RP,4.505648,20.63889,6.217543685470859,5.273249301173057,-0.14487074556315002,2.0477170020190187,0.890614781960372,1.5642835585641506,0.695350730547775,4.961091088514437,4.921431591770853,0.03965949674358438,0.95,1.19,False,6,RP,RP 6
Spencer Schwellenbach,ATL,4.21724,2.99776,5.54428,3.62031,10.6608,10.4902,0.0,0.0,0.0,62.5378,253.295,56.6198,27.3438,25.1563,7.30939,12.9649,0.50555,2.22089,60.5966,8.72064,1.86582,4.67389,1.05192,0.239233,0.0511851,0.1880482770502567,0.237789,1.11268,0.289715,0.711707,,,3.44513,1.19507,1.28748,734.8499755859375,2.55984,-0.924791,0.904387,2.55984,0.924791,3.79415,308.90000000000003,4.9031746031746035,301,4.777777777777778,,,,,,,,,,,,,,,,,,,Spencer Schwellenbach,31846,680885,SP,9.76152,0.0,3.6108728178994003,11.062855809492353,0.6267033966273022,-0.6211034172977374,0.12665521335524027,0.9084663119143773,1.4587902884401778,2.5394217097696155,4.8385671445016785,-2.299145434732063,6.35,0.0,False,7,SP,SP 7
Roki Sasaki,LAD,6.34721,5.30215,6.69792,4.18007,30.2044,17.7676,0.26751,1.26417,0.413232,106.446,455.574,96.6661,53.7379,49.4389,13.1427,43.0003,0.868665,6.15039,102.105,8.63298,3.63568,2.37451,1.11122,0.224124,0.0943871,0.129736416041851,0.237846,1.31209,0.286849,0.708592,,,4.20703,1.19362,1.0773,267.29998779296875,1.47787,0.453555,0.32131,1.47787,-0.453555,4.57159,433.3000000000001,4.087735849056605,422,3.981132075471698,,,,,,,,,,,,,,,,,,,Roki Sasaki,35323,808963,SP,13.04513,1.5316800000000002,-0.4741062628662937,-2.395665728931572,1.1087449244723468,-0.4230414643603901,1.0432909800330625,-0.11928129009323873,-0.3159016044225849,1.6693014382537301,4.8385671445016785,-3.1692657062479483,8.59,0.0,False,7,SP,SP 7
Cristian Javier,HOU,7.73675,8.68115,8.70691,4.68737,24.9379,24.9379,0.0,0.0,0.0,137.589,588.833,125.492,77.89,71.6588,21.8155,57.7219,0.467576,5.23541,124.661,8.15435,3.77572,2.15968,1.427,0.211708,0.0980276,0.1136805489659309,0.238635,1.33161,0.273266,0.68987,,,4.75701,1.13283,0.65374,518.6900024414062,4.73495,1.06861,1.18999,4.73495,-1.06861,3.41335,486.6,3.526086956521739,465,3.369565217391304,,,,,,,,,,,,,,,,,,,Cristian Javier,17606,664299,SP,16.44366,0.0,-8.368333420715782,-5.7817460663431754,1.60765697359731,-0.6211034172977374,1.5413982632139358,-2.105404810133994,-0.7624030500851001,-0.08696003488293885,4.8385671445016785,-4.925527179384617,0.2,0.0,False,7,SP,SP 7
Jhoan Duran,PHI,4.96892,3.86616,0.0,2.87962,64.9953,0.0,32.3038,1.94881,4.37483,66.0854,269.75,54.0655,22.9832,21.1445,4.90682,19.8849,2.35908,3.49159,76.1605,10.3721,2.70807,3.83007,0.668247,0.282337,0.0737158,0.2086210548877716,0.219445,1.11901,0.297378,0.759788,,,2.85666,1.12914,1.25709,41.650001525878906,2.54155,0.126092,2.04163,2.54155,-0.126092,2.27783,537.5000000000001,8.143939393939396,516,7.818181818181818,,,,,,,,,,,,,,,,,,,Jhoan Duran,21029,661395,RP,4.96892,34.252610000000004,9.254556611201698,11.272073203288679,-0.07686134655174809,4.379327418085973,0.4703549803661815,2.3283713763898777,1.486378490573389,8.645160751858578,4.921431591770853,3.723729160087725,15.12,18.9,False,4,RP,RP 2
Griffin Jax,TBR,3.5029,4.01687,0.0,3.09741,61.8834,0.107762,17.7488,11.5562,5.17211,62.6104,252.462,50.1211,23.4215,21.5478,6.06248,17.2964,1.70595,2.31381,79.5773,11.4389,2.48629,4.6008,0.871458,0.315205,0.0685109,0.2466945350170135,0.215249,1.07678,0.299288,0.746581,,,2.79155,1.10545,1.02425,151.58999633789062,2.49588,-0.657339,1.37372,2.49588,0.657339,3.16837,503.4000000000001,7.990476190476192,478,7.587301587301587,,,,,,,,,,,,,,,,,,,Griffin Jax,20253,643377,RP,3.5029,29.305,7.2527685680949565,13.323679386781132,-0.29207646669433274,3.6435841206490394,0.5458086496857597,1.824737741956469,1.7569110933408063,7.5204736771920535,4.921431591770853,2.5990420854212006,10.8,13.5,False,5,RP,RP 4
Slade Cecconi,CLE,7.13915,9.37238,9.64108,4.58877,26.2729,26.2729,0.0,0.0,0.0,149.306,628.421,149.876,82.7451,76.1255,24.9363,38.2551,1.02209,5.81071,123.521,7.44573,2.30598,3.22888,1.50314,0.196558,0.0608749,0.1356827430427074,0.256481,1.26004,0.286626,0.687808,,,4.53715,1.08958,0.77617,671.75,2.99048,-0.571848,1.02007,2.99048,0.571848,3.6399,521.1000000000001,3.4973154362416117,536,3.597315436241611,,,,,,,,,,,,,,,,,,,Slade Cecconi,27500,677944,SP,16.78023,0.0,-7.445253736951274,4.411073976252209,1.6570662265313691,-0.6211034172977374,1.5162234847591476,-1.8731654491252967,0.5816610095041267,1.7303451890077681,4.8385671445016785,-3.10822195549391,0.0,0.0,False,7,SP,SP 7
Hunter Barco,PIT,4.62534,3.8108,4.23354,4.06998,32.5185,10.7635,0.0,0.662172,0.0,82.8759,354.617,76.1329,40.7371,37.4781,8.92329,33.1463,0.824285,4.16858,76.2054,8.27561,3.59956,2.29906,0.969034,0.214895,0.0934708,0.1214243918657302,0.239938,1.31859,0.289481,0.708178,,,4.04658,1.08741,0.95996,999.0,1.77011,0.322609,0.256709,1.77011,-0.322609,4.65772,350.9,4.227710843373494,343,4.132530120481928,,,,,,,,,,,,,,,,,,,Hunter Barco,33174,682995,SP,8.85888,0.662172,0.6445288379020281,-2.4040177820149204,0.49419376098419854,-0.5354777778035682,0.4713465133070762,0.16215822761432663,-0.317002937942278,0.4908600911439335,4.8385671445016785,-4.347707053357745,0.0,0.0,False,7,SP,SP 7
Chris Paddack,MIA,5.20644,7.07772,6.06326,4.83059,26.8279,20.8801,0.0346805,0.278707,0.0,118.347,502.666,124.641,69.044,63.5204,19.4563,30.4122,0.733523,3.22477,92.3679,7.02438,2.31278,3.0372,1.47961,0.183756,0.0605018,0.1232541054487228,0.265742,1.31016,0.294465,0.672922,,,4.56405,1.04062,0.550405,999.0,2.8093,-0.379211,0.788946,2.8093,0.379211,3.94807,399.5,3.385593220338983,428,3.6271186440677967,,,,,,,,,,,,,,,,,,,Chris Paddack,20099,663978,SP,11.2697,0.3133875,-9.081187212215003,-2.435162790728304,0.8481077020915136,-0.580579195347883,0.8282652473206809,-2.284753041865461,-0.32110983737465465,-1.1956261710165519,4.8385671445016785,-6.03419331551823,0.0,0.0,False,7,SP,SP 7
Robby Snelling,MIA,4.71156,5.19263,6.4271,4.10265,14.7388,14.4156,0.0,0.165164,0.0,78.3063,335.26,76.7804,38.7999,35.6959,9.25908,27.9325,0.296567,2.67595,68.2162,7.84032,3.21037,2.44218,1.06418,0.203473,0.0833159,0.1201566606760025,0.252027,1.33722,0.29722,0.718396,,,4.10263,1.02213,1.04602,999.0,2.35032,-0.761037,0.319833,2.35032,0.761037,4.57356,309.30000000000007,3.965384615384616,316,4.051282051282051,,,,,,,,,,,,,,,,,,,Robby Snelling,sa3020707,702281,SP,11.138660000000002,0.165164,0.3247285611306377,-3.7305869111985044,0.8288707276003853,-0.5997460160161747,0.29491989924480316,0.08169907199202629,-0.4919293941776646,0.24970816309343755,4.8385671445016785,-4.588858981408241,0.0,0.0,False,7,SP,SP 7
Aaron Civale,ATH,6.32796,7.34629,6.74436,4.66438,22.044,22.044,0.0337772,0.0,0.0,121.25,517.924,120.088,68.3038,62.8395,20.0202,38.8961,0.777085,6.1026,104.868,7.78399,2.88714,2.69609,1.48604,0.202477,0.0751,0.1273766607046127,0.253926,1.31121,0.287521,0.69245,,,4.66523,1.01195,0.739829,999.0,1.65963,0.0237713,0.772458,1.65963,-0.0237713,3.97006,412.4000000000001,3.408264462809918,420,3.4710743801652892,,,,,,,,,,,,,,,,,,,Aaron Civale,19479,650644,SP,13.072320000000001,0.0337772,-7.064917200952014,-2.6224092801321874,1.1127364792374095,-0.6167356784771252,1.1043066930774297,-1.7774758617123165,-0.3458008724012999,-0.0919628572983743,4.8385671445016785,-4.930530001800053,0.0,0.0,False,7,SP,SP 7
Edwin Díaz,LAD,4.84018,2.92701,0.0,3.04495,61.6997,0.0,36.035,1.49946,5.11705,64.4075,260.104,46.8943,23.6857,21.7909,6.54475,21.9685,0.722053,3.9862,88.1558,12.3185,3.06978,4.01282,0.914533,0.338925,0.0844606,0.2544648423790931,0.200275,1.06917,0.289351,0.756733,,,2.92762,1.0063,0.974322,32.869998931884766,1.73942,-0.0321745,2.18875,1.73942,0.0321745,2.08166,547.3,8.5515625,511,7.984375,,,,,,,,,,,,,,,,,,,Edwin Diaz,14710,621242,RP,4.84018,37.534459999999996,7.836328384574703,14.195885319916588,-0.09576067573358481,4.867360860635688,0.7352488575580386,1.9715566583222892,1.87192348857479,9.463903389440478,4.921431591770853,4.542471797669625,18.27,22.84,False,4,RP,RP 2
Kumar Rocker,TEX,4.66029,5.69929,4.7024,4.30314,25.5569,15.5694,0.0,0.649625,0.0,90.3631,383.364,86.7463,46.962,43.205,11.7081,29.6405,0.65351,4.02031,79.7764,7.94558,2.95214,2.69147,1.16611,0.208096,0.0773169,0.1307788640260696,0.248057,1.28799,0.2906,0.69428,,,4.17135,1.00466,0.669448,747.3200073242188,2.74754,-1.21297,0.13086,2.74754,1.21297,4.82552,354.2,3.9355555555555553,356,3.955555555555556,,,,,,,,,,,,,,,,,,,Kumar Rocker,31843,677958,SP,9.36269,0.649625,-1.6382849242997743,0.14373273969883607,0.5681542319730226,-0.5371002337496567,0.5502054026597494,-0.41217919824419696,0.018953146313598554,0.3535223396302834,4.8385671445016785,-4.485044804871395,0.2,0.0,False,7,SP,SP 7
Bryan Abreu,HOU,3.08896,2.60194,0.0,3.12988,64.4905,0.0,11.8328,20.2537,4.31775,67.0518,277.514,50.8004,25.3459,23.3182,6.64804,27.5971,0.717062,3.79984,89.859,12.0613,3.70421,3.2561,0.89233,0.323799,0.0994439,0.2243554815649986,0.206407,1.16921,0.295116,0.767859,,,3.14852,0.997509,0.976953,188.82000732421875,0.608501,0.556227,1.08708,0.608501,-0.556227,3.55056,501.0999999999999,7.479104477611939,468,6.985074626865671,,,,,,,,,,,,,,,,,,,Bryan Abreu,16609,650556,RP,3.08896,32.0865,7.525397285981075,8.071224237611796,-0.352843814228351,4.057212111097121,0.7728608598950514,1.8933289159884665,1.0643023588491798,7.662914626670486,4.921431591770853,2.741483034899633,11.34,14.18,False,5,RP,RP 3
Davis Martin,CHW,7.17884,10.2837,9.41893,4.60109,26.6572,26.6572,0.0,0.0,0.0,151.226,653.022,152.104,84.0341,77.3114,22.0987,53.3179,1.62242,7.53383,117.138,6.9713,3.17315,2.19697,1.31518,0.179378,0.0816479,0.097729779779911,0.256858,1.35838,0.287029,0.695696,,,4.69283,0.980434,1.0074,999.0,2.91695,0.0442464,1.23115,2.91695,-0.0442464,3.35847,502.6000000000001,3.3284768211920537,520,3.443708609271523,,,,,,,,,,,,,,,,,,,Davis Martin,21448,663436,SP,16.59777,0.0,-7.747960343349872,-10.40373059131773,1.6302806773429435,-0.6211034172977374,1.375266808551331,-1.9493239759346208,-1.3718755275776067,-0.4555423375974041,4.8385671445016785,-5.294109482099082,0.0,0.0,False,7,SP,SP 7
Jose Quintana,COL,7.04889,8.66676,7.54919,5.06372,22.067,22.067,0.0,0.0,0.0,127.148,565.325,140.929,77.7586,71.5379,18.5681,49.208,0.573256,5.18854,88.6669,6.27618,3.48313,1.80188,1.31432,0.156842,0.0870437,0.0697984248399734,0.275829,1.4954,0.303103,0.684643,,,4.92236,0.971458,1.12409,999.0,9.06583,0.44371,1.67847,9.06583,-0.44371,2.76204,355.5000000000001,2.7992125984251977,404,3.1811023622047245,,,,,,,,,,,,,,,,,,,Jose Quintana,11423,500779,SP,14.59808,0.0,-13.050257494982654,-26.169360811136073,1.336721569283077,-0.6211034172977374,0.7465355498986018,-3.283338930474108,-3.4507915553971316,-5.468952400387895,4.8385671445016785,-10.307519544889573,0.0,0.0,False,7,SP,SP 7
Anthony Kay,CHW,5.53251,8.31891,8.25394,4.43986,28.4736,20.5311,0.0,0.289587,0.94669,121.964,529.161,120.159,65.3991,60.1672,15.9768,48.4186,2.14455,5.66693,99.6744,7.35518,3.57291,2.0586,1.17896,0.188363,0.0915006,0.0968623682856559,0.252927,1.38219,0.289859,0.705687,,,4.53396,0.965476,1.01948,736.0499877929688,3.96448,-0.827413,0.743166,3.96448,0.827413,4.00911,432.0000000000002,3.5409836065573788,440,3.60655737704918,,,,,,,,,,,,,,,,,,,Anthony Kay,20387,641743,SP,13.78645,0.289587,-4.064179657706494,-11.295148478697305,1.2175724117263413,-0.5836568444070112,0.9896157023907753,-1.0225146358774126,-1.4894212842470012,-0.6606407410533434,4.8385671445016785,-5.4992078855550215,0.0,0.0,False,7,SP,SP 7
Logan Allen,CLE,6.23966,7.48686,6.26402,4.51427,24.3917,20.8594,0.0,0.307577,0.0,115.115,500.514,117.13,62.7608,57.7399,16.4541,44.1205,0.813346,4.27929,93.2179,7.28803,3.44947,2.1128,1.28643,0.186244,0.0881505,0.0980939790606498,0.259071,1.40078,0.293993,0.712584,,,4.6351,0.964674,0.668964,999.0,2.27798,0.414964,0.808902,2.27798,-0.414964,3.92146,392.00000000000006,3.4086956521739133,409,3.5565217391304347,,,,,,,,,,,,,,,,,,,Logan Allen,27589,671106,SP,12.50368,0.307577,-4.787396091444065,-12.800388435318915,1.0292588145958086,-0.5813305526663455,0.8470359154667946,-1.204470024340985,-1.68790795607071,-1.257183648891734,4.8385671445016785,-6.095750793393412,0.0,0.0,False,7,SP,SP 7
Johan Oviedo,BOS,5.07271,4.51027,4.66079,4.27588,30.6129,14.4433,0.0,0.727709,0.0,92.9912,399.547,83.1713,48.0217,44.18,12.1526,40.252,0.950663,5.51955,88.607,8.57568,3.89572,2.2013,1.17617,0.221768,0.100744,0.1210243180394172,0.235096,1.32726,0.280688,0.708597,,,4.40498,0.932118,0.939181,539.0999755859375,1.5717,3.07611,0.164416,1.5717,-3.07611,4.78078,368.8,3.9655913978494626,353,3.795698924731183,,,,,,,,,,,,,,,,,,,Johan Oviedo,22487,670912,SP,9.7335,0.727709,-1.4043679671519136,-3.5036195540670634,0.6225899959462777,-0.5270031706991763,0.7452127698727757,-0.3533275892091343,-0.46200061429677847,0.30615622806673204,4.8385671445016785,-4.532410916434946,0.0,0.0,False,7,SP,SP 7
Jacob Latz,TEX,3.61574,3.59558,4.70631,4.22303,40.1971,12.1181,0.00634233,2.26443,1.23042,101.037,433.608,89.9156,51.5318,47.4092,12.7292,46.474,2.06383,3.19977,94.9017,8.45347,4.13972,2.04204,1.13387,0.218865,0.10718,0.1116853877902031,0.234196,1.34989,0.279354,0.715685,,,4.36931,0.924942,0.618271,728.6400146484375,3.79618,1.78807,0.361492,3.79618,-1.78807,4.51801,404.5000000000001,4.004950495049506,387,3.831683168316831,,,,,,,,,,,,,,,,,,,Jacob Latz,21306,656641,SP,8.32205,2.27077233,-0.9325276514027904,-6.094209111230646,0.4153858777724119,-0.3274692362965554,0.8842195049072963,-0.23461639303067525,-0.8036056168750587,0.060456080627509755,4.8385671445016785,-4.778111063874169,0.0,0.0,False,7,SP,SP 7
Aroldis Chapman,BOS,4.01278,3.27844,0.0,3.06113,55.7848,0.0,28.0581,2.42298,3.82111,55.4299,226.711,39.726,20.4925,18.8531,5.01208,23.7956,0.721754,1.88807,76.1629,12.3664,3.86362,3.20071,0.813798,0.335948,0.10496,0.23098736256361,0.197615,1.14598,0.28964,0.761513,,,2.9526,0.924402,0.953763,63.619998931884766,1.44343,-0.495658,1.84864,1.44343,0.495658,2.53515,463.5,8.427272727272728,432,7.8545454545454545,,,,,,,,,,,,,,,,,,,Aroldis Chapman,10233,547973,RP,4.01278,30.48108,6.644463274993398,7.9597433437789755,-0.21722490569359526,3.8184752250913108,0.4704079798997704,1.6716930643919312,1.049602063729143,6.879764762291893,4.921431591770853,1.9583331705210405,8.34,10.42,False,5,RP,RP 4
Lucas Giolito,,6.65844,6.71834,7.73911,4.57371,22.8075,19.5756,0.0,0.206935,0.0,112.046,482.287,109.077,61.8921,56.9407,17.2445,43.691,0.646545,3.46508,100.903,8.10499,3.50944,2.30948,1.38515,0.209219,0.0905913,0.1186273768544197,0.250677,1.36344,0.289708,0.706515,,,4.5974,0.922863,0.742745,706.1900024414062,3.5228,0.687965,0.743554,3.5228,-0.687965,4.00859,397.3000000000002,3.54732142857143,400,3.5714285714285716,,,,,,,,,,,,,,,,,,,Lucas Giolito,15474,608337,SP,14.397549999999999,0.206935,-5.399925531528823,-8.275612384343843,1.307283302382085,-0.5943445967666279,1.0167470469605582,-1.3585774630229424,-1.0912537580773234,-0.5093634885510357,4.8385671445016785,-5.347930633052714,0.75,0.0,False,7,SP,SP 7
Michael Lorenzen,COL,5.90697,10.6968,8.626,5.1732,24.7092,24.7092,0.0,0.0655627,0.0,141.341,620.913,152.573,88.3077,81.2431,24.4415,51.257,0.649378,5.78006,112.566,7.16769,3.26382,2.19611,1.55632,0.181291,0.082551,0.098739743232727,0.270578,1.44211,0.300165,0.681097,,,5.00096,0.916856,1.1265,999.0,3.87093,0.754591,1.81461,3.87093,-0.754591,2.58053,405.4,2.8751773049645393,448,3.1773049645390072,,,,,,,,,,,,,,,,,,,Michael Lorenzen,14843,547179,SP,14.532969999999999,0.0655627,-16.22672633071967,-21.559338325469408,1.3271632709839516,-0.6126254869194303,1.2743026970642344,-4.082512724081082,-2.8428964379527706,-4.5972268094320325,4.8385671445016785,-9.435793953933711,0.0,0.0,False,7,SP,SP 7
Patrick Sandoval,BOS,3.78942,4.75254,3.87171,4.11453,34.6715,9.01125,0.0,0.622189,0.0,75.8391,329.046,72.9057,37.6863,34.6714,7.49091,32.6217,0.880887,2.82673,71.5322,8.48889,3.8713,2.19278,0.888964,0.217393,0.0991404,0.1182523965835571,0.248319,1.39147,0.304859,0.713816,,,3.93503,0.908288,0.759527,999.0,4.3294,-0.319163,0.395297,4.3294,0.319163,4.47294,326.49999999999994,4.296052631578947,329,4.328947368421052,,,,,,,,,,,,,,,,,,,Patrick Sandoval,19447,663776,RP,7.66113,0.622189,0.21432505035282212,-7.726741041871118,0.3183612961127912,-0.5406479902920084,0.36814758815364235,0.053922444202330604,-1.0188774930522189,-0.8782151260626738,4.921431591770853,-5.799646717833527,0.0,0.0,False,7,RP,RP 7
Devin Williams,NYM,4.54222,4.17792,0.0,3.17871,63.3199,0.0,31.1122,3.25944,3.9042,64.146,262.964,46.9752,24.6258,22.6557,5.58928,26.5969,1.15284,3.19553,83.2957,11.6868,3.73168,3.13178,0.784204,0.316757,0.101143,0.2156143635511398,0.201462,1.14695,0.286832,0.744464,,,3.06415,0.905011,0.869952,60.84000015258789,2.42014,-1.59007,1.94781,2.42014,1.59007,2.40292,520.5999999999999,8.134374999999999,485,7.578125,,,,,,,,,,,,,,,,,,,Devin Williams,15816,642207,RP,4.54222,34.37164,6.8512392843524275,9.149359900343413,-0.13950189154079376,4.3970279896132185,0.6279225937263591,1.7237162311131702,1.206469432297285,7.862227600262381,4.921431591770853,2.940796008491528,12.11,15.14,False,5,RP,RP 3
Miles Mikolas,WSN,7.15885,9.60811,8.73383,4.86056,25.6589,25.6589,0.0,0.0,0.0,142.475,606.066,153.897,83.6362,76.9453,23.9126,32.8661,0.680803,4.70004,94.2902,5.95622,2.07612,2.86892,1.51053,0.155577,0.0542286,0.101348876953125,0.270708,1.31085,0.288665,0.672777,,,4.78442,0.901294,0.545293,999.0,2.47006,0.832642,1.20494,2.47006,-0.832642,3.39341,429.19999999999993,3.022535211267605,472,3.323943661971831,,,,,,,,,,,,,,,,,,,Miles Mikolas,9803,571945,SP,15.892679999999999,0.0,-11.407290232623838,-3.0300535231904124,1.5267718377218364,-0.6211034172977374,0.870715665411592,-2.8699816939543594,-0.399554394380827,-1.0239185665705566,4.8385671445016785,-5.862485711072235,0.0,0.0,False,7,SP,SP 7
Jeremiah Estrada,SDP,3.73797,3.0441,0.0,3.3905,64.8877,0.0,3.03011,21.4924,2.24143,66.225,272.196,51.1332,27.1178,24.9484,8.3258,25.9898,1.71811,2.35793,87.2965,11.8636,3.53202,3.35887,1.13148,0.320712,0.0954821,0.2252302095293998,0.209693,1.16456,0.288799,0.763824,,,3.41729,0.892758,0.770438,603.6500244140625,2.57621,-0.807863,0.765078,2.57621,0.807863,3.9799,446.4000000000001,6.7636363636363654,415,6.287878787878788,,,,,,,,,,,,,,,,,,,Jeremiah Estrada,22210,669093,RP,3.73797,24.52251,5.514872130861462,8.279498704521593,-0.2575676480616283,2.5499089492054683,0.7162728162192672,1.387497095042431,1.0917662230529752,5.53132969129799,4.921431591770853,0.609898099527137,3.14,3.93,True,6,RP,RP 6
Max Scherzer,TOR,4.96224,5.07832,5.03789,4.57897,22.6429,14.3212,0.0,0.366025,0.0,82.7891,345.315,79.2217,45.7837,42.121,14.6544,22.4139,0.289576,3.37506,80.3512,8.73498,2.43661,3.58489,1.59308,0.232689,0.0649084,0.1677809655666351,0.247935,1.22765,0.287578,0.688515,,,4.42965,0.883346,0.382111,667.1199951171875,2.67501,-0.452071,0.422776,2.67501,0.452071,4.4363,309.30000000000007,3.7265060240963863,305,3.674698795180723,,,,,,,,,,,,,,,,,,,Max Scherzer,3137,453286,SP,10.00013,0.366025,-4.038298863433708,5.127646591143993,0.6617318954316992,-0.5737726260594289,0.5628987909543216,-1.0160032379666741,0.6761510028265911,0.43556029390373446,4.8385671445016785,-4.403006850597944,0.2,0.0,False,7,SP,SP 7
Brandon Sproat,MIL,4.28253,4.31772,4.60091,4.20641,26.5192,11.8271,0.0,0.813597,0.0,79.0929,338.371,73.7002,40.1808,36.9663,8.95188,29.9285,0.725962,4.58208,66.8788,7.61016,3.40558,2.23462,1.01864,0.197649,0.0884489,0.1092004776000976,0.242546,1.31022,0.283947,0.696495,,,4.22435,0.871443,0.776535,675.760009765625,1.51147,0.08918,0.288203,1.51147,-0.08918,4.61573,314.5,3.981012658227848,311,3.9367088607594938,,,,,,,,,,,,,,,,,,,Brandon Sproat,33850,687075,SP,8.88344,0.813597,-0.5838381454282711,-1.6320025324747838,0.4977992256782014,-0.5158969703088317,0.26538590915231774,-0.146888941671644,-0.21520206771937023,0.09238919136322496,4.8385671445016785,-4.746177953138454,0.0,0.0,False,7,SP,SP 7
Brad Lord,WSN,4.50103,6.30115,5.65268,4.31416,38.0506,13.3622,0.736547,1.31143,0.0,98.735,421.936,97.3238,51.4443,47.3288,11.8318,32.8416,0.942324,4.45178,79.2913,7.22764,2.99361,2.41436,1.07851,0.187922,0.0778355,0.110087014734745,0.253024,1.31833,0.291265,0.692962,,,4.21997,0.868895,0.845405,999.0,1.85568,0.0561385,0.200921,1.85568,-0.0561385,4.73211,388.8,3.9272727272727272,395,3.98989898989899,,,,,,,,,,,,,,,,,,,Brad Lord,31972,695418,SP,10.15371,2.047977,-1.9110397306061684,-2.838624468237963,0.6842777939538873,-0.356278960367589,0.5394928719330676,-0.480802095099988,-0.3743118303359894,0.2959972203875504,4.8385671445016785,-4.542569924114128,0.0,0.0,False,7,SP,SP 7
Abner Uribe,MIL,3.51467,2.60216,0.0,3.1777,64.3737,0.0,17.4049,15.0769,3.35635,66.5292,277.872,52.1248,25.5326,23.49,5.04072,28.8153,1.95087,3.60659,77.6115,10.4992,3.8981,2.69341,0.681903,0.279307,0.1037,0.1756070330739021,0.212365,1.21661,0.289219,0.749935,,,3.24895,0.867191,0.941548,160.7100067138672,2.05226,-0.758256,1.31819,2.05226,0.758256,3.24241,501.1,7.47910447761194,472,7.044776119402985,,,,,,,,,,,,,,,,,,,Abner Uribe,25327,682842,RP,3.51467,32.4818,7.11320308416019,4.854689230847244,-0.29034860352460906,4.115995912867433,0.5023976150485476,1.7896241982635837,0.6401578060231488,6.848219369725282,4.921431591770853,1.926787777954429,8.21,10.26,False,5,RP,RP 4
José Berríos,TOR,6.03305,5.87576,6.81948,4.33096,29.8333,14.2942,0.0,0.747237,0.0,97.8671,415.007,94.6066,51.1906,47.0953,14.7951,30.0404,0.843062,5.07709,83.3121,7.6615,2.76256,2.77334,1.36058,0.200748,0.0723852,0.1283632665872573,0.249037,1.27364,0.283238,0.706761,,,4.47435,0.866238,0.715944,687.9099731445312,1.99594,-0.481577,0.241256,1.99594,0.481577,4.67833,358.70000000000005,3.6602040816326538,360,3.673469387755102,,,,,,,,,,,,,,,,,,,Jose Berrios,14168,621244,SP,12.852530000000002,0.747237,-2.076770744307566,1.5605482214463606,1.0804707998768697,-0.5244779997646727,0.6282847572058842,-0.5224986738442727,0.20577983020760332,1.1338473852557245,4.8385671445016785,-3.704719759245954,0.2,0.0,False,7,SP,SP 7
Michael Soroka,ARI,5.17849,5.77125,3.80921,4.20366,38.5969,11.6049,1.00515,1.61274,0.37319,95.3396,404.733,85.4044,48.4027,44.5305,11.7371,34.7795,0.773585,7.11093,95.8699,9.05006,3.28316,2.75651,1.10798,0.236872,0.0859319,0.1509401127696037,0.235376,1.26059,0.288625,0.691854,,,4.04257,0.860053,0.924621,736.3200073242188,3.51566,-1.07119,0.111757,3.51566,1.07119,4.85099,413.4,4.351578947368421,398,4.189473684210526,,,,,,,,,,,,,,,,,,,Michael Soroka,18383,647336,SP,8.9877,2.61789,-0.6746120476031805,2.764232359223982,0.5131048343507065,-0.2825833569880433,0.9056004000826695,-0.1697269191595606,0.3645022035962934,1.4480445384496272,4.8385671445016785,-3.390522606052051,0.0,0.0,False,7,SP,SP 7
Hunter Dobbins,STL,4.31473,4.68077,4.47013,4.36584,24.7452,12.5493,0.0,0.607684,0.912697,81.704,350.055,82.0427,43.0806,39.6341,9.63695,26.7434,1.13582,3.50991,61.0666,6.72671,2.94588,2.28343,1.06155,0.174449,0.0763977,0.0980509892106056,0.256543,1.33147,0.290672,0.689501,,,4.28449,0.857881,0.677529,999.0,1.80279,0.272294,0.2846,1.80279,-0.272294,4.62053,303.6000000000001,3.702439024390245,313,3.817073170731707,,,,,,,,,,,,,,,,,,,Hunter Dobbins,30240,690928,SP,8.78486,0.607684,-2.0505411297862626,-3.422177702465343,0.48332745411733863,-0.5425236357449464,0.1370342886830914,-0.515899515588412,-0.45126138165783947,-0.6944533187144663,4.8385671445016785,-5.533020463216145,0.0,0.0,False,7,SP,SP 7
Connelly Early,BOS,3.08591,2.75885,2.57104,3.7509,15.6574,7.12789,0.0,0.800027,0.213865,46.1233,194.069,40.38,20.8942,19.2226,4.45397,17.0724,0.44351,2.39819,47.1215,9.19479,3.33132,2.7601,0.869101,0.242808,0.0879705,0.1548372209072113,0.231273,1.24563,0.292027,0.713793,,,3.61364,0.855854,0.735626,281.3900146484375,2.24594,0.320184,0.840131,2.24594,-0.320184,3.87983,228.20000000000005,4.960869565217393,219,4.760869565217392,,,,,,,,,,,,,,,,,,,Connelly Early,33666,813349,SP,5.65695,0.800027,1.9939592974460163,2.027329233646834,0.02414304568826405,-0.5176517106601844,-0.1709172929220512,0.5016639855269013,0.2673313517272147,0.06587591071233101,4.8385671445016785,-4.772691233789347,0.0,1.0,True,6,SP,SP 6
Garrett Whitlock,BOS,4.27725,3.11593,0.0,3.34831,57.4117,0.0,5.108,19.0114,2.13953,63.7756,261.675,55.242,25.7899,23.7267,6.20612,17.9771,0.896589,2.82018,70.851,9.99849,2.53693,3.94117,0.875806,0.27076,0.0687004,0.20205969363451,0.229337,1.14807,0.299327,0.734989,,,3.15661,0.855148,0.834999,648.7000122070312,1.82924,-2.25471,0.857208,1.82924,2.25471,3.85706,436.7999999999999,6.824999999999999,422,6.59375,,,,,,,,,,,,,,,,,,,Garrett Whitlock,20191,676477,RP,4.27725,24.1194,5.609856558836815,9.024699114837118,-0.17840009919429142,2.4977826866385,0.3531045538699567,1.4113944066686723,1.1900311864792505,5.368500923659116,4.921431591770853,0.4470693318882635,2.52,3.15,False,6,RP,RP 6
Luis Morales,ATH,6.51624,6.77893,6.91198,4.54215,25.8817,19.7443,0.0,0.307456,0.0,113.069,484.484,106.246,62.0264,57.0643,17.2779,44.8333,0.810136,4.37323,99.7824,7.94239,3.5686,2.22563,1.37527,0.205956,0.0925381,0.1134177818894386,0.244087,1.33616,0.279582,0.70181,,,4.66223,0.853769,0.771944,723.9000244140625,2.34555,-0.226209,0.638081,2.34555,0.226209,4.14923,404.5,3.579646017699115,397,3.5132743362831858,,,,,,,,,,,,,,,,,,,Luis Morales,32227,806960,SP,13.42822,0.307456,-5.052949051500569,-5.267671068002192,1.1649834207926035,-0.5813461992089035,0.9920006814022813,-1.271280995097031,-0.694615163482957,-0.0727380905431694,4.8385671445016785,-4.911305235044848,0.0,0.0,False,7,SP,SP 7
Ryan Feltner,COL,3.3925,5.93135,5.78257,5.17007,26.7021,16.9737,0.0,0.494027,0.0,99.7316,440.833,106.151,62.2728,57.291,14.355,40.6885,0.422153,3.77447,81.8888,7.38983,3.67183,2.01258,1.29542,0.185759,0.0922992,0.0934598892927169,0.267809,1.47235,0.305859,0.667233,,,4.7016,0.825172,0.727128,999.0,2.39981,-0.613457,0.980298,2.39981,0.613457,3.69294,321.19999999999993,3.2119999999999993,347,3.47,,,,,,,,,,,,,,,,,,,Ryan Feltner,21446,663372,SP,9.17507,0.494027,-11.414807159739931,-18.227528089092207,0.540611182873316,-0.5572206529972445,0.5968538254736916,-2.871872891844309,-2.4035512544439865,-4.4566627821586735,4.8385671445016785,-9.295229926660351,0.0,0.0,False,7,SP,SP 7
Kyle Harrison,MIL,4.35799,3.95006,2.87176,4.29673,26.498,14.2191,0.0,2.75362,0.0,89.2616,381.605,82.014,46.3204,42.6148,12.6547,35.4295,0.966141,4.41007,89.8647,9.06081,3.57226,2.53644,1.27594,0.235492,0.0928435,0.1426481008529663,0.239972,1.31572,0.289908,0.713179,,,4.30362,0.822322,0.827062,560.8499755859375,2.87637,-1.08085,0.130909,2.87637,1.08085,4.82545,360.50000000000006,4.05056179775281,351,3.943820224719101,,,,,,,,,,,,,,,,,,,Kyle Harrison,27758,690986,SP,7.22975,2.75362,-1.554771134222672,-2.333440681562471,0.2550337163204909,-0.2650320741664447,0.7729867337873254,-0.39116780607074647,-0.30769637275700645,0.2030398406061687,4.8385671445016785,-4.635527303895509,0.0,0.0,False,7,SP,SP 7
Kyle Leahy,STL,4.7084,5.80618,5.26683,4.44978,44.1246,14.3249,0.0131978,1.85231,3.43682,113.426,489.855,113.371,60.9566,56.0801,14.2474,42.2871,1.17743,4.12775,92.8133,7.36443,3.35535,2.19484,1.13048,0.189471,0.0863257,0.103145070374012,0.255661,1.37233,0.294676,0.697812,,,4.35914,0.821371,0.594144,740.1699829101562,6.48612,-1.94622,0.550308,6.48612,1.94622,4.26626,426.2,3.771681415929203,439,3.8849557522123894,,,,,,,,,,,,,,,,,,,Kyle Leahy,24763,681517,SP,9.97523,1.8655077999999998,-3.904530279877802,-9.386090667284728,0.6580765179528446,-0.3798741017175547,0.8381010774292443,-0.9823481473883968,-1.2376856525695128,-1.1538217827462651,4.8385671445016785,-5.992388927247943,0.0,0.0,False,7,SP,SP 7
Bryce Elder,ATL,6.40661,7.07038,7.08561,4.66395,23.4403,18.8414,0.0,0.67902,0.0,110.754,480.472,115.103,62.3853,57.3944,14.802,38.5712,0.925147,4.50424,90.8469,7.38234,3.13435,2.3553,1.20283,0.189079,0.0802778,0.1088008508086204,0.263155,1.38753,0.302341,0.686634,,,4.39883,0.811123,0.762036,740.219970703125,3.55534,-0.958092,0.797962,3.55534,0.958092,3.93605,391.9000000000001,3.5306306306306317,414,3.72972972972973,,,,,,,,,,,,,,,,,,,Bryce Elder,27779,693821,SP,13.49222,0.67902,-6.44794108597311,-10.847950977416568,1.1743787685294185,-0.5332991583901865,0.7946767929086349,-1.622249675695548,-1.430452119040735,-1.4216894652982643,4.8385671445016785,-6.260256609799943,0.0,0.0,False,7,SP,SP 7
Carmen Mlodzinski,PIT,3.77182,4.09671,1.06687,3.76046,44.5634,4.70376,0.0,3.42045,1.93236,71.3579,301.759,67.4639,32.408,29.8154,7.11607,23.7146,0.819234,2.92883,64.3194,8.11227,2.99099,2.71223,0.897512,0.213148,0.0785878,0.1345605328679084,0.24522,1.27776,0.296287,0.723632,,,3.74895,0.79387,0.896551,999.0,1.38639,0.693775,0.6005,1.38639,-0.693775,4.19933,324.09999999999997,4.564788732394366,323,4.549295774647887,,,,,,,,,,,,,,,,,,,Carmen Mlodzinski,27572,669387,RP,4.83869,3.42045,3.0089884694118423,0.8432887853134352,-0.09597941117308259,-0.17880410743892242,0.2088663232074195,0.757037091932165,0.11119927002123642,0.9745552172334656,4.921431591770853,-3.9468763745373874,0.0,0.0,False,7,RP,RP 7
Andrew Painter,PHI,5.2252,5.95563,6.05224,4.66179,25.023,17.3905,0.0,1.13155,0.457995,98.4545,423.983,98.7397,55.4317,50.9971,14.7937,35.7562,0.664358,2.98478,83.2711,7.61204,3.26858,2.32886,1.35233,0.196402,0.0843341,0.1120677515864372,0.256305,1.36607,0.292314,0.694858,,,4.57741,0.7853,0.661887,999.0,2.47885,1.85694,0.492107,2.47885,-1.85694,4.34386,336.30000000000007,3.431632653061225,348,3.5510204081632653,,,,,,,,,,,,,,,,,,,Andrew Painter,sa3017880,691725,SP,11.27744,1.13155,-5.70836876545263,-7.5308519259445665,0.8492439519584347,-0.4747823823255139,0.6273793485070718,-1.43617927878579,-0.9930468083858246,-1.2048516187474434,4.8385671445016785,-6.043418763249122,0.2,0.0,False,7,SP,SP 7
Andrés Muñoz,SEA,3.65484,3.15393,0.0,2.9086,60.7928,0.0,33.9017,2.18712,5.26652,62.2152,254.997,45.7463,21.8549,20.1065,4.92281,24.6778,1.96026,3.52687,76.9126,11.1261,3.56987,3.11667,0.712129,0.301621,0.0967767,0.2048446238040924,0.20171,1.13194,0.281624,0.764481,,,3.05132,0.78286,0.87599,41.20000076293945,1.27691,3.09405,2.21947,1.27691,-3.09405,2.04071,522.6999999999999,8.430645161290322,490,7.903225806451613,,,,,,,,,,,,,,,,,,,Andres Munoz,20373,662253,RP,3.65484,36.08882,8.512277927911999,9.80743699360594,-0.2697713239579005,4.652384348641669,0.4869637092046429,2.1416200805596515,1.2932459834182535,8.435986170624192,4.921431591770853,3.514554578853339,14.32,17.9,False,5,RP,RP 3
J.T. Ginn,ATH,3.50375,4.14935,2.65211,4.23714,27.0955,10.485,0.0,1.35788,0.0,72.8551,312.198,70.0939,37.2823,34.2997,9.09023,25.7745,1.13599,4.32099,68.5585,8.46923,3.184,2.65994,1.12294,0.2196,0.0825582,0.1370414793491363,0.24847,1.31588,0.298374,0.704651,,,4.11437,0.781419,0.661801,747.0999755859375,2.98764,-0.462613,0.334447,2.98764,0.462613,4.55407,299.50000000000006,4.102739726027398,300,4.109589041095891,,,,,,,,,,,,,,,,,,,J.T. Ginn,27889,669372,SP,6.1558600000000006,1.35788,-0.786604682202728,-1.9158506097728778,0.09738418536598809,-0.44551558912568767,0.30247895772293804,-0.19790335761285754,-0.25263135593259856,-0.45869704381567755,4.8385671445016785,-5.297264188317356,0.0,0.0,False,7,SP,SP 7
David Bednar,NYY,4.04567,4.04534,0.0,3.3538,59.27,0.0,31.7142,1.6558,4.10778,60.1901,245.476,48.2942,24.3799,22.4295,6.53487,19.8685,1.69585,2.16011,71.9126,10.7528,2.97086,3.61943,0.977133,0.292952,0.0809386,0.2120130881667137,0.216132,1.13246,0.287995,0.741906,,,3.25499,0.780586,0.757068,64.29000091552734,2.42104,-0.904344,2.07135,2.42104,0.904344,2.2382,479.1,7.984999999999999,455,7.583333333333333,,,,,,,,,,,,,,,,,,,David Bednar,19569,670280,RP,4.04567,33.370000000000005,5.257738895942083,9.457306602869398,-0.2123965777707227,4.248077301009079,0.376548014227503,1.3228044588355112,1.2470764569876573,7.000823382823817,4.921431591770853,2.079391791052964,8.8,11.0,False,5,RP,RP 4
Hunter Harvey,CHC,3.03071,2.16671,0.0,3.33692,49.6914,0.0,3.62525,15.703,2.74506,52.0696,212.407,44.2435,20.9845,19.3058,5.37576,14.81,0.886682,2.04043,55.8077,9.64612,2.55984,3.76825,0.929177,0.26274,0.0697246,0.193015418946743,0.226245,1.13413,0.289254,0.738809,,,3.30454,0.766595,0.635432,747.3599853515625,1.90642,-0.496193,1.0362,1.90642,0.496193,3.6184,353.9,6.80576923076923,340,6.538461538461538,,,,,,,,,,,,,,,,,,,Hunter Harvey,15507,640451,RP,3.03071,19.32825,4.646036837223163,8.094464462740028,-0.36139504869193645,1.8782377909580892,0.020901269020035165,1.1689051825940153,1.067366903420857,3.7934654295350434,4.921431591770853,-1.1279661622358095,0.0,0.0,False,7,RP,RP 7
Adrian Morejon,SDP,5.30952,4.2265,0.0,3.41814,62.5975,0.0,2.37391,16.037,2.23592,64.6278,267.314,57.2475,26.6796,24.5452,5.96755,20.2249,1.45927,1.77478,64.5285,8.98617,2.81649,3.19055,0.831034,0.241396,0.0756596,0.1657361835241317,0.233364,1.19875,0.293333,0.734873,,,3.35981,0.765864,0.716383,732.1099853515625,1.54689,-0.23255,0.748669,1.54689,0.23255,4.00177,397.00000000000006,6.107692307692308,385,5.923076923076923,,,,,,,,,,,,,,,,,,,Adrian Morejon,20039,670970,RP,5.30952,18.410909999999998,5.183365626559277,5.87038000416883,-0.026860480314886123,1.759616308724498,0.2134839075713633,1.304092747526743,0.7740906585971185,4.144285803796313,4.921431591770853,-0.7771457879745398,0.0,0.0,False,7,RP,RP 7
Will Vest,DET,4.2653,3.63673,0.0,3.34669,61.52,0.0625234,7.49492,14.9139,4.35847,64.2994,266.769,56.8966,25.9892,23.91,5.53055,20.3591,1.169,2.40168,65.12,9.11487,2.84967,3.19857,0.774112,0.244107,0.0763176,0.1677892506122589,0.233176,1.2015,0.296302,0.737511,,,3.28972,0.76241,0.731748,517.260009765625,1.23479,-0.685205,0.899517,1.23479,0.685205,3.80064,410.6,6.4156249999999995,401,6.265625,,,,,,,,,,,,,,,,,,,Will Vest,19769,676684,RP,4.2653,22.40882,5.667502756528709,5.663581618746944,-0.18015438677952492,2.2765871265635704,0.22654608428715917,1.4258977224192138,0.7468214361184429,4.641330428072272,4.921431591770853,-0.28010116369858107,0.0,0.0,False,7,RP,RP 7
Orion Kerkering,PHI,5.1845,3.99546,0.0,3.50483,62.3942,0.0789348,1.72257,15.9513,4.17236,62.7061,262.909,54.156,26.5428,24.4194,6.01015,22.5702,1.4364,3.70772,66.9459,9.60851,3.23942,2.96612,0.862616,0.254635,0.085848,0.1687874048948288,0.228863,1.22358,0.294155,0.734621,,,3.50311,0.75755,0.685404,999.0,1.66592,0.514072,0.670985,1.66592,-0.514072,4.10535,379.0000000000001,6.015873015873018,364,5.777777777777778,,,,,,,,,,,,,,,,,,,Orion Kerkering,31776,689147,RP,5.1845,17.67387,4.425190238807277,4.138392284116292,-0.04521370490952055,1.664309468005195,0.2668676877789109,1.1133419697976057,0.5457041633539677,3.6433969918641154,4.921431591770853,-1.2780345999067375,0.0,0.0,False,7,RP,RP 7
Randy Vásquez,SDP,5.9847,7.90633,7.00513,4.813,28.8408,23.7872,0.0,0.303922,0.0,128.865,561.997,133.169,74.9065,68.914,18.8905,46.4955,1.15944,7.33538,88.7606,6.1991,3.24728,1.90901,1.31932,0.157938,0.0827328,0.0752052143216133,0.262058,1.39421,0.285329,0.683719,,,4.91644,0.757483,0.489053,728.9199829101562,2.24501,1.41767,1.07755,2.24501,-1.41767,3.56327,394.09999999999985,3.0550387596899213,417,3.2325581395348837,,,,,,,,,,,,,,,,,,,Randy Vasquez,24719,681190,SP,12.989830000000001,0.303922,-9.636543402892222,-13.482650312447316,1.1006267568185053,-0.5818031816998159,0.7486047400224733,-2.42447615474897,-1.7778736048748724,-2.5271187911354485,4.8385671445016785,-7.365685935637127,0.0,0.0,False,7,SP,SP 7
Luis Gil,NYY,6.36064,4.97566,5.47414,4.25064,36.9479,13.203,0.0,0.321194,0.0,97.2251,415.936,81.9897,49.9118,45.9188,13.3422,46.7835,1.22723,4.23737,96.5541,8.93789,4.33068,2.06385,1.23507,0.232137,0.112478,0.1196594610810279,0.224682,1.32448,0.269186,0.716309,,,4.50724,0.757404,0.778752,343.1600036621094,2.60942,-0.149628,0.312183,2.60942,0.149628,4.58376,385.7000000000001,3.9762886597938154,357,3.680412371134021,,,,,,,,,,,,,,,,,,,Luis Gil,21052,661563,SP,11.83478,0.321194,-1.1955885352930367,-3.3935627512724333,0.931062750515254,-0.5795697347323463,0.9207096837833414,-0.30080037763740375,-0.4474881052432098,0.7267442425237186,4.8385671445016785,-4.11182290197796,2.24,0.0,False,7,SP,SP 7
Robert Gasser,MIL,3.95775,4.14704,2.77139,4.01381,32.2043,8.55797,0.0,1.61092,0.0,71.4482,303.333,66.0565,34.6352,31.8644,9.30897,23.4393,0.683968,5.92246,64.8341,8.16685,2.95254,2.76604,1.17261,0.213739,0.0772726,0.1364665925502777,0.241108,1.2526,0.283982,0.717477,,,4.2469,0.75009,0.697108,999.0,1.87567,-0.64746,0.501563,1.87567,0.64746,4.33125,294.1,4.142253521126761,289,4.070422535211268,,,,,,,,,,,,,,,,,,,Robert Gasser,29812,688107,RP,6.729139999999999,1.61092,1.0015261587046582,2.6424379454949047,0.1815430127185076,-0.4127949186388586,0.22023251484836637,0.2519758577964802,0.34844192847440364,0.7164596373972251,4.921431591770853,-4.204971954373628,0.0,0.0,False,7,RP,RP 7
Joe Boyle,TBR,4.02974,4.62971,3.4877,4.1345,25.4552,11.7716,0.0,0.777259,0.0,76.44,330.158,62.5041,38.1692,35.1157,8.54069,41.0173,0.9777,4.19685,83.7345,9.85885,4.82935,2.04145,1.00558,0.253619,0.124235,0.1293840482831001,0.219355,1.35428,0.280083,0.713729,,,4.17127,0.749236,0.799714,739.780029296875,2.71723,-1.59868,0.271604,2.71723,1.59868,4.63786,324.9,4.2749999999999995,300,3.9473684210526314,,,,,,,,,,,,,,,,,,,Joe Boyle,29608,671212,SP,7.517440000000001,0.777259,0.04643698275651752,-4.945831846377776,0.2972672724205579,-0.5205958468664923,0.6376126751175529,0.011683168194715833,-0.6521762183290304,-0.1467442350033783,4.8385671445016785,-4.985311379505057,0.0,0.0,False,7,SP,SP 7
Ben Brown,CHC,3.06336,3.25524,1.4934,3.75714,38.4561,2.05736,0.00200889,2.52394,0.387708,57.4076,237.714,49.9622,26.0493,23.9654,6.59804,18.4518,0.754635,2.08365,64.0315,10.0384,2.89275,3.47021,1.0344,0.269364,0.0776218,0.1917421370744705,0.230052,1.19172,0.295903,0.715901,,,3.47164,0.746314,0.512385,732.75,2.99718,-0.282587,0.779979,2.99718,0.282587,3.96003,285.69999999999993,5.012280701754385,274,4.807017543859649,,,,,,,,,,,,,,,,,,,Ben Brown,23590,676962,RP,4.55676,2.52594889,2.4418984700587805,5.617747597277387,-0.13736738597683623,-0.2944722866612306,0.2025085874906356,0.6143618479628948,0.7407775875361828,1.0764338308023986,4.921431591770853,-3.8449977609684542,0.0,0.0,False,7,RP,RP 7
Sean Burke,CHW,6.94792,9.07288,8.15202,4.786,25.8734,25.8734,0.0,0.0,0.0,142.867,621.147,137.182,82.5798,75.9734,23.896,62.377,0.678265,5.84538,133.954,8.43853,3.92949,2.14749,1.50535,0.215656,0.100422,0.1152336150407791,0.248103,1.39682,0.286746,0.704251,,,4.86687,0.745637,0.619746,999.0,1.11601,-0.855344,1.53429,1.11601,0.855344,2.95429,470.8,3.2923076923076926,467,3.265734265734266,,,,,,,,,,,,,,,,,,,Sean Burke,29878,680732,SP,15.09994,0.0,-10.255071581430204,-15.320437789069285,1.410395775770545,-0.6211034172977374,1.746616873898448,-2.580092827367865,-2.0202112588477963,-1.480482514666813,4.8385671445016785,-6.319049659168492,0.2,0.0,False,7,SP,SP 7
Drew Anderson,DET,4.46193,4.20325,2.62213,3.93239,44.0878,4.13963,0.0,4.60506,0.0,72.9711,310.331,63.0315,34.6559,31.8834,8.59558,31.0706,1.38787,3.88273,83.0609,10.2444,3.83214,2.6733,1.06015,0.267653,0.100121,0.1675320640206337,0.228892,1.28958,0.296297,0.724351,,,3.82693,0.733652,0.52276,999.0,2.45696,-0.535608,0.329478,2.45696,0.535608,4.5607,346.70000000000005,4.749315068493151,329,4.506849315068493,,,,,,,,,,,,,,,,,,,Drew Anderson,15130,623454,RP,7.084059999999999,4.60506,1.6830549186607038,4.0780936447493726e-05,0.23364608801148185,-0.025621869589560285,0.6227374726902327,0.42344296568011686,5.377529550934723e-06,1.3371017995962386,4.921431591770853,-3.5843297921746142,0.0,0.0,False,7,RP,RP 7
Matt Strahm,KCR,3.82209,3.02783,0.0,3.52044,60.4,0.119534,2.76765,18.7657,3.32174,62.3861,255.45,52.3791,26.5249,24.4029,7.6024,18.6198,1.22323,2.90816,67.9602,9.80415,2.68615,3.64989,1.09674,0.266041,0.07289,0.1931507065892219,0.223916,1.13806,0.282753,0.736866,,,3.57585,0.725306,0.554272,728.5499877929688,1.73025,0.725108,0.852915,1.73025,-0.725108,3.86278,386.2,6.229032258064516,367,5.919354838709677,,,,,,,,,,,,,,,,,,,Matt Strahm,13799,621381,RP,3.82209,21.53335,4.294491339873707,9.453026378711288,-0.2452186378800521,2.163379865296165,0.2892666156619736,1.080459186971008,1.246512050333379,4.623712292370002,4.921431591770853,-0.2977192994008506,0.0,0.0,False,7,RP,RP 7
Janson Junk,MIA,3.82992,3.92318,3.34404,4.55812,36.0944,8.82279,0.00390194,1.01027,0.0,79.8168,338.346,85.3434,43.9389,40.4238,10.697,18.0539,0.302019,2.6816,59.0679,6.66039,2.03573,3.27175,1.20618,0.174578,0.0533594,0.1212190389633178,0.268705,1.29543,0.301181,0.672443,,,4.17667,0.725252,0.384037,999.0,5.25387,-1.92496,0.363273,5.25387,1.92496,4.51564,294.70000000000005,3.6837500000000007,316,3.95,,,,,,,,,,,,,,,,,,,Janson Junk,23301,676083,RP,7.17396,1.01417194,-3.708346636246984,-0.46707487959138616,0.2468436155355392,-0.48996057084765765,0.09289671877292952,-0.9329899339659435,-0.06159027199266695,-1.2735262067231836,4.921431591770853,-6.194957798494037,0.0,0.0,False,7,RP,RP 7
José Alvarado,PHI,4.53215,2.98984,0.0,3.5193,55.8381,0.0,4.08463,13.3166,3.4747,56.5663,236.625,49.1017,24.0427,22.1193,5.54142,21.1403,1.15784,2.18981,63.7928,10.1498,3.36354,3.01759,0.881669,0.269594,0.0893409,0.1802530661225319,0.230205,1.24177,0.302584,0.739378,,,3.39047,0.713484,0.663598,747.4500122070312,1.8961,-0.935726,0.723952,1.8961,0.935726,4.03473,351.5999999999999,6.168421052631578,338,5.9298245614035086,,,,,,,,,,,,,,,,,,,Jose Alvarado,17780,621237,RP,4.53215,17.401229999999998,3.90100336483124,2.704823140348515,-0.14098019078625834,1.6290543162444886,0.19723734221242709,0.9814608041707403,0.35666827779704485,3.065679584351275,4.921431591770853,-1.8557520074195777,0.0,0.0,False,7,RP,RP 7
Mick Abel,MIN,6.02445,7.20824,6.72626,4.73414,31.0661,20.1013,0.0,0.483141,3.25998,114.69,500.719,110.599,65.5748,60.3288,15.5745,51.5897,0.560185,4.7816,103.221,8.09995,4.04837,2.0008,1.22217,0.206145,0.103031,0.1031134203076362,0.248902,1.41415,0.291887,0.68821,,,4.57503,0.709123,0.409343,367.8900146484375,1.45917,-0.683723,0.9938,1.45917,0.683723,3.67493,400.6,3.483478260869566,402,3.4956521739130433,,,,,,,,,,,,,,,,,,,Mick Abel,27756,690953,SP,12.75071,0.483141,-7.57179462909021,-14.286660340934963,1.0655233888368303,-0.558628324586399,1.0679357631519601,-1.9050021111694309,-1.8838934284686966,-1.8161693169573978,4.8385671445016785,-6.654736461459076,0.0,0.0,False,7,SP,SP 7
Cody Bradford,TEX,4.09192,3.88763,3.29751,4.22939,27.6115,7.66753,0.0,0.970571,0.0,64.0952,264.183,60.9224,32.7396,30.1204,9.37748,14.832,0.77237,1.91128,56.1787,7.88839,2.08266,3.78766,1.31675,0.212651,0.0561431,0.1565077006816864,0.246211,1.18191,0.283396,0.686854,,,4.06781,0.701165,0.376852,999.0,1.2057,1.83401,0.677457,1.2057,-1.83401,4.09672,269.30000000000007,4.207812500000001,268,4.1875,,,,,,,,,,,,,,,,,,,Cody Bradford,27597,674003,RP,7.38943,0.970571,-0.6368285408532744,6.901549187860379,0.2784751089238441,-0.49559862013099626,0.029094113587338988,-0.1602208953366979,0.9100645532959273,0.7058555976589261,4.921431591770853,-4.215575994111926,0.2,0.0,False,7,RP,RP 7
Matt Brash,SEA,3.10676,3.02919,0.0,3.17966,59.1155,0.0691263,4.12191,19.2784,2.14635,60.3003,251.349,49.4465,23.1563,21.3038,5.00707,23.5255,1.50743,2.9034,71.4271,10.6607,3.51126,3.03616,0.747321,0.284175,0.0935969,0.190577894449234,0.21984,1.21014,0.299283,0.755217,,,3.16042,0.698719,0.655819,739.739990234375,1.52575,-0.0446459,0.939952,1.52575,0.0446459,3.74673,412.1,6.868333333333334,392,6.533333333333333,,,,,,,,,,,,,,,,,,,Matt Brash,25756,666374,RP,3.10676,23.40031,6.434130516762334,4.79011842404324,-0.35023073313904934,2.4047969652490995,0.3658266502452227,1.6187750485045391,0.6316432535870947,4.765589877256481,4.921431591770853,-0.1558417145143718,0.0,0.0,False,7,RP,RP 7
Trevor Megill,MIL,4.23795,3.32482,0.0,3.45629,60.4262,0.0,19.2259,8.31491,5.66072,62.3102,256.4,51.0095,26.0099,23.9291,7.12492,21.898,2.25593,2.13775,74.7803,10.8012,3.16291,3.41494,1.02911,0.291655,0.0854055,0.2062494084239006,0.219524,1.17007,0.291671,0.745203,,,3.3786,0.698108,0.669288,140.9600067138672,1.96847,2.22705,1.32337,1.96847,-2.22705,3.23551,445.0999999999999,7.179032258064515,424,6.838709677419355,,,,,,,,,,,,,,,,,,,Trevor Megill,17722,656730,RP,4.23795,27.54081,4.733377601032903,7.446547184273041,-0.18416942991392946,2.9402061343556274,0.43987583192469176,1.1908794103166573,0.9819300641619348,5.435092619507541,4.921431591770853,0.5136610277366884,2.78,3.47,False,6,RP,RP 6
Patrick Corbin,,5.00173,6.29064,5.09344,4.86557,19.1749,16.564,0.0,0.166322,0.0,91.9318,399.376,98.6082,54.0218,49.7001,13.9428,30.72,0.68778,2.5257,73.3665,7.18248,3.00744,2.38824,1.36498,0.183703,0.07692,0.1067831367254257,0.269326,1.40678,0.303656,0.685799,,,4.59558,0.683216,0.316856,999.0,3.70028,-0.131034,0.595386,3.70028,0.131034,4.20615,295.20000000000016,3.208695652173915,322,3.5,,,,,,,,,,,,,,,,,,,Patrick Corbin,9323,571578,SP,10.09517,0.166322,-7.411788321933861,-10.774701617148516,0.6756839868208693,-0.5995962747245854,0.40865469001295585,-1.8647458221567568,-1.420793179501651,-2.7274853267906525,4.8385671445016785,-7.5660524712923305,0.0,0.0,False,7,SP,SP 7
David Festa,MIN,2.68895,3.10866,2.40147,4.21981,18.1991,7.14479,1.39796,0.608041,0.0,49.1205,207.18,45.1286,25.0338,23.0311,6.56175,16.9451,0.424878,2.16546,50.1527,9.18911,3.10473,2.95971,1.20226,0.242073,0.0817893,0.1602836549282074,0.239957,1.2637,0.293608,0.700357,,,3.99688,0.682847,0.418014,999.0,1.83222,-1.09851,0.728667,1.83222,1.09851,4.02844,211.5,4.316326530612245,206,4.204081632653061,,,,,,,,,,,,,,,,,,,David Festa,30056,701581,SP,5.09042,2.0060010000000004,-0.43583901541743286,1.2711612701465198,-0.05902486608263848,-0.36170688822229624,-0.10397888199910986,-0.10965356103431124,0.16762016497945367,-0.46097503146478314,4.8385671445016785,-5.299542175966462,0.2,0.0,False,7,SP,SP 7
Lance McCullers Jr.,HOU,4.50964,4.9689,5.05561,4.57887,23.2092,14.9024,0.0,0.397908,0.0,82.8407,365.244,76.9801,45.8112,42.1463,10.7065,42.0668,0.377792,5.13124,79.9944,8.69077,4.57023,1.90161,1.16318,0.219016,0.115174,0.1038417071104049,0.24204,1.43706,0.29151,0.703798,,,4.59324,0.682246,0.397979,999.0,3.47363,-1.49929,0.460099,3.47363,1.49929,4.38653,297.70000000000005,3.5867469879518077,291,3.5060240963855422,,,,,,,,,,,,,,,,,,,Lance McCullers Jr.,14120,621121,SP,9.565249999999999,0.397908,-4.039863040980665,-12.217111031609464,0.5978905075600416,-0.5696498267504991,0.5550195269607527,-1.01639677234989,-1.6109947768111683,-2.000317330255513,4.8385671445016785,-6.838884474757192,0.0,0.0,False,7,SP,SP 7
Pete Fairbanks,MIA,3.29921,3.69511,0.0,3.53534,58.1913,0.0,25.5139,3.34529,5.06026,59.6856,248.459,51.6448,25.4841,23.4454,6.07298,20.9599,0.845199,2.16924,61.2822,9.24076,3.16055,2.92378,0.915746,0.246649,0.0843598,0.1622895747423172,0.229196,1.21645,0.288476,0.735081,,,3.56693,0.677358,0.718517,112.61000061035156,1.9364,-0.576317,1.81634,1.9364,0.576317,2.57822,430.00000000000006,7.166666666666668,417,6.95,,,,,,,,,,,,,,,,,,,Pete Fairbanks,17998,664126,RP,3.29921,28.859189999999998,4.009770631842127,4.364713011379314,-0.3219786288898301,3.57728913793408,0.1417954134505057,1.00882576630083,0.5755476761583855,5.035345842442123,4.921431591770853,0.11391425067126981,1.24,1.55,False,6,RP,RP 6
Richard Fitts,STL,4.94131,6.90358,5.8408,4.4244,27.9946,19.4841,0.0,0.661926,0.0,109.851,469.217,109.558,58.6987,54.0028,16.1715,35.6031,0.765626,4.38992,86.1239,7.05605,2.91693,2.419,1.32492,0.183548,0.0758776,0.1076705232262611,0.255246,1.32143,0.285647,0.705694,,,4.57309,0.674674,0.85294,743.75,1.91049,-0.173585,0.314841,1.91049,0.173585,4.58021,387.2000000000001,3.5200000000000005,398,3.618181818181818,,,,,,,,,,,,,,,,,,,Richard Fitts,30160,690916,SP,10.78211,0.661926,-3.471717978901289,-3.499342579231377,0.7765283645447387,-0.5355095881297607,0.6903781274332287,-0.8734560831566671,-0.46143663611052665,-0.0738233845736162,4.8385671445016785,-4.912390529075295,0.0,0.0,False,7,SP,SP 7
Aaron Ashby,MIL,4.24081,3.97787,0.340574,3.65109,56.7665,2.12297,0.743702,12.0232,1.40789,76.923,330.932,68.2803,33.9194,31.2059,6.28649,34.8104,0.796154,3.99542,78.627,9.19936,4.07282,2.25872,0.73552,0.237592,0.105189,0.1324033960700035,0.233736,1.34018,0.299179,0.733604,,,3.66668,0.669004,0.773271,999.0,2.82757,0.0366759,0.568457,2.82757,-0.0366759,4.24206,413.2000000000001,5.366233766233767,401,5.207792207792208,,,,,,,,,,,,,,,,,,,Aaron Ashby,23550,676879,RP,4.581384,12.766902,4.178415320834372,-3.8922642454070777,-0.13375252593509665,1.0297881155810138,0.5248230426984045,1.051255402114439,-0.5132487830466755,2.0271479649039663,4.921431591770853,-2.8942836268668866,0.0,0.0,False,7,RP,RP 7
Jose A. Ferrer,SEA,3.82618,2.63334,0.0,3.37905,62.2028,0.0,3.0656,18.5123,4.0271,64.833,268.076,58.2455,26.4582,24.3416,4.94932,17.8039,1.22373,3.3625,60.06,8.33741,2.4715,3.37342,0.687056,0.224041,0.0664136,0.1576271802186966,0.235898,1.173,0.292997,0.717461,,,3.25422,0.662579,0.589401,747.4000244140625,3.24008,-1.90236,0.915637,3.24008,1.90236,3.77915,416.7,6.4107692307692306,408,6.276923076923077,,,,,,,,,,,,,,,,,,,Jose A. Ferrer,24017,678606,RP,3.82618,21.5779,5.481356920500432,7.558002016009816,-0.24461821643874632,2.1691406377834723,0.11480540097029363,1.379064939969345,0.9966269226347564,4.380377259012691,4.921431591770853,-0.5410543327581623,0.0,0.0,False,7,RP,RP 7
Chase Dollander,COL,4.51505,9.76908,6.04245,5.47076,22.6694,22.6694,0.0,0.0,0.0,118.727,529.952,124.258,78.4453,72.1697,19.4701,53.2768,0.636738,6.9207,101.441,7.68965,4.0386,1.90404,1.47591,0.191416,0.100531,0.0908843427896499,0.264518,1.49532,0.300388,0.659381,,,5.07927,0.64908,0.630699,739.760009765625,3.26565,-0.0717185,1.71243,3.26565,0.0717185,2.71676,346.4999999999999,2.911764705882352,370,3.1092436974789917,,,,,,,,,,,,,,,,,,,Chase Dollander,33482,801403,SP,10.5575,0.0,-17.55568851973139,-24.42672202805983,0.74355509805777,-0.6211034172977374,1.0286277757400983,-4.416868831153133,-3.22100057043016,-6.2304033461342225,4.8385671445016785,-11.068970490635902,0.0,0.0,False,7,SP,SP 7
Ryan Walker,SFG,4.13035,4.08372,0.0,3.53222,59.5785,0.176271,22.8941,4.67356,4.37459,61.3473,257.677,55.2882,26.1705,24.0769,5.5153,19.2382,1.21818,4.32392,64.0236,9.39263,2.82236,3.32793,0.809127,0.248464,0.0746602,0.17380391061306,0.236158,1.21483,0.30243,0.723837,,,3.36886,0.648244,0.603697,153.99000549316406,1.77809,-0.390074,1.59388,1.77809,0.390074,2.87483,428.60000000000014,7.026229508196724,421,6.901639344262295,,,,,,,,,,,,,,,,,,,Ryan Walker,20423,676254,RP,4.13035,27.567660000000004,4.142646914210605,4.585909683290279,-0.1999653582964495,2.943678115080301,0.2023341306925719,1.0422563611381217,0.6047155115144365,4.668561363618402,4.921431591770853,-0.2528702281524513,0.0,0.0,False,7,RP,RP 7
Josh Hader,HOU,3.75402,2.77915,0.0,3.24389,46.213,0.0,23.0538,1.59848,2.49862,48.3993,194.591,34.2776,18.9616,17.4447,6.39663,17.5512,0.765675,1.9205,65.3043,12.1435,3.26369,3.72079,1.18947,0.335597,0.090195,0.2454021498560905,0.195738,1.07086,0.269594,0.766609,,,3.36164,0.646797,0.584687,120.79000091552734,1.83003,0.367442,1.65221,1.83003,-0.367442,2.79705,386.0,8.041666666666666,355,7.395833333333333,,,,,,,,,,,,,,,,,,,Josh Hader,14212,623352,RP,3.75402,24.652279999999998,4.818811466111032,10.586015485839976,-0.25521147101200514,2.5666895428233776,0.2306160068040164,1.2123738777859572,1.3959123078120745,5.15060743544588,4.921431591770853,0.2291758436750273,1.68,2.1,False,6,RP,RP 6
Gabe Speier,SEA,2.96613,2.81481,0.0,3.35311,60.3401,0.0,1.59913,19.2125,3.36287,57.4811,232.435,45.8664,23.2779,21.4156,6.26086,16.4084,1.69785,2.8898,68.0874,10.6606,2.56912,4.14954,0.980283,0.292931,0.0705937,0.222337357699871,0.215197,1.0834,0.285367,0.728784,,,3.18926,0.644978,0.494345,747.260009765625,2.01569,-1.05234,1.04449,2.01569,1.05234,3.60734,393.4,6.901754385964912,372,6.526315789473684,,,,,,,,,,,,,,,,,,,Gabe Speier,17170,642100,RP,2.96613,20.811629999999997,5.025508217157579,11.851731797425092,-0.3708755417676162,2.070054057899096,0.2920755909421921,1.264377103758668,1.5628144798241508,4.85162239552787,4.921431591770853,-0.06980919624298298,0.0,0.0,False,7,RP,RP 7
Robert Suarez,ATL,4.47862,4.52645,0.0,3.59358,63.8494,0.0,11.1416,14.3552,4.8318,65.6066,269.365,57.1108,28.4737,26.1958,7.61165,19.5173,1.90206,2.23238,68.608,9.41173,2.67741,3.51523,1.04418,0.254703,0.0724569,0.1822460293769836,0.230643,1.16799,0.288801,0.729924,,,3.54645,0.643113,0.714659,208.3800048828125,2.10374,2.00002,0.941803,2.10374,-2.00002,3.74426,424.8000000000001,6.436363636363638,409,6.196969696969697,,,,,,,,,,,,,,,,,,,Robert Suarez,30115,663158,RP,4.47862,25.4968,3.98301025867234,7.976921842326429,-0.14883851835425363,2.675894651262901,0.30357207310321194,1.0020930734741822,1.0518672859540867,4.954169977911139,4.921431591770853,0.032738386140286124,0.93,1.16,False,6,RP,RP 6
Chris Martin,TEX,2.99994,3.18888,0.0,3.46423,50.54,0.0,7.61206,13.8309,2.72347,51.399,210.134,47.812,21.5046,19.7842,5.8005,10.9542,1.58912,1.90439,50.7816,8.8919,1.91808,4.63582,1.01567,0.241664,0.0521296,0.1895340532064438,0.242362,1.14333,0.298605,0.735734,,,3.37675,0.640615,0.411074,672.6400146484375,1.1305,-0.340883,1.10801,1.1305,0.340883,3.52265,337.8,6.623529411764706,336,6.588235294117647,,,,,,,,,,,,,,,,,,,Chris Martin,11847,455119,RP,2.99994,21.44296,3.859163144645505,7.516971474725645,-0.365912155721027,2.1516915100744436,-0.09009079588488533,0.9709341441528634,0.9912164792388085,3.7362813398124706,4.921431591770853,-1.1851502519583823,0.0,0.0,False,7,RP,RP 7
Ryan Weiss,HOU,4.6611,4.64039,3.80459,4.32285,33.1626,9.06625,0.0,0.81668,0.0,78.4203,336.596,73.1104,40.9419,37.6666,10.4863,30.9394,1.11893,4.343,76.6099,8.79223,3.5508,2.47612,1.20347,0.227602,0.0919187,0.1356833651661873,0.242639,1.32682,0.292339,0.706149,,,4.26939,0.617613,0.402445,999.0,1.50501,-0.342521,0.143666,1.50501,0.342521,4.80844,317.40000000000003,4.06923076923077,313,4.012820512820513,,,,,,,,,,,,,,,,,,,Ryan Weiss,sa3007778,680802,RP,8.46569,0.81668,-1.5935318311242699,-2.9204746823979577,0.4364725613492259,-0.5154983067492726,0.4802791430307268,-0.4009196830094392,-0.3851049112166873,-0.1933654506142301,4.921431591770853,-5.114797042385083,0.0,0.0,False,7,RP,RP 7
Griffin Canning,SDP,6.06629,6.16267,4.85862,4.4589,26.3159,16.9451,0.0,0.951036,0.0,99.5912,427.469,96.5765,53.6313,49.3408,14.9389,38.0313,0.898592,3.13577,87.5698,7.91363,3.43687,2.30257,1.35002,0.204857,0.0889688,0.1158879697322845,0.250003,1.3516,0.287666,0.712236,,,4.56666,0.616604,0.729701,999.0,1.4417,-0.734498,0.437024,1.4417,0.734498,4.4173,360.3,3.603,362,3.62,,,,,,,,,,,,,,,,,,,Griffin Canning,19867,656288,SP,10.92491,0.951036,-3.529190676647032,-6.176885255088683,0.7974917341825072,-0.49812469623738337,0.7223081381067179,-0.8879157477280765,-0.8145076079904362,-0.36828590117196136,4.8385671445016785,-5.20685304567364,0.0,0.0,False,7,SP,SP 7
Garrett Cleavinger,TBR,3.64454,3.45627,0.0,3.36834,61.7819,0.0,7.94994,17.4627,4.0336,61.2852,253.382,47.5779,24.9311,22.9366,7.04346,22.3324,0.835033,4.17334,74.6977,10.9697,3.27961,3.34481,1.03436,0.294803,0.0881374,0.2066653370857238,0.209709,1.14074,0.279288,0.749036,,,3.489,0.608564,0.707224,527.25,2.03857,-0.237854,0.934503,2.03857,0.237854,3.754,420.50000000000006,6.893442622950821,394,6.459016393442623,,,,,,,,,,,,,,,,,,,Garrett Cleavinger,17897,664076,RP,3.64454,25.412640000000003,5.2543811278863135,9.121926706022611,-0.27128338773429417,2.665011899017519,0.43805176464366946,1.3219596716287265,1.2028519868433056,5.406665042837839,4.921431591770853,0.48523345106698645,2.66,3.33,False,6,RP,RP 6
Jeff Hoffman,TOR,4.42031,3.93784,0.0,3.59537,60.7623,0.0,26.1285,2.90619,4.63687,61.497,254.198,49.8433,26.7034,24.5672,8.21407,22.106,1.39665,3.2927,73.296,10.7268,3.23518,3.31566,1.20212,0.288342,0.0869636,0.2013782784342765,0.217847,1.16996,0.282635,0.748489,,,3.72682,0.602158,0.442116,102.5999984741211,2.19878,-1.94439,1.70686,2.19878,1.94439,2.72418,436.0000000000001,7.147540983606559,414,6.786885245901639,,,,,,,,,,,,,,,,,,,Jeff Hoffman,17432,656546,RP,4.42031,29.034689999999998,3.7212083991179665,7.356059952162561,-0.15739856095634241,3.603387182990214,0.40709782871377825,0.9362258491779666,0.9699980732091704,5.795981918252991,4.921431591770853,0.8745503264821384,4.16,5.2,False,6,RP,RP 6
Tanner Scott,LAD,4.21713,3.65416,0.0,3.54662,61.2932,0.0,4.98923,18.777,6.09742,62.7462,263.548,52.4605,26.8765,24.7263,6.82503,25.4145,1.75144,3.08206,70.4943,10.1114,3.64532,2.77379,0.978948,0.267481,0.0964319,0.1710495874285698,0.223187,1.24111,0.289322,0.746466,,,3.66467,0.586203,0.608262,720.239990234375,1.8164,0.140072,0.705393,1.8164,-0.140072,4.05948,401.9,6.37936507936508,381,6.0476190476190474,,,,,,,,,,,,,,,,,,,Tanner Scott,17586,656945,RP,4.21713,23.76623,4.136736100829892,3.0413044803873728,-0.187225853974562,2.452114178909155,0.3452274981902875,1.0407692484362363,0.4010379884344058,4.128589907351281,4.921431591770853,-0.7928416844195718,0.0,0.0,False,7,RP,RP 7
Ryan Helsley,BAL,3.91875,3.4977,0.0,3.53804,59.7466,0.0,29.1098,1.3653,6.81202,62.0957,258.799,52.9022,26.5335,24.4108,7.03717,23.2561,1.83434,1.9423,69.9403,10.137,3.37069,3.00739,1.01995,0.270249,0.0898617,0.1803875789046287,0.226464,1.22647,0.292837,0.748419,,,3.57314,0.586132,0.471725,85.87000274658203,2.61387,-2.59051,1.94569,2.61387,2.59051,2.40575,448.8999999999999,7.24032258064516,433,6.983870967741935,,,,,,,,,,,,,,,,,,,Ryan Helsley,18138,664854,RP,3.91875,30.4751,4.153008339091495,3.919132069556249,-0.23102872675129382,3.8175859583708798,0.33299343918682034,1.0448632115929644,0.5167916766371967,5.483455837706529,4.921431591770853,0.5620242459356763,2.96,3.7,False,6,RP,RP 6
Kutter Crawford,BOS,4.57414,4.45159,3.85474,4.27384,39.2969,6.11137,0.0,2.25166,0.0,73.9131,306.087,67.1725,38.1513,35.0992,11.4177,20.9051,0.558485,2.92243,72.3303,8.80726,2.5455,3.45994,1.39027,0.236306,0.0682978,0.1680082082748413,0.237981,1.19164,0.280864,0.692527,,,4.15324,0.584349,0.523477,999.0,1.52372,-0.585255,0.505447,1.52372,0.585255,4.32607,318.1,4.298648648648649,307,4.148648648648648,,,,,,,,,,,,,,,,,,,Kutter Crawford,20531,676710,RP,8.42888,2.25166,-1.09942832260361,7.239326039972451,0.43106876837747327,-0.3299406568315124,0.3857721413858932,-0.2766072481143081,0.954605095087875,1.3283925672892618,4.921431591770853,-3.593039024481591,0.2,0.0,False,7,RP,RP 7
Alex Vesia,LAD,3.91146,3.06903,0.0,3.56179,60.5385,0.0,2.21241,21.7704,2.98695,60.2774,249.516,46.9297,25.9294,23.8551,8.12823,24.3373,1.93898,2.84149,75.0965,11.2126,3.6338,3.08565,1.21362,0.300969,0.0975383,0.2034308314323425,0.211075,1.18232,0.278922,0.757046,,,3.74914,0.582187,0.549625,743.5800170898438,1.50666,0.483338,0.714487,1.50666,-0.483338,4.04735,390.4,6.506666666666667,363,6.05,,,,,,,,,,,,,,,,,,,Alex Vesia,25007,681911,RP,3.91146,23.98281,3.872296595557399,6.465587020187712,-0.23209891557944043,2.4801201969854967,0.4468585204750463,0.9742384138722211,0.8525769219573246,4.612218692036676,4.921431591770853,-0.30921289973417654,0.0,0.0,False,7,RP,RP 7
Aaron Bummer,ATL,3.56639,2.62568,0.0,3.69687,56.5076,0.126909,0.171216,8.788,1.1498,60.1013,257.231,56.0738,26.8342,24.6874,4.42043,21.7416,2.12217,4.52098,61.185,9.16227,3.25574,2.81419,0.661947,0.23786,0.0845216,0.1533381268382072,0.242777,1.29474,0.312363,0.711762,,,3.36614,0.578557,0.491595,999.0,1.67175,-1.17983,0.665041,1.67175,1.17983,4.11328,326.20000000000005,5.436666666666667,325,5.416666666666667,,,,,,,,,,,,,,,,,,,Aaron Bummer,16258,607481,RP,3.56639,8.959216,2.958991201488021,-0.30990818588049174,-0.2827559881347955,0.5374152143665327,0.13964893234015008,0.7444581848680906,-0.040865673353771226,1.172611932583055,4.921431591770853,-3.748819659187798,0.0,0.0,False,7,RP,RP 7
Tomoyuki Sugano,COL,6.05139,8.38433,6.31179,5.28834,20.2322,20.2322,0.0,0.0,0.0,114.666,500.179,133.318,73.2361,67.3772,21.8912,28.1363,1.05078,5.04576,73.3734,5.75898,2.20838,2.60778,1.71821,0.146694,0.0562525,0.0904416553676128,0.28548,1.40804,0.299751,0.674418,,,5.20536,0.571973,0.813593,999.0,5.65573,0.197376,1.2853,5.65573,-0.197376,3.28627,281.59999999999997,2.448695652173913,336,2.9217391304347826,,,,,,,,,,,,,,,,,,,Tomoyuki Sugano,35321,608372,SP,12.36318,0.0,-14.631234546510235,-13.583210283840348,1.0086330902673322,-0.6211034172977374,0.40880706367202435,-3.6810999327732876,-1.7911338255810039,-4.65790449257677,4.8385671445016785,-9.496471637078448,0.0,0.0,False,7,SP,SP 7
Colin Rea,CHC,5.02488,4.6247,3.62683,4.34187,37.2656,8.85741,0.114707,0.719092,0.0,83.9265,355.749,83.9229,44.0094,40.4887,12.4506,23.8257,0.801427,3.7742,68.0786,7.30052,2.55499,2.85736,1.33516,0.191367,0.0669733,0.1243935227394104,0.255746,1.28384,0.288637,0.705722,,,4.42794,0.5648,0.507386,746.9600219726562,1.62164,0.488367,0.268945,1.62164,-0.488367,4.64141,311.6,3.7095238095238097,320,3.8095238095238098,,,,,,,,,,,,,,,,,,,Colin Rea,12317,607067,RP,8.65171,0.833799,-1.8827987770366983,0.4814159686679163,0.4637807267555119,-0.5132846442529714,0.29188125931903214,-0.4736969002542923,0.06348134260144478,0.04059764002269276,4.921431591770853,-4.88083395174816,0.0,0.0,False,7,RP,RP 7
Stephen Kolek,KCR,3.79929,3.46203,3.36447,4.28776,29.1089,8.07582,0.0,1.42246,0.37877,67.6502,292.539,70.3636,35.0324,32.2298,6.9459,21.209,0.817165,4.10464,48.8814,6.50304,2.82159,2.30474,0.924063,0.167093,0.0724998,0.0945935100317001,0.263312,1.35362,0.299991,0.690793,,,4.14733,0.563895,0.500423,999.0,0.795543,1.42723,0.467671,0.795543,-1.42723,4.37644,262.1,3.854411764705883,276,4.0588235294117645,,,,,,,,,,,,,,,,,,,Stephen Kolek,21487,663568,RP,7.16376,1.42246,-1.1109407730131473,-4.332190519280834,0.24534623198998431,-0.4371647319488009,-0.1320531766039975,-0.2795036872557824,-0.5712591365221368,-0.9816178209746956,4.921431591770853,-5.903049412745548,0.0,0.0,False,7,RP,RP 7
Louis Varland,TOR,3.4846,3.19521,0.253258,3.77327,57.4533,0.346335,4.22736,15.7144,1.80674,64.5373,269.098,59.8355,29.4103,27.0574,8.00675,18.9472,1.04062,2.4543,64.7403,9.02831,2.64226,3.41689,1.11658,0.240583,0.07041,0.1701728254556656,0.241568,1.22073,0.29625,0.73065,,,3.73652,0.559959,0.447234,743.219970703125,3.30404,-0.659403,0.734281,3.30404,0.659403,4.02096,377.6,5.809230769230769,372,5.723076923076923,,,,,,,,,,,,,,,,,,,Louis Varland,27691,686973,RP,3.737858,19.94176,2.6295359379546337,4.443372927796485,-0.2575840899201677,1.957570934138513,0.21816111641059519,0.6615699128914911,0.5859200722317781,3.1185679523805505,4.921431591770853,-1.8028636393903024,0.0,0.0,False,7,RP,RP 7
Bryan King,HOU,3.68187,3.08294,0.0,3.61359,61.7452,0.0,0.677407,19.4105,1.71004,62.8673,260.754,56.5323,27.4368,25.2418,7.24144,17.8357,0.777535,3.44215,62.4552,8.941,2.55333,3.5017,1.03667,0.239518,0.0684004,0.1711173057556152,0.236066,1.18294,0.290323,0.730674,,,3.66104,0.551484,0.550259,999.0,1.46426,1.42027,0.801475,1.46426,-1.42027,3.93137,373.9,5.934920634920635,366,5.809523809523809,,,,,,,,,,,,,,,,,,,Bryan King,25890,687911,RP,3.68187,20.087906999999998,3.6769416841450644,6.704472733964081,-0.2658032575621801,1.9764692420330694,0.1676989354921426,0.9250887027537976,0.8840773017240983,3.7944142299797634,4.921431591770853,-1.1270173617910895,0.0,0.0,False,7,RP,RP 7
Fernando Cruz,NYY,3.39883,3.56726,0.0,3.65489,56.3029,0.0646327,1.82288,18.1733,1.83954,57.4182,241.023,44.8608,25.3451,23.3175,7.01994,26.3243,0.984803,2.75038,76.9977,12.069,4.12619,2.92496,1.10034,0.319463,0.109219,0.2102432176470756,0.211659,1.23976,0.295793,0.747101,,,3.56162,0.550429,0.491205,999.0,2.82629,-1.00247,0.651919,2.82629,1.00247,4.13077,367.69999999999993,6.450877192982455,343,6.017543859649122,,,,,,,,,,,,,,,,,,,Fernando Cruz,7048,518585,RP,3.39883,19.996180000000003,3.0946744335859524,2.860317155393912,-0.3073541829282441,1.9646079989815945,0.4888429843331537,0.7785949854891486,0.3771723106584481,3.2579387634434527,4.921431591770853,-1.6634928283274002,0.0,0.0,False,7,RP,RP 7
Daniel Palencia,CHC,3.29654,3.306,0.0,3.71371,61.541,0.0,28.9296,3.24828,3.77067,63.876,269.045,53.8268,28.6494,26.3574,6.76197,26.046,1.03324,3.36202,70.7151,9.96362,3.66983,2.71501,0.952748,0.262838,0.096809,0.1660285741090774,0.224618,1.25043,0.290237,0.727543,,,3.67837,0.548135,0.455577,102.3000030517578,2.23681,-0.681754,1.97762,2.23681,0.681754,2.36318,459.1,7.1734375,441,6.890625,,,,,,,,,,,,,,,,,,,Daniel Palencia,27914,694037,RP,3.29654,32.17788,3.0253402133772287,2.500473042657945,-0.32237059105322535,4.070800939343442,0.35010345528047826,0.7611510580790658,0.32972189586038253,5.23297448972402,4.921431591770853,0.31154289795316714,2.0,2.5,False,6,RP,RP 6
Raisel Iglesias,ATL,3.87161,3.46018,0.0,3.63534,61.6824,0.0,26.2226,4.04945,3.97152,63.036,257.17,55.5517,27.6761,25.462,7.84628,16.6178,1.44291,2.17998,66.7782,9.53429,2.37261,4.01848,1.12026,0.259665,0.0646177,0.1950474008917808,0.233046,1.14489,0.291334,0.727199,,,3.52917,0.545199,0.551861,101.83999633789062,1.70584,1.19593,1.78709,1.70584,-1.19593,2.61721,445.2000000000001,7.066666666666667,434,6.888888888888889,,,,,,,,,,,,,,,,,,,Raisel Iglesias,17130,628452,RP,3.87161,30.27205,3.534343103676604,9.120525040969781,-0.2379489875686916,3.7873910407147653,0.2631643453693777,0.8892120565755558,1.2026671579526533,5.990507611366686,4.921431591770853,1.0690760195958333,4.91,6.14,False,6,RP,RP 5
Trevor McDonald,SFG,3.38484,3.34664,3.38705,4.14752,24.1131,8.08994,0.0,0.792094,0.0,63.0456,271.782,62.3548,31.58,29.0536,6.95644,22.2481,0.640205,3.71625,50.5763,7.21995,3.176,2.27328,0.993058,0.186091,0.0818602,0.1042312309145927,0.253663,1.34193,0.294226,0.708257,,,4.20062,0.545115,0.544001,747.4400024414062,4.20074,-1.68092,0.539371,4.20074,1.68092,4.28084,246.90000000000003,3.91904761904762,252,4.0,,,,,,,,,,,,,,,,,,,Trevor McDonald,26448,686790,SP,6.77189,0.792094,-0.052840929355385785,-3.3004949818680767,0.18781881140208329,-0.5186775290247593,-0.09462446432064656,-0.013294349214310002,-0.4352158348175777,-1.0096248506867365,4.8385671445016785,-5.848191995188415,0.0,0.0,False,7,SP,SP 7
Spencer Arrighetti,HOU,4.81201,6.83864,5.24884,4.59715,24.5178,15.0291,0.0,0.596138,0.0,91.1866,393.734,83.5529,50.6279,46.5777,13.6605,39.6317,0.66338,5.19594,90.4681,8.92908,3.9116,2.28272,1.34828,0.22977,0.100656,0.1291135400533676,0.239471,1.35091,0.285535,0.697259,,,4.57322,0.53407,0.36037,694.8599853515625,2.92764,3.79822,0.353346,2.92764,-3.79822,4.52887,331.80000000000007,3.646153846153847,322,3.5384615384615383,,,,,,,,,,,,,,,,,,,Spencer Arrighetti,29921,681293,SP,10.06085,0.596138,-4.632177757825409,-5.592097344360431,0.6706457315970024,-0.5440166521116906,0.7863116998571669,-1.1654183506334441,-0.7373952475241975,-0.859425408906744,4.8385671445016785,-5.697992553408422,0.2,0.0,False,7,SP,SP 7
Troy Melton,DET,3.18188,2.78892,2.62638,3.91326,31.6831,4.58972,0.0,2.6698,0.0,56.882,237.435,52.7789,26.8833,24.7327,7.55122,17.816,0.43336,1.45261,50.8447,8.04476,2.81889,2.85387,1.19477,0.214142,0.0750355,0.1391062214970588,0.241921,1.24108,0.28308,0.728245,,,4.08944,0.528772,0.526294,718.4199829101562,3.05373,1.43836,0.747839,3.05373,-1.43836,4.00288,242.59999999999997,4.256140350877192,238,4.175438596491228,,,,,,,,,,,,,,,,,,,Troy Melton,31807,675512,RP,5.808260000000001,2.6698,1.4328242785603849,2.759043847649649,0.046355702970412034,-0.2758708609203414,-0.0886973498142737,0.3604869663402797,0.3638180267050424,0.3379487272512246,4.921431591770853,-4.583482864519628,0.0,0.0,False,7,RP,RP 7
Alex Cobb,,3.22055,2.30479,2.27775,3.96031,12.5639,7.03024,0.0,0.716886,0.0,42.3819,178.532,40.5362,20.2712,18.6495,4.77764,13.1119,0.222376,1.55246,33.5184,7.11779,2.78439,2.55632,1.01456,0.187744,0.0734432,0.1143013015389442,0.247372,1.26583,0.284767,0.710762,,,4.05689,0.522321,0.558289,999.0,2.90271,0.686393,0.887529,2.90271,-0.686393,3.81663,169.70000000000002,4.040476190476191,172,4.095238095238095,,,,,,,,,,,,,,,,,,,Alex Cobb,6562,502171,SP,5.4983,0.716886,0.8460281709770862,1.006791050889607,0.0008528594625502125,-0.528402695741379,-0.4713164409907573,0.21285382538350972,0.13275930128873528,-0.7873933783838196,4.8385671445016785,-5.625960522885498,0.0,0.0,False,7,SP,SP 7
Dylan Lee,ATL,3.18776,3.0584,0.0,3.58692,62.1396,0.0,1.65749,16.9711,3.23245,63.6559,259.796,56.1341,27.576,25.3699,8.81726,17.5298,1.47856,1.31334,69.718,9.85708,2.47846,3.9771,1.24663,0.268357,0.0674754,0.2008811831474304,0.232967,1.15722,0.291328,0.7516,,,3.63341,0.517796,0.606103,999.0,0.746004,0.988023,0.8458,0.746004,-0.988023,3.87227,378.30000000000007,5.910937500000001,364,5.6875,,,,,,,,,,,,,,,,,,,Dylan Lee,19996,669276,RP,3.18776,18.62859,3.911594970704481,8.425536274596555,-0.33833974615964296,1.7877645680968226,0.32808435738813696,0.9841255662961789,1.111023293075524,4.04598414892998,4.921431591770853,-0.8754474428408727,0.0,0.0,False,7,RP,RP 7
Lucas Erceg,KCR,4.45777,4.58612,0.0,3.71743,58.4756,0.0,5.71623,18.3965,4.23596,61.0369,258.607,55.053,27.4034,25.2112,5.45947,22.154,1.61357,3.78294,58.631,8.64524,3.26665,2.64651,0.805009,0.226718,0.0856668,0.141051597893238,0.236614,1.26492,0.294184,0.715941,,,3.65158,0.517783,0.500362,589.3900146484375,1.08721,0.851649,0.739069,1.08721,-0.851649,4.01457,388.9000000000001,6.375409836065575,382,6.262295081967213,,,,,,,,,,,,,,,,,,,Lucas Erceg,19360,668674,RP,4.45777,24.11273,2.865563982245043,1.505023755047419,-0.1518993464841379,2.496920187143767,0.08324859534582701,0.720952654327843,0.198458162660956,3.4763995997920505,4.921431591770853,-1.4450319919788024,0.0,0.0,False,7,RP,RP 7
Camilo Doval,NYY,4.05003,3.43902,0.0,3.64677,60.7494,0.0,4.75011,15.464,4.50687,61.725,264.106,51.3729,27.1856,25.0107,5.24958,29.8735,1.56669,3.23956,68.8009,10.0317,4.3558,2.30307,0.765431,0.260505,0.113112,0.1473932191729545,0.222401,1.31627,0.293888,0.73157,,,3.62087,0.517635,0.554235,683.6099853515625,1.86669,-2.49744,0.670817,1.86669,2.49744,4.10558,388.69999999999993,6.269354838709677,369,5.951612903225806,,,,,,,,,,,,,,,,,,,Camilo Doval,21992,666808,RP,4.05003,20.21411,3.382587614608137,-1.6470155902363708,-0.2117565197061523,1.9927885859211876,0.30783191061542986,0.8510316064684832,-0.2171817466774565,2.785913066638946,4.921431591770853,-2.135518525131907,0.0,0.0,False,7,RP,RP 7
Caleb Thielbar,CHC,3.69945,3.16691,0.0,3.73958,62.0407,0.0,1.53649,18.7034,1.61636,59.8362,246.849,52.1135,27.0244,24.8625,7.59956,19.1989,1.10072,1.41279,61.6809,9.27745,2.88771,3.21273,1.14305,0.249873,0.0777759,0.1720973253250122,0.230349,1.19179,0.283607,0.729945,,,3.75796,0.514379,0.446359,999.0,1.58517,-1.77263,0.751779,1.58517,1.77263,3.99763,360.4,6.006666666666667,346,5.766666666666667,,,,,,,,,,,,,,,,,,,Caleb Thielbar,10078,573204,RP,3.69945,20.23989,2.6619461136527374,5.85122390311055,-0.2632224729807237,1.99612220465795,0.15059996096798278,0.6697240502067128,0.7715646621754514,3.40253839029887,4.921431591770853,-1.518893201471983,0.0,0.0,False,7,RP,RP 7
Jordan Montgomery,TEX,2.87965,3.11312,3.01041,4.50546,15.1751,7.72638,0.00118677,0.48978,0.0,51.3686,220.434,52.6996,27.9516,25.7154,6.62833,16.7326,0.435073,1.51924,40.1605,7.03629,2.93163,2.40013,1.16131,0.182188,0.0759076,0.1062804907560348,0.260654,1.35165,0.296482,0.689591,,,4.3149,0.510962,0.22044,999.0,1.88924,-1.14899,0.613169,1.88924,1.14899,4.18244,176.50000000000006,3.4607843137254912,187,3.6666666666666665,,,,,,,,,,,,,,,,,,,Jordan Montgomery,16511,656756,SP,5.89006,0.49096677,-2.0860207507531823,-3.1882317862878193,0.05836413179652853,-0.5576163721619771,-0.32463802346922527,-0.5248259004359094,-0.4204123824105401,-1.764757968508653,4.8385671445016785,-6.603325113010332,0.0,0.0,False,7,SP,SP 7
Corbin Burnes,ARI,2.29213,1.76534,3.05479,3.59669,5.98121,5.86,0.0,0.0,0.0,35.2262,146.571,31.3801,15.3017,14.0775,3.92074,11.2269,0.226028,1.45581,33.8544,8.64952,2.86838,3.01547,1.00171,0.230976,0.0765969,0.1543791443109512,0.234375,1.20953,0.285698,0.735637,,,3.74005,0.508674,0.73069,735.989990234375,1.28535,-0.548773,1.06659,1.28535,0.548773,3.57789,161.20000000000002,4.605714285714286,155,4.428571428571429,,,,,,,,,,,,,,,,,,,Corbin Burnes,19361,669203,SP,5.34692,0.0,2.1264307925428767,2.820036615556348,-0.021370073981184918,-0.6211034172977374,-0.4638965062882936,0.534992739170027,0.37186076530885154,-0.22964960023127262,4.8385671445016785,-5.068216744732951,10.45,0.0,False,7,SP,SP 7
Jared Koenig,MIL,4.68449,3.35697,0.0,3.52249,59.7126,0.2,1.53451,18.3005,2.20871,62.2995,261.239,55.6519,26.5035,24.3833,6.5875,21.2354,1.4828,3.06018,63.0275,9.10517,3.06774,2.96804,0.951653,0.241264,0.0812872,0.1599765196442604,0.234874,1.23416,0.293222,0.744608,,,3.65632,0.508507,0.565622,999.0,1.15226,-1.29262,0.708457,1.15226,1.29262,4.05539,363.0999999999999,5.856451612903224,355,5.725806451612903,,,,,,,,,,,,,,,,,,,Jared Koenig,27517,657649,RP,4.68449,19.83501,4.27425563784981,3.4529486680610617,-0.11861632712647098,1.9437670629147186,0.18033711593922613,1.0753680484807464,0.4553189583405642,3.6655370539413754,4.921431591770853,-1.2558945378294775,0.0,0.0,False,7,RP,RP 7
Payton Tolle,BOS,2.56471,2.53439,2.36012,4.13709,22.5965,5.92269,0.0,0.906221,0.0,49.0228,205.054,44.4709,24.4942,22.5346,7.19991,16.5606,0.245867,1.36616,49.3469,9.05949,3.04033,2.97977,1.32182,0.240653,0.0807622,0.1598907262086868,0.237651,1.24496,0.285426,0.717099,,,4.12826,0.507124,0.541794,670.010009765625,2.64026,0.461058,0.764336,2.64026,-0.461058,3.98089,210.1,4.287755102040816,202,4.122448979591836,,,,,,,,,,,,,,,,,,,Payton Tolle,35466,801139,RP,4.92483,0.906221,0.015719320751907774,2.187369210902549,-0.08333386032856321,-0.5039197359459957,-0.12177347540162582,0.00395485359619882,0.2884348324742478,-0.4919914600431133,4.921431591770853,-5.413423051813966,0.0,0.0,False,7,RP,RP 7
Edwin Uceta,TBR,4.31818,3.38141,0.0,3.69186,57.6225,0.0,9.92179,15.035,2.0451,61.7348,256.27,50.3358,27.5261,25.324,7.90282,22.4542,1.7773,3.77891,73.352,10.6936,3.27348,3.26674,1.15211,0.28623,0.0876193,0.1986104920506477,0.218817,1.17908,0.285203,0.733303,,,3.69773,0.503528,0.451053,527.260009765625,1.85726,0.70761,0.842445,1.85726,-0.70761,3.87674,408.4,6.587096774193548,384,6.193548387096774,,,,,,,,,,,,,,,,,,,Edwin Uceta,20539,670955,RP,4.31818,24.956789999999998,3.0737955808879764,6.822022303116656,-0.1723914807119816,2.6060658128595153,0.4083344844975222,0.7733420355061116,0.8995778354780469,4.578313991882917,4.921431591770853,-0.3431175998879361,0.0,0.0,False,7,RP,RP 7
Matt Svanson,STL,3.27074,2.74169,0.0,3.6716,57.12,0.0,6.30435,11.6882,1.3294,63.8454,270.185,58.6533,28.311,26.0461,5.68575,23.1392,0.999166,3.55353,59.7313,8.42004,3.26183,2.58139,0.801494,0.221076,0.0856422,0.1354333385825157,0.240884,1.2811,0.297445,0.724363,,,3.67598,0.503416,0.559,601.6699829101562,5.25916,3.1654,0.838668,5.25916,-3.1654,3.88178,363.4,5.678125,359,5.609375,,,,,,,,,,,,,,,,,,,Matt Svanson,29629,694335,RP,3.27074,17.99255,3.322564318666705,0.5413118654535778,-0.32615809060962886,1.7055180645541308,0.10754667318249635,0.8359302320798444,0.07137944360293905,2.1668093136054827,4.921431591770853,-2.75462227816537,0.0,0.0,False,7,RP,RP 7
Jonah Tong,NYM,2.20339,2.19266,1.56348,3.81442,11.2625,4.90012,0.0,0.684373,0.0,31.0899,130.55,25.7939,14.3225,13.1767,3.39037,13.2029,0.292435,1.08148,34.5668,10.0065,3.82201,2.61813,0.981455,0.264778,0.101133,0.1636455953121185,0.221853,1.25432,0.286094,0.720412,,,3.70749,0.502679,0.476614,686.3499755859375,2.13274,-0.598848,0.999659,2.13274,0.598848,3.66712,156.89999999999998,5.0612903225806445,148,4.774193548387097,,,,,,,,,,,,,,,,,,,Jonah Tong,32157,804636,SP,3.76687,0.684373,1.1245470248587361,1.0961429139102459,-0.2533250613492228,-0.5326069605198261,-0.4481644780679506,0.28292690985500246,0.1445415781504389,-0.9349239059961535,4.8385671445016785,-5.773491050497832,0.0,0.0,False,7,SP,SP 7
Robert Garcia,TEX,3.48339,4.07159,0.0,3.65432,61.2281,0.0,17.7178,8.35579,4.73367,60.3617,252.033,53.0527,26.6402,24.509,6.80899,21.4182,1.55682,2.03974,64.9403,9.68268,3.19348,3.03201,1.01523,0.257666,0.0849817,0.1726838126778602,0.232101,1.23374,0.294872,0.736556,,,3.61574,0.496336,0.365642,237.6999969482422,2.16354,-0.306467,1.33327,2.16354,0.306467,3.22231,403.1,6.718333333333333,392,6.533333333333333,,,,,,,,,,,,,,,,,,,Robert Garcia,23363,676395,RP,3.48339,26.073590000000003,3.25717430549521,3.37039869464284,-0.29494057973097737,2.750479521362878,0.22257774420968052,0.8194786351674672,0.4444336045397699,3.9703481323737,4.921431591770853,-0.9510834593971529,0.0,0.0,False,7,RP,RP 7
Cole Sands,MIN,3.64057,3.26782,0.0,3.99878,61.4273,0.203784,5.06935,13.1079,2.32838,65.5892,275.191,61.0755,31.676,29.1419,7.5172,19.9647,1.23101,3.54312,64.0207,8.78477,2.7395,3.2067,1.03149,0.232641,0.0725483,0.1600925028324127,0.242668,1.23557,0.297306,0.700042,,,3.74813,0.495191,0.232345,732.75,1.44466,-3.78693,0.677415,1.44466,3.78693,4.09678,364.4000000000001,5.521212121212122,359,5.4393939393939394,,,,,,,,,,,,,,,,,,,Cole Sands,21461,663485,RP,3.64057,18.17725,1.0289063185428278,3.5423831337200276,-0.2718661928985935,1.7294016712523497,0.20227008958948522,0.25886448392158373,0.467112127500664,2.506439705741522,4.921431591770853,-2.414991886029331,0.0,0.0,False,7,RP,RP 7
Andrew Alvarez,WSN,2.04119,2.69944,2.0547,4.16736,25.5626,6.0909,0.0,0.83496,0.0,51.305,220.778,49.553,25.8221,23.7563,5.34447,19.7884,0.575932,2.1386,39.5233,6.93322,3.47131,1.99729,0.937534,0.179018,0.0896305,0.0893878787755966,0.249197,1.35155,0.2871,0.703523,,,4.23079,0.490409,0.400844,999.0,2.41409,0.50618,0.756156,2.41409,-0.50618,3.99179,203.90000000000003,3.998039215686275,208,4.078431372549019,,,,,,,,,,,,,,,,,,,Andrew Alvarez,29914,674841,RP,4.09589,0.83496,-0.15617653191623576,-3.179449134987073,-0.2050241658434908,-0.5131345150305748,-0.33870939963711194,-0.03929274862692555,-0.4192542685704146,-1.5590582771104695,4.921431591770853,-6.480489868881323,0.0,0.0,False,7,RP,RP 7
Gregory Soto,PIT,2.51551,3.31747,0.0,3.84047,61.3231,0.0,4.13187,17.2913,2.16278,59.3755,255.035,53.6499,27.5398,25.3366,5.18141,23.8038,1.21462,4.79847,63.461,9.61927,3.60812,2.66601,0.785385,0.248833,0.0933354,0.1554973423480987,0.236935,1.30447,0.307171,0.711027,,,3.57712,0.488474,0.375302,739.989990234375,2.93494,-2.32298,0.75555,2.93494,2.32298,3.9926,361.7000000000001,6.130508474576272,357,6.0508474576271185,,,,,,,,,,,,,,,,,,,Gregory Soto,19677,642397,RP,2.51551,21.42317,1.9759256988443152,-0.8841860425772231,-0.4370275979732966,2.149132459849442,0.18991015669374406,0.4971268783956226,-0.11659213807878464,2.236548331382572,4.921431591770853,-2.684883260388281,0.0,0.0,False,7,RP,RP 7
Jon Gray,,2.69112,2.78058,2.48772,4.63765,9.25045,7.56974,0.0,0.0,0.91345,44.8723,191.069,44.4522,25.1331,23.1224,6.9771,14.5547,0.266578,1.48399,38.4147,7.70481,2.91923,2.63933,1.39939,0.201051,0.0761751,0.1248762756586074,0.253968,1.315,0.289073,0.687947,,,4.51659,0.482233,0.291899,999.0,2.91601,-1.18367,0.693468,2.91601,1.18367,4.07538,160.49999999999997,3.566666666666666,162,3.6,,,,,,,,,,,,,,,,,,,Jon Gray,14916,592351,SP,5.17884,0.0,-2.4812963980724083,-1.1404365402958823,-0.04604460597499509,-0.6211034172977374,-0.3631907675274433,-0.6242740470805663,-0.15038230437193958,-1.928737222461277,4.8385671445016785,-6.767304366962955,0.0,0.0,False,7,SP,SP 7
Sam Hentges,SFG,1.79254,1.88473,0.0,3.55472,43.5865,0.0,0.0272431,4.14305,1.23805,43.674,182.91,39.6856,18.7499,17.2499,4.13262,14.7468,0.792074,1.38599,44.2089,9.11024,3.03891,2.99786,0.851619,0.241698,0.0806235,0.1610744968056678,0.237956,1.24634,0.300189,0.733503,,,3.44893,0.477638,0.409979,999.0,1.39852,-0.112672,1.01237,1.39852,0.112672,3.65018,228.40000000000003,5.190909090909091,224,5.090909090909091,,,,,,,,,,,,,,,,,,,Sam Hentges,18548,656529,RP,1.79254,4.170293099999999,2.83998972507729,1.8887586020577836,-0.5431612628683761,-0.08184169441362048,-0.23523664356013466,0.7145183786662996,0.24905890064350092,0.10767657028595985,4.921431591770853,-4.813755021484893,0.0,0.0,False,7,RP,RP 7
Bennett Sousa,HOU,3.42249,1.91691,0.0,3.62953,50.1643,0.0,1.10119,8.89853,1.98128,53.5205,221.153,45.6638,23.4607,21.5838,6.37601,18.1946,0.788741,1.54951,57.9197,9.73976,3.0596,3.18334,1.07219,0.261899,0.0822718,0.1796272099018097,0.226722,1.19316,0.286536,0.735414,,,3.62619,0.472017,0.486768,999.0,3.0002,2.24004,0.826648,3.0002,-2.24004,3.8978,303.20000000000005,5.614814814814816,289,5.351851851851852,,,,,,,,,,,,,,,,,,,Bennett Sousa,21345,656986,RP,3.42249,9.99972,3.035445844919153,5.1606174694654365,-0.30388084031179036,0.6719630665805212,0.06754085857837906,0.7636935530046551,0.6804986683774152,1.7952545679449754,4.921431591770853,-3.1261770238258775,0.0,0.0,False,7,RP,RP 7
Kevin Ginkel,ARI,3.6475,3.66604,0.0,3.94066,58.337,0.0,15.5773,11.0796,4.04277,59.9682,253.261,54.6939,28.5404,26.2571,6.02859,21.2097,0.828637,2.86422,61.3769,9.21142,3.18314,2.89382,0.904769,0.242346,0.0837462,0.1585999429225921,0.238642,1.26573,0.300808,0.702056,,,3.59938,0.469719,0.302944,490.5400085449219,2.14022,-1.39135,1.20247,2.14022,1.39135,3.39671,401.2000000000001,6.686666666666667,396,6.6,,,,,,,,,,,,,,,,,,,Kevin Ginkel,19876,656464,RP,3.6475,26.6569,1.328065659462836,1.4302485890901169,-0.2708488529014665,2.8259074944172258,0.14388668671337265,0.3341305475096221,0.1885980245742407,3.2485880888917684,4.921431591770853,-1.6728435028790845,0.0,0.0,False,7,RP,RP 7
Emilio Pagán,CIN,3.04249,3.48749,0.0,4.05604,63.111,0.0706629,26.1777,4.39237,4.75901,64.9598,268.231,55.8321,31.8212,29.2755,10.4366,21.8082,0.770866,2.12777,70.9863,9.83495,3.02147,3.25502,1.44596,0.264646,0.0813038,0.1833420023322105,0.228544,1.19521,0.278719,0.726952,,,4.14362,0.467741,0.390183,112.95999908447266,1.25755,0.884322,1.828,1.25755,-0.884322,2.56267,428.4,6.59076923076923,411,6.323076923076923,,,,,,,,,,,,,,,,,,,Emilio Pagan,14771,641941,RP,3.04249,30.57007,0.6057844842028631,6.13062088102655,-0.35966571749912896,3.83170864406308,0.35609240257603814,0.15241046249280052,0.8084070114767661,4.921431591770853,4.921431591770853,0.0,0.0,0.0,False,7,RP,RP 7
Tyler Holton,DET,4.02283,3.50218,0.0,3.60043,61.9799,0.537395,1.12002,14.7262,1.70566,68.1677,279.026,62.0199,29.6417,27.2704,8.25048,16.5418,1.05476,2.09615,56.8962,7.51185,2.18397,3.43953,1.08929,0.20391,0.0592842,0.144625786691904,0.238183,1.15248,0.2754,0.73003,,,3.8595,0.466343,0.581536,999.0,2.46957,1.40343,0.881401,2.46957,-1.40343,3.8248,365.6000000000001,5.3764705882352954,358,5.264705882352941,,,,,,,,,,,,,,,,,,,Tyler Holton,26231,663947,RP,4.02283,15.84622,4.086507446355984,9.346067624616346,-0.2157495424942986,1.4279755547296131,0.044938765816558576,1.0281321263930185,1.2324080617770532,3.559909575430584,4.921431591770853,-1.361522016340269,0.0,0.0,False,7,RP,RP 7
Connor Prielipp,MIN,3.28139,3.53372,1.61958,4.1733,36.3795,4.65512,0.0,1.76997,0.0,57.8181,250.727,56.7561,29.1416,26.8103,6.62748,22.6808,0.943616,3.03971,53.6838,8.35646,3.53051,2.36693,1.03164,0.214112,0.09046,0.1236524358391761,0.252242,1.37391,0.304372,0.716882,,,4.10285,0.463391,0.372924,999.0,2.00042,-1.03392,0.515738,2.00042,1.03392,4.31235,232.90000000000003,4.015517241379311,237,4.086206896551724,,,,,,,,,,,,,,,,,,,Connor Prielipp,sa3020808,687570,RP,4.90097,1.76997,-0.21417294240300352,-4.8757794209452605,-0.08683656340669452,-0.3922281203424226,-0.026001109892354272,-0.053884175075957046,-0.6429388387895675,-1.174596293365883,4.921431591770853,-6.096027885136736,0.0,0.0,False,7,RP,RP 7
Tyler Rogers,TOR,3.87012,3.50904,0.0,3.69228,66.2901,0.0,2.93495,22.6017,2.67468,66.782,277.584,67.0658,29.7799,27.3975,6.56809,13.2022,0.916707,2.98047,45.6334,6.14987,1.77922,3.4565,0.88516,0.164395,0.0475611,0.1168338544666767,0.256562,1.20194,0.289186,0.710372,,,3.77403,0.459731,0.449581,743.4099731445312,2.68836,-0.170479,0.887944,2.68836,0.170479,3.81607,386.49999999999994,5.76865671641791,395,5.895522388059701,,,,,,,,,,,,,,,,,,,Tyler Rogers,15541,643511,RP,3.87012,25.53665,3.3219902143177027,5.852795296117198,-0.2381677230081893,2.681047665485554,-0.2037792120611475,0.8357857920823992,0.7717718720403267,3.8615317078903213,4.921431591770853,-1.0598998838805316,0.0,0.0,False,7,RP,RP 7
Jason Adam,SDP,3.71791,2.42349,0.0,3.41824,50.3179,0.0,1.31726,20.4696,2.86661,51.7979,214.645,42.2735,21.3838,19.6731,5.55841,18.2712,1.42833,3.36883,55.3248,9.61281,3.17466,3.02798,0.965786,0.25775,0.0851227,0.17262714356184,0.219028,1.16886,0.277887,0.742205,,,3.64731,0.455043,0.635432,999.0,2.23604,1.9461,0.913256,2.23604,-1.9461,3.78233,333.8,6.4192307692307695,314,6.038461538461538,,,,,,,,,,,,,,,,,,,Jason Adam,11861,592094,RP,3.71791,21.78686,4.153755772097379,6.252885317432078,-0.2605125023678862,2.19616131160946,0.010237321199143138,1.0450512596745507,0.8245292655783659,3.7885656711599207,4.921431591770853,-1.1328659206109322,0.0,0.0,False,7,RP,RP 7
Phil Maton,CHC,3.63527,3.22718,0.0,3.70204,62.4236,0.0,5.72321,19.1402,3.2279,62.8636,264.077,52.7037,28.1067,25.8582,6.58976,23.2268,1.34861,5.21355,67.7978,9.7064,3.32532,2.91894,0.943437,0.256735,0.0879547,0.1687798425555229,0.223665,1.20786,0.285979,0.716946,,,3.69814,0.453875,0.504857,736.1799926757812,1.79043,-0.0168058,0.769897,1.79043,0.0168058,3.97347,400.3,6.3539682539682545,382,6.063492063492063,,,,,,,,,,,,,,,,,,,Phil Maton,18064,664208,RP,3.63527,24.863410000000002,3.0588396968761455,5.13720128443283,-0.2726442451330485,2.593990819933259,0.28568031388911597,0.7695792564012105,0.6774109210627866,4.127015641057756,4.921431591770853,-0.7944159507130966,0.0,0.0,False,7,RP,RP 7
Andrew Nardi,MIA,2.77549,2.39466,0.0,3.7892,51.8461,0.0,0.597521,8.57544,2.83396,51.1817,214.487,43.4175,23.4224,21.5486,6.20456,20.122,1.04544,2.00897,61.3601,10.7898,3.53833,3.04941,1.09103,0.286078,0.0938144,0.1922636851668357,0.225714,1.24145,0.298201,0.731355,,,3.61054,0.452569,0.43294,999.0,2.17211,-1.75123,0.754553,2.17211,1.75123,3.99393,288.8,5.662745098039216,274,5.372549019607843,,,,,,,,,,,,,,,,,,,Andrew Nardi,25942,677053,RP,2.77549,9.172961,1.9948058923384222,2.4634455333365586,-0.3988619338386537,0.5650546378300457,0.14351568997824954,0.5018769819347993,0.32483930750043843,1.1117197498563247,4.921431591770853,-3.8097118419145284,0.0,0.0,False,7,RP,RP 7
Jimmy Herget,COL,2.67222,3.15159,0.422615,4.4903,61.8345,0.577935,1.82465,9.2715,1.74343,70.4405,302.669,71.2568,38.2003,35.1443,10.0725,22.5377,1.68857,3.89252,65.1164,8.31975,2.87959,2.88921,1.28694,0.215141,0.0744634,0.1406772136688232,0.257954,1.33154,0.304324,0.697604,,,4.27086,0.451105,0.415966,999.0,1.95168,0.126869,0.451541,1.95168,-0.126869,4.39794,305.4,4.362857142857142,315,4.5,,,,,,,,,,,,,,,,,,,Jimmy Herget,17556,623474,RP,3.094835,11.09615,-2.741912373968335,-2.9557727822445576,-0.3519813506665731,0.8137427249028181,0.22646658498677552,-0.6898429126674392,-0.3897594530586255,-0.29151352208604,4.921431591770853,-5.212945113856893,0.0,0.0,False,7,RP,RP 7
Tyler Wells,BAL,3.7892,3.75297,3.43522,4.2772,40.6646,4.74934,0.286809,4.87308,0.31209,68.6492,282.854,63.8878,35.4621,32.6251,11.5521,17.3891,0.315172,1.8081,62.2247,8.15774,2.27974,3.57837,1.51449,0.219989,0.0614773,0.1585112400352955,0.242314,1.18395,0.275625,0.703718,,,4.34883,0.450338,0.287571,747.27001953125,2.21055,0.493113,0.638036,2.21055,-0.493113,4.14929,283.6,4.110144927536232,276,4.0,,,,,,,,,,,,,,,,,,,Tyler Wells,20000,669330,RP,7.22442,5.159889,-1.0467042104049176,7.251800854155436,0.2542512600167843,0.046123217691252584,0.16260877195369647,-0.2633422891490764,0.9562500715834215,1.222938853563755,4.921431591770853,-3.698492738207098,0.0,0.0,False,7,RP,RP 7
A.J. Minter,NYM,3.02633,2.49519,0.0,3.41721,47.2749,0.0,0.972055,16.9867,2.54788,47.613,196.298,39.5084,19.6502,18.0782,5.17072,16.8915,0.796776,1.34423,52.8131,9.98294,3.1929,3.12661,0.977391,0.269046,0.0860502,0.1829952597618103,0.22188,1.18455,0.28596,0.747539,,,3.47749,0.450186,0.52261,999.0,1.82859,-0.994295,0.954423,1.82859,0.994295,3.72744,314.70000000000005,6.556250000000001,300,6.25,,,,,,,,,,,,,,,,,,,A.J. Minter,18655,621345,RP,3.02633,17.958755,3.8236161716377017,5.000917981402601,-0.3620380428026747,1.7011480240107288,-0.04522889901567339,0.961990814078196,0.659440085831755,2.9015475255579886,4.921431591770853,-2.0198840662128643,0.0,0.0,False,7,RP,RP 7
Bryan Baker,TBR,3.12479,2.90549,0.0,3.889,59.3806,0.0,2.16028,16.3341,3.0871,60.8435,252.727,52.111,28.5773,26.2912,8.05541,21.5714,0.94884,1.98937,66.984,9.9083,3.19086,3.10522,1.19156,0.265045,0.0853549,0.1796904951333999,0.227394,1.21102,0.285841,0.722782,,,3.81614,0.44995,0.294313,999.0,1.70703,-0.733909,0.699279,1.70703,0.733909,4.06763,353.8000000000001,5.8000000000000025,337,5.524590163934426,,,,,,,,,,,,,,,,,,,Bryan Baker,19804,641329,RP,3.12479,18.49438,1.696600647702065,4.780218798468257,-0.3475838875188185,1.7704098368842185,0.2677090553746367,0.4268509612327145,0.6303378512663316,2.8169181668037657,4.921431591770853,-2.104513424967087,0.0,0.0,False,7,RP,RP 7
Steven Okert,HOU,3.31935,2.64545,0.0,3.96818,60.8265,0.0911348,0.517185,11.594,3.04958,61.4044,255.295,51.6654,29.4279,27.0737,8.64845,21.8558,1.64486,3.08714,68.5098,10.0414,3.20339,3.13463,1.2676,0.268356,0.08561,0.1827455535531044,0.224289,1.19733,0.280801,0.717975,,,3.9533,0.444588,0.234062,999.0,1.29884,0.604999,0.661091,1.29884,-0.604999,4.11855,321.5000000000001,5.2704918032786905,304,4.983606557377049,,,,,,,,,,,,,,,,,,,Steven Okert,13580,595345,RP,3.31935,12.111184999999999,1.172112717739069,5.664744755785995,-0.31902203039890115,0.944997173873726,0.30140350885386075,0.2948940523615021,0.746974811797012,2.0775058675748705,4.921431591770853,-2.8439257241959823,0.0,0.0,False,7,RP,RP 7
JoJo Romero,STL,3.97842,3.56835,0.0,3.57344,61.2952,0.0,12.1418,17.7889,3.36937,61.3378,260.223,55.6966,26.4719,24.3541,5.50711,23.9663,2.02459,2.52871,57.437,8.42764,3.51653,2.39658,0.808049,0.220722,0.092099,0.128623366355896,0.238297,1.29876,0.293878,0.739247,,,3.72536,0.443486,0.603651,467.6700134277344,2.17661,-0.256471,1.07509,2.17661,0.256471,3.56654,397.0000000000001,6.508196721311477,392,6.426229508196721,,,,,,,,,,,,,,,,,,,JoJo Romero,19574,668941,RP,3.97842,29.9307,3.86107694689852,-0.5628413357764368,-0.22226903300979783,3.7366299713135604,0.056881327385285965,0.9714156412761937,-0.07421840153234813,4.498279129776896,4.921431591770853,-0.42315246199395684,0.0,0.0,False,7,RP,RP 7
Shawn Armstrong,CLE,3.07078,2.81983,0.0,3.80442,62.8391,0.393402,2.52722,16.0084,2.33543,66.1539,275.682,59.3942,30.3958,27.9642,7.64603,20.183,0.725195,3.5964,65.5136,8.91289,2.74582,3.24598,1.04021,0.237642,0.0732112,0.1644311547279358,0.235783,1.20291,0.289512,0.71409,,,3.73539,0.441487,0.377683,747.27001953125,0.893634,1.33388,0.750217,0.893634,-1.33388,3.99971,375.60000000000014,5.690909090909093,365,5.53030303030303,,,,,,,,,,,,,,,,,,,Shawn Armstrong,12857,542888,RP,3.07078,18.53562,2.466366375504652,5.733609498664421,-0.35551268019484,1.7757425923808867,0.23523800779575946,0.6205177745052237,0.7560555789928368,3.202059113006229,4.921431591770853,-1.7193724787646238,0.0,0.0,False,7,RP,RP 7
Tanner Banks,PHI,3.19308,2.31693,0.0,3.9174,55.3391,0.133076,0.338146,10.507,2.41473,58.6624,243.855,55.2509,27.7541,25.5338,7.57878,15.8813,1.20831,2.0148,55.0783,8.45013,2.43652,3.46812,1.16274,0.225865,0.0651262,0.1607392132282257,0.244518,1.21257,0.291927,0.716734,,,3.85205,0.435738,0.367782,999.0,1.23411,-0.558316,0.752499,1.23411,0.558316,3.99667,295.20000000000005,5.003389830508476,291,4.932203389830509,,,,,,,,,,,,,,,,,,,Tanner Banks,16990,621383,RP,3.19308,10.845146,1.4507021525020372,4.51771377884679,-0.3375587578790202,0.7812853301238264,0.004793827436770043,0.36498489441022797,0.5957229399012194,1.5078393017623521,4.921431591770853,-3.4135922900085007,0.0,0.0,False,7,RP,RP 7
Drew Pomeranz,LAA,2.5407,2.65712,0.300517,3.80082,52.9433,0.431972,2.82366,11.6273,2.10624,53.0395,222.082,46.6836,24.347,22.3993,6.96399,18.071,1.06758,3.11784,57.5547,9.76617,3.06638,3.18492,1.18168,0.25916,0.081371,0.1777887865900993,0.23238,1.22088,0.291254,0.734616,,,3.87023,0.435213,0.37161,735.8200073242188,1.89778,-0.586831,0.843826,1.89778,0.586831,3.8749,299.90000000000003,5.658490566037736,290,5.471698113207547,,,,,,,,,,,,,,,,,,,Drew Pomeranz,11426,519141,RP,2.8412170000000003,14.45096,1.998687499959628,3.644129030403525,-0.3892130585152531,1.2475541086995263,0.059480512845047816,0.5028535629271997,0.4805287288309614,1.9101423780011901,4.921431591770853,-3.011289213769663,0.0,0.0,False,7,RP,RP 7
Graham Ashcraft,CIN,4.58607,3.26318,0.198164,4.04962,54.0245,0.270994,1.78399,15.5876,2.55692,61.9211,265.472,61.5952,30.2846,27.8618,6.43223,20.8049,0.494255,2.88184,54.1152,7.86544,3.02391,2.60108,0.934901,0.203845,0.0783693,0.1254757493734359,0.254751,1.33073,0.304367,0.710069,,,3.88526,0.430758,0.423307,999.0,2.26859,-1.22849,0.542336,2.26859,1.22849,4.27689,333.79999999999995,5.3838709677419345,342,5.516129032258065,,,,,,,,,,,,,,,,,,,Graham Ashcraft,27552,668933,RP,4.7842340000000005,17.37159,0.6216929398608676,-2.5478287650803617,-0.10397367767864488,1.6252215598690953,-0.01647444372972657,0.15641290089723267,-0.33596640172410663,1.3494313736617867,4.921431591770853,-3.572000218109066,0.0,0.0,False,7,RP,RP 7
Braydon Fisher,TOR,3.3501,2.28463,0.0,3.73221,49.0127,0.0906377,0.988977,6.77004,1.58281,50.4501,211.725,41.5513,22.7404,20.9212,5.92819,21.046,1.25541,2.31775,56.6514,10.1063,3.75447,2.69179,1.05755,0.267571,0.0994024,0.1681682243943214,0.220594,1.24077,0.283214,0.734042,,,3.80619,0.42423,0.271532,999.0,1.79409,1.19323,0.759195,1.79409,-1.19323,3.98774,265.0,5.3,250,5.0,,,,,,,,,,,,,,,,,,,Braydon Fisher,24609,680755,RP,3.3501,7.759017,2.285672409651549,2.462188107104355,-0.31450785941597836,0.38221715873255485,0.03953281339047786,0.5750566383693776,0.32467349848985777,1.0104512893945894,4.921431591770853,-3.9109803023762635,0.0,0.0,False,7,RP,RP 7
Brooks Raley,NYM,3.22362,2.47525,0.0,3.75679,55.6463,0.0,1.71892,15.9563,2.03256,55.1368,230.197,48.135,25.0166,23.0152,6.31045,18.091,0.769522,3.52263,53.9564,8.80732,2.953,2.9825,1.03006,0.234392,0.0785893,0.1558031737804412,0.230771,1.20112,0.281996,0.718042,,,3.84182,0.423186,0.383409,999.0,2.22886,2.25706,0.829829,2.22886,-2.25706,3.89356,324.4,5.8981818181818175,313,5.6909090909090905,,,,,,,,,,,,,,,,,,,Brooks Raley,10061,548384,RP,3.22362,17.67522,2.347538283501432,4.877367166047065,-0.33307541538085883,1.6644840368684466,-0.019981246202200518,0.5906215904139802,0.6431482049039684,2.535554098098796,4.921431591770853,-2.385877493672057,0.0,0.0,False,7,RP,RP 7
Brusdar Graterol,LAD,2.50969,1.44937,0.0,3.4997,39.7739,0.0,0.12715,4.32343,1.13874,41.0526,170.102,37.5006,17.3516,15.9635,3.43443,11.5254,0.884308,1.61339,34.3792,7.537,2.52674,2.9829,0.752933,0.202109,0.067756,0.1343531906604766,0.238913,1.19423,0.28591,0.716326,,,3.50797,0.417283,0.455048,999.0,1.48688,-1.73114,1.08602,1.48688,1.73114,3.55198,209.70000000000005,5.114634146341465,208,5.073170731707317,,,,,,,,,,,,,,,,,,,Brusdar Graterol,20367,660813,RP,2.50969,4.45058,2.920554744875851,3.9146510882181023,-0.43788198740811324,-0.04559771995632183,-0.452307274943493,0.7347878841561899,0.5162007973767836,0.2943720217910932,4.921431591770853,-4.627059569979759,0.0,0.0,False,7,RP,RP 7
Sean Newcomb,CHW,2.88865,3.50738,0.708149,3.97426,56.5336,1.87628,0.627672,6.16338,0.0,71.5726,308.083,66.1363,34.3536,31.6053,7.66312,30.0337,1.77558,3.63679,68.6086,8.62729,3.77663,2.28439,0.96361,0.222695,0.0974858,0.1252092644572258,0.241011,1.34367,0.295109,0.723493,,,4.02116,0.417019,0.481855,999.0,1.77513,-0.46967,0.520735,1.77513,0.46967,4.30569,327.80000000000007,4.552777777777779,321,4.458333333333333,,,,,,,,,,,,,,,,,,,Sean Newcomb,16943,656794,RP,3.5967990000000003,6.7910520000000005,1.3178497306650807,-3.871338183778894,-0.2782918767390329,0.25704934412702407,0.303585322986609,0.3315603026891259,-0.5104893928852037,0.2234341375908869,4.921431591770853,-4.697997454179966,0.0,0.0,False,7,RP,RP 7
Tommy Nance,TOR,2.41402,2.73596,0.0,3.78368,50.815,0.0,0.0,7.86251,0.974981,53.9154,227.16,51.0266,24.6375,22.6665,5.73831,16.5627,1.24215,2.67702,50.7159,8.46592,2.76478,3.06206,0.957887,0.223261,0.0729119,0.150348849594593,0.245414,1.25362,0.298999,0.721204,,,3.70798,0.408423,0.276561,999.0,1.49024,-1.56312,0.837121,1.49024,1.56312,3.88384,267.20000000000005,4.948148148148149,266,4.925925925925926,,,,,,,,,,,,,,,,,,,Tommy Nance,19178,667297,RP,2.41402,7.86251,2.134398486134362,1.938972988354295,-0.4519265642515677,0.3955998664099711,-0.09154165811688493,0.5369973462488582,0.25568036080991485,0.6934009494254233,4.921431591770853,-4.22803064234543,0.0,0.0,False,7,RP,RP 7
Martín Pérez,ATL,2.53056,2.90104,3.34748,4.56165,9.27541,9.08911,0.0,0.0887,0.0,50.0282,216.931,51.1244,27.5617,25.3568,6.69553,18.4132,0.244371,1.81105,38.4237,6.91238,3.31251,2.08675,1.20452,0.177124,0.0848807,0.0922437980771064,0.259902,1.38997,0.293091,0.697693,,,4.55168,0.404616,0.357108,999.0,2.61301,1.95641,0.615266,2.61301,-1.95641,4.17965,167.29999999999998,3.3459999999999996,175,3.5,,,,,,,,,,,,,,,,,,,Martin Perez,6902,527048,SP,5.87804,0.0887,-2.3440001386611784,-5.02218609755307,0.05659956804970802,-0.609633596430753,-0.3629920192764846,-0.5897314218713184,-0.6622445806048968,-2.240575870704323,4.8385671445016785,-7.079143015206002,0.0,0.0,False,7,SP,SP 7
Tyler Anderson,LAA,3.84592,6.0808,4.64453,4.85283,17.9722,15.0329,0.0,0.176899,0.0,86.0449,375.412,87.1036,50.4301,46.3957,13.9021,34.6926,1.0642,3.22508,66.7938,6.9864,3.62873,1.9253,1.45411,0.177921,0.0924121,0.0855093076825141,0.258089,1.4155,0.285054,0.697389,,,5.00501,0.404078,0.328692,999.0,2.51048,1.58439,0.468708,2.51048,-1.58439,4.37506,258.0,3.0,268,3.116279069767442,,,,,,,,,,,,,,,,,,,Tyler Anderson,12880,542881,SP,8.49045,0.176899,-6.815342066096466,-10.834335737550914,0.440107386504906,-0.5982285600085754,0.2635088423377065,-1.7146847821750286,-1.4286567616725447,-2.9049829048302636,4.8385671445016785,-7.743550049331942,0.0,0.0,False,7,SP,SP 7
Dennis Santana,PIT,3.57858,3.27328,0.0,3.93793,62.1866,0.0,23.7444,4.99509,3.24765,64.7654,272.663,59.6335,30.8021,28.338,6.85782,22.1807,0.803031,3.0762,60.0706,8.34759,3.0823,2.70823,0.952984,0.22031,0.0813484,0.138961911201477,0.241035,1.26324,0.292422,0.706409,,,3.82658,0.401388,0.398225,149.1199951171875,2.06441,0.0286564,1.69822,2.06441,-0.0286564,2.73571,423.9,6.521538461538461,419,6.446153846153846,,,,,,,,,,,,,,,,,,,Dennis Santana,17878,642701,RP,3.57858,28.73949,1.453861153100714,1.7060263434929965,-0.28096646799554903,3.5594889328445114,0.11503948224364509,0.36577967333708167,0.22496312928306023,4.040706349611229,4.921431591770853,-0.8807252421596239,0.0,0.0,False,7,RP,RP 7
Hurston Waldrep,ATL,3.39975,3.07993,3.52474,4.41762,9.53509,9.26361,0.0,0.0,0.0,51.3099,223.851,48.8007,27.3753,25.1853,5.79343,23.5172,0.48072,2.22144,44.4652,7.7994,4.12502,1.89075,1.01619,0.198637,0.105057,0.0935801193118095,0.246328,1.40943,0.290877,0.699962,,,4.37466,0.400215,0.506361,739.1500244140625,1.37946,-0.272375,0.532783,1.37946,0.272375,4.28962,186.2,3.650980392156863,187,3.6666666666666665,,,,,,,,,,,,,,,,,,,Hurston Waldrep,33527,694462,SP,6.9244900000000005,0.0,-1.5829225487763159,-6.149630188310562,0.21022084366205146,-0.6211034172977374,-0.2295767350356064,-0.398250473626343,-0.8109136511124484,-1.8058103581734986,4.8385671445016785,-6.644377502675177,0.0,0.0,False,7,SP,SP 7
Jack Dreyer,LAD,2.46107,1.84671,0.0,3.87352,46.4543,0.0959869,0.46962,11.3282,2.09554,49.0876,204.827,43.7979,22.964,21.1269,5.81997,16.8738,1.70789,1.31034,48.0078,8.80202,3.09374,2.84511,1.06707,0.234382,0.0823808,0.1520012244582176,0.234662,1.23599,0.285946,0.717917,,,3.83178,0.396309,0.26676,999.0,2.16765,1.14815,0.857253,2.16765,-1.14815,3.857,260.4,5.314285714285714,253,5.163265306122449,,,,,,,,,,,,,,,,,,,Jack Dreyer,30249,676263,RP,2.46107,11.797820000000002,1.453227097785959,2.6307340567470745,-0.4450195156419248,0.9044758614049261,-0.1513450068304033,0.36562015016293664,0.3468986091420058,0.982085779404221,4.921431591770853,-3.939345812366632,0.0,0.0,False,7,RP,RP 7
Tobias Myers,NYM,2.98881,3.06147,0.944525,4.00625,39.5884,4.08,0.0,5.1394,0.44857,62.8701,265.861,61.8868,30.4195,27.9859,8.38684,18.5613,0.367068,2.46096,53.8314,7.70609,2.65709,2.9002,1.2006,0.20248,0.0698158,0.1326637417078018,0.252766,1.27959,0.292957,0.72815,,,4.15999,0.396134,0.524086,999.0,2.29456,-0.341364,0.645834,2.29456,0.341364,4.13889,271.6000000000001,4.311111111111113,276,4.380952380952381,,,,,,,,,,,,,,,,,,,Tobias Myers,22191,668964,RP,3.933335,5.1394,0.9341296745107311,0.6279835606363754,-0.22888761508345876,0.043473779588167595,-0.022741638576629013,0.23501944905005664,0.08280830332890834,0.13502129020031953,4.921431591770853,-4.786410301570533,0.2,0.0,False,7,RP,RP 7
Brant Hurter,DET,2.90896,2.5424,0.0,3.64217,41.4052,0.0806911,0.148583,6.11439,0.859568,48.9849,207.032,45.5441,21.5473,19.8235,4.53172,15.4219,1.30315,3.51995,43.9639,8.07748,2.83346,2.85075,0.832613,0.212353,0.0744902,0.137862779200077,0.24214,1.24459,0.293796,0.721669,,,3.70286,0.392997,0.342272,999.0,1.54199,0.75791,0.905686,1.54199,-0.75791,3.79242,236.50000000000003,4.826530612244898,235,4.795918367346939,,,,,,,,,,,,,,,,,,,Brant Hurter,30133,676428,RP,2.90896,6.262973000000001,2.7093854511594677,2.2039940927311514,-0.379268229738143,0.18876330654397708,-0.24064701261401447,0.6816594027261272,0.2906270526907692,0.55746176190738,4.921431591770853,-4.363969829863473,0.0,0.0,False,7,RP,RP 7
Germán Márquez,SDP,4.49241,7.01005,5.05362,5.23843,22.0452,18.5171,0.0,0.432864,0.0,99.8734,436.273,109.314,63.1859,58.131,16.5883,35.8102,0.876602,3.36558,73.3245,6.60758,3.22701,2.04759,1.49484,0.16807,0.082082,0.0859881266951561,0.275284,1.45309,0.301858,0.672175,,,5.00277,0.38989,-0.0741769,747.2899780273438,3.88633,-0.170097,0.997211,3.88633,0.170097,3.67038,276.5,2.765,308,3.08,,,,,,,,,,,,,,,,,,,German Marquez,15038,608566,SP,9.546029999999998,0.432864,-12.18957964764999,-16.329365509759633,0.5950689671928293,-0.5651296569847007,0.40772719817514785,-3.066799365348252,-2.153252309551747,-4.696953827333353,4.8385671445016785,-9.53552097183503,0.0,0.0,False,7,SP,SP 7
Justin Slaten,BOS,4.12108,3.56032,0.0,3.98664,55.9436,0.0,1.6207,11.8266,3.46479,60.3158,253.341,56.0507,29.0407,26.7175,7.139,19.5964,1.60228,2.17472,56.1432,8.37739,2.92407,2.86497,1.06524,0.221611,0.0773521,0.1442593112587928,0.242047,1.25418,0.290644,0.709895,,,3.89504,0.387755,0.318756,999.0,1.5558,0.561428,0.616651,1.5558,-0.561428,4.1778,316.29999999999995,5.271666666666666,313,5.216666666666667,,,,,,,,,,,,,,,,,,,Justin Slaten,25648,686580,RP,4.12108,13.447299999999998,1.0275604634294289,2.1350069288363094,-0.2013262156952038,1.1177705640393505,0.028310162153001316,0.2585258776917604,0.2815301425936065,1.5614552703802815,4.921431591770853,-3.3599763213905716,0.0,0.0,False,7,RP,RP 7
Kody Funderburk,MIN,3.48891,3.10297,0.0,3.8663,57.014,0.0,3.05409,13.7873,2.55358,60.9124,262.876,56.8885,28.4427,26.1673,5.17698,24.863,1.2486,3.95834,57.9263,8.55879,3.67359,2.32982,0.764916,0.220356,0.0945807,0.1257750913500785,0.243056,1.34212,0.302492,0.715519,,,3.75754,0.385331,0.377003,747.3400268554688,3.28893,-3.32601,0.657317,3.28893,3.32601,4.12358,341.7000000000001,5.6016393442622965,340,5.573770491803279,,,,,,,,,,,,,,,,,,,Kody Funderburk,24993,681892,RP,3.48891,16.84139,1.8521944106286976,-3.2000290737742265,-0.2941302309886771,1.5566612552053394,0.06768660729574887,0.46599708990890204,-0.4219680176562188,1.30001523371491,4.921431591770853,-3.621416358055943,0.0,0.0,False,7,RP,RP 7
Kyle Finnegan,DET,4.02758,4.31306,0.0,3.89591,59.525,0.0,5.81528,13.4273,5.19999,61.3468,257.925,56.5225,28.8649,26.5557,6.94892,21.1307,1.72966,1.72976,57.8379,8.48522,3.10003,2.73714,1.01946,0.224243,0.081926,0.142317309975624,0.240455,1.26581,0.291134,0.71827,,,3.84001,0.383134,0.258889,626.1799926757812,1.42199,1.95835,0.727986,1.42199,-1.95835,4.02935,346.1000000000001,5.67377049180328,343,5.622950819672131,,,,,,,,,,,,,,,,,,,Kyle Finnegan,15009,640448,RP,4.02758,19.24258,1.6636169159310197,1.4584648928130757,-0.2150522315294568,1.8671597802064028,0.06573445780855304,0.41855252186185726,0.19231873381564765,2.4226413742962163,4.921431591770853,-2.4987902174746366,0.0,0.0,False,7,RP,RP 7
Danny Coulombe,BOS,2.35493,2.07984,0.0,3.76526,50.4376,0.107225,0.562212,10.0396,2.72048,48.3271,203.331,43.6282,21.9763,20.2182,5.57714,17.5192,0.610956,1.55156,47.4646,8.83937,3.26262,2.70928,1.03864,0.233435,0.0861612,0.147273875772953,0.236775,1.26528,0.289983,0.734374,,,3.85494,0.381341,0.374705,999.0,1.2031,0.390915,0.87098,1.2031,-0.390915,3.83869,246.00000000000003,5.125000000000001,241,5.020833333333333,,,,,,,,,,,,,,,,,,,Danny Coulombe,13293,543056,RP,2.35493,10.601812,2.012099714539149,1.1743077409329696,-0.46060111265419884,0.7498197451086429,-0.1633405679327199,0.5062279673241814,0.15484868985124559,0.8292254773965795,4.921431591770853,-4.092206114374274,0.0,0.0,False,7,RP,RP 7
Marcus Stroman,,3.53574,3.6528,2.57191,4.78234,12.1516,10.0331,0.00117576,0.0,0.0222428,56.1677,246.894,59.32,32.4411,29.8458,7.02732,21.784,0.237793,2.34192,40.0166,6.41204,3.49055,1.83697,1.12602,0.16208,0.0882322,0.0738480165600776,0.266286,1.44396,0.297584,0.682837,,,4.62531,0.372478,0.26791,999.0,2.396,-0.81717,0.477837,2.396,0.81717,4.36288,182.9000000000001,3.2660714285714296,197,3.517857142857143,,,,,,,,,,,,,,,,,,,Marcus Stroman,13431,573186,SP,6.10765,0.00117576,-4.0088512636528915,-8.671203828071597,0.09030684607861533,-0.6209513794557695,-0.3278157871706674,-1.0085944607217385,-1.143417952046562,-3.0318803288936866,4.8385671445016785,-7.870447473395365,0.0,0.0,False,7,SP,SP 7
Jake Irvin,WSN,5.42956,7.08221,6.37627,4.87268,26.4696,17.5155,0.0,0.46261,0.0,106.612,458.661,108.942,62.7401,57.7209,17.6276,35.2953,0.495454,4.18205,80.0435,6.75711,2.97956,2.26783,1.48808,0.174516,0.0769528,0.0975627303123474,0.259891,1.35291,0.284015,0.68165,,,4.89387,0.371453,0.344636,999.0,1.93121,-0.302687,0.716319,1.93121,0.302687,4.04491,330.0000000000001,3.0841121495327113,344,3.2149532710280373,,,,,,,,,,,,,,,,,,,Jake Irvin,21504,663623,SP,11.80583,0.46261,-8.679746834044513,-6.75249529050273,0.9268128236874291,-0.5612831937207852,0.5561038090854282,-2.183753898942943,-0.8904097388733343,-1.857527844992096,4.8385671445016785,-6.6960949894937745,0.0,0.0,False,7,SP,SP 7
Luis Garcia,HOU,2.93636,2.36002,0.234933,4.10556,37.9267,3.4553,0.501588,9.35221,1.95364,49.7101,212.86,47.8957,24.6483,22.6764,6.51165,17.7344,0.213912,2.57344,46.0274,8.33324,3.21081,2.59537,1.17893,0.216233,0.083315,0.13291797041893,0.248741,1.32026,0.295573,0.725165,,,4.21178,0.370619,0.265166,999.0,2.41095,-0.340681,0.69505,2.41095,0.340681,4.07327,229.09999999999997,4.581999999999999,229,4.58,,,,,,,,,,,,,,,,,,,Luis Garcia,23735,677651,RP,3.171293,9.853798,0.19007495586766857,-1.524901799144746,-0.3407571397718638,0.6530938534965064,-0.1950784552969489,0.04782131713097652,-0.20107935724052417,-0.09405315258063209,4.921431591770853,-5.015484744351485,0.0,0.0,False,7,RP,RP 7
Brendon Little,TOR,2.76229,2.54359,0.0,3.56199,52.361,0.0,0.354441,15.8442,2.51563,51.6911,223.958,43.8343,22.2371,20.4582,4.19013,27.5645,1.67799,2.13766,55.5306,9.66849,4.79928,2.01457,0.729548,0.247951,0.123079,0.124872401356697,0.225653,1.38126,0.294676,0.750186,,,3.7642,0.370571,0.48349,999.0,2.52561,-2.43215,0.79148,2.52561,2.43215,3.94469,307.20000000000005,5.907692307692309,294,5.653846153846154,,,,,,,,,,,,,,,,,,,Brendon Little,21574,663893,RP,2.76229,16.198641000000002,3.3195281395782987,-4.738941928496837,-0.4007997243093718,1.473547209067421,0.014782031204402135,0.835166354048726,-0.6248949260317977,1.2403620450636759,4.921431591770853,-3.6810695467071772,0.0,0.0,False,7,RP,RP 7
Justin Topa,MIN,2.75857,3.47626,0.0,3.99854,58.347,0.12,4.59262,13.7873,2.82166,61.0814,261.054,61.1266,29.4972,27.1374,5.7759,19.3622,1.75942,3.2704,50.7919,7.4839,2.8529,2.62326,0.851046,0.194565,0.0741691,0.1203956827521324,0.25638,1.31773,0.304369,0.704279,,,3.81293,0.369983,0.273945,747.3800048828125,2.30357,1.6853,0.779934,2.30357,-1.6853,3.96009,336.0000000000001,5.508196721311477,344,5.639344262295082,,,,,,,,,,,,,,,,,,,Justin Topa,15145,623437,RP,2.75857,18.37992,0.9598338291279934,-1.719389892482204,-0.40134582889657416,1.7556089834858526,-0.0898633395532324,0.24148640585625222,-0.2267252977339807,1.2926448980924892,4.921431591770853,-3.6287866936783635,0.0,0.0,False,7,RP,RP 7
Andrew Kittredge,BAL,3.62483,3.31658,0.0,3.72388,54.5998,0.0,4.62961,16.713,2.68289,56.039,230.923,51.6215,25.2032,23.1869,7.32032,14.5014,1.14251,1.72673,55.7305,8.95046,2.32897,3.84311,1.17566,0.241338,0.0627977,0.1785404756665229,0.240441,1.17994,0.292139,0.732351,,,3.71308,0.365612,0.361336,743.4199829101562,1.3594,-0.0188955,0.862553,1.3594,0.0188955,3.84993,347.1000000000001,6.198214285714287,343,6.125,,,,,,,,,,,,,,,,,,,Andrew Kittredge,12828,552640,RP,3.62483,21.34261,2.5908471791822616,6.143927103098322,-0.27417686123261636,2.138715224572731,0.019196450689588175,0.651836135002596,0.8101616205820816,3.4153939373525946,4.921431591770853,-1.5060376544182583,0.0,0.0,False,7,RP,RP 7
Paul Blackburn,NYY,2.67655,3.66906,1.16004,4.44503,46.231,3.0457,0.0102778,6.28034,0.0,62.7906,267.857,62.9818,33.7084,31.0118,8.63391,19.7665,0.667269,2.38833,53.5371,7.67367,2.83321,2.70847,1.23753,0.199872,0.073795,0.1260767728090286,0.256334,1.31785,0.296123,0.694018,,,4.27593,0.365458,0.0532296,999.0,3.14601,-0.229715,0.504298,3.14601,0.229715,4.3276,257.70000000000005,4.090476190476191,264,4.190476190476191,,,,,,,,,,,,,,,,,,,Paul Blackburn,14739,621112,RP,3.83659,6.2906178,-2.128340051943077,-1.7747381252376822,-0.24309000440842998,0.19233806307051146,-0.02924070638298346,-0.5354730933484371,-0.23402372644139807,-0.9017694019291449,4.921431591770853,-5.823200993699998,0.0,0.0,False,7,RP,RP 7
Angel Zerpa,MIL,3.45893,2.53247,0.0,3.72033,57.1059,0.17964,0.0241896,12.055,2.3437,58.9779,249.467,55.6792,26.4997,24.3797,6.13786,19.628,0.905468,2.53361,54.5618,8.3261,2.99522,2.7798,0.936634,0.218714,0.0786798,0.1400339752435684,0.244954,1.27687,0.297358,0.731591,,,3.76509,0.355196,0.506542,999.0,2.72918,-0.664312,0.724408,2.72918,0.664312,4.03412,306.20000000000005,5.189830508474577,306,5.186440677966102,,,,,,,,,,,,,,,,,,,Angel Zerpa,22717,672582,RP,3.45893,12.0791896,2.749931066919353,0.749576569957043,-0.29853136419414134,0.9408598400905522,-0.006612113854368515,0.6918603507714556,0.09884202049866557,1.389868845154185,4.921431591770853,-3.531562746616668,0.0,0.0,False,7,RP,RP 7
Sawyer Gipson-Long,DET,1.82067,2.13108,0.948779,4.14598,22.6887,3.2012,0.0,2.65322,0.0,38.4171,159.881,36.0583,19.2363,17.6974,5.23623,10.4204,0.256903,1.60831,34.8979,8.17556,2.4412,3.34899,1.2267,0.218275,0.0651762,0.15309838950634,0.243881,1.20984,0.286137,0.695883,,,4.02956,0.355004,0.227726,999.0,1.8041,-0.117442,0.995006,1.8041,0.117442,3.67333,172.1,4.528947368421052,171,4.5,,,,,,,,,,,,,,,,,,,Sawyer Gipson-Long,26048,687830,RP,2.769449,2.65322,-0.02566618680984785,3.0632604829215073,-0.39974876658362407,-0.27801482518161086,-0.44085275074656444,-0.00645740441382012,0.403933190525197,-0.7876488575583027,4.921431591770853,-5.709080449329155,0.0,0.0,False,7,RP,RP 7
Luke Weaver,NYM,3.81164,3.77838,0.132279,3.92306,59.7363,0.211878,5.16112,18.8382,2.74819,66.8665,277.052,59.0146,31.6813,29.1468,9.53652,21.0671,1.17817,2.44219,71.9938,9.69011,2.83556,3.41736,1.28358,0.259856,0.0760401,0.1838161647319793,0.23276,1.19764,0.287642,0.725311,,,3.8906,0.354405,0.308132,736.2100219726562,1.20403,-1.98206,0.669199,1.20403,1.98206,4.10774,395.4,5.901492537313432,381,5.686567164179104,,,,,,,,,,,,,,,,,,,Luke Weaver,16918,596133,RP,3.943919,23.99932,1.6115599235673552,6.148064886763222,-0.22733385945148296,2.4822551095279306,0.3783411651139317,0.4054554048358732,0.8107072444905885,3.991393440836424,4.921431591770853,-0.9300381509344291,0.0,0.0,False,7,RP,RP 7
Erik Miller,SFG,3.36193,3.06976,0.0,3.55198,58.7724,0.383271,2.64308,13.7219,2.35922,58.5293,253.713,49.25,25.1081,23.0994,5.21766,31.1565,2.63339,2.67054,62.9903,9.68596,4.7909,2.02174,0.802314,0.248274,0.122802,0.125471830368042,0.22398,1.37378,0.290302,0.756458,,,3.87545,0.352049,0.599134,999.0,1.90366,-1.00525,0.754649,1.90366,1.00525,3.9938,342.70000000000005,5.808474576271188,325,5.508474576271187,,,,,,,,,,,,,,,,,,,Erik Miller,26252,669062,RP,3.36193,16.36498,3.823876610476857,-4.928229446182606,-0.31277118810775145,1.495056549915147,0.1795156231685961,0.9620563383776157,-0.6498550988188296,1.708205309962274,4.921431591770853,-3.213226281808579,0.0,0.0,False,7,RP,RP 7
Brad Keller,PHI,3.847,3.58124,0.308192,3.80031,57.1688,0.421459,4.39971,17.37,2.45711,64.9914,275.717,59.2517,29.8294,27.4431,7.22855,24.0645,0.669514,3.27588,60.1242,8.326,3.33245,2.49846,1.00101,0.218065,0.0872797,0.1307853683829307,0.238556,1.28196,0.287383,0.730732,,,3.99285,0.350685,0.490694,743.5,2.16145,1.27691,0.688208,2.16145,-1.27691,4.08239,368.5,5.6692307692307695,361,5.553846153846154,,,,,,,,,,,,,,,,,,,Brad Keller,15734,641745,RP,4.1551919999999996,21.76971,2.452720375472548,0.4954716391852929,-0.1963184953514815,2.193943640494817,0.11622313849380009,0.6170845515846887,0.06533477683229415,2.8427436641245087,4.921431591770853,-2.078687927646344,0.0,0.0,False,7,RP,RP 7
José Urquidy,PIT,4.01495,5.2611,3.792,4.8585,26.6511,13.8736,0.0,0.519156,0.0,89.0291,383.467,91.713,52.2401,48.0609,13.4773,29.4701,0.373187,3.20934,68.2396,6.89838,2.97915,2.31555,1.36243,0.177954,0.0768517,0.1011025160551071,0.261449,1.36116,0.290762,0.673831,,,4.67131,0.350395,0.351523,999.0,1.93003,0.9766,0.438235,1.93003,-0.9766,4.41569,303.50000000000006,3.4101123595505625,320,3.595505617977528,,,,,,,,,,,,,,,,,,,Jose Urquidy,18413,664353,SP,7.80695,0.519156,-7.107820334229093,-6.372868253458294,0.3397680087218904,-0.55397121524565,0.2954366446972961,-1.788269942042311,-0.8403506723532261,-2.3492424968696697,4.8385671445016785,-7.187809641371349,0.0,0.0,False,7,SP,SP 7
Matt Gage,SFG,2.31233,2.13266,0.0,3.95451,50.8317,0.0878107,0.342709,6.06734,1.01896,53.0423,226.162,51.9616,25.3329,23.3063,5.4741,17.6804,1.40561,2.16677,45.6487,7.74549,2.99995,2.58188,0.928823,0.201841,0.078176,0.1236647963523864,0.251856,1.31295,0.299549,0.714914,,,3.87808,0.349834,0.275934,999.0,1.97898,-2.18129,0.778933,1.97898,2.18129,3.96142,251.50000000000009,4.745283018867926,256,4.830188679245283,,,,,,,,,,,,,,,,,,,Matt Gage,17381,657424,RP,2.31233,6.410049,1.092975490325298,-1.239660142924176,-0.4668548909915162,0.20778174367850463,-0.20344134003451753,0.2749837678542949,-0.1634663064045797,-0.35352776883196946,4.921431591770853,-5.274959360602822,0.0,0.0,False,7,RP,RP 7
Yimi García,TOR,2.55666,2.8137,0.0,3.78686,51.1875,0.0,4.25732,12.433,4.0073,52.5119,218.632,44.1034,24.0164,22.0951,6.53309,19.1126,1.66579,2.60652,57.7194,9.8925,3.27571,3.01996,1.1197,0.264002,0.0874191,0.1765829473733902,0.223974,1.20384,0.283206,0.724984,,,3.79497,0.348954,0.327551,999.0,1.52614,-0.716191,0.890754,1.52614,0.716191,3.81233,309.70000000000005,5.843396226415095,292,5.509433962264151,,,,,,,,,,,,,,,,,,,Yimi Garcia,12095,554340,RP,2.55666,16.69032,2.060193315342906,4.502346118867012,-0.4309866829831414,1.5371263528561248,0.06311760583759488,0.5183279271821664,0.593696501744508,2.3160540230337445,4.921431591770853,-2.6053775687371084,0.0,0.0,False,7,RP,RP 7
Taylor Rogers,MIN,2.6824,3.28033,0.0,4.03648,56.5267,0.0,15.8104,9.38701,4.0344,57.0302,244.622,51.8542,27.8021,25.5779,6.76102,23.5921,1.42811,3.1927,58.4695,9.22713,3.7231,2.47835,1.06696,0.23902,0.0964431,0.1425764188170433,0.238041,1.32292,0.295486,0.722092,,,4.03481,0.347874,0.163314,414.6099853515625,1.79561,-0.969257,1.29889,1.79561,0.969257,3.26815,351.49999999999994,6.166666666666666,345,6.052631578947368,,,,,,,,,,,,,,,,,,,Taylor Rogers,13449,573124,RP,2.6824,25.197409999999998,0.6557957686289992,-1.9012402549096417,-0.41252776072646785,2.6371804498044282,0.07968216839806531,0.16499289599516448,-0.2507047789119647,2.254041685647519,4.921431591770853,-2.6673899061233337,0.0,0.0,False,7,RP,RP 7
Blake Treinen,LAD,3.86779,3.76867,0.0,3.92055,55.4012,0.0,0.997294,14.7793,3.76778,56.0307,239.072,50.1889,26.5304,24.4079,6.66213,23.0921,2.63815,2.7419,61.0729,9.80991,3.70919,2.64476,1.07011,0.255458,0.0965903,0.158867709338665,0.235365,1.30787,0.299146,0.731004,,,3.88408,0.347191,0.231469,999.0,3.25541,-1.99713,0.562579,3.25541,1.99713,4.24989,307.30000000000007,5.487500000000002,298,5.321428571428571,,,,,,,,,,,,,,,,,,,Blake Treinen,12572,595014,RP,3.86779,15.776594,1.366029207741176,-1.0248764188231105,-0.23850977238673277,1.4189721979349723,0.1371734124587625,0.34368186832065817,-0.13514410676379573,1.426385520789753,4.921431591770853,-3.4950460709811,0.0,0.0,False,7,RP,RP 7
Charlie Morton,,3.48376,3.55618,2.66909,4.85664,11.8653,9.76811,0.0,0.321894,0.0,51.1109,225.742,49.4463,29.9791,27.5808,7.38115,23.4349,0.446336,4.12776,51.9098,9.14067,4.12659,2.21507,1.29973,0.229952,0.103813,0.1261394619941711,0.249503,1.42594,0.30287,0.68591,,,4.59907,0.346053,0.159821,999.0,1.42876,0.233565,0.373322,1.42876,-0.233565,4.50224,186.9000000000001,3.6647058823529424,187,3.6666666666666665,,,,,,,,,,,,,,,,,,,Charlie Morton,4676,450203,SP,6.152850000000001,0.321894,-4.069961864050625,-6.969556798234313,0.09694231041774105,-0.5794792175439935,-0.0651765984702435,-1.0239693920920712,-0.9190322957362125,-2.4550765991296384,4.8385671445016785,-7.293643743631317,0.0,0.0,False,7,SP,SP 7
Justin Wilson,,1.74091,1.77164,0.0,3.7693,41.8317,0.0,0.0714975,6.25189,2.0171,40.3861,170.059,36.3624,18.385,16.9142,4.66719,14.6912,1.15823,1.48184,43.3669,9.66427,3.27392,2.9519,1.04008,0.255011,0.0863889,0.1686220541596412,0.236294,1.26414,0.29943,0.733805,,,3.69124,0.345591,0.297559,999.0,2.4676,-1.60438,0.959127,2.4676,1.60438,3.72116,202.9,5.0725,197,4.925,,,,,,,,,,,,,,,,,,,Justin Wilson,4301,458677,RP,1.74091,6.323387500000001,1.6632670381907753,1.0275453821167233,-0.5507406660504348,0.19657552179503043,-0.253830646594285,0.4184644954603941,0.13549604642566546,-0.16923377052879246,4.921431591770853,-5.090665362299645,0.0,0.0,False,7,RP,RP 7
Mark Leiter Jr.,ATH,4.17555,4.60211,0.0,4.14606,62.7062,0.0,7.09002,15.3718,3.94633,62.458,268.261,58.3502,31.2747,28.7727,8.25144,23.9659,1.02661,4.08826,67.1366,9.67418,3.45342,2.80133,1.18901,0.250266,0.0893383,0.1609281301498413,0.242917,1.31794,0.303963,0.72129,,,4.05028,0.340085,0.142806,720.9199829101562,2.82573,-2.8786,0.643588,2.82573,2.8786,4.14188,354.59999999999997,5.719354838709677,351,5.661290322580645,,,,,,,,,,,,,,,,,,,Mark Leiter Jr.,15551,643410,RP,4.17555,22.46182,-0.042234907522154946,-1.771452750668023,-0.19332989395732392,2.2834405708245646,0.27107894238533914,-0.010625960150270966,-0.2335905044417048,2.0900710348795135,4.921431591770853,-2.8313605568913394,0.0,0.0,False,7,RP,RP 7
Erik Sabrowski,CLE,2.43281,2.78172,0.0,3.74702,57.4483,0.0,1.89119,17.5646,1.13154,59.0422,254.259,46.6149,26.7189,24.5814,6.19747,32.7086,0.785352,3.12246,70.5849,10.7595,4.98588,2.15799,0.944701,0.277611,0.128643,0.1489678919315338,0.213411,1.34351,0.285343,0.744612,,,3.92932,0.339362,0.318511,999.0,1.99879,0.730411,0.696526,1.99879,-0.730411,4.0713,356.6,6.04406779661017,333,5.6440677966101696,,,,,,,,,,,,,,,,,,,Erik Sabrowski,24978,681870,RP,2.43281,19.45579,2.577808845673822,-3.1838033746756342,-0.44916814887696216,1.8947300226759605,0.34722823058327346,0.6485557960504164,-0.4198284351943494,2.0494304856179237,4.921431591770853,-2.872001106152929,0.0,0.0,False,7,RP,RP 7
Eduard Bazardo,SEA,3.375,2.56356,0.0,3.73408,59.9254,0.0,0.786854,11.4132,1.16612,63.5007,262.924,54.3061,28.6373,26.3463,7.77155,21.3352,1.11786,2.49564,64.4895,9.14014,3.02385,3.02268,1.10147,0.245278,0.0811459,0.164132222533226,0.227134,1.19119,0.27893,0.725806,,,3.82086,0.338548,0.202299,999.0,0.822091,0.450662,0.758439,0.822091,-0.450662,3.98875,342.80000000000007,5.356250000000001,324,5.0625,,,,,,,,,,,,,,,,,,,Eduard Bazardo,20997,660825,RP,3.375,12.200054,2.863803504721699,6.247993310475125,-0.3108524819371238,0.9564888481761842,0.2126226651505419,0.7205097324628267,0.8238841869148926,2.5594088516603812,4.921431591770853,-2.3620227401104716,0.0,0.0,False,7,RP,RP 7
Tanner Gordon,COL,2.9946,4.93948,3.20436,5.4306,25.4413,8.50035,0.0,0.779043,0.0,63.4018,276.078,73.7645,41.5833,38.2566,12.1881,15.8469,0.661733,1.9669,47.5714,6.75284,2.2495,3.00193,1.73012,0.172312,0.0574003,0.1149112805724144,0.285617,1.41339,0.310202,0.662018,,,4.97647,0.334313,0.101415,999.0,3.53649,-1.00469,0.527334,3.53649,1.00469,4.29689,172.20000000000002,2.7333333333333334,205,3.253968253968254,,,,,,,,,,,,,,,,,,,Tanner Gordon,27669,685299,SP,6.19896,0.779043,-9.091990154979959,-7.849646245914117,0.10371136485749925,-0.5203651573464618,-0.1609820886880082,-2.287470974638627,-1.035084241214194,-3.985393171727887,4.8385671445016785,-8.823960316229567,0.0,0.0,False,7,SP,SP 7
Jordan Wicks,CHC,1.34543,1.84025,0.730687,4.07102,14.4201,2.95327,0.216914,0.974434,0.308835,28.813,122.367,28.2703,14.1665,13.0332,3.39511,9.42261,0.113623,0.827704,25.2908,7.89981,2.94324,2.68406,1.06049,0.206681,0.0770032,0.1296776235103607,0.252152,1.30819,0.298155,0.714226,,,3.97871,0.334052,0.28543,999.0,1.52423,-0.265773,1.07158,1.52423,0.265773,3.57123,128.90000000000003,4.444827586206897,130,4.482758620689655,,,,,,,,,,,,,,,,,,,Jordan Wicks,30094,696136,RP,2.076117,1.191348,0.22068085929046752,-0.5362139611418497,-0.5015315046627079,-0.4670498868553455,-0.6530076753895404,0.055521514176823404,-0.07070721453032063,-1.7318484642725285,4.921431591770853,-6.653280056043381,0.0,0.0,False,7,RP,RP 7
Carson Whisenhunt,SFG,2.38255,2.36549,1.84574,4.39008,13.8191,6.04335,0.0,0.777324,0.0,39.54,170.698,39.4295,20.9643,19.2871,5.33044,14.5988,0.379556,1.60814,31.6739,7.20954,3.32294,2.16962,1.2133,0.185555,0.0855242,0.1000312119722366,0.255222,1.36642,0.290238,0.710052,,,4.51522,0.330387,0.306091,999.0,1.24128,-0.83988,0.798354,1.24128,0.83988,3.93553,150.1,3.7525,152,3.8,,,,,,,,,,,,,,,,,,,Carson Whisenhunt,31676,687931,SP,4.22829,0.777324,-1.0988360505207675,-3.038269063393216,-0.18558754021295487,-0.5205874416990023,-0.5120487908678242,-0.27645823726239366,-0.40063772679232396,-1.9069205176766286,4.8385671445016785,-6.7454876621783075,0.0,0.0,False,7,SP,SP 7
Justin Wrobleski,LAD,2.90151,2.73337,1.08426,4.28739,29.1312,3.75455,0.0713999,2.87546,0.0,53.1861,225.521,51.0239,27.5398,25.3366,7.19029,17.8221,0.663958,1.90351,48.1346,8.1452,3.0158,2.70084,1.21672,0.213437,0.0790263,0.1344110071659088,0.247935,1.29444,0.29131,0.70273,,,4.19521,0.329394,0.204696,683.5,1.18577,-0.566747,0.63955,1.18577,0.566747,4.14727,221.50000000000003,4.179245283018869,222,4.188679245283019,,,,,,,,,,,,,,,,,,,Justin Wrobleski,31204,680736,RP,3.98577,2.9468598999999998,-0.8711770044664271,-0.2582184016828023,-0.22119003604314796,-0.24004417070134912,-0.14854486480578313,-0.2191810678983261,-0.03404966160258687,-0.7952919790293205,4.921431591770853,-5.716723570800173,0.0,0.0,False,7,RP,RP 7
Tyler Kinley,ATL,3.51543,3.1026,0.0,4.14659,58.5483,0.0,1.77279,12.727,2.40121,59.49,251.276,52.0757,29.7924,27.409,7.611,24.1304,1.55984,2.40221,62.9793,9.52788,3.65059,2.60996,1.15144,0.250638,0.0960316,0.1546068117022514,0.231712,1.28099,0.288446,0.708059,,,4.01902,0.325252,0.132692,999.0,1.0408,-0.747985,0.531168,1.0408,0.747985,4.29178,313.00000000000006,5.305084745762713,301,5.101694915254237,,,,,,,,,,,,,,,,,,,Tyler Kinley,18297,641755,RP,3.51543,14.49979,-0.043804695131017424,0.5110709767005078,-0.29023703377023446,1.2538683291384765,0.17927270863964648,-0.011020905979557141,0.06739176487093156,1.3140538503527417,4.921431591770853,-3.6073777414181114,0.0,0.0,False,7,RP,RP 7
George Klassen,LAA,2.10067,3.23568,2.20263,4.62812,17.4806,6.57,0.0,1.07469,0.0,45.6021,199.63,44.0653,25.4894,23.4502,6.1605,20.6446,0.590459,2.21791,42.1897,8.32654,4.0744,2.04362,1.21583,0.21134,0.103414,0.1079254075884819,0.249284,1.41901,0.295169,0.699303,,,4.54504,0.323747,0.25553,999.0,1.44899,-0.130852,0.610678,1.44899,0.130852,4.18576,171.20000000000002,3.721739130434783,171,3.717391304347826,,,,,,,,,,,,,,,,,,,George Klassen,sa3023440,691946,SP,4.3033,1.07469,-2.473390909192033,-5.902300359781589,-0.17457589906079102,-0.48213496422513885,-0.27982691781970276,-0.6222850902024859,-0.7782997982237523,-2.334445962144639,4.8385671445016785,-7.173013106646318,0.0,0.0,False,7,SP,SP 7
A.J. Puk,ARI,1.93696,1.7821,0.0,3.50705,29.4077,0.054442,4.28443,4.58494,1.72579,31.3732,130.073,26.8122,13.2883,12.2253,3.75583,10.2834,0.581672,1.68139,35.946,10.3118,2.94998,3.49554,1.07743,0.276352,0.0790585,0.1972939297556877,0.227014,1.1824,0.294062,0.747776,,,3.54402,0.322923,0.358117,999.0,2.16637,-0.663759,1.16193,2.16637,0.663759,3.45076,186.0,6.0,179,5.774193548387097,,,,,,,,,,,,,,,,,,,A.J. Puk,19343,640462,RP,1.93696,8.86937,2.2062640500708617,3.362681198289119,-0.5219600734910197,0.525797203931188,-0.4177074127654565,0.5550781392082235,0.443415946086496,0.4458970014624785,4.921431591770853,-4.475534590308374,0.0,0.0,False,7,RP,RP 7
Hoby Milner,CHC,2.98518,2.50919,0.0,3.90187,59.7119,0.0,0.17966,13.3104,1.61506,60.9054,257.471,59.5759,28.7011,26.405,6.52942,18.0337,1.52475,2.62708,51.6667,7.6348,2.66484,2.86501,0.964853,0.20067,0.0700415,0.1306282207369804,0.251576,1.27426,0.296989,0.714322,,,3.84987,0.322004,0.294307,999.0,1.92751,-2.53547,0.711839,1.92751,2.53547,4.05088,302.30000000000007,4.955737704918034,307,5.032786885245901,,,,,,,,,,,,,,,,,,,Hoby Milner,13346,571948,RP,2.98518,13.49006,1.6112744347145298,0.932843859545043,-0.36807895779282995,1.123299871145013,-0.070545009560032,0.40538357815620363,0.12300834308693731,1.2566102411735924,4.921431591770853,-3.6648213505972604,0.0,0.0,False,7,RP,RP 7
Sam Moll,CIN,2.89267,2.00048,0.0,4.30915,50.7459,0.0,0.0,7.08183,1.52045,48.7451,209.388,44.5407,25.3683,23.3389,5.97869,20.3734,1.5319,2.62531,48.5356,8.96132,3.76163,2.3823,1.10387,0.231798,0.0973001,0.1344976723194122,0.238966,1.3317,0.292414,0.699381,,,4.15366,0.320605,0.208773,999.0,1.48875,-1.1186,0.613452,1.48875,1.1186,4.18206,228.8,4.669387755102041,224,4.571428571428571,,,,,,,,,,,,,,,,,,,Sam Moll,14874,594580,RP,2.89267,7.08183,-0.9163217237288787,-2.05334742013173,-0.38165963934177916,0.29464992554821906,-0.13968952606861643,-0.23053911307994177,-0.27076220886036517,-0.7118699495517079,4.921431591770853,-5.6333015413225604,0.0,0.0,False,7,RP,RP 7
Clarke Schmidt,NYY,1.53738,1.4824,0.956741,3.87978,12.5172,3.17723,0.0,0.688924,0.0,27.286,114.148,24.0771,12.7855,11.7626,3.47599,9.24366,0.306426,1.42517,26.8962,8.87144,3.04893,2.90969,1.14652,0.235625,0.0809795,0.1546458750963211,0.232676,1.22117,0.281794,0.721693,,,3.99279,0.320073,0.275527,999.0,1.0025,-0.893463,1.12574,1.0025,0.893463,3.49902,128.5,4.7592592592592595,124,4.592592592592593,,,,,,,,,,,,,,,,,,,Clarke Schmidt,19899,657376,RP,2.494121,0.688924,0.7888661134418397,1.8667459215036113,-0.44016755254740186,-0.5320184694852642,-0.6175554040462804,0.19847231536934848,0.2461562247731882,-1.2028529373442725,4.921431591770853,-6.124284529115125,0.2,0.0,False,7,RP,RP 7
Christian Scott,NYM,1.69337,1.72336,1.30769,4.01623,21.3023,2.62984,0.0,0.683415,0.0,32.7835,135.854,29.8091,15.9017,14.6296,4.45545,9.16067,0.419635,1.48371,31.4726,8.64011,2.51486,3.43562,1.22315,0.231666,0.0674305,0.1642350628972053,0.238074,1.1887,0.283976,0.704752,,,3.95594,0.31666,0.277281,999.0,1.82667,-0.621249,1.0781,1.82667,0.621249,3.56253,153.00000000000006,4.6363636363636385,149,4.515151515151516,,,,,,,,,,,,,,,,,,,Christian Scott,30107,681035,RP,3.00106,0.683415,0.4506971974646514,3.307207218266274,-0.36574773713563274,-0.5327308397576003,-0.5164941267476039,0.11339175911741181,0.43610093586562565,-0.9666407815441141,4.921431591770853,-5.888072373314967,0.0,0.0,False,7,RP,RP 7
Tony Santillan,CIN,2.78243,3.28684,0.0,4.1498,65.1401,0.0,4.97055,19.4962,2.77912,66.009,284.169,59.0042,33.0826,30.436,8.81587,29.1196,1.95467,3.9586,68.935,9.39895,3.97031,2.36731,1.202,0.242585,0.102473,0.1401119977235794,0.234992,1.33503,0.289538,0.726314,,,4.28605,0.314448,0.346725,682.7000122070312,1.49592,0.887766,0.632887,1.49592,-0.887766,4.15615,364.30000000000007,5.51969696969697,353,5.348484848484849,,,,,,,,,,,,,,,,,,,Tony Santillan,19926,663574,RP,2.78243,24.46675,-0.07208712591869562,-2.9998507816267646,-0.39784312581844283,2.5426986086018264,0.3107932595547168,-0.01813653615691762,-0.3955717458824607,2.1512956612722944,4.921431591770853,-2.7701359304985584,0.0,0.0,False,7,RP,RP 7
Kenley Jansen,DET,3.66582,3.0875,0.0,3.96548,55.1577,0.0,21.8845,1.99942,3.45861,56.3073,233.893,48.2595,26.9669,24.8095,7.52587,19.8309,1.36438,1.96564,57.2344,9.14819,3.16971,2.88613,1.20291,0.244704,0.0847861,0.1599176302552223,0.227536,1.20926,0.276468,0.714518,,,4.00104,0.310102,0.198712,137.1199951171875,2.09682,1.25729,1.59484,2.09682,-1.25729,2.87355,357.2000000000001,6.378571428571431,342,6.107142857142857,,,,,,,,,,,,,,,,,,,Kenley Jansen,3096,445276,RP,3.66582,23.88392,1.0916642560068803,4.522421673161325,-0.2681594346118032,2.467332704476634,0.05240728342481233,0.2746538719356673,0.5963437407706615,3.1253989625298746,4.921431591770853,-1.7960326292409783,0.0,0.0,False,7,RP,RP 7
Riley O'Brien,STL,2.98623,3.06176,0.0,3.7683,59.1844,0.0,14.5633,11.9596,4.93733,62.3355,269.756,55.436,28.3694,26.0999,5.62056,27.6834,1.48498,5.06281,63.0493,9.10306,3.99693,2.27751,0.811497,0.233727,0.102624,0.1311030834913253,0.233897,1.33342,0.295921,0.727569,,,3.86036,0.309883,0.451031,254.9600067138672,1.70904,-0.376905,1.21262,1.70904,0.376905,3.38318,392.0,6.32258064516129,382,6.161290322580645,,,,,,,,,,,,,,,,,,,Riley O'Brien,20348,676617,RP,2.98623,26.5229,2.574215513979837,-2.732726417580875,-0.36792481536902283,2.8085799183611275,0.18081852836932644,0.6476517429429965,-0.36034771017356687,2.978928479458269,4.921431591770853,-1.942503112312584,0.0,0.0,False,7,RP,RP 7
Mason Englert,TBR,2.57639,2.48097,0.0,4.11251,53.4007,0.0,0.246544,9.06954,0.812789,61.5677,259.312,59.3415,30.5795,28.1331,8.18114,18.3491,1.06128,2.45961,56.7133,8.29037,2.68228,3.09079,1.19592,0.218706,0.0707607,0.1479455679655075,0.248808,1.26187,0.294687,0.711251,,,4.03422,0.308235,0.142806,999.0,1.3894,-0.547987,0.658243,1.3894,0.547987,4.12234,297.0,4.790322580645161,296,4.774193548387097,,,,,,,,,,,,,,,,,,,Mason Englert,22288,669438,RP,2.57639,9.316084,0.18783015585110296,1.7059333256379763,-0.4280902734386514,0.5835619114709184,0.04089975969429473,0.047256543655177105,0.2249508635945353,0.5628629232354674,4.921431591770853,-4.358568668535385,0.0,0.0,False,7,RP,RP 7
Thomas White,MIA,1.33721,1.63389,2.5287,4.21462,5.55981,5.55981,0.0,0.0,0.0,29.5166,129.066,26.2352,15.0243,13.8224,3.49072,15.5929,0.113823,1.34465,29.8925,9.11461,4.75447,1.91706,1.06437,0.231606,0.120813,0.1107931807637214,0.233974,1.4171,0.288836,0.725581,,,4.36858,0.307323,0.40653,999.0,0.982752,0.182651,0.950217,0.982752,-0.182651,3.73304,126.5,4.216666666666667,120,4.0,,,,,,,,,,,,,,,,,,,Thomas White,sa3023268,806258,SP,3.8659100000000004,0.0,-0.24486556167934515,-3.7640548016325805,-0.23878576072650162,-0.6211034172977374,-0.5513876946742796,-0.061606189127172244,-0.49634259763801514,-2.0136810877992786,4.8385671445016785,-6.852248232300957,0.0,0.0,False,7,SP,SP 7
Luis Medina,ATH,3.92998,4.24408,2.57816,4.54771,35.5231,6.9069,0.0,1.50115,0.0,71.0009,310.917,68.1272,38.9965,35.8768,9.12212,32.1819,1.63243,3.99496,64.9858,8.23754,4.07934,2.01933,1.15631,0.209014,0.103506,0.1055073663592338,0.24797,1.41278,0.294096,0.700409,,,4.50338,0.306409,0.19619,999.0,4.19068,-1.67714,0.294745,4.19068,1.67714,4.60701,267.9,3.773239436619718,268,3.774647887323943,,,,,,,,,,,,,,,,,,,Luis Medina,21649,665622,RP,6.50814,1.50115,-3.2166303022109255,-8.747691615404026,0.14909970256481866,-0.4269893068752608,0.22358252703397258,-0.8092780928079198,-1.153503922908542,-2.1203680671503853,4.921431591770853,-7.041799658921239,0.0,0.0,False,7,RP,RP 7
Caleb Ferguson,CIN,2.47101,2.90143,0.0,4.13463,48.4663,0.05042,0.354947,7.66008,2.52345,47.9276,206.433,45.3371,23.9327,22.0181,5.06572,18.4562,1.15918,3.17013,45.5117,8.54635,3.46577,2.46593,0.951258,0.220468,0.0894055,0.131062239408493,0.245322,1.33103,0.30002,0.702993,,,3.96368,0.304334,0.252158,999.0,2.04003,-2.64074,0.7219,2.04003,2.64074,4.03747,237.70000000000005,4.952083333333334,236,4.916666666666667,,,,,,,,,,,,,,,,,,,Caleb Ferguson,19349,657571,RP,2.47101,8.015027,0.02843108915176488,-1.9867798503461043,-0.4435603006965507,0.4153218807185377,-0.20646673007689118,0.007153031415944352,-0.26198435565495576,-0.5276664469724663,4.921431591770853,-5.449098038743319,0.0,0.0,False,7,RP,RP 7
John Schreiber,KCR,3.01513,2.88737,0.0,4.08404,62.2095,0.0,0.951427,18.0048,2.95221,60.8918,259.391,57.2959,30.0343,27.6316,7.15044,22.0239,1.12038,2.87641,56.118,8.29441,3.2552,2.54805,1.05686,0.216345,0.0849061,0.1314386874437332,0.244342,1.30264,0.292867,0.711096,,,4.04529,0.302317,0.191704,999.0,1.22652,-1.18309,0.597448,1.22652,1.18309,4.2034,331.1000000000001,5.427868852459017,328,5.377049180327869,,,,,,,,,,,,,,,,,,,John Schreiber,20020,670167,RP,3.01513,18.956227,0.3784184815098532,-0.7948944414346761,-0.3636822286566173,1.830131396725866,0.027753667050316573,0.09520702046146512,-0.10481780757777102,1.5893672597541095,4.921431591770853,-3.3320643320167433,0.0,0.0,False,7,RP,RP 7
Ryan Bergert,KCR,2.07195,2.31456,2.20654,4.58765,23.0394,8.96938,0.0,0.972412,0.0,60.1366,259.424,57.6636,33.3195,30.654,8.50576,24.5855,0.82301,2.17762,51.5337,7.7125,3.67945,2.0961,1.27297,0.198646,0.0947695,0.103876881301403,0.247844,1.3677,0.284772,0.695605,,,4.59509,0.299225,0.291721,999.0,1.97461,0.14873,0.505193,1.97461,-0.14873,4.32641,209.5,3.4916666666666667,210,3.5,,,,,,,,,,,,,,,,,,,Ryan Bergert,29863,686701,SP,4.27849,0.972412,-2.99137091997337,-4.698085978190494,-0.17821806433189075,-0.4953605599256285,-0.07348206704642382,-0.7526046593956317,-0.6195075048669346,-2.0851483682228125,4.8385671445016785,-6.923715512724491,0.0,0.0,False,7,SP,SP 7
JP Sears,SDP,3.17096,3.2936,2.47236,4.46253,21.0266,6.7476,0.0,0.646664,0.0,51.6868,217.04,49.5184,27.8567,25.6282,8.87004,14.3268,0.546747,2.78636,45.2068,7.87167,2.49467,3.1554,1.5445,0.208288,0.0660099,0.142277754843235,0.247682,1.23523,0.278699,0.699796,,,4.61011,0.296862,0.287928,999.0,2.63345,1.69055,0.706197,2.63345,-1.69055,4.0584,187.1,3.5980769230769236,186,3.576923076923077,,,,,,,,,,,,,,,,,,,JP Sears,23429,676664,SP,5.64332,0.646664,-1.8524498456261225,2.809112873399278,0.02214213022493924,-0.5374831214563889,-0.21319987915659708,-0.46606135528232967,0.37042031907628964,-0.8949125821222559,4.8385671445016785,-5.733479726623934,0.0,0.0,False,7,SP,SP 7
Yennier Cano,BAL,3.22636,3.69322,0.0,3.85031,56.0927,0.0,1.63486,16.4942,4.2626,55.388,236.471,52.6146,25.7561,23.6956,5.86922,20.3509,0.9939,2.32692,51.3717,8.34739,3.30681,2.5243,0.95369,0.217243,0.0860606,0.1311821341514587,0.2461,1.31735,0.298592,0.729118,,,3.88602,0.295675,0.202601,999.0,2.58417,-4.02205,0.712779,2.58417,4.02205,4.04963,305.4,5.552727272727273,307,5.581818181818182,,,,,,,,,,,,,,,,,,,Yennier Cano,25911,666974,RP,3.22636,18.12906,1.7826894191642861,-1.5381900982100098,-0.33267317705587646,1.723170209385608,-0.07705953556368329,0.4485101978360743,-0.2028316029499605,1.5128941573890915,4.921431591770853,-3.4085374343817616,0.0,0.0,False,7,RP,RP 7
Hayden Birdsong,SFG,1.81163,2.51046,1.14107,4.52621,16.004,5.57552,0.0,1.19656,0.0,40.7638,178.027,36.7307,22.2833,20.5006,5.77028,20.138,0.364769,2.53597,41.1102,9.07646,4.44615,2.04142,1.27399,0.23092,0.113118,0.1178027987480163,0.236433,1.39508,0.285421,0.708858,,,4.62703,0.295611,0.24946,999.0,1.23641,-1.45587,0.710681,1.23641,1.45587,4.05243,150.40000000000003,3.6682926829268303,144,3.5121951219512195,,,,,,,,,,,,,,,,,,,Hayden Birdsong,31635,806185,SP,2.9527,1.19656,-1.74939226141169,-4.300479891409926,-0.37284709676926353,-0.46637592173292475,-0.3036656663652673,-0.4401329030305674,-0.5670776523940756,-2.1563305886309414,4.8385671445016785,-6.994897733132619,0.0,0.0,False,7,SP,SP 7
Jonathan Cannon,CHW,3.83758,6.57589,4.01029,4.95383,28.5858,13.2094,0.0243664,0.675493,0.0,90.4898,394.211,94.5915,54.139,49.8079,14.5406,32.0829,0.980827,4.21128,68.1816,6.78125,3.19093,2.12517,1.44619,0.172957,0.0813852,0.0915718823671341,0.264284,1.39988,0.290888,0.682253,,,4.9204,0.294958,0.0293864,999.0,2.35879,-0.0948862,0.546836,2.35879,0.0948862,4.27088,266.5,2.9611111111111112,287,3.188888888888889,,,,,,,,,,,,,,,,,,,Jonathan Cannon,31730,686563,SP,7.84787,0.6998594,-8.182903360253256,-9.980477353379841,0.34577515918111656,-0.5306044099688174,0.2941558226355614,-2.058752111010559,-1.316063744102596,-3.1002492024873667,4.8385671445016785,-7.938816346989045,0.0,0.0,False,7,SP,SP 7
Eric Lauer,TOR,3.39944,3.44668,1.37227,4.19352,38.1385,2.8014,0.0,2.10807,0.0,57.2141,241.187,54.0506,28.9769,26.6587,8.99123,18.7193,0.617497,1.92384,54.9889,8.64997,2.94462,2.93755,1.41436,0.227993,0.0776134,0.1503797546029091,0.245079,1.27189,0.287803,0.727675,,,4.33829,0.294708,0.191363,999.0,1.40086,-0.209799,0.58195,1.40086,0.209799,4.22407,225.69999999999996,3.9596491228070168,223,3.912280701754386,,,,,,,,,,,,,,,,,,,Eric Lauer,19316,641778,RP,4.77171,2.10807,-0.34041086414011673,1.0123136826027812,-0.10581222978889297,-0.34850831836804336,0.0028195948105788336,-0.08564461222449306,0.1334875365336435,-0.3348162467748812,4.921431591770853,-5.256247838545734,0.0,0.0,False,7,RP,RP 7
Justin Martinez,ARI,1.00703,1.81459,0.0,3.36379,22.7684,0.0,1.9535,2.89138,0.871199,23.7663,102.324,18.3279,9.65519,8.88277,1.50966,13.297,0.996252,1.5392,29.0131,10.9869,5.03539,2.18193,0.571687,0.283541,0.12995,0.1535917371511459,0.20949,1.33066,0.295237,0.744448,,,3.39213,0.292774,0.283802,999.0,1.64224,-0.69896,1.19387,1.64224,0.69896,3.40817,141.20000000000005,5.8833333333333355,129,5.375,,,,,,,,,,,,,,,,,,,Justin Martinez,24453,679885,RP,1.00703,4.84488,2.049646224140321,-0.9763321636652017,-0.6584759441300244,0.005389319140092531,-0.570807607106859,0.5156743645867906,-0.12874287644827842,-0.9721152263602416,4.921431591770853,-5.893546818131094,0.0,0.0,False,7,RP,RP 7
Jovani Morán,BOS,2.41816,1.86623,0.0,3.87434,43.717,0.0,0.0218409,4.54071,1.5033,46.8091,201.156,41.8741,21.9027,20.1505,4.54769,21.3259,0.845093,1.74169,49.0621,9.43318,4.10033,2.30059,0.874386,0.2439,0.106016,0.1378839164972305,0.235131,1.35017,0.299862,0.72664,,,3.78028,0.29277,0.321199,999.0,1.98711,-0.914314,0.759531,1.98711,0.914314,3.98729,226.1,4.810638297872341,219,4.659574468085107,,,,,,,,,,,,,,,,,,,Jovani Moran,20422,663558,RP,2.41816,4.5625509,1.3815249377230243,-2.8358761478320527,-0.4513188026948425,-0.031118732748711696,-0.12806275338752363,0.3475804682927337,-0.3739494263431412,-0.6769759396570552,4.921431591770853,-5.598407531427908,0.0,0.0,False,7,RP,RP 7
Juan Mejia,COL,2.53297,3.23398,0.0,4.54683,60.3938,0.0,3.13761,13.8844,2.76491,63.9577,280.656,61.3654,35.1214,32.3117,7.87678,28.9975,1.58449,4.66541,65.2106,9.17631,4.08047,2.24883,1.1084,0.232351,0.103321,0.1290302947163581,0.24845,1.41286,0.307573,0.696304,,,4.27598,0.291439,0.308715,999.0,2.48675,-1.66249,0.535598,2.48675,1.66249,4.28587,315.6,4.93125,315,4.921875,,,,,,,,,,,,,,,,,,,Juan Mejia,23237,675848,RP,2.53297,17.022009999999998,-2.891378067738797,-7.884268193368334,-0.43446442966884674,1.5800172760057305,0.22854681668014484,-0.7274472688508749,-1.0396496230272483,-0.38402879948648944,4.921431591770853,-5.305460391257342,0.0,0.0,False,7,RP,RP 7
Josh Sborz,TEX,2.05812,2.89114,0.0,4.13439,44.7192,0.0,0.0,6.67633,1.72473,47.0887,199.96,42.8864,23.5124,21.6314,5.55837,18.4789,0.751904,1.56706,48.1888,9.21027,3.53186,2.60777,1.06236,0.240992,0.092413,0.1485788747668266,0.238371,1.30319,0.295862,0.706427,,,3.90006,0.29063,-0.0124987,999.0,1.50481,-1.52365,0.7595,1.50481,1.52365,3.98733,226.2,4.812765957446809,221,4.702127659574468,,,,,,,,,,,,,,,,,,,Josh Sborz,18323,622250,RP,2.05812,6.67633,0.029239975666235356,-0.6406093129844203,-0.5041735058067619,0.2422146114381606,-0.14734795867223088,0.007356540701819936,-0.08447318310559265,-0.4822539385972804,4.921431591770853,-5.403685530368133,0.0,0.0,False,7,RP,RP 7
Luis García,NYM,2.77222,2.25471,0.0,3.93236,54.2224,0.0,0.0595143,10.925,2.14687,56.0875,239.97,53.2425,26.6373,24.5063,5.41505,21.0124,1.91798,2.5,50.3407,8.07784,3.37173,2.39576,0.868917,0.209779,0.0875628,0.1222166121006012,0.245972,1.32391,0.297617,0.714188,,,3.85279,0.290409,0.231472,999.0,1.94232,-0.778171,0.694797,1.94232,0.778171,4.0736,287.1000000000001,5.126785714285716,287,5.125,,,,,,,,,,,,,,,,,,,Luis Garcia,6984,472610,RP,2.77222,10.9845143,1.2937570123018836,-1.9255282206137259,-0.39934197738708166,0.799307082497402,-0.0998272518679695,0.3254987701735225,-0.253907482545206,0.3860955113762383,4.921431591770853,-4.5353360803946146,0.0,0.0,False,7,RP,RP 7
Keaton Winn,SFG,1.82999,2.41911,0.459831,4.06789,30.0149,1.11732,1.09531,2.42493,0.0,38.3627,162.739,37.5257,18.8473,17.3395,4.27735,11.7436,0.507688,1.83381,34.3068,8.04848,2.75509,2.92131,1.00348,0.210809,0.0721626,0.1386468857526779,0.251578,1.2843,0.30068,0.702896,,,3.85782,0.290354,0.143409,999.0,2.76002,-0.136694,0.959404,2.76002,0.136694,3.72079,172.2,4.531578947368421,177,4.657894736842105,,,,,,,,,,,,,,,,,,,Keaton Winn,23499,676775,RP,2.289821,3.52024,0.30721000037144436,0.20250727900265575,-0.4701592641510158,-0.1659002356878923,-0.45390609420676187,0.0772915442042681,0.02670338084801143,-1.1409531098530477,4.921431591770853,-6.0623847016239,0.0,0.0,False,7,RP,RP 7
Ben Joyce,LAA,2.07434,1.75708,0.0,3.69362,40.1698,0.0,9.30757,8.53153,4.6832,42.4675,179.814,35.2202,18.9443,17.4287,4.36976,18.4404,0.360062,2.57284,46.6179,9.87959,3.90801,2.52804,0.92607,0.259257,0.102553,0.1567041650414466,0.221789,1.26357,0.286148,0.73021,,,3.76175,0.289634,0.296463,732.7899780273438,2.67694,-0.686829,1.15281,2.67694,0.686829,3.46292,282.6,6.7285714285714295,270,6.428571428571429,,,,,,,,,,,,,,,,,,,Ben Joyce,31461,690829,RP,2.07434,17.839100000000002,2.106203876441815,1.1046791805854497,-0.5017923723647129,1.685675403764517,-0.18203836172014873,0.5299038111466847,0.14566720277574025,1.5521703887098546,4.921431591770853,-3.369261203060998,0.0,0.0,False,7,RP,RP 7
Gage Jump,ATH,1.99043,2.17043,2.20253,4.44998,6.21586,6.21586,0.0,0.0,0.0,33.2846,142.743,32.6078,17.8884,16.4573,4.88123,11.9505,0.248613,1.32612,28.6618,7.75001,3.23137,2.39837,1.31986,0.200793,0.0837208,0.1170724257826805,0.251864,1.33871,0.289051,0.706965,,,4.51603,0.288816,0.25521,999.0,0.613571,0.159283,0.897665,0.613571,-0.159283,3.80311,115.90000000000003,3.5121212121212135,119,3.606060606060606,,,,,,,,,,,,,,,,,,,Gage Jump,sa3034986,695611,SP,4.192959999999999,0.0,-1.146498526736557,-1.6351137654885624,-0.19077406576829362,-0.6211034172977374,-0.5785654138359528,-0.28844972967105026,-0.2156123267504678,-1.8865262430060898,4.8385671445016785,-6.725093387507768,0.0,0.0,False,7,SP,SP 7
Pierce Johnson,CIN,3.44534,3.70298,0.0,4.18695,58.3635,0.0,1.4015,12.6895,2.98636,58.8216,250.633,54.2393,29.7443,27.3648,8.5647,23.1492,1.37954,2.07387,63.8574,9.77051,3.54194,2.75852,1.31044,0.254784,0.0923628,0.1624217107892036,0.240625,1.31565,0.29855,0.728527,,,4.14319,0.288676,0.26131,999.0,1.53469,0.38858,0.479765,1.53469,-0.38858,4.36031,295.5,5.008474576271187,288,4.88135593220339,,,,,,,,,,,,,,,,,,,Pierce Johnson,13435,572955,RP,3.44534,14.091000000000001,-0.3070663952785123,-1.5332849332142213,-0.30052640756513066,1.2010075842431602,0.1986639129915317,-0.07725541432771754,-0.20218478921738764,0.885121122605334,4.921431591770853,-4.036310469165519,0.0,0.0,False,7,RP,RP 7
Dietrich Enns,BAL,3.12627,2.82613,0.203876,4.19422,50.1176,0.278805,0.312759,9.92158,0.923499,59.4717,254.604,59.7497,30.1253,27.7153,7.88124,19.5201,2.3847,2.2719,55.1157,8.34079,2.95403,2.82353,1.19269,0.216476,0.0766685,0.13980732858181,0.256643,1.3329,0.30544,0.720213,,,4.10368,0.288156,-0.00356917,999.0,2.08862,-0.235556,0.52849,2.08862,0.235556,4.29535,266.20000000000005,4.511864406779662,275,4.661016949152542,,,,,,,,,,,,,,,,,,,Dietrich Enns,13932,608650,RP,3.330146,10.234339,-0.35852263216378133,-2.576228354764861,-0.3174371526775472,0.7023017126007131,0.005619736835199007,-0.09020138614827786,-0.3397112797502566,-0.01971531840532215,4.921431591770853,-4.941146910176175,0.0,0.0,False,7,RP,RP 7
Jakob Junis,TEX,3.08303,2.30139,0.218335,4.01606,53.2466,0.298578,0.226796,6.68534,1.28449,61.1107,255.216,58.5596,29.6406,27.2694,8.07301,15.9854,1.20061,2.8387,52.9405,7.79674,2.35423,3.3118,1.18894,0.207434,0.0626348,0.1447991803288459,0.247723,1.21984,0.287873,0.710032,,,4.04399,0.285858,0.103884,999.0,1.09732,1.47098,0.734724,1.09732,-1.47098,4.02037,276.60000000000014,4.534426229508199,278,4.557377049180328,,,,,,,,,,,,,,,,,,,Jakob Junis,13619,596001,RP,3.301365,6.912136,0.841311728311595,4.262194829481436,-0.3216622699152545,0.2727067487477449,-0.042415507107655834,0.2116672066656101,0.5620292383592735,0.7989526770021858,4.921431591770853,-4.122478914768667,0.0,0.0,False,7,RP,RP 7
Alek Manoah,LAA,3.1706,4.97374,4.91213,4.82538,14.4806,14.4806,0.0,0.0,0.0,78.676,346.733,76.8489,45.8504,42.1824,12.6403,35.1541,0.403795,5.78338,66.9653,7.66038,4.02139,1.90491,1.44597,0.193132,0.101386,0.0917455703020095,0.251308,1.4236,0.28387,0.701463,,,5.08244,0.284386,0.320876,743.5499877929688,3.05218,-1.47118,0.392025,3.05218,1.47118,4.4773,235.50000000000009,2.981012658227849,237,3.0,,,,,,,,,,,,,,,,,,,Alek Manoah,26410,666201,SP,8.08273,0.0,-5.991710710945158,-10.543928832360253,0.38025314932905946,-0.6211034172977374,0.2672961006754223,-1.5074658139847745,-1.390362601440916,-2.832727941312459,4.8385671445016785,-7.671295085814137,0.0,0.0,False,7,SP,SP 7
Brenan Hanifee,DET,2.36294,2.5948,0.0,3.91683,50.2699,0.0,0.17674,9.92063,1.38983,55.3544,235.204,56.4208,26.1853,24.0904,5.3478,15.4648,1.13956,2.23679,41.1354,6.68816,2.5144,2.65994,0.869491,0.174893,0.0657507,0.1091421172022819,0.259403,1.29864,0.29864,0.709647,,,3.86417,0.283111,0.2487,999.0,1.04178,-1.58587,0.823891,1.04178,1.58587,3.90148,270.9,4.925454545454545,281,5.109090909090909,,,,,,,,,,,,,,,,,,,Brenan Hanifee,22304,669724,RP,2.36294,10.09737,1.3724335347762595,-0.5016200182775286,-0.45942522616401305,0.68459021435573,-0.3031091712625826,0.3452931450549189,-0.06614552550911644,0.29122978795514537,4.921431591770853,-4.630201803815708,0.0,0.0,False,7,RP,RP 7
River Ryan,LAD,1.87664,1.8771,1.72588,4.48101,12.2224,6.86373,0.0,0.600485,0.0,40.7773,176.225,39.4363,22.0681,20.3026,5.60709,16.0869,0.375142,2.03969,34.2696,7.56368,3.55055,2.13028,1.23755,0.194465,0.0912862,0.1031791940331459,0.249442,1.36162,0.286151,0.701759,,,4.57547,0.279385,0.301038,640.4500122070312,1.96292,0.0900858,0.790546,1.96292,-0.0900858,3.94594,146.20000000000002,3.565853658536586,145,3.5365853658536586,,,,,,,,,,,,,,,,,,,River Ryan,29514,689981,SP,3.60252,0.600485,-1.545182307862939,-2.9375705485256582,-0.2774520207327467,-0.5434545403720199,-0.4547275869773919,-0.3887553351370065,-0.3873592372161425,-2.1232768165067295,4.8385671445016785,-6.961843961008408,0.0,0.0,False,7,SP,SP 7
Erick Fedde,CHW,4.38904,6.54329,5.44239,4.99953,21.2487,16.4783,0.0,0.281833,0.0,95.6329,415.862,97.9142,57.744,53.1244,14.9068,37.5067,0.917874,2.93802,68.2181,6.41999,3.52975,1.81882,1.40287,0.16404,0.0901902,0.0738497972488403,0.260814,1.41605,0.283987,0.678097,,,5.00359,0.27375,0.136396,999.0,2.58794,2.30728,0.689868,2.58794,-2.30728,4.08018,284.1000000000001,2.959375000000001,298,3.1041666666666665,,,,,,,,,,,,,,,,,,,Erick Fedde,17425,607200,SP,9.83143,0.281833,-9.133595056799372,-12.094533546853228,0.6369663460066884,-0.5846595162334216,0.2949618572088946,-2.297938430464288,-1.5948312429621243,-3.3736298964476967,4.8385671445016785,-8.212197040949375,0.0,0.0,False,7,SP,SP 7
Taijuan Walker,PHI,5.49505,6.94583,4.7425,5.06555,36.8509,16.6976,0.0236875,1.44115,0.894732,111.761,489.173,118.069,68.3733,62.9034,18.5847,41.3009,0.585827,4.57896,77.8869,6.27216,3.32592,1.88584,1.49661,0.159222,0.0844301,0.0747914984822273,0.266345,1.42599,0.286845,0.682382,,,5.13465,0.272513,0.139196,999.0,1.93853,-0.364142,1.07027,1.93853,0.364142,3.57298,310.3000000000001,2.770535714285715,335,2.9910714285714284,,,,,,,,,,,,,,,,,,,Taijuan Walker,11836,592836,SP,10.237549999999999,1.4648375,-11.493724550891546,-15.245042956345207,0.6965856994891146,-0.43168488602105987,0.5084793115278883,-2.8917278673311273,-2.0102694091418565,-3.8111259620634894,4.8385671445016785,-8.649693106565168,0.0,0.0,False,7,SP,SP 7
Anthony Bender,MIA,3.26711,3.41719,0.0,3.89011,59.4915,0.0,1.89236,16.7534,3.39249,59.8483,254.945,55.1842,28.1179,25.8685,6.17675,22.5039,1.4792,3.09788,55.9718,8.41705,3.38414,2.4872,0.928861,0.219545,0.0882698,0.1312751173973083,0.240619,1.29808,0.293117,0.717986,,,3.8897,0.271951,0.414217,999.0,1.57122,0.0184707,0.668018,1.57122,-0.0184707,4.10931,339.2,5.653333333333333,334,5.566666666666666,,,,,,,,,,,,,,,,,,,Anthony Bender,19742,669622,RP,3.26711,18.64576,1.6615120720186658,-0.5088721673413238,-0.3266909829890763,1.7899848254168464,0.024525112129184998,0.4180229602066439,-0.06710182149694877,1.9056743045670428,4.921431591770853,-3.01575728720381,0.0,0.0,False,7,RP,RP 7
Yoendrys Gómez,TBR,3.37018,2.38846,0.973152,4.25991,37.0888,3.77112,0.00486829,1.99958,0.0,56.7328,242.287,50.6566,29.188,26.8529,7.79487,23.1747,0.374961,3.36337,56.3416,8.93795,3.67639,2.43117,1.23657,0.232541,0.0956496,0.1368911936879158,0.234794,1.30139,0.282705,0.709542,,,4.33839,0.271348,0.29526,999.0,2.6041,-0.578787,0.520002,2.6041,0.578787,4.30666,232.8,4.084210526315789,223,3.912280701754386,,,,,,,,,,,,,,,,,,,Yoendrys Gomez,22872,672782,RP,4.343332,2.00444829,-0.7560072080673916,-0.6697616307454368,-0.16869910905141328,-0.36190766957019227,0.03269145692969421,-0.1902052813073633,-0.08831731872189556,-0.8183117295487856,4.921431591770853,-5.739743321319638,0.0,0.0,False,7,RP,RP 7
Seranthony Domínguez,CHW,3.17006,4.18289,0.0,3.92008,58.8407,0.0,21.4404,5.74495,5.10692,58.8285,250.493,49.2414,27.8517,25.6236,7.32317,27.377,1.08708,2.6832,63.7905,9.75913,4.18834,2.33007,1.12035,0.25466,0.109293,0.1453676149249076,0.223386,1.3024,0.28073,0.734814,,,4.11767,0.270828,0.289705,197.7100067138672,1.90984,-1.45287,1.573,1.90984,1.45287,2.90266,390.1,6.611864406779661,371,6.288135593220339,,,,,,,,,,,,,,,,,,,Seranthony Dominguez,19249,622554,RP,3.17006,27.18535,1.4373075809797449,-0.7542868246289243,-0.3409381470181059,2.8942415061100997,0.19718655099273763,0.36161492886333585,-0.09946313261381619,3.043866624407022,4.921431591770853,-1.8775649673638308,0.0,0.0,False,7,RP,RP 7
Mason Montgomery,PIT,2.46921,2.61295,0.0,3.97842,56.8448,0.0,1.61333,11.7359,2.19975,59.4838,255.817,54.1037,28.5811,26.2946,6.70424,26.1444,0.820395,2.47107,63.7902,9.65157,3.9557,2.43992,1.01436,0.249359,0.1022,0.147159032523632,0.238131,1.34908,0.302472,0.729119,,,3.89872,0.268523,0.275082,999.0,3.58335,-1.26896,0.627798,3.58335,1.26896,4.16294,312.1,5.2898305084745765,306,5.186440677966102,,,,,,,,,,,,,,,,,,,Mason Montgomery,29770,682254,RP,2.46921,13.34923,1.067743326202147,-3.538924425216737,-0.4438245448516487,1.10508910595113,0.19717992605103893,0.2686355600279356,-0.4666560490285215,0.5463967968116531,4.921431591770853,-4.3750347949592,0.0,0.0,False,7,RP,RP 7
Andrew Chafin,MIN,2.24307,2.91837,0.0,4.03709,47.5872,0.0,0.979118,7.45173,2.45958,46.9719,204.671,42.9965,22.9022,21.07,4.89974,23.3133,0.774362,1.67323,50.0386,9.58759,4.46691,2.14636,0.938808,0.244483,0.113906,0.1305767744779586,0.239289,1.41169,0.305394,0.730152,,,3.95645,0.265821,0.143666,999.0,1.73958,-1.39928,0.711979,1.73958,1.39928,4.05069,232.5,4.946808510638298,228,4.851063829787234,,,,,,,,,,,,,,,,,,,Andrew Chafin,12988,605177,RP,2.24307,8.430848000000001,0.5369123775554784,-5.73573236845725,-0.47702241887045066,0.4690918061157231,-0.1064985681584882,0.13508279910638366,-0.7563355086864666,-0.7542520109507289,4.921431591770853,-5.675683602721582,0.0,0.0,False,7,RP,RP 7
Brock Stewart,LAD,1.62138,1.36754,0.0,3.91548,33.3206,0.0,0.383907,8.06619,2.34893,33.3713,140.671,28.4816,15.7808,14.5183,4.35003,13.2246,1.01056,1.85474,38.6001,10.4102,3.56658,2.91881,1.17317,0.274399,0.0940105,0.1803885027766227,0.226778,1.24976,0.292001,0.727912,,,3.87194,0.264789,0.127239,999.0,1.76323,-0.72623,1.00137,1.76323,0.72623,3.66484,187.20000000000005,5.672727272727274,178,5.393939393939394,,,,,,,,,,,,,,,,,,,Brock Stewart,16727,592779,RP,1.62138,8.450097000000001,0.8323831749432541,1.3287929032571038,-0.5682879459720205,0.47158089948515475,-0.3590965535576911,0.20942085506079616,0.17521969155165484,-0.16607369608624828,4.921431591770853,-5.087505287857101,0.0,0.0,False,7,RP,RP 7
Jordan Romano,LAA,2.67709,3.88092,0.0,4.4055,57.12,0.0,4.91229,12.4659,2.71072,57.2638,243.807,52.34,30.4681,28.0306,8.4308,21.6643,1.61341,3.16694,60.2831,9.47453,3.40492,2.7826,1.32505,0.247257,0.0888582,0.1583989039063453,0.239021,1.29234,0.292217,0.699926,,,4.24453,0.262521,-0.0287257,740.0999755859375,3.77005,-3.44618,0.690722,3.77005,3.44618,4.07904,306.2,5.371929824561403,299,5.245614035087719,,,,,,,,,,,,,,,,,,,Jordan Romano,16122,605447,RP,2.67709,17.37819,-1.6894490351494933,-0.15799414396398673,-0.41330728098400665,1.6260750076449926,0.11973214928017349,-0.4250516735237507,-0.020833709379754567,0.7435872103442901,4.921431591770853,-4.177844381426563,0.0,0.0,False,7,RP,RP 7
Pierson Ohl,COL,1.38278,2.51119,0.0,4.6055,17.3707,1.41046,0.0,1.83754,0.635467,32.6827,138.421,34.9669,18.1787,16.7244,4.5784,7.51499,0.512047,0.833,27.2105,7.49309,2.06944,3.62082,1.26078,0.196577,0.0542907,0.1422862708568573,0.268824,1.29983,0.309189,0.673738,,,4.05741,0.261264,0.242134,999.0,1.24857,-2.70606,0.965901,1.24857,2.70606,3.71213,126.70000000000005,3.8393939393939407,135,4.090909090909091,,,,,,,,,,,,,,,,,,,Pierson Ohl,30179,701487,RP,1.38278,1.83754,-1.6904704556994206,-0.3349025419363041,-0.6033149767533336,-0.38349062546100054,-0.6106146734600174,-0.42530865464900836,-0.04416152430834569,-2.119999776190736,4.921431591770853,-7.041431367961589,0.0,0.0,False,7,RP,RP 7
Victor Vodnik,COL,3.50433,3.78308,0.0,4.36886,59.0427,0.0,16.6174,7.33027,3.7227,62.6374,277.608,62.5451,33.05,30.406,6.61863,30.5845,1.50727,2.08791,60.0688,8.63093,4.39451,1.96402,0.950992,0.21638,0.110172,0.1062081605195999,0.255353,1.4868,0.313756,0.716397,,,4.15565,0.258497,0.434521,488.0899963378906,3.37595,-2.75154,1.40406,3.37595,2.75154,3.12792,350.3,5.56031746031746,358,5.682539682539683,,,,,,,,,,,,,,,,,,,Victor Vodnik,24614,680767,RP,3.50433,23.94767,-1.5930115248075252,-12.353601927450324,-0.2918665393933383,2.4755762341301883,0.1149997325934534,-0.40078877816053515,-1.6289929860206114,0.19003110311800078,4.921431591770853,-4.731400488652852,0.0,0.0,False,7,RP,RP 7
Ryan Gusto,MIA,2.95582,3.06055,1.01769,4.66893,29.9393,3.8816,0.0,1.06734,0.0,49.5897,213.711,50.1363,27.9626,25.7256,7.35817,17.2542,0.349687,2.01454,43.4684,7.88906,3.13145,2.5193,1.33543,0.203398,0.0807361,0.1226621344685554,0.257847,1.35896,0.297865,0.690638,,,4.47665,0.255639,0.0950146,999.0,2.39659,-1.16751,0.554681,2.39659,1.16751,4.26043,186.9,3.737999999999999,192,3.84,,,,,,,,,,,,,,,,,,,Ryan Gusto,26440,687473,RP,3.97351,1.06734,-2.9145086298560847,-3.440567346053382,-0.22298983234398156,-0.4830853947028428,-0.251589207986249,-0.7332667306593977,-0.45368631007922317,-2.207800536405387,4.921431591770853,-7.129232128176239,0.0,0.0,False,7,RP,RP 7
Carlos Estévez,KCR,3.6437,4.08675,0.0,4.17236,61.6025,0.0,29.5176,1.49704,5.18599,63.1369,266.786,58.1611,31.8152,29.27,8.40698,21.9591,2.55522,2.93787,57.0193,8.12795,3.13022,2.59661,1.19839,0.213726,0.0823098,0.1314166709780693,0.240445,1.26899,0.281952,0.706726,,,4.24294,0.255595,0.0939711,108.11000061035156,2.57094,0.983588,2.07821,2.57094,-0.983588,2.22906,410.00000000000006,6.507936507936509,404,6.412698412698413,,,,,,,,,,,,,,,,,,,Carlos Estevez,14542,608032,RP,3.6437,31.01464,-0.2272432435034042,1.299943759267804,-0.27140670167333986,3.8978192303343375,0.047657200226895784,-0.05717255681497354,0.17141553358321307,3.783530422015823,4.921431591770853,-1.1379011697550299,0.0,0.0,False,7,RP,RP 7
Justin Lawrence,PIT,2.69628,3.27402,0.0,4.0364,53.3249,0.0,1.03586,12.1508,3.0601,56.8794,248.474,51.8756,27.728,25.5098,5.14672,26.8294,2.3845,4.24966,55.2735,8.7459,4.24521,2.06018,0.814364,0.222452,0.107977,0.1144752129912376,0.238624,1.38372,0.297685,0.712969,,,4.00712,0.255327,0.267466,999.0,2.08703,-1.22987,0.621617,2.08703,1.22987,4.17118,295.09999999999997,5.177192982456139,290,5.087719298245614,,,,,,,,,,,,,,,,,,,Justin Lawrence,17639,664875,RP,2.69628,13.18666,0.6545282875065511,-5.354409062831767,-0.4104901446860461,1.0840671355075489,0.009104456168677577,0.1646740080257451,-0.7060527657327837,0.14537533413713755,4.921431591770853,-4.776056257633716,0.0,0.0,False,7,RP,RP 7
Jordan Leasure,CHW,3.25453,4.36971,0.0,4.08105,60.7108,0.106242,7.01241,14.6354,4.48441,61.1971,258.318,51.3219,30.1628,27.7498,9.16342,26.0246,1.14622,2.30203,68.4667,10.0691,3.82732,2.63085,1.34763,0.265048,0.100746,0.1643020957708358,0.223148,1.26389,0.276702,0.731328,,,4.23275,0.254554,0.191704,700.5399780273438,2.65863,-2.04587,0.727932,2.65863,2.04587,4.02942,355.10000000000014,5.821311475409838,335,5.491803278688525,,,,,,,,,,,,,,,,,,,Jordan Leasure,29950,673929,RP,3.25453,21.64781,0.40065543102365775,1.5721146239408057,-0.32853775602859403,2.178180718694531,0.3004517255631579,0.10080165658736011,0.20730502007915613,2.434993680265532,4.921431591770853,-2.486437911505321,0.0,0.0,False,7,RP,RP 7
Quinn Mathews,STL,1.98524,2.66511,3.34296,4.41917,7.77617,7.77617,0.0,0.0,0.0,40.7635,182.644,37.898,21.7561,20.0156,4.58508,24.2476,0.158557,1.87659,36.0848,7.96701,5.35352,1.48818,1.01232,0.197569,0.132759,0.0648103803396225,0.242129,1.52454,0.287553,0.72478,,,4.74954,0.254326,0.352939,999.0,3.52844,-1.45472,0.711839,3.52844,1.45472,4.05088,137.10000000000002,3.343902439024391,134,3.268292682926829,,,,,,,,,,,,,,,,,,,Quinn Mathews,sa3023407,687273,SP,5.3282,0.0,-1.2645302603794437,-9.577766765696238,-0.024118213194203295,-0.6211034172977374,-0.414642273072891,-0.3181455564583788,-1.2629607927054705,-2.8529417144451337,4.8385671445016785,-7.691508858946812,0.0,0.0,False,7,SP,SP 7
Hunter Gaddis,CLE,3.02121,2.98516,0.11547,3.80947,60.8697,0.157908,4.48958,23.5228,3.1077,64.6129,268.787,57.7084,29.7272,27.349,8.92683,19.7979,1.22962,3.25746,62.7389,8.73897,2.75767,3.16897,1.24343,0.233415,0.0736564,0.1597583368420601,0.234843,1.19955,0.280247,0.734965,,,4.05968,0.251392,0.324212,747.3099975585938,1.60068,0.396244,0.813051,1.60068,-0.396244,3.91593,392.49999999999994,6.038461538461537,381,5.861538461538461,,,,,,,,,,,,,,,,,,,Hunter Gaddis,25636,683769,RP,3.13668,28.01238,2.3727116778276858,5.817265247948421,-0.3458384080720884,3.4513627246350187,0.17396392202514557,0.5969550122361429,0.7670867446094919,4.732807898310339,4.921431591770853,-0.18862369346051366,0.0,0.0,False,7,RP,RP 7
Keider Montero,DET,3.12802,3.52605,2.46951,4.48009,26.0817,5.212,0.0,0.735995,0.0,56.1377,240.902,56.1107,30.3746,27.9447,8.28632,19.3727,0.241671,2.05815,46.8661,7.51357,3.10583,2.41918,1.32846,0.194544,0.0804173,0.1141267046332359,0.255663,1.34461,0.291046,0.706121,,,4.52961,0.248683,0.195358,999.0,1.60431,-1.00705,0.523564,1.60431,1.00705,4.30191,205.4,3.667857142857143,211,3.767857142857143,,,,,,,,,,,,,,,,,,,Keider Montero,22630,672456,RP,5.59753,0.735995,-2.1215511604279103,-3.089291256703318,0.015420052523864905,-0.5259317058096179,-0.1765573266214834,-0.5337650633103261,-0.4073657074672442,-1.5856096301587768,4.921431591770853,-6.507041221929629,0.0,0.0,False,7,RP,RP 7
Kai-Wei Teng,HOU,2.32468,2.67492,0.954327,4.4619,29.1946,3.30057,0.0,0.731867,0.0,45.5123,198.74,41.5234,24.5255,22.5635,5.26789,19.964,0.350452,4.81197,46.0116,9.09874,3.94787,2.30472,1.04172,0.231516,0.100453,0.1310633942484855,0.238689,1.35101,0.295518,0.683059,,,4.25104,0.244914,0.0209516,999.0,2.21604,-0.941152,0.645758,2.21604,0.941152,4.13899,190.70000000000005,4.145652173913044,186,4.043478260869565,,,,,,,,,,,,,,,,,,,Kai-Wei Teng,24282,678906,RP,3.279007,0.731867,-1.6279986002052693,-2.795604729485856,-0.32494447592618747,-0.526465498600361,-0.19542736889307663,-0.4095912425380397,-0.36863908378812615,-1.8949839946515932,4.921431591770853,-6.816415586422446,0.0,0.0,False,7,RP,RP 7
Josh White,MIA,2.27503,2.02338,0.0,3.98641,35.8247,0.0,0.0,1.426,0.0,39.3067,167.61,34.9741,18.9243,17.4103,4.24572,16.6019,0.985722,1.65191,41.0313,9.39488,3.8013,2.47149,0.972135,0.244802,0.0990503,0.1457513347268104,0.234165,1.31214,0.295239,0.715545,,,3.84476,0.241394,0.188567,999.0,0.817793,0.487124,0.84944,0.817793,-0.487124,3.86741,177.40000000000003,4.548717948717949,172,4.410256410256411,,,,,,,,,,,,,,,,,,,Josh White,sa3019953,687985,RP,2.27503,1.426,0.6706467522254778,-0.8868283000525566,-0.4723306170943787,-0.43670697359627414,-0.3054080260320065,0.16872928300644735,-0.11694055620977643,-1.142348029365805,4.921431591770853,-6.063779621136658,0.0,0.0,False,7,RP,RP 7
Josiah Gray,WSN,4.13642,7.00631,5.1509,5.36785,16.8007,16.8007,0.0,0.0,0.0,94.9689,416.038,95.5363,61.5674,56.642,16.8024,39.802,0.826506,4.3403,81.9561,7.76681,3.77195,2.05909,1.59233,0.196992,0.0956692,0.1013226807117462,0.25689,1.42508,0.288258,0.659759,,,5.10364,0.239762,-0.17081,999.0,8.89644,-1.749,0.977308,8.89644,1.749,3.69692,276.29999999999995,2.9084210526315784,286,3.0105263157894737,,,,,,,,,,,,,,,,,,,Josiah Gray,24580,680686,SP,9.287320000000001,0.0,-12.95663277208654,-12.86821530056864,0.5570897419898392,-0.6211034172977374,0.598340020728084,-3.2597837096167535,-1.696851864770735,-4.816345000527342,4.8385671445016785,-9.65491214502902,0.0,0.0,False,7,SP,SP 7
Jason Foley,SFG,1.4917,1.42317,0.0,3.63347,24.8095,0.0,0.0477364,1.35201,1.28889,25.2456,106.35,24.945,11.0784,10.1921,2.28464,6.94851,0.628437,0.992258,21.1941,7.55567,2.47713,3.05016,0.814469,0.199286,0.0653361,0.1339496970176696,0.253482,1.26333,0.302418,0.725392,,,3.57618,0.234831,0.211802,999.0,0.585635,1.31967,1.1841,0.585635,-1.31967,3.4212,117.4,4.696000000000001,121,4.84,,,,,,,,,,,,,,,,,,,Jason Foley,19531,671345,RP,1.4917,1.3997464,1.420789134116665,0.6627349421649038,-0.5873252693237417,-0.44010183367647104,-0.7434756709121102,0.35745902161956156,0.08739075281181659,-1.3621415108140371,4.921431591770853,-6.28357310258489,0.0,0.0,False,7,RP,RP 7
Clayton Beeter,WSN,2.42149,3.22583,0.0,3.94949,57.4049,0.0,14.9992,10.8647,4.31484,61.1569,263.436,50.696,29.1713,26.8376,6.84506,32.085,0.878658,2.53595,69.1923,10.1825,4.72171,2.15653,1.00734,0.262654,0.121795,0.1408591270446777,0.221559,1.35358,0.287025,0.732393,,,4.0257,0.23312,0.327236,316.3500061035156,2.91668,-1.17988,1.23963,2.91668,1.17988,3.34715,384.7000000000001,6.306557377049181,366,6.0,,,,,,,,,,,,,,,,,,,Clayton Beeter,27494,690925,RP,2.42149,25.8639,1.2943635693451327,-3.9142265304257142,-0.4508299510079113,2.7233644510404655,0.31647525121824044,0.3256513750056049,-0.5161448135697935,2.351086825677281,4.921431591770853,-2.570344766093572,0.0,0.0,False,7,RP,RP 7
Shane Drohan,MIL,1.75921,1.68688,0.922257,4.15236,20.643,1.92345,0.0,0.957228,0.0,31.995,135.944,28.6351,16.0453,14.7616,3.94838,12.8797,0.628505,1.32427,32.2219,9.06383,3.62299,2.50176,1.11066,0.237022,0.0947424,0.14228006452322,0.235214,1.29754,0.288496,0.707741,,,4.05707,0.232927,0.189632,999.0,1.57707,-0.364751,0.965428,1.57707,0.364751,3.71276,138.20000000000002,4.3187500000000005,134,4.1875,,,,,,,,,,,,,,,,,,,Shane Drohan,sa3014447,675660,RP,2.681467,0.957228,-0.044010089438845164,-0.2546573642707623,-0.41266472728019354,-0.49732400705126883,-0.49994723069832975,-0.011072581521380577,-0.033580089650921484,-1.5420571587800176,4.921431591770853,-6.46348875055087,0.0,0.0,False,7,RP,RP 7
Kyle Hurt,LAD,1.58275,1.81084,1.31876,4.11393,18.138,3.39173,0.0,1.24789,0.0,35.4614,152.312,32.2171,17.6191,16.2095,4.66957,15.5972,0.289414,1.30486,35.8436,9.097,3.95853,2.29807,1.18512,0.23533,0.102403,0.1329270526766777,0.237923,1.34835,0.29029,0.731529,,,4.25533,0.232545,0.204543,999.0,1.78962,-0.500536,0.909015,1.78962,0.500536,3.78798,139.3,3.98,135,3.857142857142857,,,,,,,,,,,,,,,,,,,Kyle Hurt,27514,669165,RP,2.90151,1.24789,0.10262198325905021,-2.083953943970976,-0.3803619069356316,-0.45973842562128653,-0.41996872619858816,0.02581885858470213,-0.2747981016269775,-1.5965153203024565,4.921431591770853,-6.51794691207331,0.0,0.0,False,7,RP,RP 7
Tyler Alexander,TEX,3.82797,3.62558,0.520953,4.635,53.2715,2.31622,0.539779,5.57041,0.993136,72.1817,305.274,73.4691,40.406,37.1736,11.1688,19.3806,1.89511,2.37521,59.733,7.44783,2.41647,3.08211,1.39258,0.19567,0.0634859,0.1321845427155494,0.259134,1.28633,0.293018,0.679203,,,4.39578,0.23221,-0.236585,999.0,1.88787,-0.780861,0.414849,1.88787,0.780861,4.44687,293.70000000000005,4.0791666666666675,303,4.208333333333333,,,,,,,,,,,,,,,,,,,Tyler Alexander,17735,641302,RP,4.348923,6.110189,-3.9702663651460486,0.23444557554047776,-0.16787833734521748,0.1690067663935672,0.10758421451878857,-0.9988868132332033,0.03091488623333158,-0.7551751266279512,4.921431591770853,-5.676606718398804,0.0,0.0,False,7,RP,RP 7
Spencer Turnbull,,1.63127,2.53276,1.59102,4.87405,7.80084,6.11865,0.0,0.0,0.0,34.9028,154.265,36.1296,20.5456,18.902,4.72371,14.5325,0.214752,2.03561,26.8239,6.91679,3.74735,1.84578,1.21805,0.173882,0.0942051,0.0796770378947258,0.262386,1.45152,0.295866,0.683706,,,4.78156,0.23092,0.061877,999.0,1.09368,-1.09672,0.792725,1.09368,1.09672,3.94303,106.9,3.0542857142857143,113,3.2285714285714286,,,,,,,,,,,,,,,,,,,Spencer Turnbull,16207,605513,SP,3.22229,0.0,-2.846832094691864,-5.6521138650935985,-0.3332706624510145,-0.6211034172977374,-0.6191520149956499,-0.716239863360441,-0.745309254458681,-3.0638279055332287,4.8385671445016785,-7.902395050034907,0.0,0.0,False,7,SP,SP 7
Cristian Mena,ARI,1.16509,1.42441,0.905281,4.12498,13.0526,2.50262,0.0,0.715344,1.42864,23.7769,101.688,22.3884,11.8453,10.8977,2.84315,9.24826,0.134861,0.860026,21.9179,8.29632,3.50063,2.36995,1.07618,0.215542,0.0909478,0.1245937794446945,0.24447,1.33056,0.292514,0.715619,,,4.12139,0.229535,0.224813,999.0,1.45182,-1.10284,1.11135,1.45182,1.10284,3.5182,101.5,4.229166666666667,99,4.125,,,,,,,,,,,,,,,,,,,Cristian Mena,27974,691441,RP,2.0703709999999997,0.715344,0.0395921876674977,-0.9744226055486614,-0.5023750307267039,-0.5286020921762932,-0.7274918949072195,0.009961073270877195,-0.1284910748444619,-1.9983345416847538,4.921431591770853,-6.919766133455607,0.0,0.0,False,7,RP,RP 7
Brock Burke,CIN,3.37687,2.46824,0.0,4.2256,58.9609,0.0989863,0.382416,11.8401,2.38969,59.9862,255.02,58.3919,30.6132,28.1642,8.12859,19.786,2.22133,2.28237,54.6992,8.20677,2.96858,2.76455,1.21957,0.21449,0.0775859,0.1369039118289947,0.250661,1.30326,0.295451,0.712069,,,4.17668,0.226402,0.217981,999.0,1.94657,-1.57563,0.532185,1.94657,1.57563,4.29042,286.8,4.78,288,4.8,,,,,,,,,,,,,,,,,,,Brock Burke,17968,656271,RP,3.37687,12.222515999999999,-0.5707544024721538,-0.8208389537308577,-0.31057796162043877,0.9593934154401548,-0.003577890556396723,-0.1435971780707609,-0.10823894975188413,0.4254560730377351,4.921431591770853,-4.495975518733117,0.0,0.0,False,7,RP,RP 7
Kevin Kelly,TBR,2.15742,3.00001,0.0,3.94484,40.3864,0.0,0.045332,4.5959,2.11422,41.6233,173.982,39.9552,19.8306,18.2441,4.96599,10.359,0.79504,2.54384,36.1421,7.81482,2.23988,3.48895,1.07377,0.207735,0.0595407,0.1481938622891903,0.248047,1.2088,0.291647,0.703006,,,3.87949,0.226181,0.199277,999.0,1.45751,-2.67767,0.990592,1.45751,2.67767,3.67921,198.3,4.7214285714285715,198,4.714285714285714,,,,,,,,,,,,,,,,,,,Kevin Kelly,25679,687330,RP,2.15742,4.6412320000000005,0.9024747811926903,3.362414938888853,-0.48959603658386,-0.020944458536566297,-0.413376909208453,0.2270553346552957,0.4433808361082044,-0.27814313253482414,4.921431591770853,-5.199574724305677,0.0,0.0,False,7,RP,RP 7
Cade Povich,BAL,0.874062,1.48389,0.898327,4.28404,11.9703,2.93723,0.0,0.553669,0.0,23.8358,101.564,22.7853,12.3325,11.3459,3.29851,8.6024,0.469423,0.81419,23.5527,8.89311,3.24812,2.73793,1.24546,0.2319,0.0846993,0.1472009494900703,0.24727,1.31683,0.298436,0.711815,,,4.14307,0.224802,0.169824,999.0,2.1392,-1.44712,1.1108,2.1392,1.44712,3.51893,102.90000000000002,4.2875000000000005,103,4.291666666666667,,,,,,,,,,,,,,,,,,,Cade Povich,30055,700249,RP,1.772389,0.553669,-0.3815140149975435,-0.6495062873350523,-0.5461194761846974,-0.549508329929052,-0.6913903792774938,-0.09598583157799816,-0.08564637201835668,-2.1509831975381473,4.921431591770853,-7.072414789309001,0.0,0.0,False,7,RP,RP 7
Evan Sisk,PIT,1.95404,2.41213,0.0,3.92298,46.7642,0.0,0.0267423,5.57275,0.44562,47.3941,206.845,45.2312,22.4548,20.6585,4.28981,21.0371,0.767213,2.65972,46.1409,8.76204,3.99489,2.19331,0.814623,0.22307,0.101705,0.1213655471801757,0.246965,1.39824,0.308486,0.727043,,,3.86468,0.224624,0.329631,999.0,4.22806,-2.31509,0.780342,4.22806,2.31509,3.95954,225.6,4.800000000000001,227,4.829787234042553,,,,,,,,,,,,,,,,,,,Evan Sisk,24995,681895,RP,1.95404,5.5994923000000005,1.1426229248359567,-5.149771289513509,-0.5194526900637572,0.10296843870066888,-0.1925720190209678,0.2874746596692404,-0.6790684497925404,-1.2401082067543558,4.921431591770853,-6.161539798525209,0.0,0.0,False,7,RP,RP 7
Ian Hamilton,ATL,1.79189,1.66454,0.0,3.90574,38.0898,0.0878693,0.0542788,4.08036,1.06103,40.505,173.858,36.3863,19.1066,17.578,4.21376,17.6589,0.744551,1.94321,41.7483,9.27625,3.92371,2.36415,0.936275,0.240129,0.101571,0.1385580152273178,0.235883,1.33428,0.297085,0.725682,,,3.87797,0.221758,0.279829,999.0,1.26978,-2.5608,0.882766,1.26978,2.5608,3.82298,200.60000000000005,4.89268292682927,193,4.7073170731707314,,,,,,,,,,,,,,,,,,,Ian Hamilton,19261,641656,RP,1.79189,4.134638799999999,1.0541606290757826,-1.8107234424062206,-0.5432566843688281,-0.08645216154031408,-0.28957441537228473,0.2652182636050124,-0.23876888737596083,-0.9071348853613825,4.921431591770853,-5.828566477132235,0.0,0.0,False,7,RP,RP 7
Ryan Thompson,ARI,3.91877,3.42193,0.0,3.9694,61.4057,0.0,5.72284,19.1351,4.10316,62.2487,264.758,61.9815,29.8418,27.4545,6.16577,18.8105,1.69663,2.82233,51.1443,7.39451,2.71965,2.71892,0.891455,0.193174,0.0710481,0.1221256703138351,0.254936,1.29789,0.300383,0.706073,,,3.82214,0.220402,0.309666,999.0,2.35899,-1.55344,0.755894,2.35899,1.55344,3.99214,365.8,5.9,374,6.032258064516129,,,,,,,,,,,,,,,,,,,Ryan Thompson,16647,657044,RP,3.91877,24.85794,1.1796878126441075,-0.5172620444219799,-0.2310257907051261,2.593283492761416,-0.08208124137124352,0.2967998847953304,-0.06820814263294028,2.5162156829131495,4.921431591770853,-2.4052159088577034,0.0,0.0,False,7,RP,RP 7
Ryan Fernandez,STL,2.88217,2.54573,0.0,4.16812,44.2366,0.0,0.199829,4.8745,0.945087,46.6558,201.476,42.598,23.4863,21.6074,4.99335,21.5555,1.70903,1.554,47.1739,9.09993,4.15809,2.18849,0.963227,0.234141,0.106988,0.1271535828709602,0.238823,1.37504,0.297978,0.711427,,,3.99021,0.218562,0.159471,999.0,2.85124,-3.05307,0.644319,2.85124,3.05307,4.14091,216.5,4.6063829787234045,212,4.51063829787234,,,,,,,,,,,,,,,,,,,Ryan Fernandez,24862,681676,RP,2.88217,5.0743290000000005,-0.14589253479733932,-3.9870689081401345,-0.38320106357985034,0.03505943106916489,-0.16976013643869067,-0.036705378368956466,-0.525750086839785,-1.2017988002592088,4.921431591770853,-6.123230392030061,0.0,0.0,False,7,RP,RP 7
Coleman Crow,MIL,1.0467,0.72193,0.458085,3.72507,13.2472,0.626441,0.0,0.564952,0.0,16.84,69.6676,14.8785,7.57611,6.97002,1.87762,5.0464,0.35358,0.738249,17.4741,9.33888,2.697,3.46269,1.00348,0.250821,0.0724353,0.1783855929970741,0.232903,1.18319,0.29195,0.713959,,,3.53982,0.215871,0.143517,999.0,1.37435,-0.0707626,1.27539,1.37435,0.0707626,3.29948,82.20000000000002,4.835294117647059,79,4.647058823529412,,,,,,,,,,,,,,,,,,,Coleman Crow,sa3015142,689441,RP,1.504785,0.564952,0.7763220563791172,1.7916432719387514,-0.5854043611184883,-0.5480493221630747,-0.8256249479751022,0.19531633236165993,0.23625290345109903,-1.680482765592096,4.921431591770853,-6.601914357362949,0.0,0.0,False,7,RP,RP 7
Ricky Tiedemann,TOR,1.04957,1.49922,0.864978,4.23534,11.9016,3.07401,0.0,0.879836,0.0,22.5066,97.9866,19.8601,11.5125,10.5915,2.68103,10.949,0.334015,1.68332,24.1636,9.66259,4.37829,2.20693,1.0721,0.246601,0.111739,0.1348616406321525,0.232678,1.36889,0.29361,0.713219,,,4.22028,0.211268,0.121211,999.0,0.904888,-0.602971,1.07938,0.904888,0.602971,3.56082,94.3,4.1000000000000005,89,3.869565217391304,,,,,,,,,,,,,,,,,,,Ricky Tiedemann,sa3018096,694357,RP,1.914548,0.879836,-0.23854144144286124,-1.785017291911125,-0.5252502068266055,-0.5073315873955491,-0.6778997896651869,-0.06001509177285339,-0.23537917649649234,-2.08645240608299,4.921431591770853,-7.007883997853843,0.0,0.0,False,7,RP,RP 7
Brandon Williamson,CIN,3.41506,4.06712,2.54058,4.69363,31.9218,7.30107,0.0,1.27533,0.0,70.0511,302.529,68.923,39.7094,36.5327,11.7722,26.2723,0.349181,3.48468,59.6399,7.66239,3.37541,2.27006,1.51247,0.197138,0.0868425,0.1102955415844917,0.252676,1.35894,0.283824,0.704903,,,4.89143,0.20952,0.292791,999.0,3.2634,-0.962077,0.310555,3.2634,0.962077,4.58593,227.99999999999997,3.2571428571428567,231,3.3,,,,,,,,,,,,,,,,,,,Brandon Williamson,25463,682227,RP,5.95564,1.27533,-4.309435034108123,-4.858735605884272,0.06799142718059603,-0.4561901518378586,0.10552827427831422,-1.0842188992267865,-0.6406913764419514,-2.0384851368107464,4.921431591770853,-6.959916728581599,0.0,0.0,False,7,RP,RP 7
Gavin Stone,LAD,1.58512,1.0658,0.922427,4.48819,10.3013,2.58768,0.0,0.570596,0.0,23.9678,102.01,23.8289,12.9918,11.9525,3.27361,7.62693,0.267164,0.807638,20.7736,7.80057,2.86394,2.72372,1.22925,0.203643,0.0747666,0.1288767009973526,0.25465,1.31242,0.295641,0.687091,,,4.233,0.209176,0.117318,999.0,1.33269,-0.593361,1.05892,1.33269,0.593361,3.58811,97.3,4.054166666666667,100,4.166666666666667,,,,,,,,,,,,,,,,,,,Gavin Stone,27792,694813,RP,2.507547,0.570596,-0.9273944691874463,-0.547411601355485,-0.4381965847549881,-0.5473194950044133,-0.7527616308596878,-0.2333249260223548,-0.07218377800347754,-2.1545124600540393,4.921431591770853,-7.075944051824893,0.0,0.0,False,7,RP,RP 7
Keegan Akin,BAL,3.6054,3.13828,0.0,4.00771,61.3374,0.212399,2.18598,16.2198,3.01985,64.6377,273.003,58.9158,31.2861,28.7832,8.83115,23.9475,1.71133,2.04388,65.3667,9.10151,3.33439,2.72959,1.22963,0.239436,0.0877188,0.151717260479927,0.238514,1.28197,0.289819,0.731595,,,4.09503,0.207246,0.210802,999.0,1.37443,-1.74477,0.538216,1.37443,1.74477,4.28238,342.9,5.275384615384615,334,5.138461538461539,,,,,,,,,,,,,,,,,,,Keegan Akin,19362,669211,RP,3.6054,18.40578,0.9499195924950367,0.49224685561730364,-0.2770292300845901,1.7589529470441416,0.23199399467733103,0.2389920643372872,0.06490954459277895,2.125130213661704,4.921431591770853,-2.796301378109149,0.0,0.0,False,7,RP,RP 7
Grant Wolfram,BAL,2.38466,2.64486,0.0,4.32098,35.95,0.0,0.0,3.85441,0.0,39.1955,170.541,37.8711,20.4545,18.8181,4.24643,16.922,1.07027,1.68866,36.5085,8.38301,3.88561,2.15745,0.975057,0.214075,0.0992258,0.1148491129279136,0.249266,1.39794,0.302447,0.702967,,,4.10511,0.205285,-0.0200672,999.0,1.97297,-1.26029,0.75227,1.97297,1.26029,3.99697,173.60000000000002,4.4512820512820515,176,4.512820512820513,,,,,,,,,,,,,,,,,,,Grant Wolfram,21623,664991,RP,2.38466,3.85441,-0.7883048651539388,-4.247329702180786,-0.4562366800258315,-0.12268862307097922,-0.4052856470805282,-0.19833110985259572,-0.5600690660750078,-1.8273655459216351,4.921431591770853,-6.748797137692488,0.0,0.0,False,7,RP,RP 7
Gordon Graceffo,STL,3.26633,3.13231,0.0,4.34041,51.2362,0.0,0.0206649,6.93514,0.991251,61.5979,263.686,62.4215,32.2899,29.7067,6.7711,19.788,0.869828,2.22674,50.1203,7.32303,2.8912,2.53287,0.989318,0.190076,0.0750437,0.1150320842862129,0.258291,1.33462,0.301171,0.68637,,,4.00899,0.204928,0.0406147,999.0,3.1538,-1.86472,0.501227,3.1538,1.86472,4.3317,273.49999999999994,4.411290322580644,281,4.532258064516129,,,,,,,,,,,,,,,,,,,Gordon Graceffo,29519,700669,RP,3.26633,6.9558048999999995,-1.3718779480620418,-2.774021329539426,-0.32680548878961874,0.27835358595696985,-0.10469437570256178,-0.34515336394418183,-0.36579301449321977,-0.9315971592517209,4.921431591770853,-5.853028751022574,0.0,0.0,False,7,RP,RP 7
Spencer Bivens,SFG,2.99385,3.19628,0.0,4.15517,58.1427,0.066732,0.365593,8.60909,0.0,67.6081,290.5,68.8772,33.9279,31.2136,7.57176,21.3578,1.30173,3.52544,51.1478,6.8088,2.84316,2.3948,1.00795,0.176068,0.073521,0.1025471910834312,0.259311,1.33468,0.296309,0.707069,,,4.18216,0.204459,0.156626,999.0,1.33611,0.326334,0.551871,1.33611,-0.326334,4.26417,288.4000000000001,4.241176470588236,299,4.397058823529412,,,,,,,,,,,,,,,,,,,Spencer Bivens,30226,702352,RP,2.99385,8.974683,-0.11410662815410381,-3.0488818774606714,-0.3668061817791083,0.5394152562983214,-0.08200395038475962,-0.02870830208427206,-0.4020371728631424,-0.21336094581696802,4.921431591770853,-5.1347925375878205,0.0,0.0,False,7,RP,RP 7
Javier Assad,CHC,3.19178,2.70544,1.10584,4.06582,38.0521,2.99851,0.0,3.13861,0.0,57.3388,245.599,54.7458,28.1557,25.9033,6.75024,21.0935,0.58639,2.90354,47.6934,7.48603,3.31087,2.26105,1.05953,0.194192,0.0858859,0.1083062812685966,0.247046,1.32265,0.287127,0.718246,,,4.25754,0.203956,0.353518,999.0,0.9099,-0.0989191,0.637835,0.9099,0.0989191,4.14955,228.69999999999993,4.012280701754385,230,4.035087719298246,,,,,,,,,,,,,,,,,,,Javier Assad,21741,665871,RP,4.29762,3.13861,0.47235070678805524,-1.8962755723847118,-0.17540973617243333,-0.21524891367512192,-0.15828794573056598,0.11883960642389213,-0.25005011697138857,-0.5715450645366238,4.921431591770853,-5.4929766563074764,0.0,0.0,False,7,RP,RP 7
Drew Thorpe,CHW,2.36644,2.99251,2.48113,4.77168,8.63757,7.83222,0.0,0.0,0.0,42.5129,182.378,41.7132,24.4998,22.5398,6.71113,15.6291,0.290255,1.32315,32.3467,6.84782,3.30868,2.06966,1.42075,0.177361,0.0856959,0.0916651114821434,0.252156,1.34882,0.276985,0.684979,,,4.86185,0.203692,0.267794,999.0,1.51723,0.741461,0.728967,1.51723,-0.741461,4.02804,135.89999999999998,3.1604651162790693,137,3.186046511627907,,,,,,,,,,,,,,,,,,,Drew Thorpe,31967,689672,SP,4.847569999999999,0.0,-2.984012279771985,-2.518473844085214,-0.09467580667459959,-0.6211034172977374,-0.4971912549517003,-0.7507532852095018,-0.3320955500739471,-2.3220599875187853,4.8385671445016785,-7.160627132020464,0.0,0.0,False,7,SP,SP 7
Greg Weissert,BOS,3.7514,3.45362,0.0,4.12905,61.6316,0.0,1.13934,15.4034,3.83403,62.8271,268.037,60.8071,31.3305,28.824,7.84751,21.667,1.60492,2.73601,55.5527,7.95794,3.1038,2.56393,1.12416,0.207258,0.0808359,0.1264218166470527,0.249584,1.31272,0.293839,0.71542,,,4.15573,0.20209,0.279905,999.0,1.49992,0.399193,0.52585,1.49992,-0.399193,4.29887,311.20000000000005,4.939682539682541,313,4.968253968253968,,,,,,,,,,,,,,,,,,,Greg Weissert,20375,669711,RP,3.7514,16.54274,0.07624982246653206,-1.4534684204024129,-0.25559609305998104,1.5180427433459829,0.015270068576201133,0.019183836843246992,-0.19165987993970177,1.1912661852405333,4.921431591770853,-3.7301654065303196,0.0,0.0,False,7,RP,RP 7
Huascar Brazobán,NYM,2.65411,2.39417,0.0,4.03959,48.3695,0.17849,0.510998,9.46308,2.11013,52.534,226.169,47.5554,25.6299,23.5795,5.63474,22.7978,1.11036,2.94155,49.3888,8.46117,3.90566,2.16639,0.96533,0.218372,0.1008,0.1175717413425445,0.237268,1.33919,0.288301,0.715978,,,4.11911,0.201629,0.173288,999.0,1.18496,-1.08951,0.68353,1.18496,1.08951,4.08863,254.6,4.80377358490566,248,4.679245283018868,,,,,,,,,,,,,,,,,,,Huascar Brazoban,6107,623211,RP,2.65411,9.974078,0.5859592393005085,-2.6063541420409524,-0.41668079803075675,0.6686472926608908,-0.12084819187771727,0.14742259168495553,-0.3436837807632652,-0.007298352935229116,4.921431591770853,-4.928729944706082,0.0,0.0,False,7,RP,RP 7
Mitchell Parker,WSN,2.61027,3.16174,2.2439,4.627,25.5054,3.81517,0.00151718,0.579678,0.0,46.4583,199.257,47.3673,25.9616,23.8847,6.58849,15.5631,0.206806,1.13317,36.2871,7.02961,3.01493,2.3316,1.27634,0.182112,0.0781058,0.1040059924125671,0.25946,1.35456,0.291933,0.688348,,,4.49475,0.200947,0.0475602,999.0,2.43085,-0.912111,0.669042,2.43085,0.912111,4.10794,157.10000000000008,3.4152173913043495,164,3.5652173913043477,,,,,,,,,,,,,,,,,,,Mitchell Parker,27636,680730,RP,4.85417,0.58119518,-2.5140418552328985,-3.018661146632296,-0.09370691143924047,-0.5459489121866352,-0.41017485405411586,-0.6325125384921377,-0.3980521522318356,-2.1664383198831696,4.921431591770853,-7.087869911654023,0.0,0.0,False,7,RP,RP 7
Calvin Faucher,MIA,3.10775,3.71797,0.0,4.06498,61.4386,0.0779348,5.70562,13.7177,2.69519,63.1768,272.837,59.4238,31.0159,28.5347,7.03209,26.5002,1.26627,3.03109,62.3535,8.88272,3.77515,2.35295,1.00177,0.228538,0.0971282,0.1314093768596649,0.244235,1.36006,0.30124,0.721723,,,4.01052,0.198759,0.273616,999.0,0.959243,-1.16425,0.700058,0.959243,1.16425,4.06659,346.70000000000005,5.503174603174604,344,5.4603174603174605,,,,,,,,,,,,,,,,,,,Calvin Faucher,20116,676534,RP,3.10775,19.42332,0.5264106192073754,-4.452401960652019,-0.3500853988537455,1.8905313182390835,0.16545308025630753,0.13244064188948473,-0.5871106748818081,1.3870410442965573,4.921431591770853,-3.5343905474742954,0.0,0.0,False,7,RP,RP 7
Blade Tidwell,SFG,1.71272,1.86493,1.07397,4.52752,16.8315,3.32552,0.0,0.750125,0.0,33.7269,146.472,33.0648,18.4419,16.9666,4.61384,13.54,0.212715,1.72195,29.042,7.74984,3.61313,2.14491,1.2312,0.198277,0.0924407,0.1058361157774925,0.251999,1.38183,0.291643,0.701521,,,4.5489,0.195798,0.152269,999.0,1.56398,-2.23823,0.870608,1.56398,2.23823,3.83919,118.30000000000004,3.4794117647058833,119,3.5,,,,,,,,,,,,,,,,,,,Blade Tidwell,31701,694918,RP,2.78669,0.750125,-1.452342048616815,-3.1112321093615676,-0.3972177479847111,-0.5241045517075831,-0.570169404389891,-0.36539747897092684,-0.4102589118377186,-2.3458628513677042,4.921431591770853,-7.267294443138557,0.0,0.0,False,7,RP,RP 7
Jack Perkins,ATH,1.42274,1.20743,0.376398,3.89965,18.7195,0.514733,0.0688239,0.968767,0.0,24.7815,105.24,20.9779,11.6714,10.7377,2.64329,10.6082,0.385803,1.53925,25.7198,9.34075,3.85262,2.42452,0.959974,0.244393,0.1008,0.1435922011733055,0.225346,1.27458,0.283252,0.71416,,,3.91659,0.194511,0.163209,999.0,1.00998,0.70432,1.11515,1.00998,-0.70432,3.51313,110.5,4.42,103,4.12,,,,,,,,,,,,,,,,,,,Jack Perkins,31468,678022,RP,1.799138,1.0375909,0.6617047310070714,0.37165042123219305,-0.5421926612376338,-0.48693225882859253,-0.6435340087605019,0.16647954299979945,0.04900723958844524,-1.5355163077085685,4.921431591770853,-6.456947899479421,0.0,0.0,False,7,RP,RP 7
Ryan Johnson,LAA,1.06212,1.42497,0.264875,4.27925,16.9203,1.036,0.295889,1.43751,1.34479,22.1037,93.8115,21.8724,11.4236,10.5097,3.00901,7.23136,0.959852,0.386095,20.2647,8.25122,2.94441,2.80233,1.22519,0.216015,0.077084,0.1389310732483863,0.253758,1.31669,0.299798,0.710301,,,4.10512,0.193396,0.10029,999.0,1.05844,-2.75666,1.13447,1.05844,2.75666,3.48737,91.7,4.168181818181818,94,4.2727272727272725,,,,,,,,,,,,,,,,,,,Ryan Johnson,35325,696270,RP,1.326995,1.7333990000000001,-0.3420740551314077,-0.5992494584351158,-0.6115043435267433,-0.3969571261927775,-0.763999740294461,-0.08606305758717031,-0.07901931520865653,-2.0348563678991196,4.921431591770853,-6.9562879596699725,0.0,0.0,False,7,RP,RP 7
Isaac Mattson,PIT,3.27329,3.63276,0.0,4.21463,58.02,0.0,2.03689,14.2545,3.25574,62.6234,269.796,56.772,31.8762,29.3261,7.56061,27.5116,1.46681,3.27798,58.9282,8.46894,3.95386,2.14194,1.08658,0.218418,0.101972,0.1164458692073822,0.237534,1.34588,0.285255,0.711104,,,4.29765,0.193383,0.190328,999.0,2.07113,1.21108,0.513604,2.07113,-1.21108,4.31519,310.6000000000001,4.930158730158731,302,4.7936507936507935,,,,,,,,,,,,,,,,,,,Isaac Mattson,20385,676755,RP,3.27329,16.29139,-0.5195514766358672,-3.5256560608118144,-0.3257837447232402,1.4855406072138913,0.08981170425526813,-0.13071493725542885,-0.4649064319792982,0.6876674050228244,4.921431591770853,-4.2337641867480285,0.0,0.0,False,7,RP,RP 7
DJ Herz,WSN,1.14273,1.51173,0.442433,4.04168,16.4397,1.8364,0.197109,1.14919,0.0,25.4647,109.164,21.591,12.43,11.4356,3.14335,12.4711,0.277197,1.00004,28.4964,10.0715,4.40766,2.285,1.11096,0.261042,0.114241,0.1468004509806633,0.225627,1.33762,0.288004,0.729302,,,4.08877,0.193338,0.226628,999.0,1.19474,-0.85639,1.06514,1.19474,0.85639,3.57981,111.9,4.476,107,4.28,,,,,,,,,,,,,,,,,,,DJ Herz,26389,687792,RP,1.585163,1.346299,0.27807438023024367,-1.2233078707281013,-0.573604685174899,-0.4470131313518494,-0.5822179650257966,0.06996125850608259,-0.16131003353215412,-1.7852788413486733,4.921431591770853,-6.706710433119526,0.0,0.0,False,7,RP,RP 7
Emerson Hancock,SEA,3.39822,3.2137,2.67117,4.41835,31.6332,7.43807,0.0,0.635566,0.0,66.2318,283.522,65.3935,35.3425,32.5151,9.25413,21.8267,0.278668,3.56734,51.318,6.97341,2.96595,2.35116,1.25751,0.181002,0.0769841,0.104017473757267,0.253338,1.31689,0.28417,0.698555,,,4.55213,0.191603,0.0364014,739.75,2.04477,-0.497288,0.462848,2.04477,0.497288,4.38287,236.7000000000001,3.5863636363636378,241,3.6515151515151514,,,,,,,,,,,,,,,,,,,Emerson Hancock,27470,676106,RP,6.06939,0.635566,-2.04869989253619,-1.8089321449885385,0.08469018975970076,-0.5389182068225873,-0.07824540012773776,-0.5154362752312215,-0.23853268007816883,-1.2307859864806527,4.921431591770853,-6.152217578251506,0.0,0.0,False,7,RP,RP 7
Nick Mears,KCR,3.2788,3.53605,0.0,4.20608,57.8858,0.0,0.217053,13.6566,3.4182,58.7794,249.78,54.1135,29.8588,27.4701,7.42488,22.4622,1.08218,2.1559,57.0331,8.73261,3.4393,2.53907,1.13686,0.228334,0.0899281,0.1384054943919181,0.240332,1.30276,0.290526,0.705897,,,4.09315,0.190837,0.08476,999.0,1.38687,0.233806,0.52793,1.38687,-0.233806,4.29609,308.1,5.222033898305085,302,5.11864406779661,,,,,,,,,,,,,,,,,,,Nick Mears,25376,683232,RP,3.2788,13.873653,-0.43177825007537046,-0.7749052494894969,-0.32497486400402376,1.1729023851904374,0.04796194754503261,-0.10863190541255516,-0.10218195661979564,0.7585052760156878,4.921431591770853,-4.162926315755165,0.0,0.0,False,7,RP,RP 7
Kendry Rojas,MIN,1.49518,1.71644,0.648283,4.20729,24.9684,1.06164,0.0,0.944526,0.0,31.4957,136.396,30.8943,16.0038,14.7235,3.48131,12.5965,0.700823,1.25293,29.375,8.394,3.59948,2.33201,0.994795,0.215365,0.092352,0.123013250529766,0.252102,1.38085,0.30564,0.711785,,,4.0259,0.189841,0.0632088,999.0,1.75904,0.0108786,0.949726,1.75904,-0.0108786,3.7337,131.89999999999998,4.2548387096774185,136,4.387096774193548,,,,,,,,,,,,,,,,,,,Kendry Rojas,sa3016746,696070,RP,2.143463,0.944526,-0.2355863714311316,-2.874545134798018,-0.4916449564020276,-0.49896650608906407,-0.5628157191044135,-0.059271620127522344,-0.3790484661951628,-2.1002638343079822,4.921431591770853,-7.021695426078836,0.0,0.0,False,7,RP,RP 7
Jake Bird,NYY,2.97494,2.68041,0.0,4.04928,49.535,0.0610913,0.215457,9.19501,3.60973,53.2873,229.211,48.2325,26.0598,23.975,5.81892,22.0737,1.84062,3.83923,53.7327,9.07523,3.72816,2.43424,0.982792,0.234424,0.0963029,0.1381212025880813,0.23725,1.31938,0.295057,0.711818,,,3.99687,0.187851,0.173286,999.0,2.89264,-2.8229,0.629664,2.89264,2.8229,4.16045,259.6,4.89811320754717,253,4.773584905660377,,,,,,,,,,,,,,,,,,,Jake Bird,21267,656234,RP,2.97494,9.410467,0.5369746473213125,-1.587912809098461,-0.36958221343072034,0.5957666025970582,-0.02492124439547777,0.1350984656743754,-0.20938822892503228,0.03649029473170064,4.921431591770853,-4.884941297039152,0.0,0.0,False,7,RP,RP 7
Kirby Yates,LAA,3.10649,3.42046,0.0,3.9912,55.6564,0.0,10.8192,9.57448,2.08519,56.0794,237.508,45.7715,27.0319,24.8694,8.04572,25.9093,0.997433,2.76593,66.2481,10.6319,4.1581,2.55692,1.29123,0.27893,0.109088,0.1698421016335487,0.219178,1.2782,0.280408,0.739014,,,4.17159,0.187847,0.224197,280.54998779296875,1.44364,1.18596,0.950836,1.44364,-1.18596,3.73222,336.4000000000001,6.007142857142859,316,5.642857142857143,,,,,,,,,,,,,,,,,,,Kirby Yates,9073,489446,RP,3.10649,20.39368,0.9269310401726298,0.6381261736557005,-0.350270369762314,2.01600883093905,0.2514580733879012,0.23320833104126465,0.08414574689924782,2.2880583709246514,4.921431591770853,-2.6333732208462015,0.0,0.0,False,7,RP,RP 7
Jalen Beeks,TEX,3.0784,2.75199,0.0,4.05539,50.2851,0.162365,0.684186,9.64755,2.91933,51.8806,222.157,49.3603,25.4102,23.3773,5.98089,19.7819,1.19597,2.04221,46.487,8.06434,3.43167,2.34998,1.03754,0.209253,0.0890446,0.1202082782983779,0.246392,1.33272,0.293372,0.719645,,,4.1037,0.1873,0.148682,999.0,1.17787,-0.610243,0.681553,1.17787,0.610243,4.09126,254.6,4.896153846153846,253,4.865384615384615,,,,,,,,,,,,,,,,,,,Jalen Beeks,17192,656222,RP,3.0784,10.331736000000001,0.4875974875405233,-2.237966337639808,-0.3543940466049255,0.714896144877846,-0.18492904461465018,0.12267557278917098,-0.29510676225245003,0.05733587079910563,4.921431591770853,-4.864095720971747,0.0,0.0,False,7,RP,RP 7
PJ Poulin,WSN,3.62518,3.40018,0.0,3.99606,56.6742,0.0,2.433,12.2632,2.51356,57.6361,249.031,53.4106,27.8161,25.5908,6.30697,24.9007,1.00776,2.95637,55.4289,8.65534,3.88829,2.226,0.984846,0.222578,0.0999903,0.1225880831480026,0.241487,1.35872,0.295435,0.726743,,,4.08426,0.186973,0.267598,999.0,2.69,-2.9103,0.608236,2.69,2.9103,4.18902,301.6,5.2,296,5.103448275862069,,,,,,,,,,,,,,,,,,,PJ Poulin,23394,676571,RP,3.62518,14.6962,0.9216076838285269,-3.984883154644363,-0.2741254804246807,1.2792661590875676,0.012536175968567088,0.23186901776471824,-0.5254618650616597,0.6752854491728308,4.921431591770853,-4.246146142598022,0.0,0.0,False,7,RP,RP 7
Cooper Criswell,SEA,2.75934,2.57823,1.38317,4.01675,38.572,3.81855,0.0655436,3.38063,0.0763597,61.0046,259.263,59.3835,29.5942,27.2267,7.30251,18.9252,0.519248,3.43124,49.1311,7.24831,2.79203,2.59607,1.07734,0.189503,0.072996,0.1165067926049232,0.250662,1.28365,0.28858,0.715493,,,4.17997,0.184873,0.154634,999.0,2.4751,-0.419466,0.697517,2.4751,0.419466,4.06998,255.9000000000001,4.195081967213116,258,4.229508196721311,,,,,,,,,,,,,,,,,,,Cooper Criswell,24975,681867,RP,4.14251,3.4461736,0.8352060933839376,0.3616702902205921,-0.19818024222645472,-0.17547778180133555,-0.12653901679683904,0.21013107844278023,0.04769122151428829,-0.2538076758756815,4.921431591770853,-5.175239267646535,0.0,0.0,False,7,RP,RP 7
Ryan Brasier,TEX,1.93411,1.49276,0.228539,4.03728,38.2177,0.312531,0.0,2.33242,0.806284,40.0729,167.175,37.6402,19.5394,17.9762,4.91898,11.7012,0.472448,1.221,35.2304,7.91241,2.62799,3.01083,1.10476,0.21074,0.0699941,0.1407460048794746,0.244017,1.23129,0.286769,0.701971,,,3.93998,0.184062,0.0338165,999.0,1.1574,-0.329149,0.976952,1.1574,0.329149,3.6974,174.7,4.3675,174,4.35,,,,,,,,,,,,,,,,,,,Ryan Brasier,5615,518489,RP,2.162649,2.33242,0.45719611585954617,2.335848627201568,-0.4888284073133005,-0.31949755950098635,-0.43351010703058457,0.11502683427053702,0.308013893637137,-0.8273518221549703,4.921431591770853,-5.748783413925823,0.0,0.0,False,7,RP,RP 7
JT Brubaker,SFG,2.56461,2.57764,0.218037,4.25551,47.0735,0.29817,0.223963,5.6891,0.0,55.5723,238.791,53.5337,28.5614,26.2765,6.71496,20.7222,1.02878,2.81953,47.5241,7.69659,3.35598,2.29339,1.0875,0.19902,0.0867796,0.1122402995824813,0.248706,1.3362,0.290782,0.704565,,,4.26648,0.183263,0.0268085,999.0,2.23399,-0.488546,0.62591,2.23399,0.488546,4.16545,235.9000000000001,4.212500000000001,237,4.232142857142857,,,,,,,,,,,,,,,,,,,JT Brubaker,17578,664141,RP,2.782647,5.913063,-0.713433214981163,-2.5909203283157987,-0.39781126971752273,0.1435163502918178,-0.16202662116249195,-0.17949400997961423,-0.3416486193218108,-0.9571837276557127,4.921431591770853,-5.878615319426565,0.0,0.0,False,7,RP,RP 7
Ryan Yarbrough,NYY,2.84922,2.48148,1.15162,4.27514,41.9161,2.60408,0.173224,4.22123,0.958698,63.2375,267.545,60.6602,32.6509,30.0388,9.11874,18.6832,0.710898,4.18001,51.2178,7.28935,2.659,2.74139,1.29778,0.191437,0.069832,0.1216046810150146,0.247915,1.25469,0.279593,0.701329,,,4.47449,0.180237,0.167,999.0,1.48179,1.04382,0.640945,1.48179,-1.04382,4.14541,245.9000000000001,3.903174603174604,247,3.920634920634921,,,,,,,,,,,,,,,,,,,Ryan Yarbrough,16502,642232,RP,4.00084,4.3944540000000005,-0.949767589651159,2.206475603279492,-0.2189777252557448,-0.05285538811844547,-0.08045813065507966,-0.23895382165471588,0.2909542741199299,-0.2115082519177261,4.921431591770853,-5.132939843688579,0.0,0.0,False,7,RP,RP 7
Eric Orze,MIN,2.37438,3.02425,0.0,4.30731,54.5112,0.0,1.10401,6.37352,1.33389,58.6666,255.396,54.3448,30.5188,28.0773,7.19898,26.3494,1.15201,4.05592,56.9027,8.72941,4.04224,2.15955,1.10439,0.222802,0.103171,0.1196311563253402,0.241542,1.37547,0.293033,0.710543,,,4.34532,0.179535,-0.0374638,999.0,1.99353,-1.18584,0.549388,1.99353,1.18584,4.26748,263.1,4.459322033898306,257,4.3559322033898304,,,,,,,,,,,,,,,,,,,Eric Orze,27626,679358,RP,2.37438,7.47753,-1.0908658619494602,-5.0388699811447655,-0.4577458077560574,0.345817999021339,0.04508230622002892,-0.27445300246687687,-0.6644445810185465,-0.9874027911404474,4.921431591770853,-5.908834382911301,0.0,0.0,False,7,RP,RP 7
Robert Stephenson,LAA,1.58678,1.66915,0.0,4.00117,31.8121,0.0,4.86629,4.51406,2.07764,32.1848,133.157,27.9286,15.5528,14.3085,4.80179,10.4675,1.22859,1.33756,35.3224,9.87738,2.92707,3.37449,1.34275,0.26527,0.0786103,0.1866592690348625,0.230146,1.19299,0.284717,0.72121,,,3.98006,0.178053,0.0696855,594.1900024414062,2.45983,-0.257615,1.14093,2.45983,0.257615,3.47876,184.5,5.765625,177,5.53125,,,,,,,,,,,,,,,,,,,Robert Stephenson,13594,596112,RP,1.58678,9.38035,0.4963972574911295,3.108805100872595,-0.573367305842236,0.5918721652233154,-0.43147845824300524,0.12488952353069081,0.4099388772576189,-0.04576588065901477,4.921431591770853,-4.967197472429867,0.0,0.0,False,7,RP,RP 7
Jason Alexander,HOU,2.40327,2.38497,2.15467,4.62239,20.3838,6.0925,0.132049,0.874369,0.0,48.4003,209.687,49.6209,27.0199,24.8584,7.00425,16.8528,0.533311,2.36887,37.5913,6.99006,3.13376,2.23057,1.30243,0.179273,0.0803709,0.0989019200205802,0.260524,1.37341,0.292154,0.696229,,,4.6545,0.176574,0.0816238,999.0,1.89432,-0.418688,0.64564,1.89432,0.418688,4.13915,162.10000000000002,3.3770833333333337,172,3.5833333333333335,,,,,,,,,,,,,,,,,,,Jason Alexander,19666,669920,RP,4.55794,1.006418,-2.5944285373297986,-4.057594933205622,-0.1371941592529386,-0.49096323491545185,-0.38137402417627886,-0.6527371756628504,-0.5350499170300642,-2.2263099690663646,4.921431591770853,-7.1477415608372175,0.0,0.0,False,7,RP,RP 7
Bryan Hudson,NYM,1.4519,1.18521,0.0,3.91053,30.5502,0.0,0.0,3.67521,0.515696,33.4599,143.255,29.8988,15.8027,14.5384,3.50271,14.3127,1.39687,1.67519,32.2518,8.67504,3.8498,2.25337,0.942155,0.225135,0.0999104,0.1252250149846077,0.23493,1.32133,0.288442,0.72273,,,4.00171,0.174473,0.127244,999.0,2.31363,-0.89023,1.00853,2.31363,0.89023,3.6553,149.00000000000006,4.5151515151515165,145,4.393939393939394,,,,,,,,,,,,,,,,,,,Bryan Hudson,19924,663542,RP,1.4519,3.67521,0.8530388700854888,-1.062250224183886,-0.5931680011975735,-0.14586102328928377,-0.49928694484236635,0.2146176604129188,-0.14007235903800255,-1.311623433732343,4.921431591770853,-6.233055025503196,0.0,0.0,False,7,RP,RP 7
Tanner Houck,BOS,1.10126,1.45998,0.661535,4.88456,6.97622,2.71772,0.0,0.0,0.0,20.8119,90.805,21.5846,12.2774,11.2952,2.61926,7.12334,0.22721,1.53442,16.9423,7.32661,3.08045,2.37842,1.13268,0.186579,0.0784466,0.1081322655081749,0.262755,1.3794,0.30303,0.656145,,,4.3911,0.171966,0.0951927,999.0,1.74089,-0.118089,1.07686,1.74089,0.118089,3.56419,68.3,3.2523809523809524,73,3.4761904761904763,,,,,,,,,,,,,,,,,,,Tanner Houck,19879,656557,SP,1.762795,0.0,-1.721797610263861,-1.8693101353169719,-0.5475278975313693,-0.6211034172977374,-0.837368761292871,-0.4331903126317686,-0.24649435176976572,-2.8517592501554136,4.8385671445016785,-7.690326394657092,0.2,0.0,False,7,SP,SP 7
Tim Herrin,CLE,3.56347,3.17239,0.0,3.83595,53.1056,0.0,0.178742,12.3047,2.50239,51.5949,223.132,45.1204,23.9029,21.9906,5.16423,24.7128,1.30976,3.15753,52.8295,9.21535,4.3108,2.13774,0.900826,0.236763,0.110754,0.1260092929005623,0.231077,1.35349,0.291081,0.733673,,,4.009,0.171913,0.259342,999.0,1.3364,-1.11075,0.655805,1.3364,1.11075,4.12559,276.3,5.313461538461539,265,5.096153846153846,,,,,,,,,,,,,,,,,,,Tim Herrin,25139,682120,RP,3.56347,12.483442,1.7428764705863955,-3.297399616309227,-0.2831846508752877,0.9931338267089124,-0.04486673553614827,0.4384935829108126,-0.4348076681295018,0.7065473178798797,4.921431591770853,-4.2148842738909735,0.0,0.0,False,7,RP,RP 7
Colin Selby,BAL,1.69547,2.08155,0.0,3.96965,37.587,0.0,0.0,1.45532,1.1448,40.1759,171.823,36.5004,19.2614,17.7205,4.39698,16.539,0.69212,1.87154,40.675,9.1118,3.70499,2.45933,0.984989,0.236726,0.0962564,0.1404698267579078,0.237923,1.32018,0.29632,0.720465,,,3.9078,0.171908,0.137802,999.0,1.42179,-1.23238,0.893993,1.42179,1.23238,3.80801,179.60000000000002,4.49,177,4.425,,,,,,,,,,,,,,,,,,,Colin Selby,24986,681882,RP,1.69547,1.45532,0.7602757614537864,-1.2293245344961972,-0.5574113629435733,-0.4329155965069846,-0.3132762484560776,0.1912792147156316,-0.1621034137248325,-1.3065239556356198,4.921431591770853,-6.227955547406473,0.0,0.0,False,7,RP,RP 7
Matt Festa,CLE,3.54338,3.31184,0.0,4.19933,55.8925,0.0,0.970581,12.0188,1.90888,57.3257,242.267,51.7584,29.0737,26.7478,7.29287,20.4662,1.43504,3.22424,55.874,8.77208,3.21314,2.73007,1.14496,0.23063,0.0844778,0.1461523994803428,0.236798,1.2599,0.286119,0.695819,,,4.0794,0.170056,0.00268939,999.0,1.46044,0.124551,0.593113,1.46044,-0.124551,4.20918,296.49999999999994,5.201754385964911,290,5.087719298245614,,,,,,,,,,,,,,,,,,,Matt Festa,19330,670036,RP,3.54338,12.989381,-0.37817524813703873,1.7015309171127675,-0.2861339092507973,1.0585569349346309,0.022365381135432155,-0.09514582491781641,0.22437034524439914,0.9819364608687801,4.921431591770853,-3.9394951309020727,0.0,0.0,False,7,RP,RP 7
Ryne Stanek,STL,3.29675,4.08195,0.0,4.24162,56.7591,0.0,2.9224,12.1045,3.99963,56.2069,243.05,50.7649,28.7933,26.4898,7.28355,26.281,0.936991,2.05323,57.2918,9.17372,4.20819,2.17997,1.16626,0.235721,0.10813,0.1275902092456817,0.236429,1.37076,0.289605,0.721816,,,4.29345,0.1677,0.0267848,999.0,2.86809,-1.75127,0.563773,2.86809,1.75127,4.2483,288.70000000000005,5.155357142857143,282,5.035714285714286,,,,,,,,,,,,,,,,,,,Ryne Stanek,15947,592773,RP,3.29675,15.0269,-0.6348193985335245,-4.562552254659486,-0.3223397625684639,1.322029065070789,0.05367485560314992,-0.1597154114259142,-0.6016355120426655,0.21862973156819823,4.921431591770853,-4.702801860202655,0.0,0.0,False,7,RP,RP 7
Félix Bautista,BAL,0.609155,0.403758,0.0,3.21415,9.75051,0.0,0.0599373,0.544661,0.165017,10.0201,41.3041,7.05559,3.88963,3.57846,0.918153,4.80243,0.150416,0.287588,13.8232,12.4159,4.31351,2.87838,0.824679,0.334669,0.11627,0.2183990702033043,0.19483,1.18342,0.285825,0.753682,,,3.09119,0.166207,0.113679,999.0,0.70093,0.0438713,1.35935,0.70093,-0.0438713,3.18753,60.5,6.05,54,5.4,,,,,,,,,,,,,,,,,,,Felix Bautista,20666,642585,RP,0.609155,0.6045982999999999,1.0307515225133246,1.0637101210898736,-0.7168849125797937,-0.5429226484422323,-0.9062482801335102,0.2593287222734574,0.14026486660252596,-1.8992779973857046,4.921431591770853,-6.820709589156557,0.0,0.0,False,7,RP,RP 7
Brent Headrick,NYY,1.95927,1.74854,0.0,3.97175,42.5453,0.0,0.213456,5.40755,0.784419,47.9956,200.86,43.2128,23.0225,21.1807,6.95092,15.9873,1.10665,1.99246,49.7115,9.32176,2.9979,3.10943,1.30342,0.247493,0.0795944,0.1678991019725799,0.236291,1.23345,0.287297,0.731322,,,4.07019,0.165599,0.213085,999.0,1.11024,0.28954,0.868895,1.11024,-0.28954,3.84147,223.3,4.652083333333334,215,4.479166666666667,,,,,,,,,,,,,,,,,,,Brent Headrick,27702,687396,RP,1.95927,5.6210059999999995,0.8971108551751517,2.6941116545524757,-0.5186849139908893,0.10575038103647531,-0.11372196292389272,0.22570581437798787,0.3552558204964065,0.09223227765292204,4.921431591770853,-4.829199314117931,0.0,0.0,False,7,RP,RP 7
Evan Phillips,LAD,1.17256,0.773529,0.0,3.46782,19.3202,0.0,0.555909,3.09508,1.31098,19.3704,79.8077,16.6484,8.11271,7.46369,2.19867,6.05634,0.306757,0.734996,20.5886,9.56598,2.81393,3.39951,1.02156,0.257977,0.0758866,0.1820907369256019,0.228009,1.17213,0.287676,0.743482,,,3.53675,0.165268,0.198208,999.0,0.649312,3.21392,1.27688,0.649312,-3.21392,3.2975,109.8,5.778947368421052,107,5.631578947368421,,,,,,,,,,,,,,,,,,,Evan Phillips,17734,623465,RP,1.17256,3.650989,1.4466273496963218,2.274958918928886,-0.634175758022603,-0.14899304731655805,-0.7568470115738418,0.3639597070764797,0.299984744869065,-0.9533440037879831,4.921431591770853,-5.874775595558836,0.0,0.0,False,7,RP,RP 7
Jaden Hill,COL,2.09957,2.67202,0.0,4.46697,42.6083,0.0,0.147855,3.08557,2.59419,44.4962,194.166,43.7513,24.0052,22.0848,5.55594,17.4781,0.634039,3.453,43.256,8.74916,3.53521,2.47487,1.12377,0.222778,0.0900163,0.1327619329094886,0.252555,1.37606,0.30698,0.696416,,,4.22531,0.16517,0.21784,999.0,2.50667,-2.44366,0.673955,2.50667,2.44366,4.10139,175.4,3.986363636363636,180,4.090909090909091,,,,,,,,,,,,,,,,,,,Jaden Hill,30250,677955,RP,2.09957,3.233425,-1.6167011039752717,-3.8479479372422123,-0.49808855012409037,-0.20298836051274166,-0.256279666708878,-0.406748884124568,-0.5074050659194075,-1.9767825287057,4.921431591770853,-6.898214120476553,0.0,0.0,False,7,RP,RP 7
Luke Little,CHC,1.06439,0.617144,0.0,3.5838,19.4801,0.0,0.0,1.13392,0.0,19.9356,87.0665,15.5524,8.62866,7.93837,1.46546,11.9291,0.34282,1.57232,22.2372,10.0391,5.3854,1.86412,0.661588,0.255405,0.137011,0.1183942854404449,0.21141,1.37851,0.282517,0.741366,,,3.89161,0.161414,0.148822,999.0,1.60497,0.0769015,1.17242,1.60497,-0.0769015,3.43678,100.1,5.005,93,4.65,,,,,,,,,,,,,,,,,,,Luke Little,28036,681432,RP,1.06439,1.13392,1.23193740493774,-1.7729299256495146,-0.6500553637209041,-0.47447591698780534,-0.7204407486259793,0.3099454584014481,-0.23378529035905152,-1.9281158192816386,4.921431591770853,-6.849547411052491,0.0,0.0,False,7,RP,RP 7
Philip Abner,ARI,1.02332,1.27237,0.0,4.1595,25.7723,0.0,0.0135177,1.11143,0.604324,26.1853,112.152,25.304,13.1543,12.102,2.82603,9.76447,0.29648,0.884213,24.2946,8.35013,3.35609,2.48806,0.971317,0.216622,0.0870646,0.1295571327209472,0.249292,1.33924,0.302193,0.704362,,,3.90256,0.159946,0.0875218,999.0,2.93846,-3.44632,1.08423,2.93846,3.44632,3.55436,109.5,4.211538461538462,110,4.230769230769231,,,,,,,,,,,,,,,,,,,Philip Abner,33821,691769,RP,1.02332,1.1249476999999999,-0.05685209923372217,-1.3004058349941887,-0.6560845345263883,-0.47563612751503015,-0.6750068984567859,-0.014303527019679003,-0.1714764646478316,-2.2362911103855847,4.921431591770853,-7.157722702156438,0.0,0.0,False,7,RP,RP 7
Kohl Drake,ARI,1.42571,1.5686,1.36417,4.45535,5.01199,4.06708,0.0,0.0,0.0,23.0503,99.927,22.7374,12.403,11.4108,3.09661,9.11271,0.197528,1.00047,20.0927,7.84521,3.55806,2.20492,1.20907,0.201074,0.0911936,0.1098806411027908,0.253161,1.38176,0.294798,0.706784,,,4.45442,0.158931,0.246193,999.0,2.34499,-1.78001,1.04981,2.34499,1.78001,3.60026,83.50000000000001,3.630434782608696,86,3.739130434782609,,,,,,,,,,,,,,,,,,,Kohl Drake,sa3021723,684442,SP,2.78988,0.0,-0.8077413122235411,-2.1248821270089193,-0.39674944862095424,-0.6211034172977374,-0.7677980402016745,-0.20322116227939724,-0.28019504767485276,-2.4772650479738045,4.8385671445016785,-7.315832192475483,0.0,0.0,False,7,SP,SP 7
Carlos Rodriguez,MIL,1.44286,2.11963,0.683423,4.37692,20.6166,1.81232,0.0,0.591039,0.0,30.6191,131.352,28.2266,16.1856,14.8908,4.20814,12.6758,0.427366,1.34793,28.2932,8.31634,3.72587,2.23205,1.23692,0.2154,0.096503,0.1188968122005462,0.240579,1.33585,0.283147,0.705972,,,4.44774,0.158456,0.13255,999.0,1.79221,-0.178067,0.968882,1.79221,0.178067,3.70816,125.4,4.04516129032258,121,3.903225806451613,,,,,,,,,,,,,,,,,,,Carlos Rodriguez,30161,692230,RP,2.126283,0.591039,-0.8061193551972787,-1.416591799416877,-0.49416702006012886,-0.5446760051737057,-0.5867052588696676,-0.20281309104785789,-0.18679718829022454,-2.1329735296401697,4.921431591770853,-7.054405121411023,0.0,0.0,False,7,RP,RP 7
Dauri Moreta,,1.41929,1.38505,0.0,3.90907,27.4041,0.0,0.0338786,1.69813,1.50096,28.3172,119.38,23.7294,13.3688,12.2993,3.61403,11.9434,0.854952,1.30357,31.6878,10.0713,3.79595,2.65316,1.14864,0.265437,0.100046,0.1653913483023643,0.223583,1.25976,0.283992,0.728575,,,3.95965,0.155162,0.167125,999.0,0.945058,1.5066,1.0693,0.945058,-1.5066,3.57426,128.60000000000005,4.592857142857144,121,4.321428571428571,,,,,,,,,,,,,,,,,,,Dauri Moreta,21101,664294,RP,1.41929,1.7320086,0.726514565255268,0.8445218016712671,-0.5979552244740975,-0.39713691919089994,-0.5117418352357878,0.18278517160111166,0.11136186025284277,-1.2679432434319933,4.921431591770853,-6.189374835202846,0.0,0.0,False,7,RP,RP 7
Scott Barlow,ATH,3.13328,3.06805,0.0,4.29716,54.7272,0.0867954,4.81688,11.9664,3.36163,54.9244,240.198,47.8919,28.5047,26.2243,6.42965,29.0759,1.44713,3.40035,58.3936,9.56847,4.76442,2.00832,1.05357,0.243106,0.12105,0.1220564618706703,0.230558,1.40134,0.290152,0.713046,,,4.30451,0.154843,-0.0265056,999.0,1.9128,-1.11445,0.648008,1.9128,1.11445,4.13599,301.4,5.4799999999999995,290,5.2727272727272725,,,,,,,,,,,,,,,,,,,Scott Barlow,14993,605130,RP,3.13328,16.78328,-0.9592649856657265,-6.138339828665512,-0.3463375359206067,1.5491470354693704,0.0780060581483124,-0.24134328945523612,-0.8094248613020395,0.2339143079131928,4.921431591770853,-4.68751728385766,0.0,0.0,False,7,RP,RP 7
Ronel Blanco,HOU,1.07163,1.12102,0.905321,4.08858,9.98806,2.08279,0.0,0.449492,0.380024,19.2906,81.1783,16.9577,9.52549,8.76345,2.76282,7.79839,0.0691615,0.286629,19.6749,9.17931,3.63833,2.52294,1.28899,0.242366,0.096065,0.1463014408946037,0.232001,1.28333,0.280224,0.729151,,,4.21452,0.154607,0.0782751,999.0,0.765089,-0.114812,1.18019,0.765089,0.114812,3.42641,75.49999999999999,3.973684210526315,72,3.789473684210526,,,,,,,,,,,,,,,,,,,Ronel Blanco,19407,669854,RP,1.9769510000000001,0.449492,0.11015962427476352,0.12070035876851128,-0.5160893023762858,-0.5629794858305157,-0.7770243756739643,0.027715267923777993,0.01591600886921616,-1.9009910303723694,4.921431591770853,-6.822422622143222,0.37,0.0,False,7,RP,RP 7
Yaramil Hiraldo,BAL,0.904567,1.05794,0.0,4.19419,30.4814,0.0,0.0,2.63786,1.00277,32.7769,138.204,29.8343,16.603,15.2747,4.7864,12.0971,0.355347,0.891701,33.4385,9.18166,3.32168,2.76417,1.31427,0.24195,0.0875311,0.1544193178415298,0.238265,1.2793,0.28794,0.718936,,,4.18199,0.151572,-0.0250025,999.0,2.00751,-1.33231,1.03241,2.00751,1.33231,3.62345,143.70000000000005,4.354545454545456,139,4.212121212121212,,,,,,,,,,,,,,,,,,,Yaramil Hiraldo,25215,682274,RP,0.904567,2.63786,-0.19743877982585223,0.33706598396729726,-0.6735177490543567,-0.28000103091460843,-0.4730808837964921,-0.049673995508269,0.04444680401177349,-1.5573478220440258,4.921431591770853,-6.478779413814879,0.0,0.0,False,7,RP,RP 7
Mason Fluharty,TOR,2.43239,1.69635,0.0,4.00445,39.9364,0.0,0.242473,3.31451,1.68793,40.4204,171.637,35.4818,19.5485,17.9846,4.98394,16.7627,1.63179,1.76935,41.4754,9.2349,3.73238,2.47427,1.10972,0.241646,0.0976635,0.1439820602536201,0.231748,1.29253,0.285973,0.722293,,,4.06132,0.150506,0.0506361,999.0,1.68009,-1.6503,0.844345,1.68009,1.6503,3.87421,180.5,4.5125,172,4.3,,,,,,,,,,,,,,,,,,,Mason Fluharty,31553,689254,RP,2.43239,3.556983,0.6086449201702159,-0.11912199114767943,-0.44922980584648503,-0.16114898847125636,-0.295600904004137,0.15313012498017659,-0.01570787930516068,-0.8233434631144311,4.921431591770853,-5.744775054885284,0.0,0.0,False,7,RP,RP 7
Austin Gomber,TEX,0.77394,1.89736,0.775587,5.08737,6.35724,4.33885,0.0,0.0,0.0,24.009,102.36,25.3428,14.7515,13.5714,4.23419,6.69168,0.205992,0.459133,17.0673,6.39784,2.50844,2.55053,1.58722,0.166738,0.065374,0.1013642102479934,0.266181,1.33427,0.285609,0.662014,,,4.89957,0.148617,-0.0615985,999.0,7.23917,-2.20761,1.07988,7.23917,2.20761,3.56017,76.40000000000003,3.183333333333335,81,3.375,,,,,,,,,,,,,,,,,,,Austin Gomber,16561,596295,SP,1.5495269999999999,0.0,-2.527342610949747,-1.072930866034592,-0.5788361322366044,-0.6211034172977374,-0.8346083689184425,-0.6358589007433535,-0.14148074913857211,-3.4502780871891052,4.8385671445016785,-8.288845231690784,0.0,0.0,False,7,SP,SP 7
Hayden Wesneski,HOU,1.46606,1.43764,0.903247,4.20283,14.6014,2.04774,0.0,0.537285,0.0573863,24.0229,100.051,22.1193,12.1938,11.2183,3.7465,7.17324,0.171297,0.851967,23.1439,8.67068,2.6874,3.22642,1.40359,0.231321,0.0716957,0.1596250236034393,0.240359,1.21936,0.28207,0.711043,,,4.23793,0.142998,0.135091,999.0,1.07961,-1.66981,1.1303,1.07961,1.66981,3.49293,97.20000000000005,4.050000000000002,94,3.9166666666666665,,,,,,,,,,,,,,,,,,,Hayden Wesneski,27581,669713,RP,2.369307,0.537285,-0.16784865877732186,1.6869343092314415,-0.45849053586650834,-0.5516269493775827,-0.7004179664988248,-0.042229361068417265,0.2224455809531411,-1.6215644435298493,4.921431591770853,-6.542996035300702,0.0,0.0,False,7,RP,RP 7
Justin Bruihl,STL,2.14869,2.83247,0.0,4.13889,46.805,0.0,0.162999,8.58687,2.15256,47.3959,205.09,45.4941,23.6916,21.7963,5.01728,18.308,3.95599,3.36629,42.5977,8.08888,3.47651,2.32673,0.952731,0.207702,0.089268,0.1184341460466384,0.248038,1.34615,0.29806,0.706446,,,4.08569,0.141892,0.0571282,999.0,2.705,-2.31332,0.756252,2.705,2.31332,3.99166,228.3,4.857446808510638,229,4.872340425531915,,,,,,,,,,,,,,,,,,,Justin Bruihl,23779,677865,RP,2.14869,8.749868999999999,0.005650918642457027,-2.6812500437956173,-0.4908776207360849,0.5103444974664132,-0.27081699710956814,0.0014217252938387437,-0.3535598395319177,-0.7117310996196776,4.921431591770853,-5.63316269139053,0.0,0.0,False,7,RP,RP 7
Austin Warren,NYM,2.69501,2.09572,0.0,4.17236,33.9708,0.0,0.0,1.72473,0.0,38.1491,162.779,36.0189,19.2236,17.6857,5.02433,13.9968,0.513132,1.74957,34.5468,8.15017,3.30207,2.4682,1.18532,0.212231,0.0859863,0.1262450590729713,0.244972,1.31106,0.288425,0.7164,,,4.2744,0.140561,0.0875263,999.0,1.09011,-0.49509,0.842458,1.09011,0.49509,3.87672,156.1,4.1078947368421055,155,4.078947368421052,,,,,,,,,,,,,,,,,,,Austin Warren,24937,681810,RP,2.69501,1.72473,-0.1372452646667123,-0.8193472128551981,-0.4106765836176985,-0.39807811691539186,-0.44860614084785927,-0.03452979534516331,-0.1080422431202733,-1.415178658586034,4.921431591770853,-6.336610250356887,0.0,0.0,False,7,RP,RP 7
José Buttó,SFG,3.4674,3.54888,0.24846,3.99478,54.5062,0.339775,2.18126,12.4751,2.35606,62.1832,267.358,57.0332,30.001,27.6009,6.84351,26.388,1.38168,2.98327,56.9865,8.24787,3.81922,2.15957,0.990486,0.213147,0.0986991,0.114448182284832,0.239649,1.34154,0.288187,0.723455,,,4.14998,0.140291,0.245292,999.0,1.61438,-0.216076,0.592603,1.61438,0.216076,4.20986,309.49999999999994,4.991935483870967,304,4.903225806451613,,,,,,,,,,,,,,,,,,,Jose Butto,23313,676130,RP,3.71586,14.65636,1.0031580380186436,-3.230929596934578,-0.26081344710008103,1.2741144379676055,0.046932873267845704,0.25238642539512746,-0.42604267829270315,0.955829745154979,4.921431591770853,-3.965601846615874,0.0,0.0,False,7,RP,RP 7
DL Hall,MIL,2.67094,2.4497,0.0101149,4.04058,46.5426,0.223409,0.167698,5.1874,0.555003,55.7616,239.726,50.4623,27.2113,25.0344,6.16019,24.5737,0.757349,2.42385,52.712,8.5078,3.96624,2.14506,0.994264,0.219884,0.102508,0.1173768192529678,0.237215,1.34566,0.287945,0.720125,,,4.13316,0.13868,0.241401,999.0,1.29795,-0.761441,0.636598,1.29795,0.761441,4.1512,255.60000000000008,4.564285714285716,247,4.410714285714286,,,,,,,,,,,,,,,,,,,DL Hall,22207,669084,RP,2.6810549,5.355098,0.6157441336692266,-3.1269026536496494,-0.4127252245114802,0.07136574600718455,-0.04746150436811105,0.15491622951229106,-0.4123252894725433,-0.5839678457538062,4.921431591770853,-5.505399437524659,0.0,0.0,False,7,RP,RP 7
Cole Sulser,TBR,2.96508,2.15921,0.0,4.07136,46.0313,0.0,0.159676,6.16017,0.562145,50.2477,211.976,47.1089,24.7073,22.7307,6.53852,16.8716,1.33007,1.77522,45.3135,8.11623,3.02192,2.68579,1.17113,0.213767,0.0795919,0.1341748088598251,0.243672,1.2733,0.286762,0.716317,,,4.13646,0.138382,0.115166,999.0,2.26172,3.16463,0.745402,2.26172,-3.16463,4.00613,218.7,4.374,216,4.32,,,,,,,,,,,,,,,,,,,Cole Sulser,15256,642121,RP,2.96508,6.319846,0.3830691060760686,0.8179769219356835,-0.3710296841914234,0.19611756947709996,-0.210843608225785,0.09637707987946088,0.10786155134229404,-0.2349889932270385,4.921431591770853,-5.156420584997892,0.0,0.0,False,7,RP,RP 7
Ty Johnson,TBR,0.708875,0.621305,0.971449,4.19462,2.24846,2.24846,0.0,0.0,0.0,11.7545,49.7971,10.4312,5.9548,5.47842,1.62658,4.24611,0.0444683,0.914191,11.6511,8.92078,3.25109,2.74393,1.24541,0.23397,0.0852682,0.1487020403146743,0.233691,1.24865,0.280767,0.703423,,,4.26869,0.137992,0.147641,999.0,1.31278,0.712227,1.30068,1.31278,-0.712227,3.26576,47.20000000000002,3.933333333333335,43,3.5833333333333335,,,,,,,,,,,,,,,,,,,Ty Johnson,sa3023410,694494,SP,1.6803240000000002,0.0,-0.07139044526672579,0.48106932838503963,-0.559634830706414,-0.6211034172977374,-0.9542150663454793,-0.01796125695590568,0.06343563329392504,-2.2686149595585388,4.8385671445016785,-7.107182104060217,0.0,0.0,False,7,SP,SP 7
JR Ritchie,ATL,1.26861,1.23166,1.70753,4.57456,4.0506,4.0506,0.0,0.0,0.0,22.9054,99.9458,22.2844,12.6548,11.6424,3.05107,9.78919,0.0883883,1.21766,18.9092,7.42981,3.84638,1.93164,1.19883,0.189194,0.097945,0.0912492349743843,0.250558,1.40026,0.287155,0.698464,,,4.65732,0.137649,0.152755,999.0,1.46225,-0.21045,1.05058,1.46225,0.21045,3.59923,81.10000000000001,3.526086956521739,81,3.5217391304347827,,,,,,,,,,,,,,,,,,,JR Ritchie,sa3020395,702275,SP,2.97614,0.0,-1.1059948136468978,-2.5352224073001257,-0.36940605066065507,-0.6211034172977374,-0.7939334352027636,-0.2782593239976633,-0.33430407938897944,-2.528616739171055,4.8385671445016785,-7.367183883672734,0.0,0.0,False,7,SP,SP 7
Mason Barnett,ATH,1.2352,1.4029,1.17614,4.7097,17.2158,3.67546,0.0,0.601044,0.0,31.5335,137.885,31.0845,17.9364,16.5015,4.28729,13.7004,0.246726,1.33714,26.8496,7.66315,3.91023,1.95977,1.22364,0.194725,0.0993613,0.0953638032078743,0.253034,1.42023,0.292194,0.69228,,,4.63031,0.137084,0.0647505,999.0,2.96726,-1.94066,0.891975,2.96726,1.94066,3.8107,120.00000000000004,3.750000000000001,121,3.78125,,,,,,,,,,,,,,,,,,,Mason Barnett,31741,686930,RP,2.41134,0.601044,-1.996198501494601,-4.119898974722051,-0.45231999443804677,-0.5433822559316068,-0.6185844783234674,-0.5022273511025469,-0.5432655651646764,-2.878092643602455,4.921431591770853,-7.799524235373308,0.0,0.0,False,7,RP,RP 7
Brennan Bernardino,COL,3.05656,3.23095,0.0,4.48135,56.2218,0.364032,0.571118,8.89577,1.91502,55.8032,247.353,56.128,30.2022,27.786,6.47588,24.9333,2.84503,3.90415,50.9117,8.21109,4.02126,2.04192,1.04444,0.205826,0.1008,0.1050258353352546,0.256861,1.45263,0.308154,0.706425,,,4.36939,0.134248,0.326223,999.0,3.09826,-0.548005,0.483069,3.09826,0.548005,4.35591,251.00000000000009,4.4821428571428585,258,4.607142857142857,,,,,,,,,,,,,,,,,,,Brennan Bernardino,16835,657514,RP,3.05656,9.466888,-2.116720009469412,-9.098556085947004,-0.3576002090201135,0.603062417288559,-0.08721777950158002,-0.5325495849163455,-1.1997702478973957,-1.6717869259863696,4.921431591770853,-6.593218517757222,0.0,0.0,False,7,RP,RP 7
Joe Jiménez,ATL,0.696414,0.770184,0.0,3.81747,15.6029,0.0,0.00233209,1.23281,0.775111,16.3029,67.7089,13.9337,7.51642,6.91511,1.90304,5.51606,0.236015,0.81754,18.2287,10.0631,3.04513,3.30465,1.05057,0.269221,0.0814674,0.1877540126442909,0.227025,1.19302,0.291699,0.710932,,,3.58186,0.132548,0.0497123,999.0,2.24686,1.51623,1.28575,2.24686,-1.51623,3.28567,76.4,4.775,73,4.5625,,,,,,,,,,,,,,,,,,,Joe Jimenez,15761,641729,RP,0.696414,1.2351420899999999,0.5841679044503039,1.5741493413355256,-0.7040750899521886,-0.46138686129353496,-0.8089610112891524,0.14697190636679586,0.2075733256619326,-1.8574799049565505,4.921431591770853,-6.778911496727403,0.0,0.0,False,7,RP,RP 7
Walker Buehler,SDP,2.76142,3.51923,2.34086,4.89312,20.9115,7.11172,0.0,0.440645,0.0,51.7467,226.861,52.9253,30.58,28.1336,7.87642,20.4341,0.537725,2.91922,42.1205,7.32578,3.55399,2.06128,1.3699,0.185666,0.0900732,0.0955929681658744,0.260065,1.41767,0.293457,0.686311,,,4.83984,0.130051,-0.0115125,999.0,2.16352,-0.805551,0.490039,2.16352,0.805551,4.34661,163.59999999999997,3.1461538461538456,171,3.2884615384615383,,,,,,,,,,,,,,,,,,,Walker Buehler,19374,621111,SP,5.10228,0.440645,-4.330296051731993,-6.627841227432718,-0.057283790705159904,-0.5641234937810254,-0.2813550710381864,-1.089467362049845,-0.8739723795013434,-2.9031876950746693,4.8385671445016785,-7.741754839576348,1.31,0.0,False,7,SP,SP 7
Gregory Santos,SFG,1.63507,1.71174,0.0,3.92565,34.107,0.0,1.02052,2.86647,3.96005,35.1275,153.112,33.5878,16.6544,15.322,2.87911,15.5161,2.66508,1.78654,29.9194,7.66562,3.97536,1.92828,0.737654,0.195409,0.101338,0.0940706133842468,0.247316,1.39787,0.298112,0.71993,,,3.97486,0.129276,0.131844,999.0,1.41761,-2.29898,0.978025,1.41761,2.29898,3.69597,156.7,4.477142857142857,159,4.542857142857143,,,,,,,,,,,,,,,,,,,Gregory Santos,21894,666619,RP,1.63507,3.88699,0.8365291321530537,-3.804145024642015,-0.5662782223701924,-0.11847569450450401,-0.5507936582353026,0.21046394426545348,-0.5016290470860305,-1.588106944886834,4.921431591770853,-6.509538536657686,0.0,0.0,False,7,RP,RP 7
Noah Schultz,CHW,1.06728,1.5311,1.79147,4.61764,4.22012,4.22012,0.0,0.0,0.0,22.0707,98.8006,22.1442,12.3085,11.3238,2.72319,10.9436,0.0857249,1.4871,18.1321,7.3939,4.46258,1.65687,1.11046,0.183522,0.110764,0.0727574154734611,0.256388,1.49917,0.296438,0.709788,,,4.78571,0.128213,0.17014,999.0,6.2372,-2.21972,1.03285,6.2372,2.21972,3.62287,68.7,3.122727272727273,71,3.227272727272727,,,,,,,,,,,,,,,,,,,Noah Schultz,sa3020949,702273,SP,2.8587499999999997,0.0,-1.171353941583932,-4.625845629930014,-0.3866391736422911,-0.6211034172977374,-0.8110942425161106,-0.29470315043557127,-0.6099816174929438,-3.2844681901772392,4.8385671445016785,-8.123035334678917,0.0,0.0,False,7,SP,SP 7
Brandon Eisert,CHW,2.21631,3.07626,0.0,4.17538,50.4377,0.0580831,0.331638,6.05743,1.11285,52.5429,224.304,49.8912,26.496,24.3763,7.00536,19.3184,1.89641,2.19446,50.0759,8.57743,3.30903,2.59213,1.19994,0.22325,0.0861262,0.1371239125728607,0.246023,1.3172,0.294324,0.71906,,,4.19059,0.127416,0.173286,999.0,1.79429,-2.91067,0.690878,1.79429,2.91067,4.07883,237.1,4.473584905660378,235,4.433962264150943,,,,,,,,,,,,,,,,,,,Brandon Eisert,27668,685126,RP,2.21631,6.389068,-0.20674679132290202,-1.4512768715468674,-0.4809508486429064,0.2050686849230345,-0.10567486707395884,-0.05201581570034673,-0.19137089396337104,-0.6249075546138884,4.921431591770853,-5.546339146384741,0.0,0.0,False,7,RP,RP 7
Brady Basso,ATH,2.06478,1.70425,0.0129358,3.99872,32.9192,0.0814906,0.035129,3.05031,0.225901,37.0385,157.833,35.6106,17.8873,16.4563,4.42662,13.2107,1.2771,1.2295,32.9876,8.01566,3.21008,2.49703,1.07563,0.209003,0.0837007,0.1253024637699127,0.248343,1.31812,0.294248,0.725742,,,4.07717,0.12667,0.136454,999.0,1.58884,-0.667102,0.929524,1.58884,0.667102,3.76063,167.00000000000003,4.513513513513514,169,4.5675675675675675,,,,,,,,,,,,,,,,,,,Brady Basso,25582,669620,RP,2.0777158,3.085439,0.5812825567219668,-1.0571558208014513,-0.5012967971320575,-0.22212446999212787,-0.48303817116953046,0.14624597628242422,-0.13940059161124863,-1.265930498152873,4.921431591770853,-6.187362089923726,0.0,0.0,False,7,RP,RP 7
Jacob Webb,CHC,3.04837,3.14446,0.0,4.19519,51.7249,0.0,0.21579,8.78468,1.60033,53.6611,227.91,48.2911,27.1882,25.0131,7.2354,20.9857,1.48764,2.47945,50.2439,8.42687,3.5197,2.3942,1.21352,0.220455,0.0920787,0.1283763274550438,0.236206,1.291,0.279356,0.71159,,,4.3272,0.126391,0.124379,999.0,1.60843,0.796454,0.637378,1.60843,-0.796454,4.15016,255.7,4.735185185185185,246,4.555555555555555,,,,,,,,,,,,,,,,,,,Jacob Webb,19274,657097,RP,3.04837,9.00047,-0.329178638861912,-0.07646744834724985,-0.35880251992580914,0.5427497802069677,-0.10196489972272696,-0.08281867545305666,-0.010083288885955175,0.011680669220278994,4.921431591770853,-4.9097509225505735,0.0,0.0,False,7,RP,RP 7
Zak Kent,MIN,0.771594,1.56105,0.0,4.26158,21.4981,0.0,0.0,0.935763,0.0,24.4164,106.219,22.8575,12.5667,11.5614,2.52697,11.2226,0.430765,1.08707,23.1218,8.52282,4.13672,2.06028,0.931453,0.217681,0.105656,0.1120251789689064,0.2434,1.39579,0.297838,0.704379,,,4.09908,0.126256,-0.0549515,999.0,1.45034,-1.76491,1.08278,1.45034,1.76491,3.55629,94.90000000000002,3.954166666666667,95,3.9583333333333335,,,,,,,,,,,,,,,,,,,Zak Kent,25703,687849,RP,0.771594,0.935763,-0.32994001274494933,-2.5931755852158354,-0.6930384924075987,-0.5000996519769714,-0.7009060038706237,-0.08301023094625545,-0.34194600608345405,-2.4418800544713326,4.921431591770853,-7.3633116462421855,0.0,0.0,False,7,RP,RP 7
McCade Brown,COL,1.54242,2.58073,1.77208,5.24624,12.6819,6.05152,0.0,0.579714,0.0,36.4986,161.725,36.7946,23.1257,21.2756,6.18992,16.0929,0.357842,2.62654,33.739,8.31951,3.96825,2.09652,1.52634,0.208619,0.0995076,0.109111800789833,0.257295,1.44903,0.296912,0.673016,,,5.02971,0.126143,0.171588,999.0,2.15458,-1.33678,0.687282,2.15458,1.33678,4.08362,111.40000000000002,3.094444444444445,117,3.25,,,,,,,,,,,,,,,,,,,McCade Brown,30004,685326,SP,3.3145,0.579714,-4.486369585572515,-5.819600578076973,-0.3197340215945817,-0.5461404439709843,-0.466444900528366,-1.1287341971963751,-0.7673946901319249,-3.3480087988299743,4.8385671445016785,-8.186575943331652,0.0,0.0,False,7,SP,SP 7
Manuel Rodríguez,TBR,0.590385,0.682918,0.0,3.7114,11.7839,0.0,0.0228949,2.27288,0.100208,12.1429,51.1104,11.1971,5.44289,5.00746,1.11358,3.8779,0.229459,0.699576,11.2065,8.30596,2.8742,2.88983,0.825354,0.21926,0.075873,0.1433873251080513,0.240628,1.24147,0.29473,0.712646,,,3.61245,0.125947,0.130638,999.0,1.10723,0.620178,1.34129,1.10723,-0.620178,3.21161,62.90000000000001,5.241666666666668,62,5.166666666666667,,,,,,,,,,,,,,,,,,,Manuel Rodriguez,20794,655889,RP,0.590385,2.2957748999999996,0.5782322183138942,0.5842525710703713,-0.7196403919082315,-0.3242361472422799,-0.9640332299428466,0.145478535881329,0.07704176854066429,-1.9447435553251853,4.921431591770853,-6.866175147096039,0.0,0.0,False,7,RP,RP 7
Brandon Walter,HOU,0.286512,0.183619,0.313945,3.95957,1.37345,1.0643,0.0281084,0.0,0.0,7.31748,29.6656,6.71873,3.49928,3.21934,0.969462,1.33385,0.0484185,0.351445,6.52024,8.01945,1.64054,4.8883,1.19237,0.219791,0.0449627,0.1748284772038459,0.240123,1.10046,0.28058,0.68007,,,3.76628,0.125827,0.132556,999.0,0.938675,-1.03558,1.42043,0.938675,1.03558,3.1061,32.30000000000001,4.614285714285716,33,4.714285714285714,,,,,,,,,,,,,,,,,,,Brandon Walter,26056,687888,SP,0.600457,0.0281084,0.14667562177631008,1.3839028421345845,-0.7181617990581503,-0.6174687125304597,-1.0675205608915608,0.03690239670097018,0.18248669792102468,-2.3544652143704585,4.8385671445016785,-7.193032358872137,0.0,0.0,False,7,SP,SP 7
Nick Raquet,STL,2.32191,1.76028,0.0,4.15847,26.7595,0.0,0.0,1.27192,0.648467,28.7366,123.521,28.4497,14.4324,13.2778,3.30795,10.1464,0.510365,1.30139,23.0432,7.21686,3.17774,2.27107,1.03601,0.186552,0.0821431,0.104409322142601,0.253849,1.3431,0.293293,0.711429,,,4.22296,0.124254,0.11804,999.0,0.961906,0.3254,0.99008,0.961906,-0.3254,3.67989,121.90000000000002,4.20344827586207,123,4.241379310344827,,,,,,,,,,,,,,,,,,,Nick Raquet,20333,675919,RP,2.32191,1.27192,-0.05906287782992064,-1.5379279460572997,-0.46544852487716176,-0.4566310998554056,-0.7026417385956644,-0.014859740982073849,-0.20279703456896983,-1.8983892755525509,4.921431591770853,-6.819820867323404,0.0,0.0,False,7,RP,RP 7
Mitch Farris,LAA,1.24693,1.67132,1.42207,4.89351,4.86498,4.72144,0.0,0.0542987,0.0,25.3332,110.623,24.6718,14.972,13.7743,3.97045,11.1667,0.138962,1.06428,22.4494,7.97548,3.96714,2.01039,1.41056,0.202937,0.100944,0.1019927412271499,0.250751,1.41468,0.287632,0.68912,,,4.8487,0.123978,0.0585046,999.0,1.6245,-0.944285,0.962111,1.6245,0.944285,3.71719,78.80000000000001,3.1520000000000006,81,3.24,,,,,,,,,,,,,,,,,,,Mitch Farris,33628,815083,SP,2.669,0.0542987,-2.121115167300271,-3.1692877662304757,-0.41449491165886343,-0.6140820377902951,-0.7157547065311494,-0.5336553709759069,-0.41791435179714664,-2.8293702642978444,4.8385671445016785,-7.6679374087995225,0.0,0.0,False,7,SP,SP 7
Mitch Bratt,ARI,0.46253,0.581157,0.643993,4.29761,3.09204,2.45695,0.0,0.0,0.0,12.8271,53.9488,13.0372,6.65771,6.1251,1.86144,3.26982,0.107292,0.314905,10.7092,7.514,2.29424,3.27516,1.30606,0.198507,0.0606097,0.1378969475626945,0.25886,1.2713,0.295707,0.704278,,,4.19029,0.123555,0.111895,999.0,0.884475,0.516159,1.31048,0.884475,-0.516159,3.25269,50.8,3.907692307692307,52,4.0,,,,,,,,,,,,,,,,,,,Mitch Bratt,sa3017719,683352,SP,1.1065230000000001,0.0,-0.22467813590376556,0.23456386006446267,-0.6438701420616036,-0.6211034172977374,-0.9750151749652728,-0.056527196549401276,0.03093048368102803,-2.4015325839124895,4.8385671445016785,-7.240099728414168,0.0,0.0,False,7,SP,SP 7
José Suarez,ATL,2.07506,1.51229,0.299582,4.07433,24.9985,0.578001,0.0386404,1.54263,0.0,31.9851,135.991,30.6605,15.7389,14.4798,4.03875,10.9195,0.785662,1.33435,30.6305,8.61884,3.07252,2.80513,1.13643,0.225239,0.0802954,0.1449439823627472,0.247787,1.29998,0.298893,0.719291,,,4.01067,0.12302,0.154604,999.0,1.94603,-0.981819,0.965967,1.94603,0.981819,3.71204,141.00000000000003,4.406250000000001,142,4.4375,,,,,,,,,,,,,,,,,,,Jose Suarez,19911,660761,RP,2.374642,1.5812704,0.2332359446253992,-0.3326242157192274,-0.4577073455512598,-0.41662891639283534,-0.5350903380956538,0.05868027180834557,-0.04386109553872199,-1.5204117985006234,4.921431591770853,-6.441843390271476,0.0,0.0,False,7,RP,RP 7
Wade Miley,,1.67473,2.05807,1.49323,4.87847,7.26511,5.77066,0.0,0.0619796,0.0,31.3778,137.433,33.0002,18.4874,17.0084,4.45828,11.6184,0.125157,1.50481,21.0827,6.0471,3.33247,1.8146,1.27875,0.153404,0.0845388,0.0688651353120803,0.265467,1.42198,0.288977,0.680908,,,4.89312,0.122368,0.122152,999.0,1.15742,0.0376635,0.886872,1.15742,-0.0376635,3.8175,94.4,3.0451612903225804,103,3.3225806451612905,,,,,,,,,,,,,,,,,,,Wade Miley,8779,489119,SP,3.16796,0.0619796,-2.5747199657569726,-4.154386729320678,-0.34124643186572007,-0.6130888185445543,-0.7459357325962009,-0.6477786589183361,-0.5478132517968585,-2.954935101562266,4.8385671445016785,-7.7935022460639445,0.0,0.0,False,7,SP,SP 7
Yohan Ramírez,PIT,2.52096,2.68675,0.0,4.25344,45.4285,0.0,0.184481,6.33585,1.96344,49.7699,218.153,46.7059,25.5668,23.5215,5.12357,20.6174,1.29602,5.99949,49.8187,9.00883,3.7283,2.41634,0.926507,0.228366,0.094509,0.1338566541671753,0.243849,1.35269,0.304423,0.694203,,,4.07586,0.120676,0.0908594,999.0,2.33934,-1.98724,0.626698,2.33934,1.98724,4.1644,229.3,4.586,228,4.56,,,,,,,,,,,,,,,,,,,Yohan Ramirez,19444,670990,RP,2.52096,6.520331,-0.6275172498941214,-3.1409848580721786,-0.43622752539258347,0.22204233877267343,-0.11135465042358286,-0.15787825005855585,-0.4141822225651529,-0.961461235514901,4.921431591770853,-5.882892827285754,0.0,0.0,False,7,RP,RP 7
Andre Granillo,WSN,2.67029,1.79972,0.0,4.39824,40.3597,0.0,2.3845,5.25596,0.563029,45.4762,194.463,41.3672,24.1564,22.2239,6.2287,18.8746,0.833146,1.83699,43.4801,8.60496,3.7354,2.30363,1.2327,0.223591,0.0970605,0.1265306025743484,0.238083,1.32469,0.283278,0.700393,,,4.3698,0.119105,-0.0236914,999.0,1.79415,0.196041,0.733969,1.79415,-0.196041,4.02137,205.6,4.568888888888889,200,4.444444444444445,,,,,,,,,,,,,,,,,,,Andre Granillo,29542,701552,RP,2.67029,7.64046,-1.3050044759912103,-1.5965586019393692,-0.41430553668104325,0.3668865211617874,-0.25133083526000255,-0.32832854080559243,-0.2105282960875601,-0.8765204147544368,4.921431591770853,-5.797952006525289,0.0,0.0,False,7,RP,RP 7
Wandy Peralta,SDP,3.3287,2.54593,0.0,3.82381,56.9224,0.0835392,0.363933,8.42259,2.8465,57.0462,245.189,52.8697,26.3446,24.2371,5.73381,23.4365,1.21556,2.87856,48.76,7.69272,3.6975,2.08052,0.904604,0.198867,0.0955853,0.1032816544175148,0.241553,1.33762,0.286749,0.731728,,,4.11617,0.118976,0.388002,999.0,1.28648,-0.646571,0.70501,1.28648,0.646571,4.05999,262.19999999999993,4.599999999999999,259,4.543859649122807,,,,,,,,,,,,,,,,,,,Wandy Peralta,14295,593974,RP,3.3287,8.786522999999999,2.0039557135756767,-2.7405069596394074,-0.31764942881547586,0.5150842360691015,-0.1347340696780425,0.5041790027406499,-0.36137368207352133,0.27480942301957745,4.921431591770853,-4.646622168751275,0.0,0.0,False,7,RP,RP 7
James McArthur,KCR,1.72707,1.44757,0.0,4.20621,24.6251,0.0,0.604719,2.63432,1.83311,25.9347,110.889,25.8167,13.1747,12.1208,3.06218,8.19576,0.525668,1.40676,23.1105,8.01994,2.84414,2.81981,1.06265,0.208411,0.0739095,0.1345015540719032,0.254887,1.31147,0.302933,0.701007,,,3.99864,0.118603,0.0598864,999.0,0.921927,-1.13817,1.05973,0.921927,1.13817,3.58703,123.9,4.765384615384615,127,4.884615384615385,,,,,,,,,,,,,,,,,,,James McArthur,21527,663704,RP,1.72707,3.239039,-0.19092723696107483,-0.5675648221644993,-0.552772409998521,-0.20226241266215259,-0.7011555433412721,-0.04803574414092286,-0.07484125843197187,-1.6470919975520026,4.921431591770853,-6.568523589322855,0.0,0.0,False,7,RP,RP 7
Ty Madden,DET,0.918244,1.21271,0.760909,4.41192,12.5623,2.18044,0.0,0.532219,0.0,21.8383,94.1513,21.137,11.6363,10.7054,2.85706,8.63208,0.267218,0.832781,19.2332,7.9264,3.55746,2.22811,1.17745,0.20428,0.0916831,0.1125967726111412,0.249592,1.36316,0.29203,0.703661,,,4.3747,0.115717,0.0399938,999.0,1.57265,-0.940333,1.1157,1.57265,0.940333,3.5124,83.30000000000001,3.786363636363637,83,3.772727272727273,,,,,,,,,,,,,,,,,,,Ty Madden,30140,680744,RP,1.679153,0.532219,-0.6598571419344351,-1.606824243730403,-0.559806736209536,-0.5522820352007184,-0.7867784981682449,-0.16601470457557324,-0.21188196270016443,-2.4251020491061057,4.921431591770853,-7.346533640876959,0.0,0.0,False,7,RP,RP 7
Cade Gibson,MIA,2.95453,3.64791,0.0,4.02244,54.33,0.0989187,0.0232742,6.79481,2.61162,60.4327,262.764,59.1671,29.3583,27.0097,5.58432,23.6198,1.84589,4.11774,48.1883,7.17649,3.5176,2.04016,0.831651,0.18339,0.0898899,0.0935002118349075,0.251747,1.3699,0.295623,0.712677,,,4.11858,0.115513,0.313368,999.0,2.44753,0.641236,0.630573,2.44753,-0.641236,4.15924,256.79999999999995,4.279999999999999,262,4.366666666666666,,,,,,,,,,,,,,,,,,,Cade Gibson,31815,806188,RP,2.95453,6.8180842,0.7891340611960961,-4.854041057595429,-0.37257844854491395,0.260544885182723,-0.14735900024172865,0.1985397288509002,-0.6400723354302714,-0.7164957305785715,4.921431591770853,-5.637927322349425,0.0,0.0,False,7,RP,RP 7
John King,MIA,1.88322,1.76713,0.0,4.05457,42.3556,0.0,0.0,4.33837,1.53775,43.9186,190.223,48.051,21.5062,19.7857,4.25039,13.1641,0.588277,1.20505,28.8134,5.90457,2.69764,2.18879,0.871009,0.151471,0.0692033,0.082268126308918,0.273244,1.39383,0.306748,0.718525,,,4.06266,0.112694,0.155978,999.0,1.82268,-1.73064,0.889113,1.82268,1.73064,3.81452,183.6,4.172727272727273,200,4.545454545454546,,,,,,,,,,,,,,,,,,,John King,22051,667463,RP,1.88322,4.33837,0.41670488344963813,-4.57850989649826,-0.5298492295437764,-0.06010762524926799,-0.5752176099642459,0.10483956863494025,-0.6037397474536375,-1.7143404090139525,4.921431591770853,-6.635772000784805,0.0,0.0,False,7,RP,RP 7
Bradgley Rodriguez,SDP,3.5894,1.69134,0.0,4.11879,41.4456,0.0,0.0,3.97047,1.35662,44.0866,192.814,40.151,21.9304,20.176,4.70988,19.8555,3.58294,4.51508,39.8462,8.13434,4.05336,2.00681,0.961491,0.206657,0.102977,0.1036790311336517,0.238365,1.3611,0.286076,0.712866,,,4.37469,0.112573,0.101346,999.0,1.93165,1.13581,0.700773,1.93165,-1.13581,4.06564,181.1,4.115909090909091,176,4.0,,,,,,,,,,,,,,,,,,,Bradgley Rodriguez,29107,699134,RP,3.5894,3.97047,0.10368430538976282,-3.153260296160637,-0.2793780670187938,-0.10768087324209294,-0.3315787540554882,0.026086130215918137,-0.4158009085697582,-1.1673911820689409,4.921431591770853,-6.0888227738397935,0.0,0.0,False,7,RP,RP 7
David Morgan,SDP,2.46068,2.42372,0.0,3.99389,55.262,0.225925,0.025655,7.18329,1.81282,59.2129,254.779,53.651,28.5616,26.2766,7.00916,25.5648,1.35942,3.25365,59.2541,9.00626,3.88569,2.3178,1.06535,0.23257,0.100341,0.1322293356060981,0.237435,1.33781,0.292064,0.729857,,,4.13266,0.112113,0.187102,999.0,2.1471,-0.881632,0.621157,2.1471,0.881632,4.17179,269.1,4.561016949152543,263,4.4576271186440675,,,,,,,,,,,,,,,,,,,David Morgan,31616,688158,RP,2.46068,7.208945000000001,0.9611302583236954,-2.855971905761156,-0.445076768542196,0.31108720040173354,0.0970085992538782,0.24181257692609417,-0.37659932949750274,-0.16746514594783837,4.921431591770853,-5.0888967377186916,0.0,0.0,False,7,RP,RP 7
Yariel Rodríguez,TOR,1.66391,1.5877,0.0700511,4.04785,33.0542,0.0957963,0.149254,3.95069,0.44915,36.0159,154.834,31.4083,17.6071,16.1985,4.38893,16.4732,0.861094,2.14599,35.8231,8.95183,4.11647,2.17464,1.09675,0.231365,0.106393,0.1249725967645645,0.23058,1.32945,0.281444,0.725361,,,4.28095,0.111041,0.0455743,999.0,1.39555,-1.66441,0.926838,1.39555,1.66441,3.76422,170.60000000000005,4.738888888888891,162,4.5,,,,,,,,,,,,,,,,,,,Yariel Rodriguez,33838,684320,RP,1.7339611,4.099944,0.3686900753173801,-1.4360813047613468,-0.5517607806111903,-0.09093855546382983,-0.4204214305479946,0.09275943237398923,-0.18936714867049276,-1.2152282406089212,4.921431591770853,-6.136659832379774,0.0,0.0,False,7,RP,RP 7
Trevor Williams,WSN,1.15971,1.56799,0.475698,4.52913,17.4317,1.61304,0.0,0.564667,0.0,24.8699,106.338,26.0374,13.6038,12.5155,3.59984,7.15429,0.173309,0.775213,20.3682,7.37092,2.58902,2.847,1.30272,0.191542,0.0672786,0.1242632642388343,0.264583,1.33461,0.301414,0.695793,,,4.33538,0.110934,0.0197054,999.0,1.77349,-1.41168,1.07059,1.77349,1.41168,3.57254,88.20000000000002,3.5280000000000005,93,3.72,,,,,,,,,,,,,,,,,,,Trevor Williams,16977,592866,RP,1.635408,0.564667,-1.075431573162529,-1.1199406223996706,-0.5662286031899574,-0.5480861755897611,-0.7617141354084341,-0.27056986060107124,-0.1476796346007214,-2.444166202459802,4.921431591770853,-7.365597794230655,0.0,0.0,False,7,RP,RP 7
Steven Cruz,KCR,1.97648,1.97771,0.0,4.15358,39.2093,0.0962925,0.0,4.50956,1.1022,40.5149,173.666,37.1028,20.3239,18.698,4.61518,16.8239,0.689942,1.84087,36.7676,8.16759,3.73728,2.18544,1.02522,0.211715,0.0968752,0.1148395612835884,0.239371,1.33104,0.285937,0.707943,,,4.18306,0.110892,0.145657,999.0,1.2809,0.926565,0.850933,1.2809,-0.926565,3.86542,182.70000000000005,4.456097560975611,177,4.317073170731708,,,,,,,,,,,,,,,,,,,Steven Cruz,23165,674444,RP,1.97648,4.50956,-0.06128540498846207,-1.6794565909577628,-0.5161584462635365,-0.03797100028625721,-0.3995639057668128,-0.015418910787457432,-0.22145954055044914,-1.2113502470750288,4.921431591770853,-6.132781838845881,0.0,0.0,False,7,RP,RP 7
Cody Laweryson,MIN,0.688734,1.56921,0.0,4.25334,18.7374,0.0,0.0,0.652129,0.269813,21.4852,92.0719,21.1447,11.0367,10.1537,2.60756,7.339,0.44894,0.884109,18.3959,7.70594,3.07426,2.5066,1.09229,0.199799,0.0797095,0.120089940726757,0.252177,1.32574,0.294965,0.702571,,,4.14867,0.110849,-0.00987071,999.0,1.67304,1.17302,1.17551,1.67304,-1.17302,3.43266,79.9,3.804761904761905,82,3.9047619047619047,,,,,,,,,,,,,,,,,,,Cody Laweryson,26429,689520,RP,0.688734,0.652129,-0.2705819269764509,-0.7767952787257447,-0.7052025316806063,-0.5367764408358922,-0.8052687104491166,-0.0680762180413713,-0.10243118307110131,-2.3771835045740377,4.921431591770853,-7.298615096344891,0.0,0.0,False,7,RP,RP 7
Liam Hendriks,MIN,1.5018,1.69446,0.0,4.33377,23.3559,0.0,2.16925,2.37327,2.16402,23.9013,101.966,22.1222,12.51,11.5092,3.2734,9.35219,0.33389,0.938559,23.8677,8.98732,3.52155,2.55209,1.23259,0.234075,0.0917188,0.1423561722040176,0.241311,1.31685,0.292076,0.705215,,,4.21002,0.109921,-0.0549863,743.8800048828125,2.41277,-1.73355,1.09122,2.41277,1.73355,3.54504,119.5,4.979166666666667,117,4.875,,,,,,,,,,,,,,,,,,,Liam Hendriks,3548,521230,RP,1.5018,4.54252,-0.5146842403720793,-0.6517287348224658,-0.5858425660090256,-0.033708933817533336,-0.6844341904939341,-0.1294903800913381,-0.08593943240593085,-1.7314450381065596,4.921431591770853,-6.6528766298774125,0.0,0.0,False,7,RP,RP 7
Yerry De los Santos,NYY,1.42226,1.71828,0.0,4.03169,34.2752,0.0,0.0561698,2.29851,0.0,37.5508,162.262,36.8127,18.2842,16.8215,3.76277,14.5115,0.875056,1.66456,30.2891,7.25953,3.47804,2.08725,0.901843,0.186668,0.0894325,0.0972354486584663,0.251994,1.36679,0.295,0.717382,,,4.1169,0.109418,0.1901,999.0,1.76612,-2.24057,0.959544,1.76612,2.24057,3.72061,152.8,4.021052631578947,155,4.078947368421052,,,,,,,,,,,,,,,,,,,Yerry De los Santos,21420,660787,RP,1.42226,2.3546798,0.4517387939834314,-2.899403497867114,-0.597519221618186,-0.3166191387734227,-0.5426295217486928,0.11365381635277835,-0.38232638459672075,-1.8055784909672603,4.921431591770853,-6.727010082738113,0.0,0.0,False,7,RP,RP 7
Paul Sewald,ARI,2.26407,2.49679,0.0,4.46926,50.9901,0.0,9.78105,9.80917,3.90429,51.7084,217.109,47.7112,27.9104,25.6776,8.03838,16.5954,0.993148,2.33125,51.9391,9.04015,2.88848,3.12973,1.3991,0.23923,0.076438,0.1627921909093856,0.240744,1.24364,0.287057,0.686036,,,4.24522,0.109388,-0.0260277,502.989990234375,2.08296,-3.5592,1.05064,2.08296,3.5592,3.59915,298.59999999999997,5.7423076923076914,293,5.634615384615385,,,,,,,,,,,,,,,,,,,Paul Sewald,13892,623149,RP,2.26407,19.590220000000002,-1.8919139199481054,2.375567822014107,-0.4739395703943083,1.9121132021477614,-0.06452956249767733,-0.4759901962746478,0.31325141789443406,1.1798363451569127,4.921431591770853,-3.74159524661394,0.0,0.0,False,7,RP,RP 7
Julian Fernández,WSN,2.33467,1.73308,0.0,4.05916,38.5235,0.0,0.135385,4.08202,1.46026,40.8843,173.059,37.588,20.043,18.4395,5.37362,15.09,0.649315,1.40745,40.598,8.93699,3.32181,2.69039,1.18291,0.234591,0.0871958,0.1473952755331993,0.240085,1.28847,0.291297,0.722735,,,4.06834,0.109198,0.168063,999.0,2.24084,-0.268802,0.84769,2.24084,0.268802,3.86975,193.1,4.709756097560976,190,4.634146341463414,,,,,,,,,,,,,,,,,,,Julian Fernandez,18341,642759,RP,2.33467,4.217405,0.3671373239679793,0.04561461359416104,-0.4635753274221343,-0.0757496419479689,-0.3149766501587255,0.09236877272939649,0.006014916624422415,-0.8600682319224069,4.921431591770853,-5.7814998236932595,0.0,0.0,False,7,RP,RP 7
Cal Quantrill,TEX,0.624607,1.73506,0.78276,5.13296,5.17105,3.90923,0.0,0.0,0.0,19.8397,86.1862,20.7875,12.2991,11.3151,3.17841,6.8599,0.0603141,0.805464,14.7755,6.70271,3.1119,2.15389,1.44184,0.171437,0.0795939,0.0918428152799606,0.264738,1.39354,0.290737,0.661634,,,4.88741,0.107276,0.00583321,999.0,2.34193,-1.29093,1.11264,2.34193,1.29093,3.51648,62.49999999999999,3.1249999999999996,67,3.35,,,,,,,,,,,,,,,,,,,Cal Quantrill,19312,615698,SP,1.407367,0.0,-2.188906265086413,-2.0625007391755803,-0.5997055483970045,-0.6211034172977374,-0.8852185068681642,-0.550711061301281,-0.27196920036039957,-3.156729392537747,4.8385671445016785,-7.995296537039426,0.0,0.0,False,7,SP,SP 7
Tink Hence,STL,0.426484,0.451455,0.528268,4.38641,3.88816,2.46549,0.0,0.0,0.586491,13.0993,56.6034,12.5665,6.93948,6.38432,1.68215,5.55799,0.119525,0.359997,11.4676,7.87891,3.81868,2.06326,1.15574,0.202595,0.0981918,0.1044030860066413,0.247931,1.38362,0.289973,0.709282,,,4.409,0.107257,0.0875627,999.0,1.26493,0.750604,1.26835,1.26493,-0.750604,3.30886,41.8,3.215384615384615,43,3.3076923076923075,,,,,,,,,,,,,,,,,,,Tink Hence,sa3014709,693311,SP,0.9547519999999999,0.0,-0.35868707249839926,-1.2318822041504,-0.6661504752079184,-0.6211034172977374,-0.9582673223511404,-0.0902427580026339,-0.1624406777836651,-2.667289883620281,4.8385671445016785,-7.50585702812196,0.0,0.0,False,7,SP,SP 7
Chase Silseth,LAA,2.3032,2.4481,0.0,4.19088,44.4605,0.0,0.0,5.11621,0.433665,51.3141,221.594,46.8702,25.9723,23.8946,6.35281,22.9022,1.37477,2.49786,50.1953,8.80379,4.01684,2.19172,1.11422,0.226519,0.103352,0.1231669262051582,0.238897,1.35971,0.290144,0.719467,,,4.27315,0.105774,0.0600513,999.0,2.04963,-3.18444,0.643862,2.04963,3.18444,4.14152,226.40000000000003,4.439215686274511,222,4.352941176470588,,,,,,,,,,,,,,,,,,,Chase Silseth,30074,681217,RP,2.3032,5.11621,-0.29029056322781144,-3.5987139483021218,-0.46819519606709625,0.04047507444830993,-0.10303814027790462,-0.07303475105848029,-0.47454012318888344,-1.1087718058813838,4.921431591770853,-6.030203397652237,0.0,0.0,False,7,RP,RP 7
Tristan Beck,SFG,1.22851,0.883097,0.0,4.08613,22.4391,0.0495617,0.132286,1.10704,0.0,27.7054,117.647,26.6256,13.6724,12.5786,3.43752,9.22363,0.435607,1.17544,23.8138,7.73585,2.99627,2.58183,1.11667,0.202417,0.0784007,0.1240163370966911,0.248262,1.29395,0.289863,0.714535,,,4.15506,0.104859,0.0644932,999.0,1.25753,-0.253222,1.10155,1.25753,0.253222,3.53126,122.1,4.360714285714286,123,4.392857142857143,,,,,,,,,,,,,,,,,,,Tristan Beck,21584,663941,RP,1.22851,1.239326,0.1657886703566498,-0.12087382622494126,-0.6259621688683092,-0.4608458387656479,-0.6856244716857876,0.04171108469107299,-0.0159388829484935,-1.8355357833077912,4.921431591770853,-6.756967375078644,0.0,0.0,False,7,RP,RP 7
Luinder Avila,KCR,1.83339,1.61791,0.0,4.08776,27.2559,0.0,0.0,1.20229,0.0,31.4689,135.883,29.3626,15.5359,14.293,3.04351,13.2444,0.502785,1.70163,28.5429,8.16317,3.78785,2.1551,0.870434,0.210055,0.0974688,0.1125858947634697,0.242793,1.35394,0.29456,0.705968,,,4.00323,0.104498,0.020304,999.0,1.9835,-0.444972,0.965962,1.9835,0.444972,3.71205,134.09999999999997,4.325806451612902,133,4.290322580645161,,,,,,,,,,,,,,,,,,,Luinder Avila,24452,679883,RP,1.83339,1.20229,0.1825857207831824,-2.025305904375688,-0.5371643885707372,-0.4656349738911229,-0.5811910990625092,0.04593708633155974,-0.2670645478257744,-1.9379937761793569,4.921431591770853,-6.85942536795021,0.0,0.0,False,7,RP,RP 7
Ron Marinaccio,SDP,2.25362,1.34069,0.0,4.23643,36.495,0.0,0.0,1.92421,1.92413,40.154,173.735,36.4637,20.5446,18.901,5.00003,17.6415,0.537512,2.78177,38.1651,8.55423,3.95413,2.16337,1.12069,0.219674,0.101543,0.1181316673755645,0.23784,1.34745,0.285653,0.712462,,,4.37885,0.100448,-0.0099917,999.0,1.24934,0.777081,0.791896,1.24934,-0.777081,3.94414,161.9,4.0475,156,3.9,,,,,,,,,,,,,,,,,,,Ron Marinaccio,23488,676760,RP,2.25362,1.92421,-0.43029816319197667,-2.323366357397348,-0.47547365451696005,-0.37228330444023905,-0.3687027190207022,-0.10825952755820253,-0.30636793401498935,-1.6515519052849537,4.921431591770853,-6.572983497055807,0.0,0.0,False,7,RP,RP 7
Dax Fulton,MIA,0.889619,1.11604,0.301063,4.30063,12.7408,1.00753,0.0,0.591298,0.0,17.3397,75.8754,16.906,9.00624,8.28574,1.68399,7.77645,0.384899,0.734427,15.0731,7.82355,4.03628,1.93831,0.874056,0.198656,0.10249,0.0961666479706764,0.250962,1.42346,0.300785,0.702186,,,4.13159,0.0995541,0.0601333,999.0,1.22571,1.25146,1.16824,1.22571,-1.25146,3.44235,64.00000000000001,3.764705882352942,66,3.8823529411764706,,,,,,,,,,,,,,,,,,,Dax Fulton,sa3014535,690978,RP,1.190682,0.591298,-0.30953766300493096,-2.321503125152234,-0.6315154065900005,-0.5446425138140153,-0.8786465647031247,-0.07787716524235613,-0.306122241116963,-2.5816589493005857,4.921431591770853,-7.503090541071439,0.0,0.0,False,7,RP,RP 7
Kyle Wright,CHC,0.66437,0.960993,0.975706,4.8569,6.34523,2.30387,0.0,0.0,0.0,18.9553,83.3976,18.7208,11.1189,10.2294,2.51866,8.50116,0.0,1.0156,17.0193,8.08076,4.03635,2.002,1.19586,0.204074,0.101935,0.102138765156269,0.253391,1.43611,0.298146,0.679574,,,4.57295,0.0993807,0.0287707,999.0,2.75995,0.818354,1.10488,2.75995,-0.818354,3.52682,58.29999999999999,3.0684210526315785,60,3.1578947368421053,,,,,,,,,,,,,,,,,,,Kyle Wright,19665,657140,SP,1.640076,0.0,-1.510027222014068,-2.777566135238683,-0.5655433300144035,-0.6211034172977374,-0.8356683595902229,-0.37991060069279076,-0.366260446069436,-3.0388727902361445,4.8385671445016785,-7.877439934737823,0.0,0.0,False,7,SP,SP 7
Anthony Banda,MIN,2.8188,2.41651,0.18806,4.27745,52.38,0.257175,1.35802,9.59104,1.85009,54.756,237.878,51.1348,28.2869,26.024,6.58784,24.7541,2.54116,2.64877,52.8534,8.68728,4.06873,2.13514,1.08281,0.222187,0.104062,0.1181250363588333,0.24295,1.38595,0.294948,0.714038,,,4.27006,0.0991839,0.0568879,999.0,1.88464,-0.527291,0.566413,1.88464,0.527291,4.24478,255.3,4.641818181818182,251,4.5636363636363635,,,,,,,,,,,,,,,,,,,Anthony Banda,14706,607455,RP,3.00686,10.94906,-0.8364284062295191,-5.27660526138491,-0.3648962837469839,0.7947224774245233,-0.044338948514157595,-0.21043860244011517,-0.695793260239002,-0.5180768926477702,4.921431591770853,-5.4395084844186234,0.0,0.0,False,7,RP,RP 7
Tony Gonsolin,,1.427,0.816472,0.279105,4.54355,3.97796,3.06345,0.0,0.0,0.0,16.4327,70.1865,14.6108,9.01721,8.29584,2.63892,6.92087,0.0953851,0.835729,15.3595,8.41227,3.79049,2.21931,1.44531,0.218839,0.0986069,0.1202322840690612,0.234036,1.3103,0.269447,0.701594,,,4.76949,0.0987457,0.0863598,999.0,1.66274,-0.357538,1.156,1.66274,0.357538,3.45867,48.5,3.03125,47,2.9375,,,,,,,,,,,,,,,,,,,Tony Gonsolin,19388,664062,SP,1.706105,0.0,-0.736854542169767,-0.34037305078456215,-0.5558501203938698,-0.6211034172977374,-0.8723219536948341,-0.1853866259215817,-0.044882886433830274,-2.466223236729402,4.8385671445016785,-7.304790381231081,0.0,0.0,False,7,SP,SP 7
Sean Guenther,DET,0.658394,0.771986,0.0,3.92646,12.3762,0.108653,0.0,1.96068,0.196804,13.2958,56.5246,13.1224,6.30501,5.80061,1.35523,4.07719,0.183149,0.634081,10.4669,7.08506,2.75987,2.56717,0.917362,0.185174,0.0721313,0.113042265176773,0.253264,1.29361,0.294245,0.711959,,,3.94878,0.098243,0.0738429,999.0,1.04471,-0.984612,1.31172,1.04471,0.984612,3.25103,63.10000000000001,4.853846153846154,65,5.0,,,,,,,,,,,,,,,,,,,Sean Guenther,20045,674944,RP,0.658394,1.96068,0.3154122513779966,-0.05357954661263517,-0.7096565137170902,-0.36756735892706066,-0.980365919543865,0.07935516402615188,-0.007065203018418127,-2.134194737608525,4.921431591770853,-7.055626329379377,0.0,0.0,False,7,RP,RP 7
Justin Sterner,ATH,3.24864,3.55294,0.0,4.22012,60.7491,0.0258726,9.14486,14.5382,3.76145,65.4292,277.296,59.792,33.3477,30.6799,10.2024,23.3736,2.75018,3.8622,65.524,9.01305,3.21512,2.80333,1.40337,0.236297,0.0842914,0.1520052477717399,0.239111,1.27108,0.284453,0.723232,,,4.40812,0.0962303,0.0985776,445.55999755859375,1.49833,-0.82443,0.832283,1.49833,0.82443,3.89029,358.0,5.507692307692308,351,5.4,,,,,,,,,,,,,,,,,,,Justin Sterner,27694,686993,RP,3.24864,23.683059999999998,-0.5826931309239629,1.2106501810175139,-0.3294024216249978,2.441359443830157,0.235467672441312,-0.1466008653099785,0.15964094237324467,2.455532289191275,4.921431591770853,-2.4658993025795777,0.0,0.0,False,7,RP,RP 7
Zack Kelly,BOS,2.71949,2.94592,0.0,4.322,51.6454,0.0,0.202047,8.15232,1.61593,55.3318,240.262,51.094,28.8821,26.5716,6.65924,25.0561,1.53873,3.09592,53.1794,8.64989,4.0755,2.12241,1.08316,0.221339,0.104287,0.1170526072382927,0.240885,1.37624,0.291814,0.707316,,,4.30386,0.0961808,0.0521908,999.0,1.22444,-0.95087,0.525063,1.22444,0.95087,4.29992,242.3,4.405454545454545,238,4.327272727272727,,,,,,,,,,,,,,,,,,,Zack Kelly,20349,677161,RP,2.71949,8.354367,-1.1191623874609233,-4.795264547846761,-0.4070828631083668,0.45920202742657035,-0.03713984520164807,-0.28157217876241436,-0.6323218410654985,-0.8345896572234928,4.921431591770853,-5.756021248994346,0.0,0.0,False,7,RP,RP 7
Caden Dana,LAA,3.70354,6.01732,4.66986,5.09643,15.2649,14.7868,0.0,0.169317,0.0,80.2181,350.698,78.238,49.3751,45.4251,14.4624,35.2874,0.40933,3.73756,69.0811,7.75049,3.95904,1.95767,1.62259,0.196982,0.100621,0.0963614806532859,0.251026,1.41521,0.279559,0.687732,,,5.216,0.0944501,0.0952983,999.0,2.30469,-0.709877,0.523064,2.30469,0.709877,4.30258,238.0,2.975,239,2.9875,,,,,,,,,,,,,,,,,,,Caden Dana,31508,702674,SP,8.3734,0.169317,-8.525050017053108,-10.077666042594394,0.42292417630812196,-0.5992089904687047,0.31401960616194896,-2.1448334345886124,-1.328879414704645,-3.23198509184744,4.8385671445016785,-8.07055223634912,0.0,0.0,False,7,SP,SP 7
Andrew Morris,MIN,0.925878,0.928104,0.305622,4.06438,15.3539,0.417944,0.0,0.842546,0.0,17.3315,73.2094,17.3691,8.50748,7.82688,2.07469,4.61501,0.427693,0.790613,14.7147,7.64111,2.39651,3.18843,1.07735,0.200994,0.0630385,0.1379556432366371,0.256167,1.26844,0.299805,0.706339,,,3.92898,0.0935492,-0.0177046,999.0,0.588425,-0.825798,1.24459,0.588425,0.825798,3.34055,73.00000000000001,4.294117647058824,75,4.411764705882353,,,,,,,,,,,,,,,,,,,Andrew Morris,sa3020569,702193,RP,1.2315,0.842546,0.14555036520989695,0.3662623110217589,-0.6255232299662299,-0.5121535673293692,-0.8865611617190862,0.03661929127621544,0.04829674286107377,-2.0258915763999203,4.921431591770853,-6.947323168170773,0.0,0.0,False,7,RP,RP 7
Jonathan Loáisiga,ARI,2.14983,2.20387,0.0,3.86424,50.374,0.0,1.07626,8.35408,5.47357,52.4403,224.793,52.5154,24.4736,22.5158,5.76182,16.9875,1.8748,2.6886,44.0503,7.56007,2.91546,2.59309,0.988865,0.195959,0.0755697,0.120389699935913,0.256027,1.32537,0.301044,0.732942,,,4.00911,0.0929139,0.377333,999.0,2.90664,-1.58055,0.836297,2.90664,1.58055,3.88494,238.2,4.5807692307692305,247,4.75,,,,,,,,,,,,,,,,,,,Jonathan Loaisiga,19753,642528,RP,2.14983,9.43034,1.6065575617065209,-1.8768878774673499,-0.4907102661045229,0.5983363855743926,-0.23873902940480954,0.40419685116761717,-0.2474935817016781,-0.07550378928684369,4.921431591770853,-4.996935381057696,0.0,0.0,False,7,RP,RP 7
Reiver Sanmartin,SFG,1.65439,1.35964,0.0,4.02314,26.1145,0.0,0.0,1.84595,0.206852,28.4286,122.356,29.218,13.8131,12.708,2.82864,9.2447,2.74336,1.16595,21.5879,6.83433,2.92671,2.33516,0.895499,0.176435,0.0755558,0.1008790880441665,0.261003,1.35296,0.301493,0.714428,,,4.0085,0.0927038,0.0644931,999.0,1.11107,0.423918,1.05946,1.11107,-0.423918,3.58738,116.9,4.175,123,4.392857142857143,,,,,,,,,,,,,,,,,,,Reiver Sanmartin,19754,665665,RP,1.65439,1.84595,0.36905818194651707,-1.8017188800096173,-0.5634420017721414,-0.3824031260980767,-0.7347793307757108,0.09285204501603678,-0.23758151149381768,-1.8978776247389373,4.921431591770853,-6.81930921650979,0.0,0.0,False,7,RP,RP 7
Justin Hagenman,NYM,0.622438,1.01509,0.0,4.11537,15.8961,0.0722728,0.144778,1.12971,0.0,19.2263,80.347,18.5374,9.55599,8.79151,2.80012,4.9989,0.28497,0.862019,17.4827,8.18377,2.34002,3.4973,1.31076,0.217589,0.0622164,0.1553730778396129,0.248871,1.22417,0.290339,0.712695,,,4.12435,0.0908202,-0.00728663,999.0,1.29513,-0.444238,1.25769,1.29513,0.444238,3.32308,74.29999999999998,3.9105263157894727,76,4.0,,,,,,,,,,,,,,,,,,,Justin Hagenman,21546,663795,RP,0.622438,1.274488,0.05252184552029564,1.2575703034011871,-0.7149349375174795,-0.4562990310844201,-0.8254350329797415,0.013214070309604068,0.16582800835732786,-1.956796614389539,4.921431591770853,-6.878228206160392,0.0,0.0,False,7,RP,RP 7
Anthony Nunez,BAL,1.06193,1.13031,0.0,4.0679,17.1789,0.0,0.0,1.25174,0.0,17.7395,75.579,15.7144,8.71526,8.01804,2.08176,7.18517,0.448507,1.05765,18.7093,9.49205,3.64535,2.60388,1.05617,0.247546,0.0950683,0.1524781212210655,0.233372,1.29088,0.29289,0.709744,,,3.94535,0.0902267,0.0148467,999.0,1.27972,-1.50622,1.19278,1.27972,1.50622,3.40963,85.00000000000003,4.722222222222224,82,4.555555555555555,,,,,,,,,,,,,,,,,,,Anthony Nunez,sa3010171,689296,RP,1.06193,1.25174,0.14206896135020008,-0.023048659586846855,-0.6504164973995378,-0.4592405810853464,-0.7983478546879497,0.03574339830401622,-0.003039284010012648,-2.021240886656535,4.921431591770853,-6.942672478427388,0.0,0.0,False,7,RP,RP 7
Jordan Hicks,CHW,2.24597,3.42049,0.275935,4.30345,48.7723,0.452852,1.00361,7.10974,1.23788,55.1335,242.455,53.2006,28.6551,26.3627,5.44331,24.8356,0.803739,3.98055,49.9327,8.15102,4.05417,2.01053,0.888567,0.205946,0.102434,0.1035123914480209,0.249021,1.41541,0.301759,0.701281,,,4.17527,0.0899238,-0.0264714,999.0,3.5342,-1.02613,0.607713,3.5342,1.02613,4.18972,253.7,4.612727272727272,256,4.654545454545454,,,,,,,,,,,,,,,,,,,Jordan Hicks,19618,663855,RP,2.521905,8.11335,-1.0014797051438227,-6.937088451102431,-0.43608879721115706,0.42803605430483443,-0.10883717257810414,-0.2519641704573746,-0.9147508958614121,-1.4259242065519924,4.921431591770853,-6.3473557983228455,0.0,0.0,False,7,RP,RP 7
Seth Halvorsen,COL,2.42699,3.24048,0.0,4.63594,46.9033,0.0,5.231,4.52227,4.13771,48.9652,216.007,49.4649,27.4155,25.2222,6.4686,21.8763,1.05228,2.1766,44.1605,8.11687,4.02095,2.01865,1.18895,0.20444,0.101276,0.1031643524765968,0.257692,1.45698,0.304238,0.705236,,,4.52244,0.0887571,0.218131,694.6099853515625,4.1049,0.746402,0.77906,4.1049,-0.746402,3.96125,222.4,4.538775510204082,228,4.653061224489796,,,,,,,,,,,,,,,,,,,Seth Halvorsen,33294,678020,RP,2.42699,9.75327,-2.698376481056131,-8.196610652070342,-0.45002253831177874,0.6400945507668987,-0.2363054674875134,-0.6788896351457852,-1.0808362888636645,-2.032696738179087,4.921431591770853,-6.95412832994994,0.0,0.0,False,7,RP,RP 7
Kyle Backhus,PHI,1.65541,3.02476,0.0,4.32626,38.8931,0.0,0.457235,8.12732,1.78004,37.7266,163.017,36.2628,19.712,18.135,4.42996,14.562,0.682437,2.40759,34.8302,8.30904,3.4739,2.39185,1.05681,0.21366,0.0893284,0.1243316754698753,0.248295,1.34719,0.298096,0.69724,,,4.1646,0.0883158,0.0397479,999.0,1.51227,-1.36353,0.868895,1.51227,1.36353,3.84147,189.4,4.984210526315789,189,4.973684210526316,,,,,,,,,,,,,,,,,,,Kyle Backhus,29615,679775,RP,1.65541,8.584555,-0.7808938109149415,-2.17329516608524,-0.563292263417586,0.48896769964448933,-0.442347779256555,-0.1964665487197514,-0.28657897533825166,-1.0573944766683814,4.921431591770853,-5.9788260684392345,0.0,0.0,False,7,RP,RP 7
Sammy Peralta,MIL,0.831564,1.04578,0.0,4.21334,13.4711,0.0,0.0,0.994141,1.11969,15.9285,67.5859,15.3136,8.10536,7.45693,1.92928,5.46031,0.691697,0.459943,13.655,7.71539,3.0852,2.50078,1.09009,0.202039,0.0807906,0.1212485805153846,0.248332,1.30419,0.290449,0.700969,,,4.1102,0.0866618,0.0396432,999.0,1.63084,-1.64915,1.24064,1.63084,1.64915,3.34581,71.80000000000001,4.487500000000001,71,4.4375,,,,,,,,,,,,,,,,,,,Sammy Peralta,25589,671111,RP,0.831564,0.994141,-0.1298748073019741,-0.2328197679883394,-0.6842347579735863,-0.49255077708889006,-0.9099626641125411,-0.03267544805658694,-0.030700501059308296,-2.337322145566038,4.921431591770853,-7.258753737336891,0.0,0.0,False,7,RP,RP 7
Tanner McDougal,CHW,0.942084,1.48498,1.39312,4.72979,9.12307,3.90121,0.0,0.441949,0.0,24.6181,108.793,24.3035,14.0626,12.9376,3.43968,11.5046,0.237111,1.34641,20.9373,7.65438,4.20591,1.81991,1.25749,0.192451,0.105747,0.0867034569382667,0.253314,1.45455,0.291537,0.701637,,,4.81659,0.0845606,0.105941,999.0,1.51626,3.06375,1.00223,1.51626,-3.06375,3.6637,88.69999999999999,3.5479999999999996,89,3.56,,,,,,,,,,,,,,,,,,,Tanner McDougal,sa3017471,701780,SP,2.335204,0.441949,-1.6133587067608843,-4.061067106715238,-0.4634969349894552,-0.5639548731901511,-0.7491466210061362,-0.4059079640967965,-0.53550777104921,-2.8477361673146984,4.8385671445016785,-7.686303311816377,0.0,0.0,False,7,SP,SP 7
Alex Lange,KCR,2.42203,2.47491,0.0,4.0043,45.6714,0.0,0.217777,5.19368,1.43441,45.9229,202.252,40.6087,22.2088,20.4321,4.40106,25.3438,0.613316,2.66367,47.5814,9.32504,4.96689,1.87744,0.862523,0.235258,0.125308,0.1099502742290496,0.233056,1.43616,0.296148,0.73161,,,4.13841,0.0844047,0.208463,999.0,2.33006,-3.59318,0.706837,2.33006,3.59318,4.05755,216.60000000000005,4.7086956521739145,210,4.565217391304348,,,,,,,,,,,,,,,,,,,Alex Lange,19883,656638,RP,2.42203,5.4114569999999995,0.6922759869888707,-6.7312027896130635,-0.45075067776138195,0.07865354346200272,-0.1607612572980538,0.1741710230305285,-0.8876020286356399,-1.3321235210558442,4.921431591770853,-6.253555112826697,0.0,0.0,False,7,RP,RP 7
Dylan Dodd,ATL,1.72589,1.60761,0.0,4.18356,36.9487,0.0,0.0,2.91942,0.742258,40.941,173.03,41.5366,20.6859,19.031,5.38797,11.175,0.683437,1.18031,35.2097,7.74009,2.45658,3.15076,1.18443,0.203489,0.0645839,0.1389048397541046,0.258513,1.2875,0.301045,0.709028,,,4.0313,0.0839072,0.0767801,999.0,1.64269,-0.60172,0.910889,1.64269,0.60172,3.78548,178.70000000000005,4.358536585365854,186,4.536585365853658,,,,,,,,,,,,,,,,,,,Dylan Dodd,29928,689266,RP,1.72589,2.91942,-0.1982808711272288,0.08513385370809841,-0.5529456367224186,-0.24359243155375004,-0.4339672280077901,-0.049885858849194366,0.01122607409384195,-1.3211178726854766,4.921431591770853,-6.24254946445633,0.0,0.0,False,7,RP,RP 7
Porter Hodge,CHC,1.86612,1.79076,0.0,4.05408,29.7905,0.0,0.426444,4.79722,1.71319,31.6015,136.459,26.8836,15.4728,14.235,3.72815,16.2793,0.714589,1.33575,34.5116,9.82877,4.63628,2.11997,1.06176,0.252908,0.119298,0.1336101368069648,0.226209,1.36585,0.287274,0.729771,,,4.15685,0.0817452,0.17631,999.0,1.81577,-0.67584,0.921051,1.81577,0.67584,3.77193,156.40000000000003,4.887500000000001,147,4.59375,,,,,,,,,,,,,,,,,,,Porter Hodge,26413,687863,RP,1.86612,5.223664,0.30158126452878287,-2.410207469823489,-0.5323595490172067,0.05436998010153374,-0.4493834673404982,0.0758753999229257,-0.31781913374371557,-1.2877021558054738,4.921431591770853,-6.209133747576327,0.0,0.0,False,7,RP,RP 7
Kyle Nicolas,CIN,1.68706,1.93175,0.0,4.37947,34.6711,0.0,0.103598,2.1984,1.37191,37.8298,166.689,35.5541,20.009,18.4083,4.79673,19.0534,0.533071,1.99708,38.127,9.0707,4.53294,2.00106,1.14118,0.228731,0.114305,0.1144262328743934,0.244125,1.4435,0.299443,0.722426,,,4.43715,0.0815815,0.102476,999.0,1.94185,-1.15618,0.767687,1.94185,1.15618,3.97642,147.1,3.871052631578947,146,3.8421052631578942,,,,,,,,,,,,,,,,,,,Kyle Nicolas,27775,693312,RP,1.68706,2.3019979999999998,-1.0067221660088659,-5.822910411592131,-0.5586459703571143,-0.323431436506797,-0.36954408661642796,-0.2532831310875615,-0.7678311373812982,-2.3683594715711136,4.921431591770853,-7.2897910633419665,0.0,0.0,False,7,RP,RP 7
Dane Dunning,SEA,0.660494,0.709715,0.512887,4.42546,6.47993,1.95521,0.00770519,0.242645,0.0,14.4532,62.164,14.2316,7.72492,7.10693,1.88273,5.00964,0.302328,0.863729,12.4592,7.75829,3.11949,2.48704,1.17237,0.200424,0.0805876,0.1198365911841392,0.252824,1.33128,0.294381,0.693529,,,4.32361,0.0814984,-0.0352886,999.0,1.56158,-1.49295,1.24706,1.56158,1.49295,3.33726,48.6,3.4714285714285715,50,3.5714285714285716,,,,,,,,,,,,,,,,,,,Dane Dunning,19409,641540,SP,1.173381,0.25035019,-0.45850773104164666,-0.6026685500008814,-0.6340552333274166,-0.58873056686577,-0.936369681723274,-0.11535682601137726,-0.07947016964057879,-2.543331401631446,4.8385671445016785,-7.381898546133124,0.0,0.0,False,7,SP,SP 7
Chase Lee,TOR,1.55507,1.1547,0.0,4.02956,22.2049,0.0,0.0,1.21729,0.84367,24.2286,102.241,22.8746,11.7911,10.8479,3.33152,7.60455,0.602782,1.25686,23.3569,8.67621,2.8248,3.07144,1.23753,0.228449,0.0743785,0.1540707796812057,0.244963,1.25798,0.293037,0.72392,,,4.09186,0.0801833,0.0303829,999.0,2.98843,-2.34496,1.11826,2.98843,2.34496,3.50899,103.90000000000002,4.3291666666666675,104,4.333333333333333,,,,,,,,,,,,,,,,,,,Chase Lee,29574,695445,RP,1.55507,1.21729,0.2971726334434133,0.7655911115495998,-0.5780224070412111,-0.4636953198549925,-0.6957142578927986,0.07476622410181588,0.10095375892781493,-1.8245973582902655,4.921431591770853,-6.746028950061119,0.0,0.0,False,7,RP,RP 7
Brandon Young,BAL,1.01343,1.69598,0.748834,4.55002,12.6735,2.29681,0.0,0.453363,0.0,21.2012,90.2207,21.3444,11.6505,10.7185,3.23942,6.55163,0.158428,0.629082,18.6463,7.91541,2.78119,2.84605,1.37514,0.206674,0.0726178,0.1340559348464012,0.257038,1.31578,0.296054,0.695418,,,4.37856,0.078946,-0.0379752,999.0,1.89494,-2.82155,1.12635,1.89494,2.82155,3.4982,77.9,3.7095238095238097,80,3.8095238095238098,,,,,,,,,,,,,,,,,,,Brandon Young,27819,687064,RP,1.762264,0.453363,-0.9660209497799929,-0.5553662697726932,-0.5476058495571231,-0.562478925778925,-0.7997390924446615,-0.2430430352263663,-0.07323271086806649,-2.408390786155272,4.921431591770853,-7.329822377926124,0.0,0.0,False,7,RP,RP 7
Gabriel Hughes,COL,0.907118,1.44047,0.57623,5.03046,14.824,1.5978,0.0,0.710821,0.0,21.4326,94.2592,23.5704,13.0212,11.9795,3.10821,7.52478,0.411543,0.795126,16.0142,6.7247,3.15982,2.12819,1.3052,0.169895,0.0798308,0.0900645703077316,0.274269,1.45084,0.306244,0.675822,,,4.69062,0.0788372,0.057353,999.0,1.31614,0.754661,1.04767,1.31614,-0.754661,3.60311,65.1,3.0999999999999996,75,3.5714285714285716,,,,,,,,,,,,,,,,,,,Gabriel Hughes,sa3020661,687312,RP,1.4833479999999999,0.710821,-2.1205777459886526,-3.456107236926692,-0.5885513622033962,-0.529186962523321,-0.8578641225945276,-0.5335201601331184,-0.4557354592573181,-3.0944591694374495,4.921431591770853,-8.015890761208302,0.0,0.0,False,7,RP,RP 7
Rob Zastryzny,MIL,2.87338,2.03462,0.0,4.10102,46.4977,0.39514,0.0322672,4.01507,2.18962,45.3366,193.394,42.2256,22.4549,20.6585,6.0473,17.2039,2.08354,2.03508,41.4655,8.23153,3.41524,2.41023,1.20048,0.214409,0.0889579,0.1254513040184974,0.24246,1.31085,0.285673,0.725515,,,4.31301,0.0786262,0.162774,999.0,1.01979,-0.182661,0.757092,1.01979,0.182661,3.99054,191.0,4.2444444444444445,188,4.177777777777778,,,,,,,,,,,,,,,,,,,Rob Zastryzny,15094,642239,RP,2.87338,4.047337199999999,0.19618000434901728,-0.9642841031723144,-0.38449145587057854,-0.09774115492702352,-0.29581952708019177,0.04935729780867201,-0.12715417331915663,-0.8287370280311394,4.921431591770853,-5.750168619801992,0.0,0.0,False,7,RP,RP 7
AJ Blubaugh,HOU,2.4779,2.66735,0.83259,4.43883,30.3537,2.48895,0.0,2.0122,0.478967,43.3698,186.544,40.6784,23.2501,21.3901,6.27563,17.9817,0.65487,1.67752,40.3773,8.379,3.73152,2.24547,1.30231,0.21645,0.0963939,0.1200556084513664,0.243752,1.35256,0.286138,0.709986,,,4.51412,0.07824,0.0132794,747.3800048828125,1.61633,0.10529,0.695524,1.61633,-0.10529,4.07264,165.79999999999998,3.855813953488372,165,3.8372093023255816,,,,,,,,,,,,,,,,,,,AJ Blubaugh,31764,805123,RP,3.31049,2.0122,-1.4401412282214376,-2.731231924267857,-0.32032269885121645,-0.36090529386429815,-0.3198503989350165,-0.3623278515246281,-0.3601506405950861,-1.760202233565815,4.921431591770853,-6.681633825336668,0.0,0.0,False,7,RP,RP 7
Adbert Alzolay,NYM,2.10806,2.6972,0.0,4.12538,40.7693,0.0,0.183292,2.01646,2.44866,42.1486,177.534,39.0866,20.9998,19.3199,6.04343,13.5274,0.917938,2.26793,39.7225,8.48196,2.88851,2.93644,1.29046,0.223745,0.076196,0.1475494354963302,0.241665,1.2483,0.284921,0.71601,,,4.23851,0.0770184,0.0967395,999.0,1.13622,-0.396507,0.892963,1.13622,0.396507,3.80938,175.6,4.180952380952381,172,4.095238095238095,,,,,,,,,,,,,,,,,,,Adbert Alzolay,17859,640470,RP,2.10806,2.199752,0.06831097372333154,1.7400318142302698,-0.4968421985258785,-0.3366528942786762,-0.33431043834922275,0.017186486894273413,0.22944722012900673,-0.9218760416575802,4.921431591770853,-5.843307633428433,0.0,0.0,False,7,RP,RP 7
Mitch Spence,KCR,1.28218,1.36688,0.049962,4.5127,20.5825,0.511826,0.00188015,1.40021,0.0,25.2894,109.233,26.7056,13.783,12.6804,3.36572,7.70826,0.505116,1.22696,20.3042,7.22585,2.74322,2.63408,1.19779,0.185879,0.0705671,0.115312285721302,0.266263,1.3608,0.304588,0.694597,,,4.31949,0.0767992,-0.0450968,999.0,1.67772,-0.775886,1.04684,1.67772,0.775886,3.60421,94.9,3.796,103,4.12,,,,,,,,,,,,,,,,,,,Mitch Spence,27707,687765,RP,1.3321420000000002,1.40209015,-1.0473630165918033,-1.8011314120327857,-0.6107487520454716,-0.43979876273332563,-0.7631274563041416,-0.26350803944188644,-0.2375040457296308,-2.4554830304464814,4.921431591770853,-7.376914622217335,0.0,0.0,False,7,RP,RP 7
Tim Mayza,PHI,1.08482,0.893969,0.0,4.15769,22.5199,0.0,0.0,1.51851,0.512787,22.2651,95.9364,22.7278,11.1801,10.2857,2.44531,7.48982,0.476284,0.927377,17.9536,7.25722,3.02754,2.39707,0.988444,0.187141,0.0780707,0.1090703457593917,0.259689,1.35717,0.302181,0.710508,,,4.08431,0.0766646,0.0809368,999.0,1.00429,-2.80543,1.13988,1.00429,2.80543,3.48015,98.40000000000002,4.4727272727272736,104,4.7272727272727275,,,,,,,,,,,,,,,,,,,Tim Mayza,15042,641835,RP,1.08482,1.51851,-0.04383061048178837,-1.504971092396462,-0.6470561925605427,-0.4247444806041126,-0.8150360828267945,-0.011027426071602517,-0.19845121836329155,-2.1937724912962056,4.921431591770853,-7.115204083067058,0.0,0.0,False,7,RP,RP 7
Jonathan Bowlan,PHI,2.91871,2.37129,0.0,4.1827,48.5308,0.0312535,0.168205,6.60438,2.03788,54.0284,229.591,51.434,27.2928,25.1094,7.81965,18.9663,0.395425,1.96817,51.1408,8.519,3.1594,2.6964,1.30259,0.222748,0.0826092,0.1401383057236671,0.246501,1.30302,0.291353,0.725071,,,4.28596,0.0740567,0.198677,999.0,1.76295,-0.842791,0.627304,1.76295,0.842791,4.16359,235.60000000000005,4.362962962962964,233,4.314814814814815,,,,,,,,,,,,,,,,,,,Jonathan Bowlan,24607,680742,RP,2.91871,6.772585,-0.25652190267972647,-0.7263043637995458,-0.3778369072313626,0.25466137138800937,-0.08215853235772758,-0.06453882997415536,-0.09577325878670462,-0.3573900303538298,4.921431591770853,-5.278821622124683,0.0,0.0,False,7,RP,RP 7
Trey Gibson,BAL,0.09884,0.721672,0.595616,4.435,1.4544,1.4544,0.0,0.0,0.0,7.23654,31.3645,7.06519,3.87609,3.566,0.890223,2.67346,0.0277546,0.567547,6.29103,7.82408,3.32495,2.35314,1.10716,0.200578,0.0852384,0.1153395175933837,0.25122,1.34576,0.294857,0.690335,,,4.33928,0.0738023,0.0260711,999.0,0.823268,0.237519,1.37979,0.823268,-0.237519,3.16029,21.3,3.042857142857143,22,3.142857142857143,,,,,,,,,,,,,,,,,,,Trey Gibson,sa3023250,694346,SP,0.6944560000000001,0.0,-0.23721649972269937,-0.40654584031379754,-0.7043625288720118,-0.6211034172977374,-1.0725822371807028,-0.05968174718313251,-0.053608682411521336,-2.6748292990966407,4.8385671445016785,-7.513396443598319,0.0,0.0,False,7,SP,SP 7
Peyton Gray,TEX,1.43739,1.45184,0.0,4.22079,20.4262,0.0,0.0,0.580586,0.0,21.6829,92.8217,21.0304,11.053,10.1688,2.87291,7.96282,0.544209,0.731237,20.6931,8.58916,3.30515,2.59872,1.19247,0.222934,0.0857861,0.1371478289365768,0.249982,1.33714,0.299818,0.718437,,,4.15178,0.0734868,0.0186004,999.0,0.115783,2.71475,1.09786,0.115783,-2.71475,3.53619,90.3,4.104545454545455,90,4.090909090909091,,,,,,,,,,,,,,,,,,,Peyton Gray,sa3008046,682608,RP,1.43739,0.580586,-0.19474060722905195,-1.0313651240427124,-0.5952981026922796,-0.5460276854163505,-0.7545393235488196,-0.04899515716874821,-0.13599973213954947,-2.1026972607229704,4.921431591770853,-7.024128852493823,0.0,0.0,False,7,RP,RP 7
Bailey Falter,KCR,3.47561,3.46235,2.21094,4.64101,37.5578,5.11805,0.0,1.97805,0.0,65.8939,281.393,66.6126,36.9341,33.9794,10.3293,21.4908,0.236913,1.538,48.7149,6.65364,2.93528,2.26678,1.4108,0.173121,0.076373,0.0967479199171066,0.257825,1.33705,0.282377,0.694834,,,4.74283,0.0722246,0.0303449,999.0,0.950578,-0.500267,0.433014,0.950578,0.500267,4.42265,228.2000000000001,3.4575757575757593,237,3.590909090909091,,,,,,,,,,,,,,,,,,,Bailey Falter,20070,663559,RP,5.68655,1.97805,-3.668432729878858,-3.127881549477139,0.028488394016540994,-0.36532123955322165,-0.13573001924673625,-0.922947918879563,-0.4124543704034645,-1.6628888134812903,4.921431591770853,-6.584320405252143,0.0,0.0,False,7,RP,RP 7
Cionel Pérez,WSN,2.2102,2.1997,0.0,4.33176,51.7599,0.0,1.4607,11.8484,1.90607,52.5133,233.694,50.8266,27.4728,25.275,4.26068,27.1168,1.455,2.93697,45.2366,7.75289,4.64742,1.66821,0.730218,0.193572,0.116035,0.0775366052985191,0.24959,1.48426,0.302096,0.70119,,,4.18395,0.0717063,0.100554,999.0,4.58889,-3.0271,0.668059,4.58889,3.0271,4.10925,263.4000000000001,4.969811320754719,266,5.018867924528302,,,,,,,,,,,,,,,,,,,Cionel Perez,19614,672335,RP,2.2102,13.3091,-1.119062689474255,-10.223248467796829,-0.48184781074715544,1.099899884853136,-0.2125418016145333,-0.28154709555765434,-1.348076467591356,-1.4753576202204215,4.921431591770853,-6.396789211991274,0.0,0.0,False,7,RP,RP 7
Miguel Ullola,HOU,1.45827,1.54316,0.124905,3.97901,14.4672,0.17081,0.0,0.0,0.0,16.6354,70.2147,12.2317,7.99425,7.35471,1.81826,8.56515,0.346019,1.00889,18.7857,10.1634,4.63388,2.19328,0.983707,0.267547,0.121985,0.1455617994070053,0.201708,1.25016,0.260097,0.701463,,,4.02409,0.0712195,0.073785,999.0,1.37907,-0.897263,1.18981,1.37907,0.897263,3.41359,78.00000000000001,4.588235294117648,67,3.941176470588235,,,,,,,,,,,,,,,,,,,Miguel Ullola,sa3016504,699044,RP,1.583175,0.0,0.2975167603734667,0.6558450086704256,-0.5738965281639739,-0.6211034172977374,-0.7966607028686989,0.07485280364608182,0.08648221994807634,-1.9920670320247242,4.921431591770853,-6.913498623795578,0.0,0.0,False,7,RP,RP 7
Tyler Uberstine,BOS,0.0988291,0.569259,0.467583,4.7278,2.18682,1.63487,0.0,0.207161,0.0,8.46172,36.1941,8.45017,4.83155,4.44503,1.29471,2.89522,0.032542,0.225113,7.1708,7.62696,3.07939,2.47677,1.37707,0.198121,0.0799914,0.1181292384862899,0.255495,1.34079,0.290775,0.683308,,,4.53563,0.0709002,0.0128078,999.0,0.947871,0.741967,1.35483,0.947871,-0.741967,3.19356,31.100000000000005,3.8875000000000006,32,4.0,,,,,,,,,,,,,,,,,,,Tyler Uberstine,sa3017643,700413,SP,0.5664121,0.207161,-0.5526679153619775,-0.43331704661344694,-0.7231596689669798,-0.5943153726458168,-1.0531541539866953,-0.13904676461974727,-0.05713883560453752,-2.734840048625422,4.8385671445016785,-7.5734071931271005,0.0,0.0,False,7,SP,SP 7
Ryan Watson,BOS,1.69366,1.39363,0.0,4.31761,25.634,0.0,0.0,1.90908,0.0,26.9318,115.879,27.0396,14.0436,12.9201,3.36351,9.39702,0.672745,1.07076,23.2093,7.75604,3.14028,2.46986,1.12401,0.200289,0.0810935,0.1191959381103515,0.256516,1.35292,0.300313,0.705789,,,4.20118,0.0700076,0.0490289,999.0,1.12141,0.589831,1.01089,1.12141,-0.589831,3.65214,116.7,4.322222222222222,120,4.444444444444445,,,,,,,,,,,,,,,,,,,Ryan Watson,sa3015070,670245,RP,1.69366,1.90908,-0.5315646678152547,-1.705883652541562,-0.5576770751217551,-0.3742397688113492,-0.6989737292085239,-0.13373735871291162,-0.22494431351091546,-2.072314198284469,4.921431591770853,-6.993745790055321,0.0,0.0,False,7,RP,RP 7
Joey Lucchesi,SFG,1.47094,1.26869,0.0250997,4.16127,26.7261,0.126566,0.0,1.70501,0.0,29.9931,129.079,29.9154,15.0736,13.8677,3.40233,10.6479,0.501922,1.23612,23.0971,6.93073,3.19511,2.16917,1.02093,0.178937,0.0824912,0.0964462235569953,0.255261,1.35242,0.292329,0.712002,,,4.25833,0.069538,0.0690997,999.0,1.27063,-0.203219,1.03237,1.27063,0.203219,3.62351,125.1,4.17,129,4.3,,,,,,,,,,,,,,,,,,,Joey Lucchesi,19320,664192,RP,1.4960396999999999,1.70501,-0.07097720123607307,-1.8847694768654284,-0.5866881913460316,-0.400628115421558,-0.7014514574038108,-0.01785728810976224,-0.2485328794071971,-2.0344848372979265,4.921431591770853,-6.955916429068779,0.0,0.0,False,7,RP,RP 7
Grant Anderson,MIL,2.63414,3.25418,0.0,4.2531,52.94,0.0,0.3247,7.80935,2.16213,56.2486,240.614,52.1946,28.8926,26.5812,7.72302,22.1026,1.86976,2.63387,55.6307,8.90114,3.53651,2.51693,1.23571,0.231203,0.091859,0.139343723654747,0.241778,1.32087,0.29157,0.715202,,,4.26134,0.0675816,0.0364234,999.0,1.32042,0.022665,0.573469,1.32042,-0.022665,4.23537,249.80000000000013,4.460714285714288,245,4.375,,,,,,,,,,,,,,,,,,,Grant Anderson,20546,681982,RP,2.63414,8.13405,-0.7070375420162436,-1.7600767288613919,-0.41961244012925986,0.43071277687469434,0.016992553417844423,-0.17788491053921054,-0.2320904188925143,-0.32251544585273256,4.921431591770853,-5.2439470376235855,0.0,0.0,False,7,RP,RP 7
Matt Waldron,SDP,0.75316,1.51749,0.881953,4.94529,4.2125,3.4059,0.0,0.0323257,0.0,17.8675,77.2464,18.3749,10.6715,9.81779,2.85933,6.25085,0.0986667,0.626043,13.8521,6.9774,3.1486,2.21603,1.44027,0.179324,0.080921,0.0984027385711669,0.261121,1.37824,0.289157,0.676646,,,4.81963,0.0669976,0.0129109,999.0,2.73352,-1.54281,1.14947,2.73352,1.54281,3.46737,56.500000000000014,3.1388888888888897,58,3.2222222222222223,,,,,,,,,,,,,,,,,,,Matt Waldron,25550,663362,SP,1.635113,0.0323257,-1.598801479076374,-1.584162297424845,-0.5662719098709318,-0.616923372332688,-0.9056100774165423,-0.4022454836902065,-0.20889367217581947,-2.9755353202669657,4.8385671445016785,-7.814102464768644,0.0,0.0,False,7,SP,SP 7
Dylan Ross,NYM,0.944282,0.899792,0.0,3.99638,27.8724,0.0,0.0,2.01632,0.7565,28.9544,125.687,24.9142,13.9749,12.8569,3.24808,15.5145,0.73082,1.00123,30.5113,9.48394,4.82245,1.96662,1.00961,0.242756,0.123438,0.1193177625536918,0.228212,1.39629,0.287304,0.737256,,,4.19715,0.0667977,0.118037,999.0,2.22885,-1.28467,1.02654,2.22885,1.28467,3.63128,131.70000000000002,4.541379310344828,125,4.310344827586207,,,,,,,,,,,,,,,,,,,Dylan Ross,sa3025659,697811,RP,0.944282,2.01632,0.46202437275674124,-3.0896572141910097,-0.6676874953767379,-0.36037253555570764,-0.5377226482639088,0.11624158454216849,-0.4074139640149404,-2.027234073108507,4.921431591770853,-6.94866566487936,0.0,0.0,False,7,RP,RP 7
Austin Peterson,CLE,1.11071,1.69318,0.95783,4.55632,12.5691,2.88215,0.0,0.966934,0.0,25.9585,110.496,26.9641,14.2845,13.1417,4.11695,7.03338,0.311439,0.959544,18.9698,6.57696,2.43852,2.69711,1.42738,0.171678,0.0636526,0.1080253571271896,0.263056,1.30968,0.287687,0.698207,,,4.65909,0.0666799,0.0774882,999.0,0.620753,-0.517996,1.09004,0.620753,0.517996,3.54661,91.0,3.4999999999999996,96,3.692307692307693,,,,,,,,,,,,,,,,,,,Austin Peterson,sa3020868,804926,RP,2.06854,0.966934,-1.2008793188528897,-0.5218927954499903,-0.5026438257533618,-0.49606892157962335,-0.7925951969796406,-0.30213149586564225,-0.06881877109490123,-2.2059862679259354,4.921431591770853,-7.127417859696788,0.0,0.0,False,7,RP,RP 7
Yuki Matsui,SDP,2.1955,1.97523,0.0,4.13573,46.3869,0.0,0.202559,4.79617,2.35525,47.8139,204.506,42.2972,23.8823,21.9717,6.39251,21.7326,1.32957,1.33806,48.3102,9.09342,4.09072,2.22294,1.20326,0.236229,0.106269,0.1299600452184677,0.233125,1.33914,0.28331,0.72889,,,4.29995,0.0664781,0.110559,999.0,1.15469,-0.372856,0.715572,1.15469,0.372856,4.0459,219.20000000000005,4.566666666666667,209,4.354166666666667,,,,,,,,,,,,,,,,,,,Yuki Matsui,33826,673513,RP,2.1955,4.998729,0.022529480374436642,-2.369905204860311,-0.4840058046804551,0.025283574727067604,-0.1446670655981859,0.005668234517608878,-0.31250472363633797,-0.8821957250634136,4.921431591770853,-5.803627316834266,0.0,0.0,False,7,RP,RP 7
Welinton Herrera,COL,0.741369,1.3406,0.0,4.47586,16.8485,0.0,0.0,0.842633,0.0,17.5222,77.333,17.7614,9.47185,8.7141,2.18402,7.5854,0.451412,0.996588,16.9205,8.69096,3.89612,2.23067,1.12179,0.218801,0.0980875,0.1207131445407867,0.258344,1.44656,0.313766,0.712227,,,4.29351,0.0664666,0.162799,999.0,0.45441,0.492847,1.14092,0.45441,-0.492847,3.47877,72.80000000000003,4.044444444444446,75,4.166666666666667,,,,,,,,,,,,,,,,,,,Welinton Herrera,sa3016061,700327,RP,0.741369,0.842633,-0.6539482909568786,-2.7505046009759337,-0.6974755921786181,-0.5121423173359596,-0.8378501737229712,-0.16452808559840437,-0.3626920091257928,-2.649662913592559,4.921431591770853,-7.571094505363412,0.0,0.0,False,7,RP,RP 7
Didier Fuentes,ATL,0.504741,1.0071,0.332303,4.83067,2.68882,1.61875,0.0,0.0249789,0.0,9.011,39.0079,9.26198,5.25714,4.83657,1.46967,3.01086,0.0722882,0.513018,8.03184,8.02203,3.00718,2.66762,1.46788,0.205903,0.077186,0.1287169829010963,0.261018,1.36198,0.299906,0.686783,,,4.64592,0.066289,0.0596253,747.4199829101562,2.67928,-1.85193,1.30432,2.67928,1.85193,3.26091,34.90000000000001,3.877777777777779,36,4.0,,,,,,,,,,,,,,,,,,,Didier Fuentes,30661,800311,SP,0.837044,0.0249789,-0.6915410053425046,-0.6524260199857413,-0.6834302813236217,-0.617873389017531,-1.0341396879860718,-0.17398610760999875,-0.08603137908244696,-2.9145768529814924,4.8385671445016785,-7.753143997483171,0.0,0.0,False,7,SP,SP 7
Nestor Cortes,,1.15423,0.833218,0.705296,4.50251,2.72705,2.50086,0.0,0.0,0.0,13.1021,54.7145,11.9425,7.12468,6.5547,2.44735,4.18997,0.0476626,0.454876,11.3608,7.80388,2.87814,2.71143,1.68112,0.207638,0.0765787,0.1310593485832214,0.238518,1.23129,0.261852,0.70893,,,4.89275,0.0649955,0.109375,999.0,1.77431,0.40368,1.25453,1.77431,-0.40368,3.32729,50.39999999999999,3.876923076923077,49,3.769230769230769,,,,,,,,,,,,,,,,,,,Nestor Cortes,17874,641482,SP,1.8595260000000002,0.0,-0.5277790821327304,0.7637486225218932,-0.5333275634387153,-0.6211034172977374,-0.9606258015958521,-0.1327849360614156,0.10071080130941501,-2.3635784456746647,4.8385671445016785,-7.202145590176343,0.0,0.0,False,7,SP,SP 7
Braden Nett,ATH,1.18679,1.46692,1.29635,4.75569,11.6258,2.69635,0.0,0.640612,0.0,23.9304,106.855,24.147,13.7446,12.645,2.96157,11.8183,0.332376,1.2527,19.9128,7.48904,4.44475,1.68492,1.11382,0.186353,0.110601,0.075752317905426,0.257474,1.50292,0.298766,0.698345,,,4.71839,0.064602,0.00313167,999.0,1.98822,-1.66766,0.974885,1.98822,1.66766,3.70015,83.30000000000001,3.4708333333333337,86,3.5833333333333335,,,,,,,,,,,,,,,,,,,Braden Nett,sa3020336,804556,RP,2.4831399999999997,0.640612,-1.6370983405003092,-5.105111929049697,-0.4417795886958076,-0.5382657072048329,-0.7717707969069522,-0.41188066338505325,-0.6731794964829747,-3.0132866702535126,4.921431591770853,-7.934718262024365,0.0,0.0,False,7,RP,RP 7
Carson Seymour,SFG,1.35876,1.86316,0.567687,4.17283,16.8028,1.29286,0.0,0.71945,0.0,26.291,114.108,25.8538,13.2497,12.1898,3.05643,10.4462,0.398279,1.30116,22.1359,7.57761,3.57598,2.11903,1.04628,0.19399,0.0915469,0.1024435609579086,0.252576,1.3807,0.295424,0.719849,,,4.30299,0.0644709,0.121791,999.0,1.43603,-0.783665,1.05153,1.43603,0.783665,3.59796,102.9,3.957692307692308,106,4.076923076923077,,,,,,,,,,,,,,,,,,,Carson Seymour,30084,693313,RP,1.926447,0.71945,-0.09603046292972894,-2.395627128115096,-0.5235034061590998,-0.5280711442114697,-0.7226777706062162,-0.024160485536001634,-0.31589651437195326,-2.2287812301995222,4.921431591770853,-7.150212821970375,0.0,0.0,False,7,RP,RP 7
Joel Payamps,ATL,2.42172,2.57019,0.0,4.19373,51.1345,0.0,0.350716,9.68124,0.962903,50.8757,215.464,49.016,25.768,23.7066,6.68575,16.0748,1.46203,2.32461,46.9006,8.2968,2.84366,2.91765,1.18272,0.217673,0.0746057,0.1430672109127044,0.248731,1.27941,0.29503,0.705586,,,4.08474,0.064323,0.107841,999.0,1.57277,-2.87179,0.738205,1.57277,2.87179,4.01573,243.9000000000001,4.782352941176472,244,4.784313725490196,,,,,,,,,,,,,,,,,,,Joel Payamps,14332,606303,RP,2.42172,10.031956000000001,-0.3039530547668009,0.5175337612930109,-0.4507961864769821,0.6761315124144346,-0.17579545832614127,-0.0764721231083792,0.06824397225410424,0.04878385547064169,4.921431591770853,-4.872647736300211,0.0,0.0,False,7,RP,RP 7
Angel Bastardo,TOR,0.734171,0.808319,0.0,4.16113,13.9365,0.273167,0.0,1.25598,0.0,16.182,69.5209,14.9721,8.1323,7.48171,1.91742,6.7868,0.364381,0.672414,15.6406,8.6989,3.77464,2.30456,1.06642,0.224977,0.0976225,0.1273548379540443,0.241245,1.34464,0.293339,0.714388,,,4.1253,0.0639804,0.0202557,999.0,1.46704,-0.497797,1.22115,1.46704,0.497797,3.37179,66.80000000000001,4.175000000000001,66,4.125,,,,,,,,,,,,,,,,,,,Angel Bastardo,sa3009716,682785,RP,0.734171,1.25598,-0.03804567955303603,-0.8909009960503066,-0.698532275194393,-0.4586923055444668,-0.8661143833232194,-0.009571984373553359,-0.11747759741067404,-2.322782258589197,4.921431591770853,-7.244213850360049,0.0,0.0,False,7,RP,RP 7
Chris Roycroft,STL,2.10401,2.44422,0.0,4.44148,35.8833,0.0,0.156397,1.95741,1.60128,39.1879,173.603,39.3855,21.0208,19.3391,3.83478,18.1525,1.01227,2.02783,31.3348,7.19644,4.16896,1.7262,0.880706,0.180497,0.104564,0.0759337469935417,0.256713,1.46826,0.300634,0.699975,,,4.35295,0.0638162,-0.0631935,999.0,2.99346,-2.88177,0.761069,2.99346,2.88177,3.98524,148.00000000000003,3.794871794871795,153,3.923076923076923,,,,,,,,,,,,,,,,,,,Chris Roycroft,31261,688297,RP,2.10401,2.113807,-1.3128008390036108,-7.002030517434162,-0.4974367478748488,-0.347766465354358,-0.5195371833011738,-0.33029004250044897,-0.9233144039923488,-2.8008968773986567,4.921431591770853,-7.7223284691695095,0.0,0.0,False,7,RP,RP 7
Zach McCambley,PHI,1.66457,1.9257,0.0,4.40962,36.7944,0.0,0.0,3.4796,0.0,38.144,165.524,36.2792,20.3141,18.6889,4.97537,16.1827,0.934949,2.06285,37.0359,8.73853,3.81826,2.28861,1.17393,0.223749,0.0977663,0.1259830966591835,0.246331,1.37536,0.297375,0.706602,,,4.32391,0.0631371,0.0397496,999.0,1.24479,0.92137,0.80577,1.24479,-0.92137,3.92564,158.1,4.160526315789474,157,4.131578947368421,,,,,,,,,,,,,,,,,,,Zach McCambley,sa3014478,685112,RP,1.66457,3.4796,-1.1427912471184642,-3.272124075722585,-0.5619475542727542,-0.1711554050231149,-0.3936389995743395,-0.28751700819019693,-0.4314747391120927,-1.8786236634528952,4.921431591770853,-6.800055255223748,0.0,0.0,False,7,RP,RP 7
Ethan Roberts,CHC,1.63482,1.60302,0.0,4.2931,31.0404,0.0,0.0,1.33243,0.0,33.0908,142.354,30.724,17.1573,15.7847,4.56359,13.359,0.541247,1.97655,31.2114,8.48883,3.63337,2.33635,1.2412,0.219252,0.0938438,0.1254081204533577,0.241887,1.33218,0.286711,0.714325,,,4.43189,0.0629952,0.0249024,999.0,1.33381,-0.295331,0.932042,1.33381,0.295331,3.75728,123.10000000000004,3.730303030303032,121,3.6666666666666665,,,,,,,,,,,,,,,,,,,Ethan Roberts,24930,681799,RP,1.63482,1.33243,-0.5630458599032007,-1.4097345544494686,-0.5663149229472894,-0.44880653547365557,-0.5222622426532096,-0.14165777128713294,-0.18589296586012402,-1.9333057239387865,4.921431591770853,-6.85473731570964,0.0,0.0,False,7,RP,RP 7
Danny Young,ATL,0.441122,0.564883,0.0,4.00162,14.5385,0.0,0.0,2.40391,0.0,14.4342,62.4434,12.8965,6.97584,6.41778,1.36917,6.15548,0.221644,1.38799,15.3212,9.55306,3.83807,2.48903,0.853703,0.245361,0.098577,0.1467837542295456,0.23491,1.31992,0.301687,0.704758,,,3.8132,0.0618133,0.0434976,999.0,0.939475,-2.44422,1.27462,0.939475,2.44422,3.3005,74.50000000000003,5.321428571428574,74,5.285714285714286,,,,,,,,,,,,,,,,,,,Danny Young,18439,664849,RP,0.441122,2.40391,0.22190233433417286,-0.437910588134304,-0.7415525448651098,-0.31025316836478883,-0.8731677379183592,0.0558288273900027,-0.05774455747921144,-2.062044544077289,4.921431591770853,-6.983476135848142,0.0,0.0,False,7,RP,RP 7
Paxton Schultz,WSN,1.80651,2.68013,0.0,4.36799,34.9346,0.0860649,0.0,1.62311,0.0,41.3526,177.496,39.7369,21.8149,20.0697,5.88579,15.9805,0.706767,1.44244,38.2199,8.3182,3.478,2.39166,1.28099,0.215328,0.0900331,0.1252953261137008,0.248243,1.34737,0.291903,0.714078,,,4.40094,0.0617907,-0.0350633,999.0,2.13337,-3.3189,0.793744,2.13337,3.3189,3.94167,158.60000000000002,3.86829268292683,160,3.902439024390244,,,,,,,,,,,,,,,,,,,Paxton Schultz,25501,687606,RP,1.80651,1.62311,-1.0476462873739256,-2.3898746254647003,-0.5411104346201995,-0.41121862645882995,-0.3674925630037527,-0.2635793080729587,-0.31513796747003814,-1.9929551329461153,4.921431591770853,-6.914386724716968,0.0,0.0,False,7,RP,RP 7
Adam Macko,TOR,0.731691,1.15415,0.382194,4.35627,11.1752,0.744921,0.0,0.397438,0.0,14.8125,64.7481,13.9668,7.79315,7.1697,1.82002,6.90509,0.351073,0.771848,13.8561,8.41889,4.19549,2.00665,1.10584,0.214,0.106645,0.107354536652565,0.244725,1.40907,0.293435,0.713755,,,4.41641,0.0612073,0.0173037,999.0,2.8764,-1.53916,1.20848,2.8764,1.53916,3.3887,54.00000000000001,3.6000000000000005,53,3.533333333333333,,,,,,,,,,,,,,,,,,,Adam Macko,sa3011555,671936,RP,1.113885,0.397438,-0.35600096733279785,-1.7699721130883177,-0.6427893834672532,-0.5697106025769645,-0.9055217448605607,-0.08956695573091954,-0.23339526193297386,-2.746225002971094,4.921431591770853,-7.667656594741947,0.0,0.0,False,7,RP,RP 7
Hayden Harris,ATL,1.53083,1.64534,0.0,3.98937,34.9613,0.0,0.0,2.86505,0.0,36.0328,153.589,31.5703,17.3609,15.972,4.3311,15.4543,0.424642,1.70905,37.4276,9.34837,3.86007,2.42182,1.08179,0.243686,0.100621,0.1430650576949119,0.23141,1.30505,0.287736,0.724193,,,4.04928,0.0602015,0.213388,999.0,1.42304,-2.44508,0.952289,1.42304,2.44508,3.73028,169.00000000000006,4.694444444444446,163,4.527777777777778,,,,,,,,,,,,,,,,,,,Hayden Harris,31913,802686,RP,1.53083,2.86505,0.602964017167309,-0.5573873866321449,-0.5815808949965298,-0.25062303088337734,-0.38498903402983037,0.15170085586446277,-0.07349922303247895,-1.199383689823687,4.921431591770853,-6.12081528159454,0.0,0.0,False,7,RP,RP 7
Matt Pushard,STL,2.76211,3.34292,0.0,4.30252,46.9348,0.0,0.0,5.49543,0.0,49.9207,215.476,48.6741,25.9402,23.865,6.16669,19.5439,1.26326,1.9884,43.4554,7.8344,3.5235,2.22347,1.11177,0.201672,0.0907014,0.1109705194830894,0.250971,1.36653,0.294533,0.709542,,,4.29404,0.0602004,0.0129919,999.0,1.84426,-1.61385,0.632846,1.84426,1.61385,4.15621,208.8,4.175999999999999,212,4.24,,,,,,,,,,,,,,,,,,,Matt Pushard,sa3019955,690155,RP,2.76211,5.49543,-0.9016497687716741,-3.841216050150072,-0.40082614872488165,0.08951211468706796,-0.2518762887931897,-0.22684776822213548,-0.5065173736560351,-1.3186238320996666,4.921431591770853,-6.240055423870519,0.0,0.0,False,7,RP,RP 7
José Leclerc,,1.85511,1.72118,0.0,4.16612,31.5725,0.0,0.0379003,1.23556,4.13545,32.8681,140.607,28.5725,16.5377,15.2147,4.41899,14.9672,0.459789,1.42091,34.7872,9.52548,4.09834,2.32423,1.21001,0.247407,0.106447,0.1409602686762809,0.230017,1.32468,0.284116,0.722884,,,4.26197,0.0600524,0.0249009,999.0,0.96464,0.478104,0.914232,0.96464,-0.478104,3.78102,145.60000000000005,4.412121212121214,139,4.212121212121212,,,,,,,,,,,,,,,,,,,Jose Leclerc,14524,600917,RP,1.85511,1.2734603,-0.09548709362978615,-1.1536242329922834,-0.5339758424325557,-0.45643192324794885,-0.44329735423335836,-0.02402377822759699,-0.1521212837425228,-1.6467782101340163,4.921431591770853,-6.568209801904869,0.0,0.0,False,7,RP,RP 7
Michael Fulmer,SFG,0.500425,0.449408,0.0,4.04607,9.86693,0.0,0.0,0.866561,0.214041,10.4869,44.7524,9.51679,5.12451,4.71455,1.29465,4.1634,0.18757,0.555169,10.5609,9.06349,3.57308,2.53661,1.11108,0.235986,0.093032,0.1429537534713745,0.237719,1.3045,0.291791,0.720923,,,4.07577,0.0596331,0.0230332,999.0,0.819107,-0.343871,1.32305,0.819107,0.343871,3.23594,46.7,4.67,48,4.8,,,,,,,,,,,,,,,,,,,Michael Fulmer,13218,605242,RP,0.500425,0.866561,0.10938791633267049,-0.15648348940056425,-0.7328467275707921,-0.5090481812175245,-0.9782901044782949,0.027521112465144,-0.02063450871726219,-2.3593980279099016,4.921431591770853,-7.2808296196807545,0.0,0.0,False,7,RP,RP 7
Ryan Lambert,NYM,1.1679,1.38085,0.0,4.16722,24.9465,0.0,0.0,1.17129,0.0,25.8845,111.477,21.9824,13.0274,11.9852,3.24604,12.9291,0.654161,1.24189,28.5961,9.94281,4.49544,2.21176,1.12864,0.256519,0.11598,0.1405394002795219,0.225909,1.34874,0.286208,0.720655,,,4.1983,0.0595478,0.0598864,999.0,1.22944,-0.849374,1.03579,1.22944,0.849374,3.61895,118.3,4.55,111,4.269230769230769,,,,,,,,,,,,,,,,,,,Ryan Lambert,sa3025613,822038,RP,1.1679,1.17129,-0.07841906423128091,-1.531341786074899,-0.6348598567796898,-0.4696435922324591,-0.5800162760679524,-0.019729600475768397,-0.20192855843713817,-2.0047553004779513,4.921431591770853,-6.926186892248804,0.0,0.0,False,7,RP,RP 7
Easton McGee,MIL,1.47626,0.870071,0.0,4.16052,23.3038,0.0,0.0,0.885427,0.0,27.414,116.388,26.2019,13.7749,12.6729,3.18928,9.27391,0.946282,1.13702,22.9542,7.53587,3.04462,2.47514,1.04704,0.197222,0.0796813,0.1175410896539688,0.247243,1.29408,0.28826,0.699785,,,4.11219,0.0557921,0.0157424,999.0,1.20472,-1.0592,1.0795,1.20472,1.0592,3.56067,115.3,4.270370370370371,116,4.296296296296297,,,,,,,,,,,,,,,,,,,Easton McGee,22176,668834,RP,1.47626,0.885427,-0.06255432698473047,-0.12323771633438127,-0.5895918969652484,-0.5066086136811487,-0.7046071379662574,-0.015738161269042546,-0.01625059449874547,-1.9210219588605688,4.921431591770853,-6.842453550631422,0.0,0.0,False,7,RP,RP 7
Nate Pearson,HOU,2.10305,2.10653,0.0,4.49572,40.0567,0.0,0.0384293,2.63266,1.00886,43.3535,188.165,40.127,23.5393,21.6562,5.93957,19.7022,1.29292,2.17692,42.2103,8.76267,4.09009,2.14241,1.23303,0.224326,0.104707,0.1196189373731613,0.241313,1.38003,0.289391,0.70447,,,4.48292,0.053332,-0.203057,999.0,1.46058,-0.647689,0.6778,1.46058,0.647689,4.09627,170.39999999999998,3.9627906976744183,167,3.883720930232558,,,,,,,,,,,,,,,,,,,Nate Pearson,20160,663878,RP,2.10305,2.6710893,-1.7137391721358612,-3.921352093824433,-0.49757767809090103,-0.2757041411904225,-0.2793720051563971,-0.4311628749636114,-0.5170844174898587,-2.0250405316801654,4.921431591770853,-6.946472123451018,0.0,0.0,False,7,RP,RP 7
Connor Phillips,CIN,2.99642,2.54592,0.0,4.34991,46.478,0.0,2.73108,5.50026,0.0,51.409,222.075,44.2129,27.0078,24.8472,7.07496,25.0536,0.4304,3.20865,55.0935,9.64503,4.38604,2.19903,1.23859,0.248085,0.112816,0.1352690085768699,0.228121,1.34736,0.282107,0.711887,,,4.43013,0.0523584,0.122226,999.0,2.12705,-2.55697,0.59598,2.12705,2.55697,4.20536,241.9000000000001,4.743137254901962,229,4.490196078431373,,,,,,,,,,,,,,,,,,,Connor Phillips,27649,683175,RP,2.99642,8.23134,-1.199236889762827,-2.9704327157304418,-0.3664288998465518,0.443293372953036,0.005129491149500551,-0.3017182740289069,-0.39169256770521044,-0.6508883663901214,4.921431591770853,-5.572319958160974,0.0,0.0,False,7,RP,RP 7
Elvis Alvarado,ATH,2.82248,3.09052,0.0,4.20465,55.5814,0.0,2.86199,10.8534,2.18661,59.6967,258.998,53.0198,30.3144,27.8893,7.56726,29.2697,1.33763,3.36202,61.5268,9.27592,4.41277,2.10206,1.14086,0.237557,0.113011,0.1245456561446189,0.234221,1.37846,0.289005,0.724943,,,4.3616,0.0518181,0.138199,747.3499755859375,1.95883,0.228761,0.572685,1.95883,-0.228761,4.23642,294.8,4.913333333333333,283,4.716666666666667,,,,,,,,,,,,,,,,,,,Elvis Alvarado,21662,665660,RP,2.82248,13.715390000000001,-0.42902340635111497,-5.305772640026959,-0.39196369336751413,1.152437354075764,0.14719694924878735,-0.10793880907704623,-0.6996393818404215,0.12074927555408367,4.921431591770853,-4.800682316216769,0.0,0.0,False,7,RP,RP 7
Gus Varland,WSN,1.16126,1.43305,0.0,4.34863,27.763,0.0,0.27605,2.38249,1.16535,28.9278,125.662,28.3967,15.1928,13.9773,3.56028,11.6868,0.736194,1.39876,26.6647,8.29591,3.63598,2.28161,1.10767,0.212194,0.0930016,0.1191921085119247,0.252244,1.38564,0.30159,0.709155,,,4.24863,0.0508387,0.0320249,999.0,1.75634,-2.78815,0.99347,1.75634,2.78815,3.67537,115.60000000000004,3.9862068965517254,116,4.0,,,,,,,,,,,,,,,,,,,Gus Varland,24737,681402,RP,1.16126,2.6585400000000003,-0.6706115357171119,-2.778760067577801,-0.6358346241073842,-0.27732689455012993,-0.622667650723722,-0.16872042281859542,-0.36641788253352375,-2.2002013803138714,4.921431591770853,-7.121632972084724,0.0,0.0,False,7,RP,RP 7
Pete Hansen,STL,0.118416,0.521328,0.49959,4.70575,1.55601,1.55601,0.0,0.0,0.0,7.95891,34.5834,8.53945,4.52327,4.16141,1.11391,2.67846,0.0565215,0.205067,5.20783,5.88906,3.02883,1.94434,1.25961,0.150588,0.0774494,0.0731382519006729,0.269384,1.40948,0.292596,0.693139,,,4.7328,0.0507771,-0.000209807,999.0,0.824017,0.781332,1.36082,0.824017,-0.781332,3.18558,24.500000000000007,3.062500000000001,28,3.5,,,,,,,,,,,,,,,,,,,Pete Hansen,sa3020798,677337,SP,0.6180059999999999,0.0,-0.5003387852769402,-0.9542512462906141,-0.7155855653482539,-0.6211034172977374,-1.0965026933405504,-0.12588117995047138,-0.12583120261101663,-2.845672242974309,4.8385671445016785,-7.684239387475987,0.0,0.0,False,7,SP,SP 7
Jake Bennett,BOS,0.862035,0.871621,0.0,4.40086,16.1593,0.0,0.0,0.601922,0.0,19.3639,83.4589,20.0065,10.292,9.46864,2.22813,6.27981,0.488982,0.823688,14.8418,6.89822,2.91875,2.36342,1.0356,0.177834,0.0752444,0.1025895252823829,0.262018,1.35749,0.299877,0.690394,,,4.19859,0.0498206,0.0198312,999.0,1.0705,0.246676,1.1742,1.0705,-0.246676,3.4344,77.0,4.052631578947368,82,4.315789473684211,,,,,,,,,,,,,,,,,,,Jake Bennett,sa3020737,687562,RP,0.862035,0.601922,-0.5613126279382666,-1.3149933572746555,-0.6797615448347039,-0.5432687215153587,-0.8837543947527673,-0.14122170418361427,-0.17340003087716727,-2.5419144424004445,4.921431591770853,-7.463346034171297,0.0,0.0,False,7,RP,RP 7
Chase Petty,CIN,2.41341,4.65193,1.60524,5.16309,25.9071,4.74637,0.0,0.904752,0.0,46.7135,209.233,49.0757,29.1287,26.7984,7.6422,21.6981,0.315632,2.52342,36.9546,7.1198,4.18043,1.70312,1.47237,0.176619,0.103703,0.0729160010814666,0.265257,1.51506,0.295078,0.693221,,,5.23526,0.0494689,-0.0265987,999.0,4.23328,-2.09487,0.514916,4.23328,2.09487,4.31345,125.0,2.6595744680851063,134,2.851063829787234,,,,,,,,,,,,,,,,,,,Chase Petty,30170,695534,RP,4.01865,0.904752,-5.3103507333333795,-10.532960087071794,-0.2163631761433593,-0.5041096927312674,-0.39543435877466776,-1.336041170369902,-1.3889162209241017,-4.093256855558476,4.921431591770853,-9.014688447329329,0.0,0.0,False,7,RP,RP 7
John Brebbia,COL,1.58208,2.16578,0.0,5.0698,35.3039,0.0,0.730247,5.1072,2.70892,36.1567,157.771,37.7294,22.1386,20.3675,6.38394,12.9242,0.648375,1.90118,35.2957,8.78569,3.21704,2.73099,1.58907,0.223715,0.0819175,0.1417979076504707,0.263942,1.40094,0.309536,0.68355,,,4.70817,0.0493263,-0.0329447,999.0,1.82696,-1.44677,0.749373,1.82696,1.44677,4.00084,143.8,3.994444444444445,152,4.222222222222222,,,,,,,,,,,,,,,,,,,John Brebbia,12777,605154,RP,1.58208,5.837447,-3.735542409151851,-4.0266083063831415,-0.5740572766916584,0.13373842498541538,-0.4320680780541833,-0.939832169834256,-0.530963902436855,-2.4393363999884143,4.921431591770853,-7.360767991759268,0.0,0.0,False,7,RP,RP 7
Enyel De Los Santos,HOU,3.28479,2.77715,0.0,4.33993,56.1908,0.0,0.0540603,8.6524,1.94616,57.7828,246.118,53.585,30.2866,27.8637,8.48083,21.4274,1.49722,2.9577,55.3801,8.62576,3.33743,2.58455,1.32094,0.225014,0.0870613,0.1379531249403953,0.241664,1.29818,0.285701,0.708367,,,4.39236,0.0477367,-0.0293354,999.0,1.59963,-2.3631,0.515251,1.59963,2.3631,4.313,264.4000000000001,4.558620689655174,260,4.482758620689655,,,,,,,,,,,,,,,,,,,Enyel De Los Santos,18403,660853,RP,3.28479,8.7064603,-1.2838108209416137,-0.49680162863524163,-0.32409551817678117,0.5047313067892018,0.011458518785590205,-0.322996389104361,-0.06551015430505014,-0.15448001216253823,4.921431591770853,-5.075911603933391,0.0,0.0,False,7,RP,RP 7
Pedro Avila,,1.99307,2.22133,0.351588,4.41991,24.8006,1.48602,0.00160831,1.67215,0.0,33.9917,148.236,33.0982,18.1449,16.6933,4.0839,14.3363,0.636575,1.88626,29.6421,7.84836,3.79584,2.06762,1.0813,0.199965,0.0967124,0.1032523438334465,0.250718,1.39548,0.295197,0.702101,,,4.38469,0.0472579,-0.0126237,999.0,1.00679,1.05843,0.85259,1.00679,-1.05843,3.86321,136.60000000000002,4.01764705882353,138,4.0588235294117645,,,,,,,,,,,,,,,,,,,Pedro Avila,18864,658648,RP,2.344658,1.67375831,-1.0572349597492854,-3.599451072638923,-0.46210906596595763,-0.4046692798645177,-0.5569173126787348,-0.2659917402654794,-0.4746373232105068,-2.199509093045457,4.921431591770853,-7.1209406848163095,0.0,0.0,False,7,RP,RP 7
Doug Nikhazy,CLE,1.24106,2.42939,0.916778,4.64025,16.0689,2.29668,0.0,0.596079,0.0,25.0694,110.057,24.1702,14.0493,12.9253,3.54534,12.1977,0.219116,0.736991,22.1207,7.9414,4.37902,1.81351,1.27279,0.200993,0.110831,0.0901623144745826,0.248864,1.45069,0.288637,0.710684,,,4.75672,0.0469425,-0.0270065,999.0,3.01031,-1.94835,0.977827,3.01031,1.94835,3.69623,82.4,3.2960000000000003,82,3.28,,,,,,,,,,,,,,,,,,,Doug Nikhazy,30142,680951,RP,2.157838,0.596079,-1.3934622596086317,-4.038879221998731,-0.48953467321895394,-0.5440242814175659,-0.7230134343189467,-0.35058380165130343,-0.5325819920909687,-2.9016435577282653,4.921431591770853,-7.823075149499118,0.0,0.0,False,7,RP,RP 7
Travis Adams,MIN,2.9643,3.6831,0.374691,4.69831,41.7909,2.2742,0.0202952,4.48639,1.64331,58.5527,254.444,60.254,33.2245,30.5665,7.64797,21.2929,0.85397,2.50872,47.1517,7.24758,3.27289,2.21443,1.17555,0.185313,0.0836842,0.1016285419464111,0.261244,1.39271,0.299165,0.682137,,,4.44208,0.046743,-0.122469,999.0,3.24767,-3.67819,0.442874,3.24767,3.67819,4.4095,220.20000000000005,3.73220338983051,229,3.8813559322033897,,,,,,,,,,,,,,,,,,,Travis Adams,30180,701519,RP,3.338991,4.5066852,-3.6324594700386306,-6.0384532518498615,-0.3161386862598577,-0.03834274144779504,-0.17025038212438928,-0.9138973384956213,-0.7962534369688057,-2.335248492468572,4.921431591770853,-7.2566800842394255,0.0,0.0,False,7,RP,RP 7
Richard Lovelady,NYM,0.777176,1.50428,0.0,4.0521,24.5391,0.0,0.0453251,2.18245,0.661879,25.7972,110.025,23.7864,12.6247,11.6147,2.95202,8.95605,0.570967,2.21328,22.943,8.00425,3.12455,2.56173,1.02989,0.208524,0.0813999,0.1271245256066322,0.240616,1.26923,0.285554,0.703181,,,4.14294,0.046373,0.0598864,999.0,1.41075,-0.165192,1.16857,1.41075,0.165192,3.4419,114.1,4.388461538461538,112,4.3076923076923075,,,,,,,,,,,,,,,,,,,Richard Lovelady,19337,663992,RP,0.777176,2.2277750999999997,0.2519232361534068,0.5251277966067928,-0.6922190419221784,-0.33302921967735055,-0.7048544691230062,0.06338184277754795,0.06924535066457863,-1.7132994479195114,4.921431591770853,-6.634731039690364,0.0,0.0,False,7,RP,RP 7
Hunter Stratton,ATL,0.779026,0.893587,0.0,4.24092,15.9324,0.0,0.0299533,1.47351,1.17389,16.9503,72.7514,16.4949,8.68172,7.98718,2.10144,5.94655,0.204768,0.984643,15.2222,8.08247,3.15742,2.55984,1.11579,0.209236,0.0817381,0.127498023211956,0.250606,1.32396,0.296794,0.705648,,,4.17747,0.0457087,0.00228056,999.0,1.00012,-1.28284,1.2185,1.00012,1.28284,3.37534,72.60000000000002,4.270588235294119,72,4.235294117647059,,,,,,,,,,,,,,,,,,,Hunter Stratton,23455,676702,RP,0.779026,1.5034633000000002,-0.19010032314471798,-0.5826659487919631,-0.6919474576516611,-0.4266901734298088,-0.8753539686789065,-0.047827699332118494,-0.0768325504860315,-2.246276877215616,4.921431591770853,-7.1677084689864685,0.0,0.0,False,7,RP,RP 7
Edgardo Henriquez,LAD,2.12638,1.80085,0.0,4.24549,34.5392,0.0,0.236813,4.388,2.31743,35.266,152.619,31.9855,18.0823,16.6357,4.56451,16.2702,0.323147,1.73922,36.1697,9.23063,4.15222,2.22306,1.16488,0.236993,0.106607,0.1303865388035774,0.237617,1.36834,0.2921,0.720724,,,4.29851,0.0445375,0.0295027,999.0,1.21733,-0.469491,0.831945,1.21733,0.469491,3.89074,148.3,4.2371428571428575,144,4.114285714285714,,,,,,,,,,,,,,,,,,,Edgardo Henriquez,26944,683618,RP,2.12638,4.624813,-0.41346134440225957,-2.777338062458904,-0.4941527802362152,-0.023067603844514742,-0.4127674145721792,-0.10402352052011385,-0.3662303715243159,-1.4473201363579447,4.921431591770853,-6.368751728128798,0.0,0.0,False,7,RP,RP 7
Franco Aleman,CLE,0.841802,1.17474,0.0,4.13755,15.1953,0.0,0.0,0.880827,0.0,15.8393,68.612,14.402,7.91498,7.28178,1.91895,7.36967,0.399771,0.747846,16.8747,9.58829,4.18749,2.28975,1.09036,0.245943,0.107411,0.1385326460003852,0.238072,1.37453,0.299348,0.726047,,,4.11685,0.0437016,0.0153907,999.0,0.653359,-2.83175,1.19701,0.653359,2.83175,3.40399,71.4,4.4625,68,4.25,,,,,,,,,,,,,,,,,,,Franco Aleman,sa3018178,680916,RP,0.841802,0.880827,0.004243499620293633,-1.3456103891199847,-0.6827317959403127,-0.5072034409188954,-0.8388615814889618,0.0010676300839369088,-0.17743730926947052,-2.3081382093154854,4.921431591770853,-7.229569801086338,0.0,0.0,False,7,RP,RP 7
Carson Spiers,CIN,0.26463,0.280822,0.303775,5.4362,1.49539,0.594231,0.0,0.0,0.0,5.73369,25.6515,6.51056,3.76443,3.46328,1.04323,2.13111,0.0233765,0.324818,4.8406,7.59813,3.34514,2.27139,1.63753,0.188706,0.0830794,0.1056265085935592,0.280681,1.50717,0.315815,0.679173,,,5.09698,0.043182,-0.00108014,999.0,1.51912,-0.0980421,1.34157,1.51912,0.0980421,3.21124,17.90000000000001,2.9833333333333347,21,3.5,,,,,,,,,,,,,,,,,,,Carson Spiers,27685,686730,SP,0.568405,0.0,-0.825802328667436,-1.2476125776198033,-0.7228671066465938,-0.6211034172977374,-1.1046122844738415,-0.20776516751737603,-0.16451494472213615,-3.05591699071837,4.8385671445016785,-7.894484135220049,0.0,0.0,False,7,SP,SP 7
John Klein,MIN,1.94903,2.46385,0.316642,4.53279,31.8292,1.49382,0.0,1.83773,0.0,39.9414,173.357,40.3463,21.8655,20.1162,5.42903,14.2261,0.81454,2.55466,34.3081,7.73064,3.20558,2.41162,1.22332,0.197905,0.0820629,0.115841768682003,0.257679,1.36631,0.29885,0.69631,,,4.44465,0.0418445,-0.0698332,999.0,1.1322,0.323527,0.777697,1.1322,-0.323527,3.96307,155.5,3.8875,160,4.0,,,,,,,,,,,,,,,,,,,John Klein,sa3020405,804619,RP,2.265672,1.83773,-1.743293431670968,-3.064731268300802,-0.4737043930962711,-0.3834660565098762,-0.4538773861260678,-0.4385984869375712,-0.40412713388527166,-2.167918781391534,4.921431591770853,-7.089350373162387,0.0,0.0,False,7,RP,RP 7
Kervin Castro,NYY,1.51222,1.42318,0.0,4.30643,25.3156,0.0,0.0,1.55227,0.0,26.5749,114.656,24.521,13.8216,12.7159,3.17345,11.715,0.654928,1.08669,24.8258,8.40762,3.96748,2.11914,1.07474,0.216524,0.102176,0.1143485680222511,0.240747,1.36354,0.289048,0.705007,,,4.26434,0.0416015,0.0110974,999.0,1.3407,1.10128,1.00839,1.3407,-1.10128,3.65547,116.9,4.32962962962963,115,4.2592592592592595,,,,,,,,,,,,,,,,,,,Kervin Castro,21656,665645,RP,1.51222,1.55227,-0.4915374397821032,-1.9655150951635931,-0.5843128859556255,-0.4203789659201284,-0.6632763350224145,-0.12366683281480285,-0.2591803040718475,-2.156410902235534,4.921431591770853,-7.077842494006386,0.0,0.0,False,7,RP,RP 7
Brent Suter,LAA,1.98985,2.67278,0.0,4.37156,55.3847,0.246841,0.170959,8.31259,0.91354,61.5325,262.644,62.8873,32.4871,29.8881,8.31112,18.3614,0.948234,2.33598,48.1003,7.03535,2.68562,2.61964,1.21562,0.183139,0.0699099,0.1132286861538887,0.259922,1.32042,0.294155,0.700466,,,4.33672,0.0411106,0.0330492,999.0,2.54131,-1.35263,0.627876,2.54131,1.35263,4.16283,264.59999999999997,4.267741935483871,274,4.419354838709677,,,,,,,,,,,,,,,,,,,Brent Suter,13942,608718,RP,1.98985,8.483549,-1.58336172303159,-1.8975599239565712,-0.5141956994003926,0.47590658660626356,-0.14930231647332634,-0.39836096630667195,-0.25021947645977344,-0.8577969341935129,4.921431591770853,-5.779228525964366,0.0,0.0,False,7,RP,RP 7
Jose Corniell,TEX,0.531858,0.971633,0.0598136,4.20034,14.0242,0.136011,0.0448208,1.08755,0.0,16.6337,69.3304,15.1352,8.43807,7.76302,2.32779,5.23283,0.273469,0.55836,15.5025,8.38796,2.83133,2.96255,1.2595,0.223604,0.0754767,0.1481268629431724,0.238202,1.2245,0.280195,0.697286,,,4.1349,0.0408726,0.0667835,999.0,2.4259,2.98691,1.27829,2.4259,-2.98691,3.29561,80.20000000000002,4.71764705882353,77,4.529411764705882,,,,,,,,,,,,,,,,,,,Jose Corniell,27984,692030,RP,0.5916716000000001,1.1323708000000001,-0.11157523377711843,1.0824727210479614,-0.7194515160582599,-0.4746762444566568,-0.8691640648184881,-0.02807142379205945,0.1427389744708814,-2.204915642146978,4.921431591770853,-7.126347233917831,0.0,0.0,False,7,RP,RP 7
Elmer Rodríguez,NYY,0.110267,0.137434,0.172692,3.92278,5.74747,0.2938,0.0,0.8203,0.0,6.93212,29.3495,6.35158,3.2842,3.02146,0.74697,2.68996,0.172031,0.135462,6.48529,8.41988,3.49239,2.41092,0.969795,0.220968,0.0916528,0.1293151378631591,0.239465,1.3043,0.290518,0.720047,,,3.88762,0.040803,0.0676246,999.0,0.743112,-0.269916,1.40228,0.743112,0.269916,3.13029,30.9,4.414285714285714,29,4.142857142857143,,,,,,,,,,,,,,,,,,,Elmer Rodriguez,sa3019459,695684,RP,0.282959,0.8203,0.1672913477355589,-0.10201007444940345,-0.7647712383666389,-0.5150302035752197,-1.068292366599451,0.042089146130857756,-0.013451436816357435,-2.4791344559130994,4.921431591770853,-7.400566047683952,0.0,0.0,False,7,RP,RP 7
Colin Holderman,CLE,1.72322,2.2822,0.0,4.23074,38.2724,0.0,0.0639932,4.40487,2.08022,39.3728,171.177,37.2345,20.1179,18.5084,4.47936,16.8131,1.01493,2.5545,36.7177,8.39308,3.84322,2.18387,1.02391,0.214501,0.0982208,0.1162804663181305,0.245271,1.37271,0.296125,0.710176,,,4.2247,0.0398294,-0.0146059,999.0,2.4163,-2.82497,0.83356,2.4163,2.82497,3.88859,173.20000000000005,4.441025641025642,173,4.435897435897436,,,,,,,,,,,,,,,,,,,Colin Holderman,22361,670059,RP,1.72322,4.4688631999999995,-0.3970474752135595,-3.2731869989673315,-0.5533375988858138,-0.04323351444476333,-0.40066585440268465,-0.09989392417094693,-0.4316149002181846,-1.6602010345654805,4.921431591770853,-6.581632626336333,0.0,0.0,False,7,RP,RP 7
Tim Hill,NYY,3.40361,3.09375,0.0,4.06255,60.999,0.0,0.904863,13.1641,2.29863,62.4356,268.389,65.9696,30.6338,28.1831,6.14425,18.0988,1.70795,2.63263,36.4268,5.25086,2.60891,2.01266,0.885684,0.135724,0.067435,0.068288967013359,0.266375,1.34648,0.291708,0.708058,,,4.24373,0.0397245,0.142806,999.0,1.4584,0.732257,0.717272,1.4584,-0.732257,4.04364,279.4,4.506451612903225,298,4.806451612903226,,,,,,,,,,,,,,,,,,,Tim Hill,16814,657612,RP,3.40361,14.068963,0.5370611695524974,-3.5526393640463585,-0.30665246789415074,1.1981579738435464,-0.4070898395364546,0.13512023396592904,-0.46846455308170054,0.2305326102124323,4.921431591770853,-4.690898981558421,0.0,0.0,False,7,RP,RP 7
Colton Gordon,HOU,1.8434,1.64963,0.304552,4.34654,24.8669,0.416482,0.106271,1.07184,0.0,31.5671,134.001,31.7911,16.5709,15.2453,5.06498,9.16018,0.784458,1.19007,27.9744,7.97571,2.61164,3.05391,1.44406,0.208762,0.0683588,0.1404029950499534,0.257103,1.29728,0.294952,0.720027,,,4.43227,0.0395161,-0.0624188,999.0,1.94131,-0.937121,0.968587,1.94131,0.937121,3.70855,122.1,3.815625,125,3.90625,,,,,,,,,,,,,,,,,,,Colton Gordon,31312,676467,RP,2.147952,1.178111,-0.7245426171065765,-0.2429490546545238,-0.49098596083967505,-0.4687615668870961,-0.59374536358141,-0.1822890454420705,-0.03203618736598307,-1.8996583345436255,4.921431591770853,-6.821089926314478,0.0,0.0,False,7,RP,RP 7
Brody Hopkins,TBR,0.0792318,0.44172,0.469387,4.62984,1.35901,1.35901,0.0,0.0,0.0,6.52976,28.8964,6.16601,3.65118,3.35908,0.86787,3.10854,0.0254533,0.620228,5.71268,7.87382,4.28451,1.83774,1.19619,0.197696,0.107575,0.0901202708482742,0.244998,1.42035,0.285045,0.697729,,,4.82635,0.0381998,0.036766,999.0,0.813864,0.288733,1.37374,0.813864,-0.288733,3.16835,23.9,3.414285714285714,22,3.142857142857143,,,,,,,,,,,,,,,,,,,Brody Hopkins,sa3023515,811315,SP,0.5486188,0.0,-0.35541286781103953,-0.8538958672580296,-0.7257717664808153,-0.6211034172977374,-1.0853540206187087,-0.08941899466152878,-0.11259796023251137,-2.80253659315899,4.8385671445016785,-7.641103737660668,0.0,0.0,False,7,SP,SP 7
Jhony Brito,SDP,0.907629,0.901355,0.0,4.19623,16.5439,0.0,0.0,0.928308,1.33347,18.3787,78.0894,18.0088,9.31417,8.56904,2.27656,5.83572,0.378664,0.762681,14.7818,7.23858,2.85773,2.53298,1.11482,0.189293,0.0747313,0.1145616620779037,0.251904,1.2974,0.289023,0.7034,,,4.21394,0.0380292,0.0414598,999.0,0.97747,-1.46928,1.21903,0.97747,1.46928,3.37462,74.80000000000003,4.155555555555557,77,4.277777777777778,,,,,,,,,,,,,,,,,,,Jhony Brito,25386,666745,RP,0.907629,0.928308,-0.11490123802999401,-0.14369851354034044,-0.6730682403860735,-0.5010636600329282,-0.885079383092493,-0.028908219483683724,-0.01894863312202631,-2.2252729072049453,4.921431591770853,-7.146704498975798,0.0,0.0,False,7,RP,RP 7
Ryan Webb,CLE,0.122955,0.702637,0.427222,4.70906,1.34833,1.34833,0.0,0.0,0.0,6.94088,30.4648,6.95824,3.94747,3.63167,0.948021,2.85048,0.049868,0.458123,5.4058,7.00951,3.69612,1.89645,1.22927,0.177444,0.0935664,0.0838774815201759,0.25623,1.41318,0.28892,0.691064,,,4.78313,0.0377344,0.027076,999.0,1.1523,0.563602,1.36756,1.1523,-0.563602,3.17659,22.3,3.185714285714286,23,3.2857142857142856,,,,,,,,,,,,,,,,,,,Ryan Webb,sa3018280,669067,SP,0.550177,0.0,-0.43888908240613533,-0.8578933452889419,-0.7255430191238855,-0.6211034172977374,-1.0921308943136256,-0.1104209331484945,-0.11312508290591224,-2.8584685887561996,4.8385671445016785,-7.697035733257878,0.0,0.0,False,7,SP,SP 7
Jean Cabrera,PHI,0.163492,1.02059,0.615007,4.97368,2.03013,2.03013,0.0,0.0,0.0,10.2232,45.2606,10.5986,6.14093,5.64965,1.49165,4.26648,0.0727015,0.645987,7.20613,6.34392,3.756,1.68901,1.31318,0.159214,0.0942648,0.064949445426464,0.262679,1.45405,0.287736,0.682814,,,5.06375,0.037142,0.0393465,999.0,0.944105,0.57465,1.2991,0.944105,-0.57465,3.26786,32.1,3.21,36,3.6,,,,,,,,,,,,,,,,,,,Jean Cabrera,sa3015433,691893,SP,0.7784989999999999,0.0,-0.9470131763197747,-1.681435987073381,-0.6920248224681814,-0.6211034172977374,-1.0523739566859867,-0.23826083360256226,-0.2217205512587296,-2.9852537263801073,4.8385671445016785,-7.823820870881786,0.0,0.0,False,7,SP,SP 7
Spencer Miles,TOR,0.483889,0.58794,0.0,4.23166,9.85933,0.0,0.0,0.355269,0.0,10.2954,43.7587,9.63678,5.26165,4.84072,1.39479,4.16237,0.0,0.0,10.0694,8.80246,3.63866,2.41915,1.2193,0.230112,0.095121,0.1349911317229271,0.243376,1.34032,0.292974,0.72068,,,4.15313,0.0368701,0.012659,999.0,1.10608,-1.44117,1.31177,1.10608,1.44117,3.25098,43.7,4.37,45,4.5,,,,,,,,,,,,,,,,,,,Spencer Miles,sa3020475,693686,RP,0.483889,0.355269,-0.10487142474788788,-0.522398242166375,-0.7352742505422917,-0.5751634873136034,-0.9891439672945477,-0.026384799817275897,-0.06888542122339275,-2.568635248502399,4.921431591770853,-7.490066840273252,0.0,0.0,False,7,RP,RP 7
Henry Baez,ATH,0.539003,0.332861,0.292738,4.22878,10.8043,0.400325,0.0,0.651961,0.0,13.5279,58.7313,13.4313,6.909,6.35628,1.39251,5.01385,0.30853,0.919958,10.9483,7.28378,3.33567,2.1836,0.926423,0.186413,0.0853692,0.1010432839393615,0.254393,1.36349,0.297573,0.699346,,,4.17059,0.0364711,0.0322466,999.0,1.20142,0.162166,1.27648,1.20142,-0.162166,3.29803,65.50000000000001,4.67857142857143,65,4.642857142857143,,,,,,,,,,,,,,,,,,,Henry Baez,sa3016584,692013,RP,0.8317410000000001,0.651961,-0.13349254723924803,-0.9998278070985565,-0.6842087739650018,-0.5367981649610967,-0.9697350964314662,-0.03358564208003431,-0.13184110145016462,-2.520811796229166,4.921431591770853,-7.442243388000019,0.0,0.0,False,7,RP,RP 7
Brycen Mautz,STL,0.659035,0.777364,0.0,4.16516,13.0822,0.30607,0.0,1.06822,0.0,14.4786,61.837,13.9449,7.28331,6.70065,1.77672,4.98285,0.3603,0.776497,12.6631,7.87146,3.09737,2.54134,1.10442,0.204782,0.0805803,0.1242014095187187,0.248671,1.30729,0.292238,0.708284,,,4.17454,0.0358422,0.0322465,999.0,1.14861,-1.66626,1.27031,1.14861,1.66626,3.30626,54.60000000000003,3.900000000000002,56,4.0,,,,,,,,,,,,,,,,,,,Brycen Mautz,sa3020710,802408,RP,0.659035,1.06822,-0.040543818438795544,-0.25642319375935874,-0.7095624134374136,-0.4829716016660564,-0.9318669296821062,-0.010200495853920615,-0.033812938650616076,-2.3232102493096125,4.921431591770853,-7.244641841080465,0.0,0.0,False,7,RP,RP 7
Lou Trivino,PHI,0.935955,1.12046,0.0,4.49553,18.5047,0.0205227,0.118504,1.47254,0.421931,19.0308,82.829,18.6914,10.3325,9.50593,2.50823,7.62216,0.36882,1.13585,16.3855,7.74898,3.60466,2.14971,1.18619,0.197823,0.0920229,0.1057997792959213,0.252345,1.38269,0.293295,0.70086,,,4.50713,0.0351281,0.0198744,999.0,1.18587,0.0136188,1.142,1.18587,-0.0136188,3.47733,63.29999999999999,3.3315789473684205,65,3.4210526315789473,,,,,,,,,,,,,,,,,,,Lou Trivino,15043,642152,RP,0.935955,1.591044,-0.7518274817969293,-1.7718027731821877,-0.6689099181986826,-0.4153650895470004,-0.8496646530855251,-0.18915369608095606,-0.23363665974311987,-2.4900416537497105,4.921431591770853,-7.411473245520563,0.0,0.0,False,7,RP,RP 7
Daison Acosta,SDP,0.434261,0.469849,0.0,4.01534,15.7521,0.0,0.0,1.96707,0.0,16.6603,71.1766,13.1798,8.07934,7.43299,2.00439,8.565,0.723475,0.950139,18.2785,9.87417,4.62685,2.1341,1.08278,0.256806,0.120335,0.1364712491631508,0.213745,1.30518,0.270078,0.721565,,,4.21827,0.03508,0.09045,999.0,1.68648,-0.79109,1.24883,1.68648,0.79109,3.33489,81.40000000000002,4.788235294117648,73,4.294117647058823,,,,,,,,,,,,,,,,,,,Daison Acosta,sa944989,670897,RP,0.434261,1.96707,0.230690674696734,-0.2599944255652492,-0.7425597555029579,-0.3667410663076691,-0.80786127096718,0.05803990253987983,-0.03428385487386935,-2.084135653360286,4.921431591770853,-7.0055672451311395,0.0,0.0,False,7,RP,RP 7
Carlos Hernández,CLE,0.494996,0.499373,0.0,4.35516,12.0248,0.0,0.0,0.780489,0.487017,12.6889,54.5902,11.607,6.67419,6.14026,1.66391,5.47496,0.264854,0.583341,12.3847,8.78418,3.88327,2.26206,1.18018,0.226866,0.100292,0.1265742257237434,0.239163,1.34621,0.288346,0.705493,,,4.32013,0.0350167,-0.0394929,999.0,0.667062,-0.335973,1.271,0.667062,0.335973,3.30533,50.39999999999999,3.876923076923077,49,3.769230769230769,,,,,,,,,,,,,,,,,,,Carlos Hernandez,22713,672578,RP,0.494996,0.780489,-0.30340966038070094,-0.7185962278323231,-0.7336437173030289,-0.5201781746973788,-0.9380148755784333,-0.0763354094885009,-0.09475683462963366,-2.484737163973824,4.921431591770853,-7.406168755744677,0.0,0.0,False,7,RP,RP 7
Jedixson Paez,CHW,0.983718,1.65327,0.0,4.3742,28.5573,0.0,0.0,1.7531,0.0,31.1956,133.118,31.9402,16.4802,15.1618,4.24838,9.0941,0.663513,1.30486,25.0193,7.2181,2.62366,2.75115,1.22567,0.187947,0.0683158,0.1196314841508865,0.26027,1.31539,0.296322,0.699815,,,4.30156,0.0346818,0.0203,999.0,1.57384,1.52813,1.04146,1.57384,-1.52813,3.61139,125.0,4.032258064516129,131,4.225806451612903,,,,,,,,,,,,,,,,,,,Jedixson Paez,sa3016264,699151,RP,0.983718,1.7531,-0.8119313388372689,-0.8050483792106583,-0.6618981995431593,-0.3944095845817239,-0.6590032476267992,-0.20427533898862035,-0.10615674447364189,-2.1271973694094983,4.921431591770853,-7.048628961180351,0.0,0.0,False,7,RP,RP 7
Joe Rock,TBR,0.792297,1.21485,0.475902,4.21828,11.118,1.88843,0.0,0.935015,0.239004,20.4767,89.0832,20.8149,10.4319,9.59738,2.8873,7.16221,0.133884,1.51892,16.6187,7.30432,3.14797,2.32033,1.26904,0.186553,0.0803992,0.1061534211039543,0.258885,1.36629,0.294396,0.733037,,,4.61687,0.0343219,0.15133,999.0,3.23229,-2.19322,1.17218,3.23229,2.19322,3.43709,67.5,3.375,72,3.6,,,,,,,,,,,,,,,,,,,Joe Rock,30016,697812,RP,1.268199,0.935015,-0.17816845689677727,-1.5707476712287305,-0.6201357320507085,-0.5001963760582397,-0.8445148650717914,-0.04482573856773238,-0.20712476848992345,-2.5241113076922397,4.921431591770853,-7.445542899463092,0.0,0.0,False,7,RP,RP 7
Riley Martin,CHC,1.04127,0.736367,0.0,4.08394,15.1682,0.0,0.0,0.860223,0.0,16.3917,71.8316,14.6433,8.08485,7.43806,1.67767,8.75298,0.418622,0.735551,16.3165,8.95875,4.80591,1.86411,0.921141,0.22715,0.121854,0.1052956655621528,0.234883,1.42733,0.292356,0.727469,,,4.21143,0.0342591,0.0368532,999.0,1.02089,0.756855,1.17053,1.02089,-0.756855,3.43929,60.80000000000001,3.8000000000000007,60,3.75,,,,,,,,,,,,,,,,,,,Riley Martin,sa3017601,702303,RP,1.04127,0.860223,0.10206559890436957,-2.257855869914584,-0.6534494330908285,-0.509867749702924,-0.8511883896762097,0.025678876794095164,-0.29772947170683567,-2.419646338821861,4.921431591770853,-7.341077930592714,0.0,0.0,False,7,RP,RP 7
Hagen Smith,CHW,0.697604,1.29008,0.896613,4.83719,3.53969,3.53969,0.0,0.0,0.0,18.8012,85.1512,16.0296,10.9837,10.105,2.46024,13.3251,0.0738773,1.085,18.5568,8.88299,6.37863,1.39262,1.1777,0.217927,0.156488,0.0614394545555114,0.226595,1.56132,0.272893,0.709021,,,5.1616,0.0342068,0.084399,999.0,3.95436,-1.91734,1.04883,3.95436,1.91734,3.60157,70.4,3.7052631578947377,65,3.4210526315789473,,,,,,,,,,,,,,,,,,,Hagen Smith,sa3025544,696146,SP,1.594217,0.0,-1.4565126917817663,-5.109030560310282,-0.5722755370747565,-0.6211034172977374,-0.8017155333847523,-0.36644677896166383,-0.6736962221210343,-3.415860978274364,4.8385671445016785,-8.254428122776043,0.0,0.0,False,7,SP,SP 7
Jonathan Pintaro,NYM,0.808437,1.01057,0.313535,4.16901,16.0403,1.15513,0.0,0.767189,0.0,21.0071,91.5532,19.2358,10.5771,9.73097,2.51333,10.1373,0.180064,1.04952,20.0537,8.59154,4.34308,1.97821,1.07678,0.219039,0.110725,0.1083131358027458,0.239351,1.39825,0.289319,0.726992,,,4.37883,0.0339235,0.0498183,999.0,1.82576,-1.67271,1.1334,1.82576,1.67271,3.4888,80.1,3.814285714285714,77,3.6666666666666665,,,,,,,,,,,,,,,,,,,Jonathan Pintaro,33980,702752,RP,1.121972,0.767189,-0.06777628191438362,-2.2827439330199164,-0.6416021931993217,-0.5218980012760811,-0.7686592826224963,-0.017051962772216194,-0.3010113064682535,-2.429676334104446,4.921431591770853,-7.351107925875299,0.0,0.0,False,7,RP,RP 7
Héctor Neris,KCR,0.938704,1.25621,0.0,4.49868,14.095,0.0,0.0195354,1.6664,0.622888,14.3064,61.6346,13.0053,7.77292,7.15109,2.02451,6.31456,0.315165,0.683169,14.6845,9.23791,3.97243,2.32551,1.2736,0.238252,0.102452,0.1358001828193664,0.238033,1.35044,0.289519,0.700429,,,4.38932,0.0334922,-0.0695348,999.0,1.06454,-0.0712614,1.19897,1.06454,0.0712614,3.40137,62.20000000000003,4.442857142857145,61,4.357142857142857,,,,,,,,,,,,,,,,,,,Hector Neris,11804,593576,RP,0.938704,1.6859354000000002,-0.5701952259274221,-0.8705990341054295,-0.6685063586529247,-0.4030946570800628,-0.8872280725167481,-0.14345649378778552,-0.11480050340967866,-2.3654681335381977,4.921431591770853,-7.28689972530905,0.0,0.0,False,7,RP,RP 7
Mason Black,KCR,2.03185,2.90928,1.22401,4.87455,25.6619,2.74993,0.0,0.671477,0.0,43.2567,189.58,43.5488,25.4658,23.4286,6.65762,18.1095,0.288815,2.04451,35.6996,7.42765,3.76787,1.97132,1.38519,0.188309,0.0955244,0.0927843153476715,0.257038,1.4254,0.290325,0.69152,,,4.88312,0.0332279,-0.0858077,999.0,2.41693,-0.766139,0.639453,2.41693,0.766139,4.1474,133.7,3.109302325581395,140,3.255813953488372,,,,,,,,,,,,,,,,,,,Mason Black,30171,696131,RP,3.25586,0.671477,-3.5306668390632705,-5.875283530209434,-0.3283425089584383,-0.5342745457498219,-0.4231486982139299,-0.8882871382183256,-0.7747372562108223,-3.0594458972059213,4.921431591770853,-7.980877488976774,0.0,0.0,False,7,RP,RP 7
Sam Aldegheri,LAA,1.72632,2.90944,1.55163,5.2476,8.68486,5.66787,0.0,0.0897648,1.50432,35.4402,159.024,36.6104,22.4608,20.664,5.70646,16.589,0.254621,2.69398,26.9509,6.84416,4.21276,1.62463,1.44915,0.169477,0.104317,0.0651593953371048,0.261987,1.5011,0.288595,0.6799,,,5.33973,0.0332134,-0.0482456,999.0,1.72083,0.327408,0.707309,1.72083,-0.327408,4.05692,82.99999999999999,2.371428571428571,91,2.6,,,,,,,,,,,,,,,,,,,Sam Aldegheri,26443,691951,SP,3.27795,0.0897648,-4.361629943795301,-7.496393060204051,-0.32509964596615326,-0.6094959068562416,-0.6163474563432305,-1.0973507151326702,-0.9885029311484664,-3.7282330811254383,4.8385671445016785,-8.566800225627116,0.0,0.0,False,7,SP,SP 7
Kade Strowd,ARI,2.46496,2.34728,0.0,4.06483,44.4825,0.0,0.52999,7.59235,1.31687,45.9829,200.939,44.1268,22.574,20.7681,4.48483,20.869,0.703205,2.13266,42.2584,8.27101,4.08457,2.02494,0.877793,0.210305,0.103857,0.1064474582672119,0.247991,1.41348,0.302163,0.722478,,,4.06572,0.0315569,0.154849,999.0,3.3112,-0.639605,0.734929,3.3112,0.639605,4.0201,228.80000000000004,4.9739130434782615,230,5.0,,,,,,,,,,,,,,,,,,,Kade Strowd,26191,669704,RP,2.46496,8.12234,0.38387578053891297,-5.697127932349618,-0.44444845466229654,0.42919855362382175,-0.2783098061707169,0.09658003263109008,-0.7512449807563998,-1.123559888061372,4.921431591770853,-6.044991479832225,0.0,0.0,False,7,RP,RP 7
Ben Kudrna,KCR,0.573458,0.917466,0.494594,4.87762,6.49386,1.61287,0.0,0.679541,0.0,12.2008,54.3319,12.7919,7.18729,6.6123,1.59064,5.41127,0.170178,0.624492,9.2088,6.79294,3.99166,1.70178,1.17335,0.169491,0.0995965,0.0698949694633483,0.264864,1.49197,0.298726,0.689515,,,4.80454,0.0315073,0.0122801,999.0,0.588821,0.732322,1.22568,0.588821,-0.732322,3.36576,34.40000000000002,2.8666666666666685,38,3.1666666666666665,,,,,,,,,,,,,,,,,,,Ben Kudrna,sa3018253,695667,RP,1.068052,0.679541,-0.9999739809103132,-2.4692506916704087,-0.6495177736675882,-0.5332317877399984,-1.0081487167140128,-0.2515853424536865,-0.32560479778126006,-2.8857818380269644,4.921431591770853,-7.807213429797818,0.0,0.0,False,7,RP,RP 7
Derek Law,ARI,0.907087,0.916692,0.0,4.16785,18.7629,0.0,0.00088564,0.911899,0.778949,19.6717,84.6472,19.47,9.902,9.10984,2.16148,7.06688,0.308193,0.865742,16.5501,7.57186,3.23317,2.34193,0.988899,0.195519,0.0834862,0.1120326444506645,0.253798,1.34899,0.298408,0.707542,,,4.09066,0.031373,0.0673257,999.0,0.87738,0.688911,1.18041,0.87738,-0.688911,3.42612,88.0,4.4,88,4.4,,,,,,,,,,,,,,,,,,,Derek Law,13133,571882,RP,0.907087,0.91278464,-0.060925687026538125,-1.168630339513206,-0.6731478072372197,-0.5030709898914819,-0.8460297684068777,-0.01532840866603724,-0.15410004608354846,-2.294267469190589,4.921431591770853,-7.215699060961442,0.0,0.0,False,7,RP,RP 7
AJ Smith-Shawver,ATL,0.207776,0.207165,0.0338864,3.98517,6.82833,0.430129,0.0,0.804775,0.0,8.56943,36.1188,7.5321,4.12447,3.79451,1.11734,3.40785,0.115814,0.241764,9.48213,9.95856,3.57908,2.78243,1.17348,0.262526,0.0943514,0.1681750267744064,0.231977,1.27663,0.293318,0.726932,,,3.89481,0.0311924,0.0789176,999.0,0.800998,0.136984,1.3693,0.800998,-0.136984,3.17427,46.500000000000014,5.166666666666668,45,5.0,,,,,,,,,,,,,,,,,,,AJ Smith-Shawver,29960,700363,RP,0.2416624,0.804775,0.14739831402594447,0.11102371798397392,-0.7708336745752037,-0.5170377455026146,-1.0021127323323928,0.037084220208965235,0.014640010171927252,-2.394631618579921,4.921431591770853,-7.316063210350774,0.0,0.0,False,7,RP,RP 7
Luis Curvelo,TEX,1.46422,1.72662,0.0,4.56337,26.9779,0.0,0.395827,3.1603,2.37882,28.5272,123.393,26.7792,15.7223,14.4645,3.92126,12.1588,0.819057,1.44053,25.6604,8.09556,3.83596,2.11044,1.23711,0.207957,0.0985374,0.1094200015068054,0.243905,1.36494,0.28497,0.694079,,,4.5532,0.0311551,-0.131627,999.0,1.92803,0.21756,0.966204,1.92803,-0.21756,3.71173,120.20000000000005,4.1448275862068975,118,4.068965517241379,,,,,,,,,,,,,,,,,,,Luis Curvelo,24710,681168,RP,1.46422,3.556127,-1.3420861573195733,-2.1498661979067006,-0.5913593967582367,-0.16125967806158484,-0.6448457472168303,-0.3376579910451496,-0.2834895423893289,-2.166272304205405,4.921431591770853,-7.087703895976258,0.0,0.0,False,7,RP,RP 7
Scott Effross,DET,0.817091,1.05411,0.0,4.42219,13.3213,0.0,0.0294878,0.799733,0.635831,13.8786,60.1179,14.7013,7.41226,6.81928,1.4933,4.6202,0.535743,0.409741,9.72484,6.30639,2.99612,2.10485,0.96838,0.161763,0.0768524,0.0849104076623916,0.26687,1.39219,0.301074,0.691158,,,4.21977,0.0308336,0.0238982,999.0,2.4115,-1.95503,1.24303,2.4115,1.95503,3.34262,61.30000000000001,4.378571428571429,66,4.714285714285714,,,,,,,,,,,,,,,,,,,Scott Effross,18384,664123,RP,0.817091,0.8292208,-0.4351717539392388,-1.4239217663937542,-0.6863594277828822,-0.5138766525268522,-0.9967529336668124,-0.10948568345879194,-0.18776374564436457,-2.7647804219218695,4.921431591770853,-7.686212013692723,0.0,0.0,False,7,RP,RP 7
Jhonathan Díaz,SEA,0.0076,0.0403649,0.246662,4.14716,3.54331,0.544587,0.0,0.0,0.0,5.94597,25.0209,5.63843,2.97813,2.73988,0.732805,1.9119,0.0,0.167842,4.68181,7.08653,2.8939,2.44878,1.1092,0.187116,0.0764118,0.1107037663459777,0.245777,1.26982,0.279896,0.700785,,,4.21184,0.0304698,0.0254995,999.0,0.780408,-2.18571,1.42569,0.780408,2.18571,3.09908,20.500000000000007,3.416666666666668,21,3.5,,,,,,,,,,,,,,,,,,,Jhonathan Diaz,20298,646242,RP,0.254262,0.0,-0.004754259087379031,0.11747966737824671,-0.7689840242104417,-0.6211034172977374,-1.1081188661149255,-0.0011961330229038677,0.015491316239836544,-2.6527994988053503,4.921431591770853,-7.574231090576204,0.0,0.0,False,7,RP,RP 7
Landon Knack,LAD,0.904537,1.20996,0.818696,4.8651,11.7988,2.42708,0.00374691,0.549939,0.0,22.0344,94.6144,21.0225,12.9468,11.911,3.79826,8.59908,0.123216,0.872845,19.8983,8.1275,3.51232,2.314,1.55141,0.210309,0.0908855,0.1194234415888786,0.24691,1.34434,0.280315,0.686093,,,4.85957,0.0294803,-0.0414659,999.0,1.2766,-0.33569,1.07687,1.2766,0.33569,3.56417,73.0,3.3181818181818183,72,3.272727272727273,,,,,,,,,,,,,,,,,,,Landon Knack,27487,689017,RP,1.723233,0.55368591,-1.775251816681708,-1.2064374185743931,-0.5533356904558048,-0.549506143292402,-0.7720910024223858,-0.4466389573804866,-0.1590854314775646,-2.6059299268834084,4.921431591770853,-7.527361518654262,0.0,0.0,False,7,RP,RP 7
Griff McGarry,WSN,1.23485,1.91067,0.0,4.28029,37.4098,0.0,0.0,4.73342,0.0,42.7656,187.896,35.8073,22.1074,20.3388,4.82136,25.2285,1.01391,2.41252,46.972,9.88523,5.30932,1.86187,1.01465,0.249989,0.134268,0.1157209724187851,0.22344,1.42722,0.285686,0.7171,,,4.34304,0.0294482,0.0719967,999.0,2.13047,-0.113044,0.750423,2.13047,0.113044,3.99944,196.1,4.56046511627907,183,4.255813953488372,,,,,,,,,,,,,,,,,,,Griff McGarry,sa3017130,676046,RP,1.23485,4.73342,-0.6667711492703803,-5.8860967369106945,-0.6250314422331311,-0.009023603451047106,-0.17421872220186763,-0.16775421273933325,-0.7761631268173217,-1.8402592600260583,4.921431591770853,-6.761690851796911,0.0,0.0,False,7,RP,RP 7
Brendan Beck,NYY,0.801101,0.776771,0.0,4.19494,10.8982,0.0,0.0,0.882896,0.0,11.2861,47.03,10.8833,5.71792,5.26049,1.65362,3.08826,0.27872,0.215967,9.87198,7.87235,2.46271,3.19662,1.31867,0.209908,0.0656657,0.1442426815629005,0.248899,1.23795,0.286634,0.708071,,,4.16878,0.0288822,-0.0256552,999.0,0.505168,-0.30892,1.31229,0.505168,0.30892,3.25027,43.20000000000001,3.927272727272728,44,4.0,,,,,,,,,,,,,,,,,,,Brendan Beck,sa3020680,694341,RP,0.801101,0.882896,-0.06892283358073946,0.5827796093484531,-0.6887067966940019,-0.5069358979721784,-0.9935036205950251,-0.01734042587138442,0.07684753819976671,-2.2450197337442495,4.921431591770853,-7.166451325515102,0.0,0.0,False,7,RP,RP 7
Bryse Wilson,PHI,1.03295,1.6054,0.787342,5.11928,9.28558,2.93289,0.0,0.353334,0.0299641,23.5089,102.034,25.7044,14.5349,13.3721,4.02267,6.9639,0.353372,0.954418,16.2199,6.20953,2.66602,2.32914,1.54002,0.158966,0.0682511,0.0907151997089386,0.273117,1.38962,0.293502,0.670702,,,4.99018,0.0281653,-0.0347449,999.0,0.792833,0.539569,1.0379,0.792833,-0.539569,3.61613,68.80000000000004,2.8666666666666685,76,3.1666666666666665,,,,,,,,,,,,,,,,,,,Bryse Wilson,19990,669060,SP,1.820292,0.353334,-2.558086890189368,-2.3516703013253615,-0.5390872052059997,-0.5754137026842642,-0.853321620903168,-0.6435939120222974,-0.31010019982752146,-2.995823648682834,4.8385671445016785,-7.834390793184513,0.0,0.0,False,7,SP,SP 7
Shawn Dubin,ARI,0.449117,0.150128,0.0,4.56173,11.987,0.151383,0.0598943,2.65623,0.112324,14.6587,64.1707,14.1618,8.07595,7.42988,1.59779,6.5001,0.124154,0.852027,13.4193,8.23904,3.99088,2.06447,0.980995,0.209118,0.101294,0.1078242138028144,0.249247,1.40954,0.300564,0.683092,,,4.2259,0.02816,0.00021725,999.0,2.14253,-0.868914,1.22157,2.14253,0.868914,3.37124,64.0,4.266666666666667,63,4.2,,,,,,,,,,,,,,,,,,,Shawn Dubin,24977,681869,RP,0.449117,2.7161242999999997,-0.6869284381327445,-1.7583196638735994,-0.7403788604095498,-0.26988065322261373,-0.9151676599737636,-0.17282562311419042,-0.23185872561326623,-2.5726307660432326,4.921431591770853,-7.4940623578140855,0.0,0.0,False,7,RP,RP 7
Nick Burdi,NYM,0.582005,0.0541596,0.0,3.87923,8.8152,0.0,0.0,0.938884,0.0,9.11271,39.443,7.68373,4.26936,3.92782,0.935834,4.72073,0.0910973,0.520561,9.86825,9.74619,4.66234,2.09041,0.924259,0.25019,0.119685,0.1305050328373909,0.224659,1.36123,0.288401,0.733269,,,4.02985,0.0276132,0.0721186,999.0,1.14859,0.748214,1.32357,1.14859,-0.748214,3.23524,39.500000000000014,4.38888888888889,38,4.222222222222222,,,,,,,,,,,,,,,,,,,Nick Burdi,16074,595897,RP,0.582005,0.938884,0.2639952446904126,-0.6528827411146689,-0.7208705952525207,-0.49969607462718724,-0.9935859907034781,0.06641906220511906,-0.08609160406945558,-2.4183001224415195,4.921431591770853,-7.339731714212372,0.0,0.0,False,7,RP,RP 7
Michael Kopech,,2.26083,2.21677,0.0,4.3667,36.6452,0.279617,0.380306,5.2229,0.857697,38.6836,168.743,31.955,20.4009,18.7688,4.98032,22.3222,0.386414,1.8968,42.2735,9.83521,5.19341,1.89379,1.15871,0.250519,0.132285,0.1182344257831573,0.221105,1.40311,0.277316,0.716129,,,4.50146,0.0276055,0.0387122,999.0,1.83933,-0.140138,0.713155,1.83933,0.140138,4.04913,175.90000000000003,4.510256410256411,162,4.153846153846154,,,,,,,,,,,,,,,,,,,Michael Kopech,17282,656629,RP,2.26083,5.603206,-0.9744771037917336,-4.391566192733377,-0.4744152098734845,0.10344865824693399,-0.277976350771886,-0.24517053498485822,-0.5790886388941955,-1.557757228116532,4.921431591770853,-6.479188819887385,0.0,0.0,False,7,RP,RP 7
Nolan Hoffman,PHI,1.04953,0.765121,0.0,4.51443,16.2791,0.0,0.0,1.134,0.200933,17.215,75.4777,16.3153,9.38597,8.63509,1.79465,8.06927,0.272574,0.997616,15.8265,8.27412,4.21862,1.96133,0.938244,0.209685,0.106909,0.1027754321694374,0.245672,1.41647,0.297617,0.685742,,,4.23174,0.0267597,0.0125294,999.0,1.58335,-0.2645,1.13617,1.58335,0.2645,3.48511,68.60000000000002,4.0352941176470605,68,4.0,,,,,,,,,,,,,,,,,,,Nolan Hoffman,23381,676510,RP,1.04953,1.134,-0.7162492339331066,-2.18443387016475,-0.6522368460235458,-0.47446557216627927,-0.8620091277839693,-0.18020249750619555,-0.28804776726836573,-2.635917374380925,4.921431591770853,-7.557348966151778,0.0,0.0,False,7,RP,RP 7
Nick Sandlin,LAA,1.75085,2.20886,0.0,4.32146,34.4001,0.0,0.0447371,5.53801,2.36683,34.0268,146.613,30.002,17.7591,16.3384,5.10072,15.3338,0.61916,2.25929,34.4756,9.11871,4.05574,2.24835,1.34913,0.235147,0.104587,0.1305602192878723,0.232538,1.33236,0.278402,0.722002,,,4.6086,0.0259668,-0.0278371,999.0,1.21954,-1.17736,0.888731,1.21954,1.17736,3.81502,153.10000000000002,4.502941176470589,146,4.294117647058823,,,,,,,,,,,,,,,,,,,Nick Sandlin,20517,680704,RP,1.75085,5.5827471,-0.6861890805225087,-1.4554867811398153,-0.5492814511050608,0.10080311238294806,-0.4501784603443337,-0.1726396067366467,-0.191926028671367,-1.318185277427865,4.921431591770853,-6.239616869198718,0.0,0.0,False,7,RP,RP 7
Chris Murphy,CHW,1.79846,1.66999,0.0,4.18089,32.1134,0.0,0.369561,3.00706,1.83975,38.214,166.473,35.2772,19.2957,17.7521,4.36847,17.6922,0.88647,2.3009,34.7057,8.17373,4.1668,1.96163,1.02884,0.208476,0.106277,0.1021992489695549,0.240833,1.38613,0.287775,0.718701,,,4.37442,0.0257614,0.0875264,999.0,1.83763,0.30513,0.856913,1.83763,-0.30513,3.85745,163.0,4.2894736842105265,160,4.2105263157894735,,,,,,,,,,,,,,,,,,,Chris Murphy,26214,669684,RP,1.79846,3.376621,-0.17379148797674424,-3.689353408915235,-0.5422921932027207,-0.1844716472222264,-0.4450971300614857,-0.04372452869059817,-0.48649218757160934,-1.7891355104047142,4.921431591770853,-6.710567102175567,0.0,0.0,False,7,RP,RP 7
Sean Sullivan,COL,0.0807575,0.805696,0.56273,5.29345,1.52214,1.52214,0.0,0.0,0.0,7.7334,33.6362,8.61033,4.944,4.54848,1.39406,2.3376,0.0299835,0.184077,5.67408,6.6034,2.72045,2.42731,1.62239,0.16869,0.0694964,0.0991932153701782,0.27673,1.41567,0.300098,0.667381,,,4.98939,0.0253197,0.0134486,999.0,0.802878,0.551236,1.34096,0.802878,-0.551236,3.21205,29.500000000000007,3.687500000000001,33,4.125,,,,,,,,,,,,,,,,,,,Sean Sullivan,sa3023162,807743,SP,0.6434875,0.0,-0.9911426093347823,-0.9750846473152521,-0.7118448223270719,-0.6211034172977374,-1.0862064297839322,-0.2493634409996676,-0.12857837419250326,-2.958489178320879,4.8385671445016785,-7.797056322822558,0.0,0.0,False,7,SP,SP 7
Evan Reifert,TBR,0.717201,0.963729,0.0,4.11926,9.99551,0.0,0.0,1.06433,0.0,10.3832,45.2922,8.89166,5.16558,4.75233,1.16873,5.35131,0.261641,0.834215,11.4548,9.9289,4.63844,2.14057,1.01304,0.25291,0.118151,0.1347590237855911,0.227369,1.37173,0.291617,0.720042,,,4.17917,0.0250754,0.0230332,999.0,0.640506,0.0251602,1.28135,0.640506,-0.0251602,3.29153,46.3,4.630000000000001,45,4.5,,,,,,,,,,,,,,,,,,,Evan Reifert,sa3014860,682126,RP,0.717201,1.06433,0.02390627314701032,-0.8529930343708758,-0.7010235103677327,-0.4834746186127596,-0.9585499865302818,0.006014624411534304,-0.11247890925050957,-2.3820347263058745,4.921431591770853,-7.303466318076728,0.0,0.0,False,7,RP,RP 7
Alan Rangel,PHI,1.16159,1.09947,0.940534,4.57635,12.3637,2.12792,0.0711753,0.738146,0.183498,23.2333,98.9925,23.1009,12.841,11.8137,4.0321,7.93635,0.156267,0.346306,19.172,7.42676,3.07434,2.41572,1.56194,0.193672,0.0801712,0.1135003194212913,0.254669,1.3359,0.282477,0.716604,,,4.81037,0.0249019,0.0503584,999.0,0.927563,0.194088,1.08638,0.927563,-0.194088,3.55149,79.2,3.4434782608695653,81,3.5217391304347827,,,,,,,,,,,,,,,,,,,Alan Rangel,19524,660604,RP,2.102124,0.8093212999999999,-1.1264619418959074,-1.0760288123554262,-0.4977136170284681,-0.5164498622263174,-0.788129986274765,-0.2834086874489834,-0.1418892561357495,-2.3155372742633427,4.921431591770853,-7.2369688660341955,0.0,0.0,False,7,RP,RP 7
Drew Sommers,DET,0.642841,1.42389,0.0,4.17465,16.6685,0.0,0.0,0.645633,0.195029,16.7092,73.2234,16.5014,8.42451,7.75055,1.66508,6.46764,0.188292,1.63063,14.1369,7.61451,3.48364,2.18579,0.896854,0.193065,0.0883275,0.1047378480434417,0.253381,1.37464,0.300799,0.704748,,,4.19246,0.0242113,0.0806244,999.0,1.30836,-2.90441,1.22553,1.30836,2.90441,3.36597,65.00000000000001,3.8235294117647065,67,3.941176470588235,,,,,,,,,,,,,,,,,,,Drew Sommers,32026,805427,RP,0.642841,0.645633,-0.06437549355997957,-1.4211739168955482,-0.7119397300194447,-0.5376164403438055,-0.8993207994306444,-0.01619635200724771,-0.1874014037471992,-2.5098805575808285,4.921431591770853,-7.431312149351681,0.0,0.0,False,7,RP,RP 7
Joe Elbis,,0.29011,0.351459,0.337608,5.00141,3.00731,1.03879,0.0,0.0,0.0,5.02084,21.6728,5.11216,3.03277,2.79014,0.69253,2.00563,0.0,0.0,4.25018,7.61856,3.59515,2.11912,1.24138,0.196106,0.0925411,0.1035649478435516,0.259933,1.41765,0.300155,0.664421,,,4.43361,0.0235108,0.00269932,999.0,0.255585,2.93176,1.37451,0.255585,-2.93176,3.16732,13.7,2.74,14,2.8,,,,,,,,,,,,,,,,,,,Joe Elbis,sa3015216,692544,SP,0.627718,0.0,-0.48057087586992103,-0.6430103609571879,-0.7141598213291923,-0.6211034172977374,-1.117650611399522,-0.12090773428818426,-0.08478979443318015,-2.7862572308844005,4.8385671445016785,-7.624824375386079,0.0,0.0,False,7,SP,SP 7
Garrett Hawkins,SDP,1.55231,1.73398,0.0,4.27145,22.0562,0.0,0.0,1.19695,0.0,23.0773,98.5504,21.0148,11.905,10.9526,3.25527,9.51994,0.583462,0.86082,23.158,9.03151,3.71272,2.43258,1.26954,0.234987,0.0965997,0.1383870914578437,0.238345,1.32315,0.287575,0.717153,,,4.31139,0.0231682,0.00189525,999.0,0.613298,0.784483,1.06378,0.613298,-0.784483,3.58163,95.70000000000002,4.160869565217392,93,4.043478260869565,,,,,,,,,,,,,,,,,,,Garrett Hawkins,sa3017383,678184,RP,1.55231,1.19695,-0.33712140512602257,-0.774693441240368,-0.5784275814123612,-0.46632549072798535,-0.7001065942389892,-0.08481701101851481,-0.10215402677761368,-1.992787992345247,4.921431591770853,-6.9142195841161,0.0,0.0,False,7,RP,RP 7
Ben Casparius,LAD,3.13949,2.58223,0.0936671,4.44285,45.9711,0.128092,0.00748385,8.32367,0.0,54.0444,231.725,51.7164,28.999,26.679,7.88224,20.2612,0.700188,2.47832,51.2773,8.53921,3.3741,2.53081,1.31263,0.221285,0.0874365,0.1338487267494201,0.247464,1.33182,0.292567,0.705233,,,4.39582,0.0230619,-0.079628,999.0,1.27437,0.388073,0.515635,1.27437,-0.388073,4.31249,234.00000000000009,4.333333333333335,234,4.333333333333333,,,,,,,,,,,,,,,,,,,Ben Casparius,30085,676508,RP,3.2331570999999997,8.33115385,-1.8187619577330407,-2.2829710685292874,-0.33167534708553426,0.45620032875398364,-0.0791441838848517,-0.4575857559428279,-0.3010412574213289,-0.6640363881026955,4.921431591770853,-5.585467979873548,0.0,0.0,False,7,RP,RP 7
Chase Shugart,PHI,1.42423,1.64281,0.0,4.49382,30.0797,0.0,0.218759,2.52768,0.859387,33.2137,143.176,32.4361,18.0261,16.5841,4.7014,12.6914,0.800714,1.39657,27.1766,7.36409,3.43902,2.14133,1.27395,0.189812,0.0886421,0.1011700704693794,0.251271,1.3587,0.285307,0.7031,,,4.6113,0.0226608,-0.0284365,999.0,1.16839,0.821843,0.935134,1.16839,-0.821843,3.75315,123.50000000000004,3.742424242424243,124,3.757575757575758,,,,,,,,,,,,,,,,,,,Chase Shugart,21544,663767,RP,1.42423,2.746439,-1.3059122827815246,-2.295745055154865,-0.5972300210706621,-0.2659606512086749,-0.6113632918719624,-0.3285569376304929,-0.30272568393424326,-2.1608546657702288,4.921431591770853,-7.082286257541082,0.0,0.0,False,7,RP,RP 7
Jhancarlos Lara,ATL,1.00797,0.988745,0.0,4.14762,12.2716,0.0,0.0,1.10958,0.0,12.6686,56.1492,10.9776,6.34598,5.8383,1.22963,7.33378,0.326658,0.972117,14.0561,9.98565,5.21003,1.91662,0.873546,0.250334,0.130612,0.1197217106819152,0.229448,1.44541,0.299406,0.721245,,,4.14477,0.0224203,0.0912139,999.0,0.274035,-1.40342,1.20581,0.274035,1.40342,3.39226,63.3,4.86923076923077,60,4.615384615384615,,,,,,,,,,,,,,,,,,,Jhancarlos Lara,sa3019367,702910,RP,1.00797,1.10958,-0.01078759053180068,-1.9741947212064563,-0.65833794996014,-0.4776233289370995,-0.901105117061475,-0.002714070275830808,-0.26032483260920375,-2.387728860975443,4.921431591770853,-7.309160452746296,0.0,0.0,False,7,RP,RP 7
Yosver Zulueta,SEA,1.38037,0.917758,0.0,3.90171,24.203,0.0,0.0,0.9276,0.287373,26.7923,115.563,23.0232,12.6251,11.6151,2.61105,12.9378,0.371263,1.63613,26.6246,8.94367,4.34602,2.0579,0.877096,0.230391,0.111954,0.1184366270899772,0.227978,1.34221,0.284478,0.72235,,,4.04644,0.0208521,0.000825304,999.0,1.201,-1.52814,1.06895,1.201,1.52814,3.57473,116.1,4.300000000000001,109,4.037037037037037,,,,,,,,,,,,,,,,,,,Yosver Zulueta,27765,691172,RP,1.38037,0.9276,0.7092658121808917,-1.4101601956790573,-0.6036687703165481,-0.5011552117034336,-0.6235531845974386,0.1784455252383477,-0.1859490925332703,-1.8289139155820007,4.921431591770853,-6.750345507352853,0.0,0.0,False,7,RP,RP 7
Kyle Hart,SDP,1.81595,1.87636,0.857669,4.38412,27.0368,1.17288,0.0,1.33906,0.0,36.0883,154.864,34.5226,19.1081,17.5795,4.95878,13.5888,0.547658,1.73569,31.8191,7.93531,3.38888,2.34157,1.23666,0.205465,0.0877466,0.1177182793617248,0.247404,1.33316,0.287693,0.704491,,,4.43194,0.0207164,0.0389259,999.0,1.47008,-1.02711,0.881584,1.47008,1.02711,3.82456,133.90000000000003,3.7194444444444454,135,3.75,,,,,,,,,,,,,,,,,,,Kyle Hart,19646,606996,RP,2.673619,1.33906,-0.9790061737989026,-1.5726156436634622,-0.4138168317964205,-0.44794920838968594,-0.5088423190856881,-0.24631001226177004,-0.2073710864474008,-1.8905334048343407,4.921431591770853,-6.811964996605194,0.0,0.0,False,7,RP,RP 7
Taylor Clarke,ARI,2.39616,2.41496,0.0,4.29748,54.6151,0.0687157,0.296642,7.51456,1.39973,58.2756,246.383,58.3133,30.2462,27.8265,8.43087,16.3702,0.868942,2.11765,49.0456,7.57452,2.52818,2.99603,1.30205,0.199062,0.0664419,0.1326201930642128,0.255877,1.28156,0.292705,0.706697,,,4.28439,0.0205135,0.0945422,999.0,1.16582,-0.243124,0.668387,1.16582,0.243124,4.10882,256.00000000000006,4.413793103448277,262,4.517241379310345,,,,,,,,,,,,,,,,,,,Taylor Clarke,17611,664199,RP,2.39616,7.811202000000001,-1.0199245165839168,0.4676038656884801,-0.45454845347937256,0.3889652151242526,-0.1284271251809482,-0.2566047354032999,0.06166002611352233,-0.30714673040505,4.921431591770853,-5.228578322175903,0.0,0.0,False,7,RP,RP 7
Keegan Thompson,COL,1.83593,2.49988,0.166482,4.74368,38.7947,0.227668,0.249901,3.82202,0.0,43.5942,191.448,43.1317,24.9755,22.9774,6.34486,18.9638,0.634434,2.4937,41.8332,8.63645,3.91506,2.20595,1.3099,0.218509,0.0990543,0.1194549202919006,0.25373,1.4244,0.301995,0.697578,,,4.58462,0.01926,-0.0593701,999.0,1.35132,1.26522,0.632833,1.35132,-1.26522,4.15622,177.0,4.0227272727272725,179,4.068181818181818,,,,,,,,,,,,,,,,,,,Keegan Thompson,19795,624522,RP,2.002412,4.071921000000001,-2.9242180003442657,-5.877249958102594,-0.5123515688024257,-0.09456221713412855,-0.28769955687157295,-0.7357095295180791,-0.7749965568799134,-2.42014043983863,4.921431591770853,-7.341572031609482,0.0,0.0,False,7,RP,RP 7
Kolby Allard,CLE,1.11132,0.942869,0.137605,4.37351,21.3605,0.204071,0.0,1.77927,0.0,24.7703,105.789,25.5409,13.0837,12.037,3.53172,7.57104,0.607458,0.595644,19.2007,6.97636,2.75085,2.53607,1.28321,0.1815,0.0715673,0.1099326536059379,0.261629,1.33676,0.293887,0.711039,,,4.42745,0.0189579,-0.0280099,999.0,1.46526,1.47298,1.09996,1.46526,-1.47298,3.53338,87.20000000000002,3.488000000000001,92,3.68,,,,,,,,,,,,,,,,,,,Kolby Allard,18694,663465,RP,1.248925,1.77927,-0.6427472304556032,-1.1686328854569858,-0.6229651997425737,-0.3910255348400217,-0.7874962001855962,-0.16170998963205488,-0.15410038180138885,-2.2449372784065305,4.921431591770853,-7.166368870177383,0.0,0.0,False,7,RP,RP 7
Jackson Jobe,DET,0.576593,0.409407,0.236395,4.49836,2.9597,1.10408,0.0,0.0,0.0,8.68286,37.6766,7.79098,4.71722,4.33985,1.18012,4.23651,0.0796635,0.381947,7.02333,7.27985,4.39125,1.65781,1.22322,0.186411,0.112444,0.0739668905735015,0.235676,1.3852,0.265981,0.704582,,,4.87998,0.0188876,0.0288801,999.0,1.35968,0.993248,1.31839,1.35968,-0.993248,3.24214,35.500000000000014,3.944444444444446,34,3.7777777777777777,,,,,,,,,,,,,,,,,,,Jackson Jobe,30203,695549,SP,0.812988,0.0,-0.3457642762676979,-0.8302391143594954,-0.686961757654197,-0.6211034172977374,-1.0564107544943508,-0.08699148729236948,-0.10947849072312849,-2.7669596812390407,4.8385671445016785,-7.60552682574072,0.2,0.0,False,7,SP,SP 7
Jared Lyons,CIN,0.0829067,0.701783,0.377794,5.37654,1.27169,1.27,0.0,0.0,0.0,6.45965,28.5098,6.80257,4.19451,3.85895,1.15768,2.79604,0.02545,0.113636,4.89581,6.82116,3.89562,1.75098,1.61295,0.171724,0.0980728,0.073650948703289,0.265724,1.48593,0.28879,0.677387,,,5.30046,0.0187331,-0.00108014,999.0,0.835159,0.563697,1.34926,0.835159,-0.563697,3.20098,14.90000000000001,2.4833333333333347,18,3.0,,,,,,,,,,,,,,,,,,,Jared Lyons,sa3020483,805723,SP,0.4607007,0.0,-0.8875332265742659,-1.2683683879703596,-0.7386783465098787,-0.6211034172977374,-1.1033930743699039,-0.22329616070954422,-0.16725188490191484,-3.0252613973811897,4.8385671445016785,-7.863828541882868,0.0,0.0,False,7,SP,SP 7
Jack Kochanowicz,LAA,1.51077,2.47026,1.29842,4.94846,23.5843,3.75119,0.0,1.02476,0.0,41.9927,187.172,45.7309,25.0965,23.0888,5.39105,16.3535,1.3812,2.88881,26.7158,5.72581,3.50493,1.63365,1.15543,0.142734,0.0873714,0.0553626343607902,0.272322,1.47846,0.297003,0.678217,,,4.90637,0.0185828,-0.101846,999.0,2.02487,-0.86319,0.718486,2.02487,0.86319,4.04202,130.70000000000002,3.1119047619047624,146,3.4761904761904763,,,,,,,,,,,,,,,,,,,Jack Kochanowicz,27688,686799,RP,2.80919,1.02476,-3.7723024898508717,-7.931413856559244,-0.3939146960459871,-0.4885914259600716,-0.6215392023210555,-0.9490807079640873,-1.0458664296809117,-3.5824360097836627,4.921431591770853,-8.503867601554516,0.0,0.0,False,7,RP,RP 7
Caleb Kilian,SFG,0.918899,0.811141,0.0,4.32387,12.6129,0.0,0.0,0.875735,0.0,13.4808,58.2517,13.9783,7.03977,6.47659,1.60697,4.30888,0.278077,0.735331,10.3231,6.89188,2.87668,2.39578,1.07284,0.177216,0.07397,0.1032459586858749,0.262714,1.35654,0.299713,0.701324,,,4.27579,0.0183405,-0.0210759,999.0,0.778957,-0.880398,1.24989,0.778957,0.880398,3.33348,44.2,3.3999999999999995,48,3.692307692307693,,,,,,,,,,,,,,,,,,,Caleb Kilian,26213,668873,RP,0.918899,0.875735,-0.2754683851760331,-0.9025970700503599,-0.6714137783705437,-0.507861888809027,-0.9835414749314075,-0.06930561128859199,-0.11901988626067564,-2.4794082231045063,4.921431591770853,-7.40083981487536,0.0,0.0,False,7,RP,RP 7
Marco Gonzales,SDP,0.115239,0.478092,0.388366,4.95877,1.45108,1.45108,0.0,0.0,0.0,7.0326,30.6499,7.54047,4.21172,3.87478,1.19573,2.46842,0.0542357,0.176139,4.82018,6.16865,3.15897,1.95274,1.53025,0.157266,0.0805361,0.0767297148704528,0.269251,1.42321,0.288536,0.695533,,,5.10281,0.0182142,0.036766,999.0,0.769609,0.72651,1.36234,0.769609,-0.72651,3.18354,22.7,3.242857142857143,26,3.7142857142857144,,,,,,,,,,,,,,,,,,,Marco Gonzales,15467,594835,SP,0.503605,0.0,-0.6398081979993,-0.9397829801522286,-0.732379896230119,-0.6211034172977374,-1.1050632221721282,-0.16097055290558282,-0.123923361950639,-2.9060547326806216,4.8385671445016785,-7.7446218771823006,0.0,0.0,False,7,SP,SP 7
Marco Raya,MIN,0.948383,0.953825,0.0,4.51515,19.8967,0.0,0.0,1.13921,0.0,20.6081,90.6707,20.0631,11.2378,10.3387,2.33542,9.61192,0.45479,1.02605,18.7299,8.17973,4.19773,1.94861,1.01992,0.20657,0.106009,0.1005610674619674,0.250687,1.43997,0.300636,0.698237,,,4.33925,0.0177706,-0.00987655,999.0,1.93521,-1.23105,1.08357,1.93521,1.23105,3.55525,87.80000000000001,4.180952380952381,88,4.190476190476191,,,,,,,,,,,,,,,,,,,Marco Raya,sa3014550,694397,RP,0.948383,1.13921,-0.8590449090221799,-3.099206733821789,-0.6670854591100398,-0.47379186566439657,-0.7978929420246438,-0.21612873109227923,-0.40867320003288576,-2.7557357993074,4.921431591770853,-7.677167391078253,0.0,0.0,False,7,RP,RP 7
Craig Yoho,MIL,2.39341,1.45863,0.0,4.06133,33.3457,0.0,0.0,1.27722,0.408474,34.9961,150.788,30.4422,17.1655,15.7923,4.11556,16.1676,0.391758,2.33964,34.9983,9.00058,4.15786,2.16471,1.05841,0.232103,0.107221,0.124881736934185,0.230133,1.33186,0.282575,0.720825,,,4.25033,0.0174824,0.138016,999.0,1.93876,-2.53344,0.877129,1.93876,2.53344,3.83049,151.8,4.337142857142857,143,4.085714285714285,,,,,,,,,,,,,,,,,,,Craig Yoho,33248,684974,RP,2.39341,1.27722,0.30578558427845576,-1.4794959620489505,-0.45495215982743886,-0.4559457554293062,-0.43863560359142345,0.07693317266921591,-0.19509197068008388,-1.5817034116009896,4.921431591770853,-6.503135003371843,0.0,0.0,False,7,RP,RP 7
Tyler Phillips,MIA,2.81055,3.31556,0.0159693,4.32609,57.3104,0.0218383,2.12461,12.0614,0.806222,66.0747,284.682,68.0635,34.5223,31.7606,7.80061,21.9178,0.982051,2.42372,48.884,6.65846,2.98541,2.23033,1.06252,0.171714,0.0769903,0.0947238728404045,0.26144,1.36181,0.295905,0.701475,,,4.2954,0.0167302,0.0334407,999.0,1.63522,-2.21661,0.583641,1.63522,2.21661,4.22181,297.2000000000001,4.503030303030305,310,4.696969696969697,,,,,,,,,,,,,,,,,,,Tyler Phillips,20629,663969,RP,2.8265193,14.186010000000001,-1.3664653519813976,-4.77262531292331,-0.39137071480324354,1.2132933529080099,-0.13199576044260938,-0.3437915986737768,-0.6293365453504708,-0.20075204881564374,4.921431591770853,-5.1221836405864964,0.0,0.0,False,7,RP,RP 7
Daniel Lynch IV,KCR,2.86481,2.30629,0.32379,4.23156,48.7693,0.44279,0.179097,7.4589,2.28494,56.2052,241.617,56.0746,28.7241,26.4262,7.07393,19.2446,0.730693,2.74055,43.0515,6.89373,3.08159,2.23707,1.13273,0.178181,0.0796492,0.0985316708683967,0.255312,1.34007,0.289079,0.712292,,,4.41284,0.0162503,0.026803,999.0,1.86364,0.998948,0.641498,1.86364,-0.998948,4.14467,230.70000000000007,4.119642857142859,237,4.232142857142857,,,,,,,,,,,,,,,,,,,Daniel Lynch IV,21537,663738,RP,3.1886,7.6379969999999995,-0.5720013926841131,-2.8380445422819442,-0.3382164322205972,0.3665680299690547,-0.26079566863344306,-0.1439109106933103,-0.3742353590913829,-0.742298228468427,4.921431591770853,-5.66372982023928,0.0,0.0,False,7,RP,RP 7
Ryan Borucki,CHW,0.540578,0.894031,0.0,4.06857,14.0247,0.0,0.0,0.976116,0.926881,14.1149,60.6692,12.963,6.93571,6.38085,1.66706,5.74182,0.269519,0.889888,13.1729,8.39936,3.66111,2.29421,1.06296,0.217127,0.0946414,0.1224858462810516,0.23989,1.32518,0.288181,0.718903,,,4.2135,0.0160322,0.0322465,999.0,0.740391,-0.427025,1.27803,0.740391,0.427025,3.29595,54.20000000000003,3.8714285714285737,53,3.7857142857142856,,,,,,,,,,,,,,,,,,,Ryan Borucki,16350,621366,RP,0.540578,0.976116,0.11195543299201928,-0.5025137868712403,-0.7269521744820994,-0.49488159468897336,-0.920608945422237,0.02816707883059861,-0.06626338123887301,-2.3020341339488235,4.921431591770853,-7.223465725719676,0.0,0.0,False,7,RP,RP 7
Trent Thornton,CHC,1.22193,1.18192,0.0,4.2874,22.5777,0.0,0.00106124,1.81736,0.482984,24.05,102.594,23.525,12.4531,11.4569,3.32685,7.84031,0.560969,1.24317,20.8173,7.79024,2.934,2.65516,1.24497,0.202909,0.0764207,0.1264883279800415,0.251576,1.30417,0.291181,0.708116,,,4.33534,0.0149488,0.0552797,999.0,0.929205,0.634574,1.10969,0.929205,-0.634574,3.52041,101.3,4.220833333333334,104,4.333333333333333,,,,,,,,,,,,,,,,,,,Trent Thornton,17948,663423,RP,1.22193,1.8184212400000002,-0.39398275202388433,-0.35088804690456954,-0.6269281280575005,-0.38596287746098773,-0.7517965976855876,-0.0991228646754806,-0.04626943385766015,-1.9942144710177787,4.921431591770853,-6.915646062788632,0.0,0.0,False,7,RP,RP 7
Julian Aguiar,CIN,1.26917,1.47564,0.635728,4.82224,23.3583,2.02427,0.0,0.885054,0.0,34.6234,149.243,35.049,20.1645,18.5513,5.64001,11.4062,0.802924,2.0338,26.4889,6.88553,2.96492,2.32233,1.46606,0.177488,0.0764268,0.1010617166757583,0.258087,1.34173,0.283668,0.681827,,,4.8872,0.0144959,0.0548829,999.0,3.01458,-1.70148,0.90823,3.01458,1.70148,3.78903,111.2,3.1771428571428566,114,3.257142857142857,,,,,,,,,,,,,,,,,,,Julian Aguiar,30031,687924,RP,1.9048979999999998,0.885054,-2.624655133323236,-1.805522783750351,-0.5266668491025472,-0.5066568464115138,-0.6265498665591182,-0.6603419420361669,-0.23808310872428884,-2.7700914529952394,4.921431591770853,-7.691523044766092,0.0,0.0,False,7,RP,RP 7
Thomas Harrington,PIT,0.902312,1.44486,0.850474,4.81375,9.09243,2.42855,0.0725387,0.494507,0.0,19.2547,83.0669,19.6351,11.1941,10.2986,3.03481,6.57092,0.214126,0.829718,15.5312,7.25956,3.07137,2.36363,1.41853,0.186972,0.079104,0.1078681945800781,0.259496,1.36102,0.290721,0.683686,,,4.72395,0.0142239,0.0357109,999.0,1.93017,-1.83995,1.13136,1.93017,1.83995,3.49151,59.69999999999999,3.142105263157894,64,3.3684210526315788,,,,,,,,,,,,,,,,,,,Thomas Harrington,31989,802419,RP,1.752786,0.5670457,-1.4415042521993477,-1.3755255974941172,-0.548997241836022,-0.5477785852527116,-0.8685302787293193,-0.3626707773014997,-0.18138204254669574,-2.7086344032479515,4.921431591770853,-7.630065995018804,0.0,0.0,False,7,RP,RP 7
Michel Otañez,TEX,0.899293,0.702689,0.0,4.30658,18.0447,0.0,0.0374876,1.74014,0.522524,18.12,79.7161,15.0208,9.42454,8.67058,2.11559,10.5832,0.277274,1.38298,21.3318,10.5953,5.25655,2.01564,1.05079,0.267598,0.132761,0.1348368227481842,0.221709,1.41302,0.291298,0.714571,,,4.27959,0.0140015,0.0152163,999.0,1.45712,-1.60907,1.117,1.45712,1.60907,3.51066,83.60000000000002,4.644444444444446,78,4.333333333333333,,,,,,,,,,,,,,,,,,,Michel Otanez,22533,671305,RP,0.899293,1.7776276,-0.3354423478866019,-2.236793106441197,-0.6742919844287936,-0.39123791402595115,-0.7404348226724398,-0.0843945738365049,-0.29495205551956827,-2.3487512686069736,4.921431591770853,-7.270182860377826,0.0,0.0,False,7,RP,RP 7
Brandyn Garcia,ARI,3.27536,3.71734,0.0,4.17448,48.5057,0.0,0.233464,7.47987,0.345995,52.131,230.28,50.5916,26.2826,24.18,4.6059,24.2618,0.83534,3.72565,46.7364,8.06866,4.1886,1.92634,0.79517,0.202954,0.105358,0.0975968763232231,0.250091,1.43587,0.304641,0.710046,,,4.10128,0.0139542,0.175047,999.0,3.90628,-2.85386,0.592322,3.90628,2.85386,4.21024,228.7,4.398076923076923,233,4.480769230769231,,,,,,,,,,,,,,,,,,,Brandyn Garcia,33568,805299,RP,3.27536,7.713334,-0.1999193740439561,-7.6262552666603804,-0.32547986394487755,0.3763098777103851,-0.1794215097491904,-0.050298092892565115,-1.005627056137184,-1.3800758681865004,4.921431591770853,-6.301507459957353,0.0,0.0,False,7,RP,RP 7
Sauryn Lao,,0.150405,0.255269,0.0,4.0412,3.92876,0.0,0.000401304,0.0154863,0.0,5.56827,23.6766,5.17643,2.71769,2.50028,0.615301,1.7903,0.0,0.506206,4.51816,7.30271,2.89366,2.52369,0.994512,0.190828,0.0756146,0.1152134463191032,0.242114,1.25115,0.280743,0.695957,,,4.18611,0.0135344,0.0171412,999.0,0.479432,0.246476,1.42231,0.479432,-0.246476,3.10358,20.10000000000001,3.3500000000000014,18,3.0,,,,,,,,,,,,,,,,,,,Sauryn Lao,21922,666659,RP,0.150405,0.015887604,0.061105040515091615,0.21400494090489297,-0.7842304715526663,-0.6190489869495346,-1.1117327718115273,0.015373532548958267,0.02821950632334852,-2.6164692694971197,4.921431591770853,-7.537900861267973,0.0,0.0,False,7,RP,RP 7
Tommy Kahnle,BOS,1.60283,2.97899,0.0,4.27148,47.6749,0.0,1.14319,5.79713,1.79939,47.8053,207.595,43.9671,24.6618,22.6888,5.71634,22.3579,0.581283,2.15677,42.9437,8.08474,4.20918,1.92074,1.07618,0.206863,0.1077,0.0991632118821144,0.240152,1.3874,0.284561,0.714364,,,4.43142,0.0124235,0.00838353,742.280029296875,2.03692,0.280415,0.763498,2.03692,-0.280415,3.982,210.00000000000003,4.375000000000001,205,4.270833333333333,,,,,,,,,,,,,,,,,,,Tommy Kahnle,11384,592454,RP,1.60283,6.94032,-0.6985264900344041,-4.67619560106807,-0.571011128792613,0.2763512293713648,-0.26317623101715015,-0.17574359889673868,-0.6166209563927979,-1.4033169338902174,4.921431591770853,-6.32474852566107,0.0,0.0,False,7,RP,RP 7
Craig Kimbrel,NYM,0.931429,0.927379,0.0,4.14502,12.3602,0.0,0.238223,1.05003,0.756252,12.5791,53.9238,10.3529,6.29717,5.79339,1.70421,6.21117,0.177564,0.75469,14.7267,10.5365,4.44393,2.371,1.21932,0.273101,0.115184,0.1579169556498527,0.220471,1.31679,0.283311,0.724134,,,4.21622,0.0123846,0.0812782,999.0,1.37593,1.36964,1.24373,1.37593,-1.36964,3.34169,58.599999999999994,4.507692307692308,52,4.0,,,,,,,,,,,,,,,,,,,Craig Kimbrel,6655,518886,RP,0.931429,1.288253,-0.007047282577282452,-0.34230221662442145,-0.6695743454464455,-0.45451907523059776,-0.886296164051141,-0.0017730391334373988,-0.0451372735866993,-2.2438299659740997,4.921431591770853,-7.1652615577449525,0.0,0.0,False,7,RP,RP 7
Luke Jackson,,2.10754,2.48315,0.0,4.31908,39.1808,0.0,1.03595,2.67466,1.59457,40.6465,176.948,37.9934,21.2023,19.5062,4.6156,18.6495,1.57041,2.0239,36.7047,8.1272,4.12939,1.96813,1.02199,0.207432,0.105395,0.1020368337631225,0.243119,1.39355,0.290357,0.706253,,,4.33114,0.0120931,0.0433162,999.0,0.89831,1.3641,0.787518,0.89831,-1.3641,3.94998,171.10000000000002,4.173170731707318,168,4.097560975609756,,,,,,,,,,,,,,,,,,,Luke Jackson,11752,592426,RP,2.10754,3.71061,-0.8089498578020313,-4.225947737359942,-0.4969185357262401,-0.141283439764016,-0.40095293520962516,-0.2035252225440039,-0.5572495587827178,-1.7909325518008363,4.921431591770853,-6.712364143571689,0.0,0.0,False,7,RP,RP 7
Collin Snider,CHC,0.601775,0.700944,0.0,4.52292,9.80157,0.0,0.0,1.06292,0.303021,10.1962,44.1441,10.1994,5.56963,5.12406,1.38074,3.7168,0.278391,0.556978,8.43593,7.44626,3.28076,2.26968,1.21875,0.1911,0.0841971,0.106902927160263,0.255815,1.36485,0.293432,0.696525,,,4.4983,0.0115556,-0.0785266,999.0,0.61748,-0.358451,1.29712,0.61748,0.358451,3.27051,40.7,4.07,42,4.2,,,,,,,,,,,,,,,,,,,Collin Snider,23307,676092,RP,0.601775,1.06292,-0.4338430834172958,-0.7673746728419316,-0.7179683136156952,-0.4836569460921558,-1.0252161123494095,-0.10915140073278858,-0.101188946110665,-2.569353930767876,4.921431591770853,-7.490785522538729,0.0,0.0,False,7,RP,RP 7
Yoniel Curet,PHI,0.114602,0.857975,0.351238,5.12339,2.17763,1.4174,0.0,0.0,0.0,7.28842,32.6789,7.03907,4.50983,4.14904,1.06924,3.82521,0.0672799,0.605352,6.38948,7.88995,4.7235,1.67036,1.32033,0.195523,0.117054,0.0784686505794525,0.249185,1.49062,0.287154,0.678361,,,5.11263,0.0100163,-0.0590541,999.0,1.02128,0.925066,1.33135,1.02128,-0.925066,3.22487,18.3,2.6142857142857143,19,2.7142857142857144,,,,,,,,,,,,,,,,,,,Yoniel Curet,sa3015446,692414,SP,0.46584,0.0,-0.7963918782330948,-1.4652723804000103,-0.7379238854063818,-0.6211034172977374,-1.0704081521466031,-0.20036573674668226,-0.19321639504811133,-3.0070103124086858,4.8385671445016785,-7.845577456910364,0.0,0.0,False,7,SP,SP 7
Daniel Robert,PHI,0.16936,0.0168764,0.0,4.17631,5.53076,0.0,0.0,0.490388,0.0,5.36966,23.188,4.91815,2.70837,2.4917,0.746515,2.55012,0.0564906,0.355418,5.77498,9.67936,4.27421,2.26459,1.25122,0.24905,0.109976,0.1390746682882309,0.242483,1.39083,0.30315,0.741053,,,4.4148,0.00924496,-0.0314013,999.0,1.66595,-0.0290687,1.3916,1.66595,0.0290687,3.14453,14.7,2.94,15,3.0,,,,,,,,,,,,,,,,,,,Daniel Robert,21229,642016,RP,0.16936,0.490388,-0.021674876101146743,-0.5436587324466375,-0.7814478337971769,-0.5576912130664098,-1.0839782410592935,-0.0054532230144465925,-0.07168891042025204,-2.752043620034232,4.921431591770853,-7.673475211805085,0.0,0.0,False,7,RP,RP 7
Scott Alexander,SFG,1.40275,1.40535,0.0,4.17358,27.0377,0.0654228,0.0,1.84348,1.46982,26.833,116.355,27.5096,13.5253,12.4433,2.8654,9.48589,0.908476,1.27542,19.3035,6.47455,3.18165,2.03497,0.961078,0.165902,0.0815255,0.0843764990568161,0.260524,1.37873,0.295407,0.711565,,,4.28771,0.00882602,0.0110927,999.0,1.09096,0.722072,1.06918,1.09096,-0.722072,3.57443,106.1,3.92962962962963,112,4.148148148148148,,,,,,,,,,,,,,,,,,,Scott Alexander,10591,518397,RP,1.40275,1.84348,-0.10021232786099561,-2.3921642508353567,-0.6003833346548306,-0.38272252246269284,-0.7852260534968664,-0.025212608832119825,-0.315439886189074,-2.1926185169630643,4.921431591770853,-7.114050108733917,0.0,0.0,False,7,RP,RP 7
Tucker Davidson,PHI,0.280189,0.36646,0.0,4.47641,5.56139,0.0,0.0,0.66511,0.0,5.85555,25.2964,5.86099,3.16568,2.91243,0.731018,2.22718,0.111413,0.168634,4.79229,7.36577,3.42318,2.15173,1.12358,0.189445,0.0880432,0.1014020442962646,0.255931,1.38128,0.295211,0.696768,,,4.3487,0.00830807,0.0220741,999.0,0.763125,1.23608,1.38078,0.763125,-1.23608,3.15896,24.500000000000007,4.083333333333335,25,4.166666666666667,,,,,,,,,,,,,,,,,,,Tucker Davidson,19871,656353,RP,0.280189,0.66511,-0.21889714796729554,-0.5369642425177577,-0.7651778807608728,-0.5350978642330247,-1.1056791209187105,-0.05507274687622734,-0.07080614948921549,-2.70078763724374,4.921431591770853,-7.622219229014593,0.0,0.0,False,7,RP,RP 7
Chen Zhong-Ao Zhuang,ATH,0.186691,0.528842,0.0,4.34931,6.36633,0.0,0.0,0.607831,0.0,7.17226,30.0852,7.29205,3.76744,3.46604,1.11733,1.81036,0.176405,0.111498,5.96453,7.4845,2.2717,3.29467,1.40206,0.198255,0.0601744,0.1380803249776363,0.25892,1.26911,0.292898,0.70773,,,4.30099,0.00787853,-0.0347235,999.0,2.18265,-1.55285,1.3911,2.18265,1.55285,3.1452,31.3,4.4714285714285715,32,4.571428571428571,,,,,,,,,,,,,,,,,,,Chen Zhong-Ao Zhuang,sa3018174,800018,RP,0.186691,0.607831,-0.16682507854598094,0.14679989593797135,-0.7789036029905091,-0.5425046271353924,-1.07979238206271,-0.0419718365848339,0.019357593213371046,-2.711749677544737,4.921431591770853,-7.63318126931559,0.0,0.0,False,7,RP,RP 7
Cole Irvin,LAD,0.206937,0.654095,0.0225269,5.28637,1.78673,1.76526,0.00121963,0.0,0.0,9.13638,39.8184,10.311,5.83313,5.36648,1.71626,2.48948,0.0842308,0.43105,5.86828,5.78068,2.45232,2.35723,1.69064,0.147376,0.0625209,0.0848551169037818,0.279448,1.40105,0.293203,0.670085,,,5.25155,0.0074992,-0.0345589,999.0,0.927658,-0.266374,1.31661,0.927658,0.266374,3.24452,22.000000000000007,2.444444444444445,25,2.7777777777777777,,,,,,,,,,,,,,,,,,,Cole Irvin,19244,608344,SP,0.2294639,0.00121963,-1.1637766367540954,-1.018378359924241,-0.7726244425340715,-0.6209457066142652,-1.08191788419102,-0.2927967620025892,-0.13428724797628,-3.068291104701557,4.8385671445016785,-7.9068582492032355,0.0,0.0,False,7,SP,SP 7
Bryan Hoeing,SDP,0.767748,0.563701,0.0,4.29172,9.8196,0.161555,0.0,1.01534,0.0,12.4816,53.3461,12.2626,6.46949,5.95193,1.47371,4.34195,0.0883399,0.420257,9.7759,7.04905,3.13082,2.2515,1.06264,0.183254,0.081392,0.1018621399998664,0.2524,1.33033,0.288981,0.696981,,,4.24822,0.00708823,0.0276399,999.0,0.507027,0.0425344,1.28027,0.507027,-0.0425344,3.29297,57.30000000000001,4.775000000000001,59,4.916666666666667,,,,,,,,,,,,,,,,,,,Bryan Hoeing,26304,663773,RP,0.767748,1.01534,-0.21043694709610528,-0.5085163596775085,-0.693603094085658,-0.48980952869476146,-0.9956253685897059,-0.05294422896072341,-0.067054903343674,-2.409151440771926,4.921431591770853,-7.330583032542779,0.0,0.0,False,7,RP,RP 7
Jackson Wolf,SDP,0.178136,0.0770887,0.0,4.29741,4.88698,0.0,0.0,0.690692,0.0,6.09098,26.0318,5.93251,3.16129,2.90839,0.818028,2.19377,0.131388,0.180794,5.31281,7.85018,3.2415,2.42177,1.20871,0.204089,0.0842725,0.1198164895176887,0.250769,1.33415,0.291815,0.711211,,,4.30612,0.00640476,0.01382,999.0,1.13927,0.137278,1.3941,1.13927,-0.137278,3.14119,24.500000000000007,4.083333333333335,25,4.166666666666667,,,,,,,,,,,,,,,,,,,Jackson Wolf,29832,680232,RP,0.178136,0.690692,-0.10656015804251345,-0.27146819842556325,-0.7801594967387661,-0.5317898489295388,-1.0941844054088103,-0.026809671416289454,-0.03579683024918184,-2.669930064224466,4.921431591770853,-7.591361655995319,0.0,0.0,False,7,RP,RP 7
Juan Morillo,ARI,0.982946,1.3302,0.0,4.27624,31.7137,0.0,0.0207416,1.91976,0.563137,31.3071,138.663,30.4481,16.1687,14.8752,3.10448,15.7229,0.518648,1.3885,28.5061,8.19477,4.51995,1.81302,0.89246,0.205578,0.113389,0.0921883732080459,0.250495,1.47478,0.304017,0.717335,,,4.24289,0.00575333,0.0539989,999.0,2.62438,-3.41756,0.943254,2.62438,3.41756,3.74233,129.49999999999997,4.177419354838709,131,4.225806451612903,,,,,,,,,,,,,,,,,,,Juan Morillo,21924,666661,RP,0.982946,1.9405016,-0.4740417224901042,-5.797960102796101,-0.6620115309252346,-0.3701766332605709,-0.5820037585775409,-0.11926505225809932,-0.7645410946661068,-2.693643567132608,4.921431591770853,-7.615075158903461,0.0,0.0,False,7,RP,RP 7
Trevor Stephan,CLE,0.758609,1.05568,0.0,4.36713,12.8071,0.0,0.0,0.764799,1.33862,13.3312,57.3592,12.6434,7.03131,6.46881,1.8248,5.04297,0.264312,0.878972,12.8229,8.65683,3.40454,2.54273,1.23193,0.223555,0.0879191,0.135635569691658,0.245802,1.32668,0.294067,0.704156,,,4.3235,0.00471413,-0.0395145,999.0,0.476385,-0.0719977,1.24853,0.476385,0.0719977,3.3353,49.8,3.8307692307692305,51,3.923076923076923,,,,,,,,,,,,,,,,,,,Trevor Stephan,19932,663986,RP,0.758609,0.764799,-0.3365038704274765,-0.49470838082720425,-0.6949447203820135,-0.5222070528191712,-0.9283380440706369,-0.0846616442974034,-0.06523413067912134,-2.3982613847023146,4.921431591770853,-7.319692976473167,0.0,0.0,False,7,RP,RP 7
Joey Gerber,NYM,0.439121,0.501393,0.0,4.32208,12.0145,0.0,0.0,1.31991,0.0,13.2785,56.06,12.2924,6.93125,6.37675,1.90262,4.72602,0.235902,0.401161,12.4893,8.46505,3.20324,2.64266,1.28957,0.222784,0.0843029,0.1384807154536247,0.241345,1.28165,0.284332,0.702706,,,4.27511,0.0037148,-0.0210645,999.0,1.08929,-0.0358334,1.29216,1.08929,0.0358334,3.27712,53.39999999999999,4.107692307692307,52,4.0,,,,,,,,,,,,,,,,,,,Joey Gerber,24591,680702,RP,0.439121,1.31991,-0.26868568909559915,0.1052807028764094,-0.7418462962841936,-0.45042550004247905,-0.9357049792395116,-0.06759913997160648,0.013882714333533351,-2.3393703493070492,4.921431591770853,-7.2608019410779026,0.0,0.0,False,7,RP,RP 7
Tyler Samaniego,BOS,1.60164,1.43551,0.0,4.40172,23.4125,0.0,0.0,1.13291,0.0,24.594,107.754,24.9269,13.0744,12.0284,3.00406,10.0111,0.631652,1.24762,20.624,7.54723,3.6635,2.06011,1.09931,0.191399,0.0929071,0.0984918549656868,0.258323,1.42059,0.30086,0.711422,,,4.41923,0.00335376,0.0417273,999.0,0.847977,0.870994,1.01038,0.847977,-0.870994,3.65282,96.1,3.844,99,3.96,,,,,,,,,,,,,,,,,,,Tyler Samaniego,sa3017876,701719,RP,1.60164,1.13291,-0.7152446238368164,-3.222046007716053,-0.5711858235395945,-0.4746065203595714,-0.7560652684534036,-0.17994974575471745,-0.42487125439442214,-2.4812074937286037,4.921431591770853,-7.402639085499457,0.0,0.0,False,7,RP,RP 7
Lake Bachar,MIA,2.98895,2.77971,0.0,4.30146,46.4794,0.0998034,0.50925,6.63457,1.80659,50.7844,218.46,47.1738,26.3825,24.2719,7.29087,21.3045,1.33552,2.19922,50.3096,8.91584,3.77558,2.36145,1.29209,0.230292,0.0975213,0.132770262658596,0.241971,1.34841,0.290362,0.722413,,,4.40863,0.00285353,0.130577,999.0,0.879828,1.5897,0.579763,0.879828,-1.5897,4.22698,233.10000000000008,4.570588235294119,228,4.470588235294118,,,,,,,,,,,,,,,,,,,Lake Bachar,19222,669199,RP,2.98895,7.14382,-0.9112507406187861,-2.987704979842858,-0.3675255130902082,0.3026658691282006,-0.1005140374907272,-0.22926329486198363,-0.39397015421455883,-0.7231303115931919,4.921431591770853,-5.644561903364044,0.0,0.0,False,7,RP,RP 7
Ronan Kopp,LAD,0.778642,0.713233,0.0,4.32678,12.8616,0.0,0.0,0.892037,0.0,13.4027,59.3873,11.3867,7.0037,6.4434,1.52047,8.29913,0.282285,0.699582,15.0265,10.0904,5.57292,1.81061,1.021,0.253025,0.139746,0.1132787615060806,0.225978,1.4688,0.291542,0.722334,,,4.38185,0.00271705,-0.0210759,999.0,1.18884,1.4127,1.19184,1.18884,-1.4127,3.41088,49.99999999999999,3.846153846153846,46,3.5384615384615383,,,,,,,,,,,,,,,,,,,Ronan Kopp,sa3017751,691947,RP,0.778642,0.892037,-0.2782041164470069,-2.4019633425882723,-0.692003829738082,-0.5057538728025606,-0.8796756389803118,-0.0699938990858831,-0.3167320317372806,-2.6300550387804766,4.921431591770853,-7.551486630551329,0.0,0.0,False,7,RP,RP 7
Jose Espada,BAL,0.745642,0.62294,0.0,4.41763,12.3197,0.0,0.0,1.20224,0.0,14.518,63.014,13.1833,7.74582,7.12615,2.153,7.14641,0.215005,0.436725,14.9314,9.25625,4.43019,2.08936,1.33469,0.236954,0.11341,0.1235440224409103,0.237834,1.40031,0.287649,0.726742,,,4.57305,0.00201596,-0.03973,999.0,1.14984,0.957268,1.19961,1.14984,-0.957268,3.40052,65.60000000000001,4.373333333333334,62,4.133333333333334,,,,,,,,,,,,,,,,,,,Jose Espada,21131,664744,RP,0.745642,1.20224,-0.4479199540075995,-1.607573704156364,-0.6968483059148772,-0.4656414394045767,-0.8817757454987769,-0.1126930271908228,-0.21198078940547357,-2.5253208740185875,4.921431591770853,-7.446752465789441,0.0,0.0,False,7,RP,RP 7
Luis Perales,WSN,0.850182,1.19772,0.18633,4.19167,15.6408,0.25481,0.0,0.775497,0.0,17.0632,74.1507,14.9038,8.63809,7.94704,2.09324,8.8269,0.429351,0.766015,17.2605,9.10403,4.65575,1.95544,1.10408,0.232775,0.11904,0.1137353926897049,0.23086,1.39075,0.283395,0.725601,,,4.39339,0.001959,-0.00220478,999.0,0.587417,-1.14183,1.17632,0.587417,1.14183,3.43157,70.20000000000002,4.129411764705884,67,3.941176470588235,,,,,,,,,,,,,,,,,,,Luis Perales,sa3014677,691384,RP,1.036512,0.775497,-0.09802671161471932,-1.7263222590412546,-0.6541479184741372,-0.520823691560603,-0.8303419064645257,-0.024662725512864664,-0.22763942598317774,-2.3501387555462463,4.921431591770853,-7.271570347317099,0.0,0.0,False,7,RP,RP 7
Will Klein,LAD,2.82727,2.58769,0.0,4.32356,44.7993,0.0,0.0,6.32961,1.12725,47.5511,211.944,42.3504,24.8297,22.8433,5.02402,28.4759,0.648594,2.74372,51.8651,9.8165,5.38964,1.82136,0.950896,0.244711,0.134356,0.1103553622961044,0.234337,1.48948,0.30142,0.721033,,,4.29686,0.00189786,0.00839262,999.0,3.22338,-1.65379,0.545015,3.22338,1.65379,4.27331,219.50000000000009,4.572916666666668,210,4.375,,,,,,,,,,,,,,,,,,,Will Klein,27787,694361,RP,2.82727,6.32961,-0.969957615374761,-9.505307079674186,-0.39126051031033693,0.19738015494435174,-0.06616371478333911,-0.24403346835832018,-1.2534059826191186,-1.9179437732814433,4.921431591770853,-6.839375365052296,0.0,0.0,False,7,RP,RP 7
Max Lazar,PHI,1.58722,1.41081,0.0,4.44655,34.6979,0.0,0.0605623,1.94821,1.21611,37.6668,160.104,37.7729,20.2279,18.6097,5.18977,11.6305,0.541345,1.08991,29.5846,7.06886,2.77897,2.5437,1.24003,0.184784,0.0726437,0.1121402606368064,0.25629,1.31159,0.289348,0.692384,,,4.36856,0.00185289,0.0397515,999.0,1.66921,-0.656327,0.916316,1.66921,0.656327,3.77824,149.89999999999998,3.944736842105262,154,4.052631578947368,,,,,,,,,,,,,,,,,,,Max Lazar,23426,676661,RP,1.58722,2.0087723,-1.2831016051531496,-0.8290121071578009,-0.5733027128265454,-0.3613485306736077,-0.5581870931709719,-0.32281795616468406,-0.10931669288173004,-2.0012449249894835,4.921431591770853,-6.922676516760337,0.0,0.0,False,7,RP,RP 7
Jeff Criswell,COL,0.628476,0.653726,0.0,4.73529,10.0037,0.0,0.0,0.724094,0.0,10.9784,48.0163,10.9972,6.27847,5.77619,1.73949,4.72127,0.122339,0.35077,10.7652,8.82524,3.87047,2.28015,1.42602,0.224199,0.0983265,0.1258723884820938,0.25608,1.43177,0.304134,0.710672,,,4.61979,0.00182974,0.054465,999.0,1.32842,0.0189834,1.2443,1.32842,-0.0189834,3.34093,39.20000000000001,3.5636363636363644,40,3.636363636363636,,,,,,,,,,,,,,,,,,,Jeff Criswell,27608,676105,RP,0.628476,0.724094,-0.7261637748365488,-1.5609344503175517,-0.7140485451794344,-0.5274706273218838,-0.9737785191815289,-0.18269691557714665,-0.20583075981711202,-2.7953927032475825,4.921431591770853,-7.716824295018435,0.0,0.0,False,7,RP,RP 7
Peter Lambert,HOU,0.484722,0.355631,0.0,4.59302,9.09468,0.0,0.0,0.721447,0.0,9.4848,41.1157,9.45274,5.26134,4.84043,1.32153,3.88098,0.214781,0.181257,8.80571,8.35562,3.68261,2.26894,1.25398,0.214169,0.0943916,0.1197770908474922,0.255111,1.4058,0.301981,0.70295,,,4.3745,0.00179814,-0.0401321,999.0,1.11588,-2.09456,1.29654,1.11588,2.09456,3.27129,40.90000000000001,4.544444444444446,42,4.666666666666667,,,,,,,,,,,,,,,,,,,Peter Lambert,17969,663567,RP,0.484722,0.721447,-0.4774546356089866,-1.102302563795446,-0.7351519642194047,-0.5278129116041261,-1.0170502092116802,-0.12012371351546229,-0.14535381303693456,-2.726321967323214,4.921431591770853,-7.647753559094067,0.0,0.0,False,7,RP,RP 7
RJ Petit,COL,0.936444,1.72708,0.0,4.76491,20.8558,0.0,0.0,1.8156,0.0,21.0959,92.8673,21.9824,12.1401,11.1689,3.06962,8.243,0.545583,1.2527,18.435,7.86478,3.51665,2.23644,1.30957,0.198509,0.088761,0.1097480505704879,0.263668,1.43276,0.305701,0.697521,,,4.62936,0.00131373,0.0551027,999.0,0.924646,-0.179013,1.06141,0.924646,0.179013,3.58478,78.3,3.7285714285714286,83,3.952380952380953,,,,,,,,,,,,,,,,,,,RJ Petit,sa3017848,696275,RP,0.936444,1.8156,-1.4648585874603213,-3.0205291442700295,-0.668838131869881,-0.3863276927645139,-0.8044052597143956,-0.3685465386178706,-0.3982984735126767,-2.726941058353169,4.921431591770853,-7.648372650124022,0.0,0.0,False,7,RP,RP 7
Tayler Saucedo,LAA,0.842284,0.82559,0.0,4.44847,21.9956,0.0,0.0309857,1.31786,0.538018,22.0567,96.8407,21.4964,11.8501,10.9021,2.5392,9.70331,0.509348,1.45595,19.6008,7.99788,3.95932,2.02001,1.03609,0.202402,0.100199,0.1022037863731384,0.250887,1.41452,0.298343,0.699936,,,4.37221,0.00119192,-0.0538444,999.0,1.43821,-1.49384,1.09119,1.43821,1.49384,3.54508,82.30000000000001,3.740909090909091,82,3.727272727272727,,,,,,,,,,,,,,,,,,,Tayler Saucedo,17888,642048,RP,0.842284,1.3488457,-0.7560938934122762,-2.7558097632914853,-0.6826610372276699,-0.4466838168895952,-0.7786607362735256,-0.19022709063700072,-0.3633915680279241,-2.6025507076079673,4.921431591770853,-7.523982299378821,0.0,0.0,False,7,RP,RP 7
Riley Cornelio,WSN,0.413989,0.862093,0.495926,5.03084,5.7023,1.60564,0.0,0.629109,0.0,11.6051,51.5209,12.1,7.05114,6.48705,1.72885,5.10662,0.161804,0.543438,8.67007,6.72382,3.96029,1.69781,1.34076,0.168283,0.0991174,0.0691652223467826,0.263784,1.48268,0.292376,0.68682,,,5.03819,0.0010263,0.0193944,999.0,0.850593,0.105105,1.24295,0.850593,-0.105105,3.34273,37.000000000000014,3.0833333333333344,38,3.1666666666666665,,,,,,,,,,,,,,,,,,,Riley Cornelio,sa3020830,683000,RP,0.909915,0.629109,-1.1487439312063357,-2.240904066200926,-0.6727326503090991,-0.5397531632300069,-1.0200455661850198,-0.2890146552223751,-0.29549414232580823,-2.9627685852079435,4.921431591770853,-7.884200176978796,0.0,0.0,False,7,RP,RP 7
Emiliano Teodo,TEX,0.610168,0.701922,0.0,4.44146,12.1681,0.0,0.0,1.23965,0.0,12.4463,55.0364,11.0483,6.67631,6.14221,1.39027,7.02625,0.308332,0.742987,12.5514,9.076,5.08071,1.78636,1.00531,0.228057,0.127666,0.1003916412591934,0.233741,1.4522,0.289809,0.706728,,,4.44302,0.000793468,-0.0937416,999.0,1.72735,-0.690371,1.22923,1.72735,0.690371,3.36102,53.90000000000001,4.491666666666668,53,4.416666666666667,,,,,,,,,,,,,,,,,,,Emiliano Teodo,sa3015158,693713,RP,0.610168,1.23965,-0.4169548256347143,-2.0240385673674988,-0.716736201841397,-0.46080394223846743,-0.9343336163078955,-0.1049024520613351,-0.26689743194253734,-2.702735517219727,4.921431591770853,-7.62416710899058,0.0,0.0,False,7,RP,RP 7
Beau Brieske,DET,2.00698,2.73565,0.0,4.5238,39.74,0.404743,0.181814,6.04965,1.43845,43.0546,186.64,41.0706,23.523,21.6412,5.85906,18.8917,1.02284,1.38887,37.3848,7.8148,3.94906,1.9789,1.22476,0.200304,0.10122,0.0990844145417213,0.246878,1.3927,0.286003,0.70401,,,4.58074,0.000713556,-0.18279,999.0,1.73145,-0.581944,0.7145,1.73145,0.581944,4.04733,175.79999999999998,4.088372093023255,175,4.069767441860465,,,,,,,,,,,,,,,,,,,Beau Brieske,26079,689225,RP,2.00698,6.231464,-1.8362321436710027,-4.43990784109179,-0.5116809758577106,0.18468886927568146,-0.3859341923788347,-0.46198111301794964,-0.5854631527057137,-1.8128413477330305,4.921431591770853,-6.734272939503883,0.0,0.0,False,7,RP,RP 7
Tom Cosgrove,HOU,0.545764,0.591491,0.0,4.54371,9.45491,0.0,0.0,0.755278,0.0,9.83439,43.0279,9.22535,5.39669,4.96495,1.26916,4.5471,0.212889,0.637368,8.81173,8.06411,4.1613,1.93788,1.16148,0.204791,0.105678,0.0991132855415344,0.243777,1.40044,0.28658,0.698235,,,4.60234,-0.0011529,0.0128071,999.0,0.96452,1.19322,1.29232,0.96452,-1.19322,3.27691,42.3,4.23,41,4.1,,,,,,,,,,,,,,,,,,,Tom Cosgrove,23443,676680,RP,0.545764,0.755278,-0.44116443848965353,-1.0902079579500141,-0.7261908577108005,-0.5234382158910378,-1.0169172687149275,-0.1109933942828881,-0.14375897226040657,-2.6868609164235924,4.921431591770853,-7.608292508194445,0.0,0.0,False,7,RP,RP 7
Tyson Neighbors,BAL,0.672733,1.01709,0.0,4.39621,14.2501,0.0,0.0,1.14949,0.0,14.7578,63.7818,13.4784,7.83555,7.20871,1.99373,6.43212,0.375732,0.926171,14.7206,8.97733,3.92262,2.28861,1.21587,0.230796,0.100846,0.1299507021903991,0.238878,1.34915,0.289218,0.705341,,,4.39224,-0.00127161,-0.0397757,999.0,0.769379,-0.141277,1.22272,0.769379,0.141277,3.36971,65.60000000000001,4.373333333333334,62,4.133333333333334,,,,,,,,,,,,,,,,,,,Tyson Neighbors,sa3025569,695695,RP,0.672733,1.14949,-0.420172779119256,-0.8791421912934861,-0.7075515154171185,-0.4724625560983019,-0.8864308711990132,-0.10571206305608463,-0.11592703664424017,-2.409449865747824,4.921431591770853,-7.330881457518677,0.0,0.0,False,7,RP,RP 7
Tate Kuehner,MIL,0.657547,0.628121,0.0,4.20315,8.4895,0.0,0.0,0.666259,0.0,8.8299,38.6874,8.21121,4.48229,4.12371,1.0183,4.18792,0.224311,0.593254,8.13765,8.29442,4.2686,1.94312,1.03792,0.210344,0.10825,0.1020934805274009,0.242174,1.40422,0.290619,0.72145,,,4.41558,-0.00214793,0.0737859,999.0,0.457357,-1.48858,1.31104,0.457357,1.48858,3.25195,38.500000000000014,4.2777777777777795,37,4.111111111111111,,,,,,,,,,,,,,,,,,,Tate Kuehner,sa3023099,804249,RP,0.657547,0.666259,-0.06198638220772135,-1.0122591308258908,-0.7097808552722946,-0.5349492867338572,-1.0318030710489656,-0.015595270969948415,-0.1334803431286407,-2.5515827501091013,4.921431591770853,-7.473014341879955,0.0,0.0,False,7,RP,RP 7
Tyler Gilbert,CHW,1.72766,2.03389,0.0,4.404,33.5597,0.31383,0.0365458,2.5228,0.518963,35.9652,154.867,34.5477,19.1293,17.599,4.9772,14.1667,1.0278,1.49405,32.3341,8.09135,3.5451,2.28241,1.2455,0.208786,0.0914763,0.1173099055886268,0.248176,1.35449,0.290205,0.708687,,,4.44244,-0.00277156,-0.0191908,999.0,1.39183,-1.01799,0.866748,1.39183,1.01799,3.84434,144.90000000000003,4.025000000000001,146,4.055555555555555,,,,,,,,,,,,,,,,,,,Tyler Gilbert,17964,656457,RP,1.72766,2.5593458,-1.0551317502324058,-2.33436305914895,-0.5526857966365722,-0.29015372324284505,-0.49746950250304267,-0.26546258981091025,-0.307818000977477,-1.9745874082810262,4.921431591770853,-6.896019000051879,0.0,0.0,False,7,RP,RP 7
Dylan Smith,DET,1.37201,1.09797,0.0,4.04842,19.4996,0.0,0.0,0.918483,0.0,22.7352,98.0813,21.0002,11.1161,10.2268,2.66184,9.44336,0.26985,1.47846,19.4849,7.71335,3.73828,2.06334,1.05372,0.198661,0.096281,0.1023798286914825,0.24094,1.33905,0.282073,0.723414,,,4.38429,-0.00305634,0.090848,999.0,1.59983,0.78549,1.12486,1.59983,-0.78549,3.50018,90.70000000000002,3.9434782608695658,88,3.8260869565217392,,,,,,,,,,,,,,,,,,,Dylan Smith,30145,681916,RP,1.37201,0.918483,0.23131377198280775,-1.1246790857374176,-0.6048960376146696,-0.5023341334265936,-0.7812201720830956,0.05819666876289308,-0.1483044664179547,-2.1302050405342485,4.921431591770853,-7.051636632305101,0.0,0.0,False,7,RP,RP 7
Hunter Bigge,TBR,1.4479,1.89459,0.0,4.15507,42.0676,0.0,0.325228,5.56627,2.05714,44.3791,189.452,40.4201,22.2703,20.4887,6.38675,17.905,0.634269,1.98418,44.5967,9.04413,3.6311,2.49074,1.29522,0.235398,0.0945091,0.1408887580037117,0.238378,1.31425,0.287008,0.730096,,,4.3407,-0.00349981,0.101346,999.0,2.23324,2.00584,0.842477,2.23324,-2.00584,3.8767,201.8,4.586363636363637,196,4.454545454545454,,,,,,,,,,,,,,,,,,,Hunter Bigge,26259,685801,RP,1.4479,5.891498,-0.07446670105377176,-1.0946578670013634,-0.5937552104311246,0.1407277743392077,-0.22667280225770772,-0.018735217959325538,-0.14434575421077606,-0.9326529388371837,4.921431591770853,-5.854084530608037,0.0,0.0,False,7,RP,RP 7
Grant Holman,ARI,1.55593,1.5406,0.0,4.31744,21.7712,0.141113,0.0,1.9719,1.84796,22.0648,95.811,21.4772,11.5053,10.5848,2.57983,9.05661,0.434675,1.06847,19.0652,7.77648,3.69409,2.10511,1.05228,0.198988,0.0945258,0.1044618263840675,0.250651,1.38382,0.295083,0.706802,,,4.30363,-0.00481878,-0.0264284,999.0,1.28061,0.449811,1.06987,1.28061,-0.449811,3.5735,87.30000000000001,3.9681818181818183,87,3.9545454545454546,,,,,,,,,,,,,,,,,,,Grant Holman,30002,680880,RP,1.55593,1.9719,-0.4350679212830191,-2.0794641575609134,-0.5778961570559976,-0.36611649770803517,-0.7904884655194768,-0.10945956000471053,-0.2742060612962565,-2.24510397160614,4.921431591770853,-7.166535563376993,0.0,0.0,False,7,RP,RP 7
J.P. France,HOU,1.50346,1.42869,0.0,4.55997,13.1642,1.33782,0.0,0.76053,0.0,21.4008,92.0722,19.3023,11.7858,10.843,2.83118,9.77646,0.261035,0.717191,18.7227,7.87373,4.11145,1.91507,1.19064,0.203348,0.106183,0.0971649736166,0.23661,1.35877,0.274406,0.688547,,,4.57626,-0.00541394,-0.0654741,999.0,1.73097,-0.736149,1.06786,1.73097,0.736149,3.57618,78.1,3.7190476190476183,75,3.5714285714285716,,,,,,,,,,,,,,,,,,,J.P. France,21212,641585,RP,1.50346,0.76053,-0.998705636570178,-1.4806959112763132,-0.585598874177102,-0.522759078357854,-0.798051940625411,-0.2512662373056989,-0.19525020055396472,-2.5235053511413885,4.921431591770853,-7.444936942912241,0.0,0.0,False,7,RP,RP 7
Josh Fleming,TOR,0.435473,0.245931,0.0,4.46324,5.6864,0.0,0.00558242,0.0,0.183936,9.65053,41.9184,10.1961,5.202,4.78584,1.03509,3.25272,0.115667,0.386563,5.44117,5.07439,3.03346,1.67281,0.965316,0.129804,0.0775964,0.0522072613239288,0.266362,1.39359,0.288056,0.687253,,,4.53316,-0.00548118,0.0126627,999.0,1.28638,-0.468487,1.3338,1.28638,0.468487,3.2216,36.7,3.67,38,3.8,,,,,,,,,,,,,,,,,,,Josh Fleming,20418,676596,RP,0.435473,0.00558242,-0.34662940585817353,-1.0036803122242817,-0.7423818311051921,-0.6203815530654458,-1.0913498136873574,-0.08720914687996044,-0.1323491074443087,-2.8688376660956973,4.921431591770853,-7.79026925786655,0.0,0.0,False,7,RP,RP 7
Eric Cerantola,KCR,0.645922,0.824872,0.0,4.49756,11.6599,0.0,0.0,0.962104,0.0,12.3905,54.8023,11.3599,6.73031,6.19188,1.41874,6.57444,0.25409,0.8117,12.1673,8.83792,4.77544,1.8507,1.03052,0.222022,0.119966,0.10205589979887,0.239578,1.44743,0.293855,0.702531,,,4.44803,-0.00647842,-0.0740491,999.0,1.03277,1.02437,1.22791,1.03277,-1.02437,3.36279,51.90000000000001,4.325000000000001,51,4.25,,,,,,,,,,,,,,,,,,,Eric Cerantola,sa3017914,672021,RP,0.645922,0.962104,-0.4922926336362573,-1.9557871846224981,-0.711487432107302,-0.49669349017925735,-0.9428157499960395,-0.12385683346286305,-0.2578975447492513,-2.6904352449191435,4.921431591770853,-7.611866836689996,0.0,0.0,False,7,RP,RP 7
Jake Bloss,TOR,0.285269,0.685741,0.131323,4.55722,8.75189,0.218656,0.0,0.895775,0.0,9.92856,42.7884,9.78421,5.46457,5.02741,1.46835,3.91755,0.174994,0.194516,8.68939,7.87672,3.55116,2.21807,1.33102,0.203078,0.0915563,0.1115219742059707,0.252977,1.38003,0.291595,0.707293,,,4.54983,-0.00738539,0.0126596,999.0,0.826927,-0.739534,1.31616,0.826927,0.739534,3.24512,45.7,4.57,47,4.7,,,,,,,,,,,,,,,,,,,Jake Bloss,33168,814005,RP,0.41659199999999996,0.895775,-0.4603065625128594,-0.8980781194750482,-0.7451536054898609,-0.5052705110167569,-1.0196189199396284,-0.11580939741857482,-0.1184240002320835,-2.657098190972744,4.921431591770853,-7.578529782743597,0.0,0.0,False,7,RP,RP 7
Gunnar Hoglund,ATH,2.04459,2.9416,2.26081,4.89445,20.8438,5.80253,0.0,0.73701,0.740292,48.1152,207.25,49.4142,28.4417,26.1664,8.23995,15.7278,0.51627,2.09235,37.4788,7.01046,2.9419,2.38297,1.54129,0.180839,0.0758882,0.1049508452415466,0.260858,1.35388,0.286508,0.684629,,,4.91466,-0.00754775,0.0269605,999.0,1.20568,-0.637979,0.652831,1.20568,0.637979,4.12956,153.40000000000006,3.195833333333334,160,3.3333333333333335,,,,,,,,,,,,,,,,,,,Gunnar Hoglund,31318,680684,RP,4.305400000000001,0.73701,-4.033573556348429,-3.093554463302408,-0.1742676142131767,-0.5258004558865065,-0.38385837731326444,-1.0148143890326584,-0.40792787012139636,-2.4848501178488602,4.921431591770853,-7.406281709619713,0.0,0.0,False,7,RP,RP 7
Hogan Harris,ATH,2.72117,2.97286,0.175745,4.23577,53.7626,0.240335,11.4773,10.455,2.46619,62.7272,272.76,57.9419,32.0891,29.522,7.52524,29.2039,1.71514,2.85029,60.1037,8.62359,4.19014,2.05807,1.07971,0.220353,0.107068,0.1132853403687477,0.240716,1.38928,0.291296,0.718658,,,4.3114,-0.00782805,0.0939739,681.0,1.40089,-1.0747,1.04517,1.40089,1.0747,3.60645,336.00000000000006,5.333333333333334,330,5.238095238095238,,,,,,,,,,,,,,,,,,,Hogan Harris,21520,663687,RP,2.896915,21.932299999999998,-0.6677038337942843,-6.2539975577460405,-0.38103646354267323,2.21496819714378,0.11577043414439385,-0.16798886860021278,-0.8246759298209794,1.0412134508933462,4.921431591770853,-3.8802181408775067,0.0,0.0,False,7,RP,RP 7
Vince Velasquez,CHC,0.104182,0.417784,0.0,4.47405,5.7179,0.0,0.0,0.694871,0.0,6.00045,25.9293,5.65276,3.24231,2.98292,0.886174,2.61877,0.112149,0.196501,5.8093,8.71329,3.92786,2.21833,1.32916,0.224043,0.100996,0.1230468675494194,0.244559,1.37848,0.290316,0.715304,,,4.52628,-0.00854485,0.0138199,999.0,0.877148,0.449238,1.38571,0.877148,-0.449238,3.15239,23.500000000000007,3.916666666666668,24,4.0,,,,,,,,,,,,,,,,,,,Vince Velasquez,11189,592826,RP,0.104182,0.694871,-0.22273364654393887,-0.5334639622265516,-0.7910161146532726,-0.531249461315073,-1.0832203477289704,-0.056037978798911196,-0.07034458920283368,-2.710579687311998,4.921431591770853,-7.632011279082851,0.0,0.0,False,7,RP,RP 7
David Sandlin,CHW,0.855437,0.882421,0.0,4.4591,12.0844,0.0,0.0,1.03476,0.0,12.5378,53.4008,12.4002,6.75208,6.21191,1.91329,4.26351,0.313968,0.252078,10.8716,7.80393,3.06048,2.54991,1.37342,0.203584,0.0798399,0.1237444952130317,0.25366,1.32908,0.290494,0.708728,,,4.46523,-0.00953507,-0.0210645,999.0,0.523952,-0.500077,1.25565,0.523952,0.500077,3.32579,54.39999999999999,4.184615384615384,53,4.076923076923077,,,,,,,,,,,,,,,,,,,David Sandlin,sa3020606,689818,RP,0.855437,1.03476,-0.4445651404708956,-0.49520191004075576,-0.680730146465446,-0.487298323269318,-0.9714288731924153,-0.11184898331706965,-0.06529920932031386,-2.428271697719475,4.921431591770853,-7.3497032894903285,0.0,0.0,False,7,RP,RP 7
Shane Murphy,CHW,0.944491,0.972115,0.0,4.43252,17.2455,0.0,0.0,1.09018,0.0,17.8978,75.53,18.7783,9.5812,8.8147,2.70499,4.35145,0.444642,0.317658,12.8321,6.45267,2.18815,2.94891,1.36022,0.169893,0.0576122,0.1122812703251838,0.265003,1.29233,0.290532,0.700446,,,4.4486,-0.00982313,-0.0604212,999.0,0.685384,-1.25725,1.21709,0.685384,1.25725,3.37721,64.9,3.605555555555556,69,3.8333333333333335,,,,,,,,,,,,,,,,,,,Shane Murphy,sa3020389,690294,RP,0.944491,1.09018,-0.5817735833336015,-0.04908799450680749,-0.6676568136942849,-0.48013194815716154,-0.9281348791918788,-0.14636951459501998,-0.006472929856330776,-2.325540159001532,4.921431591770853,-7.246971750772385,0.0,0.0,False,7,RP,RP 7
Chayce McDermott,BAL,0.50432,1.2695,0.273195,4.66155,10.3007,0.651654,0.0,0.208045,0.0,14.1248,62.8626,13.0566,7.9521,7.31593,1.95903,7.94794,0.209348,0.754972,13.976,8.90522,5.06425,1.75845,1.24825,0.222327,0.126434,0.0958931744098663,0.241075,1.48707,0.290324,0.714735,,,4.80766,-0.00988965,-0.0421545,999.0,2.43349,-1.89523,1.18732,2.43349,1.89523,3.4169,46.20000000000003,3.300000000000002,45,3.2142857142857144,,,,,,,,,,,,,,,,,,,Chayce McDermott,29866,694646,RP,0.777515,0.208045,-0.8185706010722231,-2.7894669354227735,-0.692169275939635,-0.5942010623679541,-0.9028739764950089,-0.2059457235135259,-0.3678297308935518,-3.0357145523041997,4.921431591770853,-7.957146144075052,0.0,0.0,False,7,RP,RP 7
Drey Jameson,ARI,2.19408,2.66986,0.0,4.10279,37.3717,0.0,0.66328,3.06747,2.86432,40.8315,177.006,39.4558,20.2323,18.6137,4.58092,16.8739,0.324043,1.85616,37.2241,8.20486,3.71931,2.20602,1.00972,0.210299,0.0953297,0.1149694249033927,0.249285,1.37956,0.299431,0.723158,,,4.14646,-0.0107258,0.188497,999.0,2.25892,-2.01849,0.820935,2.25892,2.01849,3.90542,174.50000000000003,4.25609756097561,174,4.2439024390243905,,,,,,,,,,,,,,,,,,,Drey Jameson,26260,686753,RP,2.19408,3.73075,0.1686495056439351,-3.674175260797677,-0.4842142639583657,-0.13867913094483825,-0.3894829528153999,0.04243084764410509,-0.48449073917060953,-1.5659410735464898,4.921431591770853,-6.487372665317343,0.0,0.0,False,7,RP,RP 7
Duncan Davitt,CHW,0.648349,0.803655,0.232836,4.41855,14.8617,0.318409,0.0,1.1471,0.0,16.5533,70.6307,16.5942,8.83352,8.12684,2.44,5.07218,0.412127,0.794307,13.7258,7.46268,2.75774,2.70609,1.32663,0.194331,0.0718127,0.1225186437368393,0.256224,1.30888,0.291247,0.703155,,,4.4562,-0.0107269,-0.0118844,999.0,0.999921,-1.00708,1.23395,0.999921,1.00708,3.35473,71.00000000000001,4.176470588235295,73,4.294117647058823,,,,,,,,,,,,,,,,,,,Duncan Davitt,sa3020394,701474,RP,0.8811849999999999,1.1471,-0.5123789571341785,-0.3195595876850513,-0.6769502806290787,-0.47277160764139203,-0.9083991778716649,-0.12891038952765158,-0.04213834394306381,-2.36122809884378,4.921431591770853,-7.282659690614633,0.0,0.0,False,7,RP,RP 7
Alex Carrillo,NYM,0.877159,1.74322,0.0,4.37705,18.376,0.0,0.0,0.988777,0.0,20.1409,86.7963,17.638,10.6471,9.7953,3.06364,9.23361,0.227401,1.31475,20.5011,9.16095,4.12606,2.22026,1.36899,0.236198,0.106383,0.1298149153590202,0.231324,1.33418,0.276641,0.718455,,,4.64799,-0.010768,-0.0558414,999.0,1.01179,-2.15312,1.13633,1.01179,2.15312,3.48489,80.3,4.015,77,3.85,,,,,,,,,,,,,,,,,,,Alex Carrillo,26463,692024,RP,0.877159,0.988777,-0.5305553014651926,-0.898288955713116,-0.6775413067226478,-0.49324439737221026,-0.7587792862359418,-0.1334834103265642,-0.11845180190118602,-2.295043884277448,4.921431591770853,-7.2164754760483,0.0,0.0,False,7,RP,RP 7
Jorge Alcala,TOR,0.840096,0.880021,0.0,4.77464,17.5493,0.0,0.0,1.36834,0.862701,18.8299,80.5234,17.2294,10.8582,9.98956,3.227,7.6749,0.350091,0.824114,18.6606,8.91908,3.66832,2.43138,1.54239,0.231741,0.0953126,0.136428453028202,0.239216,1.32259,0.279284,0.68899,,,4.73509,-0.0109276,-0.130617,999.0,1.10618,-0.419169,1.13366,1.10618,0.419169,3.48846,74.49999999999999,3.9210526315789465,71,3.736842105263158,,,,,,,,,,,,,,,,,,,Jorge Alcala,19459,660896,RP,0.840096,1.36834,-1.3278707905336644,-0.6216195869192718,-0.6829822406784223,-0.4441630037111594,-0.7994233035570271,-0.3340815200676928,-0.08196912552398623,-2.4717016791861757,4.921431591770853,-7.393133270957028,0.0,0.0,False,7,RP,RP 7
A.J. Causey,ATH,0.594239,0.828838,0.0,4.48422,8.17598,0.0,0.0,0.59301,0.0,8.47986,36.8109,8.39097,4.59246,4.22506,1.14136,3.22662,0.215341,0.516938,7.1525,7.59122,3.42453,2.21672,1.21137,0.194304,0.0876538,0.1066499203443527,0.253754,1.37002,0.292636,0.701133,,,4.52235,-0.011038,-0.0829403,999.0,0.254242,-1.29762,1.32102,0.254242,1.29762,3.23864,32.10000000000001,4.012500000000001,33,4.125,,,,,,,,,,,,,,,,,,,A.J. Causey,sa3028661,822067,RP,0.594239,0.59301,-0.32435357777868007,-0.6821240481007984,-0.7190746158117052,-0.5444211346333582,-1.0535582754303117,-0.08160472922229595,-0.08994747414380495,-2.5984403266383116,4.921431591770853,-7.519871918409164,0.0,0.0,False,7,RP,RP 7
Yunior Marte,CIN,0.329469,0.423378,0.0,4.91343,7.39475,0.0,0.0,0.439387,0.253135,7.71079,34.0705,7.85686,4.57565,4.2096,1.09287,3.37041,0.156841,0.404849,6.50231,7.58947,3.93393,1.92923,1.27559,0.190849,0.0989245,0.0919240266084671,0.259343,1.45605,0.297972,0.685928,,,4.75993,-0.0116211,-0.0543636,999.0,1.14342,-0.959984,1.3217,1.14342,0.959984,3.23773,31.100000000000005,3.8875000000000006,32,4.0,,,,,,,,,,,,,,,,,,,Yunior Marte,14416,628708,RP,0.329469,0.439387,-0.6626631315375573,-1.2835820726940268,-0.7579434630035254,-0.5642861660995223,-1.0679165115737488,-0.1667206687993427,-0.1692580192951005,-2.9191680604715744,4.921431591770853,-7.840599652242427,0.0,0.0,False,7,RP,RP 7
Angel Perdomo,LAA,0.710731,0.634082,0.0,4.41756,10.558,0.0,0.0,0.379135,0.0,11.0469,48.0111,8.99496,5.89375,5.42225,1.37663,5.69732,0.242388,1.17235,11.8561,9.65925,4.64166,2.08099,1.12155,0.246945,0.118667,0.1282776221632957,0.218635,1.32999,0.272973,0.68927,,,4.47426,-0.0119085,-0.0269222,999.0,1.06429,-0.764712,1.26963,1.06429,0.764712,3.30716,48.70000000000001,4.427272727272729,45,4.090909090909091,,,,,,,,,,,,,,,,,,,Angel Perdomo,17759,622780,RP,0.710731,0.379135,-0.34071401053358197,-0.44640815494179215,-0.7019733213030014,-0.5720773684318509,-0.9496880228514166,-0.08572088139816109,-0.05886507899260755,-2.5361387448765425,4.921431591770853,-7.457570336647395,0.0,0.0,False,7,RP,RP 7
Jose Franco,CIN,0.929363,0.904131,0.0278397,4.73459,13.9205,0.0380714,0.0,0.896423,0.0,14.7661,64.137,14.1306,8.44341,7.76793,2.33204,6.25349,0.323897,0.783586,14.1593,8.63015,3.81153,2.26422,1.42139,0.220766,0.097502,0.1232640892267227,0.247472,1.38047,0.290544,0.697501,,,4.70015,-0.0121412,0.0302491,999.0,0.985854,-0.392525,1.17508,0.985854,0.392525,3.43323,61.00000000000001,4.066666666666667,60,4.0,,,,,,,,,,,,,,,,,,,Jose Franco,sa3008714,683742,RP,0.9572027000000001,0.896423,-0.9755748076781653,-1.3420086693720426,-0.6657907067907526,-0.505186717962396,-0.8988261371171469,-0.2454467083788192,-0.17696237279009663,-2.6327695802280258,4.921431591770853,-7.554201171998878,0.0,0.0,False,7,RP,RP 7
Jorge López,,1.62618,1.21827,0.0,4.4622,25.2447,0.0,0.231627,1.04734,1.53408,26.1037,113.094,25.7349,14.0676,12.9422,3.16078,9.38558,0.547561,2.01232,21.8711,7.54071,3.23595,2.33029,1.08977,0.193388,0.0829888,0.1103993579745292,0.253056,1.34542,0.294453,0.685864,,,4.34345,-0.0126811,-0.0421408,999.0,0.448855,-0.226671,1.022,0.448855,0.226671,3.63733,102.9,3.957692307692308,106,4.076923076923077,,,,,,,,,,,,,,,,,,,Jorge Lopez,14527,605347,RP,1.62618,1.278967,-0.9345878184617844,-1.4576456408724698,-0.5675832948917594,-0.4557198503892316,-0.7285253858122055,-0.235134714351973,-0.19221070413549068,-2.2101687878911016,4.921431591770853,-7.131600379661954,0.0,0.0,False,7,RP,RP 7
Josh Staumont,CIN,0.68707,0.651433,0.0,4.77592,9.58761,0.0,0.0,0.758544,0.0,9.98376,44.2266,9.30414,5.75865,5.29795,1.38192,5.27069,0.156923,0.599083,9.75448,8.79332,4.75134,1.8507,1.24575,0.220557,0.119175,0.1013820469379425,0.242568,1.45985,0.291039,0.697475,,,4.74428,-0.0128599,-0.0440996,999.0,0.744164,0.395315,1.24973,0.744164,-0.395315,3.33369,44.3,4.430000000000001,43,4.3,,,,,,,,,,,,,,,,,,,Josh Staumont,18335,622251,RP,0.68707,0.758544,-0.705454752446819,-1.6999632507926823,-0.7054468107217635,-0.5230158885522377,-0.9960983894269879,-0.17748669352211047,-0.2241636267946049,-2.771377585320684,4.921431591770853,-7.6928091770915366,0.0,0.0,False,7,RP,RP 7
T.J. McFarland,,0.824807,1.05343,0.0,4.40681,22.076,0.0,0.0,1.17895,0.657978,21.1869,92.6461,22.6884,11.2762,10.3741,2.30032,7.19949,0.45372,1.1043,14.4896,6.15504,3.05827,2.01259,0.977154,0.156397,0.0777095,0.0786876156926155,0.269003,1.41067,0.301811,0.697919,,,4.35458,-0.0129023,-0.00271017,999.0,0.753324,-0.113565,1.14454,0.753324,0.113565,3.47395,79.00000000000001,3.761904761904763,87,4.142857142857143,,,,,,,,,,,,,,,,,,,T.J. McFarland,3237,519008,RP,0.824807,1.17895,-0.628198900576085,-2.5656672774204767,-0.6852267011713623,-0.46865307557134184,-0.891532076306957,-0.15804974784102763,-0.3383186558807279,-2.6266505215950664,4.921431591770853,-7.548082113365919,0.0,0.0,False,7,RP,RP 7
James Karinchak,ATL,1.01725,0.838221,0.0,4.47334,16.5598,0.0,0.0,1.18252,0.0,17.405,76.077,15.2205,9.4032,8.65094,2.35982,9.43836,0.292265,0.769574,19.9917,10.3376,4.88051,2.11814,1.22024,0.262783,0.124063,0.1387194320559501,0.231072,1.41677,0.295529,0.71438,,,4.35995,-0.0130233,0.00227742,999.0,0.804075,0.88136,1.10726,0.804075,-0.88136,3.52366,76.20000000000002,4.4823529411764715,73,4.294117647058823,,,,,,,,,,,,,,,,,,,James Karinchak,20151,675916,RP,1.01725,1.18252,-0.6446998876912977,-2.2137034888305207,-0.6569756245383018,-0.46819143791074275,-0.7700284372402127,-0.16220126235386076,-0.29190737062858824,-2.4593133998184493,4.921431591770853,-7.380744991589302,0.0,0.0,False,7,RP,RP 7
Matt Bowman,MIN,0.347823,0.638951,0.0,5.02321,11.4588,0.0,0.0,1.03628,0.0,14.1378,61.5251,14.4767,8.57695,7.8908,2.04606,5.12428,0.410784,0.783147,11.1158,7.07622,3.26207,2.16924,1.30251,0.180671,0.0832876,0.0973832979798317,0.260289,1.38642,0.292789,0.658682,,,4.69758,-0.0131464,-0.174643,999.0,1.91799,-0.887439,1.22914,1.91799,0.887439,3.36114,50.6,3.6142857142857143,52,3.7142857142857144,,,,,,,,,,,,,,,,,,,Matt Bowman,13528,621199,RP,0.347823,1.03628,-1.3874606458030456,-1.3691423830156937,-0.7552490534353768,-0.4871017716603234,-0.9660361706497319,-0.34907384429903454,-0.18054032758172575,-2.9648167106211645,4.921431591770853,-7.886248302392017,0.0,0.0,False,7,RP,RP 7
Blake Walston,ARI,0.729377,0.509197,0.160013,4.85256,4.98368,0.821362,0.0,0.523859,0.0,9.45174,42.5607,9.51353,5.53927,5.09613,1.28555,4.77908,0.0,0.76351,8.61405,8.20235,4.55067,1.80245,1.22411,0.202395,0.112289,0.0901059657335281,0.256997,1.51217,0.303409,0.700669,,,4.83977,-0.0141541,-0.067808,999.0,1.03993,-0.69645,1.2476,1.03993,0.69645,3.33653,32.30000000000001,3.5888888888888903,36,4.0,,,,,,,,,,,,,,,,,,,Blake Walston,26270,686796,RP,0.88939,0.523859,-0.7483621218550618,-2.1038261101476037,-0.6757457676887574,-0.5533630690501885,-1.0212826636315437,-0.1882818396283448,-0.27741852112154053,-2.8904423924244207,4.921431591770853,-7.811873984195273,0.0,0.0,False,7,RP,RP 7
Tejay Antone,CIN,0.463025,0.759911,0.0,5.00897,12.0288,0.0,0.0,0.524198,0.0,12.6488,56.0831,13.0475,7.65187,7.03972,1.80564,5.42962,0.2495,0.79794,10.9571,7.79631,3.86333,2.01803,1.28477,0.195373,0.0968138,0.0985591784119606,0.261705,1.46077,0.303073,0.678731,,,4.73543,-0.0154633,-0.0764428,999.0,1.56429,-0.602402,1.21596,1.56429,0.602402,3.37872,45.8,3.523076923076923,47,3.6153846153846154,,,,,,,,,,,,,,,,,,,Tejay Antone,16233,622088,RP,0.463025,0.524198,-1.2213155224033143,-2.1654684241033912,-0.7383371339044932,-0.5533192328689719,-0.9695407648083062,-0.30727307891363953,-0.2855469113405042,-3.057524261607682,4.921431591770853,-7.978955853378535,0.0,0.0,False,7,RP,RP 7
Wilber Dotel,PIT,0.736454,0.722383,0.137056,4.56454,10.6108,0.187428,0.0,0.783356,0.0,11.7455,51.1652,11.6266,6.475,5.957,1.53024,4.67554,0.262498,0.683524,10.0634,7.71109,3.58263,2.15236,1.17254,0.196685,0.0913813,0.1053037643432617,0.253822,1.38794,0.295108,0.694017,,,4.48402,-0.0160212,0.045773,999.0,0.842874,1.37777,1.2548,0.842874,-1.37777,3.32694,39.000000000000014,3.2500000000000013,40,3.3333333333333335,,,,,,,,,,,,,,,,,,,Wilber Dotel,sa3015163,696062,RP,0.87351,0.783356,-0.5541104142992326,-1.1553669002044797,-0.6780769883459546,-0.5198074421559398,-0.9892764661285203,-0.13940968565174058,-0.15235107847626175,-2.623249617025077,4.921431591770853,-7.5446812087959305,0.0,0.0,False,7,RP,RP 7
Victor Mederos,LAA,1.23333,1.94202,0.316965,4.892,20.3746,0.637535,0.0,0.911061,1.37484,25.9786,115.324,26.2077,15.3487,14.1208,3.56287,11.1258,0.38554,2.39312,20.8507,7.2235,3.85442,1.87408,1.23432,0.180801,0.0964742,0.0843265056610107,0.257429,1.43709,0.2926,0.679687,,,4.87398,-0.0162189,-0.0918818,999.0,1.93519,-2.84434,0.958534,1.93519,2.84434,3.72195,82.6,3.1769230769230767,85,3.269230769230769,,,,,,,,,,,,,,,,,,,Victor Mederos,31533,682989,RP,1.550295,0.911061,-2.1707333880136273,-3.8319922182667447,-0.5787233880637626,-0.5032938742436709,-0.7510590208431402,-0.5461389128364145,-0.5053010840645124,-3.0482721107666553,4.921431591770853,-7.969703702537508,0.0,0.0,False,7,RP,RP 7
Albert Suárez,BAL,1.29259,1.05896,0.0788076,4.372,20.0517,0.107771,0.0,0.671054,0.656763,23.7761,101.977,23.9905,12.5543,11.5499,3.27544,7.7305,0.84359,1.06761,20.0865,7.60334,2.92623,2.59834,1.23985,0.19697,0.0758062,0.1211638674139976,0.257467,1.33415,0.296705,0.706338,,,4.34652,-0.0167948,-0.084354,999.0,1.56449,-0.44525,1.08692,1.56449,0.44525,3.55077,95.3,3.9708333333333337,98,4.083333333333333,,,,,,,,,,,,,,,,,,,Albert Suarez,6175,544150,RP,1.3713975999999999,0.671054,-0.6129758095798367,-1.0597942703121745,-0.6049859393483262,-0.5343292439936409,-0.7679349556634462,-0.15421974162625765,-0.1397485076095282,-2.3440470988262936,4.921431591770853,-7.2654786905971465,0.0,0.0,False,7,RP,RP 7
Osvaldo Bido,NYY,1.02762,0.971471,0.361723,4.51821,12.7886,0.494664,0.00136345,0.349327,0.0,17.2564,74.568,16.1562,9.41644,8.66313,2.65703,7.01704,0.356923,1.17867,16.1561,8.42614,3.6597,2.30241,1.38576,0.216663,0.0941025,0.1225600913166999,0.243417,1.34287,0.283838,0.707166,,,4.68912,-0.0170135,-0.0118667,999.0,1.21614,-1.11001,1.1616,1.21614,1.11001,3.4512,55.3,3.2529411764705887,54,3.176470588235294,,,,,,,,,,,,,,,,,,,Osvaldo Bido,23150,674370,RP,1.389343,0.35069045,-0.725245376383576,-0.9197152186529765,-0.602351513203385,-0.5757555408460784,-0.8547305251710763,-0.182465853975834,-0.12127715051211296,-2.484017315194587,4.921431591770853,-7.4054489069654394,0.0,0.0,False,7,RP,RP 7
Francis Peña,SDP,0.599731,0.549235,0.0,4.37037,6.58058,0.0,0.0,0.730307,0.0,6.80515,30.0914,6.73217,3.59191,3.30455,0.788509,3.09476,0.174287,0.461467,5.38901,7.12712,4.09291,1.74133,1.04283,0.179088,0.102845,0.076242871582508,0.253708,1.44404,0.291962,0.714778,,,4.62537,-0.0177963,-0.0347674,999.0,0.322451,-0.577563,1.33959,0.322451,0.577563,3.21388,26.3,3.757142857142857,27,3.857142857142857,,,,,,,,,,,,,,,,,,,Francis Pena,sa3019374,800212,RP,0.599731,0.730307,-0.17420441538192655,-1.0511381682283847,-0.7182683775340397,-0.5266672226201186,-1.0925016702173589,-0.043828417876341515,-0.13860708103098196,-2.644903109017525,4.921431591770853,-7.566334700788378,0.0,0.0,False,7,RP,RP 7
Mike Clevinger,PIT,1.42141,2.25234,1.34969,4.78138,18.9777,2.3706,0.0,0.412763,0.0,29.8972,129.935,30.3137,17.2645,15.8833,4.22599,11.3762,0.460681,1.24429,23.7463,7.14836,3.42458,2.08737,1.27216,0.182755,0.0875526,0.0952020958065986,0.258397,1.39444,0.291997,0.682779,,,4.65055,-0.0189571,0.0268453,746.7100219726562,1.80425,-0.871726,0.922666,1.80425,0.871726,3.76978,106.8,3.5600000000000005,110,3.6666666666666665,,,,,,,,,,,,,,,,,,,Mike Clevinger,12808,605182,RP,2.7711,0.412763,-2.1306908712602293,-3.1350402903914905,-0.39950639597247584,-0.5677289227033847,-0.6871150835679789,-0.5360645404203039,-0.4133983492370632,-2.7345587114317285,4.921431591770853,-7.655990303202581,0.0,0.0,False,7,RP,RP 7
Seth Martinez,BOS,0.751497,0.564993,0.0,4.64283,11.7139,0.0,0.0341964,0.732157,0.0,12.4422,54.2288,12.484,6.97666,6.41853,1.78683,4.86874,0.239371,0.669483,10.2078,7.38378,3.52179,2.0966,1.2925,0.188235,0.0897815,0.0984539911150932,0.256393,1.39467,0.291507,0.69867,,,4.69659,-0.0192788,-0.0549212,999.0,0.967896,1.55398,1.24125,0.967896,-1.55398,3.34499,39.000000000000014,3.2500000000000013,40,3.3333333333333335,,,,,,,,,,,,,,,,,,,Seth Martinez,21045,661527,RP,0.751497,0.7663534,-0.6951608115273015,-1.3075158492805046,-0.6959887783992671,-0.5220060529369205,-0.9860876608575805,-0.17489682148456281,-0.17241401820273272,-2.7030306884225523,4.921431591770853,-7.624462280193406,0.0,0.0,False,7,RP,RP 7
Jesse Scholtens,TBR,1.31066,1.46452,0.112436,4.41144,24.2389,0.479584,0.0195017,0.895663,0.0,31.6062,134.521,31.0182,16.8392,15.4921,4.6975,10.4271,0.552696,1.10112,28.488,8.11208,2.96917,2.7321,1.33763,0.211774,0.0775134,0.1342609748244285,0.252196,1.3113,0.293081,0.705676,,,4.35883,-0.0210784,-0.0283158,999.0,1.95469,-1.02433,0.984525,1.95469,1.02433,3.6873,121.70000000000002,3.803125000000001,122,3.8125,,,,,,,,,,,,,,,,,,,Jesse Scholtens,19205,669947,RP,1.423096,0.9151646999999999,-0.9533567516431319,-0.6865464393378523,-0.5973964948883738,-0.5027632236924664,-0.5824034633933581,-0.23985682569893135,-0.09053062749040844,-2.147742344131193,4.921431591770853,-7.069173935902046,0.0,0.0,False,7,RP,RP 7
Jackson Rutledge,WSN,3.02887,2.99085,0.0,4.64818,52.1131,0.088579,1.81489,9.71164,0.833041,59.3676,258.256,58.9078,33.3274,30.6612,8.65489,22.5354,0.77645,4.05305,51.6031,7.82292,3.41633,2.28986,1.31206,0.199814,0.0872601,0.1125535443425178,0.254277,1.37185,0.293175,0.694048,,,4.6355,-0.0212249,-0.185889,999.0,3.55234,-2.08821,0.498298,3.55234,2.08821,4.3356,245.50000000000003,4.161016949152543,251,4.254237288135593,,,,,,,,,,,,,,,,,,,Jackson Rutledge,26215,671131,RP,3.02887,11.52653,-3.3523082739731054,-4.883873732116924,-0.3616651649393699,0.8693952785074714,-0.07194949720014125,-0.8434135699711713,-0.6440061854794433,-1.1769707191092478,4.921431591770853,-6.0984023108801,0.0,0.0,False,7,RP,RP 7
Tyler Mattison,DET,0.665662,0.679733,0.0,4.62462,8.61976,0.0,0.0,0.732163,0.0,8.9324,39.121,8.4635,4.98901,4.58989,1.23389,4.50913,0.230226,0.155087,8.2852,8.34791,4.54325,1.83743,1.24323,0.211784,0.115261,0.0965229645371437,0.245627,1.45231,0.289907,0.709959,,,4.64233,-0.022686,-0.0359051,999.0,0.348673,-1.90203,1.28174,0.348673,1.90203,3.29102,38.500000000000014,4.2777777777777795,37,4.111111111111111,,,,,,,,,,,,,,,,,,,Tyler Mattison,sa3018117,694331,RP,0.665662,0.732163,-0.48101673489306257,-1.4535770830008474,-0.708589554539728,-0.5264272227607147,-1.0285447038901905,-0.12101990880188611,-0.19167420860366002,-2.6920125428800294,4.921431591770853,-7.613444134650882,0.0,0.0,False,7,RP,RP 7
Joel Peguero,SFG,2.40864,2.25576,0.0,4.33121,47.0334,0.0,2.4611,7.40485,0.778763,49.8487,218.363,49.9753,26.0755,23.9895,5.53531,21.2282,1.42013,2.13507,40.9769,7.39823,3.83267,1.93031,0.99938,0.187655,0.0972153,0.0904400497674942,0.256284,1.42839,0.299285,0.711191,,,4.34068,-0.0228105,0.0129919,999.0,3.03204,3.1602,0.721721,3.03204,-3.1602,4.03771,217.2,4.343999999999999,223,4.46,,,,,,,,,,,,,,,,,,,Joel Peguero,21951,666711,RP,2.40864,9.86595,-1.0592695210317276,-6.91956587886618,-0.45271636067069365,0.6546652318863102,-0.3066093487933578,-0.26650361938109424,-0.9124403027698162,-1.414623958592772,4.921431591770853,-6.336055550363625,0.0,0.0,False,7,RP,RP 7
Joe La Sorsa,PIT,0.284502,0.44536,0.0,4.48797,5.21712,0.0,0.0,0.0,0.0,6.79912,29.1191,6.94191,3.68529,3.39047,0.919195,2.12664,0.144794,0.265106,4.70413,6.22686,2.81503,2.212,1.21674,0.161548,0.0730324,0.0885155946016311,0.259731,1.33378,0.285382,0.691786,,,4.56422,-0.0235846,-0.0229738,999.0,1.72598,-1.82759,1.38089,1.72598,1.82759,3.15882,25.3,3.6142857142857143,26,3.7142857142857144,,,,,,,,,,,,,,,,,,,Joe La Sorsa,25481,686747,RP,0.284502,0.0,-0.2628981946337066,-0.30053434138336016,-0.7645447224047965,-0.6211034172977374,-1.1076259704525475,-0.06614305330941297,-0.03962960252782493,-2.8488303041317096,4.921431591770853,-7.770261895902562,0.0,0.0,False,7,RP,RP 7
Sam Bachman,LAA,2.18427,3.5029,0.0,4.46996,39.2108,0.0,0.0708789,3.54098,2.7598,41.1939,181.622,40.2773,22.2385,20.4594,4.54852,19.1485,0.795637,2.32228,35.1067,7.67008,4.18355,1.83339,0.993756,0.193295,0.10543,0.0878648161888122,0.251495,1.44259,0.296514,0.700882,,,4.42974,-0.0240434,-0.0634274,999.0,1.99831,-2.84086,0.713393,1.99831,2.84086,4.04881,160.90000000000003,3.92439024390244,163,3.975609756097561,,,,,,,,,,,,,,,,,,,Sam Bachman,29754,696147,RP,2.18427,3.6118588999999997,-1.5103477413137922,-6.302931122926499,-0.48565439460364934,-0.15405297107650381,-0.4362417913243192,-0.37999124074875573,-0.8311284960383531,-2.3734386313888827,4.921431591770853,-7.2948702231597355,0.0,0.0,False,7,RP,RP 7
Chad Green,,1.65004,1.98804,0.0,4.5808,37.6513,0.0,0.623358,1.46012,0.793698,38.9578,165.704,38.1541,21.5529,19.8286,6.52129,12.7574,1.20811,1.42518,34.0551,7.86738,2.9472,2.66944,1.50654,0.205518,0.0769891,0.1285287365317344,0.251807,1.30684,0.285122,0.702667,,,4.6551,-0.0241605,-0.164735,999.0,1.2278,0.90419,0.865171,1.2278,-0.90419,3.84644,138.70000000000005,3.5564102564102575,139,3.5641025641025643,,,,,,,,,,,,,,,,,,,Chad Green,15552,643338,RP,1.65004,2.083478,-1.9081460472680338,-0.6722630950394661,-0.5640805918136281,-0.35168831650514465,-0.4594644202919111,-0.4800740678438044,-0.08864717132793593,-1.9740525722327507,4.921431591770853,-6.895484164003603,0.0,0.0,False,7,RP,RP 7
Drew Smith,WSN,0.789943,1.36475,0.0,4.43665,26.0878,0.0,0.133133,2.76586,0.378289,26.5193,114.44,24.3854,14.2098,13.073,3.87511,11.6594,0.553857,1.22391,26.6419,9.04162,3.95691,2.28502,1.31512,0.232803,0.101882,0.130920723080635,0.240117,1.35919,0.288717,0.713105,,,4.48293,-0.024188,0.0263167,999.0,1.3061,-1.04739,1.04122,1.3061,1.04739,3.61171,115.20000000000002,4.2666666666666675,110,4.074074074074074,,,,,,,,,,,,,,,,,,,Drew Smith,17755,622098,RP,0.789943,2.898993,-0.8742132484718099,-1.8460157962277133,-0.6903448168509922,-0.24623385242015244,-0.6231711462928178,-0.21994496226202925,-0.24342267152515065,-2.128021761669912,4.921431591770853,-7.049453353440764,0.0,0.0,False,7,RP,RP 7
Casey Lawrence,SEA,0.134132,0.671544,0.397601,5.27866,1.60109,1.35352,0.0,0.0346416,0.0,7.5086,32.5801,8.56391,4.78688,4.40393,1.40262,1.92025,0.0729545,0.245961,3.76974,4.5185,2.30166,1.96315,1.68122,0.115707,0.0589392,0.0567674562335014,0.281578,1.39629,0.28371,0.668656,,,5.42494,-0.0242495,-0.0526412,999.0,0.882263,-0.46046,1.35808,0.882263,0.46046,3.18922,25.500000000000007,3.187500000000001,29,3.625,,,,,,,,,,,,,,,,,,,Casey Lawrence,11121,596271,SP,0.531733,0.0346416,-0.9499998358356146,-0.8012124458622717,-0.7282506408997889,-0.6166239026805366,-1.1282602346984856,-0.23901225291089379,-0.10565092369715408,-2.988737157476844,4.8385671445016785,-7.827304301978522,0.0,0.0,False,7,SP,SP 7
Connor Seabold,TOR,0.267437,0.673981,0.0,4.76668,7.77991,0.150147,0.0,0.648776,0.0,9.30215,40.2477,9.47093,5.35512,4.92671,1.48355,3.11023,0.115549,0.597282,7.80852,7.55489,3.0092,2.5106,1.43537,0.194012,0.0772771,0.1167345717549324,0.259192,1.3525,0.293135,0.68792,,,4.72527,-0.0243627,-0.0402416,999.0,1.9029,-4.42257,1.3262,1.9029,4.42257,3.23174,38.90000000000001,4.322222222222224,40,4.444444444444445,,,,,,,,,,,,,,,,,,,Connor Seabold,19695,657756,RP,0.267437,0.648776,-0.6477530071409151,-0.5852845251149003,-0.7670499037974332,-0.5372100181681018,-1.0390712945865308,-0.16296940244245062,-0.07717784593010323,-2.8353301527300756,4.921431591770853,-7.7567617445009285,0.0,0.0,False,7,RP,RP 7
Michael Petersen,MIA,0.796325,0.934686,0.0,4.50012,24.1767,0.0,0.0,1.70692,0.886036,26.0541,112.864,25.3061,14.1602,13.0274,3.75689,10.5051,1.21117,1.23479,24.318,8.40027,3.62884,2.31486,1.29776,0.215463,0.0930782,0.1223852410912513,0.250249,1.37449,0.294997,0.70867,,,4.49475,-0.0248273,-0.00803308,999.0,1.77061,-1.49285,1.04268,1.77061,1.49285,3.60976,98.2,3.776923076923077,98,3.769230769230769,,,,,,,,,,,,,,,,,,,Michael Petersen,20827,656848,RP,0.796325,1.70692,-1.0426036477964868,-2.212328856210252,-0.6894079245188618,-0.400381132807624,-0.6744901530042927,-0.2623106208579118,-0.29172610633741847,-2.467035039889494,4.921431591770853,-7.3884666316603465,0.0,0.0,False,7,RP,RP 7
Lazaro Estrada,TOR,0.949868,0.994759,0.0360748,4.41029,17.225,0.0493331,0.0,0.668227,0.256729,21.6702,92.3158,20.9704,11.5425,10.6191,3.4392,6.93233,0.34031,1.35283,20.0459,8.32541,2.87911,2.89166,1.42836,0.217145,0.0750936,0.142051488161087,0.249556,1.28761,0.289554,0.708607,,,4.49522,-0.027288,-0.0754244,999.0,3.19189,-1.93314,1.14454,3.19189,1.93314,3.47395,91.3,4.15,91,4.136363636363637,,,,,,,,,,,,,,,,,,,Lazaro Estrada,24914,681751,RP,0.9859428,0.668227,-0.6508825635304767,0.042747197836530235,-0.6615715937674582,-0.5346948041243169,-0.7688315311066607,-0.16375677344512332,0.005636808265045353,-2.4221475972162105,4.921431591770853,-7.343579188987063,0.0,0.0,False,7,RP,RP 7
Domingo Gonzalez,SEA,0.848751,0.846225,0.0,4.26928,15.709,0.0,0.0,1.00793,0.0,16.421,70.8754,14.868,8.46688,7.78953,2.03454,7.2774,0.372329,0.944961,15.4776,8.48298,3.9886,2.12681,1.11509,0.218378,0.102679,0.1156994402408599,0.237307,1.34861,0.284299,0.708841,,,4.36289,-0.0284593,-0.0321035,999.0,0.930034,1.50848,1.20261,0.930034,-1.50848,3.39652,64.80000000000001,4.050000000000001,64,4.0,,,,,,,,,,,,,,,,,,,Domingo Gonzalez,sa3007495,682445,RP,0.848751,1.00793,-0.23592650191202638,-0.9691911479509403,-0.6817116666993265,-0.4907677177886099,-0.8697139349794741,-0.0593571941975966,-0.12780123492705162,-2.3559214118021843,4.921431591770853,-7.277353003573037,0.0,0.0,False,7,RP,RP 7
Peyton Pallette,CLE,1.43001,1.99986,0.0,4.4273,37.0112,0.0,0.0,3.35348,0.837562,39.7948,172.812,37.3645,21.2782,19.576,5.35748,17.3694,0.812121,2.27484,38.7695,8.76812,3.92826,2.23206,1.21165,0.224346,0.10051,0.1238352507352829,0.243945,1.3754,0.293534,0.708305,,,4.41774,-0.028557,-0.0656382,999.0,1.69014,0.332264,0.799834,1.69014,-0.332264,3.93355,171.3,4.282500000000001,168,4.2,,,,,,,,,,,,,,,,,,,Peyton Pallette,sa3020742,688883,RP,1.43001,3.35348,-1.270528927244909,-3.415283836214471,-0.596381503728181,-0.18746401615889935,-0.3553556698118655,-0.319654772384417,-0.45035233020586735,-1.9758251321992961,4.921431591770853,-6.897256723970149,0.0,0.0,False,7,RP,RP 7
Tyler Ferguson,ATH,2.87785,2.30316,0.0,4.34646,47.816,0.0,0.832575,8.31571,2.24121,50.5536,220.78,45.0478,26.5373,24.4143,6.11275,25.2581,1.31997,3.3629,50.1137,8.92167,4.49667,1.98406,1.08824,0.226985,0.114404,0.1125807240605354,0.23443,1.39072,0.28643,0.708825,,,4.42291,-0.0289224,-0.0356748,999.0,1.78414,-0.445689,0.563685,1.78414,0.445689,4.24842,239.6,4.698039215686275,230,4.509803921568627,,,,,,,,,,,,,,,,,,,Tyler Ferguson,19481,621053,RP,2.87785,9.148285,-1.1598179464746232,-5.112940264116221,-0.38383524955208537,0.561863777630342,-0.10484012441993158,-0.29180078763861383,-0.6742117705509332,-0.9091078758732221,4.921431591770853,-5.8305394676440745,0.0,0.0,False,7,RP,RP 7
Alex Hoppe,SEA,0.454587,0.751783,0.0,4.2636,11.3121,0.0,0.0,0.703061,0.0,11.9164,52.3287,11.4042,6.13605,5.64517,1.32346,5.75363,0.30379,0.494228,10.3318,7.80323,4.34551,1.7957,0.999559,0.19744,0.109952,0.0874884501099586,0.247483,1.43986,0.292828,0.720143,,,4.41782,-0.0290704,-0.0240637,999.0,0.872474,-0.848572,1.27621,0.872474,0.848572,3.29838,53.90000000000001,4.491666666666668,53,4.416666666666667,,,,,,,,,,,,,,,,,,,Alex Hoppe,sa3020836,695380,RP,0.454587,0.703061,-0.16366700233752354,-1.790667515099113,-0.7395758517826689,-0.5301904102113458,-0.9833493516221474,-0.04117729022706136,-0.23612423643906919,-2.6764431998571787,4.921431591770853,-7.597874791628032,0.0,0.0,False,7,RP,RP 7
Michael Tonkin,MIN,1.45948,1.18105,0.0,4.47316,25.9961,0.0,0.0248682,0.770077,1.35595,28.3696,121.884,26.9762,15.3263,14.1002,4.02548,10.028,0.481778,2.3243,25.9137,8.22089,3.18131,2.58412,1.27705,0.212609,0.0822753,0.1303342133760452,0.246286,1.30436,0.288352,0.691071,,,4.45912,-0.0291509,-0.0375472,999.0,0.716623,0.529137,1.00791,0.716623,-0.529137,3.65612,107.80000000000004,3.850000000000002,108,3.857142857142857,,,,,,,,,,,,,,,,,,,Michael Tonkin,10315,543859,RP,1.45948,0.7949452,-1.0502816150443601,-0.4193041563186668,-0.5920552396999945,-0.5183088395855716,-0.6392520881092885,-0.26424233513876333,-0.05529104253672378,-2.1115789378902594,4.921431591770853,-7.033010529661112,0.0,0.0,False,7,RP,RP 7
Taylor Rashi,ARI,0.95238,1.11603,0.0,4.09415,12.3678,0.0,0.169327,0.0,1.30812,21.6912,94.8408,21.031,10.7255,9.86748,2.60344,9.89684,0.378695,0.791442,19.3551,8.03071,4.10634,1.95569,1.0802,0.20408,0.104352,0.0997280776500701,0.249915,1.42582,0.296292,0.740472,,,4.38906,-0.0298097,0.0740782,999.0,1.58793,-0.183124,1.12324,1.58793,0.183124,3.50234,76.30000000000001,3.4681818181818187,76,3.4545454545454546,,,,,,,,,,,,,,,,,,,Taylor Rashi,26344,688497,RP,0.95238,0.169327,0.11039736421203591,-2.955281602121268,-0.666498690283414,-0.599207697366014,-0.7840865635247023,0.027775081363602846,-0.389694684177419,-2.567996714580613,4.921431591770853,-7.489428306351465,0.0,0.0,False,7,RP,RP 7
Jake Eder,WSN,0.690183,1.58687,0.018469,4.60459,14.3985,0.0252567,0.0,0.928477,0.0,17.8077,77.7452,17.7205,9.90306,9.11081,2.48984,6.90893,0.491773,1.29525,14.6522,7.4052,3.49176,2.12076,1.25836,0.188464,0.0888663,0.0995979756116867,0.254821,1.38308,0.290668,0.696492,,,4.6893,-0.0312489,-0.0498304,999.0,2.15307,-1.28339,1.17265,2.15307,1.28339,3.43647,71.80000000000003,3.9888888888888903,74,4.111111111111111,,,,,,,,,,,,,,,,,,,Jake Eder,27590,671109,RP,0.708652,0.928477,-0.9193292733145838,-1.6649592384974043,-0.7022785233021395,-0.5010418065974545,-0.8879413579063005,-0.23129578816040464,-0.21954786445691107,-2.769792305187453,4.921431591770853,-7.691223896958306,0.0,0.0,False,7,RP,RP 7
Julian Merryweather,MIN,0.181476,0.415171,0.0,5.36074,8.82123,0.0,0.0271924,3.09787,0.190261,8.70691,39.0601,9.04957,5.63714,5.18617,1.17143,4.194,0.34126,0.47938,8.10286,8.37562,4.33517,1.93201,1.21087,0.207446,0.107373,0.1000731959939003,0.263171,1.52104,0.313715,0.655525,,,4.63315,-0.0313442,-0.134115,999.0,5.73175,-1.01484,1.28042,5.73175,1.01484,3.29277,46.90000000000001,5.211111111111112,48,5.333333333333333,,,,,,,,,,,,,,,,,,,Julian Merryweather,16703,657240,RP,0.181476,3.1250624,-1.18102135901972,-2.0153046924063958,-0.7796691770287512,-0.21700075747644726,-1.0325713434546167,-0.2971353942465666,-0.2657457499362713,-3.1874600018945642,4.921431591770853,-8.108891593665417,0.0,0.0,False,7,RP,RP 7
Tanner Rainey,DET,0.125115,0.268495,0.0,4.59115,11.0291,0.0,0.00784162,0.856351,0.184159,11.412,50.2559,10.2191,6.32779,5.82157,1.49541,6.12262,0.1534,0.705298,11.0927,8.74822,4.82857,1.81176,1.17935,0.220725,0.121829,0.0988958626985549,0.235312,1.43198,0.282871,0.702824,,,4.68953,-0.0314127,-0.0325309,999.0,1.01947,-1.31371,1.28468,1.01947,1.31371,3.28709,48.10000000000001,4.372727272727274,47,4.2727272727272725,,,,,,,,,,,,,,,,,,,Tanner Rainey,17610,663432,RP,0.125115,0.86419262,-0.5720892667815636,-1.6250221484937597,-0.7879431019317922,-0.5093544370725972,-0.9665462911605263,-0.1439330191034509,-0.21428160771008725,-2.7838982219818518,4.921431591770853,-7.705329813752705,0.0,0.0,False,7,RP,RP 7
Carson Palmquist,COL,0.613141,1.67664,0.323238,5.30302,17.3277,1.23237,0.0,1.00931,0.0,24.1196,107.54,24.0912,15.4477,14.2119,4.06555,11.727,0.391074,1.53403,22.9442,8.56141,4.37582,1.95653,1.51702,0.213354,0.109047,0.104307048022747,0.255531,1.48503,0.297693,0.676168,,,5.07326,-0.031481,0.00568654,999.0,2.22355,-2.31461,0.946882,2.22355,2.31461,3.73749,74.00000000000003,3.0833333333333344,76,3.1666666666666665,,,,,,,,,,,,,,,,,,,Carson Palmquist,31612,687223,RP,0.9363790000000001,1.00931,-3.1169669915058353,-4.714023212478988,-0.6688476740199261,-0.4905892696172859,-0.7048279693562117,-0.7842036122389529,-0.6216090492606257,-3.4695979406084785,4.921431591770853,-8.391029532379331,0.0,0.0,False,7,RP,RP 7
Alek Jacob,SDP,0.945618,1.15197,0.0,4.63753,26.2038,0.0,0.0,2.17203,0.618,29.2071,127.185,28.1212,16.3585,15.0499,4.17018,11.8606,0.445991,2.21095,25.4043,7.82821,3.65478,2.14191,1.28502,0.199743,0.0932544,0.1064882427453994,0.24861,1.36891,0.286704,0.69188,,,4.69703,-0.0316775,-0.0860406,999.0,2.00721,0.10819,0.985578,2.00721,-0.10819,3.6859,108.60000000000004,3.744827586206898,109,3.7586206896551726,,,,,,,,,,,,,,,,,,,Alek Jacob,29628,689690,RP,0.945618,2.17203,-1.6147344967416524,-2.31688010701649,-0.667491367492732,-0.34023763355798337,-0.6505012391135594,-0.4062541016964376,-0.30551263234361903,-2.5225421084059882,4.921431591770853,-7.443973700176841,0.0,0.0,False,7,RP,RP 7
Casey Legumina,SEA,2.95995,3.19932,0.0,4.27427,44.7359,0.0244339,0.024902,3.45847,0.964694,47.3369,203.0,44.0593,24.4361,22.4812,6.28745,19.0177,1.08853,2.17295,44.7494,8.50805,3.61577,2.35304,1.19541,0.22044,0.093683,0.1267570555210113,0.242337,1.33251,0.288835,0.711952,,,4.31413,-0.0323158,-0.149117,999.0,1.84803,-1.76975,0.655831,1.84803,1.76975,4.12556,198.6,4.225531914893617,196,4.170212765957447,,,,,,,,,,,,,,,,,,,Casey Legumina,25921,668984,RP,2.95995,3.483372,-0.7063888783484202,-2.032235320104657,-0.37178278003345244,-0.17066764668816264,-0.2233007069331058,-0.1777217120219271,-0.2679782869672817,-1.2509584108607665,4.921431591770853,-6.172390002631619,0.0,0.0,False,7,RP,RP 7
Joel Hurtado,LAA,0.0755064,0.587551,0.0977717,4.99349,5.40221,0.133705,0.0,0.442246,0.0,6.05847,27.1266,6.54096,3.65374,3.36144,0.808047,2.456,0.156173,0.499511,4.12951,6.13448,3.64845,1.68139,1.20037,0.152231,0.0905385,0.061692401766777,0.270611,1.48502,0.298068,0.679308,,,4.96928,-0.0327258,-0.0875028,999.0,0.670385,-0.862341,1.37183,0.670385,0.862341,3.1709,15.90000000000001,2.6500000000000017,19,3.1666666666666665,,,,,,,,,,,,,,,,,,,Joel Hurtado,sa3019774,805871,RP,0.1732781,0.442246,-0.5745646461810462,-1.1840724752528047,-0.7808726476726829,-0.5639164680402359,-1.1203153837821003,-0.14455580448168115,-0.15613630489751334,-2.9258179613610436,4.921431591770853,-7.847249553131896,0.0,0.0,False,7,RP,RP 7
Jake Miller,CLE,0.77142,0.739127,0.0,4.66127,8.77836,0.0,0.0,0.983739,0.0,9.13593,39.8134,9.51036,5.14311,4.73167,1.27629,3.4994,0.224529,0.218137,6.80676,6.70549,3.44733,1.94512,1.25731,0.170966,0.0878949,0.0830715522170066,0.263475,1.42402,0.293939,0.700943,,,4.68188,-0.0335277,-0.0432926,999.0,0.242327,-0.83771,1.28828,0.242327,0.83771,3.2823,37.30000000000001,4.144444444444446,41,4.555555555555555,,,,,,,,,,,,,,,,,,,Jake Miller,sa3018171,681313,RP,0.77142,0.983739,-0.5291736352057205,-1.2282386713537168,-0.6930640360092583,-0.4938958625078119,-1.061193299906591,-0.1331357943028657,-0.16196022767648263,-2.6484458558107757,4.921431591770853,-7.569877447581629,0.0,0.0,False,7,RP,RP 7
Michael Darrell-Hicks,PIT,0.28508,0.432962,0.0,4.69396,7.03547,0.0,0.0,0.590011,0.825519,7.89901,35.203,8.42704,4.47797,4.11973,1.0126,3.14771,0.130676,0.642148,6.33215,7.21475,3.58645,2.01167,1.15374,0.179875,0.089416,0.0904592722654342,0.268265,1.46534,0.308057,0.6987,,,4.63773,-0.0336655,0.0305163,999.0,3.37834,-1.7589,1.33066,3.37834,1.7589,3.22579,30.100000000000005,3.7625000000000006,31,3.875,,,,,,,,,,,,,,,,,,,Michael Darrell-Hicks,31501,690382,RP,0.28508,0.590011,-0.48621257917106764,-1.388337145458616,-0.7644598706705484,-0.5448089361303153,-1.0716741785052109,-0.12232714107689785,-0.1830714220407736,-3.0769574161945425,4.921431591770853,-7.998389007965395,0.0,0.0,False,7,RP,RP 7
Cole Wilcox,SEA,0.693913,0.935694,0.0,4.31046,16.7242,0.0,0.0,1.04678,0.0,18.1736,78.7465,17.9425,9.46092,8.70404,2.04862,7.1377,0.299815,0.781273,14.8551,7.3566,3.53477,2.08121,1.01453,0.188644,0.0906415,0.0980027019977569,0.253326,1.38004,0.294746,0.703187,,,4.27299,-0.0341369,-0.0361029,999.0,1.30835,-1.22256,1.19369,1.30835,1.22256,3.40841,71.80000000000003,3.9888888888888903,74,4.111111111111111,,,,,,,,,,,,,,,,,,,Cole Wilcox,27481,677961,RP,0.693913,1.04678,-0.3442465323152317,-1.643871567285858,-0.7044422425254663,-0.48574401383503213,-0.8834606890041281,-0.08660963522488807,-0.2167671638404547,-2.5276513745990083,4.921431591770853,-7.449082966369861,0.0,0.0,False,7,RP,RP 7
Guillo Zuñiga,SEA,0.0899454,0.369,0.0,4.49715,5.5972,0.0,0.00542609,0.667199,0.0,5.85555,25.4704,5.51246,3.18035,2.92592,0.829442,2.49811,0.184937,0.42015,5.18906,7.9756,3.8396,2.0772,1.27486,0.203729,0.098079,0.1056502684950828,0.244432,1.36803,0.283242,0.705208,,,4.69936,-0.0343466,-0.0120388,999.0,0.944772,0.630997,1.39347,0.944772,-0.630997,3.14204,24.500000000000007,4.083333333333335,25,4.166666666666667,,,,,,,,,,,,,,,,,,,Guillo Zuniga,19588,670871,RP,0.0899454,0.67262509,-0.23238714796729593,-0.45936424251775754,-0.7931060803968654,-0.5341260859229991,-1.0969171938594946,-0.058466721454056604,-0.06057351803018243,-2.7287003825185874,4.921431591770853,-7.65013197428944,0.0,0.0,False,7,RP,RP 7
Shinnosuke Ogasawara,WSN,0.435405,0.378999,0.0,4.86143,8.17825,0.232743,0.0,0.973139,0.0,11.8624,51.6377,12.1305,6.96477,6.40759,1.55512,4.47472,0.171493,0.51281,9.11525,6.91572,3.39496,2.03706,1.17986,0.176523,0.086656,0.0898672267794609,0.260031,1.39982,0.293926,0.668174,,,4.5639,-0.0344359,-0.0665838,999.0,2.42658,-2.84814,1.26494,2.42658,2.84814,3.31341,40.000000000000014,3.3333333333333344,41,3.4166666666666665,,,,,,,,,,,,,,,,,,,Shinnosuke Ogasawara,35324,829272,RP,0.435405,0.973139,-0.9509268165325631,-1.3076948866362081,-0.7423918136621623,-0.49526655136001074,-1.0102145943670353,-0.23924547373517707,-0.1724376267501337,-2.9439775443052945,4.921431591770853,-7.865409136076147,0.0,0.0,False,7,RP,RP 7
Cole Winn,TEX,2.4998,3.12133,0.0,4.38272,54.6084,0.0,3.60269,11.1736,1.22387,62.0233,268.989,57.706,32.8298,30.2034,7.32834,27.6359,1.5798,3.68321,54.0031,7.83622,4.01016,1.95409,1.06339,0.200763,0.10274,0.098023273050785,0.242799,1.37597,0.285687,0.699395,,,4.44464,-0.0347367,-0.156064,999.0,2.45312,1.46141,0.634904,2.45312,-1.46141,4.15346,297.8999999999999,4.804838709677418,295,4.758064516129032,,,,,,,,,,,,,,,,,,,Cole Winn,22113,668390,RP,2.4998,14.77629,-1.672895411792223,-5.357833591541657,-0.4393338622380679,1.2896226185378135,-0.018949963611114003,-0.42088691615936713,-0.706504337127232,-0.30921914649937965,4.921431591770853,-5.230650738270232,0.0,0.0,False,7,RP,RP 7
Andrew Walters,CLE,1.27986,1.16027,0.0,4.18656,24.9267,0.0,0.0,1.08339,0.0,25.0659,107.441,21.4524,12.6739,11.66,3.59903,12.0946,0.236296,0.952211,27.3725,9.82817,4.3426,2.2632,1.29224,0.254767,0.11257,0.1421976089477539,0.227264,1.33835,0.281498,0.732174,,,4.37917,-0.0354047,-0.0280474,999.0,0.562437,0.25487,1.04303,0.562437,-0.25487,3.6093,100.20000000000002,4.008000000000001,92,3.68,,,,,,,,,,,,,,,,,,,Andrew Walters,33834,689958,RP,1.27986,1.08339,-0.12977224756571729,-1.222492755339096,-0.6184238703325992,-0.48100996488418324,-0.6070372049427581,-0.03264964485884309,-0.1612025493134392,-1.947072087935088,4.921431591770853,-6.868503679705941,0.0,0.0,False,7,RP,RP 7
Walbert Urena,LAA,0.870925,0.858845,0.194075,4.80414,13.4035,0.265402,0.0,0.752479,0.0,15.2064,68.236,15.609,8.82292,8.11708,1.69662,7.57569,0.394654,0.800692,11.7562,6.95796,4.48371,1.55183,1.00415,0.172287,0.111022,0.0612652674317359,0.26076,1.52466,0.299791,0.690157,,,4.6919,-0.0358122,-0.119156,999.0,0.748665,-1.07435,1.14505,0.748665,1.07435,3.47326,45.8,3.0533333333333337,50,3.3333333333333335,,,,,,,,,,,,,,,,,,,Walbert Urena,sa3018298,700712,RP,1.065,0.752479,-1.1221883226767582,-3.574806175153833,-0.6499658143127875,-0.5238001553341797,-0.9518941284370598,-0.28233347951828547,-0.4713875531936179,-2.9964592847645495,4.921431591770853,-7.917890876535402,0.0,0.0,False,7,RP,RP 7
Angel Chivilli,NYY,1.01231,1.56784,0.0,4.59249,22.9945,0.0,0.0179466,1.7902,1.12255,25.1959,108.897,25.1863,13.9749,12.8569,3.60458,9.08669,0.418162,1.30373,21.7099,7.7548,3.24577,2.3892,1.28756,0.199362,0.0834431,0.1159189566969871,0.255682,1.36026,0.294865,0.694509,,,4.50881,-0.0385944,-0.0951649,999.0,1.63243,-1.44046,1.04852,1.63243,1.44046,3.60197,92.8,3.7120000000000006,95,3.8,,,,,,,,,,,,,,,,,,,Angel Chivilli,26790,683409,RP,1.01231,1.8081466,-1.2668726948739528,-1.780837231268314,-0.6577008279417371,-0.3872914939240402,-0.7320851878182685,-0.31873489397688093,-0.23482797778471023,-2.4717617739249924,4.921431591770853,-7.393193365695845,0.0,0.0,False,7,RP,RP 7
Josh Ekness,MIA,0.49634,0.985108,0.0,4.62274,12.2061,0.0,0.0,0.97758,0.0,13.0301,57.7776,12.603,7.27473,6.69275,1.61559,5.98907,0.337785,1.26794,11.4929,7.93825,4.1367,1.91898,1.1159,0.198917,0.103657,0.0952592194080352,0.249462,1.42685,0.293686,0.693029,,,4.65376,-0.039028,-0.00401654,999.0,0.764311,0.849007,1.23697,0.764311,-0.849007,3.35071,42.8,3.292307692307692,44,3.3846153846153846,,,,,,,,,,,,,,,,,,,Josh Ekness,sa3023204,694795,RP,0.49634,0.97758,-0.6989488343927844,-1.7887012061942322,-0.7334464150005559,-0.49469228445504704,-0.957708618934556,-0.1758498573115224,-0.23586495146022565,-2.7279017017474367,4.921431591770853,-7.649333293518289,0.0,0.0,False,7,RP,RP 7
Corbin Martin,CHC,0.729835,0.650663,0.0,4.6867,8.79735,0.0518298,0.0549213,0.81604,0.0,9.46225,41.7966,9.13511,5.35589,4.92742,1.2609,4.74085,0.152584,0.385456,8.4972,8.08209,4.50925,1.79234,1.1993,0.203299,0.113427,0.0898721292614936,0.249115,1.46645,0.292589,0.703516,,,4.69673,-0.0391198,-0.0302225,999.0,0.884937,-1.43147,1.26553,0.884937,1.43147,3.31263,35.90000000000001,3.9888888888888903,37,4.111111111111111,,,,,,,,,,,,,,,,,,,Corbin Martin,19884,656686,RP,0.729835,0.8709612999999999,-0.5748175580182124,-1.6736226143169564,-0.6991688100035622,-0.5084791772405122,-1.0238630784231595,-0.14461943504845462,-0.2206902501779494,-2.757340974885949,4.921431591770853,-7.678772566656802,0.0,0.0,False,7,RP,RP 7
Luis Mey,CIN,1.93067,1.81474,0.0,4.60326,29.8289,0.0,0.284073,2.28462,1.67144,30.2556,135.936,28.1268,16.8206,15.4749,3.70204,17.9863,0.546282,1.77874,28.0448,8.34235,5.35032,1.55922,1.10123,0.206309,0.132315,0.0739939212799072,0.242116,1.52412,0.289311,0.715669,,,4.83176,-0.0391505,-0.0361331,999.0,1.83377,0.310725,0.817511,1.83377,-0.310725,3.90998,104.0,3.4666666666666672,102,3.4,,,,,,,,,,,,,,,,,,,Luis Mey,25620,682825,RP,1.93067,2.5686929999999997,-1.55742810445463,-7.096054476337882,-0.5228834600107785,-0.28894503429574386,-0.5921907105961319,-0.3918362782294799,-0.9357127612060219,-2.8629818999790864,4.921431591770853,-7.784413491749939,0.0,0.0,False,7,RP,RP 7
Valente Bellozo,COL,0.158679,0.869238,0.0063137,5.14118,11.9798,0.474257,0.0,0.994938,0.0305966,14.896,64.814,16.4934,9.24916,8.50923,2.74163,4.49848,0.258267,0.474712,10.7747,6.50996,2.71793,2.39519,1.65646,0.166241,0.0694061,0.0968345031142234,0.275621,1.40923,0.296858,0.684563,,,5.08272,-0.039854,0.00111836,999.0,0.844867,1.16033,1.22461,0.844867,-1.16033,3.36719,46.49999999999999,3.0999999999999996,50,3.3333333333333335,,,,,,,,,,,,,,,,,,,Valente Bellozo,23899,678368,RP,0.1649927,0.994938,-1.6571212546423206,-1.7822821033966953,-0.7820889635185987,-0.492447716804437,-0.9735687293610723,-0.41691826617023064,-0.23501850412485398,-3.027362172253163,4.921431591770853,-7.948793764024016,0.0,0.0,False,7,RP,RP 7
Sam Benschoter,CIN,0.511955,0.516727,0.0,4.53162,5.68934,0.0,0.0,0.0,0.0,7.62259,32.8304,8.37332,4.17182,3.83807,1.45423,2.27534,0.0,0.0,5.35254,6.31975,2.6865,2.35241,1.71701,0.163036,0.0693059,0.0937302559614181,0.27404,1.39699,0.291351,0.752007,,,5.10637,-0.0412875,0.042046,999.0,0.751959,0.153003,1.34144,0.751959,-0.153003,3.21142,30.100000000000005,3.7625000000000006,31,3.875,,,,,,,,,,,,,,,,,,,Sam Benschoter,sa3017639,680397,RP,0.511955,0.0,-0.3317048280561232,-0.8187131128712816,-0.7311540969550814,-0.6211034172977374,-1.093307042296522,-0.08345424416350437,-0.10795862828208264,-2.7957157831961377,4.921431591770853,-7.7171473749669905,0.0,0.0,False,7,RP,RP 7
Daysbel Hernández,ATL,2.12652,1.99829,0.0,4.25299,28.9914,0.0,0.0,4.06218,1.05422,30.4288,134.666,27.047,15.6296,14.3793,3.50257,17.3927,0.751345,1.6781,31.6812,9.37041,5.14429,1.82152,1.03596,0.235258,0.129155,0.1061029732227325,0.233981,1.46045,0.2928,0.728702,,,4.42942,-0.0414156,-0.00783881,999.0,1.47426,-0.819617,0.846956,1.47426,0.819617,3.87073,125.6,4.1866666666666665,121,4.033333333333333,,,,,,,,,,,,,,,,,,,Daysbel Hernandez,20271,678226,RP,2.12652,4.06218,-0.3821567004068357,-5.199299055037423,-0.49413222791304096,-0.09582182846519174,-0.5118875839531576,-0.09614752601392695,-0.6855993695295974,-1.9821106804285133,4.921431591770853,-6.903542272199366,0.0,0.0,False,7,RP,RP 7
Chris Devenski,PIT,0.494336,0.874438,0.0,4.58347,13.1071,0.0762596,0.0,0.895701,1.40555,14.2414,61.4416,14.7483,7.88349,7.25281,2.14446,4.52928,0.167651,0.721465,11.7232,7.40855,2.86232,2.58831,1.35521,0.190802,0.0737168,0.1170849427580833,0.262467,1.35362,0.297798,0.700082,,,4.5524,-0.0417118,-0.0460468,999.0,0.878594,-0.288842,1.24954,0.878594,0.288842,3.33395,50.0,3.5714285714285716,54,3.857142857142857,,,,,,,,,,,,,,,,,,,Chris Devenski,12763,606965,RP,0.494336,0.895701,-0.701815002273304,-0.9121417961408232,-0.733740606826565,-0.5052800799766685,-0.9526228720239089,-0.17657096190175767,-0.12027849018414379,-2.6223807033356,4.921431591770853,-7.543812295106453,0.0,0.0,False,7,RP,RP 7
Dylan Coleman,NYY,0.391947,0.377068,0.0,4.82723,4.95731,0.0,0.0,0.463617,0.106577,5.03849,23.0253,4.41671,2.93744,2.70244,0.625493,3.54429,0.113194,0.402286,4.92238,8.7926,6.33099,1.38882,1.11729,0.213781,0.15393,0.0598509013652801,0.231499,1.58004,0.28019,0.709011,,,5.14494,-0.0418728,-0.0392633,999.0,1.2045,-0.254856,1.34756,1.2045,0.254856,3.20325,12.3,2.46,10,2.0,,,,,,,,,,,,,,,,,,,Dylan Coleman,22276,669395,RP,0.391947,0.463617,-0.38475193660061624,-1.4634592571121916,-0.7487715483800765,-0.5611529782798262,-1.1028063253667955,-0.09680046638940162,-0.19297730970798196,-2.915556170188399,4.921431591770853,-7.836987761959252,0.0,0.0,False,7,RP,RP 7
Génesis Cabrera,PHI,0.60273,1.11948,0.0,4.62837,19.1845,0.0,0.00606683,1.21299,0.730862,19.9518,86.5047,18.9583,11.1527,10.2605,2.96654,8.49105,0.553728,0.995715,17.8866,8.06842,3.83021,2.10652,1.33817,0.20677,0.0981571,0.1086130812764167,0.246154,1.37578,0.284729,0.699542,,,4.70152,-0.0426102,-0.0262871,999.0,1.01887,-0.10774,1.13886,1.01887,0.10774,3.48151,74.69999999999999,3.734999999999999,74,3.7,,,,,,,,,,,,,,,,,,,Genesis Cabrera,17490,650893,RP,0.60273,1.21905683,-1.0827406508037487,-1.7198887141883892,-0.7178281174111849,-0.4634668505922821,-0.8165156531394882,-0.27240876524908303,-0.22679107426340286,-2.61221477067275,4.921431591770853,-7.533646362443603,0.0,0.0,False,7,RP,RP 7
Gavin Hollowell,CHC,0.920387,1.31246,0.0,4.42571,18.7246,0.0,0.0,0.831008,0.402498,20.4313,89.747,18.9692,10.9207,10.047,2.58848,10.2311,0.379037,1.09147,19.9742,8.79862,4.50679,1.9523,1.14023,0.222561,0.113999,0.1085619702935218,0.241879,1.42919,0.293237,0.714706,,,4.48941,-0.0427139,-0.0558626,999.0,2.13169,-0.690805,1.09055,2.13169,0.690805,3.54593,72.69999999999999,3.6349999999999993,72,3.6,,,,,,,,,,,,,,,,,,,Gavin Hollowell,25427,668970,RP,0.920387,0.831008,-0.6486723006829778,-2.8524846465580613,-0.6711953365356628,-0.5136455492139608,-0.7704148921726327,-0.16320068924091785,-0.3761394862213766,-2.706072071117331,4.921431591770853,-7.627503662888184,0.0,0.0,False,7,RP,RP 7
Lyon Richardson,CIN,1.46717,0.994769,0.0,4.66199,19.2691,0.072129,0.0,0.841664,0.0475489,21.4888,94.9125,21.0402,12.0991,11.1312,2.87917,10.2911,0.830412,1.04886,18.7523,7.85389,4.31014,1.82219,1.20586,0.197574,0.108427,0.0891474187374115,0.25176,1.45803,0.293199,0.704465,,,4.71477,-0.0429115,-0.0349059,999.0,1.02587,-1.73646,1.01641,1.02587,1.73646,3.64479,72.9,3.4714285714285715,75,3.5714285714285716,,,,,,,,,,,,,,,,,,,Lyon Richardson,24581,680689,RP,1.46717,0.841664,-1.2464259393634458,-3.619752787289936,-0.5909263299484928,-0.5122676189866937,-0.7973982797111463,-0.3135906561413176,-0.4773143846023917,-2.798939722735252,4.921431591770853,-7.720371314506105,0.0,0.0,False,7,RP,RP 7
Juan Burgos,ARI,1.20653,1.22947,0.0,4.54252,24.0906,0.0,0.0,2.4045,1.43095,25.3996,111.333,25.1435,13.9345,12.8198,3.0708,10.695,0.886904,1.58198,21.3345,7.55962,3.78963,1.99481,1.0881,0.191628,0.0960631,0.0955649241805076,0.25383,1.41099,0.295679,0.694495,,,4.47698,-0.0432323,-0.0663897,999.0,1.61382,-1.81584,1.01415,1.61382,1.81584,3.6478,94.1,3.764,97,3.88,,,,,,,,,,,,,,,,,,,Juan Burgos,27271,686228,RP,1.20653,2.4045,-1.136071395771558,-3.0836595908589306,-0.6291888836066717,-0.3101768753060344,-0.7403751981971521,-0.2858263480984111,-0.4066230945666509,-2.5105469470395247,4.921431591770853,-7.431978538810378,0.0,0.0,False,7,RP,RP 7
William Kempner,MIA,0.67733,1.83241,0.0,4.70668,19.0882,0.0,0.0,1.13501,0.0,20.0172,88.8029,18.9734,11.3786,10.4683,2.50317,10.192,0.518892,1.38748,19.1588,8.61404,4.58245,1.87979,1.12546,0.215745,0.114771,0.1009741649031639,0.245695,1.45701,0.296432,0.693147,,,4.58199,-0.0438578,-0.0292152,999.0,1.10114,-0.171262,1.08199,1.10114,0.171262,3.55735,70.69999999999999,3.5349999999999993,70,3.5,,,,,,,,,,,,,,,,,,,William Kempner,sa3020527,687531,RP,0.67733,1.13501,-1.2604568758342003,-3.3516001197712395,-0.7068766652054601,-0.4743349687945131,-0.7884214837095048,-0.31712072594746116,-0.4419547528823473,-2.8508668400924186,4.921431591770853,-7.7722984318632715,0.0,0.0,False,7,RP,RP 7
Brandon Waddell,NYM,0.827093,1.21907,0.0,4.48842,6.26849,0.228967,0.0,0.627668,0.0,14.2793,61.9321,14.0919,7.74053,7.12129,1.93616,5.63064,0.217698,0.656755,11.4728,7.23108,3.54889,2.03756,1.22032,0.185247,0.0909163,0.0943310260772705,0.253248,1.3812,0.287807,0.70433,,,4.61187,-0.0441979,-0.0688365,999.0,2.29704,-0.0224955,1.22381,2.29704,0.0224955,3.36825,47.6,3.4,49,3.5,,,,,,,,,,,,,,,,,,,Brandon Waddell,18347,663399,RP,0.827093,0.627668,-0.55286113268086,-1.3082266779694203,-0.684891111094388,-0.5399394993277444,-0.9581524900283641,-0.139095376529924,-0.17250775078010622,-2.7543130466698935,4.921431591770853,-7.675744638440746,0.0,0.0,False,7,RP,RP 7
Jayden Murray,HOU,1.13232,1.16637,0.0,4.41602,28.9588,0.12033,0.0127218,3.1599,0.290868,30.9354,134.557,29.9513,16.499,15.1791,3.88254,12.8393,0.483245,1.74428,26.0235,7.571,3.73532,2.02687,1.12954,0.193402,0.0954191,0.0979827120900154,0.24965,1.38322,0.289437,0.703831,,,4.49852,-0.0448884,-0.0121062,999.0,2.49798,-0.633789,0.974467,2.49798,0.633789,3.70071,121.2,3.9096774193548383,122,3.935483870967742,,,,,,,,,,,,,,,,,,,Jayden Murray,26482,681151,RP,1.13232,3.1726218,-0.9489224435326289,-2.896897343543106,-0.6400830829121253,-0.2108508386653846,-0.6368273594475904,-0.23874118974657338,-0.3819959135454703,-2.2952269152830875,4.921431591770853,-7.216658507053941,0.0,0.0,False,7,RP,RP 7
Kevin Herget,NYM,0.244523,0.0391957,0.0,3.92297,4.34961,0.0,0.0230669,0.405659,0.0,7.1304,30.156,6.71648,3.3783,3.10804,1.21673,2.43559,0.144999,0.254497,4.98448,6.29142,3.07421,2.04652,1.53576,0.16529,0.0807664,0.0845232531428337,0.244538,1.28353,0.258632,0.775143,,,5.08717,-0.045308,0.0677993,999.0,0.89648,0.85285,1.40638,0.89648,-0.85285,3.12483,25.3,3.6142857142857143,26,3.7142857142857144,,,,,,,,,,,,,,,,,,,Kevin Herget,15369,643361,RP,0.244523,0.4287259,0.17191946548727188,0.04315803718717726,-0.7704137318918297,-0.5656647558091616,-1.1014349624351794,0.043253543016885464,0.00569098310607679,-2.562834448330461,4.921431591770853,-7.484266040101314,0.0,0.0,False,7,RP,RP 7
Dale Stanavich,MIA,0.0,0.515835,0.0,4.63809,6.02247,0.0,0.0,0.858153,0.0,6.27279,28.5705,6.19006,3.51374,3.23264,0.83492,3.77809,0.0,0.348488,5.4267,7.78605,5.42068,1.43636,1.19792,0.189941,0.132238,0.0577033758163452,0.253235,1.58911,0.294525,0.733517,,,5.10879,-0.0487189,-0.0779851,999.0,0.210595,-0.107683,1.36156,0.210595,0.107683,3.18459,18.500000000000007,3.0833333333333344,19,3.1666666666666665,,,,,,,,,,,,,,,,,,,Dale Stanavich,sa3019833,689359,RP,0.0,0.858153,-0.3471781836202872,-1.8788794851077972,-0.8063102727457234,-0.51013542195991,-1.091669356708621,-0.08734721491357732,-0.24775620266811743,-2.8612129375863242,4.921431591770853,-7.782644529357177,0.0,0.0,False,7,RP,RP 7
Scott Blewett,STL,0.758595,0.912741,0.0,4.51632,17.3553,0.0661131,0.0,0.802953,0.0,19.8473,86.0938,20.2738,10.8257,9.95964,2.64745,7.25641,0.460299,0.808042,15.2317,6.90702,3.29051,2.09907,1.20052,0.17692,0.0842849,0.09263526648283,0.259822,1.3871,0.293038,0.701169,,,4.5533,-0.0489368,-0.0558177,999.0,1.46061,-2.06658,1.15298,1.46061,2.06658,3.46269,69.1,3.4549999999999996,71,3.55,,,,,,,,,,,,,,,,,,,Scott Blewett,16427,656240,RP,0.758595,0.802953,-0.8299502912367429,-1.935509923922207,-0.6949467756143309,-0.51727334881287,-0.87514417885845,-0.20880876125421924,-0.2552237079484161,-2.70642497210617,4.921431591770853,-7.627856563877023,0.0,0.0,False,7,RP,RP 7
Prelander Berroa,CHW,1.30171,1.42508,0.0,4.42609,25.3946,0.0,0.0,1.2403,0.0,26.6682,118.383,24.2946,14.2555,13.1151,3.33176,15.3477,0.630376,1.13627,27.336,9.22538,5.17954,1.78112,1.1244,0.230912,0.129644,0.1012675762176513,0.238418,1.4865,0.294292,0.725795,,,4.56353,-0.0497695,0.0110974,999.0,1.74082,-0.214365,0.930892,1.74082,0.214365,3.75881,110.5,4.092592592592593,106,3.925925925925926,,,,,,,,,,,,,,,,,,,Prelander Berroa,22932,672860,RP,1.30171,1.2403,-0.847819760811785,-5.25149719211894,-0.6152162398943272,-0.4607198905635685,-0.6078432395160912,-0.2133045748536992,-0.6924824146275774,-2.7322885268990573,4.921431591770853,-7.65372011866991,0.0,0.0,False,7,RP,RP 7
Zach Pop,PHI,0.986648,1.52517,0.0,4.62888,22.833,0.0,0.00179367,2.10307,0.372003,23.2323,101.411,24.1323,12.9879,11.9488,3.08007,8.3908,0.439547,1.28187,17.8848,6.92844,3.25053,2.13148,1.19319,0.17636,0.0827406,0.0936195030808448,0.263056,1.39991,0.29746,0.692469,,,4.56802,-0.0499103,-0.0650274,999.0,1.60029,-0.467232,1.07149,1.60029,0.467232,3.57135,87.9,3.821739130434783,93,4.043478260869565,,,,,,,,,,,,,,,,,,,Zach Pop,20185,647315,RP,0.986648,2.1048636700000003,-1.262021938455074,-2.563168393309817,-0.6614680687795832,-0.34892292976308775,-0.81655540278968,-0.31751448300809537,-0.3379891435074906,-2.6314262674407622,4.921431591770853,-7.552857859211615,0.0,0.0,False,7,RP,RP 7
Randy Dobnak,SEA,0.482769,0.770495,0.225298,4.22932,8.48455,0.342667,0.0,0.568308,0.0,11.39,49.63,11.1465,5.81788,5.35245,1.31516,4.66492,0.262834,0.673579,8.74055,6.90648,3.68606,1.87367,1.03919,0.176114,0.0939941,0.0821202620863914,0.251663,1.38818,0.287166,0.715347,,,4.50752,-0.0509692,-0.076515,999.0,1.73461,-1.44284,1.3046,1.73461,1.44284,3.26053,44.50000000000001,4.045454545454546,46,4.181818181818182,,,,,,,,,,,,,,,,,,,Randy Dobnak,23798,677976,RP,0.708067,0.568308,-0.11308919108324605,-1.1230929294903564,-0.7023644026525463,-0.5476153569000578,-1.018489146548622,-0.028452323170036906,-0.14809530981598792,-2.6705250338193904,4.921431591770853,-7.591956625590243,0.0,0.0,False,7,RP,RP 7
Scott McGough,,1.47174,1.01174,0.0,4.85659,24.2393,0.0610806,0.174584,0.887273,0.833843,26.1976,114.149,25.8854,15.3661,14.1368,4.03207,10.8058,0.468176,1.22289,23.0968,7.93472,3.71225,2.13745,1.38519,0.202339,0.0946637,0.1076748073101043,0.253479,1.40055,0.29141,0.686881,,,4.75015,-0.0513316,-0.143496,999.0,1.62326,-0.898952,0.947462,1.62326,0.898952,3.73672,89.6,3.446153846153846,92,3.5384615384615383,,,,,,,,,,,,,,,,,,,Scott McGough,12056,543518,RP,1.47174,1.061857,-2.0859941415559633,-2.907273989255187,-0.5902554433991608,-0.483794402908183,-0.7014580823455094,-0.5248192057777257,-0.38336421755774713,-2.81853389686302,4.921431591770853,-7.739965488633873,0.0,0.0,False,7,RP,RP 7
Joe Ross,ARI,0.855316,0.866541,0.00784033,4.44638,17.4636,0.404774,0.0,0.895616,0.633128,19.9345,86.6795,20.1664,10.7049,9.84851,2.51817,7.33229,0.449411,1.17122,16.1082,7.2725,3.31037,2.19689,1.1369,0.185837,0.0845909,0.101245641708374,0.257962,1.37945,0.296363,0.700523,,,4.44093,-0.0516542,-0.0330888,999.0,0.585564,-2.05438,1.14762,0.585564,2.05438,3.46984,71.1,3.5549999999999997,73,3.65,,,,,,,,,,,,,,,,,,,Joe Ross,12972,605452,RP,0.8631563299999999,0.895616,-0.6787085912773437,-1.7915384646993424,-0.6795969310022394,-0.5052910713495399,-0.8557883075289572,-0.17075757631946253,-0.23623908316946277,-2.524467235123107,4.921431591770853,-7.445898826893959,0.0,0.0,False,7,RP,RP 7
Zach Brzykcy,MIA,0.381795,0.466174,0.0,4.93362,8.02392,0.0,0.0,0.383089,0.171429,8.00583,35.6219,7.80227,4.77025,4.38863,1.1646,4.09391,0.154833,0.428792,7.44158,8.36567,4.60229,1.81772,1.30922,0.208904,0.114927,0.0939777791500091,0.250883,1.48594,0.295098,0.694146,,,4.86197,-0.0517894,-0.0712038,999.0,1.79873,-1.87084,1.30118,1.79873,1.87084,3.2651,28.100000000000005,3.5125000000000006,29,3.625,,,,,,,,,,,,,,,,,,,Zach Brzykcy,27783,694350,RP,0.381795,0.383089,-0.7059757467208061,-1.5720141079106071,-0.7502618854148287,-0.5715660756279269,-1.0471744816095132,-0.17761777145547641,-0.20729176565270496,-3.003577970002006,4.921431591770853,-7.925009561772859,0.0,0.0,False,7,RP,RP 7
Josh Simpson,SEA,1.77571,1.19991,0.0,4.28386,22.9412,0.0,0.0,1.41994,1.28593,23.6126,103.239,20.9273,12.2166,11.2393,2.57063,12.2425,0.840019,1.35681,23.3645,8.90543,4.66627,1.90847,0.979801,0.226314,0.118584,0.107729896903038,0.233459,1.40475,0.288151,0.708576,,,4.29923,-0.052923,-0.0481419,999.0,1.40982,-0.837222,1.0037,1.40982,0.837222,3.66173,97.10000000000002,4.045833333333334,92,3.8333333333333335,,,,,,,,,,,,,,,,,,,Josh Simpson,25957,681006,RP,1.77571,1.41994,-0.3775852470037091,-2.7194407563550453,-0.5456319457185417,-0.43749059382687083,-0.6955464260364334,-0.09499738541837896,-0.3585958122996818,-2.262238443175559,4.921431591770853,-7.183670034946411,0.0,0.0,False,7,RP,RP 7
Andrew Hoffmann,ARI,2.52342,2.7274,0.0,4.27943,42.1818,0.0,0.01985,6.2337,5.74593,45.8147,198.028,44.8871,23.6788,21.7845,5.66971,17.9802,0.82307,1.8398,41.6723,8.18625,3.53209,2.31768,1.11378,0.210436,0.0907963,0.1196401491761207,0.251881,1.37221,0.299676,0.71343,,,4.22259,-0.0530927,0.054184,999.0,2.90422,-3.99688,0.687761,2.90422,3.99688,4.08299,197.6,4.2956521739130435,200,4.3478260869565215,,,,,,,,,,,,,,,,,,,Andrew Hoffmann,29633,694851,RP,2.52342,6.25355,-0.7098956407130438,-3.785535448878126,-0.4358663917139496,0.18754481587847985,-0.29125273393593726,-0.17860398498827407,-0.4991751175705559,-1.3590189409977713,4.921431591770853,-6.280450532768624,0.0,0.0,False,7,RP,RP 7
Enmanuel De Jesus,DET,0.756974,0.891782,0.0,4.61383,29.8637,0.0,0.0,2.1042,0.0,31.295,137.884,31.5408,17.4384,16.0433,3.76009,13.4553,0.701238,1.81908,24.8774,7.1544,3.86956,1.84889,1.08135,0.180423,0.0975846,0.0828388482332229,0.257246,1.4378,0.295628,0.693591,,,4.57145,-0.0534091,-0.10095,999.0,2.34393,-2.15449,0.95218,2.34393,2.15449,3.73043,110.0,3.548387096774193,116,3.741935483870967,,,,,,,,,,,,,,,,,,,Enmanuel De Jesus,18554,646241,RP,0.756974,2.1042,-1.6477076808560274,-4.638664032344223,-0.6951847421562275,-0.349008749109365,-0.6621368450502504,-0.4145498873624324,-0.6116719008408584,-2.9036299600473208,4.921431591770853,-7.825061551818173,0.0,0.0,False,7,RP,RP 7
Colin Poche,DET,1.0828,1.16759,0.0,4.69543,16.7979,0.0,0.0283097,1.56033,0.494207,16.5787,71.9034,15.39,9.40146,8.64934,2.40845,7.81718,0.323658,0.452205,14.9324,8.10626,4.24367,1.9102,1.30746,0.207672,0.108718,0.0989547148346901,0.241852,1.39982,0.280421,0.696016,,,4.71869,-0.0536601,-0.0223524,999.0,0.944413,1.29494,1.13874,0.944413,-1.29494,3.48168,76.20000000000002,4.4823529411764715,73,4.294117647058823,,,,,,,,,,,,,,,,,,,Colin Poche,19403,621363,RP,1.0828,1.5886397,-1.023195044531326,-1.8276042314435266,-0.6473527332234859,-0.41567599022693835,-0.8817536623597815,-0.2574275737064568,-0.24099485249137884,-2.570192013153633,4.921431591770853,-7.491623604924486,0.0,0.0,False,7,RP,RP 7
Ryan Harbin,PIT,0.573047,1.06841,0.0,4.54767,20.2054,0.0,0.0,1.49577,0.0,21.6969,97.4724,20.954,11.9167,10.9634,2.40586,12.0662,0.56644,1.31422,19.9679,8.28283,5.00514,1.65486,0.997965,0.204857,0.123791,0.0810662806034088,0.24918,1.52189,0.30053,0.711706,,,4.58611,-0.0548552,-0.0157363,999.0,0.870508,-0.616183,1.06021,0.870508,0.616183,3.58638,88.60000000000002,4.027272727272728,89,4.045454545454546,,,,,,,,,,,,,,,,,,,Ryan Harbin,sa3011733,689877,RP,0.573047,1.49577,-0.9829006554007089,-5.040290990681243,-0.7221856503310581,-0.42768499612288624,-0.770554015948304,-0.24728983224326404,-0.664631960746466,-2.9248480150974148,4.921431591770853,-7.846279606868268,0.0,0.0,False,7,RP,RP 7
Hayden Durke,ARI,0.714618,0.708559,0.0,4.52917,10.6783,0.0,0.0,0.720817,0.0,11.0656,50.0309,10.1956,6.0529,5.56867,1.18655,6.9392,0.290602,0.695218,10.7631,8.75397,5.64387,1.55106,0.965056,0.215129,0.138698,0.0764308422803878,0.240481,1.54847,0.295894,0.716179,,,4.65355,-0.0552546,-0.0132142,999.0,0.306469,-1.79115,1.22135,0.306469,1.79115,3.37153,45.10000000000001,4.1000000000000005,44,4.0,,,,,,,,,,,,,,,,,,,Hayden Durke,sa3022733,694492,RP,0.714618,0.720817,-0.4785320748771521,-2.864812991094686,-0.7014027007302983,-0.5278943770736437,-0.9738248937734193,-0.120394788495841,-0.3777651486716764,-2.801652535099643,4.921431591770853,-7.723084126870496,0.0,0.0,False,7,RP,RP 7
Ryder Ryan,LAD,0.313155,0.572048,0.0,4.86146,7.47976,0.0,0.0,0.734334,0.0,7.82672,34.77,8.10606,4.59532,4.22769,1.17531,3.31532,0.129264,0.572851,6.10368,7.01867,3.81231,1.84106,1.3515,0.175545,0.09535,0.0801946148276329,0.262487,1.45928,0.293641,0.69825,,,5.01794,-0.0555453,-0.0828068,999.0,0.783645,1.62343,1.32608,0.783645,-1.62343,3.23189,30.100000000000005,3.7625000000000006,31,3.875,,,,,,,,,,,,,,,,,,,Ryder Ryan,19891,656924,RP,0.313155,0.734334,-0.6274257304332801,-1.328190952651515,-0.7603383958625628,-0.5261464901665521,-1.0767195132714964,-0.15785522450455497,-0.17514031605289976,-2.856640503335273,4.921431591770853,-7.7780720951061255,0.0,0.0,False,7,RP,RP 7
Gavin Collyer,TEX,0.543446,1.24344,0.0,4.90719,15.1769,0.0,0.0,0.819785,0.0,15.9897,71.4633,15.038,9.47638,8.71827,2.11957,8.61726,0.383386,1.27809,15.6109,8.78679,4.85034,1.81158,1.19303,0.218446,0.120583,0.097862921655178,0.244251,1.47941,0.294689,0.685372,,,4.76236,-0.0560552,-0.0904809,999.0,1.53477,1.28792,1.13702,1.53477,-1.28792,3.48397,60.80000000000001,3.8000000000000007,60,3.75,,,,,,,,,,,,,,,,,,,Gavin Collyer,sa3011742,686560,RP,0.543446,0.819785,-1.3630630178809287,-3.035247413579628,-0.7265311454616433,-0.5150967983637935,-0.8667702525513836,-0.34293559901163645,-0.40023928054308805,-3.0342333685656593,4.921431591770853,-7.955664960336512,0.0,0.0,False,7,RP,RP 7
Isaiah Campbell,ARI,1.71724,2.06766,0.0,4.92245,17.2636,0.0,0.0,0.300315,1.07436,20.458,90.1976,21.8585,12.1623,11.1893,2.49536,7.63171,0.3006,1.17454,15.0352,6.61438,3.35739,1.9701,1.09777,0.166692,0.0846111,0.0820811614394187,0.268561,1.4415,0.303209,0.666544,,,4.54231,-0.0562497,-0.132621,999.0,2.84328,-0.892018,1.02529,2.84328,0.892018,3.63294,69.2,3.46,77,3.85,,,,,,,,,,,,,,,,,,,Isaiah Campbell,25551,663462,RP,1.71724,0.300315,-1.7786903925532096,-3.1079628350758304,-0.5542154766899724,-0.5822696038403707,-0.8794835156710517,-0.44750407517824886,-0.40982781288276443,-3.1478642274376547,4.921431591770853,-8.069295819208508,0.0,0.0,False,7,RP,RP 7
Austin Love,STL,0.674711,1.32406,0.0,4.59636,18.3852,0.0,0.0,1.17808,0.0,19.2351,84.4419,19.0534,10.6777,9.82349,2.60624,8.54458,0.494674,0.869824,16.3506,7.65035,3.99797,1.91356,1.21945,0.193631,0.101189,0.0924421399831771,0.253952,1.43477,0.293329,0.706505,,,4.6648,-0.05672,-0.108773,999.0,0.484241,-0.364269,1.12959,0.484241,0.364269,3.49388,60.29999999999999,3.173684210526315,62,3.263157894736842,,,,,,,,,,,,,,,,,,,Austin Love,sa3017609,676153,RP,0.674711,1.17808,-0.97541018475903,-2.7927613842001753,-0.7072611404511275,-0.4687655755054374,-0.8504353546364656,-0.2454052905876796,-0.36826414945282776,-2.711737042891348,4.921431591770853,-7.633168634662201,0.0,0.0,False,7,RP,RP 7
Konnor Pilkington,DET,1.11653,1.31709,0.0,4.24306,25.1285,0.170962,0.298436,2.14337,0.558796,26.1812,114.734,23.3588,13.4165,12.3432,3.32817,14.1594,0.312142,1.02904,25.8228,8.8768,4.86741,1.82372,1.14409,0.225066,0.12341,0.101655475795269,0.234653,1.43302,0.284546,0.733495,,,4.55547,-0.056978,0.0443822,999.0,2.4193,-0.753206,1.01355,2.4193,0.753206,3.6486,110.7,4.257692307692308,106,4.076923076923077,,,,,,,,,,,,,,,,,,,Konnor Pilkington,21453,663455,RP,1.11653,2.441806,-0.2999380851263101,-3.755423116907193,-0.6424010913615676,-0.305352826407909,-0.6412594454439727,-0.07546198931367336,-0.49520439082531603,-2.3653494023326815,4.921431591770853,-7.286780994103534,0.0,0.0,False,7,RP,RP 7
Rafael Montero,NYY,1.12263,1.44616,0.0,4.41986,31.0066,0.0,0.110389,2.47225,1.28393,31.6123,137.706,28.9251,16.8746,15.5246,4.04055,15.414,0.599921,1.37563,29.4854,8.39448,4.38836,1.9129,1.15034,0.214118,0.111934,0.1021840423345565,0.239215,1.40259,0.28475,0.710001,,,4.52463,-0.0571046,-0.0283811,999.0,1.16188,-0.783271,0.934795,1.16188,0.783271,3.75361,130.20000000000002,4.0687500000000005,126,3.9375,,,,,,,,,,,,,,,,,,,Rafael Montero,12760,606160,RP,1.12263,2.582639,-0.9830507726322095,-3.572479995516071,-0.6415055972804025,-0.2871416732832189,-0.5603777405593183,-0.2473276005210555,-0.4710808142897426,-2.271741228373942,4.921431591770853,-7.193172820144795,0.0,0.0,False,7,RP,RP 7
George Soriano,STL,2.03933,1.60109,0.0,4.53154,33.4496,0.0,0.0520901,2.01274,1.2638,39.2141,170.161,37.407,21.4614,19.7445,5.15745,16.2433,0.971136,2.39765,35.8281,8.22289,3.72799,2.20572,1.18368,0.210554,0.0954584,0.1150958463549614,0.246878,1.36814,0.29176,0.69328,,,4.44368,-0.0584777,-0.0631531,999.0,3.43587,-3.67772,0.763397,3.43587,3.67772,3.98214,156.90000000000003,4.023076923076924,156,4.0,,,,,,,,,,,,,,,,,,,George Soriano,21863,666277,RP,2.03933,2.0648301,-1.7061489291534215,-3.080543496429132,-0.5069319211813674,-0.354099681471835,-0.42031101485301736,-0.4292532313963804,-0.40621219449072726,-2.3417213841884923,4.921431591770853,-7.263152975959345,0.0,0.0,False,7,RP,RP 7
Cameron Foster,BAL,1.53976,1.48208,0.0,4.53651,21.6044,0.0,0.0,1.08778,0.0,23.0991,100.291,23.2013,12.6557,11.6433,3.43918,9.08982,0.586313,0.781545,20.1286,7.84263,3.54162,2.21442,1.33999,0.200702,0.0906344,0.110067993402481,0.256595,1.39794,0.29561,0.714631,,,4.60992,-0.0587223,-0.137085,999.0,0.732322,0.708493,1.02514,0.732322,-0.708493,3.63315,87.50000000000001,3.804347826086957,90,3.9130434782608696,,,,,,,,,,,,,,,,,,,Cameron Foster,sa3020735,671382,RP,1.53976,1.08778,-1.0177934801361699,-2.502960576434653,-0.5802699503826273,-0.4804422928029424,-0.7670052555117387,-0.2560685839186386,-0.3300499115353707,-2.4864094828969057,4.921431591770853,-7.4078410746677585,0.0,0.0,False,7,RP,RP 7
Cade Winquest,NYY,0.955717,1.51094,0.0,4.66989,25.4602,0.0,0.0,2.10417,0.0,27.8599,121.391,27.9161,15.7129,14.4558,3.73229,10.7865,0.706532,1.61597,22.6404,7.31386,3.48453,2.09895,1.2057,0.186508,0.0888578,0.0976502001285553,0.256139,1.38919,0.292727,0.686725,,,4.58692,-0.058977,-0.138943,999.0,1.57927,-0.858046,1.00022,1.57927,0.858046,3.66637,100.2,3.5785714285714287,103,3.678571428571429,,,,,,,,,,,,,,,,,,,Cade Winquest,sa3020805,685464,RP,0.955717,2.10417,-1.6403418612519858,-2.7750035687715964,-0.6660088109803242,-0.3490126284174373,-0.7115368269830228,-0.4126967068968288,-0.3659225362982121,-2.6270436523356446,4.921431591770853,-7.5484752441064975,0.0,0.0,False,7,RP,RP 7
Nick Anderson,ATH,1.31914,1.30024,0.0,4.62867,26.3329,0.0,0.267301,1.52119,1.2608,27.6987,120.005,27.6589,15.4841,14.2453,4.33943,10.8143,0.446252,0.928474,24.5834,7.98778,3.51384,2.27323,1.40999,0.204854,0.0901155,0.1147381514310836,0.255481,1.38899,0.293921,0.709586,,,4.66857,-0.0589881,-0.0375472,999.0,2.08293,-1.53346,0.967902,2.08293,1.53346,3.70946,107.20000000000006,3.8285714285714305,110,3.928571428571429,,,,,,,,,,,,,,,,,,,Nick Anderson,18337,623433,RP,1.31914,1.788491,-1.5039933065897726,-2.7534840186193668,-0.612657475659129,-0.3898331648488778,-0.6686292879149062,-0.37839251651526445,-0.36308488648027465,-2.5800989770510965,4.921431591770853,-7.501530568821949,0.0,0.0,False,7,RP,RP 7
Dom Hamel,NYY,0.304532,0.891064,0.0416535,4.42534,17.0945,0.117795,0.0,1.4172,0.0,18.1994,79.213,17.2833,9.72687,8.94872,2.51076,6.94962,0.299905,2.01982,16.5079,8.16352,3.43674,2.37537,1.24163,0.208399,0.0877333,0.1206654012203216,0.246049,1.33153,0.288387,0.700172,,,4.59301,-0.0594496,-0.0604212,999.0,1.39294,-0.209305,1.22168,1.39294,0.209305,3.37109,63.10000000000001,3.505555555555556,62,3.4444444444444446,,,,,,,,,,,,,,,,,,,Dom Hamel,30153,687589,RP,0.34618550000000003,1.4172,-0.5770586210887101,-0.7633203786625823,-0.7554894422153619,-0.4378449039641373,-0.8469616768724848,-0.14518326833893505,-0.10065433144360593,-2.444137352775628,4.921431591770853,-7.365568944546481,0.0,0.0,False,7,RP,RP 7
Rolddy Muñoz,ATL,0.512545,0.737907,0.0,4.5771,13.8235,0.0,0.0,0.888573,0.0,15.0467,67.2803,14.7502,8.31765,7.65224,1.7184,7.3812,0.285697,1.36304,13.6374,8.15707,4.41498,1.84759,1.02784,0.202696,0.109708,0.0929876491427421,0.251985,1.47085,0.3018,0.700294,,,4.55053,-0.061679,-0.00391705,999.0,1.22666,-0.655475,1.19077,1.22666,0.655475,3.41231,55.400000000000006,3.693333333333334,57,3.8,,,,,,,,,,,,,,,,,,,Rolddy Munoz,27407,691548,RP,0.512545,0.888573,-0.7308097731757931,-2.7274622535700215,-0.7310674835931327,-0.5062018035746376,-0.9103513273588607,-0.18386581107396144,-0.35965355746399247,-2.851564816210159,4.921431591770853,-7.772996407981012,0.0,0.0,False,7,RP,RP 7
Logan VanWey,HOU,0.589637,0.0768738,0.0,4.90192,8.74575,0.0,0.0,0.0,0.0,10.3096,46.6937,9.47635,6.10352,5.61523,1.34432,6.4954,0.167738,0.720857,10.1541,8.86419,5.67028,1.56327,1.17355,0.217461,0.139107,0.0783547908067703,0.240045,1.5492,0.290647,0.700386,,,4.9603,-0.0645297,-0.0900514,999.0,2.30024,-0.322438,1.22514,2.30024,0.322438,3.36648,37.3,3.73,36,3.6,,,,,,,,,,,,,,,,,,,Logan VanWey,31884,701121,RP,0.589637,0.0,-0.8728494736077117,-2.6766861926140297,-0.7197502000349056,-0.6211034172977374,-0.9872735254216349,-0.21960184756828338,-0.3529580327384247,-3.182351764951985,4.921431591770853,-8.103783356722838,0.0,0.0,False,7,RP,RP 7
Jaden Woods,PIT,0.81377,1.17891,0.0,4.69727,13.8447,0.0,0.0,0.940908,0.0,14.3545,63.8997,14.2824,8.14333,7.49186,1.80909,6.99634,0.374265,0.849529,11.7255,7.35169,4.38659,1.67595,1.13427,0.183499,0.109489,0.0740092024207115,0.254798,1.48238,0.293357,0.700705,,,4.77956,-0.0656155,-0.0460705,999.0,0.359531,-1.96763,1.17821,0.359531,1.96763,3.42906,46.6,3.3285714285714287,48,3.4285714285714284,,,,,,,,,,,,,,,,,,,Jaden Woods,sa3023064,692243,RP,0.81377,0.940908,-0.8888393914314716,-2.76745019019924,-0.6868469582490377,-0.4994343506425787,-0.9525720808042194,-0.22362478119285112,-0.3649265190404611,-2.814550510634393,4.921431591770853,-7.735982102405246,0.0,0.0,False,7,RP,RP 7
Garrett Acton,MIA,0.684583,0.724061,0.0,4.52576,19.1508,0.0,0.0,1.16904,0.0,19.333,83.2953,17.6967,10.5672,9.72183,2.85518,8.56159,0.72737,0.777944,18.4473,8.58767,3.98563,2.15466,1.32916,0.221468,0.102786,0.1186824589967727,0.239288,1.35821,0.281873,0.704868,,,4.59592,-0.0661202,-0.0825063,999.0,1.40912,-0.365971,1.14897,1.40912,0.365971,3.46804,66.89999999999999,3.521052631578947,66,3.473684210526316,,,,,,,,,,,,,,,,,,,Garrett Acton,27583,670183,RP,0.684583,1.16904,-0.8287165216165406,-1.326821408765332,-0.7058119080627239,-0.4699345403378787,-0.8041336371047518,-0.20849835482531898,-0.1749597227815817,-2.51659621923639,4.921431591770853,-7.4380278110072435,0.0,0.0,False,7,RP,RP 7
Cam Sanders,PIT,1.0777,1.13215,0.0,4.74707,22.9652,0.0,0.0,0.879892,0.287749,24.6529,110.253,22.8734,14.1339,13.0032,3.09116,14.1092,0.44825,1.52994,23.0269,8.40638,5.15083,1.63204,1.12848,0.208856,0.127972,0.0808837115764617,0.241756,1.50013,0.288811,0.699699,,,4.80021,-0.0663376,-0.0539461,999.0,1.87465,-0.0811297,0.953125,1.87465,0.0811297,3.72917,90.3,3.612,88,3.52,,,,,,,,,,,,,,,,,,,Cam Sanders,23479,676742,RP,1.0777,0.879892,-1.662950826501856,-5.190689689502443,-0.6481014249962633,-0.5073243460204808,-0.7030016937612898,-0.4183849391643664,-0.6844641058103248,-3.126883948642147,4.921431591770853,-8.048315540413,0.0,0.0,False,7,RP,RP 7
Bryce Jarvis,ARI,0.175963,0.157309,0.0,5.00632,3.44382,0.0451499,0.036492,0.309907,0.0,5.61029,25.4228,5.75274,3.39214,3.12077,0.861738,3.03687,0.0793444,0.307246,4.38092,7.02786,4.87174,1.44258,1.3824,0.172323,0.119455,0.0528678819537162,0.260556,1.56669,0.290508,0.711769,,,5.35839,-0.066894,0.0202043,999.0,1.49158,1.29618,1.35783,1.49158,-1.29618,3.18956,15.500000000000004,2.5833333333333344,16,2.6666666666666665,,,,,,,,,,,,,,,,,,,Bryce Jarvis,27477,686826,RP,0.175963,0.346399,-0.5400559040686937,-1.5546868673916119,-0.7804784981548927,-0.5763104694003018,-1.11476346180726,-0.13587368487885038,-0.20500692974506446,-3.047872067575555,4.921431591770853,-7.969303659346408,0.0,0.0,False,7,RP,RP 7
Samy Natera Jr.,LAA,0.947345,1.01989,0.0,4.76262,18.9757,0.0,0.0,1.20713,0.0,19.6639,87.3441,18.1193,11.3106,10.4057,2.80146,11.029,0.508168,0.973864,20.0146,9.1605,5.04789,1.81472,1.28221,0.229146,0.126271,0.1028752326965332,0.240497,1.48233,0.291629,0.707109,,,4.78275,-0.0679517,-0.0581445,999.0,0.933031,-1.33338,1.04257,0.933031,1.33338,3.60991,72.3,3.615,69,3.45,,,,,,,,,,,,,,,,,,,Samy Natera Jr.,sa3020862,696519,RP,0.947345,1.20713,-1.3603736601880432,-3.790109070957454,-0.6672378399061463,-0.46500911218879815,-0.7695227333572174,-0.34225897843043984,-0.4997782127918272,-2.852953778015217,4.921431591770853,-7.77438536978607,0.0,0.0,False,7,RP,RP 7
Jackson Kowar,BAL,1.0029,1.04082,0.0,4.76306,21.6018,0.0,0.0,1.17399,0.0,23.2964,102.685,22.6585,13.4012,12.3291,3.41537,10.9078,0.3716,1.32619,21.1248,8.16107,4.21396,1.93667,1.31945,0.205725,0.106226,0.0994989722967147,0.250505,1.44083,0.291956,0.700545,,,4.80287,-0.0691316,-0.137085,999.0,1.05564,0.405994,1.01103,1.05564,-0.405994,3.65195,83.50000000000001,3.630434782608696,86,3.739130434782609,,,,,,,,,,,,,,,,,,,Jackson Kowar,21549,663804,RP,1.0029,1.17399,-1.6128361590124445,-3.523706254133377,-0.6590822376636657,-0.46929445450595564,-0.7450060324444934,-0.405776495321859,-0.464649323046865,-2.8440364812803494,4.921431591770853,-7.765468073051203,0.0,0.0,False,7,RP,RP 7
Logan Gillaspie,SDP,0.84218,0.793011,0.0,4.59282,16.989,0.0,0.0,0.611522,1.02488,19.1033,83.0225,19.9194,10.5964,9.74867,2.75574,6.4577,0.258396,1.05474,14.94,7.03857,3.04236,2.31352,1.29829,0.179951,0.0777825,0.1021689251065254,0.263798,1.38076,0.296876,0.700771,,,4.62607,-0.0697838,-0.108718,999.0,0.947956,-0.703704,1.15054,0.947956,0.703704,3.46595,64.69999999999999,3.405263157894736,69,3.631578947368421,,,,,,,,,,,,,,,,,,,Logan Gillaspie,22461,670810,RP,0.84218,0.611522,-0.9612177312572929,-1.7418481539888606,-0.6826763046677422,-0.5420273429322352,-0.8815858305034163,-0.2418345844066627,-0.22968672960522046,-2.691341868653793,4.921431591770853,-7.612773460424646,0.0,0.0,False,7,RP,RP 7
Robinson Ortiz,SEA,1.68024,1.63099,0.0,4.15306,25.3427,0.0,0.0,1.22894,0.0,26.401,115.364,23.9532,13.2421,12.1828,3.04315,13.2102,0.674166,1.37378,24.4,8.31786,4.5033,1.84706,1.0374,0.211504,0.114509,0.0969956815242767,0.237678,1.40765,0.285123,0.727024,,,4.44239,-0.0705171,-0.0521549,999.0,0.723466,-0.885309,0.99978,0.723466,0.885309,3.66696,103.1,3.965384615384615,101,3.8846153846153846,,,,,,,,,,,,,,,,,,,Robinson Ortiz,sa3004006,673662,RP,1.68024,1.22894,-0.03843084142131534,-3.1171732231321228,-0.5596471621003185,-0.4621888552202646,-0.6726793356066677,-0.009668887975428019,-0.41104232972006755,-2.169002189024898,4.921431591770853,-7.090433780795751,0.0,0.0,False,7,RP,RP 7
Tayler Scott,ATL,1.09016,0.910729,0.0,4.78507,14.4982,0.0375404,0.0,1.18844,0.462327,15.3134,67.946,15.0337,8.84971,8.14174,2.05978,7.48998,0.314586,0.860365,14.2848,8.39548,4.40202,1.90719,1.21058,0.210237,0.110234,0.1000030934810638,0.252262,1.47085,0.299968,0.696231,,,4.65398,-0.071296,-0.104148,999.0,0.77091,-0.587094,1.1251,0.77091,0.587094,3.49987,55.400000000000006,3.693333333333334,57,3.8,,,,,,,,,,,,,,,,,,,Tayler Scott,13652,605463,RP,1.09016,1.18844,-1.0976286908458457,-2.775811013034033,-0.6462722682337522,-0.46742592111781667,-0.8960547031732208,-0.27615447536150556,-0.36602900897297014,-2.7704076105938027,4.921431591770853,-7.691839202364656,0.0,0.0,False,7,RP,RP 7
Jairo Iriarte,CHW,0.054337,0.613141,0.0,4.43433,11.1624,0.0,0.0,0.566552,0.0,12.0788,53.6605,10.749,6.46876,5.95126,1.54116,6.96111,0.215632,0.801141,10.8265,8.06688,5.18678,1.55528,1.14833,0.201758,0.129725,0.0720331966876983,0.234192,1.46622,0.27461,0.722801,,,4.9291,-0.0714308,0.0276399,999.0,2.3922,-0.754712,1.28672,2.3922,0.754712,3.28438,37.600000000000016,3.133333333333334,36,3.0,,,,,,,,,,,,,,,,,,,Jairo Iriarte,26907,683568,RP,0.054337,0.566552,-0.39505356112873746,-2.1335195681060712,-0.7983334757148591,-0.5478424257325542,-0.9724248227611091,-0.0993922715605495,-0.28133401354464993,-2.9795130209479406,4.921431591770853,-7.900944612718794,0.0,0.0,False,7,RP,RP 7
Triston McKenzie,SDP,0.637831,0.632117,0.10658,4.85801,7.25674,0.351292,0.0,0.427746,0.0,8.93754,38.9805,8.29462,5.2438,4.82429,1.52241,4.45231,0.0675146,0.225329,8.54151,8.6012,4.48342,1.91844,1.53305,0.219123,0.114219,0.1049037352204322,0.241806,1.42622,0.279394,0.706806,,,5.00828,-0.0714526,-0.0301647,999.0,1.01148,-1.93632,1.27718,1.01148,1.93632,3.2971,27.200000000000006,3.022222222222223,25,2.7777777777777777,,,,,,,,,,,,,,,,,,,Triston McKenzie,18000,663474,RP,0.744411,0.427746,-0.7130523525789421,-1.2212486368952793,-0.6970290195565024,-0.5657914669418286,-1.022884574534272,-0.1793981880885254,-0.16103849511850413,-2.8007689656224493,4.921431591770853,-7.722200557393302,0.0,0.0,False,7,RP,RP 7
Carter Baumler,TEX,1.67437,2.31965,0.0,4.63658,38.1152,0.0,0.0,3.6695,0.0,40.3905,175.752,38.9285,22.6176,20.8082,5.48385,17.6415,1.04099,1.64543,34.8102,7.75656,3.93096,1.9732,1.22194,0.198064,0.100377,0.0976870283484458,0.2488,1.40058,0.287892,0.694428,,,4.60901,-0.0716765,-0.277916,999.0,2.05118,1.39102,0.749193,2.05118,-1.39102,4.00108,159.1,3.9775,161,4.025,,,,,,,,,,,,,,,,,,,Carter Baumler,sa3014480,691945,RP,1.67437,3.6695,-2.2287089769488886,-4.483180461683954,-0.5605088916505546,-0.146599384925704,-0.4427894420364634,-0.560725100751978,-0.5911692452158449,-2.3972422473404604,4.921431591770853,-7.318673839111313,0.0,0.0,False,7,RP,RP 7
Blas Castaño,SEA,0.126984,0.470178,0.0046,4.48003,8.11683,0.0063,0.0,0.711828,0.0,9.97514,43.8061,10.0975,5.39721,4.96544,1.28777,3.714,0.169198,0.967024,7.46031,6.73101,3.35093,2.0087,1.16188,0.170303,0.0847827,0.0855201929807663,0.258081,1.38459,0.290011,0.700686,,,4.72543,-0.0717749,-0.0200328,999.0,0.999004,0.0631515,1.34016,0.999004,-0.0631515,3.21312,38.7,3.87,40,4.0,,,,,,,,,,,,,,,,,,,Blas Castano,26117,680604,RP,0.131584,0.711828,-0.3769099227868417,-0.9477494386195305,-0.7869934377988319,-0.5290567470823622,-1.0467608644161288,-0.09482747932320919,-0.12497384949612345,-2.7504711502173653,4.921431591770853,-7.671902741988218,0.0,0.0,False,7,RP,RP 7
Nick Hernandez,ATH,0.0994791,0.0742595,0.0,5.43573,9.65594,0.0,0.0509004,0.0,0.0,11.878,54.2319,13.1111,7.79776,7.17394,2.03236,5.96225,0.142048,0.593573,12.8959,9.77124,4.51762,2.16292,1.53993,0.237791,0.10994,0.1278510391712188,0.275004,1.60578,0.338305,0.694821,,,4.84388,-0.0733359,-0.173955,999.0,2.02963,-0.696094,1.18166,2.02963,0.696094,3.42445,35.40000000000002,2.9500000000000015,39,3.25,,,,,,,,,,,,,,,,,,,Nick Hernandez,19281,663321,RP,0.0994791,0.0509004,-1.7101008702095513,-3.7557074237477153,-0.7917065112293893,-0.6145214728776941,-0.9267259749239706,-0.4302475077105081,-0.49524188060779467,-3.5075059921419998,4.921431591770853,-8.428937583912852,0.0,0.0,False,7,RP,RP 7
Eduarniel Núñez,ATH,3.00202,2.06697,0.0,4.51447,41.9678,0.0,0.0179036,3.13343,0.298744,45.0118,200.938,40.9166,24.5416,22.5783,5.42717,25.3897,0.746647,3.64739,44.2119,8.84006,5.07662,1.74133,1.08515,0.220027,0.126356,0.0936713218688964,0.238024,1.47309,0.290274,0.711394,,,4.67342,-0.0738286,-0.15104,999.0,2.59744,-1.77233,0.547237,2.59744,1.77233,4.27035,177.9,3.9533333333333336,173,3.844444444444445,,,,,,,,,,,,,,,,,,,Eduarniel Nunez,23162,674384,RP,3.00202,3.1513336,-1.8730268780685522,-8.2599399971584,-0.36560680691958053,-0.21360362153551465,-0.2351703941431484,-0.47123836973724237,-1.0891871374310358,-2.4935903803635737,4.921431591770853,-7.415021972134427,0.0,0.0,False,7,RP,RP 7
Kendall Graveman,,1.45917,1.52787,0.0,4.54534,30.5065,0.0,0.28706,1.30012,0.755455,31.6461,139.937,30.8722,17.3723,15.9825,3.88666,15.1611,0.428476,1.81339,26.9556,7.66604,4.31173,1.77795,1.10535,0.192627,0.108342,0.0842847004532814,0.25107,1.45463,0.292939,0.706076,,,4.63733,-0.0739011,-0.0283811,999.0,0.491082,-0.752211,0.884916,0.491082,0.752211,3.82011,114.00000000000004,3.562500000000001,115,3.59375,,,,,,,,,,,,,,,,,,,Kendall Graveman,15514,608665,RP,1.45917,1.58718,-1.425402888932353,-5.223092159257657,-0.5921007484155947,-0.4158647444267076,-0.616243665589952,-0.3586198049073876,-0.6887368188434121,-2.676080805348622,4.921431591770853,-7.597512397119475,0.0,0.0,False,7,RP,RP 7
Bailey Horn,DET,2.05574,1.88475,0.0,4.33478,30.5944,0.0,0.0,2.50883,1.11189,32.4708,142.523,31.3102,16.9993,15.6393,4.09219,15.6095,0.847613,1.11331,29.1188,8.07091,4.32652,1.86545,1.13424,0.204309,0.109523,0.094786524772644,0.248888,1.44498,0.293965,0.726389,,,4.52498,-0.0743983,-0.048094,999.0,1.88214,-0.783045,0.852123,1.88214,0.783045,3.86384,126.00000000000004,3.937500000000001,127,3.96875,,,,,,,,,,,,,,,,,,,Bailey Horn,27753,690544,RP,2.05574,2.50883,-0.7028437265869963,-5.045974746171686,-0.5045228953007247,-0.2966859349334021,-0.5684734193150422,-0.17682978059473517,-0.6653814423861175,-2.3355221051115516,4.921431591770853,-7.256953696882404,0.0,0.0,False,7,RP,RP 7
Seth Johnson,PHI,1.11853,1.62183,0.0439348,4.87826,17.1202,0.354669,0.0,1.04349,0.173425,20.0716,88.631,19.9636,11.8254,10.8794,2.83027,9.7099,0.331121,0.549171,17.9923,8.06767,4.35387,1.85299,1.26908,0.203003,0.109554,0.0934482514858245,0.254729,1.47838,0.297716,0.694178,,,4.70881,-0.0745063,-0.125243,999.0,1.95465,-1.46226,1.03263,1.95465,1.46226,3.62316,66.1,3.3049999999999997,68,3.4,,,,,,,,,,,,,,,,,,,Seth Johnson,26020,686751,RP,1.1624648,1.04349,-1.6465330630154948,-3.7895469158523816,-0.6356577566862387,-0.48616944462029005,-0.8141814653476714,-0.414254363041496,-0.49970408487928836,-3.047673174278241,4.921431591770853,-7.969104766049094,0.0,0.0,False,7,RP,RP 7
Dan Altavilla,MIN,0.817899,1.5643,0.0,4.71277,23.9698,0.0,0.0104043,1.44096,0.600119,24.5988,109.376,23.9837,14.001,12.8809,3.09488,11.8715,0.324939,1.93839,20.8087,7.61331,4.34344,1.75283,1.13233,0.190249,0.108538,0.0817109122872352,0.250964,1.4576,0.291489,0.693291,,,4.76308,-0.0769139,-0.103876,999.0,1.14689,-0.822745,1.01402,1.14689,0.822745,3.64797,89.69999999999999,3.5879999999999996,90,3.6,,,,,,,,,,,,,,,,,,,Dan Altavilla,16507,656186,RP,0.817899,1.4513643,-1.5655366403528128,-4.133056019134974,-0.6862408115177049,-0.433427109138366,-0.7519865126809481,-0.3938763200902544,-0.5450005031359081,-2.9117636315494635,4.921431591770853,-7.833195223320317,0.0,0.0,False,7,RP,RP 7
Kaleb Ort,LAA,1.26353,1.36126,0.0,4.64122,22.7048,0.0,0.0301624,1.6699,0.0,23.5326,101.695,21.2754,13.1908,12.1356,3.72596,11.1991,0.597371,0.740469,23.7462,9.0817,4.28308,2.12037,1.42499,0.233505,0.110125,0.1233799830079078,0.237038,1.37998,0.281769,0.707446,,,4.69738,-0.0773434,-0.0495048,999.0,1.46403,-0.217501,1.01045,1.46403,0.217501,3.65273,93.80000000000004,3.908333333333335,88,3.6666666666666665,,,,,,,,,,,,,,,,,,,Kaleb Ort,20061,672391,RP,1.26353,1.7000624,-1.3106849717371007,-2.127307232706302,-0.6208211520285708,-0.4012678909088352,-0.6871172918818784,-0.32975770745874433,-0.28051483134560684,-2.4547087359898527,4.921431591770853,-7.376140327760705,0.0,0.0,False,7,RP,RP 7
Ryan Loutos,SEA,0.895259,0.742088,0.0,4.60425,16.0032,0.0,0.0,0.979903,0.352649,16.439,71.5945,15.9894,9.14124,8.40994,2.13177,6.94694,0.270083,0.820493,13.3832,7.32699,3.8033,1.92648,1.1671,0.18693,0.0970319,0.0898985117673873,0.250512,1.39524,0.286836,0.69142,,,4.61022,-0.0811459,-0.141349,999.0,1.47691,-1.40359,1.17393,1.47691,1.40359,3.43477,58.20000000000001,3.6375000000000006,60,3.75,,,,,,,,,,,,,,,,,,,Ryan Loutos,29521,702795,RP,0.895259,0.979903,-0.8480565638470142,-1.7369186907719043,-0.6748841849408297,-0.49439189669998496,-0.9159648612914985,-0.21336415257656952,-0.2290367118166899,-2.7027097467616508,4.921431591770853,-7.624141338532503,0.0,0.0,False,7,RP,RP 7
Connor Brogdon,CLE,2.50281,2.544,0.0,4.67044,44.3922,0.0,0.0,4.8906,1.33838,47.2773,203.065,45.0564,26.6674,24.534,7.87059,18.668,1.45677,1.76335,46.0487,8.76613,3.55375,2.46673,1.49829,0.226769,0.0919311,0.1348377913236618,0.246704,1.34789,0.288903,0.703095,,,4.64779,-0.0816237,-0.317712,999.0,2.17388,-1.20686,0.587625,2.17388,1.20686,4.2165,181.4,3.859574468085106,180,3.8297872340425534,,,,,,,,,,,,,,,,,,,Connor Brogdon,21205,641401,RP,2.50281,4.8906,-2.7866046732747938,-2.7564943449863426,-0.4388919872898208,0.011301384642218016,-0.19460808443634636,-0.7010871326578657,-0.36348183957672664,-1.755555700673853,4.921431591770853,-6.676987292444705,0.0,0.0,False,7,RP,RP 7
Anthony Molina,ATL,0.993376,0.341754,0.0,5.22323,9.8551,0.048003,0.0,0.202,0.0763424,16.8162,73.7477,18.667,10.6081,9.75945,2.4618,5.48675,0.22623,0.658772,12.776,6.83766,2.93649,2.32851,1.31755,0.173239,0.0743989,0.0988397747278213,0.27613,1.43633,0.309469,0.65415,,,4.61514,-0.0820235,-0.195983,999.0,3.03003,-1.25108,1.10942,3.03003,1.25108,3.52077,59.80000000000002,3.5176470588235307,67,3.941176470588235,,,,,,,,,,,,,,,,,,,Anthony Molina,26952,683627,RP,0.993376,0.202,-2.024055861729067,-2.4678987547757503,-0.6604803828487505,-0.5949827429445148,-0.9293737432895223,-0.509236036976617,-0.3254265262348824,-3.330523107492806,4.921431591770853,-8.25195469926366,0.0,0.0,False,7,RP,RP 7
Bobby Miller,LAD,0.978112,1.05597,0.00645553,4.80471,16.4034,0.398987,0.0,0.670221,0.0,20.9027,91.9311,20.2714,12.1294,11.159,2.96606,9.62559,0.907698,1.20735,19.6791,8.47318,4.14446,2.04446,1.27709,0.214064,0.104704,0.1093592941761016,0.249961,1.43029,0.296056,0.690151,,,4.65166,-0.0830219,-0.104055,999.0,2.30462,-0.905793,1.04757,2.30462,0.905793,3.60324,77.5,3.6904761904761902,77,3.6666666666666665,,,,,,,,,,,,,,,,,,,Bobby Miller,27483,676272,RP,0.98456753,0.670221,-1.5438299226914616,-2.941266184658309,-0.6617734865781146,-0.5344369594477807,-0.7769316264901837,-0.3884150859975382,-0.3878465578675871,-2.973675378402564,4.921431591770853,-7.895106970173417,1.49,0.0,False,7,RP,RP 7
Jack Neely,CHC,0.471851,0.593253,0.0,4.61305,13.5176,0.0,0.0,0.950268,0.0,14.1261,63.0251,12.7997,7.87011,7.24051,1.98882,8.38223,0.251565,0.736062,13.9017,8.85699,5.34047,1.65847,1.26711,0.220574,0.132998,0.087575227022171,0.237442,1.49949,0.284376,0.723564,,,4.93366,-0.0841272,-0.0695348,999.0,1.68131,-1.2204,1.19024,1.68131,1.2204,3.41302,50.20000000000003,3.585714285714288,49,3.5,,,,,,,,,,,,,,,,,,,Jack Neely,30106,680891,RP,0.471851,0.950268,-0.7425526055453056,-2.9651804801820685,-0.7370414567306631,-0.4982240065240333,-0.9045147537223691,-0.1868202124478558,-0.3909999879281159,-2.9234479370580684,4.921431591770853,-7.844879528828921,0.0,0.0,False,7,RP,RP 7
Ken Waldichuk,WSN,0.649179,1.2237,0.129574,4.60733,13.2239,0.46568,0.0,0.974096,0.0,16.2232,72.2997,15.4821,9.02727,8.30509,2.38435,8.57573,0.192498,1.03221,15.7793,8.75373,4.75747,1.84,1.32274,0.218249,0.118614,0.0996351614594459,0.246956,1.48292,0.294146,0.725422,,,4.87719,-0.0851019,-0.055496,999.0,4.04892,-2.19686,1.14621,4.04892,2.19686,3.47172,60.80000000000001,3.8000000000000007,60,3.75,,,,,,,,,,,,,,,,,,,Ken Waldichuk,27681,686610,RP,0.7787529999999999,0.974096,-0.8424738213153395,-3.1367002607294143,-0.691987534681851,-0.4951428014325056,-0.8630514519445536,-0.21195957983920335,-0.41361723924609545,-3.0805574654030674,4.921431591770853,-8.00198905717392,0.0,0.0,False,7,RP,RP 7
Alexis Díaz,TEX,1.76977,1.75819,0.0,4.77484,33.7343,0.0,1.7394,2.41908,0.341134,34.869,153.176,30.1646,20.1079,18.4993,4.97796,18.171,0.642202,3.37165,34.431,8.88695,4.69011,1.89483,1.28486,0.224781,0.118629,0.1061519086360931,0.229156,1.38621,0.273101,0.682381,,,4.86962,-0.086437,-0.23031,743.5800170898438,1.82449,1.46264,0.821964,1.82449,-1.46264,3.90405,142.5,4.071428571428571,133,3.8,,,,,,,,,,,,,,,,,,,Alexis Diaz,21132,664747,RP,1.76977,4.15848,-2.4596799783917187,-3.369201701351996,-0.5465039514303648,-0.08336924955323453,-0.4511633683435298,-0.6188355312273457,-0.4442757644469348,-2.2495721198483305,4.921431591770853,-7.171003711619184,0.0,0.0,False,7,RP,RP 7
Miguel Castro,,1.20714,1.04402,0.0,4.79131,17.5868,0.0,0.0811599,0.749389,0.577362,17.8693,77.6011,16.1972,10.3403,9.51304,2.38842,7.9092,0.211474,1.49507,14.6111,7.359,3.98353,1.84736,1.20295,0.188285,0.101921,0.086363598704338,0.237507,1.34904,0.269717,0.663025,,,4.81624,-0.0878057,-0.0624767,999.0,0.826711,-2.24018,1.13497,0.826711,2.24018,3.48671,74.00000000000003,4.1111111111111125,71,3.9444444444444446,,,,,,,,,,,,,,,,,,,Miguel Castro,15684,612434,RP,1.20714,0.8305488999999999,-1.2932234852698732,-1.0624910517069424,-0.6290993341985551,-0.5137049155584932,-0.8888489749190125,-0.3253645390998949,-0.14010411547213436,-2.606610003070885,4.921431591770853,-7.5280415948417385,0.0,0.0,False,7,RP,RP 7
Mike Vasil,CHW,3.22687,3.95579,0.132229,4.34372,56.8938,0.819386,0.748222,8.86503,2.36424,71.6313,312.327,68.7999,37.5781,34.5718,8.57573,30.767,2.11815,4.31337,58.0194,7.28976,3.86568,1.88577,1.07748,0.185765,0.0985089,0.0872559323906898,0.248154,1.38999,0.285894,0.707951,,,4.54076,-0.0887366,0.0207125,999.0,2.46481,-0.0673462,0.419476,2.46481,0.0673462,4.4407,294.70000000000005,4.093055555555556,295,4.097222222222222,,,,,,,,,,,,,,,,,,,Mike Vasil,30105,678024,RP,3.359099,9.613252000000001,-1.6216484713117922,-7.192539781756155,-0.3131867854427971,0.621988785511505,0.0697425475362232,-0.40799360161658677,-0.9484356809425867,-0.939681357190208,4.921431591770853,-5.861112948961061,0.0,0.0,False,7,RP,RP 7
Kyle Keller,BOS,0.833436,0.883386,0.0,5.04426,19.72,0.0,0.0,0.975776,0.0,20.4887,90.3085,19.5554,12.4819,11.4834,3.20979,10.2004,0.471091,0.930581,20.1955,8.87119,4.48067,1.97988,1.40995,0.223628,0.11295,0.1106775626540184,0.246982,1.4523,0.293078,0.683786,,,4.83017,-0.0895292,-0.124214,999.0,2.25821,-0.307347,1.02844,2.25821,0.307347,3.62875,70.1,3.505,72,3.6,,,,,,,,,,,,,,,,,,,Kyle Keller,18890,664918,RP,0.833436,0.975776,-2.058668498186767,-3.3339626997760368,-0.6839599440522846,-0.494925560180459,-0.7655278935129445,-0.5179442955540134,-0.4396290155279776,-3.1243925385225624,4.921431591770853,-8.045824130293415,0.0,0.0,False,7,RP,RP 7
Zach Maxwell,CIN,1.37137,1.88116,0.0,4.60674,35.1559,0.0,0.0,1.56421,0.0,37.3027,163.888,34.924,20.7541,19.0938,5.66423,19.3793,0.427038,1.03402,37.2547,8.98844,4.67563,1.9224,1.36661,0.227318,0.118247,0.1090713366866111,0.243416,1.45575,0.29098,0.723458,,,4.7534,-0.0910138,-0.0477588,999.0,1.53141,1.03809,0.752863,1.53141,-1.03809,3.99618,131.0,3.5405405405405403,129,3.4864864864864864,,,,,,,,,,,,,,,,,,,Zach Maxwell,31610,687209,RP,1.37137,1.56421,-1.9346863523460054,-6.198448532651446,-0.6049899910920378,-0.4188350013073686,-0.3888072087621398,-0.48675139332360173,-0.8173510238712169,-2.78284008725915,4.921431591770853,-7.704271679030002,0.0,0.0,False,7,RP,RP 7
Ky Bush,CHW,1.12461,1.59166,0.0393833,4.99884,6.77225,2.20935,0.0,0.0132005,0.0,16.1041,72.7711,15.9304,9.72245,8.94466,2.44354,9.32702,0.224123,0.650759,11.4559,6.40231,5.21253,1.22825,1.36561,0.157424,0.128169,0.0292550027370452,0.253695,1.56838,0.275839,0.711423,,,5.54368,-0.0946078,-0.0568364,999.0,3.24833,-0.878191,1.09237,3.24833,0.878191,3.54351,44.20000000000001,2.7625000000000006,46,2.875,,,,,,,,,,,,,,,,,,,Ky Bush,29823,681066,SP,1.1639933,0.0132005,-1.5368294115121772,-4.489879352397336,-0.6354333693578682,-0.6193964570908082,-0.9585256950773868,-0.3866538141684574,-0.5920525864510817,-3.5263684577727137,4.8385671445016785,-8.364935602274393,0.0,0.0,False,7,SP,SP 7
Paul Gervase,LAD,1.20185,1.19409,0.0,4.5806,20.8574,0.0,0.0,0.852772,0.513201,22.7423,98.3756,20.3773,12.5814,11.5749,3.49157,10.7803,0.276926,1.03777,23.0138,9.10744,4.26616,2.13481,1.38174,0.233938,0.109583,0.1243556290864944,0.23542,1.37003,0.281185,0.707144,,,4.66606,-0.0948306,-0.0996995,999.0,1.07338,-1.03841,1.03763,1.07338,1.03841,3.61649,95.3,4.143478260869566,90,3.9130434782608696,,,,,,,,,,,,,,,,,,,Paul Gervase,31571,801434,RP,1.20185,0.852772,-1.1135202524471026,-1.8295630609612428,-0.6298759184099262,-0.5108312405178046,-0.70329098288213,-0.2801526633582937,-0.24125315120975338,-2.4702307606085636,4.921431591770853,-7.3916623523794165,0.0,0.0,False,7,RP,RP 7
Brandan Bidois,PIT,2.0846,2.69152,0.0,4.59662,36.1598,0.0,0.0,1.8988,0.0,38.1005,167.614,36.5201,21.1514,19.4593,5.0335,18.5263,0.989382,1.69458,35.3086,8.3405,4.37624,1.90586,1.189,0.210655,0.11053,0.1001245528459549,0.247774,1.44477,0.294129,0.706153,,,4.59131,-0.0970289,-0.0542577,999.0,1.19188,0.997696,0.711951,1.19188,-0.997696,4.05073,138.5,3.6447368421052633,140,3.6842105263157894,,,,,,,,,,,,,,,,,,,Brandan Bidois,sa3015277,684049,RP,2.0846,1.8988,-1.9332010974422456,-5.912720847238576,-0.5002861806806548,-0.37556907837744397,-0.43178320556114225,-0.48637771523724466,-0.7796738833754383,-2.6052724703033023,4.921431591770853,-7.526704062074155,0.0,0.0,False,7,RP,RP 7
Steven Wilson,TBR,1.6959,2.44448,0.0,4.63781,43.6602,0.0,0.317306,5.60922,1.97245,44.1217,189.805,39.9525,24.7135,22.7365,7.1978,19.1853,1.49579,2.27285,42.2875,8.62584,3.91344,2.20416,1.46822,0.222794,0.101079,0.1217154040932655,0.237323,1.34033,0.27557,0.701664,,,4.79806,-0.0986682,-0.204074,999.0,1.7692,-1.49949,0.723622,1.7692,1.49949,4.03517,180.5,4.1022727272727275,174,3.9545454545454546,,,,,,,,,,,,,,,,,,,Steven Wilson,20353,621051,RP,1.6959,5.926526,-2.4406698153834627,-2.2392960046615227,-0.5573482379509667,0.14525725444437937,-0.27766718682594993,-0.6140527284126378,-0.29528209720858967,-1.6491332732373098,4.921431591770853,-6.570564865008163,0.0,0.0,False,7,RP,RP 7
Vinny Nittoli,BOS,0.615308,0.591928,0.0,5.29209,9.72908,0.0,0.0,0.0,0.0,12.582,54.7404,12.4988,8.04168,7.39835,2.43765,4.95928,0.190704,0.668672,11.8528,8.47837,3.5474,2.39002,1.74367,0.216527,0.0905963,0.1259307339787483,0.254493,1.38754,0.288931,0.670427,,,5.11159,-0.098671,-0.100017,999.0,0.870324,-0.468487,1.20351,0.870324,0.468487,3.39533,46.39999999999999,3.5692307692307685,45,3.4615384615384617,,,,,,,,,,,,,,,,,,,Vinny Nittoli,16754,657697,RP,0.615308,0.0,-1.6106732925556964,-1.2325724318566857,-0.7159816379762841,-0.6211034172977374,-0.9497608972101015,-0.4052323356651175,-0.16253169383703153,-2.9968143330010073,4.921431591770853,-7.91824592477186,0.0,0.0,False,7,RP,RP 7
Joey Estes,ATH,1.59185,2.15056,0.471388,5.0064,22.1197,1.08219,0.0,0.751711,0.0,30.5658,130.573,31.2947,18.4812,17.0027,5.77893,8.46461,0.687901,1.86724,23.6899,6.97544,2.49238,2.7987,1.70159,0.181431,0.0648268,0.1166040450334549,0.260266,1.30078,0.281096,0.671894,,,5.05696,-0.0993567,-0.122646,999.0,1.86055,-0.347077,0.949424,1.86055,0.347077,3.7341,96.99999999999996,3.129032258064515,99,3.193548387096774,,,,,,,,,,,,,,,,,,,Joey Estes,26257,683155,RP,2.063238,0.751711,-2.942537171800902,-0.3422364642858969,-0.5034221715924335,-0.5238994656208296,-0.6883605726073211,-0.7403184844632769,-0.045128603232991935,-2.6332306246112998,4.921431591770853,-7.554662216382153,0.0,0.0,False,7,RP,RP 7
Troy Taylor,SEA,1.17407,1.59358,0.0,4.48883,24.5912,0.0,0.00340245,1.50331,0.262413,24.4652,107.226,22.8621,13.2633,12.2022,3.24018,11.5415,0.226507,1.62901,21.7981,8.01883,4.24577,1.88866,1.19196,0.20329,0.107637,0.0956529825925827,0.243069,1.40623,0.284303,0.707806,,,4.68991,-0.10033,-0.157642,999.0,2.42946,-1.34782,1.02874,2.42946,1.34782,3.62834,90.90000000000002,3.787500000000001,91,3.7916666666666665,,,,,,,,,,,,,,,,,,,Troy Taylor,31883,700187,RP,1.17407,1.50671245,-0.9482921806575786,-2.8537440346415694,-0.6339540865369374,-0.4262700249690426,-0.7301374549588717,-0.23858262071949626,-0.37630555392913995,-2.621182520818461,4.921431591770853,-7.542614112589314,0.0,0.0,False,7,RP,RP 7
Marc Church,TEX,1.01909,1.35899,0.0,4.70814,23.0392,0.0,0.0139506,2.27325,2.19657,24.4697,108.385,23.1718,13.9139,12.8008,3.23156,13.1528,0.237941,0.853228,22.2553,8.18553,4.83762,1.69206,1.18857,0.205336,0.121353,0.083983264863491,0.245519,1.48447,0.289442,0.70473,,,4.7501,-0.107563,-0.187406,999.0,2.66718,-2.87731,0.976865,2.66718,2.87731,3.69751,90.90000000000002,3.787500000000001,91,3.7916666666666665,,,,,,,,,,,,,,,,,,,Marc Church,26353,687847,RP,1.01909,2.2872006,-1.5448221961413278,-4.768940920346816,-0.6567055082908683,-0.3253448922824127,-0.7200410438101621,-0.38866473394884293,-0.6288507073171504,-2.9566393789760355,4.921431591770853,-7.878070970746888,0.0,0.0,False,7,RP,RP 7
Bradley Blalock,MIA,0.467746,1.13459,0.160648,5.12517,12.4771,0.616903,0.0,0.546807,0.0,16.579,74.3289,18.1783,10.2621,9.44113,2.49915,7.2532,0.35996,0.652572,11.5352,6.26197,3.93744,1.59037,1.35668,0.155192,0.0975824,0.0576093792915344,0.273674,1.53396,0.299284,0.691635,,,5.1338,-0.107864,-0.0360779,999.0,2.43428,-1.37535,1.13425,2.43428,1.37535,3.48767,58.40000000000002,3.43529411764706,63,3.7058823529411766,,,,,,,,,,,,,,,,,,,Bradley Blalock,26419,687134,RP,0.628394,0.546807,-1.8148470455635746,-4.051537357157209,-0.7140605829687221,-0.550395656995447,-0.9567745021550494,-0.45660079579623025,-0.5342511419883313,-3.471460713105096,4.921431591770853,-8.392892304875948,0.0,0.0,False,7,RP,RP 7
Ty Adcock,SDP,0.758778,1.3986,0.0,4.46212,21.318,0.0,0.0,0.984677,0.0,22.9585,98.0321,21.6586,12.3724,11.3826,3.83648,8.73805,0.368252,0.826321,20.989,8.22795,3.42542,2.40203,1.50395,0.214104,0.0891345,0.1249690353870391,0.244819,1.32398,0.280036,0.720233,,,4.72885,-0.111049,0.00189882,999.0,1.43232,-0.619344,1.12188,1.43232,0.619344,3.50415,79.8,3.4695652173913043,79,3.4347826086956523,,,,,,,,,,,,,,,,,,,Ty Adcock,25651,686654,RP,0.758778,0.984677,-0.8217689963551088,-0.7898056586219829,-0.6949199107918961,-0.49377456947541926,-0.7480049227200726,-0.2067504138233823,-0.1041467813007433,-2.3831401978063793,4.921431591770853,-7.304571789577232,0.0,0.0,False,7,RP,RP 7
Carlos Vargas,SEA,2.71181,2.80089,0.0,4.09706,51.4451,0.0,0.155953,10.2788,2.714,53.7273,231.861,53.0426,26.585,24.4582,6.11548,19.4728,1.51892,2.99954,42.3321,7.09116,3.26193,2.17391,1.02442,0.182575,0.0839845,0.0985904335975647,0.253321,1.34969,0.291579,0.718181,,,4.29384,-0.115642,-0.108309,999.0,1.73345,-0.996792,0.70009,1.73345,0.996792,4.06655,246.0,4.555555555555555,250,4.62962962962963,,,,,,,,,,,,,,,,,,,Carlos Vargas,22915,672841,RP,2.71181,10.434753,0.25617313335497394,-3.2296971891665773,-0.4082103048367846,0.7282173008671823,-0.27668227882675395,0.06445108244103989,-0.42588016831206915,-0.31257206326861775,4.921431591770853,-5.234003655039471,0.0,0.0,False,7,RP,RP 7
Ryan Zeferjahn,LAA,3.08297,3.29675,0.0,4.4012,56.3197,0.0263491,0.794915,13.0166,2.58913,58.5441,256.264,50.7225,31.1189,28.6294,8.35887,30.9976,1.92133,4.18007,64.2885,9.88308,4.76528,2.07398,1.28501,0.250868,0.12096,0.1299084648489952,0.229425,1.39587,0.285395,0.722692,,,4.59765,-0.118311,-0.0243656,999.0,2.68152,-1.07882,0.399508,2.68152,1.07882,4.46732,285.6,4.840677966101695,271,4.593220338983051,,,,,,,,,,,,,,,,,,,Ryan Zeferjahn,25420,666171,RP,3.08297,13.811515,-1.6993154404474697,-6.222743648057633,-0.3537231600555935,1.164867303690633,0.2081839542124607,-0.42753398106681156,-0.8205546702913997,-0.28120133519058466,4.921431591770853,-5.202632926961438,0.0,0.0,False,7,RP,RP 7
Ryan Rolison,CHC,0.683653,0.836344,0.0,4.65437,21.2439,0.488511,0.0,1.04675,0.0,24.7034,107.642,25.5113,13.8863,12.7754,3.5416,9.53246,0.423207,0.711373,18.3526,6.68628,3.47289,1.92528,1.29028,0.170497,0.0885571,0.0819398984313011,0.261928,1.41858,0.290975,0.703243,,,4.75706,-0.128501,-0.0950968,999.0,2.02689,-2.48685,1.06744,2.02689,2.48685,3.57675,75.20000000000002,3.008000000000001,80,3.2,,,,,,,,,,,,,,,,,,,Ryan Rolison,22200,669020,RP,0.683653,1.04675,-1.411921000263902,-3.1867258513057135,-0.7059484342095245,-0.48574789314310435,-0.8062249103676187,-0.35522787107478226,-0.4202138040900097,-2.9522232302763984,4.921431591770853,-7.873654822047252,0.0,0.0,False,7,RP,RP 7
Hunter Strickland,LAA,0.913966,1.20774,0.0,4.83627,19.9522,0.0,0.00702717,1.02716,1.03783,21.0589,92.1072,20.8487,12.3003,11.3163,3.1789,9.07017,0.713575,0.90678,16.7072,7.14021,3.87634,1.842,1.35858,0.181389,0.0984741,0.0829149633646011,0.25385,1.42072,0.28388,0.691781,,,4.9321,-0.130039,-0.104263,999.0,2.09995,0.462003,1.07602,2.09995,-0.462003,3.56531,71.9,3.423809523809524,74,3.5238095238095237,,,,,,,,,,,,,,,,,,,Hunter Strickland,7836,519326,RP,0.913966,1.03418717,-1.6292784601495123,-2.761713639582478,-0.6721379541578204,-0.4873723960707524,-0.842560507270696,-0.40991324491861364,-0.36417007563443765,-2.9813864414935995,4.921431591770853,-7.902818033264452,0.0,0.0,False,7,RP,RP 7
Eli Morgan,KCR,1.09676,1.17585,0.0,4.77893,22.6963,0.0,0.0,1.15456,1.57713,24.6841,106.31,24.7682,14.2468,13.107,4.06218,8.78105,1.09691,0.930042,20.7609,7.5696,3.20164,2.36429,1.4811,0.195287,0.0825987,0.1126882061362266,0.256403,1.35915,0.288482,0.692784,,,4.77262,-0.132992,-0.0951649,999.0,0.781382,0.756522,1.03428,0.781382,-0.756522,3.62097,86.80000000000001,3.4720000000000004,89,3.56,,,,,,,,,,,,,,,,,,,Eli Morgan,20203,669212,RP,1.09676,1.15456,-1.7523989338558308,-1.7171047637254557,-0.6453033729983931,-0.47180695303408987,-0.7530420867249297,-0.4408893574293275,-0.2264239719555755,-2.6057530812034355,4.921431591770853,-7.527184672974288,0.0,0.0,False,7,RP,RP 7
Andry Lara,WSN,0.544747,0.18849,0.0,5.00698,23.2412,0.0,0.0,0.890212,0.0,34.303,152.041,36.0048,20.7433,19.0839,4.41353,14.6038,0.504096,1.61049,26.8943,7.05618,3.83157,1.84159,1.15797,0.176888,0.0960519,0.0808363035321235,0.265079,1.47534,0.302255,0.672193,,,4.65775,-0.135089,-0.304836,999.0,5.59386,-1.72289,0.854561,5.59386,1.72289,3.86059,115.80000000000004,3.4058823529411777,125,3.676470588235294,,,,,,,,,,,,,,,,,,,Andry Lara,27967,691251,RP,0.544747,0.890212,-3.3046380308804704,-6.372104521537121,-0.7263401556584309,-0.5059898640436231,-0.6175973620103717,-0.8314201234793004,-0.8402499637542202,-3.9650626119488064,4.921431591770853,-8.886494203719659,0.0,0.0,False,7,RP,RP 7
Luis Guerrero,TBR,0.665758,1.05968,0.0,4.68471,18.6867,0.0,0.0,1.25658,0.0,20.6467,91.4539,18.9178,11.6816,10.7471,2.69547,11.3965,0.368616,1.05769,18.0821,7.88207,4.96778,1.58664,1.17497,0.197718,0.124614,0.0731036141514778,0.239467,1.46824,0.278628,0.702043,,,4.89035,-0.135399,-0.104219,999.0,1.45552,0.291401,1.08281,1.45552,-0.291401,3.55626,73.1,3.480952380952381,70,3.3333333333333335,,,,,,,,,,,,,,,,,,,Luis Guerrero,31184,692285,RP,0.665758,1.25658,-1.2496890418383186,-3.6887089089823157,-0.7085754615181229,-0.4586147193830216,-0.8121983994658819,-0.314411626255815,-0.48640720135654575,-2.930422804658347,4.921431591770853,-7.8518543964292,0.0,0.0,False,7,RP,RP 7
Thomas Hatch,ARI,0.588154,0.381302,0.0,5.66436,4.59687,0.19157,0.00065502,0.439916,0.0,10.9385,49.8346,12.4606,7.48306,6.88442,1.76973,4.98826,0.365004,0.554694,7.65934,6.30195,4.10424,1.53547,1.4561,0.153695,0.100096,0.0535988360643386,0.281331,1.59518,0.306657,0.665663,,,5.35817,-0.138131,-0.111178,999.0,1.52198,-2.57114,1.18985,1.52198,2.57114,3.41353,23.600000000000005,2.145454545454546,27,2.4545454545454546,,,,,,,,,,,,,,,,,,,Thomas Hatch,19264,641672,RP,0.588154,0.44057102,-1.8527476375473302,-3.3427787303977414,-0.7199679078582445,-0.5641330601547316,-1.042365657261869,-0.4661362773142097,-0.4407915308924551,-3.4424710162586445,4.921431591770853,-8.363902608029498,0.0,0.0,False,7,RP,RP 7
Alexander Alberto,CHW,0.521479,1.44166,0.0,5.18959,19.6766,0.0,0.0,1.43133,0.0,20.446,92.9319,21.0232,12.8148,11.7896,2.64866,11.0163,0.549737,1.39456,15.6118,6.87207,4.84921,1.41715,1.1659,0.167992,0.118542,0.0494499951601028,0.26109,1.56703,0.295124,0.678568,,,5.11311,-0.160374,-0.257457,999.0,1.23409,1.43587,1.03178,1.23409,-1.43587,3.6243,56.49999999999999,2.8249999999999997,61,3.05,,,,,,,,,,,,,,,,,,,Alexander Alberto,sa3015986,693739,RP,0.521479,1.43133,-2.384510351263217,-5.672727806528517,-0.7297559517699966,-0.43601774986210245,-0.8667503777262877,-0.5999234627693002,-0.7480274872630832,-3.512108487637782,4.921431591770853,-8.433540079408635,0.0,0.0,False,7,RP,RP 7
Antonio Senzatela,COL,2.49715,4.68276,1.2173,5.49128,38.9897,5.46871,0.0,3.19265,0.0,72.9356,328.382,88.6041,48.3708,44.5011,12.0659,24.4801,1.02419,3.05523,45.6801,5.63677,3.02076,1.86601,1.48888,0.139107,0.0745477,0.0645588934421539,0.294516,1.55047,0.314842,0.672753,,,5.16572,-0.162044,-0.0555847,999.0,3.50165,0.944511,0.740542,3.50165,-0.944511,4.01261,184.2,2.523287671232877,232,3.1780821917808217,,,,,,,,,,,,,,,,,,,Antonio Senzatela,15488,622608,RP,3.7144500000000003,3.19265,-10.950974959189747,-19.027839342944432,-0.26102043835490774,-0.20826098673428944,-0.20274792947006098,-2.755176472493242,-2.509083343531441,-5.983106825186102,4.921431591770853,-10.904538416956955,0.0,0.0,False,7,RP,RP 7
Orlando Ribalta,WSN,1.16154,1.3127,0.0,4.91679,36.7618,0.0,0.0,2.74428,0.0,38.3534,170.815,37.6641,22.7748,20.9528,5.74724,19.478,0.639707,2.06477,35.1836,8.25618,4.57071,1.80632,1.34865,0.205974,0.11403,0.0919447392225265,0.252318,1.48989,0.294595,0.700002,,,4.93355,-0.170304,-0.295217,999.0,2.46647,-2.09423,0.709559,2.46647,2.09423,4.05392,127.59999999999998,3.3578947368421046,131,3.4473684210526314,,,,,,,,,,,,,,,,,,,Orlando Ribalta,26247,687377,RP,1.16154,2.74428,-3.3103679676288125,-7.682285823873176,-0.6357935194610357,-0.2662398320796086,-0.43454359793557074,-0.8328617290876357,-1.0130154587454676,-3.325919585179062,4.921431591770853,-8.247351176949914,0.0,0.0,False,7,RP,RP 7
Yilber Díaz,ARI,0.730379,1.37914,0.122797,4.57261,19.2733,0.538232,0.446841,1.81594,0.208017,24.0751,109.889,22.9777,13.2954,12.2318,2.95729,15.842,0.379329,1.01068,22.7971,8.52228,5.92223,1.43903,1.10553,0.207457,0.144164,0.0632926225662231,0.246976,1.61244,0.297561,0.736005,,,4.93819,-0.174855,0.0324902,999.0,6.99696,-2.73052,0.982775,6.99696,2.73052,3.68963,83.90000000000002,3.495833333333334,84,3.5,,,,,,,,,,,,,,,,,,,Yilber Diaz,29271,700270,RP,0.853176,2.262781,-1.1573368383887832,-7.7729095649493685,-0.6810620664847107,-0.32850259732912535,-0.7080763991024391,-0.29117656096936345,-1.0249654502902035,-3.6577206367381807,4.921431591770853,-8.579152228509034,0.0,0.0,False,7,RP,RP 7
Roddery Muñoz,HOU,2.37927,2.83432,0.0104683,4.76449,41.5982,0.727407,0.0,6.57742,0.0,50.0367,218.567,46.4436,28.7922,26.4889,7.93657,24.3275,0.742855,2.18871,49.718,8.94266,4.37573,2.0437,1.42753,0.227473,0.111305,0.1161682158708572,0.24183,1.41438,0.286519,0.703636,,,4.79967,-0.185901,-0.293512,999.0,1.54088,-3.3493,0.481099,1.54088,3.3493,4.35853,202.00000000000003,4.040000000000001,196,3.92,,,,,,,,,,,,,,,,,,,Roddery Munoz,25311,682610,RP,2.3897383,6.57742,-3.472190167908258,-6.244724659440757,-0.4554911738631461,0.22942453272391672,-0.11357842252042237,-0.8735748820807281,-0.8234531701442389,-2.034159822196319,4.921431591770853,-6.955591413967172,0.0,0.0,False,7,RP,RP 7
Lucas Sims,CHW,0.247688,1.12144,0.0,5.43847,14.3511,0.0,0.0185886,1.43955,0.866592,14.2311,65.1098,12.9167,9.34728,8.5995,2.20214,8.94625,0.210318,1.8343,13.4608,8.51286,5.65776,1.50463,1.39267,0.20674,0.137403,0.0693378895521164,0.237748,1.53628,0.277103,0.666437,,,5.52763,-0.192458,-0.170212,999.0,1.16867,0.356403,1.14744,1.16867,-0.356403,3.47008,42.20000000000003,3.0142857142857165,41,2.9285714285714284,,,,,,,,,,,,,,,,,,,Lucas Sims,13470,608371,RP,0.247688,1.4581386,-2.053242966832729,-3.5107944799710458,-0.7699491025857825,-0.4325511225825688,-0.9142512097054534,-0.5165792758737451,-0.46294672734473363,-3.255998029461653,4.921431591770853,-8.177429621232505,0.0,0.0,False,7,RP,RP 7
Jayvien Sandridge,LAA,0.703404,1.10026,0.0,4.69962,18.7018,0.0,0.0,1.03071,0.0,18.9071,86.3269,16.963,10.7314,9.8729,3.00186,11.5083,0.370928,2.83606,20.4807,9.74908,5.47811,1.77964,1.42893,0.237246,0.133311,0.103935033082962,0.235654,1.50586,0.287858,0.730979,,,5.30871,-0.195814,-0.110865,999.0,1.45044,-0.695592,1.06356,1.45044,0.695592,3.58193,58.499999999999986,3.078947368421052,55,2.8947368421052633,,,,,,,,,,,,,,,,,,,Jayvien Sandridge,25158,682144,RP,0.703404,1.03071,-1.1756990561659386,-4.08906393724031,-0.7030489418165583,-0.4878220298590732,-0.7592297822714486,-0.29579634601963983,-0.5391995397191078,-2.9443496323304763,4.921431591770853,-7.86578122410133,0.0,0.0,False,7,RP,RP 7
Cole Henry,WSN,2.15382,3.09448,0.0,4.71851,62.4928,0.0,12.2656,12.1133,1.43992,62.574,277.969,57.6112,35.6589,32.8062,8.6517,32.8244,0.871889,5.57853,59.146,8.50696,4.72112,1.80189,1.24437,0.212779,0.118087,0.094692662358284,0.240481,1.44526,0.285032,0.699367,,,4.88329,-0.198643,-0.275491,732.8800048828125,3.64911,-1.38163,1.16249,3.64911,1.38163,3.45001,313.70000000000005,4.97936507936508,307,4.873015873015873,,,,,,,,,,,,,,,,,,,Cole Henry,27570,669371,RP,2.15382,24.3789,-4.022375306658734,-9.741361359958692,-0.49012452489405584,2.531338701463556,0.09462141192847243,-1.0119970002437029,-1.2845329987850804,-0.27713517610576405,4.921431591770853,-5.198566767876617,0.0,0.0,False,7,RP,RP 7
Rico Garcia,BAL,1.62139,2.25195,0.0,4.41693,48.8792,0.0391162,0.176788,12.4319,0.907362,52.3552,227.37,49.1459,27.9287,25.6944,8.69362,23.9827,1.23666,1.88803,52.5336,9.03065,4.12268,2.19048,1.49446,0.231048,0.105479,0.1255699247121811,0.2439,1.39678,0.288383,0.741499,,,4.7694,-0.206138,-0.165623,999.0,3.95669,-2.38945,0.611925,3.95669,2.38945,4.1841,222.7,4.282692307692308,219,4.211538461538462,,,,,,,,,,,,,,,,,,,Rico Garcia,20023,670329,RP,1.62139,12.608688,-1.6111881454786243,-5.612331216685998,-0.5682864779489366,1.009329420669525,-0.051401136364895475,-0.40536186848437167,-0.7400633629687421,-0.9552969424248371,4.921431591770853,-5.87672853419569,0.0,0.0,False,7,RP,RP 7
Wikelman González,CHW,2.05214,2.40378,0.0,4.57635,42.3131,0.0,0.0239834,3.15077,0.314907,47.447,213.279,42.7961,26.2239,24.126,5.50818,29.684,0.781697,2.72862,46.6482,8.84848,5.63063,1.57149,1.04482,0.218718,0.139179,0.0795393884181976,0.236617,1.5276,0.289704,0.714176,,,4.7274,-0.226107,-0.146437,999.0,3.667,-0.894457,0.572561,3.667,0.894457,4.23659,169.2,3.5999999999999996,164,3.4893617021276597,,,,,,,,,,,,,,,,,,,Wikelman Gonzalez,26641,682790,RP,2.05214,3.1747534,-2.3005432571840867,-11.293352457026254,-0.5050513836109205,-0.21057520089582352,-0.18136924260858717,-0.5787980229858489,-1.4891844539911725,-3.165522217406149,4.921431591770853,-8.086953809177002,0.0,0.0,False,7,RP,RP 7
Luis Peralta,COL,0.909821,2.44136,0.0,5.37371,28.779,0.0,0.0,1.33382,1.98984,28.4608,132.09,29.8353,18.4711,16.9934,4.36732,17.4522,0.410533,1.9813,26.6733,8.43474,5.51881,1.52836,1.38105,0.201933,0.132124,0.0698092281818389,0.264834,1.66149,0.312047,0.699882,,,5.30405,-0.229119,-0.104556,999.0,8.16406,-1.98074,0.76717,8.16406,1.98074,3.97711,81.00000000000006,2.892857142857145,89,3.1785714285714284,,,,,,,,,,,,,,,,,,,Luis Peralta,24203,678821,RP,0.909821,1.33382,-3.9015299288482925,-10.584994373278244,-0.6727464497260875,-0.4486267941996408,-0.6224777357283613,-0.9815932834062827,-1.3957776600218395,-4.824947528679722,4.921431591770853,-9.746379120450575,0.0,0.0,False,7,RP,RP 7
Michael Kelly,ATH,3.83778,4.14676,0.0,4.49253,56.6758,0.0,2.92745,10.4387,2.79236,59.3439,258.828,57.877,32.1986,29.6227,8.42435,25.5112,2.04915,2.94205,51.0842,7.74735,3.86898,2.00243,1.27762,0.197368,0.0985642,0.0988033711910247,0.25123,1.40517,0.289423,0.714998,,,4.69735,-0.26279,-0.119096,999.0,2.78159,0.352413,0.537532,2.78159,-0.352413,4.28329,257.40000000000003,4.36271186440678,261,4.423728813559322,,,,,,,,,,,,,,,,,,,Michael Kelly,12791,547184,RP,3.83778,13.366150000000001,-2.324710192425372,-6.8594368007359865,-0.24291530966144861,1.1072770357038855,-0.0834084380248687,-0.5848782278659799,-0.9045114535884029,-0.7654069116573604,4.921431591770853,-5.686838503428214,0.0,0.0,False,7,RP,RP 7
Zach Agnos,COL,2.57542,3.82687,0.0,5.11961,53.5871,0.0,3.93516,7.06779,2.40007,56.0279,247.292,58.2027,34.6426,31.8712,8.94326,24.0051,0.962213,2.04305,44.0671,7.07869,3.85604,1.83574,1.43659,0.178199,0.0970718,0.0811268836259841,0.26307,1.46727,0.292804,0.682552,,,5.03192,-0.281383,-0.120351,747.3800048828125,3.30747,-0.856648,0.684907,3.30747,0.856648,4.08679,210.90000000000003,3.766071428571429,221,3.946428571428571,,,,,,,,,,,,,,,,,,,Zach Agnos,31552,688642,RP,2.57542,11.00295,-6.098558782624493,-9.955287245495406,-0.42823267167778756,0.8016910078249946,-0.23836803266968626,-1.534347922136719,-1.3127420805665815,-2.8337887536639927,4.921431591770853,-7.755220345434846,0.0,0.0,False,7,RP,RP 7
