Name,atc,depthcharts,oopsy,steamer,thebat,projection_weighted_average,projection_std
Shohei Ohtani,50.50,52.50,55.60,30.90,52.10,69.69,8.87
Elly De La Cruz,43.90,47.60,42.10,1.00,39.70,58.09,17.13
Aaron Judge,38.80,37.00,55.00,49.40,40.50,54.90,6.90
Bobby Witt Jr.,37.00,35.70,42.90,16.80,40.70,51.60,9.27
Corbin Carroll,35.90,36.70,33.80,15.20,37.50,49.06,8.40
Ronald Acuña Jr.,32.40,45.20,45.30,34.80,41.20,48.79,5.31
Juan Soto,33.40,32.70,41.80,62.20,28.90,45.67,11.97
José Ramírez,32.80,31.60,29.20,14.50,36.60,45.25,7.61
Kyle Tucker,31.20,27.20,31.00,26.20,33.40,42.95,2.69
Jazz Chisholm Jr.,28.60,25.80,21.00,1.00,28.40,37.74,10.35
Julio Rodríguez,25.60,27.50,33.00,5.20,29.30,36.32,9.77
Fernando Tatis Jr.,24.60,26.20,30.10,12.00,30.70,35.66,6.76
Gunnar Henderson,24.60,24.70,28.50,20.80,24.60,33.89,2.44
Mookie Betts,25.10,25.00,21.50,26.50,23.50,33.69,1.70
Yordan Alvarez,24.30,19.80,30.00,45.30,22.60,33.36,9.08
Francisco Lindor,24.90,22.80,19.50,5.20,24.10,32.89,7.29
Jarren Duran,21.50,18.70,20.60,1.00,24.50,29.57,8.34
Freddie Freeman,20.90,19.70,16.20,30.60,20.20,28.22,4.82
Bryce Harper,19.70,22.00,25.10,33.10,20.20,27.98,4.92
Vladimir Guerrero Jr.,19.20,17.10,26.30,32.20,20.30,27.27,5.51
Jackson Chourio,21.00,21.60,13.00,1.00,18.70,27.12,7.66
CJ Abrams,18.40,19.50,14.00,1.00,19.70,24.94,7.07
Trea Turner,17.70,19.50,14.00,1.00,20.50,24.53,7.12
Christian Yelich,17.70,20.00,15.40,22.60,16.50,24.01,2.58
Randy Arozarena,16.30,17.00,15.90,3.40,21.60,23.57,6.07
Xavier Edwards,18.60,18.90,6.00,18.10,14.80,23.50,4.87
Kyle Schwarber,16.20,13.20,22.80,13.30,17.70,22.81,3.53
Oneil Cruz,16.10,15.10,20.00,1.00,15.50,21.74,6.51
Ketel Marte,15.80,10.80,11.40,21.00,15.50,21.00,3.67
James Wood,16.20,15.50,16.20,13.20,12.10,20.90,1.68
Wyatt Langford,15.60,16.90,18.20,10.20,13.30,20.87,2.83
Victor Robles,17.40,17.50,7.60,1.00,10.60,20.82,6.24
Austin Gomber,14.80,12.30,12.60,1.00,15.00,19.68,5.19
JP Sears,14.10,11.40,11.80,1.00,16.10,19.23,5.22
Brent Rooker,13.60,13.70,17.20,1.90,15.20,19.08,5.37
Brice Turang,14.30,18.80,7.00,1.00,13.20,18.77,6.20
Rafael Devers,13.40,11.40,17.10,14.90,14.10,18.71,1.86
Michael Harris II,12.90,16.00,16.10,4.80,15.00,18.54,4.24
Brenton Doyle,13.60,15.60,8.30,1.00,14.90,18.48,5.48
José Berríos,13.80,11.60,12.60,1.00,13.80,18.37,4.85
Luis Robert Jr.,11.60,15.10,18.80,1.00,17.90,18.21,6.45
Jose Altuve,13.30,12.50,10.90,5.10,13.30,17.80,3.09
Tyler Anderson,12.80,10.90,11.80,1.00,12.70,17.03,4.47
Pete Alonso,12.60,8.20,14.90,1.70,12.40,16.80,4.66
Matt McLain,11.00,13.90,14.40,9.40,12.30,15.85,1.84
Matt Olson,11.60,8.30,14.80,12.10,11.30,15.81,2.07
Mike Trout,10.90,9.60,18.80,10.20,11.70,15.62,3.35
Seiya Suzuki,11.80,7.50,6.00,8.90,11.70,15.34,2.29
Kyle Freeland,11.80,10.40,11.30,1.00,10.20,15.32,4.01
Aaron Nola,11.80,9.70,9.30,1.00,10.80,15.30,3.86
Luis Severino,11.40,10.70,8.30,1.00,11.60,15.16,3.98
Bryson Stott,11.60,12.80,5.30,1.00,10.90,15.08,4.48
Miles Mikolas,11.50,10.90,11.00,1.00,10.20,15.06,3.98
Jake McCarthy,10.80,13.70,5.50,4.30,12.80,15.04,3.83
Jackson Merrill,12.40,10.60,4.90,1.00,8.00,14.80,4.07
Ian Happ,11.20,10.30,9.20,9.50,9.90,14.72,0.70
Brady Singer,11.20,10.60,9.00,1.00,10.50,14.71,3.80
Pete Crow-Armstrong,12.80,11.90,6.10,1.00,5.50,14.63,4.37
Andrés Giménez,10.00,13.50,8.70,1.00,13.10,14.53,4.51
Cedric Mullins,10.20,12.10,7.20,1.00,12.70,14.40,4.27
Corey Seager,10.50,6.60,9.60,22.40,10.60,14.34,5.43
Yusei Kikuchi,10.50,8.50,7.80,1.00,11.20,14.03,3.62
Willy Adames,9.90,7.70,12.60,1.00,12.00,13.99,4.19
Jameson Taillon,10.70,9.50,9.80,1.00,9.50,13.94,3.58
William Contreras,10.80,8.40,12.30,18.60,7.20,13.88,3.99
Jake Irvin,10.40,9.70,8.30,1.00,9.90,13.69,3.50
Bailey Ober,10.70,8.50,8.80,1.00,9.10,13.68,3.40
Manny Machado,9.90,7.40,13.80,1.00,10.40,13.60,4.27
Ryan Feltner,9.70,11.60,11.10,1.00,10.00,13.41,3.90
Dylan Crews,11.80,8.90,1.70,1.00,6.10,13.36,4.14
Teoscar Hernández,9.60,7.50,11.40,1.00,11.00,13.33,3.80
Kevin Gausman,9.30,9.90,11.00,1.00,11.30,13.29,3.82
Lane Thomas,9.80,11.20,4.60,1.00,10.80,13.24,4.01
Steven Kwan,9.30,13.70,7.20,22.60,9.00,13.12,5.55
Austin Riley,9.60,6.80,16.40,5.60,8.80,13.12,3.76
Andrew Abbott,10.00,9.20,9.00,1.00,9.00,13.08,3.34
Carlos Rodón,9.80,9.00,8.60,1.00,9.40,12.96,3.30
Shota Imanaga,9.50,7.70,8.60,1.00,10.50,12.91,3.36
Ronel Blanco,9.40,8.50,6.60,1.00,11.00,12.88,3.46
Zach Neto,9.90,13.40,10.30,1.00,7.00,12.81,4.18
Nico Hoerner,9.50,11.40,2.30,6.60,10.30,12.79,3.27
Spencer Steer,10.30,7.50,2.50,3.20,8.80,12.76,3.09
Mitch Keller,9.60,8.80,7.80,1.00,9.30,12.68,3.21
Josh Lowe,9.20,13.20,12.10,1.00,8.00,12.57,4.29
Lawrence Butler,10.10,12.50,9.20,1.00,5.90,12.53,3.98
Chris Bassitt,9.10,8.50,10.00,1.00,9.60,12.44,3.36
Sean Manaea,9.30,10.20,9.10,1.00,8.50,12.37,3.35
Jonathan Cannon,9.50,9.40,7.20,1.00,8.00,12.22,3.13
Jasson Domínguez,9.30,15.90,13.10,1.00,5.40,12.18,5.32
Gerrit Cole,9.20,9.40,8.00,1.00,8.60,12.17,3.16
Anthony Volpe,8.50,14.70,10.30,1.00,8.60,12.07,4.42
Logan Gilbert,9.30,8.70,8.00,1.00,8.10,12.07,3.05
Seth Lugo,8.50,9.80,10.30,1.00,9.20,11.89,3.43
Pablo López,9.10,9.50,9.90,1.00,7.40,11.88,3.30
Erick Fedde,8.70,10.00,10.30,1.00,8.00,11.75,3.41
Marcell Ozuna,8.60,3.90,12.70,2.80,8.50,11.58,3.58
Bryan Reynolds,8.40,4.80,6.40,5.50,9.90,11.47,1.89
Luis Castillo,8.50,7.00,6.60,1.00,7.60,10.97,2.65
Zach Eflin,8.20,8.10,8.60,1.00,7.40,10.86,2.86
Aaron Civale,8.40,8.30,6.10,1.00,7.20,10.82,2.73
Taj Bradley,8.10,7.60,4.50,1.00,8.70,10.81,2.88
Matt Chapman,8.20,6.90,11.40,1.00,5.60,10.46,3.41
Bryce Miller,8.00,7.60,6.10,1.00,7.00,10.35,2.55
Joe Ryan,8.00,5.80,6.20,1.00,6.30,10.03,2.35
Bowden Francis,6.90,8.30,7.80,1.00,8.40,9.91,2.79
Freddy Peralta,7.60,7.60,7.00,1.00,6.00,9.76,2.49
Riley Greene,6.90,5.70,11.70,14.10,6.40,9.73,3.33
Kutter Crawford,7.70,4.70,4.90,1.00,6.10,9.52,2.21
Ozzie Albies,7.00,5.70,4.60,1.00,7.90,9.44,2.40
Josh Naylor,6.50,3.60,5.30,5.00,9.30,9.37,1.92
Joey Estes,7.90,2.70,1.20,1.00,6.20,9.32,2.77
Ben Lively,7.00,5.90,5.90,1.00,6.90,9.26,2.22
Jonathan India,6.50,5.50,7.20,14.40,7.20,9.26,3.18
Dansby Swanson,7.10,5.90,4.60,1.00,6.80,9.23,2.22
Martín Pérez,7.00,3.20,5.40,1.00,7.50,9.21,2.43
Tommy Edman,6.40,9.90,1.00,1.00,8.70,9.16,3.76
Christian Walker,6.90,4.10,6.40,1.00,6.60,8.99,2.23
Brandon Pfaadt,7.10,1.70,1.00,1.00,7.70,8.93,3.04
Tomoyuki Sugano,5.50,5.90,6.50,1.00,10.40,8.93,2.99
Tanner Bibee,7.00,6.30,5.70,1.00,5.60,8.91,2.12
Michael Wacha,6.70,6.00,5.60,1.00,6.20,8.78,2.08
Luis Rengifo,6.50,8.00,7.70,1.00,5.50,8.69,2.53
Nick Pivetta,6.30,7.70,6.60,1.00,6.40,8.66,2.35
Willson Contreras,5.80,4.30,8.90,12.20,7.20,8.60,2.72
Zack Gelof,6.00,9.20,5.80,1.00,6.60,8.49,2.66
Taylor Ward,6.40,2.50,4.20,2.40,7.20,8.47,1.97
Charlie Morton,6.10,6.50,5.10,1.00,7.00,8.45,2.16
George Kirby,6.80,5.50,5.20,1.00,4.90,8.43,1.95
Corbin Burnes,6.30,3.60,4.70,1.00,7.10,8.43,2.15
Hunter Greene,5.80,7.90,7.70,1.00,6.50,8.32,2.51
Nathan Eovaldi,5.80,8.40,6.60,1.00,6.40,8.25,2.48
Zack Wheeler,6.00,6.50,8.60,1.00,5.50,8.18,2.49
Dean Kremer,6.50,1.90,2.60,1.00,6.50,8.17,2.34
Dylan Cease,6.00,6.00,6.60,1.00,5.80,8.09,2.06
Marcus Semien,5.50,4.60,1.00,1.00,9.10,8.07,3.04
MacKenzie Gore,6.00,5.30,6.20,1.00,6.00,8.07,1.97
Merrill Kelly,5.80,4.40,4.70,1.00,7.10,8.03,2.03
Anthony Santander,5.40,3.40,5.80,1.00,7.70,7.84,2.28
Ryan Pepiot,5.50,6.30,4.20,1.00,6.50,7.68,2.02
George Springer,5.80,3.80,3.40,1.00,6.30,7.66,1.89
Maikel Garcia,6.10,11.00,3.20,1.00,3.40,7.61,3.43
Jared Jones,6.00,4.90,2.20,1.00,5.50,7.61,1.96
Nick Martinez,5.00,6.50,8.60,1.00,6.40,7.52,2.53
Germán Márquez,5.10,7.60,8.20,1.00,5.30,7.35,2.54
Luis L. Ortiz,5.80,5.30,2.70,1.00,4.80,7.29,1.80
Cody Bellinger,5.30,4.60,1.00,1.00,6.70,7.20,2.32
Brandon Nimmo,6.00,3.40,2.50,13.10,3.40,7.20,3.89
Zac Gallen,5.30,4.20,4.70,1.00,5.40,7.07,1.62
Jack Flaherty,5.30,6.50,4.30,1.00,4.90,7.06,1.85
Jeremy Peña,4.50,4.70,6.10,1.00,7.40,7.04,2.14
Tobias Myers,5.40,3.60,2.10,1.00,5.50,6.96,1.78
Xander Bogaerts,4.50,4.20,3.30,4.00,7.60,6.93,1.49
Spencer Arrighetti,5.40,4.20,2.70,1.00,4.80,6.84,1.59
Triston Casas,4.80,3.20,11.00,16.00,3.60,6.82,5.00
Robbie Ray,5.00,5.80,4.00,1.00,4.70,6.66,1.65
Zack Littell,4.70,4.70,4.50,1.00,5.30,6.51,1.54
Jon Gray,4.50,5.30,6.30,1.00,5.20,6.47,1.82
Walker Buehler,4.80,4.30,6.20,1.00,4.40,6.44,1.71
Jesús Luzardo,4.50,7.70,6.40,1.00,4.30,6.39,2.27
Brayan Bello,4.90,3.60,3.40,1.00,4.70,6.36,1.39
Luis Gil,4.80,6.00,4.20,1.00,4.20,6.36,1.66
Yu Darvish,4.10,8.70,7.90,1.00,4.60,6.29,2.78
Adolis García,4.30,3.90,4.20,1.00,5.50,6.12,1.49
Alex Bregman,4.50,3.30,3.30,14.00,4.00,6.06,4.12
Nestor Cortes,4.50,4.20,6.20,1.00,3.90,6.01,1.68
Hunter Brown,4.70,4.00,2.50,1.00,4.20,6.00,1.36
Mitchell Parker,4.30,5.10,6.20,1.00,4.20,5.98,1.74
Garrett Mitchell,4.50,5.90,4.60,1.00,3.10,5.79,1.67
Kyle Gibson,4.00,4.70,5.40,1.00,4.60,5.73,1.54
Spencer Schwellenbach,4.30,4.70,5.10,1.00,3.10,5.56,1.48
Kyle Hendricks,3.90,6.80,6.00,1.00,3.60,5.55,2.03
Michael King,3.90,4.70,7.50,1.00,3.60,5.51,2.09
Colton Cowser,4.80,2.30,3.80,2.70,2.10,5.50,1.02
Frankie Montas,4.70,1.00,1.00,1.00,3.50,5.48,1.57
Luis García Jr.,5.10,1.00,1.00,1.00,2.20,5.48,1.59
Bailey Falter,4.40,1.90,2.60,1.00,3.80,5.47,1.24
Grayson Rodriguez,4.10,4.20,1.20,1.00,4.40,5.43,1.54
Jurickson Profar,4.30,3.20,1.00,15.60,1.80,5.12,5.33
Cole Ragans,3.80,4.30,3.70,1.00,3.30,5.03,1.15
Ryan Weathers,4.00,1.60,1.20,1.00,3.70,4.95,1.28
Dylan Moore,3.60,6.20,2.40,1.00,3.50,4.94,1.71
TJ Friedl,3.60,5.40,1.00,1.00,3.90,4.90,1.73
Parker Meadows,4.60,4.00,1.00,1.00,1.00,4.89,1.63
Jordan Westburg,4.60,1.00,1.00,1.00,1.20,4.73,1.42
Tanner Houck,3.30,4.20,4.60,1.00,3.50,4.68,1.25
Willi Castro,3.40,4.30,3.10,1.00,3.50,4.67,1.10
Shane Baz,3.00,4.60,3.90,1.00,4.20,4.59,1.28
Paul Goldschmidt,3.70,4.60,4.00,1.00,1.90,4.58,1.36
Brandon Marsh,3.90,3.80,2.40,1.00,1.80,4.56,1.13
Lars Nootbaar,3.50,4.00,3.50,18.90,1.00,4.47,6.45
Ha-Seong Kim,3.50,2.40,1.00,5.70,2.80,4.39,1.54
Cal Quantrill,3.00,6.10,5.50,1.00,2.60,4.35,1.90
Sonny Gray,2.60,4.90,5.80,1.00,3.10,4.06,1.70
Reynaldo López,2.20,3.80,7.80,1.00,4.00,4.02,2.30
Jacob Young,3.10,11.00,1.00,1.00,1.00,4.01,3.88
Michael Lorenzen,2.70,5.20,6.30,1.00,2.30,3.98,1.95
Kyle Harrison,3.00,1.00,1.00,1.00,3.70,3.98,1.17
Logan Webb,2.90,3.00,4.00,1.00,2.00,3.76,1.01
Joc Pederson,2.60,1.80,2.30,13.60,2.60,3.73,4.52
Nolan Jones,3.00,4.40,1.10,11.30,1.00,3.69,3.79
Yandy Díaz,2.40,2.50,5.20,26.90,1.00,3.65,9.75
Matt Shaw,2.80,5.10,5.00,1.00,1.00,3.60,1.81
Max Muncy,3.00,1.00,1.00,4.80,1.90,3.55,1.43
Colin Rea,2.50,1.90,2.30,1.00,3.00,3.48,0.67
Tyler Fitzgerald,3.10,3.00,1.00,1.00,1.00,3.44,1.00
Jeffrey Springs,1.90,1.00,2.10,1.00,4.90,3.39,1.43
Framber Valdez,2.40,1.70,1.40,1.00,3.10,3.33,0.75
Vinnie Pasquantino,2.80,1.20,1.60,11.60,1.00,3.32,4.03
Sandy Alcantara,2.20,4.80,5.10,1.00,1.60,3.21,1.69
Matt Wallner,2.80,1.00,2.90,1.00,1.00,3.16,0.91
Mitch Spence,2.20,1.00,1.00,1.00,3.40,3.16,0.96
Davis Martin,2.00,1.10,1.00,1.00,3.90,3.12,1.12
Kodai Senga,2.10,3.50,2.40,1.00,2.50,3.09,0.80
Cristopher Sánchez,2.10,3.70,2.40,1.00,2.40,3.07,0.86
Sean Burke,2.60,1.00,1.00,1.00,1.70,3.04,0.63
Andrew Heaney,1.80,4.10,5.20,1.00,2.30,3.00,1.54
Adley Rutschman,2.30,1.00,1.00,15.00,1.10,2.91,5.48
Isaac Paredes,1.90,2.20,1.00,12.30,2.20,2.88,4.21
Tyler Mahle,1.60,4.40,5.80,1.00,2.20,2.85,1.81
Max Meyer,2.30,2.40,1.00,1.00,1.30,2.75,0.62
Ranger Suárez,1.80,2.30,4.30,1.00,2.10,2.75,1.09
Bo Bichette,1.00,1.70,2.80,1.00,4.90,2.66,1.47
Trevor Story,1.00,5.00,4.90,1.00,3.40,2.62,1.77
Gleyber Torres,1.30,1.00,2.10,3.10,3.60,2.51,1.00
Justin Steele,2.00,1.60,3.20,1.00,1.00,2.49,0.81
Javier Assad,1.60,4.20,3.70,1.00,1.40,2.46,1.31
Masyn Winn,1.50,2.20,1.00,1.00,2.80,2.43,0.70
Jose Quintana,1.20,2.40,4.70,1.00,2.50,2.35,1.32
Lucas Giolito,1.40,4.40,5.20,1.00,1.20,2.34,1.79
Ezequiel Tovar,1.00,1.00,1.00,1.00,4.30,2.31,1.32
Justin Verlander,1.40,2.40,3.70,1.00,1.90,2.29,0.94
Nick Lodolo,1.50,1.00,1.00,1.00,2.60,2.29,0.62
Antonio Senzatela,1.40,3.90,4.80,1.00,1.00,2.22,1.61
Tyler O'Neill,1.20,1.00,1.00,1.00,3.20,2.18,0.86
Blake Snell,1.30,1.90,2.00,1.00,2.40,2.18,0.50
Tarik Skubal,1.40,2.20,3.10,1.00,1.60,2.14,0.73
Christopher Morel,1.00,1.00,3.70,1.00,2.80,2.08,1.14
Spencer Horwitz,1.00,1.00,1.00,27.10,1.00,1.96,10.44
Royce Lewis,1.00,1.00,5.90,1.00,1.80,1.95,1.91
Nathaniel Lowe,1.00,1.00,5.10,13.40,1.00,1.95,4.82
Simeon Woods Richardson,1.30,2.50,2.90,1.00,1.10,1.92,0.78
Carlos Correa,1.00,1.00,4.30,14.40,1.00,1.91,5.19
Triston McKenzie,1.00,4.80,4.50,1.00,1.00,1.89,1.79
Ryan McMahon,1.00,1.00,1.00,1.00,2.80,1.88,0.72
Luis Arraez,1.00,1.00,1.00,16.90,1.50,1.87,6.31
Max Fried,1.30,2.10,2.50,1.00,1.00,1.83,0.61
Brendan Donovan,1.00,1.90,1.00,18.10,1.00,1.82,6.76
LaMonte Wade Jr.,1.00,1.00,1.00,19.80,1.00,1.80,7.52
Eduardo Rodriguez,1.00,1.10,4.00,1.00,1.70,1.79,1.15
Chase Meidroth,1.00,1.00,1.00,19.50,1.00,1.79,7.40
Brandon Lowe,1.00,1.00,5.00,1.00,1.40,1.77,1.57
Jesse Winker,1.00,1.00,1.00,18.50,1.00,1.77,7.00
Gabriel Moreno,1.00,1.00,1.00,18.30,1.00,1.76,6.92
Iván Herrera,1.00,1.00,1.00,18.20,1.00,1.76,6.88
Nolan Schanuel,1.00,1.00,1.00,18.20,1.00,1.76,6.88
Lance Lynn,1.10,2.60,3.50,1.00,1.00,1.76,1.03
Brandon Woodruff,1.00,4.20,3.10,1.00,1.00,1.75,1.34
Will Wagner,1.00,1.00,1.00,16.30,1.00,1.72,6.12
Daulton Varsho,1.00,1.00,1.00,1.00,2.20,1.71,0.48
Trevor Williams,1.00,1.00,2.40,1.00,1.80,1.70,0.57
Jung Hoo Lee,1.00,1.00,1.00,14.80,1.00,1.68,5.52
Alejandro Kirk,1.00,1.00,1.00,14.40,1.00,1.67,5.36
Masataka Yoshida,1.00,1.00,1.00,13.80,1.00,1.66,5.12
Chris Sale,1.00,2.00,4.00,1.00,1.00,1.66,1.17
Jake Fraley,1.00,3.90,1.00,3.80,1.00,1.64,1.40
Junior Caminero,1.00,1.00,4.70,1.00,1.00,1.64,1.48
Kristian Campbell,1.00,1.00,1.00,12.40,1.00,1.63,4.56
Byron Buxton,1.00,1.00,4.50,1.00,1.00,1.62,1.40
Mike Tauchman,1.00,1.00,1.00,11.80,1.00,1.62,4.32
Roki Sasaki,1.00,1.00,2.40,1.00,1.50,1.61,0.55
Jesús Sánchez,1.00,1.00,4.30,1.00,1.00,1.61,1.32
Geraldo Perdomo,1.00,2.00,1.00,8.10,1.00,1.60,2.77
Shane McClanahan,1.00,2.30,2.90,1.00,1.00,1.60,0.81
Rob Refsnyder,1.00,1.00,1.00,10.60,1.00,1.59,3.84
Jorge Soler,1.00,1.00,3.80,1.00,1.00,1.57,1.12
Richie Palacios,1.00,1.00,1.00,9.80,1.00,1.57,3.52
Yoshinobu Yamamoto,1.00,3.00,1.60,1.00,1.00,1.56,0.78
Jonathan Aranda,1.00,1.00,1.00,8.70,1.00,1.54,3.08
Cal Raleigh,1.00,1.00,3.40,1.00,1.00,1.54,0.96
Jake Burger,1.00,1.00,3.30,1.00,1.00,1.53,0.92
Vaughn Grissom,1.00,1.00,1.00,7.80,1.00,1.52,2.72
Alan Roden,1.00,1.00,1.00,7.70,1.00,1.52,2.68
Giancarlo Stanton,1.00,1.00,3.10,1.00,1.00,1.52,0.84
Jacob Wilson,1.00,1.00,1.00,7.40,1.00,1.52,2.56
Austin Martin,1.00,1.00,1.00,7.20,1.00,1.51,2.48
Jonah Bride,1.00,1.00,1.00,7.20,1.00,1.51,2.48
Will Smith,1.00,1.00,1.00,6.80,1.00,1.50,2.32
Jacob Hurtubise,1.00,1.00,1.00,6.60,1.00,1.50,2.24
Evan Carter,1.00,1.10,1.30,4.70,1.00,1.48,1.44
Mark Canha,1.00,1.00,1.00,5.90,1.00,1.48,1.96
Pavin Smith,1.00,1.00,1.00,5.80,1.00,1.48,1.92
Jackson Holliday,1.00,1.00,1.00,5.50,1.00,1.47,1.80
J.P. Crawford,1.00,1.00,1.00,5.30,1.00,1.47,1.72
Tyler Freeman,1.00,1.00,1.00,5.10,1.00,1.46,1.64
Bryan Woo,1.10,1.00,1.00,1.00,1.00,1.46,0.04
Jo Adell,1.00,1.00,2.20,1.00,1.00,1.46,0.48
Chris Paddack,1.00,1.00,2.10,1.00,1.00,1.45,0.44
Emmanuel Rodriguez,1.00,1.00,1.00,4.40,1.00,1.45,1.36
Cal Stevenson,1.00,1.00,1.00,4.20,1.00,1.44,1.28
Gavin Lux,1.00,1.00,1.00,4.10,1.00,1.44,1.24
Edouard Julien,1.00,1.00,1.00,3.80,1.00,1.43,1.12
Roman Anthony,1.00,1.00,1.00,3.70,1.00,1.43,1.08
Chandler Simpson,1.00,1.00,1.00,3.60,1.00,1.43,1.04
Reid Detmers,1.00,1.00,1.00,1.00,1.20,1.43,0.08
José Fermín,1.00,1.00,1.00,2.90,1.00,1.41,0.76
Jeff McNeil,1.00,1.00,1.00,2.90,1.00,1.41,0.76
Luis Garcia,1.00,1.00,1.50,1.00,1.00,1.41,0.20
Jack Leiter,1.00,1.50,1.00,1.00,1.00,1.41,0.20
Dairon Blanco,1.00,1.50,1.00,1.00,1.00,1.41,0.20
Alec Bohm,1.00,1.00,1.00,2.50,1.00,1.40,0.60
Justin Turner,1.00,1.00,1.00,2.50,1.00,1.40,0.60
Justyn-Henry Malloy,1.00,1.00,1.00,2.30,1.00,1.40,0.52
Sean Bouchard,1.00,1.00,1.00,2.10,1.00,1.39,0.44
Josh Smith,1.00,1.00,1.00,2.00,1.00,1.39,0.40
Sal Frelick,1.00,1.00,1.00,1.70,1.00,1.39,0.28
Kyle Hart,1.00,1.20,1.00,1.00,1.00,1.38,0.08
Ty France,1.00,1.00,1.00,1.50,1.00,1.38,0.20
Liam Hicks,1.00,1.00,1.00,1.50,1.00,1.38,0.20
Alex Call,1.00,1.00,1.00,1.50,1.00,1.38,0.20
Luis Guillorme,1.00,1.00,1.00,1.20,1.00,1.37,0.08
Nathan Lukes,1.00,1.00,1.00,1.20,1.00,1.37,0.08
Wilyer Abreu,1.00,1.00,1.00,1.10,1.00,1.37,0.04
Tirso Ornelas,1.00,1.00,1.00,1.00,1.00,1.37,0.00
Braxton Ashcraft,1.00,1.00,1.00,1.00,1.00,1.37,0.00
Tom Cosgrove,1.00,1.00,1.00,1.00,1.00,1.37,0.00
Tink Hence,1.00,1.00,1.00,1.00,1.00,1.37,0.00
Travis Bazzana,1.00,1.00,1.00,1.00,1.00,1.37,0.00
Jace Jung,1.00,1.00,1.00,1.00,1.00,1.37,0.00
Salvador Perez,1.00,1.00,1.00,1.00,1.00,1.37,0.00
Jacob Melton,1.00,1.00,1.00,1.00,1.00,1.37,0.00
Chris Martin,1.00,1.00,1.00,1.00,1.00,1.37,0.00
Tom Murphy,1.00,1.00,1.00,1.00,1.00,1.37,0.00
Jacob Latz,1.00,1.00,1.00,1.00,1.00,1.37,0.00
Casey Lawrence,1.00,1.00,1.00,1.00,1.00,1.37,0.00
Jacob Lopez,1.00,1.00,1.00,1.00,1.00,1.37,0.00
Brant Hurter,1.00,1.00,1.00,1.00,1.00,1.37,0.00
Scott Kingery,1.00,1.00,1.00,1.00,1.00,1.37,0.00
Jeff Hoffman,1.00,1.00,1.00,1.00,1.00,1.37,0.00
Sam Aldegheri,1.00,1.00,1.00,1.00,1.00,1.37,0.00
Scott McGough,1.00,1.00,1.00,1.00,1.00,1.37,0.00
Luis Frías,1.00,1.00,1.00,1.00,1.00,1.37,0.00
Tim Tawa,1.00,1.00,1.00,1.00,1.00,1.37,0.00
Ryne Stanek,1.00,1.00,1.00,1.00,1.00,1.37,0.00
Sean Murphy,1.00,1.00,1.00,1.00,1.00,1.37,0.00
Travis d'Arnaud,1.00,1.00,1.00,1.00,1.00,1.37,0.00
Kyle Manzardo,1.00,1.00,1.00,1.00,1.00,1.37,0.00
Luis Peralta,1.00,1.00,1.00,1.00,1.00,1.37,0.00
JT Brubaker,1.00,1.00,1.00,1.00,1.00,1.37,0.00
Jacob Webb,1.00,1.00,1.00,1.00,1.00,1.37,0.00
Tim Mayza,1.00,1.00,1.00,1.00,1.00,1.37,0.00
Sean Reynolds,1.00,1.00,1.00,1.00,1.00,1.37,0.00
Carmen Mlodzinski,1.00,1.00,1.00,1.00,1.00,1.37,0.00
Sean Reid-Foley,1.00,1.00,1.00,1.00,1.00,1.37,0.00
Jacob Waguespack,1.00,1.00,1.00,1.00,1.00,1.37,0.00
Ryan Yarbrough,1.00,1.00,1.00,1.00,1.00,1.37,0.00
Carson Kelly,1.00,1.00,1.00,1.00,1.00,1.37,0.00
Carson Ragsdale,1.00,1.00,1.00,1.00,1.00,1.37,0.00
Ryne Nelson,1.00,1.00,1.00,1.00,1.00,1.37,0.00
Jacob Stallings,1.00,1.00,1.00,1.00,1.00,1.37,0.00
Carson Spiers,1.00,1.00,1.00,1.00,1.00,1.37,0.00
Kyle Leahy,1.00,1.00,1.00,1.00,1.00,1.37,0.00
Chris Taylor,1.00,1.00,1.00,1.00,1.00,1.37,0.00
Chris Stratton,1.00,1.00,1.00,1.00,1.00,1.37,0.00
Ryan Zeferjahn,1.00,1.00,1.00,1.00,1.00,1.37,0.00
Travis Jankowski,1.00,1.00,1.00,1.00,1.00,1.37,0.00
Sean Hjelle,1.00,1.00,1.00,1.00,1.00,1.37,0.00
Sean Guenther,1.00,1.00,1.00,1.00,1.00,1.37,0.00
JT Chargois,1.00,1.00,1.00,1.00,1.00,1.37,0.00
Chris Roycroft,1.00,1.00,1.00,1.00,1.00,1.37,0.00
Jac Caglianone,1.00,1.00,1.00,1.00,1.00,1.37,0.00
Casey Legumina,1.00,1.00,1.00,1.00,1.00,1.37,0.00
Sam Hilliard,1.00,1.00,1.00,1.00,1.00,1.37,0.00
Sam Bachman,1.00,1.00,1.00,1.00,1.00,1.37,0.00
Tommy Nance,1.00,1.00,1.00,1.00,1.00,1.37,0.00
Chase Petty,1.00,1.00,1.00,1.00,1.00,1.37,0.00
Jacob Barnes,1.00,1.00,1.00,1.00,1.00,1.37,0.00
Jack Kochanowicz,1.00,1.00,1.00,1.00,1.00,1.37,0.00
Tony Gonsolin,1.00,1.00,1.00,1.00,1.00,1.37,0.00
Tommy Pham,1.00,1.00,1.00,1.00,1.00,1.37,0.00
Luis Contreras,1.00,1.00,1.00,1.00,1.00,1.37,0.00
Jackson Rutledge,1.00,1.00,1.00,1.00,1.00,1.37,0.00
Brandon Drury,1.00,1.00,1.00,1.00,1.00,1.37,0.00
Chase DeLauter,1.00,1.00,1.00,1.00,1.00,1.37,0.00
Luis Curvelo,1.00,1.00,1.00,1.00,1.00,1.37,0.00
Chas McCormick,1.00,1.00,1.00,1.00,1.00,1.37,0.00
Santiago Espinal,1.00,1.00,1.00,1.00,1.00,1.37,0.00
Jackson Kowar,1.00,1.00,1.00,1.00,1.00,1.37,0.00
Jacob deGrom,1.00,1.00,1.00,1.00,1.00,1.37,0.00
Chad Green,1.00,1.00,1.00,1.00,1.00,1.37,0.00
Brandon Eisert,1.00,1.00,1.00,1.00,1.00,1.37,0.00
Chad Kuhl,1.00,1.00,1.00,1.00,1.00,1.37,0.00
Jackson Jobe,1.00,1.00,1.00,1.00,1.00,1.37,0.00
Tomás Nido,1.00,1.00,1.00,1.00,1.00,1.37,0.00
Jack Suwinski,1.00,1.00,1.00,1.00,1.00,1.37,0.00
Chadwick Tromp,1.00,1.00,1.00,1.00,1.00,1.37,0.00
Kyle Farmer,1.00,1.00,1.00,1.00,1.00,1.37,0.00
Kyle Finnegan,1.00,1.00,1.00,1.00,1.00,1.37,0.00
Brandon Lockridge,1.00,1.00,1.00,1.00,1.00,1.37,0.00
Luis García,1.00,1.00,1.00,1.00,1.00,1.37,0.00
Tony Santillan,1.00,1.00,1.00,1.00,1.00,1.37,0.00
Jeferson Quero,1.00,1.00,1.00,1.00,1.00,1.37,0.00
Chris Flexen,1.00,1.00,1.00,1.00,1.00,1.37,0.00
Kyle Higashioka,1.00,1.00,1.00,1.00,1.00,1.37,0.00
Casey Mize,1.00,1.00,1.00,1.00,1.00,1.37,0.00
Chris Devenski,1.00,1.00,1.00,1.00,1.00,1.37,0.00
Kyle Bradish,1.00,1.00,1.00,1.00,1.00,1.37,0.00
Luis Matos,1.00,1.00,1.00,1.00,1.00,1.37,0.00
Tommy Doyle,1.00,1.00,1.00,1.00,1.00,1.37,0.00
Scott Effross,1.00,1.00,1.00,1.00,1.00,1.37,0.00
Kyle Isbel,1.00,1.00,1.00,1.00,1.00,1.37,0.00
Sam Huff,1.00,1.00,1.00,1.00,1.00,1.37,0.00
Casey Schmitt,1.00,1.00,1.00,1.00,1.00,1.37,0.00
Scott Blewett,1.00,1.00,1.00,1.00,1.00,1.37,0.00
Scott Barlow,1.00,1.00,1.00,1.00,1.00,1.37,0.00
Cavan Biggio,1.00,1.00,1.00,1.00,1.00,1.37,0.00
Brandon Young,1.00,1.00,1.00,1.00,1.00,1.37,0.00
Scott Alexander,1.00,1.00,1.00,1.00,1.00,1.37,0.00
Tommy Henry,1.00,1.00,1.00,1.00,1.00,1.37,0.00
Sam Long,1.00,1.00,1.00,1.00,1.00,1.37,0.00
Chayce McDermott,1.00,1.00,1.00,1.00,1.00,1.37,0.00
Sam Moll,1.00,1.00,1.00,1.00,1.00,1.37,0.00
Ceddanne Rafaela,1.00,1.00,1.00,1.00,1.00,1.37,0.00
Luis Campusano,1.00,1.00,1.00,1.00,1.00,1.37,0.00
Jeff Criswell,1.00,1.00,1.00,1.00,1.00,1.37,0.00
Sawyer Gipson-Long,1.00,1.00,1.00,1.00,1.00,1.37,0.00
Tommy Kahnle,1.00,1.00,1.00,1.00,1.00,1.37,0.00
Chase Silseth,1.00,1.00,1.00,1.00,1.00,1.37,0.00
Chase Shugart,1.00,1.00,1.00,1.00,1.00,1.37,0.00
Carlos Vargas,1.00,1.00,1.00,1.00,1.00,1.37,0.00
Carlos Hernández,1.00,1.00,1.00,1.00,1.00,1.37,0.00
Tim Hill,1.00,1.00,1.00,1.00,1.00,1.37,0.00
Steven Cruz,1.00,1.00,1.00,1.00,1.00,1.37,0.00
Landen Roupp,1.00,1.00,1.00,1.00,1.00,1.37,0.00
James Karinchak,1.00,1.00,1.00,1.00,1.00,1.37,0.00
Jason Foley,1.00,1.00,1.00,1.00,1.00,1.37,0.00
Jason Delay,1.00,1.00,1.00,1.00,1.00,1.37,0.00
James McArthur,1.00,1.00,1.00,1.00,1.00,1.37,0.00
James McCann,1.00,1.00,1.00,1.00,1.00,1.37,0.00
James Outman,1.00,1.00,1.00,1.00,1.00,1.37,0.00
Buck Farmer,1.00,1.00,1.00,1.00,1.00,1.37,0.00
Brett Harris,1.00,1.00,1.00,1.00,1.00,1.37,0.00
Landon Knack,1.00,1.00,1.00,1.00,1.00,1.37,0.00
Taylor Clarke,1.00,1.00,1.00,1.00,1.00,1.37,0.00
Brett Sullivan,1.00,1.00,1.00,1.00,1.00,1.37,0.00
Brett Wisely,1.00,1.00,1.00,1.00,1.00,1.37,0.00
Brett de Geus,1.00,1.00,1.00,1.00,1.00,1.37,0.00
Steven Matz,1.00,1.00,1.00,1.00,1.00,1.37,0.00
Tayler Scott,1.00,1.00,1.00,1.00,1.00,1.37,0.00
Jason Heyward,1.00,1.00,1.00,1.00,1.00,1.37,0.00
Taylor Rogers,1.00,1.00,1.00,1.00,1.00,1.37,0.00
Steven Okert,1.00,1.00,1.00,1.00,1.00,1.37,0.00
Starling Marte,1.00,1.00,1.00,1.00,1.00,1.37,0.00
Liover Peguero,1.00,1.00,1.00,1.00,1.00,1.37,0.00
Caden Dana,1.00,1.00,1.00,1.00,1.00,1.37,0.00
Brett Baty,1.00,1.00,1.00,1.00,1.00,1.37,0.00
Jake Woodford,1.00,1.00,1.00,1.00,1.00,1.37,0.00
Cade Smith,1.00,1.00,1.00,1.00,1.00,1.37,0.00
Taylor Walls,1.00,1.00,1.00,1.00,1.00,1.37,0.00
Cade Povich,1.00,1.00,1.00,1.00,1.00,1.37,0.00
Jakob Junis,1.00,1.00,1.00,1.00,1.00,1.37,0.00
Lance McCullers Jr.,1.00,1.00,1.00,1.00,1.00,1.37,0.00
Jakob Marsee,1.00,1.00,1.00,1.00,1.00,1.37,0.00
Jalen Beeks,1.00,1.00,1.00,1.00,1.00,1.37,0.00
Cade Cavalli,1.00,1.00,1.00,1.00,1.00,1.37,0.00
Liam Hendriks,1.00,1.00,1.00,1.00,1.00,1.37,0.00
Taylor Trammell,1.00,1.00,1.00,1.00,1.00,1.37,0.00
Stephen Kolek,1.00,1.00,1.00,1.00,1.00,1.37,0.00
CJ Alexander,1.00,1.00,1.00,1.00,1.00,1.37,0.00
Bryse Wilson,1.00,1.00,1.00,1.00,1.00,1.37,0.00
Steven Wilson,1.00,1.00,1.00,1.00,1.00,1.37,0.00
Spencer Torkelson,1.00,1.00,1.00,1.00,1.00,1.37,0.00
Bryan Baker,1.00,1.00,1.00,1.00,1.00,1.37,0.00
Bryan Hoeing,1.00,1.00,1.00,1.00,1.00,1.37,0.00
Jared Serna,1.00,1.00,1.00,1.00,1.00,1.37,0.00
Brock Burke,1.00,1.00,1.00,1.00,1.00,1.37,0.00
Brock Stewart,1.00,1.00,1.00,1.00,1.00,1.37,0.00
Brock Wilken,1.00,1.00,1.00,1.00,1.00,1.37,0.00
Bryan De La Cruz,1.00,1.00,1.00,1.00,1.00,1.37,0.00
Jared Shuster,1.00,1.00,1.00,1.00,1.00,1.37,0.00
Tanner Gordon,1.00,1.00,1.00,1.00,1.00,1.37,0.00
Bryan King,1.00,1.00,1.00,1.00,1.00,1.37,0.00
Jared Triolo,1.00,1.00,1.00,1.00,1.00,1.37,0.00
Taijuan Walker,1.00,1.00,1.00,1.00,1.00,1.37,0.00
Bryan Abreu,1.00,1.00,1.00,1.00,1.00,1.37,0.00
Brusdar Graterol,1.00,1.00,1.00,1.00,1.00,1.37,0.00
Brooks Baldwin,1.00,1.00,1.00,1.00,1.00,1.37,0.00
Brooks Raley,1.00,1.00,1.00,1.00,1.00,1.37,0.00
Tanner Banks,1.00,1.00,1.00,1.00,1.00,1.37,0.00
Bryan Hudson,1.00,1.00,1.00,1.00,1.00,1.37,0.00
T.J. McFarland,1.00,1.00,1.00,1.00,1.00,1.37,0.00
Tayler Saucedo,1.00,1.00,1.00,1.00,1.00,1.37,0.00
Leody Taveras,1.00,1.00,1.00,1.00,1.00,1.37,0.00
Bryce Jarvis,1.00,1.00,1.00,1.00,1.00,1.37,0.00
Jason Adam,1.00,1.00,1.00,1.00,1.00,1.37,0.00
Bryce Eldridge,1.00,1.00,1.00,1.00,1.00,1.37,0.00
Bryce Elder,1.00,1.00,1.00,1.00,1.00,1.37,0.00
Janson Junk,1.00,1.00,1.00,1.00,1.00,1.37,0.00
Stone Garrett,1.00,1.00,1.00,1.00,1.00,1.37,0.00
Bryan Shaw,1.00,1.00,1.00,1.00,1.00,1.37,0.00
Stuart Fairchild,1.00,1.00,1.00,1.00,1.00,1.37,0.00
Jared Koenig,1.00,1.00,1.00,1.00,1.00,1.37,0.00
Tanner Scott,1.00,1.00,1.00,1.00,1.00,1.37,0.00
Jarred Kelenic,1.00,1.00,1.00,1.00,1.00,1.37,0.00
Bryan Ramos,1.00,1.00,1.00,1.00,1.00,1.37,0.00
Leo Rivas,1.00,1.00,1.00,1.00,1.00,1.37,0.00
Leo Jiménez,1.00,1.00,1.00,1.00,1.00,1.37,0.00
Tanner Rainey,1.00,1.00,1.00,1.00,1.00,1.37,0.00
Lenyn Sosa,1.00,1.00,1.00,1.00,1.00,1.37,0.00
Spencer Turnbull,1.00,1.00,1.00,1.00,1.00,1.37,0.00
Lake Bachar,1.00,1.00,1.00,1.00,1.00,1.37,0.00
Jaden Hill,1.00,1.00,1.00,1.00,1.00,1.37,0.00
Kyle Nelson,1.00,1.00,1.00,1.00,1.00,1.37,0.00
Brooks Lee,1.00,1.00,1.00,1.00,1.00,1.37,0.00
Seth Martinez,1.00,1.00,1.00,1.00,1.00,1.37,0.00
Jake Bauers,1.00,1.00,1.00,1.00,1.00,1.37,0.00
Jake Bird,1.00,1.00,1.00,1.00,1.00,1.37,0.00
Jake Bloss,1.00,1.00,1.00,1.00,1.00,1.37,0.00
Luarbert Arias,1.00,1.00,1.00,1.00,1.00,1.37,0.00
Brayan Rocchio,1.00,1.00,1.00,1.00,1.00,1.37,0.00
Kyle Nicolas,1.00,1.00,1.00,1.00,1.00,1.37,0.00
Lucas Erceg,1.00,1.00,1.00,1.00,1.00,1.37,0.00
Carlos Estévez,1.00,1.00,1.00,1.00,1.00,1.37,0.00
Lourdes Gurriel Jr.,1.00,1.00,1.00,1.00,1.00,1.37,0.00
Louis Varland,1.00,1.00,1.00,1.00,1.00,1.37,0.00
Thomas Saggese,1.00,1.00,1.00,1.00,1.00,1.37,0.00
Javier Sanoja,1.00,1.00,1.00,1.00,1.00,1.37,0.00
Shane Bieber,1.00,1.00,1.00,1.00,1.00,1.37,0.00
Kyle Stowers,1.00,1.00,1.00,1.00,1.00,1.37,0.00
Tim Anderson,1.00,1.00,1.00,1.00,1.00,1.37,0.00
Lucas Gilbreath,1.00,1.00,1.00,1.00,1.00,1.37,0.00
Jake Cousins,1.00,1.00,1.00,1.00,1.00,1.37,0.00
Seranthony Domínguez,1.00,1.00,1.00,1.00,1.00,1.37,0.00
Carlos Santana,1.00,1.00,1.00,1.00,1.00,1.37,0.00
Luinder Avila,1.00,1.00,1.00,1.00,1.00,1.37,0.00
Seby Zavala,1.00,1.00,1.00,1.00,1.00,1.37,0.00
Tim Herrin,1.00,1.00,1.00,1.00,1.00,1.37,0.00
Jay Jackson,1.00,1.00,1.00,1.00,1.00,1.37,0.00
Carlos Rodriguez,1.00,1.00,1.00,1.00,1.00,1.37,0.00
Sem Robberse,1.00,1.00,1.00,1.00,1.00,1.37,0.00
Carlos Narvaez,1.00,1.00,1.00,1.00,1.00,1.37,0.00
Seth Johnson,1.00,1.00,1.00,1.00,1.00,1.37,0.00
Jair Camargo,1.00,1.00,1.00,1.00,1.00,1.37,0.00
Tim Elko,1.00,1.00,1.00,1.00,1.00,1.37,0.00
Kyle McCann,1.00,1.00,1.00,1.00,1.00,1.37,0.00
Lucas Sims,1.00,1.00,1.00,1.00,1.00,1.37,0.00
Jairo Iriarte,1.00,1.00,1.00,1.00,1.00,1.37,0.00
Seth Brown,1.00,1.00,1.00,1.00,1.00,1.37,0.00
Seth Halvorsen,1.00,1.00,1.00,1.00,1.00,1.37,0.00
Lou Trivino,1.00,1.00,1.00,1.00,1.00,1.37,0.00
Kyle Teel,1.00,1.00,1.00,1.00,1.00,1.37,0.00
Brent Suter,1.00,1.00,1.00,1.00,1.00,1.37,0.00
Brendon Little,1.00,1.00,1.00,1.00,1.00,1.37,0.00
Logan Allen,1.00,1.00,1.00,1.00,1.00,1.37,0.00
Cam Booser,1.00,1.00,1.00,1.00,1.00,1.37,0.00
Slade Cecconi,1.00,1.00,1.00,1.00,1.00,1.37,0.00
Calvin Faucher,1.00,1.00,1.00,1.00,1.00,1.37,0.00
Thaddeus Ward,1.00,1.00,1.00,1.00,1.00,1.37,0.00
Jake Rogers,1.00,1.00,1.00,1.00,1.00,1.37,0.00
Caleb Thielbar,1.00,1.00,1.00,1.00,1.00,1.37,0.00
Spencer Bivens,1.00,1.00,1.00,1.00,1.00,1.37,0.00
Thairo Estrada,1.00,1.00,1.00,1.00,1.00,1.37,0.00
Brennan Bernardino,1.00,1.00,1.00,1.00,1.00,1.37,0.00
Caleb Kilian,1.00,1.00,1.00,1.00,1.00,1.37,0.00
Caleb Ferguson,1.00,1.00,1.00,1.00,1.00,1.37,0.00
Caleb Durbin,1.00,1.00,1.00,1.00,1.00,1.37,0.00
Brent Headrick,1.00,1.00,1.00,1.00,1.00,1.37,0.00
Tejay Antone,1.00,1.00,1.00,1.00,1.00,1.37,0.00
Spencer Strider,1.00,1.00,1.00,1.00,1.00,1.37,0.00
Logan Driscoll,1.00,1.00,1.00,1.00,1.00,1.37,0.00
Jake Meyers,1.00,1.00,1.00,1.00,1.00,1.37,0.00
Jake Cronenworth,1.00,1.00,1.00,1.00,1.00,1.37,0.00
Brenan Hanifee,1.00,1.00,1.00,1.00,1.00,1.37,0.00
Carlos Carrasco,1.00,1.00,1.00,1.00,1.00,1.37,0.00
Jake Diekman,1.00,1.00,1.00,1.00,1.00,1.37,0.00
Jake Eder,1.00,1.00,1.00,1.00,1.00,1.37,0.00
Shawn Armstrong,1.00,1.00,1.00,1.00,1.00,1.37,0.00
Shawn Dubin,1.00,1.00,1.00,1.00,1.00,1.37,0.00
Kyle Tyler,1.00,1.00,1.00,1.00,1.00,1.37,0.00
Shay Whitcomb,1.00,1.00,1.00,1.00,1.00,1.37,0.00
Kyle Wright,1.00,1.00,1.00,1.00,1.00,1.37,0.00
Brendan Rodgers,1.00,1.00,1.00,1.00,1.00,1.37,0.00
Shea Langeliers,1.00,1.00,1.00,1.00,1.00,1.37,0.00
Camilo Doval,1.00,1.00,1.00,1.00,1.00,1.37,0.00
Logan O'Hoppe,1.00,1.00,1.00,1.00,1.00,1.37,0.00
Shelby Miller,1.00,1.00,1.00,1.00,1.00,1.37,0.00
Jake Mangum,1.00,1.00,1.00,1.00,1.00,1.37,0.00
Shintaro Fujinami,1.00,1.00,1.00,1.00,1.00,1.37,0.00
Javier Báez,1.00,1.00,1.00,1.00,1.00,1.37,0.00
Ryan Webb,1.00,1.00,1.00,1.00,1.00,1.37,0.00
Paul Blackburn,1.00,1.00,1.00,1.00,1.00,1.37,0.00
Christian Bethancourt,1.00,1.00,1.00,1.00,1.00,1.37,0.00
Gabriel Arias,1.00,1.00,1.00,1.00,1.00,1.37,0.00
Drew Rasmussen,1.00,1.00,1.00,1.00,1.00,1.37,0.00
Michael Fulmer,1.00,1.00,1.00,1.00,1.00,1.37,0.00
Drew Millas,1.00,1.00,1.00,1.00,1.00,1.37,0.00
Owen White,1.00,1.00,1.00,1.00,1.00,1.37,0.00
Félix Bautista,1.00,1.00,1.00,1.00,1.00,1.37,0.00
Michael Conforto,1.00,1.00,1.00,1.00,1.00,1.37,0.00
Michael Busch,1.00,1.00,1.00,1.00,1.00,1.37,0.00
Gabe Speier,1.00,1.00,1.00,1.00,1.00,1.37,0.00
Drake Baldwin,1.00,1.00,1.00,1.00,1.00,1.37,0.00
Doug Nikhazy,1.00,1.00,1.00,1.00,1.00,1.37,0.00
Donovan Solano,1.00,1.00,1.00,1.00,1.00,1.37,0.00
Drew Romo,1.00,1.00,1.00,1.00,1.00,1.37,0.00
Patrick Bailey,1.00,1.00,1.00,1.00,1.00,1.37,0.00
Patrick Corbin,1.00,1.00,1.00,1.00,1.00,1.37,0.00
Michael A. Taylor,1.00,1.00,1.00,1.00,1.00,1.37,0.00
Dominic Fletcher,1.00,1.00,1.00,1.00,1.00,1.37,0.00
Dominic Canzone,1.00,1.00,1.00,1.00,1.00,1.37,0.00
Domingo Gonzalez,1.00,1.00,1.00,1.00,1.00,1.37,0.00
Patrick Sandoval,1.00,1.00,1.00,1.00,1.00,1.37,0.00
Paul DeJong,1.00,1.00,1.00,1.00,1.00,1.37,0.00
Paul Sewald,1.00,1.00,1.00,1.00,1.00,1.37,0.00
Paul Skenes,1.00,1.00,1.00,1.00,1.00,1.37,0.00
Drew Rom,1.00,1.00,1.00,1.00,1.00,1.37,0.00
Drew Smith,1.00,1.00,1.00,1.00,1.00,1.37,0.00
Oscar Colás,1.00,1.00,1.00,1.00,1.00,1.37,0.00
Dustin Harris,1.00,1.00,1.00,1.00,1.00,1.37,0.00
Michael Mercado,1.00,1.00,1.00,1.00,1.00,1.37,0.00
Dylan Floro,1.00,1.00,1.00,1.00,1.00,1.37,0.00
Michael McGreevy,1.00,1.00,1.00,1.00,1.00,1.37,0.00
Dylan Dodd,1.00,1.00,1.00,1.00,1.00,1.37,0.00
Michael Massey,1.00,1.00,1.00,1.00,1.00,1.37,0.00
Dylan Carlson,1.00,1.00,1.00,1.00,1.00,1.37,0.00
Fraser Ellard,1.00,1.00,1.00,1.00,1.00,1.37,0.00
Michael Kopech,1.00,1.00,1.00,1.00,1.00,1.37,0.00
Osvaldo Bido,1.00,1.00,1.00,1.00,1.00,1.37,0.00
Dustin May,1.00,1.00,1.00,1.00,1.00,1.37,0.00
Freddy Fermin,1.00,1.00,1.00,1.00,1.00,1.37,0.00
Drew Smyly,1.00,1.00,1.00,1.00,1.00,1.37,0.00
Oswald Peraza,1.00,1.00,1.00,1.00,1.00,1.37,0.00
Oswaldo Cabrera,1.00,1.00,1.00,1.00,1.00,1.37,0.00
Michael Kelly,1.00,1.00,1.00,1.00,1.00,1.37,0.00
Michael Helman,1.00,1.00,1.00,1.00,1.00,1.37,0.00
Otto Lopez,1.00,1.00,1.00,1.00,1.00,1.37,0.00
Drey Jameson,1.00,1.00,1.00,1.00,1.00,1.37,0.00
Drew Waters,1.00,1.00,1.00,1.00,1.00,1.37,0.00
Drew Thorpe,1.00,1.00,1.00,1.00,1.00,1.37,0.00
Michael Grove,1.00,1.00,1.00,1.00,1.00,1.37,0.00
Owen Caissie,1.00,1.00,1.00,1.00,1.00,1.37,0.00
Dillon Tate,1.00,1.00,1.00,1.00,1.00,1.37,0.00
Gage Workman,1.00,1.00,1.00,1.00,1.00,1.37,0.00
Dillon Dingler,1.00,1.00,1.00,1.00,1.00,1.37,0.00
Matt Waldron,1.00,1.00,1.00,1.00,1.00,1.37,0.00
Mauricio Dubón,1.00,1.00,1.00,1.00,1.00,1.37,0.00
Derek Hill,1.00,1.00,1.00,1.00,1.00,1.37,0.00
Pierce Johnson,1.00,1.00,1.00,1.00,1.00,1.37,0.00
George Soriano,1.00,1.00,1.00,1.00,1.00,1.37,0.00
Porter Hodge,1.00,1.00,1.00,1.00,1.00,1.37,0.00
Prelander Berroa,1.00,1.00,1.00,1.00,1.00,1.37,0.00
Matthew Liberatore,1.00,1.00,1.00,1.00,1.00,1.37,0.00
Dennis Santana,1.00,1.00,1.00,1.00,1.00,1.37,0.00
Matthew Boyd,1.00,1.00,1.00,1.00,1.00,1.37,0.00
Quinn Priester,1.00,1.00,1.00,1.00,1.00,1.37,0.00
Deivi García,1.00,1.00,1.00,1.00,1.00,1.37,0.00
Garrett Cleavinger,1.00,1.00,1.00,1.00,1.00,1.37,0.00
Matt Vierling,1.00,1.00,1.00,1.00,1.00,1.37,0.00
Dedniel Núñez,1.00,1.00,1.00,1.00,1.00,1.37,0.00
Declan Cronin,1.00,1.00,1.00,1.00,1.00,1.37,0.00
Gerson Garabito,1.00,1.00,1.00,1.00,1.00,1.37,0.00
Daysbel Hernández,1.00,1.00,1.00,1.00,1.00,1.37,0.00
Matt Thaiss,1.00,1.00,1.00,1.00,1.00,1.37,0.00
Rafael Marchán,1.00,1.00,1.00,1.00,1.00,1.37,0.00
Matt Strahm,1.00,1.00,1.00,1.00,1.00,1.37,0.00
Rafael Montero,1.00,1.00,1.00,1.00,1.00,1.37,0.00
Davis Schneider,1.00,1.00,1.00,1.00,1.00,1.37,0.00
Derek Law,1.00,1.00,1.00,1.00,1.00,1.37,0.00
Phil Maton,1.00,1.00,1.00,1.00,1.00,1.37,0.00
Gavin Williams,1.00,1.00,1.00,1.00,1.00,1.37,0.00
Gavin Sheets,1.00,1.00,1.00,1.00,1.00,1.37,0.00
Garrett Cooper,1.00,1.00,1.00,1.00,1.00,1.37,0.00
Garrett Crochet,1.00,1.00,1.00,1.00,1.00,1.37,0.00
Max Schuemann,1.00,1.00,1.00,1.00,1.00,1.37,0.00
Pedro León,1.00,1.00,1.00,1.00,1.00,1.37,0.00
Max Scherzer,1.00,1.00,1.00,1.00,1.00,1.37,0.00
Pedro Pagés,1.00,1.00,1.00,1.00,1.00,1.37,0.00
Diego Castillo,1.00,1.00,1.00,1.00,1.00,1.37,0.00
Max Lazar,1.00,1.00,1.00,1.00,1.00,1.37,0.00
Max Kranick,1.00,1.00,1.00,1.00,1.00,1.37,0.00
Deyvison De Los Santos,1.00,1.00,1.00,1.00,1.00,1.37,0.00
Max Kepler,1.00,1.00,1.00,1.00,1.00,1.37,0.00
Garrett Stubbs,1.00,1.00,1.00,1.00,1.00,1.37,0.00
Penn Murfee,1.00,1.00,1.00,1.00,1.00,1.37,0.00
Pete Fairbanks,1.00,1.00,1.00,1.00,1.00,1.37,0.00
Devin Williams,1.00,1.00,1.00,1.00,1.00,1.37,0.00
Devin Sweet,1.00,1.00,1.00,1.00,1.00,1.37,0.00
Garrett Whitlock,1.00,1.00,1.00,1.00,1.00,1.37,0.00
Peter Strzelecki,1.00,1.00,1.00,1.00,1.00,1.37,0.00
Petey Halpin,1.00,1.00,1.00,1.00,1.00,1.37,0.00
Gary Sánchez,1.00,1.00,1.00,1.00,1.00,1.37,0.00
Max Acosta,1.00,1.00,1.00,1.00,1.00,1.37,0.00
Oscar Gonzalez,1.00,1.00,1.00,1.00,1.00,1.37,0.00
Dylan Lee,1.00,1.00,1.00,1.00,1.00,1.37,0.00
Gio Urshela,1.00,1.00,1.00,1.00,1.00,1.37,0.00
Mitch Garver,1.00,1.00,1.00,1.00,1.00,1.37,0.00
Nick Gonzales,1.00,1.00,1.00,1.00,1.00,1.37,0.00
Emiliano Teodo,1.00,1.00,1.00,1.00,1.00,1.37,0.00
Nick Hernandez,1.00,1.00,1.00,1.00,1.00,1.37,0.00
Evan Justice,1.00,1.00,1.00,1.00,1.00,1.37,0.00
Emerson Hancock,1.00,1.00,1.00,1.00,1.00,1.37,0.00
Mitch Haniger,1.00,1.00,1.00,1.00,1.00,1.37,0.00
Evan Phillips,1.00,1.00,1.00,1.00,1.00,1.37,0.00
Elvis Peguero,1.00,1.00,1.00,1.00,1.00,1.37,0.00
Nick Loftin,1.00,1.00,1.00,1.00,1.00,1.37,0.00
Evan Reifert,1.00,1.00,1.00,1.00,1.00,1.37,0.00
Elvis Alvarado,1.00,1.00,1.00,1.00,1.00,1.37,0.00
Nick Fortes,1.00,1.00,1.00,1.00,1.00,1.37,0.00
Elvin Rodriguez,1.00,1.00,1.00,1.00,1.00,1.37,0.00
Nick Madrigal,1.00,1.00,1.00,1.00,1.00,1.37,0.00
Evan Sisk,1.00,1.00,1.00,1.00,1.00,1.37,0.00
Eloy Jiménez,1.00,1.00,1.00,1.00,1.00,1.37,0.00
Nick Maton,1.00,1.00,1.00,1.00,1.00,1.37,0.00
Nick Mears,1.00,1.00,1.00,1.00,1.00,1.37,0.00
Nick Nastrini,1.00,1.00,1.00,1.00,1.00,1.37,0.00
Everson Pereira,1.00,1.00,1.00,1.00,1.00,1.37,0.00
Miles Mastrobuoni,1.00,1.00,1.00,1.00,1.00,1.37,0.00
Ezequiel Duran,1.00,1.00,1.00,1.00,1.00,1.37,0.00
Emilio Pagán,1.00,1.00,1.00,1.00,1.00,1.37,0.00
Emmanuel Clase,1.00,1.00,1.00,1.00,1.00,1.37,0.00
Michael Petersen,1.00,1.00,1.00,1.00,1.00,1.37,0.00
Esteury Ruiz,1.00,1.00,1.00,1.00,1.00,1.37,0.00
Nate Pearson,1.00,1.00,1.00,1.00,1.00,1.37,0.00
Erik Swanson,1.00,1.00,1.00,1.00,1.00,1.37,0.00
Ernie Clement,1.00,1.00,1.00,1.00,1.00,1.37,0.00
Nasim Nuñez,1.00,1.00,1.00,1.00,1.00,1.37,0.00
Eric Wagaman,1.00,1.00,1.00,1.00,1.00,1.37,0.00
Nacho Alvarez Jr.,1.00,1.00,1.00,1.00,1.00,1.37,0.00
Eric Orze,1.00,1.00,1.00,1.00,1.00,1.37,0.00
Myles Straw,1.00,1.00,1.00,1.00,1.00,1.37,0.00
Eric Haase,1.00,1.00,1.00,1.00,1.00,1.37,0.00
Nelson Velázquez,1.00,1.00,1.00,1.00,1.00,1.37,0.00
Enyel De Los Santos,1.00,1.00,1.00,1.00,1.00,1.37,0.00
Eury Pérez,1.00,1.00,1.00,1.00,1.00,1.37,0.00
Enrique Hernández,1.00,1.00,1.00,1.00,1.00,1.37,0.00
Nic Enright,1.00,1.00,1.00,1.00,1.00,1.37,0.00
Enmanuel Valdez,1.00,1.00,1.00,1.00,1.00,1.37,0.00
Nick Ahmed,1.00,1.00,1.00,1.00,1.00,1.37,0.00
Nick Allen,1.00,1.00,1.00,1.00,1.00,1.37,0.00
Nick Anderson,1.00,1.00,1.00,1.00,1.00,1.37,0.00
Ethan Small,1.00,1.00,1.00,1.00,1.00,1.37,0.00
Endy Rodríguez,1.00,1.00,1.00,1.00,1.00,1.37,0.00
Nick Castellanos,1.00,1.00,1.00,1.00,1.00,1.37,0.00
Eugenio Suárez,1.00,1.00,1.00,1.00,1.00,1.37,0.00
Nick Pratto,1.00,1.00,1.00,1.00,1.00,1.37,0.00
Nick Robertson,1.00,1.00,1.00,1.00,1.00,1.37,0.00
Nick Sandlin,1.00,1.00,1.00,1.00,1.00,1.37,0.00
Mick Abel,1.00,1.00,1.00,1.00,1.00,1.37,0.00
Nolan Gorman,1.00,1.00,1.00,1.00,1.00,1.37,0.00
Eduard Bazardo,1.00,1.00,1.00,1.00,1.00,1.37,0.00
Edmundo Sosa,1.00,1.00,1.00,1.00,1.00,1.37,0.00
Francisco Alvarez,1.00,1.00,1.00,1.00,1.00,1.37,0.00
Miguel Castro,1.00,1.00,1.00,1.00,1.00,1.37,0.00
Edgar Quero,1.00,1.00,1.00,1.00,1.00,1.37,0.00
Miguel Andujar,1.00,1.00,1.00,1.00,1.00,1.37,0.00
Miguel Amaya,1.00,1.00,1.00,1.00,1.00,1.37,0.00
Oliver Dunn,1.00,1.00,1.00,1.00,1.00,1.37,0.00
Mickey Moniak,1.00,1.00,1.00,1.00,1.00,1.37,0.00
Omar Cruz,1.00,1.00,1.00,1.00,1.00,1.37,0.00
Nick Senzel,1.00,1.00,1.00,1.00,1.00,1.37,0.00
Michel Otañez,1.00,1.00,1.00,1.00,1.00,1.37,0.00
Omar Narváez,1.00,1.00,1.00,1.00,1.00,1.37,0.00
Michael Tonkin,1.00,1.00,1.00,1.00,1.00,1.37,0.00
Michael Toglia,1.00,1.00,1.00,1.00,1.00,1.37,0.00
Easton Lucas,1.00,1.00,1.00,1.00,1.00,1.37,0.00
Michael Soroka,1.00,1.00,1.00,1.00,1.00,1.37,0.00
Orelvis Martinez,1.00,1.00,1.00,1.00,1.00,1.37,0.00
Michael Siani,1.00,1.00,1.00,1.00,1.00,1.37,0.00
Orion Kerkering,1.00,1.00,1.00,1.00,1.00,1.37,0.00
Orlando Arcia,1.00,1.00,1.00,1.00,1.00,1.37,0.00
Nolan Arenado,1.00,1.00,1.00,1.00,1.00,1.37,0.00
Noelvi Marte,1.00,1.00,1.00,1.00,1.00,1.37,0.00
Forrest Whitley,1.00,1.00,1.00,1.00,1.00,1.37,0.00
Eduardo Salazar,1.00,1.00,1.00,1.00,1.00,1.37,0.00
Mike Yastrzemski,1.00,1.00,1.00,1.00,1.00,1.37,0.00
Elias Díaz,1.00,1.00,1.00,1.00,1.00,1.37,0.00
Nick Sogard,1.00,1.00,1.00,1.00,1.00,1.37,0.00
Mike Vasil,1.00,1.00,1.00,1.00,1.00,1.37,0.00
Eli White,1.00,1.00,1.00,1.00,1.00,1.37,0.00
Eli Morgan,1.00,1.00,1.00,1.00,1.00,1.37,0.00
Nick Yorke,1.00,1.00,1.00,1.00,1.00,1.37,0.00
Nicky Lopez,1.00,1.00,1.00,1.00,1.00,1.37,0.00
Eguy Rosario,1.00,1.00,1.00,1.00,1.00,1.37,0.00
Edwin Uceta,1.00,1.00,1.00,1.00,1.00,1.37,0.00
Mike Clevinger,1.00,1.00,1.00,1.00,1.00,1.37,0.00
Mike Burrows,1.00,1.00,1.00,1.00,1.00,1.37,0.00
Mike Brosseau,1.00,1.00,1.00,1.00,1.00,1.37,0.00
Niko Kavadas,1.00,1.00,1.00,1.00,1.00,1.37,0.00
Edwin Díaz,1.00,1.00,1.00,1.00,1.00,1.37,0.00
Miguel Vargas,1.00,1.00,1.00,1.00,1.00,1.37,0.00
Fernando Cruz,1.00,1.00,1.00,1.00,1.00,1.37,0.00
Edward Cabrera,1.00,1.00,1.00,1.00,1.00,1.37,0.00
Noah Murdock,1.00,1.00,1.00,1.00,1.00,1.37,0.00
Miguel Sanó,1.00,1.00,1.00,1.00,1.00,1.37,0.00
Miguel Rojas,1.00,1.00,1.00,1.00,1.00,1.37,0.00
Davis Daniel,1.00,1.00,1.00,1.00,1.00,1.37,0.00
Giovanny Gallegos,1.00,1.00,1.00,1.00,1.00,1.37,0.00
Ryan Walker,1.00,1.00,1.00,1.00,1.00,1.37,0.00
Collin Snider,1.00,1.00,1.00,1.00,1.00,1.37,0.00
Connor Gillispie,1.00,1.00,1.00,1.00,1.00,1.37,0.00
Héctor Neris,1.00,1.00,1.00,1.00,1.00,1.37,0.00
Connor Brogdon,1.00,1.00,1.00,1.00,1.00,1.37,0.00
Ian Anderson,1.00,1.00,1.00,1.00,1.00,1.37,0.00
Ian Hamilton,1.00,1.00,1.00,1.00,1.00,1.37,0.00
Colten Brewer,1.00,1.00,1.00,1.00,1.00,1.37,0.00
Colt Keith,1.00,1.00,1.00,1.00,1.00,1.37,0.00
Ronny Henriquez,1.00,1.00,1.00,1.00,1.00,1.37,0.00
Colson Montgomery,1.00,1.00,1.00,1.00,1.00,1.37,0.00
Kumar Rocker,1.00,1.00,1.00,1.00,1.00,1.37,0.00
Ian Seymour,1.00,1.00,1.00,1.00,1.00,1.37,0.00
Romy Gonzalez,1.00,1.00,1.00,1.00,1.00,1.37,0.00
MJ Melendez,1.00,1.00,1.00,1.00,1.00,1.37,0.00
Colin Selby,1.00,1.00,1.00,1.00,1.00,1.37,0.00
Colin Poche,1.00,1.00,1.00,1.00,1.00,1.37,0.00
Lyon Richardson,1.00,1.00,1.00,1.00,1.00,1.37,0.00
Colin Holderman,1.00,1.00,1.00,1.00,1.00,1.37,0.00
Luken Baker,1.00,1.00,1.00,1.00,1.00,1.37,0.00
Luke Williams,1.00,1.00,1.00,1.00,1.00,1.37,0.00
Luke Weaver,1.00,1.00,1.00,1.00,1.00,1.37,0.00
Cole Young,1.00,1.00,1.00,1.00,1.00,1.37,0.00
Ross Stripling,1.00,1.00,1.00,1.00,1.00,1.37,0.00
Ron Marinaccio,1.00,1.00,1.00,1.00,1.00,1.37,0.00
Hyeseong Kim,1.00,1.00,1.00,1.00,1.00,1.37,0.00
Manuel Rodríguez,1.00,1.00,1.00,1.00,1.00,1.37,0.00
Cooper Criswell,1.00,1.00,1.00,1.00,1.00,1.37,0.00
Cristian Javier,1.00,1.00,1.00,1.00,1.00,1.37,0.00
Robert Stephenson,1.00,1.00,1.00,1.00,1.00,1.37,0.00
Robert Suarez,1.00,1.00,1.00,1.00,1.00,1.37,0.00
Huascar Brazobán,1.00,1.00,1.00,1.00,1.00,1.37,0.00
Huascar Ynoa,1.00,1.00,1.00,1.00,1.00,1.37,0.00
Manuel Margot,1.00,1.00,1.00,1.00,1.00,1.37,0.00
Craig Kimbrel,1.00,1.00,1.00,1.00,1.00,1.37,0.00
Roddery Muñoz,1.00,1.00,1.00,1.00,1.00,1.37,0.00
Hunter Bigge,1.00,1.00,1.00,1.00,1.00,1.37,0.00
Hunter Gaddis,1.00,1.00,1.00,1.00,1.00,1.37,0.00
Hunter Goodman,1.00,1.00,1.00,1.00,1.00,1.37,0.00
Connor Joe,1.00,1.00,1.00,1.00,1.00,1.37,0.00
Cooper Bowman,1.00,1.00,1.00,1.00,1.00,1.37,0.00
Hunter Harvey,1.00,1.00,1.00,1.00,1.00,1.37,0.00
Connor Wong,1.00,1.00,1.00,1.00,1.00,1.37,0.00
Connor Thomas,1.00,1.00,1.00,1.00,1.00,1.37,0.00
Connor Seabold,1.00,1.00,1.00,1.00,1.00,1.37,0.00
Connor Phillips,1.00,1.00,1.00,1.00,1.00,1.37,0.00
Hunter Renfroe,1.00,1.00,1.00,1.00,1.00,1.37,0.00
Connor Norby,1.00,1.00,1.00,1.00,1.00,1.37,0.00
Hunter Stratton,1.00,1.00,1.00,1.00,1.00,1.37,0.00
Hunter Strickland,1.00,1.00,1.00,1.00,1.00,1.37,0.00
Rowdy Tellez,1.00,1.00,1.00,1.00,1.00,1.37,0.00
Cole Sulser,1.00,1.00,1.00,1.00,1.00,1.37,0.00
Cole Sands,1.00,1.00,1.00,1.00,1.00,1.37,0.00
Ryan Mountcastle,1.00,1.00,1.00,1.00,1.00,1.37,0.00
J.B. Wendelken,1.00,1.00,1.00,1.00,1.00,1.37,0.00
Clarke Schmidt,1.00,1.00,1.00,1.00,1.00,1.37,0.00
Ryan Kreidler,1.00,1.00,1.00,1.00,1.00,1.37,0.00
Cionel Pérez,1.00,1.00,1.00,1.00,1.00,1.37,0.00
J.C. Escarra,1.00,1.00,1.00,1.00,1.00,1.37,0.00
J.D. Davis,1.00,1.00,1.00,1.00,1.00,1.37,0.00
J.D. Martinez,1.00,1.00,1.00,1.00,1.00,1.37,0.00
Ryan Loutos,1.00,1.00,1.00,1.00,1.00,1.37,0.00
Christian Vázquez,1.00,1.00,1.00,1.00,1.00,1.37,0.00
Ryan Miller,1.00,1.00,1.00,1.00,1.00,1.37,0.00
J.P. France,1.00,1.00,1.00,1.00,1.00,1.37,0.00
Isaac Collins,1.00,1.00,1.00,1.00,1.00,1.37,0.00
Ryan Noda,1.00,1.00,1.00,1.00,1.00,1.37,0.00
Ryan O'Hearn,1.00,1.00,1.00,1.00,1.00,1.37,0.00
Christian Roa,1.00,1.00,1.00,1.00,1.00,1.37,0.00
Christian Moore,1.00,1.00,1.00,1.00,1.00,1.37,0.00
Ryan Pressly,1.00,1.00,1.00,1.00,1.00,1.37,0.00
J.T. Ginn,1.00,1.00,1.00,1.00,1.00,1.37,0.00
J.T. Realmuto,1.00,1.00,1.00,1.00,1.00,1.37,0.00
JJ Bleday,1.00,1.00,1.00,1.00,1.00,1.37,0.00
Christian Encarnacion-Strand,1.00,1.00,1.00,1.00,1.00,1.37,0.00
Ryan Thompson,1.00,1.00,1.00,1.00,1.00,1.37,0.00
Ryan Jeffers,1.00,1.00,1.00,1.00,1.00,1.37,0.00
Clay Holmes,1.00,1.00,1.00,1.00,1.00,1.37,0.00
Ryan Helsley,1.00,1.00,1.00,1.00,1.00,1.37,0.00
Clayton Beeter,1.00,1.00,1.00,1.00,1.00,1.37,0.00
Luke Raley,1.00,1.00,1.00,1.00,1.00,1.37,0.00
Luke Maile,1.00,1.00,1.00,1.00,1.00,1.37,0.00
Luke Little,1.00,1.00,1.00,1.00,1.00,1.37,0.00
Luke Keaschall,1.00,1.00,1.00,1.00,1.00,1.37,0.00
Luke Jackson,1.00,1.00,1.00,1.00,1.00,1.37,0.00
Colby Thomas,1.00,1.00,1.00,1.00,1.00,1.37,0.00
Ryan Bliss,1.00,1.00,1.00,1.00,1.00,1.37,0.00
Isiah Kiner-Falefa,1.00,1.00,1.00,1.00,1.00,1.37,0.00
Ryan Borucki,1.00,1.00,1.00,1.00,1.00,1.37,0.00
Ryan Brasier,1.00,1.00,1.00,1.00,1.00,1.37,0.00
Ryan Burr,1.00,1.00,1.00,1.00,1.00,1.37,0.00
Cody Poteet,1.00,1.00,1.00,1.00,1.00,1.37,0.00
Luisangel Acuña,1.00,1.00,1.00,1.00,1.00,1.37,0.00
Cody Bradford,1.00,1.00,1.00,1.00,1.00,1.37,0.00
Cody Bolton,1.00,1.00,1.00,1.00,1.00,1.37,0.00
Ryan Fernandez,1.00,1.00,1.00,1.00,1.00,1.37,0.00
Coby Mayo,1.00,1.00,1.00,1.00,1.00,1.37,0.00
Ryan Gusto,1.00,1.00,1.00,1.00,1.00,1.37,0.00
Luis Urías,1.00,1.00,1.00,1.00,1.00,1.37,0.00
Clayton Kershaw,1.00,1.00,1.00,1.00,1.00,1.37,0.00
Luis Torrens,1.00,1.00,1.00,1.00,1.00,1.37,0.00
Cristian Mena,1.00,1.00,1.00,1.00,1.00,1.37,0.00
Hogan Harris,1.00,1.00,1.00,1.00,1.00,1.37,0.00
David Robertson,1.00,1.00,1.00,1.00,1.00,1.37,0.00
Griffin Conine,1.00,1.00,1.00,1.00,1.00,1.37,0.00
Darren Baker,1.00,1.00,1.00,1.00,1.00,1.37,0.00
Matt Festa,1.00,1.00,1.00,1.00,1.00,1.37,0.00
Greg Jones,1.00,1.00,1.00,1.00,1.00,1.37,0.00
Greg Weissert,1.00,1.00,1.00,1.00,1.00,1.37,0.00
Matt Duffy,1.00,1.00,1.00,1.00,1.00,1.37,0.00
Gregory Santos,1.00,1.00,1.00,1.00,1.00,1.37,0.00
Gregory Soto,1.00,1.00,1.00,1.00,1.00,1.37,0.00
Matt Carpenter,1.00,1.00,1.00,1.00,1.00,1.37,0.00
Griffin Canning,1.00,1.00,1.00,1.00,1.00,1.37,0.00
Matt Brash,1.00,1.00,1.00,1.00,1.00,1.37,0.00
Matt Bowman,1.00,1.00,1.00,1.00,1.00,1.37,0.00
Matt Gage,1.00,1.00,1.00,1.00,1.00,1.37,0.00
Griffin Jax,1.00,1.00,1.00,1.00,1.00,1.37,0.00
Reed Garrett,1.00,1.00,1.00,1.00,1.00,1.37,0.00
Reese McGuire,1.00,1.00,1.00,1.00,1.00,1.37,0.00
Reese Olson,1.00,1.00,1.00,1.00,1.00,1.37,0.00
Matt Barnes,1.00,1.00,1.00,1.00,1.00,1.37,0.00
Darell Hernaiz,1.00,1.00,1.00,1.00,1.00,1.37,0.00
Danny Young,1.00,1.00,1.00,1.00,1.00,1.37,0.00
Guillo Zuñiga,1.00,1.00,1.00,1.00,1.00,1.37,0.00
Mason Thompson,1.00,1.00,1.00,1.00,1.00,1.37,0.00
Gunnar Hoglund,1.00,1.00,1.00,1.00,1.00,1.37,0.00
Randy Vásquez,1.00,1.00,1.00,1.00,1.00,1.37,0.00
Randy Rodríguez,1.00,1.00,1.00,1.00,1.00,1.37,0.00
Hoby Milner,1.00,1.00,1.00,1.00,1.00,1.37,0.00
Graham Pauley,1.00,1.00,1.00,1.00,1.00,1.37,0.00
David Peterson,1.00,1.00,1.00,1.00,1.00,1.37,0.00
David Peralta,1.00,1.00,1.00,1.00,1.00,1.37,0.00
Matt Moore,1.00,1.00,1.00,1.00,1.00,1.37,0.00
Gordon Graceffo,1.00,1.00,1.00,1.00,1.00,1.37,0.00
Raisel Iglesias,1.00,1.00,1.00,1.00,1.00,1.37,0.00
Grae Kessinger,1.00,1.00,1.00,1.00,1.00,1.37,0.00
Matt Mervis,1.00,1.00,1.00,1.00,1.00,1.37,0.00
Graham Ashcraft,1.00,1.00,1.00,1.00,1.00,1.37,0.00
David Hamilton,1.00,1.00,1.00,1.00,1.00,1.37,0.00
Matt Manning,1.00,1.00,1.00,1.00,1.00,1.37,0.00
David Fry,1.00,1.00,1.00,1.00,1.00,1.37,0.00
Grant Wolfram,1.00,1.00,1.00,1.00,1.00,1.37,0.00
Grant Anderson,1.00,1.00,1.00,1.00,1.00,1.37,0.00
David Festa,1.00,1.00,1.00,1.00,1.00,1.37,0.00
Ramón Laureano,1.00,1.00,1.00,1.00,1.00,1.37,0.00
Ramón Urías,1.00,1.00,1.00,1.00,1.00,1.37,0.00
David Bednar,1.00,1.00,1.00,1.00,1.00,1.37,0.00
Randal Grichuk,1.00,1.00,1.00,1.00,1.00,1.37,0.00
Grant Holman,1.00,1.00,1.00,1.00,1.00,1.37,0.00
Grant Holmes,1.00,1.00,1.00,1.00,1.00,1.37,0.00
Dauri Moreta,1.00,1.00,1.00,1.00,1.00,1.37,0.00
Grant McCray,1.00,1.00,1.00,1.00,1.00,1.37,0.00
Danny Jansen,1.00,1.00,1.00,1.00,1.00,1.37,0.00
Gus Varland,1.00,1.00,1.00,1.00,1.00,1.37,0.00
Mason Montgomery,1.00,1.00,1.00,1.00,1.00,1.37,0.00
Henry Davis,1.00,1.00,1.00,1.00,1.00,1.37,0.00
Riley Adams,1.00,1.00,1.00,1.00,1.00,1.37,0.00
Dakota Hudson,1.00,1.00,1.00,1.00,1.00,1.37,0.00
Marcus Stroman,1.00,1.00,1.00,1.00,1.00,1.37,0.00
Riley O'Brien,1.00,1.00,1.00,1.00,1.00,1.37,0.00
Heliot Ramos,1.00,1.00,1.00,1.00,1.00,1.37,0.00
DaShawn Keirsey Jr.,1.00,1.00,1.00,1.00,1.00,1.37,0.00
DL Hall,1.00,1.00,1.00,1.00,1.00,1.37,0.00
DJ Stewart,1.00,1.00,1.00,1.00,1.00,1.37,0.00
DJ LeMahieu,1.00,1.00,1.00,1.00,1.00,1.37,0.00
DJ Herz,1.00,1.00,1.00,1.00,1.00,1.37,0.00
Roansy Contreras,1.00,1.00,1.00,1.00,1.00,1.37,0.00
Gustavo Campero,1.00,1.00,1.00,1.00,1.00,1.37,0.00
César Salazar,1.00,1.00,1.00,1.00,1.00,1.37,0.00
Curtis Mead,1.00,1.00,1.00,1.00,1.00,1.37,0.00
Curt Casali,1.00,1.00,1.00,1.00,1.00,1.37,0.00
Robbie Grossman,1.00,1.00,1.00,1.00,1.00,1.37,0.00
Marco Luciano,1.00,1.00,1.00,1.00,1.00,1.37,0.00
Marcelo Mayer,1.00,1.00,1.00,1.00,1.00,1.37,0.00
Heston Kjerstad,1.00,1.00,1.00,1.00,1.00,1.37,0.00
Robert Garcia,1.00,1.00,1.00,1.00,1.00,1.37,0.00
Marc Church,1.00,1.00,1.00,1.00,1.00,1.37,0.00
Robert Hassell III,1.00,1.00,1.00,1.00,1.00,1.37,0.00
Hayden Wesneski,1.00,1.00,1.00,1.00,1.00,1.37,0.00
Mark Leiter Jr.,1.00,1.00,1.00,1.00,1.00,1.37,0.00
Dan Altavilla,1.00,1.00,1.00,1.00,1.00,1.37,0.00
Dane Acker,1.00,1.00,1.00,1.00,1.00,1.37,0.00
Mason Miller,1.00,1.00,1.00,1.00,1.00,1.37,0.00
Danny Coulombe,1.00,1.00,1.00,1.00,1.00,1.37,0.00
Génesis Cabrera,1.00,1.00,1.00,1.00,1.00,1.37,0.00
Mason Englert,1.00,1.00,1.00,1.00,1.00,1.37,0.00
René Pinto,1.00,1.00,1.00,1.00,1.00,1.37,0.00
Daniel Schneemann,1.00,1.00,1.00,1.00,1.00,1.37,0.00
Mason Black,1.00,1.00,1.00,1.00,1.00,1.37,0.00
Daniel Robert,1.00,1.00,1.00,1.00,1.00,1.37,0.00
Hans Crouse,1.00,1.00,1.00,1.00,1.00,1.37,0.00
Rhett Lowder,1.00,1.00,1.00,1.00,1.00,1.37,0.00
Rhys Hoskins,1.00,1.00,1.00,1.00,1.00,1.37,0.00
Daniel Lynch IV,1.00,1.00,1.00,1.00,1.00,1.37,0.00
Martín Maldonado,1.00,1.00,1.00,1.00,1.00,1.37,0.00
Harrison Bader,1.00,1.00,1.00,1.00,1.00,1.37,0.00
Hayden Birdsong,1.00,1.00,1.00,1.00,1.00,1.37,0.00
Richard Fitts,1.00,1.00,1.00,1.00,1.00,1.37,0.00
Richard Lovelady,1.00,1.00,1.00,1.00,1.00,1.37,0.00
Daniel Bard,1.00,1.00,1.00,1.00,1.00,1.37,0.00
Mark Vientos,1.00,1.00,1.00,1.00,1.00,1.37,0.00
Dane Myers,1.00,1.00,1.00,1.00,1.00,1.37,0.00
Dane Dunning,1.00,1.00,1.00,1.00,1.00,1.37,0.00
Ronny Mauricio,1.00,1.00,1.00,1.00,1.00,1.37,0.00
Erik Miller,1.00,1.00,1.00,1.00,1.00,1.37,0.00
Jonathan Bowlan,1.00,1.00,1.00,1.00,1.00,1.37,0.00
Austin Hedges,1.00,1.00,1.00,1.00,1.00,1.37,0.00
Austin Barnes,1.00,1.00,1.00,1.00,1.00,1.37,0.00
Tyler Wade,1.00,1.00,1.00,1.00,1.00,1.37,0.00
Andrew Chafin,1.00,1.00,1.00,1.00,1.00,1.37,0.00
Alex Jackson,1.00,1.00,1.00,1.00,1.00,1.37,0.00
Austin Davis,1.00,1.00,1.00,1.00,1.00,1.37,0.00
Alex Lange,1.00,1.00,1.00,1.00,1.00,1.37,0.00
Kenta Maeda,1.00,1.00,1.00,1.00,1.00,1.37,0.00
Tyler Stephenson,1.00,1.00,1.00,1.00,1.00,1.37,0.00
Josiah Gray,1.00,1.00,1.00,1.00,1.00,1.37,0.00
Tyler Soderstrom,1.00,1.00,1.00,1.00,1.00,1.37,0.00
Andrew Benintendi,1.00,1.00,1.00,1.00,1.00,1.37,0.00
Austin Hays,1.00,1.00,1.00,1.00,1.00,1.37,0.00
Jordan Montgomery,1.00,1.00,1.00,1.00,1.00,1.37,0.00
Tyler Alexander,1.00,1.00,1.00,1.00,1.00,1.37,0.00
Jose Herrera,1.00,1.00,1.00,1.00,1.00,1.37,0.00
Jhoan Duran,1.00,1.00,1.00,1.00,1.00,1.37,0.00
Zac Veen,1.00,1.00,1.00,1.00,1.00,1.37,0.00
Jose Iglesias,1.00,1.00,1.00,1.00,1.00,1.37,0.00
Yennier Cano,1.00,1.00,1.00,1.00,1.00,1.37,0.00
Tyler Rogers,1.00,1.00,1.00,1.00,1.00,1.37,0.00
Kerry Carpenter,1.00,1.00,1.00,1.00,1.00,1.37,0.00
Joshua Palacios,1.00,1.00,1.00,1.00,1.00,1.37,0.00
Zach Brzykcy,1.00,1.00,1.00,1.00,1.00,1.37,0.00
Keston Hiura,1.00,1.00,1.00,1.00,1.00,1.37,0.00
Tyler Phillips,1.00,1.00,1.00,1.00,1.00,1.37,0.00
Jordan Leasure,1.00,1.00,1.00,1.00,1.00,1.37,0.00
John King,1.00,1.00,1.00,1.00,1.00,1.37,0.00
Addison Barger,1.00,1.00,1.00,1.00,1.00,1.37,0.00
Tyler Wells,1.00,1.00,1.00,1.00,1.00,1.37,0.00
Austin Adams,1.00,1.00,1.00,1.00,1.00,1.37,0.00
Ji Hwan Bae,1.00,1.00,1.00,1.00,1.00,1.37,0.00
Will Warren,1.00,1.00,1.00,1.00,1.00,1.37,0.00
Jordan Walker,1.00,1.00,1.00,1.00,1.00,1.37,0.00
Victor Caratini,1.00,1.00,1.00,1.00,1.00,1.37,0.00
Alex Cobb,1.00,1.00,1.00,1.00,1.00,1.37,0.00
Yoán Moncada,1.00,1.00,1.00,1.00,1.00,1.37,0.00
Yuki Matsui,1.00,1.00,1.00,1.00,1.00,1.37,0.00
Yuli Gurriel,1.00,1.00,1.00,1.00,1.00,1.37,0.00
Jhony Brito,1.00,1.00,1.00,1.00,1.00,1.37,0.00
Kendall Graveman,1.00,1.00,1.00,1.00,1.00,1.37,0.00
Andrew McCutchen,1.00,1.00,1.00,1.00,1.00,1.37,0.00
Aroldis Chapman,1.00,1.00,1.00,1.00,1.00,1.37,0.00
Jhonny Pereda,1.00,1.00,1.00,1.00,1.00,1.37,0.00
Valente Bellozo,1.00,1.00,1.00,1.00,1.00,1.37,0.00
Tyson Miller,1.00,1.00,1.00,1.00,1.00,1.37,0.00
Tyrone Taylor,1.00,1.00,1.00,1.00,1.00,1.37,0.00
Jhonkensy Noel,1.00,1.00,1.00,1.00,1.00,1.37,0.00
Andrew Kittredge,1.00,1.00,1.00,1.00,1.00,1.37,0.00
Alex Faedo,1.00,1.00,1.00,1.00,1.00,1.37,0.00
Jordan Romano,1.00,1.00,1.00,1.00,1.00,1.37,0.00
Tylor Megill,1.00,1.00,1.00,1.00,1.00,1.37,0.00
Tyler Zuber,1.00,1.00,1.00,1.00,1.00,1.37,0.00
Kenley Jansen,1.00,1.00,1.00,1.00,1.00,1.37,0.00
Justin Hagenman,1.00,1.00,1.00,1.00,1.00,1.37,0.00
Jhonathan Díaz,1.00,1.00,1.00,1.00,1.00,1.37,0.00
Jordan Lawlar,1.00,1.00,1.00,1.00,1.00,1.37,0.00
Austin Shenton,1.00,1.00,1.00,1.00,1.00,1.37,0.00
Austin Slater,1.00,1.00,1.00,1.00,1.00,1.37,0.00
Tyler Ferguson,1.00,1.00,1.00,1.00,1.00,1.37,0.00
Alex Vesia,1.00,1.00,1.00,1.00,1.00,1.37,0.00
Josh Winckowski,1.00,1.00,1.00,1.00,1.00,1.37,0.00
Kevin Herget,1.00,1.00,1.00,1.00,1.00,1.37,0.00
Kevin Kelly,1.00,1.00,1.00,1.00,1.00,1.37,0.00
Adam Duvall,1.00,1.00,1.00,1.00,1.00,1.37,0.00
Andre Pallante,1.00,1.00,1.00,1.00,1.00,1.37,0.00
Alex Wood,1.00,1.00,1.00,1.00,1.00,1.37,0.00
Ben Brown,1.00,1.00,1.00,1.00,1.00,1.37,0.00
Josh Walker,1.00,1.00,1.00,1.00,1.00,1.37,0.00
Ben Casparius,1.00,1.00,1.00,1.00,1.00,1.37,0.00
Adam Cimber,1.00,1.00,1.00,1.00,1.00,1.37,0.00
Jose Miranda,1.00,1.00,1.00,1.00,1.00,1.37,0.00
Alex Young,1.00,1.00,1.00,1.00,1.00,1.37,0.00
Ben Gamel,1.00,1.00,1.00,1.00,1.00,1.37,0.00
Adael Amador,1.00,1.00,1.00,1.00,1.00,1.37,0.00
Johnathan Rodriguez,1.00,1.00,1.00,1.00,1.00,1.37,0.00
Ben Joyce,1.00,1.00,1.00,1.00,1.00,1.37,0.00
Jordan Beck,1.00,1.00,1.00,1.00,1.00,1.37,0.00
Kevin Newman,1.00,1.00,1.00,1.00,1.00,1.37,0.00
Tyler Black,1.00,1.00,1.00,1.00,1.00,1.37,0.00
Jordan Balazovic,1.00,1.00,1.00,1.00,1.00,1.37,0.00
Justin Anderson,1.00,1.00,1.00,1.00,1.00,1.37,0.00
Anderson Pilar,1.00,1.00,1.00,1.00,1.00,1.37,0.00
Josh Staumont,1.00,1.00,1.00,1.00,1.00,1.37,0.00
Kevin Pillar,1.00,1.00,1.00,1.00,1.00,1.37,0.00
Adam Frazier,1.00,1.00,1.00,1.00,1.00,1.37,0.00
Josh Winder,1.00,1.00,1.00,1.00,1.00,1.37,0.00
Kevin Alcántara,1.00,1.00,1.00,1.00,1.00,1.37,0.00
Alex Verdugo,1.00,1.00,1.00,1.00,1.00,1.37,0.00
Adam Ottavino,1.00,1.00,1.00,1.00,1.00,1.37,0.00
Austin Warren,1.00,1.00,1.00,1.00,1.00,1.37,0.00
Austin Wells,1.00,1.00,1.00,1.00,1.00,1.37,0.00
Austin Wynns,1.00,1.00,1.00,1.00,1.00,1.37,0.00
Jordan Hicks,1.00,1.00,1.00,1.00,1.00,1.37,0.00
Tyler Matzek,1.00,1.00,1.00,1.00,1.00,1.37,0.00
Tyler Locklear,1.00,1.00,1.00,1.00,1.00,1.37,0.00
Tyler Kinley,1.00,1.00,1.00,1.00,1.00,1.37,0.00
Zach DeLoach,1.00,1.00,1.00,1.00,1.00,1.37,0.00
Juan Yepez,1.00,1.00,1.00,1.00,1.00,1.37,0.00
Bailey Horn,1.00,1.00,1.00,1.00,1.00,1.37,0.00
Adam Mazur,1.00,1.00,1.00,1.00,1.00,1.37,0.00
Tyler Holton,1.00,1.00,1.00,1.00,1.00,1.37,0.00
Zach Dezenzo,1.00,1.00,1.00,1.00,1.00,1.37,0.00
Adam Macko,1.00,1.00,1.00,1.00,1.00,1.37,0.00
Alex Speas,1.00,1.00,1.00,1.00,1.00,1.37,0.00
John Schreiber,1.00,1.00,1.00,1.00,1.00,1.37,0.00
Jesus Tinoco,1.00,1.00,1.00,1.00,1.00,1.37,0.00
Tyler Heineman,1.00,1.00,1.00,1.00,1.00,1.37,0.00
Wilmer Flores,1.00,1.00,1.00,1.00,1.00,1.37,0.00
Kevin Ginkel,1.00,1.00,1.00,1.00,1.00,1.37,0.00
Tyler Glasnow,1.00,1.00,1.00,1.00,1.00,1.37,0.00
Beau Brieske,1.00,1.00,1.00,1.00,1.00,1.37,0.00
Tyler Gilbert,1.00,1.00,1.00,1.00,1.00,1.37,0.00
Tyler Gentry,1.00,1.00,1.00,1.00,1.00,1.37,0.00
Andrew Nardi,1.00,1.00,1.00,1.00,1.00,1.37,0.00
Jordan Wicks,1.00,1.00,1.00,1.00,1.00,1.37,0.00
Jose E. Hernandez,1.00,1.00,1.00,1.00,1.00,1.37,0.00
Joey Wentz,1.00,1.00,1.00,1.00,1.00,1.37,0.00
Jorge Polanco,1.00,1.00,1.00,1.00,1.00,1.37,0.00
Joey Wiemer,1.00,1.00,1.00,1.00,1.00,1.37,0.00
Jorge Barrosa,1.00,1.00,1.00,1.00,1.00,1.37,0.00
Wandy Peralta,1.00,1.00,1.00,1.00,1.00,1.37,0.00
Justin Wilson,1.00,1.00,1.00,1.00,1.00,1.37,0.00
Albert Suárez,1.00,1.00,1.00,1.00,1.00,1.37,0.00
Joe Mantiply,1.00,1.00,1.00,1.00,1.00,1.37,0.00
Jorge Alcala,1.00,1.00,1.00,1.00,1.00,1.37,0.00
Yimi García,1.00,1.00,1.00,1.00,1.00,1.37,0.00
Will Benson,1.00,1.00,1.00,1.00,1.00,1.37,0.00
Joe Kelly,1.00,1.00,1.00,1.00,1.00,1.37,0.00
Will Brennan,1.00,1.00,1.00,1.00,1.00,1.37,0.00
Juan Brito,1.00,1.00,1.00,1.00,1.00,1.37,0.00
Angel Zerpa,1.00,1.00,1.00,1.00,1.00,1.37,0.00
Justin Topa,1.00,1.00,1.00,1.00,1.00,1.37,0.00
Yilber Diaz,1.00,1.00,1.00,1.00,1.00,1.37,0.00
Joe Jiménez,1.00,1.00,1.00,1.00,1.00,1.37,0.00
Walter Pennington,1.00,1.00,1.00,1.00,1.00,1.37,0.00
Joe Jacques,1.00,1.00,1.00,1.00,1.00,1.37,0.00
Andrés Muñoz,1.00,1.00,1.00,1.00,1.00,1.37,0.00
Justin Sterner,1.00,1.00,1.00,1.00,1.00,1.37,0.00
Albert Abreu,1.00,1.00,1.00,1.00,1.00,1.37,0.00
Anthony Banda,1.00,1.00,1.00,1.00,1.00,1.37,0.00
Andrés Chaparro,1.00,1.00,1.00,1.00,1.00,1.37,0.00
Ke'Bryan Hayes,1.00,1.00,1.00,1.00,1.00,1.37,0.00
Angel Perdomo,1.00,1.00,1.00,1.00,1.00,1.37,0.00
Kameron Misner,1.00,1.00,1.00,1.00,1.00,1.37,0.00
Jose A. Ferrer,1.00,1.00,1.00,1.00,1.00,1.37,0.00
Andy Ibáñez,1.00,1.00,1.00,1.00,1.00,1.37,0.00
Joey Cantillo,1.00,1.00,1.00,1.00,1.00,1.37,0.00
Joey Gallo,1.00,1.00,1.00,1.00,1.00,1.37,0.00
Yoendrys Gómez,1.00,1.00,1.00,1.00,1.00,1.37,0.00
Joely Rodríguez,1.00,1.00,1.00,1.00,1.00,1.37,0.00
Alec Burleson,1.00,1.00,1.00,1.00,1.00,1.37,0.00
Whit Merrifield,1.00,1.00,1.00,1.00,1.00,1.37,0.00
Joel Payamps,1.00,1.00,1.00,1.00,1.00,1.37,0.00
Weston Wilson,1.00,1.00,1.00,1.00,1.00,1.37,0.00
Angel Bastardo,1.00,1.00,1.00,1.00,1.00,1.37,0.00
Yohan Ramírez,1.00,1.00,1.00,1.00,1.00,1.37,0.00
Alec Marsh,1.00,1.00,1.00,1.00,1.00,1.37,0.00
Jorge López,1.00,1.00,1.00,1.00,1.00,1.37,0.00
Angel Chivilli,1.00,1.00,1.00,1.00,1.00,1.37,0.00
Joey Loperfido,1.00,1.00,1.00,1.00,1.00,1.37,0.00
Joey Lucchesi,1.00,1.00,1.00,1.00,1.00,1.37,0.00
Jorge Mateo,1.00,1.00,1.00,1.00,1.00,1.37,0.00
Aledmys Díaz,1.00,1.00,1.00,1.00,1.00,1.37,0.00
Joey Ortiz,1.00,1.00,1.00,1.00,1.00,1.37,0.00
Andy Pages,1.00,1.00,1.00,1.00,1.00,1.37,0.00
Justin Wrobleski,1.00,1.00,1.00,1.00,1.00,1.37,0.00
Wenceel Pérez,1.00,1.00,1.00,1.00,1.00,1.37,0.00
Kaleb Ort,1.00,1.00,1.00,1.00,1.00,1.37,0.00
Joe Ross,1.00,1.00,1.00,1.00,1.00,1.37,0.00
Joey Wendle,1.00,1.00,1.00,1.00,1.00,1.37,0.00
Angel Martínez,1.00,1.00,1.00,1.00,1.00,1.37,0.00
Anthony Bender,1.00,1.00,1.00,1.00,1.00,1.37,0.00
Joe Boyle,1.00,1.00,1.00,1.00,1.00,1.37,0.00
Adrian Del Castillo,1.00,1.00,1.00,1.00,1.00,1.37,0.00
Anthony Veneziano,1.00,1.00,1.00,1.00,1.00,1.37,0.00
JoJo Romero,1.00,1.00,1.00,1.00,1.00,1.37,0.00
Vidal Bruján,1.00,1.00,1.00,1.00,1.00,1.37,0.00
José Leclerc,1.00,1.00,1.00,1.00,1.00,1.37,0.00
Victor Vodnik,1.00,1.00,1.00,1.00,1.00,1.37,0.00
Keider Montero,1.00,1.00,1.00,1.00,1.00,1.37,0.00
Justin Martinez,1.00,1.00,1.00,1.00,1.00,1.37,0.00
José Cisnero,1.00,1.00,1.00,1.00,1.00,1.37,0.00
Victor Scott II,1.00,1.00,1.00,1.00,1.00,1.37,0.00
José Caballero,1.00,1.00,1.00,1.00,1.00,1.37,0.00
Jose Cuas,1.00,1.00,1.00,1.00,1.00,1.37,0.00
Adrian Morejon,1.00,1.00,1.00,1.00,1.00,1.37,0.00
José Buttó,1.00,1.00,1.00,1.00,1.00,1.37,0.00
Jimmy Herget,1.00,1.00,1.00,1.00,1.00,1.37,0.00
Victor Mesa Jr.,1.00,1.00,1.00,1.00,1.00,1.37,0.00
Justin Lawrence,1.00,1.00,1.00,1.00,1.00,1.37,0.00
Victor Mederos,1.00,1.00,1.00,1.00,1.00,1.37,0.00
John Brebbia,1.00,1.00,1.00,1.00,1.00,1.37,0.00
Yosver Zulueta,1.00,1.00,1.00,1.00,1.00,1.37,0.00
Kelvin Cáceres,1.00,1.00,1.00,1.00,1.00,1.37,0.00
José Alvarado,1.00,1.00,1.00,1.00,1.00,1.37,0.00
José Abreu,1.00,1.00,1.00,1.00,1.00,1.37,0.00
Will Vest,1.00,1.00,1.00,1.00,1.00,1.37,0.00
Victor González,1.00,1.00,1.00,1.00,1.00,1.37,0.00
Andrew Painter,1.00,1.00,1.00,1.00,1.00,1.37,0.00
Yerry De Los Santos,1.00,1.00,1.00,1.00,1.00,1.37,0.00
Andrew Vaughn,1.00,1.00,1.00,1.00,1.00,1.37,0.00
Keibert Ruiz,1.00,1.00,1.00,1.00,1.00,1.37,0.00
Justin Slaten,1.00,1.00,1.00,1.00,1.00,1.37,0.00
Joan Adon,1.00,1.00,1.00,1.00,1.00,1.37,0.00
Alan Rangel,1.00,1.00,1.00,1.00,1.00,1.37,0.00
Anthony DeSclafani,1.00,1.00,1.00,1.00,1.00,1.37,0.00
Wade Miley,1.00,1.00,1.00,1.00,1.00,1.37,0.00
Wade Meckler,1.00,1.00,1.00,1.00,1.00,1.37,0.00
Keaton Winn,1.00,1.00,1.00,1.00,1.00,1.37,0.00
Alek Jacob,1.00,1.00,1.00,1.00,1.00,1.37,0.00
Alek Manoah,1.00,1.00,1.00,1.00,1.00,1.37,0.00
Andruw Monasterio,1.00,1.00,1.00,1.00,1.00,1.37,0.00
Alek Thomas,1.00,1.00,1.00,1.00,1.00,1.37,0.00
Johan Oviedo,1.00,1.00,1.00,1.00,1.00,1.37,0.00
Keegan Akin,1.00,1.00,1.00,1.00,1.00,1.37,0.00
Will Klein,1.00,1.00,1.00,1.00,1.00,1.37,0.00
Anthony Misiewicz,1.00,1.00,1.00,1.00,1.00,1.37,0.00
Anthony Molina,1.00,1.00,1.00,1.00,1.00,1.37,0.00
José Tena,1.00,1.00,1.00,1.00,1.00,1.37,0.00
Keegan Thompson,1.00,1.00,1.00,1.00,1.00,1.37,0.00
José Suarez,1.00,1.00,1.00,1.00,1.00,1.37,0.00
Anthony Rizzo,1.00,1.00,1.00,1.00,1.00,1.37,0.00
José Soriano,1.00,1.00,1.00,1.00,1.00,1.37,0.00
Vinny Nittoli,1.00,1.00,1.00,1.00,1.00,1.37,0.00
José Ruiz,1.00,1.00,1.00,1.00,1.00,1.37,0.00
Agustin Ramirez,1.00,1.00,1.00,1.00,1.00,1.37,0.00
José Quijada,1.00,1.00,1.00,1.00,1.00,1.37,0.00
Vince Velasquez,1.00,1.00,1.00,1.00,1.00,1.37,0.00
Johan Rojas,1.00,1.00,1.00,1.00,1.00,1.37,0.00
Jorbit Vivas,1.00,1.00,1.00,1.00,1.00,1.37,0.00
Joey Bart,1.00,1.00,1.00,1.00,1.00,1.37,0.00
Kody Clemens,1.00,1.00,1.00,1.00,1.00,1.37,0.00
Julian Merryweather,1.00,1.00,1.00,1.00,1.00,1.37,0.00
Jose Trevino,1.00,1.00,1.00,1.00,1.00,1.37,0.00
Tucker Barnhart,1.00,1.00,1.00,1.00,1.00,1.37,0.00
Yan Gomes,1.00,1.00,1.00,1.00,1.00,1.37,0.00
Blas Castano,1.00,1.00,1.00,1.00,1.00,1.37,0.00
Trevor Stephan,1.00,1.00,1.00,1.00,1.00,1.37,0.00
Jeremiah Estrada,1.00,1.00,1.00,1.00,1.00,1.37,0.00
Blaze Alexander,1.00,1.00,1.00,1.00,1.00,1.37,0.00
Trevor Rogers,1.00,1.00,1.00,1.00,1.00,1.37,0.00
Trevor Richards,1.00,1.00,1.00,1.00,1.00,1.37,0.00
Trevor Megill,1.00,1.00,1.00,1.00,1.00,1.37,0.00
Trevor McDonald,1.00,1.00,1.00,1.00,1.00,1.37,0.00
Aaron Bummer,1.00,1.00,1.00,1.00,1.00,1.37,0.00
Bo Naylor,1.00,1.00,1.00,1.00,1.00,1.37,0.00
Aaron Ashby,1.00,1.00,1.00,1.00,1.00,1.37,0.00
Jonah Heim,1.00,1.00,1.00,1.00,1.00,1.37,0.00
Jonathan Loáisiga,1.00,1.00,1.00,1.00,1.00,1.37,0.00
Bobby Dalbec,1.00,1.00,1.00,1.00,1.00,1.37,0.00
Trevor Larnach,1.00,1.00,1.00,1.00,1.00,1.37,0.00
Bobby Miller,1.00,1.00,1.00,1.00,1.00,1.37,0.00
AJ Smith-Shawver,1.00,1.00,1.00,1.00,1.00,1.37,0.00
Yainer Diaz,1.00,1.00,1.00,1.00,1.00,1.37,0.00
Kolby Allard,1.00,1.00,1.00,1.00,1.00,1.37,0.00
Alexis Díaz,1.00,1.00,1.00,1.00,1.00,1.37,0.00
Blake Walston,1.00,1.00,1.00,1.00,1.00,1.37,0.00
Jonathan Hernández,1.00,1.00,1.00,1.00,1.00,1.37,0.00
Josh Hader,1.00,1.00,1.00,1.00,1.00,1.37,0.00
Amos Willingham,1.00,1.00,1.00,1.00,1.00,1.37,0.00
Yariel Rodríguez,1.00,1.00,1.00,1.00,1.00,1.37,0.00
Jose Siri,1.00,1.00,1.00,1.00,1.00,1.37,0.00
Kirby Yates,1.00,1.00,1.00,1.00,1.00,1.37,0.00
Zack Kelly,1.00,1.00,1.00,1.00,1.00,1.37,0.00
Tristan Beck,1.00,1.00,1.00,1.00,1.00,1.37,0.00
Billy Cook,1.00,1.00,1.00,1.00,1.00,1.37,0.00
Trey Sweeney,1.00,1.00,1.00,1.00,1.00,1.37,0.00
Blake Dunn,1.00,1.00,1.00,1.00,1.00,1.37,0.00
Yasmani Grandal,1.00,1.00,1.00,1.00,1.00,1.37,0.00
Trey Lipscomb,1.00,1.00,1.00,1.00,1.00,1.37,0.00
Keynan Middleton,1.00,1.00,1.00,1.00,1.00,1.37,0.00
Amed Rosario,1.00,1.00,1.00,1.00,1.00,1.37,0.00
Blake Perkins,1.00,1.00,1.00,1.00,1.00,1.37,0.00
Jon Berti,1.00,1.00,1.00,1.00,1.00,1.37,0.00
Zack Thompson,1.00,1.00,1.00,1.00,1.00,1.37,0.00
Josh Jung,1.00,1.00,1.00,1.00,1.00,1.37,0.00
Jon Singleton,1.00,1.00,1.00,1.00,1.00,1.37,0.00
Jesse Chavez,1.00,1.00,1.00,1.00,1.00,1.37,0.00
Blake Sabol,1.00,1.00,1.00,1.00,1.00,1.37,0.00
Kody Funderburk,1.00,1.00,1.00,1.00,1.00,1.37,0.00
Blake Treinen,1.00,1.00,1.00,1.00,1.00,1.37,0.00
Trevor Gott,1.00,1.00,1.00,1.00,1.00,1.37,0.00
Jerar Encarnacion,1.00,1.00,1.00,1.00,1.00,1.37,0.00
Josh Bell,1.00,1.00,1.00,1.00,1.00,1.37,0.00
Jonny DeLuca,1.00,1.00,1.00,1.00,1.00,1.37,0.00
Zebby Matthews,1.00,1.00,1.00,1.00,1.00,1.37,0.00
Jeimer Candelario,1.00,1.00,1.00,1.00,1.00,1.37,0.00
Trent Thornton,1.00,1.00,1.00,1.00,1.00,1.37,0.00
Bradley Blalock,1.00,1.00,1.00,1.00,1.00,1.37,0.00
Ben Rortvedt,1.00,1.00,1.00,1.00,1.00,1.37,0.00
Kris Bryant,1.00,1.00,1.00,1.00,1.00,1.37,0.00
Trent Grisham,1.00,1.00,1.00,1.00,1.00,1.37,0.00
A.J. Puk,1.00,1.00,1.00,1.00,1.00,1.37,0.00
Josh Sborz,1.00,1.00,1.00,1.00,1.00,1.37,0.00
Brad Keller,1.00,1.00,1.00,1.00,1.00,1.37,0.00
Ben Rice,1.00,1.00,1.00,1.00,1.00,1.37,0.00
Jonatan Clase,1.00,1.00,1.00,1.00,1.00,1.37,0.00
Zach McKinstry,1.00,1.00,1.00,1.00,1.00,1.37,0.00
Korey Lee,1.00,1.00,1.00,1.00,1.00,1.37,0.00
Zach Pop,1.00,1.00,1.00,1.00,1.00,1.37,0.00
Ty Madden,1.00,1.00,1.00,1.00,1.00,1.37,0.00
Kris Bubic,1.00,1.00,1.00,1.00,1.00,1.37,0.00
Abner Uribe,1.00,1.00,1.00,1.00,1.00,1.37,0.00
A.J. Minter,1.00,1.00,1.00,1.00,1.00,1.37,0.00
Brady House,1.00,1.00,1.00,1.00,1.00,1.37,0.00
Josh Rojas,1.00,1.00,1.00,1.00,1.00,1.37,0.00
Xzavion Curry,1.00,1.00,1.00,1.00,1.00,1.37,0.00
Brady Basso,1.00,1.00,1.00,1.00,1.00,1.37,0.00
Nick Kurtz,1.00,1.00,1.00,0.00,1.00,1.35,0.40
Michael Stefanic,1.00,0.00,0.00,1.00,1.00,1.23,0.49
Pedro Avila,1.00,0.00,0.00,1.00,1.00,1.23,0.49
Dalton Rushing,1.00,0.00,0.00,1.00,1.00,1.23,0.49
Dany Jiménez,1.00,0.00,0.00,1.00,1.00,1.23,0.49
Ian Gibaut,1.00,0.00,0.00,1.00,1.00,1.23,0.49
Daz Cameron,1.00,0.00,0.00,1.00,1.00,1.23,0.49
Jeff Brigham,1.00,0.00,0.00,1.00,1.00,1.23,0.49
Jordan Weems,1.00,0.00,0.00,1.00,1.00,1.23,0.49
Kai-Wei Teng,1.00,0.00,0.00,1.00,1.00,1.23,0.49
Payton Eeles,1.00,0.00,0.00,1.00,1.00,1.23,0.49
Yunior Marte,1.00,0.00,0.00,1.00,1.00,1.23,0.49
Nabil Crismatt,1.00,0.00,0.00,1.00,1.00,1.23,0.49
Eddie Rosario,1.00,0.00,0.00,1.00,1.00,1.23,0.49
Kenny Rosenberg,1.00,0.00,0.00,1.00,1.00,1.23,0.49
Rece Hinds,1.00,0.00,0.00,1.00,1.00,1.23,0.49
John Means,1.00,0.00,0.00,1.00,1.00,1.23,0.49
Ky Bush,1.00,0.00,0.00,1.00,1.00,1.23,0.49
Kirby Snead,1.00,0.00,0.00,1.00,1.00,1.23,0.49
J.B. Bukauskas,1.00,0.00,0.00,1.00,1.00,1.23,0.49
Joel Kuhnel,1.00,0.00,0.00,1.00,1.00,1.23,0.49
Miguel Díaz,1.00,0.00,0.00,1.00,1.00,1.23,0.49
David Villar,1.00,0.00,0.00,1.00,1.00,1.23,0.49
Kyren Paris,1.00,0.00,0.00,1.00,1.00,1.23,0.49
Brent Honeywell,1.00,0.00,0.00,1.00,1.00,1.23,0.49
Tekoah Roby,1.00,0.00,0.00,1.00,1.00,1.23,0.49
Clay Helvey,1.00,0.00,0.00,1.00,1.00,1.23,0.49
Mickey Gasper,1.00,0.00,0.00,1.00,1.00,1.23,0.49
Moises Ballesteros,1.00,0.00,0.00,1.00,1.00,1.23,0.49
Garrett Hampson,1.00,0.00,0.00,1.00,1.00,1.23,0.49
Max Stassi,1.00,0.00,0.00,1.00,1.00,1.23,0.49
Trey McGough,1.00,0.00,0.00,1.00,1.00,1.23,0.49
Sean Newcomb,1.00,0.00,0.00,1.00,1.00,1.23,0.49
Yerry Rodríguez,1.00,0.00,0.00,1.00,1.00,1.23,0.49
Parker Mushinski,1.00,0.00,0.00,1.00,1.00,1.23,0.49
Dominic Leone,1.00,0.00,0.00,1.00,1.00,1.23,0.49
Andrew Wantz,1.00,0.00,0.00,1.00,1.00,1.23,0.49
Anthony Rendon,1.00,0.00,0.00,1.00,1.00,1.23,0.49
Chasen Shreve,1.00,0.00,0.00,1.00,1.00,1.23,0.49
José Ureña,1.00,0.00,0.00,1.00,1.00,1.23,0.49
Akil Baddoo,1.00,0.00,0.00,1.00,1.00,1.23,0.49
José Urquidy,1.00,0.00,0.00,1.00,1.00,1.23,0.49
Luis De Los Santos,1.00,0.00,0.00,1.00,1.00,1.23,0.49
Chase Hampton,1.00,0.00,0.00,1.00,1.00,1.23,0.49
Alika Williams,1.00,0.00,0.00,1.00,1.00,1.23,0.49
Chandler Champlain,1.00,0.00,0.00,1.00,1.00,1.23,0.49
Packy Naughton,1.00,0.00,0.00,1.00,1.00,1.23,0.49
Paolo Espino,1.00,0.00,0.00,1.00,1.00,1.23,0.49
Allan Winans,1.00,0.00,0.00,1.00,1.00,1.23,0.49
Eric Lauer,1.00,0.00,0.00,1.00,1.00,1.23,0.49
Cole Irvin,1.00,0.00,0.00,1.00,1.00,1.23,0.49
Jack O'Loughlin,1.00,0.00,0.00,1.00,1.00,1.23,0.49
Geoff Hartlieb,1.00,0.00,0.00,1.00,1.00,1.23,0.49
Emmanuel Rivera,1.00,0.00,0.00,1.00,1.00,1.23,0.49
Sam Hentges,1.00,0.00,0.00,1.00,1.00,1.23,0.49
Enoli Paredes,1.00,0.00,0.00,1.00,1.00,1.23,0.49
Harold Ramírez,1.00,0.00,0.00,1.00,1.00,1.23,0.49
Ryder Ryan,1.00,0.00,0.00,1.00,1.00,1.23,0.49
Chris Murphy,1.00,0.00,0.00,1.00,1.00,1.23,0.49
Carson Fulmer,1.00,0.00,0.00,1.00,1.00,1.23,0.49
Sammy Peralta,1.00,0.00,0.00,1.00,1.00,1.23,0.49
Adrian Houser,1.00,0.00,0.00,1.00,1.00,1.23,0.49
Dylan Covey,1.00,0.00,0.00,1.00,1.00,1.23,0.49
Carson Williams,1.00,0.00,0.00,1.00,1.00,1.23,0.49
Jimmy Lambert,1.00,0.00,0.00,1.00,1.00,1.23,0.49
Brandon Hughes,1.00,0.00,0.00,1.00,1.00,1.23,0.49
Daniel Vogelbach,1.00,0.00,0.00,1.00,1.00,1.23,0.49
Josh Fleming,1.00,0.00,0.00,1.00,1.00,1.23,0.49
Joe La Sorsa,1.00,0.00,0.00,1.00,1.00,1.23,0.49
Phil Bickford,1.00,0.00,0.00,1.00,1.00,1.23,0.49
Danny Mendick,1.00,0.00,0.00,1.00,1.00,1.23,0.49
Bligh Madris,1.00,0.00,0.00,1.00,1.00,1.23,0.49
Domingo Germán,1.00,0.00,0.00,1.00,1.00,1.23,0.49
Patrick Murphy,1.00,0.00,0.00,1.00,1.00,1.23,0.49
Ildemaro Vargas,1.00,0.00,0.00,1.00,1.00,1.23,0.49
Andrew Alvarez,1.00,0.00,0.00,1.00,1.00,1.23,0.49
Sixto Sánchez,1.00,0.00,0.00,1.00,1.00,1.23,0.49
Austin Voth,1.00,0.00,0.00,1.00,1.00,1.23,0.49
Abraham Toro,1.00,0.00,0.00,1.00,1.00,1.23,0.49
Noah Davis,1.00,0.00,0.00,1.00,1.00,1.23,0.49
Alexander Canario,1.00,0.00,0.00,1.00,1.00,1.23,0.49
Grant Hartwig,1.00,0.00,0.00,1.00,1.00,1.23,0.49
Riley Pint,1.00,0.00,0.00,1.00,1.00,1.23,0.49
Ben Heller,1.00,0.00,0.00,1.00,1.00,1.23,0.49
Hunter Dobbins,1.00,0.00,0.00,1.00,1.00,1.23,0.49
Zach Remillard,1.00,0.00,0.00,1.00,1.00,1.23,0.49
Elehuris Montero,1.00,0.00,0.00,1.00,1.00,1.23,0.49
Adam Oller,1.00,0.00,0.00,1.00,1.00,1.23,0.49
Edward Olivares,1.00,0.00,0.00,1.00,1.00,1.23,0.49
Corey Julks,1.00,0.00,0.00,1.00,1.00,1.23,0.49
Marco Gonzales,1.00,0.00,0.00,1.00,1.00,1.23,0.49
Darren McCaughan,1.00,0.00,0.00,1.00,1.00,1.23,0.49
Ray Kerr,1.00,0.00,0.00,1.00,1.00,1.23,0.49
Mike Baumann,1.00,0.00,0.00,1.00,1.00,1.23,0.49
Aaron Schunk,1.00,0.00,0.00,1.00,1.00,1.23,0.49
Brian Serven,1.00,0.00,0.00,1.00,1.00,1.23,0.49
Rob Zastryzny,1.00,0.00,0.00,1.00,1.00,1.23,0.49
Nick Gordon,1.00,0.00,0.00,1.00,1.00,1.23,0.49
Noah Syndergaard,1.00,0.00,0.00,1.00,1.00,1.23,0.49
Burch Smith,1.00,0.00,0.00,1.00,1.00,1.23,0.49
David Hensley,1.00,0.00,0.00,1.00,1.00,1.23,0.49
Avery Weems,1.00,0.00,0.00,1.00,1.00,1.23,0.49
Jonathon Long,1.00,0.00,0.00,1.00,1.00,1.23,0.49
Randy Dobnak,1.00,0.00,0.00,1.00,1.00,1.23,0.49
Jesse Scholtens,1.00,0.00,0.00,1.00,1.00,1.23,0.49
Nick Nelson,1.00,0.00,0.00,1.00,1.00,1.23,0.49
Bryce Johnson,1.00,0.00,0.00,1.00,1.00,1.23,0.49
James Kaprielian,1.00,0.00,0.00,1.00,1.00,1.23,0.49
Bruce Zimmermann,1.00,0.00,0.00,1.00,1.00,1.23,0.49
Tyler Jay,1.00,0.00,0.00,1.00,1.00,1.23,0.49
Tyler Owens,1.00,1.00,1.00,1.00,0.00,1.08,0.40
Matt Canterino,1.00,1.00,1.00,1.00,0.00,1.08,0.40
Carson Seymour,1.00,1.00,1.00,1.00,0.00,1.08,0.40
Carson Palmquist,1.00,1.00,1.00,1.00,0.00,1.08,0.40
Hurston Waldrep,1.00,1.00,1.00,1.00,0.00,1.08,0.40
Robby Snelling,1.00,1.00,1.00,1.00,0.00,1.08,0.40
Tyler Mattison,1.00,1.00,1.00,1.00,0.00,1.08,0.40
Griff McGarry,1.00,1.00,1.00,1.00,0.00,1.08,0.40
Michael Darrell-Hicks,1.00,1.00,1.00,1.00,0.00,1.08,0.40
Brandyn Garcia,1.00,1.00,1.00,1.00,0.00,1.08,0.40
Juan Nuñez,1.00,1.00,1.00,1.00,0.00,1.08,0.40
Zach Penrod,1.00,1.00,1.00,1.00,0.00,1.08,0.40
Hayden Harris,1.00,1.00,1.00,1.00,0.00,1.08,0.40
Cole Waites,1.00,1.00,1.00,1.00,0.00,1.08,0.40
Bubba Chandler,1.00,1.00,1.00,1.00,0.00,1.08,0.40
Trent Harris,1.00,1.00,1.00,1.00,0.00,1.08,0.40
Orlando Ribalta,1.00,1.00,1.00,1.00,0.00,1.08,0.40
Troy Taylor,1.00,1.00,1.00,1.00,0.00,1.08,0.40
Joe Rock,1.00,1.00,1.00,1.00,0.00,1.08,0.40
Andrew Morris,1.00,1.00,1.00,1.00,0.00,1.08,0.40
Chad Patrick,1.00,1.00,1.00,1.00,0.00,1.08,0.40
Thomas Harrington,1.00,1.00,1.00,1.00,0.00,1.08,0.40
Ethan Roberts,1.00,1.00,1.00,1.00,0.00,1.08,0.40
Ian Bedell,1.00,1.00,1.00,1.00,0.00,1.08,0.40
Eric Cerantola,1.00,1.00,1.00,1.00,0.00,1.08,0.40
Andrew Misiaszek,1.00,1.00,1.00,1.00,0.00,1.08,0.40
Noah Schultz,1.00,1.00,1.00,1.00,0.00,1.08,0.40
Mason Barnett,1.00,1.00,1.00,1.00,0.00,1.08,0.40
Michael Arias,1.00,1.00,1.00,1.00,0.00,1.08,0.40
Jack Dreyer,1.00,1.00,1.00,1.00,0.00,1.08,0.40
Nick Frasso,1.00,1.00,1.00,1.00,0.00,1.08,0.40
Colton Gordon,1.00,1.00,1.00,1.00,0.00,1.08,0.40
Travis Adams,1.00,1.00,1.00,1.00,0.00,1.08,0.40
Eiberson Castellano,1.00,1.00,1.00,1.00,0.00,1.08,0.40
Kade Strowd,1.00,1.00,1.00,1.00,0.00,1.08,0.40
Edgardo Henriquez,1.00,1.00,1.00,1.00,0.00,1.08,0.40
Andrew Walters,1.00,1.00,1.00,1.00,0.00,1.08,0.40
Craig Yoho,1.00,1.00,1.00,1.00,0.00,1.08,0.40
Drue Hackenberg,1.00,1.00,1.00,1.00,0.00,1.08,0.40
Jack Neely,1.00,1.00,1.00,1.00,0.00,1.08,0.40
John McMillon,1.00,1.00,1.00,1.00,0.00,1.08,0.40
Logan Henderson,1.00,1.00,1.00,1.00,0.00,1.08,0.40
Garrett McDaniels,1.00,1.00,1.00,1.00,0.00,1.08,0.40
Gavin Hollowell,1.00,1.00,1.00,1.00,0.00,1.08,0.40
Francis Pena,1.00,1.00,1.00,1.00,0.00,1.08,0.40
Erik Sabrowski,1.00,1.00,1.00,1.00,0.00,1.08,0.40
Tyler Stuart,1.00,1.00,1.00,1.00,0.00,1.08,0.40
Brandon Sproat,1.00,1.00,1.00,1.00,0.00,1.08,0.40
Logan Evans,1.00,1.00,1.00,1.00,0.00,1.08,0.40
Mason Adams,1.00,1.00,1.00,1.00,0.00,1.08,0.40
Bennett Sousa,1.00,1.00,1.00,1.00,0.00,1.08,0.40
Quinn Mathews,1.00,1.00,1.00,1.00,0.00,1.08,0.40
Nate Lavender,1.00,1.00,1.00,1.00,0.00,1.08,0.40
A.J. Blubaugh,1.00,1.00,1.00,1.00,0.00,1.08,0.40
Josh Simpson,1.00,1.00,1.00,1.00,0.00,1.08,0.40
Chase Dollander,1.00,1.00,1.00,1.00,0.00,1.08,0.40
Kyle Amendt,1.00,1.00,1.00,1.00,0.00,1.08,0.40
Chase Lee,1.00,1.00,1.00,1.00,0.00,1.08,0.40
Carson Whisenhunt,1.00,1.00,1.00,1.00,0.00,1.08,0.40
Andrew Saalfrank,1.00,1.00,1.00,1.00,0.00,1.08,0.40
Daniel Palencia,1.00,1.00,1.00,1.00,0.00,1.08,0.40
Noah Cameron,1.00,1.00,1.00,1.00,0.00,1.08,0.40
Rolddy Munoz,1.00,1.00,1.00,1.00,0.00,1.08,0.40
Marco Raya,1.00,1.00,1.00,1.00,0.00,1.08,0.40
Jacob Misiorowski,1.00,1.00,1.00,1.00,0.00,1.08,0.40
Shane Smith,1.00,1.00,1.00,1.00,0.00,1.08,0.40
Zach Maxwell,1.00,1.00,1.00,1.00,0.00,1.08,0.40
Luis Guerrero,1.00,1.00,1.00,1.00,0.00,1.08,0.40
Franco Aleman,1.00,1.00,1.00,1.00,0.00,1.08,0.40
Emmet Sheehan,1.00,0.00,0.00,1.00,0.00,0.94,0.49
Camden Minacci,1.00,0.00,0.00,1.00,0.00,0.94,0.49
Dale Stanavich,1.00,0.00,0.00,1.00,0.00,0.94,0.49
Hunter Barco,1.00,0.00,0.00,1.00,0.00,0.94,0.49
Ryan Bergert,1.00,0.00,0.00,1.00,0.00,0.94,0.49
Lael Lockhart,1.00,0.00,0.00,1.00,0.00,0.94,0.49
Austin Krob,1.00,0.00,0.00,1.00,0.00,0.94,0.49
Brad Lord,1.00,0.00,0.00,1.00,0.00,0.94,0.49
Kyle Muller,1.00,0.00,0.00,1.00,0.00,0.94,0.49
Anthony Maldonado,1.00,0.00,0.00,1.00,0.00,0.94,0.49
Michael Flynn,1.00,0.00,0.00,1.00,0.00,0.94,0.49
Ken Waldichuk,1.00,0.00,0.00,1.00,0.00,0.94,0.49
Denzel Clarke,1.00,0.00,0.00,1.00,0.00,0.94,0.49
Royber Salinas,1.00,0.00,0.00,1.00,0.00,0.94,0.49
Jimmy Crooks,0.00,1.00,1.00,1.00,1.00,0.45,0.40
Jakson Reetz,0.00,1.00,1.00,1.00,1.00,0.45,0.40
Steward Berroa,0.00,1.00,1.00,1.00,1.00,0.45,0.40
Brewer Hicklen,0.00,1.00,1.00,1.00,1.00,0.45,0.40
Jacob Amaya,0.00,1.00,1.00,1.00,1.00,0.45,0.40
Braden Shewmake,0.00,1.00,1.00,1.00,1.00,0.45,0.40
Matt Koperniak,0.00,1.00,1.00,1.00,1.00,0.45,0.40
Vinny Capra,0.00,1.00,1.00,1.00,1.00,0.45,0.40
Osleivis Basabe,0.00,1.00,1.00,1.00,1.00,0.45,0.40
Buddy Kennedy,0.00,1.00,1.00,1.00,1.00,0.45,0.40
Dom Nuñez,0.00,1.00,1.00,1.00,1.00,0.45,0.40
Justin Foscue,0.00,1.00,1.00,1.00,1.00,0.45,0.40
Chuckie Robinson,0.00,1.00,1.00,1.00,1.00,0.45,0.40
Blake Hunt,0.00,1.00,1.00,1.00,1.00,0.45,0.40
Jonathan Ornelas,0.00,1.00,1.00,1.00,1.00,0.45,0.40
Tyler Callihan,0.00,1.00,1.00,1.00,1.00,0.45,0.40
Darick Hall,0.00,1.00,1.00,1.00,1.00,0.45,0.40
Matthew Lugo,0.00,1.00,1.00,1.00,1.00,0.45,0.40
Mason McCoy,0.00,1.00,1.00,1.00,1.00,0.45,0.40
Carlos D. Rodriguez,0.00,1.00,1.00,1.00,1.00,0.45,0.40
Cooper Hummel,0.00,1.00,1.00,1.00,1.00,0.45,0.40
Hunter Feduccia,0.00,1.00,1.00,1.00,1.00,0.45,0.40
Jared Young,0.00,0.00,0.00,1.00,1.00,0.31,0.49
Jack López,0.00,0.00,0.00,1.00,1.00,0.31,0.49
Diego A. Castillo,0.00,0.00,0.00,1.00,1.00,0.31,0.49
Gilberto Celestino,0.00,0.00,0.00,1.00,1.00,0.31,0.49
Andre Lipcius,0.00,0.00,0.00,1.00,1.00,0.31,0.49
David Bote,0.00,0.00,0.00,1.00,1.00,0.31,0.49
Tristan Gray,0.00,0.00,0.00,1.00,1.00,0.31,0.49
Sammy Siani,0.00,0.00,0.00,1.00,1.00,0.31,0.49
Aaron Hicks,0.00,0.00,0.00,1.00,1.00,0.31,0.49
Yanquiel Fernandez,0.00,0.00,0.00,1.00,1.00,0.31,0.49
Dominic Smith,0.00,0.00,0.00,1.00,1.00,0.31,0.49
Joey Meneses,0.00,0.00,0.00,1.00,1.00,0.31,0.49
Kenedy Corona,0.00,0.00,0.00,1.00,1.00,0.31,0.49
Quincy Hamilton,0.00,0.00,0.00,1.00,1.00,0.31,0.49
Willie Calhoun,0.00,0.00,0.00,1.00,1.00,0.31,0.49
Luca Tresh,0.00,0.00,0.00,1.00,1.00,0.31,0.49
Estevan Florial,0.00,0.00,0.00,1.00,1.00,0.31,0.49
Ryan Vilade,0.00,0.00,0.00,1.00,1.00,0.31,0.49
Luis Vazquez,0.00,0.00,0.00,1.00,1.00,0.31,0.49
Coco Montes,0.00,0.00,0.00,1.00,1.00,0.31,0.49
Harry Ford,0.00,0.00,0.00,1.00,1.00,0.31,0.49
Jesús Bastidas,0.00,0.00,0.00,1.00,1.00,0.31,0.49
Armando Alvarez,0.00,0.00,0.00,1.00,1.00,0.31,0.49
Tony Kemp,0.00,0.00,0.00,1.00,1.00,0.31,0.49
Cade Marlowe,0.00,0.00,0.00,1.00,1.00,0.31,0.49
Luis Mey,0.00,1.00,1.00,1.00,0.00,0.17,0.49
Matt Krook,0.00,1.00,1.00,1.00,0.00,0.17,0.49
Drew Pomeranz,0.00,1.00,1.00,1.00,0.00,0.17,0.49
Cole Henry,0.00,1.00,1.00,1.00,0.00,0.17,0.49
Brice Matthews,0.00,1.00,1.00,1.00,0.00,0.17,0.49
David Bañuelos,0.00,1.00,1.00,1.00,0.00,0.17,0.49
Luis González,0.00,1.00,1.00,1.00,0.00,0.17,0.49
Patrick Monteverde,0.00,1.00,1.00,1.00,0.00,0.17,0.49
Chase Solesky,0.00,1.00,1.00,1.00,0.00,0.17,0.49
Yonathan Perlaza,0.00,1.00,1.00,1.00,0.00,0.17,0.49
Joe Barlow,0.00,1.00,1.00,1.00,0.00,0.17,0.49
Anthony Hoopii-Tuionetoa,0.00,1.00,1.00,1.00,0.00,0.17,0.49
Hayden Juenger,0.00,1.00,1.00,1.00,0.00,0.17,0.49
Owen Miller,0.00,1.00,1.00,1.00,0.00,0.17,0.49
Jack Dashwood,0.00,1.00,1.00,1.00,0.00,0.17,0.49
Hagen Danner,0.00,1.00,1.00,1.00,0.00,0.17,0.49
Juan Mejia,0.00,1.00,1.00,1.00,0.00,0.17,0.49
Andry Lara,0.00,1.00,1.00,1.00,0.00,0.17,0.49
Jacob Wallace,0.00,1.00,1.00,1.00,0.00,0.17,0.49
Dylan Coleman,0.00,1.00,1.00,1.00,0.00,0.17,0.49
Logan VanWey,0.00,1.00,1.00,1.00,0.00,0.17,0.49
Luis Patiño,0.00,1.00,1.00,1.00,0.00,0.17,0.49
Ryan Cusick,0.00,1.00,1.00,1.00,0.00,0.17,0.49
Matt Svanson,0.00,1.00,1.00,1.00,0.00,0.17,0.49
Blake Weiman,0.00,1.00,1.00,1.00,0.00,0.17,0.49
Jefry Yan,0.00,1.00,1.00,1.00,0.00,0.17,0.49
Andre Granillo,0.00,1.00,1.00,1.00,0.00,0.17,0.49
Bradgley Rodriguez,0.00,1.00,1.00,1.00,0.00,0.17,0.49
Trey Mancini,0.00,1.00,1.00,1.00,0.00,0.17,0.49
Andrew Moore,0.00,1.00,1.00,1.00,0.00,0.17,0.49
Cory Lewis,0.00,1.00,1.00,1.00,0.00,0.17,0.49
Alex Cornwell,0.00,1.00,1.00,1.00,0.00,0.17,0.49
Justin King,0.00,1.00,1.00,1.00,0.00,0.17,0.49
Evan Fitterer,0.00,1.00,1.00,1.00,0.00,0.17,0.49
John Curtiss,0.00,1.00,1.00,1.00,0.00,0.17,0.49
Hao-Yu  Lee,0.00,1.00,1.00,1.00,0.00,0.17,0.49
Jonathan Pintaro,0.00,1.00,1.00,1.00,0.00,0.17,0.49
Billy Hamilton,0.00,1.00,1.00,1.00,0.00,0.17,0.49
Jonathan Heasley,0.00,1.00,1.00,1.00,0.00,0.17,0.49
Antonio Jimenez,0.00,1.00,1.00,1.00,0.00,0.17,0.49
Amir Garrett,0.00,1.00,1.00,1.00,0.00,0.17,0.49
Joe Mack,0.00,1.00,1.00,1.00,0.00,0.17,0.49
Zach Agnos,0.00,1.00,1.00,1.00,0.00,0.17,0.49
Tanner Dodson,0.00,1.00,1.00,1.00,0.00,0.17,0.49
Shinnosuke Ogasawara,0.00,1.00,1.00,0.00,0.00,0.14,0.49
Rodolfo Martinez,0.00,1.00,1.00,0.00,0.00,0.14,0.49
Neftalí Feliz,0.00,1.00,1.00,0.00,0.00,0.14,0.49
Juan Guerrero,0.00,0.00,0.00,1.00,0.00,0.02,0.40
Julian Aguiar,0.00,0.00,0.00,1.00,0.00,0.02,0.40
Matt Givin,0.00,0.00,0.00,1.00,0.00,0.02,0.40
Juan Manuel Abril,0.00,0.00,0.00,1.00,0.00,0.02,0.40
Mauricio Estrella,0.00,0.00,0.00,1.00,0.00,0.02,0.40
Max Hewitt,0.00,0.00,0.00,1.00,0.00,0.02,0.40
Juan Machado,0.00,0.00,0.00,1.00,0.00,0.02,0.40
Matt Gorski,0.00,0.00,0.00,1.00,0.00,0.02,0.40
Julio Ramirez,0.00,0.00,0.00,1.00,0.00,0.02,0.40
Juan Lagares,0.00,0.00,0.00,1.00,0.00,0.02,0.40
Juan Hillman,0.00,0.00,0.00,1.00,0.00,0.02,0.40
Juan Jerez,0.00,0.00,0.00,1.00,0.00,0.02,0.40
Juarlin Soto,0.00,0.00,0.00,1.00,0.00,0.02,0.40
Juan Mendez,0.00,0.00,0.00,1.00,0.00,0.02,0.40
Julio Teheran,0.00,0.00,0.00,1.00,0.00,0.02,0.40
Juan Mercedes,0.00,0.00,0.00,1.00,0.00,0.02,0.40
Max Gieg,0.00,0.00,0.00,1.00,0.00,0.02,0.40
Mauricio Colmenares,0.00,0.00,0.00,1.00,0.00,0.02,0.40
Mason Auer,0.00,0.00,0.00,1.00,0.00,0.02,0.40
Maui Ahuna,0.00,0.00,0.00,1.00,0.00,0.02,0.40
Juan Henriquez,0.00,0.00,0.00,1.00,0.00,0.02,0.40
Matt Gabbert,0.00,0.00,0.00,1.00,0.00,0.02,0.40
Mason Albright,0.00,0.00,0.00,1.00,0.00,0.02,0.40
Juan Hernandez,0.00,0.00,0.00,1.00,0.00,0.02,0.40
Mason Green,0.00,0.00,0.00,1.00,0.00,0.02,0.40
Julio Rosario,0.00,0.00,0.00,1.00,0.00,0.02,0.40
Mason Erla,0.00,0.00,0.00,1.00,0.00,0.02,0.40
Max Ferguson,0.00,0.00,0.00,1.00,0.00,0.02,0.40
Max Burt,0.00,0.00,0.00,1.00,0.00,0.02,0.40
Max Bain,0.00,0.00,0.00,1.00,0.00,0.02,0.40
Mason Denaburg,0.00,0.00,0.00,1.00,0.00,0.02,0.40
Max Anderson,0.00,0.00,0.00,1.00,0.00,0.02,0.40
Matt Hogan,0.00,0.00,0.00,1.00,0.00,0.02,0.40
Max Alba,0.00,0.00,0.00,1.00,0.00,0.02,0.40
Juan Mateo,0.00,0.00,0.00,1.00,0.00,0.02,0.40
Mavis Graves,0.00,0.00,0.00,1.00,0.00,0.02,0.40
Matt Higgins,0.00,0.00,0.00,1.00,0.00,0.02,0.40
Maverick Handley,0.00,0.00,0.00,1.00,0.00,0.02,0.40
Matt Fraizer,0.00,0.00,0.00,1.00,0.00,0.02,0.40
Juan Matheus,0.00,0.00,0.00,1.00,0.00,0.02,0.40
Mauricio Pierre,0.00,0.00,0.00,1.00,0.00,0.02,0.40
Matt Hickey,0.00,0.00,0.00,1.00,0.00,0.02,0.40
Mauricio Veliz,0.00,0.00,0.00,1.00,0.00,0.02,0.40
Matt Foster,0.00,0.00,0.00,1.00,0.00,0.02,0.40
Juan Martínez,0.00,0.00,0.00,1.00,0.00,0.02,0.40
Matt Eckelman,0.00,0.00,0.00,1.00,0.00,0.02,0.40
Max Clark,0.00,0.00,0.00,1.00,0.00,0.02,0.40
Julian Escobedo,0.00,0.00,0.00,1.00,0.00,0.02,0.40
Max Castillo,0.00,0.00,0.00,1.00,0.00,0.02,0.40
Max Carlson,0.00,0.00,0.00,1.00,0.00,0.02,0.40
Julian Brock,0.00,0.00,0.00,1.00,0.00,0.02,0.40
Matt Hardy,0.00,0.00,0.00,1.00,0.00,0.02,0.40
Juan Martinez,0.00,0.00,0.00,1.00,0.00,0.02,0.40
Mason Fox,0.00,0.00,0.00,1.00,0.00,0.02,0.40
Matt Harvey,0.00,0.00,0.00,1.00,0.00,0.02,0.40
Julio Rodriguez,0.00,0.00,0.00,1.00,0.00,0.02,0.40
Mason Bolivar,0.00,0.00,0.00,1.00,0.00,0.02,0.40
Mauricio Maican,0.00,0.00,0.00,1.00,0.00,0.02,0.40
Julio Robaina,0.00,0.00,0.00,1.00,0.00,0.02,0.40
Jud Fabian,0.00,0.00,0.00,1.00,0.00,0.02,0.40
Matt Jachec,0.00,0.00,0.00,1.00,0.00,0.02,0.40
Juaron Watts-Brown,0.00,0.00,0.00,1.00,0.00,0.02,0.40
Mason Fluharty,0.00,0.00,0.00,1.00,0.00,0.02,0.40
Mauricio Llovera,0.00,0.00,0.00,1.00,0.00,0.02,0.40
Julio Meza,0.00,0.00,0.00,1.00,0.00,0.02,0.40
Julian Fernández,0.00,0.00,0.00,1.00,0.00,0.02,0.40
Julian Garcia,0.00,0.00,0.00,1.00,0.00,0.02,0.40
Matt Milburn,0.00,0.00,0.00,1.00,0.00,0.02,0.40
Matt Stil,0.00,0.00,0.00,1.00,0.00,0.02,0.40
Julio Dilone,0.00,0.00,0.00,1.00,0.00,0.02,0.40
Matt Mikulski,0.00,0.00,0.00,1.00,0.00,0.02,0.40
Juan Pulinario,0.00,0.00,0.00,1.00,0.00,0.02,0.40
Matt Suggs,0.00,0.00,0.00,1.00,0.00,0.02,0.40
Juan Pinto,0.00,0.00,0.00,1.00,0.00,0.02,0.40
Matt Swarmer,0.00,0.00,0.00,1.00,0.00,0.02,0.40
Matt Brill,0.00,0.00,0.00,1.00,0.00,0.02,0.40
Matt Tabor,0.00,0.00,0.00,1.00,0.00,0.02,0.40
Matt Andriese,0.00,0.00,0.00,1.00,0.00,0.02,0.40
Juan Perez,0.00,0.00,0.00,1.00,0.00,0.02,0.40
Juan Pablo Lopez,0.00,0.00,0.00,1.00,0.00,0.02,0.40
Matt Turner,0.00,0.00,0.00,1.00,0.00,0.02,0.40
Matt Brosky,0.00,0.00,0.00,1.00,0.00,0.02,0.40
Mathew Peters,0.00,0.00,0.00,1.00,0.00,0.02,0.40
Matheus Lelis,0.00,0.00,0.00,1.00,0.00,0.02,0.40
Mateo Gil,0.00,0.00,0.00,1.00,0.00,0.02,0.40
Juan Ozuna,0.00,0.00,0.00,1.00,0.00,0.02,0.40
Juan Sulbaran,0.00,0.00,0.00,1.00,0.00,0.02,0.40
Juan Ortuno,0.00,0.00,0.00,1.00,0.00,0.02,0.40
Juan Then,0.00,0.00,0.00,1.00,0.00,0.02,0.40
Matt Merrill,0.00,0.00,0.00,1.00,0.00,0.02,0.40
Mat Olsen,0.00,0.00,0.00,1.00,0.00,0.02,0.40
Matt Vogel,0.00,0.00,0.00,1.00,0.00,0.02,0.40
Mat Nelson,0.00,0.00,0.00,1.00,0.00,0.02,0.40
Julio E. Rodriguez,0.00,0.00,0.00,1.00,0.00,0.02,0.40
Julian Bosnic,0.00,0.00,0.00,1.00,0.00,0.02,0.40
Matt Bush,0.00,0.00,0.00,1.00,0.00,0.02,0.40
Matt Sparling,0.00,0.00,0.00,1.00,0.00,0.02,0.40
Juan Sierra,0.00,0.00,0.00,1.00,0.00,0.02,0.40
Julio Carrion,0.00,0.00,0.00,1.00,0.00,0.02,0.40
Matt Mullenbach,0.00,0.00,0.00,1.00,0.00,0.02,0.40
Julio  Marte,0.00,0.00,0.00,1.00,0.00,0.02,0.40
Matt Peacock,0.00,0.00,0.00,1.00,0.00,0.02,0.40
Julio Bonilla,0.00,0.00,0.00,1.00,0.00,0.02,0.40
Matt Osterberg,0.00,0.00,0.00,1.00,0.00,0.02,0.40
Juan Salas,0.00,0.00,0.00,1.00,0.00,0.02,0.40
Julian Valdez,0.00,0.00,0.00,1.00,0.00,0.02,0.40
Juan Sanchez,0.00,0.00,0.00,1.00,0.00,0.02,0.40
Matt Pidich,0.00,0.00,0.00,1.00,0.00,0.02,0.40
Matt O'Neill,0.00,0.00,0.00,1.00,0.00,0.02,0.40
Matt Pita,0.00,0.00,0.00,1.00,0.00,0.02,0.40
Matt Pushard,0.00,0.00,0.00,1.00,0.00,0.02,0.40
Julio Carreras,0.00,0.00,0.00,1.00,0.00,0.02,0.40
Matt Reynolds,0.00,0.00,0.00,1.00,0.00,0.02,0.40
Matt Rudick,0.00,0.00,0.00,1.00,0.00,0.02,0.40
Matt Shoemaker,0.00,0.00,0.00,1.00,0.00,0.02,0.40
Juan Santander,0.00,0.00,0.00,1.00,0.00,0.02,0.40
Matt Ruppenthal,0.00,0.00,0.00,1.00,0.00,0.02,0.40
Juan Rojas,0.00,0.00,0.00,1.00,0.00,0.02,0.40
Matt Russell,0.00,0.00,0.00,1.00,0.00,0.02,0.40
Juan Rodriguez,0.00,0.00,0.00,1.00,0.00,0.02,0.40
Matt Sauer,0.00,0.00,0.00,1.00,0.00,0.02,0.40
Juan Reynoso,0.00,0.00,0.00,1.00,0.00,0.02,0.40
Juan Severino,0.00,0.00,0.00,1.00,0.00,0.02,0.40
Matt Minnick,0.00,0.00,0.00,1.00,0.00,0.02,0.40
Matt Scheffler,0.00,0.00,0.00,1.00,0.00,0.02,0.40
Matt Beaty,0.00,0.00,0.00,1.00,0.00,0.02,0.40
Matt Seelinger,0.00,0.00,0.00,1.00,0.00,0.02,0.40
Juan Rasquin,0.00,0.00,0.00,1.00,0.00,0.02,0.40
Juan Ortega,0.00,0.00,0.00,1.00,0.00,0.02,0.40
Juan Uribe,0.00,0.00,0.00,1.00,0.00,0.02,0.40
Julio Frias,0.00,0.00,0.00,1.00,0.00,0.02,0.40
Juan Mora,0.00,0.00,0.00,1.00,0.00,0.02,0.40
Juan Nunez,0.00,0.00,0.00,1.00,0.00,0.02,0.40
Matthew Kent,0.00,0.00,0.00,1.00,0.00,0.02,0.40
Matt Koch,0.00,0.00,0.00,1.00,0.00,0.02,0.40
Mason Pelio,0.00,0.00,0.00,1.00,0.00,0.02,0.40
Juan Zapata,0.00,0.00,0.00,1.00,0.00,0.02,0.40
Juan Morillo,0.00,0.00,0.00,1.00,0.00,0.02,0.40
Matt Keating,0.00,0.00,0.00,1.00,0.00,0.02,0.40
Matt Davidson,0.00,0.00,0.00,1.00,0.00,0.02,0.40
Julio Ortiz,0.00,0.00,0.00,1.00,0.00,0.02,0.40
Matthew Linskey,0.00,0.00,0.00,1.00,0.00,0.02,0.40
Juanfel Peguero,0.00,0.00,0.00,1.00,0.00,0.02,0.40
Matthew McMillan,0.00,0.00,0.00,1.00,0.00,0.02,0.40
Matt Dennis,0.00,0.00,0.00,1.00,0.00,0.02,0.40
Julio Pinto,0.00,0.00,0.00,1.00,0.00,0.02,0.40
Matt Coutney,0.00,0.00,0.00,1.00,0.00,0.02,0.40
Mason McGwire,0.00,0.00,0.00,1.00,0.00,0.02,0.40
Matthew Peguero,0.00,0.00,0.00,1.00,0.00,0.02,0.40
Julio Polanco,0.00,0.00,0.00,1.00,0.00,0.02,0.40
Juanmi Vasquez,0.00,0.00,0.00,1.00,0.00,0.02,0.40
Matt Dermody,0.00,0.00,0.00,1.00,0.00,0.02,0.40
Matthew Swain,0.00,0.00,0.00,1.00,0.00,0.02,0.40
Juan Montero,0.00,0.00,0.00,1.00,0.00,0.02,0.40
Juan Minaya,0.00,0.00,0.00,1.00,0.00,0.02,0.40
Matthew Thompson,0.00,0.00,0.00,1.00,0.00,0.02,0.40
Mason Martin,0.00,0.00,0.00,1.00,0.00,0.02,0.40
Mason Hickman,0.00,0.00,0.00,1.00,0.00,0.02,0.40
Matthew Wood,0.00,0.00,0.00,1.00,0.00,0.02,0.40
Matt Donlan,0.00,0.00,0.00,1.00,0.00,0.02,0.40
Matt Cronin,0.00,0.00,0.00,1.00,0.00,0.02,0.40
Mason Ronan,0.00,0.00,0.00,1.00,0.00,0.02,0.40
Juan Valera,0.00,0.00,0.00,1.00,0.00,0.02,0.40
Matthew Barefoot,0.00,0.00,0.00,1.00,0.00,0.02,0.40
Mason Vinyard,0.00,0.00,0.00,1.00,0.00,0.02,0.40
Matt Walker,0.00,0.00,0.00,1.00,0.00,0.02,0.40
Julio Goff,0.00,0.00,0.00,1.00,0.00,0.02,0.40
Juan Oramas,0.00,0.00,0.00,1.00,0.00,0.02,0.40
Matt Whatley,0.00,0.00,0.00,1.00,0.00,0.02,0.40
Matt Wilkinson,0.00,0.00,0.00,1.00,0.00,0.02,0.40
Julio Henriquez,0.00,0.00,0.00,1.00,0.00,0.02,0.40
Matt Lloyd,0.00,0.00,0.00,1.00,0.00,0.02,0.40
Matt Willrodt,0.00,0.00,0.00,1.00,0.00,0.02,0.40
Matt Winaker,0.00,0.00,0.00,1.00,0.00,0.02,0.40
Juan Villavicencio,0.00,0.00,0.00,1.00,0.00,0.02,0.40
Matt Wisler,0.00,0.00,0.00,1.00,0.00,0.02,0.40
Matt Wyatt,0.00,0.00,0.00,1.00,0.00,0.02,0.40
Juan Olmos,0.00,0.00,0.00,1.00,0.00,0.02,0.40
Matthew Etzel,0.00,0.00,0.00,1.00,0.00,0.02,0.40
Matthew Batten,0.00,0.00,0.00,1.00,0.00,0.02,0.40
Julio Mendez,0.00,0.00,0.00,1.00,0.00,0.02,0.40
Matthew Bollenbacher,0.00,0.00,0.00,1.00,0.00,0.02,0.40
Juan Obispo,0.00,0.00,0.00,1.00,0.00,0.02,0.40
Matt Carasiti,0.00,0.00,0.00,1.00,0.00,0.02,0.40
Julian Smith,0.00,0.00,0.00,1.00,0.00,0.02,0.40
Matt Lipka,0.00,0.00,0.00,1.00,0.00,0.02,0.40
Juan Zabala,0.00,0.00,0.00,1.00,0.00,0.02,0.40
Matt Chamberlain,0.00,0.00,0.00,1.00,0.00,0.02,0.40
Matthew Clayton,0.00,0.00,0.00,1.00,0.00,0.02,0.40
Julian Hernandez,0.00,0.00,0.00,1.00,0.00,0.02,0.40
Matthew Dyer,0.00,0.00,0.00,1.00,0.00,0.02,0.40
Matt Kroon,0.00,0.00,0.00,1.00,0.00,0.02,0.40
Matt Frisbee,0.00,0.00,0.00,1.00,0.00,0.02,0.40
Kumar Nambiar,0.00,0.00,0.00,1.00,0.00,0.02,0.40
Juan Graterol,0.00,0.00,0.00,1.00,0.00,0.02,0.40
Mike Salvatore,0.00,0.00,0.00,1.00,0.00,0.02,0.40
Josh Timmerman,0.00,0.00,0.00,1.00,0.00,0.02,0.40
Mikey Kane,0.00,0.00,0.00,1.00,0.00,0.02,0.40
Mikell Manzano,0.00,0.00,0.00,1.00,0.00,0.02,0.40
Mike Zunino,0.00,0.00,0.00,1.00,0.00,0.02,0.40
Josh Tomlin,0.00,0.00,0.00,1.00,0.00,0.02,0.40
Josh Trentadue,0.00,0.00,0.00,1.00,0.00,0.02,0.40
Mike Wright Jr.,0.00,0.00,0.00,1.00,0.00,0.02,0.40
Mike Walsh,0.00,0.00,0.00,1.00,0.00,0.02,0.40
Josh VanMeter,0.00,0.00,0.00,1.00,0.00,0.02,0.40
Mike Ruff,0.00,0.00,0.00,1.00,0.00,0.02,0.40
Mikey Perez,0.00,0.00,0.00,1.00,0.00,0.02,0.40
Mike Peabody,0.00,0.00,0.00,1.00,0.00,0.02,0.40
Josh White,0.00,0.00,0.00,1.00,0.00,0.02,0.40
Mike Paredes,0.00,0.00,0.00,1.00,0.00,0.02,0.40
Mike Moustakas,0.00,0.00,0.00,1.00,0.00,0.02,0.40
Mike Morin,0.00,0.00,0.00,1.00,0.00,0.02,0.40
Mike Montgomery,0.00,0.00,0.00,1.00,0.00,0.02,0.40
Mike Mokma,0.00,0.00,0.00,1.00,0.00,0.02,0.40
Mike Minor,0.00,0.00,0.00,1.00,0.00,0.02,0.40
Josh Wolf,0.00,0.00,0.00,1.00,0.00,0.02,0.40
Josh Taylor,0.00,0.00,0.00,1.00,0.00,0.02,0.40
Mikey Romero,0.00,0.00,0.00,1.00,0.00,0.02,0.40
Mike Jarvis,0.00,0.00,0.00,1.00,0.00,0.02,0.40
Misael Tamarez,0.00,0.00,0.00,1.00,0.00,0.02,0.40
Josh Ockimey,0.00,0.00,0.00,1.00,0.00,0.02,0.40
Josh Osich,0.00,0.00,0.00,1.00,0.00,0.02,0.40
Josh Rivera,0.00,0.00,0.00,1.00,0.00,0.02,0.40
Josh Roberson,0.00,0.00,0.00,1.00,0.00,0.02,0.40
Josh Rogers,0.00,0.00,0.00,1.00,0.00,0.02,0.40
Josh Sale,0.00,0.00,0.00,1.00,0.00,0.02,0.40
Mitch Farris,0.00,0.00,0.00,1.00,0.00,0.02,0.40
Mitch Bratt,0.00,0.00,0.00,1.00,0.00,0.02,0.40
Misael Urbina,0.00,0.00,0.00,1.00,0.00,0.02,0.40
Misael Mojica,0.00,0.00,0.00,1.00,0.00,0.02,0.40
Mikey Tepper,0.00,0.00,0.00,1.00,0.00,0.02,0.40
Misael Lopez,0.00,0.00,0.00,1.00,0.00,0.02,0.40
Misael Gonzalez,0.00,0.00,0.00,1.00,0.00,0.02,0.40
Milo Rushford,0.00,0.00,0.00,1.00,0.00,0.02,0.40
Miller Hogan,0.00,0.00,0.00,1.00,0.00,0.02,0.40
Milkar Perez,0.00,0.00,0.00,1.00,0.00,0.02,0.40
Josh Stephan,0.00,0.00,0.00,1.00,0.00,0.02,0.40
Josh Stowers,0.00,0.00,0.00,1.00,0.00,0.02,0.40
Josh Swales,0.00,0.00,0.00,1.00,0.00,0.02,0.40
Milan Tolentino,0.00,0.00,0.00,1.00,0.00,0.02,0.40
Mike Mayers,0.00,0.00,0.00,1.00,0.00,0.02,0.40
Mike Ford,0.00,0.00,0.00,1.00,0.00,0.02,0.40
Josh Morgan,0.00,0.00,0.00,1.00,0.00,0.02,0.40
Miguel Palma,0.00,0.00,0.00,1.00,0.00,0.02,0.40
Miguel Rodríguez,0.00,0.00,0.00,1.00,0.00,0.02,0.40
Joshua Liranzo,0.00,0.00,0.00,1.00,0.00,0.02,0.40
Miguel Rodriguez,0.00,0.00,0.00,1.00,0.00,0.02,0.40
Miguel Rivera,0.00,0.00,0.00,1.00,0.00,0.02,0.40
Miguel Pozo,0.00,0.00,0.00,1.00,0.00,0.02,0.40
Miguel Perez,0.00,0.00,0.00,1.00,0.00,0.02,0.40
Joshua Loeschorn,0.00,0.00,0.00,1.00,0.00,0.02,0.40
Miguel Pena,0.00,0.00,0.00,1.00,0.00,0.02,0.40
Joshua Mears,0.00,0.00,0.00,1.00,0.00,0.02,0.40
Miguel Padilla,0.00,0.00,0.00,1.00,0.00,0.02,0.40
Miguel Rondon,0.00,0.00,0.00,1.00,0.00,0.02,0.40
Miguel Pabon,0.00,0.00,0.00,1.00,0.00,0.02,0.40
Joshua Quezada,0.00,0.00,0.00,1.00,0.00,0.02,0.40
Miguel Olivares,0.00,0.00,0.00,1.00,0.00,0.02,0.40
Miguel Mora,0.00,0.00,0.00,1.00,0.00,0.02,0.40
Miguel Mesa,0.00,0.00,0.00,1.00,0.00,0.02,0.40
Miguel Mendez,0.00,0.00,0.00,1.00,0.00,0.02,0.40
Miguel Medrano,0.00,0.00,0.00,1.00,0.00,0.02,0.40
Miguel Martinez,0.00,0.00,0.00,1.00,0.00,0.02,0.40
Miguel Lopez,0.00,0.00,0.00,1.00,0.00,0.02,0.40
Joshua Kuroda-Grauer,0.00,0.00,0.00,1.00,0.00,0.02,0.40
Miguel Segura,0.00,0.00,0.00,1.00,0.00,0.02,0.40
Mike Foltynewicz,0.00,0.00,0.00,1.00,0.00,0.02,0.40
Miguel Yajure,0.00,0.00,0.00,1.00,0.00,0.02,0.40
Josh Zamora,0.00,0.00,0.00,1.00,0.00,0.02,0.40
Mike Ellenbest,0.00,0.00,0.00,1.00,0.00,0.02,0.40
Joshawn Lampson,0.00,0.00,0.00,1.00,0.00,0.02,0.40
Joshua Baez,0.00,0.00,0.00,1.00,0.00,0.02,0.40
Joshua Cornielly,0.00,0.00,0.00,1.00,0.00,0.02,0.40
Mike Boeve,0.00,0.00,0.00,1.00,0.00,0.02,0.40
Mike Antico,0.00,0.00,0.00,1.00,0.00,0.02,0.40
Mike Adams,0.00,0.00,0.00,1.00,0.00,0.02,0.40
Miguelangel Boadas,0.00,0.00,0.00,1.00,0.00,0.02,0.40
Miguel Vinicio,0.00,0.00,0.00,1.00,0.00,0.02,0.40
Joshua Day,0.00,0.00,0.00,1.00,0.00,0.02,0.40
Miguel Villarroel,0.00,0.00,0.00,1.00,0.00,0.02,0.40
Miguel Valdez,0.00,0.00,0.00,1.00,0.00,0.02,0.40
Miguel Ullola,0.00,0.00,0.00,1.00,0.00,0.02,0.40
Miguel Ugueto,0.00,0.00,0.00,1.00,0.00,0.02,0.40
Miguel Toscano,0.00,0.00,0.00,1.00,0.00,0.02,0.40
Miguel Tamares,0.00,0.00,0.00,1.00,0.00,0.02,0.40
Miguel Sánchez,0.00,0.00,0.00,1.00,0.00,0.02,0.40
Miguel Suero,0.00,0.00,0.00,1.00,0.00,0.02,0.40
Miguel Sosa,0.00,0.00,0.00,1.00,0.00,0.02,0.40
Josh Moylan,0.00,0.00,0.00,1.00,0.00,0.02,0.40
Josh Mollerus,0.00,0.00,0.00,1.00,0.00,0.02,0.40
Miguel Hernandez,0.00,0.00,0.00,1.00,0.00,0.02,0.40
Morgan McSweeney,0.00,0.00,0.00,1.00,0.00,0.02,0.40
Josh Breaux,0.00,0.00,0.00,1.00,0.00,0.02,0.40
Josh Crouch,0.00,0.00,0.00,1.00,0.00,0.02,0.40
Myles Naylor,0.00,0.00,0.00,1.00,0.00,0.02,0.40
Myles Gayman,0.00,0.00,0.00,1.00,0.00,0.02,0.40
Myles Emmerson,0.00,0.00,0.00,1.00,0.00,0.02,0.40
Josh Donaldson,0.00,0.00,0.00,1.00,0.00,0.02,0.40
Mychal Givens,0.00,0.00,0.00,1.00,0.00,0.02,0.40
Murphy Stehly,0.00,0.00,0.00,1.00,0.00,0.02,0.40
Morris Austin,0.00,0.00,0.00,1.00,0.00,0.02,0.40
Morgan McCullough,0.00,0.00,0.00,1.00,0.00,0.02,0.40
Naoyuki Uwasawa,0.00,0.00,0.00,1.00,0.00,0.02,0.40
Monte Harrison,0.00,0.00,0.00,1.00,0.00,0.02,0.40
Josh Dye,0.00,0.00,0.00,1.00,0.00,0.02,0.40
Montana Semmel,0.00,0.00,0.00,1.00,0.00,0.02,0.40
Moisés Gómez,0.00,0.00,0.00,1.00,0.00,0.02,0.40
Moisés Chace,0.00,0.00,0.00,1.00,0.00,0.02,0.40
Moisés Castillo,0.00,0.00,0.00,1.00,0.00,0.02,0.40
Josh Ekness,0.00,0.00,0.00,1.00,0.00,0.02,0.40
Moises Valero,0.00,0.00,0.00,1.00,0.00,0.02,0.40
Moises Valdez,0.00,0.00,0.00,1.00,0.00,0.02,0.40
Josh Bostick,0.00,0.00,0.00,1.00,0.00,0.02,0.40
Narbe Cruz,0.00,0.00,0.00,1.00,0.00,0.02,0.40
Moises Rodriguez,0.00,0.00,0.00,1.00,0.00,0.02,0.40
Nate Baez,0.00,0.00,0.00,1.00,0.00,0.02,0.40
Nate Jones,0.00,0.00,0.00,1.00,0.00,0.02,0.40
Nate Griep,0.00,0.00,0.00,1.00,0.00,0.02,0.40
Joseph Yabbour,0.00,0.00,0.00,1.00,0.00,0.02,0.40
Nate Garkow,0.00,0.00,0.00,1.00,0.00,0.02,0.40
Nate Furman,0.00,0.00,0.00,1.00,0.00,0.02,0.40
Josh Adamczewski,0.00,0.00,0.00,1.00,0.00,0.02,0.40
Nate Fisher,0.00,0.00,0.00,1.00,0.00,0.02,0.40
Nate Eaton,0.00,0.00,0.00,1.00,0.00,0.02,0.40
Nate Dahle,0.00,0.00,0.00,1.00,0.00,0.02,0.40
Josh Bissonette,0.00,0.00,0.00,1.00,0.00,0.02,0.40
Narciso Crook,0.00,0.00,0.00,1.00,0.00,0.02,0.40
Natanael Yuten,0.00,0.00,0.00,1.00,0.00,0.02,0.40
Natanael Santana,0.00,0.00,0.00,1.00,0.00,0.02,0.40
Natanael Polanco,0.00,0.00,0.00,1.00,0.00,0.02,0.40
Natanael Garabitos,0.00,0.00,0.00,1.00,0.00,0.02,0.40
Naswell Paulino,0.00,0.00,0.00,1.00,0.00,0.02,0.40
Josh Bortka,0.00,0.00,0.00,1.00,0.00,0.02,0.40
Nash Walters,0.00,0.00,0.00,1.00,0.00,0.02,0.40
Nash Knight,0.00,0.00,0.00,1.00,0.00,0.02,0.40
Narciso Polanco,0.00,0.00,0.00,1.00,0.00,0.02,0.40
Moises Semerite,0.00,0.00,0.00,1.00,0.00,0.02,0.40
Moises Polanco,0.00,0.00,0.00,1.00,0.00,0.02,0.40
Josh Maciejewski,0.00,0.00,0.00,1.00,0.00,0.02,0.40
Josh James,0.00,0.00,0.00,1.00,0.00,0.02,0.40
Josh Harrison,0.00,0.00,0.00,1.00,0.00,0.02,0.40
Josh Hatcher,0.00,0.00,0.00,1.00,0.00,0.02,0.40
Mitchell Kilkenny,0.00,0.00,0.00,1.00,0.00,0.02,0.40
Mitchell Daly,0.00,0.00,0.00,1.00,0.00,0.02,0.40
Josh Hejka,0.00,0.00,0.00,1.00,0.00,0.02,0.40
Josh Hendrickson,0.00,0.00,0.00,1.00,0.00,0.02,0.40
Mitch White,0.00,0.00,0.00,1.00,0.00,0.02,0.40
Josh Hood,0.00,0.00,0.00,1.00,0.00,0.02,0.40
Mitch Ragan,0.00,0.00,0.00,1.00,0.00,0.02,0.40
Mitch Neunborn,0.00,0.00,0.00,1.00,0.00,0.02,0.40
Mitchell Stumpo,0.00,0.00,0.00,1.00,0.00,0.02,0.40
Josh Kasevich,0.00,0.00,0.00,1.00,0.00,0.02,0.40
Josh Knoth,0.00,0.00,0.00,1.00,0.00,0.02,0.40
Josh Lester,0.00,0.00,0.00,1.00,0.00,0.02,0.40
Mitch Nay,0.00,0.00,0.00,1.00,0.00,0.02,0.40
Mitch Myers,0.00,0.00,0.00,1.00,0.00,0.02,0.40
Josh Lindblom,0.00,0.00,0.00,1.00,0.00,0.02,0.40
Mitch Miller,0.00,0.00,0.00,1.00,0.00,0.02,0.40
Mitch Longo,0.00,0.00,0.00,1.00,0.00,0.02,0.40
Mitch Jebb,0.00,0.00,0.00,1.00,0.00,0.02,0.40
Josh Harlow,0.00,0.00,0.00,1.00,0.00,0.02,0.40
Mitchell Tolman,0.00,0.00,0.00,1.00,0.00,0.02,0.40
Moises Palma,0.00,0.00,0.00,1.00,0.00,0.02,0.40
Moises Gallardo,0.00,0.00,0.00,1.00,0.00,0.02,0.40
Moises Paiva,0.00,0.00,0.00,1.00,0.00,0.02,0.40
Moises Moreno,0.00,0.00,0.00,1.00,0.00,0.02,0.40
Josh Gessner,0.00,0.00,0.00,1.00,0.00,0.02,0.40
Moises Molero,0.00,0.00,0.00,1.00,0.00,0.02,0.40
Moises Meza,0.00,0.00,0.00,1.00,0.00,0.02,0.40
Moises Lugo,0.00,0.00,0.00,1.00,0.00,0.02,0.40
Moises Lopez,0.00,0.00,0.00,1.00,0.00,0.02,0.40
Moises Lira,0.00,0.00,0.00,1.00,0.00,0.02,0.40
Josh Green,0.00,0.00,0.00,1.00,0.00,0.02,0.40
Moises Febrillet,0.00,0.00,0.00,1.00,0.00,0.02,0.40
Mitchell Tyranski,0.00,0.00,0.00,1.00,0.00,0.02,0.40
Josh Grosz,0.00,0.00,0.00,1.00,0.00,0.02,0.40
Moises Diaz,0.00,0.00,0.00,1.00,0.00,0.02,0.40
Moises De La Rosa,0.00,0.00,0.00,1.00,0.00,0.02,0.40
Moises Brito,0.00,0.00,0.00,1.00,0.00,0.02,0.40
Moises Bolivar,0.00,0.00,0.00,1.00,0.00,0.02,0.40
Moises Amezquita,0.00,0.00,0.00,1.00,0.00,0.02,0.40
Josh Hansell,0.00,0.00,0.00,1.00,0.00,0.02,0.40
Moises Alcala,0.00,0.00,0.00,1.00,0.00,0.02,0.40
Modeifi Marte,0.00,0.00,0.00,1.00,0.00,0.02,0.40
Miguel Hiraldo,0.00,0.00,0.00,1.00,0.00,0.02,0.40
Joshwan Wright,0.00,0.00,0.00,1.00,0.00,0.02,0.40
Max Kuhns,0.00,0.00,0.00,1.00,0.00,0.02,0.40
Michael Arroyo,0.00,0.00,0.00,1.00,0.00,0.02,0.40
Michael Brantley,0.00,0.00,0.00,1.00,0.00,0.02,0.40
Michael Boyle,0.00,0.00,0.00,1.00,0.00,0.02,0.40
Michael Bienlien,0.00,0.00,0.00,1.00,0.00,0.02,0.40
Michael Berglund,0.00,0.00,0.00,1.00,0.00,0.02,0.40
Juan Arnaud,0.00,0.00,0.00,1.00,0.00,0.02,0.40
Michael Beltre,0.00,0.00,0.00,1.00,0.00,0.02,0.40
Michael Baird,0.00,0.00,0.00,1.00,0.00,0.02,0.40
Michael Baez,0.00,0.00,0.00,1.00,0.00,0.02,0.40
Juan Baez,0.00,0.00,0.00,1.00,0.00,0.02,0.40
Juan Bello,0.00,0.00,0.00,1.00,0.00,0.02,0.40
Michael Brettell,0.00,0.00,0.00,1.00,0.00,0.02,0.40
Michael Amditis,0.00,0.00,0.00,1.00,0.00,0.02,0.40
Juan Benjamin,0.00,0.00,0.00,1.00,0.00,0.02,0.40
Micah Pries,0.00,0.00,0.00,1.00,0.00,0.02,0.40
Micah Ottenbreit,0.00,0.00,0.00,1.00,0.00,0.02,0.40
Micah Dallas,0.00,0.00,0.00,1.00,0.00,0.02,0.40
Juan Burgos,0.00,0.00,0.00,1.00,0.00,0.02,0.40
Juan Carela,0.00,0.00,0.00,1.00,0.00,0.02,0.40
Micael Ramirez,0.00,0.00,0.00,1.00,0.00,0.02,0.40
Meylin De Leon,0.00,0.00,0.00,1.00,0.00,0.02,0.40
Juan Archbold,0.00,0.00,0.00,1.00,0.00,0.02,0.40
Juan Aparicio,0.00,0.00,0.00,1.00,0.00,0.02,0.40
Juan Carlos Negret,0.00,0.00,0.00,1.00,0.00,0.02,0.40
Michael De La Cruz,0.00,0.00,0.00,1.00,0.00,0.02,0.40
José Sánchez,0.00,0.00,0.00,1.00,0.00,0.02,0.40
Michael Giacone,0.00,0.00,0.00,1.00,0.00,0.02,0.40
Jovani Moran,0.00,0.00,0.00,1.00,0.00,0.02,0.40
Jovi Galvez,0.00,0.00,0.00,1.00,0.00,0.02,0.40
Michael Forret,0.00,0.00,0.00,1.00,0.00,0.02,0.40
Juan Abreu,0.00,0.00,0.00,1.00,0.00,0.02,0.40
Michael Feliz,0.00,0.00,0.00,1.00,0.00,0.02,0.40
Michael Dominguez,0.00,0.00,0.00,1.00,0.00,0.02,0.40
Michael De León,0.00,0.00,0.00,1.00,0.00,0.02,0.40
Juan Alonso,0.00,0.00,0.00,1.00,0.00,0.02,0.40
Michael Brewer,0.00,0.00,0.00,1.00,0.00,0.02,0.40
Michael Danielak,0.00,0.00,0.00,1.00,0.00,0.02,0.40
Michael Curialle,0.00,0.00,0.00,1.00,0.00,0.02,0.40
Juan Alvarez,0.00,0.00,0.00,1.00,0.00,0.02,0.40
Michael Cuevas,0.00,0.00,0.00,1.00,0.00,0.02,0.40
Michael Costanzo,0.00,0.00,0.00,1.00,0.00,0.02,0.40
Michael Chavis,0.00,0.00,0.00,1.00,0.00,0.02,0.40
Michael Cantu,0.00,0.00,0.00,1.00,0.00,0.02,0.40
Michael Byrne,0.00,0.00,0.00,1.00,0.00,0.02,0.40
Juan Amarante,0.00,0.00,0.00,1.00,0.00,0.02,0.40
Mervin Fell,0.00,0.00,0.00,1.00,0.00,0.02,0.40
Juan Castillo,0.00,0.00,0.00,1.00,0.00,0.02,0.40
Michael Gomez,0.00,0.00,0.00,1.00,0.00,0.02,0.40
Max Wagner,0.00,0.00,0.00,1.00,0.00,0.02,0.40
Maxwell Romero Jr.,0.00,0.00,0.00,1.00,0.00,0.02,0.40
Maxwell Costes,0.00,0.00,0.00,1.00,0.00,0.02,0.40
Maxwel Hernandez,0.00,0.00,0.00,1.00,0.00,0.02,0.40
Maximo Martinez,0.00,0.00,0.00,1.00,0.00,0.02,0.40
Maximo Maria,0.00,0.00,0.00,1.00,0.00,0.02,0.40
Maximo Gonzalez,0.00,0.00,0.00,1.00,0.00,0.02,0.40
Juan De Los Santos,0.00,0.00,0.00,1.00,0.00,0.02,0.40
Juan Duran,0.00,0.00,0.00,1.00,0.00,0.02,0.40
Max Wright,0.00,0.00,0.00,1.00,0.00,0.02,0.40
Max Schrock,0.00,0.00,0.00,1.00,0.00,0.02,0.40
Maycold Leon,0.00,0.00,0.00,1.00,0.00,0.02,0.40
Juan Espinal,0.00,0.00,0.00,1.00,0.00,0.02,0.40
Max Roberts,0.00,0.00,0.00,1.00,0.00,0.02,0.40
Juan Fernandez,0.00,0.00,0.00,1.00,0.00,0.02,0.40
Max Rajcic,0.00,0.00,0.00,1.00,0.00,0.02,0.40
Juan Flores,0.00,0.00,0.00,1.00,0.00,0.02,0.40
Juan Frances,0.00,0.00,0.00,1.00,0.00,0.02,0.40
Juan Garcia,0.00,0.00,0.00,1.00,0.00,0.02,0.40
Max McDowell,0.00,0.00,0.00,1.00,0.00,0.02,0.40
Juan Gonzalez,0.00,0.00,0.00,1.00,0.00,0.02,0.40
Juan De La Cruz,0.00,0.00,0.00,1.00,0.00,0.02,0.40
Maykel Minoso,0.00,0.00,0.00,1.00,0.00,0.02,0.40
Merrick Baldo,0.00,0.00,0.00,1.00,0.00,0.02,0.40
Melvi Acosta,0.00,0.00,0.00,1.00,0.00,0.02,0.40
Merphy Hernandez,0.00,0.00,0.00,1.00,0.00,0.02,0.40
Merlin Bido,0.00,0.00,0.00,1.00,0.00,0.02,0.40
Melvyn Amador,0.00,0.00,0.00,1.00,0.00,0.02,0.40
Melvin Rodriguez,0.00,0.00,0.00,1.00,0.00,0.02,0.40
Melvin Pineda,0.00,0.00,0.00,1.00,0.00,0.02,0.40
Melvin Javier,0.00,0.00,0.00,1.00,0.00,0.02,0.40
Melvin Hernandez,0.00,0.00,0.00,1.00,0.00,0.02,0.40
Juan Centeno,0.00,0.00,0.00,1.00,0.00,0.02,0.40
Melvin Adón,0.00,0.00,0.00,1.00,0.00,0.02,0.40
Juan Chacon,0.00,0.00,0.00,1.00,0.00,0.02,0.40
Juan Daniel Encarnacion,0.00,0.00,0.00,1.00,0.00,0.02,0.40
Melkis Hernandez,0.00,0.00,0.00,1.00,0.00,0.02,0.40
Juan Colorado,0.00,0.00,0.00,1.00,0.00,0.02,0.40
Meibrys Viloria,0.00,0.00,0.00,1.00,0.00,0.02,0.40
McKinley Moore,0.00,0.00,0.00,1.00,0.00,0.02,0.40
McCarthy Tatum,0.00,0.00,0.00,1.00,0.00,0.02,0.40
McCade Brown,0.00,0.00,0.00,1.00,0.00,0.02,0.40
Juan Corniel,0.00,0.00,0.00,1.00,0.00,0.02,0.40
Maylerson Casanova,0.00,0.00,0.00,1.00,0.00,0.02,0.40
Juan Cota,0.00,0.00,0.00,1.00,0.00,0.02,0.40
Michael Gigliotti,0.00,0.00,0.00,1.00,0.00,0.02,0.40
Michael Guzman,0.00,0.00,0.00,1.00,0.00,0.02,0.40
Miguel Guerrero,0.00,0.00,0.00,1.00,0.00,0.02,0.40
Michel Triana,0.00,0.00,0.00,1.00,0.00,0.02,0.40
Jostin Florentino,0.00,0.00,0.00,1.00,0.00,0.02,0.40
Mickey McDonald,0.00,0.00,0.00,1.00,0.00,0.02,0.40
Micker Adolfo,0.00,0.00,0.00,1.00,0.00,0.02,0.40
Jostyn Almonte,0.00,0.00,0.00,1.00,0.00,0.02,0.40
Michell Ojeda,0.00,0.00,0.00,1.00,0.00,0.02,0.40
Michell Miliano,0.00,0.00,0.00,1.00,0.00,0.02,0.40
Josue Arias,0.00,0.00,0.00,1.00,0.00,0.02,0.40
Michell Chirinos,0.00,0.00,0.00,1.00,0.00,0.02,0.40
Michele Vassalotti,0.00,0.00,0.00,1.00,0.00,0.02,0.40
Josue Briceño,0.00,0.00,0.00,1.00,0.00,0.02,0.40
Miguel Alfonseca,0.00,0.00,0.00,1.00,0.00,0.02,0.40
Michel Baez,0.00,0.00,0.00,1.00,0.00,0.02,0.40
Michael YaSenka,0.00,0.00,0.00,1.00,0.00,0.02,0.40
Josue Brito,0.00,0.00,0.00,1.00,0.00,0.02,0.40
Michael Vilchez,0.00,0.00,0.00,1.00,0.00,0.02,0.40
Michael Valverde,0.00,0.00,0.00,1.00,0.00,0.02,0.40
Josue Carmona,0.00,0.00,0.00,1.00,0.00,0.02,0.40
Michael Valera,0.00,0.00,0.00,1.00,0.00,0.02,0.40
Michael Turner,0.00,0.00,0.00,1.00,0.00,0.02,0.40
Michael Turconi,0.00,0.00,0.00,1.00,0.00,0.02,0.40
Miguel Aguilar,0.00,0.00,0.00,1.00,0.00,0.02,0.40
Josnier Parra,0.00,0.00,0.00,1.00,0.00,0.02,0.40
Josue De Paula,0.00,0.00,0.00,1.00,0.00,0.02,0.40
Miguel Cruz,0.00,0.00,0.00,1.00,0.00,0.02,0.40
Miguel Gomez,0.00,0.00,0.00,1.00,0.00,0.02,0.40
Miguel Gil,0.00,0.00,0.00,1.00,0.00,0.02,0.40
Josi Novas,0.00,0.00,0.00,1.00,0.00,0.02,0.40
Miguel Fulgencio,0.00,0.00,0.00,1.00,0.00,0.02,0.40
Miguel Flores,0.00,0.00,0.00,1.00,0.00,0.02,0.40
Miguel Fabrizio,0.00,0.00,0.00,1.00,0.00,0.02,0.40
Miguel Dominguez,0.00,0.00,0.00,1.00,0.00,0.02,0.40
Josias De Los Santos,0.00,0.00,0.00,1.00,0.00,0.02,0.40
Miguel Del Pozo,0.00,0.00,0.00,1.00,0.00,0.02,0.40
Miguel Cordones,0.00,0.00,0.00,1.00,0.00,0.02,0.40
Josnaider Orellana,0.00,0.00,0.00,1.00,0.00,0.02,0.40
Miguel Cordero,0.00,0.00,0.00,1.00,0.00,0.02,0.40
Miguel Cienfuegos,0.00,0.00,0.00,1.00,0.00,0.02,0.40
Josias Ramirez,0.00,0.00,0.00,1.00,0.00,0.02,0.40
Josimar Cousin,0.00,0.00,0.00,1.00,0.00,0.02,0.40
Josmar Acevedo,0.00,0.00,0.00,1.00,0.00,0.02,0.40
Miguel Cabrera,0.00,0.00,0.00,1.00,0.00,0.02,0.40
Miguel Briceno,0.00,0.00,0.00,1.00,0.00,0.02,0.40
Miguel Bleis,0.00,0.00,0.00,1.00,0.00,0.02,0.40
Miguel Blanco,0.00,0.00,0.00,1.00,0.00,0.02,0.40
Michael Trautwein,0.00,0.00,0.00,1.00,0.00,0.02,0.40
Josue Gonzalez,0.00,0.00,0.00,1.00,0.00,0.02,0.40
José Noguera,0.00,0.00,0.00,1.00,0.00,0.02,0.40
José Devers,0.00,0.00,0.00,1.00,0.00,0.02,0.40
Michael Mariot,0.00,0.00,0.00,1.00,0.00,0.02,0.40
Michael Mantecón,0.00,0.00,0.00,1.00,0.00,0.02,0.40
Michael Limoncelli,0.00,0.00,0.00,1.00,0.00,0.02,0.40
Michael Krauza,0.00,0.00,0.00,1.00,0.00,0.02,0.40
José Castillo,0.00,0.00,0.00,1.00,0.00,0.02,0.40
Michael Knorr,0.00,0.00,0.00,1.00,0.00,0.02,0.40
Michael Kirian,0.00,0.00,0.00,1.00,0.00,0.02,0.40
José Cruz,0.00,0.00,0.00,1.00,0.00,0.02,0.40
José De León,0.00,0.00,0.00,1.00,0.00,0.02,0.40
José Geraldo,0.00,0.00,0.00,1.00,0.00,0.02,0.40
Michael Martinez,0.00,0.00,0.00,1.00,0.00,0.02,0.40
Michael Kennedy,0.00,0.00,0.00,1.00,0.00,0.02,0.40
José Godoy,0.00,0.00,0.00,1.00,0.00,0.02,0.40
José Lopez,0.00,0.00,0.00,1.00,0.00,0.02,0.40
José Marte,0.00,0.00,0.00,1.00,0.00,0.02,0.40
Michael Horrell,0.00,0.00,0.00,1.00,0.00,0.02,0.40
Michael Hobbs,0.00,0.00,0.00,1.00,0.00,0.02,0.40
Michael Hermosillo,0.00,0.00,0.00,1.00,0.00,0.02,0.40
José Mejía,0.00,0.00,0.00,1.00,0.00,0.02,0.40
José Mujica,0.00,0.00,0.00,1.00,0.00,0.02,0.40
José Briceño,0.00,0.00,0.00,1.00,0.00,0.02,0.40
José Azocar,0.00,0.00,0.00,1.00,0.00,0.02,0.40
Michael Stryffeler,0.00,0.00,0.00,1.00,0.00,0.02,0.40
Michael Pérez,0.00,0.00,0.00,1.00,0.00,0.02,0.40
Josue Huma,0.00,0.00,0.00,1.00,0.00,0.02,0.40
Josue Panacual,0.00,0.00,0.00,1.00,0.00,0.02,0.40
Josueth Quinonez,0.00,0.00,0.00,1.00,0.00,0.02,0.40
Joswa Lugo,0.00,0.00,0.00,1.00,0.00,0.02,0.40
Michael Saturria,0.00,0.00,0.00,1.00,0.00,0.02,0.40
Michael Sansone,0.00,0.00,0.00,1.00,0.00,0.02,0.40
Michael Sandle,0.00,0.00,0.00,1.00,0.00,0.02,0.40
Michael Rucker,0.00,0.00,0.00,1.00,0.00,0.02,0.40
Michael Reed,0.00,0.00,0.00,1.00,0.00,0.02,0.40
Michael Prosecky,0.00,0.00,0.00,1.00,0.00,0.02,0.40
José Alvarez,0.00,0.00,0.00,1.00,0.00,0.02,0.40
Michael Plassmeyer,0.00,0.00,0.00,1.00,0.00,0.02,0.40
Michael Pineda,0.00,0.00,0.00,1.00,0.00,0.02,0.40
Michael Peres,0.00,0.00,0.00,1.00,0.00,0.02,0.40
Joswuill Rondon,0.00,0.00,0.00,1.00,0.00,0.02,0.40
Michael Papierski,0.00,0.00,0.00,1.00,0.00,0.02,0.40
José  Estrada,0.00,0.00,0.00,1.00,0.00,0.02,0.40
José  Ramírez,0.00,0.00,0.00,1.00,0.00,0.02,0.40
Michael Morales,0.00,0.00,0.00,1.00,0.00,0.02,0.40
Michael McAvene,0.00,0.00,0.00,1.00,0.00,0.02,0.40
José Rodríguez,0.00,0.00,0.00,1.00,0.00,0.02,0.40
Justin Fall,0.00,0.00,0.00,1.00,0.00,0.02,0.40
Masahiro Tanaka,0.00,0.00,0.00,1.00,0.00,0.02,0.40
Logan Cerny,0.00,0.00,0.00,1.00,0.00,0.02,0.40
Logan Lyle,0.00,0.00,0.00,1.00,0.00,0.02,0.40
Logan Hofmann,0.00,0.00,0.00,1.00,0.00,0.02,0.40
Logan Gragg,0.00,0.00,0.00,1.00,0.00,0.02,0.40
Kenten Egbert,0.00,0.00,0.00,1.00,0.00,0.02,0.40
Logan Glass,0.00,0.00,0.00,1.00,0.00,0.02,0.40
Logan Gillaspie,0.00,0.00,0.00,1.00,0.00,0.02,0.40
Kenya Huggins,0.00,0.00,0.00,1.00,0.00,0.02,0.40
Logan Davidson,0.00,0.00,0.00,1.00,0.00,0.02,0.40
Logan Cozart,0.00,0.00,0.00,1.00,0.00,0.02,0.40
Logan Clayton,0.00,0.00,0.00,1.00,0.00,0.02,0.40
Logan Brown,0.00,0.00,0.00,1.00,0.00,0.02,0.40
Keninson Diaz,0.00,0.00,0.00,1.00,0.00,0.02,0.40
Logan Britt,0.00,0.00,0.00,1.00,0.00,0.02,0.40
Logan Boyer,0.00,0.00,0.00,1.00,0.00,0.02,0.40
Locke St. John,0.00,0.00,0.00,1.00,0.00,0.02,0.40
Kenyi Perez,0.00,0.00,0.00,1.00,0.00,0.02,0.40
Lluveres Severino,0.00,0.00,0.00,1.00,0.00,0.02,0.40
Ljay Newsome,0.00,0.00,0.00,1.00,0.00,0.02,0.40
Lizardo Ruiz,0.00,0.00,0.00,1.00,0.00,0.02,0.40
Kenyon Yovan,0.00,0.00,0.00,1.00,0.00,0.02,0.40
Lizandro Rodriguez,0.00,0.00,0.00,1.00,0.00,0.02,0.40
Lizandro Espinoza,0.00,0.00,0.00,1.00,0.00,0.02,0.40
Logan Martin,0.00,0.00,0.00,1.00,0.00,0.02,0.40
Kent Hasler,0.00,0.00,0.00,1.00,0.00,0.02,0.40
Kent Emanuel,0.00,0.00,0.00,1.00,0.00,0.02,0.40
Logan Porter,0.00,0.00,0.00,1.00,0.00,0.02,0.40
Lorenzo Encarnacion,0.00,0.00,0.00,1.00,0.00,0.02,0.40
Lorenzo Cedrola,0.00,0.00,0.00,1.00,0.00,0.02,0.40
Kenneth Betancourt,0.00,0.00,0.00,1.00,0.00,0.02,0.40
Lorenzo Cain,0.00,0.00,0.00,1.00,0.00,0.02,0.40
Lonnie White Jr.,0.00,0.00,0.00,1.00,0.00,0.02,0.40
Lolo Sanchez,0.00,0.00,0.00,1.00,0.00,0.02,0.40
Loidel Chapelli,0.00,0.00,0.00,1.00,0.00,0.02,0.40
Logun Clark,0.00,0.00,0.00,1.00,0.00,0.02,0.40
Logan Workman,0.00,0.00,0.00,1.00,0.00,0.02,0.40
Kenni Gomez,0.00,0.00,0.00,1.00,0.00,0.02,0.40
Kenny Castillo,0.00,0.00,0.00,1.00,0.00,0.02,0.40
Logan Warmoth,0.00,0.00,0.00,1.00,0.00,0.02,0.40
Logan Wagner,0.00,0.00,0.00,1.00,0.00,0.02,0.40
Logan Verrett,0.00,0.00,0.00,1.00,0.00,0.02,0.40
Logan Tanner,0.00,0.00,0.00,1.00,0.00,0.02,0.40
Logan Shore,0.00,0.00,0.00,1.00,0.00,0.02,0.40
Kenny Hernandez,0.00,0.00,0.00,1.00,0.00,0.02,0.40
Logan Sawyer,0.00,0.00,0.00,1.00,0.00,0.02,0.40
Kenny Pinto,0.00,0.00,0.00,1.00,0.00,0.02,0.40
Kenny Piper,0.00,0.00,0.00,1.00,0.00,0.02,0.40
Logan Rinehart,0.00,0.00,0.00,1.00,0.00,0.02,0.40
Keone Kela,0.00,0.00,0.00,1.00,0.00,0.02,0.40
Keoni Cavaco,0.00,0.00,0.00,1.00,0.00,0.02,0.40
Livan Soto,0.00,0.00,0.00,1.00,0.00,0.02,0.40
Liam Simon,0.00,0.00,0.00,1.00,0.00,0.02,0.40
Kevin Coulter,0.00,0.00,0.00,1.00,0.00,0.02,0.40
Liam Jenkins,0.00,0.00,0.00,1.00,0.00,0.02,0.40
Kevin Cron,0.00,0.00,0.00,1.00,0.00,0.02,0.40
Liam Doolan,0.00,0.00,0.00,1.00,0.00,0.02,0.40
Lexer Saduy,0.00,0.00,0.00,1.00,0.00,0.02,0.40
Lewis Thorpe,0.00,0.00,0.00,1.00,0.00,0.02,0.40
Lewis Sifontes,0.00,0.00,0.00,1.00,0.00,0.02,0.40
Kevin Dume,0.00,0.00,0.00,1.00,0.00,0.02,0.40
Lewis Castillo,0.00,0.00,0.00,1.00,0.00,0.02,0.40
Lewin De La Cruz,0.00,0.00,0.00,1.00,0.00,0.02,0.40
Kevin Ereu,0.00,0.00,0.00,1.00,0.00,0.02,0.40
Levi Wells,0.00,0.00,0.00,1.00,0.00,0.02,0.40
Levi Thomas,0.00,0.00,0.00,1.00,0.00,0.02,0.40
Levi Stoudt,0.00,0.00,0.00,1.00,0.00,0.02,0.40
Kevin Gadea,0.00,0.00,0.00,1.00,0.00,0.02,0.40
Kevin Garcia,0.00,0.00,0.00,1.00,0.00,0.02,0.40
Levi Prater,0.00,0.00,0.00,1.00,0.00,0.02,0.40
Levi Jordan,0.00,0.00,0.00,1.00,0.00,0.02,0.40
Leury Tejada,0.00,0.00,0.00,1.00,0.00,0.02,0.40
Leury García,0.00,0.00,0.00,1.00,0.00,0.02,0.40
Leuris Portorreal,0.00,0.00,0.00,1.00,0.00,0.02,0.40
Liam Norris,0.00,0.00,0.00,1.00,0.00,0.02,0.40
Kevin Camacho,0.00,0.00,0.00,1.00,0.00,0.02,0.40
Livan Reinoso,0.00,0.00,0.00,1.00,0.00,0.02,0.40
Liam Spence,0.00,0.00,0.00,1.00,0.00,0.02,0.40
Kervin Castro,0.00,0.00,0.00,1.00,0.00,0.02,0.40
Liu Fuenmayor,0.00,0.00,0.00,1.00,0.00,0.02,0.40
Listher Sosa,0.00,0.00,0.00,1.00,0.00,0.02,0.40
Kervin Pichardo,0.00,0.00,0.00,1.00,0.00,0.02,0.40
Lisnerkin Lantigua,0.00,0.00,0.00,1.00,0.00,0.02,0.40
Keshawn Ogans,0.00,0.00,0.00,1.00,0.00,0.02,0.40
Lisbel Diaz,0.00,0.00,0.00,1.00,0.00,0.02,0.40
Lisandro Santos,0.00,0.00,0.00,1.00,0.00,0.02,0.40
Lisandro Mejia,0.00,0.00,0.00,1.00,0.00,0.02,0.40
Lisandro Bonifacio,0.00,0.00,0.00,1.00,0.00,0.02,0.40
Lisandro Almonte,0.00,0.00,0.00,1.00,0.00,0.02,0.40
Lisander De La Cruz,0.00,0.00,0.00,1.00,0.00,0.02,0.40
Keuri Almonte,0.00,0.00,0.00,1.00,0.00,0.02,0.40
Lisander Brito,0.00,0.00,0.00,1.00,0.00,0.02,0.40
Kevin Abel,0.00,0.00,0.00,1.00,0.00,0.02,0.40
Kevin Briceno,0.00,0.00,0.00,1.00,0.00,0.02,0.40
Kevin Bruggeman,0.00,0.00,0.00,1.00,0.00,0.02,0.40
Liosward Marin,0.00,0.00,0.00,1.00,0.00,0.02,0.40
Liomar Martinez,0.00,0.00,0.00,1.00,0.00,0.02,0.40
Lincoln Henzman,0.00,0.00,0.00,1.00,0.00,0.02,0.40
Liam Sullivan,0.00,0.00,0.00,1.00,0.00,0.02,0.40
Lorenzo Quintana,0.00,0.00,0.00,1.00,0.00,0.02,0.40
Louis Head,0.00,0.00,0.00,1.00,0.00,0.02,0.40
Leudy Tirado,0.00,0.00,0.00,1.00,0.00,0.02,0.40
Kekai Rios,0.00,0.00,0.00,1.00,0.00,0.02,0.40
Luis Barroso,0.00,0.00,0.00,1.00,0.00,0.02,0.40
Keiner Delgado,0.00,0.00,0.00,1.00,0.00,0.02,0.40
Luis Barett,0.00,0.00,0.00,1.00,0.00,0.02,0.40
Keiner Leon,0.00,0.00,0.00,1.00,0.00,0.02,0.40
Luis Baldiris,0.00,0.00,0.00,1.00,0.00,0.02,0.40
Luis Baez,0.00,0.00,0.00,1.00,0.00,0.02,0.40
Keith Rogalla,0.00,0.00,0.00,1.00,0.00,0.02,0.40
Keiver Garcia,0.00,0.00,0.00,1.00,0.00,0.02,0.40
Keiverson Ramirez,0.00,0.00,0.00,1.00,0.00,0.02,0.40
Luis Avilán,0.00,0.00,0.00,1.00,0.00,0.02,0.40
Luis Aviles Jr.,0.00,0.00,0.00,1.00,0.00,0.02,0.40
Louis Pierre,0.00,0.00,0.00,1.00,0.00,0.02,0.40
Kellen Strahm,0.00,0.00,0.00,1.00,0.00,0.02,0.40
Luis Avila,0.00,0.00,0.00,1.00,0.00,0.02,0.40
Luis Ariza,0.00,0.00,0.00,1.00,0.00,0.02,0.40
Kellum Clark,0.00,0.00,0.00,1.00,0.00,0.02,0.40
Luis Arestigueta,0.00,0.00,0.00,1.00,0.00,0.02,0.40
Kelly Austin,0.00,0.00,0.00,1.00,0.00,0.02,0.40
Luis Arejula,0.00,0.00,0.00,1.00,0.00,0.02,0.40
Kelvin Alcantara,0.00,0.00,0.00,1.00,0.00,0.02,0.40
Luis Angel Rodriguez,0.00,0.00,0.00,1.00,0.00,0.02,0.40
Luis Amoroso,0.00,0.00,0.00,1.00,0.00,0.02,0.40
Keiderson Pavon,0.00,0.00,0.00,1.00,0.00,0.02,0.40
Luis Beltrán,0.00,0.00,0.00,1.00,0.00,0.02,0.40
Keider Herrera,0.00,0.00,0.00,1.00,0.00,0.02,0.40
Luis Bermudez,0.00,0.00,0.00,1.00,0.00,0.02,0.40
Luis De Aza,0.00,0.00,0.00,1.00,0.00,0.02,0.40
Luis De Avila,0.00,0.00,0.00,1.00,0.00,0.02,0.40
Keegan Zinn,0.00,0.00,0.00,1.00,0.00,0.02,0.40
Luis Curbelo,0.00,0.00,0.00,1.00,0.00,0.02,0.40
Luis Cova,0.00,0.00,0.00,1.00,0.00,0.02,0.40
Luis Corobo,0.00,0.00,0.00,1.00,0.00,0.02,0.40
Luis Colon,0.00,0.00,0.00,1.00,0.00,0.02,0.40
Luis Cohen,0.00,0.00,0.00,1.00,0.00,0.02,0.40
Luis Chevalier,0.00,0.00,0.00,1.00,0.00,0.02,0.40
Luis Cessa,0.00,0.00,0.00,1.00,0.00,0.02,0.40
Luis Cesar,0.00,0.00,0.00,1.00,0.00,0.02,0.40
Luis Cepeda,0.00,0.00,0.00,1.00,0.00,0.02,0.40
Luis Carrasco,0.00,0.00,0.00,1.00,0.00,0.02,0.40
Luis Carpio,0.00,0.00,0.00,1.00,0.00,0.02,0.40
Luis Carias,0.00,0.00,0.00,1.00,0.00,0.02,0.40
Keeler Morfe,0.00,0.00,0.00,1.00,0.00,0.02,0.40
Kehden Hettiger,0.00,0.00,0.00,1.00,0.00,0.02,0.40
Keiber Armas,0.00,0.00,0.00,1.00,0.00,0.02,0.40
Luis Caicuto,0.00,0.00,0.00,1.00,0.00,0.02,0.40
Keiberg Camacaro,0.00,0.00,0.00,1.00,0.00,0.02,0.40
Luis Bolivar,0.00,0.00,0.00,1.00,0.00,0.02,0.40
Kelvin Bautista,0.00,0.00,0.00,1.00,0.00,0.02,0.40
Luis Amaya,0.00,0.00,0.00,1.00,0.00,0.02,0.40
Kelvin Carmona,0.00,0.00,0.00,1.00,0.00,0.02,0.40
Kemp Alderman,0.00,0.00,0.00,1.00,0.00,0.02,0.40
Ken Giles,0.00,0.00,0.00,1.00,0.00,0.02,0.40
Nate Mondou,0.00,0.00,0.00,1.00,0.00,0.02,0.40
Lucas Wepf,0.00,0.00,0.00,1.00,0.00,0.02,0.40
Kendal Meza,0.00,0.00,0.00,1.00,0.00,0.02,0.40
Lucas Luetge,0.00,0.00,0.00,1.00,0.00,0.02,0.40
Lucas Knowles,0.00,0.00,0.00,1.00,0.00,0.02,0.40
Lucas Jacobsen,0.00,0.00,0.00,1.00,0.00,0.02,0.40
Lucas Gordon,0.00,0.00,0.00,1.00,0.00,0.02,0.40
Lucas Gordillo,0.00,0.00,0.00,1.00,0.00,0.02,0.40
Kendall George,0.00,0.00,0.00,1.00,0.00,0.02,0.40
Kendall Simmons,0.00,0.00,0.00,1.00,0.00,0.02,0.40
Kendall Williams,0.00,0.00,0.00,1.00,0.00,0.02,0.40
Lucas Dunn,0.00,0.00,0.00,1.00,0.00,0.02,0.40
Kendeglys Virguez,0.00,0.00,0.00,1.00,0.00,0.02,0.40
Lucas Braun,0.00,0.00,0.00,1.00,0.00,0.02,0.40
Kendrick Hernandez,0.00,0.00,0.00,1.00,0.00,0.02,0.40
Kendrick Herrera,0.00,0.00,0.00,1.00,0.00,0.02,0.40
Kendry Chirinos,0.00,0.00,0.00,1.00,0.00,0.02,0.40
Kendry Feliz,0.00,0.00,0.00,1.00,0.00,0.02,0.40
Kendry Rojas,0.00,0.00,0.00,1.00,0.00,0.02,0.40
Keneth Quintanilla,0.00,0.00,0.00,1.00,0.00,0.02,0.40
Lucius Fox,0.00,0.00,0.00,1.00,0.00,0.02,0.40
Ludwin Jimenez,0.00,0.00,0.00,1.00,0.00,0.02,0.40
Kelvin Diaz,0.00,0.00,0.00,1.00,0.00,0.02,0.40
Ludwin Tejada,0.00,0.00,0.00,1.00,0.00,0.02,0.40
Luis Almonte,0.00,0.00,0.00,1.00,0.00,0.02,0.40
Kelvin Gutiérrez,0.00,0.00,0.00,1.00,0.00,0.02,0.40
Luis Almeyda,0.00,0.00,0.00,1.00,0.00,0.02,0.40
Kelvin Hidalgo,0.00,0.00,0.00,1.00,0.00,0.02,0.40
Kelvin LaRoche,0.00,0.00,0.00,1.00,0.00,0.02,0.40
Luis Alcala,0.00,0.00,0.00,1.00,0.00,0.02,0.40
Luis Aguilera,0.00,0.00,0.00,1.00,0.00,0.02,0.40
Kelvin Melean,0.00,0.00,0.00,1.00,0.00,0.02,0.40
Luis Aguilar,0.00,0.00,0.00,1.00,0.00,0.02,0.40
Luis A. Rodriguez,0.00,0.00,0.00,1.00,0.00,0.02,0.40
Luis A. Reyes,0.00,0.00,0.00,1.00,0.00,0.02,0.40
Kelvin Nunez,0.00,0.00,0.00,1.00,0.00,0.02,0.40
Kelvin Perez,0.00,0.00,0.00,1.00,0.00,0.02,0.40
Luimy Munoz,0.00,0.00,0.00,1.00,0.00,0.02,0.40
Kelvin Ramirez,0.00,0.00,0.00,1.00,0.00,0.02,0.40
Kelvin Rosario,0.00,0.00,0.00,1.00,0.00,0.02,0.40
Kelvis Salcedo,0.00,0.00,0.00,1.00,0.00,0.02,0.40
Luigi Hernandez,0.00,0.00,0.00,1.00,0.00,0.02,0.40
Luifer Romero,0.00,0.00,0.00,1.00,0.00,0.02,0.40
Luichi Casilla,0.00,0.00,0.00,1.00,0.00,0.02,0.40
Ludwing Espinoza,0.00,0.00,0.00,1.00,0.00,0.02,0.40
Kevin Gowdy,0.00,0.00,0.00,1.00,0.00,0.02,0.40
Lester Nin,0.00,0.00,0.00,1.00,0.00,0.02,0.40
Marwys Cabrera,0.00,0.00,0.00,1.00,0.00,0.02,0.40
Kyle Molnar,0.00,0.00,0.00,1.00,0.00,0.02,0.40
Kobe Kato,0.00,0.00,0.00,1.00,0.00,0.02,0.40
Kobe Robinson,0.00,0.00,0.00,1.00,0.00,0.02,0.40
Kodi Whitley,0.00,0.00,0.00,1.00,0.00,0.02,0.40
Kyle Sinzza,0.00,0.00,0.00,1.00,0.00,0.02,0.40
Kyle Scott,0.00,0.00,0.00,1.00,0.00,0.02,0.40
Kyle Ryan,0.00,0.00,0.00,1.00,0.00,0.02,0.40
Kyle Nevin,0.00,0.00,0.00,1.00,0.00,0.02,0.40
Kody Hoese,0.00,0.00,0.00,1.00,0.00,0.02,0.40
Kody Huff,0.00,0.00,0.00,1.00,0.00,0.02,0.40
Kyle Mora,0.00,0.00,0.00,1.00,0.00,0.02,0.40
Kyle McGowin,0.00,0.00,0.00,1.00,0.00,0.02,0.40
Khristian Guevara,0.00,0.00,0.00,1.00,0.00,0.02,0.40
Koen Moreno,0.00,0.00,0.00,1.00,0.00,0.02,0.40
Kohei Arihara,0.00,0.00,0.00,1.00,0.00,0.02,0.40
Kyle Marman,0.00,0.00,0.00,1.00,0.00,0.02,0.40
Kyle Luckham,0.00,0.00,0.00,1.00,0.00,0.02,0.40
Kyle Lewis,0.00,0.00,0.00,1.00,0.00,0.02,0.40
Kyle Larsen,0.00,0.00,0.00,1.00,0.00,0.02,0.40
Kohl Drake,0.00,0.00,0.00,1.00,0.00,0.02,0.40
Kyle Kubat,0.00,0.00,0.00,1.00,0.00,0.02,0.40
Kyle Keller,0.00,0.00,0.00,1.00,0.00,0.02,0.40
Kyle Kasser,0.00,0.00,0.00,1.00,0.00,0.02,0.40
Kyle Virbitsky,0.00,0.00,0.00,1.00,0.00,0.02,0.40
Kyle Whitten,0.00,0.00,0.00,1.00,0.00,0.02,0.40
Kyle Wilcox,0.00,0.00,0.00,1.00,0.00,0.02,0.40
Kliubert Avila,0.00,0.00,0.00,1.00,0.00,0.02,0.40
Kiko Romero,0.00,0.00,0.00,1.00,0.00,0.02,0.40
Kinn Omosako,0.00,0.00,0.00,1.00,0.00,0.02,0.40
Lamar Sparks,0.00,0.00,0.00,1.00,0.00,0.02,0.40
Lamar King Jr.,0.00,0.00,0.00,1.00,0.00,0.02,0.40
Lachlan Wells,0.00,0.00,0.00,1.00,0.00,0.02,0.40
Kirk McCarty,0.00,0.00,0.00,1.00,0.00,0.02,0.40
Kleiber Olmedo,0.00,0.00,0.00,1.00,0.00,0.02,0.40
Kleimir Lemos,0.00,0.00,0.00,1.00,0.00,0.02,0.40
LJ Talley,0.00,0.00,0.00,1.00,0.00,0.02,0.40
LJ McDonough,0.00,0.00,0.00,1.00,0.00,0.02,0.40
LJ Hatch,0.00,0.00,0.00,1.00,0.00,0.02,0.40
Kleiver Chauran,0.00,0.00,0.00,1.00,0.00,0.02,0.40
Klendy Leen,0.00,0.00,0.00,1.00,0.00,0.02,0.40
L.J. Jones,0.00,0.00,0.00,1.00,0.00,0.02,0.40
Kyler Fedko,0.00,0.00,0.00,1.00,0.00,0.02,0.40
Kyler Castillo,0.00,0.00,0.00,1.00,0.00,0.02,0.40
Kyle Zurak,0.00,0.00,0.00,1.00,0.00,0.02,0.40
Kleyderve Andrade,0.00,0.00,0.00,1.00,0.00,0.02,0.40
Kyle Zimmer,0.00,0.00,0.00,1.00,0.00,0.02,0.40
Kleyver Salazar,0.00,0.00,0.00,1.00,0.00,0.02,0.40
Kyle Wilson,0.00,0.00,0.00,1.00,0.00,0.02,0.40
Kyle Karros,0.00,0.00,0.00,1.00,0.00,0.02,0.40
Kyle Jones,0.00,0.00,0.00,1.00,0.00,0.02,0.40
Kyle Johnston,0.00,0.00,0.00,1.00,0.00,0.02,0.40
Kyle Funkhouser,0.00,0.00,0.00,1.00,0.00,0.02,0.40
Kramer Robertson,0.00,0.00,0.00,1.00,0.00,0.02,0.40
Kyle Dowdy,0.00,0.00,0.00,1.00,0.00,0.02,0.40
Kyle Dohy,0.00,0.00,0.00,1.00,0.00,0.02,0.40
Kyle DeBarge,0.00,0.00,0.00,1.00,0.00,0.02,0.40
Kyle Datres,0.00,0.00,0.00,1.00,0.00,0.02,0.40
Kris Anglin,0.00,0.00,0.00,1.00,0.00,0.02,0.40
Kyle Crigger,0.00,0.00,0.00,1.00,0.00,0.02,0.40
Kyle Crick,0.00,0.00,0.00,1.00,0.00,0.02,0.40
Kyle Cody,0.00,0.00,0.00,1.00,0.00,0.02,0.40
Kyle Carr,0.00,0.00,0.00,1.00,0.00,0.02,0.40
Kyle Brnovich,0.00,0.00,0.00,1.00,0.00,0.02,0.40
Krisspy Valdez,0.00,0.00,0.00,1.00,0.00,0.02,0.40
Kyle Bischoff,0.00,0.00,0.00,1.00,0.00,0.02,0.40
Kristian Cardozo,0.00,0.00,0.00,1.00,0.00,0.02,0.40
Kyle Bird,0.00,0.00,0.00,1.00,0.00,0.02,0.40
Kyle Battle,0.00,0.00,0.00,1.00,0.00,0.02,0.40
Kyle Barraclough,0.00,0.00,0.00,1.00,0.00,0.02,0.40
Kyle Backhus,0.00,0.00,0.00,1.00,0.00,0.02,0.40
Kwang Hyun Kim,0.00,0.00,0.00,1.00,0.00,0.02,0.40
Kristian Robinson,0.00,0.00,0.00,1.00,0.00,0.02,0.40
Kurt Suzuki,0.00,0.00,0.00,1.00,0.00,0.02,0.40
Korry Howell,0.00,0.00,0.00,1.00,0.00,0.02,0.40
Kyle Garlick,0.00,0.00,0.00,1.00,0.00,0.02,0.40
Kyle Johnson,0.00,0.00,0.00,1.00,0.00,0.02,0.40
Korey Holland,0.00,0.00,0.00,1.00,0.00,0.02,0.40
Kohl Franklin,0.00,0.00,0.00,1.00,0.00,0.02,0.40
Kohl Simas,0.00,0.00,0.00,1.00,0.00,0.02,0.40
Kohl Stewart,0.00,0.00,0.00,1.00,0.00,0.02,0.40
Kyle Hurt,0.00,0.00,0.00,1.00,0.00,0.02,0.40
Kolby Kubichek,0.00,0.00,0.00,1.00,0.00,0.02,0.40
Kole Calhoun,0.00,0.00,0.00,1.00,0.00,0.02,0.40
Kyle Holder,0.00,0.00,0.00,1.00,0.00,0.02,0.40
Kyle Hill,0.00,0.00,0.00,1.00,0.00,0.02,0.40
Kole Cottam,0.00,0.00,0.00,1.00,0.00,0.02,0.40
Kole Ramage,0.00,0.00,0.00,1.00,0.00,0.02,0.40
Kyle Hess,0.00,0.00,0.00,1.00,0.00,0.02,0.40
Kyle Henley,0.00,0.00,0.00,1.00,0.00,0.02,0.40
Kolten Wong,0.00,0.00,0.00,1.00,0.00,0.02,0.40
Kyle Hayes,0.00,0.00,0.00,1.00,0.00,0.02,0.40
Kolton Curtis,0.00,0.00,0.00,1.00,0.00,0.02,0.40
Kolton Ingram,0.00,0.00,0.00,1.00,0.00,0.02,0.40
Konner Piotto,0.00,0.00,0.00,1.00,0.00,0.02,0.40
Konner Wade,0.00,0.00,0.00,1.00,0.00,0.02,0.40
Kyle Glogoski,0.00,0.00,0.00,1.00,0.00,0.02,0.40
Konnor Ash,0.00,0.00,0.00,1.00,0.00,0.02,0.40
Konnor Pilkington,0.00,0.00,0.00,1.00,0.00,0.02,0.40
Kikito Severino,0.00,0.00,0.00,1.00,0.00,0.02,0.40
Khristian Curtis,0.00,0.00,0.00,1.00,0.00,0.02,0.40
Kevin Graham,0.00,0.00,0.00,1.00,0.00,0.02,0.40
Leiker Figueroa,0.00,0.00,0.00,1.00,0.00,0.02,0.40
Kevin Maitan,0.00,0.00,0.00,1.00,0.00,0.02,0.40
Kevin Malisheski,0.00,0.00,0.00,1.00,0.00,0.02,0.40
Kevin McGonigle,0.00,0.00,0.00,1.00,0.00,0.02,0.40
Kevin Merrell,0.00,0.00,0.00,1.00,0.00,0.02,0.40
Leo Balcazar,0.00,0.00,0.00,1.00,0.00,0.02,0.40
Kevin Milam,0.00,0.00,0.00,1.00,0.00,0.02,0.40
Leny Carela,0.00,0.00,0.00,1.00,0.00,0.02,0.40
Lennyn Nunez,0.00,0.00,0.00,1.00,0.00,0.02,0.40
Lenny Torres Jr.,0.00,0.00,0.00,1.00,0.00,0.02,0.40
Lenin Mendez,0.00,0.00,0.00,1.00,0.00,0.02,0.40
Kevin Miranda,0.00,0.00,0.00,1.00,0.00,0.02,0.40
Khris Almonte,0.00,0.00,0.00,1.00,0.00,0.02,0.40
Kevin Novoa,0.00,0.00,0.00,1.00,0.00,0.02,0.40
Kevin Padlo,0.00,0.00,0.00,1.00,0.00,0.02,0.40
Kevin Parada,0.00,0.00,0.00,1.00,0.00,0.02,0.40
Ledwin Taveras,0.00,0.00,0.00,1.00,0.00,0.02,0.40
Ledwin Gonzalez,0.00,0.00,0.00,1.00,0.00,0.02,0.40
Leandro Romero,0.00,0.00,0.00,1.00,0.00,0.02,0.40
Leandro Pineda,0.00,0.00,0.00,1.00,0.00,0.02,0.40
Leandro Morgado,0.00,0.00,0.00,1.00,0.00,0.02,0.40
Kevin Plawecki,0.00,0.00,0.00,1.00,0.00,0.02,0.40
Kevin Richards,0.00,0.00,0.00,1.00,0.00,0.02,0.40
Kevin Made,0.00,0.00,0.00,1.00,0.00,0.02,0.40
Leodalis De Vries,0.00,0.00,0.00,1.00,0.00,0.02,0.40
Leodarlyn Colon,0.00,0.00,0.00,1.00,0.00,0.02,0.40
Kevin Kopps,0.00,0.00,0.00,1.00,0.00,0.02,0.40
Leroy Escalante,0.00,0.00,0.00,1.00,0.00,0.02,0.40
Leosdany Molina,0.00,0.00,0.00,1.00,0.00,0.02,0.40
Leoni De La Cruz,0.00,0.00,0.00,1.00,0.00,0.02,0.40
Leonel Valera,0.00,0.00,0.00,1.00,0.00,0.02,0.40
Leonel Sequera,0.00,0.00,0.00,1.00,0.00,0.02,0.40
Kevin Guerrero,0.00,0.00,0.00,1.00,0.00,0.02,0.40
Leonel Espinoza,0.00,0.00,0.00,1.00,0.00,0.02,0.40
Kevin Hacen,0.00,0.00,0.00,1.00,0.00,0.02,0.40
Leonardo Taveras,0.00,0.00,0.00,1.00,0.00,0.02,0.40
Kevin Kendall,0.00,0.00,0.00,1.00,0.00,0.02,0.40
Leonardo Rossel,0.00,0.00,0.00,1.00,0.00,0.02,0.40
Leonardo Rondon,0.00,0.00,0.00,1.00,0.00,0.02,0.40
Leonardo Pineda,0.00,0.00,0.00,1.00,0.00,0.02,0.40
Leonardo Pestana,0.00,0.00,0.00,1.00,0.00,0.02,0.40
Leonardo Lugo,0.00,0.00,0.00,1.00,0.00,0.02,0.40
Leonardo Bernal,0.00,0.00,0.00,1.00,0.00,0.02,0.40
Leonard Garcia,0.00,0.00,0.00,1.00,0.00,0.02,0.40
Kevin Kiermaier,0.00,0.00,0.00,1.00,0.00,0.02,0.40
Leon Hunter Jr.,0.00,0.00,0.00,1.00,0.00,0.02,0.40
Leomar Rosario,0.00,0.00,0.00,1.00,0.00,0.02,0.40
Kevin Kilpatrick Jr.,0.00,0.00,0.00,1.00,0.00,0.02,0.40
Kevin Rivas,0.00,0.00,0.00,1.00,0.00,0.02,0.40
Leandro Lopez,0.00,0.00,0.00,1.00,0.00,0.02,0.40
Kevin Robledo,0.00,0.00,0.00,1.00,0.00,0.02,0.40
Kevin Vicuña,0.00,0.00,0.00,1.00,0.00,0.02,0.40
Kevin Watson Jr,0.00,0.00,0.00,1.00,0.00,0.02,0.40
Larson Kindreich,0.00,0.00,0.00,1.00,0.00,0.02,0.40
Kevison Hernandez,0.00,0.00,0.00,1.00,0.00,0.02,0.40
Larry Martinez,0.00,0.00,0.00,1.00,0.00,0.02,0.40
Kevyn Castillo,0.00,0.00,0.00,1.00,0.00,0.02,0.40
Lane Ramsey,0.00,0.00,0.00,1.00,0.00,0.02,0.40
Keyber Rodriguez,0.00,0.00,0.00,1.00,0.00,0.02,0.40
Landon Wallace,0.00,0.00,0.00,1.00,0.00,0.02,0.40
Keylan Killgore,0.00,0.00,0.00,1.00,0.00,0.02,0.40
Landon Tomkins,0.00,0.00,0.00,1.00,0.00,0.02,0.40
Landon Stephens,0.00,0.00,0.00,1.00,0.00,0.02,0.40
Landon Sims,0.00,0.00,0.00,1.00,0.00,0.02,0.40
Landon Marceaux,0.00,0.00,0.00,1.00,0.00,0.02,0.40
Landon Leach,0.00,0.00,0.00,1.00,0.00,0.02,0.40
Keyner Benitez,0.00,0.00,0.00,1.00,0.00,0.02,0.40
Keyshawn Askew,0.00,0.00,0.00,1.00,0.00,0.02,0.40
Keythel Key,0.00,0.00,0.00,1.00,0.00,0.02,0.40
Landon Harper,0.00,0.00,0.00,1.00,0.00,0.02,0.40
Keywill Cedeno,0.00,0.00,0.00,1.00,0.00,0.02,0.40
Landany Alfonseca,0.00,0.00,0.00,1.00,0.00,0.02,0.40
Khalil Lee,0.00,0.00,0.00,1.00,0.00,0.02,0.40
Kevin Villavicencio,0.00,0.00,0.00,1.00,0.00,0.02,0.40
Kevin Verde,0.00,0.00,0.00,1.00,0.00,0.02,0.40
Leandro Emiliani,0.00,0.00,0.00,1.00,0.00,0.02,0.40
Kevin Velasco,0.00,0.00,0.00,1.00,0.00,0.02,0.40
Leandro Cedeño,0.00,0.00,0.00,1.00,0.00,0.02,0.40
Kevin Rodriguez,0.00,0.00,0.00,1.00,0.00,0.02,0.40
Kevin Santos,0.00,0.00,0.00,1.00,0.00,0.02,0.40
Leandro Arias,0.00,0.00,0.00,1.00,0.00,0.02,0.40
Kevin Sim,0.00,0.00,0.00,1.00,0.00,0.02,0.40
Leandro Alsinois,0.00,0.00,0.00,1.00,0.00,0.02,0.40
Kevin Smith,0.00,0.00,0.00,1.00,0.00,0.02,0.40
Kevin Stevens,0.00,0.00,0.00,1.00,0.00,0.02,0.40
Leam Mendez,0.00,0.00,0.00,1.00,0.00,0.02,0.40
Lazaro Morales,0.00,0.00,0.00,1.00,0.00,0.02,0.40
Kevin Strohschein,0.00,0.00,0.00,1.00,0.00,0.02,0.40
Lazaro Montes,0.00,0.00,0.00,1.00,0.00,0.02,0.40
Lazaro Estrada,0.00,0.00,0.00,1.00,0.00,0.02,0.40
Lazaro Benitez,0.00,0.00,0.00,1.00,0.00,0.02,0.40
Lazaro Armenteros,0.00,0.00,0.00,1.00,0.00,0.02,0.40
Kevin Tejada,0.00,0.00,0.00,1.00,0.00,0.02,0.40
Laz Rivera,0.00,0.00,0.00,1.00,0.00,0.02,0.40
Kevin Valdez,0.00,0.00,0.00,1.00,0.00,0.02,0.40
Layonel Ovalles,0.00,0.00,0.00,1.00,0.00,0.02,0.40
Layne Henderson,0.00,0.00,0.00,1.00,0.00,0.02,0.40
Layant Tapia,0.00,0.00,0.00,1.00,0.00,0.02,0.40
Keegan James,0.00,0.00,0.00,1.00,0.00,0.02,0.40
Luis De La Cruz,0.00,0.00,0.00,1.00,0.00,0.02,0.40
Luis De La Rosa,0.00,0.00,0.00,1.00,0.00,0.02,0.40
Manuel Castro,0.00,0.00,0.00,1.00,0.00,0.02,0.40
Manuel Heredia,0.00,0.00,0.00,1.00,0.00,0.02,0.40
Manuel Guance,0.00,0.00,0.00,1.00,0.00,0.02,0.40
Manuel German,0.00,0.00,0.00,1.00,0.00,0.02,0.40
Manuel Espinoza,0.00,0.00,0.00,1.00,0.00,0.02,0.40
Manuel Dos Passos,0.00,0.00,0.00,1.00,0.00,0.02,0.40
Manuel De La Rosa,0.00,0.00,0.00,1.00,0.00,0.02,0.40
Manuel De Cesare,0.00,0.00,0.00,1.00,0.00,0.02,0.40
Manuel Davila,0.00,0.00,0.00,1.00,0.00,0.02,0.40
Justin Dean,0.00,0.00,0.00,1.00,0.00,0.02,0.40
Manuel Cazorla,0.00,0.00,0.00,1.00,0.00,0.02,0.40
Manuel Cachutt,0.00,0.00,0.00,1.00,0.00,0.02,0.40
Marcelo Martinez,0.00,0.00,0.00,1.00,0.00,0.02,0.40
Manuel Cabrera,0.00,0.00,0.00,1.00,0.00,0.02,0.40
Manuel Beltre,0.00,0.00,0.00,1.00,0.00,0.02,0.40
Justin Dillon,0.00,0.00,0.00,1.00,0.00,0.02,0.40
Justin Dirden,0.00,0.00,0.00,1.00,0.00,0.02,0.40
Justin Dunn,0.00,0.00,0.00,1.00,0.00,0.02,0.40
Manuel Alvarez,0.00,0.00,0.00,1.00,0.00,0.02,0.40
Manolfi Jimenez,0.00,0.00,0.00,1.00,0.00,0.02,0.40
Justin Evans,0.00,0.00,0.00,1.00,0.00,0.02,0.40
Manny Rodriguez,0.00,0.00,0.00,1.00,0.00,0.02,0.40
Manny Ramirez,0.00,0.00,0.00,1.00,0.00,0.02,0.40
Justin Crawford,0.00,0.00,0.00,1.00,0.00,0.02,0.40
Justin Courtney,0.00,0.00,0.00,1.00,0.00,0.02,0.40
Manuel Medina,0.00,0.00,0.00,1.00,0.00,0.02,0.40
Manuel Mejias,0.00,0.00,0.00,1.00,0.00,0.02,0.40
Justin Barry,0.00,0.00,0.00,1.00,0.00,0.02,0.40
Marcel Rentería,0.00,0.00,0.00,1.00,0.00,0.02,0.40
Marc Filia,0.00,0.00,0.00,1.00,0.00,0.02,0.40
Marc Davis,0.00,0.00,0.00,1.00,0.00,0.02,0.40
Justin Bench,0.00,0.00,0.00,1.00,0.00,0.02,0.40
Manuel Veloz,0.00,0.00,0.00,1.00,0.00,0.02,0.40
Manuel Urias,0.00,0.00,0.00,1.00,0.00,0.02,0.40
Justin Boyd,0.00,0.00,0.00,1.00,0.00,0.02,0.40
Justin Bruihl,0.00,0.00,0.00,1.00,0.00,0.02,0.40
Manuel Sequera,0.00,0.00,0.00,1.00,0.00,0.02,0.40
Justin Bullock,0.00,0.00,0.00,1.00,0.00,0.02,0.40
Manuel Rodriguez,0.00,0.00,0.00,1.00,0.00,0.02,0.40
Manuel Perez,0.00,0.00,0.00,1.00,0.00,0.02,0.40
Manuel Pena,0.00,0.00,0.00,1.00,0.00,0.02,0.40
Justin Caceres,0.00,0.00,0.00,1.00,0.00,0.02,0.40
Manuel Palencia,0.00,0.00,0.00,1.00,0.00,0.02,0.40
Justin Capellan,0.00,0.00,0.00,1.00,0.00,0.02,0.40
Manuel Osorio,0.00,0.00,0.00,1.00,0.00,0.02,0.40
Manuel Olivares,0.00,0.00,0.00,1.00,0.00,0.02,0.40
Justin Connell,0.00,0.00,0.00,1.00,0.00,0.02,0.40
Manuel Mercedes,0.00,0.00,0.00,1.00,0.00,0.02,0.40
Kristófer Bow,0.00,0.00,0.00,1.00,0.00,0.02,0.40
Justin Farmer,0.00,0.00,0.00,1.00,0.00,0.02,0.40
Manny Piña,0.00,0.00,0.00,1.00,0.00,0.02,0.40
Maikel Hernandez,0.00,0.00,0.00,1.00,0.00,0.02,0.40
Justin Kelly,0.00,0.00,0.00,1.00,0.00,0.02,0.40
Maikel Franco,0.00,0.00,0.00,1.00,0.00,0.02,0.40
Maicor Serrano,0.00,0.00,0.00,1.00,0.00,0.02,0.40
Justin Lange,0.00,0.00,0.00,1.00,0.00,0.02,0.40
Maick Collado,0.00,0.00,0.00,1.00,0.00,0.02,0.40
Mahki Backstrom,0.00,0.00,0.00,1.00,0.00,0.02,0.40
Magnus Ellerts,0.00,0.00,0.00,1.00,0.00,0.02,0.40
Justin Lasko,0.00,0.00,0.00,1.00,0.00,0.02,0.40
Magdiel Cotto,0.00,0.00,0.00,1.00,0.00,0.02,0.40
Mado Villegas,0.00,0.00,0.00,1.00,0.00,0.02,0.40
Justin Lavey,0.00,0.00,0.00,1.00,0.00,0.02,0.40
Madison Stokes,0.00,0.00,0.00,1.00,0.00,0.02,0.40
Madison Jeffrey,0.00,0.00,0.00,1.00,0.00,0.02,0.40
Madison Bumgarner,0.00,0.00,0.00,1.00,0.00,0.02,0.40
Madinson Frias,0.00,0.00,0.00,1.00,0.00,0.02,0.40
Maddux Houghton,0.00,0.00,0.00,1.00,0.00,0.02,0.40
Maddux Bruns,0.00,0.00,0.00,1.00,0.00,0.02,0.40
Mack Lemieux,0.00,0.00,0.00,1.00,0.00,0.02,0.40
Mack Anglin,0.00,0.00,0.00,1.00,0.00,0.02,0.40
Maceo Campbell,0.00,0.00,0.00,1.00,0.00,0.02,0.40
Justin Lawson,0.00,0.00,0.00,1.00,0.00,0.02,0.40
Justin Johnson,0.00,0.00,0.00,1.00,0.00,0.02,0.40
Justin Jarvis,0.00,0.00,0.00,1.00,0.00,0.02,0.40
Manny Bañuelos,0.00,0.00,0.00,1.00,0.00,0.02,0.40
Justin Janas,0.00,0.00,0.00,1.00,0.00,0.02,0.40
Justin Garza,0.00,0.00,0.00,1.00,0.00,0.02,0.40
Manni Ramirez,0.00,0.00,0.00,1.00,0.00,0.02,0.40
Malvin Valdez,0.00,0.00,0.00,1.00,0.00,0.02,0.40
Malvin Pena,0.00,0.00,0.00,1.00,0.00,0.02,0.40
Malik Binns,0.00,0.00,0.00,1.00,0.00,0.02,0.40
Malik Barrington,0.00,0.00,0.00,1.00,0.00,0.02,0.40
Malcom Quintero,0.00,0.00,0.00,1.00,0.00,0.02,0.40
Justin Gonzales,0.00,0.00,0.00,1.00,0.00,0.02,0.40
Malcom Nuñez,0.00,0.00,0.00,1.00,0.00,0.02,0.40
Malcolm Van Buren,0.00,0.00,0.00,1.00,0.00,0.02,0.40
Justin Grimm,0.00,0.00,0.00,1.00,0.00,0.02,0.40
Malcolm Moore,0.00,0.00,0.00,1.00,0.00,0.02,0.40
Mairoshendrick Martinus,0.00,0.00,0.00,1.00,0.00,0.02,0.40
Maikol Orozco,0.00,0.00,0.00,1.00,0.00,0.02,0.40
Justin Guerrera,0.00,0.00,0.00,1.00,0.00,0.02,0.40
Maikol Munoz,0.00,0.00,0.00,1.00,0.00,0.02,0.40
Justin Guerrero,0.00,0.00,0.00,1.00,0.00,0.02,0.40
Maikol Hernández,0.00,0.00,0.00,1.00,0.00,0.02,0.40
Maikol Escotto,0.00,0.00,0.00,1.00,0.00,0.02,0.40
Maikel Rodriguez,0.00,0.00,0.00,1.00,0.00,0.02,0.40
Maikel Miralles,0.00,0.00,0.00,1.00,0.00,0.02,0.40
Marcelo Alcala,0.00,0.00,0.00,1.00,0.00,0.02,0.40
Marcelo Perez,0.00,0.00,0.00,1.00,0.00,0.02,0.40
Keegan Fish,0.00,0.00,0.00,1.00,0.00,0.02,0.40
Junior Fernández,0.00,0.00,0.00,1.00,0.00,0.02,0.40
Mark Washington,0.00,0.00,0.00,1.00,0.00,0.02,0.40
Juniel Querecuto,0.00,0.00,0.00,1.00,0.00,0.02,0.40
Junior Aybar,0.00,0.00,0.00,1.00,0.00,0.02,0.40
Junior Calderon,0.00,0.00,0.00,1.00,0.00,0.02,0.40
Mark Simon,0.00,0.00,0.00,1.00,0.00,0.02,0.40
Junior Cerda,0.00,0.00,0.00,1.00,0.00,0.02,0.40
Junior Del Valle,0.00,0.00,0.00,1.00,0.00,0.02,0.40
Mark Payton,0.00,0.00,0.00,1.00,0.00,0.02,0.40
Mark Melancon,0.00,0.00,0.00,1.00,0.00,0.02,0.40
Mark McLaughlin,0.00,0.00,0.00,1.00,0.00,0.02,0.40
Mark Mathias,0.00,0.00,0.00,1.00,0.00,0.02,0.40
Marcelo Valladares,0.00,0.00,0.00,1.00,0.00,0.02,0.40
Junior Flores,0.00,0.00,0.00,1.00,0.00,0.02,0.40
Mark Manfredi,0.00,0.00,0.00,1.00,0.00,0.02,0.40
Junior Franco,0.00,0.00,0.00,1.00,0.00,0.02,0.40
Junior Garcia,0.00,0.00,0.00,1.00,0.00,0.02,0.40
Mark Kolozsvary,0.00,0.00,0.00,1.00,0.00,0.02,0.40
Mark Contreras,0.00,0.00,0.00,1.00,0.00,0.02,0.40
Mark Coley II,0.00,0.00,0.00,1.00,0.00,0.02,0.40
Mark Appel,0.00,0.00,0.00,1.00,0.00,0.02,0.40
Mark Adamiak,0.00,0.00,0.00,1.00,0.00,0.02,0.40
Mario Sanchez,0.00,0.00,0.00,1.00,0.00,0.02,0.40
Juneiker Caceres,0.00,0.00,0.00,1.00,0.00,0.02,0.40
Markus Solbach,0.00,0.00,0.00,1.00,0.00,0.02,0.40
Marlin Willis,0.00,0.00,0.00,1.00,0.00,0.02,0.40
Marlon De La Cruz,0.00,0.00,0.00,1.00,0.00,0.02,0.40
Marwin Rivero,0.00,0.00,0.00,1.00,0.00,0.02,0.40
Julio Urías,0.00,0.00,0.00,1.00,0.00,0.02,0.40
Marwin Gonzalez,0.00,0.00,0.00,1.00,0.00,0.02,0.40
Julio Valdez,0.00,0.00,0.00,1.00,0.00,0.02,0.40
Marvin Alcantara,0.00,0.00,0.00,1.00,0.00,0.02,0.40
Julio Zapata,0.00,0.00,0.00,1.00,0.00,0.02,0.40
Julio Zayas,0.00,0.00,0.00,1.00,0.00,0.02,0.40
July Vittini,0.00,0.00,0.00,1.00,0.00,0.02,0.40
Marty Costes,0.00,0.00,0.00,1.00,0.00,0.02,0.40
Martin Tamara,0.00,0.00,0.00,1.00,0.00,0.02,0.40
Martin Santana,0.00,0.00,0.00,1.00,0.00,0.02,0.40
Martin Herrera,0.00,0.00,0.00,1.00,0.00,0.02,0.40
Martin Gonzalez,0.00,0.00,0.00,1.00,0.00,0.02,0.40
Martin Gimenez,0.00,0.00,0.00,1.00,0.00,0.02,0.40
Marshall Kasowski,0.00,0.00,0.00,1.00,0.00,0.02,0.40
Marshall Hunt,0.00,0.00,0.00,1.00,0.00,0.02,0.40
Marquis Grissom Jr.,0.00,0.00,0.00,1.00,0.00,0.02,0.40
Marques Johnson,0.00,0.00,0.00,1.00,0.00,0.02,0.40
Marlon Perez,0.00,0.00,0.00,1.00,0.00,0.02,0.40
Marlon Nieves,0.00,0.00,0.00,1.00,0.00,0.02,0.40
Marlon Franco,0.00,0.00,0.00,1.00,0.00,0.02,0.40
Mario Gomez,0.00,0.00,0.00,1.00,0.00,0.02,0.40
Mario Camilletti,0.00,0.00,0.00,1.00,0.00,0.02,0.40
Mario Baez,0.00,0.00,0.00,1.00,0.00,0.02,0.40
Marcos Pimentel,0.00,0.00,0.00,1.00,0.00,0.02,0.40
Marcos Gonzalez,0.00,0.00,0.00,1.00,0.00,0.02,0.40
Junior Sanquintin,0.00,0.00,0.00,1.00,0.00,0.02,0.40
Marcos Diplán,0.00,0.00,0.00,1.00,0.00,0.02,0.40
Marcos De La Rosa,0.00,0.00,0.00,1.00,0.00,0.02,0.40
Marcos Castañon,0.00,0.00,0.00,1.00,0.00,0.02,0.40
Junior Santos,0.00,0.00,0.00,1.00,0.00,0.02,0.40
Marcos Cabrera,0.00,0.00,0.00,1.00,0.00,0.02,0.40
Marcos  Fortunato,0.00,0.00,0.00,1.00,0.00,0.02,0.40
Junior Tilien,0.00,0.00,0.00,1.00,0.00,0.02,0.40
Marco Vega,0.00,0.00,0.00,1.00,0.00,0.02,0.40
Marco Vargas,0.00,0.00,0.00,1.00,0.00,0.02,0.40
Junior William,0.00,0.00,0.00,1.00,0.00,0.02,0.40
Marco Soto,0.00,0.00,0.00,1.00,0.00,0.02,0.40
Marco Patino,0.00,0.00,0.00,1.00,0.00,0.02,0.40
Jurdrick Profar,0.00,0.00,0.00,1.00,0.00,0.02,0.40
Justice Bigbie,0.00,0.00,0.00,1.00,0.00,0.02,0.40
Justice Thompson,0.00,0.00,0.00,1.00,0.00,0.02,0.40
Marco Marcelino,0.00,0.00,0.00,1.00,0.00,0.02,0.40
Marco Jimenez,0.00,0.00,0.00,1.00,0.00,0.02,0.40
Justin Armbruester,0.00,0.00,0.00,1.00,0.00,0.02,0.40
Marco Corcho,0.00,0.00,0.00,1.00,0.00,0.02,0.40
Marcos Herrera,0.00,0.00,0.00,1.00,0.00,0.02,0.40
Marcos Terrero,0.00,0.00,0.00,1.00,0.00,0.02,0.40
Marino Santy,0.00,0.00,0.00,1.00,0.00,0.02,0.40
Marcos Tineo,0.00,0.00,0.00,1.00,0.00,0.02,0.40
Mariano Salomon,0.00,0.00,0.00,1.00,0.00,0.02,0.40
Mariano Ricciardi,0.00,0.00,0.00,1.00,0.00,0.02,0.40
Marcus Wilson,0.00,0.00,0.00,1.00,0.00,0.02,0.40
Junior Gonzalez,0.00,0.00,0.00,1.00,0.00,0.02,0.40
Marcus Walden,0.00,0.00,0.00,1.00,0.00,0.02,0.40
Marcus Smith,0.00,0.00,0.00,1.00,0.00,0.02,0.40
Junior Guerra,0.00,0.00,0.00,1.00,0.00,0.02,0.40
Marcus Reyes,0.00,0.00,0.00,1.00,0.00,0.02,0.40
Marcus Olivarez,0.00,0.00,0.00,1.00,0.00,0.02,0.40
Junior Marin,0.00,0.00,0.00,1.00,0.00,0.02,0.40
Marcus Lee Sang,0.00,0.00,0.00,1.00,0.00,0.02,0.40
Junior Mieses,0.00,0.00,0.00,1.00,0.00,0.02,0.40
Marcus Johnson,0.00,0.00,0.00,1.00,0.00,0.02,0.40
Marcus Chiu,0.00,0.00,0.00,1.00,0.00,0.02,0.40
Marcus Brown,0.00,0.00,0.00,1.00,0.00,0.02,0.40
Junior Montero,0.00,0.00,0.00,1.00,0.00,0.02,0.40
Junior Perez,0.00,0.00,0.00,1.00,0.00,0.02,0.40
Junior Pina,0.00,0.00,0.00,1.00,0.00,0.02,0.40
Marcos Torres,0.00,0.00,0.00,1.00,0.00,0.02,0.40
Junior Quezada,0.00,0.00,0.00,1.00,0.00,0.02,0.40
Junior Sanchez,0.00,0.00,0.00,1.00,0.00,0.02,0.40
MacKenzie Mueller,0.00,0.00,0.00,1.00,0.00,0.02,0.40
Justin Lewis,0.00,0.00,0.00,1.00,0.00,0.02,0.40
Justin Lopez,0.00,0.00,0.00,1.00,0.00,0.02,0.40
Karlo Seijas,0.00,0.00,0.00,1.00,0.00,0.02,0.40
Karim Ayubi,0.00,0.00,0.00,1.00,0.00,0.02,0.40
Luis Palacios,0.00,0.00,0.00,1.00,0.00,0.02,0.40
Luis Pacheco,0.00,0.00,0.00,1.00,0.00,0.02,0.40
Luis Oviedo,0.00,0.00,0.00,1.00,0.00,0.02,0.40
Luis Osorio,0.00,0.00,0.00,1.00,0.00,0.02,0.40
Luis Ogando,0.00,0.00,0.00,1.00,0.00,0.02,0.40
Karl Ellison,0.00,0.00,0.00,1.00,0.00,0.02,0.40
Karl Kauffmann,0.00,0.00,0.00,1.00,0.00,0.02,0.40
Luis Nunez,0.00,0.00,0.00,1.00,0.00,0.02,0.40
Luis Moreno,0.00,0.00,0.00,1.00,0.00,0.02,0.40
Luis Morellis,0.00,0.00,0.00,1.00,0.00,0.02,0.40
Justin Maese,0.00,0.00,0.00,1.00,0.00,0.02,0.40
Luis Morales,0.00,0.00,0.00,1.00,0.00,0.02,0.40
Luis Montas,0.00,0.00,0.00,1.00,0.00,0.02,0.40
Luis Moncada,0.00,0.00,0.00,1.00,0.00,0.02,0.40
Karlos Morales,0.00,0.00,0.00,1.00,0.00,0.02,0.40
Luis Mieses,0.00,0.00,0.00,1.00,0.00,0.02,0.40
Luis Merejo,0.00,0.00,0.00,1.00,0.00,0.02,0.40
Luis Mendez,0.00,0.00,0.00,1.00,0.00,0.02,0.40
Luis Medina,0.00,0.00,0.00,1.00,0.00,0.02,0.40
Luis Maza,0.00,0.00,0.00,1.00,0.00,0.02,0.40
Karniel Pratt,0.00,0.00,0.00,1.00,0.00,0.02,0.40
Karell Paz,0.00,0.00,0.00,1.00,0.00,0.02,0.40
Karan Patel,0.00,0.00,0.00,1.00,0.00,0.02,0.40
Luis Parababire,0.00,0.00,0.00,1.00,0.00,0.02,0.40
Luis Paredes,0.00,0.00,0.00,1.00,0.00,0.02,0.40
Luis Ramirez,0.00,0.00,0.00,1.00,0.00,0.02,0.40
Kai-Wei Lin,0.00,0.00,0.00,1.00,0.00,0.02,0.40
Luis Quinones,0.00,0.00,0.00,1.00,0.00,0.02,0.40
Luis Quesada,0.00,0.00,0.00,1.00,0.00,0.02,0.40
Luis Puello,0.00,0.00,0.00,1.00,0.00,0.02,0.40
Luis Polanco,0.00,0.00,0.00,1.00,0.00,0.02,0.40
Luis Pino,0.00,0.00,0.00,1.00,0.00,0.02,0.40
Kala'i Rosario,0.00,0.00,0.00,1.00,0.00,0.02,0.40
Kalae Harrison,0.00,0.00,0.00,1.00,0.00,0.02,0.40
Luis Pineda,0.00,0.00,0.00,1.00,0.00,0.02,0.40
Kale Emshoff,0.00,0.00,0.00,1.00,0.00,0.02,0.40
Luis Perez,0.00,0.00,0.00,1.00,0.00,0.02,0.40
Luis Perdomo,0.00,0.00,0.00,1.00,0.00,0.02,0.40
Kaleb Bowman,0.00,0.00,0.00,1.00,0.00,0.02,0.40
Kaleb Roper,0.00,0.00,0.00,1.00,0.00,0.02,0.40
Luis Perales,0.00,0.00,0.00,1.00,0.00,0.02,0.40
Kamdyn Perry,0.00,0.00,0.00,1.00,0.00,0.02,0.40
Kamren James,0.00,0.00,0.00,1.00,0.00,0.02,0.40
Kamron Fields,0.00,0.00,0.00,1.00,0.00,0.02,0.40
Kannon Handy,0.00,0.00,0.00,1.00,0.00,0.02,0.40
Luis Pena,0.00,0.00,0.00,1.00,0.00,0.02,0.40
Karson Milbrandt,0.00,0.00,0.00,1.00,0.00,0.02,0.40
Luis Martinez-Gomez,0.00,0.00,0.00,1.00,0.00,0.02,0.40
Luis Martinez,0.00,0.00,0.00,1.00,0.00,0.02,0.40
Kean Wong,0.00,0.00,0.00,1.00,0.00,0.02,0.40
Luis Gomez,0.00,0.00,0.00,1.00,0.00,0.02,0.40
Luis German,0.00,0.00,0.00,1.00,0.00,0.02,0.40
Luis Gastelum,0.00,0.00,0.00,1.00,0.00,0.02,0.40
Keaton Anthony,0.00,0.00,0.00,1.00,0.00,0.02,0.40
Luis Frias,0.00,0.00,0.00,1.00,0.00,0.02,0.40
Luis Freitez,0.00,0.00,0.00,1.00,0.00,0.02,0.40
Luis Fragoza,0.00,0.00,0.00,1.00,0.00,0.02,0.40
Kedaur Trujillo,0.00,0.00,0.00,1.00,0.00,0.02,0.40
Luis Flores,0.00,0.00,0.00,1.00,0.00,0.02,0.40
Luis F. Ortiz,0.00,0.00,0.00,1.00,0.00,0.02,0.40
Luis F. Castillo,0.00,0.00,0.00,1.00,0.00,0.02,0.40
Luis Espinoza,0.00,0.00,0.00,1.00,0.00,0.02,0.40
Luis Escudero,0.00,0.00,0.00,1.00,0.00,0.02,0.40
Luis Encarnacion,0.00,0.00,0.00,1.00,0.00,0.02,0.40
Luis Durango,0.00,0.00,0.00,1.00,0.00,0.02,0.40
Luis Diaz,0.00,0.00,0.00,1.00,0.00,0.02,0.40
Luis Devers,0.00,0.00,0.00,1.00,0.00,0.02,0.40
Keegan Collett,0.00,0.00,0.00,1.00,0.00,0.02,0.40
Luis De León,0.00,0.00,0.00,1.00,0.00,0.02,0.40
Luis De Leon,0.00,0.00,0.00,1.00,0.00,0.02,0.40
Keegan Curtis,0.00,0.00,0.00,1.00,0.00,0.02,0.40
Luis Gonzalez,0.00,0.00,0.00,1.00,0.00,0.02,0.40
Luis Guanipa,0.00,0.00,0.00,1.00,0.00,0.02,0.40
Luis Marquez,0.00,0.00,0.00,1.00,0.00,0.02,0.40
Luis Guerra,0.00,0.00,0.00,1.00,0.00,0.02,0.40
Luis Marinez,0.00,0.00,0.00,1.00,0.00,0.02,0.40
Karson Simas,0.00,0.00,0.00,1.00,0.00,0.02,0.40
Luis Maracara,0.00,0.00,0.00,1.00,0.00,0.02,0.40
Kasey Ford,0.00,0.00,0.00,1.00,0.00,0.02,0.40
Luis Madrazo,0.00,0.00,0.00,1.00,0.00,0.02,0.40
Luis Liberato,0.00,0.00,0.00,1.00,0.00,0.02,0.40
Kasey Kalich,0.00,0.00,0.00,1.00,0.00,0.02,0.40
Kashon Conliffe,0.00,0.00,0.00,1.00,0.00,0.02,0.40
Luis Leones,0.00,0.00,0.00,1.00,0.00,0.02,0.40
Luis Ledo,0.00,0.00,0.00,1.00,0.00,0.02,0.40
Kay Robles,0.00,0.00,0.00,1.00,0.00,0.02,0.40
Kay-Lan Nicasia,0.00,0.00,0.00,1.00,0.00,0.02,0.40
Luis Lara,0.00,0.00,0.00,1.00,0.00,0.02,0.40
Luis Lameda,0.00,0.00,0.00,1.00,0.00,0.02,0.40
Kazuhisa Makita,0.00,0.00,0.00,1.00,0.00,0.02,0.40
Luis Joseph,0.00,0.00,0.00,1.00,0.00,0.02,0.40
Luis Jerez,0.00,0.00,0.00,1.00,0.00,0.02,0.40
Luis Hernandez,0.00,0.00,0.00,1.00,0.00,0.02,0.40
Keagan Gillies,0.00,0.00,0.00,1.00,0.00,0.02,0.40
Luis Gutierrez,0.00,0.00,0.00,1.00,0.00,0.02,0.40
Luis Guevara,0.00,0.00,0.00,1.00,0.00,0.02,0.40
Kai Wynyard,0.00,0.00,0.00,1.00,0.00,0.02,0.40
Luis Ravelo,0.00,0.00,0.00,1.00,0.00,0.02,0.40
Kai Roberts,0.00,0.00,0.00,1.00,0.00,0.02,0.40
Justin Rodriguez,0.00,0.00,0.00,1.00,0.00,0.02,0.40
Luke Shilling,0.00,0.00,0.00,1.00,0.00,0.02,0.40
Luke Savage,0.00,0.00,0.00,1.00,0.00,0.02,0.40
Luke Russo,0.00,0.00,0.00,1.00,0.00,0.02,0.40
Justin Showalter,0.00,0.00,0.00,1.00,0.00,0.02,0.40
Luke Ritter,0.00,0.00,0.00,1.00,0.00,0.02,0.40
Luke Murphy,0.00,0.00,0.00,1.00,0.00,0.02,0.40
Luke Mann,0.00,0.00,0.00,1.00,0.00,0.02,0.40
Luke Gold,0.00,0.00,0.00,1.00,0.00,0.02,0.40
Luke Fox,0.00,0.00,0.00,1.00,0.00,0.02,0.40
Luke Farrell,0.00,0.00,0.00,1.00,0.00,0.02,0.40
Luke Brown,0.00,0.00,0.00,1.00,0.00,0.02,0.40
Luke Boyd,0.00,0.00,0.00,1.00,0.00,0.02,0.40
Luke Berryhill,0.00,0.00,0.00,1.00,0.00,0.02,0.40
Justin Storm,0.00,0.00,0.00,1.00,0.00,0.02,0.40
Luke Bell,0.00,0.00,0.00,1.00,0.00,0.02,0.40
Justin Toerner,0.00,0.00,0.00,1.00,0.00,0.02,0.40
Luke Barker,0.00,0.00,0.00,1.00,0.00,0.02,0.40
Luke Bard,0.00,0.00,0.00,1.00,0.00,0.02,0.40
Luke Anderson,0.00,0.00,0.00,1.00,0.00,0.02,0.40
Luke Albright,0.00,0.00,0.00,1.00,0.00,0.02,0.40
Luke Adams,0.00,0.00,0.00,1.00,0.00,0.02,0.40
Justin Sanchez,0.00,0.00,0.00,1.00,0.00,0.02,0.40
Luke Shliger,0.00,0.00,0.00,1.00,0.00,0.02,0.40
Luiyin Alastre,0.00,0.00,0.00,1.00,0.00,0.02,0.40
Justin Riemer,0.00,0.00,0.00,1.00,0.00,0.02,0.40
Mac Sceroler,0.00,0.00,0.00,1.00,0.00,0.02,0.40
Mac McCroskey,0.00,0.00,0.00,1.00,0.00,0.02,0.40
Mac Lardner,0.00,0.00,0.00,1.00,0.00,0.02,0.40
Mac Horvath,0.00,0.00,0.00,1.00,0.00,0.02,0.40
M.D. Johnson,0.00,0.00,0.00,1.00,0.00,0.02,0.40
Justin Meis,0.00,0.00,0.00,1.00,0.00,0.02,0.40
Lyonell James,0.00,0.00,0.00,1.00,0.00,0.02,0.40
Justin Miknis,0.00,0.00,0.00,1.00,0.00,0.02,0.40
Justin Militello,0.00,0.00,0.00,1.00,0.00,0.02,0.40
Lyle Lin,0.00,0.00,0.00,1.00,0.00,0.02,0.40
Luís Madero,0.00,0.00,0.00,1.00,0.00,0.02,0.40
Justin Miller,0.00,0.00,0.00,1.00,0.00,0.02,0.40
Luke Young,0.00,0.00,0.00,1.00,0.00,0.02,0.40
Luke Westphal,0.00,0.00,0.00,1.00,0.00,0.02,0.40
Justin Nicolino,0.00,0.00,0.00,1.00,0.00,0.02,0.40
Luke Waddell,0.00,0.00,0.00,1.00,0.00,0.02,0.40
Justin Ramirez,0.00,0.00,0.00,1.00,0.00,0.02,0.40
Luke Voit,0.00,0.00,0.00,1.00,0.00,0.02,0.40
Luke Taggart,0.00,0.00,0.00,1.00,0.00,0.02,0.40
Luke Summers,0.00,0.00,0.00,1.00,0.00,0.02,0.40
Luke Stofel,0.00,0.00,0.00,1.00,0.00,0.02,0.40
Justin Upton,0.00,0.00,0.00,1.00,0.00,0.02,0.40
Justin Williams,0.00,0.00,0.00,1.00,0.00,0.02,0.40
Kai Peterson,0.00,0.00,0.00,1.00,0.00,0.02,0.40
Ka'ai Tom,0.00,0.00,0.00,1.00,0.00,0.02,0.40
Kade Kern,0.00,0.00,0.00,1.00,0.00,0.02,0.40
Luis Serna,0.00,0.00,0.00,1.00,0.00,0.02,0.40
Luis Santos,0.00,0.00,0.00,1.00,0.00,0.02,0.40
Kade Kretzschmar,0.00,0.00,0.00,1.00,0.00,0.02,0.40
Luis Santana,0.00,0.00,0.00,1.00,0.00,0.02,0.40
Kade McClure,0.00,0.00,0.00,1.00,0.00,0.02,0.40
Luis Sanchez,0.00,0.00,0.00,1.00,0.00,0.02,0.40
Kade Mechals,0.00,0.00,0.00,1.00,0.00,0.02,0.40
Luis Rujano,0.00,0.00,0.00,1.00,0.00,0.02,0.40
Luis Rubio,0.00,0.00,0.00,1.00,0.00,0.02,0.40
Luis Romero,0.00,0.00,0.00,1.00,0.00,0.02,0.40
Kade Morris,0.00,0.00,0.00,1.00,0.00,0.02,0.40
Luis Rodriguez,0.00,0.00,0.00,1.00,0.00,0.02,0.40
Kaden Hollow,0.00,0.00,0.00,1.00,0.00,0.02,0.40
Kaden Polcovich,0.00,0.00,0.00,1.00,0.00,0.02,0.40
Kadon Morton,0.00,0.00,0.00,1.00,0.00,0.02,0.40
Luis Rijo,0.00,0.00,0.00,1.00,0.00,0.02,0.40
Kaelen Culpepper,0.00,0.00,0.00,1.00,0.00,0.02,0.40
Luis Reyes,0.00,0.00,0.00,1.00,0.00,0.02,0.40
Kahlil Watson,0.00,0.00,0.00,1.00,0.00,0.02,0.40
Kai Murphy,0.00,0.00,0.00,1.00,0.00,0.02,0.40
Luis Suarez,0.00,0.00,0.00,1.00,0.00,0.02,0.40
K.J. Harrison,0.00,0.00,0.00,1.00,0.00,0.02,0.40
Luis Yanel Diaz,0.00,0.00,0.00,1.00,0.00,0.02,0.40
Luis Suisbel,0.00,0.00,0.00,1.00,0.00,0.02,0.40
Luis Watter,0.00,0.00,0.00,1.00,0.00,0.02,0.40
Luis Vizcaino,0.00,0.00,0.00,1.00,0.00,0.02,0.40
Luis Viloria,0.00,0.00,0.00,1.00,0.00,0.02,0.40
Luis Victorino,0.00,0.00,0.00,1.00,0.00,0.02,0.40
Luis Vicioso,0.00,0.00,0.00,1.00,0.00,0.02,0.40
Luis Verdugo,0.00,0.00,0.00,1.00,0.00,0.02,0.40
Luis Velasquez,0.00,0.00,0.00,1.00,0.00,0.02,0.40
Justin Wishkoski,0.00,0.00,0.00,1.00,0.00,0.02,0.40
Luis Vega,0.00,0.00,0.00,1.00,0.00,0.02,0.40
Luis Vasquez,0.00,0.00,0.00,1.00,0.00,0.02,0.40
Luis Vargas,0.00,0.00,0.00,1.00,0.00,0.02,0.40
Luis Valdez,0.00,0.00,0.00,1.00,0.00,0.02,0.40
Luis Torres,0.00,0.00,0.00,1.00,0.00,0.02,0.40
Justin Yeager,0.00,0.00,0.00,1.00,0.00,0.02,0.40
Justin Yurchak,0.00,0.00,0.00,1.00,0.00,0.02,0.40
Justus Sheffield,0.00,0.00,0.00,1.00,0.00,0.02,0.40
Luis Toribio,0.00,0.00,0.00,1.00,0.00,0.02,0.40
Luis Tejeda,0.00,0.00,0.00,1.00,0.00,0.02,0.40
Luis Talavera,0.00,0.00,0.00,1.00,0.00,0.02,0.40
Luis Sánchez,0.00,0.00,0.00,1.00,0.00,0.02,0.40
K.C. Hunt,0.00,0.00,0.00,1.00,0.00,0.02,0.40
Luciano Romero,0.00,0.00,0.00,1.00,0.00,0.02,0.40
A.J. Alexy,0.00,0.00,0.00,1.00,0.00,0.02,0.40
Nate Nankil,0.00,0.00,0.00,1.00,0.00,0.02,0.40
Tres Barrera,0.00,0.00,0.00,1.00,0.00,0.02,0.40
Trevor Kelley,0.00,0.00,0.00,1.00,0.00,0.02,0.40
Trevor Holloway,0.00,0.00,0.00,1.00,0.00,0.02,0.40
Trevor Hildenberger,0.00,0.00,0.00,1.00,0.00,0.02,0.40
Trevor Hauver,0.00,0.00,0.00,1.00,0.00,0.02,0.40
Trevor Harrison,0.00,0.00,0.00,1.00,0.00,0.02,0.40
Trevor Clifton,0.00,0.00,0.00,1.00,0.00,0.02,0.40
Trevor Cahill,0.00,0.00,0.00,1.00,0.00,0.02,0.40
Trevor Brigden,0.00,0.00,0.00,1.00,0.00,0.02,0.40
Trevor Boone,0.00,0.00,0.00,1.00,0.00,0.02,0.40
Trevor Bettencourt,0.00,0.00,0.00,1.00,0.00,0.02,0.40
Trevor Bauer,0.00,0.00,0.00,1.00,0.00,0.02,0.40
Trevin Michael,0.00,0.00,0.00,1.00,0.00,0.02,0.40
Tres Gonzalez,0.00,0.00,0.00,1.00,0.00,0.02,0.40
Trenton Wallace,0.00,0.00,0.00,1.00,0.00,0.02,0.40
Trevor Martin,0.00,0.00,0.00,1.00,0.00,0.02,0.40
Trenton Toplikar,0.00,0.00,0.00,1.00,0.00,0.02,0.40
Trenton Denholm,0.00,0.00,0.00,1.00,0.00,0.02,0.40
Trenton Brooks,0.00,0.00,0.00,1.00,0.00,0.02,0.40
Trent Tingelstad,0.00,0.00,0.00,1.00,0.00,0.02,0.40
Trent Sellers,0.00,0.00,0.00,1.00,0.00,0.02,0.40
Trent Palmer,0.00,0.00,0.00,1.00,0.00,0.02,0.40
Trent Giambrone,0.00,0.00,0.00,1.00,0.00,0.02,0.40
Trent Fennell,0.00,0.00,0.00,1.00,0.00,0.02,0.40
Trent Farquhar,0.00,0.00,0.00,1.00,0.00,0.02,0.40
Trent Baker,0.00,0.00,0.00,1.00,0.00,0.02,0.40
Trennor O'Donnell,0.00,0.00,0.00,1.00,0.00,0.02,0.40
Trendon Craig,0.00,0.00,0.00,1.00,0.00,0.02,0.40
Trei Cruz,0.00,0.00,0.00,1.00,0.00,0.02,0.40
Trevor Lane,0.00,0.00,0.00,1.00,0.00,0.02,0.40
Trevor May,0.00,0.00,0.00,1.00,0.00,0.02,0.40
Tre Richardson,0.00,0.00,0.00,1.00,0.00,0.02,0.40
Trey McLoughlin,0.00,0.00,0.00,1.00,0.00,0.02,0.40
Troy Johnston,0.00,0.00,0.00,1.00,0.00,0.02,0.40
Troy Bacon,0.00,0.00,0.00,1.00,0.00,0.02,0.40
Triston Polley,0.00,0.00,0.00,1.00,0.00,0.02,0.40
Tristin English,0.00,0.00,0.00,1.00,0.00,0.02,0.40
Tristen Lutz,0.00,0.00,0.00,1.00,0.00,0.02,0.40
Tristan Stivors,0.00,0.00,0.00,1.00,0.00,0.02,0.40
Tristan Stevens,0.00,0.00,0.00,1.00,0.00,0.02,0.40
Tristan Peters,0.00,0.00,0.00,1.00,0.00,0.02,0.40
Tristan Garnett,0.00,0.00,0.00,1.00,0.00,0.02,0.40
Trey Wingenter,0.00,0.00,0.00,1.00,0.00,0.02,0.40
Trey Supak,0.00,0.00,0.00,1.00,0.00,0.02,0.40
Trey Riley,0.00,0.00,0.00,1.00,0.00,0.02,0.40
Trey Paige,0.00,0.00,0.00,1.00,0.00,0.02,0.40
Trey Jeans,0.00,0.00,0.00,1.00,0.00,0.02,0.40
Trevor Schwecke,0.00,0.00,0.00,1.00,0.00,0.02,0.40
Trey Harris,0.00,0.00,0.00,1.00,0.00,0.02,0.40
Trey Gibson,0.00,0.00,0.00,1.00,0.00,0.02,0.40
Trey Faltine,0.00,0.00,0.00,1.00,0.00,0.02,0.40
Trey Dombroski,0.00,0.00,0.00,1.00,0.00,0.02,0.40
Trey Dillard,0.00,0.00,0.00,1.00,0.00,0.02,0.40
Trey Cumbie,0.00,0.00,0.00,1.00,0.00,0.02,0.40
Trey Cobb,0.00,0.00,0.00,1.00,0.00,0.02,0.40
Trey Cabbage,0.00,0.00,0.00,1.00,0.00,0.02,0.40
Trey Braithwaite,0.00,0.00,0.00,1.00,0.00,0.02,0.40
Trey Benton,0.00,0.00,0.00,1.00,0.00,0.02,0.40
Trey Amburgey,0.00,0.00,0.00,1.00,0.00,0.02,0.40
Trevor Werner,0.00,0.00,0.00,1.00,0.00,0.02,0.40
Trevor Tietz,0.00,0.00,0.00,1.00,0.00,0.02,0.40
Tre' Morgan,0.00,0.00,0.00,1.00,0.00,0.02,0.40
Trayson Kubo,0.00,0.00,0.00,1.00,0.00,0.02,0.40
Victor Mesa,0.00,0.00,0.00,1.00,0.00,0.02,0.40
Tom Reisinger,0.00,0.00,0.00,1.00,0.00,0.02,0.40
Tommy Parsons,0.00,0.00,0.00,1.00,0.00,0.02,0.40
Tommy Milone,0.00,0.00,0.00,1.00,0.00,0.02,0.40
Tommy McCollum,0.00,0.00,0.00,1.00,0.00,0.02,0.40
Tommy Mace,0.00,0.00,0.00,1.00,0.00,0.02,0.40
Tommy La Stella,0.00,0.00,0.00,1.00,0.00,0.02,0.40
Tommy Kane,0.00,0.00,0.00,1.00,0.00,0.02,0.40
Tommy Jew,0.00,0.00,0.00,1.00,0.00,0.02,0.40
Tommy Hunter,0.00,0.00,0.00,1.00,0.00,0.02,0.40
Tommy Hawke,0.00,0.00,0.00,1.00,0.00,0.02,0.40
Tommy Eveld,0.00,0.00,0.00,1.00,0.00,0.02,0.40
Tomas Reyes,0.00,0.00,0.00,1.00,0.00,0.02,0.40
Tomas Frick,0.00,0.00,0.00,1.00,0.00,0.02,0.40
Tomas Cleto,0.00,0.00,0.00,1.00,0.00,0.02,0.40
Todd Peterson,0.00,0.00,0.00,1.00,0.00,0.02,0.40
Tommy Sacco Jr.,0.00,0.00,0.00,1.00,0.00,0.02,0.40
Todd Lott,0.00,0.00,0.00,1.00,0.00,0.02,0.40
Toby Welk,0.00,0.00,0.00,1.00,0.00,0.02,0.40
Toby Simmons,0.00,0.00,0.00,1.00,0.00,0.02,0.40
Timmy Manning,0.00,0.00,0.00,1.00,0.00,0.02,0.40
Tim Susnara,0.00,0.00,0.00,1.00,0.00,0.02,0.40
Tim Naughton,0.00,0.00,0.00,1.00,0.00,0.02,0.40
Tim Lopes,0.00,0.00,0.00,1.00,0.00,0.02,0.40
Tim Locastro,0.00,0.00,0.00,1.00,0.00,0.02,0.40
Tim Holdgrafer,0.00,0.00,0.00,1.00,0.00,0.02,0.40
Tim Elliott,0.00,0.00,0.00,1.00,0.00,0.02,0.40
Tim Cate,0.00,0.00,0.00,1.00,0.00,0.02,0.40
Tim Brennan,0.00,0.00,0.00,1.00,0.00,0.02,0.40
Tim Borden II,0.00,0.00,0.00,1.00,0.00,0.02,0.40
Tommy Romero,0.00,0.00,0.00,1.00,0.00,0.02,0.40
Tommy Sommer,0.00,0.00,0.00,1.00,0.00,0.02,0.40
Trayce Thompson,0.00,0.00,0.00,1.00,0.00,0.02,0.40
Torin Montgomery,0.00,0.00,0.00,1.00,0.00,0.02,0.40
Travis Sykora,0.00,0.00,0.00,1.00,0.00,0.02,0.40
Travis Swaggerty,0.00,0.00,0.00,1.00,0.00,0.02,0.40
Travis Sthele,0.00,0.00,0.00,1.00,0.00,0.02,0.40
Travis Shaw,0.00,0.00,0.00,1.00,0.00,0.02,0.40
Travis Perry,0.00,0.00,0.00,1.00,0.00,0.02,0.40
Travis MacGregor,0.00,0.00,0.00,1.00,0.00,0.02,0.40
Travis Lakins Sr.,0.00,0.00,0.00,1.00,0.00,0.02,0.40
Travis Kuhn,0.00,0.00,0.00,1.00,0.00,0.02,0.40
Travis Demeritte,0.00,0.00,0.00,1.00,0.00,0.02,0.40
Travis Blankenhorn,0.00,0.00,0.00,1.00,0.00,0.02,0.40
Travis Bergen,0.00,0.00,0.00,1.00,0.00,0.02,0.40
Trace Bright,0.00,0.00,0.00,1.00,0.00,0.02,0.40
Touki Toussaint,0.00,0.00,0.00,1.00,0.00,0.02,0.40
Torii Hunter Jr.,0.00,0.00,0.00,1.00,0.00,0.02,0.40
Tommy Specht,0.00,0.00,0.00,1.00,0.00,0.02,0.40
Tony Wolters,0.00,0.00,0.00,1.00,0.00,0.02,0.40
Tony Watson,0.00,0.00,0.00,1.00,0.00,0.02,0.40
Tony Ruiz,0.00,0.00,0.00,1.00,0.00,0.02,0.40
Tony Locey,0.00,0.00,0.00,1.00,0.00,0.02,0.40
Tony Dibrell,0.00,0.00,0.00,1.00,0.00,0.02,0.40
Tony Bullard,0.00,0.00,0.00,1.00,0.00,0.02,0.40
Tony Blanco Jr.,0.00,0.00,0.00,1.00,0.00,0.02,0.40
Tomy Sanchez,0.00,0.00,0.00,1.00,0.00,0.02,0.40
Tommy White,0.00,0.00,0.00,1.00,0.00,0.02,0.40
Tommy Ventimiglia,0.00,0.00,0.00,1.00,0.00,0.02,0.40
Tommy Vail,0.00,0.00,0.00,1.00,0.00,0.02,0.40
Tommy Troy,0.00,0.00,0.00,1.00,0.00,0.02,0.40
Tommy Stevenson,0.00,0.00,0.00,1.00,0.00,0.02,0.40
Troy Melton,0.00,0.00,0.00,1.00,0.00,0.02,0.40
Troy Miller,0.00,0.00,0.00,1.00,0.00,0.02,0.40
Troy Schreffler,0.00,0.00,0.00,1.00,0.00,0.02,0.40
Tyler Thomas,0.00,0.00,0.00,1.00,0.00,0.02,0.40
Tyree Thompson,0.00,0.00,0.00,1.00,0.00,0.02,0.40
Tyler Yankosky,0.00,0.00,0.00,1.00,0.00,0.02,0.40
Tyler Woessner,0.00,0.00,0.00,1.00,0.00,0.02,0.40
Tyler Whitaker,0.00,0.00,0.00,1.00,0.00,0.02,0.40
Tyler Wehrle,0.00,0.00,0.00,1.00,0.00,0.02,0.40
Tyler Webb,0.00,0.00,0.00,1.00,0.00,0.02,0.40
Tyler Vogel,0.00,0.00,0.00,1.00,0.00,0.02,0.40
Tyler Viza,0.00,0.00,0.00,1.00,0.00,0.02,0.40
Tyler Uberstine,0.00,0.00,0.00,1.00,0.00,0.02,0.40
Tyler Tolve,0.00,0.00,0.00,1.00,0.00,0.02,0.40
Tyler Tolbert,0.00,0.00,0.00,1.00,0.00,0.02,0.40
Tyler Thornton,0.00,0.00,0.00,1.00,0.00,0.02,0.40
Tyler Thornburg,0.00,0.00,0.00,1.00,0.00,0.02,0.40
Tyler Schweitzer,0.00,0.00,0.00,1.00,0.00,0.02,0.40
Tyresse Turner,0.00,0.00,0.00,1.00,0.00,0.02,0.40
Tyler Schoff,0.00,0.00,0.00,1.00,0.00,0.02,0.40
Tyler Schlaffer,0.00,0.00,0.00,1.00,0.00,0.02,0.40
Tyler Schimpf,0.00,0.00,0.00,1.00,0.00,0.02,0.40
Tyler Santana,0.00,0.00,0.00,1.00,0.00,0.02,0.40
Tyler Samaniego,0.00,0.00,0.00,1.00,0.00,0.02,0.40
Tyler Rodriguez,0.00,0.00,0.00,1.00,0.00,0.02,0.40
Tyler Robertson,0.00,0.00,0.00,1.00,0.00,0.02,0.40
Tyler Reichenborn,0.00,0.00,0.00,1.00,0.00,0.02,0.40
Tyler Ras,0.00,0.00,0.00,1.00,0.00,0.02,0.40
Tyler Pike,0.00,0.00,0.00,1.00,0.00,0.02,0.40
Tyler Payne,0.00,0.00,0.00,1.00,0.00,0.02,0.40
Tyler Palm,0.00,0.00,0.00,1.00,0.00,0.02,0.40
Tyler Osik,0.00,0.00,0.00,1.00,0.00,0.02,0.40
Tyreque Reed,0.00,0.00,0.00,1.00,0.00,0.02,0.40
Tyrone Yulie,0.00,0.00,0.00,1.00,0.00,0.02,0.40
Troy Stainbrook,0.00,0.00,0.00,1.00,0.00,0.02,0.40
Victor Cabreja,0.00,0.00,0.00,1.00,0.00,0.02,0.40
Victor Lizarraga,0.00,0.00,0.00,1.00,0.00,0.02,0.40
Victor Leal,0.00,0.00,0.00,1.00,0.00,0.02,0.40
Victor Labrada,0.00,0.00,0.00,1.00,0.00,0.02,0.40
Victor Juarez,0.00,0.00,0.00,1.00,0.00,0.02,0.40
Victor Hurtado,0.00,0.00,0.00,1.00,0.00,0.02,0.40
Victor Garcia,0.00,0.00,0.00,1.00,0.00,0.02,0.40
Victor Fransua,0.00,0.00,0.00,1.00,0.00,0.02,0.40
Victor Espiritu,0.00,0.00,0.00,1.00,0.00,0.02,0.40
Victor Duarte,0.00,0.00,0.00,1.00,0.00,0.02,0.40
Victor Diaz,0.00,0.00,0.00,1.00,0.00,0.02,0.40
Victor Celedonio,0.00,0.00,0.00,1.00,0.00,0.02,0.40
Victor Castaneda,0.00,0.00,0.00,1.00,0.00,0.02,0.40
Victor Cardoza,0.00,0.00,0.00,1.00,0.00,0.02,0.40
Victor Brea,0.00,0.00,0.00,1.00,0.00,0.02,0.40
Tyson Guerrero,0.00,0.00,0.00,1.00,0.00,0.02,0.40
Victor Bericoto,0.00,0.00,0.00,1.00,0.00,0.02,0.40
Victor Basora,0.00,0.00,0.00,1.00,0.00,0.02,0.40
Victor Arias,0.00,0.00,0.00,1.00,0.00,0.02,0.40
Victor Acosta,0.00,0.00,0.00,1.00,0.00,0.02,0.40
Vicent Nunez,0.00,0.00,0.00,1.00,0.00,0.02,0.40
Viandel Pena,0.00,0.00,0.00,1.00,0.00,0.02,0.40
Vaun Brown,0.00,0.00,0.00,1.00,0.00,0.02,0.40
Valentin Linarez,0.00,0.00,0.00,1.00,0.00,0.02,0.40
Ulices Campos,0.00,0.00,0.00,1.00,0.00,0.02,0.40
Ubert Mejias,0.00,0.00,0.00,1.00,0.00,0.02,0.40
Ubaldo Soto,0.00,0.00,0.00,1.00,0.00,0.02,0.40
Tzu-Chen Sha,0.00,0.00,0.00,1.00,0.00,0.02,0.40
Tyson Messer,0.00,0.00,0.00,1.00,0.00,0.02,0.40
Tyler Nevin,0.00,0.00,0.00,1.00,0.00,0.02,0.40
Tyler Neslony,0.00,0.00,0.00,1.00,0.00,0.02,0.40
Tyler Naquin,0.00,0.00,0.00,1.00,0.00,0.02,0.40
Ty Cummings,0.00,0.00,0.00,1.00,0.00,0.02,0.40
Tyler Beede,0.00,0.00,0.00,1.00,0.00,0.02,0.40
Tyler Beck,0.00,0.00,0.00,1.00,0.00,0.02,0.40
Tyler Baum,0.00,0.00,0.00,1.00,0.00,0.02,0.40
Tyler Ahearn,0.00,0.00,0.00,1.00,0.00,0.02,0.40
Ty Weber,0.00,0.00,0.00,1.00,0.00,0.02,0.40
Ty Weatherly,0.00,0.00,0.00,1.00,0.00,0.02,0.40
Ty Tice,0.00,0.00,0.00,1.00,0.00,0.02,0.40
Ty Madrigal,0.00,0.00,0.00,1.00,0.00,0.02,0.40
Ty Langenberg,0.00,0.00,0.00,1.00,0.00,0.02,0.40
Ty Johnson,0.00,0.00,0.00,1.00,0.00,0.02,0.40
Ty Hanchey,0.00,0.00,0.00,1.00,0.00,0.02,0.40
Ty Duvall,0.00,0.00,0.00,1.00,0.00,0.02,0.40
Ty Damron,0.00,0.00,0.00,1.00,0.00,0.02,0.40
Ty Buttrey,0.00,0.00,0.00,1.00,0.00,0.02,0.40
Tyler Myrick,0.00,0.00,0.00,1.00,0.00,0.02,0.40
Ty Blach,0.00,0.00,0.00,1.00,0.00,0.02,0.40
Ty Adcock,0.00,0.00,0.00,1.00,0.00,0.02,0.40
Turner Hill,0.00,0.00,0.00,1.00,0.00,0.02,0.40
Tucupita Marcano,0.00,0.00,0.00,1.00,0.00,0.02,0.40
Tucker Toman,0.00,0.00,0.00,1.00,0.00,0.02,0.40
Tucker Mitchell,0.00,0.00,0.00,1.00,0.00,0.02,0.40
Tucker Flint,0.00,0.00,0.00,1.00,0.00,0.02,0.40
Tucker Davidson,0.00,0.00,0.00,1.00,0.00,0.02,0.40
Tucker Bradley,0.00,0.00,0.00,1.00,0.00,0.02,0.40
Tsuyoshi Wada,0.00,0.00,0.00,1.00,0.00,0.02,0.40
Tsung-Che Cheng,0.00,0.00,0.00,1.00,0.00,0.02,0.40
Trystan Vrieling,0.00,0.00,0.00,1.00,0.00,0.02,0.40
Troy Watson,0.00,0.00,0.00,1.00,0.00,0.02,0.40
Tyler Bradt,0.00,0.00,0.00,1.00,0.00,0.02,0.40
Tyler Brown,0.00,0.00,0.00,1.00,0.00,0.02,0.40
Tyler Bryant,0.00,0.00,0.00,1.00,0.00,0.02,0.40
Tyler Burch,0.00,0.00,0.00,1.00,0.00,0.02,0.40
Tyler Morgan,0.00,0.00,0.00,1.00,0.00,0.02,0.40
Tyler Mitzel,0.00,0.00,0.00,1.00,0.00,0.02,0.40
Tyler Miller,0.00,0.00,0.00,1.00,0.00,0.02,0.40
Tyler McKay,0.00,0.00,0.00,1.00,0.00,0.02,0.40
Tyler McDonough,0.00,0.00,0.00,1.00,0.00,0.02,0.40
Tyler Kennedy,0.00,0.00,0.00,1.00,0.00,0.02,0.40
Tyler Ivey,0.00,0.00,0.00,1.00,0.00,0.02,0.40
Tyler Hoffman,0.00,0.00,0.00,1.00,0.00,0.02,0.40
Tyler Higgins,0.00,0.00,0.00,1.00,0.00,0.02,0.40
Tyler Herb,0.00,0.00,0.00,1.00,0.00,0.02,0.40
Tyler Hardman,0.00,0.00,0.00,1.00,0.00,0.02,0.40
Tyler Guilfoil,0.00,0.00,0.00,1.00,0.00,0.02,0.40
Tyler Gough,0.00,0.00,0.00,1.00,0.00,0.02,0.40
Tyler Gillies,0.00,0.00,0.00,1.00,0.00,0.02,0.40
Tyler Esplin,0.00,0.00,0.00,1.00,0.00,0.02,0.40
Tyler Eckberg,0.00,0.00,0.00,1.00,0.00,0.02,0.40
Tyler Duffey,0.00,0.00,0.00,1.00,0.00,0.02,0.40
Tyler Driver,0.00,0.00,0.00,1.00,0.00,0.02,0.40
Tyler Dearden,0.00,0.00,0.00,1.00,0.00,0.02,0.40
Tyler Davis,0.00,0.00,0.00,1.00,0.00,0.02,0.40
Tyler Danish,0.00,0.00,0.00,1.00,0.00,0.02,0.40
Tyler Cyr,0.00,0.00,0.00,1.00,0.00,0.02,0.40
Tyler Cropley,0.00,0.00,0.00,1.00,0.00,0.02,0.40
Tyler Collins,0.00,0.00,0.00,1.00,0.00,0.02,0.40
Tyler Clippard,0.00,0.00,0.00,1.00,0.00,0.02,0.40
Tyler Cleveland,0.00,0.00,0.00,1.00,0.00,0.02,0.40
Tyler Chatwood,0.00,0.00,0.00,1.00,0.00,0.02,0.40
Tim Beckham,0.00,0.00,0.00,1.00,0.00,0.02,0.40
Tim Adleman,0.00,0.00,0.00,1.00,0.00,0.02,0.40
Thyago Vieira,0.00,0.00,0.00,1.00,0.00,0.02,0.40
Skylar Arias,0.00,0.00,0.00,1.00,0.00,0.02,0.40
Spencer Giesting,0.00,0.00,0.00,1.00,0.00,0.02,0.40
Spencer Bramwell,0.00,0.00,0.00,1.00,0.00,0.02,0.40
Spencer Bengard,0.00,0.00,0.00,1.00,0.00,0.02,0.40
Spence Coffman,0.00,0.00,0.00,1.00,0.00,0.02,0.40
Sonny DiChiara,0.00,0.00,0.00,1.00,0.00,0.02,0.40
Solomon Maguire,0.00,0.00,0.00,1.00,0.00,0.02,0.40
Solomon Bates,0.00,0.00,0.00,1.00,0.00,0.02,0.40
Soenni Martinez,0.00,0.00,0.00,1.00,0.00,0.02,0.40
Snarlyn Evangelista,0.00,0.00,0.00,1.00,0.00,0.02,0.40
Smil Guzman,0.00,0.00,0.00,1.00,0.00,0.02,0.40
Skyler Messinger,0.00,0.00,0.00,1.00,0.00,0.02,0.40
Skylar Szynski,0.00,0.00,0.00,1.00,0.00,0.02,0.40
Skylar Hales,0.00,0.00,0.00,1.00,0.00,0.02,0.40
Skye Bolt,0.00,0.00,0.00,1.00,0.00,0.02,0.40
Spencer Howard,0.00,0.00,0.00,1.00,0.00,0.02,0.40
Simon Whiteman,0.00,0.00,0.00,1.00,0.00,0.02,0.40
Simon Pacheco,0.00,0.00,0.00,1.00,0.00,0.02,0.40
Simon Miller,0.00,0.00,0.00,1.00,0.00,0.02,0.40
Simon Leandro,0.00,0.00,0.00,1.00,0.00,0.02,0.40
Simon Juan,0.00,0.00,0.00,1.00,0.00,0.02,0.40
Silvino Bracho,0.00,0.00,0.00,1.00,0.00,0.02,0.40
Silvano Hechavarria,0.00,0.00,0.00,1.00,0.00,0.02,0.40
Silas Ardoin,0.00,0.00,0.00,1.00,0.00,0.02,0.40
Shun Yamaguchi,0.00,0.00,0.00,1.00,0.00,0.02,0.40
Shohei Tomioka,0.00,0.00,0.00,1.00,0.00,0.02,0.40
Shogo Akiyama,0.00,0.00,0.00,1.00,0.00,0.02,0.40
Shervyen Newton,0.00,0.00,0.00,1.00,0.00,0.02,0.40
Sheng-Ping Chen,0.00,0.00,0.00,1.00,0.00,0.02,0.40
Spencer Henson,0.00,0.00,0.00,1.00,0.00,0.02,0.40
Spencer Jones,0.00,0.00,0.00,1.00,0.00,0.02,0.40
Sterling Patick,0.00,0.00,0.00,1.00,0.00,0.02,0.40
Starlyn Pichardo,0.00,0.00,0.00,1.00,0.00,0.02,0.40
Stephen Woods Jr.,0.00,0.00,0.00,1.00,0.00,0.02,0.40
Stephen Vogt,0.00,0.00,0.00,1.00,0.00,0.02,0.40
Stephen Strasburg,0.00,0.00,0.00,1.00,0.00,0.02,0.40
Stephen Scott,0.00,0.00,0.00,1.00,0.00,0.02,0.40
Stephen Ridings,0.00,0.00,0.00,1.00,0.00,0.02,0.40
Stephen Piscotty,0.00,0.00,0.00,1.00,0.00,0.02,0.40
Stephen Paolini,0.00,0.00,0.00,1.00,0.00,0.02,0.40
Stephen Nogosek,0.00,0.00,0.00,1.00,0.00,0.02,0.40
Stephen Jones,0.00,0.00,0.00,1.00,0.00,0.02,0.40
Stephen Gonsalves,0.00,0.00,0.00,1.00,0.00,0.02,0.40
Stefan Raeth,0.00,0.00,0.00,1.00,0.00,0.02,0.40
Stefan Crichton,0.00,0.00,0.00,1.00,0.00,0.02,0.40
Steele Walker,0.00,0.00,0.00,1.00,0.00,0.02,0.40
Starlyn Nunez,0.00,0.00,0.00,1.00,0.00,0.02,0.40
Spencer Mraz,0.00,0.00,0.00,1.00,0.00,0.02,0.40
Starlyn Castillo,0.00,0.00,0.00,1.00,0.00,0.02,0.40
Starlyn Caba,0.00,0.00,0.00,1.00,0.00,0.02,0.40
Starlin Savinon,0.00,0.00,0.00,1.00,0.00,0.02,0.40
Starlin Gill,0.00,0.00,0.00,1.00,0.00,0.02,0.40
Starlin Aguilar,0.00,0.00,0.00,1.00,0.00,0.02,0.40
Stanly Alcantara,0.00,0.00,0.00,1.00,0.00,0.02,0.40
Stanley Tucker,0.00,0.00,0.00,1.00,0.00,0.02,0.40
Stanley Consuegra,0.00,0.00,0.00,1.00,0.00,0.02,0.40
Spenser Watkins,0.00,0.00,0.00,1.00,0.00,0.02,0.40
Spencer Stockton,0.00,0.00,0.00,1.00,0.00,0.02,0.40
Spencer Patton,0.00,0.00,0.00,1.00,0.00,0.02,0.40
Spencer Packard,0.00,0.00,0.00,1.00,0.00,0.02,0.40
Spencer Nivens,0.00,0.00,0.00,1.00,0.00,0.02,0.40
Sheng-En Lin,0.00,0.00,0.00,1.00,0.00,0.02,0.40
Shelton Perkins,0.00,0.00,0.00,1.00,0.00,0.02,0.40
Sheldon Reed,0.00,0.00,0.00,1.00,0.00,0.02,0.40
Seth Corry,0.00,0.00,0.00,1.00,0.00,0.02,0.40
Shaddon Peavyhouse,0.00,0.00,0.00,1.00,0.00,0.02,0.40
Seunghwan Oh,0.00,0.00,0.00,1.00,0.00,0.02,0.40
Seth Stephenson,0.00,0.00,0.00,1.00,0.00,0.02,0.40
Seth Shuman,0.00,0.00,0.00,1.00,0.00,0.02,0.40
Seth Nordlin,0.00,0.00,0.00,1.00,0.00,0.02,0.40
Seth Nightingale,0.00,0.00,0.00,1.00,0.00,0.02,0.40
Seth Mayberry,0.00,0.00,0.00,1.00,0.00,0.02,0.40
Seth Lonsway,0.00,0.00,0.00,1.00,0.00,0.02,0.40
Seth Keller,0.00,0.00,0.00,1.00,0.00,0.02,0.40
Seth Keener,0.00,0.00,0.00,1.00,0.00,0.02,0.40
Seth Gray,0.00,0.00,0.00,1.00,0.00,0.02,0.40
Seth Frankoff,0.00,0.00,0.00,1.00,0.00,0.02,0.40
Seth Elledge,0.00,0.00,0.00,1.00,0.00,0.02,0.40
Seth Clark,0.00,0.00,0.00,1.00,0.00,0.02,0.40
Sheldon Neuse,0.00,0.00,0.00,1.00,0.00,0.02,0.40
Seth Chavez,0.00,0.00,0.00,1.00,0.00,0.02,0.40
Seth Blair,0.00,0.00,0.00,1.00,0.00,0.02,0.40
Seth Beer,0.00,0.00,0.00,1.00,0.00,0.02,0.40
Sergio Umana,0.00,0.00,0.00,1.00,0.00,0.02,0.40
Sergio Tapia,0.00,0.00,0.00,1.00,0.00,0.02,0.40
Sergio Sanchez,0.00,0.00,0.00,1.00,0.00,0.02,0.40
Sergio Romo,0.00,0.00,0.00,1.00,0.00,0.02,0.40
Sergio Morillo,0.00,0.00,0.00,1.00,0.00,0.02,0.40
Sergio Gutierrez,0.00,0.00,0.00,1.00,0.00,0.02,0.40
Sergio Caruci,0.00,0.00,0.00,1.00,0.00,0.02,0.40
Sergio Campana,0.00,0.00,0.00,1.00,0.00,0.02,0.40
Sergio Alcántara,0.00,0.00,0.00,1.00,0.00,0.02,0.40
Serafino Brito,0.00,0.00,0.00,1.00,0.00,0.02,0.40
Shalin Polanco,0.00,0.00,0.00,1.00,0.00,0.02,0.40
Shane Connolly,0.00,0.00,0.00,1.00,0.00,0.02,0.40
Shane Davis,0.00,0.00,0.00,1.00,0.00,0.02,0.40
Shane Drohan,0.00,0.00,0.00,1.00,0.00,0.02,0.40
Shelby Lackey,0.00,0.00,0.00,1.00,0.00,0.02,0.40
Shed Long Jr.,0.00,0.00,0.00,1.00,0.00,0.02,0.40
Shea Spitzbarth,0.00,0.00,0.00,1.00,0.00,0.02,0.40
Shea Barry,0.00,0.00,0.00,1.00,0.00,0.02,0.40
Shayne Fontana,0.00,0.00,0.00,1.00,0.00,0.02,0.40
Shay Schanaman,0.00,0.00,0.00,1.00,0.00,0.02,0.40
Shawndrick Oduber,0.00,0.00,0.00,1.00,0.00,0.02,0.40
Shawn Semple,0.00,0.00,0.00,1.00,0.00,0.02,0.40
Shawn Ross,0.00,0.00,0.00,1.00,0.00,0.02,0.40
Shawn Rapp,0.00,0.00,0.00,1.00,0.00,0.02,0.40
Shawn Morimando,0.00,0.00,0.00,1.00,0.00,0.02,0.40
Shawn Goosenberg,0.00,0.00,0.00,1.00,0.00,0.02,0.40
Shaun Anderson,0.00,0.00,0.00,1.00,0.00,0.02,0.40
Shane Telfer,0.00,0.00,0.00,1.00,0.00,0.02,0.40
Shane Selman,0.00,0.00,0.00,1.00,0.00,0.02,0.40
Shane Sasaki,0.00,0.00,0.00,1.00,0.00,0.02,0.40
Shane Rademacher,0.00,0.00,0.00,1.00,0.00,0.02,0.40
Shane Panzini,0.00,0.00,0.00,1.00,0.00,0.02,0.40
Shane Murphy,0.00,0.00,0.00,1.00,0.00,0.02,0.40
Shane Muntz,0.00,0.00,0.00,1.00,0.00,0.02,0.40
Shane McGuire,0.00,0.00,0.00,1.00,0.00,0.02,0.40
Shane McCarthy,0.00,0.00,0.00,1.00,0.00,0.02,0.40
Shane Matheny,0.00,0.00,0.00,1.00,0.00,0.02,0.40
Shane Marshall,0.00,0.00,0.00,1.00,0.00,0.02,0.40
Shane Gustafson,0.00,0.00,0.00,1.00,0.00,0.02,0.40
Shane Greene,0.00,0.00,0.00,1.00,0.00,0.02,0.40
Shane Gray,0.00,0.00,0.00,1.00,0.00,0.02,0.40
Sterlin Thompson,0.00,0.00,0.00,1.00,0.00,0.02,0.40
Sterling Sharp,0.00,0.00,0.00,1.00,0.00,0.02,0.40
Thomas White,0.00,0.00,0.00,1.00,0.00,0.02,0.40
Taylor Cole,0.00,0.00,0.00,1.00,0.00,0.02,0.40
Taylor Williams,0.00,0.00,0.00,1.00,0.00,0.02,0.40
Taylor Widener,0.00,0.00,0.00,1.00,0.00,0.02,0.40
Taylor Snyder,0.00,0.00,0.00,1.00,0.00,0.02,0.40
Taylor Rashi,0.00,0.00,0.00,1.00,0.00,0.02,0.40
Taylor Motter,0.00,0.00,0.00,1.00,0.00,0.02,0.40
Taylor Lehman,0.00,0.00,0.00,1.00,0.00,0.02,0.40
Taylor Kohlwey,0.00,0.00,0.00,1.00,0.00,0.02,0.40
Taylor Jones,0.00,0.00,0.00,1.00,0.00,0.02,0.40
Taylor Hearn,0.00,0.00,0.00,1.00,0.00,0.02,0.40
Taylor Gushue,0.00,0.00,0.00,1.00,0.00,0.02,0.40
Taylor Floyd,0.00,0.00,0.00,1.00,0.00,0.02,0.40
Taylor Dollard,0.00,0.00,0.00,1.00,0.00,0.02,0.40
Taylor Davis,0.00,0.00,0.00,1.00,0.00,0.02,0.40
Taylor Broadway,0.00,0.00,0.00,1.00,0.00,0.02,0.40
Tayron Guerrero,0.00,0.00,0.00,1.00,0.00,0.02,0.40
Tayler Aguilar,0.00,0.00,0.00,1.00,0.00,0.02,0.40
Tayden Hall,0.00,0.00,0.00,1.00,0.00,0.02,0.40
Tavian Josenberger,0.00,0.00,0.00,1.00,0.00,0.02,0.40
Tavano Baker,0.00,0.00,0.00,1.00,0.00,0.02,0.40
Tatem Levins,0.00,0.00,0.00,1.00,0.00,0.02,0.40
Tate Kuehner,0.00,0.00,0.00,1.00,0.00,0.02,0.40
Tanner Tully,0.00,0.00,0.00,1.00,0.00,0.02,0.40
Tanner Tredaway,0.00,0.00,0.00,1.00,0.00,0.02,0.40
Tanner Shears,0.00,0.00,0.00,1.00,0.00,0.02,0.40
Tanner Schobel,0.00,0.00,0.00,1.00,0.00,0.02,0.40
Tanner Propst,0.00,0.00,0.00,1.00,0.00,0.02,0.40
Tanner O'Tremba,0.00,0.00,0.00,1.00,0.00,0.02,0.40
Tanner Myatt,0.00,0.00,0.00,1.00,0.00,0.02,0.40
Taylor Young,0.00,0.00,0.00,1.00,0.00,0.02,0.40
Ted Stuka,0.00,0.00,0.00,1.00,0.00,0.02,0.40
Steve Cishek,0.00,0.00,0.00,1.00,0.00,0.02,0.40
Thomas Francisco,0.00,0.00,0.00,1.00,0.00,0.02,0.40
Thomas Szapucki,0.00,0.00,0.00,1.00,0.00,0.02,0.40
Thomas Sosa,0.00,0.00,0.00,1.00,0.00,0.02,0.40
Thomas Schultz,0.00,0.00,0.00,1.00,0.00,0.02,0.40
Thomas Ruwe,0.00,0.00,0.00,1.00,0.00,0.02,0.40
Thomas Ponticelli,0.00,0.00,0.00,1.00,0.00,0.02,0.40
Thomas Pannone,0.00,0.00,0.00,1.00,0.00,0.02,0.40
Thomas Milone,0.00,0.00,0.00,1.00,0.00,0.02,0.40
Thomas Jones,0.00,0.00,0.00,1.00,0.00,0.02,0.40
Thomas Jankins,0.00,0.00,0.00,1.00,0.00,0.02,0.40
Thomas Ireland,0.00,0.00,0.00,1.00,0.00,0.02,0.40
Thomas Hatch,0.00,0.00,0.00,1.00,0.00,0.02,0.40
Thomas Girard,0.00,0.00,0.00,1.00,0.00,0.02,0.40
Thomas Gavello,0.00,0.00,0.00,1.00,0.00,0.02,0.40
Thomas Farr,0.00,0.00,0.00,1.00,0.00,0.02,0.40
Teddy Stankiewicz,0.00,0.00,0.00,1.00,0.00,0.02,0.40
Thomas Eshelman,0.00,0.00,0.00,1.00,0.00,0.02,0.40
Thomas Burrows,0.00,0.00,0.00,1.00,0.00,0.02,0.40
Thomas Bruss,0.00,0.00,0.00,1.00,0.00,0.02,0.40
Thomas Balboni Jr.,0.00,0.00,0.00,1.00,0.00,0.02,0.40
Theo McDowell,0.00,0.00,0.00,1.00,0.00,0.02,0.40
Theo Denlinger,0.00,0.00,0.00,1.00,0.00,0.02,0.40
Thayron Liranzo,0.00,0.00,0.00,1.00,0.00,0.02,0.40
Tevin Tucker,0.00,0.00,0.00,1.00,0.00,0.02,0.40
Terrin Vavra,0.00,0.00,0.00,1.00,0.00,0.02,0.40
Terrell Tatum,0.00,0.00,0.00,1.00,0.00,0.02,0.40
Termarr Johnson,0.00,0.00,0.00,1.00,0.00,0.02,0.40
Terence Doston,0.00,0.00,0.00,1.00,0.00,0.02,0.40
Teofilo Mendez,0.00,0.00,0.00,1.00,0.00,0.02,0.40
Tanner Murray,0.00,0.00,0.00,1.00,0.00,0.02,0.40
Tanner Murphy,0.00,0.00,0.00,1.00,0.00,0.02,0.40
Tanner McDougal,0.00,0.00,0.00,1.00,0.00,0.02,0.40
Steven Santos,0.00,0.00,0.00,1.00,0.00,0.02,0.40
Stiward Aquino,0.00,0.00,0.00,1.00,0.00,0.02,0.40
Stiven Rogers,0.00,0.00,0.00,1.00,0.00,0.02,0.40
Stiven Martinez,0.00,0.00,0.00,1.00,0.00,0.02,0.40
Stiven Flores,0.00,0.00,0.00,1.00,0.00,0.02,0.40
Stiven Cruz,0.00,0.00,0.00,1.00,0.00,0.02,0.40
Stiven Acevedo,0.00,0.00,0.00,1.00,0.00,0.02,0.40
Stijn Van Der Schaaf,0.00,0.00,0.00,1.00,0.00,0.02,0.40
Stharlin Torres,0.00,0.00,0.00,1.00,0.00,0.02,0.40
Stevie Emanuels,0.00,0.00,0.00,1.00,0.00,0.02,0.40
Stevie Branche,0.00,0.00,0.00,1.00,0.00,0.02,0.40
Stevie Berman,0.00,0.00,0.00,1.00,0.00,0.02,0.40
Steven Zobac,0.00,0.00,0.00,1.00,0.00,0.02,0.40
Steven Souza Jr.,0.00,0.00,0.00,1.00,0.00,0.02,0.40
Steven Sanchez,0.00,0.00,0.00,1.00,0.00,0.02,0.40
Tanner Kohlhepp,0.00,0.00,0.00,1.00,0.00,0.02,0.40
Steven Rivas,0.00,0.00,0.00,1.00,0.00,0.02,0.40
Steven Perez,0.00,0.00,0.00,1.00,0.00,0.02,0.40
Steven Moyers,0.00,0.00,0.00,1.00,0.00,0.02,0.40
Steven Madero,0.00,0.00,0.00,1.00,0.00,0.02,0.40
Steven Leyton,0.00,0.00,0.00,1.00,0.00,0.02,0.40
Steven Klimek,0.00,0.00,0.00,1.00,0.00,0.02,0.40
Steven Jennings,0.00,0.00,0.00,1.00,0.00,0.02,0.40
Steven Fulgencio,0.00,0.00,0.00,1.00,0.00,0.02,0.40
Steven Fuentes,0.00,0.00,0.00,1.00,0.00,0.02,0.40
Steven Echavarria,0.00,0.00,0.00,1.00,0.00,0.02,0.40
Steven Duggar,0.00,0.00,0.00,1.00,0.00,0.02,0.40
Steven Brault,0.00,0.00,0.00,1.00,0.00,0.02,0.40
Steve Hajjar,0.00,0.00,0.00,1.00,0.00,0.02,0.40
Stone Russell,0.00,0.00,0.00,1.00,0.00,0.02,0.40
Straton Podaras,0.00,0.00,0.00,1.00,0.00,0.02,0.40
Stu Flesland III,0.00,0.00,0.00,1.00,0.00,0.02,0.40
Sulivan Ribeiro,0.00,0.00,0.00,1.00,0.00,0.02,0.40
Tanner Kirwer,0.00,0.00,0.00,1.00,0.00,0.02,0.40
Tanner Kiest,0.00,0.00,0.00,1.00,0.00,0.02,0.40
Tanner Jacobson,0.00,0.00,0.00,1.00,0.00,0.02,0.40
Tanner Hall,0.00,0.00,0.00,1.00,0.00,0.02,0.40
Tanner Cooper,0.00,0.00,0.00,1.00,0.00,0.02,0.40
Tanner Burns,0.00,0.00,0.00,1.00,0.00,0.02,0.40
Tanner Andrews,0.00,0.00,0.00,1.00,0.00,0.02,0.40
Tanner Allen,0.00,0.00,0.00,1.00,0.00,0.02,0.40
Taishi Nakawake,0.00,0.00,0.00,1.00,0.00,0.02,0.40
Tai Tiedemann,0.00,0.00,0.00,1.00,0.00,0.02,0.40
Tai Peete,0.00,0.00,0.00,1.00,0.00,0.02,0.40
Tahnaj Thomas,0.00,0.00,0.00,1.00,0.00,0.02,0.40
TT Bowens,0.00,0.00,0.00,1.00,0.00,0.02,0.40
TJayy Walton,0.00,0.00,0.00,1.00,0.00,0.02,0.40
TJ Shook,0.00,0.00,0.00,1.00,0.00,0.02,0.40
TJ Hopkins,0.00,0.00,0.00,1.00,0.00,0.02,0.40
T.J. Zeuch,0.00,0.00,0.00,1.00,0.00,0.02,0.40
T.J. White,0.00,0.00,0.00,1.00,0.00,0.02,0.40
T.J. Sikkema,0.00,0.00,0.00,1.00,0.00,0.02,0.40
T.J. Schofield-Sam,0.00,0.00,0.00,1.00,0.00,0.02,0.40
T.J. Rumfield,0.00,0.00,0.00,1.00,0.00,0.02,0.40
T.J. Nichols,0.00,0.00,0.00,1.00,0.00,0.02,0.40
T.J. Fondtain,0.00,0.00,0.00,1.00,0.00,0.02,0.40
T.J. Czyz,0.00,0.00,0.00,1.00,0.00,0.02,0.40
T.J. Brock,0.00,0.00,0.00,1.00,0.00,0.02,0.40
Símon Muzziotti,0.00,0.00,0.00,1.00,0.00,0.02,0.40
Sunayro Martina,0.00,0.00,0.00,1.00,0.00,0.02,0.40
Victor Lopez,0.00,0.00,0.00,1.00,0.00,0.02,0.40
Victor Mesia,0.00,0.00,0.00,1.00,0.00,0.02,0.40
Nate Peterson,0.00,0.00,0.00,1.00,0.00,0.02,0.40
Yoelvin Chirino,0.00,0.00,0.00,1.00,0.00,0.02,0.40
Yohendrick Pinango,0.00,0.00,0.00,1.00,0.00,0.02,0.40
Yohemy Nolasco,0.00,0.00,0.00,1.00,0.00,0.02,0.40
Yohel Pozo,0.00,0.00,0.00,1.00,0.00,0.02,0.40
Yohanse Morel,0.00,0.00,0.00,1.00,0.00,0.02,0.40
Yohangel Moris,0.00,0.00,0.00,1.00,0.00,0.02,0.40
Yohandy Morales,0.00,0.00,0.00,1.00,0.00,0.02,0.40
Yohander Martinez,0.00,0.00,0.00,1.00,0.00,0.02,0.40
Yohander Linarez,0.00,0.00,0.00,1.00,0.00,0.02,0.40
Yohairo Cuevas,0.00,0.00,0.00,1.00,0.00,0.02,0.40
Yoffry Solano,0.00,0.00,0.00,1.00,0.00,0.02,0.40
Yoerys Hernandez,0.00,0.00,0.00,1.00,0.00,0.02,0.40
Yoerny Junco,0.00,0.00,0.00,1.00,0.00,0.02,0.40
Yoelvin Silven,0.00,0.00,0.00,1.00,0.00,0.02,0.40
Yoelqui Céspedes,0.00,0.00,0.00,1.00,0.00,0.02,0.40
Yoiber Ocopio,0.00,0.00,0.00,1.00,0.00,0.02,0.40
Yoeilin Cespedes,0.00,0.00,0.00,1.00,0.00,0.02,0.40
Yoangel Ramos,0.00,0.00,0.00,1.00,0.00,0.02,0.40
Yoander Rivero,0.00,0.00,0.00,1.00,0.00,0.02,0.40
Yoan Valdez,0.00,0.00,0.00,1.00,0.00,0.02,0.40
Yoan López,0.00,0.00,0.00,1.00,0.00,0.02,0.40
Yoan Aybar,0.00,0.00,0.00,1.00,0.00,0.02,0.40
Ynmanol Mariñez,0.00,0.00,0.00,1.00,0.00,0.02,0.40
Yirer Garcia,0.00,0.00,0.00,1.00,0.00,0.02,0.40
Yirber Ruiz,0.00,0.00,0.00,1.00,0.00,0.02,0.40
Yimy Tovar,0.00,0.00,0.00,1.00,0.00,0.02,0.40
Yimmy Diaz,0.00,0.00,0.00,1.00,0.00,0.02,0.40
Yimi Presinal,0.00,0.00,0.00,1.00,0.00,0.02,0.40
Yilber Herrera,0.00,0.00,0.00,1.00,0.00,0.02,0.40
Yohenny Mata,0.00,0.00,0.00,1.00,0.00,0.02,0.40
Yoiber Ruiz,0.00,0.00,0.00,1.00,0.00,0.02,0.40
Yiddi Cappe,0.00,0.00,0.00,1.00,0.00,0.02,0.40
Yonathan Daza,0.00,0.00,0.00,1.00,0.00,0.02,0.40
Yordanny Monegro,0.00,0.00,0.00,1.00,0.00,0.02,0.40
Yordani Martinez,0.00,0.00,0.00,1.00,0.00,0.02,0.40
Yordan Nodal,0.00,0.00,0.00,1.00,0.00,0.02,0.40
Yordalin Pena,0.00,0.00,0.00,1.00,0.00,0.02,0.40
Yorberto Mejicano,0.00,0.00,0.00,1.00,0.00,0.02,0.40
Yoralbert Cadiz,0.00,0.00,0.00,1.00,0.00,0.02,0.40
Yophery Rodriguez,0.00,0.00,0.00,1.00,0.00,0.02,0.40
Yonny Hernández,0.00,0.00,0.00,1.00,0.00,0.02,0.40
Yonny Chirinos,0.00,0.00,0.00,1.00,0.00,0.02,0.40
Yoniel Ramirez,0.00,0.00,0.00,1.00,0.00,0.02,0.40
Yoniel Curet,0.00,0.00,0.00,1.00,0.00,0.02,0.40
Yonfi Rodriguez,0.00,0.00,0.00,1.00,0.00,0.02,0.40
Yondrei Rojas,0.00,0.00,0.00,1.00,0.00,0.02,0.40
Yonatan Pineda,0.00,0.00,0.00,1.00,0.00,0.02,0.40
Yoilan Quinonez,0.00,0.00,0.00,1.00,0.00,0.02,0.40
Yonatan Henriquez,0.00,0.00,0.00,1.00,0.00,0.02,0.40
Yonaiker Garcia,0.00,0.00,0.00,1.00,0.00,0.02,0.40
Yonael Dominguez,0.00,0.00,0.00,1.00,0.00,0.02,0.40
Yon Landaeta,0.00,0.00,0.00,1.00,0.00,0.02,0.40
Yon Castro,0.00,0.00,0.00,1.00,0.00,0.02,0.40
Yomil Maysonet,0.00,0.00,0.00,1.00,0.00,0.02,0.40
Yolmer Sánchez,0.00,0.00,0.00,1.00,0.00,0.02,0.40
Yoljeldriz Diaz,0.00,0.00,0.00,1.00,0.00,0.02,0.40
Yolfran Castillo,0.00,0.00,0.00,1.00,0.00,0.02,0.40
Yoldin De La Paz,0.00,0.00,0.00,1.00,0.00,0.02,0.40
Yolbert Sanchez,0.00,0.00,0.00,1.00,0.00,0.02,0.40
Yokelvin Reyes,0.00,0.00,0.00,1.00,0.00,0.02,0.40
Yojackson Laya,0.00,0.00,0.00,1.00,0.00,0.02,0.40
Yidel Diaz,0.00,0.00,0.00,1.00,0.00,0.02,0.40
Yhoswar Garcia,0.00,0.00,0.00,1.00,0.00,0.02,0.40
Victor Munoz,0.00,0.00,0.00,1.00,0.00,0.02,0.40
Yeiferth Castillo,0.00,0.00,0.00,1.00,0.00,0.02,0.40
Yenci Pena,0.00,0.00,0.00,1.00,0.00,0.02,0.40
Yemil Rosario,0.00,0.00,0.00,1.00,0.00,0.02,0.40
Yemal Flores,0.00,0.00,0.00,1.00,0.00,0.02,0.40
Yelserth Ayala,0.00,0.00,0.00,1.00,0.00,0.02,0.40
Yeizo Campos,0.00,0.00,0.00,1.00,0.00,0.02,0.40
Yeisy Celesten,0.00,0.00,0.00,1.00,0.00,0.02,0.40
Yeison Vargas,0.00,0.00,0.00,1.00,0.00,0.02,0.40
Yeison Santana,0.00,0.00,0.00,1.00,0.00,0.02,0.40
Yeison Perez,0.00,0.00,0.00,1.00,0.00,0.02,0.40
Yeison Morrobel,0.00,0.00,0.00,1.00,0.00,0.02,0.40
Yeiner Fernandez,0.00,0.00,0.00,1.00,0.00,0.02,0.40
Yeimison Arias,0.00,0.00,0.00,1.00,0.00,0.02,0.40
Yeiker Reyes,0.00,0.00,0.00,1.00,0.00,0.02,0.40
Yeiber Cartaya,0.00,0.00,0.00,1.00,0.00,0.02,0.40
Yency De Jesus,0.00,0.00,0.00,1.00,0.00,0.02,0.40
Yehizon Sanchez,0.00,0.00,0.00,1.00,0.00,0.02,0.40
Yefry Ramírez,0.00,0.00,0.00,1.00,0.00,0.02,0.40
Yefri Rivera,0.00,0.00,0.00,1.00,0.00,0.02,0.40
Yefri Del Rosario,0.00,0.00,0.00,1.00,0.00,0.02,0.40
Yefri Carrillo,0.00,0.00,0.00,1.00,0.00,0.02,0.40
Yeferson Vargas,0.00,0.00,0.00,1.00,0.00,0.02,0.40
Yeferson Tineo,0.00,0.00,0.00,1.00,0.00,0.02,0.40
Yeferson Silva,0.00,0.00,0.00,1.00,0.00,0.02,0.40
Yaya Chentouf,0.00,0.00,0.00,1.00,0.00,0.02,0.40
Yaxson Lucena,0.00,0.00,0.00,1.00,0.00,0.02,0.40
Yasser Mercedes,0.00,0.00,0.00,1.00,0.00,0.02,0.40
Yassel Soler,0.00,0.00,0.00,1.00,0.00,0.02,0.40
Yassel Pino,0.00,0.00,0.00,1.00,0.00,0.02,0.40
Yency Almonte,0.00,0.00,0.00,1.00,0.00,0.02,0.40
Yendry Rojas,0.00,0.00,0.00,1.00,0.00,0.02,0.40
Yhoiker Fajardo,0.00,0.00,0.00,1.00,0.00,0.02,0.40
Yeriel Santos,0.00,0.00,0.00,1.00,0.00,0.02,0.40
Yhoangel Aponte,0.00,0.00,0.00,1.00,0.00,0.02,0.40
Yhoan Escalona,0.00,0.00,0.00,1.00,0.00,0.02,0.40
Yeycol Soriano,0.00,0.00,0.00,1.00,0.00,0.02,0.40
Yeury Tatiz,0.00,0.00,0.00,1.00,0.00,0.02,0.40
Yeury Gervacio,0.00,0.00,0.00,1.00,0.00,0.02,0.40
Yeuris Jimenez,0.00,0.00,0.00,1.00,0.00,0.02,0.40
Yeuni Munoz,0.00,0.00,0.00,1.00,0.00,0.02,0.40
Yeudi Advincola,0.00,0.00,0.00,1.00,0.00,0.02,0.40
Yerry Landinez,0.00,0.00,0.00,1.00,0.00,0.02,0.40
Yermain Ruiz,0.00,0.00,0.00,1.00,0.00,0.02,0.40
Yerlin Rodriguez,0.00,0.00,0.00,1.00,0.00,0.02,0.40
Yerlin Luis,0.00,0.00,0.00,1.00,0.00,0.02,0.40
Yerlin Confidan,0.00,0.00,0.00,1.00,0.00,0.02,0.40
Yeri Perez,0.00,0.00,0.00,1.00,0.00,0.02,0.40
Yendy Gomez,0.00,0.00,0.00,1.00,0.00,0.02,0.40
Yereny Teus,0.00,0.00,0.00,1.00,0.00,0.02,0.40
Yeremin Lara,0.00,0.00,0.00,1.00,0.00,0.02,0.40
Yeremi Villahermosa,0.00,0.00,0.00,1.00,0.00,0.02,0.40
Yeremi Cabrera,0.00,0.00,0.00,1.00,0.00,0.02,0.40
Yerald Nin,0.00,0.00,0.00,1.00,0.00,0.02,0.40
Yeral Martinez,0.00,0.00,0.00,1.00,0.00,0.02,0.40
Yensy Bello,0.00,0.00,0.00,1.00,0.00,0.02,0.40
Yensi Rivas,0.00,0.00,0.00,1.00,0.00,0.02,0.40
Yensi Reyes,0.00,0.00,0.00,1.00,0.00,0.02,0.40
Yenrri Rojas,0.00,0.00,0.00,1.00,0.00,0.02,0.40
Yennsy Díaz,0.00,0.00,0.00,1.00,0.00,0.02,0.40
Yeniel Laboy,0.00,0.00,0.00,1.00,0.00,0.02,0.40
Yenfri Sosa,0.00,0.00,0.00,1.00,0.00,0.02,0.40
Yordany De Los Santos,0.00,0.00,0.00,1.00,0.00,0.02,0.40
Yordin Chalas,0.00,0.00,0.00,1.00,0.00,0.02,0.40
Yordy Herrera,0.00,0.00,0.00,1.00,0.00,0.02,0.40
Zach Mort,0.00,0.00,0.00,1.00,0.00,0.02,0.40
Zach Willeman,0.00,0.00,0.00,1.00,0.00,0.02,0.40
Zach Watson,0.00,0.00,0.00,1.00,0.00,0.02,0.40
Zach Warren,0.00,0.00,0.00,1.00,0.00,0.02,0.40
Zach Vennaro,0.00,0.00,0.00,1.00,0.00,0.02,0.40
Zach Veen,0.00,0.00,0.00,1.00,0.00,0.02,0.40
Zach Thornton,0.00,0.00,0.00,1.00,0.00,0.02,0.40
Zach Thompson,0.00,0.00,0.00,1.00,0.00,0.02,0.40
Zach Reks,0.00,0.00,0.00,1.00,0.00,0.02,0.40
Zach Plesac,0.00,0.00,0.00,1.00,0.00,0.02,0.40
Zach Pettway,0.00,0.00,0.00,1.00,0.00,0.02,0.40
Zach Peek,0.00,0.00,0.00,1.00,0.00,0.02,0.40
Zach Neal,0.00,0.00,0.00,1.00,0.00,0.02,0.40
Zach Muckenhirn,0.00,0.00,0.00,1.00,0.00,0.02,0.40
Zach Morgan,0.00,0.00,0.00,1.00,0.00,0.02,0.40
Zack Austin,0.00,0.00,0.00,1.00,0.00,0.02,0.40
Zach Messinger,0.00,0.00,0.00,1.00,0.00,0.02,0.40
Zach McCambley,0.00,0.00,0.00,1.00,0.00,0.02,0.40
Zach McAllister,0.00,0.00,0.00,1.00,0.00,0.02,0.40
Zach Matson,0.00,0.00,0.00,1.00,0.00,0.02,0.40
Zach Logue,0.00,0.00,0.00,1.00,0.00,0.02,0.40
Zach Linginfelter,0.00,0.00,0.00,1.00,0.00,0.02,0.40
Zach Levenson,0.00,0.00,0.00,1.00,0.00,0.02,0.40
Zach Lee,0.00,0.00,0.00,1.00,0.00,0.02,0.40
Zach Kokoska,0.00,0.00,0.00,1.00,0.00,0.02,0.40
Zach King,0.00,0.00,0.00,1.00,0.00,0.02,0.40
Zach Jacobs,0.00,0.00,0.00,1.00,0.00,0.02,0.40
Zach Jackson,0.00,0.00,0.00,1.00,0.00,0.02,0.40
Zach Humphreys,0.00,0.00,0.00,1.00,0.00,0.02,0.40
Zach Zubia,0.00,0.00,0.00,1.00,0.00,0.02,0.40
Zack Britton,0.00,0.00,0.00,1.00,0.00,0.02,0.40
Yordys Valdes,0.00,0.00,0.00,1.00,0.00,0.02,0.40
Zack Trageton,0.00,0.00,0.00,1.00,0.00,0.02,0.40
Ángel Vargas,0.00,0.00,0.00,1.00,0.00,0.02,0.40
Zyhir Hope,0.00,0.00,0.00,1.00,0.00,0.02,0.40
Zion Bannister,0.00,0.00,0.00,1.00,0.00,0.02,0.40
Zhiorman Imbriano,0.00,0.00,0.00,1.00,0.00,0.02,0.40
Zeus Nunez,0.00,0.00,0.00,1.00,0.00,0.02,0.40
Zavier Warren,0.00,0.00,0.00,1.00,0.00,0.02,0.40
Zane Russell,0.00,0.00,0.00,1.00,0.00,0.02,0.40
Zane Morehouse,0.00,0.00,0.00,1.00,0.00,0.02,0.40
Zane Mills,0.00,0.00,0.00,1.00,0.00,0.02,0.40
Zane Barnhart,0.00,0.00,0.00,1.00,0.00,0.02,0.40
Zander Mueth,0.00,0.00,0.00,1.00,0.00,0.02,0.40
Zak Kent,0.00,0.00,0.00,1.00,0.00,0.02,0.40
Zack Weiss,0.00,0.00,0.00,1.00,0.00,0.02,0.40
Zack Showalter,0.00,0.00,0.00,1.00,0.00,0.02,0.40
Zack Brown,0.00,0.00,0.00,1.00,0.00,0.02,0.40
Zack Short,0.00,0.00,0.00,1.00,0.00,0.02,0.40
Zack Qin,0.00,0.00,0.00,1.00,0.00,0.02,0.40
Zack Plunkett,0.00,0.00,0.00,1.00,0.00,0.02,0.40
Zack Phillips,0.00,0.00,0.00,1.00,0.00,0.02,0.40
Zack Matthews,0.00,0.00,0.00,1.00,0.00,0.02,0.40
Zack Lee,0.00,0.00,0.00,1.00,0.00,0.02,0.40
Zack Leban,0.00,0.00,0.00,1.00,0.00,0.02,0.40
Zack Hess,0.00,0.00,0.00,1.00,0.00,0.02,0.40
Zack Greinke,0.00,0.00,0.00,1.00,0.00,0.02,0.40
Zack Godley,0.00,0.00,0.00,1.00,0.00,0.02,0.40
Zack Erwin,0.00,0.00,0.00,1.00,0.00,0.02,0.40
Zack Collins,0.00,0.00,0.00,1.00,0.00,0.02,0.40
Zack Burdi,0.00,0.00,0.00,1.00,0.00,0.02,0.40
Zach Hart,0.00,0.00,0.00,1.00,0.00,0.02,0.40
Zach Haake,0.00,0.00,0.00,1.00,0.00,0.02,0.40
Zach Greene,0.00,0.00,0.00,1.00,0.00,0.02,0.40
Yoscar Pimentel,0.00,0.00,0.00,1.00,0.00,0.02,0.40
Yu Chang,0.00,0.00,0.00,1.00,0.00,0.02,0.40
Yoyner Fajardo,0.00,0.00,0.00,1.00,0.00,0.02,0.40
Yovanny Rodriguez,0.00,0.00,0.00,1.00,0.00,0.02,0.40
Yovanny Cruz,0.00,0.00,0.00,1.00,0.00,0.02,0.40
Yovanny Cabrera,0.00,0.00,0.00,1.00,0.00,0.02,0.40
Yovannki Pascual,0.00,0.00,0.00,1.00,0.00,0.02,0.40
Yosy Galan,0.00,0.00,0.00,1.00,0.00,0.02,0.40
Yosweld Vasquez,0.00,0.00,0.00,1.00,0.00,0.02,0.40
Yosneiker Rivas,0.00,0.00,0.00,1.00,0.00,0.02,0.40
Yosmi Fernandez,0.00,0.00,0.00,1.00,0.00,0.02,0.40
Yosmar Gimenez,0.00,0.00,0.00,1.00,0.00,0.02,0.40
Yoshihisa Hirano,0.00,0.00,0.00,1.00,0.00,0.02,0.40
Yoshi Tsutsugo,0.00,0.00,0.00,1.00,0.00,0.02,0.40
Yosber Sanchez,0.00,0.00,0.00,1.00,0.00,0.02,0.40
Zach Green,0.00,0.00,0.00,1.00,0.00,0.02,0.40
Yosander Asencio,0.00,0.00,0.00,1.00,0.00,0.02,0.40
Yoryi Simarra,0.00,0.00,0.00,1.00,0.00,0.02,0.40
Yoryi Jimenez,0.00,0.00,0.00,1.00,0.00,0.02,0.40
Yorvis Torrealba,0.00,0.00,0.00,1.00,0.00,0.02,0.40
Yorvin Morla,0.00,0.00,0.00,1.00,0.00,0.02,0.40
Yorvi Pirela,0.00,0.00,0.00,1.00,0.00,0.02,0.40
Yorman Rodriguez,0.00,0.00,0.00,1.00,0.00,0.02,0.40
Yorman Licourt,0.00,0.00,0.00,1.00,0.00,0.02,0.40
Yorman Gomez,0.00,0.00,0.00,1.00,0.00,0.02,0.40
Yorman Galindez,0.00,0.00,0.00,1.00,0.00,0.02,0.40
Yorlin Calderon,0.00,0.00,0.00,1.00,0.00,0.02,0.40
Yorfran Medina,0.00,0.00,0.00,1.00,0.00,0.02,0.40
Yorfran John,0.00,0.00,0.00,1.00,0.00,0.02,0.40
Yu-Min Lin,0.00,0.00,0.00,1.00,0.00,0.02,0.40
Yujanyer Herrera,0.00,0.00,0.00,1.00,0.00,0.02,0.40
Yuliangel De La Cruz,0.00,0.00,0.00,1.00,0.00,0.02,0.40
Yunior Garcia,0.00,0.00,0.00,1.00,0.00,0.02,0.40
Zach Fruit,0.00,0.00,0.00,1.00,0.00,0.02,0.40
Zach Franklin,0.00,0.00,0.00,1.00,0.00,0.02,0.40
Zach Fogell,0.00,0.00,0.00,1.00,0.00,0.02,0.40
Zach Davis,0.00,0.00,0.00,1.00,0.00,0.02,0.40
Zach Davies,0.00,0.00,0.00,1.00,0.00,0.02,0.40
Zach Daniels,0.00,0.00,0.00,1.00,0.00,0.02,0.40
Zach Cole,0.00,0.00,0.00,1.00,0.00,0.02,0.40
Zach Cable,0.00,0.00,0.00,1.00,0.00,0.02,0.40
Zach Bryant,0.00,0.00,0.00,1.00,0.00,0.02,0.40
Zach Barnes,0.00,0.00,0.00,1.00,0.00,0.02,0.40
Zach Arnold,0.00,0.00,0.00,1.00,0.00,0.02,0.40
Zac Rosscup,0.00,0.00,0.00,1.00,0.00,0.02,0.40
Zac Lowther,0.00,0.00,0.00,1.00,0.00,0.02,0.40
Zac Leigh,0.00,0.00,0.00,1.00,0.00,0.02,0.40
Zac Kristofak,0.00,0.00,0.00,1.00,0.00,0.02,0.40
Zac Houston,0.00,0.00,0.00,1.00,0.00,0.02,0.40
Zac Fascia,0.00,0.00,0.00,1.00,0.00,0.02,0.40
Zac Cook,0.00,0.00,0.00,1.00,0.00,0.02,0.40
Zac Ching,0.00,0.00,0.00,1.00,0.00,0.02,0.40
Zac Addkison,0.00,0.00,0.00,1.00,0.00,0.02,0.40
Yusniel Padron-Artiles,0.00,0.00,0.00,1.00,0.00,0.02,0.40
Yusniel Díaz,0.00,0.00,0.00,1.00,0.00,0.02,0.40
Yusmeiro Petit,0.00,0.00,0.00,1.00,0.00,0.02,0.40
Yunior Tur,0.00,0.00,0.00,1.00,0.00,0.02,0.40
Yunior Thibo,0.00,0.00,0.00,1.00,0.00,0.02,0.40
Yunior Severino,0.00,0.00,0.00,1.00,0.00,0.02,0.40
Yunior Quezada,0.00,0.00,0.00,1.00,0.00,0.02,0.40
Yasmil Bucce,0.00,0.00,0.00,1.00,0.00,0.02,0.40
Yasiel Puig,0.00,0.00,0.00,1.00,0.00,0.02,0.40
Yasel Antuna,0.00,0.00,0.00,1.00,0.00,0.02,0.40
Wes Kath,0.00,0.00,0.00,1.00,0.00,0.02,0.40
Wil Myers,0.00,0.00,0.00,1.00,0.00,0.02,0.40
Wil Jensen,0.00,0.00,0.00,1.00,0.00,0.02,0.40
Wil Crowe,0.00,0.00,0.00,1.00,0.00,0.02,0.40
Wikelman Gonzalez,0.00,0.00,0.00,1.00,0.00,0.02,0.40
Wifrailyn Jaquez,0.00,0.00,0.00,1.00,0.00,0.02,0.40
Whilmer Guerra,0.00,0.00,0.00,1.00,0.00,0.02,0.40
Weston Eberly,0.00,0.00,0.00,1.00,0.00,0.02,0.40
Wesley Zapata,0.00,0.00,0.00,1.00,0.00,0.02,0.40
Wesley Scott,0.00,0.00,0.00,1.00,0.00,0.02,0.40
Wesley Moore,0.00,0.00,0.00,1.00,0.00,0.02,0.40
Weskendry Espinoza,0.00,0.00,0.00,1.00,0.00,0.02,0.40
Wes Robertson,0.00,0.00,0.00,1.00,0.00,0.02,0.40
Wes Parsons,0.00,0.00,0.00,1.00,0.00,0.02,0.40
Wes Clarke,0.00,0.00,0.00,1.00,0.00,0.02,0.40
Wilber Perez,0.00,0.00,0.00,1.00,0.00,0.02,0.40
Wes Benjamin,0.00,0.00,0.00,1.00,0.00,0.02,0.40
Werner Blakely,0.00,0.00,0.00,1.00,0.00,0.02,0.40
Wermer Pineda,0.00,0.00,0.00,1.00,0.00,0.02,0.40
Wenderlyn King,0.00,0.00,0.00,1.00,0.00,0.02,0.40
Wendell Rijo,0.00,0.00,0.00,1.00,0.00,0.02,0.40
Wendell Marrero,0.00,0.00,0.00,1.00,0.00,0.02,0.40
Wen-Hui Pan,0.00,0.00,0.00,1.00,0.00,0.02,0.40
Wellington Guzman,0.00,0.00,0.00,1.00,0.00,0.02,0.40
Wellington Diaz,0.00,0.00,0.00,1.00,0.00,0.02,0.40
Wellington Aracena,0.00,0.00,0.00,1.00,0.00,0.02,0.40
Welinton Herrera,0.00,0.00,0.00,1.00,0.00,0.02,0.40
Welington Quintero,0.00,0.00,0.00,1.00,0.00,0.02,0.40
Welbyn Francisca,0.00,0.00,0.00,1.00,0.00,0.02,0.40
Wilber Dotel,0.00,0.00,0.00,1.00,0.00,0.02,0.40
Wilber Sanchez,0.00,0.00,0.00,1.00,0.00,0.02,0.40
Will Gaddis,0.00,0.00,0.00,1.00,0.00,0.02,0.40
Wilkerman Munoz,0.00,0.00,0.00,1.00,0.00,0.02,0.40
Will Ethridge,0.00,0.00,0.00,1.00,0.00,0.02,0.40
Will Dion,0.00,0.00,0.00,1.00,0.00,0.02,0.40
Will Christophersen,0.00,0.00,0.00,1.00,0.00,0.02,0.40
Will Childers,0.00,0.00,0.00,1.00,0.00,0.02,0.40
Will Carter,0.00,0.00,0.00,1.00,0.00,0.02,0.40
Will Bush,0.00,0.00,0.00,1.00,0.00,0.02,0.40
Will Bednar,0.00,0.00,0.00,1.00,0.00,0.02,0.40
Will Bartlett,0.00,0.00,0.00,1.00,0.00,0.02,0.40
Will Banfield,0.00,0.00,0.00,1.00,0.00,0.02,0.40
Wilking Rodríguez,0.00,0.00,0.00,1.00,0.00,0.02,0.40
Wilkin Ramos,0.00,0.00,0.00,1.00,0.00,0.02,0.40
Wilkin Paredes,0.00,0.00,0.00,1.00,0.00,0.02,0.40
Wilkin Grullon,0.00,0.00,0.00,1.00,0.00,0.02,0.40
Wilker Reyes,0.00,0.00,0.00,1.00,0.00,0.02,0.40
Wilder Dalis,0.00,0.00,0.00,1.00,0.00,0.02,0.40
Wilkelma Castillo,0.00,0.00,0.00,1.00,0.00,0.02,0.40
Wilkel Hernandez,0.00,0.00,0.00,1.00,0.00,0.02,0.40
Wilian Trinidad,0.00,0.00,0.00,1.00,0.00,0.02,0.40
Wilian Bormie,0.00,0.00,0.00,1.00,0.00,0.02,0.40
Wilgenis Alvarado,0.00,0.00,0.00,1.00,0.00,0.02,0.40
Wilfri Castro,0.00,0.00,0.00,1.00,0.00,0.02,0.40
Wilfredo Pereira,0.00,0.00,0.00,1.00,0.00,0.02,0.40
Wilfredo Lara,0.00,0.00,0.00,1.00,0.00,0.02,0.40
Wilfredo Flores,0.00,0.00,0.00,1.00,0.00,0.02,0.40
Wilfredo Cordero,0.00,0.00,0.00,1.00,0.00,0.02,0.40
Wilfred Veras,0.00,0.00,0.00,1.00,0.00,0.02,0.40
Wilfred Alvarado,0.00,0.00,0.00,1.00,0.00,0.02,0.40
Wilderd Patiño,0.00,0.00,0.00,1.00,0.00,0.02,0.40
Wei-Chieh Huang,0.00,0.00,0.00,1.00,0.00,0.02,0.40
Waylin Santana,0.00,0.00,0.00,1.00,0.00,0.02,0.40
Warren Saunders,0.00,0.00,0.00,1.00,0.00,0.02,0.40
Vimael Machín,0.00,0.00,0.00,1.00,0.00,0.02,0.40
Víctor Arano,0.00,0.00,0.00,1.00,0.00,0.02,0.40
Vladimir Gutierrez,0.00,0.00,0.00,1.00,0.00,0.02,0.40
Vladimir Asencio,0.00,0.00,0.00,1.00,0.00,0.02,0.40
Vladi Guerrero,0.00,0.00,0.00,1.00,0.00,0.02,0.40
Vladi Gomez,0.00,0.00,0.00,1.00,0.00,0.02,0.40
Vito Friscia,0.00,0.00,0.00,1.00,0.00,0.02,0.40
Vitico Valdez,0.00,0.00,0.00,1.00,0.00,0.02,0.40
Vincent Perozo,0.00,0.00,0.00,1.00,0.00,0.02,0.40
Vince Vannelle,0.00,0.00,0.00,1.00,0.00,0.02,0.40
Vince Sanchez,0.00,0.00,0.00,1.00,0.00,0.02,0.40
Vince Reilly,0.00,0.00,0.00,1.00,0.00,0.02,0.40
Vince Fernandez,0.00,0.00,0.00,1.00,0.00,0.02,0.40
Vin Timpanelli,0.00,0.00,0.00,1.00,0.00,0.02,0.40
Victor Villanueva,0.00,0.00,0.00,1.00,0.00,0.02,0.40
Warming Bernabel,0.00,0.00,0.00,1.00,0.00,0.02,0.40
Victor Vargas,0.00,0.00,0.00,1.00,0.00,0.02,0.40
Victor Valera,0.00,0.00,0.00,1.00,0.00,0.02,0.40
Victor Torres,0.00,0.00,0.00,1.00,0.00,0.02,0.40
Victor Soteldo,0.00,0.00,0.00,1.00,0.00,0.02,0.40
Victor Simeon,0.00,0.00,0.00,1.00,0.00,0.02,0.40
Victor Santos,0.00,0.00,0.00,1.00,0.00,0.02,0.40
Victor Rodriguez,0.00,0.00,0.00,1.00,0.00,0.02,0.40
Victor Rodrigues,0.00,0.00,0.00,1.00,0.00,0.02,0.40
Victor Reyes,0.00,0.00,0.00,1.00,0.00,0.02,0.40
Victor Planchart,0.00,0.00,0.00,1.00,0.00,0.02,0.40
Victor Pena,0.00,0.00,0.00,1.00,0.00,0.02,0.40
Victor Ortega,0.00,0.00,0.00,1.00,0.00,0.02,0.40
Victor Nova,0.00,0.00,0.00,1.00,0.00,0.02,0.40
Wade Davis,0.00,0.00,0.00,1.00,0.00,0.02,0.40
Wade LeBlanc,0.00,0.00,0.00,1.00,0.00,0.02,0.40
Wade Stauss,0.00,0.00,0.00,1.00,0.00,0.02,0.40
Wady Mendez,0.00,0.00,0.00,1.00,0.00,0.02,0.40
Wardquelin Vasquez,0.00,0.00,0.00,1.00,0.00,0.02,0.40
Wanmer Ramirez,0.00,0.00,0.00,1.00,0.00,0.02,0.40
Waner Luciano,0.00,0.00,0.00,1.00,0.00,0.02,0.40
Wandy Abreu,0.00,0.00,0.00,1.00,0.00,0.02,0.40
Wandisson Charles,0.00,0.00,0.00,1.00,0.00,0.02,0.40
Wandi Montout,0.00,0.00,0.00,1.00,0.00,0.02,0.40
Wander Ventura,0.00,0.00,0.00,1.00,0.00,0.02,0.40
Wander Suero,0.00,0.00,0.00,1.00,0.00,0.02,0.40
Wander Severino,0.00,0.00,0.00,1.00,0.00,0.02,0.40
Wander Guante,0.00,0.00,0.00,1.00,0.00,0.02,0.40
Wander Franco,0.00,0.00,0.00,1.00,0.00,0.02,0.40
Wander Arias,0.00,0.00,0.00,1.00,0.00,0.02,0.40
Wande Torres,0.00,0.00,0.00,1.00,0.00,0.02,0.40
Walvin Mena,0.00,0.00,0.00,1.00,0.00,0.02,0.40
Walter Ford,0.00,0.00,0.00,1.00,0.00,0.02,0.40
Wally Soto,0.00,0.00,0.00,1.00,0.00,0.02,0.40
Walking Cabrera,0.00,0.00,0.00,1.00,0.00,0.02,0.40
Walker Powell,0.00,0.00,0.00,1.00,0.00,0.02,0.40
Walker Martin,0.00,0.00,0.00,1.00,0.00,0.02,0.40
Walker Jenkins,0.00,0.00,0.00,1.00,0.00,0.02,0.40
Walker Janek,0.00,0.00,0.00,1.00,0.00,0.02,0.40
Walker Brockhouse,0.00,0.00,0.00,1.00,0.00,0.02,0.40
Walin Castillo,0.00,0.00,0.00,1.00,0.00,0.02,0.40
Wali Pierre,0.00,0.00,0.00,1.00,0.00,0.02,0.40
Walbert Urena,0.00,0.00,0.00,1.00,0.00,0.02,0.40
Wagner Castillo,0.00,0.00,0.00,1.00,0.00,0.02,0.40
Wagnel Luna,0.00,0.00,0.00,1.00,0.00,0.02,0.40
Will Frizzell,0.00,0.00,0.00,1.00,0.00,0.02,0.40
Will Geerdes,0.00,0.00,0.00,1.00,0.00,0.02,0.40
Yariell Almanzar,0.00,0.00,0.00,1.00,0.00,0.02,0.40
Wuinder Torres,0.00,0.00,0.00,1.00,0.00,0.02,0.40
Wyatt Young,0.00,0.00,0.00,1.00,0.00,0.02,0.40
Wyatt Wendell,0.00,0.00,0.00,1.00,0.00,0.02,0.40
Wyatt Sparks,0.00,0.00,0.00,1.00,0.00,0.02,0.40
Wyatt Short,0.00,0.00,0.00,1.00,0.00,0.02,0.40
Wyatt Olds,0.00,0.00,0.00,1.00,0.00,0.02,0.40
Wyatt Mills,0.00,0.00,0.00,1.00,0.00,0.02,0.40
Wyatt Mathisen,0.00,0.00,0.00,1.00,0.00,0.02,0.40
Wyatt Hudepohl,0.00,0.00,0.00,1.00,0.00,0.02,0.40
Wyatt Hoffman,0.00,0.00,0.00,1.00,0.00,0.02,0.40
Wyatt Hendrie,0.00,0.00,0.00,1.00,0.00,0.02,0.40
Wyatt Crowell,0.00,0.00,0.00,1.00,0.00,0.02,0.40
Wyatt Crenshaw,0.00,0.00,0.00,1.00,0.00,0.02,0.40
Wyatt Cheney,0.00,0.00,0.00,1.00,0.00,0.02,0.40
Wuillians Herrera,0.00,0.00,0.00,1.00,0.00,0.02,0.40
Xander Hamilton,0.00,0.00,0.00,1.00,0.00,0.02,0.40
Wuilliams Rodriguez,0.00,0.00,0.00,1.00,0.00,0.02,0.40
Wuilfredo Antunez,0.00,0.00,0.00,1.00,0.00,0.02,0.40
Wuilberth Mendez,0.00,0.00,0.00,1.00,0.00,0.02,0.40
Wueslly Lespe,0.00,0.00,0.00,1.00,0.00,0.02,0.40
Wuardo Fernandez,0.00,0.00,0.00,1.00,0.00,0.02,0.40
Wooyeoul Shin,0.00,0.00,0.00,1.00,0.00,0.02,0.40
Woo-Suk Go,0.00,0.00,0.00,1.00,0.00,0.02,0.40
Won-Bin Cho,0.00,0.00,0.00,1.00,0.00,0.02,0.40
Wladimir Pinto,0.00,0.00,0.00,1.00,0.00,0.02,0.40
Wladimir Chalo,0.00,0.00,0.00,1.00,0.00,0.02,0.40
Winyer Chourio,0.00,0.00,0.00,1.00,0.00,0.02,0.40
Winston Santos,0.00,0.00,0.00,1.00,0.00,0.02,0.40
Winder Linares,0.00,0.00,0.00,1.00,0.00,0.02,0.40
Wynton Bernard,0.00,0.00,0.00,1.00,0.00,0.02,0.40
Xavier Casserilla,0.00,0.00,0.00,1.00,0.00,0.02,0.40
Will Harris,0.00,0.00,0.00,1.00,0.00,0.02,0.40
Yaikel Mijares,0.00,0.00,0.00,1.00,0.00,0.02,0.40
Yaqui Rivera,0.00,0.00,0.00,1.00,0.00,0.02,0.40
Yanzel Correa,0.00,0.00,0.00,1.00,0.00,0.02,0.40
Yansel Marine,0.00,0.00,0.00,1.00,0.00,0.02,0.40
Yanquiel Sanchez,0.00,0.00,0.00,1.00,0.00,0.02,0.40
Yannic Walther,0.00,0.00,0.00,1.00,0.00,0.02,0.40
Yannelbinson Lugo,0.00,0.00,0.00,1.00,0.00,0.02,0.40
Yandel Ricardo,0.00,0.00,0.00,1.00,0.00,0.02,0.40
Yancel Guerrero,0.00,0.00,0.00,1.00,0.00,0.02,0.40
Yan Contreras,0.00,0.00,0.00,1.00,0.00,0.02,0.40
Yamil Castillo,0.00,0.00,0.00,1.00,0.00,0.02,0.40
Yamal Encarnacion,0.00,0.00,0.00,1.00,0.00,0.02,0.40
Yaisel Ramos,0.00,0.00,0.00,1.00,0.00,0.02,0.40
Yairo Padilla,0.00,0.00,0.00,1.00,0.00,0.02,0.40
Yaifer Perdomo,0.00,0.00,0.00,1.00,0.00,0.02,0.40
Xavier Fernández,0.00,0.00,0.00,1.00,0.00,0.02,0.40
Yahil Melendez,0.00,0.00,0.00,1.00,0.00,0.02,0.40
Yafrerlyn Vasquez,0.00,0.00,0.00,1.00,0.00,0.02,0.40
Yael Romero,0.00,0.00,0.00,1.00,0.00,0.02,0.40
Yadimir Fuentes,0.00,0.00,0.00,1.00,0.00,0.02,0.40
Yadier Álvarez,0.00,0.00,0.00,1.00,0.00,0.02,0.40
Yadiel Batista,0.00,0.00,0.00,1.00,0.00,0.02,0.40
Yacksel Ríos,0.00,0.00,0.00,1.00,0.00,0.02,0.40
Xiomer Guacache,0.00,0.00,0.00,1.00,0.00,0.02,0.40
Xavier Ruiz,0.00,0.00,0.00,1.00,0.00,0.02,0.40
Xavier Moore,0.00,0.00,0.00,1.00,0.00,0.02,0.40
Xavier Meachem,0.00,0.00,0.00,1.00,0.00,0.02,0.40
Xavier Isaac,0.00,0.00,0.00,1.00,0.00,0.02,0.40
Xavier Guillen,0.00,0.00,0.00,1.00,0.00,0.02,0.40
Winder Diaz,0.00,0.00,0.00,1.00,0.00,0.02,0.40
Wily Peralta,0.00,0.00,0.00,1.00,0.00,0.02,0.40
Wilton Rondon,0.00,0.00,0.00,1.00,0.00,0.02,0.40
Will Varmette,0.00,0.00,0.00,1.00,0.00,0.02,0.40
Willian Berti,0.00,0.00,0.00,1.00,0.00,0.02,0.40
Williams Wong,0.00,0.00,0.00,1.00,0.00,0.02,0.40
William Woods,0.00,0.00,0.00,1.00,0.00,0.02,0.40
William Sullivan,0.00,0.00,0.00,1.00,0.00,0.02,0.40
William Simoneit,0.00,0.00,0.00,1.00,0.00,0.02,0.40
William Silva,0.00,0.00,0.00,1.00,0.00,0.02,0.40
William Lugo,0.00,0.00,0.00,1.00,0.00,0.02,0.40
William Kempner,0.00,0.00,0.00,1.00,0.00,0.02,0.40
William Fleming,0.00,0.00,0.00,1.00,0.00,0.02,0.40
William Cuevas,0.00,0.00,0.00,1.00,0.00,0.02,0.40
William Bergolla,0.00,0.00,0.00,1.00,0.00,0.02,0.40
Will Wilson,0.00,0.00,0.00,1.00,0.00,0.02,0.40
Will Verdung,0.00,0.00,0.00,1.00,0.00,0.02,0.40
Will Toffey,0.00,0.00,0.00,1.00,0.00,0.02,0.40
Wilton Lara,0.00,0.00,0.00,1.00,0.00,0.02,0.40
Will Stewart,0.00,0.00,0.00,1.00,0.00,0.02,0.40
Will Stevens,0.00,0.00,0.00,1.00,0.00,0.02,0.40
Will Simpson,0.00,0.00,0.00,1.00,0.00,0.02,0.40
Will Schomberg,0.00,0.00,0.00,1.00,0.00,0.02,0.40
Will Sanders,0.00,0.00,0.00,1.00,0.00,0.02,0.40
Will Rudy,0.00,0.00,0.00,1.00,0.00,0.02,0.40
Will Robertson,0.00,0.00,0.00,1.00,0.00,0.02,0.40
Will McGillis,0.00,0.00,0.00,1.00,0.00,0.02,0.40
Will McAffer,0.00,0.00,0.00,1.00,0.00,0.02,0.40
Will Mabrey,0.00,0.00,0.00,1.00,0.00,0.02,0.40
Will Kobos,0.00,0.00,0.00,1.00,0.00,0.02,0.40
Will Johnston,0.00,0.00,0.00,1.00,0.00,0.02,0.40
Will Holland,0.00,0.00,0.00,1.00,0.00,0.02,0.40
Willian Campos,0.00,0.00,0.00,1.00,0.00,0.02,0.40
Willian Colmenares,0.00,0.00,0.00,1.00,0.00,0.02,0.40
Willian Suarez,0.00,0.00,0.00,1.00,0.00,0.02,0.40
Williander Moreno,0.00,0.00,0.00,1.00,0.00,0.02,0.40
Wilton Castillo,0.00,0.00,0.00,1.00,0.00,0.02,0.40
Wilson Lopez,0.00,0.00,0.00,1.00,0.00,0.02,0.40
Wilson Garcia,0.00,0.00,0.00,1.00,0.00,0.02,0.40
Wilson Esterlin,0.00,0.00,0.00,1.00,0.00,0.02,0.40
Wilson Betemit Jr.,0.00,0.00,0.00,1.00,0.00,0.02,0.40
Wilny Moron,0.00,0.00,0.00,1.00,0.00,0.02,0.40
Wilmy Sanchez,0.00,0.00,0.00,1.00,0.00,0.02,0.40
Wilmis Paulino,0.00,0.00,0.00,1.00,0.00,0.02,0.40
Wilmin Candelario,0.00,0.00,0.00,1.00,0.00,0.02,0.40
Wilmeyber Penuela,0.00,0.00,0.00,1.00,0.00,0.02,0.40
Wilmer Ramirez,0.00,0.00,0.00,1.00,0.00,0.02,0.40
Wilmer Perez,0.00,0.00,0.00,1.00,0.00,0.02,0.40
Wilmer Ortega,0.00,0.00,0.00,1.00,0.00,0.02,0.40
Wilmer Lugo,0.00,0.00,0.00,1.00,0.00,0.02,0.40
Wilmer Feliciano,0.00,0.00,0.00,1.00,0.00,0.02,0.40
Wilmer Difo,0.00,0.00,0.00,1.00,0.00,0.02,0.40
Wilmer Blanco,0.00,0.00,0.00,1.00,0.00,0.02,0.40
Wilme Mora,0.00,0.00,0.00,1.00,0.00,0.02,0.40
Wilman Diaz,0.00,0.00,0.00,1.00,0.00,0.02,0.40
Willy Vasquez,0.00,0.00,0.00,1.00,0.00,0.02,0.40
Willy Taveras,0.00,0.00,0.00,1.00,0.00,0.02,0.40
Willy Montero,0.00,0.00,0.00,1.00,0.00,0.02,0.40
Willy Fanas,0.00,0.00,0.00,1.00,0.00,0.02,0.40
Willmer De La Cruz,0.00,0.00,0.00,1.00,0.00,0.02,0.40
Willie MacIver,0.00,0.00,0.00,1.00,0.00,0.02,0.40
Willie Joe Garry Jr.,0.00,0.00,0.00,1.00,0.00,0.02,0.40
Willie Carter,0.00,0.00,0.00,1.00,0.00,0.02,0.40
Sebastián De Los Santos,0.00,0.00,0.00,1.00,0.00,0.02,0.40
Sebastián  Rivero,0.00,0.00,0.00,1.00,0.00,0.02,0.40
Sebastian Walcott,0.00,0.00,0.00,1.00,0.00,0.02,0.40
Paulo Asprilla,0.00,0.00,0.00,1.00,0.00,0.02,0.40
Pedro Dalmagro,0.00,0.00,0.00,1.00,0.00,0.02,0.40
Pedro Da Costa Lemos,0.00,0.00,0.00,1.00,0.00,0.02,0.40
Pedro Catuy,0.00,0.00,0.00,1.00,0.00,0.02,0.40
Pedro Castellanos,0.00,0.00,0.00,1.00,0.00,0.02,0.40
Pedro Blanco,0.00,0.00,0.00,1.00,0.00,0.02,0.40
Pedro Almanzar,0.00,0.00,0.00,1.00,0.00,0.02,0.40
Pedro Alfonseca,0.00,0.00,0.00,1.00,0.00,0.02,0.40
Payton Martin,0.00,0.00,0.00,1.00,0.00,0.02,0.40
Payton Henry,0.00,0.00,0.00,1.00,0.00,0.02,0.40
Paxton Wallace,0.00,0.00,0.00,1.00,0.00,0.02,0.40
Paxton Thompson,0.00,0.00,0.00,1.00,0.00,0.02,0.40
Paxton Schultz,0.00,0.00,0.00,1.00,0.00,0.02,0.40
Paulshawn Pasqualotto,0.00,0.00,0.00,1.00,0.00,0.02,0.40
Paulino Santana,0.00,0.00,0.00,1.00,0.00,0.02,0.40
Pedro Figueroa,0.00,0.00,0.00,1.00,0.00,0.02,0.40
Paul Witt,0.00,0.00,0.00,1.00,0.00,0.02,0.40
Paul Wilson,0.00,0.00,0.00,1.00,0.00,0.02,0.40
Paul McIntosh,0.00,0.00,0.00,1.00,0.00,0.02,0.40
Paul Gervase,0.00,0.00,0.00,1.00,0.00,0.02,0.40
Paul Fry,0.00,0.00,0.00,1.00,0.00,0.02,0.40
Paul Chacon,0.00,0.00,0.00,1.00,0.00,0.02,0.40
Paul Campbell,0.00,0.00,0.00,1.00,0.00,0.02,0.40
Paul Bonzagni,0.00,0.00,0.00,1.00,0.00,0.02,0.40
Joseph Sequera,0.00,0.00,0.00,1.00,0.00,0.02,0.40
Patrick Wisdom,0.00,0.00,0.00,1.00,0.00,0.02,0.40
Patrick Winkel,0.00,0.00,0.00,1.00,0.00,0.02,0.40
Patrick Wicklander,0.00,0.00,0.00,1.00,0.00,0.02,0.40
Patrick Weigel,0.00,0.00,0.00,1.00,0.00,0.02,0.40
Pedro Fernandez,0.00,0.00,0.00,1.00,0.00,0.02,0.40
Pedro Garcia,0.00,0.00,0.00,1.00,0.00,0.02,0.40
Patrick Ruotolo,0.00,0.00,0.00,1.00,0.00,0.02,0.40
Pedro Tovar,0.00,0.00,0.00,1.00,0.00,0.02,0.40
Peyton Glavine,0.00,0.00,0.00,1.00,0.00,0.02,0.40
Peyton Burdick,0.00,0.00,0.00,1.00,0.00,0.02,0.40
Peyton Battenfield,0.00,0.00,0.00,1.00,0.00,0.02,0.40
Peyton Alford,0.00,0.00,0.00,1.00,0.00,0.02,0.40
Peter Van Loon,0.00,0.00,0.00,1.00,0.00,0.02,0.40
Peter Solomon,0.00,0.00,0.00,1.00,0.00,0.02,0.40
Peter Lambert,0.00,0.00,0.00,1.00,0.00,0.02,0.40
Peter Heubeck,0.00,0.00,0.00,1.00,0.00,0.02,0.40
Peter Burns,0.00,0.00,0.00,1.00,0.00,0.02,0.40
Peter Bonilla,0.00,0.00,0.00,1.00,0.00,0.02,0.40
Pete Hansen,0.00,0.00,0.00,1.00,0.00,0.02,0.40
Peniel Otano,0.00,0.00,0.00,1.00,0.00,0.02,0.40
Pedro Tucent,0.00,0.00,0.00,1.00,0.00,0.02,0.40
Pedro Severino,0.00,0.00,0.00,1.00,0.00,0.02,0.40
Pedro González,0.00,0.00,0.00,1.00,0.00,0.02,0.40
Pedro Santos,0.00,0.00,0.00,1.00,0.00,0.02,0.40
Pedro Santillan,0.00,0.00,0.00,1.00,0.00,0.02,0.40
Pedro Roque,0.00,0.00,0.00,1.00,0.00,0.02,0.40
Pedro Rodriguez,0.00,0.00,0.00,1.00,0.00,0.02,0.40
Pedro Reyes,0.00,0.00,0.00,1.00,0.00,0.02,0.40
Pedro Ramirez,0.00,0.00,0.00,1.00,0.00,0.02,0.40
Pedro Pineda,0.00,0.00,0.00,1.00,0.00,0.02,0.40
Pedro Peralta,0.00,0.00,0.00,1.00,0.00,0.02,0.40
Pedro Payano,0.00,0.00,0.00,1.00,0.00,0.02,0.40
Pedro Martinez,0.00,0.00,0.00,1.00,0.00,0.02,0.40
Pedro Marquez,0.00,0.00,0.00,1.00,0.00,0.02,0.40
Pedro Ibarguen,0.00,0.00,0.00,1.00,0.00,0.02,0.40
Pedro Hernandez,0.00,0.00,0.00,1.00,0.00,0.02,0.40
Patrick Smith,0.00,0.00,0.00,1.00,0.00,0.02,0.40
Patrick Romeri,0.00,0.00,0.00,1.00,0.00,0.02,0.40
Sebastian Keane,0.00,0.00,0.00,1.00,0.00,0.02,0.40
Oswaldo Osorio,0.00,0.00,0.00,1.00,0.00,0.02,0.40
PJ Poulin,0.00,0.00,0.00,1.00,0.00,0.02,0.40
P.J. Hilson,0.00,0.00,0.00,1.00,0.00,0.02,0.40
P.J. Higgins,0.00,0.00,0.00,1.00,0.00,0.02,0.40
Owen Wild,0.00,0.00,0.00,1.00,0.00,0.02,0.40
Owen Sharts,0.00,0.00,0.00,1.00,0.00,0.02,0.40
Owen Murphy,0.00,0.00,0.00,1.00,0.00,0.02,0.40
Owen Kellington,0.00,0.00,0.00,1.00,0.00,0.02,0.40
Owen Holt,0.00,0.00,0.00,1.00,0.00,0.02,0.40
Ovis Portes,0.00,0.00,0.00,1.00,0.00,0.02,0.40
Over Galue,0.00,0.00,0.00,1.00,0.00,0.02,0.40
Ovandy Frias,0.00,0.00,0.00,1.00,0.00,0.02,0.40
Otto Kemp,0.00,0.00,0.00,1.00,0.00,0.02,0.40
Oswaldo Patino,0.00,0.00,0.00,1.00,0.00,0.02,0.40
Oswaldo Linares,0.00,0.00,0.00,1.00,0.00,0.02,0.40
Pablo Aldonis,0.00,0.00,0.00,1.00,0.00,0.02,0.40
Oswaldo Ladera,0.00,0.00,0.00,1.00,0.00,0.02,0.40
Oswaldo Aponte,0.00,0.00,0.00,1.00,0.00,0.02,0.40
Oswald Medina,0.00,0.00,0.00,1.00,0.00,0.02,0.40
Oswal Rada,0.00,0.00,0.00,1.00,0.00,0.02,0.40
Osvaldo Tovalin,0.00,0.00,0.00,1.00,0.00,0.02,0.40
Osvaldo Hernandez,0.00,0.00,0.00,1.00,0.00,0.02,0.40
Osvaldo Heredia,0.00,0.00,0.00,1.00,0.00,0.02,0.40
Osvaldo De La Rosa,0.00,0.00,0.00,1.00,0.00,0.02,0.40
Osvaldo Berrios,0.00,0.00,0.00,1.00,0.00,0.02,0.40
Osmy Gregorio,0.00,0.00,0.00,1.00,0.00,0.02,0.40
Osiris Santana,0.00,0.00,0.00,1.00,0.00,0.02,0.40
Osiris Johnson,0.00,0.00,0.00,1.00,0.00,0.02,0.40
Osiris German,0.00,0.00,0.00,1.00,0.00,0.02,0.40
PK Morris,0.00,0.00,0.00,1.00,0.00,0.02,0.40
Pablo Aliendo,0.00,0.00,0.00,1.00,0.00,0.02,0.40
Patrick Reilly,0.00,0.00,0.00,1.00,0.00,0.02,0.40
Pascual Archila,0.00,0.00,0.00,1.00,0.00,0.02,0.40
Patrick Pridgen,0.00,0.00,0.00,1.00,0.00,0.02,0.40
Patrick Maybach,0.00,0.00,0.00,1.00,0.00,0.02,0.40
Patrick Lee,0.00,0.00,0.00,1.00,0.00,0.02,0.40
Patrick Kivlehan,0.00,0.00,0.00,1.00,0.00,0.02,0.40
Patrick Halligan,0.00,0.00,0.00,1.00,0.00,0.02,0.40
Patrick Frick,0.00,0.00,0.00,1.00,0.00,0.02,0.40
Patrick Dorrian,0.00,0.00,0.00,1.00,0.00,0.02,0.40
Patrick Copen,0.00,0.00,0.00,1.00,0.00,0.02,0.40
Patricio Ress,0.00,0.00,0.00,1.00,0.00,0.02,0.40
Patricio Aquino,0.00,0.00,0.00,1.00,0.00,0.02,0.40
Pat Valaika,0.00,0.00,0.00,1.00,0.00,0.02,0.40
Pat Gallagher,0.00,0.00,0.00,1.00,0.00,0.02,0.40
Pat DeMarco,0.00,0.00,0.00,1.00,0.00,0.02,0.40
Pascanel Ferreras,0.00,0.00,0.00,1.00,0.00,0.02,0.40
Pablo Arosemena,0.00,0.00,0.00,1.00,0.00,0.02,0.40
Parker Messick,0.00,0.00,0.00,1.00,0.00,0.02,0.40
Parker Markel,0.00,0.00,0.00,1.00,0.00,0.02,0.40
Parker Harm,0.00,0.00,0.00,1.00,0.00,0.02,0.40
Parker Dunshee,0.00,0.00,0.00,1.00,0.00,0.02,0.40
Parker Chavers,0.00,0.00,0.00,1.00,0.00,0.02,0.40
Parker Caracci,0.00,0.00,0.00,1.00,0.00,0.02,0.40
Parker Bugg,0.00,0.00,0.00,1.00,0.00,0.02,0.40
Paris Johnson,0.00,0.00,0.00,1.00,0.00,0.02,0.40
Palmer Wenzel,0.00,0.00,0.00,1.00,0.00,0.02,0.40
Pablo Reyes,0.00,0.00,0.00,1.00,0.00,0.02,0.40
Pablo Mujica,0.00,0.00,0.00,1.00,0.00,0.02,0.40
Pablo Guerrero,0.00,0.00,0.00,1.00,0.00,0.02,0.40
Pablo Garabitos,0.00,0.00,0.00,1.00,0.00,0.02,0.40
Peyton Graham,0.00,0.00,0.00,1.00,0.00,0.02,0.40
Peyton Pallette,0.00,0.00,0.00,1.00,0.00,0.02,0.40
Peyton Plumlee,0.00,0.00,0.00,1.00,0.00,0.02,0.40
Rainer Nunez,0.00,0.00,0.00,1.00,0.00,0.02,0.40
Ramon Peralta,0.00,0.00,0.00,1.00,0.00,0.02,0.40
Ramon Moreno,0.00,0.00,0.00,1.00,0.00,0.02,0.40
Ramon Mendoza,0.00,0.00,0.00,1.00,0.00,0.02,0.40
Ramon Landaeta,0.00,0.00,0.00,1.00,0.00,0.02,0.40
Ramon Henriquez,0.00,0.00,0.00,1.00,0.00,0.02,0.40
Ramon Cuevas,0.00,0.00,0.00,1.00,0.00,0.02,0.40
Ramiro Dominguez,0.00,0.00,0.00,1.00,0.00,0.02,0.40
Ramiro Altagracia,0.00,0.00,0.00,1.00,0.00,0.02,0.40
Ralphy Velazquez,0.00,0.00,0.00,1.00,0.00,0.02,0.40
Ralph Garza Jr.,0.00,0.00,0.00,1.00,0.00,0.02,0.40
Rainiery Rodriguez,0.00,0.00,0.00,1.00,0.00,0.02,0.40
Rainiel Rodriguez,0.00,0.00,0.00,1.00,0.00,0.02,0.40
Rainer Reyes,0.00,0.00,0.00,1.00,0.00,0.02,0.40
Raimy Rodriguez,0.00,0.00,0.00,1.00,0.00,0.02,0.40
Ramon Ramirez,0.00,0.00,0.00,1.00,0.00,0.02,0.40
Raimundo De Los Santos,0.00,0.00,0.00,1.00,0.00,0.02,0.40
Raimon Gomez,0.00,0.00,0.00,1.00,0.00,0.02,0.40
Raimfer Salinas,0.00,0.00,0.00,1.00,0.00,0.02,0.40
Raimel Tapia,0.00,0.00,0.00,1.00,0.00,0.02,0.40
Raimel Medina,0.00,0.00,0.00,1.00,0.00,0.02,0.40
Raily Liriano,0.00,0.00,0.00,1.00,0.00,0.02,0.40
Railin Tejada,0.00,0.00,0.00,1.00,0.00,0.02,0.40
Railin Tea,0.00,0.00,0.00,1.00,0.00,0.02,0.40
Railin Perez,0.00,0.00,0.00,1.00,0.00,0.02,0.40
Railin Familia,0.00,0.00,0.00,1.00,0.00,0.02,0.40
Raidel Martinez,0.00,0.00,0.00,1.00,0.00,0.02,0.40
Rafy Peguero,0.00,0.00,0.00,1.00,0.00,0.02,0.40
Rafhlmil Torres,0.00,0.00,0.00,1.00,0.00,0.02,0.40
Ramon Perez,0.00,0.00,0.00,1.00,0.00,0.02,0.40
Ramon Sanchez,0.00,0.00,0.00,1.00,0.00,0.02,0.40
Peyton Remy,0.00,0.00,0.00,1.00,0.00,0.02,0.40
Randy Perea,0.00,0.00,0.00,1.00,0.00,0.02,0.40
Ray Garrett,0.00,0.00,0.00,1.00,0.00,0.02,0.40
Ray Gaither,0.00,0.00,0.00,1.00,0.00,0.02,0.40
Raul Guzman,0.00,0.00,0.00,1.00,0.00,0.02,0.40
Raul Brito,0.00,0.00,0.00,1.00,0.00,0.02,0.40
Raudy Rivera,0.00,0.00,0.00,1.00,0.00,0.02,0.40
Raudy Gomez,0.00,0.00,0.00,1.00,0.00,0.02,0.40
Raudy De Los Santos,0.00,0.00,0.00,1.00,0.00,0.02,0.40
Raudelis Martinez,0.00,0.00,0.00,1.00,0.00,0.02,0.40
Rashawn Pinder,0.00,0.00,0.00,1.00,0.00,0.02,0.40
Ranwell Smith,0.00,0.00,0.00,1.00,0.00,0.02,0.40
Randy Wynne,0.00,0.00,0.00,1.00,0.00,0.02,0.40
Randy Vasquez,0.00,0.00,0.00,1.00,0.00,0.02,0.40
Randy Soto,0.00,0.00,0.00,1.00,0.00,0.02,0.40
Randy Martinez,0.00,0.00,0.00,1.00,0.00,0.02,0.40
Ramses Malave,0.00,0.00,0.00,1.00,0.00,0.02,0.40
Randy Lara,0.00,0.00,0.00,1.00,0.00,0.02,0.40
Randy Labaut,0.00,0.00,0.00,1.00,0.00,0.02,0.40
Randy Guzman,0.00,0.00,0.00,1.00,0.00,0.02,0.40
Randy Florentino,0.00,0.00,0.00,1.00,0.00,0.02,0.40
Randy De Jesus,0.00,0.00,0.00,1.00,0.00,0.02,0.40
Randy Berigüete,0.00,0.00,0.00,1.00,0.00,0.02,0.40
Randy Bednar,0.00,0.00,0.00,1.00,0.00,0.02,0.40
Randry De Leon,0.00,0.00,0.00,1.00,0.00,0.02,0.40
Randel Mondesi,0.00,0.00,0.00,1.00,0.00,0.02,0.40
Randel Clemente,0.00,0.00,0.00,1.00,0.00,0.02,0.40
Rancel Duarte,0.00,0.00,0.00,1.00,0.00,0.02,0.40
Ramón Rodríguez,0.00,0.00,0.00,1.00,0.00,0.02,0.40
Ramses Velazquez,0.00,0.00,0.00,1.00,0.00,0.02,0.40
Raffi Vizcaíno,0.00,0.00,0.00,1.00,0.00,0.02,0.40
Rafelin Nivar,0.00,0.00,0.00,1.00,0.00,0.02,0.40
Rafael Suero,0.00,0.00,0.00,1.00,0.00,0.02,0.40
Pierce Bennett,0.00,0.00,0.00,1.00,0.00,0.02,0.40
Quincy Scott,0.00,0.00,0.00,1.00,0.00,0.02,0.40
Quincy Nieporte,0.00,0.00,0.00,1.00,0.00,0.02,0.40
Quincy McAfee,0.00,0.00,0.00,1.00,0.00,0.02,0.40
Quin Cotton,0.00,0.00,0.00,1.00,0.00,0.02,0.40
Queni Pineda,0.00,0.00,0.00,1.00,0.00,0.02,0.40
Preston Tucker,0.00,0.00,0.00,1.00,0.00,0.02,0.40
Preston Price,0.00,0.00,0.00,1.00,0.00,0.02,0.40
Preston Palmeiro,0.00,0.00,0.00,1.00,0.00,0.02,0.40
Preston Johnson,0.00,0.00,0.00,1.00,0.00,0.02,0.40
Poncho Ruiz,0.00,0.00,0.00,1.00,0.00,0.02,0.40
Po-Yu Chen,0.00,0.00,0.00,1.00,0.00,0.02,0.40
Pitterson Rosa,0.00,0.00,0.00,1.00,0.00,0.02,0.40
Pierson Ohl,0.00,0.00,0.00,1.00,0.00,0.02,0.40
Pierce Banks,0.00,0.00,0.00,1.00,0.00,0.02,0.40
Rafael Sanchez,0.00,0.00,0.00,1.00,0.00,0.02,0.40
Pier-Olivier Boucher,0.00,0.00,0.00,1.00,0.00,0.02,0.40
Phoenix Sanders,0.00,0.00,0.00,1.00,0.00,0.02,0.40
Phillips Valdez,0.00,0.00,0.00,1.00,0.00,0.02,0.40
Phillip Sikes,0.00,0.00,0.00,1.00,0.00,0.02,0.40
Phillip Glasser,0.00,0.00,0.00,1.00,0.00,0.02,0.40
Phillip Diehl,0.00,0.00,0.00,1.00,0.00,0.02,0.40
Phillando Williams,0.00,0.00,0.00,1.00,0.00,0.02,0.40
Philip Abner,0.00,0.00,0.00,1.00,0.00,0.02,0.40
Phil Gosselin,0.00,0.00,0.00,1.00,0.00,0.02,0.40
Phil Clarke,0.00,0.00,0.00,1.00,0.00,0.02,0.40
Peyton Wilson,0.00,0.00,0.00,1.00,0.00,0.02,0.40
Peyton Williams,0.00,0.00,0.00,1.00,0.00,0.02,0.40
Peyton Stumbo,0.00,0.00,0.00,1.00,0.00,0.02,0.40
Quinn Brodey,0.00,0.00,0.00,1.00,0.00,0.02,0.40
Quinn Gudaitis,0.00,0.00,0.00,1.00,0.00,0.02,0.40
Quinn McDaniel,0.00,0.00,0.00,1.00,0.00,0.02,0.40
Quinton Low,0.00,0.00,0.00,1.00,0.00,0.02,0.40
Rafael Ramirez Jr.,0.00,0.00,0.00,1.00,0.00,0.02,0.40
Rafael Ramirez,0.00,0.00,0.00,1.00,0.00,0.02,0.40
Rafael Ortega,0.00,0.00,0.00,1.00,0.00,0.02,0.40
Rafael Ohashi,0.00,0.00,0.00,1.00,0.00,0.02,0.40
Rafael Morel,0.00,0.00,0.00,1.00,0.00,0.02,0.40
Rafael Mendez,0.00,0.00,0.00,1.00,0.00,0.02,0.40
Rafael Medina,0.00,0.00,0.00,1.00,0.00,0.02,0.40
Rafael Martinez,0.00,0.00,0.00,1.00,0.00,0.02,0.40
Rafael Marcano,0.00,0.00,0.00,1.00,0.00,0.02,0.40
Rafael Lantigua,0.00,0.00,0.00,1.00,0.00,0.02,0.40
Rafael Gonzalez,0.00,0.00,0.00,1.00,0.00,0.02,0.40
Rafael Flores,0.00,0.00,0.00,1.00,0.00,0.02,0.40
Rafael Escalante,0.00,0.00,0.00,1.00,0.00,0.02,0.40
Rafael Dolis,0.00,0.00,0.00,1.00,0.00,0.02,0.40
Rafael Cruz,0.00,0.00,0.00,1.00,0.00,0.02,0.40
Rafael Castillo,0.00,0.00,0.00,1.00,0.00,0.02,0.40
Rafael Alvarez,0.00,0.00,0.00,1.00,0.00,0.02,0.40
Rael Santos,0.00,0.00,0.00,1.00,0.00,0.02,0.40
Rabel Colon,0.00,0.00,0.00,1.00,0.00,0.02,0.40
RJ Schreck,0.00,0.00,0.00,1.00,0.00,0.02,0.40
RJ Petit,0.00,0.00,0.00,1.00,0.00,0.02,0.40
R.J. Yeager,0.00,0.00,0.00,1.00,0.00,0.02,0.40
R.J. Freure,0.00,0.00,0.00,1.00,0.00,0.02,0.40
R.J. Dabovich,0.00,0.00,0.00,1.00,0.00,0.02,0.40
R.J. Alvarez,0.00,0.00,0.00,1.00,0.00,0.02,0.40
R.J. Alaniz,0.00,0.00,0.00,1.00,0.00,0.02,0.40
Quinton Martinez,0.00,0.00,0.00,1.00,0.00,0.02,0.40
Osiel Rodriguez,0.00,0.00,0.00,1.00,0.00,0.02,0.40
Oscar Silverio,0.00,0.00,0.00,1.00,0.00,0.02,0.40
Oscar Santos,0.00,0.00,0.00,1.00,0.00,0.02,0.40
Nick Gallagher,0.00,0.00,0.00,1.00,0.00,0.02,0.40
Nick Lorusso,0.00,0.00,0.00,1.00,0.00,0.02,0.40
Nick Lockhart,0.00,0.00,0.00,1.00,0.00,0.02,0.40
Nick Kuzia,0.00,0.00,0.00,1.00,0.00,0.02,0.40
Nick Krauth,0.00,0.00,0.00,1.00,0.00,0.02,0.40
Nick Kennedy,0.00,0.00,0.00,1.00,0.00,0.02,0.40
Nick Kahle,0.00,0.00,0.00,1.00,0.00,0.02,0.40
Nick Jones,0.00,0.00,0.00,1.00,0.00,0.02,0.40
Nick Hull,0.00,0.00,0.00,1.00,0.00,0.02,0.40
Nick Howard,0.00,0.00,0.00,1.00,0.00,0.02,0.40
Nick Highberger,0.00,0.00,0.00,1.00,0.00,0.02,0.40
Nick Goodwin,0.00,0.00,0.00,1.00,0.00,0.02,0.40
Nick Gile,0.00,0.00,0.00,1.00,0.00,0.02,0.40
Nick Garcia,0.00,0.00,0.00,1.00,0.00,0.02,0.40
Nick Fraze,0.00,0.00,0.00,1.00,0.00,0.02,0.40
Nick Margevicius,0.00,0.00,0.00,1.00,0.00,0.02,0.40
Nick Ernst,0.00,0.00,0.00,1.00,0.00,0.02,0.40
Nick Duron,0.00,0.00,0.00,1.00,0.00,0.02,0.40
Nick Dunn,0.00,0.00,0.00,1.00,0.00,0.02,0.40
Nick Dombkowski,0.00,0.00,0.00,1.00,0.00,0.02,0.40
Nick Dini,0.00,0.00,0.00,1.00,0.00,0.02,0.40
Nick Decker,0.00,0.00,0.00,1.00,0.00,0.02,0.40
Nick Dean,0.00,0.00,0.00,1.00,0.00,0.02,0.40
Nick Davila,0.00,0.00,0.00,1.00,0.00,0.02,0.40
Nick Dalesandro,0.00,0.00,0.00,1.00,0.00,0.02,0.40
Nick Clarno,0.00,0.00,0.00,1.00,0.00,0.02,0.40
Nick Cimillo,0.00,0.00,0.00,1.00,0.00,0.02,0.40
Nick Bush,0.00,0.00,0.00,1.00,0.00,0.02,0.40
Nick Burdi,0.00,0.00,0.00,1.00,0.00,0.02,0.40
Nick Lucky,0.00,0.00,0.00,1.00,0.00,0.02,0.40
Nick Martini,0.00,0.00,0.00,1.00,0.00,0.02,0.40
Nick Tropeano,0.00,0.00,0.00,1.00,0.00,0.02,0.40
Nick Raquet,0.00,0.00,0.00,1.00,0.00,0.02,0.40
Nick Thwaits,0.00,0.00,0.00,1.00,0.00,0.02,0.40
Nick Tanielu,0.00,0.00,0.00,1.00,0.00,0.02,0.40
Nick Swiney,0.00,0.00,0.00,1.00,0.00,0.02,0.40
Nick Starr,0.00,0.00,0.00,1.00,0.00,0.02,0.40
Nick Solak,0.00,0.00,0.00,1.00,0.00,0.02,0.40
Nick Snyder,0.00,0.00,0.00,1.00,0.00,0.02,0.40
Nick Sinacola,0.00,0.00,0.00,1.00,0.00,0.02,0.40
Nick Shumpert,0.00,0.00,0.00,1.00,0.00,0.02,0.40
Nick Schwartz,0.00,0.00,0.00,1.00,0.00,0.02,0.40
Nick Schnell,0.00,0.00,0.00,1.00,0.00,0.02,0.40
Nick Sando,0.00,0.00,0.00,1.00,0.00,0.02,0.40
Nick Roth,0.00,0.00,0.00,1.00,0.00,0.02,0.40
Nick Richmond,0.00,0.00,0.00,1.00,0.00,0.02,0.40
Nick Raposo,0.00,0.00,0.00,1.00,0.00,0.02,0.40
Nick Merkel,0.00,0.00,0.00,1.00,0.00,0.02,0.40
Nick Ramirez,0.00,0.00,0.00,1.00,0.00,0.02,0.40
Nick Pogue,0.00,0.00,0.00,1.00,0.00,0.02,0.40
Nick Podkul,0.00,0.00,0.00,1.00,0.00,0.02,0.40
Nick Plummer,0.00,0.00,0.00,1.00,0.00,0.02,0.40
Nick Peoples,0.00,0.00,0.00,1.00,0.00,0.02,0.40
Nick Payero,0.00,0.00,0.00,1.00,0.00,0.02,0.40
Nick Paciorek,0.00,0.00,0.00,1.00,0.00,0.02,0.40
Nick Neidert,0.00,0.00,0.00,1.00,0.00,0.02,0.40
Nick Morreale,0.00,0.00,0.00,1.00,0.00,0.02,0.40
Nick Morabito,0.00,0.00,0.00,1.00,0.00,0.02,0.40
Nick Mondak,0.00,0.00,0.00,1.00,0.00,0.02,0.40
Nick Mikolajchak,0.00,0.00,0.00,1.00,0.00,0.02,0.40
Nick Meyer,0.00,0.00,0.00,1.00,0.00,0.02,0.40
Nick Bitsko,0.00,0.00,0.00,1.00,0.00,0.02,0.40
Nick Biddison,0.00,0.00,0.00,1.00,0.00,0.02,0.40
Nick Bennett,0.00,0.00,0.00,1.00,0.00,0.02,0.40
Nathanael Cruz,0.00,0.00,0.00,1.00,0.00,0.02,0.40
Nelfy Ynfante,0.00,0.00,0.00,1.00,0.00,0.02,0.40
Nelfri Payano,0.00,0.00,0.00,1.00,0.00,0.02,0.40
Nelfri Contreras,0.00,0.00,0.00,1.00,0.00,0.02,0.40
Neiver Acosta,0.00,0.00,0.00,1.00,0.00,0.02,0.40
Neifi Vasquez,0.00,0.00,0.00,1.00,0.00,0.02,0.40
Nehomar Ochoa Jr.,0.00,0.00,0.00,1.00,0.00,0.02,0.40
Nazzan Zanetello,0.00,0.00,0.00,1.00,0.00,0.02,0.40
Nazier Mulé,0.00,0.00,0.00,1.00,0.00,0.02,0.40
Nathaniel Ochoa Leyva,0.00,0.00,0.00,1.00,0.00,0.02,0.40
Nathanael Rodriguez,0.00,0.00,0.00,1.00,0.00,0.02,0.40
Nathanael Perez Lopez,0.00,0.00,0.00,1.00,0.00,0.02,0.40
Nathanael Perez Gonzalez,0.00,0.00,0.00,1.00,0.00,0.02,0.40
Nathanael Heredia,0.00,0.00,0.00,1.00,0.00,0.02,0.40
Nathan Witt,0.00,0.00,0.00,1.00,0.00,0.02,0.40
Nick Bautista III,0.00,0.00,0.00,1.00,0.00,0.02,0.40
Nathan Wiles,0.00,0.00,0.00,1.00,0.00,0.02,0.40
Nathan Webb,0.00,0.00,0.00,1.00,0.00,0.02,0.40
Nathan Martorella,0.00,0.00,0.00,1.00,0.00,0.02,0.40
Nathan Landry,0.00,0.00,0.00,1.00,0.00,0.02,0.40
Nathan Kirby,0.00,0.00,0.00,1.00,0.00,0.02,0.40
Nathan Karaffa,0.00,0.00,0.00,1.00,0.00,0.02,0.40
Nathan Hickey,0.00,0.00,0.00,1.00,0.00,0.02,0.40
Nathan Church,0.00,0.00,0.00,1.00,0.00,0.02,0.40
Nathan Burns,0.00,0.00,0.00,1.00,0.00,0.02,0.40
Nate Tellier,0.00,0.00,0.00,1.00,0.00,0.02,0.40
Nate Soria,0.00,0.00,0.00,1.00,0.00,0.02,0.40
Nate Savino,0.00,0.00,0.00,1.00,0.00,0.02,0.40
Nate Rombach,0.00,0.00,0.00,1.00,0.00,0.02,0.40
Nelly Taylor,0.00,0.00,0.00,1.00,0.00,0.02,0.40
Nelson Aranguren,0.00,0.00,0.00,1.00,0.00,0.02,0.40
Nelson Beltran,0.00,0.00,0.00,1.00,0.00,0.02,0.40
Nelson L. Alvarez,0.00,0.00,0.00,1.00,0.00,0.02,0.40
Nick Banks,0.00,0.00,0.00,1.00,0.00,0.02,0.40
Nick Avila,0.00,0.00,0.00,1.00,0.00,0.02,0.40
Nick Altermatt,0.00,0.00,0.00,1.00,0.00,0.02,0.40
Nick Allgeyer,0.00,0.00,0.00,1.00,0.00,0.02,0.40
Nicholas Regalado,0.00,0.00,0.00,1.00,0.00,0.02,0.40
Nicholas Padilla,0.00,0.00,0.00,1.00,0.00,0.02,0.40
Nicholas Northcut,0.00,0.00,0.00,1.00,0.00,0.02,0.40
Nicandro Aybar,0.00,0.00,0.00,1.00,0.00,0.02,0.40
Nic Swanson,0.00,0.00,0.00,1.00,0.00,0.02,0.40
Nic Kent,0.00,0.00,0.00,1.00,0.00,0.02,0.40
Neyfy Castillo,0.00,0.00,0.00,1.00,0.00,0.02,0.40
Ney Serrano,0.00,0.00,0.00,1.00,0.00,0.02,0.40
Newremberg Rondon,0.00,0.00,0.00,1.00,0.00,0.02,0.40
Neurelin Montero,0.00,0.00,0.00,1.00,0.00,0.02,0.40
Nestor Urbina,0.00,0.00,0.00,1.00,0.00,0.02,0.40
Nestor Lorant,0.00,0.00,0.00,1.00,0.00,0.02,0.40
Nestor German,0.00,0.00,0.00,1.00,0.00,0.02,0.40
Nestor Chevalier,0.00,0.00,0.00,1.00,0.00,0.02,0.40
Nerwilian Cedeño,0.00,0.00,0.00,1.00,0.00,0.02,0.40
Nerio Rodriguez,0.00,0.00,0.00,1.00,0.00,0.02,0.40
Neraldo Catalina,0.00,0.00,0.00,1.00,0.00,0.02,0.40
Nelvis Ochoa,0.00,0.00,0.00,1.00,0.00,0.02,0.40
Nelvin Correa,0.00,0.00,0.00,1.00,0.00,0.02,0.40
Nelson Rada,0.00,0.00,0.00,1.00,0.00,0.02,0.40
Nelson Quiroz,0.00,0.00,0.00,1.00,0.00,0.02,0.40
Nelson Medina,0.00,0.00,0.00,1.00,0.00,0.02,0.40
Nelson Marin,0.00,0.00,0.00,1.00,0.00,0.02,0.40
Nick Trogrlic-Iverson,0.00,0.00,0.00,1.00,0.00,0.02,0.40
Nick Vespi,0.00,0.00,0.00,1.00,0.00,0.02,0.40
Oscar Romero,0.00,0.00,0.00,1.00,0.00,0.02,0.40
Oliver Carrillo,0.00,0.00,0.00,1.00,0.00,0.02,0.40
Omar Gonzalez,0.00,0.00,0.00,1.00,0.00,0.02,0.40
Omar Florentino,0.00,0.00,0.00,1.00,0.00,0.02,0.40
Omar Estévez,0.00,0.00,0.00,1.00,0.00,0.02,0.40
Omar De Los Santos,0.00,0.00,0.00,1.00,0.00,0.02,0.40
Omar Alfonzo,0.00,0.00,0.00,1.00,0.00,0.02,0.40
Olmandi Diaz,0.00,0.00,0.00,1.00,0.00,0.02,0.40
Olivier Basabe,0.00,0.00,0.00,1.00,0.00,0.02,0.40
Oliver Tejada,0.00,0.00,0.00,1.00,0.00,0.02,0.40
Oliver Ortega,0.00,0.00,0.00,1.00,0.00,0.02,0.40
Oliver Mateo,0.00,0.00,0.00,1.00,0.00,0.02,0.40
Oliver Garcia,0.00,0.00,0.00,1.00,0.00,0.02,0.40
Oliver Eusebio,0.00,0.00,0.00,1.00,0.00,0.02,0.40
Oliver Cedeno,0.00,0.00,0.00,1.00,0.00,0.02,0.40
Oliver Camilo,0.00,0.00,0.00,1.00,0.00,0.02,0.40
Omar Martinez,0.00,0.00,0.00,1.00,0.00,0.02,0.40
Ofreidy Gómez,0.00,0.00,0.00,1.00,0.00,0.02,0.40
Ofelky Peralta,0.00,0.00,0.00,1.00,0.00,0.02,0.40
Odrisamer Despaigne,0.00,0.00,0.00,1.00,0.00,0.02,0.40
Oddanier Mosqueda,0.00,0.00,0.00,1.00,0.00,0.02,0.40
Odarlin Cruz,0.00,0.00,0.00,1.00,0.00,0.02,0.40
Odalys Peguero,0.00,0.00,0.00,1.00,0.00,0.02,0.40
Odalvi Javier,0.00,0.00,0.00,1.00,0.00,0.02,0.40
Ocean Gabonia,0.00,0.00,0.00,1.00,0.00,0.02,0.40
Nyan Hernandez,0.00,0.00,0.00,1.00,0.00,0.02,0.40
Noé Ramirez,0.00,0.00,0.00,1.00,0.00,0.02,0.40
Norwith Gudiño,0.00,0.00,0.00,1.00,0.00,0.02,0.40
Norkis Marcos,0.00,0.00,0.00,1.00,0.00,0.02,0.40
Norichika Aoki,0.00,0.00,0.00,1.00,0.00,0.02,0.40
Omar Hernandez,0.00,0.00,0.00,1.00,0.00,0.02,0.40
Omar Mejia,0.00,0.00,0.00,1.00,0.00,0.02,0.40
Nick Vincent,0.00,0.00,0.00,1.00,0.00,0.02,0.40
Orlando Gonzalez,0.00,0.00,0.00,1.00,0.00,0.02,0.40
Oscar Rojas,0.00,0.00,0.00,1.00,0.00,0.02,0.40
Oscar Rayo,0.00,0.00,0.00,1.00,0.00,0.02,0.40
Oscar Paredes,0.00,0.00,0.00,1.00,0.00,0.02,0.40
Oscar Moreta,0.00,0.00,0.00,1.00,0.00,0.02,0.40
Oscar Colina,0.00,0.00,0.00,1.00,0.00,0.02,0.40
Oscar Cedeno,0.00,0.00,0.00,1.00,0.00,0.02,0.40
Oscar Aponte,0.00,0.00,0.00,1.00,0.00,0.02,0.40
Osbriel Mogollon,0.00,0.00,0.00,1.00,0.00,0.02,0.40
Orlando Suarez,0.00,0.00,0.00,1.00,0.00,0.02,0.40
Orlando Rodriguez,0.00,0.00,0.00,1.00,0.00,0.02,0.40
Orlando Pacheco,0.00,0.00,0.00,1.00,0.00,0.02,0.40
Orlando Ortiz-Mayr,0.00,0.00,0.00,1.00,0.00,0.02,0.40
Orlando Martinez,0.00,0.00,0.00,1.00,0.00,0.02,0.40
Orlando Gil,0.00,0.00,0.00,1.00,0.00,0.02,0.40
Omar Meregildo,0.00,0.00,0.00,1.00,0.00,0.02,0.40
Orlando Barrios,0.00,0.00,0.00,1.00,0.00,0.02,0.40
Oriel Castro,0.00,0.00,0.00,1.00,0.00,0.02,0.40
Onix Vega,0.00,0.00,0.00,1.00,0.00,0.02,0.40
Onil Perez,0.00,0.00,0.00,1.00,0.00,0.02,0.40
Onias Jimenez,0.00,0.00,0.00,1.00,0.00,0.02,0.40
Oneill Manzueta,0.00,0.00,0.00,1.00,0.00,0.02,0.40
Omari Daniel,0.00,0.00,0.00,1.00,0.00,0.02,0.40
Omar Yanez,0.00,0.00,0.00,1.00,0.00,0.02,0.40
Omar Victorino,0.00,0.00,0.00,1.00,0.00,0.02,0.40
Omar Urbina,0.00,0.00,0.00,1.00,0.00,0.02,0.40
Omar Reyes,0.00,0.00,0.00,1.00,0.00,0.02,0.40
Omar Nuel,0.00,0.00,0.00,1.00,0.00,0.02,0.40
Omar Munoz,0.00,0.00,0.00,1.00,0.00,0.02,0.40
Norge Vera,0.00,0.00,0.00,1.00,0.00,0.02,0.40
Norge Ruiz,0.00,0.00,0.00,1.00,0.00,0.02,0.40
Norbis Diaz,0.00,0.00,0.00,1.00,0.00,0.02,0.40
Niko Decolati,0.00,0.00,0.00,1.00,0.00,0.02,0.40
Noah Gotsis,0.00,0.00,0.00,1.00,0.00,0.02,0.40
Noah Denoyer,0.00,0.00,0.00,1.00,0.00,0.02,0.40
Noah Dean,0.00,0.00,0.00,1.00,0.00,0.02,0.40
Noah Cardenas,0.00,0.00,0.00,1.00,0.00,0.02,0.40
Noah Campbell,0.00,0.00,0.00,1.00,0.00,0.02,0.40
Noah Bremer,0.00,0.00,0.00,1.00,0.00,0.02,0.40
Nixson Cueche,0.00,0.00,0.00,1.00,0.00,0.02,0.40
Nixon Parra,0.00,0.00,0.00,1.00,0.00,0.02,0.40
Nixon Encarnacion,0.00,0.00,0.00,1.00,0.00,0.02,0.40
Nivaldo Rodriguez,0.00,0.00,0.00,1.00,0.00,0.02,0.40
Niurby Asigen,0.00,0.00,0.00,1.00,0.00,0.02,0.40
Niko Hulsizer,0.00,0.00,0.00,1.00,0.00,0.02,0.40
Niko Goodrum,0.00,0.00,0.00,1.00,0.00,0.02,0.40
Niklas Rimmel,0.00,0.00,0.00,1.00,0.00,0.02,0.40
Nomar Velasquez,0.00,0.00,0.00,1.00,0.00,0.02,0.40
Nikau Pouaka-Grego,0.00,0.00,0.00,1.00,0.00,0.02,0.40
Nik McClaughry,0.00,0.00,0.00,1.00,0.00,0.02,0.40
Nigel Belgrave,0.00,0.00,0.00,1.00,0.00,0.02,0.40
Nicolo Pinazzi,0.00,0.00,0.00,1.00,0.00,0.02,0.40
Nicolas Torres,0.00,0.00,0.00,1.00,0.00,0.02,0.40
Nicolas Deschamps,0.00,0.00,0.00,1.00,0.00,0.02,0.40
Nicolas De La Cruz,0.00,0.00,0.00,1.00,0.00,0.02,0.40
Nicolas Cruz,0.00,0.00,0.00,1.00,0.00,0.02,0.40
Nicolas Carreno,0.00,0.00,0.00,1.00,0.00,0.02,0.40
Nico Zeglin,0.00,0.00,0.00,1.00,0.00,0.02,0.40
Nick Zwack,0.00,0.00,0.00,1.00,0.00,0.02,0.40
Nick Wittgren,0.00,0.00,0.00,1.00,0.00,0.02,0.40
Nick Ward,0.00,0.00,0.00,1.00,0.00,0.02,0.40
Noah Mendlinger,0.00,0.00,0.00,1.00,0.00,0.02,0.40
Noah Miller,0.00,0.00,0.00,1.00,0.00,0.02,0.40
Noah Myers,0.00,0.00,0.00,1.00,0.00,0.02,0.40
Noah Owen,0.00,0.00,0.00,1.00,0.00,0.02,0.40
Nomar Rojas,0.00,0.00,0.00,1.00,0.00,0.02,0.40
Nomar Medina,0.00,0.00,0.00,1.00,0.00,0.02,0.40
Nomar Fana,0.00,0.00,0.00,1.00,0.00,0.02,0.40
Nolberto Henriquez,0.00,0.00,0.00,1.00,0.00,0.02,0.40
Nolan Watson,0.00,0.00,0.00,1.00,0.00,0.02,0.40
Nolan Santos,0.00,0.00,0.00,1.00,0.00,0.02,0.40
Nolan Perry,0.00,0.00,0.00,1.00,0.00,0.02,0.40
Nolan McLean,0.00,0.00,0.00,1.00,0.00,0.02,0.40
Nolan Martinez,0.00,0.00,0.00,1.00,0.00,0.02,0.40
Nolan Kingham,0.00,0.00,0.00,1.00,0.00,0.02,0.40
Nolan Hoffman,0.00,0.00,0.00,1.00,0.00,0.02,0.40
Nolan DeVos,0.00,0.00,0.00,1.00,0.00,0.02,0.40
Nolan Clenney,0.00,0.00,0.00,1.00,0.00,0.02,0.40
Nolan Blackwood,0.00,0.00,0.00,1.00,0.00,0.02,0.40
Nolan Beltran,0.00,0.00,0.00,1.00,0.00,0.02,0.40
Noelin Cuevas,0.00,0.00,0.00,1.00,0.00,0.02,0.40
Noelberth Romero,0.00,0.00,0.00,1.00,0.00,0.02,0.40
Noel Vela,0.00,0.00,0.00,1.00,0.00,0.02,0.40
Noe Toribio,0.00,0.00,0.00,1.00,0.00,0.02,0.40
Noble Meyer,0.00,0.00,0.00,1.00,0.00,0.02,0.40
Noah Zavolas,0.00,0.00,0.00,1.00,0.00,0.02,0.40
Noah Williamson,0.00,0.00,0.00,1.00,0.00,0.02,0.40
Noah Williams,0.00,0.00,0.00,1.00,0.00,0.02,0.40
Noah Takacs,0.00,0.00,0.00,1.00,0.00,0.02,0.40
Noah Song,0.00,0.00,0.00,1.00,0.00,0.02,0.40
Noah Skirrow,0.00,0.00,0.00,1.00,0.00,0.02,0.40
Noah Ruen,0.00,0.00,0.00,1.00,0.00,0.02,0.40
Ray-Jacson Chirino,0.00,0.00,0.00,1.00,0.00,0.02,0.40
Ray-Patrick Didder,0.00,0.00,0.00,1.00,0.00,0.02,0.40
Raylin Heredia,0.00,0.00,0.00,1.00,0.00,0.02,0.40
Ryan Lobus,0.00,0.00,0.00,1.00,0.00,0.02,0.40
Ryan Reckley,0.00,0.00,0.00,1.00,0.00,0.02,0.40
Ryan Ramsey,0.00,0.00,0.00,1.00,0.00,0.02,0.40
Ryan Olson,0.00,0.00,0.00,1.00,0.00,0.02,0.40
Ryan Och,0.00,0.00,0.00,1.00,0.00,0.02,0.40
Ryan Nutof,0.00,0.00,0.00,1.00,0.00,0.02,0.40
Ryan Nicholson,0.00,0.00,0.00,1.00,0.00,0.02,0.40
Ryan Murphy,0.00,0.00,0.00,1.00,0.00,0.02,0.40
Ryan Middendorf,0.00,0.00,0.00,1.00,0.00,0.02,0.40
Ryan Meisinger,0.00,0.00,0.00,1.00,0.00,0.02,0.40
Ryan McKenna,0.00,0.00,0.00,1.00,0.00,0.02,0.40
Ryan McCarty,0.00,0.00,0.00,1.00,0.00,0.02,0.40
Ryan McCarthy,0.00,0.00,0.00,1.00,0.00,0.02,0.40
Ryan Long,0.00,0.00,0.00,1.00,0.00,0.02,0.40
Ryan Lillie,0.00,0.00,0.00,1.00,0.00,0.02,0.40
Ryan Rolison,0.00,0.00,0.00,1.00,0.00,0.02,0.40
Ryan Leitch,0.00,0.00,0.00,1.00,0.00,0.02,0.40
Ryan Lavarnway,0.00,0.00,0.00,1.00,0.00,0.02,0.40
Ryan Lasko,0.00,0.00,0.00,1.00,0.00,0.02,0.40
Ryan Langford,0.00,0.00,0.00,1.00,0.00,0.02,0.40
Ryan LaMarre,0.00,0.00,0.00,1.00,0.00,0.02,0.40
Ryan Johnson,0.00,0.00,0.00,1.00,0.00,0.02,0.40
Ryan Jensen,0.00,0.00,0.00,1.00,0.00,0.02,0.40
Ryan Jennings,0.00,0.00,0.00,1.00,0.00,0.02,0.40
Ryan Ignoffo,0.00,0.00,0.00,1.00,0.00,0.02,0.40
Ryan Holgate,0.00,0.00,0.00,1.00,0.00,0.02,0.40
Ryan Higgins,0.00,0.00,0.00,1.00,0.00,0.02,0.40
Ryan Hennen,0.00,0.00,0.00,1.00,0.00,0.02,0.40
Ryan Hendrix,0.00,0.00,0.00,1.00,0.00,0.02,0.40
Ryan Ritter,0.00,0.00,0.00,1.00,0.00,0.02,0.40
Ryan Sherriff,0.00,0.00,0.00,1.00,0.00,0.02,0.40
Sam Clay,0.00,0.00,0.00,1.00,0.00,0.02,0.40
Ryley Widell,0.00,0.00,0.00,1.00,0.00,0.02,0.40
Sam Brown,0.00,0.00,0.00,1.00,0.00,0.02,0.40
Sam Benschoter,0.00,0.00,0.00,1.00,0.00,0.02,0.40
Sam Armstrong,0.00,0.00,0.00,1.00,0.00,0.02,0.40
Sal Stewart,0.00,0.00,0.00,1.00,0.00,0.02,0.40
Sal Romano,0.00,0.00,0.00,1.00,0.00,0.02,0.40
Sal Gozzo,0.00,0.00,0.00,1.00,0.00,0.02,0.40
Sahid Valenzuela,0.00,0.00,0.00,1.00,0.00,0.02,0.40
Sadrac Franco,0.00,0.00,0.00,1.00,0.00,0.02,0.40
Sadiel Baro,0.00,0.00,0.00,1.00,0.00,0.02,0.40
Sabin Ceballos,0.00,0.00,0.00,1.00,0.00,0.02,0.40
Sabier Marte,0.00,0.00,0.00,1.00,0.00,0.02,0.40
Ryne Moore,0.00,0.00,0.00,1.00,0.00,0.02,0.40
Ryne Harper,0.00,0.00,0.00,1.00,0.00,0.02,0.40
Rylan Kaufman,0.00,0.00,0.00,1.00,0.00,0.02,0.40
Ryan Shreve,0.00,0.00,0.00,1.00,0.00,0.02,0.40
Rylan Bannon,0.00,0.00,0.00,1.00,0.00,0.02,0.40
Ryder Jones,0.00,0.00,0.00,1.00,0.00,0.02,0.40
Ryan Wrobleski,0.00,0.00,0.00,1.00,0.00,0.02,0.40
Ryan Wilson,0.00,0.00,0.00,1.00,0.00,0.02,0.40
Ryan Weiss,0.00,0.00,0.00,1.00,0.00,0.02,0.40
Ryan Weber,0.00,0.00,0.00,1.00,0.00,0.02,0.40
Ryan Watson,0.00,0.00,0.00,1.00,0.00,0.02,0.40
Ryan Ward,0.00,0.00,0.00,1.00,0.00,0.02,0.40
Ryan Vanderhei,0.00,0.00,0.00,1.00,0.00,0.02,0.40
Ryan Tepera,0.00,0.00,0.00,1.00,0.00,0.02,0.40
Ryan Sublette,0.00,0.00,0.00,1.00,0.00,0.02,0.40
Ryan Spikes,0.00,0.00,0.00,1.00,0.00,0.02,0.40
Ryan Smith,0.00,0.00,0.00,1.00,0.00,0.02,0.40
Ryan Hawks,0.00,0.00,0.00,1.00,0.00,0.02,0.40
Ryan Harvey,0.00,0.00,0.00,1.00,0.00,0.02,0.40
Ryan Hartman,0.00,0.00,0.00,1.00,0.00,0.02,0.40
Rowan Wick,0.00,0.00,0.00,1.00,0.00,0.02,0.40
Ruben Santana,0.00,0.00,0.00,1.00,0.00,0.02,0.40
Ruben Ramirez,0.00,0.00,0.00,1.00,0.00,0.02,0.40
Ruben Ibarra,0.00,0.00,0.00,1.00,0.00,0.02,0.40
Ruben Galindo,0.00,0.00,0.00,1.00,0.00,0.02,0.40
Ruben De La Cruz,0.00,0.00,0.00,1.00,0.00,0.02,0.40
Ruben Castillo,0.00,0.00,0.00,1.00,0.00,0.02,0.40
Ruben Cardenas,0.00,0.00,0.00,1.00,0.00,0.02,0.40
Rubel Cespedes,0.00,0.00,0.00,1.00,0.00,0.02,0.40
Roynier Hernandez,0.00,0.00,0.00,1.00,0.00,0.02,0.40
Royman Blanco,0.00,0.00,0.00,1.00,0.00,0.02,0.40
Roylems Rangel,0.00,0.00,0.00,1.00,0.00,0.02,0.40
Roy Garcia,0.00,0.00,0.00,1.00,0.00,0.02,0.40
Rowdey Jordan,0.00,0.00,0.00,1.00,0.00,0.02,0.40
Rougned Odor,0.00,0.00,0.00,1.00,0.00,0.02,0.40
Ryan Harbin,0.00,0.00,0.00,1.00,0.00,0.02,0.40
Ross Friedrick,0.00,0.00,0.00,1.00,0.00,0.02,0.40
Ross Dunn,0.00,0.00,0.00,1.00,0.00,0.02,0.40
Ross Detwiler,0.00,0.00,0.00,1.00,0.00,0.02,0.40
Ross Carver,0.00,0.00,0.00,1.00,0.00,0.02,0.40
Ross Adolph,0.00,0.00,0.00,1.00,0.00,0.02,0.40
Rosman Verdugo,0.00,0.00,0.00,1.00,0.00,0.02,0.40
Rorik Maltrud,0.00,0.00,0.00,1.00,0.00,0.02,0.40
Roque Salinas,0.00,0.00,0.00,1.00,0.00,0.02,0.40
Roque Gutierrez,0.00,0.00,0.00,1.00,0.00,0.02,0.40
Roosbert Tapia,0.00,0.00,0.00,1.00,0.00,0.02,0.40
Rony García,0.00,0.00,0.00,1.00,0.00,0.02,0.40
Rony Cruz,0.00,0.00,0.00,1.00,0.00,0.02,0.40
Ronny Ugarte,0.00,0.00,0.00,1.00,0.00,0.02,0.40
Ruben Vizcaya,0.00,0.00,0.00,1.00,0.00,0.02,0.40
Rubender Pena,0.00,0.00,0.00,1.00,0.00,0.02,0.40
Rudit Pina,0.00,0.00,0.00,1.00,0.00,0.02,0.40
Rudy Martin,0.00,0.00,0.00,1.00,0.00,0.02,0.40
Ryan Gold,0.00,0.00,0.00,1.00,0.00,0.02,0.40
Ryan Goins,0.00,0.00,0.00,1.00,0.00,0.02,0.40
Ryan Garcia,0.00,0.00,0.00,1.00,0.00,0.02,0.40
Ryan Galanie,0.00,0.00,0.00,1.00,0.00,0.02,0.40
Ryan Fitzgerald,0.00,0.00,0.00,1.00,0.00,0.02,0.40
Ryan Costeiu,0.00,0.00,0.00,1.00,0.00,0.02,0.40
Ryan Conroy,0.00,0.00,0.00,1.00,0.00,0.02,0.40
Ryan Clifford,0.00,0.00,0.00,1.00,0.00,0.02,0.40
Ryan Chasse,0.00,0.00,0.00,1.00,0.00,0.02,0.40
Ryan Cermak,0.00,0.00,0.00,1.00,0.00,0.02,0.40
Ryan Castillo,0.00,0.00,0.00,1.00,0.00,0.02,0.40
Ryan Castellani,0.00,0.00,0.00,1.00,0.00,0.02,0.40
Ryan Carpenter,0.00,0.00,0.00,1.00,0.00,0.02,0.40
Ryan Cardona,0.00,0.00,0.00,1.00,0.00,0.02,0.40
Ryan Burrowes,0.00,0.00,0.00,1.00,0.00,0.02,0.40
Ryan Buchter,0.00,0.00,0.00,1.00,0.00,0.02,0.40
Ryan Brown,0.00,0.00,0.00,1.00,0.00,0.02,0.40
Ryan Brady,0.00,0.00,0.00,1.00,0.00,0.02,0.40
Ryan Boyer,0.00,0.00,0.00,1.00,0.00,0.02,0.40
Ryan Bourassa,0.00,0.00,0.00,1.00,0.00,0.02,0.40
Ryan Boldt,0.00,0.00,0.00,1.00,0.00,0.02,0.40
Ryan Birchard,0.00,0.00,0.00,1.00,0.00,0.02,0.40
Ryan Anderson,0.00,0.00,0.00,1.00,0.00,0.02,0.40
Ryan Ammons,0.00,0.00,0.00,1.00,0.00,0.02,0.40
Ruver Flores,0.00,0.00,0.00,1.00,0.00,0.02,0.40
Russell Smith,0.00,0.00,0.00,1.00,0.00,0.02,0.40
Runelvis Toribio,0.00,0.00,0.00,1.00,0.00,0.02,0.40
Sam Carlson,0.00,0.00,0.00,1.00,0.00,0.02,0.40
Sam Coonrod,0.00,0.00,0.00,1.00,0.00,0.02,0.40
Ronny Rojas,0.00,0.00,0.00,1.00,0.00,0.02,0.40
Santiago Ustariz,0.00,0.00,0.00,1.00,0.00,0.02,0.40
Scott Hurst,0.00,0.00,0.00,1.00,0.00,0.02,0.40
Scott Engler,0.00,0.00,0.00,1.00,0.00,0.02,0.40
Scott Boches,0.00,0.00,0.00,1.00,0.00,0.02,0.40
Scott Bandura,0.00,0.00,0.00,1.00,0.00,0.02,0.40
Scarlyn Lebron,0.00,0.00,0.00,1.00,0.00,0.02,0.40
Saul Teran,0.00,0.00,0.00,1.00,0.00,0.02,0.40
Saul Siri,0.00,0.00,0.00,1.00,0.00,0.02,0.40
Saul Sanchez,0.00,0.00,0.00,1.00,0.00,0.02,0.40
Saul Gonzalez,0.00,0.00,0.00,1.00,0.00,0.02,0.40
Saul Gomez,0.00,0.00,0.00,1.00,0.00,0.02,0.40
Saul Garcia,0.00,0.00,0.00,1.00,0.00,0.02,0.40
Saul Bautista,0.00,0.00,0.00,1.00,0.00,0.02,0.40
Satchell Norman,0.00,0.00,0.00,1.00,0.00,0.02,0.40
Santiago Torres,0.00,0.00,0.00,1.00,0.00,0.02,0.40
Scott Kazmir,0.00,0.00,0.00,1.00,0.00,0.02,0.40
Santiago Suarez,0.00,0.00,0.00,1.00,0.00,0.02,0.40
Santiago Sojo,0.00,0.00,0.00,1.00,0.00,0.02,0.40
Santiago Rojas,0.00,0.00,0.00,1.00,0.00,0.02,0.40
Santiago Ramirez,0.00,0.00,0.00,1.00,0.00,0.02,0.40
Santiago Quintero,0.00,0.00,0.00,1.00,0.00,0.02,0.40
Santiago Prado,0.00,0.00,0.00,1.00,0.00,0.02,0.40
Santiago Pinto,0.00,0.00,0.00,1.00,0.00,0.02,0.40
Santiago Peraza,0.00,0.00,0.00,1.00,0.00,0.02,0.40
Santiago Millan,0.00,0.00,0.00,1.00,0.00,0.02,0.40
Santiago Gomez,0.00,0.00,0.00,1.00,0.00,0.02,0.40
Santiago Florez,0.00,0.00,0.00,1.00,0.00,0.02,0.40
Santiago Contreras,0.00,0.00,0.00,1.00,0.00,0.02,0.40
Santiago Chávez,0.00,0.00,0.00,1.00,0.00,0.02,0.40
Scott Kapers,0.00,0.00,0.00,1.00,0.00,0.02,0.40
Scott Kobos,0.00,0.00,0.00,1.00,0.00,0.02,0.40
Sam Delaplane,0.00,0.00,0.00,1.00,0.00,0.02,0.40
Sean Mullen,0.00,0.00,0.00,1.00,0.00,0.02,0.40
Sebastian Javier,0.00,0.00,0.00,1.00,0.00,0.02,0.40
Sebastian Estiven,0.00,0.00,0.00,1.00,0.00,0.02,0.40
Sebastian Espino,0.00,0.00,0.00,1.00,0.00,0.02,0.40
Sebastian De Andrade,0.00,0.00,0.00,1.00,0.00,0.02,0.40
Sebastian Castro,0.00,0.00,0.00,1.00,0.00,0.02,0.40
Sebastian Cadiz,0.00,0.00,0.00,1.00,0.00,0.02,0.40
Sebastian Baquera,0.00,0.00,0.00,1.00,0.00,0.02,0.40
Sean Wymer,0.00,0.00,0.00,1.00,0.00,0.02,0.40
Sean Sullivan,0.00,0.00,0.00,1.00,0.00,0.02,0.40
Sean Roby,0.00,0.00,0.00,1.00,0.00,0.02,0.40
Sean Rackoski,0.00,0.00,0.00,1.00,0.00,0.02,0.40
Sean Poppen,0.00,0.00,0.00,1.00,0.00,0.02,0.40
Sean Nolin,0.00,0.00,0.00,1.00,0.00,0.02,0.40
Sean Mooney,0.00,0.00,0.00,1.00,0.00,0.02,0.40
Scott Manea,0.00,0.00,0.00,1.00,0.00,0.02,0.40
Sean Mellen,0.00,0.00,0.00,1.00,0.00,0.02,0.40
Sean McLaughlin,0.00,0.00,0.00,1.00,0.00,0.02,0.40
Sean McLain,0.00,0.00,0.00,1.00,0.00,0.02,0.40
Sean Linan,0.00,0.00,0.00,1.00,0.00,0.02,0.40
Sean Kealey,0.00,0.00,0.00,1.00,0.00,0.02,0.40
Sean Hunley,0.00,0.00,0.00,1.00,0.00,0.02,0.40
Sean Hermann,0.00,0.00,0.00,1.00,0.00,0.02,0.40
Sean Harney,0.00,0.00,0.00,1.00,0.00,0.02,0.40
Sean Doolittle,0.00,0.00,0.00,1.00,0.00,0.02,0.40
Sean Boyle,0.00,0.00,0.00,1.00,0.00,0.02,0.40
Scott Schreiber,0.00,0.00,0.00,1.00,0.00,0.02,0.40
Scott Schebler,0.00,0.00,0.00,1.00,0.00,0.02,0.40
Scott Randall,0.00,0.00,0.00,1.00,0.00,0.02,0.40
Santiago Camacho,0.00,0.00,0.00,1.00,0.00,0.02,0.40
Sann Omosako,0.00,0.00,0.00,1.00,0.00,0.02,0.40
Sandy Sanchez,0.00,0.00,0.00,1.00,0.00,0.02,0.40
Sam Thoresen,0.00,0.00,0.00,1.00,0.00,0.02,0.40
Samuel Camacaro,0.00,0.00,0.00,1.00,0.00,0.02,0.40
Samuel Brito,0.00,0.00,0.00,1.00,0.00,0.02,0.40
Samuel Basallo,0.00,0.00,0.00,1.00,0.00,0.02,0.40
Sammy Tavarez,0.00,0.00,0.00,1.00,0.00,0.02,0.40
Sammy Stafura,0.00,0.00,0.00,1.00,0.00,0.02,0.40
Sammy Infante,0.00,0.00,0.00,1.00,0.00,0.02,0.40
Sammy Hernandez,0.00,0.00,0.00,1.00,0.00,0.02,0.40
Samir Chires,0.00,0.00,0.00,1.00,0.00,0.02,0.40
Samil Dishmey,0.00,0.00,0.00,1.00,0.00,0.02,0.40
Samil De La Rosa,0.00,0.00,0.00,1.00,0.00,0.02,0.40
Samad Taylor,0.00,0.00,0.00,1.00,0.00,0.02,0.40
Sam Whiting,0.00,0.00,0.00,1.00,0.00,0.02,0.40
Sam Weatherly,0.00,0.00,0.00,1.00,0.00,0.02,0.40
Sam Shaw,0.00,0.00,0.00,1.00,0.00,0.02,0.40
Sandy Ruiz,0.00,0.00,0.00,1.00,0.00,0.02,0.40
Sam Selman,0.00,0.00,0.00,1.00,0.00,0.02,0.40
Sam Ryan,0.00,0.00,0.00,1.00,0.00,0.02,0.40
Sam Praytor,0.00,0.00,0.00,1.00,0.00,0.02,0.40
Sam Mongelli,0.00,0.00,0.00,1.00,0.00,0.02,0.40
Sam McWilliams,0.00,0.00,0.00,1.00,0.00,0.02,0.40
Sam Knowlton,0.00,0.00,0.00,1.00,0.00,0.02,0.40
Sam Keating,0.00,0.00,0.00,1.00,0.00,0.02,0.40
Sam Jacobsak,0.00,0.00,0.00,1.00,0.00,0.02,0.40
Sam Howard,0.00,0.00,0.00,1.00,0.00,0.02,0.40
Sam Haggerty,0.00,0.00,0.00,1.00,0.00,0.02,0.40
Sam Gaviglio,0.00,0.00,0.00,1.00,0.00,0.02,0.40
Sam Gardner,0.00,0.00,0.00,1.00,0.00,0.02,0.40
Sam Freeman,0.00,0.00,0.00,1.00,0.00,0.02,0.40
Samuel Capellan,0.00,0.00,0.00,1.00,0.00,0.02,0.40
Samuel Colmenares,0.00,0.00,0.00,1.00,0.00,0.02,0.40
Samuel Escudero,0.00,0.00,0.00,1.00,0.00,0.02,0.40
Samuel Estevez,0.00,0.00,0.00,1.00,0.00,0.02,0.40
Sandy Ozuna,0.00,0.00,0.00,1.00,0.00,0.02,0.40
Sandy Mejia,0.00,0.00,0.00,1.00,0.00,0.02,0.40
Sandy Luciano,0.00,0.00,0.00,1.00,0.00,0.02,0.40
Sandy León,0.00,0.00,0.00,1.00,0.00,0.02,0.40
Sandy Gaston,0.00,0.00,0.00,1.00,0.00,0.02,0.40
Sandro Santana,0.00,0.00,0.00,1.00,0.00,0.02,0.40
Sandro Pereira,0.00,0.00,0.00,1.00,0.00,0.02,0.40
Sandro Gaston,0.00,0.00,0.00,1.00,0.00,0.02,0.40
Sandro Fabian,0.00,0.00,0.00,1.00,0.00,0.02,0.40
Sandro Bargallo,0.00,0.00,0.00,1.00,0.00,0.02,0.40
Sandi Charle,0.00,0.00,0.00,1.00,0.00,0.02,0.40
Samy Natera Jr.,0.00,0.00,0.00,1.00,0.00,0.02,0.40
Samuel Zavala,0.00,0.00,0.00,1.00,0.00,0.02,0.40
Samuel Vasquez,0.00,0.00,0.00,1.00,0.00,0.02,0.40
Samuel Valerio,0.00,0.00,0.00,1.00,0.00,0.02,0.40
Samuel Strickland,0.00,0.00,0.00,1.00,0.00,0.02,0.40
Samuel Sanchez,0.00,0.00,0.00,1.00,0.00,0.02,0.40
Samuel Rojas,0.00,0.00,0.00,1.00,0.00,0.02,0.40
Samuel Rodriguez,0.00,0.00,0.00,1.00,0.00,0.02,0.40
Samuel Reyes,0.00,0.00,0.00,1.00,0.00,0.02,0.40
Samuel Perez,0.00,0.00,0.00,1.00,0.00,0.02,0.40
Samuel Parra,0.00,0.00,0.00,1.00,0.00,0.02,0.40
Samuel Munoz,0.00,0.00,0.00,1.00,0.00,0.02,0.40
Samuel Mejia,0.00,0.00,0.00,1.00,0.00,0.02,0.40
Samuel Gonzalez,0.00,0.00,0.00,1.00,0.00,0.02,0.40
Samuel Gil,0.00,0.00,0.00,1.00,0.00,0.02,0.40
Samuel Fabian,0.00,0.00,0.00,1.00,0.00,0.02,0.40
Ronny Simon,0.00,0.00,0.00,1.00,0.00,0.02,0.40
Ronny Robles,0.00,0.00,0.00,1.00,0.00,0.02,0.40
Raylin Ramos,0.00,0.00,0.00,1.00,0.00,0.02,0.40
Ricardo Quintana,0.00,0.00,0.00,1.00,0.00,0.02,0.40
Richard Ramirez,0.00,0.00,0.00,1.00,0.00,0.02,0.40
Richard Paz,0.00,0.00,0.00,1.00,0.00,0.02,0.40
Richard Meran,0.00,0.00,0.00,1.00,0.00,0.02,0.40
Richard Matic,0.00,0.00,0.00,1.00,0.00,0.02,0.40
Richard Guasch,0.00,0.00,0.00,1.00,0.00,0.02,0.40
Richard Gallardo,0.00,0.00,0.00,1.00,0.00,0.02,0.40
Richard Fernandez,0.00,0.00,0.00,1.00,0.00,0.02,0.40
Richard Bleier,0.00,0.00,0.00,1.00,0.00,0.02,0.40
Rich Hill,0.00,0.00,0.00,1.00,0.00,0.02,0.40
Ricardo Yan,0.00,0.00,0.00,1.00,0.00,0.02,0.40
Ricardo Velez,0.00,0.00,0.00,1.00,0.00,0.02,0.40
Ricardo Sánchez,0.00,0.00,0.00,1.00,0.00,0.02,0.40
Ricardo Rosario,0.00,0.00,0.00,1.00,0.00,0.02,0.40
Ricardo Pinto,0.00,0.00,0.00,1.00,0.00,0.02,0.40
Richard Urena,0.00,0.00,0.00,1.00,0.00,0.02,0.40
Ricardo Pena,0.00,0.00,0.00,1.00,0.00,0.02,0.40
Ricardo Paez,0.00,0.00,0.00,1.00,0.00,0.02,0.40
Ricardo Olivar,0.00,0.00,0.00,1.00,0.00,0.02,0.40
Ricardo Méndez,0.00,0.00,0.00,1.00,0.00,0.02,0.40
Ricardo Montero,0.00,0.00,0.00,1.00,0.00,0.02,0.40
Ricardo Hurtado,0.00,0.00,0.00,1.00,0.00,0.02,0.40
Ricardo Gonzalez,0.00,0.00,0.00,1.00,0.00,0.02,0.40
Ricardo Gomez,0.00,0.00,0.00,1.00,0.00,0.02,0.40
Ricardo Genovés,0.00,0.00,0.00,1.00,0.00,0.02,0.40
Ricardo Estrada,0.00,0.00,0.00,1.00,0.00,0.02,0.40
Ricardo Cova,0.00,0.00,0.00,1.00,0.00,0.02,0.40
Ricardo Cabrera,0.00,0.00,0.00,1.00,0.00,0.02,0.40
Ricardo Brizuela,0.00,0.00,0.00,1.00,0.00,0.02,0.40
Richard Rodríguez,0.00,0.00,0.00,1.00,0.00,0.02,0.40
Richie Martin,0.00,0.00,0.00,1.00,0.00,0.02,0.40
Ripken Reyes,0.00,0.00,0.00,1.00,0.00,0.02,0.40
Riley Cooper,0.00,0.00,0.00,1.00,0.00,0.02,0.40
Rio Foster,0.00,0.00,0.00,1.00,0.00,0.02,0.40
Rio Britton,0.00,0.00,0.00,1.00,0.00,0.02,0.40
Riley Unroe,0.00,0.00,0.00,1.00,0.00,0.02,0.40
Riley Tirotta,0.00,0.00,0.00,1.00,0.00,0.02,0.40
Riley Thompson,0.00,0.00,0.00,1.00,0.00,0.02,0.40
Riley Smith,0.00,0.00,0.00,1.00,0.00,0.02,0.40
Riley Martin,0.00,0.00,0.00,1.00,0.00,0.02,0.40
Riley Mahan,0.00,0.00,0.00,1.00,0.00,0.02,0.40
Riley Gowens,0.00,0.00,0.00,1.00,0.00,0.02,0.40
Riley Frey,0.00,0.00,0.00,1.00,0.00,0.02,0.40
Riley Delgado,0.00,0.00,0.00,1.00,0.00,0.02,0.40
Riley Davis,0.00,0.00,0.00,1.00,0.00,0.02,0.40
Riley Cornelio,0.00,0.00,0.00,1.00,0.00,0.02,0.40
Riley Bauman,0.00,0.00,0.00,1.00,0.00,0.02,0.40
Richy Valdez,0.00,0.00,0.00,1.00,0.00,0.02,0.40
Rikuu Nishida,0.00,0.00,0.00,1.00,0.00,0.02,0.40
Rikelbin De Castro,0.00,0.00,0.00,1.00,0.00,0.02,0.40
Riggs Threadgill,0.00,0.00,0.00,1.00,0.00,0.02,0.40
Ricson Gonzalez,0.00,0.00,0.00,1.00,0.00,0.02,0.40
Rico Garcia,0.00,0.00,0.00,1.00,0.00,0.02,0.40
Ricky Vanasco,0.00,0.00,0.00,1.00,0.00,0.02,0.40
Ricky Tiedemann,0.00,0.00,0.00,1.00,0.00,0.02,0.40
Ricky Salinas,0.00,0.00,0.00,1.00,0.00,0.02,0.40
Ricky Karcher,0.00,0.00,0.00,1.00,0.00,0.02,0.40
Ricky DeVito,0.00,0.00,0.00,1.00,0.00,0.02,0.40
Ricky Castro,0.00,0.00,0.00,1.00,0.00,0.02,0.40
Rickey Ramirez,0.00,0.00,0.00,1.00,0.00,0.02,0.40
Rickardo Perez,0.00,0.00,0.00,1.00,0.00,0.02,0.40
Ricardito Lorenzo,0.00,0.00,0.00,1.00,0.00,0.02,0.40
Rhylan Thomas,0.00,0.00,0.00,1.00,0.00,0.02,0.40
Rhett Kouba,0.00,0.00,0.00,1.00,0.00,0.02,0.40
Redinson Gomez,0.00,0.00,0.00,1.00,0.00,0.02,0.40
Reid Schaller,0.00,0.00,0.00,1.00,0.00,0.02,0.40
Reid Morgan,0.00,0.00,0.00,1.00,0.00,0.02,0.40
Reid Johnston,0.00,0.00,0.00,1.00,0.00,0.02,0.40
Reid Birlingmair,0.00,0.00,0.00,1.00,0.00,0.02,0.40
Reibyn Corona,0.00,0.00,0.00,1.00,0.00,0.02,0.40
Reginald Preciado,0.00,0.00,0.00,1.00,0.00,0.02,0.40
Regi Grace,0.00,0.00,0.00,1.00,0.00,0.02,0.40
Reggie McClain,0.00,0.00,0.00,1.00,0.00,0.02,0.40
Reggie Lawson,0.00,0.00,0.00,1.00,0.00,0.02,0.40
Reggie Crawford,0.00,0.00,0.00,1.00,0.00,0.02,0.40
Reese Sharp,0.00,0.00,0.00,1.00,0.00,0.02,0.40
Reed Trimble,0.00,0.00,0.00,1.00,0.00,0.02,0.40
Reece Walling,0.00,0.00,0.00,1.00,0.00,0.02,0.40
Reagan Todd,0.00,0.00,0.00,1.00,0.00,0.02,0.40
Reyson Santos,0.00,0.00,0.00,1.00,0.00,0.02,0.40
Raúl Rangel,0.00,0.00,0.00,1.00,0.00,0.02,0.40
Raúl Alcantara,0.00,0.00,0.00,1.00,0.00,0.02,0.40
Rayven Antonio,0.00,0.00,0.00,1.00,0.00,0.02,0.40
Raynier Ramirez,0.00,0.00,0.00,1.00,0.00,0.02,0.40
Raynerd Ortega,0.00,0.00,0.00,1.00,0.00,0.02,0.40
Rayner Urbaez,0.00,0.00,0.00,1.00,0.00,0.02,0.40
Rayner Santana,0.00,0.00,0.00,1.00,0.00,0.02,0.40
Rayner Castillo,0.00,0.00,0.00,1.00,0.00,0.02,0.40
Raynel Espinal,0.00,0.00,0.00,1.00,0.00,0.02,0.40
Raynel Delgado,0.00,0.00,0.00,1.00,0.00,0.02,0.40
Rayne Doncon,0.00,0.00,0.00,1.00,0.00,0.02,0.40
Raymond Burgos,0.00,0.00,0.00,1.00,0.00,0.02,0.40
Raymon Rosario,0.00,0.00,0.00,1.00,0.00,0.02,0.40
Reid VanScoter,0.00,0.00,0.00,1.00,0.00,0.02,0.40
Reidis Sena,0.00,0.00,0.00,1.00,0.00,0.02,0.40
Reidy Mercado,0.00,0.00,0.00,1.00,0.00,0.02,0.40
Reilin Ramirez,0.00,0.00,0.00,1.00,0.00,0.02,0.40
Reynardo Cruz,0.00,0.00,0.00,1.00,0.00,0.02,0.40
Reynaldo Yean,0.00,0.00,0.00,1.00,0.00,0.02,0.40
Reynaldo De La Paz,0.00,0.00,0.00,1.00,0.00,0.02,0.40
Reymin Guduan,0.00,0.00,0.00,1.00,0.00,0.02,0.40
Reylin Perez,0.00,0.00,0.00,1.00,0.00,0.02,0.40
Reyli Mariano,0.00,0.00,0.00,1.00,0.00,0.02,0.40
Reyes Moronta,0.00,0.00,0.00,1.00,0.00,0.02,0.40
Reyden Hidalgo,0.00,0.00,0.00,1.00,0.00,0.02,0.40
Rex Brothers,0.00,0.00,0.00,1.00,0.00,0.02,0.40
Reudis Diaz,0.00,0.00,0.00,1.00,0.00,0.02,0.40
Reny Artiles,0.00,0.00,0.00,1.00,0.00,0.02,0.40
Renny Hidalgo,0.00,0.00,0.00,1.00,0.00,0.02,0.40
Renil Ramos,0.00,0.00,0.00,1.00,0.00,0.02,0.40
Reniel Diaz,0.00,0.00,0.00,1.00,0.00,0.02,0.40
Renaldito Florian,0.00,0.00,0.00,1.00,0.00,0.02,0.40
Renair Manrique,0.00,0.00,0.00,1.00,0.00,0.02,0.40
Reminton Batista,0.00,0.00,0.00,1.00,0.00,0.02,0.40
Reiver Sanmartin,0.00,0.00,0.00,1.00,0.00,0.02,0.40
Reiver Camacho,0.00,0.00,0.00,1.00,0.00,0.02,0.40
Reivaj Garcia,0.00,0.00,0.00,1.00,0.00,0.02,0.40
Reiss Knehr,0.00,0.00,0.00,1.00,0.00,0.02,0.40
Reinier Parra,0.00,0.00,0.00,1.00,0.00,0.02,0.40
Reiner Herrera,0.00,0.00,0.00,1.00,0.00,0.02,0.40
Reinaldo Ilarraza,0.00,0.00,0.00,1.00,0.00,0.02,0.40
Reinaldo De Paula,0.00,0.00,0.00,1.00,0.00,0.02,0.40
Reinaldo De La Cruz,0.00,0.00,0.00,1.00,0.00,0.02,0.40
Reimy Beltre,0.00,0.00,0.00,1.00,0.00,0.02,0.40
Rio Gomez,0.00,0.00,0.00,1.00,0.00,0.02,0.40
Riquelmin Cabral,0.00,0.00,0.00,1.00,0.00,0.02,0.40
Ronny Polanco,0.00,0.00,0.00,1.00,0.00,0.02,0.40
Roger Lasso,0.00,0.00,0.00,1.00,0.00,0.02,0.40
Rolfi Jimenez,0.00,0.00,0.00,1.00,0.00,0.02,0.40
Roldy Brito,0.00,0.00,0.00,1.00,0.00,0.02,0.40
Rolando Gutierrez,0.00,0.00,0.00,1.00,0.00,0.02,0.40
Rolando Espinosa,0.00,0.00,0.00,1.00,0.00,0.02,0.40
Rolando Casihis,0.00,0.00,0.00,1.00,0.00,0.02,0.40
Roismar Quintana,0.00,0.00,0.00,1.00,0.00,0.02,0.40
Roinny Aguiar,0.00,0.00,0.00,1.00,0.00,0.02,0.40
Roiner Quintana,0.00,0.00,0.00,1.00,0.00,0.02,0.40
Roilan Machandy,0.00,0.00,0.00,1.00,0.00,0.02,0.40
Roiber Talavera,0.00,0.00,0.00,1.00,0.00,0.02,0.40
Roiber Niazoa,0.00,0.00,0.00,1.00,0.00,0.02,0.40
Roger Rodriguez,0.00,0.00,0.00,1.00,0.00,0.02,0.40
Roger Leyton,0.00,0.00,0.00,1.00,0.00,0.02,0.40
Roger Jorge,0.00,0.00,0.00,1.00,0.00,0.02,0.40
Roman Angelo,0.00,0.00,0.00,1.00,0.00,0.02,0.40
Roenis Elías,0.00,0.00,0.00,1.00,0.00,0.02,0.40
Roelmy Garcia,0.00,0.00,0.00,1.00,0.00,0.02,0.40
Roel Ramírez,0.00,0.00,0.00,1.00,0.00,0.02,0.40
Roel Garcia III,0.00,0.00,0.00,1.00,0.00,0.02,0.40
Rodolfo Toledano,0.00,0.00,0.00,1.00,0.00,0.02,0.40
Rodolfo Sanchez,0.00,0.00,0.00,1.00,0.00,0.02,0.40
Rodolfo Nolasco,0.00,0.00,0.00,1.00,0.00,0.02,0.40
Rodolfo Garrido,0.00,0.00,0.00,1.00,0.00,0.02,0.40
Rodolfo Durán,0.00,0.00,0.00,1.00,0.00,0.02,0.40
Rodolfo De La Cruz,0.00,0.00,0.00,1.00,0.00,0.02,0.40
Rodolfo Castro,0.00,0.00,0.00,1.00,0.00,0.02,0.40
Rodney Theophile,0.00,0.00,0.00,1.00,0.00,0.02,0.40
Rodney Hutchison,0.00,0.00,0.00,1.00,0.00,0.02,0.40
Rolphy Cruz,0.00,0.00,0.00,1.00,0.00,0.02,0.40
Roman Camacho,0.00,0.00,0.00,1.00,0.00,0.02,0.40
Riskiel Tineo,0.00,0.00,0.00,1.00,0.00,0.02,0.40
Ronald Ramirez,0.00,0.00,0.00,1.00,0.00,0.02,0.40
Ronny Oliver,0.00,0.00,0.00,1.00,0.00,0.02,0.40
Ronny Lopez,0.00,0.00,0.00,1.00,0.00,0.02,0.40
Ronny Hernandez,0.00,0.00,0.00,1.00,0.00,0.02,0.40
Ronny Garcia,0.00,0.00,0.00,1.00,0.00,0.02,0.40
Ronny Chalas,0.00,0.00,0.00,1.00,0.00,0.02,0.40
Ronnie Williams,0.00,0.00,0.00,1.00,0.00,0.02,0.40
Roni Cabrera,0.00,0.00,0.00,1.00,0.00,0.02,0.40
Ronan Kopp,0.00,0.00,0.00,1.00,0.00,0.02,0.40
Ronaldo Hernández,0.00,0.00,0.00,1.00,0.00,0.02,0.40
Ronaldo Flores,0.00,0.00,0.00,1.00,0.00,0.02,0.40
Ronaldo Alesandro,0.00,0.00,0.00,1.00,0.00,0.02,0.40
Ronald Torreyes,0.00,0.00,0.00,1.00,0.00,0.02,0.40
Ronald Rosario,0.00,0.00,0.00,1.00,0.00,0.02,0.40
Ronald Pena,0.00,0.00,0.00,1.00,0.00,0.02,0.40
Roman Perez,0.00,0.00,0.00,1.00,0.00,0.02,0.40
Ronald Medrano,0.00,0.00,0.00,1.00,0.00,0.02,0.40
Ronald Herrera,0.00,0.00,0.00,1.00,0.00,0.02,0.40
Ronald Hernandez,0.00,0.00,0.00,1.00,0.00,0.02,0.40
Ronald Guzmán,0.00,0.00,0.00,1.00,0.00,0.02,0.40
Ronald Bolaños,0.00,0.00,0.00,1.00,0.00,0.02,0.40
Ronal Herrera,0.00,0.00,0.00,1.00,0.00,0.02,0.40
Ronal Antigua,0.00,0.00,0.00,1.00,0.00,0.02,0.40
Ronaiker Palma,0.00,0.00,0.00,1.00,0.00,0.02,0.40
Romtres Cabrera,0.00,0.00,0.00,1.00,0.00,0.02,0.40
Romeo Sanabria,0.00,0.00,0.00,1.00,0.00,0.02,0.40
Romel Mendez,0.00,0.00,0.00,1.00,0.00,0.02,0.40
Roman Quinn,0.00,0.00,0.00,1.00,0.00,0.02,0.40
Roman Phansalkar,0.00,0.00,0.00,1.00,0.00,0.02,0.40
Rodney Green,0.00,0.00,0.00,1.00,0.00,0.02,0.40
Rodney Boone,0.00,0.00,0.00,1.00,0.00,0.02,0.40
Roderick Flores,0.00,0.00,0.00,1.00,0.00,0.02,0.40
Robbie Tenerowicz,0.00,0.00,0.00,1.00,0.00,0.02,0.40
Robert Gasser,0.00,0.00,0.00,1.00,0.00,0.02,0.40
Robert Emery,0.00,0.00,0.00,1.00,0.00,0.02,0.40
Robert Dugger,0.00,0.00,0.00,1.00,0.00,0.02,0.40
Robert De Paula,0.00,0.00,0.00,1.00,0.00,0.02,0.40
Robert Cruz,0.00,0.00,0.00,1.00,0.00,0.02,0.40
Robert Colina,0.00,0.00,0.00,1.00,0.00,0.02,0.40
Robert Calaz,0.00,0.00,0.00,1.00,0.00,0.02,0.40
Robert Broom,0.00,0.00,0.00,1.00,0.00,0.02,0.40
Robert Brooks,0.00,0.00,0.00,1.00,0.00,0.02,0.40
Robert Arias,0.00,0.00,0.00,1.00,0.00,0.02,0.40
Robel García,0.00,0.00,0.00,1.00,0.00,0.02,0.40
Robby Martin Jr.,0.00,0.00,0.00,1.00,0.00,0.02,0.40
Robby Ahlstrom,0.00,0.00,0.00,1.00,0.00,0.02,0.40
Robbie Peto,0.00,0.00,0.00,1.00,0.00,0.02,0.40
Roderick Arias,0.00,0.00,0.00,1.00,0.00,0.02,0.40
Robbie Hitt,0.00,0.00,0.00,1.00,0.00,0.02,0.40
Robbie Glendinning,0.00,0.00,0.00,1.00,0.00,0.02,0.40
Robbie Erlin,0.00,0.00,0.00,1.00,0.00,0.02,0.40
Robbie Baker,0.00,0.00,0.00,1.00,0.00,0.02,0.40
Rob Kaminsky,0.00,0.00,0.00,1.00,0.00,0.02,0.40
Rob Hensey,0.00,0.00,0.00,1.00,0.00,0.02,0.40
Rob Griswold,0.00,0.00,0.00,1.00,0.00,0.02,0.40
Rob Brantly,0.00,0.00,0.00,1.00,0.00,0.02,0.40
Rixon Wingrove,0.00,0.00,0.00,1.00,0.00,0.02,0.40
River Town,0.00,0.00,0.00,1.00,0.00,0.02,0.40
River Ryan,0.00,0.00,0.00,1.00,0.00,0.02,0.40
Rivaldo Avila,0.00,0.00,0.00,1.00,0.00,0.02,0.40
Rito Lugo,0.00,0.00,0.00,1.00,0.00,0.02,0.40
Robert Gonzalez,0.00,0.00,0.00,1.00,0.00,0.02,0.40
Robert Gsellman,0.00,0.00,0.00,1.00,0.00,0.02,0.40
Robert Hipwell,0.00,0.00,0.00,1.00,0.00,0.02,0.40
Robert Kwiatkowski,0.00,0.00,0.00,1.00,0.00,0.02,0.40
Rodarni Salvador,0.00,0.00,0.00,1.00,0.00,0.02,0.40
Rocky Solano,0.00,0.00,0.00,1.00,0.00,0.02,0.40
Roc Riggio,0.00,0.00,0.00,1.00,0.00,0.02,0.40
Roby Enriquez,0.00,0.00,0.00,1.00,0.00,0.02,0.40
Robinson Pina,0.00,0.00,0.00,1.00,0.00,0.02,0.40
Robinson Martínez,0.00,0.00,0.00,1.00,0.00,0.02,0.40
Robinson Hernandez,0.00,0.00,0.00,1.00,0.00,0.02,0.40
Robinson Chirinos,0.00,0.00,0.00,1.00,0.00,0.02,0.40
Robinson Chacon,0.00,0.00,0.00,1.00,0.00,0.02,0.40
Robin Vazquez,0.00,0.00,0.00,1.00,0.00,0.02,0.40
Robin Ortiz,0.00,0.00,0.00,1.00,0.00,0.02,0.40
Roberto Pérez,0.00,0.00,0.00,1.00,0.00,0.02,0.40
Roberto Medina,0.00,0.00,0.00,1.00,0.00,0.02,0.40
Roberto Martínez,0.00,0.00,0.00,1.00,0.00,0.02,0.40
Roberto Chirinos,0.00,0.00,0.00,1.00,0.00,0.02,0.40
Roberto Campos,0.00,0.00,0.00,1.00,0.00,0.02,0.40
Roberto Alvarez,0.00,0.00,0.00,1.00,0.00,0.02,0.40
Robert Wegielnik,0.00,0.00,0.00,1.00,0.00,0.02,0.40
Robert Stock,0.00,0.00,0.00,1.00,0.00,0.02,0.40
Robert Santos,0.00,0.00,0.00,1.00,0.00,0.02,0.40
Robert Robertis,0.00,0.00,0.00,1.00,0.00,0.02,0.40
Robert Puason,0.00,0.00,0.00,1.00,0.00,0.02,0.40
Robert Perez Jr.,0.00,0.00,0.00,1.00,0.00,0.02,0.40
Robert Perez,0.00,0.00,0.00,1.00,0.00,0.02,0.40
Robert Neustrom,0.00,0.00,0.00,1.00,0.00,0.02,0.40
Robert Moore,0.00,0.00,0.00,1.00,0.00,0.02,0.40
Robert Lopez,0.00,0.00,0.00,1.00,0.00,0.02,0.40
Joseph Tailor,0.00,0.00,0.00,1.00,0.00,0.02,0.40
Joelvis Del Rosario,0.00,0.00,0.00,1.00,0.00,0.02,0.40
Joseph Rosa,0.00,0.00,0.00,1.00,0.00,0.02,0.40
Chris Clarke,0.00,0.00,0.00,1.00,0.00,0.02,0.40
Chris Campos,0.00,0.00,0.00,1.00,0.00,0.02,0.40
Chris Brito,0.00,0.00,0.00,1.00,0.00,0.02,0.40
Chris Bec,0.00,0.00,0.00,1.00,0.00,0.02,0.40
Chris Barraza,0.00,0.00,0.00,1.00,0.00,0.02,0.40
Chris Archer,0.00,0.00,0.00,1.00,0.00,0.02,0.40
Chih-Jung Liu,0.00,0.00,0.00,1.00,0.00,0.02,0.40
Chi Chi González,0.00,0.00,0.00,1.00,0.00,0.02,0.40
Chester Pimentel,0.00,0.00,0.00,1.00,0.00,0.02,0.40
Cherif Neymour,0.00,0.00,0.00,1.00,0.00,0.02,0.40
Chen-Wei Lin,0.00,0.00,0.00,1.00,0.00,0.02,0.40
Chen Zhong-Ao Zhuang,0.00,0.00,0.00,1.00,0.00,0.02,0.40
Chazz Martinez,0.00,0.00,0.00,1.00,0.00,0.02,0.40
Chay Yeager,0.00,0.00,0.00,1.00,0.00,0.02,0.40
Chavez Young,0.00,0.00,0.00,1.00,0.00,0.02,0.40
Chavez Fernander,0.00,0.00,0.00,1.00,0.00,0.02,0.40
Chase Watkins,0.00,0.00,0.00,1.00,0.00,0.02,0.40
Chase Wallace,0.00,0.00,0.00,1.00,0.00,0.02,0.40
Chase Valentine,0.00,0.00,0.00,1.00,0.00,0.02,0.40
Chase Strumpf,0.00,0.00,0.00,1.00,0.00,0.02,0.40
Chase Plymell,0.00,0.00,0.00,1.00,0.00,0.02,0.40
Chase Pinder,0.00,0.00,0.00,1.00,0.00,0.02,0.40
Chase Luttrell,0.00,0.00,0.00,1.00,0.00,0.02,0.40
Chase Jaworsky,0.00,0.00,0.00,1.00,0.00,0.02,0.40
Chase Isbell,0.00,0.00,0.00,1.00,0.00,0.02,0.40
Chase Hopewell,0.00,0.00,0.00,1.00,0.00,0.02,0.40
Chase Estep,0.00,0.00,0.00,1.00,0.00,0.02,0.40
Chase De Jong,0.00,0.00,0.00,1.00,0.00,0.02,0.40
Chase Davis,0.00,0.00,0.00,1.00,0.00,0.02,0.40
Chase Costello,0.00,0.00,0.00,1.00,0.00,0.02,0.40
Chris Clark,0.00,0.00,0.00,1.00,0.00,0.02,0.40
Chris Ellis,0.00,0.00,0.00,1.00,0.00,0.02,0.40
Christian Arroyo,0.00,0.00,0.00,1.00,0.00,0.02,0.40
Chris Gau,0.00,0.00,0.00,1.00,0.00,0.02,0.40
Chris Williams Jr.,0.00,0.00,0.00,1.00,0.00,0.02,0.40
Chris Williams,0.00,0.00,0.00,1.00,0.00,0.02,0.40
Chris Villaman,0.00,0.00,0.00,1.00,0.00,0.02,0.40
Chris Vallimont,0.00,0.00,0.00,1.00,0.00,0.02,0.40
Chris Shaw,0.00,0.00,0.00,1.00,0.00,0.02,0.40
Chris Sharpe,0.00,0.00,0.00,1.00,0.00,0.02,0.40
Chris Seise,0.00,0.00,0.00,1.00,0.00,0.02,0.40
Chris Rotondo,0.00,0.00,0.00,1.00,0.00,0.02,0.40
Chris Roller,0.00,0.00,0.00,1.00,0.00,0.02,0.40
Chris Rodriguez,0.00,0.00,0.00,1.00,0.00,0.02,0.40
Chris Rabago,0.00,0.00,0.00,1.00,0.00,0.02,0.40
Chris Owings,0.00,0.00,0.00,1.00,0.00,0.02,0.40
Chris Okey,0.00,0.00,0.00,1.00,0.00,0.02,0.40
Chris Newell,0.00,0.00,0.00,1.00,0.00,0.02,0.40
Chris Muller,0.00,0.00,0.00,1.00,0.00,0.02,0.40
Chris Mokma,0.00,0.00,0.00,1.00,0.00,0.02,0.40
Chris Meyers,0.00,0.00,0.00,1.00,0.00,0.02,0.40
Chris McMahon,0.00,0.00,0.00,1.00,0.00,0.02,0.40
Chris McElvain,0.00,0.00,0.00,1.00,0.00,0.02,0.40
Chris Mazza,0.00,0.00,0.00,1.00,0.00,0.02,0.40
Chris Mauloni,0.00,0.00,0.00,1.00,0.00,0.02,0.40
Chris Lincoln,0.00,0.00,0.00,1.00,0.00,0.02,0.40
Chris Lanzilli,0.00,0.00,0.00,1.00,0.00,0.02,0.40
Chris Kean,0.00,0.00,0.00,1.00,0.00,0.02,0.40
Chris Kachmar,0.00,0.00,0.00,1.00,0.00,0.02,0.40
Chris Jefferson,0.00,0.00,0.00,1.00,0.00,0.02,0.40
Chris Givin,0.00,0.00,0.00,1.00,0.00,0.02,0.40
Chris Gittens,0.00,0.00,0.00,1.00,0.00,0.02,0.40
Chris Gerard,0.00,0.00,0.00,1.00,0.00,0.02,0.40
Chase Cohen,0.00,0.00,0.00,1.00,0.00,0.02,0.40
Chase Chaney,0.00,0.00,0.00,1.00,0.00,0.02,0.40
Chase Antle,0.00,0.00,0.00,1.00,0.00,0.02,0.40
Chase Anderson,0.00,0.00,0.00,1.00,0.00,0.02,0.40
Chalniel Arias,0.00,0.00,0.00,1.00,0.00,0.02,0.40
Chad Wallach,0.00,0.00,0.00,1.00,0.00,0.02,0.40
Chad Stevens,0.00,0.00,0.00,1.00,0.00,0.02,0.40
Chad Smith,0.00,0.00,0.00,1.00,0.00,0.02,0.40
Chad Pinder,0.00,0.00,0.00,1.00,0.00,0.02,0.40
Chad Donato,0.00,0.00,0.00,1.00,0.00,0.02,0.40
Chad Delancey,0.00,0.00,0.00,1.00,0.00,0.02,0.40
Chad Dallas,0.00,0.00,0.00,1.00,0.00,0.02,0.40
Chad Castillo,0.00,0.00,0.00,1.00,0.00,0.02,0.40
Chad Bryant,0.00,0.00,0.00,1.00,0.00,0.02,0.40
Chad Bell,0.00,0.00,0.00,1.00,0.00,0.02,0.40
Cesari Moreno,0.00,0.00,0.00,1.00,0.00,0.02,0.40
Cesar Ruiz,0.00,0.00,0.00,1.00,0.00,0.02,0.40
Cesar Rojas,0.00,0.00,0.00,1.00,0.00,0.02,0.40
Cesar Quintas,0.00,0.00,0.00,1.00,0.00,0.02,0.40
Cesar Perdomo,0.00,0.00,0.00,1.00,0.00,0.02,0.40
Cesar Mujica,0.00,0.00,0.00,1.00,0.00,0.02,0.40
Cesar Lugo,0.00,0.00,0.00,1.00,0.00,0.02,0.40
Cesar Lares,0.00,0.00,0.00,1.00,0.00,0.02,0.40
Cesar Jimenez,0.00,0.00,0.00,1.00,0.00,0.02,0.40
Cesar Izturis Jr.,0.00,0.00,0.00,1.00,0.00,0.02,0.40
Cesar Idrogo,0.00,0.00,0.00,1.00,0.00,0.02,0.40
Cesar Hernandez,0.00,0.00,0.00,1.00,0.00,0.02,0.40
Cesar Gonzalez,0.00,0.00,0.00,1.00,0.00,0.02,0.40
Cesar Gomez,0.00,0.00,0.00,1.00,0.00,0.02,0.40
Cesar Espinal,0.00,0.00,0.00,1.00,0.00,0.02,0.40
Cesar De Jesus,0.00,0.00,0.00,1.00,0.00,0.02,0.40
Cesar D'Oleo,0.00,0.00,0.00,1.00,0.00,0.02,0.40
Cesar Berbesi,0.00,0.00,0.00,1.00,0.00,0.02,0.40
Chance Adams,0.00,0.00,0.00,1.00,0.00,0.02,0.40
Chance Huff,0.00,0.00,0.00,1.00,0.00,0.02,0.40
Chance Kirby,0.00,0.00,0.00,1.00,0.00,0.02,0.40
Charles Mack,0.00,0.00,0.00,1.00,0.00,0.02,0.40
Chase Adkison,0.00,0.00,0.00,1.00,0.00,0.02,0.40
Charlis Aquino,0.00,0.00,0.00,1.00,0.00,0.02,0.40
Charlie Welch,0.00,0.00,0.00,1.00,0.00,0.02,0.40
Charlie Szykowny,0.00,0.00,0.00,1.00,0.00,0.02,0.40
Charlie Ruegger,0.00,0.00,0.00,1.00,0.00,0.02,0.40
Charlie Pagliarini,0.00,0.00,0.00,1.00,0.00,0.02,0.40
Charlie Neuweiler,0.00,0.00,0.00,1.00,0.00,0.02,0.40
Charlie Culberson,0.00,0.00,0.00,1.00,0.00,0.02,0.40
Charlie Condon,0.00,0.00,0.00,1.00,0.00,0.02,0.40
Charlie Cerny,0.00,0.00,0.00,1.00,0.00,0.02,0.40
Charlie Barnes,0.00,0.00,0.00,1.00,0.00,0.02,0.40
Charles Nova,0.00,0.00,0.00,1.00,0.00,0.02,0.40
Charles McAdoo,0.00,0.00,0.00,1.00,0.00,0.02,0.40
Charles Leblanc,0.00,0.00,0.00,1.00,0.00,0.02,0.40
Chance Sisco,0.00,0.00,0.00,1.00,0.00,0.02,0.40
Charles King,0.00,0.00,0.00,1.00,0.00,0.02,0.40
Charles Hall,0.00,0.00,0.00,1.00,0.00,0.02,0.40
Charlee Soto,0.00,0.00,0.00,1.00,0.00,0.02,0.40
Chariel Radney,0.00,0.00,0.00,1.00,0.00,0.02,0.40
Charbel Gonzalez,0.00,0.00,0.00,1.00,0.00,0.02,0.40
Channy Ortiz,0.00,0.00,0.00,1.00,0.00,0.02,0.40
Chandler Seagle,0.00,0.00,0.00,1.00,0.00,0.02,0.40
Chandler Redmond,0.00,0.00,0.00,1.00,0.00,0.02,0.40
Chandler Pollard,0.00,0.00,0.00,1.00,0.00,0.02,0.40
Chandler Murphy,0.00,0.00,0.00,1.00,0.00,0.02,0.40
Chandler Jozwiak,0.00,0.00,0.00,1.00,0.00,0.02,0.40
Chandler Casey,0.00,0.00,0.00,1.00,0.00,0.02,0.40
Chandler Arnold,0.00,0.00,0.00,1.00,0.00,0.02,0.40
Chris Wright,0.00,0.00,0.00,1.00,0.00,0.02,0.40
Christian Avendano,0.00,0.00,0.00,1.00,0.00,0.02,0.40
Collin Burns,0.00,0.00,0.00,1.00,0.00,0.02,0.40
Cole Foster,0.00,0.00,0.00,1.00,0.00,0.02,0.40
Cole Duensing,0.00,0.00,0.00,1.00,0.00,0.02,0.40
Cole Daily,0.00,0.00,0.00,1.00,0.00,0.02,0.40
Cole Conn,0.00,0.00,0.00,1.00,0.00,0.02,0.40
Cole Carrigg,0.00,0.00,0.00,1.00,0.00,0.02,0.40
Cole Barr,0.00,0.00,0.00,1.00,0.00,0.02,0.40
Cole Ayers,0.00,0.00,0.00,1.00,0.00,0.02,0.40
Colby White,0.00,0.00,0.00,1.00,0.00,0.02,0.40
Colby Smelley,0.00,0.00,0.00,1.00,0.00,0.02,0.40
Colby Shade,0.00,0.00,0.00,1.00,0.00,0.02,0.40
Colby Morris,0.00,0.00,0.00,1.00,0.00,0.02,0.40
Colby Langford,0.00,0.00,0.00,1.00,0.00,0.02,0.40
Colby Halter,0.00,0.00,0.00,1.00,0.00,0.02,0.40
Cody Wilson,0.00,0.00,0.00,1.00,0.00,0.02,0.40
Cody Tucker,0.00,0.00,0.00,1.00,0.00,0.02,0.40
Cody Thomas,0.00,0.00,0.00,1.00,0.00,0.02,0.40
Cody Stashak,0.00,0.00,0.00,1.00,0.00,0.02,0.40
Cody Sedlock,0.00,0.00,0.00,1.00,0.00,0.02,0.40
Cody Scroggins,0.00,0.00,0.00,1.00,0.00,0.02,0.40
Cody Roberts,0.00,0.00,0.00,1.00,0.00,0.02,0.40
Cody Reed,0.00,0.00,0.00,1.00,0.00,0.02,0.40
Cody Ponce,0.00,0.00,0.00,1.00,0.00,0.02,0.40
Cody Morris,0.00,0.00,0.00,1.00,0.00,0.02,0.40
Cody Morissette,0.00,0.00,0.00,1.00,0.00,0.02,0.40
Cody Mincey,0.00,0.00,0.00,1.00,0.00,0.02,0.40
Cody Milligan,0.00,0.00,0.00,1.00,0.00,0.02,0.40
Cody Laweryson,0.00,0.00,0.00,1.00,0.00,0.02,0.40
Cody Greenhill,0.00,0.00,0.00,1.00,0.00,0.02,0.40
Cody Freeman,0.00,0.00,0.00,1.00,0.00,0.02,0.40
Cody Deason,0.00,0.00,0.00,1.00,0.00,0.02,0.40
Cole Fontenelle,0.00,0.00,0.00,1.00,0.00,0.02,0.40
Cole Freeman,0.00,0.00,0.00,1.00,0.00,0.02,0.40
Christian Cairo,0.00,0.00,0.00,1.00,0.00,0.02,0.40
Cole Gabrielson,0.00,0.00,0.00,1.00,0.00,0.02,0.40
Colin Simpson,0.00,0.00,0.00,1.00,0.00,0.02,0.40
Colin Schmid,0.00,0.00,0.00,1.00,0.00,0.02,0.40
Colin Peluse,0.00,0.00,0.00,1.00,0.00,0.02,0.40
Colin Moran,0.00,0.00,0.00,1.00,0.00,0.02,0.40
Colin McKee,0.00,0.00,0.00,1.00,0.00,0.02,0.40
Colin Houck,0.00,0.00,0.00,1.00,0.00,0.02,0.40
Colin Fields,0.00,0.00,0.00,1.00,0.00,0.02,0.40
Colin Davis,0.00,0.00,0.00,1.00,0.00,0.02,0.40
Colin Barber,0.00,0.00,0.00,1.00,0.00,0.02,0.40
Coleman Huntley III,0.00,0.00,0.00,1.00,0.00,0.02,0.40
Coleman Crow,0.00,0.00,0.00,1.00,0.00,0.02,0.40
Cole Winn,0.00,0.00,0.00,1.00,0.00,0.02,0.40
Cole Wilcox,0.00,0.00,0.00,1.00,0.00,0.02,0.40
Cole Uvila,0.00,0.00,0.00,1.00,0.00,0.02,0.40
Cole Urman,0.00,0.00,0.00,1.00,0.00,0.02,0.40
Cole Turney,0.00,0.00,0.00,1.00,0.00,0.02,0.40
Cole Tucker,0.00,0.00,0.00,1.00,0.00,0.02,0.40
Cole Sturgeon,0.00,0.00,0.00,1.00,0.00,0.02,0.40
Cole Stupp,0.00,0.00,0.00,1.00,0.00,0.02,0.40
Cole Schoenwetter,0.00,0.00,0.00,1.00,0.00,0.02,0.40
Cole Roederer,0.00,0.00,0.00,1.00,0.00,0.02,0.40
Cole Roberts,0.00,0.00,0.00,1.00,0.00,0.02,0.40
Cole Percival,0.00,0.00,0.00,1.00,0.00,0.02,0.40
Cole Patten,0.00,0.00,0.00,1.00,0.00,0.02,0.40
Cole Paplham,0.00,0.00,0.00,1.00,0.00,0.02,0.40
Cole Moore,0.00,0.00,0.00,1.00,0.00,0.02,0.40
Cole McDonald,0.00,0.00,0.00,1.00,0.00,0.02,0.40
Cole Kirschsieper,0.00,0.00,0.00,1.00,0.00,0.02,0.40
Cole Hillier,0.00,0.00,0.00,1.00,0.00,0.02,0.40
Cody Carroll,0.00,0.00,0.00,1.00,0.00,0.02,0.40
Cody Bohanek,0.00,0.00,0.00,1.00,0.00,0.02,0.40
Cody Adcock,0.00,0.00,0.00,1.00,0.00,0.02,0.40
Codi Heuer,0.00,0.00,0.00,1.00,0.00,0.02,0.40
Christian Zazueta,0.00,0.00,0.00,1.00,0.00,0.02,0.40
Christian Young,0.00,0.00,0.00,1.00,0.00,0.02,0.40
Christian Tripp,0.00,0.00,0.00,1.00,0.00,0.02,0.40
Christian Suarez,0.00,0.00,0.00,1.00,0.00,0.02,0.40
Christian Sepulveda,0.00,0.00,0.00,1.00,0.00,0.02,0.40
Christian Scott,0.00,0.00,0.00,1.00,0.00,0.02,0.40
Christian Saez,0.00,0.00,0.00,1.00,0.00,0.02,0.40
Christian Ruebeck,0.00,0.00,0.00,1.00,0.00,0.02,0.40
Christian Romero,0.00,0.00,0.00,1.00,0.00,0.02,0.40
Christian Rodriguez,0.00,0.00,0.00,1.00,0.00,0.02,0.40
Christian Pregent,0.00,0.00,0.00,1.00,0.00,0.02,0.40
Christian Oppor,0.00,0.00,0.00,1.00,0.00,0.02,0.40
Christian Olivo,0.00,0.00,0.00,1.00,0.00,0.02,0.40
Christian Montes De Oca,0.00,0.00,0.00,1.00,0.00,0.02,0.40
Christian Molfetta,0.00,0.00,0.00,1.00,0.00,0.02,0.40
Christian Mejias,0.00,0.00,0.00,1.00,0.00,0.02,0.40
Christian McGowan,0.00,0.00,0.00,1.00,0.00,0.02,0.40
Christian MacLeod,0.00,0.00,0.00,1.00,0.00,0.02,0.40
Christian Lopes,0.00,0.00,0.00,1.00,0.00,0.02,0.40
Christian Koss,0.00,0.00,0.00,1.00,0.00,0.02,0.40
Christian Knapczyk,0.00,0.00,0.00,1.00,0.00,0.02,0.40
Christian Gonzalez,0.00,0.00,0.00,1.00,0.00,0.02,0.40
Christian Franklin,0.00,0.00,0.00,1.00,0.00,0.02,0.40
Christian Fernandez,0.00,0.00,0.00,1.00,0.00,0.02,0.40
Christian Edwards,0.00,0.00,0.00,1.00,0.00,0.02,0.40
Christian Cosby,0.00,0.00,0.00,1.00,0.00,0.02,0.40
Christian Ciuffetelli,0.00,0.00,0.00,1.00,0.00,0.02,0.40
Christian Chamberlain,0.00,0.00,0.00,1.00,0.00,0.02,0.40
Christian Cerda,0.00,0.00,0.00,1.00,0.00,0.02,0.40
Christin Stewart,0.00,0.00,0.00,1.00,0.00,0.02,0.40
Christofer Reyes,0.00,0.00,0.00,1.00,0.00,0.02,0.40
Christopher Alvarado,0.00,0.00,0.00,1.00,0.00,0.02,0.40
Claudio Simon,0.00,0.00,0.00,1.00,0.00,0.02,0.40
Coby Morales,0.00,0.00,0.00,1.00,0.00,0.02,0.40
Clint Frazier,0.00,0.00,0.00,1.00,0.00,0.02,0.40
Clint Coulter,0.00,0.00,0.00,1.00,0.00,0.02,0.40
Clevari Tejada,0.00,0.00,0.00,1.00,0.00,0.02,0.40
Cleudis Valenzuela,0.00,0.00,0.00,1.00,0.00,0.02,0.40
Cleiverth Perez,0.00,0.00,0.00,1.00,0.00,0.02,0.40
Cleiber Maldonado,0.00,0.00,0.00,1.00,0.00,0.02,0.40
Clayton McGinness,0.00,0.00,0.00,1.00,0.00,0.02,0.40
Clayton Campbell,0.00,0.00,0.00,1.00,0.00,0.02,0.40
Clayton Andrews,0.00,0.00,0.00,1.00,0.00,0.02,0.40
Clay Winklaar,0.00,0.00,0.00,1.00,0.00,0.02,0.40
Clay Dungan,0.00,0.00,0.00,1.00,0.00,0.02,0.40
Clay Aguilar,0.00,0.00,0.00,1.00,0.00,0.02,0.40
Claudio Gatier,0.00,0.00,0.00,1.00,0.00,0.02,0.40
Christopher De La Cruz,0.00,0.00,0.00,1.00,0.00,0.02,0.40
Claudio Galva,0.00,0.00,0.00,1.00,0.00,0.02,0.40
Claudio Finol,0.00,0.00,0.00,1.00,0.00,0.02,0.40
Claudiel Lantigua,0.00,0.00,0.00,1.00,0.00,0.02,0.40
Clark Elliott,0.00,0.00,0.00,1.00,0.00,0.02,0.40
Clark Cota,0.00,0.00,0.00,1.00,0.00,0.02,0.40
Christopher Vasquez,0.00,0.00,0.00,1.00,0.00,0.02,0.40
Christopher Troye,0.00,0.00,0.00,1.00,0.00,0.02,0.40
Christopher Suero,0.00,0.00,0.00,1.00,0.00,0.02,0.40
Christopher Paciolla,0.00,0.00,0.00,1.00,0.00,0.02,0.40
Christopher Orelin,0.00,0.00,0.00,1.00,0.00,0.02,0.40
Christopher Hernandez,0.00,0.00,0.00,1.00,0.00,0.02,0.40
Christopher Familia,0.00,0.00,0.00,1.00,0.00,0.02,0.40
Christopher Espinola,0.00,0.00,0.00,1.00,0.00,0.02,0.40
Cesar Ayala,0.00,0.00,0.00,1.00,0.00,0.02,0.40
Cesar Aquino,0.00,0.00,0.00,1.00,0.00,0.02,0.40
Cedric De Grandpre,0.00,0.00,0.00,1.00,0.00,0.02,0.40
Calvin Ziegler,0.00,0.00,0.00,1.00,0.00,0.02,0.40
Calvin Coker,0.00,0.00,0.00,1.00,0.00,0.02,0.40
Callum Wallace,0.00,0.00,0.00,1.00,0.00,0.02,0.40
Caleb Wurster,0.00,0.00,0.00,1.00,0.00,0.02,0.40
Caleb Smith,0.00,0.00,0.00,1.00,0.00,0.02,0.40
Caleb Simpson,0.00,0.00,0.00,1.00,0.00,0.02,0.40
Caleb Sampen,0.00,0.00,0.00,1.00,0.00,0.02,0.40
Caleb Roberts,0.00,0.00,0.00,1.00,0.00,0.02,0.40
Caleb Ricketts,0.00,0.00,0.00,1.00,0.00,0.02,0.40
Caleb Pendleton,0.00,0.00,0.00,1.00,0.00,0.02,0.40
Caleb Knight,0.00,0.00,0.00,1.00,0.00,0.02,0.40
Caleb Ketchup,0.00,0.00,0.00,1.00,0.00,0.02,0.40
Caleb Hobson,0.00,0.00,0.00,1.00,0.00,0.02,0.40
Caleb Hamilton,0.00,0.00,0.00,1.00,0.00,0.02,0.40
Caleb Freeman,0.00,0.00,0.00,1.00,0.00,0.02,0.40
Caleb Franzen,0.00,0.00,0.00,1.00,0.00,0.02,0.40
Caleb Farmer,0.00,0.00,0.00,1.00,0.00,0.02,0.40
Caleb Cali,0.00,0.00,0.00,1.00,0.00,0.02,0.40
Caleb Boushley,0.00,0.00,0.00,1.00,0.00,0.02,0.40
Caleb Bolden,0.00,0.00,0.00,1.00,0.00,0.02,0.40
Caleb Bartolero,0.00,0.00,0.00,1.00,0.00,0.02,0.40
Caleb Baragar,0.00,0.00,0.00,1.00,0.00,0.02,0.40
Cale Lansville,0.00,0.00,0.00,1.00,0.00,0.02,0.40
Cal Mitchell,0.00,0.00,0.00,1.00,0.00,0.02,0.40
Cal Conley,0.00,0.00,0.00,1.00,0.00,0.02,0.40
Caeden Trenkle,0.00,0.00,0.00,1.00,0.00,0.02,0.40
Cadyn Grenier,0.00,0.00,0.00,1.00,0.00,0.02,0.40
Caden Rose,0.00,0.00,0.00,1.00,0.00,0.02,0.40
Caden Monke,0.00,0.00,0.00,1.00,0.00,0.02,0.40
Caden Grice,0.00,0.00,0.00,1.00,0.00,0.02,0.40
Calvin Harris,0.00,0.00,0.00,1.00,0.00,0.02,0.40
Cam Alldred,0.00,0.00,0.00,1.00,0.00,0.02,0.40
Cayne Ueckert,0.00,0.00,0.00,1.00,0.00,0.02,0.40
Cam Bedrosian,0.00,0.00,0.00,1.00,0.00,0.02,0.40
Cameron Wagoner,0.00,0.00,0.00,1.00,0.00,0.02,0.40
Cameron Masterman,0.00,0.00,0.00,1.00,0.00,0.02,0.40
Cameron Leonard,0.00,0.00,0.00,1.00,0.00,0.02,0.40
Cameron Junker,0.00,0.00,0.00,1.00,0.00,0.02,0.40
Cameron Foster,0.00,0.00,0.00,1.00,0.00,0.02,0.40
Cameron Decker,0.00,0.00,0.00,1.00,0.00,0.02,0.40
Cameron Cotter,0.00,0.00,0.00,1.00,0.00,0.02,0.40
Cameron Cauley,0.00,0.00,0.00,1.00,0.00,0.02,0.40
Cameron Bishop,0.00,0.00,0.00,1.00,0.00,0.02,0.40
Cameron Barstad,0.00,0.00,0.00,1.00,0.00,0.02,0.40
Camden Duzenack,0.00,0.00,0.00,1.00,0.00,0.02,0.40
Cam Wynne,0.00,0.00,0.00,1.00,0.00,0.02,0.40
Cam Williams,0.00,0.00,0.00,1.00,0.00,0.02,0.40
Cam Vieaux,0.00,0.00,0.00,1.00,0.00,0.02,0.40
Cam Tullar,0.00,0.00,0.00,1.00,0.00,0.02,0.40
Cam Smith,0.00,0.00,0.00,1.00,0.00,0.02,0.40
Cam Schlittler,0.00,0.00,0.00,1.00,0.00,0.02,0.40
Cam Sanders,0.00,0.00,0.00,1.00,0.00,0.02,0.40
Cam Robinson,0.00,0.00,0.00,1.00,0.00,0.02,0.40
Cam Opp,0.00,0.00,0.00,1.00,0.00,0.02,0.40
Cam Magee,0.00,0.00,0.00,1.00,0.00,0.02,0.40
Cam Gallagher,0.00,0.00,0.00,1.00,0.00,0.02,0.40
Cam Fisher,0.00,0.00,0.00,1.00,0.00,0.02,0.40
Cam Eden,0.00,0.00,0.00,1.00,0.00,0.02,0.40
Cam Devanney,0.00,0.00,0.00,1.00,0.00,0.02,0.40
Cam Day,0.00,0.00,0.00,1.00,0.00,0.02,0.40
Cam Collier,0.00,0.00,0.00,1.00,0.00,0.02,0.40
Cam Cannon,0.00,0.00,0.00,1.00,0.00,0.02,0.40
Cam Brown,0.00,0.00,0.00,1.00,0.00,0.02,0.40
Caden Connor,0.00,0.00,0.00,1.00,0.00,0.02,0.40
Cade Winquest,0.00,0.00,0.00,1.00,0.00,0.02,0.40
Cade Kuehler,0.00,0.00,0.00,1.00,0.00,0.02,0.40
Cade Hunter,0.00,0.00,0.00,1.00,0.00,0.02,0.40
Bryson Horne,0.00,0.00,0.00,1.00,0.00,0.02,0.40
Bryson Hammer,0.00,0.00,0.00,1.00,0.00,0.02,0.40
Bryson Brigman,0.00,0.00,0.00,1.00,0.00,0.02,0.40
Brycen Mautz,0.00,0.00,0.00,1.00,0.00,0.02,0.40
Bryce Willits,0.00,0.00,0.00,1.00,0.00,0.02,0.40
Bryce Warrecker,0.00,0.00,0.00,1.00,0.00,0.02,0.40
Bryce Teodosio,0.00,0.00,0.00,1.00,0.00,0.02,0.40
Bryce Tassin,0.00,0.00,0.00,1.00,0.00,0.02,0.40
Bryce Osmond,0.00,0.00,0.00,1.00,0.00,0.02,0.40
Bryce Montes de Oca,0.00,0.00,0.00,1.00,0.00,0.02,0.40
Bryce McGowan,0.00,0.00,0.00,1.00,0.00,0.02,0.40
Bryce Hubbart,0.00,0.00,0.00,1.00,0.00,0.02,0.40
Bryce Conley,0.00,0.00,0.00,1.00,0.00,0.02,0.40
Bryce Collins,0.00,0.00,0.00,1.00,0.00,0.02,0.40
Bryce Bonnin,0.00,0.00,0.00,1.00,0.00,0.02,0.40
Bryce Ball,0.00,0.00,0.00,1.00,0.00,0.02,0.40
Bryce Arnold,0.00,0.00,0.00,1.00,0.00,0.02,0.40
Bryant Salgado,0.00,0.00,0.00,1.00,0.00,0.02,0.40
Bryant Quijada,0.00,0.00,0.00,1.00,0.00,0.02,0.40
Bryant Packard,0.00,0.00,0.00,1.00,0.00,0.02,0.40
Bryant Mendez,0.00,0.00,0.00,1.00,0.00,0.02,0.40
Bryant Landaeta,0.00,0.00,0.00,1.00,0.00,0.02,0.40
Bryant Betancourt,0.00,0.00,0.00,1.00,0.00,0.02,0.40
Bryan Torres,0.00,0.00,0.00,1.00,0.00,0.02,0.40
Bryan Sanchez,0.00,0.00,0.00,1.00,0.00,0.02,0.40
Bryan Sammons,0.00,0.00,0.00,1.00,0.00,0.02,0.40
Bryan Rivera,0.00,0.00,0.00,1.00,0.00,0.02,0.40
Bryan Rincon,0.00,0.00,0.00,1.00,0.00,0.02,0.40
Bryan Pope,0.00,0.00,0.00,1.00,0.00,0.02,0.40
Bryson Ware,0.00,0.00,0.00,1.00,0.00,0.02,0.40
Bubba Alleyne,0.00,0.00,0.00,1.00,0.00,0.02,0.40
Bubba Derby,0.00,0.00,0.00,1.00,0.00,0.02,0.40
CD Pelham,0.00,0.00,0.00,1.00,0.00,0.02,0.40
Cade Horton,0.00,0.00,0.00,1.00,0.00,0.02,0.40
Cade Halemanu,0.00,0.00,0.00,1.00,0.00,0.02,0.40
Cade Gibson,0.00,0.00,0.00,1.00,0.00,0.02,0.40
Cade Fergus,0.00,0.00,0.00,1.00,0.00,0.02,0.40
Cade Feeney,0.00,0.00,0.00,1.00,0.00,0.02,0.40
Cade Doughty,0.00,0.00,0.00,1.00,0.00,0.02,0.40
Cade Denton,0.00,0.00,0.00,1.00,0.00,0.02,0.40
Cade Bunnell,0.00,0.00,0.00,1.00,0.00,0.02,0.40
Cade Austin,0.00,0.00,0.00,1.00,0.00,0.02,0.40
Caberea Weaver,0.00,0.00,0.00,1.00,0.00,0.02,0.40
CJ Weins,0.00,0.00,0.00,1.00,0.00,0.02,0.40
CJ Van Eyk,0.00,0.00,0.00,1.00,0.00,0.02,0.40
CJ Rodriguez,0.00,0.00,0.00,1.00,0.00,0.02,0.40
C.J. Widger,0.00,0.00,0.00,1.00,0.00,0.02,0.40
Bubba Hall,0.00,0.00,0.00,1.00,0.00,0.02,0.40
C.J. Stubbs,0.00,0.00,0.00,1.00,0.00,0.02,0.40
C.J. Mayhue,0.00,0.00,0.00,1.00,0.00,0.02,0.40
C.J. Kayfus,0.00,0.00,0.00,1.00,0.00,0.02,0.40
C.J. Hinojosa,0.00,0.00,0.00,1.00,0.00,0.02,0.40
C.J. Eldred,0.00,0.00,0.00,1.00,0.00,0.02,0.40
C.J. Culpepper,0.00,0.00,0.00,1.00,0.00,0.02,0.40
C.J. Cron,0.00,0.00,0.00,1.00,0.00,0.02,0.40
ByungHo Park,0.00,0.00,0.00,1.00,0.00,0.02,0.40
Byron Chourio,0.00,0.00,0.00,1.00,0.00,0.02,0.40
Byron Castillo,0.00,0.00,0.00,1.00,0.00,0.02,0.40
Bubby Rossman,0.00,0.00,0.00,1.00,0.00,0.02,0.40
Bubba Thompson,0.00,0.00,0.00,1.00,0.00,0.02,0.40
Bubba Hollins,0.00,0.00,0.00,1.00,0.00,0.02,0.40
Cameron Weston,0.00,0.00,0.00,1.00,0.00,0.02,0.40
Camilo Diaz,0.00,0.00,0.00,1.00,0.00,0.02,0.40
Camilo Hernandez,0.00,0.00,0.00,1.00,0.00,0.02,0.40
Carlos Pacheco,0.00,0.00,0.00,1.00,0.00,0.02,0.40
Carson Pierce,0.00,0.00,0.00,1.00,0.00,0.02,0.40
Carson McCusker,0.00,0.00,0.00,1.00,0.00,0.02,0.40
Carson Jones,0.00,0.00,0.00,1.00,0.00,0.02,0.40
Carson Jacobs,0.00,0.00,0.00,1.00,0.00,0.02,0.40
Carson Hobbs,0.00,0.00,0.00,1.00,0.00,0.02,0.40
Carson Coleman,0.00,0.00,0.00,1.00,0.00,0.02,0.40
Carson Carter,0.00,0.00,0.00,1.00,0.00,0.02,0.40
Carlton Perkins,0.00,0.00,0.00,1.00,0.00,0.02,0.40
Carlson Reed,0.00,0.00,0.00,1.00,0.00,0.02,0.40
Carlos Virahonda,0.00,0.00,0.00,1.00,0.00,0.02,0.40
Carlos Villarroel,0.00,0.00,0.00,1.00,0.00,0.02,0.40
Carlos Vicioso,0.00,0.00,0.00,1.00,0.00,0.02,0.40
Carlos Vasquez,0.00,0.00,0.00,1.00,0.00,0.02,0.40
Carlos Torres,0.00,0.00,0.00,1.00,0.00,0.02,0.40
Carlos Tirado,0.00,0.00,0.00,1.00,0.00,0.02,0.40
Carlos Tavera,0.00,0.00,0.00,1.00,0.00,0.02,0.40
Carlos Tavares,0.00,0.00,0.00,1.00,0.00,0.02,0.40
Carlos Silva,0.00,0.00,0.00,1.00,0.00,0.02,0.40
Carlos Sarmiento,0.00,0.00,0.00,1.00,0.00,0.02,0.40
Carlos Santiago,0.00,0.00,0.00,1.00,0.00,0.02,0.40
Carlos Sanchez,0.00,0.00,0.00,1.00,0.00,0.02,0.40
Carlos Romero,0.00,0.00,0.00,1.00,0.00,0.02,0.40
Carlos Rojas,0.00,0.00,0.00,1.00,0.00,0.02,0.40
Carlos Rodríguez,0.00,0.00,0.00,1.00,0.00,0.02,0.40
Carlos Rincon,0.00,0.00,0.00,1.00,0.00,0.02,0.40
Carlos Rey,0.00,0.00,0.00,1.00,0.00,0.02,0.40
Carlos Renzullo,0.00,0.00,0.00,1.00,0.00,0.02,0.40
Carlos Pérez,0.00,0.00,0.00,1.00,0.00,0.02,0.40
Carlos Pena,0.00,0.00,0.00,1.00,0.00,0.02,0.40
Carson Roccaforte,0.00,0.00,0.00,1.00,0.00,0.02,0.40
Carson Rudd,0.00,0.00,0.00,1.00,0.00,0.02,0.40
Carson Skipper,0.00,0.00,0.00,1.00,0.00,0.02,0.40
Carter Young,0.00,0.00,0.00,1.00,0.00,0.02,0.40
Cayden Wallace,0.00,0.00,0.00,1.00,0.00,0.02,0.40
Caswell Smith,0.00,0.00,0.00,1.00,0.00,0.02,0.40
Casey Yamauchi,0.00,0.00,0.00,1.00,0.00,0.02,0.40
Casey Steward,0.00,0.00,0.00,1.00,0.00,0.02,0.40
Casey Saucke,0.00,0.00,0.00,1.00,0.00,0.02,0.40
Casey Sadler,0.00,0.00,0.00,1.00,0.00,0.02,0.40
Casey Opitz,0.00,0.00,0.00,1.00,0.00,0.02,0.40
Casey Martin,0.00,0.00,0.00,1.00,0.00,0.02,0.40
Casey Kelly,0.00,0.00,0.00,1.00,0.00,0.02,0.40
Casey Dana,0.00,0.00,0.00,1.00,0.00,0.02,0.40
Casey Cobb,0.00,0.00,0.00,1.00,0.00,0.02,0.40
Casey Anderson,0.00,0.00,0.00,1.00,0.00,0.02,0.40
Case Williams,0.00,0.00,0.00,1.00,0.00,0.02,0.40
Carter Williams,0.00,0.00,0.00,1.00,0.00,0.02,0.40
Carson Taylor,0.00,0.00,0.00,1.00,0.00,0.02,0.40
Carter Trice,0.00,0.00,0.00,1.00,0.00,0.02,0.40
Carter Spivey,0.00,0.00,0.00,1.00,0.00,0.02,0.40
Carter Loewen,0.00,0.00,0.00,1.00,0.00,0.02,0.40
Carter Kieboom,0.00,0.00,0.00,1.00,0.00,0.02,0.40
Carter Johnson,0.00,0.00,0.00,1.00,0.00,0.02,0.40
Carter Jensen,0.00,0.00,0.00,1.00,0.00,0.02,0.40
Carter Howell,0.00,0.00,0.00,1.00,0.00,0.02,0.40
Carter Graham,0.00,0.00,0.00,1.00,0.00,0.02,0.40
Carter Bins,0.00,0.00,0.00,1.00,0.00,0.02,0.40
Carter Baumler,0.00,0.00,0.00,1.00,0.00,0.02,0.40
Carter Aldrete,0.00,0.00,0.00,1.00,0.00,0.02,0.40
Carson Tucker,0.00,0.00,0.00,1.00,0.00,0.02,0.40
Carson Teel,0.00,0.00,0.00,1.00,0.00,0.02,0.40
Carlos Pelegrin,0.00,0.00,0.00,1.00,0.00,0.02,0.40
Carlos Oviedo,0.00,0.00,0.00,1.00,0.00,0.02,0.40
Camilo Sanchez,0.00,0.00,0.00,1.00,0.00,0.02,0.40
Carlos Monteverde,0.00,0.00,0.00,1.00,0.00,0.02,0.40
Carlos Cortes,0.00,0.00,0.00,1.00,0.00,0.02,0.40
Carlos Cordero,0.00,0.00,0.00,1.00,0.00,0.02,0.40
Carlos Concepcion,0.00,0.00,0.00,1.00,0.00,0.02,0.40
Carlos Colmenarez,0.00,0.00,0.00,1.00,0.00,0.02,0.40
Carlos Cauro,0.00,0.00,0.00,1.00,0.00,0.02,0.40
Carlos Castillo,0.00,0.00,0.00,1.00,0.00,0.02,0.40
Carlos Carrasquel,0.00,0.00,0.00,1.00,0.00,0.02,0.40
Carlos Caro,0.00,0.00,0.00,1.00,0.00,0.02,0.40
Carlos Carmona,0.00,0.00,0.00,1.00,0.00,0.02,0.40
Carlos Canales,0.00,0.00,0.00,1.00,0.00,0.02,0.40
Carlos Campos,0.00,0.00,0.00,1.00,0.00,0.02,0.40
Carlos Calderon,0.00,0.00,0.00,1.00,0.00,0.02,0.40
Carlos Brito,0.00,0.00,0.00,1.00,0.00,0.02,0.40
Carlos Blanco,0.00,0.00,0.00,1.00,0.00,0.02,0.40
Carlos Betancourt,0.00,0.00,0.00,1.00,0.00,0.02,0.40
Carlos Belen,0.00,0.00,0.00,1.00,0.00,0.02,0.40
Carlos Batista,0.00,0.00,0.00,1.00,0.00,0.02,0.40
Carlos Avila,0.00,0.00,0.00,1.00,0.00,0.02,0.40
Carlos Arroyo,0.00,0.00,0.00,1.00,0.00,0.02,0.40
Carlos Amaya,0.00,0.00,0.00,1.00,0.00,0.02,0.40
Carlos Altuve,0.00,0.00,0.00,1.00,0.00,0.02,0.40
Carlos Aguiar,0.00,0.00,0.00,1.00,0.00,0.02,0.40
Carlos A. Francisco,0.00,0.00,0.00,1.00,0.00,0.02,0.40
Carlos  Garces,0.00,0.00,0.00,1.00,0.00,0.02,0.40
Carlo Reyes,0.00,0.00,0.00,1.00,0.00,0.02,0.40
Carl Edwards Jr.,0.00,0.00,0.00,1.00,0.00,0.02,0.40
Capri Ortiz,0.00,0.00,0.00,1.00,0.00,0.02,0.40
Candido Cuevas,0.00,0.00,0.00,1.00,0.00,0.02,0.40
Canaan Smith-Njigba,0.00,0.00,0.00,1.00,0.00,0.02,0.40
Carlos De La Cruz,0.00,0.00,0.00,1.00,0.00,0.02,0.40
Carlos De Los Santos,0.00,0.00,0.00,1.00,0.00,0.02,0.40
Carlos De Sousa,0.00,0.00,0.00,1.00,0.00,0.02,0.40
Carlos Lequerica,0.00,0.00,0.00,1.00,0.00,0.02,0.40
Carlos Molina,0.00,0.00,0.00,1.00,0.00,0.02,0.40
Carlos Millan,0.00,0.00,0.00,1.00,0.00,0.02,0.40
Carlos Meza,0.00,0.00,0.00,1.00,0.00,0.02,0.40
Carlos Mendoza,0.00,0.00,0.00,1.00,0.00,0.02,0.40
Carlos Matias,0.00,0.00,0.00,1.00,0.00,0.02,0.40
Carlos Mateo,0.00,0.00,0.00,1.00,0.00,0.02,0.40
Carlos Martinez,0.00,0.00,0.00,1.00,0.00,0.02,0.40
Carlos Marcano,0.00,0.00,0.00,1.00,0.00,0.02,0.40
Carlos Luna,0.00,0.00,0.00,1.00,0.00,0.02,0.40
Carlos Luis,0.00,0.00,0.00,1.00,0.00,0.02,0.40
Carlos Lopez,0.00,0.00,0.00,1.00,0.00,0.02,0.40
Carlos Lomeli,0.00,0.00,0.00,1.00,0.00,0.02,0.40
Carlos Linarez,0.00,0.00,0.00,1.00,0.00,0.02,0.40
Carlos Lagrange,0.00,0.00,0.00,1.00,0.00,0.02,0.40
Carlos Dominguez,0.00,0.00,0.00,1.00,0.00,0.02,0.40
Carlos Jorge,0.00,0.00,0.00,1.00,0.00,0.02,0.40
Carlos Jimenez,0.00,0.00,0.00,1.00,0.00,0.02,0.40
Carlos Hinestroza,0.00,0.00,0.00,1.00,0.00,0.02,0.40
Carlos Guzman,0.00,0.00,0.00,1.00,0.00,0.02,0.40
Carlos Gutierrez,0.00,0.00,0.00,1.00,0.00,0.02,0.40
Carlos Guarate,0.00,0.00,0.00,1.00,0.00,0.02,0.40
Carlos Gonzalez,0.00,0.00,0.00,1.00,0.00,0.02,0.40
Carlos Gomez,0.00,0.00,0.00,1.00,0.00,0.02,0.40
Carlos Garcia,0.00,0.00,0.00,1.00,0.00,0.02,0.40
Carlos Franco,0.00,0.00,0.00,1.00,0.00,0.02,0.40
Carlos Espinosa,0.00,0.00,0.00,1.00,0.00,0.02,0.40
Carlos Espinal,0.00,0.00,0.00,1.00,0.00,0.02,0.40
Carlos Duran,0.00,0.00,0.00,1.00,0.00,0.02,0.40
Collin Baumgartner,0.00,0.00,0.00,1.00,0.00,0.02,0.40
Collin Kober,0.00,0.00,0.00,1.00,0.00,0.02,0.40
Bryan Peña,0.00,0.00,0.00,1.00,0.00,0.02,0.40
David Sanchez,0.00,0.00,0.00,1.00,0.00,0.02,0.40
David Rodriguez,0.00,0.00,0.00,1.00,0.00,0.02,0.40
David Price,0.00,0.00,0.00,1.00,0.00,0.02,0.40
David Phelps,0.00,0.00,0.00,1.00,0.00,0.02,0.40
David Parkinson,0.00,0.00,0.00,1.00,0.00,0.02,0.40
David Olivo,0.00,0.00,0.00,1.00,0.00,0.02,0.40
David Morillo,0.00,0.00,0.00,1.00,0.00,0.02,0.40
David Morgan,0.00,0.00,0.00,1.00,0.00,0.02,0.40
David Mershon,0.00,0.00,0.00,1.00,0.00,0.02,0.40
David McKay,0.00,0.00,0.00,1.00,0.00,0.02,0.40
David McCabe,0.00,0.00,0.00,1.00,0.00,0.02,0.40
David Martin,0.00,0.00,0.00,1.00,0.00,0.02,0.40
David MacKinnon,0.00,0.00,0.00,1.00,0.00,0.02,0.40
David Lorduy,0.00,0.00,0.00,1.00,0.00,0.02,0.40
David Leon,0.00,0.00,0.00,1.00,0.00,0.02,0.40
David Leal,0.00,0.00,0.00,1.00,0.00,0.02,0.40
David Hollie,0.00,0.00,0.00,1.00,0.00,0.02,0.40
David Hess,0.00,0.00,0.00,1.00,0.00,0.02,0.40
David Hale,0.00,0.00,0.00,1.00,0.00,0.02,0.40
David Guzman,0.00,0.00,0.00,1.00,0.00,0.02,0.40
David Griffin,0.00,0.00,0.00,1.00,0.00,0.02,0.40
David García,0.00,0.00,0.00,1.00,0.00,0.02,0.40
David Freitas,0.00,0.00,0.00,1.00,0.00,0.02,0.40
David Fletcher,0.00,0.00,0.00,1.00,0.00,0.02,0.40
David Ellingson,0.00,0.00,0.00,1.00,0.00,0.02,0.40
David Dominguez,0.00,0.00,0.00,1.00,0.00,0.02,0.40
David Davalillo,0.00,0.00,0.00,1.00,0.00,0.02,0.40
David Dahl,0.00,0.00,0.00,1.00,0.00,0.02,0.40
David Carrera,0.00,0.00,0.00,1.00,0.00,0.02,0.40
David Calabrese,0.00,0.00,0.00,1.00,0.00,0.02,0.40
David Rodríguez,0.00,0.00,0.00,1.00,0.00,0.02,0.40
David Sandlin,0.00,0.00,0.00,1.00,0.00,0.02,0.40
Deivy Paulino,0.00,0.00,0.00,1.00,0.00,0.02,0.40
David Smith,0.00,0.00,0.00,1.00,0.00,0.02,0.40
Deivis Nadal,0.00,0.00,0.00,1.00,0.00,0.02,0.40
Deivis Mosquera,0.00,0.00,0.00,1.00,0.00,0.02,0.40
Deiver Oliveros,0.00,0.00,0.00,1.00,0.00,0.02,0.40
Deinys Gonzalez,0.00,0.00,0.00,1.00,0.00,0.02,0.40
Deibi Rodriguez,0.00,0.00,0.00,1.00,0.00,0.02,0.40
Dee Strange-Gordon,0.00,0.00,0.00,1.00,0.00,0.02,0.40
Deck McGuire,0.00,0.00,0.00,1.00,0.00,0.02,0.40
Dayton Dooney,0.00,0.00,0.00,1.00,0.00,0.02,0.40
Dayro Perez,0.00,0.00,0.00,1.00,0.00,0.02,0.40
Daylen Lile,0.00,0.00,0.00,1.00,0.00,0.02,0.40
Dayker Baldallo,0.00,0.00,0.00,1.00,0.00,0.02,0.40
Dayeison Arias,0.00,0.00,0.00,1.00,0.00,0.02,0.40
Dayan Reinoso,0.00,0.00,0.00,1.00,0.00,0.02,0.40
Dayan Frias,0.00,0.00,0.00,1.00,0.00,0.02,0.40
Dax Fulton,0.00,0.00,0.00,1.00,0.00,0.02,0.40
Dawson Dimon,0.00,0.00,0.00,1.00,0.00,0.02,0.40
Dawry Segura,0.00,0.00,0.00,1.00,0.00,0.02,0.40
Dawil Almonte,0.00,0.00,0.00,1.00,0.00,0.02,0.40
Dawel Serda,0.00,0.00,0.00,1.00,0.00,0.02,0.40
Dawel Joseph,0.00,0.00,0.00,1.00,0.00,0.02,0.40
Davison Palermo,0.00,0.00,0.00,1.00,0.00,0.02,0.40
Davis Wendzel,0.00,0.00,0.00,1.00,0.00,0.02,0.40
Davis Sharpe,0.00,0.00,0.00,1.00,0.00,0.02,0.40
Davis Schwab,0.00,0.00,0.00,1.00,0.00,0.02,0.40
Davis Polo,0.00,0.00,0.00,1.00,0.00,0.02,0.40
Davis Feldman,0.00,0.00,0.00,1.00,0.00,0.02,0.40
Davis Bradshaw,0.00,0.00,0.00,1.00,0.00,0.02,0.40
Davidxon Lara,0.00,0.00,0.00,1.00,0.00,0.02,0.40
David Tiburcio,0.00,0.00,0.00,1.00,0.00,0.02,0.40
David Buchanan,0.00,0.00,0.00,1.00,0.00,0.02,0.40
David Bracho,0.00,0.00,0.00,1.00,0.00,0.02,0.40
David Beckles,0.00,0.00,0.00,1.00,0.00,0.02,0.40
David Avitia,0.00,0.00,0.00,1.00,0.00,0.02,0.40
Darlin Mendez,0.00,0.00,0.00,1.00,0.00,0.02,0.40
Darlin Alcántara,0.00,0.00,0.00,1.00,0.00,0.02,0.40
Darius Vines,0.00,0.00,0.00,1.00,0.00,0.02,0.40
Darius Perry,0.00,0.00,0.00,1.00,0.00,0.02,0.40
Darius Hill,0.00,0.00,0.00,1.00,0.00,0.02,0.40
Darison Garcia,0.00,0.00,0.00,1.00,0.00,0.02,0.40
Daris Cordero,0.00,0.00,0.00,1.00,0.00,0.02,0.40
Dario Reynoso,0.00,0.00,0.00,1.00,0.00,0.02,0.40
Dario Laverde,0.00,0.00,0.00,1.00,0.00,0.02,0.40
Dario Gardea,0.00,0.00,0.00,1.00,0.00,0.02,0.40
Dario Borrero,0.00,0.00,0.00,1.00,0.00,0.02,0.40
Darin Ruf,0.00,0.00,0.00,1.00,0.00,0.02,0.40
Darin Gillies,0.00,0.00,0.00,1.00,0.00,0.02,0.40
Darien Núñez,0.00,0.00,0.00,1.00,0.00,0.02,0.40
Dariel Ramon,0.00,0.00,0.00,1.00,0.00,0.02,0.40
Dariel Polanco,0.00,0.00,0.00,1.00,0.00,0.02,0.40
Dariel Lopez,0.00,0.00,0.00,1.00,0.00,0.02,0.40
Dariel Gomez,0.00,0.00,0.00,1.00,0.00,0.02,0.40
Dariel Garcia,0.00,0.00,0.00,1.00,0.00,0.02,0.40
Dariel Francia,0.00,0.00,0.00,1.00,0.00,0.02,0.40
Dariel Arias,0.00,0.00,0.00,1.00,0.00,0.02,0.40
Darian Rivero,0.00,0.00,0.00,1.00,0.00,0.02,0.40
Darian Castillo,0.00,0.00,0.00,1.00,0.00,0.02,0.40
Dariam Gutierrez,0.00,0.00,0.00,1.00,0.00,0.02,0.40
Darcy Longstaff,0.00,0.00,0.00,1.00,0.00,0.02,0.40
Danyony Pulido,0.00,0.00,0.00,1.00,0.00,0.02,0.40
Danyer Sanabria,0.00,0.00,0.00,1.00,0.00,0.02,0.40
Danyer Cueva,0.00,0.00,0.00,1.00,0.00,0.02,0.40
Dante Mendoza,0.00,0.00,0.00,1.00,0.00,0.02,0.40
Darlin Moquete,0.00,0.00,0.00,1.00,0.00,0.02,0.40
Darlin Noboa,0.00,0.00,0.00,1.00,0.00,0.02,0.40
Darlin Pinales,0.00,0.00,0.00,1.00,0.00,0.02,0.40
Darwin De Leon,0.00,0.00,0.00,1.00,0.00,0.02,0.40
David  Landeta,0.00,0.00,0.00,1.00,0.00,0.02,0.40
Dauwin Gonzalez,0.00,0.00,0.00,1.00,0.00,0.02,0.40
Daury Zapata,0.00,0.00,0.00,1.00,0.00,0.02,0.40
Daury Vasquez,0.00,0.00,0.00,1.00,0.00,0.02,0.40
Daury Cabrera,0.00,0.00,0.00,1.00,0.00,0.02,0.40
Daury Arias,0.00,0.00,0.00,1.00,0.00,0.02,0.40
Dauri Lorenzo,0.00,0.00,0.00,1.00,0.00,0.02,0.40
Dauri Fernandez,0.00,0.00,0.00,1.00,0.00,0.02,0.40
Daulton Jefferies,0.00,0.00,0.00,1.00,0.00,0.02,0.40
Dashyll Tejeda,0.00,0.00,0.00,1.00,0.00,0.02,0.40
Dasan Brown,0.00,0.00,0.00,1.00,0.00,0.02,0.40
Darwinzon Hernández,0.00,0.00,0.00,1.00,0.00,0.02,0.40
Darwin Rodriguez,0.00,0.00,0.00,1.00,0.00,0.02,0.40
Darvin Garcia,0.00,0.00,0.00,1.00,0.00,0.02,0.40
Darlin Saladin,0.00,0.00,0.00,1.00,0.00,0.02,0.40
Darvin Cruz,0.00,0.00,0.00,1.00,0.00,0.02,0.40
Darryl Collins,0.00,0.00,0.00,1.00,0.00,0.02,0.40
Darrien Miller,0.00,0.00,0.00,1.00,0.00,0.02,0.40
Darren O'Day,0.00,0.00,0.00,1.00,0.00,0.02,0.40
Darren Bowen,0.00,0.00,0.00,1.00,0.00,0.02,0.40
Darrell Thompson,0.00,0.00,0.00,1.00,0.00,0.02,0.40
Darol Garcia,0.00,0.00,0.00,1.00,0.00,0.02,0.40
Darlyn Montero,0.00,0.00,0.00,1.00,0.00,0.02,0.40
Darlyn De Leon,0.00,0.00,0.00,1.00,0.00,0.02,0.40
Darlyn De La Cruz,0.00,0.00,0.00,1.00,0.00,0.02,0.40
Darling Solano,0.00,0.00,0.00,1.00,0.00,0.02,0.40
Darling Florentino,0.00,0.00,0.00,1.00,0.00,0.02,0.40
Darling Fernandez,0.00,0.00,0.00,1.00,0.00,0.02,0.40
Deivy Cruz,0.00,0.00,0.00,1.00,0.00,0.02,0.40
Delino DeShields,0.00,0.00,0.00,1.00,0.00,0.02,0.40
Collin Lowe,0.00,0.00,0.00,1.00,0.00,0.02,0.40
Dilan Figueredo,0.00,0.00,0.00,1.00,0.00,0.02,0.40
Dietrich Enns,0.00,0.00,0.00,1.00,0.00,0.02,0.40
Dielmon Urena,0.00,0.00,0.00,1.00,0.00,0.02,0.40
Diego Villegas,0.00,0.00,0.00,1.00,0.00,0.02,0.40
Diego Velasquez,0.00,0.00,0.00,1.00,0.00,0.02,0.40
Diego Rincones,0.00,0.00,0.00,1.00,0.00,0.02,0.40
Diego Palmero,0.00,0.00,0.00,1.00,0.00,0.02,0.40
Diego Omana,0.00,0.00,0.00,1.00,0.00,0.02,0.40
Diego Navarro,0.00,0.00,0.00,1.00,0.00,0.02,0.40
Diego Mosquera,0.00,0.00,0.00,1.00,0.00,0.02,0.40
Diego Infante,0.00,0.00,0.00,1.00,0.00,0.02,0.40
Diego Hernandez,0.00,0.00,0.00,1.00,0.00,0.02,0.40
Diego Guzman,0.00,0.00,0.00,1.00,0.00,0.02,0.40
Diego Granado,0.00,0.00,0.00,1.00,0.00,0.02,0.40
Diego Gonzalez,0.00,0.00,0.00,1.00,0.00,0.02,0.40
Diego Felix,0.00,0.00,0.00,1.00,0.00,0.02,0.40
Diego Dugarte,0.00,0.00,0.00,1.00,0.00,0.02,0.40
Diego Dominguez,0.00,0.00,0.00,1.00,0.00,0.02,0.40
Diego Chiquillo,0.00,0.00,0.00,1.00,0.00,0.02,0.40
Diego Cartaya,0.00,0.00,0.00,1.00,0.00,0.02,0.40
Diego Benitez,0.00,0.00,0.00,1.00,0.00,0.02,0.40
Diego Barrera,0.00,0.00,0.00,1.00,0.00,0.02,0.40
Didier Vargas,0.00,0.00,0.00,1.00,0.00,0.02,0.40
Didier Fuentes,0.00,0.00,0.00,1.00,0.00,0.02,0.40
Dianye Florentino,0.00,0.00,0.00,1.00,0.00,0.02,0.40
Dheygler Gimenez,0.00,0.00,0.00,1.00,0.00,0.02,0.40
Deyni Olivero,0.00,0.00,0.00,1.00,0.00,0.02,0.40
Deylen Miley,0.00,0.00,0.00,1.00,0.00,0.02,0.40
Deyer Zapata,0.00,0.00,0.00,1.00,0.00,0.02,0.40
Deybi Salcedo,0.00,0.00,0.00,1.00,0.00,0.02,0.40
Dikember Sanchez,0.00,0.00,0.00,1.00,0.00,0.02,0.40
Dilan Granadillo,0.00,0.00,0.00,1.00,0.00,0.02,0.40
Dellin Betances,0.00,0.00,0.00,1.00,0.00,0.02,0.40
Dilan Rosario,0.00,0.00,0.00,1.00,0.00,0.02,0.40
Domingo Acevedo,0.00,0.00,0.00,1.00,0.00,0.02,0.40
Dom Johnson,0.00,0.00,0.00,1.00,0.00,0.02,0.40
Dom Hamel,0.00,0.00,0.00,1.00,0.00,0.02,0.40
Doimil Perez,0.00,0.00,0.00,1.00,0.00,0.02,0.40
Dixon Machado,0.00,0.00,0.00,1.00,0.00,0.02,0.40
Diwarys Encarnacion,0.00,0.00,0.00,1.00,0.00,0.02,0.40
Diover De Aza,0.00,0.00,0.00,1.00,0.00,0.02,0.40
Diovel Mariano,0.00,0.00,0.00,1.00,0.00,0.02,0.40
Diosmerky Taveras,0.00,0.00,0.00,1.00,0.00,0.02,0.40
Diosfran Cabeza,0.00,0.00,0.00,1.00,0.00,0.02,0.40
Diosbel Arias,0.00,0.00,0.00,1.00,0.00,0.02,0.40
Diorys Guerrero,0.00,0.00,0.00,1.00,0.00,0.02,0.40
Diorland Zambrano,0.00,0.00,0.00,1.00,0.00,0.02,0.40
Dioris De La Rosa,0.00,0.00,0.00,1.00,0.00,0.02,0.40
Dionys Rodriguez,0.00,0.00,0.00,1.00,0.00,0.02,0.40
Dionmy Salon,0.00,0.00,0.00,1.00,0.00,0.02,0.40
Dioni Baez,0.00,0.00,0.00,1.00,0.00,0.02,0.40
Diomedes Hernandez,0.00,0.00,0.00,1.00,0.00,0.02,0.40
Diomede Sierra,0.00,0.00,0.00,1.00,0.00,0.02,0.40
Diogenes Almengo,0.00,0.00,0.00,1.00,0.00,0.02,0.40
Dinelson Lamet,0.00,0.00,0.00,1.00,0.00,0.02,0.40
Dillon Thomas,0.00,0.00,0.00,1.00,0.00,0.02,0.40
Dillon Tatum,0.00,0.00,0.00,1.00,0.00,0.02,0.40
Dillon Peters,0.00,0.00,0.00,1.00,0.00,0.02,0.40
Dillon Paulson,0.00,0.00,0.00,1.00,0.00,0.02,0.40
Dillon Overton,0.00,0.00,0.00,1.00,0.00,0.02,0.40
Dillon Maples,0.00,0.00,0.00,1.00,0.00,0.02,0.40
Dillon Larsen,0.00,0.00,0.00,1.00,0.00,0.02,0.40
Dillon Head,0.00,0.00,0.00,1.00,0.00,0.02,0.40
Dexters Peralta,0.00,0.00,0.00,1.00,0.00,0.02,0.40
Deward Tovar,0.00,0.00,0.00,1.00,0.00,0.02,0.40
Devonte Brown,0.00,0.00,0.00,1.00,0.00,0.02,0.40
Devon Roedahl,0.00,0.00,0.00,1.00,0.00,0.02,0.40
Derek Corro,0.00,0.00,0.00,1.00,0.00,0.02,0.40
Derek Casey,0.00,0.00,0.00,1.00,0.00,0.02,0.40
Derek Bernard,0.00,0.00,0.00,1.00,0.00,0.02,0.40
Dereck Salom,0.00,0.00,0.00,1.00,0.00,0.02,0.40
Dereck Rodríguez,0.00,0.00,0.00,1.00,0.00,0.02,0.40
Deolis Guerra,0.00,0.00,0.00,1.00,0.00,0.02,0.40
Denzer Guzman,0.00,0.00,0.00,1.00,0.00,0.02,0.40
Denyi Reyes,0.00,0.00,0.00,1.00,0.00,0.02,0.40
Denyerbe Gervis,0.00,0.00,0.00,1.00,0.00,0.02,0.40
Dennys Riera,0.00,0.00,0.00,1.00,0.00,0.02,0.40
Denny Roman,0.00,0.00,0.00,1.00,0.00,0.02,0.40
Denny Lima,0.00,0.00,0.00,1.00,0.00,0.02,0.40
Denny Larrondo,0.00,0.00,0.00,1.00,0.00,0.02,0.40
Denny Bentley,0.00,0.00,0.00,1.00,0.00,0.02,0.40
Dennis Ortega,0.00,0.00,0.00,1.00,0.00,0.02,0.40
Dennis Boatman,0.00,0.00,0.00,1.00,0.00,0.02,0.40
Denison Sanchez,0.00,0.00,0.00,1.00,0.00,0.02,0.40
Denis Reguillo,0.00,0.00,0.00,1.00,0.00,0.02,0.40
Denilson Aguila,0.00,0.00,0.00,1.00,0.00,0.02,0.40
Dencer Geraldo,0.00,0.00,0.00,1.00,0.00,0.02,0.40
Demetrius Sims,0.00,0.00,0.00,1.00,0.00,0.02,0.40
Demetrio Nadal,0.00,0.00,0.00,1.00,0.00,0.02,0.40
Demetrio Crisantes,0.00,0.00,0.00,1.00,0.00,0.02,0.40
Demarcus Evans,0.00,0.00,0.00,1.00,0.00,0.02,0.40
Delvis Matos,0.00,0.00,0.00,1.00,0.00,0.02,0.40
Delvis Alegre,0.00,0.00,0.00,1.00,0.00,0.02,0.40
Delvin Zinn,0.00,0.00,0.00,1.00,0.00,0.02,0.40
Delvin Pérez,0.00,0.00,0.00,1.00,0.00,0.02,0.40
Delvin Capellan,0.00,0.00,0.00,1.00,0.00,0.02,0.40
Derek Craft,0.00,0.00,0.00,1.00,0.00,0.02,0.40
Derek Cueto,0.00,0.00,0.00,1.00,0.00,0.02,0.40
Derek Diamond,0.00,0.00,0.00,1.00,0.00,0.02,0.40
Destin Dotson,0.00,0.00,0.00,1.00,0.00,0.02,0.40
Devin Smeltzer,0.00,0.00,0.00,1.00,0.00,0.02,0.40
Devin Saltiban,0.00,0.00,0.00,1.00,0.00,0.02,0.40
Devin Ortiz,0.00,0.00,0.00,1.00,0.00,0.02,0.40
Devin Mann,0.00,0.00,0.00,1.00,0.00,0.02,0.40
Devin Kirby,0.00,0.00,0.00,1.00,0.00,0.02,0.40
Devin Hurdle,0.00,0.00,0.00,1.00,0.00,0.02,0.40
Devin Hairston,0.00,0.00,0.00,1.00,0.00,0.02,0.40
Devin Foyle,0.00,0.00,0.00,1.00,0.00,0.02,0.40
Devin Conn,0.00,0.00,0.00,1.00,0.00,0.02,0.40
Devereaux Harrison,0.00,0.00,0.00,1.00,0.00,0.02,0.40
Deven Marrero,0.00,0.00,0.00,1.00,0.00,0.02,0.40
Develson Aria,0.00,0.00,0.00,1.00,0.00,0.02,0.40
Deuri Castillo,0.00,0.00,0.00,1.00,0.00,0.02,0.40
Deshandro Tromp,0.00,0.00,0.00,1.00,0.00,0.02,0.40
Derek Dietrich,0.00,0.00,0.00,1.00,0.00,0.02,0.40
Derwin Laya,0.00,0.00,0.00,1.00,0.00,0.02,0.40
Dervy Ventura,0.00,0.00,0.00,1.00,0.00,0.02,0.40
Dervin Andrade,0.00,0.00,0.00,1.00,0.00,0.02,0.40
Derrick Edington,0.00,0.00,0.00,1.00,0.00,0.02,0.40
Derniche Valdez,0.00,0.00,0.00,1.00,0.00,0.02,0.40
Dermis Ordonez,0.00,0.00,0.00,1.00,0.00,0.02,0.40
Derlin Figueroa,0.00,0.00,0.00,1.00,0.00,0.02,0.40
Derik Alcantara,0.00,0.00,0.00,1.00,0.00,0.02,0.40
Deretd Parra,0.00,0.00,0.00,1.00,0.00,0.02,0.40
Derek West,0.00,0.00,0.00,1.00,0.00,0.02,0.40
Derek True,0.00,0.00,0.00,1.00,0.00,0.02,0.40
Derek Molina,0.00,0.00,0.00,1.00,0.00,0.02,0.40
Derek Holland,0.00,0.00,0.00,1.00,0.00,0.02,0.40
Dante Biasi,0.00,0.00,0.00,1.00,0.00,0.02,0.40
Danny Wirchansky,0.00,0.00,0.00,1.00,0.00,0.02,0.40
Danny Wilkinson,0.00,0.00,0.00,1.00,0.00,0.02,0.40
Cristian Gonzalez,0.00,0.00,0.00,1.00,0.00,0.02,0.40
Cristian Galindo,0.00,0.00,0.00,1.00,0.00,0.02,0.40
Cristian Feliz,0.00,0.00,0.00,1.00,0.00,0.02,0.40
Cristian Diaz,0.00,0.00,0.00,1.00,0.00,0.02,0.40
Cristian Charle,0.00,0.00,0.00,1.00,0.00,0.02,0.40
Cristian Benavides,0.00,0.00,0.00,1.00,0.00,0.02,0.40
Cristian Arguelles,0.00,0.00,0.00,1.00,0.00,0.02,0.40
Cristhofer Gonzalez,0.00,0.00,0.00,1.00,0.00,0.02,0.40
Cristhian Vaquero,0.00,0.00,0.00,1.00,0.00,0.02,0.40
Cristhian Tortosa,0.00,0.00,0.00,1.00,0.00,0.02,0.40
Cristhian Rodriguez,0.00,0.00,0.00,1.00,0.00,0.02,0.40
Creed Willems,0.00,0.00,0.00,1.00,0.00,0.02,0.40
Cre Finfrock,0.00,0.00,0.00,1.00,0.00,0.02,0.40
Craig Stammen,0.00,0.00,0.00,1.00,0.00,0.02,0.40
Cory Wall,0.00,0.00,0.00,1.00,0.00,0.02,0.40
Cory Spangenberg,0.00,0.00,0.00,1.00,0.00,0.02,0.40
Cory Acton,0.00,0.00,0.00,1.00,0.00,0.02,0.40
Cory Abbott,0.00,0.00,0.00,1.00,0.00,0.02,0.40
Cortland Lawson,0.00,0.00,0.00,1.00,0.00,0.02,0.40
Corey Rosier,0.00,0.00,0.00,1.00,0.00,0.02,0.40
Corey Ray,0.00,0.00,0.00,1.00,0.00,0.02,0.40
Corey Oswalt,0.00,0.00,0.00,1.00,0.00,0.02,0.40
Corey Knebel,0.00,0.00,0.00,1.00,0.00,0.02,0.40
Corey Kluber,0.00,0.00,0.00,1.00,0.00,0.02,0.40
Corey Joyce,0.00,0.00,0.00,1.00,0.00,0.02,0.40
Corey Dickerson,0.00,0.00,0.00,1.00,0.00,0.02,0.40
Corey Avant,0.00,0.00,0.00,1.00,0.00,0.02,0.40
Corbin Martin,0.00,0.00,0.00,1.00,0.00,0.02,0.40
Cooper Pratt,0.00,0.00,0.00,1.00,0.00,0.02,0.40
Cooper McKeehan,0.00,0.00,0.00,1.00,0.00,0.02,0.40
Cristian Garcia,0.00,0.00,0.00,1.00,0.00,0.02,0.40
Cristian Hernandez,0.00,0.00,0.00,1.00,0.00,0.02,0.40
Danny Watson,0.00,0.00,0.00,1.00,0.00,0.02,0.40
Cristian Inoa,0.00,0.00,0.00,1.00,0.00,0.02,0.40
Cuba Bess,0.00,0.00,0.00,1.00,0.00,0.02,0.40
Cruzmel Arias,0.00,0.00,0.00,1.00,0.00,0.02,0.40
Cruz Noriega,0.00,0.00,0.00,1.00,0.00,0.02,0.40
Cristopher Presinal,0.00,0.00,0.00,1.00,0.00,0.02,0.40
Cristopher Navarro,0.00,0.00,0.00,1.00,0.00,0.02,0.40
Cristopher Molina,0.00,0.00,0.00,1.00,0.00,0.02,0.40
Cristopher Cruz,0.00,0.00,0.00,1.00,0.00,0.02,0.40
Cristopher Castro,0.00,0.00,0.00,1.00,0.00,0.02,0.40
Cristopher Barete,0.00,0.00,0.00,1.00,0.00,0.02,0.40
Cristopfer Gonzalez,0.00,0.00,0.00,1.00,0.00,0.02,0.40
Cristofher Paniagua,0.00,0.00,0.00,1.00,0.00,0.02,0.40
Cristofher Carrasco,0.00,0.00,0.00,1.00,0.00,0.02,0.40
Cristofer Torin,0.00,0.00,0.00,1.00,0.00,0.02,0.40
Cristofer Soriano,0.00,0.00,0.00,1.00,0.00,0.02,0.40
Cristofer Ogando,0.00,0.00,0.00,1.00,0.00,0.02,0.40
Cristofer Mezquita,0.00,0.00,0.00,1.00,0.00,0.02,0.40
Cristofer Melendez,0.00,0.00,0.00,1.00,0.00,0.02,0.40
Cristofer Lebron,0.00,0.00,0.00,1.00,0.00,0.02,0.40
Cristofer Gomez,0.00,0.00,0.00,1.00,0.00,0.02,0.40
Cristobal Bena,0.00,0.00,0.00,1.00,0.00,0.02,0.40
Cristobal Abreu,0.00,0.00,0.00,1.00,0.00,0.02,0.40
Cristian Santana,0.00,0.00,0.00,1.00,0.00,0.02,0.40
Cristian Rueda,0.00,0.00,0.00,1.00,0.00,0.02,0.40
Cristian Perez,0.00,0.00,0.00,1.00,0.00,0.02,0.40
Cristian Pache,0.00,0.00,0.00,1.00,0.00,0.02,0.40
Cristian Nunez,0.00,0.00,0.00,1.00,0.00,0.02,0.40
Cristian More,0.00,0.00,0.00,1.00,0.00,0.02,0.40
Cristian Jimenez,0.00,0.00,0.00,1.00,0.00,0.02,0.40
Cristian Jauregui,0.00,0.00,0.00,1.00,0.00,0.02,0.40
Cooper Kinney,0.00,0.00,0.00,1.00,0.00,0.02,0.40
Cooper Johnson,0.00,0.00,0.00,1.00,0.00,0.02,0.40
Cooper Ingle,0.00,0.00,0.00,1.00,0.00,0.02,0.40
Cooper Hjerpe,0.00,0.00,0.00,1.00,0.00,0.02,0.40
Connor Higgins,0.00,0.00,0.00,1.00,0.00,0.02,0.40
Connor Grey,0.00,0.00,0.00,1.00,0.00,0.02,0.40
Connor Fenlong,0.00,0.00,0.00,1.00,0.00,0.02,0.40
Connor Curlis,0.00,0.00,0.00,1.00,0.00,0.02,0.40
Connor Cooke,0.00,0.00,0.00,1.00,0.00,0.02,0.40
Connor Charping,0.00,0.00,0.00,1.00,0.00,0.02,0.40
Connor Butler,0.00,0.00,0.00,1.00,0.00,0.02,0.40
Connor Burns,0.00,0.00,0.00,1.00,0.00,0.02,0.40
Connery Peters,0.00,0.00,0.00,1.00,0.00,0.02,0.40
Conner Menez,0.00,0.00,0.00,1.00,0.00,0.02,0.40
Conner Loeprich,0.00,0.00,0.00,1.00,0.00,0.02,0.40
Conner Greene,0.00,0.00,0.00,1.00,0.00,0.02,0.40
Conner Capel,0.00,0.00,0.00,1.00,0.00,0.02,0.40
Connelly Early,0.00,0.00,0.00,1.00,0.00,0.02,0.40
Colton Welker,0.00,0.00,0.00,1.00,0.00,0.02,0.40
Colton Vincent,0.00,0.00,0.00,1.00,0.00,0.02,0.40
Colton Shaver,0.00,0.00,0.00,1.00,0.00,0.02,0.40
Colton Ledbetter,0.00,0.00,0.00,1.00,0.00,0.02,0.40
Colton Johnson,0.00,0.00,0.00,1.00,0.00,0.02,0.40
Colton Hock,0.00,0.00,0.00,1.00,0.00,0.02,0.40
Colton Eastman,0.00,0.00,0.00,1.00,0.00,0.02,0.40
Colton Bender,0.00,0.00,0.00,1.00,0.00,0.02,0.40
Colten Schmidt,0.00,0.00,0.00,1.00,0.00,0.02,0.40
Colt Emerson,0.00,0.00,0.00,1.00,0.00,0.02,0.40
Colson Lawrence,0.00,0.00,0.00,1.00,0.00,0.02,0.40
Collin Wiles,0.00,0.00,0.00,1.00,0.00,0.02,0.40
Collin Sullivan,0.00,0.00,0.00,1.00,0.00,0.02,0.40
Collin Price,0.00,0.00,0.00,1.00,0.00,0.02,0.40
Collin McHugh,0.00,0.00,0.00,1.00,0.00,0.02,0.40
Connor Holden,0.00,0.00,0.00,1.00,0.00,0.02,0.40
Connor Hollis,0.00,0.00,0.00,1.00,0.00,0.02,0.40
Connor Hoover,0.00,0.00,0.00,1.00,0.00,0.02,0.40
Connor Sadzeck,0.00,0.00,0.00,1.00,0.00,0.02,0.40
Cooper Chandler,0.00,0.00,0.00,1.00,0.00,0.02,0.40
Cooper Bradford,0.00,0.00,0.00,1.00,0.00,0.02,0.40
Cooper Benson,0.00,0.00,0.00,1.00,0.00,0.02,0.40
Cooper Adams,0.00,0.00,0.00,1.00,0.00,0.02,0.40
Conor Steinbaugh,0.00,0.00,0.00,1.00,0.00,0.02,0.40
Conor Larkin,0.00,0.00,0.00,1.00,0.00,0.02,0.40
Conor Grammes,0.00,0.00,0.00,1.00,0.00,0.02,0.40
Conor Grady,0.00,0.00,0.00,1.00,0.00,0.02,0.40
Conor Dryer,0.00,0.00,0.00,1.00,0.00,0.02,0.40
Connor Van Scoyoc,0.00,0.00,0.00,1.00,0.00,0.02,0.40
Connor Staine,0.00,0.00,0.00,1.00,0.00,0.02,0.40
Connor Scott,0.00,0.00,0.00,1.00,0.00,0.02,0.40
Connor Schultz,0.00,0.00,0.00,1.00,0.00,0.02,0.40
Connor Prins,0.00,0.00,0.00,1.00,0.00,0.02,0.40
Connor Housley,0.00,0.00,0.00,1.00,0.00,0.02,0.40
Connor Prielipp,0.00,0.00,0.00,1.00,0.00,0.02,0.40
Connor Pellerin,0.00,0.00,0.00,1.00,0.00,0.02,0.40
Connor Pavolony,0.00,0.00,0.00,1.00,0.00,0.02,0.40
Connor Overton,0.00,0.00,0.00,1.00,0.00,0.02,0.40
Connor Oliver,0.00,0.00,0.00,1.00,0.00,0.02,0.40
Connor O'Halloran,0.00,0.00,0.00,1.00,0.00,0.02,0.40
Connor Noland,0.00,0.00,0.00,1.00,0.00,0.02,0.40
Connor McCullough,0.00,0.00,0.00,1.00,0.00,0.02,0.40
Connor Lunn,0.00,0.00,0.00,1.00,0.00,0.02,0.40
Connor Kokx,0.00,0.00,0.00,1.00,0.00,0.02,0.40
Connor Kaiser,0.00,0.00,0.00,1.00,0.00,0.02,0.40
Connor Jones,0.00,0.00,0.00,1.00,0.00,0.02,0.40
Connor Johnstone,0.00,0.00,0.00,1.00,0.00,0.02,0.40
Cullen Kafka,0.00,0.00,0.00,1.00,0.00,0.02,0.40
Cullen Large,0.00,0.00,0.00,1.00,0.00,0.02,0.40
Curley Martha,0.00,0.00,0.00,1.00,0.00,0.02,0.40
Daniel Campos,0.00,0.00,0.00,1.00,0.00,0.02,0.40
Daniel Norris,0.00,0.00,0.00,1.00,0.00,0.02,0.40
Daniel Montano,0.00,0.00,0.00,1.00,0.00,0.02,0.40
Daniel Missaki,0.00,0.00,0.00,1.00,0.00,0.02,0.40
Daniel Mielcarek,0.00,0.00,0.00,1.00,0.00,0.02,0.40
Daniel Mengden,0.00,0.00,0.00,1.00,0.00,0.02,0.40
Daniel Mejia,0.00,0.00,0.00,1.00,0.00,0.02,0.40
Daniel McElveny,0.00,0.00,0.00,1.00,0.00,0.02,0.40
Daniel Mateo,0.00,0.00,0.00,1.00,0.00,0.02,0.40
Daniel Martinez,0.00,0.00,0.00,1.00,0.00,0.02,0.40
Daniel Lloyd,0.00,0.00,0.00,1.00,0.00,0.02,0.40
Daniel Keaney,0.00,0.00,0.00,1.00,0.00,0.02,0.40
Daniel Juarez,0.00,0.00,0.00,1.00,0.00,0.02,0.40
Daniel Jose Lopez,0.00,0.00,0.00,1.00,0.00,0.02,0.40
Daniel Johnson,0.00,0.00,0.00,1.00,0.00,0.02,0.40
Daniel Hudson,0.00,0.00,0.00,1.00,0.00,0.02,0.40
Daniel Harper,0.00,0.00,0.00,1.00,0.00,0.02,0.40
Daniel Guilarte,0.00,0.00,0.00,1.00,0.00,0.02,0.40
Daniel Guerrero,0.00,0.00,0.00,1.00,0.00,0.02,0.40
Daniel Guerra,0.00,0.00,0.00,1.00,0.00,0.02,0.40
Daniel Gossett,0.00,0.00,0.00,1.00,0.00,0.02,0.40
Daniel Gonzalez,0.00,0.00,0.00,1.00,0.00,0.02,0.40
Daniel Gaitor,0.00,0.00,0.00,1.00,0.00,0.02,0.40
Daniel Flames,0.00,0.00,0.00,1.00,0.00,0.02,0.40
Daniel Ferreira,0.00,0.00,0.00,1.00,0.00,0.02,0.40
Daniel Federman,0.00,0.00,0.00,1.00,0.00,0.02,0.40
Daniel Duarte,0.00,0.00,0.00,1.00,0.00,0.02,0.40
Daniel Corniel,0.00,0.00,0.00,1.00,0.00,0.02,0.40
Daniel Cope,0.00,0.00,0.00,1.00,0.00,0.02,0.40
Daniel Castro,0.00,0.00,0.00,1.00,0.00,0.02,0.40
Daniel Nunan,0.00,0.00,0.00,1.00,0.00,0.02,0.40
Daniel Nunez,0.00,0.00,0.00,1.00,0.00,0.02,0.40
Daniel Pena,0.00,0.00,0.00,1.00,0.00,0.02,0.40
Danny Carrion,0.00,0.00,0.00,1.00,0.00,0.02,0.40
Danny Serretti,0.00,0.00,0.00,1.00,0.00,0.02,0.40
Danny Puerta,0.00,0.00,0.00,1.00,0.00,0.02,0.40
Danny Oriente,0.00,0.00,0.00,1.00,0.00,0.02,0.40
Danny Moreno,0.00,0.00,0.00,1.00,0.00,0.02,0.40
Danny Kirwin,0.00,0.00,0.00,1.00,0.00,0.02,0.40
Danny Hilario,0.00,0.00,0.00,1.00,0.00,0.02,0.40
Danny Gonzalez,0.00,0.00,0.00,1.00,0.00,0.02,0.40
Danny Flatt,0.00,0.00,0.00,1.00,0.00,0.02,0.40
Danny Duffy,0.00,0.00,0.00,1.00,0.00,0.02,0.40
Danny Dopico,0.00,0.00,0.00,1.00,0.00,0.02,0.40
Danny Denz,0.00,0.00,0.00,1.00,0.00,0.02,0.40
Danny De Andrade,0.00,0.00,0.00,1.00,0.00,0.02,0.40
Danny Cody,0.00,0.00,0.00,1.00,0.00,0.02,0.40
Danny Cancro,0.00,0.00,0.00,1.00,0.00,0.02,0.40
Daniel Perez,0.00,0.00,0.00,1.00,0.00,0.02,0.40
Danny Bautista Jr.,0.00,0.00,0.00,1.00,0.00,0.02,0.40
Dannel Diaz,0.00,0.00,0.00,1.00,0.00,0.02,0.40
Danis Correa,0.00,0.00,0.00,1.00,0.00,0.02,0.40
Daniele Di Monte,0.00,0.00,0.00,1.00,0.00,0.02,0.40
Daniel Zamora,0.00,0.00,0.00,1.00,0.00,0.02,0.40
Daniel Vellojin,0.00,0.00,0.00,1.00,0.00,0.02,0.40
Daniel Vazquez,0.00,0.00,0.00,1.00,0.00,0.02,0.40
Daniel Torres,0.00,0.00,0.00,1.00,0.00,0.02,0.40
Daniel Tillo,0.00,0.00,0.00,1.00,0.00,0.02,0.40
Daniel Susac,0.00,0.00,0.00,1.00,0.00,0.02,0.40
Daniel Rojas,0.00,0.00,0.00,1.00,0.00,0.02,0.40
Daniel Robertson,0.00,0.00,0.00,1.00,0.00,0.02,0.40
Daniel Ponce de Leon,0.00,0.00,0.00,1.00,0.00,0.02,0.40
Daniel Castano,0.00,0.00,0.00,1.00,0.00,0.02,0.40
Daniel Camarena,0.00,0.00,0.00,1.00,0.00,0.02,0.40
Curtis Taylor,0.00,0.00,0.00,1.00,0.00,0.02,0.40
Daniel Cabrera,0.00,0.00,0.00,1.00,0.00,0.02,0.40
Dakody Clemmer,0.00,0.00,0.00,1.00,0.00,0.02,0.40
Daje Morales,0.00,0.00,0.00,1.00,0.00,0.02,0.40
Daiveyon Whittle,0.00,0.00,0.00,1.00,0.00,0.02,0.40
Daiverson Gutierrez,0.00,0.00,0.00,1.00,0.00,0.02,0.40
Daison Acosta,0.00,0.00,0.00,1.00,0.00,0.02,0.40
Dairon De Jesus,0.00,0.00,0.00,1.00,0.00,0.02,0.40
Dailoui Abad,0.00,0.00,0.00,1.00,0.00,0.02,0.40
Daiber De Los Santos,0.00,0.00,0.00,1.00,0.00,0.02,0.40
Dahian Santos,0.00,0.00,0.00,1.00,0.00,0.02,0.40
Dae-Ho Lee,0.00,0.00,0.00,1.00,0.00,0.02,0.40
DJ Peters,0.00,0.00,0.00,1.00,0.00,0.02,0.40
DJ Gladney,0.00,0.00,0.00,1.00,0.00,0.02,0.40
D.J. Stewart,0.00,0.00,0.00,1.00,0.00,0.02,0.40
D.J. Snelten,0.00,0.00,0.00,1.00,0.00,0.02,0.40
D.J. Peterson,0.00,0.00,0.00,1.00,0.00,0.02,0.40
D.J. McCarty,0.00,0.00,0.00,1.00,0.00,0.02,0.40
D.J. Burt,0.00,0.00,0.00,1.00,0.00,0.02,0.40
D.J. Artis,0.00,0.00,0.00,1.00,0.00,0.02,0.40
D'Shawn Knowles,0.00,0.00,0.00,1.00,0.00,0.02,0.40
D'Angelo Tejada,0.00,0.00,0.00,1.00,0.00,0.02,0.40
D'Andre Smith,0.00,0.00,0.00,1.00,0.00,0.02,0.40
César Álvarez,0.00,0.00,0.00,1.00,0.00,0.02,0.40
César Valdez,0.00,0.00,0.00,1.00,0.00,0.02,0.40
César Prieto,0.00,0.00,0.00,1.00,0.00,0.02,0.40
César Hernández,0.00,0.00,0.00,1.00,0.00,0.02,0.40
Cy Nielson,0.00,0.00,0.00,1.00,0.00,0.02,0.40
Cutter Coffey,0.00,0.00,0.00,1.00,0.00,0.02,0.40
Curtis Washington Jr.,0.00,0.00,0.00,1.00,0.00,0.02,0.40
Curtis Terry,0.00,0.00,0.00,1.00,0.00,0.02,0.40
Dakota Chalmers,0.00,0.00,0.00,1.00,0.00,0.02,0.40
Dakota Donovan,0.00,0.00,0.00,1.00,0.00,0.02,0.40
Dakota Harris,0.00,0.00,0.00,1.00,0.00,0.02,0.40
Damian Jimenez,0.00,0.00,0.00,1.00,0.00,0.02,0.40
Daniel Bruzual,0.00,0.00,0.00,1.00,0.00,0.02,0.40
Daniel Blair,0.00,0.00,0.00,1.00,0.00,0.02,0.40
Daniel Amaral,0.00,0.00,0.00,1.00,0.00,0.02,0.40
Daneurys De La Cruz,0.00,0.00,0.00,1.00,0.00,0.02,0.40
Danery Tejada,0.00,0.00,0.00,1.00,0.00,0.02,0.40
Dan Winkler,0.00,0.00,0.00,1.00,0.00,0.02,0.40
Dan Straily,0.00,0.00,0.00,1.00,0.00,0.02,0.40
Dan Hammer,0.00,0.00,0.00,1.00,0.00,0.02,0.40
Damon Keith,0.00,0.00,0.00,1.00,0.00,0.02,0.40
Damon Dues,0.00,0.00,0.00,1.00,0.00,0.02,0.40
Damon Casetta-Stubbs,0.00,0.00,0.00,1.00,0.00,0.02,0.40
Damiano Palmegiani,0.00,0.00,0.00,1.00,0.00,0.02,0.40
Damian Mendoza,0.00,0.00,0.00,1.00,0.00,0.02,0.40
Dameury Pena,0.00,0.00,0.00,1.00,0.00,0.02,0.40
Dakota Hawkins,0.00,0.00,0.00,1.00,0.00,0.02,0.40
Dalvy Rosario,0.00,0.00,0.00,1.00,0.00,0.02,0.40
Dalton Stambaugh,0.00,0.00,0.00,1.00,0.00,0.02,0.40
Dalton Shuffield,0.00,0.00,0.00,1.00,0.00,0.02,0.40
Dalton Rogers,0.00,0.00,0.00,1.00,0.00,0.02,0.40
Dalton Roach,0.00,0.00,0.00,1.00,0.00,0.02,0.40
Dalton Moats,0.00,0.00,0.00,1.00,0.00,0.02,0.40
Dalton Kelly,0.00,0.00,0.00,1.00,0.00,0.02,0.40
Dalton Guthrie,0.00,0.00,0.00,1.00,0.00,0.02,0.40
Dalton Fowler,0.00,0.00,0.00,1.00,0.00,0.02,0.40
Dallas Woolfolk,0.00,0.00,0.00,1.00,0.00,0.02,0.40
Dallas Keuchel,0.00,0.00,0.00,1.00,0.00,0.02,0.40
Dakota Mekkes,0.00,0.00,0.00,1.00,0.00,0.02,0.40
Dakota Kotowski,0.00,0.00,0.00,1.00,0.00,0.02,0.40
Bryan Polanco,0.00,0.00,0.00,1.00,0.00,0.02,0.40
Bryan Perez,0.00,0.00,0.00,1.00,0.00,0.02,0.40
Joseph Rodriguez,0.00,0.00,0.00,1.00,0.00,0.02,0.40
Anderson Cardenas,0.00,0.00,0.00,1.00,0.00,0.02,0.40
Anderson Bido,0.00,0.00,0.00,1.00,0.00,0.02,0.40
Anderson Beltre,0.00,0.00,0.00,1.00,0.00,0.02,0.40
Anderson Amarista,0.00,0.00,0.00,1.00,0.00,0.02,0.40
Anders Tolhurst,0.00,0.00,0.00,1.00,0.00,0.02,0.40
Anderdson Rojas,0.00,0.00,0.00,1.00,0.00,0.02,0.40
Amilcar Chirinos,0.00,0.00,0.00,1.00,0.00,0.02,0.40
Ambioris Tavarez,0.00,0.00,0.00,1.00,0.00,0.02,0.40
Amauri Ramirez,0.00,0.00,0.00,1.00,0.00,0.02,0.40
Amauri Otero,0.00,0.00,0.00,1.00,0.00,0.02,0.40
Alvin Nova,0.00,0.00,0.00,1.00,0.00,0.02,0.40
Alvin Guzman,0.00,0.00,0.00,1.00,0.00,0.02,0.40
Alver Medina,0.00,0.00,0.00,1.00,0.00,0.02,0.40
Alvaro Pineda,0.00,0.00,0.00,1.00,0.00,0.02,0.40
Alvaro Gonzalez,0.00,0.00,0.00,1.00,0.00,0.02,0.40
Alvaro Gamez,0.00,0.00,0.00,1.00,0.00,0.02,0.40
Alvaro Benua,0.00,0.00,0.00,1.00,0.00,0.02,0.40
Alvaro Aguero,0.00,0.00,0.00,1.00,0.00,0.02,0.40
Alsander Womack,0.00,0.00,0.00,1.00,0.00,0.02,0.40
Alonzo Tredwell,0.00,0.00,0.00,1.00,0.00,0.02,0.40
Alonzo Richardson,0.00,0.00,0.00,1.00,0.00,0.02,0.40
Alonso Gallegos,0.00,0.00,0.00,1.00,0.00,0.02,0.40
Allen Facundo,0.00,0.00,0.00,1.00,0.00,0.02,0.40
Allan Saathoff,0.00,0.00,0.00,1.00,0.00,0.02,0.40
Allan Hernandez,0.00,0.00,0.00,1.00,0.00,0.02,0.40
Allan Cerda,0.00,0.00,0.00,1.00,0.00,0.02,0.40
Allan Castro,0.00,0.00,0.00,1.00,0.00,0.02,0.40
Alix Hernandez,0.00,0.00,0.00,1.00,0.00,0.02,0.40
Alison Zacarias,0.00,0.00,0.00,1.00,0.00,0.02,0.40
Alison Quintero,0.00,0.00,0.00,1.00,0.00,0.02,0.40
Anderson Brito,0.00,0.00,0.00,1.00,0.00,0.02,0.40
Anderson Colmenarez,0.00,0.00,0.00,1.00,0.00,0.02,0.40
Andres Torres,0.00,0.00,0.00,1.00,0.00,0.02,0.40
Anderson De Los Santos,0.00,0.00,0.00,1.00,0.00,0.02,0.40
Andres Sotillet,0.00,0.00,0.00,1.00,0.00,0.02,0.40
Andres Sosa,0.00,0.00,0.00,1.00,0.00,0.02,0.40
Andres Silvera,0.00,0.00,0.00,1.00,0.00,0.02,0.40
Andres Mesa,0.00,0.00,0.00,1.00,0.00,0.02,0.40
Andres Lacruz,0.00,0.00,0.00,1.00,0.00,0.02,0.40
Andres Jimenez,0.00,0.00,0.00,1.00,0.00,0.02,0.40
Andres Hernandez,0.00,0.00,0.00,1.00,0.00,0.02,0.40
Andres Diaz,0.00,0.00,0.00,1.00,0.00,0.02,0.40
Andres Cova,0.00,0.00,0.00,1.00,0.00,0.02,0.40
Andres Centeno,0.00,0.00,0.00,1.00,0.00,0.02,0.40
Andres Bonolis,0.00,0.00,0.00,1.00,0.00,0.02,0.40
Andrelton Simmons,0.00,0.00,0.00,1.00,0.00,0.02,0.40
Andre Scrubb,0.00,0.00,0.00,1.00,0.00,0.02,0.40
Andre Sanchez,0.00,0.00,0.00,1.00,0.00,0.02,0.40
Andre Jackson,0.00,0.00,0.00,1.00,0.00,0.02,0.40
Andinson Ferrer,0.00,0.00,0.00,1.00,0.00,0.02,0.40
Anderson Tovar,0.00,0.00,0.00,1.00,0.00,0.02,0.40
Anderson Suriel,0.00,0.00,0.00,1.00,0.00,0.02,0.40
Anderson Severino,0.00,0.00,0.00,1.00,0.00,0.02,0.40
Anderson Paulino,0.00,0.00,0.00,1.00,0.00,0.02,0.40
Anderson Nova,0.00,0.00,0.00,1.00,0.00,0.02,0.40
Anderson Navas,0.00,0.00,0.00,1.00,0.00,0.02,0.40
Anderson Munoz,0.00,0.00,0.00,1.00,0.00,0.02,0.40
Anderson Machado,0.00,0.00,0.00,1.00,0.00,0.02,0.40
Anderson Jerez,0.00,0.00,0.00,1.00,0.00,0.02,0.40
Anderson Guevara,0.00,0.00,0.00,1.00,0.00,0.02,0.40
Anderson Garcia,0.00,0.00,0.00,1.00,0.00,0.02,0.40
Anderson Fermin,0.00,0.00,0.00,1.00,0.00,0.02,0.40
Anderson Espinoza,0.00,0.00,0.00,1.00,0.00,0.02,0.40
Alirio Ferrebus,0.00,0.00,0.00,1.00,0.00,0.02,0.40
Alimber Santa,0.00,0.00,0.00,1.00,0.00,0.02,0.40
Ali Sánchez,0.00,0.00,0.00,1.00,0.00,0.02,0.40
Ali Ascanio,0.00,0.00,0.00,1.00,0.00,0.02,0.40
Alexander Perez,0.00,0.00,0.00,1.00,0.00,0.02,0.40
Alexander Ovalles,0.00,0.00,0.00,1.00,0.00,0.02,0.40
Alexander Orasma,0.00,0.00,0.00,1.00,0.00,0.02,0.40
Alexander Mojica,0.00,0.00,0.00,1.00,0.00,0.02,0.40
Alexander Martinez,0.00,0.00,0.00,1.00,0.00,0.02,0.40
Alexander Mambel,0.00,0.00,0.00,1.00,0.00,0.02,0.40
Alexander Johnson,0.00,0.00,0.00,1.00,0.00,0.02,0.40
Alexander Garcia,0.00,0.00,0.00,1.00,0.00,0.02,0.40
Alexander Fuentes,0.00,0.00,0.00,1.00,0.00,0.02,0.40
Alexander De Los Santos,0.00,0.00,0.00,1.00,0.00,0.02,0.40
Alexander Cornielle,0.00,0.00,0.00,1.00,0.00,0.02,0.40
Alexander Campos,0.00,0.00,0.00,1.00,0.00,0.02,0.40
Alexander Benua,0.00,0.00,0.00,1.00,0.00,0.02,0.40
Alexander Beltre,0.00,0.00,0.00,1.00,0.00,0.02,0.40
Alexander Albertus,0.00,0.00,0.00,1.00,0.00,0.02,0.40
Alexander Alberto,0.00,0.00,0.00,1.00,0.00,0.02,0.40
Alexander Agramonte,0.00,0.00,0.00,1.00,0.00,0.02,0.40
Alex Williams,0.00,0.00,0.00,1.00,0.00,0.02,0.40
Alex Wells,0.00,0.00,0.00,1.00,0.00,0.02,0.40
Alex Valverde,0.00,0.00,0.00,1.00,0.00,0.02,0.40
Alex Valdez,0.00,0.00,0.00,1.00,0.00,0.02,0.40
Alex Troop,0.00,0.00,0.00,1.00,0.00,0.02,0.40
Alex Segal,0.00,0.00,0.00,1.00,0.00,0.02,0.40
Alex Scherff,0.00,0.00,0.00,1.00,0.00,0.02,0.40
Alex Santos II,0.00,0.00,0.00,1.00,0.00,0.02,0.40
Alex Reyes,0.00,0.00,0.00,1.00,0.00,0.02,0.40
Alex Rao,0.00,0.00,0.00,1.00,0.00,0.02,0.40
Alex Ramírez,0.00,0.00,0.00,1.00,0.00,0.02,0.40
Alex Powers,0.00,0.00,0.00,1.00,0.00,0.02,0.40
Alexander Ramirez,0.00,0.00,0.00,1.00,0.00,0.02,0.40
Alexander Requena,0.00,0.00,0.00,1.00,0.00,0.02,0.40
Alexander Rincon,0.00,0.00,0.00,1.00,0.00,0.02,0.40
Alfonso Rivas III,0.00,0.00,0.00,1.00,0.00,0.02,0.40
Alfredo Zarraga,0.00,0.00,0.00,1.00,0.00,0.02,0.40
Alfredo Velásquez,0.00,0.00,0.00,1.00,0.00,0.02,0.40
Alfredo Ruiz,0.00,0.00,0.00,1.00,0.00,0.02,0.40
Alfredo Romero,0.00,0.00,0.00,1.00,0.00,0.02,0.40
Alfredo Rodriguez,0.00,0.00,0.00,1.00,0.00,0.02,0.40
Alfredo Guanchez,0.00,0.00,0.00,1.00,0.00,0.02,0.40
Alfredo Duno,0.00,0.00,0.00,1.00,0.00,0.02,0.40
Alfredo Benzan,0.00,0.00,0.00,1.00,0.00,0.02,0.40
Alfredo Alcantara,0.00,0.00,0.00,1.00,0.00,0.02,0.40
Alfredi Jimenez,0.00,0.00,0.00,1.00,0.00,0.02,0.40
Alfred Vega,0.00,0.00,0.00,1.00,0.00,0.02,0.40
Alfred Morillo,0.00,0.00,0.00,1.00,0.00,0.02,0.40
Alfonzo Martinez,0.00,0.00,0.00,1.00,0.00,0.02,0.40
Alfonso Perez,0.00,0.00,0.00,1.00,0.00,0.02,0.40
Alexander Suarez,0.00,0.00,0.00,1.00,0.00,0.02,0.40
Alfonsin Rosario,0.00,0.00,0.00,1.00,0.00,0.02,0.40
Alexuan Vega,0.00,0.00,0.00,1.00,0.00,0.02,0.40
Alexis Torres,0.00,0.00,0.00,1.00,0.00,0.02,0.40
Alexis Paulino,0.00,0.00,0.00,1.00,0.00,0.02,0.40
Alexis Liebano,0.00,0.00,0.00,1.00,0.00,0.02,0.40
Alexis Hernandez,0.00,0.00,0.00,1.00,0.00,0.02,0.40
Alexis De La Cruz,0.00,0.00,0.00,1.00,0.00,0.02,0.40
Alexis Cedano,0.00,0.00,0.00,1.00,0.00,0.02,0.40
Alexi Quiroz,0.00,0.00,0.00,1.00,0.00,0.02,0.40
Alexfri Planez,0.00,0.00,0.00,1.00,0.00,0.02,0.40
Alexey Lumpuy,0.00,0.00,0.00,1.00,0.00,0.02,0.40
Alexander Vargas,0.00,0.00,0.00,1.00,0.00,0.02,0.40
Alexander Vallecillo,0.00,0.00,0.00,1.00,0.00,0.02,0.40
Andres Tabares,0.00,0.00,0.00,1.00,0.00,0.02,0.40
Andres Valor,0.00,0.00,0.00,1.00,0.00,0.02,0.40
Angel Zarate,0.00,0.00,0.00,1.00,0.00,0.02,0.40
Angel Cruz,0.00,0.00,0.00,1.00,0.00,0.02,0.40
Angel Camacho,0.00,0.00,0.00,1.00,0.00,0.02,0.40
Angel Brachi,0.00,0.00,0.00,1.00,0.00,0.02,0.40
Angel Beltran,0.00,0.00,0.00,1.00,0.00,0.02,0.40
Angel Bello,0.00,0.00,0.00,1.00,0.00,0.02,0.40
Angel Basabe,0.00,0.00,0.00,1.00,0.00,0.02,0.40
Angel Arevalo,0.00,0.00,0.00,1.00,0.00,0.02,0.40
Angel Aquino,0.00,0.00,0.00,1.00,0.00,0.02,0.40
Angel Aponte,0.00,0.00,0.00,1.00,0.00,0.02,0.40
Angel Anazco,0.00,0.00,0.00,1.00,0.00,0.02,0.40
Angel Alfonseca,0.00,0.00,0.00,1.00,0.00,0.02,0.40
Angel Acosta,0.00,0.00,0.00,1.00,0.00,0.02,0.40
Angel Acevedo,0.00,0.00,0.00,1.00,0.00,0.02,0.40
Anfernny Reyes,0.00,0.00,0.00,1.00,0.00,0.02,0.40
Aneurys Zabala,0.00,0.00,0.00,1.00,0.00,0.02,0.40
Aneury Lora,0.00,0.00,0.00,1.00,0.00,0.02,0.40
Aneuris Rosario,0.00,0.00,0.00,1.00,0.00,0.02,0.40
Aneuris Rodriguez,0.00,0.00,0.00,1.00,0.00,0.02,0.40
Aneudy Cortorreal,0.00,0.00,0.00,1.00,0.00,0.02,0.40
Aneudis Mordán,0.00,0.00,0.00,1.00,0.00,0.02,0.40
Aneudis Mejia,0.00,0.00,0.00,1.00,0.00,0.02,0.40
Aneudis George,0.00,0.00,0.00,1.00,0.00,0.02,0.40
Aneudi Escanio,0.00,0.00,0.00,1.00,0.00,0.02,0.40
Anel Cabrera,0.00,0.00,0.00,1.00,0.00,0.02,0.40
Andy Yerzy,0.00,0.00,0.00,1.00,0.00,0.02,0.40
Andy Weber,0.00,0.00,0.00,1.00,0.00,0.02,0.40
Andy Thomas,0.00,0.00,0.00,1.00,0.00,0.02,0.40
Andy Santana,0.00,0.00,0.00,1.00,0.00,0.02,0.40
Andy Rodriguez,0.00,0.00,0.00,1.00,0.00,0.02,0.40
Andy Perez,0.00,0.00,0.00,1.00,0.00,0.02,0.40
Angel Cepeda,0.00,0.00,0.00,1.00,0.00,0.02,0.40
Angel Cuenca,0.00,0.00,0.00,1.00,0.00,0.02,0.40
Andres Villafane,0.00,0.00,0.00,1.00,0.00,0.02,0.40
Angel De Jesus,0.00,0.00,0.00,1.00,0.00,0.02,0.40
Angel Tello,0.00,0.00,0.00,1.00,0.00,0.02,0.40
Angel Tejada,0.00,0.00,0.00,1.00,0.00,0.02,0.40
Angel Sánchez,0.00,0.00,0.00,1.00,0.00,0.02,0.40
Angel Rondón,0.00,0.00,0.00,1.00,0.00,0.02,0.40
Angel Roman,0.00,0.00,0.00,1.00,0.00,0.02,0.40
Angel Rodriguez,0.00,0.00,0.00,1.00,0.00,0.02,0.40
Angel Rivera,0.00,0.00,0.00,1.00,0.00,0.02,0.40
Angel Reyes,0.00,0.00,0.00,1.00,0.00,0.02,0.40
Angel Ramirez,0.00,0.00,0.00,1.00,0.00,0.02,0.40
Angel Pierre,0.00,0.00,0.00,1.00,0.00,0.02,0.40
Angel Perez,0.00,0.00,0.00,1.00,0.00,0.02,0.40
Angel Pereira,0.00,0.00,0.00,1.00,0.00,0.02,0.40
Angel Ortiz,0.00,0.00,0.00,1.00,0.00,0.02,0.40
Angel Nieblas,0.00,0.00,0.00,1.00,0.00,0.02,0.40
Angel Mateo,0.00,0.00,0.00,1.00,0.00,0.02,0.40
Angel Mata,0.00,0.00,0.00,1.00,0.00,0.02,0.40
Angel Macuare,0.00,0.00,0.00,1.00,0.00,0.02,0.40
Angel Jimenez,0.00,0.00,0.00,1.00,0.00,0.02,0.40
Angel Herrera,0.00,0.00,0.00,1.00,0.00,0.02,0.40
Angel Hernandez,0.00,0.00,0.00,1.00,0.00,0.02,0.40
Angel Guzman,0.00,0.00,0.00,1.00,0.00,0.02,0.40
Angel Gonzalez,0.00,0.00,0.00,1.00,0.00,0.02,0.40
Angel Genao,0.00,0.00,0.00,1.00,0.00,0.02,0.40
Angel Garcia,0.00,0.00,0.00,1.00,0.00,0.02,0.40
Angel Galarraga,0.00,0.00,0.00,1.00,0.00,0.02,0.40
Angel Feliz,0.00,0.00,0.00,1.00,0.00,0.02,0.40
Angel Felipe,0.00,0.00,0.00,1.00,0.00,0.02,0.40
Angel Diaz,0.00,0.00,0.00,1.00,0.00,0.02,0.40
Angel Del Rosario,0.00,0.00,0.00,1.00,0.00,0.02,0.40
Andy Otero,0.00,0.00,0.00,1.00,0.00,0.02,0.40
Andy Luis,0.00,0.00,0.00,1.00,0.00,0.02,0.40
Andy Lugo,0.00,0.00,0.00,1.00,0.00,0.02,0.40
Andy Garriola,0.00,0.00,0.00,1.00,0.00,0.02,0.40
Andrew Pérez,0.00,0.00,0.00,1.00,0.00,0.02,0.40
Andrew Politi,0.00,0.00,0.00,1.00,0.00,0.02,0.40
Andrew Pintar,0.00,0.00,0.00,1.00,0.00,0.02,0.40
Andrew Pinckney,0.00,0.00,0.00,1.00,0.00,0.02,0.40
Andrew Navigato,0.00,0.00,0.00,1.00,0.00,0.02,0.40
Andrew Moritz,0.00,0.00,0.00,1.00,0.00,0.02,0.40
Andrew Mitchell,0.00,0.00,0.00,1.00,0.00,0.02,0.40
Andrew Miller,0.00,0.00,0.00,1.00,0.00,0.02,0.40
Andrew McInvale,0.00,0.00,0.00,1.00,0.00,0.02,0.40
Andrew Marrero,0.00,0.00,0.00,1.00,0.00,0.02,0.40
Andrew Magno,0.00,0.00,0.00,1.00,0.00,0.02,0.40
Andrew Lee,0.00,0.00,0.00,1.00,0.00,0.02,0.40
Andrew Landry,0.00,0.00,0.00,1.00,0.00,0.02,0.40
Andrew Knizner,0.00,0.00,0.00,1.00,0.00,0.02,0.40
Andrew Knapp,0.00,0.00,0.00,1.00,0.00,0.02,0.40
Andrew Kachel,0.00,0.00,0.00,1.00,0.00,0.02,0.40
Andrew Jenkins,0.00,0.00,0.00,1.00,0.00,0.02,0.40
Andrew Hoffmann,0.00,0.00,0.00,1.00,0.00,0.02,0.40
Andrew Gross,0.00,0.00,0.00,1.00,0.00,0.02,0.40
Andrew Edwards,0.00,0.00,0.00,1.00,0.00,0.02,0.40
Andrew Dalquist,0.00,0.00,0.00,1.00,0.00,0.02,0.40
Andrew Cossetti,0.00,0.00,0.00,1.00,0.00,0.02,0.40
Andrew Cabezas,0.00,0.00,0.00,1.00,0.00,0.02,0.40
Andrew Bolivar,0.00,0.00,0.00,1.00,0.00,0.02,0.40
Andrew Bellatti,0.00,0.00,0.00,1.00,0.00,0.02,0.40
Andrew Bechtold,0.00,0.00,0.00,1.00,0.00,0.02,0.40
Andrew Bash,0.00,0.00,0.00,1.00,0.00,0.02,0.40
Andrew Baker,0.00,0.00,0.00,1.00,0.00,0.02,0.40
Andrew Albers,0.00,0.00,0.00,1.00,0.00,0.02,0.40
Andrew Quezada,0.00,0.00,0.00,1.00,0.00,0.02,0.40
Andrew Schultz,0.00,0.00,0.00,1.00,0.00,0.02,0.40
Andrew Sears,0.00,0.00,0.00,1.00,0.00,0.02,0.40
Andry Javier,0.00,0.00,0.00,1.00,0.00,0.02,0.40
Andy Fisher,0.00,0.00,0.00,1.00,0.00,0.02,0.40
Andy Encarnacion,0.00,0.00,0.00,1.00,0.00,0.02,0.40
Andy Colon,0.00,0.00,0.00,1.00,0.00,0.02,0.40
Andy Burns,0.00,0.00,0.00,1.00,0.00,0.02,0.40
Andy Blake,0.00,0.00,0.00,1.00,0.00,0.02,0.40
Andy Basora,0.00,0.00,0.00,1.00,0.00,0.02,0.40
Andy Atwood,0.00,0.00,0.00,1.00,0.00,0.02,0.40
Andy Acevedo,0.00,0.00,0.00,1.00,0.00,0.02,0.40
Andrés Parra,0.00,0.00,0.00,1.00,0.00,0.02,0.40
Andrés Núñez,0.00,0.00,0.00,1.00,0.00,0.02,0.40
Andrés Nolaya,0.00,0.00,0.00,1.00,0.00,0.02,0.40
Andrés Machado,0.00,0.00,0.00,1.00,0.00,0.02,0.40
Andrés Alvarez,0.00,0.00,0.00,1.00,0.00,0.02,0.40
Andry Batista,0.00,0.00,0.00,1.00,0.00,0.02,0.40
Andrew Shaps,0.00,0.00,0.00,1.00,0.00,0.02,0.40
Andruw Salcedo,0.00,0.00,0.00,1.00,0.00,0.02,0.40
Andruw Musett,0.00,0.00,0.00,1.00,0.00,0.02,0.40
Andru Arthur,0.00,0.00,0.00,1.00,0.00,0.02,0.40
Andrick Nava,0.00,0.00,0.00,1.00,0.00,0.02,0.40
Andri Leon,0.00,0.00,0.00,1.00,0.00,0.02,0.40
Andrews Sosa,0.00,0.00,0.00,1.00,0.00,0.02,0.40
Andrew Young,0.00,0.00,0.00,1.00,0.00,0.02,0.40
Andrew Walling,0.00,0.00,0.00,1.00,0.00,0.02,0.40
Andrew Velazquez,0.00,0.00,0.00,1.00,0.00,0.02,0.40
Andrew Vasquez,0.00,0.00,0.00,1.00,0.00,0.02,0.40
Andrew Taylor,0.00,0.00,0.00,1.00,0.00,0.02,0.40
Andrew Suárez,0.00,0.00,0.00,1.00,0.00,0.02,0.40
Andrew Stevenson,0.00,0.00,0.00,1.00,0.00,0.02,0.40
Alex Phillips,0.00,0.00,0.00,1.00,0.00,0.02,0.40
Alex Pham,0.00,0.00,0.00,1.00,0.00,0.02,0.40
Alex Nolan,0.00,0.00,0.00,1.00,0.00,0.02,0.40
Adam Wolf,0.00,0.00,0.00,1.00,0.00,0.02,0.40
Adam Tulloch,0.00,0.00,0.00,1.00,0.00,0.02,0.40
Adam Stone,0.00,0.00,0.00,1.00,0.00,0.02,0.40
Adam Stauffer,0.00,0.00,0.00,1.00,0.00,0.02,0.40
Adam Smith,0.00,0.00,0.00,1.00,0.00,0.02,0.40
Adam Shoemaker,0.00,0.00,0.00,1.00,0.00,0.02,0.40
Adam Serwinowski,0.00,0.00,0.00,1.00,0.00,0.02,0.40
Adam Seminaris,0.00,0.00,0.00,1.00,0.00,0.02,0.40
Adam Scott,0.00,0.00,0.00,1.00,0.00,0.02,0.40
Adam Scoggins,0.00,0.00,0.00,1.00,0.00,0.02,0.40
Adam Retzbach,0.00,0.00,0.00,1.00,0.00,0.02,0.40
Adam Plutko,0.00,0.00,0.00,1.00,0.00,0.02,0.40
Adam Morgan,0.00,0.00,0.00,1.00,0.00,0.02,0.40
Adam McKillican,0.00,0.00,0.00,1.00,0.00,0.02,0.40
Adam Maier,0.00,0.00,0.00,1.00,0.00,0.02,0.40
Adam Leverett,0.00,0.00,0.00,1.00,0.00,0.02,0.40
Adam Laskey,0.00,0.00,0.00,1.00,0.00,0.02,0.40
Adam Kolarek,0.00,0.00,0.00,1.00,0.00,0.02,0.40
Adam Kloffenstein,0.00,0.00,0.00,1.00,0.00,0.02,0.40
Adam Haseley,0.00,0.00,0.00,1.00,0.00,0.02,0.40
Adam Hall,0.00,0.00,0.00,1.00,0.00,0.02,0.40
Adam Hackenberg,0.00,0.00,0.00,1.00,0.00,0.02,0.40
Adam Engel,0.00,0.00,0.00,1.00,0.00,0.02,0.40
Adam Crampton,0.00,0.00,0.00,1.00,0.00,0.02,0.40
Adam Conley,0.00,0.00,0.00,1.00,0.00,0.02,0.40
Adam Boucher,0.00,0.00,0.00,1.00,0.00,0.02,0.40
Adalberto Mondesi,0.00,0.00,0.00,1.00,0.00,0.02,0.40
Accimias Morales,0.00,0.00,0.00,1.00,0.00,0.02,0.40
Abrahan Tejada,0.00,0.00,0.00,1.00,0.00,0.02,0.40
Abrahan Ramirez,0.00,0.00,0.00,1.00,0.00,0.02,0.40
Adam Wainwright,0.00,0.00,0.00,1.00,0.00,0.02,0.40
Adam Zebrowski,0.00,0.00,0.00,1.00,0.00,0.02,0.40
Alex Mooney,0.00,0.00,0.00,1.00,0.00,0.02,0.40
Adan Chacon,0.00,0.00,0.00,1.00,0.00,0.02,0.40
Adrian Gil,0.00,0.00,0.00,1.00,0.00,0.02,0.40
Adrian Garcia,0.00,0.00,0.00,1.00,0.00,0.02,0.40
Adrian Florencio,0.00,0.00,0.00,1.00,0.00,0.02,0.40
Adrian Del Moral,0.00,0.00,0.00,1.00,0.00,0.02,0.40
Adrian De Leon,0.00,0.00,0.00,1.00,0.00,0.02,0.40
Adrian De Horta,0.00,0.00,0.00,1.00,0.00,0.02,0.40
Adrian Chaidez,0.00,0.00,0.00,1.00,0.00,0.02,0.40
Adrian Bohorquez,0.00,0.00,0.00,1.00,0.00,0.02,0.40
Adrian Bello,0.00,0.00,0.00,1.00,0.00,0.02,0.40
Adrian Alcantara,0.00,0.00,0.00,1.00,0.00,0.02,0.40
Adrian Acosta,0.00,0.00,0.00,1.00,0.00,0.02,0.40
Adonys Perez,0.00,0.00,0.00,1.00,0.00,0.02,0.40
Adonis Villavicencio,0.00,0.00,0.00,1.00,0.00,0.02,0.40
Adonis Medina,0.00,0.00,0.00,1.00,0.00,0.02,0.40
Adolfo Sanchez,0.00,0.00,0.00,1.00,0.00,0.02,0.40
Adolfo Ramirez,0.00,0.00,0.00,1.00,0.00,0.02,0.40
Adolfo Oviedo,0.00,0.00,0.00,1.00,0.00,0.02,0.40
Adisyn Coffey,0.00,0.00,0.00,1.00,0.00,0.02,0.40
Adinso Reyes,0.00,0.00,0.00,1.00,0.00,0.02,0.40
Adilson Peralta,0.00,0.00,0.00,1.00,0.00,0.02,0.40
Adenys Bautista,0.00,0.00,0.00,1.00,0.00,0.02,0.40
Adel Dilone,0.00,0.00,0.00,1.00,0.00,0.02,0.40
Addison Kopack,0.00,0.00,0.00,1.00,0.00,0.02,0.40
Adbiel Feliz,0.00,0.00,0.00,1.00,0.00,0.02,0.40
Adbert Alzolay,0.00,0.00,0.00,1.00,0.00,0.02,0.40
Adari Grant,0.00,0.00,0.00,1.00,0.00,0.02,0.40
Adanson Cruz,0.00,0.00,0.00,1.00,0.00,0.02,0.40
Adan Sanchez,0.00,0.00,0.00,1.00,0.00,0.02,0.40
Adan Moreno,0.00,0.00,0.00,1.00,0.00,0.02,0.40
Abrahan Gutierrez,0.00,0.00,0.00,1.00,0.00,0.02,0.40
Abraham Parra,0.00,0.00,0.00,1.00,0.00,0.02,0.40
Abraham Nunez,0.00,0.00,0.00,1.00,0.00,0.02,0.40
Abraham Gaitan,0.00,0.00,0.00,1.00,0.00,0.02,0.40
Aaron Ochsenbein,0.00,0.00,0.00,1.00,0.00,0.02,0.40
Aaron Northcraft,0.00,0.00,0.00,1.00,0.00,0.02,0.40
Aaron Nixon,0.00,0.00,0.00,1.00,0.00,0.02,0.40
Aaron Munson,0.00,0.00,0.00,1.00,0.00,0.02,0.40
Aaron McKeithan,0.00,0.00,0.00,1.00,0.00,0.02,0.40
Aaron McGarity,0.00,0.00,0.00,1.00,0.00,0.02,0.40
Aaron Loup,0.00,0.00,0.00,1.00,0.00,0.02,0.40
Aaron Leasher,0.00,0.00,0.00,1.00,0.00,0.02,0.40
Aaron Holiday,0.00,0.00,0.00,1.00,0.00,0.02,0.40
Aaron Hernandez,0.00,0.00,0.00,1.00,0.00,0.02,0.40
Aaron Haase,0.00,0.00,0.00,1.00,0.00,0.02,0.40
Aaron Fletcher,0.00,0.00,0.00,1.00,0.00,0.02,0.40
Aaron Davenport,0.00,0.00,0.00,1.00,0.00,0.02,0.40
Aaron Cohn,0.00,0.00,0.00,1.00,0.00,0.02,0.40
Aaron Brown,0.00,0.00,0.00,1.00,0.00,0.02,0.40
Aaron Brooks,0.00,0.00,0.00,1.00,0.00,0.02,0.40
Aaron Bracho,0.00,0.00,0.00,1.00,0.00,0.02,0.40
Aaron Barrett,0.00,0.00,0.00,1.00,0.00,0.02,0.40
Aaron Antonini,0.00,0.00,0.00,1.00,0.00,0.02,0.40
AJ Pollock,0.00,0.00,0.00,1.00,0.00,0.02,0.40
AJ Lewis,0.00,0.00,0.00,1.00,0.00,0.02,0.40
AJ Graffanino,0.00,0.00,0.00,1.00,0.00,0.02,0.40
A.J. Vukovich,0.00,0.00,0.00,1.00,0.00,0.02,0.40
A.J. Shaver,0.00,0.00,0.00,1.00,0.00,0.02,0.40
A.J. Puckett,0.00,0.00,0.00,1.00,0.00,0.02,0.40
A.J. Ladwig,0.00,0.00,0.00,1.00,0.00,0.02,0.40
A.J. Labas,0.00,0.00,0.00,1.00,0.00,0.02,0.40
A.J. Ewing,0.00,0.00,0.00,1.00,0.00,0.02,0.40
A.J. Candelario,0.00,0.00,0.00,1.00,0.00,0.02,0.40
Aaron Palensky,0.00,0.00,0.00,1.00,0.00,0.02,0.40
Aaron Perry,0.00,0.00,0.00,1.00,0.00,0.02,0.40
Aaron Pinero,0.00,0.00,0.00,1.00,0.00,0.02,0.40
Abel Adames,0.00,0.00,0.00,1.00,0.00,0.02,0.40
Abraham Cohen,0.00,0.00,0.00,1.00,0.00,0.02,0.40
Abraham Almonte,0.00,0.00,0.00,1.00,0.00,0.02,0.40
Abimelec Ortiz,0.00,0.00,0.00,1.00,0.00,0.02,0.40
Abiezel Ramirez,0.00,0.00,0.00,1.00,0.00,0.02,0.40
Abelardo Medrano,0.00,0.00,0.00,1.00,0.00,0.02,0.40
Abelaldo Lopez,0.00,0.00,0.00,1.00,0.00,0.02,0.40
Abel Mercedes,0.00,0.00,0.00,1.00,0.00,0.02,0.40
Abel Mendez,0.00,0.00,0.00,1.00,0.00,0.02,0.40
Abel Lorenzo,0.00,0.00,0.00,1.00,0.00,0.02,0.40
Abel Fuerte,0.00,0.00,0.00,1.00,0.00,0.02,0.40
Abel De Leon,0.00,0.00,0.00,1.00,0.00,0.02,0.40
Abel Brito,0.00,0.00,0.00,1.00,0.00,0.02,0.40
Abel Bastidas,0.00,0.00,0.00,1.00,0.00,0.02,0.40
Abdiel Mendoza,0.00,0.00,0.00,1.00,0.00,0.02,0.40
Aaron Pinto,0.00,0.00,0.00,1.00,0.00,0.02,0.40
Abdiel Medina,0.00,0.00,0.00,1.00,0.00,0.02,0.40
Abdiel Layer,0.00,0.00,0.00,1.00,0.00,0.02,0.40
Abdias De La Cruz,0.00,0.00,0.00,1.00,0.00,0.02,0.40
Aaron Zavala,0.00,0.00,0.00,1.00,0.00,0.02,0.40
Aaron Wilkerson,0.00,0.00,0.00,1.00,0.00,0.02,0.40
Aaron Whitefield,0.00,0.00,0.00,1.00,0.00,0.02,0.40
Aaron Slegers,0.00,0.00,0.00,1.00,0.00,0.02,0.40
Aaron Shortridge,0.00,0.00,0.00,1.00,0.00,0.02,0.40
Aaron Shackelford,0.00,0.00,0.00,1.00,0.00,0.02,0.40
Aaron Sanchez,0.00,0.00,0.00,1.00,0.00,0.02,0.40
Aaron Sabato,0.00,0.00,0.00,1.00,0.00,0.02,0.40
Aaron Rund,0.00,0.00,0.00,1.00,0.00,0.02,0.40
Aaron Rozek,0.00,0.00,0.00,1.00,0.00,0.02,0.40
Adrian Gonzalez,0.00,0.00,0.00,1.00,0.00,0.02,0.40
Adrian Heredia,0.00,0.00,0.00,1.00,0.00,0.02,0.40
Adrian Hernandez,0.00,0.00,0.00,1.00,0.00,0.02,0.40
Albertus Barber,0.00,0.00,0.00,1.00,0.00,0.02,0.40
Alejo Lopez,0.00,0.00,0.00,1.00,0.00,0.02,0.40
Alejandro Torres,0.00,0.00,0.00,1.00,0.00,0.02,0.40
Alejandro Rosario,0.00,0.00,0.00,1.00,0.00,0.02,0.40
Alejandro Ramirez,0.00,0.00,0.00,1.00,0.00,0.02,0.40
Alejandro Osuna,0.00,0.00,0.00,1.00,0.00,0.02,0.40
Alejandro Nunez,0.00,0.00,0.00,1.00,0.00,0.02,0.40
Alejandro Méndez,0.00,0.00,0.00,1.00,0.00,0.02,0.40
Alejandro Melean,0.00,0.00,0.00,1.00,0.00,0.02,0.40
Alejandro Mateo,0.00,0.00,0.00,1.00,0.00,0.02,0.40
Alejandro Manzano,0.00,0.00,0.00,1.00,0.00,0.02,0.40
Alejandro Lugo,0.00,0.00,0.00,1.00,0.00,0.02,0.40
Alejandro Loaiza,0.00,0.00,0.00,1.00,0.00,0.02,0.40
Alejandro Hidalgo,0.00,0.00,0.00,1.00,0.00,0.02,0.40
Alejandro Gomez,0.00,0.00,0.00,1.00,0.00,0.02,0.40
Alejandro Blasco,0.00,0.00,0.00,1.00,0.00,0.02,0.40
Alec Sayre,0.00,0.00,0.00,1.00,0.00,0.02,0.40
Alec Mills,0.00,0.00,0.00,1.00,0.00,0.02,0.40
Alec Makarewicz,0.00,0.00,0.00,1.00,0.00,0.02,0.40
Alec Kisena,0.00,0.00,0.00,1.00,0.00,0.02,0.40
Alec Gamboa,0.00,0.00,0.00,1.00,0.00,0.02,0.40
Alec Bettinger,0.00,0.00,0.00,1.00,0.00,0.02,0.40
Alec Barger,0.00,0.00,0.00,1.00,0.00,0.02,0.40
Alec Baker,0.00,0.00,0.00,1.00,0.00,0.02,0.40
Aldry Acosta,0.00,0.00,0.00,1.00,0.00,0.02,0.40
Aldrin Lucas,0.00,0.00,0.00,1.00,0.00,0.02,0.40
Aldrin Batista,0.00,0.00,0.00,1.00,0.00,0.02,0.40
Aldo Gaxiola,0.00,0.00,0.00,1.00,0.00,0.02,0.40
Aldenis Sanchez,0.00,0.00,0.00,1.00,0.00,0.02,0.40
Aldalay Kolokie,0.00,0.00,0.00,1.00,0.00,0.02,0.40
Alemao Hernandez,0.00,0.00,0.00,1.00,0.00,0.02,0.40
Alen Pineda,0.00,0.00,0.00,1.00,0.00,0.02,0.40
Alerick Soularie,0.00,0.00,0.00,1.00,0.00,0.02,0.40
Alex Destino,0.00,0.00,0.00,1.00,0.00,0.02,0.40
Alex McKenney,0.00,0.00,0.00,1.00,0.00,0.02,0.40
Alex McKenna,0.00,0.00,0.00,1.00,0.00,0.02,0.40
Alex McGarry,0.00,0.00,0.00,1.00,0.00,0.02,0.40
Alex McFarlane,0.00,0.00,0.00,1.00,0.00,0.02,0.40
Alex Mauricio,0.00,0.00,0.00,1.00,0.00,0.02,0.40
Alex Martinez,0.00,0.00,0.00,1.00,0.00,0.02,0.40
Alex Makarewich,0.00,0.00,0.00,1.00,0.00,0.02,0.40
Alex Isola,0.00,0.00,0.00,1.00,0.00,0.02,0.40
Alex Hoppe,0.00,0.00,0.00,1.00,0.00,0.02,0.40
Alex Hall,0.00,0.00,0.00,1.00,0.00,0.02,0.40
Alex Garbrick,0.00,0.00,0.00,1.00,0.00,0.02,0.40
Alex Freeland,0.00,0.00,0.00,1.00,0.00,0.02,0.40
Alex Dickerson,0.00,0.00,0.00,1.00,0.00,0.02,0.40
Alex De Jesus,0.00,0.00,0.00,1.00,0.00,0.02,0.40
Alessander De La Cruz,0.00,0.00,0.00,1.00,0.00,0.02,0.40
Alex De Goti,0.00,0.00,0.00,1.00,0.00,0.02,0.40
Alex Cook,0.00,0.00,0.00,1.00,0.00,0.02,0.40
Alex Colomé,0.00,0.00,0.00,1.00,0.00,0.02,0.40
Alex Clemmey,0.00,0.00,0.00,1.00,0.00,0.02,0.40
Alex Claudio,0.00,0.00,0.00,1.00,0.00,0.02,0.40
Alex Bustamante,0.00,0.00,0.00,1.00,0.00,0.02,0.40
Alex Blandino,0.00,0.00,0.00,1.00,0.00,0.02,0.40
Alex Binelas,0.00,0.00,0.00,1.00,0.00,0.02,0.40
Alex Ayala Jr.,0.00,0.00,0.00,1.00,0.00,0.02,0.40
Alex Amalfi,0.00,0.00,0.00,1.00,0.00,0.02,0.40
Alex Acosta,0.00,0.00,0.00,1.00,0.00,0.02,0.40
Alessandro Ercolani,0.00,0.00,0.00,1.00,0.00,0.02,0.40
Alessandro Duran,0.00,0.00,0.00,1.00,0.00,0.02,0.40
Alcides Hernandez,0.00,0.00,0.00,1.00,0.00,0.02,0.40
Albertson Asigen,0.00,0.00,0.00,1.00,0.00,0.02,0.40
Adrian Herrera,0.00,0.00,0.00,1.00,0.00,0.02,0.40
Alberto Rodriguez,0.00,0.00,0.00,1.00,0.00,0.02,0.40
Aidan Smith,0.00,0.00,0.00,1.00,0.00,0.02,0.40
Aidan Miller,0.00,0.00,0.00,1.00,0.00,0.02,0.40
Aidan Maldonado,0.00,0.00,0.00,1.00,0.00,0.02,0.40
Aidan Longwell,0.00,0.00,0.00,1.00,0.00,0.02,0.40
Aidan Curry,0.00,0.00,0.00,1.00,0.00,0.02,0.40
Aidan Anderson,0.00,0.00,0.00,1.00,0.00,0.02,0.40
Ahbram Liendo,0.00,0.00,0.00,1.00,0.00,0.02,0.40
Agustin Ruiz,0.00,0.00,0.00,1.00,0.00,0.02,0.40
Agustin Acosta,0.00,0.00,0.00,1.00,0.00,0.02,0.40
Aeverson Arteaga,0.00,0.00,0.00,1.00,0.00,0.02,0.40
Adrián Sugastey,0.00,0.00,0.00,1.00,0.00,0.02,0.40
Adrián Martínez,0.00,0.00,0.00,1.00,0.00,0.02,0.40
Adrián Delgado,0.00,0.00,0.00,1.00,0.00,0.02,0.40
Adriel Radney,0.00,0.00,0.00,1.00,0.00,0.02,0.40
Adriel Cuello,0.00,0.00,0.00,1.00,0.00,0.02,0.40
Adriander Mejía,0.00,0.00,0.00,1.00,0.00,0.02,0.40
Adrian Santana,0.00,0.00,0.00,1.00,0.00,0.02,0.40
Adrian Sampson,0.00,0.00,0.00,1.00,0.00,0.02,0.40
Adrian Rodriguez,0.00,0.00,0.00,1.00,0.00,0.02,0.40
Adrian Reyes,0.00,0.00,0.00,1.00,0.00,0.02,0.40
Adrian Quintana,0.00,0.00,0.00,1.00,0.00,0.02,0.40
Adrian Placencia,0.00,0.00,0.00,1.00,0.00,0.02,0.40
Adrian Pinto,0.00,0.00,0.00,1.00,0.00,0.02,0.40
Adrian Perez,0.00,0.00,0.00,1.00,0.00,0.02,0.40
Adrian Ogando,0.00,0.00,0.00,1.00,0.00,0.02,0.40
Adrian Meza,0.00,0.00,0.00,1.00,0.00,0.02,0.40
Adrian Martinez,0.00,0.00,0.00,1.00,0.00,0.02,0.40
Adrian Ibarra,0.00,0.00,0.00,1.00,0.00,0.02,0.40
Adrian Hoyte,0.00,0.00,0.00,1.00,0.00,0.02,0.40
Aiverson Rodriguez,0.00,0.00,0.00,1.00,0.00,0.02,0.40
Al Pesto,0.00,0.00,0.00,1.00,0.00,0.02,0.40
Alain Camou,0.00,0.00,0.00,1.00,0.00,0.02,0.40
Albert Feliz,0.00,0.00,0.00,1.00,0.00,0.02,0.40
Alberto Rios,0.00,0.00,0.00,1.00,0.00,0.02,0.40
Alberto Pacheco,0.00,0.00,0.00,1.00,0.00,0.02,0.40
Alberto Mota,0.00,0.00,0.00,1.00,0.00,0.02,0.40
Alberto Mendez,0.00,0.00,0.00,1.00,0.00,0.02,0.40
Alberto Hernandez,0.00,0.00,0.00,1.00,0.00,0.02,0.40
Alberto Guerrero,0.00,0.00,0.00,1.00,0.00,0.02,0.40
Alberto Barriga,0.00,0.00,0.00,1.00,0.00,0.02,0.40
Alberto Baldonado,0.00,0.00,0.00,1.00,0.00,0.02,0.40
Alberth Palma,0.00,0.00,0.00,1.00,0.00,0.02,0.40
Albert Rivas,0.00,0.00,0.00,1.00,0.00,0.02,0.40
Albert Polanco,0.00,0.00,0.00,1.00,0.00,0.02,0.40
Albert Jimenez,0.00,0.00,0.00,1.00,0.00,0.02,0.40
Albert Gutierrez,0.00,0.00,0.00,1.00,0.00,0.02,0.40
Albert Fabian,0.00,0.00,0.00,1.00,0.00,0.02,0.40
Alain Pena,0.00,0.00,0.00,1.00,0.00,0.02,0.40
Albert Carpio,0.00,0.00,0.00,1.00,0.00,0.02,0.40
Albert Breton,0.00,0.00,0.00,1.00,0.00,0.02,0.40
Albert Almora Jr.,0.00,0.00,0.00,1.00,0.00,0.02,0.40
Albert Alberto,0.00,0.00,0.00,1.00,0.00,0.02,0.40
Alaska Abney,0.00,0.00,0.00,1.00,0.00,0.02,0.40
Alan Trejo,0.00,0.00,0.00,1.00,0.00,0.02,0.40
Alan Strong,0.00,0.00,0.00,1.00,0.00,0.02,0.40
Alan Perdomo,0.00,0.00,0.00,1.00,0.00,0.02,0.40
Alan Mundo,0.00,0.00,0.00,1.00,0.00,0.02,0.40
Alan Mejia,0.00,0.00,0.00,1.00,0.00,0.02,0.40
Alan Frias,0.00,0.00,0.00,1.00,0.00,0.02,0.40
Alan Carter,0.00,0.00,0.00,1.00,0.00,0.02,0.40
Alan Busenitz,0.00,0.00,0.00,1.00,0.00,0.02,0.40
Angel Ventura,0.00,0.00,0.00,1.00,0.00,0.02,0.40
Angello Infante,0.00,0.00,0.00,1.00,0.00,0.02,0.40
Bryan Monte De Oca,0.00,0.00,0.00,1.00,0.00,0.02,0.40
Brandon McIlwain,0.00,0.00,0.00,1.00,0.00,0.02,0.40
Brandon Lewis,0.00,0.00,0.00,1.00,0.00,0.02,0.40
Brandon Leibrandt,0.00,0.00,0.00,1.00,0.00,0.02,0.40
Brandon Komar,0.00,0.00,0.00,1.00,0.00,0.02,0.40
Brandon Knarr,0.00,0.00,0.00,1.00,0.00,0.02,0.40
Brandon Kintzler,0.00,0.00,0.00,1.00,0.00,0.02,0.40
Brandon Johnson,0.00,0.00,0.00,1.00,0.00,0.02,0.40
Brandon Howlett,0.00,0.00,0.00,1.00,0.00,0.02,0.40
Brandon Hernandez,0.00,0.00,0.00,1.00,0.00,0.02,0.40
Brandon Herbold,0.00,0.00,0.00,1.00,0.00,0.02,0.40
Brandon Gold,0.00,0.00,0.00,1.00,0.00,0.02,0.40
Brandon Finnegan,0.00,0.00,0.00,1.00,0.00,0.02,0.40
Brandon Dufault,0.00,0.00,0.00,1.00,0.00,0.02,0.40
Brandon Dixon,0.00,0.00,0.00,1.00,0.00,0.02,0.40
Brandon Crawford,0.00,0.00,0.00,1.00,0.00,0.02,0.40
Brandon Brennan,0.00,0.00,0.00,1.00,0.00,0.02,0.40
Brandon Birdsell,0.00,0.00,0.00,1.00,0.00,0.02,0.40
Brandon Bielak,0.00,0.00,0.00,1.00,0.00,0.02,0.40
Brandon Belt,0.00,0.00,0.00,1.00,0.00,0.02,0.40
Brandon Beckel,0.00,0.00,0.00,1.00,0.00,0.02,0.40
Brandol Mezquita,0.00,0.00,0.00,1.00,0.00,0.02,0.40
Brando Mayea,0.00,0.00,0.00,1.00,0.00,0.02,0.40
Brandison Polanco,0.00,0.00,0.00,1.00,0.00,0.02,0.40
Branden Noriega,0.00,0.00,0.00,1.00,0.00,0.02,0.40
Branden Fryman,0.00,0.00,0.00,1.00,0.00,0.02,0.40
Branden Boissiere,0.00,0.00,0.00,1.00,0.00,0.02,0.40
Brandan Bidois,0.00,0.00,0.00,1.00,0.00,0.02,0.40
Bralyn Brazoban,0.00,0.00,0.00,1.00,0.00,0.02,0.40
Brainer Bonaci,0.00,0.00,0.00,1.00,0.00,0.02,0.40
Brailyn Paulino,0.00,0.00,0.00,1.00,0.00,0.02,0.40
Brandon Martorano,0.00,0.00,0.00,1.00,0.00,0.02,0.40
Brandon Neeck,0.00,0.00,0.00,1.00,0.00,0.02,0.40
Brayan Cota,0.00,0.00,0.00,1.00,0.00,0.02,0.40
Brandon Parker,0.00,0.00,0.00,1.00,0.00,0.02,0.40
Brayan Cabello,0.00,0.00,0.00,1.00,0.00,0.02,0.40
Brayan Buelvas,0.00,0.00,0.00,1.00,0.00,0.02,0.40
Brayan Amoroso,0.00,0.00,0.00,1.00,0.00,0.02,0.40
Brayan Altuve,0.00,0.00,0.00,1.00,0.00,0.02,0.40
Braxton Roxby,0.00,0.00,0.00,1.00,0.00,0.02,0.40
Braxton Martinez,0.00,0.00,0.00,1.00,0.00,0.02,0.40
Braxton Hyde,0.00,0.00,0.00,1.00,0.00,0.02,0.40
Braxton Garrett,0.00,0.00,0.00,1.00,0.00,0.02,0.40
Braxton Fulford,0.00,0.00,0.00,1.00,0.00,0.02,0.40
Braxton Bragg,0.00,0.00,0.00,1.00,0.00,0.02,0.40
Brawny Reyes,0.00,0.00,0.00,1.00,0.00,0.02,0.40
Braunny Munoz,0.00,0.00,0.00,1.00,0.00,0.02,0.40
Braulio Salas,0.00,0.00,0.00,1.00,0.00,0.02,0.40
Brauli Diaz,0.00,0.00,0.00,1.00,0.00,0.02,0.40
Brantley Bell,0.00,0.00,0.00,1.00,0.00,0.02,0.40
Branny De Oleo,0.00,0.00,0.00,1.00,0.00,0.02,0.40
Brannon Jordan,0.00,0.00,0.00,1.00,0.00,0.02,0.40
Branneli Franco,0.00,0.00,0.00,1.00,0.00,0.02,0.40
Brandyn Sittinger,0.00,0.00,0.00,1.00,0.00,0.02,0.40
Brandon Workman,0.00,0.00,0.00,1.00,0.00,0.02,0.40
Brandon Winokur,0.00,0.00,0.00,1.00,0.00,0.02,0.40
Brandon Williamson,0.00,0.00,0.00,1.00,0.00,0.02,0.40
Brandon White,0.00,0.00,0.00,1.00,0.00,0.02,0.40
Brandon Walter,0.00,0.00,0.00,1.00,0.00,0.02,0.40
Brandon Waddell,0.00,0.00,0.00,1.00,0.00,0.02,0.40
Brandon Valenzuela,0.00,0.00,0.00,1.00,0.00,0.02,0.40
Brandon Smith,0.00,0.00,0.00,1.00,0.00,0.02,0.40
Brandon Schaeffer,0.00,0.00,0.00,1.00,0.00,0.02,0.40
Brandon Pimentel,0.00,0.00,0.00,1.00,0.00,0.02,0.40
Brailyn Marquez,0.00,0.00,0.00,1.00,0.00,0.02,0.40
Brailin Rodriguez,0.00,0.00,0.00,1.00,0.00,0.02,0.40
Brailin Pascual,0.00,0.00,0.00,1.00,0.00,0.02,0.40
Braiden Ward,0.00,0.00,0.00,1.00,0.00,0.02,0.40
Brad Hand,0.00,0.00,0.00,1.00,0.00,0.02,0.40
Brad Deppermann,0.00,0.00,0.00,1.00,0.00,0.02,0.40
Brad Cumbest,0.00,0.00,0.00,1.00,0.00,0.02,0.40
Brad Case,0.00,0.00,0.00,1.00,0.00,0.02,0.40
Brad Brach,0.00,0.00,0.00,1.00,0.00,0.02,0.40
Brad Boxberger,0.00,0.00,0.00,1.00,0.00,0.02,0.40
Bracewell Taveras,0.00,0.00,0.00,1.00,0.00,0.02,0.40
Bowen Plagge,0.00,0.00,0.00,1.00,0.00,0.02,0.40
Boston Baro,0.00,0.00,0.00,1.00,0.00,0.02,0.40
Bohan Adderley,0.00,0.00,0.00,1.00,0.00,0.02,0.40
Bodi Rascon,0.00,0.00,0.00,1.00,0.00,0.02,0.40
Boby Johnson,0.00,0.00,0.00,1.00,0.00,0.02,0.40
Bobby Milacki,0.00,0.00,0.00,1.00,0.00,0.02,0.40
Bobby Ay,0.00,0.00,0.00,1.00,0.00,0.02,0.40
Bob Seymour,0.00,0.00,0.00,1.00,0.00,0.02,0.40
Bo Davidson,0.00,0.00,0.00,1.00,0.00,0.02,0.40
Bo Bonds,0.00,0.00,0.00,1.00,0.00,0.02,0.40
Blaze Pontes,0.00,0.00,0.00,1.00,0.00,0.02,0.40
Blaze Jordan,0.00,0.00,0.00,1.00,0.00,0.02,0.40
Blayne Enlow,0.00,0.00,0.00,1.00,0.00,0.02,0.40
Blayberg Diaz,0.00,0.00,0.00,1.00,0.00,0.02,0.40
Blane Abeyta,0.00,0.00,0.00,1.00,0.00,0.02,0.40
Blake Workman,0.00,0.00,0.00,1.00,0.00,0.02,0.40
Blake Wolters,0.00,0.00,0.00,1.00,0.00,0.02,0.40
Blake Whitney,0.00,0.00,0.00,1.00,0.00,0.02,0.40
Blake Whiting,0.00,0.00,0.00,1.00,0.00,0.02,0.40
Blake Wehunt,0.00,0.00,0.00,1.00,0.00,0.02,0.40
Blake Townsend,0.00,0.00,0.00,1.00,0.00,0.02,0.40
Blake Taylor,0.00,0.00,0.00,1.00,0.00,0.02,0.40
Brad Miller,0.00,0.00,0.00,1.00,0.00,0.02,0.40
Brad Peacock,0.00,0.00,0.00,1.00,0.00,0.02,0.40
Brad Wieck,0.00,0.00,0.00,1.00,0.00,0.02,0.40
Brady Feigl,0.00,0.00,0.00,1.00,0.00,0.02,0.40
Braian Salazar,0.00,0.00,0.00,1.00,0.00,0.02,0.40
Brahian Silva,0.00,0.00,0.00,1.00,0.00,0.02,0.40
Brahian Rijo,0.00,0.00,0.00,1.00,0.00,0.02,0.40
Braedon Karpathios,0.00,0.00,0.00,1.00,0.00,0.02,0.40
Braeden Ogle,0.00,0.00,0.00,1.00,0.00,0.02,0.40
Braeden Fausnaught,0.00,0.00,0.00,1.00,0.00,0.02,0.40
Brady Whalen,0.00,0.00,0.00,1.00,0.00,0.02,0.40
Brady Schanuel,0.00,0.00,0.00,1.00,0.00,0.02,0.40
Brady Puckett,0.00,0.00,0.00,1.00,0.00,0.02,0.40
Brady Policelli,0.00,0.00,0.00,1.00,0.00,0.02,0.40
Brady Lindsly,0.00,0.00,0.00,1.00,0.00,0.02,0.40
Brady Lail,0.00,0.00,0.00,1.00,0.00,0.02,0.40
Brady Hill,0.00,0.00,0.00,1.00,0.00,0.02,0.40
Brady Choban,0.00,0.00,0.00,1.00,0.00,0.02,0.40
Braden Barry,0.00,0.00,0.00,1.00,0.00,0.02,0.40
Brady Allen,0.00,0.00,0.00,1.00,0.00,0.02,0.40
Bradley Zimmer,0.00,0.00,0.00,1.00,0.00,0.02,0.40
Bradley Hanner,0.00,0.00,0.00,1.00,0.00,0.02,0.40
Bradley Brehmer,0.00,0.00,0.00,1.00,0.00,0.02,0.40
Bradford Webb,0.00,0.00,0.00,1.00,0.00,0.02,0.40
Braden Zarbnisky,0.00,0.00,0.00,1.00,0.00,0.02,0.40
Braden Shipley,0.00,0.00,0.00,1.00,0.00,0.02,0.40
Braden Scott,0.00,0.00,0.00,1.00,0.00,0.02,0.40
Braden Olthoff,0.00,0.00,0.00,1.00,0.00,0.02,0.40
Braden Nett,0.00,0.00,0.00,1.00,0.00,0.02,0.40
Braden Carmichael,0.00,0.00,0.00,1.00,0.00,0.02,0.40
Braden Bristo,0.00,0.00,0.00,1.00,0.00,0.02,0.40
Braden Bishop,0.00,0.00,0.00,1.00,0.00,0.02,0.40
Brayan Castillo,0.00,0.00,0.00,1.00,0.00,0.02,0.40
Brayan De Paula,0.00,0.00,0.00,1.00,0.00,0.02,0.40
Angelo Castellano,0.00,0.00,0.00,1.00,0.00,0.02,0.40
Brock Selvidge,0.00,0.00,0.00,1.00,0.00,0.02,0.40
Brock Porter,0.00,0.00,0.00,1.00,0.00,0.02,0.40
Brock Jones,0.00,0.00,0.00,1.00,0.00,0.02,0.40
Brock Bell,0.00,0.00,0.00,1.00,0.00,0.02,0.40
Brian Van Belle,0.00,0.00,0.00,1.00,0.00,0.02,0.40
Brian Sanchez,0.00,0.00,0.00,1.00,0.00,0.02,0.40
Brian Rey,0.00,0.00,0.00,1.00,0.00,0.02,0.40
Brian O'Keefe,0.00,0.00,0.00,1.00,0.00,0.02,0.40
Brian Navarreto,0.00,0.00,0.00,1.00,0.00,0.02,0.40
Brian Moran,0.00,0.00,0.00,1.00,0.00,0.02,0.40
Brian Miller,0.00,0.00,0.00,1.00,0.00,0.02,0.40
Brian Marconi,0.00,0.00,0.00,1.00,0.00,0.02,0.40
Brian Keller,0.00,0.00,0.00,1.00,0.00,0.02,0.40
Brian Kalmer,0.00,0.00,0.00,1.00,0.00,0.02,0.40
Brian Howard,0.00,0.00,0.00,1.00,0.00,0.02,0.40
Brian Gonzalez,0.00,0.00,0.00,1.00,0.00,0.02,0.40
Brian Glowicki,0.00,0.00,0.00,1.00,0.00,0.02,0.40
Brian Fitzpatrick,0.00,0.00,0.00,1.00,0.00,0.02,0.40
Brian Edgington,0.00,0.00,0.00,1.00,0.00,0.02,0.40
Brian Anderson,0.00,0.00,0.00,1.00,0.00,0.02,0.40
Brhet Bewley,0.00,0.00,0.00,1.00,0.00,0.02,0.40
Breyias Dean,0.00,0.00,0.00,1.00,0.00,0.02,0.40
Brett Wichrowski,0.00,0.00,0.00,1.00,0.00,0.02,0.40
Brett Standlee,0.00,0.00,0.00,1.00,0.00,0.02,0.40
Brett Squires,0.00,0.00,0.00,1.00,0.00,0.02,0.40
Brett Schulze,0.00,0.00,0.00,1.00,0.00,0.02,0.40
Brett Rodriguez,0.00,0.00,0.00,1.00,0.00,0.02,0.40
Brett Roberts,0.00,0.00,0.00,1.00,0.00,0.02,0.40
Brett Phillips,0.00,0.00,0.00,1.00,0.00,0.02,0.40
Brett Matthews,0.00,0.00,0.00,1.00,0.00,0.02,0.40
Brock Rodden,0.00,0.00,0.00,1.00,0.00,0.02,0.40
Brock Vradenburg,0.00,0.00,0.00,1.00,0.00,0.02,0.40
Brayan Diaz,0.00,0.00,0.00,1.00,0.00,0.02,0.40
Brock Whittlesey,0.00,0.00,0.00,1.00,0.00,0.02,0.40
Bryan Mitchell,0.00,0.00,0.00,1.00,0.00,0.02,0.40
Bryan Mena,0.00,0.00,0.00,1.00,0.00,0.02,0.40
Bryan Mata,0.00,0.00,0.00,1.00,0.00,0.02,0.40
Bryan Martinez,0.00,0.00,0.00,1.00,0.00,0.02,0.40
Bryan Magdaleno,0.00,0.00,0.00,1.00,0.00,0.02,0.40
Bryan Lucas,0.00,0.00,0.00,1.00,0.00,0.02,0.40
Bryan Lavastida,0.00,0.00,0.00,1.00,0.00,0.02,0.40
Bryan Gonzalez,0.00,0.00,0.00,1.00,0.00,0.02,0.40
Bryan Garcia,0.00,0.00,0.00,1.00,0.00,0.02,0.40
Bryan Chi,0.00,0.00,0.00,1.00,0.00,0.02,0.40
Bryan Caceres,0.00,0.00,0.00,1.00,0.00,0.02,0.40
Bryan Broecker,0.00,0.00,0.00,1.00,0.00,0.02,0.40
Bryan Brickhouse,0.00,0.00,0.00,1.00,0.00,0.02,0.40
Bryan Bautista,0.00,0.00,0.00,1.00,0.00,0.02,0.40
Bryan Arias,0.00,0.00,0.00,1.00,0.00,0.02,0.40
Bryan Andrade,0.00,0.00,0.00,1.00,0.00,0.02,0.40
Bryan Acuna,0.00,0.00,0.00,1.00,0.00,0.02,0.40
Browm Martinez,0.00,0.00,0.00,1.00,0.00,0.02,0.40
Brooks Wilson,0.00,0.00,0.00,1.00,0.00,0.02,0.40
Brooks Kriske,0.00,0.00,0.00,1.00,0.00,0.02,0.40
Brooks Gosswein,0.00,0.00,0.00,1.00,0.00,0.02,0.40
Brooks Crawford,0.00,0.00,0.00,1.00,0.00,0.02,0.40
Brooks Brannon,0.00,0.00,0.00,1.00,0.00,0.02,0.40
Brody Rodning,0.00,0.00,0.00,1.00,0.00,0.02,0.40
Brody Moore,0.00,0.00,0.00,1.00,0.00,0.02,0.40
Brody McCullough,0.00,0.00,0.00,1.00,0.00,0.02,0.40
Brody Koerner,0.00,0.00,0.00,1.00,0.00,0.02,0.40
Brody Jessee,0.00,0.00,0.00,1.00,0.00,0.02,0.40
Brody Hopkins,0.00,0.00,0.00,1.00,0.00,0.02,0.40
Brett Martin,0.00,0.00,0.00,1.00,0.00,0.02,0.40
Brett Lockwood,0.00,0.00,0.00,1.00,0.00,0.02,0.40
Brett Kerry,0.00,0.00,0.00,1.00,0.00,0.02,0.40
Brett Kennedy,0.00,0.00,0.00,1.00,0.00,0.02,0.40
Breiny Ramírez,0.00,0.00,0.00,1.00,0.00,0.02,0.40
Breilin Arredondo,0.00,0.00,0.00,1.00,0.00,0.02,0.40
Breidy Encarnación,0.00,0.00,0.00,1.00,0.00,0.02,0.40
Breck Eichelberger,0.00,0.00,0.00,1.00,0.00,0.02,0.40
Brayner Sánchez,0.00,0.00,0.00,1.00,0.00,0.02,0.40
Braylon Bishop,0.00,0.00,0.00,1.00,0.00,0.02,0.40
Braylin Tavera,0.00,0.00,0.00,1.00,0.00,0.02,0.40
Braylin Morel,0.00,0.00,0.00,1.00,0.00,0.02,0.40
Braylen Wimmer,0.00,0.00,0.00,1.00,0.00,0.02,0.40
Brayhans Barreto,0.00,0.00,0.00,1.00,0.00,0.02,0.40
Braydon Tucker,0.00,0.00,0.00,1.00,0.00,0.02,0.40
Braydon Fisher,0.00,0.00,0.00,1.00,0.00,0.02,0.40
Brayden Taylor,0.00,0.00,0.00,1.00,0.00,0.02,0.40
Brayden Jobert,0.00,0.00,0.00,1.00,0.00,0.02,0.40
Brayan Suarez,0.00,0.00,0.00,1.00,0.00,0.02,0.40
Brayan Sanchez,0.00,0.00,0.00,1.00,0.00,0.02,0.40
Brayan Romero,0.00,0.00,0.00,1.00,0.00,0.02,0.40
Brayan Rijo,0.00,0.00,0.00,1.00,0.00,0.02,0.40
Brayan Restituyo,0.00,0.00,0.00,1.00,0.00,0.02,0.40
Brayan Perez,0.00,0.00,0.00,1.00,0.00,0.02,0.40
Brayan Palencia,0.00,0.00,0.00,1.00,0.00,0.02,0.40
Brayan Oropeza,0.00,0.00,0.00,1.00,0.00,0.02,0.40
Brayan Narvaez,0.00,0.00,0.00,1.00,0.00,0.02,0.40
Brayan Mendoza,0.00,0.00,0.00,1.00,0.00,0.02,0.40
Brayan Medina,0.00,0.00,0.00,1.00,0.00,0.02,0.40
Brayan Joseph,0.00,0.00,0.00,1.00,0.00,0.02,0.40
Brayan Hernández,0.00,0.00,0.00,1.00,0.00,0.02,0.40
Brayan Guedez,0.00,0.00,0.00,1.00,0.00,0.02,0.40
Brayan Ferrer,0.00,0.00,0.00,1.00,0.00,0.02,0.40
Brendan Beck,0.00,0.00,0.00,1.00,0.00,0.02,0.40
Brendan Cellucci,0.00,0.00,0.00,1.00,0.00,0.02,0.40
Brendan Collins,0.00,0.00,0.00,1.00,0.00,0.02,0.40
Brent Diaz,0.00,0.00,0.00,1.00,0.00,0.02,0.40
Brett Johnson,0.00,0.00,0.00,1.00,0.00,0.02,0.40
Brett Eibner,0.00,0.00,0.00,1.00,0.00,0.02,0.40
Brett Daniels,0.00,0.00,0.00,1.00,0.00,0.02,0.40
Brett Cumberland,0.00,0.00,0.00,1.00,0.00,0.02,0.40
Brett Conine,0.00,0.00,0.00,1.00,0.00,0.02,0.40
Brett Callahan,0.00,0.00,0.00,1.00,0.00,0.02,0.40
Brett Bateman,0.00,0.00,0.00,1.00,0.00,0.02,0.40
Brett Barrera,0.00,0.00,0.00,1.00,0.00,0.02,0.40
Brett Auerbach,0.00,0.00,0.00,1.00,0.00,0.02,0.40
Brett Anderson,0.00,0.00,0.00,1.00,0.00,0.02,0.40
Bret Boswell,0.00,0.00,0.00,1.00,0.00,0.02,0.40
Brent Teller,0.00,0.00,0.00,1.00,0.00,0.02,0.40
Brent Killam,0.00,0.00,0.00,1.00,0.00,0.02,0.40
Brenny Escanio,0.00,0.00,0.00,1.00,0.00,0.02,0.40
Brendan Hardy,0.00,0.00,0.00,1.00,0.00,0.02,0.40
Brennon McNair,0.00,0.00,0.00,1.00,0.00,0.02,0.40
Brenner Cox,0.00,0.00,0.00,1.00,0.00,0.02,0.40
Brennen Davis,0.00,0.00,0.00,1.00,0.00,0.02,0.40
Brennan Orf,0.00,0.00,0.00,1.00,0.00,0.02,0.40
Brennan Milone,0.00,0.00,0.00,1.00,0.00,0.02,0.40
Brendon Davis,0.00,0.00,0.00,1.00,0.00,0.02,0.40
Brenden Dixon,0.00,0.00,0.00,1.00,0.00,0.02,0.40
Brendan White,0.00,0.00,0.00,1.00,0.00,0.02,0.40
Brendan Nail,0.00,0.00,0.00,1.00,0.00,0.02,0.40
Brendan Morse,0.00,0.00,0.00,1.00,0.00,0.02,0.40
Brendan McKay,0.00,0.00,0.00,1.00,0.00,0.02,0.40
Brendan McGuigan,0.00,0.00,0.00,1.00,0.00,0.02,0.40
Brendan Jones,0.00,0.00,0.00,1.00,0.00,0.02,0.40
Blake Seigler,0.00,0.00,0.00,1.00,0.00,0.02,0.40
Blake Rutherford,0.00,0.00,0.00,1.00,0.00,0.02,0.40
Blake Rogers,0.00,0.00,0.00,1.00,0.00,0.02,0.40
Arturo Guerrero,0.00,0.00,0.00,1.00,0.00,0.02,0.40
Arturo De Freitas,0.00,0.00,0.00,1.00,0.00,0.02,0.40
Art Warren,0.00,0.00,0.00,1.00,0.00,0.02,0.40
Arquímedes Gamboa,0.00,0.00,0.00,1.00,0.00,0.02,0.40
Aroon Escobar,0.00,0.00,0.00,1.00,0.00,0.02,0.40
Aron Estrada,0.00,0.00,0.00,1.00,0.00,0.02,0.40
Arol Vera,0.00,0.00,0.00,1.00,0.00,0.02,0.40
Arodys Vizcaíno,0.00,0.00,0.00,1.00,0.00,0.02,0.40
Arnold Prado,0.00,0.00,0.00,1.00,0.00,0.02,0.40
Arnaldo Montano,0.00,0.00,0.00,1.00,0.00,0.02,0.40
Arnaldo Lantigua,0.00,0.00,0.00,1.00,0.00,0.02,0.40
Arnaldo Hernandez,0.00,0.00,0.00,1.00,0.00,0.02,0.40
Armond Upshaw,0.00,0.00,0.00,1.00,0.00,0.02,0.40
Armani Smith,0.00,0.00,0.00,1.00,0.00,0.02,0.40
Armando Vasquez,0.00,0.00,0.00,1.00,0.00,0.02,0.40
Armando Sierra,0.00,0.00,0.00,1.00,0.00,0.02,0.40
Armando Cruz,0.00,0.00,0.00,1.00,0.00,0.02,0.40
Arlison Rodriguez,0.00,0.00,0.00,1.00,0.00,0.02,0.40
Arjun Nimmala,0.00,0.00,0.00,1.00,0.00,0.02,0.40
Arison Jimenez,0.00,0.00,0.00,1.00,0.00,0.02,0.40
Arij Fransen,0.00,0.00,0.00,1.00,0.00,0.02,0.40
Arielbi Gonzalez,0.00,0.00,0.00,1.00,0.00,0.02,0.40
Ariel Jurado,0.00,0.00,0.00,1.00,0.00,0.02,0.40
Ariel Castro,0.00,0.00,0.00,1.00,0.00,0.02,0.40
Ariel Almonte,0.00,0.00,0.00,1.00,0.00,0.02,0.40
Argenis Aparicio,0.00,0.00,0.00,1.00,0.00,0.02,0.40
Argenis Angulo,0.00,0.00,0.00,1.00,0.00,0.02,0.40
Arfeni Batista,0.00,0.00,0.00,1.00,0.00,0.02,0.40
Arden Pabst,0.00,0.00,0.00,1.00,0.00,0.02,0.40
Archie Bradley,0.00,0.00,0.00,1.00,0.00,0.02,0.40
Arturo Disla,0.00,0.00,0.00,1.00,0.00,0.02,0.40
Arxy Hernandez,0.00,0.00,0.00,1.00,0.00,0.02,0.40
Blake Robertson,0.00,0.00,0.00,1.00,0.00,0.02,0.40
Asa Lacy,0.00,0.00,0.00,1.00,0.00,0.02,0.40
Austin Kitchen,0.00,0.00,0.00,1.00,0.00,0.02,0.40
Austin Hendrick,0.00,0.00,0.00,1.00,0.00,0.02,0.40
Austin Hansen,0.00,0.00,0.00,1.00,0.00,0.02,0.40
Austin Gauthier,0.00,0.00,0.00,1.00,0.00,0.02,0.40
Austin Emener,0.00,0.00,0.00,1.00,0.00,0.02,0.40
Austin Drury,0.00,0.00,0.00,1.00,0.00,0.02,0.40
Austin Deming,0.00,0.00,0.00,1.00,0.00,0.02,0.40
Austin Dean,0.00,0.00,0.00,1.00,0.00,0.02,0.40
Austin Cox,0.00,0.00,0.00,1.00,0.00,0.02,0.40
Austin Charles,0.00,0.00,0.00,1.00,0.00,0.02,0.40
Austin Callahan,0.00,0.00,0.00,1.00,0.00,0.02,0.40
Austin Briggs,0.00,0.00,0.00,1.00,0.00,0.02,0.40
Austin Brice,0.00,0.00,0.00,1.00,0.00,0.02,0.40
Austin Bergner,0.00,0.00,0.00,1.00,0.00,0.02,0.40
Austin Becker,0.00,0.00,0.00,1.00,0.00,0.02,0.40
Austin Amaral,0.00,0.00,0.00,1.00,0.00,0.02,0.40
Austin Allen,0.00,0.00,0.00,1.00,0.00,0.02,0.40
Austin Aldeano,0.00,0.00,0.00,1.00,0.00,0.02,0.40
Augusto Calderon,0.00,0.00,0.00,1.00,0.00,0.02,0.40
Audry Lugo,0.00,0.00,0.00,1.00,0.00,0.02,0.40
Audie Jimenez,0.00,0.00,0.00,1.00,0.00,0.02,0.40
Athanael Duarte,0.00,0.00,0.00,1.00,0.00,0.02,0.40
Ashton McGee,0.00,0.00,0.00,1.00,0.00,0.02,0.40
Ashton Izzi,0.00,0.00,0.00,1.00,0.00,0.02,0.40
Ashton Goudeau,0.00,0.00,0.00,1.00,0.00,0.02,0.40
Ashton Creal,0.00,0.00,0.00,1.00,0.00,0.02,0.40
Ashly Andujar,0.00,0.00,0.00,1.00,0.00,0.02,0.40
Asher Wojciechowski,0.00,0.00,0.00,1.00,0.00,0.02,0.40
Asbel Gonzalez,0.00,0.00,0.00,1.00,0.00,0.02,0.40
Archer Brookman,0.00,0.00,0.00,1.00,0.00,0.02,0.40
Aramis Garcia,0.00,0.00,0.00,1.00,0.00,0.02,0.40
Aníbal Sánchez,0.00,0.00,0.00,1.00,0.00,0.02,0.40
Anyer Laureano,0.00,0.00,0.00,1.00,0.00,0.02,0.40
Anthony Prato,0.00,0.00,0.00,1.00,0.00,0.02,0.40
Anthony Perez,0.00,0.00,0.00,1.00,0.00,0.02,0.40
Anthony Narvaez,0.00,0.00,0.00,1.00,0.00,0.02,0.40
Anthony Mulrine,0.00,0.00,0.00,1.00,0.00,0.02,0.40
Anthony Mendez,0.00,0.00,0.00,1.00,0.00,0.02,0.40
Anthony Marquez,0.00,0.00,0.00,1.00,0.00,0.02,0.40
Anthony Kay,0.00,0.00,0.00,1.00,0.00,0.02,0.40
Anthony Huezo,0.00,0.00,0.00,1.00,0.00,0.02,0.40
Anthony Hall,0.00,0.00,0.00,1.00,0.00,0.02,0.40
Anthony Gutierrez,0.00,0.00,0.00,1.00,0.00,0.02,0.40
Anthony Gose,0.00,0.00,0.00,1.00,0.00,0.02,0.40
Anthony Garcia,0.00,0.00,0.00,1.00,0.00,0.02,0.40
Anthony Flores,0.00,0.00,0.00,1.00,0.00,0.02,0.40
Anthony Escobar,0.00,0.00,0.00,1.00,0.00,0.02,0.40
Anthony Cruz,0.00,0.00,0.00,1.00,0.00,0.02,0.40
Anthony Crespo,0.00,0.00,0.00,1.00,0.00,0.02,0.40
Anthony Castro,0.00,0.00,0.00,1.00,0.00,0.02,0.40
Anthony Bemboom,0.00,0.00,0.00,1.00,0.00,0.02,0.40
Anthony Bello,0.00,0.00,0.00,1.00,0.00,0.02,0.40
Anthony Bass,0.00,0.00,0.00,1.00,0.00,0.02,0.40
Anthony Arguelles,0.00,0.00,0.00,1.00,0.00,0.02,0.40
Ankeily Feliz,0.00,0.00,0.00,1.00,0.00,0.02,0.40
Anielson Buten,0.00,0.00,0.00,1.00,0.00,0.02,0.40
Aniel Mendoza,0.00,0.00,0.00,1.00,0.00,0.02,0.40
Anibal Salas,0.00,0.00,0.00,1.00,0.00,0.02,0.40
Angeudis Santos,0.00,0.00,0.00,1.00,0.00,0.02,0.40
Angelo Mora,0.00,0.00,0.00,1.00,0.00,0.02,0.40
Angelo Hernandez,0.00,0.00,0.00,1.00,0.00,0.02,0.40
Angelo DiSpigna,0.00,0.00,0.00,1.00,0.00,0.02,0.40
Anthony Quirion,0.00,0.00,0.00,1.00,0.00,0.02,0.40
Anthony Rodriguez,0.00,0.00,0.00,1.00,0.00,0.02,0.40
Anthony Scull,0.00,0.00,0.00,1.00,0.00,0.02,0.40
Antonio Gomez,0.00,0.00,0.00,1.00,0.00,0.02,0.40
Anyelo Ovando,0.00,0.00,0.00,1.00,0.00,0.02,0.40
Anyelo Marquez,0.00,0.00,0.00,1.00,0.00,0.02,0.40
Anyelo Gonzalez,0.00,0.00,0.00,1.00,0.00,0.02,0.40
Anyelo Encarnacion,0.00,0.00,0.00,1.00,0.00,0.02,0.40
Antwone Kelly,0.00,0.00,0.00,1.00,0.00,0.02,0.40
Antony Peguero,0.00,0.00,0.00,1.00,0.00,0.02,0.40
Antony Gomez,0.00,0.00,0.00,1.00,0.00,0.02,0.40
Antonis Macias,0.00,0.00,0.00,1.00,0.00,0.02,0.40
Antonio Velez,0.00,0.00,0.00,1.00,0.00,0.02,0.40
Antonio Santos,0.00,0.00,0.00,1.00,0.00,0.02,0.40
Antonio Pimentel,0.00,0.00,0.00,1.00,0.00,0.02,0.40
Antonio Menendez,0.00,0.00,0.00,1.00,0.00,0.02,0.40
Antonio Knowles,0.00,0.00,0.00,1.00,0.00,0.02,0.40
Antonio Florido,0.00,0.00,0.00,1.00,0.00,0.02,0.40
Anthony Seigler,0.00,0.00,0.00,1.00,0.00,0.02,0.40
Antonio Anderson,0.00,0.00,0.00,1.00,0.00,0.02,0.40
Antoni Cuello,0.00,0.00,0.00,1.00,0.00,0.02,0.40
Antoine Kelly,0.00,0.00,0.00,1.00,0.00,0.02,0.40
Anthuan Valencia,0.00,0.00,0.00,1.00,0.00,0.02,0.40
Anthony Vizcaya,0.00,0.00,0.00,1.00,0.00,0.02,0.40
Anthony Vilar,0.00,0.00,0.00,1.00,0.00,0.02,0.40
Anthony Tomczak,0.00,0.00,0.00,1.00,0.00,0.02,0.40
Anthony Tandron,0.00,0.00,0.00,1.00,0.00,0.02,0.40
Anthony Swarzak,0.00,0.00,0.00,1.00,0.00,0.02,0.40
Anthony Solometo,0.00,0.00,0.00,1.00,0.00,0.02,0.40
Anthony Simonelli,0.00,0.00,0.00,1.00,0.00,0.02,0.40
Anthony Sherwin,0.00,0.00,0.00,1.00,0.00,0.02,0.40
Anthony Servideo,0.00,0.00,0.00,1.00,0.00,0.02,0.40
Austin Lambright,0.00,0.00,0.00,1.00,0.00,0.02,0.40
Austin Love,0.00,0.00,0.00,1.00,0.00,0.02,0.40
Austin Meadows,0.00,0.00,0.00,1.00,0.00,0.02,0.40
Ben McCabe,0.00,0.00,0.00,1.00,0.00,0.02,0.40
Bernardo Rivera,0.00,0.00,0.00,1.00,0.00,0.02,0.40
Bernardo Flores Jr.,0.00,0.00,0.00,1.00,0.00,0.02,0.40
Bernard Moon,0.00,0.00,0.00,1.00,0.00,0.02,0.40
Bernard Mack,0.00,0.00,0.00,1.00,0.00,0.02,0.40
Bernard Jose,0.00,0.00,0.00,1.00,0.00,0.02,0.40
Benony Robles,0.00,0.00,0.00,1.00,0.00,0.02,0.40
Benny Montgomery,0.00,0.00,0.00,1.00,0.00,0.02,0.40
Bennett Lee,0.00,0.00,0.00,1.00,0.00,0.02,0.40
Bennett Hostetler,0.00,0.00,0.00,1.00,0.00,0.02,0.40
Benjamin Dum,0.00,0.00,0.00,1.00,0.00,0.02,0.40
Benjamin Cowles,0.00,0.00,0.00,1.00,0.00,0.02,0.40
Benjamin Blackwell,0.00,0.00,0.00,1.00,0.00,0.02,0.40
Benjamin Arias,0.00,0.00,0.00,1.00,0.00,0.02,0.40
Benito Garcia,0.00,0.00,0.00,1.00,0.00,0.02,0.40
Ben Williamson,0.00,0.00,0.00,1.00,0.00,0.02,0.40
Ben Wereski,0.00,0.00,0.00,1.00,0.00,0.02,0.40
Ben Thompson,0.00,0.00,0.00,1.00,0.00,0.02,0.40
Ben Simon,0.00,0.00,0.00,1.00,0.00,0.02,0.40
Ben Shields,0.00,0.00,0.00,1.00,0.00,0.02,0.40
Ben Serunkuma,0.00,0.00,0.00,1.00,0.00,0.02,0.40
Ben Sears,0.00,0.00,0.00,1.00,0.00,0.02,0.40
Ben Rowen,0.00,0.00,0.00,1.00,0.00,0.02,0.40
Ben Ross,0.00,0.00,0.00,1.00,0.00,0.02,0.40
Ben Ramirez,0.00,0.00,0.00,1.00,0.00,0.02,0.40
Ben Petschke,0.00,0.00,0.00,1.00,0.00,0.02,0.40
Ben Peoples,0.00,0.00,0.00,1.00,0.00,0.02,0.40
Ben Onyshko,0.00,0.00,0.00,1.00,0.00,0.02,0.40
Ben Norman,0.00,0.00,0.00,1.00,0.00,0.02,0.40
Ben Miller,0.00,0.00,0.00,1.00,0.00,0.02,0.40
Bernardo Zabala,0.00,0.00,0.00,1.00,0.00,0.02,0.40
Bernie Martinez,0.00,0.00,0.00,1.00,0.00,0.02,0.40
Beycker Barroso,0.00,0.00,0.00,1.00,0.00,0.02,0.40
Blair Calvo,0.00,0.00,0.00,1.00,0.00,0.02,0.40
Blake Rivera,0.00,0.00,0.00,1.00,0.00,0.02,0.40
Blake Rambusch,0.00,0.00,0.00,1.00,0.00,0.02,0.40
Blake Pivaroff,0.00,0.00,0.00,1.00,0.00,0.02,0.40
Blake Parker,0.00,0.00,0.00,1.00,0.00,0.02,0.40
Blake Money,0.00,0.00,0.00,1.00,0.00,0.02,0.40
Blake Mitchell,0.00,0.00,0.00,1.00,0.00,0.02,0.40
Blake Loubier,0.00,0.00,0.00,1.00,0.00,0.02,0.40
Blake Holub,0.00,0.00,0.00,1.00,0.00,0.02,0.40
Blake Goldsberry,0.00,0.00,0.00,1.00,0.00,0.02,0.40
Blake Burkhalter,0.00,0.00,0.00,1.00,0.00,0.02,0.40
Blake Beers,0.00,0.00,0.00,1.00,0.00,0.02,0.40
Blake Adams,0.00,0.00,0.00,1.00,0.00,0.02,0.40
Blair Henley,0.00,0.00,0.00,1.00,0.00,0.02,0.40
Blaine McIntosh,0.00,0.00,0.00,1.00,0.00,0.02,0.40
Biembenido  Brito,0.00,0.00,0.00,1.00,0.00,0.02,0.40
Blaine Knight,0.00,0.00,0.00,1.00,0.00,0.02,0.40
Blaine Crim,0.00,0.00,0.00,1.00,0.00,0.02,0.40
Bladimir Restituyo,0.00,0.00,0.00,1.00,0.00,0.02,0.40
Bladimir Pichardo,0.00,0.00,0.00,1.00,0.00,0.02,0.40
Blade Tidwell,0.00,0.00,0.00,1.00,0.00,0.02,0.40
Bjay Cooke,0.00,0.00,0.00,1.00,0.00,0.02,0.40
Bishop Letson,0.00,0.00,0.00,1.00,0.00,0.02,0.40
Billy Sullivan,0.00,0.00,0.00,1.00,0.00,0.02,0.40
Billy Seidl,0.00,0.00,0.00,1.00,0.00,0.02,0.40
Billy McKinney,0.00,0.00,0.00,1.00,0.00,0.02,0.40
Billy Lescher,0.00,0.00,0.00,1.00,0.00,0.02,0.40
Billy Corcoran,0.00,0.00,0.00,1.00,0.00,0.02,0.40
Bill Knight,0.00,0.00,0.00,1.00,0.00,0.02,0.40
Ben Metzinger,0.00,0.00,0.00,1.00,0.00,0.02,0.40
Ben Malgeri,0.00,0.00,0.00,1.00,0.00,0.02,0.40
Austin Murr,0.00,0.00,0.00,1.00,0.00,0.02,0.40
Ben Madison,0.00,0.00,0.00,1.00,0.00,0.02,0.40
Bairon Ledesma,0.00,0.00,0.00,1.00,0.00,0.02,0.40
Bailey Reid,0.00,0.00,0.00,1.00,0.00,0.02,0.40
Bailey Dees,0.00,0.00,0.00,1.00,0.00,0.02,0.40
BJ Murray Jr.,0.00,0.00,0.00,1.00,0.00,0.02,0.40
BJ Boyd,0.00,0.00,0.00,1.00,0.00,0.02,0.40
B.Y. Choi,0.00,0.00,0.00,1.00,0.00,0.02,0.40
Ayendy Bravo,0.00,0.00,0.00,1.00,0.00,0.02,0.40
Axiel Plaz,0.00,0.00,0.00,1.00,0.00,0.02,0.40
Axell De Paula,0.00,0.00,0.00,1.00,0.00,0.02,0.40
Axel Sanchez,0.00,0.00,0.00,1.00,0.00,0.02,0.40
Avisaíl García,0.00,0.00,0.00,1.00,0.00,0.02,0.40
Avinson Pinto,0.00,0.00,0.00,1.00,0.00,0.02,0.40
Avery Short,0.00,0.00,0.00,1.00,0.00,0.02,0.40
Avery Owusu-Asiedu,0.00,0.00,0.00,1.00,0.00,0.02,0.40
Austin Warner,0.00,0.00,0.00,1.00,0.00,0.02,0.40
Austin Vernon,0.00,0.00,0.00,1.00,0.00,0.02,0.40
Austin Troesser,0.00,0.00,0.00,1.00,0.00,0.02,0.40
Austin Temple,0.00,0.00,0.00,1.00,0.00,0.02,0.40
Austin Strickland,0.00,0.00,0.00,1.00,0.00,0.02,0.40
Austin Smith,0.00,0.00,0.00,1.00,0.00,0.02,0.40
Austin Schultz,0.00,0.00,0.00,1.00,0.00,0.02,0.40
Austin Schulfer,0.00,0.00,0.00,1.00,0.00,0.02,0.40
Austin Ross,0.00,0.00,0.00,1.00,0.00,0.02,0.40
Austin Romine,0.00,0.00,0.00,1.00,0.00,0.02,0.40
Austin Roberts,0.00,0.00,0.00,1.00,0.00,0.02,0.40
Austin Pruitt,0.00,0.00,0.00,1.00,0.00,0.02,0.40
Austin Pope,0.00,0.00,0.00,1.00,0.00,0.02,0.40
Austin Peterson,0.00,0.00,0.00,1.00,0.00,0.02,0.40
Austin Nola,0.00,0.00,0.00,1.00,0.00,0.02,0.40
Baron Radcliff,0.00,0.00,0.00,1.00,0.00,0.02,0.40
Baron Stuart,0.00,0.00,0.00,1.00,0.00,0.02,0.40
Barrett Kent,0.00,0.00,0.00,1.00,0.00,0.02,0.40
Ben Braymer,0.00,0.00,0.00,1.00,0.00,0.02,0.40
Ben Leeper,0.00,0.00,0.00,1.00,0.00,0.02,0.40
Ben Kudrna,0.00,0.00,0.00,1.00,0.00,0.02,0.40
Ben Krauth,0.00,0.00,0.00,1.00,0.00,0.02,0.40
Ben Holmes,0.00,0.00,0.00,1.00,0.00,0.02,0.40
Ben Hernandez,0.00,0.00,0.00,1.00,0.00,0.02,0.40
Ben Hecht,0.00,0.00,0.00,1.00,0.00,0.02,0.40
Ben Harris,0.00,0.00,0.00,1.00,0.00,0.02,0.40
Ben Gross,0.00,0.00,0.00,1.00,0.00,0.02,0.40
Ben Gobbel,0.00,0.00,0.00,1.00,0.00,0.02,0.40
Ben Ethridge,0.00,0.00,0.00,1.00,0.00,0.02,0.40
Ben DeLuzio,0.00,0.00,0.00,1.00,0.00,0.02,0.40
Ben Brutti,0.00,0.00,0.00,1.00,0.00,0.02,0.40
Ben Brecht,0.00,0.00,0.00,1.00,0.00,0.02,0.40
Ben Bowden,0.00,0.00,0.00,1.00,0.00,0.02,0.40
Barrett Loseke,0.00,0.00,0.00,1.00,0.00,0.02,0.40
Ben Beutel,0.00,0.00,0.00,1.00,0.00,0.02,0.40
Ben Anderson,0.00,0.00,0.00,1.00,0.00,0.02,0.40
Belfi Rivera,0.00,0.00,0.00,1.00,0.00,0.02,0.40
Beck Way,0.00,0.00,0.00,1.00,0.00,0.02,0.40
Beau Taylor,0.00,0.00,0.00,1.00,0.00,0.02,0.40
Beau Sulser,0.00,0.00,0.00,1.00,0.00,0.02,0.40
Beau Philip,0.00,0.00,0.00,1.00,0.00,0.02,0.40
Beau Burrows,0.00,0.00,0.00,1.00,0.00,0.02,0.40
Beau Brewer,0.00,0.00,0.00,1.00,0.00,0.02,0.40
Bear Bellomy,0.00,0.00,0.00,1.00,0.00,0.02,0.40
Bayden Root,0.00,0.00,0.00,1.00,0.00,0.02,0.40
Bayant Melo,0.00,0.00,0.00,1.00,0.00,0.02,0.40
Barrett Riebock,0.00,0.00,0.00,1.00,0.00,0.02,0.40
Domingo Batista,0.00,0.00,0.00,1.00,0.00,0.02,0.40
Domingo Geronimo,0.00,0.00,0.00,1.00,0.00,0.02,0.40
Domingo Robles,0.00,0.00,0.00,1.00,0.00,0.02,0.40
Jason Franks,0.00,0.00,0.00,1.00,0.00,0.02,0.40
Jason Castro,0.00,0.00,0.00,1.00,0.00,0.02,0.40
Jason Bonilla,0.00,0.00,0.00,1.00,0.00,0.02,0.40
Jason Blanchard,0.00,0.00,0.00,1.00,0.00,0.02,0.40
Jason Bilous,0.00,0.00,0.00,1.00,0.00,0.02,0.40
Jason Bahr,0.00,0.00,0.00,1.00,0.00,0.02,0.40
Jason Alexander,0.00,0.00,0.00,1.00,0.00,0.02,0.40
Jase Bowen,0.00,0.00,0.00,1.00,0.00,0.02,0.40
Jarryd Dale,0.00,0.00,0.00,1.00,0.00,0.02,0.40
Jarrod Watkins,0.00,0.00,0.00,1.00,0.00,0.02,0.40
Jarrod Cande,0.00,0.00,0.00,1.00,0.00,0.02,0.40
Jarrod Belbin,0.00,0.00,0.00,1.00,0.00,0.02,0.40
Jarret Whorff,0.00,0.00,0.00,1.00,0.00,0.02,0.40
Jaron Elkins,0.00,0.00,0.00,1.00,0.00,0.02,0.40
Jarold Rosado,0.00,0.00,0.00,1.00,0.00,0.02,0.40
Jarold Montealto,0.00,0.00,0.00,1.00,0.00,0.02,0.40
Jarol Martinez,0.00,0.00,0.00,1.00,0.00,0.02,0.40
Jarol Capellan,0.00,0.00,0.00,1.00,0.00,0.02,0.40
Jarol Baez,0.00,0.00,0.00,1.00,0.00,0.02,0.40
Jarod Wright,0.00,0.00,0.00,1.00,0.00,0.02,0.40
Jarod Bayless,0.00,0.00,0.00,1.00,0.00,0.02,0.40
Jarlín García,0.00,0.00,0.00,1.00,0.00,0.02,0.40
Jarlin Susana,0.00,0.00,0.00,1.00,0.00,0.02,0.40
Jarlen De La Paz,0.00,0.00,0.00,1.00,0.00,0.02,0.40
Jaren Zinn,0.00,0.00,0.00,1.00,0.00,0.02,0.40
Jared Wetherbee,0.00,0.00,0.00,1.00,0.00,0.02,0.40
Jared Wegner,0.00,0.00,0.00,1.00,0.00,0.02,0.40
Jared Walsh,0.00,0.00,0.00,1.00,0.00,0.02,0.40
Jared Tobey,0.00,0.00,0.00,1.00,0.00,0.02,0.40
Jared Thomas,0.00,0.00,0.00,1.00,0.00,0.02,0.40
Jason Creasy,0.00,0.00,0.00,1.00,0.00,0.02,0.40
Jason Hernandez,0.00,0.00,0.00,1.00,0.00,0.02,0.40
Jawilme Ramirez,0.00,0.00,0.00,1.00,0.00,0.02,0.40
Jason Hinchman,0.00,0.00,0.00,1.00,0.00,0.02,0.40
Javier Vaz,0.00,0.00,0.00,1.00,0.00,0.02,0.40
Javier Valdes,0.00,0.00,0.00,1.00,0.00,0.02,0.40
Javier Sanchez,0.00,0.00,0.00,1.00,0.00,0.02,0.40
Javier Roman,0.00,0.00,0.00,1.00,0.00,0.02,0.40
Javier Rivas,0.00,0.00,0.00,1.00,0.00,0.02,0.40
Javier Ramos,0.00,0.00,0.00,1.00,0.00,0.02,0.40
Javier Osorio,0.00,0.00,0.00,1.00,0.00,0.02,0.40
Javier Mora,0.00,0.00,0.00,1.00,0.00,0.02,0.40
Javier Mogollon,0.00,0.00,0.00,1.00,0.00,0.02,0.40
Javier Herrera,0.00,0.00,0.00,1.00,0.00,0.02,0.40
Javier González,0.00,0.00,0.00,1.00,0.00,0.02,0.40
Javier Fuenmayor,0.00,0.00,0.00,1.00,0.00,0.02,0.40
Javier Francisco,0.00,0.00,0.00,1.00,0.00,0.02,0.40
Javier Chacon,0.00,0.00,0.00,1.00,0.00,0.02,0.40
Javier Castillo,0.00,0.00,0.00,1.00,0.00,0.02,0.40
Javier Bolivar,0.00,0.00,0.00,1.00,0.00,0.02,0.40
Javier Bartolozzi,0.00,0.00,0.00,1.00,0.00,0.02,0.40
Javier Atencio,0.00,0.00,0.00,1.00,0.00,0.02,0.40
Javi Rivera,0.00,0.00,0.00,1.00,0.00,0.02,0.40
Jauri Custodio,0.00,0.00,0.00,1.00,0.00,0.02,0.40
Jaswel De Los Santos,0.00,0.00,0.00,1.00,0.00,0.02,0.40
Jasseel De La Cruz,0.00,0.00,0.00,1.00,0.00,0.02,0.40
Jason Vosler,0.00,0.00,0.00,1.00,0.00,0.02,0.40
Jason Savacool,0.00,0.00,0.00,1.00,0.00,0.02,0.40
Jason Ruffcorn,0.00,0.00,0.00,1.00,0.00,0.02,0.40
Jason Matthews,0.00,0.00,0.00,1.00,0.00,0.02,0.40
Jason Martin,0.00,0.00,0.00,1.00,0.00,0.02,0.40
Jason Lopez,0.00,0.00,0.00,1.00,0.00,0.02,0.40
Jason Krizan,0.00,0.00,0.00,1.00,0.00,0.02,0.40
Jared Sundstrom,0.00,0.00,0.00,1.00,0.00,0.02,0.40
Jared Southard,0.00,0.00,0.00,1.00,0.00,0.02,0.40
Jared Solomon,0.00,0.00,0.00,1.00,0.00,0.02,0.40
Jared Poland,0.00,0.00,0.00,1.00,0.00,0.02,0.40
James Paxton,0.00,0.00,0.00,1.00,0.00,0.02,0.40
James Parker,0.00,0.00,0.00,1.00,0.00,0.02,0.40
James Norwood,0.00,0.00,0.00,1.00,0.00,0.02,0.40
James Naile,0.00,0.00,0.00,1.00,0.00,0.02,0.40
James Meeker,0.00,0.00,0.00,1.00,0.00,0.02,0.40
James Marvel,0.00,0.00,0.00,1.00,0.00,0.02,0.40
James Marinan,0.00,0.00,0.00,1.00,0.00,0.02,0.40
James Hicks,0.00,0.00,0.00,1.00,0.00,0.02,0.40
James Gonzalez,0.00,0.00,0.00,1.00,0.00,0.02,0.40
James Bourque,0.00,0.00,0.00,1.00,0.00,0.02,0.40
James Acuna,0.00,0.00,0.00,1.00,0.00,0.02,0.40
Jamari Baylor,0.00,0.00,0.00,1.00,0.00,0.02,0.40
Jalen Vasquez,0.00,0.00,0.00,1.00,0.00,0.02,0.40
Jalen Battles,0.00,0.00,0.00,1.00,0.00,0.02,0.40
Jakob Hernandez,0.00,0.00,0.00,1.00,0.00,0.02,0.40
Jakob Brustoski,0.00,0.00,0.00,1.00,0.00,0.02,0.40
Jakey Josepha,0.00,0.00,0.00,1.00,0.00,0.02,0.40
Jake Wong,0.00,0.00,0.00,1.00,0.00,0.02,0.40
Jake Washer,0.00,0.00,0.00,1.00,0.00,0.02,0.40
Jake Walters,0.00,0.00,0.00,1.00,0.00,0.02,0.40
Jake Walsh,0.00,0.00,0.00,1.00,0.00,0.02,0.40
Jake Walkinshaw,0.00,0.00,0.00,1.00,0.00,0.02,0.40
Jake Vogel,0.00,0.00,0.00,1.00,0.00,0.02,0.40
Jake Thompson,0.00,0.00,0.00,1.00,0.00,0.02,0.40
Jake Sweeney,0.00,0.00,0.00,1.00,0.00,0.02,0.40
Jake Stevenson,0.00,0.00,0.00,1.00,0.00,0.02,0.40
Jake Sommers,0.00,0.00,0.00,1.00,0.00,0.02,0.40
Jake Snider,0.00,0.00,0.00,1.00,0.00,0.02,0.40
Jake Smith,0.00,0.00,0.00,1.00,0.00,0.02,0.40
James Proctor,0.00,0.00,0.00,1.00,0.00,0.02,0.40
James Tibbs III,0.00,0.00,0.00,1.00,0.00,0.02,0.40
James Triantos,0.00,0.00,0.00,1.00,0.00,0.02,0.40
Jansel Luis,0.00,0.00,0.00,1.00,0.00,0.02,0.40
Jared Oliva,0.00,0.00,0.00,1.00,0.00,0.02,0.40
Jared McKenzie,0.00,0.00,0.00,1.00,0.00,0.02,0.40
Jared Lyons,0.00,0.00,0.00,1.00,0.00,0.02,0.40
Jared Kollar,0.00,0.00,0.00,1.00,0.00,0.02,0.40
Jared Kelley,0.00,0.00,0.00,1.00,0.00,0.02,0.40
Jared Karros,0.00,0.00,0.00,1.00,0.00,0.02,0.40
Jared Johnson,0.00,0.00,0.00,1.00,0.00,0.02,0.40
Jared Dupere,0.00,0.00,0.00,1.00,0.00,0.02,0.40
Jared Dickey,0.00,0.00,0.00,1.00,0.00,0.02,0.40
Jared Carr,0.00,0.00,0.00,1.00,0.00,0.02,0.40
Jared Biddy,0.00,0.00,0.00,1.00,0.00,0.02,0.40
Jared Beck,0.00,0.00,0.00,1.00,0.00,0.02,0.40
Jantzen Witte,0.00,0.00,0.00,1.00,0.00,0.02,0.40
Jank Pichardo,0.00,0.00,0.00,1.00,0.00,0.02,0.40
Jameson Fisher,0.00,0.00,0.00,1.00,0.00,0.02,0.40
Janero Miller,0.00,0.00,0.00,1.00,0.00,0.02,0.40
Janderson Linares,0.00,0.00,0.00,1.00,0.00,0.02,0.40
Jandel Gustave,0.00,0.00,0.00,1.00,0.00,0.02,0.40
Jancory De La Cruz,0.00,0.00,0.00,1.00,0.00,0.02,0.40
Jancel Villarroel,0.00,0.00,0.00,1.00,0.00,0.02,0.40
Jancel Santana,0.00,0.00,0.00,1.00,0.00,0.02,0.40
Jancarlos Cintron,0.00,0.00,0.00,1.00,0.00,0.02,0.40
Jan Mercado,0.00,0.00,0.00,1.00,0.00,0.02,0.40
Jan Caraballo,0.00,0.00,0.00,1.00,0.00,0.02,0.40
Jamison Hill,0.00,0.00,0.00,1.00,0.00,0.02,0.40
Jamie Westbrook,0.00,0.00,0.00,1.00,0.00,0.02,0.40
Jamie Ritchie,0.00,0.00,0.00,1.00,0.00,0.02,0.40
Jameson Hannah,0.00,0.00,0.00,1.00,0.00,0.02,0.40
Javy Guerra,0.00,0.00,0.00,1.00,0.00,0.02,0.40
Jax Biggers,0.00,0.00,0.00,1.00,0.00,0.02,0.40
Jesus Castro,0.00,0.00,0.00,1.00,0.00,0.02,0.40
Jeremy Lee,0.00,0.00,0.00,1.00,0.00,0.02,0.40
Jeremy Eierman,0.00,0.00,0.00,1.00,0.00,0.02,0.40
Jeremy De La Rosa,0.00,0.00,0.00,1.00,0.00,0.02,0.40
Jeremy Ciriaco,0.00,0.00,0.00,1.00,0.00,0.02,0.40
Jeremy Celedonio,0.00,0.00,0.00,1.00,0.00,0.02,0.40
Jeremy Beasley,0.00,0.00,0.00,1.00,0.00,0.02,0.40
Jeremy Arocho,0.00,0.00,0.00,1.00,0.00,0.02,0.40
Jeremy Almonte,0.00,0.00,0.00,1.00,0.00,0.02,0.40
Jeremiah Jackson,0.00,0.00,0.00,1.00,0.00,0.02,0.40
Jeremiah Burke,0.00,0.00,0.00,1.00,0.00,0.02,0.40
Jeral Vizcaino,0.00,0.00,0.00,1.00,0.00,0.02,0.40
Jeral Toledo,0.00,0.00,0.00,1.00,0.00,0.02,0.40
Jeral Perez,0.00,0.00,0.00,1.00,0.00,0.02,0.40
Jerad Eickhoff,0.00,0.00,0.00,1.00,0.00,0.02,0.40
Jensy De Leon,0.00,0.00,0.00,1.00,0.00,0.02,0.40
Jensen Elliott,0.00,0.00,0.00,1.00,0.00,0.02,0.40
Jenrry Gonzalez,0.00,0.00,0.00,1.00,0.00,0.02,0.40
Jemone Nuel,0.00,0.00,0.00,1.00,0.00,0.02,0.40
Jemir Leal,0.00,0.00,0.00,1.00,0.00,0.02,0.40
Jelson Coca,0.00,0.00,0.00,1.00,0.00,0.02,0.40
Jeisson Rosario,0.00,0.00,0.00,1.00,0.00,0.02,0.40
Jeisson Cabrera,0.00,0.00,0.00,1.00,0.00,0.02,0.40
Jeison Sanchez,0.00,0.00,0.00,1.00,0.00,0.02,0.40
Jeison Pena,0.00,0.00,0.00,1.00,0.00,0.02,0.40
Jeison Guzmán,0.00,0.00,0.00,1.00,0.00,0.02,0.40
Jeison Calvo,0.00,0.00,0.00,1.00,0.00,0.02,0.40
Jeiki Beltran,0.00,0.00,0.00,1.00,0.00,0.02,0.40
Jehisbert Sevilla,0.00,0.00,0.00,1.00,0.00,0.02,0.40
Jehancarlos Mendez,0.00,0.00,0.00,1.00,0.00,0.02,0.40
Jefry Rodriguez,0.00,0.00,0.00,1.00,0.00,0.02,0.40
Jeremy Gonzalez,0.00,0.00,0.00,1.00,0.00,0.02,0.40
Jeremy Martinez,0.00,0.00,0.00,1.00,0.00,0.02,0.40
Jaxon Wiggins,0.00,0.00,0.00,1.00,0.00,0.02,0.40
Jeremy Molero,0.00,0.00,0.00,1.00,0.00,0.02,0.40
Jesus Carrera,0.00,0.00,0.00,1.00,0.00,0.02,0.40
Jesus Bugarin,0.00,0.00,0.00,1.00,0.00,0.02,0.40
Jesus Broca,0.00,0.00,0.00,1.00,0.00,0.02,0.40
Jesus Baez,0.00,0.00,0.00,1.00,0.00,0.02,0.40
Jesus Alexander,0.00,0.00,0.00,1.00,0.00,0.02,0.40
Jesus Abreu,0.00,0.00,0.00,1.00,0.00,0.02,0.40
Jesus A. Rodriguez,0.00,0.00,0.00,1.00,0.00,0.02,0.40
Jesse Wainscott,0.00,0.00,0.00,1.00,0.00,0.02,0.40
Jesse Hahn,0.00,0.00,0.00,1.00,0.00,0.02,0.40
Jesse Franklin V,0.00,0.00,0.00,1.00,0.00,0.02,0.40
Jesse Biddle,0.00,0.00,0.00,1.00,0.00,0.02,0.40
Jesse Bergin,0.00,0.00,0.00,1.00,0.00,0.02,0.40
Jesmaylin Arias,0.00,0.00,0.00,1.00,0.00,0.02,0.40
Jesael Cabrera,0.00,0.00,0.00,1.00,0.00,0.02,0.40
Jervis Alfaro,0.00,0.00,0.00,1.00,0.00,0.02,0.40
Jerson Ramirez,0.00,0.00,0.00,1.00,0.00,0.02,0.40
Jerson Florentino,0.00,0.00,0.00,1.00,0.00,0.02,0.40
Jerson Alejandro,0.00,0.00,0.00,1.00,0.00,0.02,0.40
Jeron Williams,0.00,0.00,0.00,1.00,0.00,0.02,0.40
Jerming Rosario,0.00,0.00,0.00,1.00,0.00,0.02,0.40
Jermayne Verdu,0.00,0.00,0.00,1.00,0.00,0.02,0.40
Jerffson Pena,0.00,0.00,0.00,1.00,0.00,0.02,0.40
Jeremy Wu-Yelland,0.00,0.00,0.00,1.00,0.00,0.02,0.40
Jeremy Walker,0.00,0.00,0.00,1.00,0.00,0.02,0.40
Jeremy Rodriguez,0.00,0.00,0.00,1.00,0.00,0.02,0.40
Jeremy Rivas,0.00,0.00,0.00,1.00,0.00,0.02,0.40
Jeremy Reyes,0.00,0.00,0.00,1.00,0.00,0.02,0.40
Jeremy Pilon,0.00,0.00,0.00,1.00,0.00,0.02,0.40
Jeremy Peguero,0.00,0.00,0.00,1.00,0.00,0.02,0.40
Jefrey De Los Santos,0.00,0.00,0.00,1.00,0.00,0.02,0.40
Jefrem Leon,0.00,0.00,0.00,1.00,0.00,0.02,0.40
Jeffry Rosa,0.00,0.00,0.00,1.00,0.00,0.02,0.40
Jeffry Parra,0.00,0.00,0.00,1.00,0.00,0.02,0.40
Jean Perez,0.00,0.00,0.00,1.00,0.00,0.02,0.40
Jean Munoz,0.00,0.00,0.00,1.00,0.00,0.02,0.40
Jean Mata,0.00,0.00,0.00,1.00,0.00,0.02,0.40
Jean Joseph,0.00,0.00,0.00,1.00,0.00,0.02,0.40
Jean Herrera,0.00,0.00,0.00,1.00,0.00,0.02,0.40
Jean Correa,0.00,0.00,0.00,1.00,0.00,0.02,0.40
Jean Carlos Sio,0.00,0.00,0.00,1.00,0.00,0.02,0.40
Jean Carlos Reyes,0.00,0.00,0.00,1.00,0.00,0.02,0.40
Jean Calderon,0.00,0.00,0.00,1.00,0.00,0.02,0.40
Jean Cabrera,0.00,0.00,0.00,1.00,0.00,0.02,0.40
Jean C. Gutierrez,0.00,0.00,0.00,1.00,0.00,0.02,0.40
Jean Arnaez,0.00,0.00,0.00,1.00,0.00,0.02,0.40
Je'Von Ward,0.00,0.00,0.00,1.00,0.00,0.02,0.40
Jayvien Sandridge,0.00,0.00,0.00,1.00,0.00,0.02,0.40
Jayson Schroeder,0.00,0.00,0.00,1.00,0.00,0.02,0.40
Jayson Bass,0.00,0.00,0.00,1.00,0.00,0.02,0.40
Jaylin Davis,0.00,0.00,0.00,1.00,0.00,0.02,0.40
Jaylen Palmer,0.00,0.00,0.00,1.00,0.00,0.02,0.40
Jaylen Nowlin,0.00,0.00,0.00,1.00,0.00,0.02,0.40
Jaydenn Estanista,0.00,0.00,0.00,1.00,0.00,0.02,0.40
Jayden Murray,0.00,0.00,0.00,1.00,0.00,0.02,0.40
Jayden Felicia,0.00,0.00,0.00,1.00,0.00,0.02,0.40
Jaycob Deese,0.00,0.00,0.00,1.00,0.00,0.02,0.40
Jayce Easley,0.00,0.00,0.00,1.00,0.00,0.02,0.40
Jay Harry,0.00,0.00,0.00,1.00,0.00,0.02,0.40
Jay Groome,0.00,0.00,0.00,1.00,0.00,0.02,0.40
Jay Driver,0.00,0.00,0.00,1.00,0.00,0.02,0.40
Jay Beshears,0.00,0.00,0.00,1.00,0.00,0.02,0.40
Jay Allen II,0.00,0.00,0.00,1.00,0.00,0.02,0.40
Jean Pinto,0.00,0.00,0.00,1.00,0.00,0.02,0.40
Jean Ramirez,0.00,0.00,0.00,1.00,0.00,0.02,0.40
Jean Reyes,0.00,0.00,0.00,1.00,0.00,0.02,0.40
Jeff Singer,0.00,0.00,0.00,1.00,0.00,0.02,0.40
Jeffrey Wehler,0.00,0.00,0.00,1.00,0.00,0.02,0.40
Jeffrey Passantino,0.00,0.00,0.00,1.00,0.00,0.02,0.40
Jeffrey Mercedes,0.00,0.00,0.00,1.00,0.00,0.02,0.40
Jeffrey German,0.00,0.00,0.00,1.00,0.00,0.02,0.40
Jeffrey Familia,0.00,0.00,0.00,1.00,0.00,0.02,0.40
Jeffrey Colon,0.00,0.00,0.00,1.00,0.00,0.02,0.40
Jefferson Valladares,0.00,0.00,0.00,1.00,0.00,0.02,0.40
Jefferson Rojas,0.00,0.00,0.00,1.00,0.00,0.02,0.40
Jefferson Pena,0.00,0.00,0.00,1.00,0.00,0.02,0.40
Jefferson Moran,0.00,0.00,0.00,1.00,0.00,0.02,0.40
Jefferson Lopez,0.00,0.00,0.00,1.00,0.00,0.02,0.40
Jefferson Jean,0.00,0.00,0.00,1.00,0.00,0.02,0.40
Jefferson Encarnacion,0.00,0.00,0.00,1.00,0.00,0.02,0.40
Jeff Lindgren,0.00,0.00,0.00,1.00,0.00,0.02,0.40
Jean Santana,0.00,0.00,0.00,1.00,0.00,0.02,0.40
Jeff Hakanson,0.00,0.00,0.00,1.00,0.00,0.02,0.40
Jeff Belge,0.00,0.00,0.00,1.00,0.00,0.02,0.40
Jeff Bain,0.00,0.00,0.00,1.00,0.00,0.02,0.40
Jeferson Morales,0.00,0.00,0.00,1.00,0.00,0.02,0.40
Jeferson Lopez,0.00,0.00,0.00,1.00,0.00,0.02,0.40
Jeferson Figueroa,0.00,0.00,0.00,1.00,0.00,0.02,0.40
Jeferson Espinal,0.00,0.00,0.00,1.00,0.00,0.02,0.40
Jedixson Paez,0.00,0.00,0.00,1.00,0.00,0.02,0.40
Jediael Maduro,0.00,0.00,0.00,1.00,0.00,0.02,0.40
Jed Lowrie,0.00,0.00,0.00,1.00,0.00,0.02,0.40
Jecsua Liborius,0.00,0.00,0.00,1.00,0.00,0.02,0.40
Jean Walters,0.00,0.00,0.00,1.00,0.00,0.02,0.40
Jean Segura,0.00,0.00,0.00,1.00,0.00,0.02,0.40
Jake Slaughter,0.00,0.00,0.00,1.00,0.00,0.02,0.40
Jake Schrand,0.00,0.00,0.00,1.00,0.00,0.02,0.40
Jake Scheiner,0.00,0.00,0.00,1.00,0.00,0.02,0.40
Jack DeGroat,0.00,0.00,0.00,1.00,0.00,0.02,0.40
Jack Cushing,0.00,0.00,0.00,1.00,0.00,0.02,0.40
Jack Costello,0.00,0.00,0.00,1.00,0.00,0.02,0.40
Jack Conley,0.00,0.00,0.00,1.00,0.00,0.02,0.40
Jack Choate,0.00,0.00,0.00,1.00,0.00,0.02,0.40
Jack Carey,0.00,0.00,0.00,1.00,0.00,0.02,0.40
Jack Brannigan,0.00,0.00,0.00,1.00,0.00,0.02,0.40
Jack Blomgren,0.00,0.00,0.00,1.00,0.00,0.02,0.40
Jack Anderson,0.00,0.00,0.00,1.00,0.00,0.02,0.40
Jack Alexander,0.00,0.00,0.00,1.00,0.00,0.02,0.40
Jack Aldrich,0.00,0.00,0.00,1.00,0.00,0.02,0.40
Jacinto Arredondo,0.00,0.00,0.00,1.00,0.00,0.02,0.40
Jacen Roberson,0.00,0.00,0.00,1.00,0.00,0.02,0.40
Jace Vines,0.00,0.00,0.00,1.00,0.00,0.02,0.40
Jace Peterson,0.00,0.00,0.00,1.00,0.00,0.02,0.40
Jace Kaminska,0.00,0.00,0.00,1.00,0.00,0.02,0.40
Jace Grady,0.00,0.00,0.00,1.00,0.00,0.02,0.40
Jace Fry,0.00,0.00,0.00,1.00,0.00,0.02,0.40
Jace Bohrofen,0.00,0.00,0.00,1.00,0.00,0.02,0.40
Jace Beck,0.00,0.00,0.00,1.00,0.00,0.02,0.40
Jace Avina,0.00,0.00,0.00,1.00,0.00,0.02,0.40
JaCoby Jones,0.00,0.00,0.00,1.00,0.00,0.02,0.40
JT Schwartz,0.00,0.00,0.00,1.00,0.00,0.02,0.40
JT Riddle,0.00,0.00,0.00,1.00,0.00,0.02,0.40
JT Mabry,0.00,0.00,0.00,1.00,0.00,0.02,0.40
JR Ritchie,0.00,0.00,0.00,1.00,0.00,0.02,0.40
JP Wheat,0.00,0.00,0.00,1.00,0.00,0.02,0.40
JJ Wetherholt,0.00,0.00,0.00,1.00,0.00,0.02,0.40
JJ Schwarz,0.00,0.00,0.00,1.00,0.00,0.02,0.40
JJ Sanchez,0.00,0.00,0.00,1.00,0.00,0.02,0.40
Jack Dallas,0.00,0.00,0.00,1.00,0.00,0.02,0.40
Jack Dunn,0.00,0.00,0.00,1.00,0.00,0.02,0.40
Jake Sanchez,0.00,0.00,0.00,1.00,0.00,0.02,0.40
Jack Hartman,0.00,0.00,0.00,1.00,0.00,0.02,0.40
Jackson Cluff,0.00,0.00,0.00,1.00,0.00,0.02,0.40
Jackson Castillo,0.00,0.00,0.00,1.00,0.00,0.02,0.40
Jackson Baumeister,0.00,0.00,0.00,1.00,0.00,0.02,0.40
Jackie Bradley Jr.,0.00,0.00,0.00,1.00,0.00,0.02,0.40
Jack Winkler,0.00,0.00,0.00,1.00,0.00,0.02,0.40
Jack White,0.00,0.00,0.00,1.00,0.00,0.02,0.40
Jack Wenninger,0.00,0.00,0.00,1.00,0.00,0.02,0.40
Jack Weisenburger,0.00,0.00,0.00,1.00,0.00,0.02,0.40
Jack Stronach,0.00,0.00,0.00,1.00,0.00,0.02,0.40
Jack Snyder,0.00,0.00,0.00,1.00,0.00,0.02,0.40
Jack Sinclair,0.00,0.00,0.00,1.00,0.00,0.02,0.40
Jack Sellinger,0.00,0.00,0.00,1.00,0.00,0.02,0.40
Jack Rogers,0.00,0.00,0.00,1.00,0.00,0.02,0.40
Jack Reinheimer,0.00,0.00,0.00,1.00,0.00,0.02,0.40
Jack Ralston,0.00,0.00,0.00,1.00,0.00,0.02,0.40
Jack Pineda,0.00,0.00,0.00,1.00,0.00,0.02,0.40
Jack Perkins,0.00,0.00,0.00,1.00,0.00,0.02,0.40
Jack Payton,0.00,0.00,0.00,1.00,0.00,0.02,0.40
Jack Patterson,0.00,0.00,0.00,1.00,0.00,0.02,0.40
Jack Owen,0.00,0.00,0.00,1.00,0.00,0.02,0.40
Jack Noble,0.00,0.00,0.00,1.00,0.00,0.02,0.40
Jack Moss,0.00,0.00,0.00,1.00,0.00,0.02,0.40
Jack Mahoney,0.00,0.00,0.00,1.00,0.00,0.02,0.40
Jack Little,0.00,0.00,0.00,1.00,0.00,0.02,0.40
Jack Leftwich,0.00,0.00,0.00,1.00,0.00,0.02,0.40
Jack Larsen,0.00,0.00,0.00,1.00,0.00,0.02,0.40
Jack Jasiak,0.00,0.00,0.00,1.00,0.00,0.02,0.40
Jack Hurley,0.00,0.00,0.00,1.00,0.00,0.02,0.40
Jack Herman,0.00,0.00,0.00,1.00,0.00,0.02,0.40
JJ Goss,0.00,0.00,0.00,1.00,0.00,0.02,0.40
JD Hammer,0.00,0.00,0.00,1.00,0.00,0.02,0.40
JC Ramírez,0.00,0.00,0.00,1.00,0.00,0.02,0.40
JC Keys,0.00,0.00,0.00,1.00,0.00,0.02,0.40
Israfell Bautista,0.00,0.00,0.00,1.00,0.00,0.02,0.40
Israel Puello,0.00,0.00,0.00,1.00,0.00,0.02,0.40
Israel Pineda,0.00,0.00,0.00,1.00,0.00,0.02,0.40
Ismael Munguia,0.00,0.00,0.00,1.00,0.00,0.02,0.40
Ismael Mota,0.00,0.00,0.00,1.00,0.00,0.02,0.40
Ismael Michel,0.00,0.00,0.00,1.00,0.00,0.02,0.40
Ismael Mena,0.00,0.00,0.00,1.00,0.00,0.02,0.40
Ismael Luciano,0.00,0.00,0.00,1.00,0.00,0.02,0.40
Ismael Laureano,0.00,0.00,0.00,1.00,0.00,0.02,0.40
Ismael Javier,0.00,0.00,0.00,1.00,0.00,0.02,0.40
Ismael Del Rosario,0.00,0.00,0.00,1.00,0.00,0.02,0.40
Ismael Cabral,0.00,0.00,0.00,1.00,0.00,0.02,0.40
Ismael Alcantara,0.00,0.00,0.00,1.00,0.00,0.02,0.40
Isiah Gilliam,0.00,0.00,0.00,1.00,0.00,0.02,0.40
Isan Díaz,0.00,0.00,0.00,1.00,0.00,0.02,0.40
Isaias Uribe,0.00,0.00,0.00,1.00,0.00,0.02,0.40
Isaias Dipre,0.00,0.00,0.00,1.00,0.00,0.02,0.40
Isaiah Lowe,0.00,0.00,0.00,1.00,0.00,0.02,0.40
Isaiah Greene,0.00,0.00,0.00,1.00,0.00,0.02,0.40
Isaiah Drake,0.00,0.00,0.00,1.00,0.00,0.02,0.40
Isaiah Coupet,0.00,0.00,0.00,1.00,0.00,0.02,0.40
Isaiah Campbell,0.00,0.00,0.00,1.00,0.00,0.02,0.40
Isael Arias,0.00,0.00,0.00,1.00,0.00,0.02,0.40
Isaac Stebens,0.00,0.00,0.00,1.00,0.00,0.02,0.40
Isaac Rudecindo,0.00,0.00,0.00,1.00,0.00,0.02,0.40
Isaac Ponce,0.00,0.00,0.00,1.00,0.00,0.02,0.40
Isaac Pena,0.00,0.00,0.00,1.00,0.00,0.02,0.40
Isaac Paulino,0.00,0.00,0.00,1.00,0.00,0.02,0.40
Isaac Mattson,0.00,0.00,0.00,1.00,0.00,0.02,0.40
Issac Solano,0.00,0.00,0.00,1.00,0.00,0.02,0.40
Ivan Armstrong,0.00,0.00,0.00,1.00,0.00,0.02,0.40
Ivan Castillo,0.00,0.00,0.00,1.00,0.00,0.02,0.40
J.C. Mejía,0.00,0.00,0.00,1.00,0.00,0.02,0.40
J.V. Martinez,0.00,0.00,0.00,1.00,0.00,0.02,0.40
J.T. Hintzen,0.00,0.00,0.00,1.00,0.00,0.02,0.40
J.T. Arruda,0.00,0.00,0.00,1.00,0.00,0.02,0.40
J.P. Woodward,0.00,0.00,0.00,1.00,0.00,0.02,0.40
J.P. Massey,0.00,0.00,0.00,1.00,0.00,0.02,0.40
J.P. Martínez,0.00,0.00,0.00,1.00,0.00,0.02,0.40
J.P. Feyereisen,0.00,0.00,0.00,1.00,0.00,0.02,0.40
J.J. Niekro,0.00,0.00,0.00,1.00,0.00,0.02,0.40
J.J. D'Orazio,0.00,0.00,0.00,1.00,0.00,0.02,0.40
J.D. Orr,0.00,0.00,0.00,1.00,0.00,0.02,0.40
J.D. Mundy,0.00,0.00,0.00,1.00,0.00,0.02,0.40
J.D. McLaughlin,0.00,0.00,0.00,1.00,0.00,0.02,0.40
J.D. Gonzalez,0.00,0.00,0.00,1.00,0.00,0.02,0.40
J.C. Masson,0.00,0.00,0.00,1.00,0.00,0.02,0.40
Ivan Johnson,0.00,0.00,0.00,1.00,0.00,0.02,0.40
J.C. Flowers,0.00,0.00,0.00,1.00,0.00,0.02,0.40
J.C. Correa,0.00,0.00,0.00,1.00,0.00,0.02,0.40
J.B. Olson,0.00,0.00,0.00,1.00,0.00,0.02,0.40
J.A. Happ,0.00,0.00,0.00,1.00,0.00,0.02,0.40
Izzy Wilson,0.00,0.00,0.00,1.00,0.00,0.02,0.40
Izack Tiger,0.00,0.00,0.00,1.00,0.00,0.02,0.40
Izaac Pacheco,0.00,0.00,0.00,1.00,0.00,0.02,0.40
Ixan Henderson,0.00,0.00,0.00,1.00,0.00,0.02,0.40
Iverson Leonardo,0.00,0.00,0.00,1.00,0.00,0.02,0.40
Iverson Espinoza,0.00,0.00,0.00,1.00,0.00,0.02,0.40
Ivan Sosa,0.00,0.00,0.00,1.00,0.00,0.02,0.40
Ivan Oviedo,0.00,0.00,0.00,1.00,0.00,0.02,0.40
Ivan Melendez,0.00,0.00,0.00,1.00,0.00,0.02,0.40
Jackson Cox,0.00,0.00,0.00,1.00,0.00,0.02,0.40
Jackson Feltner,0.00,0.00,0.00,1.00,0.00,0.02,0.40
Jackson Ferris,0.00,0.00,0.00,1.00,0.00,0.02,0.40
Jairo Diaz,0.00,0.00,0.00,1.00,0.00,0.02,0.40
Jake Gozzo,0.00,0.00,0.00,1.00,0.00,0.02,0.40
Jake Gilbert,0.00,0.00,0.00,1.00,0.00,0.02,0.40
Jake Gelof,0.00,0.00,0.00,1.00,0.00,0.02,0.40
Jake Garland,0.00,0.00,0.00,1.00,0.00,0.02,0.40
Jake Fox,0.00,0.00,0.00,1.00,0.00,0.02,0.40
Jake Fitzgibbons,0.00,0.00,0.00,1.00,0.00,0.02,0.40
Jake Fishman,0.00,0.00,0.00,1.00,0.00,0.02,0.40
Jake Faria,0.00,0.00,0.00,1.00,0.00,0.02,0.40
Jake Elliott,0.00,0.00,0.00,1.00,0.00,0.02,0.40
Jake Eddington,0.00,0.00,0.00,1.00,0.00,0.02,0.40
Jake DeLeo,0.00,0.00,0.00,1.00,0.00,0.02,0.40
Jake Dahlberg,0.00,0.00,0.00,1.00,0.00,0.02,0.40
Jake Cunningham,0.00,0.00,0.00,1.00,0.00,0.02,0.40
Jake Christianson,0.00,0.00,0.00,1.00,0.00,0.02,0.40
Jake Cave,0.00,0.00,0.00,1.00,0.00,0.02,0.40
Jake Cantleberry,0.00,0.00,0.00,1.00,0.00,0.02,0.40
Jake Brooks,0.00,0.00,0.00,1.00,0.00,0.02,0.40
Jake Brentz,0.00,0.00,0.00,1.00,0.00,0.02,0.40
Jake Bockenstedt,0.00,0.00,0.00,1.00,0.00,0.02,0.40
Jake Bennett,0.00,0.00,0.00,1.00,0.00,0.02,0.40
Jake Arrieta,0.00,0.00,0.00,1.00,0.00,0.02,0.40
Jake Anchia,0.00,0.00,0.00,1.00,0.00,0.02,0.40
Jaitoine Kelly,0.00,0.00,0.00,1.00,0.00,0.02,0.40
Jaison Chourio,0.00,0.00,0.00,1.00,0.00,0.02,0.40
Jaison Brete,0.00,0.00,0.00,1.00,0.00,0.02,0.40
Jairon Digon,0.00,0.00,0.00,1.00,0.00,0.02,0.40
Jairo Vásquez,0.00,0.00,0.00,1.00,0.00,0.02,0.40
Jairo Solis,0.00,0.00,0.00,1.00,0.00,0.02,0.40
Jairo Pomares,0.00,0.00,0.00,1.00,0.00,0.02,0.40
Jake Guenther,0.00,0.00,0.00,1.00,0.00,0.02,0.40
Jake Haberer,0.00,0.00,0.00,1.00,0.00,0.02,0.40
Jake Higginbotham,0.00,0.00,0.00,1.00,0.00,0.02,0.40
Jake Noll,0.00,0.00,0.00,1.00,0.00,0.02,0.40
Jake Rucker,0.00,0.00,0.00,1.00,0.00,0.02,0.40
Jake Rice,0.00,0.00,0.00,1.00,0.00,0.02,0.40
Jake Reindl,0.00,0.00,0.00,1.00,0.00,0.02,0.40
Jake Reed,0.00,0.00,0.00,1.00,0.00,0.02,0.40
Jake Prizina,0.00,0.00,0.00,1.00,0.00,0.02,0.40
Jake Pilarski,0.00,0.00,0.00,1.00,0.00,0.02,0.40
Jake Pfennigs,0.00,0.00,0.00,1.00,0.00,0.02,0.40
Jake Petricka,0.00,0.00,0.00,1.00,0.00,0.02,0.40
Jake Perez,0.00,0.00,0.00,1.00,0.00,0.02,0.40
Jake Peppers,0.00,0.00,0.00,1.00,0.00,0.02,0.40
Jake Palomaki,0.00,0.00,0.00,1.00,0.00,0.02,0.40
Jake Palisch,0.00,0.00,0.00,1.00,0.00,0.02,0.40
Jake Odorizzi,0.00,0.00,0.00,1.00,0.00,0.02,0.40
Jake Newberry,0.00,0.00,0.00,1.00,0.00,0.02,0.40
Jake Holton,0.00,0.00,0.00,1.00,0.00,0.02,0.40
Jake Miller,0.00,0.00,0.00,1.00,0.00,0.02,0.40
Jake Miednik,0.00,0.00,0.00,1.00,0.00,0.02,0.40
Jake Means,0.00,0.00,0.00,1.00,0.00,0.02,0.40
Jake McSteen,0.00,0.00,0.00,1.00,0.00,0.02,0.40
Jake McGee,0.00,0.00,0.00,1.00,0.00,0.02,0.40
Jake Marisnick,0.00,0.00,0.00,1.00,0.00,0.02,0.40
Jake Madden,0.00,0.00,0.00,1.00,0.00,0.02,0.40
Jake MacKenzie,0.00,0.00,0.00,1.00,0.00,0.02,0.40
Jake Lyons,0.00,0.00,0.00,1.00,0.00,0.02,0.40
Jake Lee,0.00,0.00,0.00,1.00,0.00,0.02,0.40
Jake Lamb,0.00,0.00,0.00,1.00,0.00,0.02,0.40
Jake Kalish,0.00,0.00,0.00,1.00,0.00,0.02,0.40
Jake Jewell,0.00,0.00,0.00,1.00,0.00,0.02,0.40
Jairo Mendez,0.00,0.00,0.00,1.00,0.00,0.02,0.40
Jair Jimenez,0.00,0.00,0.00,1.00,0.00,0.02,0.40
Jackson Finley,0.00,0.00,0.00,1.00,0.00,0.02,0.40
Jair Casanova,0.00,0.00,0.00,1.00,0.00,0.02,0.40
Jacob Heatherly,0.00,0.00,0.00,1.00,0.00,0.02,0.40
Jacob Gonzalez,0.00,0.00,0.00,1.00,0.00,0.02,0.40
Jacob Godman,0.00,0.00,0.00,1.00,0.00,0.02,0.40
Jacob DeLabio,0.00,0.00,0.00,1.00,0.00,0.02,0.40
Jacob Cravey,0.00,0.00,0.00,1.00,0.00,0.02,0.40
Jacob Coats,0.00,0.00,0.00,1.00,0.00,0.02,0.40
Jacob Campbell,0.00,0.00,0.00,1.00,0.00,0.02,0.40
Jacob Burke,0.00,0.00,0.00,1.00,0.00,0.02,0.40
Jacob Buchberger,0.00,0.00,0.00,1.00,0.00,0.02,0.40
Jacob Bresnahan,0.00,0.00,0.00,1.00,0.00,0.02,0.40
Jacob Bosiokovic,0.00,0.00,0.00,1.00,0.00,0.02,0.40
Jacob Berry,0.00,0.00,0.00,1.00,0.00,0.02,0.40
Jackson Wolf,0.00,0.00,0.00,1.00,0.00,0.02,0.40
Jackson Tetreault,0.00,0.00,0.00,1.00,0.00,0.02,0.40
Jackson Stephens,0.00,0.00,0.00,1.00,0.00,0.02,0.40
Jackson Smeltz,0.00,0.00,0.00,1.00,0.00,0.02,0.40
Jackson Rose,0.00,0.00,0.00,1.00,0.00,0.02,0.40
Jackson Rees,0.00,0.00,0.00,1.00,0.00,0.02,0.40
Jackson Nezuh,0.00,0.00,0.00,1.00,0.00,0.02,0.40
Jackson Loftin,0.00,0.00,0.00,1.00,0.00,0.02,0.40
Jackson Leath,0.00,0.00,0.00,1.00,0.00,0.02,0.40
Jackson Lancaster,0.00,0.00,0.00,1.00,0.00,0.02,0.40
Jackson Kelley,0.00,0.00,0.00,1.00,0.00,0.02,0.40
Jackson Humphries,0.00,0.00,0.00,1.00,0.00,0.02,0.40
Jackson Hornung,0.00,0.00,0.00,1.00,0.00,0.02,0.40
Jackson Hicks,0.00,0.00,0.00,1.00,0.00,0.02,0.40
Jackson Goddard,0.00,0.00,0.00,1.00,0.00,0.02,0.40
Jackson Glenn,0.00,0.00,0.00,1.00,0.00,0.02,0.40
Jackson Fristoe,0.00,0.00,0.00,1.00,0.00,0.02,0.40
Jacob Heyward,0.00,0.00,0.00,1.00,0.00,0.02,0.40
Jacob Jenkins-Cowart,0.00,0.00,0.00,1.00,0.00,0.02,0.40
Jacob Kostyshock,0.00,0.00,0.00,1.00,0.00,0.02,0.40
Jacques Pucheu,0.00,0.00,0.00,1.00,0.00,0.02,0.40
Jaime Melendez,0.00,0.00,0.00,1.00,0.00,0.02,0.40
Jaime Barria,0.00,0.00,0.00,1.00,0.00,0.02,0.40
Jaime Arias,0.00,0.00,0.00,1.00,0.00,0.02,0.40
Jaiker Garcia,0.00,0.00,0.00,1.00,0.00,0.02,0.40
Jahmai Jones,0.00,0.00,0.00,1.00,0.00,0.02,0.40
Jagger Haynes,0.00,0.00,0.00,1.00,0.00,0.02,0.40
Jaeden Calderon,0.00,0.00,0.00,1.00,0.00,0.02,0.40
Jae-Gyun Hwang,0.00,0.00,0.00,1.00,0.00,0.02,0.40
Jadiel Sanchez,0.00,0.00,0.00,1.00,0.00,0.02,0.40
Jadher Areinamo,0.00,0.00,0.00,1.00,0.00,0.02,0.40
Jaden Woods,0.00,0.00,0.00,1.00,0.00,0.02,0.40
Jaden Rudd,0.00,0.00,0.00,1.00,0.00,0.02,0.40
Jaden Hamm,0.00,0.00,0.00,1.00,0.00,0.02,0.40
Jacob Wosinski,0.00,0.00,0.00,1.00,0.00,0.02,0.40
Jacob Lemoine,0.00,0.00,0.00,1.00,0.00,0.02,0.40
Jacob Wetzel,0.00,0.00,0.00,1.00,0.00,0.02,0.40
Jacob Watters,0.00,0.00,0.00,1.00,0.00,0.02,0.40
Jacob Teter,0.00,0.00,0.00,1.00,0.00,0.02,0.40
Jacob Steinmetz,0.00,0.00,0.00,1.00,0.00,0.02,0.40
Jacob Sharp,0.00,0.00,0.00,1.00,0.00,0.02,0.40
Jacob Robson,0.00,0.00,0.00,1.00,0.00,0.02,0.40
Jacob Rhinesmith,0.00,0.00,0.00,1.00,0.00,0.02,0.40
Jacob Reimer,0.00,0.00,0.00,1.00,0.00,0.02,0.40
Jacob Pearson,0.00,0.00,0.00,1.00,0.00,0.02,0.40
Jacob Nottingham,0.00,0.00,0.00,1.00,0.00,0.02,0.40
Jacob Miller,0.00,0.00,0.00,1.00,0.00,0.02,0.40
Jacob Meador,0.00,0.00,0.00,1.00,0.00,0.02,0.40
Jacob Maton,0.00,0.00,0.00,1.00,0.00,0.02,0.40
Jesus Castillo,0.00,0.00,0.00,1.00,0.00,0.02,0.40
Jesus Chirinos,0.00,0.00,0.00,1.00,0.00,0.02,0.40
Domingo Tapia,0.00,0.00,0.00,1.00,0.00,0.02,0.40
Jorge Garcia,0.00,0.00,0.00,1.00,0.00,0.02,0.40
Jorge Caballero,0.00,0.00,0.00,1.00,0.00,0.02,0.40
Jorge Burgos,0.00,0.00,0.00,1.00,0.00,0.02,0.40
Jorge Bonifacio,0.00,0.00,0.00,1.00,0.00,0.02,0.40
Jorge Benitez,0.00,0.00,0.00,1.00,0.00,0.02,0.40
Jorge Bautista,0.00,0.00,0.00,1.00,0.00,0.02,0.40
Jorge Alfaro,0.00,0.00,0.00,1.00,0.00,0.02,0.40
Jorel Ortega,0.00,0.00,0.00,1.00,0.00,0.02,0.40
Jordyn Adams,0.00,0.00,0.00,1.00,0.00,0.02,0.40
Jordy Vargas,0.00,0.00,0.00,1.00,0.00,0.02,0.40
Jordy Luciano,0.00,0.00,0.00,1.00,0.00,0.02,0.40
Jordy Barley,0.00,0.00,0.00,1.00,0.00,0.02,0.40
Jordy Arias,0.00,0.00,0.00,1.00,0.00,0.02,0.40
Jordi Martinez,0.00,0.00,0.00,1.00,0.00,0.02,0.40
Jordi Infante,0.00,0.00,0.00,1.00,0.00,0.02,0.40
Jordarlin Mendoza,0.00,0.00,0.00,1.00,0.00,0.02,0.40
Jordany Ventura,0.00,0.00,0.00,1.00,0.00,0.02,0.40
Jordany Oliver,0.00,0.00,0.00,1.00,0.00,0.02,0.40
Jordany Chirinos,0.00,0.00,0.00,1.00,0.00,0.02,0.40
Jordano Perez,0.00,0.00,0.00,1.00,0.00,0.02,0.40
Jordan Yamamoto,0.00,0.00,0.00,1.00,0.00,0.02,0.40
Jordan Viars,0.00,0.00,0.00,1.00,0.00,0.02,0.40
Jordan Valenzuela,0.00,0.00,0.00,1.00,0.00,0.02,0.40
Jordan Thompson,0.00,0.00,0.00,1.00,0.00,0.02,0.40
Jordan Sprinkle,0.00,0.00,0.00,1.00,0.00,0.02,0.40
Jordan Sheffield,0.00,0.00,0.00,1.00,0.00,0.02,0.40
Jordan Sanchez,0.00,0.00,0.00,1.00,0.00,0.02,0.40
Jordan Qsar,0.00,0.00,0.00,1.00,0.00,0.02,0.40
Jordan Procyshen,0.00,0.00,0.00,1.00,0.00,0.02,0.40
Jordan Powell,0.00,0.00,0.00,1.00,0.00,0.02,0.40
Jorge De Leon,0.00,0.00,0.00,1.00,0.00,0.02,0.40
Jorge Geraldo,0.00,0.00,0.00,1.00,0.00,0.02,0.40
Jose Alcantara,0.00,0.00,0.00,1.00,0.00,0.02,0.40
Jorge Gonzalez,0.00,0.00,0.00,1.00,0.00,0.02,0.40
Jose Adames,0.00,0.00,0.00,1.00,0.00,0.02,0.40
Jose Acuna,0.00,0.00,0.00,1.00,0.00,0.02,0.40
Jose Acosta,0.00,0.00,0.00,1.00,0.00,0.02,0.40
Josbel Garcia,0.00,0.00,0.00,1.00,0.00,0.02,0.40
Josan Méndez,0.00,0.00,0.00,1.00,0.00,0.02,0.40
Jormy Nivar,0.00,0.00,0.00,1.00,0.00,0.02,0.40
Jorluis Guerra,0.00,0.00,0.00,1.00,0.00,0.02,0.40
Jorger Petri,0.00,0.00,0.00,1.00,0.00,0.02,0.40
Jorgelys Mota,0.00,0.00,0.00,1.00,0.00,0.02,0.40
Jorge Ruiz,0.00,0.00,0.00,1.00,0.00,0.02,0.40
Jorge Rodriguez,0.00,0.00,0.00,1.00,0.00,0.02,0.40
Jorge Ramos,0.00,0.00,0.00,1.00,0.00,0.02,0.40
Jorge Ramirez,0.00,0.00,0.00,1.00,0.00,0.02,0.40
Jorge Quintana,0.00,0.00,0.00,1.00,0.00,0.02,0.40
Jorge Puerta,0.00,0.00,0.00,1.00,0.00,0.02,0.40
Jorge Oña,0.00,0.00,0.00,1.00,0.00,0.02,0.40
Jorge Minyety,0.00,0.00,0.00,1.00,0.00,0.02,0.40
Jorge Mercedes,0.00,0.00,0.00,1.00,0.00,0.02,0.40
Jorge Mendez,0.00,0.00,0.00,1.00,0.00,0.02,0.40
Jorge Martinez,0.00,0.00,0.00,1.00,0.00,0.02,0.40
Jorge Marcheco,0.00,0.00,0.00,1.00,0.00,0.02,0.40
Jorge Luna,0.00,0.00,0.00,1.00,0.00,0.02,0.40
Jorge Lara,0.00,0.00,0.00,1.00,0.00,0.02,0.40
Jorge Julio,0.00,0.00,0.00,1.00,0.00,0.02,0.40
Jorge Juan,0.00,0.00,0.00,1.00,0.00,0.02,0.40
Jorge Herrera,0.00,0.00,0.00,1.00,0.00,0.02,0.40
Jorge Hernandez,0.00,0.00,0.00,1.00,0.00,0.02,0.40
Jorge Guzmán,0.00,0.00,0.00,1.00,0.00,0.02,0.40
Jorge Guerra,0.00,0.00,0.00,1.00,0.00,0.02,0.40
Jordan Nwogu,0.00,0.00,0.00,1.00,0.00,0.02,0.40
Jordan Mikel,0.00,0.00,0.00,1.00,0.00,0.02,0.40
Jordan McCants,0.00,0.00,0.00,1.00,0.00,0.02,0.40
Jordan Marks,0.00,0.00,0.00,1.00,0.00,0.02,0.40
Jonathan Moya,0.00,0.00,0.00,1.00,0.00,0.02,0.40
Jonathan Morales,0.00,0.00,0.00,1.00,0.00,0.02,0.40
Jonathan Mejia,0.00,0.00,0.00,1.00,0.00,0.02,0.40
Jonathan Martinez,0.00,0.00,0.00,1.00,0.00,0.02,0.40
Jonathan Linares,0.00,0.00,0.00,1.00,0.00,0.02,0.40
Jonathan Jimenez,0.00,0.00,0.00,1.00,0.00,0.02,0.40
Jonathan Hughes,0.00,0.00,0.00,1.00,0.00,0.02,0.40
Jonathan Holder,0.00,0.00,0.00,1.00,0.00,0.02,0.40
Jonathan Hennigan,0.00,0.00,0.00,1.00,0.00,0.02,0.40
Jonathan Guzmán,0.00,0.00,0.00,1.00,0.00,0.02,0.40
Jonathan Engelmann,0.00,0.00,0.00,1.00,0.00,0.02,0.40
Jonathan Edwards,0.00,0.00,0.00,1.00,0.00,0.02,0.40
Jonathan Davis,0.00,0.00,0.00,1.00,0.00,0.02,0.40
Jonathan Brand,0.00,0.00,0.00,1.00,0.00,0.02,0.40
Jonathan Bermúdez,0.00,0.00,0.00,1.00,0.00,0.02,0.40
Jonathan Batista,0.00,0.00,0.00,1.00,0.00,0.02,0.40
Jonathan Aro,0.00,0.00,0.00,1.00,0.00,0.02,0.40
Jonathan Araúz,0.00,0.00,0.00,1.00,0.00,0.02,0.40
Jonatan Yan,0.00,0.00,0.00,1.00,0.00,0.02,0.40
Jonatan Bernal,0.00,0.00,0.00,1.00,0.00,0.02,0.40
Jonas Uzcategui,0.00,0.00,0.00,1.00,0.00,0.02,0.40
Jonalbert Rumbol,0.00,0.00,0.00,1.00,0.00,0.02,0.40
Jonaiker Sandoval,0.00,0.00,0.00,1.00,0.00,0.02,0.40
Jonaiker Castellar,0.00,0.00,0.00,1.00,0.00,0.02,0.40
Jonah Tong,0.00,0.00,0.00,1.00,0.00,0.02,0.40
Jonah Scolaro,0.00,0.00,0.00,1.00,0.00,0.02,0.40
Jonah Hurney,0.00,0.00,0.00,1.00,0.00,0.02,0.40
Jonah Dipoto,0.00,0.00,0.00,1.00,0.00,0.02,0.40
Jonah Davis,0.00,0.00,0.00,1.00,0.00,0.02,0.40
Jonathan Petit,0.00,0.00,0.00,1.00,0.00,0.02,0.40
Jonathan Rangel,0.00,0.00,0.00,1.00,0.00,0.02,0.40
Jonathan Rivero,0.00,0.00,0.00,1.00,0.00,0.02,0.40
Jordan Carr,0.00,0.00,0.00,1.00,0.00,0.02,0.40
Jordan Lyles,0.00,0.00,0.00,1.00,0.00,0.02,0.40
Jordan Luplow,0.00,0.00,0.00,1.00,0.00,0.02,0.40
Jordan Jones,0.00,0.00,0.00,1.00,0.00,0.02,0.40
Jordan Jackson,0.00,0.00,0.00,1.00,0.00,0.02,0.40
Jordan Holloway,0.00,0.00,0.00,1.00,0.00,0.02,0.40
Jordan Groshans,0.00,0.00,0.00,1.00,0.00,0.02,0.40
Jordan Gore,0.00,0.00,0.00,1.00,0.00,0.02,0.40
Jordan Geber,0.00,0.00,0.00,1.00,0.00,0.02,0.40
Jordan Fowler,0.00,0.00,0.00,1.00,0.00,0.02,0.40
Jordan Dissin,0.00,0.00,0.00,1.00,0.00,0.02,0.40
Jordan Diaz,0.00,0.00,0.00,1.00,0.00,0.02,0.40
Jordan DiValerio,0.00,0.00,0.00,1.00,0.00,0.02,0.40
Jordan Cowan,0.00,0.00,0.00,1.00,0.00,0.02,0.40
Jordan Brown,0.00,0.00,0.00,1.00,0.00,0.02,0.40
Jonathan Russell,0.00,0.00,0.00,1.00,0.00,0.02,0.40
Jordan Brink,0.00,0.00,0.00,1.00,0.00,0.02,0.40
Jordan Brewer,0.00,0.00,0.00,1.00,0.00,0.02,0.40
Jonny Farmelo,0.00,0.00,0.00,1.00,0.00,0.02,0.40
Jonny Cuevas,0.00,0.00,0.00,1.00,0.00,0.02,0.40
Jonny Butler,0.00,0.00,0.00,1.00,0.00,0.02,0.40
Jonney Rosario,0.00,0.00,0.00,1.00,0.00,0.02,0.40
Jonh Henriquez,0.00,0.00,0.00,1.00,0.00,0.02,0.40
Joneiker Arellano,0.00,0.00,0.00,1.00,0.00,0.02,0.40
Jonawel Valdez,0.00,0.00,0.00,1.00,0.00,0.02,0.40
Jonathan Taveras,0.00,0.00,0.00,1.00,0.00,0.02,0.40
Jonathan Sprinkle,0.00,0.00,0.00,1.00,0.00,0.02,0.40
Jonathan Schoop,0.00,0.00,0.00,1.00,0.00,0.02,0.40
Jonathan Salazar,0.00,0.00,0.00,1.00,0.00,0.02,0.40
Jose Aguirre,0.00,0.00,0.00,1.00,0.00,0.02,0.40
Jose Alpuria,0.00,0.00,0.00,1.00,0.00,0.02,0.40
Jesus Clode,0.00,0.00,0.00,1.00,0.00,0.02,0.40
Jose Rengel,0.00,0.00,0.00,1.00,0.00,0.02,0.40
Jose Ramos,0.00,0.00,0.00,1.00,0.00,0.02,0.40
Jose Ramirez,0.00,0.00,0.00,1.00,0.00,0.02,0.40
Jose Quezada,0.00,0.00,0.00,1.00,0.00,0.02,0.40
Jose Pirela,0.00,0.00,0.00,1.00,0.00,0.02,0.40
Jose Pinto,0.00,0.00,0.00,1.00,0.00,0.02,0.40
Jose Peroza,0.00,0.00,0.00,1.00,0.00,0.02,0.40
Jose Perez,0.00,0.00,0.00,1.00,0.00,0.02,0.40
Jose Pena Jr.,0.00,0.00,0.00,1.00,0.00,0.02,0.40
Jose Pena,0.00,0.00,0.00,1.00,0.00,0.02,0.40
Jose Paulino,0.00,0.00,0.00,1.00,0.00,0.02,0.40
Jose Pastrano,0.00,0.00,0.00,1.00,0.00,0.02,0.40
Jose Olivares,0.00,0.00,0.00,1.00,0.00,0.02,0.40
Jose Ojeda,0.00,0.00,0.00,1.00,0.00,0.02,0.40
Jose Ochoa,0.00,0.00,0.00,1.00,0.00,0.02,0.40
Jose Mujica,0.00,0.00,0.00,1.00,0.00,0.02,0.40
Jose Moreno,0.00,0.00,0.00,1.00,0.00,0.02,0.40
Jose Monzon,0.00,0.00,0.00,1.00,0.00,0.02,0.40
Jose Montilla,0.00,0.00,0.00,1.00,0.00,0.02,0.40
Jose Montero,0.00,0.00,0.00,1.00,0.00,0.02,0.40
Jose Monserrate,0.00,0.00,0.00,1.00,0.00,0.02,0.40
Jose Miguel Gonzalez,0.00,0.00,0.00,1.00,0.00,0.02,0.40
Jose Meza,0.00,0.00,0.00,1.00,0.00,0.02,0.40
Jose Meneses,0.00,0.00,0.00,1.00,0.00,0.02,0.40
Jose Mendoza,0.00,0.00,0.00,1.00,0.00,0.02,0.40
Jose Mena,0.00,0.00,0.00,1.00,0.00,0.02,0.40
Jose Medina,0.00,0.00,0.00,1.00,0.00,0.02,0.40
Jose Martinez,0.00,0.00,0.00,1.00,0.00,0.02,0.40
Jose Marchan,0.00,0.00,0.00,1.00,0.00,0.02,0.40
Jose Marcano,0.00,0.00,0.00,1.00,0.00,0.02,0.40
Jose Regalado,0.00,0.00,0.00,1.00,0.00,0.02,0.40
Jose Reyes,0.00,0.00,0.00,1.00,0.00,0.02,0.40
Jose Alvarez,0.00,0.00,0.00,1.00,0.00,0.02,0.40
Jose Rivera,0.00,0.00,0.00,1.00,0.00,0.02,0.40
Joseph Odom,0.00,0.00,0.00,1.00,0.00,0.02,0.40
Joseph Montalvo,0.00,0.00,0.00,1.00,0.00,0.02,0.40
Joseph Menefee,0.00,0.00,0.00,1.00,0.00,0.02,0.40
Joseph King,0.00,0.00,0.00,1.00,0.00,0.02,0.40
Joseph Herrera,0.00,0.00,0.00,1.00,0.00,0.02,0.40
Joseph Hernandez,0.00,0.00,0.00,1.00,0.00,0.02,0.40
Joselin Payano,0.00,0.00,0.00,1.00,0.00,0.02,0.40
Joseilyn Gonzalez,0.00,0.00,0.00,1.00,0.00,0.02,0.40
Jose Vasquez,0.00,0.00,0.00,1.00,0.00,0.02,0.40
Jose Varela,0.00,0.00,0.00,1.00,0.00,0.02,0.40
Jose Urbina,0.00,0.00,0.00,1.00,0.00,0.02,0.40
Jose Ulloa,0.00,0.00,0.00,1.00,0.00,0.02,0.40
Jose Tovar,0.00,0.00,0.00,1.00,0.00,0.02,0.40
Jose Torrez,0.00,0.00,0.00,1.00,0.00,0.02,0.40
Jose Torres,0.00,0.00,0.00,1.00,0.00,0.02,0.40
Jose Subero,0.00,0.00,0.00,1.00,0.00,0.02,0.40
Jose Suarez,0.00,0.00,0.00,1.00,0.00,0.02,0.40
Jose Silvestre,0.00,0.00,0.00,1.00,0.00,0.02,0.40
Jose Sibrian,0.00,0.00,0.00,1.00,0.00,0.02,0.40
Jose Serrano,0.00,0.00,0.00,1.00,0.00,0.02,0.40
Jose Santamaria,0.00,0.00,0.00,1.00,0.00,0.02,0.40
Jose Sanabria,0.00,0.00,0.00,1.00,0.00,0.02,0.40
Jose Salvador,0.00,0.00,0.00,1.00,0.00,0.02,0.40
Jose Salas,0.00,0.00,0.00,1.00,0.00,0.02,0.40
Jose Sabino,0.00,0.00,0.00,1.00,0.00,0.02,0.40
Jose Romero,0.00,0.00,0.00,1.00,0.00,0.02,0.40
Jose Rojas,0.00,0.00,0.00,1.00,0.00,0.02,0.40
Jose Rodriguez,0.00,0.00,0.00,1.00,0.00,0.02,0.40
Jose Robledo,0.00,0.00,0.00,1.00,0.00,0.02,0.40
Jose Luis Reyes,0.00,0.00,0.00,1.00,0.00,0.02,0.40
Jose Liriano,0.00,0.00,0.00,1.00,0.00,0.02,0.40
Jose Linares,0.00,0.00,0.00,1.00,0.00,0.02,0.40
Jose Leanez,0.00,0.00,0.00,1.00,0.00,0.02,0.40
Jose De Jesus,0.00,0.00,0.00,1.00,0.00,0.02,0.40
Jose Davila,0.00,0.00,0.00,1.00,0.00,0.02,0.40
Jose D. Hernandez,0.00,0.00,0.00,1.00,0.00,0.02,0.40
Jose Corniell,0.00,0.00,0.00,1.00,0.00,0.02,0.40
Jose Cordova,0.00,0.00,0.00,1.00,0.00,0.02,0.40
Jose Cordoba,0.00,0.00,0.00,1.00,0.00,0.02,0.40
Jose Cordero,0.00,0.00,0.00,1.00,0.00,0.02,0.40
Jose Contreras,0.00,0.00,0.00,1.00,0.00,0.02,0.40
Jose Colmenarez,0.00,0.00,0.00,1.00,0.00,0.02,0.40
Jose Colmenares,0.00,0.00,0.00,1.00,0.00,0.02,0.40
Jose Chirinos,0.00,0.00,0.00,1.00,0.00,0.02,0.40
Jose Chavez,0.00,0.00,0.00,1.00,0.00,0.02,0.40
Jose Chacon,0.00,0.00,0.00,1.00,0.00,0.02,0.40
Jose Chacin,0.00,0.00,0.00,1.00,0.00,0.02,0.40
Jose Cerice,0.00,0.00,0.00,1.00,0.00,0.02,0.40
Jose Cedeno,0.00,0.00,0.00,1.00,0.00,0.02,0.40
Jose Castro,0.00,0.00,0.00,1.00,0.00,0.02,0.40
Jose Camacho,0.00,0.00,0.00,1.00,0.00,0.02,0.40
Jose Caguana,0.00,0.00,0.00,1.00,0.00,0.02,0.40
Jose Cabrera,0.00,0.00,0.00,1.00,0.00,0.02,0.40
Jose Bravo,0.00,0.00,0.00,1.00,0.00,0.02,0.40
Jose Betances,0.00,0.00,0.00,1.00,0.00,0.02,0.40
Jose Bello,0.00,0.00,0.00,1.00,0.00,0.02,0.40
Jose Barrero,0.00,0.00,0.00,1.00,0.00,0.02,0.40
Jose Aular,0.00,0.00,0.00,1.00,0.00,0.02,0.40
Jose Atencio,0.00,0.00,0.00,1.00,0.00,0.02,0.40
Jose Astudillo,0.00,0.00,0.00,1.00,0.00,0.02,0.40
Jose Arias,0.00,0.00,0.00,1.00,0.00,0.02,0.40
Jose Anderson,0.00,0.00,0.00,1.00,0.00,0.02,0.40
Jose De La Cruz,0.00,0.00,0.00,1.00,0.00,0.02,0.40
Jose De La Rosa,0.00,0.00,0.00,1.00,0.00,0.02,0.40
Jose Devers,0.00,0.00,0.00,1.00,0.00,0.02,0.40
Jose Franco,0.00,0.00,0.00,1.00,0.00,0.02,0.40
Jose Leandro,0.00,0.00,0.00,1.00,0.00,0.02,0.40
Jose King,0.00,0.00,0.00,1.00,0.00,0.02,0.40
Jose Jimenez,0.00,0.00,0.00,1.00,0.00,0.02,0.40
Jose Izarra,0.00,0.00,0.00,1.00,0.00,0.02,0.40
Jose Hernandez,0.00,0.00,0.00,1.00,0.00,0.02,0.40
Jose Guevara,0.00,0.00,0.00,1.00,0.00,0.02,0.40
Jose Guerra,0.00,0.00,0.00,1.00,0.00,0.02,0.40
Jose Guedez,0.00,0.00,0.00,1.00,0.00,0.02,0.40
Jose Gonzalez,0.00,0.00,0.00,1.00,0.00,0.02,0.40
Jose Gomez,0.00,0.00,0.00,1.00,0.00,0.02,0.40
Jose Gerardo,0.00,0.00,0.00,1.00,0.00,0.02,0.40
Jose Geraldo,0.00,0.00,0.00,1.00,0.00,0.02,0.40
Jose Garces,0.00,0.00,0.00,1.00,0.00,0.02,0.40
Jose Fleury,0.00,0.00,0.00,1.00,0.00,0.02,0.40
Jose Diaz,0.00,0.00,0.00,1.00,0.00,0.02,0.40
Jose Ferrer,0.00,0.00,0.00,1.00,0.00,0.02,0.40
Jose Fernandez,0.00,0.00,0.00,1.00,0.00,0.02,0.40
Jose Fermin,0.00,0.00,0.00,1.00,0.00,0.02,0.40
Jose Feliz,0.00,0.00,0.00,1.00,0.00,0.02,0.40
Jose Felipe Torres,0.00,0.00,0.00,1.00,0.00,0.02,0.40
Jose Familia,0.00,0.00,0.00,1.00,0.00,0.02,0.40
Jose Espada,0.00,0.00,0.00,1.00,0.00,0.02,0.40
Jose Escorche,0.00,0.00,0.00,1.00,0.00,0.02,0.40
Jose Escobar,0.00,0.00,0.00,1.00,0.00,0.02,0.40
Jose E. Martinez,0.00,0.00,0.00,1.00,0.00,0.02,0.40
Jose Dilone,0.00,0.00,0.00,1.00,0.00,0.02,0.40
Jose Dicochea,0.00,0.00,0.00,1.00,0.00,0.02,0.40
Jose Dickson,0.00,0.00,0.00,1.00,0.00,0.02,0.40
Jonah Cox,0.00,0.00,0.00,1.00,0.00,0.02,0.40
Jonah Advincula,0.00,0.00,0.00,1.00,0.00,0.02,0.40
Jon Olsen,0.00,0.00,0.00,1.00,0.00,0.02,0.40
Jimmy Glowenke,0.00,0.00,0.00,1.00,0.00,0.02,0.40
Jimmy Cordero,0.00,0.00,0.00,1.00,0.00,0.02,0.40
Jimmy Burnette,0.00,0.00,0.00,1.00,0.00,0.02,0.40
Jimmie Sherfy,0.00,0.00,0.00,1.00,0.00,0.02,0.40
Jim Jarvis,0.00,0.00,0.00,1.00,0.00,0.02,0.40
Jim Haley,0.00,0.00,0.00,1.00,0.00,0.02,0.40
Jilber Canas,0.00,0.00,0.00,1.00,0.00,0.02,0.40
Ji Man Choi,0.00,0.00,0.00,1.00,0.00,0.02,0.40
Jhoulys Chacín,0.00,0.00,0.00,1.00,0.00,0.02,0.40
Jhosward Camacho,0.00,0.00,0.00,1.00,0.00,0.02,0.40
Jhostynxon Garcia,0.00,0.00,0.00,1.00,0.00,0.02,0.40
Jhosmmel Zue,0.00,0.00,0.00,1.00,0.00,0.02,0.40
Jhosmer Alvarez,0.00,0.00,0.00,1.00,0.00,0.02,0.40
Jhosep Chirinos,0.00,0.00,0.00,1.00,0.00,0.02,0.40
Jhorvic Abreus,0.00,0.00,0.00,1.00,0.00,0.02,0.40
Jhonson Pena,0.00,0.00,0.00,1.00,0.00,0.02,0.40
Jhonny Severino,0.00,0.00,0.00,1.00,0.00,0.02,0.40
Jhonny Piron,0.00,0.00,0.00,1.00,0.00,0.02,0.40
Jhonny Perez,0.00,0.00,0.00,1.00,0.00,0.02,0.40
Jhonny Perdomo,0.00,0.00,0.00,1.00,0.00,0.02,0.40
Jhonny Martinez,0.00,0.00,0.00,1.00,0.00,0.02,0.40
Jhonny Level,0.00,0.00,0.00,1.00,0.00,0.02,0.40
Jhonny Jimenez,0.00,0.00,0.00,1.00,0.00,0.02,0.40
Jhonny Gomez,0.00,0.00,0.00,1.00,0.00,0.02,0.40
Jhonny Felix,0.00,0.00,0.00,1.00,0.00,0.02,0.40
Jhonly Taveras,0.00,0.00,0.00,1.00,0.00,0.02,0.40
Jhoniel Serrano,0.00,0.00,0.00,1.00,0.00,0.02,0.40
Jhoneiker Betancourt,0.00,0.00,0.00,1.00,0.00,0.02,0.40
Jhonayker Ugarte,0.00,0.00,0.00,1.00,0.00,0.02,0.40
Jhonatan Munoz,0.00,0.00,0.00,1.00,0.00,0.02,0.40
Jimmy Endersby,0.00,0.00,0.00,1.00,0.00,0.02,0.40
Jimmy Govern,0.00,0.00,0.00,1.00,0.00,0.02,0.40
Jon Olczak,0.00,0.00,0.00,1.00,0.00,0.02,0.40
Jimmy Herron,0.00,0.00,0.00,1.00,0.00,0.02,0.40
Joe Corbett,0.00,0.00,0.00,1.00,0.00,0.02,0.40
Joe Biagini,0.00,0.00,0.00,1.00,0.00,0.02,0.40
Joe Adametz,0.00,0.00,0.00,1.00,0.00,0.02,0.40
Joaquin Tejada,0.00,0.00,0.00,1.00,0.00,0.02,0.40
Joaquin Arias Jr.,0.00,0.00,0.00,1.00,0.00,0.02,0.40
Joangel Gonzalez,0.00,0.00,0.00,1.00,0.00,0.02,0.40
Joandrew Pena,0.00,0.00,0.00,1.00,0.00,0.02,0.40
Joander Suarez,0.00,0.00,0.00,1.00,0.00,0.02,0.40
Joan Valdez,0.00,0.00,0.00,1.00,0.00,0.02,0.40
Joan Sierra,0.00,0.00,0.00,1.00,0.00,0.02,0.40
Joan Ogando,0.00,0.00,0.00,1.00,0.00,0.02,0.40
Joan Martinez,0.00,0.00,0.00,1.00,0.00,0.02,0.40
Joan Gutierrez,0.00,0.00,0.00,1.00,0.00,0.02,0.40
Joan Gonzalez,0.00,0.00,0.00,1.00,0.00,0.02,0.40
Joan Delgado,0.00,0.00,0.00,1.00,0.00,0.02,0.40
Joan Acevedo,0.00,0.00,0.00,1.00,0.00,0.02,0.40
Joakim Soria,0.00,0.00,0.00,1.00,0.00,0.02,0.40
JoJo Blackmon,0.00,0.00,0.00,1.00,0.00,0.02,0.40
Jjam Alvarez,0.00,0.00,0.00,1.00,0.00,0.02,0.40
Jirvin Morillo,0.00,0.00,0.00,1.00,0.00,0.02,0.40
Jiorgeny Casimiri,0.00,0.00,0.00,1.00,0.00,0.02,0.40
Jimmy Yacabonis,0.00,0.00,0.00,1.00,0.00,0.02,0.40
Jimmy Robbins,0.00,0.00,0.00,1.00,0.00,0.02,0.40
Jimmy Reyes,0.00,0.00,0.00,1.00,0.00,0.02,0.40
Jimmy Nelson,0.00,0.00,0.00,1.00,0.00,0.02,0.40
Jimmy Loper,0.00,0.00,0.00,1.00,0.00,0.02,0.40
Jimmy Lewis,0.00,0.00,0.00,1.00,0.00,0.02,0.40
Jimmy Kingsbury,0.00,0.00,0.00,1.00,0.00,0.02,0.40
Jimmy Joyce,0.00,0.00,0.00,1.00,0.00,0.02,0.40
Jhon Romero,0.00,0.00,0.00,1.00,0.00,0.02,0.40
Jhon Nunez,0.00,0.00,0.00,1.00,0.00,0.02,0.40
Jhon Medina,0.00,0.00,0.00,1.00,0.00,0.02,0.40
Jhon Imbert,0.00,0.00,0.00,1.00,0.00,0.02,0.40
Jesus Rodriguez,0.00,0.00,0.00,1.00,0.00,0.02,0.40
Jesus Rivero,0.00,0.00,0.00,1.00,0.00,0.02,0.40
Jesus Rios,0.00,0.00,0.00,1.00,0.00,0.02,0.40
Jesus Premoli,0.00,0.00,0.00,1.00,0.00,0.02,0.40
Jesus Poline,0.00,0.00,0.00,1.00,0.00,0.02,0.40
Jesus Pinto,0.00,0.00,0.00,1.00,0.00,0.02,0.40
Jesus Peraza,0.00,0.00,0.00,1.00,0.00,0.02,0.40
Jesus Parra,0.00,0.00,0.00,1.00,0.00,0.02,0.40
Jesus Ortega,0.00,0.00,0.00,1.00,0.00,0.02,0.40
Jesus Ordonez,0.00,0.00,0.00,1.00,0.00,0.02,0.40
Jesus Mujica,0.00,0.00,0.00,1.00,0.00,0.02,0.40
Jesus Moreno,0.00,0.00,0.00,1.00,0.00,0.02,0.40
Jesus Mendez,0.00,0.00,0.00,1.00,0.00,0.02,0.40
Jesus Made,0.00,0.00,0.00,1.00,0.00,0.02,0.40
Jesus Machado,0.00,0.00,0.00,1.00,0.00,0.02,0.40
Jesus Luna,0.00,0.00,0.00,1.00,0.00,0.02,0.40
Jesus Lugo,0.00,0.00,0.00,1.00,0.00,0.02,0.40
Jesus Lopez,0.00,0.00,0.00,1.00,0.00,0.02,0.40
Jesus Linarez,0.00,0.00,0.00,1.00,0.00,0.02,0.40
Jesus Hernandez,0.00,0.00,0.00,1.00,0.00,0.02,0.40
Jesus Gonzalez,0.00,0.00,0.00,1.00,0.00,0.02,0.40
Jesus Garcia,0.00,0.00,0.00,1.00,0.00,0.02,0.40
Jesus Gamez,0.00,0.00,0.00,1.00,0.00,0.02,0.40
Jesus Galiz,0.00,0.00,0.00,1.00,0.00,0.02,0.40
Jesus Flores,0.00,0.00,0.00,1.00,0.00,0.02,0.40
Jesus Fernandez,0.00,0.00,0.00,1.00,0.00,0.02,0.40
Jesus Cruz,0.00,0.00,0.00,1.00,0.00,0.02,0.40
Jesus Correa,0.00,0.00,0.00,1.00,0.00,0.02,0.40
Jesus Colina,0.00,0.00,0.00,1.00,0.00,0.02,0.40
Jesus Silverio,0.00,0.00,0.00,1.00,0.00,0.02,0.40
Jesus Superlano,0.00,0.00,0.00,1.00,0.00,0.02,0.40
Jesus Tillero,0.00,0.00,0.00,1.00,0.00,0.02,0.40
Jhancarlos Lara,0.00,0.00,0.00,1.00,0.00,0.02,0.40
Jhon Diaz,0.00,0.00,0.00,1.00,0.00,0.02,0.40
Jhon Cabral,0.00,0.00,0.00,1.00,0.00,0.02,0.40
Jhomber Jimenez,0.00,0.00,0.00,1.00,0.00,0.02,0.40
Jholbran Herder,0.00,0.00,0.00,1.00,0.00,0.02,0.40
Jhocsuanth Vargas,0.00,0.00,0.00,1.00,0.00,0.02,0.40
Jhoan Peguero,0.00,0.00,0.00,1.00,0.00,0.02,0.40
Jhoan Lorenzo,0.00,0.00,0.00,1.00,0.00,0.02,0.40
Jhoan Contreras,0.00,0.00,0.00,1.00,0.00,0.02,0.40
Jheremy Vicente,0.00,0.00,0.00,1.00,0.00,0.02,0.40
Jheremy Vargas,0.00,0.00,0.00,1.00,0.00,0.02,0.40
Jhemiangel Tovar,0.00,0.00,0.00,1.00,0.00,0.02,0.40
Jharold Clemente,0.00,0.00,0.00,1.00,0.00,0.02,0.40
Jharel Cotton,0.00,0.00,0.00,1.00,0.00,0.02,0.40
Jhan Zambrano,0.00,0.00,0.00,1.00,0.00,0.02,0.40
Jesus Torres,0.00,0.00,0.00,1.00,0.00,0.02,0.40
Jhan Mariñez,0.00,0.00,0.00,1.00,0.00,0.02,0.40
Jhailyn Ortiz,0.00,0.00,0.00,1.00,0.00,0.02,0.40
Jeyson Mejia,0.00,0.00,0.00,1.00,0.00,0.02,0.40
Jeurys Familia,0.00,0.00,0.00,1.00,0.00,0.02,0.40
Jett Williams,0.00,0.00,0.00,1.00,0.00,0.02,0.40
Jeter Martinez,0.00,0.00,0.00,1.00,0.00,0.02,0.40
Jeter Downs,0.00,0.00,0.00,1.00,0.00,0.02,0.40
Jesús Liranzo,0.00,0.00,0.00,1.00,0.00,0.02,0.40
Jesús Aguilar,0.00,0.00,0.00,1.00,0.00,0.02,0.40
Jesús  Palacios,0.00,0.00,0.00,1.00,0.00,0.02,0.40
Jesus Vargas,0.00,0.00,0.00,1.00,0.00,0.02,0.40
Jesus Valles,0.00,0.00,0.00,1.00,0.00,0.02,0.40
Jesus Valdez,0.00,0.00,0.00,1.00,0.00,0.02,0.40
Joe DeMers,0.00,0.00,0.00,1.00,0.00,0.02,0.40
Joe Dunand,0.00,0.00,0.00,1.00,0.00,0.02,0.40
Joe Elbis,0.00,0.00,0.00,1.00,0.00,0.02,0.40
Johan Moreno,0.00,0.00,0.00,1.00,0.00,0.02,0.40
John O'Reilly,0.00,0.00,0.00,1.00,0.00,0.02,0.40
John Murphy,0.00,0.00,0.00,1.00,0.00,0.02,0.40
John Michael Faile,0.00,0.00,0.00,1.00,0.00,0.02,0.40
John Michael Bertrand,0.00,0.00,0.00,1.00,0.00,0.02,0.40
John McHenry,0.00,0.00,0.00,1.00,0.00,0.02,0.40
John Matthews,0.00,0.00,0.00,1.00,0.00,0.02,0.40
John Lynch,0.00,0.00,0.00,1.00,0.00,0.02,0.40
John Klein,0.00,0.00,0.00,1.00,0.00,0.02,0.40
John Hicks,0.00,0.00,0.00,1.00,0.00,0.02,0.40
John Gil,0.00,0.00,0.00,1.00,0.00,0.02,0.40
John Gavin,0.00,0.00,0.00,1.00,0.00,0.02,0.40
John Garcia,0.00,0.00,0.00,1.00,0.00,0.02,0.40
John Gant,0.00,0.00,0.00,1.00,0.00,0.02,0.40
John Estevez,0.00,0.00,0.00,1.00,0.00,0.02,0.40
John Doxakis,0.00,0.00,0.00,1.00,0.00,0.02,0.40
John Cruz,0.00,0.00,0.00,1.00,0.00,0.02,0.40
John Creel,0.00,0.00,0.00,1.00,0.00,0.02,0.40
John Beller,0.00,0.00,0.00,1.00,0.00,0.02,0.40
John Andreoli,0.00,0.00,0.00,1.00,0.00,0.02,0.40
John Aiello,0.00,0.00,0.00,1.00,0.00,0.02,0.40
Johmphy De La Cruz,0.00,0.00,0.00,1.00,0.00,0.02,0.40
Johanfran Garcia,0.00,0.00,0.00,1.00,0.00,0.02,0.40
Johandry Milano,0.00,0.00,0.00,1.00,0.00,0.02,0.40
Johandry Fuente,0.00,0.00,0.00,1.00,0.00,0.02,0.40
Johander Rubio,0.00,0.00,0.00,1.00,0.00,0.02,0.40
Johan Simon,0.00,0.00,0.00,1.00,0.00,0.02,0.40
Johan Rodriguez,0.00,0.00,0.00,1.00,0.00,0.02,0.40
Johan Quezada,0.00,0.00,0.00,1.00,0.00,0.02,0.40
Johan Palacios,0.00,0.00,0.00,1.00,0.00,0.02,0.40
John Parke,0.00,0.00,0.00,1.00,0.00,0.02,0.40
John Peck,0.00,0.00,0.00,1.00,0.00,0.02,0.40
John Rave,0.00,0.00,0.00,1.00,0.00,0.02,0.40
Johnny Ascanio,0.00,0.00,0.00,1.00,0.00,0.02,0.40
Jon Lester,0.00,0.00,0.00,1.00,0.00,0.02,0.40
Jon Duplantier,0.00,0.00,0.00,1.00,0.00,0.02,0.40
Jommer Hernandez,0.00,0.00,0.00,1.00,0.00,0.02,0.40
Joldelanio De Los Santos,0.00,0.00,0.00,1.00,0.00,0.02,0.40
Joldanny Genao,0.00,0.00,0.00,1.00,0.00,0.02,0.40
Jol Concepcion,0.00,0.00,0.00,1.00,0.00,0.02,0.40
Jojo Ingrassia,0.00,0.00,0.00,1.00,0.00,0.02,0.40
Jojanse Torres,0.00,0.00,0.00,1.00,0.00,0.02,0.40
Johzan Oquendo,0.00,0.00,0.00,1.00,0.00,0.02,0.40
Johnny Tincher,0.00,0.00,0.00,1.00,0.00,0.02,0.40
Johnny Ray,0.00,0.00,0.00,1.00,0.00,0.02,0.40
Johnny Olmstead,0.00,0.00,0.00,1.00,0.00,0.02,0.40
Johnny Cueto,0.00,0.00,0.00,1.00,0.00,0.02,0.40
Johnfrank Salazar,0.00,0.00,0.00,1.00,0.00,0.02,0.40
John Rhodes,0.00,0.00,0.00,1.00,0.00,0.02,0.40
Johnathon Thomas,0.00,0.00,0.00,1.00,0.00,0.02,0.40
Johnathan Rogers,0.00,0.00,0.00,1.00,0.00,0.02,0.40
Johnathan Lavallee,0.00,0.00,0.00,1.00,0.00,0.02,0.40
Johnathan Harmon,0.00,0.00,0.00,1.00,0.00,0.02,0.40
Johnabiell Laureano,0.00,0.00,0.00,1.00,0.00,0.02,0.40
John Zorrilla,0.00,0.00,0.00,1.00,0.00,0.02,0.40
John Wilson,0.00,0.00,0.00,1.00,0.00,0.02,0.40
John Swanda,0.00,0.00,0.00,1.00,0.00,0.02,0.40
John Stankiewicz,0.00,0.00,0.00,1.00,0.00,0.02,0.40
John Sosa,0.00,0.00,0.00,1.00,0.00,0.02,0.40
John Santana,0.00,0.00,0.00,1.00,0.00,0.02,0.40
John Russell,0.00,0.00,0.00,1.00,0.00,0.02,0.40
John Rooney,0.00,0.00,0.00,1.00,0.00,0.02,0.40
Johan Otanez,0.00,0.00,0.00,1.00,0.00,0.02,0.40
Johan Montero,0.00,0.00,0.00,1.00,0.00,0.02,0.40
Joe Gatto,0.00,0.00,0.00,1.00,0.00,0.02,0.40
Johan Minaya,0.00,0.00,0.00,1.00,0.00,0.02,0.40
Joel Condreay,0.00,0.00,0.00,1.00,0.00,0.02,0.40
Joel Canizalez,0.00,0.00,0.00,1.00,0.00,0.02,0.40
Joel Benitez,0.00,0.00,0.00,1.00,0.00,0.02,0.40
Joe Zanghi,0.00,0.00,0.00,1.00,0.00,0.02,0.40
Joe Wieland,0.00,0.00,0.00,1.00,0.00,0.02,0.40
Joe Whitman,0.00,0.00,0.00,1.00,0.00,0.02,0.40
Joe Vranesh,0.00,0.00,0.00,1.00,0.00,0.02,0.40
Joe Vetrano,0.00,0.00,0.00,1.00,0.00,0.02,0.40
Joe Suozzi,0.00,0.00,0.00,1.00,0.00,0.02,0.40
Joe Stewart,0.00,0.00,0.00,1.00,0.00,0.02,0.40
Joe Smith,0.00,0.00,0.00,1.00,0.00,0.02,0.40
Joe Rizzo,0.00,0.00,0.00,1.00,0.00,0.02,0.40
Joe Redfield,0.00,0.00,0.00,1.00,0.00,0.02,0.40
Joe Record,0.00,0.00,0.00,1.00,0.00,0.02,0.40
Joe Perez,0.00,0.00,0.00,1.00,0.00,0.02,0.40
Joe Olsavsky,0.00,0.00,0.00,1.00,0.00,0.02,0.40
Joe Navilhon,0.00,0.00,0.00,1.00,0.00,0.02,0.40
Joe Naranjo,0.00,0.00,0.00,1.00,0.00,0.02,0.40
Joe Nahas,0.00,0.00,0.00,1.00,0.00,0.02,0.40
Joe Musgrove,0.00,0.00,0.00,1.00,0.00,0.02,0.40
Joe Miller,0.00,0.00,0.00,1.00,0.00,0.02,0.40
Joe Lampe,0.00,0.00,0.00,1.00,0.00,0.02,0.40
Joe Kemlage,0.00,0.00,0.00,1.00,0.00,0.02,0.40
Joe Jones,0.00,0.00,0.00,1.00,0.00,0.02,0.40
Joe Joe Rodriguez,0.00,0.00,0.00,1.00,0.00,0.02,0.40
Joe Hudson,0.00,0.00,0.00,1.00,0.00,0.02,0.40
Joe Harvey,0.00,0.00,0.00,1.00,0.00,0.02,0.40
Joe Gunkel,0.00,0.00,0.00,1.00,0.00,0.02,0.40
Joe Gray Jr.,0.00,0.00,0.00,1.00,0.00,0.02,0.40
Joel Díaz,0.00,0.00,0.00,1.00,0.00,0.02,0.40
Joel Garcia,0.00,0.00,0.00,1.00,0.00,0.02,0.40
Joel Heredia,0.00,0.00,0.00,1.00,0.00,0.02,0.40
Joey Murray,0.00,0.00,0.00,1.00,0.00,0.02,0.40
Johan Mieses,0.00,0.00,0.00,1.00,0.00,0.02,0.40
Johan Macias,0.00,0.00,0.00,1.00,0.00,0.02,0.40
Johan Lopez,0.00,0.00,0.00,1.00,0.00,0.02,0.40
Johan Ferreira,0.00,0.00,0.00,1.00,0.00,0.02,0.40
Johan Estrada,0.00,0.00,0.00,1.00,0.00,0.02,0.40
Johan Dominguez,0.00,0.00,0.00,1.00,0.00,0.02,0.40
Johan Contreras,0.00,0.00,0.00,1.00,0.00,0.02,0.40
Johan Camargo,0.00,0.00,0.00,1.00,0.00,0.02,0.40
Johan Benitez,0.00,0.00,0.00,1.00,0.00,0.02,0.40
Johan Barrios,0.00,0.00,0.00,1.00,0.00,0.02,0.40
Jogly Garcia,0.00,0.00,0.00,1.00,0.00,0.02,0.40
Joey Walsh,0.00,0.00,0.00,1.00,0.00,0.02,0.40
Joey Stock,0.00,0.00,0.00,1.00,0.00,0.02,0.40
Joey Matulovich,0.00,0.00,0.00,1.00,0.00,0.02,0.40
Joel Hurtado,0.00,0.00,0.00,1.00,0.00,0.02,0.40
Joey Marciano,0.00,0.00,0.00,1.00,0.00,0.02,0.40
Joey Mancini,0.00,0.00,0.00,1.00,0.00,0.02,0.40
Joey Lancellotti,0.00,0.00,0.00,1.00,0.00,0.02,0.40
Joey Krehbiel,0.00,0.00,0.00,1.00,0.00,0.02,0.40
Joey Gerber,0.00,0.00,0.00,1.00,0.00,0.02,0.40
Joenelly Van Der Linden,0.00,0.00,0.00,1.00,0.00,0.02,0.40
Joendry Vargas,0.00,0.00,0.00,1.00,0.00,0.02,0.40
Joelvis Perez,0.00,0.00,0.00,1.00,0.00,0.02,0.40
A.J. Block,0.00,0.00,0.00,1.00,0.00,0.02,0.40
Joel Valdez,0.00,0.00,0.00,1.00,0.00,0.02,0.40
Joel Peguero,0.00,0.00,0.00,1.00,0.00,0.02,0.40
Joel Mendez,0.00,0.00,0.00,1.00,0.00,0.02,0.40
Joel Ibarra,0.00,0.00,0.00,1.00,0.00,0.02,0.40
Isaac Gallegos,0.00,0.00,0.00,1.00,0.00,0.02,0.40
Isaac De León,0.00,0.00,0.00,1.00,0.00,0.02,0.40
Isaac Coffey,0.00,0.00,0.00,1.00,0.00,0.02,0.40
Eric Prado,0.00,0.00,0.00,1.00,0.00,0.02,0.40
Eric Mendez,0.00,0.00,0.00,1.00,0.00,0.02,0.40
Eric Martinez,0.00,0.00,0.00,1.00,0.00,0.02,0.40
Eric Hosmer,0.00,0.00,0.00,1.00,0.00,0.02,0.40
Eric Hanhold,0.00,0.00,0.00,1.00,0.00,0.02,0.40
Eric Foggo,0.00,0.00,0.00,1.00,0.00,0.02,0.40
Eric Dominguez,0.00,0.00,0.00,1.00,0.00,0.02,0.40
Eric De La Rosa,0.00,0.00,0.00,1.00,0.00,0.02,0.40
Eric Brown Jr.,0.00,0.00,0.00,1.00,0.00,0.02,0.40
Eric Bitonti,0.00,0.00,0.00,1.00,0.00,0.02,0.40
Eric Adler,0.00,0.00,0.00,1.00,0.00,0.02,0.40
Eriberto Vasquez,0.00,0.00,0.00,1.00,0.00,0.02,0.40
Eriandys Ramon,0.00,0.00,0.00,1.00,0.00,0.02,0.40
Erian Rodriguez,0.00,0.00,0.00,1.00,0.00,0.02,0.40
Erbin Jaque,0.00,0.00,0.00,1.00,0.00,0.02,0.40
Erasmo Ramírez,0.00,0.00,0.00,1.00,0.00,0.02,0.40
Enzo Paulino,0.00,0.00,0.00,1.00,0.00,0.02,0.40
Enyervert Perez,0.00,0.00,0.00,1.00,0.00,0.02,0.40
Enyerber Rivero,0.00,0.00,0.00,1.00,0.00,0.02,0.40
Enyer Burgos,0.00,0.00,0.00,1.00,0.00,0.02,0.40
Enyel Rosario,0.00,0.00,0.00,1.00,0.00,0.02,0.40
Enrique Valdez,0.00,0.00,0.00,1.00,0.00,0.02,0.40
Enrique Segura,0.00,0.00,0.00,1.00,0.00,0.02,0.40
Enrique Santana,0.00,0.00,0.00,1.00,0.00,0.02,0.40
Enrique Jimenez,0.00,0.00,0.00,1.00,0.00,0.02,0.40
Enrique Coronel,0.00,0.00,0.00,1.00,0.00,0.02,0.40
Enrique Carta,0.00,0.00,0.00,1.00,0.00,0.02,0.40
Enrique Bradfield Jr.,0.00,0.00,0.00,1.00,0.00,0.02,0.40
Enniel Cortez,0.00,0.00,0.00,1.00,0.00,0.02,0.40
Enmanuel Terrero,0.00,0.00,0.00,1.00,0.00,0.02,0.40
Eric Pardinho,0.00,0.00,0.00,1.00,0.00,0.02,0.40
Eric Reyzelman,0.00,0.00,0.00,1.00,0.00,0.02,0.40
Erik Rivera,0.00,0.00,0.00,1.00,0.00,0.02,0.40
Eric Rodriguez,0.00,0.00,0.00,1.00,0.00,0.02,0.40
Erik Martinez,0.00,0.00,0.00,1.00,0.00,0.02,0.40
Erik González,0.00,0.00,0.00,1.00,0.00,0.02,0.40
Eriel Dihigo,0.00,0.00,0.00,1.00,0.00,0.02,0.40
Erick Torres,0.00,0.00,0.00,1.00,0.00,0.02,0.40
Erick Tejeda,0.00,0.00,0.00,1.00,0.00,0.02,0.40
Erick Rodriguez,0.00,0.00,0.00,1.00,0.00,0.02,0.40
Erick Reynoso,0.00,0.00,0.00,1.00,0.00,0.02,0.40
Erick Pinales,0.00,0.00,0.00,1.00,0.00,0.02,0.40
Erick Peña,0.00,0.00,0.00,1.00,0.00,0.02,0.40
Erick Padilla,0.00,0.00,0.00,1.00,0.00,0.02,0.40
Erick Mejia,0.00,0.00,0.00,1.00,0.00,0.02,0.40
Erick Lara,0.00,0.00,0.00,1.00,0.00,0.02,0.40
Erick Hernandez,0.00,0.00,0.00,1.00,0.00,0.02,0.40
Erick Castillo,0.00,0.00,0.00,1.00,0.00,0.02,0.40
Erick Brito,0.00,0.00,0.00,1.00,0.00,0.02,0.40
Erick Bautista,0.00,0.00,0.00,1.00,0.00,0.02,0.40
Erick Barria,0.00,0.00,0.00,1.00,0.00,0.02,0.40
Erick Arosemena,0.00,0.00,0.00,1.00,0.00,0.02,0.40
Erick Alvarez,0.00,0.00,0.00,1.00,0.00,0.02,0.40
Erich Uelmen,0.00,0.00,0.00,1.00,0.00,0.02,0.40
Eric Yost,0.00,0.00,0.00,1.00,0.00,0.02,0.40
Eric Yardley,0.00,0.00,0.00,1.00,0.00,0.02,0.40
Eric Yang,0.00,0.00,0.00,1.00,0.00,0.02,0.40
Eric Veras,0.00,0.00,0.00,1.00,0.00,0.02,0.40
Eric Torres,0.00,0.00,0.00,1.00,0.00,0.02,0.40
Eric Stout,0.00,0.00,0.00,1.00,0.00,0.02,0.40
Eric Stamets,0.00,0.00,0.00,1.00,0.00,0.02,0.40
Eric Skoglund,0.00,0.00,0.00,1.00,0.00,0.02,0.40
Eric Silva,0.00,0.00,0.00,1.00,0.00,0.02,0.40
Enmanuel Tejeda,0.00,0.00,0.00,1.00,0.00,0.02,0.40
Enmanuel Solano,0.00,0.00,0.00,1.00,0.00,0.02,0.40
Enmanuel Santos,0.00,0.00,0.00,1.00,0.00,0.02,0.40
Enmanuel Ramirez,0.00,0.00,0.00,1.00,0.00,0.02,0.40
Emilio Castillo,0.00,0.00,0.00,1.00,0.00,0.02,0.40
Emiliano Galan,0.00,0.00,0.00,1.00,0.00,0.02,0.40
Emil Turbi,0.00,0.00,0.00,1.00,0.00,0.02,0.40
Emil Morales,0.00,0.00,0.00,1.00,0.00,0.02,0.40
Emerson Talavera,0.00,0.00,0.00,1.00,0.00,0.02,0.40
Emerson Purroy,0.00,0.00,0.00,1.00,0.00,0.02,0.40
Emannoel Madeira,0.00,0.00,0.00,1.00,0.00,0.02,0.40
Emailin Montilla,0.00,0.00,0.00,1.00,0.00,0.02,0.40
Emaarion Boyd,0.00,0.00,0.00,1.00,0.00,0.02,0.40
Elías Moscoso,0.00,0.00,0.00,1.00,0.00,0.02,0.40
Elwis Mijares,0.00,0.00,0.00,1.00,0.00,0.02,0.40
Elvis Soto,0.00,0.00,0.00,1.00,0.00,0.02,0.40
Elvis Rojas,0.00,0.00,0.00,1.00,0.00,0.02,0.40
Elvis Rijo,0.00,0.00,0.00,1.00,0.00,0.02,0.40
Elvis Novas,0.00,0.00,0.00,1.00,0.00,0.02,0.40
Elvis Jerez,0.00,0.00,0.00,1.00,0.00,0.02,0.40
Elvis Garcia,0.00,0.00,0.00,1.00,0.00,0.02,0.40
Elvin Jimenez,0.00,0.00,0.00,1.00,0.00,0.02,0.40
Elvin Garcia,0.00,0.00,0.00,1.00,0.00,0.02,0.40
Elmer Rodriguez-Cruz,0.00,0.00,0.00,1.00,0.00,0.02,0.40
Elliot Soto,0.00,0.00,0.00,1.00,0.00,0.02,0.40
Elliot Johnstone,0.00,0.00,0.00,1.00,0.00,0.02,0.40
Elison Joseph,0.00,0.00,0.00,1.00,0.00,0.02,0.40
Eliseo Mota,0.00,0.00,0.00,1.00,0.00,0.02,0.40
Elisandro Alcantara,0.00,0.00,0.00,1.00,0.00,0.02,0.40
Elis Cuevas,0.00,0.00,0.00,1.00,0.00,0.02,0.40
Elis Barreat,0.00,0.00,0.00,1.00,0.00,0.02,0.40
Elio Prado,0.00,0.00,0.00,1.00,0.00,0.02,0.40
Elio Campos,0.00,0.00,0.00,1.00,0.00,0.02,0.40
Emilio Marquez,0.00,0.00,0.00,1.00,0.00,0.02,0.40
Emilio Sanchez,0.00,0.00,0.00,1.00,0.00,0.02,0.40
Emilio Taveras,0.00,0.00,0.00,1.00,0.00,0.02,0.40
Endri Garcia,0.00,0.00,0.00,1.00,0.00,0.02,0.40
Enmanuel Pire,0.00,0.00,0.00,1.00,0.00,0.02,0.40
Enmanuel Pinales,0.00,0.00,0.00,1.00,0.00,0.02,0.40
Enmanuel Mejia,0.00,0.00,0.00,1.00,0.00,0.02,0.40
Enmanuel De Jesus,0.00,0.00,0.00,1.00,0.00,0.02,0.40
Enmanuel Bonilla,0.00,0.00,0.00,1.00,0.00,0.02,0.40
Enmanuel Acosta,0.00,0.00,0.00,1.00,0.00,0.02,0.40
Engert Garcia,0.00,0.00,0.00,1.00,0.00,0.02,0.40
Enger Sanchez,0.00,0.00,0.00,1.00,0.00,0.02,0.40
Enger Castellano,0.00,0.00,0.00,1.00,0.00,0.02,0.40
Engel Silvestre,0.00,0.00,0.00,1.00,0.00,0.02,0.40
Engel Paulino,0.00,0.00,0.00,1.00,0.00,0.02,0.40
Engel Daniel Peralta,0.00,0.00,0.00,1.00,0.00,0.02,0.40
Endrys Briceno,0.00,0.00,0.00,1.00,0.00,0.02,0.40
Enderson Mercado,0.00,0.00,0.00,1.00,0.00,0.02,0.40
Emilio Vargas,0.00,0.00,0.00,1.00,0.00,0.02,0.40
Enderson Delgado,0.00,0.00,0.00,1.00,0.00,0.02,0.40
Enderson Asencio,0.00,0.00,0.00,1.00,0.00,0.02,0.40
Enderso Lira,0.00,0.00,0.00,1.00,0.00,0.02,0.40
Enderjer Sifontes,0.00,0.00,0.00,1.00,0.00,0.02,0.40
Ender Inciarte,0.00,0.00,0.00,1.00,0.00,0.02,0.40
Enddy Azocar,0.00,0.00,0.00,1.00,0.00,0.02,0.40
Emmett Olson,0.00,0.00,0.00,1.00,0.00,0.02,0.40
Emmanuel Reyes,0.00,0.00,0.00,1.00,0.00,0.02,0.40
Emmanuel Ramirez,0.00,0.00,0.00,1.00,0.00,0.02,0.40
Emmanuel Martinez,0.00,0.00,0.00,1.00,0.00,0.02,0.40
Emmanuel Chapman,0.00,0.00,0.00,1.00,0.00,0.02,0.40
Eminen Flores,0.00,0.00,0.00,1.00,0.00,0.02,0.40
Emilker Guzman,0.00,0.00,0.00,1.00,0.00,0.02,0.40
Erik Ostberg,0.00,0.00,0.00,1.00,0.00,0.02,0.40
Erik Stock,0.00,0.00,0.00,1.00,0.00,0.02,0.40
Isaac Bellony,0.00,0.00,0.00,1.00,0.00,0.02,0.40
Fabian Machado,0.00,0.00,0.00,1.00,0.00,0.02,0.40
Fabian Gallardo,0.00,0.00,0.00,1.00,0.00,0.02,0.40
Fabian Alcantara,0.00,0.00,0.00,1.00,0.00,0.02,0.40
Ezequiel Ventura,0.00,0.00,0.00,1.00,0.00,0.02,0.40
Ezequiel Surun,0.00,0.00,0.00,1.00,0.00,0.02,0.40
Ezequiel Pena,0.00,0.00,0.00,1.00,0.00,0.02,0.40
Ezequiel Pagan,0.00,0.00,0.00,1.00,0.00,0.02,0.40
Ezequiel Jimenez,0.00,0.00,0.00,1.00,0.00,0.02,0.40
Ezequiel Bonilla,0.00,0.00,0.00,1.00,0.00,0.02,0.40
Eyke Ugueto,0.00,0.00,0.00,1.00,0.00,0.02,0.40
Eybersson Polanco,0.00,0.00,0.00,1.00,0.00,0.02,0.40
Ewry Espinal,0.00,0.00,0.00,1.00,0.00,0.02,0.40
Eward Rodriguez,0.00,0.00,0.00,1.00,0.00,0.02,0.40
Everhett Hazelwood,0.00,0.00,0.00,1.00,0.00,0.02,0.40
Everett Cooper III,0.00,0.00,0.00,1.00,0.00,0.02,0.40
Ever Moya,0.00,0.00,0.00,1.00,0.00,0.02,0.40
Evelio Hernandez,0.00,0.00,0.00,1.00,0.00,0.02,0.40
Evan White,0.00,0.00,0.00,1.00,0.00,0.02,0.40
Evan Taylor,0.00,0.00,0.00,1.00,0.00,0.02,0.40
Evan Skoug,0.00,0.00,0.00,1.00,0.00,0.02,0.40
Evan Shawver,0.00,0.00,0.00,1.00,0.00,0.02,0.40
Evan Miller,0.00,0.00,0.00,1.00,0.00,0.02,0.40
Evan Mendoza,0.00,0.00,0.00,1.00,0.00,0.02,0.40
Evan McKendry,0.00,0.00,0.00,1.00,0.00,0.02,0.40
Evan Marshall,0.00,0.00,0.00,1.00,0.00,0.02,0.40
Evan Longoria,0.00,0.00,0.00,1.00,0.00,0.02,0.40
Evan Lee,0.00,0.00,0.00,1.00,0.00,0.02,0.40
Evan Kravetz,0.00,0.00,0.00,1.00,0.00,0.02,0.40
Evan Johnson,0.00,0.00,0.00,1.00,0.00,0.02,0.40
Evan Gates,0.00,0.00,0.00,1.00,0.00,0.02,0.40
Fabian Lopez,0.00,0.00,0.00,1.00,0.00,0.02,0.40
Fabian Pertuz,0.00,0.00,0.00,1.00,0.00,0.02,0.40
Erik Tolman,0.00,0.00,0.00,1.00,0.00,0.02,0.40
Fabian Soto,0.00,0.00,0.00,1.00,0.00,0.02,0.40
Fermin Magallanes,0.00,0.00,0.00,1.00,0.00,0.02,0.40
Fenwick Trimble,0.00,0.00,0.00,1.00,0.00,0.02,0.40
Felix Valerio,0.00,0.00,0.00,1.00,0.00,0.02,0.40
Felix Tena,0.00,0.00,0.00,1.00,0.00,0.02,0.40
Felix Taveras,0.00,0.00,0.00,1.00,0.00,0.02,0.40
Felix Stevens,0.00,0.00,0.00,1.00,0.00,0.02,0.40
Felix Reyes,0.00,0.00,0.00,1.00,0.00,0.02,0.40
Felix Ramires,0.00,0.00,0.00,1.00,0.00,0.02,0.40
Felix Polanco,0.00,0.00,0.00,1.00,0.00,0.02,0.40
Felix Negueis,0.00,0.00,0.00,1.00,0.00,0.02,0.40
Felix Morrobel,0.00,0.00,0.00,1.00,0.00,0.02,0.40
Felix Minjarez,0.00,0.00,0.00,1.00,0.00,0.02,0.40
Felix Cepeda,0.00,0.00,0.00,1.00,0.00,0.02,0.40
Felix Castro,0.00,0.00,0.00,1.00,0.00,0.02,0.40
Felix Cabrera,0.00,0.00,0.00,1.00,0.00,0.02,0.40
Felix Arronde,0.00,0.00,0.00,1.00,0.00,0.02,0.40
Felipito Santos,0.00,0.00,0.00,1.00,0.00,0.02,0.40
Felipe De Los Santos,0.00,0.00,0.00,1.00,0.00,0.02,0.40
Felipe De La Cruz,0.00,0.00,0.00,1.00,0.00,0.02,0.40
Felipe Bello,0.00,0.00,0.00,1.00,0.00,0.02,0.40
Feldi Tavarez,0.00,0.00,0.00,1.00,0.00,0.02,0.40
Federik Jimenez,0.00,0.00,0.00,1.00,0.00,0.02,0.40
Faruk De La Cruz,0.00,0.00,0.00,1.00,0.00,0.02,0.40
Fadriel Cruz,0.00,0.00,0.00,1.00,0.00,0.02,0.40
Facundo Velasquez,0.00,0.00,0.00,1.00,0.00,0.02,0.40
Fabricio Reina,0.00,0.00,0.00,1.00,0.00,0.02,0.40
Fabricio Macias,0.00,0.00,0.00,1.00,0.00,0.02,0.40
Fabian Ysalla,0.00,0.00,0.00,1.00,0.00,0.02,0.40
Fabian Urbina,0.00,0.00,0.00,1.00,0.00,0.02,0.40
Evan Estevez,0.00,0.00,0.00,1.00,0.00,0.02,0.40
Evan Edwards,0.00,0.00,0.00,1.00,0.00,0.02,0.40
Eury Rosado,0.00,0.00,0.00,1.00,0.00,0.02,0.40
Eury Ramos,0.00,0.00,0.00,1.00,0.00,0.02,0.40
Esteban Gonzalez,0.00,0.00,0.00,1.00,0.00,0.02,0.40
Estarling Mercado,0.00,0.00,0.00,1.00,0.00,0.02,0.40
Estarlin Rodriguez,0.00,0.00,0.00,1.00,0.00,0.02,0.40
Estarlin Francisco,0.00,0.00,0.00,1.00,0.00,0.02,0.40
Estarlin Escalante,0.00,0.00,0.00,1.00,0.00,0.02,0.40
Estarlin Cruz,0.00,0.00,0.00,1.00,0.00,0.02,0.40
Estanlin Cassiani,0.00,0.00,0.00,1.00,0.00,0.02,0.40
Estanli Castillo,0.00,0.00,0.00,1.00,0.00,0.02,0.40
Esney Chacon,0.00,0.00,0.00,1.00,0.00,0.02,0.40
Esneider Gomez,0.00,0.00,0.00,1.00,0.00,0.02,0.40
Esmith Pineda,0.00,0.00,0.00,1.00,0.00,0.02,0.40
Esmil Valencia,0.00,0.00,0.00,1.00,0.00,0.02,0.40
Esmerlyn Valdez,0.00,0.00,0.00,1.00,0.00,0.02,0.40
Esmerlin Vinicio,0.00,0.00,0.00,1.00,0.00,0.02,0.40
Ervin Torres,0.00,0.00,0.00,1.00,0.00,0.02,0.40
Ervin Santana,0.00,0.00,0.00,1.00,0.00,0.02,0.40
Erubiel Fuentes,0.00,0.00,0.00,1.00,0.00,0.02,0.40
Erubiel Armenta,0.00,0.00,0.00,1.00,0.00,0.02,0.40
Errol Robinson,0.00,0.00,0.00,1.00,0.00,0.02,0.40
Erny Orellana,0.00,0.00,0.00,1.00,0.00,0.02,0.40
Ernny Ordonez,0.00,0.00,0.00,1.00,0.00,0.02,0.40
Ernie Yake,0.00,0.00,0.00,1.00,0.00,0.02,0.40
Ernie Day,0.00,0.00,0.00,1.00,0.00,0.02,0.40
Ernesto Mercedes,0.00,0.00,0.00,1.00,0.00,0.02,0.40
Ernesto Martinez Jr.,0.00,0.00,0.00,1.00,0.00,0.02,0.40
Ernesto Jaquez,0.00,0.00,0.00,1.00,0.00,0.02,0.40
Erison Placencia,0.00,0.00,0.00,1.00,0.00,0.02,0.40
Eris Rodríguez,0.00,0.00,0.00,1.00,0.00,0.02,0.40
Eriq Swan,0.00,0.00,0.00,1.00,0.00,0.02,0.40
Esteban Luna,0.00,0.00,0.00,1.00,0.00,0.02,0.40
Esteban Mejia,0.00,0.00,0.00,1.00,0.00,0.02,0.40
Esteban Quiroz,0.00,0.00,0.00,1.00,0.00,0.02,0.40
Ethan Murray,0.00,0.00,0.00,1.00,0.00,0.02,0.40
Euribiel Angeles,0.00,0.00,0.00,1.00,0.00,0.02,0.40
Euri Montero,0.00,0.00,0.00,1.00,0.00,0.02,0.40
Eudy Liriano,0.00,0.00,0.00,1.00,0.00,0.02,0.40
Eudrys Manon,0.00,0.00,0.00,1.00,0.00,0.02,0.40
Eudry Alcantara,0.00,0.00,0.00,1.00,0.00,0.02,0.40
Ettore Giulianelli,0.00,0.00,0.00,1.00,0.00,0.02,0.40
Ethan Workinger,0.00,0.00,0.00,1.00,0.00,0.02,0.40
Ethan Wilson,0.00,0.00,0.00,1.00,0.00,0.02,0.40
Ethan Skender,0.00,0.00,0.00,1.00,0.00,0.02,0.40
Ethan Salas,0.00,0.00,0.00,1.00,0.00,0.02,0.40
Ethan Routzahn,0.00,0.00,0.00,1.00,0.00,0.02,0.40
Ethan Pecko,0.00,0.00,0.00,1.00,0.00,0.02,0.40
Ethan O'Donnell,0.00,0.00,0.00,1.00,0.00,0.02,0.40
Ethan Long,0.00,0.00,0.00,1.00,0.00,0.02,0.40
Esteban Romero,0.00,0.00,0.00,1.00,0.00,0.02,0.40
Ethan Lindow,0.00,0.00,0.00,1.00,0.00,0.02,0.40
Ethan Hearn,0.00,0.00,0.00,1.00,0.00,0.02,0.40
Ethan Hankins,0.00,0.00,0.00,1.00,0.00,0.02,0.40
Ethan Hammerberg,0.00,0.00,0.00,1.00,0.00,0.02,0.40
Ethan Chenault,0.00,0.00,0.00,1.00,0.00,0.02,0.40
Ethan Bosacker,0.00,0.00,0.00,1.00,0.00,0.02,0.40
Estuar Suero,0.00,0.00,0.00,1.00,0.00,0.02,0.40
Estivenzon Montero,0.00,0.00,0.00,1.00,0.00,0.02,0.40
Estiven Machado,0.00,0.00,0.00,1.00,0.00,0.02,0.40
Estiven Giron,0.00,0.00,0.00,1.00,0.00,0.02,0.40
Estivel Morillo,0.00,0.00,0.00,1.00,0.00,0.02,0.40
Estibenzon Jimenez,0.00,0.00,0.00,1.00,0.00,0.02,0.40
Esterling Rodriguez,0.00,0.00,0.00,1.00,0.00,0.02,0.40
Elijah Pleasants,0.00,0.00,0.00,1.00,0.00,0.02,0.40
Elijah Nunez,0.00,0.00,0.00,1.00,0.00,0.02,0.40
Elijah Hainline,0.00,0.00,0.00,1.00,0.00,0.02,0.40
Dylan Shockley,0.00,0.00,0.00,1.00,0.00,0.02,0.40
Dylan Rock,0.00,0.00,0.00,1.00,0.00,0.02,0.40
Dylan Ray,0.00,0.00,0.00,1.00,0.00,0.02,0.40
Dylan Phillips,0.00,0.00,0.00,1.00,0.00,0.02,0.40
Dylan O'Rae,0.00,0.00,0.00,1.00,0.00,0.02,0.40
Dylan Neuse,0.00,0.00,0.00,1.00,0.00,0.02,0.40
Dylan Nedved,0.00,0.00,0.00,1.00,0.00,0.02,0.40
Dylan MacLean,0.00,0.00,0.00,1.00,0.00,0.02,0.40
Dylan Lesko,0.00,0.00,0.00,1.00,0.00,0.02,0.40
Dylan King,0.00,0.00,0.00,1.00,0.00,0.02,0.40
Dylan Jasso,0.00,0.00,0.00,1.00,0.00,0.02,0.40
Dylan Heid,0.00,0.00,0.00,1.00,0.00,0.02,0.40
Dylan Harris,0.00,0.00,0.00,1.00,0.00,0.02,0.40
Dylan Hall,0.00,0.00,0.00,1.00,0.00,0.02,0.40
Dylan File,0.00,0.00,0.00,1.00,0.00,0.02,0.40
Dylan Dreiling,0.00,0.00,0.00,1.00,0.00,0.02,0.40
Dylan DeLucia,0.00,0.00,0.00,1.00,0.00,0.02,0.40
Dylan Cumming,0.00,0.00,0.00,1.00,0.00,0.02,0.40
Dylan Castaneda,0.00,0.00,0.00,1.00,0.00,0.02,0.40
Dylan Carmouche,0.00,0.00,0.00,1.00,0.00,0.02,0.40
Dylan Campbell,0.00,0.00,0.00,1.00,0.00,0.02,0.40
Dylan Burns,0.00,0.00,0.00,1.00,0.00,0.02,0.40
Dylan Bundy,0.00,0.00,0.00,1.00,0.00,0.02,0.40
Dylan Bice,0.00,0.00,0.00,1.00,0.00,0.02,0.40
Dylan Beavers,0.00,0.00,0.00,1.00,0.00,0.02,0.40
Dyan Jorge,0.00,0.00,0.00,1.00,0.00,0.02,0.40
Dwayne Matos,0.00,0.00,0.00,1.00,0.00,0.02,0.40
Dustin Saenz,0.00,0.00,0.00,1.00,0.00,0.02,0.40
Dustin Peterson,0.00,0.00,0.00,1.00,0.00,0.02,0.40
Dustin Garneau,0.00,0.00,0.00,1.00,0.00,0.02,0.40
Dylan Rosa,0.00,0.00,0.00,1.00,0.00,0.02,0.40
Dylan Simmons,0.00,0.00,0.00,1.00,0.00,0.02,0.40
Elijah Green,0.00,0.00,0.00,1.00,0.00,0.02,0.40
Dylan Smith,0.00,0.00,0.00,1.00,0.00,0.02,0.40
Edelvis Perez,0.00,0.00,0.00,1.00,0.00,0.02,0.40
Eddys Leonard,0.00,0.00,0.00,1.00,0.00,0.02,0.40
Eddy Yean,0.00,0.00,0.00,1.00,0.00,0.02,0.40
Eddy Rodriguez,0.00,0.00,0.00,1.00,0.00,0.02,0.40
Eddy Perez,0.00,0.00,0.00,1.00,0.00,0.02,0.40
Eddy Peralta,0.00,0.00,0.00,1.00,0.00,0.02,0.40
Eddy Marmolejos,0.00,0.00,0.00,1.00,0.00,0.02,0.40
Eddy Isturiz,0.00,0.00,0.00,1.00,0.00,0.02,0.40
Eddy Felix,0.00,0.00,0.00,1.00,0.00,0.02,0.40
Eddy Diaz,0.00,0.00,0.00,1.00,0.00,0.02,0.40
Eddy Demurias,0.00,0.00,0.00,1.00,0.00,0.02,0.40
Eddy Alvarez,0.00,0.00,0.00,1.00,0.00,0.02,0.40
Eddy Alberto,0.00,0.00,0.00,1.00,0.00,0.02,0.40
Eddson Martinez,0.00,0.00,0.00,1.00,0.00,0.02,0.40
Eddinson Paulino,0.00,0.00,0.00,1.00,0.00,0.02,0.40
Eddie Park,0.00,0.00,0.00,1.00,0.00,0.02,0.40
Ed Howard,0.00,0.00,0.00,1.00,0.00,0.02,0.40
Echedry Vargas,0.00,0.00,0.00,1.00,0.00,0.02,0.40
Eccel Correa,0.00,0.00,0.00,1.00,0.00,0.02,0.40
Easton Sikorski,0.00,0.00,0.00,1.00,0.00,0.02,0.40
Easton McGee,0.00,0.00,0.00,1.00,0.00,0.02,0.40
EJ Andrews Jr.,0.00,0.00,0.00,1.00,0.00,0.02,0.40
E.J. Exposito,0.00,0.00,0.00,1.00,0.00,0.02,0.40
Dérmis Garcia,0.00,0.00,0.00,1.00,0.00,0.02,0.40
Dyron Campos,0.00,0.00,0.00,1.00,0.00,0.02,0.40
Dylan Wilson,0.00,0.00,0.00,1.00,0.00,0.02,0.40
Dylan Tebrake,0.00,0.00,0.00,1.00,0.00,0.02,0.40
Dylan Spain,0.00,0.00,0.00,1.00,0.00,0.02,0.40
Dylan Spacke,0.00,0.00,0.00,1.00,0.00,0.02,0.40
Dustin Dickerson,0.00,0.00,0.00,1.00,0.00,0.02,0.40
Dusten Knight,0.00,0.00,0.00,1.00,0.00,0.02,0.40
Durbin Feltman,0.00,0.00,0.00,1.00,0.00,0.02,0.40
Duque Hebbert,0.00,0.00,0.00,1.00,0.00,0.02,0.40
Drew Cavanaugh,0.00,0.00,0.00,1.00,0.00,0.02,0.40
Drew Carlton,0.00,0.00,0.00,1.00,0.00,0.02,0.40
Drew Campbell,0.00,0.00,0.00,1.00,0.00,0.02,0.40
Drew Bowser,0.00,0.00,0.00,1.00,0.00,0.02,0.40
Drew Avans,0.00,0.00,0.00,1.00,0.00,0.02,0.40
Drew Anderson,0.00,0.00,0.00,1.00,0.00,0.02,0.40
Drake Osborn,0.00,0.00,0.00,1.00,0.00,0.02,0.40
Drake Logan,0.00,0.00,0.00,1.00,0.00,0.02,0.40
Drake Fellows,0.00,0.00,0.00,1.00,0.00,0.02,0.40
Douglas Orellana,0.00,0.00,0.00,1.00,0.00,0.02,0.40
Douglas Hodo III,0.00,0.00,0.00,1.00,0.00,0.02,0.40
Douglas Glod,0.00,0.00,0.00,1.00,0.00,0.02,0.40
Doug Kirkland,0.00,0.00,0.00,1.00,0.00,0.02,0.40
Donys Garcia,0.00,0.00,0.00,1.00,0.00,0.02,0.40
Donye Evans,0.00,0.00,0.00,1.00,0.00,0.02,0.40
Donta' Williams,0.00,0.00,0.00,1.00,0.00,0.02,0.40
Donovan Walton,0.00,0.00,0.00,1.00,0.00,0.02,0.40
Donovan McIntyre,0.00,0.00,0.00,1.00,0.00,0.02,0.40
Donovan Casey,0.00,0.00,0.00,1.00,0.00,0.02,0.40
Donovan Benoit,0.00,0.00,0.00,1.00,0.00,0.02,0.40
Donovan Antonia,0.00,0.00,0.00,1.00,0.00,0.02,0.40
Donny Troconis,0.00,0.00,0.00,1.00,0.00,0.02,0.40
Donal Montas,0.00,0.00,0.00,1.00,0.00,0.02,0.40
Dominic Pitelli,0.00,0.00,0.00,1.00,0.00,0.02,0.40
Dominic Pipkin,0.00,0.00,0.00,1.00,0.00,0.02,0.40
Dominic Perachi,0.00,0.00,0.00,1.00,0.00,0.02,0.40
Dominic Miroglio,0.00,0.00,0.00,1.00,0.00,0.02,0.40
Dominic Keegan,0.00,0.00,0.00,1.00,0.00,0.02,0.40
Dominic Hambley,0.00,0.00,0.00,1.00,0.00,0.02,0.40
Drew Compton,0.00,0.00,0.00,1.00,0.00,0.02,0.40
Drew Conover,0.00,0.00,0.00,1.00,0.00,0.02,0.40
Drew Dowd,0.00,0.00,0.00,1.00,0.00,0.02,0.40
Drew Sommers,0.00,0.00,0.00,1.00,0.00,0.02,0.40
Duncan Snider,0.00,0.00,0.00,1.00,0.00,0.02,0.40
Duncan Garcia,0.00,0.00,0.00,1.00,0.00,0.02,0.40
Duncan Davitt,0.00,0.00,0.00,1.00,0.00,0.02,0.40
Duke Ellis,0.00,0.00,0.00,1.00,0.00,0.02,0.40
Dugan Darnell,0.00,0.00,0.00,1.00,0.00,0.02,0.40
Duane Underwood Jr.,0.00,0.00,0.00,1.00,0.00,0.02,0.40
Dualvert Gutierrez,0.00,0.00,0.00,1.00,0.00,0.02,0.40
Druw Jones,0.00,0.00,0.00,1.00,0.00,0.02,0.40
Dru Baker,0.00,0.00,0.00,1.00,0.00,0.02,0.40
Drew VerHagen,0.00,0.00,0.00,1.00,0.00,0.02,0.40
Drew Swift,0.00,0.00,0.00,1.00,0.00,0.02,0.40
Drew Strotman,0.00,0.00,0.00,1.00,0.00,0.02,0.40
Drew Steckenrider,0.00,0.00,0.00,1.00,0.00,0.02,0.40
Drew Rucinski,0.00,0.00,0.00,1.00,0.00,0.02,0.40
Drew Ehrhard,0.00,0.00,0.00,1.00,0.00,0.02,0.40
Drew Parrish,0.00,0.00,0.00,1.00,0.00,0.02,0.40
Drew Mount,0.00,0.00,0.00,1.00,0.00,0.02,0.40
Drew Mendoza,0.00,0.00,0.00,1.00,0.00,0.02,0.40
Drew McDaniel,0.00,0.00,0.00,1.00,0.00,0.02,0.40
Drew Maggi,0.00,0.00,0.00,1.00,0.00,0.02,0.40
Drew Lugbauer,0.00,0.00,0.00,1.00,0.00,0.02,0.40
Drew Jackson,0.00,0.00,0.00,1.00,0.00,0.02,0.40
Drew Irvine,0.00,0.00,0.00,1.00,0.00,0.02,0.40
Drew Hutchison,0.00,0.00,0.00,1.00,0.00,0.02,0.40
Drew Gray,0.00,0.00,0.00,1.00,0.00,0.02,0.40
Drew Gilbert,0.00,0.00,0.00,1.00,0.00,0.02,0.40
Drew Garrett,0.00,0.00,0.00,1.00,0.00,0.02,0.40
Drew Ellis,0.00,0.00,0.00,1.00,0.00,0.02,0.40
Edgar Alfonso,0.00,0.00,0.00,1.00,0.00,0.02,0.40
Edgar Alvarez,0.00,0.00,0.00,1.00,0.00,0.02,0.40
Edgar Barclay,0.00,0.00,0.00,1.00,0.00,0.02,0.40
Edward Florentino,0.00,0.00,0.00,1.00,0.00,0.02,0.40
Eiver Espinoza,0.00,0.00,0.00,1.00,0.00,0.02,0.40
Eiker Huizi,0.00,0.00,0.00,1.00,0.00,0.02,0.40
Eider Machuca,0.00,0.00,0.00,1.00,0.00,0.02,0.40
Ehire Adrianza,0.00,0.00,0.00,1.00,0.00,0.02,0.40
Efrenyer Narvaez,0.00,0.00,0.00,1.00,0.00,0.02,0.40
Efren Teran,0.00,0.00,0.00,1.00,0.00,0.02,0.40
Efrain Contreras,0.00,0.00,0.00,1.00,0.00,0.02,0.40
Edwuin Bencomo,0.00,0.00,0.00,1.00,0.00,0.02,0.40
Edwin Zamudio,0.00,0.00,0.00,1.00,0.00,0.02,0.40
Edwin Solano,0.00,0.00,0.00,1.00,0.00,0.02,0.40
Edwin Sanchez,0.00,0.00,0.00,1.00,0.00,0.02,0.40
Edwin Ríos,0.00,0.00,0.00,1.00,0.00,0.02,0.40
Edwin Rodriguez,0.00,0.00,0.00,1.00,0.00,0.02,0.40
Edwin Ramos,0.00,0.00,0.00,1.00,0.00,0.02,0.40
Edwin Nuñez,0.00,0.00,0.00,1.00,0.00,0.02,0.40
Edwin Moreno,0.00,0.00,0.00,1.00,0.00,0.02,0.40
Edwin Mateo,0.00,0.00,0.00,1.00,0.00,0.02,0.40
Edwin Jimenez,0.00,0.00,0.00,1.00,0.00,0.02,0.40
Edwin Gonzalez,0.00,0.00,0.00,1.00,0.00,0.02,0.40
Edwin Escobar,0.00,0.00,0.00,1.00,0.00,0.02,0.40
Edwin Darville,0.00,0.00,0.00,1.00,0.00,0.02,0.40
Edwin Cervantes,0.00,0.00,0.00,1.00,0.00,0.02,0.40
Edwin Brito,0.00,0.00,0.00,1.00,0.00,0.02,0.40
Edwin Barragan,0.00,0.00,0.00,1.00,0.00,0.02,0.40
Edwin Arroyo,0.00,0.00,0.00,1.00,0.00,0.02,0.40
Edwin Amparo,0.00,0.00,0.00,1.00,0.00,0.02,0.40
Edwarli Brioso,0.00,0.00,0.00,1.00,0.00,0.02,0.40
Edwardo Espinal,0.00,0.00,0.00,1.00,0.00,0.02,0.40
Edward Vargas,0.00,0.00,0.00,1.00,0.00,0.02,0.40
Eli Ankeney,0.00,0.00,0.00,1.00,0.00,0.02,0.40
Eli Lingos,0.00,0.00,0.00,1.00,0.00,0.02,0.40
Eli Saul,0.00,0.00,0.00,1.00,0.00,0.02,0.40
Eliecer Romero,0.00,0.00,0.00,1.00,0.00,0.02,0.40
Elijah Dunham,0.00,0.00,0.00,1.00,0.00,0.02,0.40
Elijah Dale,0.00,0.00,0.00,1.00,0.00,0.02,0.40
Elijah Cabell,0.00,0.00,0.00,1.00,0.00,0.02,0.40
Elijah Birdsong,0.00,0.00,0.00,1.00,0.00,0.02,0.40
Elih Marrero,0.00,0.00,0.00,1.00,0.00,0.02,0.40
Eligio Paredes,0.00,0.00,0.00,1.00,0.00,0.02,0.40
Eliezer Pena,0.00,0.00,0.00,1.00,0.00,0.02,0.40
Eliezer Alfonzo,0.00,0.00,0.00,1.00,0.00,0.02,0.40
Eliezel Stevens,0.00,0.00,0.00,1.00,0.00,0.02,0.40
Elieser Hernández,0.00,0.00,0.00,1.00,0.00,0.02,0.40
Eliesel Santana,0.00,0.00,0.00,1.00,0.00,0.02,0.40
Eliesbert Alejos,0.00,0.00,0.00,1.00,0.00,0.02,0.40
Elier Hernandez,0.00,0.00,0.00,1.00,0.00,0.02,0.40
Eliecer Bata,0.00,0.00,0.00,1.00,0.00,0.02,0.40
Eli Villalobos,0.00,0.00,0.00,1.00,0.00,0.02,0.40
Eliazar Dishmey,0.00,0.00,0.00,1.00,0.00,0.02,0.40
Eliazar De Los Santos,0.00,0.00,0.00,1.00,0.00,0.02,0.40
Elias Reynoso,0.00,0.00,0.00,1.00,0.00,0.02,0.40
Elias Petiyan,0.00,0.00,0.00,1.00,0.00,0.02,0.40
Elias Medina,0.00,0.00,0.00,1.00,0.00,0.02,0.40
Eliander Alcalde,0.00,0.00,0.00,1.00,0.00,0.02,0.40
Elian Soto,0.00,0.00,0.00,1.00,0.00,0.02,0.40
Elian Serrata,0.00,0.00,0.00,1.00,0.00,0.02,0.40
Elian Rayo,0.00,0.00,0.00,1.00,0.00,0.02,0.40
Elian Garcia,0.00,0.00,0.00,1.00,0.00,0.02,0.40
Elian Cortorreal,0.00,0.00,0.00,1.00,0.00,0.02,0.40
Eliam Sandoval,0.00,0.00,0.00,1.00,0.00,0.02,0.40
Eli Wilson,0.00,0.00,0.00,1.00,0.00,0.02,0.40
Edward Lantigua,0.00,0.00,0.00,1.00,0.00,0.02,0.40
Edward Duran,0.00,0.00,0.00,1.00,0.00,0.02,0.40
Edgar Basabe,0.00,0.00,0.00,1.00,0.00,0.02,0.40
Edward De La Cruz,0.00,0.00,0.00,1.00,0.00,0.02,0.40
Eduar Segovia,0.00,0.00,0.00,1.00,0.00,0.02,0.40
Eduar Gonzalez,0.00,0.00,0.00,1.00,0.00,0.02,0.40
Edryn Rodriguez,0.00,0.00,0.00,1.00,0.00,0.02,0.40
Edrick Felix,0.00,0.00,0.00,1.00,0.00,0.02,0.40
Edrei Campos,0.00,0.00,0.00,1.00,0.00,0.02,0.40
Edison Suriel,0.00,0.00,0.00,1.00,0.00,0.02,0.40
Edison Mora,0.00,0.00,0.00,1.00,0.00,0.02,0.40
Edinzo Marquez,0.00,0.00,0.00,1.00,0.00,0.02,0.40
Edinson Valdespina,0.00,0.00,0.00,1.00,0.00,0.02,0.40
Edinson Salgado,0.00,0.00,0.00,1.00,0.00,0.02,0.40
Edinson Duran,0.00,0.00,0.00,1.00,0.00,0.02,0.40
Edinson Batista,0.00,0.00,0.00,1.00,0.00,0.02,0.40
Edgleen Perez,0.00,0.00,0.00,1.00,0.00,0.02,0.40
Edgardo Ordonez,0.00,0.00,0.00,1.00,0.00,0.02,0.40
Edgardo Ibarra,0.00,0.00,0.00,1.00,0.00,0.02,0.40
Edgardo De Leon,0.00,0.00,0.00,1.00,0.00,0.02,0.40
Edgar Santana,0.00,0.00,0.00,1.00,0.00,0.02,0.40
Edgar Sanchez,0.00,0.00,0.00,1.00,0.00,0.02,0.40
Edgar Portes,0.00,0.00,0.00,1.00,0.00,0.02,0.40
Edgar Navarro,0.00,0.00,0.00,1.00,0.00,0.02,0.40
Edgar Mota,0.00,0.00,0.00,1.00,0.00,0.02,0.40
Edgar Moreta,0.00,0.00,0.00,1.00,0.00,0.02,0.40
Edgar Montero,0.00,0.00,0.00,1.00,0.00,0.02,0.40
Edgar Manzo,0.00,0.00,0.00,1.00,0.00,0.02,0.40
Edgar Lugo,0.00,0.00,0.00,1.00,0.00,0.02,0.40
Edgar Leon,0.00,0.00,0.00,1.00,0.00,0.02,0.40
Edgar Isea,0.00,0.00,0.00,1.00,0.00,0.02,0.40
Edgar García,0.00,0.00,0.00,1.00,0.00,0.02,0.40
Edgar Escobar,0.00,0.00,0.00,1.00,0.00,0.02,0.40
Eduard Monroy,0.00,0.00,0.00,1.00,0.00,0.02,0.40
Eduardo Acevedo,0.00,0.00,0.00,1.00,0.00,0.02,0.40
Eduardo Beltre,0.00,0.00,0.00,1.00,0.00,0.02,0.40
Eduardo Soriano,0.00,0.00,0.00,1.00,0.00,0.02,0.40
Edward Cedano,0.00,0.00,0.00,1.00,0.00,0.02,0.40
Edward Baram,0.00,0.00,0.00,1.00,0.00,0.02,0.40
Edwar Polimir,0.00,0.00,0.00,1.00,0.00,0.02,0.40
Edwar Colina,0.00,0.00,0.00,1.00,0.00,0.02,0.40
Edwar Chirinos,0.00,0.00,0.00,1.00,0.00,0.02,0.40
Eduarqui Fernandez,0.00,0.00,0.00,1.00,0.00,0.02,0.40
Eduarniel Nunez,0.00,0.00,0.00,1.00,0.00,0.02,0.40
Eduarlin Tejeda,0.00,0.00,0.00,1.00,0.00,0.02,0.40
Eduardo Zapata,0.00,0.00,0.00,1.00,0.00,0.02,0.40
Eduardo Valencia,0.00,0.00,0.00,1.00,0.00,0.02,0.40
Eduardo Tovar,0.00,0.00,0.00,1.00,0.00,0.02,0.40
Eduardo Torrealba,0.00,0.00,0.00,1.00,0.00,0.02,0.40
Eduardo Tait,0.00,0.00,0.00,1.00,0.00,0.02,0.40
Eduardo Rojas,0.00,0.00,0.00,1.00,0.00,0.02,0.40
Eduardo Diaz,0.00,0.00,0.00,1.00,0.00,0.02,0.40
Eduardo Robles,0.00,0.00,0.00,1.00,0.00,0.02,0.40
Eduardo Rivera,0.00,0.00,0.00,1.00,0.00,0.02,0.40
Eduardo Quintero,0.00,0.00,0.00,1.00,0.00,0.02,0.40
Eduardo Ponce,0.00,0.00,0.00,1.00,0.00,0.02,0.40
Eduardo Perez,0.00,0.00,0.00,1.00,0.00,0.02,0.40
Eduardo Oviedo,0.00,0.00,0.00,1.00,0.00,0.02,0.40
Eduardo Montero,0.00,0.00,0.00,1.00,0.00,0.02,0.40
Eduardo Lopez,0.00,0.00,0.00,1.00,0.00,0.02,0.40
Eduardo Herrera,0.00,0.00,0.00,1.00,0.00,0.02,0.40
Eduardo Guerrero,0.00,0.00,0.00,1.00,0.00,0.02,0.40
Eduardo Garcia,0.00,0.00,0.00,1.00,0.00,0.02,0.40
Eduardo Fernandez,0.00,0.00,0.00,1.00,0.00,0.02,0.40
Eduardo Escobar,0.00,0.00,0.00,1.00,0.00,0.02,0.40
Fernando Abad,0.00,0.00,0.00,1.00,0.00,0.02,0.40
Fernando Caldera,0.00,0.00,0.00,1.00,0.00,0.02,0.40
Fernando Diaz,0.00,0.00,0.00,1.00,0.00,0.02,0.40
Harrison Spohn,0.00,0.00,0.00,1.00,0.00,0.02,0.40
Harrison Cohen,0.00,0.00,0.00,1.00,0.00,0.02,0.40
Harrison Beethe,0.00,0.00,0.00,1.00,0.00,0.02,0.40
Harold Melenge,0.00,0.00,0.00,1.00,0.00,0.02,0.40
Harold Grant,0.00,0.00,0.00,1.00,0.00,0.02,0.40
Harold Gonzalez,0.00,0.00,0.00,1.00,0.00,0.02,0.40
Harold Cortijo,0.00,0.00,0.00,1.00,0.00,0.02,0.40
Harold Chirino,0.00,0.00,0.00,1.00,0.00,0.02,0.40
Harold Castro,0.00,0.00,0.00,1.00,0.00,0.02,0.40
Harol González,0.00,0.00,0.00,1.00,0.00,0.02,0.40
Harol Arias,0.00,0.00,0.00,1.00,0.00,0.02,0.40
Harif Frias,0.00,0.00,0.00,1.00,0.00,0.02,0.40
Hanser Alberto,0.00,0.00,0.00,1.00,0.00,0.02,0.40
Hansen Butler,0.00,0.00,0.00,1.00,0.00,0.02,0.40
Hansel Rosario,0.00,0.00,0.00,1.00,0.00,0.02,0.40
Hansel Robles,0.00,0.00,0.00,1.00,0.00,0.02,0.40
Hansel Rincon,0.00,0.00,0.00,1.00,0.00,0.02,0.40
Hans Montero,0.00,0.00,0.00,1.00,0.00,0.02,0.40
Haniel German,0.00,0.00,0.00,1.00,0.00,0.02,0.40
Hanfermin Vargas,0.00,0.00,0.00,1.00,0.00,0.02,0.40
Handelfry Encarnacion,0.00,0.00,0.00,1.00,0.00,0.02,0.40
Hancel Rincon,0.00,0.00,0.00,1.00,0.00,0.02,0.40
Hamlet Marte,0.00,0.00,0.00,1.00,0.00,0.02,0.40
Hamlet Garcia,0.00,0.00,0.00,1.00,0.00,0.02,0.40
Haminton Mendez,0.00,0.00,0.00,1.00,0.00,0.02,0.40
Hader Blanco,0.00,0.00,0.00,1.00,0.00,0.02,0.40
Haden Erbe,0.00,0.00,0.00,1.00,0.00,0.02,0.40
Guy Lipscomb,0.00,0.00,0.00,1.00,0.00,0.02,0.40
Gustavo Rodriguez,0.00,0.00,0.00,1.00,0.00,0.02,0.40
Gustavo Rivas,0.00,0.00,0.00,1.00,0.00,0.02,0.40
Harrison Durow,0.00,0.00,0.00,1.00,0.00,0.02,0.40
Harrison Wenson,0.00,0.00,0.00,1.00,0.00,0.02,0.40
Gleider Figuereo,0.00,0.00,0.00,1.00,0.00,0.02,0.40
Harry Gustin,0.00,0.00,0.00,1.00,0.00,0.02,0.40
Hector Perez,0.00,0.00,0.00,1.00,0.00,0.02,0.40
Hector Osorio,0.00,0.00,0.00,1.00,0.00,0.02,0.40
Hector Nieves,0.00,0.00,0.00,1.00,0.00,0.02,0.40
Hector Liriano,0.00,0.00,0.00,1.00,0.00,0.02,0.40
Hector Campusano,0.00,0.00,0.00,1.00,0.00,0.02,0.40
Heath Holder,0.00,0.00,0.00,1.00,0.00,0.02,0.40
Heath Hembree,0.00,0.00,0.00,1.00,0.00,0.02,0.40
Hazahel Quijada,0.00,0.00,0.00,1.00,0.00,0.02,0.40
Hayrol Done,0.00,0.00,0.00,1.00,0.00,0.02,0.40
Haylen Green,0.00,0.00,0.00,1.00,0.00,0.02,0.40
Hayes Heinecke,0.00,0.00,0.00,1.00,0.00,0.02,0.40
Haydn McGeary,0.00,0.00,0.00,1.00,0.00,0.02,0.40
Hayder Ortiz,0.00,0.00,0.00,1.00,0.00,0.02,0.40
Hayden Wynja,0.00,0.00,0.00,1.00,0.00,0.02,0.40
Hayden Snelsire,0.00,0.00,0.00,1.00,0.00,0.02,0.40
Hayden Senger,0.00,0.00,0.00,1.00,0.00,0.02,0.40
Hayden Seig,0.00,0.00,0.00,1.00,0.00,0.02,0.40
Hayden Nierman,0.00,0.00,0.00,1.00,0.00,0.02,0.40
Hayden Mullins,0.00,0.00,0.00,1.00,0.00,0.02,0.40
Hayden Minton,0.00,0.00,0.00,1.00,0.00,0.02,0.40
Hayden Merda,0.00,0.00,0.00,1.00,0.00,0.02,0.40
Hayden Jones,0.00,0.00,0.00,1.00,0.00,0.02,0.40
Hayden Durke,0.00,0.00,0.00,1.00,0.00,0.02,0.40
Hayden Deal,0.00,0.00,0.00,1.00,0.00,0.02,0.40
Hayden Cantrelle,0.00,0.00,0.00,1.00,0.00,0.02,0.40
Hayden Alvarez,0.00,0.00,0.00,1.00,0.00,0.02,0.40
Harvin Mendoza,0.00,0.00,0.00,1.00,0.00,0.02,0.40
Harry Rutkowski,0.00,0.00,0.00,1.00,0.00,0.02,0.40
Harry Owen,0.00,0.00,0.00,1.00,0.00,0.02,0.40
Gustavo Marquez,0.00,0.00,0.00,1.00,0.00,0.02,0.40
Gustavo Del Pozo,0.00,0.00,0.00,1.00,0.00,0.02,0.40
Gustavo Beltran,0.00,0.00,0.00,1.00,0.00,0.02,0.40
Gustavo Armas,0.00,0.00,0.00,1.00,0.00,0.02,0.40
Grayson Thurman,0.00,0.00,0.00,1.00,0.00,0.02,0.40
Grayson Moore,0.00,0.00,0.00,1.00,0.00,0.02,0.40
Graysen Tarlow,0.00,0.00,0.00,1.00,0.00,0.02,0.40
Gray Fenter,0.00,0.00,0.00,1.00,0.00,0.02,0.40
Grant Witherspoon,0.00,0.00,0.00,1.00,0.00,0.02,0.40
Grant Williams,0.00,0.00,0.00,1.00,0.00,0.02,0.40
Grant Rogers,0.00,0.00,0.00,1.00,0.00,0.02,0.40
Grant Richardson,0.00,0.00,0.00,1.00,0.00,0.02,0.40
Grant Lavigne,0.00,0.00,0.00,1.00,0.00,0.02,0.40
Grant Koch,0.00,0.00,0.00,1.00,0.00,0.02,0.40
Grant Kipp,0.00,0.00,0.00,1.00,0.00,0.02,0.40
Grant Judkins,0.00,0.00,0.00,1.00,0.00,0.02,0.40
Grant Gavin,0.00,0.00,0.00,1.00,0.00,0.02,0.40
Grant Gambrell,0.00,0.00,0.00,1.00,0.00,0.02,0.40
Grant Ford,0.00,0.00,0.00,1.00,0.00,0.02,0.40
Grant Dayton,0.00,0.00,0.00,1.00,0.00,0.02,0.40
Grant Black,0.00,0.00,0.00,1.00,0.00,0.02,0.40
Graham Spraker,0.00,0.00,0.00,1.00,0.00,0.02,0.40
Graham Osman,0.00,0.00,0.00,1.00,0.00,0.02,0.40
Graham Lawson,0.00,0.00,0.00,1.00,0.00,0.02,0.40
Graham Hoffman,0.00,0.00,0.00,1.00,0.00,0.02,0.40
Graham Firoved,0.00,0.00,0.00,1.00,0.00,0.02,0.40
Graeme Stinson,0.00,0.00,0.00,1.00,0.00,0.02,0.40
Grabiel Salazar,0.00,0.00,0.00,1.00,0.00,0.02,0.40
Gosuke Katoh,0.00,0.00,0.00,1.00,0.00,0.02,0.40
Godwin Bennett,0.00,0.00,0.00,1.00,0.00,0.02,0.40
Glenn Santiago,0.00,0.00,0.00,1.00,0.00,0.02,0.40
Glenn Otto,0.00,0.00,0.00,1.00,0.00,0.02,0.40
Glenn Albanese Jr.,0.00,0.00,0.00,1.00,0.00,0.02,0.40
Greg Allen,0.00,0.00,0.00,1.00,0.00,0.02,0.40
Greg Deichmann,0.00,0.00,0.00,1.00,0.00,0.02,0.40
Greg Holland,0.00,0.00,0.00,1.00,0.00,0.02,0.40
Griffin Cheney,0.00,0.00,0.00,1.00,0.00,0.02,0.40
Gunner Mayer,0.00,0.00,0.00,1.00,0.00,0.02,0.40
Gunnar Groen,0.00,0.00,0.00,1.00,0.00,0.02,0.40
Guillermo Williamson,0.00,0.00,0.00,1.00,0.00,0.02,0.40
Guillermo Rosario,0.00,0.00,0.00,1.00,0.00,0.02,0.40
Guillermo Rodriguez,0.00,0.00,0.00,1.00,0.00,0.02,0.40
Guillermo Heredia,0.00,0.00,0.00,1.00,0.00,0.02,0.40
Guillermo Batista,0.00,0.00,0.00,1.00,0.00,0.02,0.40
Guillermo Arvizu,0.00,0.00,0.00,1.00,0.00,0.02,0.40
Gueile Borrome,0.00,0.00,0.00,1.00,0.00,0.02,0.40
Griffin Roberts,0.00,0.00,0.00,1.00,0.00,0.02,0.40
Griffin McLarty,0.00,0.00,0.00,1.00,0.00,0.02,0.40
Griffin Lockwood-Powell,0.00,0.00,0.00,1.00,0.00,0.02,0.40
Griffin Doersching,0.00,0.00,0.00,1.00,0.00,0.02,0.40
Greyson Jenista,0.00,0.00,0.00,1.00,0.00,0.02,0.40
Gregori Arias,0.00,0.00,0.00,1.00,0.00,0.02,0.40
Greylin De La Paz,0.00,0.00,0.00,1.00,0.00,0.02,0.40
Greyber Altamirano,0.00,0.00,0.00,1.00,0.00,0.02,0.40
Greudis De Los Santos,0.00,0.00,0.00,1.00,0.00,0.02,0.40
Grenyerbert Velasquez,0.00,0.00,0.00,1.00,0.00,0.02,0.40
Greiber Mendez,0.00,0.00,0.00,1.00,0.00,0.02,0.40
Gregory Sanchez,0.00,0.00,0.00,1.00,0.00,0.02,0.40
Gregory Duran,0.00,0.00,0.00,1.00,0.00,0.02,0.40
Gregory Barrios,0.00,0.00,0.00,1.00,0.00,0.02,0.40
Gregoris Chalas,0.00,0.00,0.00,1.00,0.00,0.02,0.40
Gregori Vasquez,0.00,0.00,0.00,1.00,0.00,0.02,0.40
Gregori Montano,0.00,0.00,0.00,1.00,0.00,0.02,0.40
Gregori Louis,0.00,0.00,0.00,1.00,0.00,0.02,0.40
Gregori Cano,0.00,0.00,0.00,1.00,0.00,0.02,0.40
Hector Rodriguez,0.00,0.00,0.00,1.00,0.00,0.02,0.40
Hector Salas,0.00,0.00,0.00,1.00,0.00,0.02,0.40
Hedbert Perez,0.00,0.00,0.00,1.00,0.00,0.02,0.40
Hung-Leng Chang,0.00,0.00,0.00,1.00,0.00,0.02,0.40
Hyungchan Um,0.00,0.00,0.00,1.00,0.00,0.02,0.40
Hyun-il Choi,0.00,0.00,0.00,1.00,0.00,0.02,0.40
Hyun-Seok Jang,0.00,0.00,0.00,1.00,0.00,0.02,0.40
Hyun Soo Kim,0.00,0.00,0.00,1.00,0.00,0.02,0.40
Hyun Jin Ryu,0.00,0.00,0.00,1.00,0.00,0.02,0.40
Hyeon-Jong Yang,0.00,0.00,0.00,1.00,0.00,0.02,0.40
Hunter Wood,0.00,0.00,0.00,1.00,0.00,0.02,0.40
Hunter Stovall,0.00,0.00,0.00,1.00,0.00,0.02,0.40
Hunter Stanley,0.00,0.00,0.00,1.00,0.00,0.02,0.40
Hunter Schryver,0.00,0.00,0.00,1.00,0.00,0.02,0.40
Hunter Riggins,0.00,0.00,0.00,1.00,0.00,0.02,0.40
Hunter Perdue,0.00,0.00,0.00,1.00,0.00,0.02,0.40
Hunter Peck,0.00,0.00,0.00,1.00,0.00,0.02,0.40
Hunter Patteson,0.00,0.00,0.00,1.00,0.00,0.02,0.40
Hunter Parsons,0.00,0.00,0.00,1.00,0.00,0.02,0.40
Hunter Parks,0.00,0.00,0.00,1.00,0.00,0.02,0.40
Hunter Owen,0.00,0.00,0.00,1.00,0.00,0.02,0.40
Hunter McMahon,0.00,0.00,0.00,1.00,0.00,0.02,0.40
Hunter Mann,0.00,0.00,0.00,1.00,0.00,0.02,0.40
Hunter Kublick,0.00,0.00,0.00,1.00,0.00,0.02,0.40
Hunter Hayes,0.00,0.00,0.00,1.00,0.00,0.02,0.40
Hunter Haas,0.00,0.00,0.00,1.00,0.00,0.02,0.40
Hunter Gregory,0.00,0.00,0.00,1.00,0.00,0.02,0.40
Hunter Furtado,0.00,0.00,0.00,1.00,0.00,0.02,0.40
Hunter Fitz-Gerald,0.00,0.00,0.00,1.00,0.00,0.02,0.40
Hunter Dula,0.00,0.00,0.00,1.00,0.00,0.02,0.40
Hunter Dozier,0.00,0.00,0.00,1.00,0.00,0.02,0.40
Hunter Dollander,0.00,0.00,0.00,1.00,0.00,0.02,0.40
Hunter Breault,0.00,0.00,0.00,1.00,0.00,0.02,0.40
Héctor Jiménez,0.00,0.00,0.00,1.00,0.00,0.02,0.40
Héctor Santiago,0.00,0.00,0.00,1.00,0.00,0.02,0.40
Ian Churchill,0.00,0.00,0.00,1.00,0.00,0.02,0.40
Ike Buxton,0.00,0.00,0.00,1.00,0.00,0.02,0.40
Irving Vazquez,0.00,0.00,0.00,1.00,0.00,0.02,0.40
Irving Lopez,0.00,0.00,0.00,1.00,0.00,0.02,0.40
Irving Igualas,0.00,0.00,0.00,1.00,0.00,0.02,0.40
Irving Cota,0.00,0.00,0.00,1.00,0.00,0.02,0.40
Irv Carter,0.00,0.00,0.00,1.00,0.00,0.02,0.40
Inohan Paniagua,0.00,0.00,0.00,1.00,0.00,0.02,0.40
Inmer Lobo,0.00,0.00,0.00,1.00,0.00,0.02,0.40
Indigo Diaz,0.00,0.00,0.00,1.00,0.00,0.02,0.40
Imanol Vargas,0.00,0.00,0.00,1.00,0.00,0.02,0.40
Ilvin Fernandez,0.00,0.00,0.00,1.00,0.00,0.02,0.40
Ilmerson Colon,0.00,0.00,0.00,1.00,0.00,0.02,0.40
Ilan Fernandez,0.00,0.00,0.00,1.00,0.00,0.02,0.40
Ike Schlabach,0.00,0.00,0.00,1.00,0.00,0.02,0.40
Ignacio Feliz,0.00,0.00,0.00,1.00,0.00,0.02,0.40
Ian Dawkins,0.00,0.00,0.00,1.00,0.00,0.02,0.40
Ignacio Briceno,0.00,0.00,0.00,1.00,0.00,0.02,0.40
Idalberto Santiesteban,0.00,0.00,0.00,1.00,0.00,0.02,0.40
Ichiro Cano,0.00,0.00,0.00,1.00,0.00,0.02,0.40
Ian Villers,0.00,0.00,0.00,1.00,0.00,0.02,0.40
Ian Petrutz,0.00,0.00,0.00,1.00,0.00,0.02,0.40
Ian Moller,0.00,0.00,0.00,1.00,0.00,0.02,0.40
Ian Mejia,0.00,0.00,0.00,1.00,0.00,0.02,0.40
Ian McKinney,0.00,0.00,0.00,1.00,0.00,0.02,0.40
Ian Lewis,0.00,0.00,0.00,1.00,0.00,0.02,0.40
Ian Krol,0.00,0.00,0.00,1.00,0.00,0.02,0.40
Ian Koenig,0.00,0.00,0.00,1.00,0.00,0.02,0.40
Ian Kennedy,0.00,0.00,0.00,1.00,0.00,0.02,0.40
Ian Foggo,0.00,0.00,0.00,1.00,0.00,0.02,0.40
Hunter Bishop,0.00,0.00,0.00,1.00,0.00,0.02,0.40
Humberto Tiberi,0.00,0.00,0.00,1.00,0.00,0.02,0.40
Heisell Baro,0.00,0.00,0.00,1.00,0.00,0.02,0.40
Humberto Mejía,0.00,0.00,0.00,1.00,0.00,0.02,0.40
Heriberto Hernandez,0.00,0.00,0.00,1.00,0.00,0.02,0.40
Heriberto Caraballo,0.00,0.00,0.00,1.00,0.00,0.02,0.40
Heribert Silva,0.00,0.00,0.00,1.00,0.00,0.02,0.40
Heribert Garcia,0.00,0.00,0.00,1.00,0.00,0.02,0.40
Herbert Iser,0.00,0.00,0.00,1.00,0.00,0.02,0.40
Herard Gonzalez,0.00,0.00,0.00,1.00,0.00,0.02,0.40
Henson Leal,0.00,0.00,0.00,1.00,0.00,0.02,0.40
Henry Williams,0.00,0.00,0.00,1.00,0.00,0.02,0.40
Henry Valencio,0.00,0.00,0.00,1.00,0.00,0.02,0.40
Henry Tejada,0.00,0.00,0.00,1.00,0.00,0.02,0.40
Henry Ramos,0.00,0.00,0.00,1.00,0.00,0.02,0.40
Henry Montilla,0.00,0.00,0.00,1.00,0.00,0.02,0.40
Henry Martinez,0.00,0.00,0.00,1.00,0.00,0.02,0.40
Henry Lalane,0.00,0.00,0.00,1.00,0.00,0.02,0.40
Henry Henry,0.00,0.00,0.00,1.00,0.00,0.02,0.40
Henry Guerrero,0.00,0.00,0.00,1.00,0.00,0.02,0.40
Henry Gomez,0.00,0.00,0.00,1.00,0.00,0.02,0.40
Henry Bolte,0.00,0.00,0.00,1.00,0.00,0.02,0.40
Henry Baez,0.00,0.00,0.00,1.00,0.00,0.02,0.40
Henrison Mota,0.00,0.00,0.00,1.00,0.00,0.02,0.40
Henniel Alcala,0.00,0.00,0.00,1.00,0.00,0.02,0.40
Hendry Nunez,0.00,0.00,0.00,1.00,0.00,0.02,0.40
Hendry Mendez,0.00,0.00,0.00,1.00,0.00,0.02,0.40
Hendry Chivilli,0.00,0.00,0.00,1.00,0.00,0.02,0.40
Hendrik Clementina,0.00,0.00,0.00,1.00,0.00,0.02,0.40
Helder Rosario,0.00,0.00,0.00,1.00,0.00,0.02,0.40
Helcris Olivarez,0.00,0.00,0.00,1.00,0.00,0.02,0.40
Heitor Tokar,0.00,0.00,0.00,1.00,0.00,0.02,0.40
Heison Sanchez,0.00,0.00,0.00,1.00,0.00,0.02,0.40
Heriberto Rincon,0.00,0.00,0.00,1.00,0.00,0.02,0.40
Herlinton Herrera,0.00,0.00,0.00,1.00,0.00,0.02,0.40
Hernán Pérez,0.00,0.00,0.00,1.00,0.00,0.02,0.40
Houston Harding,0.00,0.00,0.00,1.00,0.00,0.02,0.40
Humberto Castellanos,0.00,0.00,0.00,1.00,0.00,0.02,0.40
Hugo Villalobos,0.00,0.00,0.00,1.00,0.00,0.02,0.40
Hugo Sanchez,0.00,0.00,0.00,1.00,0.00,0.02,0.40
Hugo Beltran,0.00,0.00,0.00,1.00,0.00,0.02,0.40
Hugh Fisher,0.00,0.00,0.00,1.00,0.00,0.02,0.40
Hueston Morrill,0.00,0.00,0.00,1.00,0.00,0.02,0.40
Huei-Sheng Lin,0.00,0.00,0.00,1.00,0.00,0.02,0.40
Hudson Potts,0.00,0.00,0.00,1.00,0.00,0.02,0.40
Hudson Leach,0.00,0.00,0.00,1.00,0.00,0.02,0.40
Hudson Head,0.00,0.00,0.00,1.00,0.00,0.02,0.40
Hudson Haskin,0.00,0.00,0.00,1.00,0.00,0.02,0.40
Hoy Park,0.00,0.00,0.00,1.00,0.00,0.02,0.40
Houston Roth,0.00,0.00,0.00,1.00,0.00,0.02,0.40
Horacio Andujar,0.00,0.00,0.00,1.00,0.00,0.02,0.40
Heudy Pena,0.00,0.00,0.00,1.00,0.00,0.02,0.40
Homer Bush Jr.,0.00,0.00,0.00,1.00,0.00,0.02,0.40
Holt Jones,0.00,0.00,0.00,1.00,0.00,0.02,0.40
Holden Powell,0.00,0.00,0.00,1.00,0.00,0.02,0.40
Holden Laws,0.00,0.00,0.00,1.00,0.00,0.02,0.40
Holden Capps,0.00,0.00,0.00,1.00,0.00,0.02,0.40
Hojans Hernandez,0.00,0.00,0.00,1.00,0.00,0.02,0.40
Hogan Windish,0.00,0.00,0.00,1.00,0.00,0.02,0.40
Hobie Harris,0.00,0.00,0.00,1.00,0.00,0.02,0.40
Hiroyuki Nakajima,0.00,0.00,0.00,1.00,0.00,0.02,0.40
Hirokazu Sawamura,0.00,0.00,0.00,1.00,0.00,0.02,0.40
Hiro Wyatt,0.00,0.00,0.00,1.00,0.00,0.02,0.40
Hill Alexander,0.00,0.00,0.00,1.00,0.00,0.02,0.40
Hever Bueno,0.00,0.00,0.00,1.00,0.00,0.02,0.40
Gleiner Diaz,0.00,0.00,0.00,1.00,0.00,0.02,0.40
Givian Sirvania,0.00,0.00,0.00,1.00,0.00,0.02,0.40
Fernando Guanare,0.00,0.00,0.00,1.00,0.00,0.02,0.40
Fraynel Nova,0.00,0.00,0.00,1.00,0.00,0.02,0.40
Fraylin Suriel,0.00,0.00,0.00,1.00,0.00,0.02,0.40
Franyerson Reyes,0.00,0.00,0.00,1.00,0.00,0.02,0.40
Franyerber Montilla,0.00,0.00,0.00,1.00,0.00,0.02,0.40
Franyer Noria,0.00,0.00,0.00,1.00,0.00,0.02,0.40
Franyer Herrera,0.00,0.00,0.00,1.00,0.00,0.02,0.40
Franyelson Rodriguez,0.00,0.00,0.00,1.00,0.00,0.02,0.40
Franyel Diaz,0.00,0.00,0.00,1.00,0.00,0.02,0.40
Franny Cobos,0.00,0.00,0.00,1.00,0.00,0.02,0.40
Franmil Reyes,0.00,0.00,0.00,1.00,0.00,0.02,0.40
Franly Urena,0.00,0.00,0.00,1.00,0.00,0.02,0.40
Franklyn Moreta,0.00,0.00,0.00,1.00,0.00,0.02,0.40
Franklyn Kilome,0.00,0.00,0.00,1.00,0.00,0.02,0.40
Franklin Sanchez,0.00,0.00,0.00,1.00,0.00,0.02,0.40
Franklin Rojas,0.00,0.00,0.00,1.00,0.00,0.02,0.40
Franklin Pérez,0.00,0.00,0.00,1.00,0.00,0.02,0.40
Franklin Marquez,0.00,0.00,0.00,1.00,0.00,0.02,0.40
Franklin Labour,0.00,0.00,0.00,1.00,0.00,0.02,0.40
Franklin Gomez,0.00,0.00,0.00,1.00,0.00,0.02,0.40
Franklin Gil,0.00,0.00,0.00,1.00,0.00,0.02,0.40
Franklin De La Paz,0.00,0.00,0.00,1.00,0.00,0.02,0.40
Franklin Dacosta,0.00,0.00,0.00,1.00,0.00,0.02,0.40
Franklin Barreto,0.00,0.00,0.00,1.00,0.00,0.02,0.40
Franklin Arias,0.00,0.00,0.00,1.00,0.00,0.02,0.40
Frankie Tostado,0.00,0.00,0.00,1.00,0.00,0.02,0.40
Frankie Scalzo Jr.,0.00,0.00,0.00,1.00,0.00,0.02,0.40
Frankeli Mesta,0.00,0.00,0.00,1.00,0.00,0.02,0.40
Frankeli Arias,0.00,0.00,0.00,1.00,0.00,0.02,0.40
Frank Schwindel,0.00,0.00,0.00,1.00,0.00,0.02,0.40
Frank Rubio,0.00,0.00,0.00,1.00,0.00,0.02,0.40
Fraymi De Leon,0.00,0.00,0.00,1.00,0.00,0.02,0.40
Fred Schlichtholz,0.00,0.00,0.00,1.00,0.00,0.02,0.40
Giussepe Velasquez,0.00,0.00,0.00,1.00,0.00,0.02,0.40
Fred Villarreal,0.00,0.00,0.00,1.00,0.00,0.02,0.40
Gabe Matthews,0.00,0.00,0.00,1.00,0.00,0.02,0.40
Gabe Klobosits,0.00,0.00,0.00,1.00,0.00,0.02,0.40
Gabe Holt,0.00,0.00,0.00,1.00,0.00,0.02,0.40
Gabe Emmett,0.00,0.00,0.00,1.00,0.00,0.02,0.40
Gabe Bierman,0.00,0.00,0.00,1.00,0.00,0.02,0.40
GJ Hill,0.00,0.00,0.00,1.00,0.00,0.02,0.40
Félix Peña,0.00,0.00,0.00,1.00,0.00,0.02,0.40
Félix Paulino,0.00,0.00,0.00,1.00,0.00,0.02,0.40
Félix Amparo,0.00,0.00,0.00,1.00,0.00,0.02,0.40
Freylin Minyety,0.00,0.00,0.00,1.00,0.00,0.02,0.40
Freylin Garcia,0.00,0.00,0.00,1.00,0.00,0.02,0.40
Freuddy Batista,0.00,0.00,0.00,1.00,0.00,0.02,0.40
Frenny Grant,0.00,0.00,0.00,1.00,0.00,0.02,0.40
Frelianderson Seijas,0.00,0.00,0.00,1.00,0.00,0.02,0.40
Freilyn Silverio,0.00,0.00,0.00,1.00,0.00,0.02,0.40
Freilyn Guzman,0.00,0.00,0.00,1.00,0.00,0.02,0.40
Freili Encarnacion,0.00,0.00,0.00,1.00,0.00,0.02,0.40
Freiderman Aguilera,0.00,0.00,0.00,1.00,0.00,0.02,0.40
Freider Rojas,0.00,0.00,0.00,1.00,0.00,0.02,0.40
Frederik Jimenez,0.00,0.00,0.00,1.00,0.00,0.02,0.40
Frederick Bencosme,0.00,0.00,0.00,1.00,0.00,0.02,0.40
Frederic Garcia,0.00,0.00,0.00,1.00,0.00,0.02,0.40
Frederic Frias,0.00,0.00,0.00,1.00,0.00,0.02,0.40
Frederi Montero,0.00,0.00,0.00,1.00,0.00,0.02,0.40
Freddy Zamora,0.00,0.00,0.00,1.00,0.00,0.02,0.40
Freddy Tarnok,0.00,0.00,0.00,1.00,0.00,0.02,0.40
Freddy Pacheco,0.00,0.00,0.00,1.00,0.00,0.02,0.40
Freddy Guilamo,0.00,0.00,0.00,1.00,0.00,0.02,0.40
Freddery Paulino,0.00,0.00,0.00,1.00,0.00,0.02,0.40
Frank Rodriguez,0.00,0.00,0.00,1.00,0.00,0.02,0.40
Frank Nigro,0.00,0.00,0.00,1.00,0.00,0.02,0.40
Frank Mozzicato,0.00,0.00,0.00,1.00,0.00,0.02,0.40
Frank Moreno,0.00,0.00,0.00,1.00,0.00,0.02,0.40
Francis Peguero,0.00,0.00,0.00,1.00,0.00,0.02,0.40
Francis Marte,0.00,0.00,0.00,1.00,0.00,0.02,0.40
Francis Hernandez,0.00,0.00,0.00,1.00,0.00,0.02,0.40
Franchy Cordero,0.00,0.00,0.00,1.00,0.00,0.02,0.40
Franchely Silverio,0.00,0.00,0.00,1.00,0.00,0.02,0.40
Fran Castro,0.00,0.00,0.00,1.00,0.00,0.02,0.40
Fran Alduey,0.00,0.00,0.00,1.00,0.00,0.02,0.40
Frainyer Chavez,0.00,0.00,0.00,1.00,0.00,0.02,0.40
Frainger Aranguren,0.00,0.00,0.00,1.00,0.00,0.02,0.40
Frainer Mejias,0.00,0.00,0.00,1.00,0.00,0.02,0.40
Fraimin Marte,0.00,0.00,0.00,1.00,0.00,0.02,0.40
Frailin Yan,0.00,0.00,0.00,1.00,0.00,0.02,0.40
Foster Griffin,0.00,0.00,0.00,1.00,0.00,0.02,0.40
Forrest Wall,0.00,0.00,0.00,1.00,0.00,0.02,0.40
Ford Proctor,0.00,0.00,0.00,1.00,0.00,0.02,0.40
Florencio Serrano,0.00,0.00,0.00,1.00,0.00,0.02,0.40
Fitz Stadler,0.00,0.00,0.00,1.00,0.00,0.02,0.40
Fineas Del Bonta-Smith,0.00,0.00,0.00,1.00,0.00,0.02,0.40
Filippo Di Turi,0.00,0.00,0.00,1.00,0.00,0.02,0.40
Fidel Montero,0.00,0.00,0.00,1.00,0.00,0.02,0.40
Fernando Villalobos,0.00,0.00,0.00,1.00,0.00,0.02,0.40
Fernando Sanchez,0.00,0.00,0.00,1.00,0.00,0.02,0.40
Fernando Roquez,0.00,0.00,0.00,1.00,0.00,0.02,0.40
Fernando Perez,0.00,0.00,0.00,1.00,0.00,0.02,0.40
Fernando Peguero,0.00,0.00,0.00,1.00,0.00,0.02,0.40
Fernando Ortega,0.00,0.00,0.00,1.00,0.00,0.02,0.40
Fernando Olguin,0.00,0.00,0.00,1.00,0.00,0.02,0.40
Fernando Lozano,0.00,0.00,0.00,1.00,0.00,0.02,0.40
Fernando Hernandez,0.00,0.00,0.00,1.00,0.00,0.02,0.40
Francis Reynoso,0.00,0.00,0.00,1.00,0.00,0.02,0.40
Francis Rivera,0.00,0.00,0.00,1.00,0.00,0.02,0.40
Francis Texido,0.00,0.00,0.00,1.00,0.00,0.02,0.40
Francisco Urbaez,0.00,0.00,0.00,1.00,0.00,0.02,0.40
Frank Martinez,0.00,0.00,0.00,1.00,0.00,0.02,0.40
Frank Hernandez,0.00,0.00,0.00,1.00,0.00,0.02,0.40
Frank German,0.00,0.00,0.00,1.00,0.00,0.02,0.40
Frank Duncan,0.00,0.00,0.00,1.00,0.00,0.02,0.40
Frandy Rodriguez,0.00,0.00,0.00,1.00,0.00,0.02,0.40
Frandy Lafond,0.00,0.00,0.00,1.00,0.00,0.02,0.40
Frandy Duran,0.00,0.00,0.00,1.00,0.00,0.02,0.40
Franderly Morel,0.00,0.00,0.00,1.00,0.00,0.02,0.40
Frander Veras,0.00,0.00,0.00,1.00,0.00,0.02,0.40
Francys Peguero,0.00,0.00,0.00,1.00,0.00,0.02,0.40
Franco Willias,0.00,0.00,0.00,1.00,0.00,0.02,0.40
Franck De La Rosa,0.00,0.00,0.00,1.00,0.00,0.02,0.40
Francisco Vilorio,0.00,0.00,0.00,1.00,0.00,0.02,0.40
Francisco Pérez,0.00,0.00,0.00,1.00,0.00,0.02,0.40
Francisco Acuna,0.00,0.00,0.00,1.00,0.00,0.02,0.40
Francisco Pazos,0.00,0.00,0.00,1.00,0.00,0.02,0.40
Francisco Morao,0.00,0.00,0.00,1.00,0.00,0.02,0.40
Francisco Morales,0.00,0.00,0.00,1.00,0.00,0.02,0.40
Francisco Mercado,0.00,0.00,0.00,1.00,0.00,0.02,0.40
Francisco Mejía,0.00,0.00,0.00,1.00,0.00,0.02,0.40
Francisco Lucumi,0.00,0.00,0.00,1.00,0.00,0.02,0.40
Francisco Loreto,0.00,0.00,0.00,1.00,0.00,0.02,0.40
Francisco Hernandez,0.00,0.00,0.00,1.00,0.00,0.02,0.40
Francisco Garcia,0.00,0.00,0.00,1.00,0.00,0.02,0.40
Francisco Frias,0.00,0.00,0.00,1.00,0.00,0.02,0.40
Francisco Floyd,0.00,0.00,0.00,1.00,0.00,0.02,0.40
Francisco Del Valle,0.00,0.00,0.00,1.00,0.00,0.02,0.40
Francisco Caldera,0.00,0.00,0.00,1.00,0.00,0.02,0.40
Gabe Morales,0.00,0.00,0.00,1.00,0.00,0.02,0.40
Gabe Mosser,0.00,0.00,0.00,1.00,0.00,0.02,0.40
Gabe Starks,0.00,0.00,0.00,1.00,0.00,0.02,0.40
Garvin Alston,0.00,0.00,0.00,1.00,0.00,0.02,0.40
Gerardo Reyes,0.00,0.00,0.00,1.00,0.00,0.02,0.40
Gerardo Gutierrez,0.00,0.00,0.00,1.00,0.00,0.02,0.40
Gerardo Carrillo,0.00,0.00,0.00,1.00,0.00,0.02,0.40
Gerardo Abrego,0.00,0.00,0.00,1.00,0.00,0.02,0.40
Geralmi Santana,0.00,0.00,0.00,1.00,0.00,0.02,0.40
Geraldo Quintero,0.00,0.00,0.00,1.00,0.00,0.02,0.40
Geraldi Diaz,0.00,0.00,0.00,1.00,0.00,0.02,0.40
Gerald Ogando,0.00,0.00,0.00,1.00,0.00,0.02,0.40
Geovanny Planchart,0.00,0.00,0.00,1.00,0.00,0.02,0.40
George Wolkow,0.00,0.00,0.00,1.00,0.00,0.02,0.40
George Valera,0.00,0.00,0.00,1.00,0.00,0.02,0.40
George Lombard Jr.,0.00,0.00,0.00,1.00,0.00,0.02,0.40
George Klassen,0.00,0.00,0.00,1.00,0.00,0.02,0.40
George Feliz,0.00,0.00,0.00,1.00,0.00,0.02,0.40
Geoffrey Gilbert,0.00,0.00,0.00,1.00,0.00,0.02,0.40
Genderson Zapata,0.00,0.00,0.00,1.00,0.00,0.02,0.40
Genderson Almonte,0.00,0.00,0.00,1.00,0.00,0.02,0.40
Gemil Santa,0.00,0.00,0.00,1.00,0.00,0.02,0.40
Geison Urbaez,0.00,0.00,0.00,1.00,0.00,0.02,0.40
Geisel Cepeda,0.00,0.00,0.00,1.00,0.00,0.02,0.40
Gedionne Marlin,0.00,0.00,0.00,1.00,0.00,0.02,0.40
Gavin Stone,0.00,0.00,0.00,1.00,0.00,0.02,0.40
Gavin Logan,0.00,0.00,0.00,1.00,0.00,0.02,0.40
Gavin Dugas,0.00,0.00,0.00,1.00,0.00,0.02,0.40
Gavin Cross,0.00,0.00,0.00,1.00,0.00,0.02,0.40
Gavin Conticello,0.00,0.00,0.00,1.00,0.00,0.02,0.40
Gavin Collyer,0.00,0.00,0.00,1.00,0.00,0.02,0.40
Gavin Collins,0.00,0.00,0.00,1.00,0.00,0.02,0.40
Gary Mattis,0.00,0.00,0.00,1.00,0.00,0.02,0.40
Gerardo Rodriguez,0.00,0.00,0.00,1.00,0.00,0.02,0.40
Gerelmi Maldonado,0.00,0.00,0.00,1.00,0.00,0.02,0.40
Gerlin Rosario,0.00,0.00,0.00,1.00,0.00,0.02,0.40
Ghordy Santos,0.00,0.00,0.00,1.00,0.00,0.02,0.40
Gionti Turner,0.00,0.00,0.00,1.00,0.00,0.02,0.40
Giomar Diaz,0.00,0.00,0.00,1.00,0.00,0.02,0.40
Gio Arriera,0.00,0.00,0.00,1.00,0.00,0.02,0.40
Gino Groover,0.00,0.00,0.00,1.00,0.00,0.02,0.40
Gilberto Rojas,0.00,0.00,0.00,1.00,0.00,0.02,0.40
Gilberto Jimenez,0.00,0.00,0.00,1.00,0.00,0.02,0.40
Gilberto Chu,0.00,0.00,0.00,1.00,0.00,0.02,0.40
Gilberto Batista,0.00,0.00,0.00,1.00,0.00,0.02,0.40
Gilberto Alcala,0.00,0.00,0.00,1.00,0.00,0.02,0.40
Gilbert Lara,0.00,0.00,0.00,1.00,0.00,0.02,0.40
Gil Luna,0.00,0.00,0.00,1.00,0.00,0.02,0.40
Gianluca Dalatri,0.00,0.00,0.00,1.00,0.00,0.02,0.40
Gian Zapata,0.00,0.00,0.00,1.00,0.00,0.02,0.40
Geyber Blanco,0.00,0.00,0.00,1.00,0.00,0.02,0.40
German Fajardo,0.00,0.00,0.00,1.00,0.00,0.02,0.40
Geury Rodriguez,0.00,0.00,0.00,1.00,0.00,0.02,0.40
Geury Estevez,0.00,0.00,0.00,1.00,0.00,0.02,0.40
Geuri Lubo,0.00,0.00,0.00,1.00,0.00,0.02,0.40
Gery Holguin,0.00,0.00,0.00,1.00,0.00,0.02,0.40
Gerson Moreno,0.00,0.00,0.00,1.00,0.00,0.02,0.40
Gerson Calzadilla,0.00,0.00,0.00,1.00,0.00,0.02,0.40
Gerson Balbino,0.00,0.00,0.00,1.00,0.00,0.02,0.40
Geronimo Franzua,0.00,0.00,0.00,1.00,0.00,0.02,0.40
German Tapia,0.00,0.00,0.00,1.00,0.00,0.02,0.40
German Ramirez,0.00,0.00,0.00,1.00,0.00,0.02,0.40
German Ortiz,0.00,0.00,0.00,1.00,0.00,0.02,0.40
German Nunez,0.00,0.00,0.00,1.00,0.00,0.02,0.40
German Guilarte,0.00,0.00,0.00,1.00,0.00,0.02,0.40
Gary Gill Hill,0.00,0.00,0.00,1.00,0.00,0.02,0.40
Garrison Bryant,0.00,0.00,0.00,1.00,0.00,0.02,0.40
Gabriel Agostini,0.00,0.00,0.00,1.00,0.00,0.02,0.40
Garrett Wolforth,0.00,0.00,0.00,1.00,0.00,0.02,0.40
Gabriel Terrero,0.00,0.00,0.00,1.00,0.00,0.02,0.40
Gabriel Sosa,0.00,0.00,0.00,1.00,0.00,0.02,0.40
Gabriel Silva,0.00,0.00,0.00,1.00,0.00,0.02,0.40
Gabriel Sequeira,0.00,0.00,0.00,1.00,0.00,0.02,0.40
Gabriel Rodriguez,0.00,0.00,0.00,1.00,0.00,0.02,0.40
Gabriel Rincones Jr.,0.00,0.00,0.00,1.00,0.00,0.02,0.40
Gabriel Reyes,0.00,0.00,0.00,1.00,0.00,0.02,0.40
Gabriel Ponce,0.00,0.00,0.00,1.00,0.00,0.02,0.40
Gabriel Moncada,0.00,0.00,0.00,1.00,0.00,0.02,0.40
Gabriel Martinez,0.00,0.00,0.00,1.00,0.00,0.02,0.40
Gabriel Maciel,0.00,0.00,0.00,1.00,0.00,0.02,0.40
Gabriel Lopez,0.00,0.00,0.00,1.00,0.00,0.02,0.40
Gabriel Lara,0.00,0.00,0.00,1.00,0.00,0.02,0.40
Gabriel Jaramillo,0.00,0.00,0.00,1.00,0.00,0.02,0.40
Gabriel Jackson,0.00,0.00,0.00,1.00,0.00,0.02,0.40
Gabriel Hughes,0.00,0.00,0.00,1.00,0.00,0.02,0.40
Gabriel Hernandez,0.00,0.00,0.00,1.00,0.00,0.02,0.40
Gabriel Guanchez,0.00,0.00,0.00,1.00,0.00,0.02,0.40
Gabriel Gonzalez,0.00,0.00,0.00,1.00,0.00,0.02,0.40
Gabriel Gomes,0.00,0.00,0.00,1.00,0.00,0.02,0.40
Gabriel Cotto,0.00,0.00,0.00,1.00,0.00,0.02,0.40
Gabriel Colmenarez,0.00,0.00,0.00,1.00,0.00,0.02,0.40
Gabriel Cesa,0.00,0.00,0.00,1.00,0.00,0.02,0.40
Gabriel Cancel,0.00,0.00,0.00,1.00,0.00,0.02,0.40
Gabriel Bersing,0.00,0.00,0.00,1.00,0.00,0.02,0.40
Gabriel Barbosa,0.00,0.00,0.00,1.00,0.00,0.02,0.40
Gabriel Araujo,0.00,0.00,0.00,1.00,0.00,0.02,0.40
Gabriel Aguilera,0.00,0.00,0.00,1.00,0.00,0.02,0.40
Gabriel Agrazal,0.00,0.00,0.00,1.00,0.00,0.02,0.40
Gabriel Torres,0.00,0.00,0.00,1.00,0.00,0.02,0.40
Gabriel Yanez,0.00,0.00,0.00,1.00,0.00,0.02,0.40
Gage Canning,0.00,0.00,0.00,1.00,0.00,0.02,0.40
Garrett Hiott,0.00,0.00,0.00,1.00,0.00,0.02,0.40
Garrett Williams,0.00,0.00,0.00,1.00,0.00,0.02,0.40
Garrett Whitley,0.00,0.00,0.00,1.00,0.00,0.02,0.40
Garrett Stallings,0.00,0.00,0.00,1.00,0.00,0.02,0.40
Garrett Spain,0.00,0.00,0.00,1.00,0.00,0.02,0.40
Garrett Schoenle,0.00,0.00,0.00,1.00,0.00,0.02,0.40
Garrett Schilling,0.00,0.00,0.00,1.00,0.00,0.02,0.40
Garrett Richards,0.00,0.00,0.00,1.00,0.00,0.02,0.40
Garrett Ramsey,0.00,0.00,0.00,1.00,0.00,0.02,0.40
Garrett McMillan,0.00,0.00,0.00,1.00,0.00,0.02,0.40
Garrett McGowan,0.00,0.00,0.00,1.00,0.00,0.02,0.40
Garrett Martin,0.00,0.00,0.00,1.00,0.00,0.02,0.40
Garrett Leonard,0.00,0.00,0.00,1.00,0.00,0.02,0.40
Garrett Irvin,0.00,0.00,0.00,1.00,0.00,0.02,0.40
Garrett Hill,0.00,0.00,0.00,1.00,0.00,0.02,0.40
Gage Miller,0.00,0.00,0.00,1.00,0.00,0.02,0.40
Garrett Hawkins,0.00,0.00,0.00,1.00,0.00,0.02,0.40
Garrett Frechette,0.00,0.00,0.00,1.00,0.00,0.02,0.40
Garrett Farmer,0.00,0.00,0.00,1.00,0.00,0.02,0.40
Garrett Davila,0.00,0.00,0.00,1.00,0.00,0.02,0.40
Garrett Burhenn,0.00,0.00,0.00,1.00,0.00,0.02,0.40
Garrett Brown,0.00,0.00,0.00,1.00,0.00,0.02,0.40
Garrett Baumann,0.00,0.00,0.00,1.00,0.00,0.02,0.40
Garrett Apker,0.00,0.00,0.00,1.00,0.00,0.02,0.40
Garrett Acton,0.00,0.00,0.00,1.00,0.00,0.02,0.40
Garret Guillemette,0.00,0.00,0.00,1.00,0.00,0.02,0.40
Garret Forrester,0.00,0.00,0.00,1.00,0.00,0.02,0.40
Gaige Howard,0.00,0.00,0.00,1.00,0.00,0.02,0.40
Gage Stanifer,0.00,0.00,0.00,1.00,0.00,0.02,0.40
Óscar Mercado,0.00,0.00,0.00,1.00,0.00,0.02,0.40
